frame_ms,scripts_physics_ms,scripts_process_ms,guard_ai_ms,guard_presentation_ms,render_cpu_ms,render_gpu_ms,other_ms,physics_ticks,process_max1s_ms,physics_max1s_ms,navigation_max1s_ms,draw_calls,objects,primitives,static_mem_mb,video_mem_mb,object_count,node_count,orphan_nodes,physics_active,collision_pairs,nav_agents,guards_moving
5.9860,0.5600,0.3620,0.3020,0.1440,0.0000,0.0000,5.0640,1.0000,0.0000,0.0000,0.0000,0.0000,0.0000,0.0000,70.2201,0.0000,4405.0000,1755.0000,0.0000,25.0000,41.0000,24.0000,16.0000
2.1860,0.5730,0.3680,0.3220,0.1840,0.0000,0.0000,1.2450,1.0000,0.0000,0.0000,0.0000,0.0000,0.0000,0.0000,70.2404,0.0000,4407.0000,1755.0000,0.0000,25.0000,41.0000,24.0000,16.0000
2.1320,0.6100,0.4050,0.3040,0.1840,0.0000,0.0000,1.1170,1.0000,0.0000,0.0000,0.0000,0.0000,0.0000,0.0000,70.2513,0.0000,4408.0000,1755.0000,0.0000,25.0000,42.0000,24.0000,17.0000
1.9810,0.5410,0.3650,0.2990,0.1840,0.0000,0.0000,1.0750,1.0000,0.0000,0.0000,0.0000,0.0000,0.0000,0.0000,70.2507,0.0000,4408.0000,1755.0000,0.0000,25.0000,41.0000,24.0000,17.0000
2.1130,0.5200,0.4320,0.3190,0.2120,0.0000,0.0000,1.1610,1.0000,0.0000,0.0000,0.0000,0.0000,0.0000,0.0000,70.2611,0.0000,4409.0000,1755.0000,0.0000,25.0000,41.0000,24.0000,16.0000
1.9410,0.6040,0.3610,0.3610,0.1810,0.0000,0.0000,0.9760,1.0000,0.0000,0.0000,0.0000,0.0000,0.0000,0.0000,70.2617,0.0000,4409.0000,1755.0000,0.0000,25.0000,42.0000,24.0000,16.0000
1.9740,0.4980,0.3710,0.3010,0.1840,0.0000,0.0000,1.1050,1.0000,0.0000,0.0000,0.0000,0.0000,0.0000,0.0000,70.2611,0.0000,4409.0000,1755.0000,0.0000,25.0000,41.0000,24.0000,16.0000
2.0720,0.5220,0.3980,0.3200,0.2190,0.0000,0.0000,1.1520,1.0000,0.0000,0.0000,0.0000,0.0000,0.0000,0.0000,70.2714,0.0000,4410.0000,1755.0000,0.0000,25.0000,41.0000,24.0000,16.0000
2.5030,0.5550,0.5990,0.3170,0.2210,0.0000,0.0000,1.3490,1.0000,0.0000,0.0000,0.0000,0.0000,0.0000,0.0000,70.2927,0.0000,4412.0000,1755.0000,0.0000,25.0000,42.0000,24.0000,17.0000
2.3470,0.7370,0.4040,0.3910,0.2050,0.0000,0.0000,1.2060,1.0000,0.0000,0.0000,0.0000,0.0000,0.0000,0.0000,70.3333,0.0000,4416.0000,1755.0000,0.0000,25.0000,42.0000,24.0000,16.0000
2.5960,0.7600,0.3740,0.3800,0.1800,0.0000,0.0000,1.4620,1.0000,0.0000,0.0000,0.0000,0.0000,0.0000,0.0000,70.3437,0.0000,4417.0000,1755.0000,0.0000,25.0000,42.0000,24.0000,16.0000
2.3960,0.7480,0.5090,0.4340,0.2710,0.0000,0.0000,1.1390,1.0000,0.0000,0.0000,0.0000,0.0000,0.0000,0.0000,70.3649,0.0000,4419.0000,1755.0000,0.0000,25.0000,43.0000,24.0000,16.0000
2.3590,0.6640,0.3480,0.3320,0.1500,0.0000,0.0000,1.3470,1.0000,0.0000,0.0000,0.0000,0.0000,0.0000,0.0000,70.3642,0.0000,4419.0000,1755.0000,0.0000,25.0000,42.0000,24.0000,16.0000
2.3290,0.5710,0.5230,0.3600,0.2160,0.0000,0.0000,1.2350,1.0000,0.0000,0.0000,0.0000,0.0000,0.0000,0.0000,70.3629,0.0000,4419.0000,1755.0000,0.0000,25.0000,40.0000,24.0000,16.0000
2.0230,0.6290,0.3350,0.3440,0.1410,0.0000,0.0000,1.0590,1.0000,0.0000,0.0000,0.0000,0.0000,0.0000,0.0000,70.3629,0.0000,4419.0000,1755.0000,0.0000,25.0000,40.0000,24.0000,16.0000
2.0540,0.6260,0.3480,0.3620,0.1440,0.0000,0.0000,1.0800,1.0000,0.0000,0.0000,0.0000,0.0000,0.0000,0.0000,70.3619,0.0000,4419.0000,1755.0000,0.0000,25.0000,40.0000,24.0000,16.0000
2.3140,0.5820,0.4110,0.3400,0.1980,0.0000,0.0000,1.3210,1.0000,0.0000,0.0000,0.0000,0.0000,0.0000,0.0000,69.9193,0.0000,4376.0000,1755.0000,0.0000,25.0000,40.0000,24.0000,16.0000
2.3460,0.6780,0.4310,0.3870,0.2280,0.0000,0.0000,1.2370,1.0000,0.0000,0.0000,0.0000,0.0000,0.0000,0.0000,69.9304,0.0000,4377.0000,1755.0000,0.0000,25.0000,41.0000,24.0000,16.0000
2.2300,0.6990,0.4760,0.4550,0.2350,0.0000,0.0000,1.0550,1.0000,0.0000,0.0000,0.0000,0.0000,0.0000,0.0000,69.9312,0.0000,4377.0000,1755.0000,0.0000,25.0000,42.0000,24.0000,16.0000
2.1140,0.5760,0.3780,0.3360,0.1880,0.0000,0.0000,1.1600,1.0000,0.0000,0.0000,0.0000,0.0000,0.0000,0.0000,69.9408,0.0000,4378.0000,1755.0000,0.0000,25.0000,41.0000,24.0000,16.0000
2.1870,0.6520,0.4560,0.3780,0.2570,0.0000,0.0000,1.0790,1.0000,0.0000,0.0000,0.0000,0.0000,0.0000,0.0000,69.9525,0.0000,4379.0000,1755.0000,0.0000,25.0000,43.0000,24.0000,16.0000
1.9790,0.5840,0.3310,0.3310,0.1480,0.0000,0.0000,1.0640,1.0000,0.0000,0.0000,0.0000,0.0000,0.0000,0.0000,69.9532,0.0000,4379.0000,1755.0000,0.0000,25.0000,44.0000,24.0000,16.0000
2.0620,0.5560,0.4130,0.3520,0.1880,0.0000,0.0000,1.0930,1.0000,0.0000,0.0000,0.0000,0.0000,0.0000,0.0000,69.9629,0.0000,4380.0000,1755.0000,0.0000,25.0000,43.0000,24.0000,16.0000
1.9680,0.5470,0.3380,0.3190,0.1530,0.0000,0.0000,1.0830,1.0000,4.5230,186.8620,2.1160,0.0000,0.0000,0.0000,69.9636,0.0000,4380.0000,1755.0000,0.0000,25.0000,44.0000,24.0000,16.0000
2.0780,0.5000,0.3730,0.3160,0.1530,0.0000,0.0000,1.2050,1.0000,4.5230,186.8620,2.1160,0.0000,0.0000,0.0000,69.9636,0.0000,4380.0000,1755.0000,0.0000,25.0000,44.0000,24.0000,16.0000
2.3300,0.5020,0.4340,0.3180,0.2290,0.0000,0.0000,1.3940,1.0000,4.5230,186.8620,2.1160,0.0000,0.0000,0.0000,69.9636,0.0000,4380.0000,1755.0000,0.0000,25.0000,44.0000,24.0000,16.0000
2.0600,0.5410,0.4160,0.3340,0.1640,0.0000,0.0000,1.1030,1.0000,4.5230,186.8620,2.1160,0.0000,0.0000,0.0000,69.9629,0.0000,4380.0000,1755.0000,0.0000,25.0000,43.0000,24.0000,16.0000
2.0020,0.6120,0.3510,0.4000,0.1480,0.0000,0.0000,1.0390,1.0000,4.5230,186.8620,2.1160,0.0000,0.0000,0.0000,69.9629,0.0000,4380.0000,1755.0000,0.0000,25.0000,43.0000,24.0000,16.0000
2.0130,0.6010,0.3500,0.4070,0.1460,0.0000,0.0000,1.0620,1.0000,4.5230,186.8620,2.1160,0.0000,0.0000,0.0000,69.9636,0.0000,4380.0000,1755.0000,0.0000,25.0000,44.0000,24.0000,15.0000
2.0090,0.5880,0.3470,0.4050,0.1490,0.0000,0.0000,1.0740,1.0000,4.5230,186.8620,2.1160,0.0000,0.0000,0.0000,69.9640,0.0000,4381.0000,1755.0000,0.0000,25.0000,44.0000,24.0000,15.0000
2.2220,0.5900,0.3880,0.4110,0.1840,0.0000,0.0000,1.2440,1.0000,4.5230,186.8620,2.1160,0.0000,0.0000,0.0000,69.9735,0.0000,4382.0000,1755.0000,0.0000,25.0000,43.0000,24.0000,15.0000
2.1930,0.6240,0.3650,0.3560,0.1580,0.0000,0.0000,1.2040,1.0000,4.5230,186.8620,2.1160,0.0000,0.0000,0.0000,69.9735,0.0000,4382.0000,1755.0000,0.0000,25.0000,43.0000,24.0000,15.0000
2.2520,0.6320,0.4040,0.3740,0.1980,0.0000,0.0000,1.2160,1.0000,4.5230,186.8620,2.1160,0.0000,0.0000,0.0000,69.9839,0.0000,4383.0000,1755.0000,0.0000,25.0000,43.0000,24.0000,15.0000
2.4050,0.6000,0.4430,0.3420,0.2350,0.0000,0.0000,1.3620,1.0000,4.5230,186.8620,2.1160,0.0000,0.0000,0.0000,69.9948,0.0000,4384.0000,1755.0000,0.0000,25.0000,44.0000,24.0000,15.0000
2.3790,0.7550,0.4770,0.4580,0.2700,0.0000,0.0000,1.1470,1.0000,4.5230,186.8620,2.1160,0.0000,0.0000,0.0000,69.9942,0.0000,4384.0000,1755.0000,0.0000,25.0000,43.0000,24.0000,15.0000
2.2520,0.5630,0.4980,0.3330,0.2350,0.0000,0.0000,1.1910,1.0000,4.5230,186.8620,2.1160,0.0000,0.0000,0.0000,70.0052,0.0000,4385.0000,1755.0000,0.0000,25.0000,44.0000,24.0000,15.0000
2.2760,0.5730,0.4440,0.3470,0.2430,0.0000,0.0000,1.2590,1.0000,4.5230,186.8620,2.1160,0.0000,0.0000,0.0000,70.0357,0.0000,4388.0000,1755.0000,0.0000,25.0000,44.0000,24.0000,15.0000
2.1430,0.6970,0.3540,0.3960,0.1470,0.0000,0.0000,1.0920,1.0000,4.5230,186.8620,2.1160,0.0000,0.0000,0.0000,70.0361,0.0000,4389.0000,1755.0000,0.0000,25.0000,44.0000,24.0000,15.0000
2.1170,0.5910,0.3440,0.4030,0.1450,0.0000,0.0000,1.1820,1.0000,4.5230,186.8620,2.1160,0.0000,0.0000,0.0000,70.0355,0.0000,4389.0000,1755.0000,0.0000,25.0000,43.0000,24.0000,15.0000
2.3250,0.6180,0.4070,0.3800,0.2020,0.0000,0.0000,1.3000,1.0000,4.5230,186.8620,2.1160,0.0000,0.0000,0.0000,70.0451,0.0000,4390.0000,1755.0000,0.0000,25.0000,42.0000,24.0000,15.0000
2.2750,0.6180,0.3670,0.3580,0.1550,0.0000,0.0000,1.2900,1.0000,4.5230,186.8620,2.1160,0.0000,0.0000,0.0000,70.0451,0.0000,4390.0000,1755.0000,0.0000,25.0000,42.0000,24.0000,15.0000
2.1220,0.6570,0.3840,0.4540,0.1640,0.0000,0.0000,1.0810,1.0000,4.5230,186.8620,2.1160,0.0000,0.0000,0.0000,70.0452,0.0000,4390.0000,1755.0000,0.0000,25.0000,42.0000,24.0000,15.0000
2.1780,0.5560,0.3440,0.3760,0.1560,0.0000,0.0000,1.2780,1.0000,4.5230,186.8620,2.1160,0.0000,0.0000,0.0000,70.0452,0.0000,4390.0000,1755.0000,0.0000,25.0000,42.0000,24.0000,15.0000
2.3050,0.6250,0.4350,0.3890,0.2360,0.0000,0.0000,1.2450,1.0000,4.5230,186.8620,2.1160,0.0000,0.0000,0.0000,70.0657,0.0000,4392.0000,1755.0000,0.0000,25.0000,42.0000,24.0000,15.0000
2.3040,0.6400,0.3790,0.3220,0.1470,0.0000,0.0000,1.2850,1.0000,4.5230,186.8620,2.1160,0.0000,0.0000,0.0000,70.0662,0.0000,4392.0000,1755.0000,0.0000,25.0000,42.0000,24.0000,16.0000
2.3010,0.6030,0.3900,0.4030,0.2140,0.0000,0.0000,1.3080,1.0000,4.5230,186.8620,2.1160,0.0000,0.0000,0.0000,70.0766,0.0000,4393.0000,1755.0000,0.0000,25.0000,42.0000,24.0000,16.0000
2.1200,0.5990,0.3290,0.3740,0.1380,0.0000,0.0000,1.1920,1.0000,4.5230,186.8620,2.1160,0.0000,0.0000,0.0000,70.0766,0.0000,4393.0000,1755.0000,0.0000,25.0000,42.0000,24.0000,16.0000
2.3250,0.6220,0.3730,0.4330,0.1800,0.0000,0.0000,1.3300,1.0000,4.5230,186.8620,2.1160,0.0000,0.0000,0.0000,70.0766,0.0000,4393.0000,1755.0000,0.0000,25.0000,42.0000,24.0000,15.0000
2.1230,0.6070,0.3670,0.3530,0.1690,0.0000,0.0000,1.1490,1.0000,4.5230,186.8620,2.1160,0.0000,0.0000,0.0000,70.0766,0.0000,4393.0000,1755.0000,0.0000,25.0000,42.0000,24.0000,15.0000
2.2400,0.5120,0.4040,0.3230,0.2040,0.0000,0.0000,1.3240,1.0000,4.5230,186.8620,2.1160,0.0000,0.0000,0.0000,70.0767,0.0000,4393.0000,1755.0000,0.0000,25.0000,42.0000,24.0000,16.0000
3.5070,0.6760,0.3840,0.4860,0.1630,0.0000,0.0000,2.4470,1.0000,4.5230,186.8620,2.1160,0.0000,0.0000,0.0000,70.0774,0.0000,4393.0000,1755.0000,0.0000,25.0000,43.0000,24.0000,16.0000
2.4180,0.8190,0.3650,0.5330,0.1540,0.0000,0.0000,1.2340,1.0000,4.5230,186.8620,2.1160,0.0000,0.0000,0.0000,70.0781,0.0000,4393.0000,1755.0000,0.0000,25.0000,44.0000,24.0000,16.0000
2.3500,0.5780,0.4870,0.3640,0.2470,0.0000,0.0000,1.2850,1.0000,4.5230,186.8620,2.1160,0.0000,0.0000,0.0000,70.0877,0.0000,4394.0000,1755.0000,0.0000,25.0000,43.0000,24.0000,16.0000
2.2060,0.6930,0.3760,0.3670,0.1740,0.0000,0.0000,1.1370,1.0000,4.5230,186.8620,2.1160,0.0000,0.0000,0.0000,70.0986,0.0000,4395.0000,1755.0000,0.0000,25.0000,44.0000,24.0000,16.0000
2.4370,0.6210,0.4780,0.3470,0.2780,0.0000,0.0000,1.3380,1.0000,4.5230,186.8620,2.1160,0.0000,0.0000,0.0000,70.1292,0.0000,4398.0000,1755.0000,0.0000,25.0000,44.0000,24.0000,17.0000
2.3150,0.7580,0.4300,0.3840,0.1950,0.0000,0.0000,1.1270,1.0000,4.5230,186.8620,2.1160,0.0000,0.0000,0.0000,70.1508,0.0000,4400.0000,1755.0000,0.0000,25.0000,45.0000,24.0000,17.0000
2.1730,0.6630,0.3640,0.3950,0.1490,0.0000,0.0000,1.1460,1.0000,4.5230,186.8620,2.1160,0.0000,0.0000,0.0000,70.1509,0.0000,4400.0000,1755.0000,0.0000,25.0000,45.0000,24.0000,17.0000
2.0570,0.6400,0.3350,0.3700,0.1450,0.0000,0.0000,1.0820,1.0000,4.5230,186.8620,2.1160,0.0000,0.0000,0.0000,70.1511,0.0000,4400.0000,1755.0000,0.0000,25.0000,45.0000,24.0000,17.0000
2.0330,0.5850,0.3540,0.3460,0.1460,0.0000,0.0000,1.0940,1.0000,4.5230,186.8620,2.1160,0.0000,0.0000,0.0000,70.1508,0.0000,4400.0000,1755.0000,0.0000,25.0000,45.0000,24.0000,17.0000
2.2730,0.5680,0.3830,0.3560,0.1980,0.0000,0.0000,1.3220,1.0000,4.5230,186.8620,2.1160,0.0000,0.0000,0.0000,69.8736,0.0000,4373.0000,1755.0000,0.0000,25.0000,45.0000,24.0000,17.0000
2.1810,0.7000,0.3860,0.3910,0.2040,0.0000,0.0000,1.0950,1.0000,4.5230,186.8620,2.1160,0.0000,0.0000,0.0000,69.8771,0.0000,4374.0000,1755.0000,0.0000,25.0000,45.0000,24.0000,17.0000
2.5580,0.6280,0.3890,0.4490,0.1660,0.0000,0.0000,1.5410,1.0000,4.5230,186.8620,2.1160,0.0000,0.0000,0.0000,69.8762,0.0000,4374.0000,1755.0000,0.0000,25.0000,45.0000,24.0000,16.0000
2.9910,0.8000,0.8460,0.5650,0.6170,0.0000,0.0000,1.3450,1.0000,4.5230,186.8620,2.1160,0.0000,0.0000,0.0000,69.9084,0.0000,4381.0000,1755.0000,0.0000,25.0000,45.0000,24.0000,16.0000
2.0660,0.8240,0.3400,0.4580,0.1460,0.0000,0.0000,0.9020,1.0000,4.5230,186.8620,2.1160,0.0000,0.0000,0.0000,69.9091,0.0000,4381.0000,1755.0000,0.0000,25.0000,46.0000,24.0000,16.0000
2.2570,0.5360,0.3770,0.3370,0.1930,0.0000,0.0000,1.3440,1.0000,4.5230,186.8620,2.1160,0.0000,0.0000,0.0000,69.9195,0.0000,4382.0000,1755.0000,0.0000,25.0000,46.0000,24.0000,17.0000
2.3260,0.6670,0.4350,0.4300,0.1640,0.0000,0.0000,1.2240,1.0000,4.5230,186.8620,2.1160,0.0000,0.0000,0.0000,69.9196,0.0000,4382.0000,1755.0000,0.0000,25.0000,46.0000,24.0000,17.0000
2.6120,0.5860,0.4240,0.3870,0.2220,0.0000,0.0000,1.6020,1.0000,4.5230,186.8620,2.1160,0.0000,0.0000,0.0000,69.9601,0.0000,4386.0000,1755.0000,0.0000,25.0000,46.0000,24.0000,16.0000
2.3380,0.7320,0.4030,0.3280,0.2150,0.0000,0.0000,1.2030,1.0000,4.5230,186.8620,2.1160,0.0000,0.0000,0.0000,69.9595,0.0000,4386.0000,1755.0000,0.0000,25.0000,45.0000,24.0000,16.0000
2.1880,0.5830,0.3580,0.3940,0.1530,0.0000,0.0000,1.2470,1.0000,4.5230,186.8620,2.1160,0.0000,0.0000,0.0000,69.9590,0.0000,4386.0000,1755.0000,0.0000,25.0000,44.0000,24.0000,16.0000
2.2780,0.5920,0.3680,0.3980,0.1710,0.0000,0.0000,1.3180,1.0000,4.5230,186.8620,2.1160,0.0000,0.0000,0.0000,69.9693,0.0000,4387.0000,1755.0000,0.0000,25.0000,44.0000,24.0000,16.0000
2.2120,0.6410,0.3730,0.3570,0.1940,0.0000,0.0000,1.1980,1.0000,4.5230,186.8620,2.1160,0.0000,0.0000,0.0000,69.9802,0.0000,4388.0000,1755.0000,0.0000,25.0000,45.0000,24.0000,17.0000
2.1970,0.5650,0.3780,0.3320,0.1910,0.0000,0.0000,1.2540,1.0000,4.5230,186.8620,2.1160,0.0000,0.0000,0.0000,69.9810,0.0000,4388.0000,1755.0000,0.0000,25.0000,46.0000,24.0000,17.0000
2.1270,0.5770,0.4220,0.3750,0.1670,0.0000,0.0000,1.1280,1.0000,4.5230,186.8620,2.1160,0.0000,0.0000,0.0000,69.9804,0.0000,4388.0000,1755.0000,0.0000,25.0000,45.0000,24.0000,17.0000
2.3070,0.5520,0.3990,0.3630,0.2060,0.0000,0.0000,1.3560,1.0000,4.5230,186.8620,2.1160,0.0000,0.0000,0.0000,69.9913,0.0000,4389.0000,1755.0000,0.0000,25.0000,46.0000,24.0000,17.0000
2.1460,0.6020,0.3960,0.3220,0.1600,0.0000,0.0000,1.1480,1.0000,4.5230,186.8620,2.1160,0.0000,0.0000,0.0000,69.9907,0.0000,4389.0000,1755.0000,0.0000,25.0000,45.0000,24.0000,17.0000
2.2160,0.5180,0.4180,0.3070,0.2310,0.0000,0.0000,1.2800,1.0000,4.5230,186.8620,2.1160,0.0000,0.0000,0.0000,69.9996,0.0000,4390.0000,1755.0000,0.0000,25.0000,43.0000,24.0000,17.0000
2.3650,0.5220,0.4950,0.2950,0.2930,0.0000,0.0000,1.3480,1.0000,4.5230,186.8620,2.1160,0.0000,0.0000,0.0000,70.0212,0.0000,4392.0000,1755.0000,0.0000,25.0000,45.0000,24.0000,17.0000
2.3320,0.6770,0.4080,0.4110,0.1850,0.0000,0.0000,1.2470,1.0000,4.5230,186.8620,2.1160,0.0000,0.0000,0.0000,70.0328,0.0000,4393.0000,1755.0000,0.0000,25.0000,47.0000,24.0000,18.0000
2.1810,0.6760,0.3680,0.3790,0.1780,0.0000,0.0000,1.1370,1.0000,4.5230,186.8620,2.1160,0.0000,0.0000,0.0000,70.0425,0.0000,4394.0000,1755.0000,0.0000,25.0000,46.0000,24.0000,18.0000
2.1870,0.6250,0.4030,0.3560,0.1850,0.0000,0.0000,1.1590,1.0000,4.5230,186.8620,2.1160,0.0000,0.0000,0.0000,70.0521,0.0000,4395.0000,1755.0000,0.0000,25.0000,45.0000,24.0000,18.0000
2.0450,0.5510,0.3730,0.3230,0.1850,0.0000,0.0000,1.1210,1.0000,4.5230,186.8620,2.1160,0.0000,0.0000,0.0000,70.0515,0.0000,4395.0000,1755.0000,0.0000,25.0000,44.0000,24.0000,18.0000
1.9380,0.5730,0.3610,0.3900,0.1810,0.0000,0.0000,1.0040,1.0000,4.5230,186.8620,2.1160,0.0000,0.0000,0.0000,70.0508,0.0000,4395.0000,1755.0000,0.0000,25.0000,43.0000,24.0000,18.0000
2.1430,0.4890,0.4060,0.3020,0.2270,0.0000,0.0000,1.2480,1.0000,4.5230,186.8620,2.1160,0.0000,0.0000,0.0000,70.0721,0.0000,4397.0000,1755.0000,0.0000,25.0000,44.0000,24.0000,18.0000
2.1190,0.6460,0.4100,0.3390,0.1970,0.0000,0.0000,1.0630,1.0000,4.5230,186.8620,2.1160,0.0000,0.0000,0.0000,70.0901,0.0000,4395.0000,1755.0000,0.0000,25.0000,44.0000,24.0000,18.0000
2.2640,0.6110,0.3940,0.3550,0.1990,0.0000,0.0000,1.2590,1.0000,4.5230,186.8620,2.1160,0.0000,0.0000,0.0000,70.1094,0.0000,4397.0000,1755.0000,0.0000,25.0000,42.0000,24.0000,18.0000
2.0510,0.6040,0.3370,0.3120,0.1430,0.0000,0.0000,1.1100,1.0000,4.5230,186.8620,2.1160,0.0000,0.0000,0.0000,70.1095,0.0000,4397.0000,1755.0000,0.0000,25.0000,42.0000,24.0000,18.0000
2.0680,0.5510,0.3280,0.3250,0.1430,0.0000,0.0000,1.1890,1.0000,4.5230,186.8620,2.1160,0.0000,0.0000,0.0000,70.1096,0.0000,4397.0000,1755.0000,0.0000,25.0000,42.0000,24.0000,18.0000
2.5590,0.5050,0.3760,0.3180,0.1900,0.0000,0.0000,1.6780,1.0000,4.5230,186.8620,2.1160,0.0000,0.0000,0.0000,70.1409,0.0000,4400.0000,1755.0000,0.0000,25.0000,43.0000,24.0000,17.0000
2.6220,0.6570,0.4480,0.3410,0.1930,0.0000,0.0000,1.5170,1.0000,4.5230,186.8620,2.1160,0.0000,0.0000,0.0000,70.1409,0.0000,4400.0000,1755.0000,0.0000,25.0000,43.0000,24.0000,17.0000
2.4180,0.7030,0.4720,0.4250,0.2450,0.0000,0.0000,1.2430,1.0000,4.5230,186.8620,2.1160,0.0000,0.0000,0.0000,70.1514,0.0000,4401.0000,1755.0000,0.0000,25.0000,43.0000,24.0000,17.0000
2.2470,0.6700,0.4420,0.4310,0.1950,0.0000,0.0000,1.1350,1.0000,4.5230,186.8620,2.1160,0.0000,0.0000,0.0000,70.1501,0.0000,4400.0000,1755.0000,0.0000,25.0000,43.0000,24.0000,17.0000
2.1980,0.5570,0.3700,0.3660,0.1750,0.0000,0.0000,1.2710,1.0000,4.5230,186.8620,2.1160,0.0000,0.0000,0.0000,70.1604,0.0000,4401.0000,1755.0000,0.0000,25.0000,43.0000,24.0000,17.0000
2.0480,0.5820,0.3230,0.3150,0.1420,0.0000,0.0000,1.1430,1.0000,4.5230,186.8620,2.1160,0.0000,0.0000,0.0000,70.1604,0.0000,4401.0000,1755.0000,0.0000,25.0000,43.0000,24.0000,17.0000
2.1850,0.4950,0.3950,0.3000,0.1930,0.0000,0.0000,1.2950,1.0000,4.5230,186.8620,2.1160,0.0000,0.0000,0.0000,70.1605,0.0000,4401.0000,1755.0000,0.0000,25.0000,43.0000,24.0000,17.0000
2.2930,0.5040,0.4130,0.3050,0.2270,0.0000,0.0000,1.3760,1.0000,4.5230,186.8620,2.1160,0.0000,0.0000,0.0000,70.1815,0.0000,4403.0000,1755.0000,0.0000,25.0000,44.0000,24.0000,17.0000
2.2980,0.6270,0.4210,0.3590,0.2010,0.0000,0.0000,1.2500,1.0000,4.5230,186.8620,2.1160,0.0000,0.0000,0.0000,70.2027,0.0000,4405.0000,1755.0000,0.0000,25.0000,46.0000,24.0000,17.0000
2.5020,0.6280,0.4040,0.3670,0.1940,0.0000,0.0000,1.4700,1.0000,4.5230,186.8620,2.1160,0.0000,0.0000,0.0000,70.2327,0.0000,4408.0000,1755.0000,0.0000,25.0000,45.0000,24.0000,17.0000
2.0250,0.7900,0.3840,0.3890,0.1830,0.0000,0.0000,0.8510,1.0000,4.5230,186.8620,2.1160,0.0000,0.0000,0.0000,70.2328,0.0000,4408.0000,1755.0000,0.0000,25.0000,45.0000,24.0000,17.0000
2.2330,0.4990,0.3860,0.3080,0.2020,0.0000,0.0000,1.3480,1.0000,4.5230,186.8620,2.1160,0.0000,0.0000,0.0000,70.2330,0.0000,4408.0000,1755.0000,0.0000,25.0000,45.0000,24.0000,17.0000
2.2200,0.6360,0.4110,0.3880,0.1840,0.0000,0.0000,1.1730,1.0000,4.5230,186.8620,2.1160,0.0000,0.0000,0.0000,70.2426,0.0000,4409.0000,1755.0000,0.0000,25.0000,44.0000,24.0000,17.0000
2.0010,0.5930,0.3400,0.3150,0.1430,0.0000,0.0000,1.0680,1.0000,4.5230,186.8620,2.1160,0.0000,0.0000,0.0000,70.2426,0.0000,4409.0000,1755.0000,0.0000,25.0000,44.0000,24.0000,17.0000
2.0390,0.5590,0.3850,0.3220,0.1790,0.0000,0.0000,1.0950,1.0000,4.5230,186.8620,2.1160,0.0000,0.0000,0.0000,70.2525,0.0000,4410.0000,1755.0000,0.0000,25.0000,44.0000,24.0000,17.0000
2.2770,0.6050,0.3640,0.3170,0.1720,0.0000,0.0000,1.3080,1.0000,4.5230,186.8620,2.1160,0.0000,0.0000,0.0000,69.8829,0.0000,4374.0000,1755.0000,0.0000,25.0000,44.0000,24.0000,17.0000
2.0700,0.5900,0.3280,0.3490,0.1410,0.0000,0.0000,1.1520,1.0000,4.5230,186.8620,2.1160,0.0000,0.0000,0.0000,69.8829,0.0000,4374.0000,1755.0000,0.0000,25.0000,44.0000,24.0000,17.0000
2.0830,0.4980,0.3570,0.3000,0.1410,0.0000,0.0000,1.2280,1.0000,4.5230,186.8620,2.1160,0.0000,0.0000,0.0000,69.8830,0.0000,4374.0000,1755.0000,0.0000,25.0000,44.0000,24.0000,17.0000
2.0950,0.4810,0.3910,0.3020,0.2130,0.0000,0.0000,1.2230,1.0000,4.5230,186.8620,2.1160,0.0000,0.0000,0.0000,69.8933,0.0000,4375.0000,1755.0000,0.0000,25.0000,44.0000,24.0000,18.0000
2.0700,0.5170,0.3700,0.3000,0.1880,0.0000,0.0000,1.1830,1.0000,4.5230,186.8620,2.1160,0.0000,0.0000,0.0000,69.8933,0.0000,4375.0000,1755.0000,0.0000,25.0000,44.0000,24.0000,18.0000
2.1870,0.5450,0.3540,0.3700,0.1440,0.0000,0.0000,1.2880,1.0000,4.5230,186.8620,2.1160,0.0000,0.0000,0.0000,69.8933,0.0000,4375.0000,1755.0000,0.0000,25.0000,44.0000,24.0000,18.0000
2.0590,0.6150,0.3430,0.4160,0.1540,0.0000,0.0000,1.1010,1.0000,4.5230,186.8620,2.1160,0.0000,0.0000,0.0000,69.8933,0.0000,4375.0000,1755.0000,0.0000,25.0000,44.0000,24.0000,18.0000
2.3010,0.5400,0.3710,0.3670,0.1830,0.0000,0.0000,1.3900,1.0000,4.5230,186.8620,2.1160,0.0000,0.0000,0.0000,69.9136,0.0000,4377.0000,1755.0000,0.0000,25.0000,44.0000,24.0000,18.0000
2.3680,0.6860,0.3920,0.3750,0.1950,0.0000,0.0000,1.2900,1.0000,4.5230,186.8620,2.1160,0.0000,0.0000,0.0000,69.9450,0.0000,4380.0000,1755.0000,0.0000,25.0000,45.0000,24.0000,18.0000
2.4290,0.6730,0.4790,0.3150,0.2790,0.0000,0.0000,1.2770,1.0000,4.5230,186.8620,2.1160,0.0000,0.0000,0.0000,69.9656,0.0000,4382.0000,1755.0000,0.0000,25.0000,45.0000,24.0000,17.0000
2.3380,0.7060,0.3970,0.3630,0.1940,0.0000,0.0000,1.2350,1.0000,4.5230,186.8620,2.1160,0.0000,0.0000,0.0000,69.9768,0.0000,4383.0000,1755.0000,0.0000,25.0000,46.0000,24.0000,17.0000
2.3150,0.6020,0.5490,0.3270,0.2940,0.0000,0.0000,1.1640,1.0000,4.5230,186.8620,2.1160,0.0000,0.0000,0.0000,69.9871,0.0000,4384.0000,1755.0000,0.0000,25.0000,46.0000,24.0000,16.0000
2.0190,0.6050,0.3740,0.3570,0.1490,0.0000,0.0000,1.0400,1.0000,4.5230,186.8620,2.1160,0.0000,0.0000,0.0000,69.9879,0.0000,4384.0000,1755.0000,0.0000,25.0000,47.0000,24.0000,15.0000
1.8240,0.5420,0.3680,0.3580,0.1490,0.0000,0.0000,0.9140,1.0000,4.5230,186.8620,2.1160,0.0000,0.0000,0.0000,69.9879,0.0000,4384.0000,1755.0000,0.0000,25.0000,47.0000,24.0000,16.0000
1.8470,0.5600,0.3670,0.3590,0.1910,0.0000,0.0000,0.9200,1.0000,4.5230,186.8620,2.1160,0.0000,0.0000,0.0000,69.9873,0.0000,4384.0000,1755.0000,0.0000,25.0000,46.0000,24.0000,16.0000
1.9570,0.4800,0.3920,0.3000,0.1510,0.0000,0.0000,1.0850,1.0000,4.5230,186.8620,2.1160,0.0000,0.0000,0.0000,69.9873,0.0000,4384.0000,1755.0000,0.0000,25.0000,46.0000,24.0000,16.0000
1.9730,0.5430,0.3780,0.3530,0.1800,0.0000,0.0000,1.0520,1.0000,4.5230,186.8620,2.1160,0.0000,0.0000,0.0000,69.9983,0.0000,4385.0000,1755.0000,0.0000,25.0000,47.0000,24.0000,16.0000
2.1910,0.5240,0.4900,0.2910,0.2210,0.0000,0.0000,1.1770,1.0000,4.5230,186.8620,2.1160,0.0000,0.0000,0.0000,70.0392,0.0000,4389.0000,1755.0000,0.0000,25.0000,47.0000,24.0000,16.0000
2.0350,0.6990,0.3690,0.3530,0.1460,0.0000,0.0000,0.9670,1.0000,4.5230,186.8620,2.1160,0.0000,0.0000,0.0000,70.0380,0.0000,4389.0000,1755.0000,0.0000,25.0000,45.0000,24.0000,16.0000
1.9650,0.6640,0.4230,0.4170,0.1640,0.0000,0.0000,0.8780,1.0000,4.5230,186.8620,2.1160,0.0000,0.0000,0.0000,70.0389,0.0000,4389.0000,1755.0000,0.0000,25.0000,46.0000,24.0000,16.0000
2.2220,0.5520,0.5030,0.3630,0.3240,0.0000,0.0000,1.1670,1.0000,4.5230,186.8620,2.1160,0.0000,0.0000,0.0000,70.0492,0.0000,4390.0000,1755.0000,0.0000,25.0000,46.0000,24.0000,16.0000
1.9970,0.6120,0.4020,0.3810,0.1630,0.0000,0.0000,0.9830,1.0000,4.5230,186.8620,2.1160,0.0000,0.0000,0.0000,70.0485,0.0000,4390.0000,1755.0000,0.0000,25.0000,45.0000,24.0000,16.0000
1.9720,0.5490,0.3620,0.3610,0.1460,0.0000,0.0000,1.0610,1.0000,4.5230,186.8620,2.1160,0.0000,0.0000,0.0000,70.0479,0.0000,4390.0000,1755.0000,0.0000,25.0000,44.0000,24.0000,16.0000
2.1540,0.5370,0.4450,0.3510,0.1890,0.0000,0.0000,1.1720,1.0000,4.5230,186.8620,2.1160,0.0000,0.0000,0.0000,70.0485,0.0000,4390.0000,1755.0000,0.0000,25.0000,45.0000,24.0000,16.0000
2.1540,0.5870,0.3670,0.3770,0.1600,0.0000,0.0000,1.2000,1.0000,4.5230,186.8620,2.1160,0.0000,0.0000,0.0000,70.0492,0.0000,4390.0000,1755.0000,0.0000,25.0000,46.0000,24.0000,16.0000
2.3590,0.6240,0.6300,0.4310,0.4160,0.0000,0.0000,1.1050,1.0000,4.5230,186.8620,2.1160,0.0000,0.0000,0.0000,70.0670,0.0000,4392.0000,1755.0000,0.0000,25.0000,45.0000,24.0000,16.0000
2.1330,0.5730,0.3650,0.3070,0.1740,0.0000,0.0000,1.1950,1.0000,4.5230,186.8620,2.1160,0.0000,0.0000,0.0000,70.0780,0.0000,4393.0000,1755.0000,0.0000,25.0000,46.0000,24.0000,15.0000
1.9940,0.6350,0.3820,0.4060,0.1880,0.0000,0.0000,0.9770,1.0000,4.5230,186.8620,2.1160,0.0000,0.0000,0.0000,70.0781,0.0000,4393.0000,1755.0000,0.0000,25.0000,46.0000,24.0000,15.0000
2.0940,0.4920,0.4160,0.3010,0.2210,0.0000,0.0000,1.1860,1.0000,4.5230,186.8620,2.1160,0.0000,0.0000,0.0000,70.0884,0.0000,4394.0000,1755.0000,0.0000,25.0000,46.0000,24.0000,15.0000
1.9830,0.6270,0.3980,0.3960,0.2130,0.0000,0.0000,0.9580,1.0000,4.5230,186.8620,2.1160,0.0000,0.0000,0.0000,70.0980,0.0000,4395.0000,1755.0000,0.0000,25.0000,45.0000,24.0000,15.0000
1.9300,0.5670,0.3600,0.3430,0.1780,0.0000,0.0000,1.0030,1.0000,4.5230,186.8620,2.1160,0.0000,0.0000,0.0000,70.0980,0.0000,4395.0000,1755.0000,0.0000,25.0000,45.0000,24.0000,14.0000
2.0210,0.5530,0.4110,0.3670,0.2320,0.0000,0.0000,1.0570,1.0000,4.5230,186.8620,2.1160,0.0000,0.0000,0.0000,70.1179,0.0000,4397.0000,1755.0000,0.0000,25.0000,44.0000,24.0000,13.0000
1.9320,0.5670,0.3700,0.3050,0.1890,0.0000,0.0000,0.9950,1.0000,4.5230,186.8620,2.1160,0.0000,0.0000,0.0000,70.1179,0.0000,4397.0000,1755.0000,0.0000,25.0000,44.0000,24.0000,13.0000
2.1210,0.5510,0.4380,0.3640,0.2340,0.0000,0.0000,1.1320,1.0000,4.5230,186.8620,2.1160,0.0000,0.0000,0.0000,70.1485,0.0000,4400.0000,1755.0000,0.0000,25.0000,44.0000,24.0000,12.0000
2.0150,0.6580,0.3940,0.3430,0.2140,0.0000,0.0000,0.9630,1.0000,4.5230,186.8620,2.1160,0.0000,0.0000,0.0000,70.1485,0.0000,4400.0000,1755.0000,0.0000,25.0000,44.0000,24.0000,12.0000
1.9320,0.5920,0.3700,0.3990,0.1880,0.0000,0.0000,0.9700,1.0000,4.5230,186.8620,2.1160,0.0000,0.0000,0.0000,70.1487,0.0000,4400.0000,1755.0000,0.0000,25.0000,44.0000,24.0000,12.0000
2.0310,0.4860,0.3580,0.2950,0.1790,0.0000,0.0000,1.1870,1.0000,4.5230,186.8620,2.1160,0.0000,0.0000,0.0000,70.1487,0.0000,4400.0000,1755.0000,0.0000,25.0000,44.0000,24.0000,12.0000
1.8740,0.5460,0.3630,0.3590,0.1860,0.0000,0.0000,0.9650,1.0000,4.5230,186.8620,2.1160,0.0000,0.0000,0.0000,70.1487,0.0000,4400.0000,1755.0000,0.0000,25.0000,44.0000,24.0000,12.0000
1.9550,0.4790,0.3290,0.2930,0.1430,0.0000,0.0000,1.1470,1.0000,4.5230,186.8620,2.1160,0.0000,0.0000,0.0000,70.1487,0.0000,4400.0000,1755.0000,0.0000,25.0000,44.0000,24.0000,12.0000
2.6030,0.5630,0.3280,0.3710,0.1450,0.0000,0.0000,1.7120,1.0000,4.5230,186.8620,2.1160,0.0000,0.0000,0.0000,70.1487,0.0000,4400.0000,1755.0000,0.0000,25.0000,44.0000,24.0000,12.0000
2.1650,0.6200,0.3800,0.3670,0.1730,0.0000,0.0000,1.1650,1.0000,4.5230,186.8620,2.1160,0.0000,0.0000,0.0000,70.1589,0.0000,4401.0000,1755.0000,0.0000,25.0000,44.0000,24.0000,12.0000
2.0750,0.5750,0.3790,0.3010,0.1890,0.0000,0.0000,1.1210,1.0000,4.5230,186.8620,2.1160,0.0000,0.0000,0.0000,70.1795,0.0000,4403.0000,1755.0000,0.0000,25.0000,44.0000,24.0000,12.0000
2.1840,0.5910,0.4670,0.3060,0.2350,0.0000,0.0000,1.1260,1.0000,4.5230,186.8620,2.1160,0.0000,0.0000,0.0000,70.1795,0.0000,4403.0000,1755.0000,0.0000,25.0000,44.0000,24.0000,12.0000
1.9480,0.5390,0.3360,0.3360,0.1500,0.0000,0.0000,1.0730,1.0000,4.5230,186.8620,2.1160,0.0000,0.0000,0.0000,70.1796,0.0000,4403.0000,1755.0000,0.0000,25.0000,44.0000,24.0000,12.0000
2.0120,0.4960,0.3880,0.2920,0.1540,0.0000,0.0000,1.1280,1.0000,4.5230,186.8620,2.1160,0.0000,0.0000,0.0000,70.1796,0.0000,4403.0000,1755.0000,0.0000,25.0000,44.0000,24.0000,12.0000
2.4690,0.5340,0.3690,0.3060,0.1790,0.0000,0.0000,1.5660,1.0000,4.5230,186.8620,2.1160,0.0000,0.0000,0.0000,70.1780,0.0000,4403.0000,1755.0000,0.0000,25.0000,43.0000,24.0000,12.0000
2.0490,0.6670,0.3510,0.4210,0.1550,0.0000,0.0000,1.0310,1.0000,4.5230,186.8620,2.1160,0.0000,0.0000,0.0000,69.8502,0.0000,4371.0000,1755.0000,0.0000,25.0000,44.0000,24.0000,12.0000
2.0310,0.5530,0.3800,0.3670,0.1900,0.0000,0.0000,1.0980,1.0000,4.5230,186.8620,2.1160,0.0000,0.0000,0.0000,69.8605,0.0000,4372.0000,1755.0000,0.0000,25.0000,44.0000,24.0000,10.0000
1.8960,0.5880,0.3460,0.3750,0.1480,0.0000,0.0000,0.9620,1.0000,4.5230,186.8620,2.1160,0.0000,0.0000,0.0000,69.8605,0.0000,4372.0000,1755.0000,0.0000,25.0000,44.0000,24.0000,10.0000
1.9210,0.5530,0.3670,0.3860,0.1560,0.0000,0.0000,1.0010,1.0000,4.5230,186.8620,2.1160,0.0000,0.0000,0.0000,69.8612,0.0000,4372.0000,1755.0000,0.0000,25.0000,45.0000,24.0000,10.0000
2.1350,0.5210,0.4230,0.3500,0.2010,0.0000,0.0000,1.1910,1.0000,4.5230,186.8620,2.1160,0.0000,0.0000,0.0000,69.8814,0.0000,4374.0000,1755.0000,0.0000,25.0000,45.0000,24.0000,11.0000
1.9730,0.6050,0.3490,0.3610,0.1610,0.0000,0.0000,1.0190,1.0000,4.5230,186.8620,2.1160,0.0000,0.0000,0.0000,69.8821,0.0000,4374.0000,1755.0000,0.0000,25.0000,46.0000,24.0000,11.0000
1.8630,0.5240,0.3450,0.3530,0.1570,0.0000,0.0000,0.9940,1.0000,4.5230,186.8620,2.1160,0.0000,0.0000,0.0000,69.8822,0.0000,4374.0000,1755.0000,0.0000,25.0000,46.0000,24.0000,11.0000
2.0390,0.5480,0.3980,0.3530,0.1880,0.0000,0.0000,1.0930,1.0000,4.5230,186.8620,2.1160,0.0000,0.0000,0.0000,69.9025,0.0000,4376.0000,1755.0000,0.0000,25.0000,46.0000,24.0000,13.0000
2.0990,0.6010,0.4110,0.3540,0.2020,0.0000,0.0000,1.0870,1.0000,4.5230,186.8620,2.1160,0.0000,0.0000,0.0000,69.9224,0.0000,4378.0000,1755.0000,0.0000,25.0000,45.0000,24.0000,12.0000
2.0460,0.6100,0.3490,0.3620,0.1640,0.0000,0.0000,1.0870,1.0000,4.5230,186.8620,2.1160,0.0000,0.0000,0.0000,69.9225,0.0000,4378.0000,1755.0000,0.0000,25.0000,45.0000,24.0000,13.0000
2.1040,0.5400,0.3940,0.3670,0.2050,0.0000,0.0000,1.1700,1.0000,4.5230,186.8620,2.1160,0.0000,0.0000,0.0000,69.9437,0.0000,4380.0000,1755.0000,0.0000,25.0000,46.0000,24.0000,14.0000
1.9250,0.6160,0.3480,0.3210,0.1530,0.0000,0.0000,0.9610,1.0000,4.5230,186.8620,2.1160,0.0000,0.0000,0.0000,69.9437,0.0000,4380.0000,1755.0000,0.0000,25.0000,46.0000,24.0000,14.0000
2.0600,0.5460,0.3780,0.3760,0.1830,0.0000,0.0000,1.1360,1.0000,4.5230,186.8620,2.1160,0.0000,0.0000,0.0000,69.9548,0.0000,4381.0000,1755.0000,0.0000,25.0000,47.0000,24.0000,14.0000
1.9140,0.5680,0.3460,0.3120,0.1500,0.0000,0.0000,1.0000,1.0000,4.5230,186.8620,2.1160,0.0000,0.0000,0.0000,69.9548,0.0000,4381.0000,1755.0000,0.0000,25.0000,47.0000,24.0000,14.0000
1.9080,0.5320,0.3460,0.3630,0.1600,0.0000,0.0000,1.0300,1.0000,4.5230,186.8620,2.1160,0.0000,0.0000,0.0000,69.9548,0.0000,4381.0000,1755.0000,0.0000,25.0000,47.0000,24.0000,14.0000
1.8860,0.5470,0.3670,0.3760,0.1580,0.0000,0.0000,0.9720,1.0000,4.5230,186.8620,2.1160,0.0000,0.0000,0.0000,69.9548,0.0000,4381.0000,1755.0000,0.0000,25.0000,47.0000,24.0000,14.0000
1.9510,0.5150,0.3580,0.3450,0.1490,0.0000,0.0000,1.0780,1.0000,4.5230,186.8620,2.1160,0.0000,0.0000,0.0000,69.9548,0.0000,4381.0000,1755.0000,0.0000,25.0000,47.0000,24.0000,14.0000
2.1770,0.5380,0.4460,0.3640,0.2030,0.0000,0.0000,1.1930,1.0000,4.5230,186.8620,2.1160,0.0000,0.0000,0.0000,69.9746,0.0000,4383.0000,1755.0000,0.0000,25.0000,47.0000,24.0000,14.0000
1.9140,0.6100,0.3760,0.3540,0.1590,0.0000,0.0000,0.9280,1.0000,4.5230,186.8620,2.1160,0.0000,0.0000,0.0000,69.9746,0.0000,4383.0000,1755.0000,0.0000,25.0000,47.0000,24.0000,14.0000
2.1930,0.5520,0.4280,0.3730,0.2040,0.0000,0.0000,1.2130,1.0000,4.5230,186.8620,2.1160,0.0000,0.0000,0.0000,69.9950,0.0000,4385.0000,1755.0000,0.0000,25.0000,47.0000,24.0000,14.0000
2.1740,0.6410,0.3760,0.3770,0.1800,0.0000,0.0000,1.1570,1.0000,4.5230,186.8620,2.1160,0.0000,0.0000,0.0000,70.0046,0.0000,4386.0000,1755.0000,0.0000,25.0000,46.0000,24.0000,14.0000
2.1130,0.6300,0.3430,0.3540,0.1460,0.0000,0.0000,1.1400,1.0000,4.5230,186.8620,2.1160,0.0000,0.0000,0.0000,70.0048,0.0000,4386.0000,1755.0000,0.0000,25.0000,46.0000,24.0000,12.0000
2.0870,0.6360,0.3760,0.4040,0.1780,0.0000,0.0000,1.0750,1.0000,4.5230,186.8620,2.1160,0.0000,0.0000,0.0000,70.0158,0.0000,4387.0000,1755.0000,0.0000,25.0000,47.0000,24.0000,12.0000
2.1080,0.5350,0.3260,0.2910,0.1470,0.0000,0.0000,1.2470,1.0000,4.5230,186.8620,2.1160,0.0000,0.0000,0.0000,70.0158,0.0000,4387.0000,1755.0000,0.0000,25.0000,47.0000,24.0000,10.0000
2.0660,0.6100,0.3550,0.3790,0.1590,0.0000,0.0000,1.1010,1.0000,4.5230,186.8620,2.1160,0.0000,0.0000,0.0000,70.0165,0.0000,4387.0000,1755.0000,0.0000,25.0000,48.0000,24.0000,10.0000
2.0820,0.5780,0.3260,0.3520,0.1440,0.0000,0.0000,1.1780,1.0000,4.5230,186.8620,2.1160,0.0000,0.0000,0.0000,70.0165,0.0000,4387.0000,1755.0000,0.0000,25.0000,48.0000,24.0000,10.0000
2.0070,0.5630,0.4390,0.3750,0.2230,0.0000,0.0000,1.0050,1.0000,4.5230,186.8620,2.1160,0.0000,0.0000,0.0000,70.0172,0.0000,4387.0000,1755.0000,0.0000,25.0000,49.0000,24.0000,10.0000
2.4710,0.5260,0.4710,0.3460,0.2670,0.0000,0.0000,1.4740,1.0000,4.5230,186.8620,2.1160,0.0000,0.0000,0.0000,70.0375,0.0000,4389.0000,1755.0000,0.0000,25.0000,49.0000,24.0000,10.0000
2.0070,0.8370,0.4000,0.5180,0.1600,0.0000,0.0000,0.7700,1.0000,4.5230,186.8620,2.1160,0.0000,0.0000,0.0000,70.0376,0.0000,4389.0000,1755.0000,0.0000,25.0000,49.0000,24.0000,10.0000
1.9810,0.5360,0.3520,0.3060,0.1540,0.0000,0.0000,1.0930,1.0000,4.5230,186.8620,2.1160,0.0000,0.0000,0.0000,70.0377,0.0000,4389.0000,1755.0000,0.0000,25.0000,49.0000,24.0000,10.0000
1.8910,0.5320,0.3340,0.3180,0.1480,0.0000,0.0000,1.0250,1.0000,4.5230,186.8620,2.1160,0.0000,0.0000,0.0000,70.0370,0.0000,4389.0000,1755.0000,0.0000,25.0000,48.0000,24.0000,10.0000
2.2520,0.5310,0.4040,0.3070,0.2190,0.0000,0.0000,1.3170,1.0000,4.5230,186.8620,2.1160,0.0000,0.0000,0.0000,70.0771,0.0000,4393.0000,1755.0000,0.0000,25.0000,47.0000,24.0000,10.0000
1.8760,0.6820,0.3340,0.3100,0.1510,0.0000,0.0000,0.8600,1.0000,4.5230,186.8620,2.1160,0.0000,0.0000,0.0000,70.0772,0.0000,4393.0000,1755.0000,0.0000,25.0000,47.0000,24.0000,10.0000
1.9990,0.5350,0.3590,0.3020,0.1780,0.0000,0.0000,1.1050,1.0000,4.5230,186.8620,2.1160,0.0000,0.0000,0.0000,70.0877,0.0000,4394.0000,1755.0000,0.0000,25.0000,47.0000,24.0000,10.0000
1.8800,0.5540,0.3260,0.2940,0.1470,0.0000,0.0000,1.0000,1.0000,4.5230,186.8620,2.1160,0.0000,0.0000,0.0000,70.0884,0.0000,4394.0000,1755.0000,0.0000,25.0000,48.0000,24.0000,9.0000
1.9390,0.5190,0.3460,0.2980,0.1680,0.0000,0.0000,1.0740,1.0000,4.5230,186.8620,2.1160,0.0000,0.0000,0.0000,70.0886,0.0000,4394.0000,1755.0000,0.0000,25.0000,48.0000,24.0000,9.0000
1.9080,0.5160,0.3370,0.3020,0.1510,0.0000,0.0000,1.0550,1.0000,4.5230,186.8620,2.1160,0.0000,0.0000,0.0000,70.0886,0.0000,4394.0000,1755.0000,0.0000,25.0000,48.0000,24.0000,9.0000
2.0630,0.5510,0.4000,0.3550,0.1790,0.0000,0.0000,1.1120,1.0000,4.5230,186.8620,2.1160,0.0000,0.0000,0.0000,70.0989,0.0000,4395.0000,1755.0000,0.0000,25.0000,48.0000,24.0000,9.0000
1.9540,0.6700,0.3600,0.3280,0.1480,0.0000,0.0000,0.9240,1.0000,4.5230,186.8620,2.1160,0.0000,0.0000,0.0000,70.0989,0.0000,4395.0000,1755.0000,0.0000,25.0000,48.0000,24.0000,9.0000
1.9460,0.5450,0.3590,0.3500,0.1450,0.0000,0.0000,1.0420,1.0000,4.5230,186.8620,2.1160,0.0000,0.0000,0.0000,70.0982,0.0000,4395.0000,1755.0000,0.0000,25.0000,47.0000,24.0000,9.0000
2.0840,0.5860,0.3920,0.3430,0.1790,0.0000,0.0000,1.1060,1.0000,4.5230,186.8620,2.1160,0.0000,0.0000,0.0000,70.1085,0.0000,4396.0000,1755.0000,0.0000,25.0000,47.0000,24.0000,9.0000
2.0380,0.5880,0.3900,0.3520,0.1770,0.0000,0.0000,1.0600,1.0000,4.5230,186.8620,2.1160,0.0000,0.0000,0.0000,70.1207,0.0000,4397.0000,1755.0000,0.0000,25.0000,47.0000,24.0000,9.0000
1.8870,0.6220,0.3260,0.3230,0.1430,0.0000,0.0000,0.9390,1.0000,4.5230,186.8620,2.1160,0.0000,0.0000,0.0000,70.1208,0.0000,4397.0000,1755.0000,0.0000,25.0000,47.0000,24.0000,9.0000
1.9090,0.5500,0.3660,0.3520,0.1420,0.0000,0.0000,0.9930,1.0000,4.5230,186.8620,2.1160,0.0000,0.0000,0.0000,70.1208,0.0000,4397.0000,1755.0000,0.0000,25.0000,47.0000,24.0000,9.0000
2.0410,0.5820,0.3660,0.3400,0.1840,0.0000,0.0000,1.0930,1.0000,4.5230,186.8620,2.1160,0.0000,0.0000,0.0000,70.1208,0.0000,4397.0000,1755.0000,0.0000,25.0000,47.0000,24.0000,9.0000
1.9680,0.5940,0.3700,0.3960,0.1470,0.0000,0.0000,1.0040,1.0000,4.5230,186.8620,2.1160,0.0000,0.0000,0.0000,70.1208,0.0000,4397.0000,1755.0000,0.0000,25.0000,47.0000,24.0000,9.0000
2.0280,0.6060,0.3650,0.3560,0.1450,0.0000,0.0000,1.0570,1.0000,4.5230,186.8620,2.1160,0.0000,0.0000,0.0000,70.1202,0.0000,4397.0000,1755.0000,0.0000,25.0000,47.0000,24.0000,9.0000
2.0740,0.5680,0.3870,0.3690,0.1770,0.0000,0.0000,1.1190,1.0000,4.5230,186.8620,2.1160,0.0000,0.0000,0.0000,69.8628,0.0000,4372.0000,1755.0000,0.0000,25.0000,48.0000,24.0000,9.0000
1.8650,0.6080,0.3510,0.3330,0.1400,0.0000,0.0000,0.9060,1.0000,4.5230,186.8620,2.1160,0.0000,0.0000,0.0000,69.8628,0.0000,4372.0000,1755.0000,0.0000,25.0000,48.0000,24.0000,9.0000
1.9720,0.5370,0.3580,0.3670,0.1800,0.0000,0.0000,1.0770,1.0000,4.5230,186.8620,2.1160,0.0000,0.0000,0.0000,69.8628,0.0000,4372.0000,1755.0000,0.0000,25.0000,48.0000,24.0000,9.0000
1.9040,0.5780,0.3850,0.4100,0.1830,0.0000,0.0000,0.9410,1.0000,4.5230,186.8620,2.1160,0.0000,0.0000,0.0000,69.8628,0.0000,4372.0000,1755.0000,0.0000,25.0000,48.0000,24.0000,9.0000
1.9640,0.4870,0.3820,0.3120,0.1810,0.0000,0.0000,1.0950,1.0000,4.5230,186.8620,2.1160,0.0000,0.0000,0.0000,69.8628,0.0000,4372.0000,1755.0000,0.0000,25.0000,48.0000,24.0000,9.0000
1.8720,0.5530,0.3340,0.3720,0.1430,0.0000,0.0000,0.9850,1.0000,4.5230,186.8620,2.1160,0.0000,0.0000,0.0000,69.8628,0.0000,4372.0000,1755.0000,0.0000,25.0000,48.0000,24.0000,9.0000
1.8570,0.4940,0.3320,0.3220,0.1530,0.0000,0.0000,1.0310,1.0000,4.5230,186.8620,2.1160,0.0000,0.0000,0.0000,69.8628,0.0000,4372.0000,1755.0000,0.0000,25.0000,48.0000,24.0000,9.0000
2.5860,0.4830,0.3910,0.2980,0.1990,0.0000,0.0000,1.7120,1.0000,4.5230,186.8620,2.1160,0.0000,0.0000,0.0000,69.9136,0.0000,4377.0000,1755.0000,0.0000,25.0000,48.0000,24.0000,9.0000
2.1010,0.6690,0.4210,0.3020,0.1790,0.0000,0.0000,1.0110,1.0000,4.5230,186.8620,2.1160,0.0000,0.0000,0.0000,69.9232,0.0000,4378.0000,1755.0000,0.0000,25.0000,47.0000,24.0000,9.0000
1.9690,0.6120,0.3650,0.3280,0.1750,0.0000,0.0000,0.9920,1.0000,4.5230,186.8620,2.1160,0.0000,0.0000,0.0000,69.9345,0.0000,4379.0000,1755.0000,0.0000,25.0000,48.0000,24.0000,9.0000
1.8970,0.5740,0.3310,0.3450,0.1440,0.0000,0.0000,0.9920,1.0000,4.5230,186.8620,2.1160,0.0000,0.0000,0.0000,69.9345,0.0000,4379.0000,1755.0000,0.0000,25.0000,48.0000,24.0000,9.0000
1.9380,0.5900,0.3860,0.3400,0.1750,0.0000,0.0000,0.9620,1.0000,4.5230,186.8620,2.1160,0.0000,0.0000,0.0000,69.9450,0.0000,4380.0000,1755.0000,0.0000,25.0000,48.0000,24.0000,9.0000
1.9160,0.5800,0.3530,0.3500,0.1410,0.0000,0.0000,0.9830,1.0000,4.5230,186.8620,2.1160,0.0000,0.0000,0.0000,69.9450,0.0000,4380.0000,1755.0000,0.0000,25.0000,48.0000,24.0000,9.0000
1.8490,0.5920,0.3730,0.4130,0.1800,0.0000,0.0000,0.8840,1.0000,4.5230,186.8620,2.1160,0.0000,0.0000,0.0000,69.9451,0.0000,4380.0000,1755.0000,0.0000,25.0000,48.0000,24.0000,9.0000
1.9730,0.4790,0.3350,0.3050,0.1410,0.0000,0.0000,1.1590,1.0000,4.5230,186.8620,2.1160,0.0000,0.0000,0.0000,69.9451,0.0000,4380.0000,1755.0000,0.0000,25.0000,48.0000,24.0000,9.0000
1.9450,0.5370,0.3340,0.3630,0.1540,0.0000,0.0000,1.0740,1.0000,4.5230,186.8620,2.1160,0.0000,0.0000,0.0000,69.9451,0.0000,4380.0000,1755.0000,0.0000,25.0000,48.0000,24.0000,11.0000
2.0050,0.5320,0.3700,0.3550,0.1920,0.0000,0.0000,1.1030,1.0000,4.5230,186.8620,2.1160,0.0000,0.0000,0.0000,69.9554,0.0000,4381.0000,1755.0000,0.0000,25.0000,48.0000,24.0000,12.0000
1.9630,0.5780,0.3410,0.3630,0.1610,0.0000,0.0000,1.0440,1.0000,4.5230,186.8620,2.1160,0.0000,0.0000,0.0000,69.9554,0.0000,4381.0000,1755.0000,0.0000,25.0000,48.0000,24.0000,11.0000
2.0300,0.4760,0.3710,0.2980,0.1930,0.0000,0.0000,1.1830,1.0000,4.5230,186.8620,2.1160,0.0000,0.0000,0.0000,69.9650,0.0000,4382.0000,1755.0000,0.0000,25.0000,47.0000,24.0000,11.0000
1.8660,0.5900,0.3580,0.3700,0.1770,0.0000,0.0000,0.9180,1.0000,4.5230,186.8620,2.1160,0.0000,0.0000,0.0000,69.9657,0.0000,4382.0000,1755.0000,0.0000,25.0000,48.0000,24.0000,10.0000
1.8720,0.4710,0.3300,0.2940,0.1510,0.0000,0.0000,1.0710,1.0000,4.5230,186.8620,2.1160,0.0000,0.0000,0.0000,69.9658,0.0000,4382.0000,1755.0000,0.0000,25.0000,48.0000,24.0000,10.0000
1.9150,0.4710,0.3240,0.2930,0.1440,0.0000,0.0000,1.1200,1.0000,4.5230,186.8620,2.1160,0.0000,0.0000,0.0000,69.9658,0.0000,4382.0000,1755.0000,0.0000,25.0000,48.0000,24.0000,10.0000
1.8980,0.5310,0.3240,0.3100,0.1460,0.0000,0.0000,1.0430,1.0000,4.5230,186.8620,2.1160,0.0000,0.0000,0.0000,69.9658,0.0000,4382.0000,1755.0000,0.0000,25.0000,48.0000,24.0000,10.0000
1.8520,0.5260,0.3230,0.3530,0.1440,0.0000,0.0000,1.0030,1.0000,4.5230,186.8620,2.1160,0.0000,0.0000,0.0000,69.9658,0.0000,4382.0000,1755.0000,0.0000,25.0000,48.0000,24.0000,10.0000
1.9680,0.5430,0.3650,0.3530,0.1610,0.0000,0.0000,1.0600,1.0000,4.5230,186.8620,2.1160,0.0000,0.0000,0.0000,69.9658,0.0000,4382.0000,1755.0000,0.0000,25.0000,48.0000,24.0000,10.0000
1.9820,0.5680,0.3810,0.3740,0.1710,0.0000,0.0000,1.0330,1.0000,4.5230,186.8620,2.1160,0.0000,0.0000,0.0000,69.9658,0.0000,4382.0000,1755.0000,0.0000,25.0000,48.0000,24.0000,10.0000
2.0560,0.5390,0.3940,0.3510,0.1810,0.0000,0.0000,1.1230,1.0000,4.5230,186.8620,2.1160,0.0000,0.0000,0.0000,69.9761,0.0000,4383.0000,1755.0000,0.0000,25.0000,48.0000,24.0000,10.0000
1.8630,0.5760,0.3610,0.3460,0.1490,0.0000,0.0000,0.9260,1.0000,4.5230,186.8620,2.1160,0.0000,0.0000,0.0000,69.9761,0.0000,4383.0000,1755.0000,0.0000,25.0000,48.0000,24.0000,10.0000
1.9090,0.5370,0.3750,0.3640,0.1940,0.0000,0.0000,0.9970,1.0000,4.5230,186.8620,2.1160,0.0000,0.0000,0.0000,69.9761,0.0000,4383.0000,1755.0000,0.0000,25.0000,48.0000,24.0000,10.0000
1.9880,0.4960,0.4060,0.3200,0.1800,0.0000,0.0000,1.0860,1.0000,4.5230,186.8620,2.1160,0.0000,0.0000,0.0000,69.9754,0.0000,4383.0000,1755.0000,0.0000,25.0000,47.0000,24.0000,10.0000
2.2980,0.5150,0.4290,0.3330,0.2360,0.0000,0.0000,1.3540,1.0000,4.5230,186.8620,2.1160,0.0000,0.0000,0.0000,69.9960,0.0000,4385.0000,1755.0000,0.0000,25.0000,47.0000,24.0000,10.0000
2.0270,0.6800,0.3640,0.4070,0.1480,0.0000,0.0000,0.9830,1.0000,4.5230,186.8620,2.1160,0.0000,0.0000,0.0000,69.9960,0.0000,4385.0000,1755.0000,0.0000,25.0000,47.0000,24.0000,10.0000
2.0840,0.5520,0.3680,0.3590,0.1770,0.0000,0.0000,1.1640,1.0000,4.5230,186.8620,2.1160,0.0000,0.0000,0.0000,70.0063,0.0000,4386.0000,1755.0000,0.0000,25.0000,47.0000,24.0000,10.0000
1.8140,0.5700,0.3220,0.3350,0.1430,0.0000,0.0000,0.9220,1.0000,4.5230,186.8620,2.1160,0.0000,0.0000,0.0000,70.0063,0.0000,4386.0000,1755.0000,0.0000,25.0000,47.0000,24.0000,10.0000
2.0390,0.5410,0.3550,0.3530,0.1460,0.0000,0.0000,1.1430,1.0000,4.5230,186.8620,2.1160,0.0000,0.0000,0.0000,70.0064,0.0000,4386.0000,1755.0000,0.0000,25.0000,47.0000,24.0000,10.0000
2.0450,0.5430,0.3630,0.3550,0.1430,0.0000,0.0000,1.1390,1.0000,4.5230,186.8620,2.1160,0.0000,0.0000,0.0000,70.0064,0.0000,4386.0000,1755.0000,0.0000,25.0000,47.0000,24.0000,10.0000
2.1710,0.5380,0.3960,0.3490,0.1860,0.0000,0.0000,1.2370,1.0000,4.5230,186.8620,2.1160,0.0000,0.0000,0.0000,70.0267,0.0000,4388.0000,1755.0000,0.0000,25.0000,47.0000,24.0000,10.0000
1.9980,0.6070,0.3180,0.3360,0.1400,0.0000,0.0000,1.0730,1.0000,4.5230,186.8620,2.1160,0.0000,0.0000,0.0000,70.0267,0.0000,4388.0000,1755.0000,0.0000,25.0000,47.0000,24.0000,10.0000
1.9630,0.5340,0.3150,0.3570,0.1370,0.0000,0.0000,1.1140,1.0000,4.5230,186.8620,2.1160,0.0000,0.0000,0.0000,70.0262,0.0000,4388.0000,1755.0000,0.0000,25.0000,46.0000,24.0000,10.0000
2.3260,0.5240,0.3590,0.3490,0.1790,0.0000,0.0000,1.4430,1.0000,4.5230,186.8620,2.1160,0.0000,0.0000,0.0000,70.0467,0.0000,4390.0000,1755.0000,0.0000,25.0000,46.0000,24.0000,9.0000
1.9130,0.6360,0.3390,0.3130,0.1570,0.0000,0.0000,0.9380,1.0000,4.5230,186.8620,2.1160,0.0000,0.0000,0.0000,70.0467,0.0000,4390.0000,1755.0000,0.0000,25.0000,46.0000,24.0000,8.0000
1.9390,0.4880,0.3550,0.3070,0.1770,0.0000,0.0000,1.0960,1.0000,4.5230,186.8620,2.1160,0.0000,0.0000,0.0000,70.0571,0.0000,4391.0000,1755.0000,0.0000,25.0000,46.0000,24.0000,8.0000
1.8910,0.5210,0.3150,0.2980,0.1400,0.0000,0.0000,1.0550,1.0000,4.5230,186.8620,2.1160,0.0000,0.0000,0.0000,70.0571,0.0000,4391.0000,1755.0000,0.0000,25.0000,46.0000,24.0000,8.0000
1.7920,0.5340,0.3200,0.3090,0.1420,0.0000,0.0000,0.9380,1.0000,4.5230,186.8620,2.1160,0.0000,0.0000,0.0000,70.0571,0.0000,4391.0000,1755.0000,0.0000,25.0000,46.0000,24.0000,8.0000
2.1360,0.5200,0.3870,0.2950,0.1810,0.0000,0.0000,1.2290,1.0000,4.5230,186.8620,2.1160,0.0000,0.0000,0.0000,70.0772,0.0000,4393.0000,1755.0000,0.0000,25.0000,46.0000,24.0000,9.0000
1.8240,0.6950,0.3350,0.4010,0.1480,0.0000,0.0000,0.7940,1.0000,4.5230,186.8620,2.1160,0.0000,0.0000,0.0000,70.0772,0.0000,4393.0000,1755.0000,0.0000,25.0000,46.0000,24.0000,9.0000
1.8190,0.5390,0.3490,0.3450,0.1440,0.0000,0.0000,0.9310,1.0000,4.5230,186.8620,2.1160,0.0000,0.0000,0.0000,70.0773,0.0000,4393.0000,1755.0000,0.0000,25.0000,46.0000,24.0000,9.0000
2.1090,0.5420,0.4130,0.3510,0.2230,0.0000,0.0000,1.1540,1.0000,4.5230,186.8620,2.1160,0.0000,0.0000,0.0000,70.0965,0.0000,4395.0000,1755.0000,0.0000,25.0000,46.0000,24.0000,9.0000
1.9670,0.6420,0.3510,0.3580,0.1430,0.0000,0.0000,0.9740,1.0000,4.5230,186.8620,2.1160,0.0000,0.0000,0.0000,69.8111,0.0000,4367.0000,1755.0000,0.0000,25.0000,45.0000,24.0000,8.0000
1.8940,0.5820,0.3560,0.4100,0.1440,0.0000,0.0000,0.9560,1.0000,4.5230,186.8620,2.1160,0.0000,0.0000,0.0000,69.8112,0.0000,4367.0000,1755.0000,0.0000,25.0000,45.0000,24.0000,8.0000
1.8410,0.5680,0.3700,0.3950,0.1860,0.0000,0.0000,0.9030,1.0000,4.5230,186.8620,2.1160,0.0000,0.0000,0.0000,69.8112,0.0000,4367.0000,1755.0000,0.0000,25.0000,45.0000,24.0000,8.0000
1.9700,0.4820,0.3720,0.3150,0.1480,0.0000,0.0000,1.1160,1.0000,4.5230,186.8620,2.1160,0.0000,0.0000,0.0000,69.8112,0.0000,4367.0000,1755.0000,0.0000,25.0000,45.0000,24.0000,8.0000
1.8840,0.4600,0.3330,0.2920,0.1570,0.0000,0.0000,1.0910,1.0000,4.5230,186.8620,2.1160,0.0000,0.0000,0.0000,69.8112,0.0000,4367.0000,1755.0000,0.0000,25.0000,45.0000,24.0000,8.0000
1.9770,0.4600,0.4190,0.2910,0.2440,0.0000,0.0000,1.0980,1.0000,4.5230,186.8620,2.1160,0.0000,0.0000,0.0000,69.8317,0.0000,4369.0000,1755.0000,0.0000,25.0000,45.0000,24.0000,8.0000
1.8240,0.5290,0.3180,0.2840,0.1420,0.0000,0.0000,0.9770,1.0000,4.5230,186.8620,2.1160,0.0000,0.0000,0.0000,69.8317,0.0000,4369.0000,1755.0000,0.0000,25.0000,45.0000,24.0000,8.0000
1.8000,0.4700,0.3250,0.2920,0.1420,0.0000,0.0000,1.0050,1.0000,4.5230,186.8620,2.1160,0.0000,0.0000,0.0000,69.8325,0.0000,4369.0000,1755.0000,0.0000,25.0000,46.0000,24.0000,8.0000
1.9590,0.4870,0.3160,0.2900,0.1410,0.0000,0.0000,1.1560,1.0000,4.5230,186.8620,2.1160,0.0000,0.0000,0.0000,69.8325,0.0000,4369.0000,1755.0000,0.0000,25.0000,46.0000,24.0000,8.0000
2.4110,0.6380,0.4980,0.4500,0.1660,0.0000,0.0000,1.2750,1.0000,4.5230,186.8620,2.1160,0.0000,0.0000,0.0000,69.8318,0.0000,4369.0000,1755.0000,0.0000,25.0000,45.0000,24.0000,8.0000
1.9970,0.5870,0.3620,0.3390,0.1550,0.0000,0.0000,1.0480,1.0000,4.5230,186.8620,2.1160,0.0000,0.0000,0.0000,69.8318,0.0000,4369.0000,1755.0000,0.0000,25.0000,45.0000,24.0000,8.0000
2.0480,0.5010,0.3850,0.3270,0.2000,0.0000,0.0000,1.1620,1.0000,4.5230,186.8620,2.1160,0.0000,0.0000,0.0000,69.8313,0.0000,4369.0000,1755.0000,0.0000,25.0000,44.0000,24.0000,9.0000
1.8490,0.5810,0.3410,0.4070,0.1610,0.0000,0.0000,0.9270,1.0000,4.5230,186.8620,2.1160,0.0000,0.0000,0.0000,69.8320,0.0000,4369.0000,1755.0000,0.0000,25.0000,45.0000,24.0000,9.0000
1.9750,0.4620,0.3370,0.2910,0.1430,0.0000,0.0000,1.1760,1.0000,4.5230,186.8620,2.1160,0.0000,0.0000,0.0000,69.8320,0.0000,4369.0000,1755.0000,0.0000,25.0000,45.0000,24.0000,10.0000
2.0140,0.5260,0.3670,0.3240,0.1940,0.0000,0.0000,1.1210,1.0000,4.5230,186.8620,2.1160,0.0000,0.0000,0.0000,69.8626,0.0000,4372.0000,1755.0000,0.0000,25.0000,45.0000,24.0000,9.0000
1.9200,0.6090,0.3220,0.2860,0.1480,0.0000,0.0000,0.9890,1.0000,4.5230,186.8620,2.1160,0.0000,0.0000,0.0000,69.8627,0.0000,4372.0000,1755.0000,0.0000,25.0000,45.0000,24.0000,9.0000
2.7660,0.4970,0.6190,0.2930,0.4440,0.0000,0.0000,1.6500,1.0000,4.5230,186.8620,2.1160,0.0000,0.0000,0.0000,69.9015,0.0000,4376.0000,1755.0000,0.0000,25.0000,45.0000,24.0000,9.0000
1.9150,0.6930,0.3790,0.3610,0.1450,0.0000,0.0000,0.8430,1.0000,4.5230,186.8620,2.1160,0.0000,0.0000,0.0000,69.9015,0.0000,4376.0000,1755.0000,0.0000,25.0000,45.0000,24.0000,9.0000
1.8910,0.5300,0.3500,0.3450,0.1430,0.0000,0.0000,1.0110,1.0000,4.5230,186.8620,2.1160,0.0000,0.0000,0.0000,69.9017,0.0000,4376.0000,1755.0000,0.0000,25.0000,45.0000,24.0000,9.0000
2.0340,0.5400,0.3830,0.3670,0.1590,0.0000,0.0000,1.1110,1.0000,4.5230,186.8620,2.1160,0.0000,0.0000,0.0000,69.9017,0.0000,4376.0000,1755.0000,0.0000,25.0000,45.0000,24.0000,9.0000
1.9500,0.4850,0.3640,0.3160,0.1470,0.0000,0.0000,1.1010,1.0000,4.5230,186.8620,2.1160,0.0000,0.0000,0.0000,69.9010,0.0000,4376.0000,1755.0000,0.0000,25.0000,44.0000,24.0000,9.0000
2.1010,0.4760,0.4640,0.3090,0.1930,0.0000,0.0000,1.1610,1.0000,4.5230,186.8620,2.1160,0.0000,0.0000,0.0000,69.9010,0.0000,4376.0000,1755.0000,0.0000,25.0000,44.0000,24.0000,10.0000
2.1280,0.5750,0.3960,0.3630,0.1780,0.0000,0.0000,1.1570,1.0000,4.5230,186.8620,2.1160,0.0000,0.0000,0.0000,69.9126,0.0000,4377.0000,1755.0000,0.0000,25.0000,44.0000,24.0000,10.0000
1.8920,0.5950,0.3580,0.3580,0.1430,0.0000,0.0000,0.9390,1.0000,4.5230,186.8620,2.1160,0.0000,0.0000,0.0000,69.9133,0.0000,4377.0000,1755.0000,0.0000,25.0000,45.0000,24.0000,10.0000
1.7740,0.5290,0.3430,0.3480,0.1410,0.0000,0.0000,0.9020,1.0000,4.5230,186.8620,2.1160,0.0000,0.0000,0.0000,69.9134,0.0000,4377.0000,1755.0000,0.0000,25.0000,45.0000,24.0000,10.0000
1.8990,0.4610,0.4260,0.3000,0.2070,0.0000,0.0000,1.0120,1.0000,4.5230,186.8620,2.1160,0.0000,0.0000,0.0000,69.9236,0.0000,4378.0000,1755.0000,0.0000,25.0000,45.0000,24.0000,10.0000
1.8590,0.5000,0.3370,0.2980,0.1540,0.0000,0.0000,1.0220,1.0000,4.5230,186.8620,2.1160,0.0000,0.0000,0.0000,69.9236,0.0000,4378.0000,1755.0000,0.0000,25.0000,45.0000,24.0000,10.0000
2.1430,0.4500,0.5110,0.2850,0.2860,0.0000,0.0000,1.1820,1.0000,4.5230,186.8620,2.1160,0.0000,0.0000,0.0000,69.9340,0.0000,4379.0000,1755.0000,0.0000,25.0000,45.0000,24.0000,11.0000
2.0280,0.5140,0.3710,0.3050,0.1890,0.0000,0.0000,1.1430,1.0000,4.5230,186.8620,2.1160,0.0000,0.0000,0.0000,69.9442,0.0000,4380.0000,1755.0000,0.0000,25.0000,45.0000,24.0000,11.0000
1.8440,0.5380,0.3760,0.2980,0.1460,0.0000,0.0000,0.9300,1.0000,4.5230,186.8620,2.1160,0.0000,0.0000,0.0000,69.9436,0.0000,4380.0000,1755.0000,0.0000,25.0000,44.0000,24.0000,11.0000
1.7580,0.4550,0.3130,0.2860,0.1380,0.0000,0.0000,0.9900,1.0000,4.5230,186.8620,2.1160,0.0000,0.0000,0.0000,69.9436,0.0000,4380.0000,1755.0000,0.0000,25.0000,44.0000,24.0000,11.0000
2.0280,0.4520,0.3690,0.2790,0.1790,0.0000,0.0000,1.2070,1.0000,4.5230,186.8620,2.1160,0.0000,0.0000,0.0000,69.9540,0.0000,4381.0000,1755.0000,0.0000,25.0000,44.0000,24.0000,11.0000
2.0200,0.5310,0.3550,0.2830,0.1730,0.0000,0.0000,1.1340,1.0000,4.5230,186.8620,2.1160,0.0000,0.0000,0.0000,69.9643,0.0000,4382.0000,1755.0000,0.0000,25.0000,44.0000,24.0000,11.0000
2.1550,0.5740,0.4110,0.3240,0.1890,0.0000,0.0000,1.1700,1.0000,4.5230,186.8620,2.1160,0.0000,0.0000,0.0000,69.9846,0.0000,4384.0000,1755.0000,0.0000,25.0000,44.0000,24.0000,11.0000
1.9030,0.5540,0.3250,0.2990,0.1390,0.0000,0.0000,1.0240,1.0000,4.5230,186.8620,2.1160,0.0000,0.0000,0.0000,69.9853,0.0000,4384.0000,1755.0000,0.0000,25.0000,45.0000,24.0000,12.0000
2.0220,0.4990,0.3570,0.3250,0.1630,0.0000,0.0000,1.1660,1.0000,4.5230,186.8620,2.1160,0.0000,0.0000,0.0000,69.9854,0.0000,4384.0000,1755.0000,0.0000,25.0000,45.0000,24.0000,12.0000
1.8470,0.4910,0.3410,0.3030,0.1460,0.0000,0.0000,1.0150,1.0000,4.5230,186.8620,2.1160,0.0000,0.0000,0.0000,69.9854,0.0000,4384.0000,1755.0000,0.0000,25.0000,45.0000,24.0000,12.0000
2.0500,0.5200,0.3720,0.2990,0.1860,0.0000,0.0000,1.1580,1.0000,4.5230,186.8620,2.1160,0.0000,0.0000,0.0000,69.9957,0.0000,4385.0000,1755.0000,0.0000,25.0000,45.0000,24.0000,12.0000
1.8000,0.5560,0.3330,0.3070,0.1410,0.0000,0.0000,0.9110,1.0000,4.5230,186.8620,2.1160,0.0000,0.0000,0.0000,69.9957,0.0000,4385.0000,1755.0000,0.0000,25.0000,45.0000,24.0000,12.0000
1.9800,0.5070,0.3640,0.2920,0.1850,0.0000,0.0000,1.1090,1.0000,4.5230,186.8620,2.1160,0.0000,0.0000,0.0000,70.0060,0.0000,4386.0000,1755.0000,0.0000,25.0000,45.0000,24.0000,12.0000
1.8390,0.6130,0.3460,0.3380,0.1390,0.0000,0.0000,0.8800,1.0000,4.5230,186.8620,2.1160,0.0000,0.0000,0.0000,70.0060,0.0000,4386.0000,1755.0000,0.0000,25.0000,45.0000,24.0000,12.0000
1.8980,0.5360,0.3500,0.3390,0.1430,0.0000,0.0000,1.0120,1.0000,4.5230,186.8620,2.1160,0.0000,0.0000,0.0000,70.0061,0.0000,4386.0000,1755.0000,0.0000,25.0000,45.0000,24.0000,11.0000
1.8660,0.5640,0.4060,0.3940,0.1890,0.0000,0.0000,0.8960,1.0000,4.5230,186.8620,2.1160,0.0000,0.0000,0.0000,70.0061,0.0000,4386.0000,1755.0000,0.0000,25.0000,45.0000,24.0000,11.0000
2.0380,0.4990,0.3310,0.3270,0.1550,0.0000,0.0000,1.2080,1.0000,4.5230,186.8620,2.1160,0.0000,0.0000,0.0000,70.0065,0.0000,4386.0000,1755.0000,0.0000,25.0000,45.0000,24.0000,10.0000
1.8720,0.6350,0.3430,0.4520,0.1510,0.0000,0.0000,0.8940,1.0000,4.5230,186.8620,2.1160,0.0000,0.0000,0.0000,70.0073,0.0000,4386.0000,1755.0000,0.0000,25.0000,46.0000,24.0000,10.0000
2.0190,0.4530,0.3710,0.2870,0.1920,0.0000,0.0000,1.1950,1.0000,4.5230,186.8620,2.1160,0.0000,0.0000,0.0000,70.0177,0.0000,4387.0000,1755.0000,0.0000,25.0000,46.0000,24.0000,10.0000
1.9060,0.5940,0.3360,0.3730,0.1580,0.0000,0.0000,0.9760,1.0000,4.5230,186.8620,2.1160,0.0000,0.0000,0.0000,70.0177,0.0000,4387.0000,1755.0000,0.0000,25.0000,46.0000,24.0000,11.0000
2.0010,0.5360,0.3880,0.3060,0.1910,0.0000,0.0000,1.0770,1.0000,4.5230,186.8620,2.1160,0.0000,0.0000,0.0000,70.0171,0.0000,4387.0000,1755.0000,0.0000,25.0000,46.0000,24.0000,10.0000
1.8970,0.5190,0.3350,0.3140,0.1530,0.0000,0.0000,1.0430,1.0000,4.5230,186.8620,2.1160,0.0000,0.0000,0.0000,69.7815,0.0000,4364.0000,1755.0000,0.0000,25.0000,46.0000,24.0000,10.0000
1.8320,0.4700,0.3200,0.2960,0.1450,0.0000,0.0000,1.0420,1.0000,4.5230,186.8620,2.1160,0.0000,0.0000,0.0000,69.7814,0.0000,4364.0000,1755.0000,0.0000,25.0000,46.0000,24.0000,10.0000
1.7580,0.5210,0.3180,0.3150,0.1420,0.0000,0.0000,0.9190,1.0000,4.5230,186.8620,2.1160,0.0000,0.0000,0.0000,69.7814,0.0000,4364.0000,1755.0000,0.0000,25.0000,46.0000,24.0000,10.0000
2.0430,0.5300,0.3950,0.3520,0.1930,0.0000,0.0000,1.1180,1.0000,4.5230,186.8620,2.1160,0.0000,0.0000,0.0000,69.8119,0.0000,4367.0000,1755.0000,0.0000,25.0000,46.0000,24.0000,10.0000
1.9110,0.6370,0.3900,0.3500,0.1550,0.0000,0.0000,0.8840,1.0000,4.5230,186.8620,2.1160,0.0000,0.0000,0.0000,69.8120,0.0000,4367.0000,1755.0000,0.0000,25.0000,46.0000,24.0000,12.0000
1.7960,0.5880,0.3630,0.3970,0.1510,0.0000,0.0000,0.8450,1.0000,4.5230,186.8620,2.1160,0.0000,0.0000,0.0000,69.8115,0.0000,4367.0000,1755.0000,0.0000,25.0000,45.0000,24.0000,12.0000
1.9110,0.4710,0.4350,0.3130,0.2120,0.0000,0.0000,1.0050,1.0000,4.5230,186.8620,2.1160,0.0000,0.0000,0.0000,69.8224,0.0000,4368.0000,1755.0000,0.0000,25.0000,46.0000,24.0000,12.0000
2.1520,0.5120,0.3340,0.3140,0.1570,0.0000,0.0000,1.3060,1.0000,4.5230,186.8620,2.1160,0.0000,0.0000,0.0000,69.8217,0.0000,4368.0000,1755.0000,0.0000,25.0000,45.0000,24.0000,12.0000
2.0960,0.6850,0.3640,0.5260,0.1820,0.0000,0.0000,1.0470,1.0000,4.5230,186.8620,2.1160,0.0000,0.0000,0.0000,69.8218,0.0000,4368.0000,1755.0000,0.0000,25.0000,45.0000,24.0000,12.0000
2.2320,0.4860,0.4060,0.3180,0.1560,0.0000,0.0000,1.3400,1.0000,4.5230,186.8620,2.1160,0.0000,0.0000,0.0000,69.8278,0.0000,4369.0000,1755.0000,0.0000,25.0000,45.0000,24.0000,12.0000
2.5310,0.6720,0.3700,0.4810,0.1810,0.0000,0.0000,1.4890,1.0000,4.5230,186.8620,2.1160,0.0000,0.0000,0.0000,69.8350,0.0000,4370.0000,1755.0000,0.0000,25.0000,45.0000,24.0000,13.0000
3.2200,0.7570,0.7270,0.5370,0.5050,0.0000,0.0000,1.7360,1.0000,4.5230,186.8620,2.1160,0.0000,0.0000,0.0000,69.9388,0.0000,4392.0000,1755.0000,0.0000,25.0000,45.0000,24.0000,13.0000
2.1470,1.1270,0.4220,0.3750,0.1630,0.0000,0.0000,0.5980,1.0000,4.5230,186.8620,2.1160,0.0000,0.0000,0.0000,69.9514,0.0000,4393.0000,1755.0000,0.0000,25.0000,46.0000,24.0000,13.0000
2.1980,0.5870,0.4370,0.3570,0.1920,0.0000,0.0000,1.1740,1.0000,4.5230,186.8620,2.1160,0.0000,0.0000,0.0000,69.9721,0.0000,4395.0000,1755.0000,0.0000,25.0000,46.0000,24.0000,13.0000
2.2190,0.5910,0.3170,0.2940,0.1410,0.0000,0.0000,1.3110,1.0000,4.5230,186.8620,2.1160,0.0000,0.0000,0.0000,69.9722,0.0000,4395.0000,1755.0000,0.0000,25.0000,46.0000,24.0000,13.0000
2.2510,0.7980,0.3930,0.6280,0.1900,0.0000,0.0000,1.0600,1.0000,4.5230,186.8620,2.1160,0.0000,0.0000,0.0000,69.9819,0.0000,4396.0000,1755.0000,0.0000,25.0000,45.0000,24.0000,13.0000
2.2510,0.5300,0.4120,0.2980,0.2170,0.0000,0.0000,1.3090,1.0000,4.5230,186.8620,2.1160,0.0000,0.0000,0.0000,69.9914,0.0000,4397.0000,1755.0000,0.0000,25.0000,44.0000,24.0000,13.0000
2.0370,0.6370,0.3660,0.4170,0.1520,0.0000,0.0000,1.0340,1.0000,4.5230,186.8620,2.1160,0.0000,0.0000,0.0000,69.9915,0.0000,4397.0000,1755.0000,0.0000,25.0000,44.0000,24.0000,13.0000
2.1440,0.5350,0.3840,0.3680,0.1750,0.0000,0.0000,1.2250,1.0000,4.5230,186.8620,2.1160,0.0000,0.0000,0.0000,69.9916,0.0000,4397.0000,1755.0000,0.0000,25.0000,44.0000,24.0000,13.0000
2.0770,0.5740,0.3300,0.3380,0.1460,0.0000,0.0000,1.1730,1.0000,4.5230,186.8620,2.1160,0.0000,0.0000,0.0000,69.9916,0.0000,4397.0000,1755.0000,0.0000,25.0000,44.0000,24.0000,13.0000
2.3190,0.5500,0.4240,0.3610,0.2420,0.0000,0.0000,1.3450,1.0000,4.5230,186.8620,2.1160,0.0000,0.0000,0.0000,70.0119,0.0000,4399.0000,1755.0000,0.0000,25.0000,44.0000,24.0000,13.0000
2.1910,0.5590,0.3840,0.2930,0.1970,0.0000,0.0000,1.2480,1.0000,4.5230,186.8620,2.1160,0.0000,0.0000,0.0000,70.0331,0.0000,4401.0000,1755.0000,0.0000,25.0000,45.0000,24.0000,13.0000
2.4060,0.5610,0.4780,0.3080,0.2440,0.0000,0.0000,1.3670,1.0000,4.5230,186.8620,2.1160,0.0000,0.0000,0.0000,70.0737,0.0000,4405.0000,1755.0000,0.0000,25.0000,45.0000,24.0000,13.0000
2.2690,0.7380,0.3830,0.3680,0.1880,0.0000,0.0000,1.1480,1.0000,4.5230,186.8620,2.1160,0.0000,0.0000,0.0000,70.0745,0.0000,4405.0000,1755.0000,0.0000,25.0000,46.0000,24.0000,13.0000
2.2590,0.5750,0.3340,0.3340,0.1440,0.0000,0.0000,1.3500,1.0000,4.5230,186.8620,2.1160,0.0000,0.0000,0.0000,70.0740,0.0000,4405.0000,1755.0000,0.0000,25.0000,45.0000,24.0000,13.0000
2.2160,0.4830,0.3490,0.3010,0.1470,0.0000,0.0000,1.3840,1.0000,4.5230,186.8620,2.1160,0.0000,0.0000,0.0000,70.0740,0.0000,4405.0000,1755.0000,0.0000,25.0000,45.0000,24.0000,13.0000
2.7260,0.5840,0.7850,0.3780,0.5630,0.0000,0.0000,1.3570,1.0000,4.5230,186.8620,2.1160,0.0000,0.0000,0.0000,70.0843,0.0000,4406.0000,1755.0000,0.0000,25.0000,45.0000,24.0000,13.0000
2.2950,0.5510,0.3900,0.3100,0.1550,0.0000,0.0000,1.3540,1.0000,4.5230,186.8620,2.1160,0.0000,0.0000,0.0000,70.0850,0.0000,4406.0000,1755.0000,0.0000,25.0000,46.0000,24.0000,13.0000
2.1880,0.4930,0.3870,0.3120,0.1480,0.0000,0.0000,1.3080,1.0000,4.5230,186.8620,2.1160,0.0000,0.0000,0.0000,70.0850,0.0000,4406.0000,1755.0000,0.0000,25.0000,46.0000,24.0000,13.0000
2.3310,0.5630,0.3710,0.3770,0.1850,0.0000,0.0000,1.3970,1.0000,4.5230,186.8620,2.1160,0.0000,0.0000,0.0000,70.1156,0.0000,4409.0000,1755.0000,0.0000,25.0000,46.0000,24.0000,13.0000
2.5610,0.7070,0.3420,0.2960,0.1630,0.0000,0.0000,1.5120,1.0000,4.5230,186.8620,2.1160,0.0000,0.0000,0.0000,70.1266,0.0000,4410.0000,1755.0000,0.0000,25.0000,47.0000,24.0000,13.0000
2.3720,0.6740,0.4530,0.4380,0.1820,0.0000,0.0000,1.2450,1.0000,4.5230,186.8620,2.1160,0.0000,0.0000,0.0000,70.1275,0.0000,4410.0000,1755.0000,0.0000,25.0000,48.0000,24.0000,13.0000
2.3420,0.6250,0.3930,0.4250,0.1780,0.0000,0.0000,1.3240,1.0000,4.5230,186.8620,2.1160,0.0000,0.0000,0.0000,70.1298,0.0000,4397.0000,1755.0000,0.0000,25.0000,48.0000,24.0000,14.0000
2.4350,0.5550,0.3510,0.3060,0.1480,0.0000,0.0000,1.5290,1.0000,4.5230,186.8620,2.1160,0.0000,0.0000,0.0000,70.1298,0.0000,4397.0000,1755.0000,0.0000,25.0000,48.0000,24.0000,14.0000
2.5750,0.6650,0.4770,0.4700,0.2340,0.0000,0.0000,1.4330,1.0000,4.5230,186.8620,2.1160,0.0000,0.0000,0.0000,70.1402,0.0000,4398.0000,1755.0000,0.0000,25.0000,48.0000,24.0000,13.0000
2.3300,0.6290,0.4300,0.3210,0.2280,0.0000,0.0000,1.2710,1.0000,4.5230,186.8620,2.1160,0.0000,0.0000,0.0000,70.1512,0.0000,4399.0000,1755.0000,0.0000,25.0000,49.0000,24.0000,14.0000
2.2420,0.6700,0.4100,0.4410,0.1630,0.0000,0.0000,1.1620,1.0000,4.5230,186.8620,2.1160,0.0000,0.0000,0.0000,70.1512,0.0000,4399.0000,1755.0000,0.0000,25.0000,49.0000,24.0000,14.0000
2.2270,0.5600,0.3550,0.3650,0.1420,0.0000,0.0000,1.3120,1.0000,4.5230,186.8620,2.1160,0.0000,0.0000,0.0000,70.1513,0.0000,4399.0000,1755.0000,0.0000,25.0000,49.0000,24.0000,14.0000
2.1450,0.5510,0.3660,0.3200,0.1570,0.0000,0.0000,1.2280,1.0000,4.5230,186.8620,2.1160,0.0000,0.0000,0.0000,70.1500,0.0000,4398.0000,1755.0000,0.0000,25.0000,49.0000,24.0000,14.0000
2.1240,0.5500,0.3800,0.3450,0.1490,0.0000,0.0000,1.1940,1.0000,4.5230,186.8620,2.1160,0.0000,0.0000,0.0000,70.1507,0.0000,4398.0000,1755.0000,0.0000,25.0000,50.0000,24.0000,14.0000
2.1910,0.5110,0.4150,0.3250,0.2230,0.0000,0.0000,1.2650,1.0000,4.5230,186.8620,2.1160,0.0000,0.0000,0.0000,70.1610,0.0000,4399.0000,1755.0000,0.0000,25.0000,50.0000,24.0000,14.0000
2.1280,0.5770,0.4160,0.3540,0.1910,0.0000,0.0000,1.1350,1.0000,4.5230,186.8620,2.1160,0.0000,0.0000,0.0000,70.1712,0.0000,4400.0000,1755.0000,0.0000,25.0000,50.0000,24.0000,14.0000
2.1040,0.6100,0.3580,0.3900,0.1630,0.0000,0.0000,1.1360,1.0000,4.5230,186.8620,2.1160,0.0000,0.0000,0.0000,70.1705,0.0000,4400.0000,1755.0000,0.0000,25.0000,49.0000,24.0000,14.0000
2.1900,0.5850,0.3900,0.3950,0.1810,0.0000,0.0000,1.2150,1.0000,4.5230,186.8620,2.1160,0.0000,0.0000,0.0000,69.8466,0.0000,4369.0000,1755.0000,0.0000,25.0000,49.0000,24.0000,15.0000
2.1740,0.6530,0.3840,0.3640,0.1900,0.0000,0.0000,1.1370,1.0000,4.5230,186.8620,2.1160,0.0000,0.0000,0.0000,69.8672,0.0000,4371.0000,1755.0000,0.0000,25.0000,49.0000,24.0000,15.0000
2.1450,0.5750,0.3650,0.3030,0.1770,0.0000,0.0000,1.2050,1.0000,4.5230,186.8620,2.1160,0.0000,0.0000,0.0000,69.8769,0.0000,4372.0000,1755.0000,0.0000,25.0000,48.0000,24.0000,15.0000
2.6670,0.5440,0.3680,0.3150,0.1680,0.0000,0.0000,1.7550,1.0000,4.5230,186.8620,2.1160,0.0000,0.0000,0.0000,69.8770,0.0000,4372.0000,1755.0000,0.0000,25.0000,48.0000,24.0000,15.0000
2.1300,0.6700,0.3570,0.4330,0.1510,0.0000,0.0000,1.1030,1.0000,4.5230,186.8620,2.1160,0.0000,0.0000,0.0000,69.8770,0.0000,4372.0000,1755.0000,0.0000,25.0000,48.0000,24.0000,15.0000
2.8470,0.5190,0.8200,0.3220,0.6080,0.0000,0.0000,1.5080,1.0000,4.5230,186.8620,2.1160,0.0000,0.0000,0.0000,69.8971,0.0000,4374.0000,1755.0000,0.0000,25.0000,48.0000,24.0000,15.0000
2.5160,0.6710,0.4250,0.3870,0.2270,0.0000,0.0000,1.4200,1.0000,4.5230,186.8620,2.1160,0.0000,0.0000,0.0000,69.9084,0.0000,4375.0000,1755.0000,0.0000,25.0000,49.0000,24.0000,16.0000
2.1810,0.7160,0.4170,0.4780,0.1670,0.0000,0.0000,1.0480,1.0000,4.5230,186.8620,2.1160,0.0000,0.0000,0.0000,69.9085,0.0000,4375.0000,1755.0000,0.0000,25.0000,49.0000,24.0000,16.0000
3.2320,0.5700,0.4530,0.3830,0.2320,0.0000,0.0000,2.2090,1.0000,4.5230,186.8620,2.1160,0.0000,0.0000,0.0000,69.9202,0.0000,4376.0000,1755.0000,0.0000,25.0000,51.0000,24.0000,16.0000
2.7320,1.3440,0.4310,1.0900,0.1990,0.0000,0.0000,0.9570,1.0000,4.5230,186.8620,2.1160,0.0000,0.0000,0.0000,69.9407,0.0000,4378.0000,1755.0000,0.0000,25.0000,51.0000,24.0000,15.0000
2.5460,0.7330,0.4770,0.3930,0.2270,0.0000,0.0000,1.3360,1.0000,4.5230,186.8620,2.1160,0.0000,0.0000,0.0000,69.9714,0.0000,4381.0000,1755.0000,0.0000,25.0000,51.0000,24.0000,15.0000
2.1370,0.7000,0.4100,0.3370,0.2050,0.0000,0.0000,1.0270,1.0000,4.5230,186.8620,2.1160,0.0000,0.0000,0.0000,69.9715,0.0000,4381.0000,1755.0000,0.0000,25.0000,51.0000,24.0000,15.0000
2.2540,0.4940,0.4260,0.3090,0.2400,0.0000,0.0000,1.3340,1.0000,4.5230,186.8620,2.1160,0.0000,0.0000,0.0000,69.9927,0.0000,4383.0000,1755.0000,0.0000,25.0000,52.0000,24.0000,15.0000
2.2560,0.5640,0.4320,0.3100,0.1660,0.0000,0.0000,1.2600,1.0000,4.5230,186.8620,2.1160,0.0000,0.0000,0.0000,69.9934,0.0000,4383.0000,1755.0000,0.0000,25.0000,53.0000,24.0000,13.0000
2.1820,0.6470,0.3480,0.4520,0.1460,0.0000,0.0000,1.1870,1.0000,4.5230,186.8620,2.1160,0.0000,0.0000,0.0000,69.9921,0.0000,4383.0000,1755.0000,0.0000,25.0000,51.0000,24.0000,12.0000
2.4160,0.5860,0.3780,0.3430,0.1800,0.0000,0.0000,1.4520,1.0000,4.5230,186.8620,2.1160,0.0000,0.0000,0.0000,70.0031,0.0000,4384.0000,1755.0000,0.0000,25.0000,52.0000,24.0000,11.0000
2.3360,0.5910,0.4210,0.3080,0.2300,0.0000,0.0000,1.3240,1.0000,4.5230,186.8620,2.1160,0.0000,0.0000,0.0000,70.0023,0.0000,4384.0000,1755.0000,0.0000,25.0000,51.0000,24.0000,14.0000
2.2090,0.6630,0.4220,0.4040,0.1980,0.0000,0.0000,1.1240,1.0000,4.5230,186.8620,2.1160,0.0000,0.0000,0.0000,70.0134,0.0000,4385.0000,1755.0000,0.0000,25.0000,52.0000,24.0000,13.0000
2.1640,0.6260,0.3660,0.3570,0.1660,0.0000,0.0000,1.1720,1.0000,4.5230,186.8620,2.1160,0.0000,0.0000,0.0000,70.0135,0.0000,4385.0000,1755.0000,0.0000,25.0000,52.0000,24.0000,13.0000
2.3390,0.5190,0.3540,0.3060,0.1610,0.0000,0.0000,1.4660,1.0000,4.5230,186.8620,2.1160,0.0000,0.0000,0.0000,70.0150,0.0000,4385.0000,1755.0000,0.0000,25.0000,54.0000,24.0000,14.0000
2.2310,0.5760,0.4190,0.3110,0.1750,0.0000,0.0000,1.2360,1.0000,4.5230,186.8620,2.1160,0.0000,0.0000,0.0000,70.0150,0.0000,4385.0000,1755.0000,0.0000,25.0000,54.0000,24.0000,13.0000
2.3940,0.5580,0.3690,0.3700,0.1600,0.0000,0.0000,1.4670,1.0000,4.5230,186.8620,2.1160,0.0000,0.0000,0.0000,70.0151,0.0000,4385.0000,1755.0000,0.0000,25.0000,54.0000,24.0000,13.0000
2.2000,0.5910,0.3700,0.4090,0.1800,0.0000,0.0000,1.2390,1.0000,4.5230,186.8620,2.1160,0.0000,0.0000,0.0000,70.0151,0.0000,4385.0000,1755.0000,0.0000,25.0000,54.0000,24.0000,13.0000
2.2740,0.5420,0.4820,0.3300,0.2790,0.0000,0.0000,1.2500,1.0000,4.5230,186.8620,2.1160,0.0000,0.0000,0.0000,70.0254,0.0000,4386.0000,1755.0000,0.0000,25.0000,54.0000,24.0000,14.0000
2.1470,0.6290,0.4480,0.4090,0.2110,0.0000,0.0000,1.0700,1.0000,4.5230,186.8620,2.1160,0.0000,0.0000,0.0000,70.0350,0.0000,4387.0000,1755.0000,0.0000,25.0000,53.0000,24.0000,13.0000
2.6400,0.5910,0.3980,0.3750,0.2050,0.0000,0.0000,1.6510,1.0000,4.5230,186.8620,2.1160,0.0000,0.0000,0.0000,70.0453,0.0000,4388.0000,1755.0000,0.0000,25.0000,53.0000,24.0000,13.0000
2.5590,0.6130,0.4400,0.3210,0.2360,0.0000,0.0000,1.5060,1.0000,4.5230,186.8620,2.1160,0.0000,0.0000,0.0000,70.0557,0.0000,4389.0000,1755.0000,0.0000,25.0000,53.0000,24.0000,14.0000
2.3200,0.5730,0.4240,0.3510,0.2040,0.0000,0.0000,1.3230,1.0000,4.5230,186.8620,2.1160,0.0000,0.0000,0.0000,70.0760,0.0000,4391.0000,1755.0000,0.0000,25.0000,53.0000,24.0000,13.0000
2.6660,0.5850,0.4000,0.3070,0.1970,0.0000,0.0000,1.6810,1.0000,4.5230,186.8620,2.1160,0.0000,0.0000,0.0000,70.0855,0.0000,4392.0000,1755.0000,0.0000,25.0000,52.0000,24.0000,15.0000
3.6830,1.0130,0.3960,0.7890,0.1850,0.0000,0.0000,2.2740,1.0000,4.5230,186.8620,2.1160,0.0000,0.0000,0.0000,70.0959,0.0000,4393.0000,1755.0000,0.0000,25.0000,52.0000,24.0000,15.0000
2.7310,0.6400,0.4750,0.3080,0.2270,0.0000,0.0000,1.6160,1.0000,4.5230,186.8620,2.1160,0.0000,0.0000,0.0000,70.1059,0.0000,4395.0000,1755.0000,0.0000,25.0000,51.0000,24.0000,16.0000
2.4150,0.6950,0.4690,0.3730,0.2230,0.0000,0.0000,1.2510,1.0000,4.5230,186.8620,2.1160,0.0000,0.0000,0.0000,70.1053,0.0000,4395.0000,1755.0000,0.0000,25.0000,50.0000,24.0000,15.0000
2.4910,0.6350,0.4930,0.4320,0.2270,0.0000,0.0000,1.3630,1.0000,4.5230,186.8620,2.1160,0.0000,0.0000,0.0000,70.1149,0.0000,4396.0000,1755.0000,0.0000,25.0000,49.0000,24.0000,15.0000
2.4010,0.6490,0.3880,0.3640,0.1930,0.0000,0.0000,1.3640,1.0000,4.5230,186.8620,2.1160,0.0000,0.0000,0.0000,70.1355,0.0000,4398.0000,1755.0000,0.0000,25.0000,49.0000,24.0000,16.0000
2.2090,0.5830,0.4210,0.3120,0.1730,0.0000,0.0000,1.2050,1.0000,4.5230,186.8620,2.1160,0.0000,0.0000,0.0000,70.1349,0.0000,4398.0000,1755.0000,0.0000,25.0000,48.0000,24.0000,16.0000
2.4410,0.6170,0.4100,0.3670,0.2020,0.0000,0.0000,1.4140,1.0000,4.5230,186.8620,2.1160,0.0000,0.0000,0.0000,70.1555,0.0000,4400.0000,1755.0000,0.0000,25.0000,49.0000,24.0000,16.0000
2.4190,0.6510,0.4550,0.3260,0.2030,0.0000,0.0000,1.3130,1.0000,4.5230,186.8620,2.1160,0.0000,0.0000,0.0000,70.1555,0.0000,4400.0000,1755.0000,0.0000,25.0000,49.0000,24.0000,15.0000
2.2920,0.5790,0.4160,0.3810,0.1690,0.0000,0.0000,1.2970,1.0000,4.5230,186.8620,2.1160,0.0000,0.0000,0.0000,70.1557,0.0000,4400.0000,1755.0000,0.0000,25.0000,49.0000,24.0000,16.0000
3.2400,0.5720,0.5550,0.3850,0.1880,0.0000,0.0000,2.1130,1.0000,4.5230,186.8620,2.1160,0.0000,0.0000,0.0000,70.1549,0.0000,4400.0000,1755.0000,0.0000,25.0000,48.0000,24.0000,15.0000
2.2760,0.6200,0.3970,0.4010,0.1520,0.0000,0.0000,1.2590,1.0000,4.5230,186.8620,2.1160,0.0000,0.0000,0.0000,69.8430,0.0000,4370.0000,1755.0000,0.0000,25.0000,48.0000,24.0000,16.0000
2.0750,0.5540,0.3630,0.3320,0.1940,0.0000,0.0000,1.1580,1.0000,4.5230,186.8620,2.1160,0.0000,0.0000,0.0000,69.8429,0.0000,4370.0000,1755.0000,0.0000,25.0000,48.0000,24.0000,17.0000
2.0180,0.4600,0.3610,0.2850,0.1640,0.0000,0.0000,1.1970,1.0000,4.5230,186.8620,2.1160,0.0000,0.0000,0.0000,69.8532,0.0000,4371.0000,1755.0000,0.0000,25.0000,48.0000,24.0000,16.0000
1.9560,0.5340,0.3370,0.3330,0.1390,0.0000,0.0000,1.0850,1.0000,4.5230,186.8620,2.1160,0.0000,0.0000,0.0000,69.8532,0.0000,4371.0000,1755.0000,0.0000,25.0000,48.0000,24.0000,15.0000
2.1090,0.4570,0.3310,0.2950,0.1720,0.0000,0.0000,1.3210,1.0000,4.5230,186.8620,2.1160,0.0000,0.0000,0.0000,69.8540,0.0000,4371.0000,1755.0000,0.0000,25.0000,49.0000,24.0000,17.0000
2.9930,0.4880,0.6120,0.3140,0.4090,0.0000,0.0000,1.8930,1.0000,4.5230,186.8620,2.1160,0.0000,0.0000,0.0000,69.8832,0.0000,4374.0000,1755.0000,0.0000,25.0000,47.0000,24.0000,16.0000
4.3530,0.6270,0.3400,0.3200,0.1650,0.0000,0.0000,3.3860,1.0000,4.5230,186.8620,2.1160,0.0000,0.0000,0.0000,69.8942,0.0000,4375.0000,1755.0000,0.0000,25.0000,48.0000,24.0000,16.0000
2.9940,1.0470,0.5640,0.8360,0.3020,0.0000,0.0000,1.3830,1.0000,4.5230,186.8620,2.1160,0.0000,0.0000,0.0000,69.9040,0.0000,4376.0000,1755.0000,0.0000,25.0000,47.0000,24.0000,16.0000
3.0260,0.6710,0.4990,0.3930,0.2450,0.0000,0.0000,1.8560,1.0000,4.5230,186.8620,2.1160,0.0000,0.0000,0.0000,69.9164,0.0000,4377.0000,1755.0000,0.0000,25.0000,50.0000,24.0000,16.0000
3.2270,0.7630,0.5960,0.4700,0.3520,0.0000,0.0000,1.8680,1.0000,4.5230,186.8620,2.1160,0.0000,0.0000,0.0000,69.9368,0.0000,4379.0000,1755.0000,0.0000,25.0000,50.0000,24.0000,16.0000
2.3020,0.9370,0.3750,0.5600,0.1520,0.0000,0.0000,0.9900,1.0000,4.5230,186.8620,2.1160,0.0000,0.0000,0.0000,69.9376,0.0000,4379.0000,1755.0000,0.0000,25.0000,51.0000,24.0000,16.0000
2.1300,0.6110,0.3900,0.4180,0.1650,0.0000,0.0000,1.1290,1.0000,4.5230,186.8620,2.1160,0.0000,0.0000,0.0000,69.9384,0.0000,4379.0000,1755.0000,0.0000,25.0000,52.0000,24.0000,16.0000
2.4900,0.5440,0.4170,0.3610,0.1770,0.0000,0.0000,1.5290,1.0000,4.5230,186.8620,2.1160,0.0000,0.0000,0.0000,69.9384,0.0000,4379.0000,1755.0000,0.0000,25.0000,52.0000,24.0000,16.0000
3.0180,0.6240,0.5690,0.3300,0.3220,0.0000,0.0000,1.8250,1.0000,4.5230,186.8620,2.1160,0.0000,0.0000,0.0000,69.9696,0.0000,4382.0000,1755.0000,0.0000,25.0000,53.0000,24.0000,16.0000
2.4370,0.8900,0.4310,0.4310,0.2360,0.0000,0.0000,1.1160,1.0000,4.5230,186.8620,2.1160,0.0000,0.0000,0.0000,70.0103,0.0000,4386.0000,1755.0000,0.0000,25.0000,53.0000,24.0000,16.0000
3.0430,0.7220,0.9130,0.3700,0.6660,0.0000,0.0000,1.4080,1.0000,4.5230,186.8620,2.1160,0.0000,0.0000,0.0000,70.0290,0.0000,4388.0000,1755.0000,0.0000,25.0000,53.0000,24.0000,16.0000
2.7280,0.6940,0.5100,0.4350,0.2370,0.0000,0.0000,1.5240,1.0000,4.5230,186.8620,2.1160,0.0000,0.0000,0.0000,70.0395,0.0000,4389.0000,1755.0000,0.0000,25.0000,53.0000,24.0000,16.0000
2.9010,0.8120,0.4850,0.5110,0.2440,0.0000,0.0000,1.6040,1.0000,4.5230,186.8620,2.1160,0.0000,0.0000,0.0000,70.0490,0.0000,4390.0000,1755.0000,0.0000,25.0000,52.0000,24.0000,18.0000
2.3560,0.9030,0.4980,0.4390,0.2460,0.0000,0.0000,0.9550,1.0000,4.5230,186.8620,2.1160,0.0000,0.0000,0.0000,70.0483,0.0000,4390.0000,1755.0000,0.0000,25.0000,51.0000,24.0000,18.0000
3.6830,0.6420,0.4280,0.4430,0.1850,0.0000,0.0000,2.6130,1.0000,4.5230,186.8620,2.1160,0.0000,0.0000,0.0000,70.0491,0.0000,4390.0000,1755.0000,0.0000,25.0000,52.0000,24.0000,18.0000
2.3060,0.8140,0.4580,0.5000,0.2440,0.0000,0.0000,1.0340,1.0000,4.5230,186.8620,2.1160,0.0000,0.0000,0.0000,70.0491,0.0000,4390.0000,1755.0000,0.0000,25.0000,52.0000,24.0000,18.0000
2.2610,0.5820,0.3930,0.3850,0.1650,0.0000,0.0000,1.2860,1.0000,4.5230,186.8620,2.1160,0.0000,0.0000,0.0000,70.0484,0.0000,4390.0000,1755.0000,0.0000,25.0000,51.0000,24.0000,17.0000
2.2700,0.6530,0.4030,0.4410,0.1990,0.0000,0.0000,1.2140,1.0000,4.5230,186.8620,2.1160,0.0000,0.0000,0.0000,70.0596,0.0000,4391.0000,1755.0000,0.0000,25.0000,52.0000,24.0000,17.0000
2.1700,0.6380,0.3740,0.3390,0.1850,0.0000,0.0000,1.1580,1.0000,4.5230,186.8620,2.1160,0.0000,0.0000,0.0000,70.0713,0.0000,4392.0000,1755.0000,0.0000,25.0000,54.0000,24.0000,17.0000
2.5820,0.6170,0.5120,0.3440,0.2780,0.0000,0.0000,1.4530,1.0000,4.5230,186.8620,2.1160,0.0000,0.0000,0.0000,70.0920,0.0000,4394.0000,1755.0000,0.0000,25.0000,54.0000,24.0000,17.0000
2.2430,0.7350,0.3950,0.4030,0.1890,0.0000,0.0000,1.1130,1.0000,4.5230,186.8620,2.1160,0.0000,0.0000,0.0000,70.0901,0.0000,4394.0000,1755.0000,0.0000,25.0000,51.0000,24.0000,17.0000
2.4220,0.6350,0.4760,0.3870,0.2560,0.0000,0.0000,1.3110,1.0000,4.5230,186.8620,2.1160,0.0000,0.0000,0.0000,70.0997,0.0000,4395.0000,1755.0000,0.0000,25.0000,50.0000,24.0000,17.0000
2.3330,0.6650,0.4630,0.4090,0.2190,0.0000,0.0000,1.2050,1.0000,4.5230,186.8620,2.1160,0.0000,0.0000,0.0000,70.1108,0.0000,4396.0000,1755.0000,0.0000,25.0000,51.0000,24.0000,17.0000
2.1770,0.6050,0.3660,0.3760,0.1490,0.0000,0.0000,1.2060,1.0000,4.5230,186.8620,2.1160,0.0000,0.0000,0.0000,70.1109,0.0000,4396.0000,1755.0000,0.0000,25.0000,51.0000,24.0000,17.0000
3.5160,0.6450,0.3990,0.4080,0.1970,0.0000,0.0000,2.4720,1.0000,4.5230,186.8620,2.1160,0.0000,0.0000,0.0000,70.1205,0.0000,4397.0000,1755.0000,0.0000,25.0000,50.0000,24.0000,17.0000
3.2580,0.6590,0.6100,0.3870,0.2950,0.0000,0.0000,1.9890,1.0000,4.5230,186.8620,2.1160,0.0000,0.0000,0.0000,70.1407,0.0000,4399.0000,1755.0000,0.0000,25.0000,50.0000,24.0000,17.0000
2.3980,1.0780,0.4330,0.6340,0.1850,0.0000,0.0000,0.8870,1.0000,4.5230,186.8620,2.1160,0.0000,0.0000,0.0000,70.1408,0.0000,4399.0000,1755.0000,0.0000,25.0000,50.0000,24.0000,17.0000
2.8900,0.6760,0.6520,0.4110,0.3570,0.0000,0.0000,1.5620,1.0000,4.5230,186.8620,2.1160,0.0000,0.0000,0.0000,70.1717,0.0000,4402.0000,1755.0000,0.0000,25.0000,50.0000,24.0000,17.0000
2.6820,0.7800,0.3740,0.3720,0.1690,0.0000,0.0000,1.5280,1.0000,4.5230,186.8620,2.1160,0.0000,0.0000,0.0000,70.1717,0.0000,4402.0000,1755.0000,0.0000,25.0000,50.0000,24.0000,17.0000
3.4250,0.6400,0.4010,0.4280,0.1630,0.0000,0.0000,2.3840,1.0000,4.5230,186.8620,2.1160,0.0000,0.0000,0.0000,70.1720,0.0000,4402.0000,1755.0000,0.0000,25.0000,50.0000,24.0000,18.0000
3.0840,1.6220,0.4390,1.3600,0.2300,0.0000,0.0000,1.0230,1.0000,4.5230,186.8620,2.1160,0.0000,0.0000,0.0000,70.1718,0.0000,4402.0000,1755.0000,0.0000,25.0000,50.0000,24.0000,18.0000
2.9540,0.8960,0.6250,0.6150,0.3310,0.0000,0.0000,1.4330,1.0000,4.5230,186.8620,2.1160,0.0000,0.0000,0.0000,69.9142,0.0000,4377.0000,1755.0000,0.0000,25.0000,49.0000,24.0000,18.0000
3.4140,0.7740,0.5510,0.3400,0.3270,0.0000,0.0000,2.0890,1.0000,4.5230,186.8620,2.1160,0.0000,0.0000,0.0000,69.9346,0.0000,4379.0000,1755.0000,0.0000,25.0000,49.0000,24.0000,18.0000
3.7710,1.0190,0.5150,0.5240,0.2320,0.0000,0.0000,2.2370,1.0000,4.5230,186.8620,2.1160,0.0000,0.0000,0.0000,69.9355,0.0000,4379.0000,1755.0000,0.0000,25.0000,50.0000,24.0000,18.0000
3.7570,1.0480,0.7340,0.7030,0.3600,0.0000,0.0000,1.9750,1.0000,4.5230,186.8620,2.1160,0.0000,0.0000,0.0000,69.9755,0.0000,4383.0000,1755.0000,0.0000,25.0000,49.0000,24.0000,18.0000
2.8330,1.2120,0.4940,0.5950,0.2770,0.0000,0.0000,1.1270,1.0000,4.5230,186.8620,2.1160,0.0000,0.0000,0.0000,69.9959,0.0000,4385.0000,1755.0000,0.0000,25.0000,49.0000,24.0000,18.0000
2.7630,0.7820,0.4750,0.4660,0.2460,0.0000,0.0000,1.5060,1.0000,4.5230,186.8620,2.1160,0.0000,0.0000,0.0000,70.0164,0.0000,4387.0000,1755.0000,0.0000,25.0000,49.0000,24.0000,18.0000
2.5090,0.7910,0.4140,0.4680,0.1820,0.0000,0.0000,1.3040,1.0000,4.5230,186.8620,2.1160,0.0000,0.0000,0.0000,70.0158,0.0000,4387.0000,1755.0000,0.0000,25.0000,48.0000,24.0000,18.0000
2.3700,0.5640,0.4120,0.3340,0.1930,0.0000,0.0000,1.3940,1.0000,4.5230,186.8620,2.1160,0.0000,0.0000,0.0000,70.0159,0.0000,4387.0000,1755.0000,0.0000,25.0000,48.0000,24.0000,18.0000
2.6040,0.6200,0.4500,0.4270,0.2190,0.0000,0.0000,1.5340,1.0000,4.5230,186.8620,2.1160,0.0000,0.0000,0.0000,70.0464,0.0000,4390.0000,1755.0000,0.0000,25.0000,48.0000,24.0000,18.0000
2.2930,0.8110,0.4290,0.4060,0.2110,0.0000,0.0000,1.0530,1.0000,4.5230,186.8620,2.1160,0.0000,0.0000,0.0000,70.0464,0.0000,4390.0000,1755.0000,0.0000,25.0000,48.0000,24.0000,18.0000
2.4550,0.6400,0.4560,0.4170,0.2200,0.0000,0.0000,1.3590,1.0000,4.5230,186.8620,2.1160,0.0000,0.0000,0.0000,70.0669,0.0000,4392.0000,1755.0000,0.0000,25.0000,48.0000,24.0000,18.0000
2.5730,0.7230,0.4660,0.3860,0.2540,0.0000,0.0000,1.3840,1.0000,4.5230,186.8620,2.1160,0.0000,0.0000,0.0000,70.0765,0.0000,4393.0000,1755.0000,0.0000,25.0000,47.0000,24.0000,18.0000
2.6180,0.6100,0.4830,0.3740,0.2220,0.0000,0.0000,1.5250,1.0000,4.5230,186.8620,2.1160,0.0000,0.0000,0.0000,70.0759,0.0000,4393.0000,1755.0000,0.0000,25.0000,46.0000,24.0000,18.0000
6.8500,0.6810,0.4700,0.3860,0.2390,0.0000,0.0000,5.6990,1.0000,4.5230,186.8620,2.1160,0.0000,0.0000,0.0000,70.0760,0.0000,4393.0000,1755.0000,0.0000,25.0000,46.0000,24.0000,18.0000
3.5200,2.3210,0.6610,2.0090,0.3010,0.0000,0.0000,0.5380,1.0000,4.5230,186.8620,2.1160,0.0000,0.0000,0.0000,70.1068,0.0000,4396.0000,1755.0000,0.0000,25.0000,46.0000,24.0000,18.0000
2.3080,1.5570,0.4340,0.7940,0.1750,0.0000,0.0000,0.3170,1.0000,4.5230,186.8620,2.1160,0.0000,0.0000,0.0000,70.1061,0.0000,4396.0000,1755.0000,0.0000,25.0000,45.0000,24.0000,18.0000
6.9320,0.6510,4.0050,0.3770,3.7890,0.0000,0.0000,2.2760,1.0000,4.5230,186.8620,2.1160,0.0000,0.0000,0.0000,70.1063,0.0000,4396.0000,1755.0000,0.0000,25.0000,45.0000,24.0000,18.0000
3.6110,1.0030,0.6360,0.6320,0.3090,0.0000,0.0000,1.9720,1.0000,4.5230,186.8620,2.1160,0.0000,0.0000,0.0000,70.1268,0.0000,4398.0000,1755.0000,0.0000,25.0000,45.0000,24.0000,18.0000
2.5890,0.9090,0.5340,0.4690,0.1770,0.0000,0.0000,1.1460,1.0000,4.5230,186.8620,2.1160,0.0000,0.0000,0.0000,70.1268,0.0000,4398.0000,1755.0000,0.0000,25.0000,45.0000,24.0000,18.0000
3.2480,0.6170,0.6760,0.3460,0.4380,0.0000,0.0000,1.9550,1.0000,4.5230,186.8620,2.1160,0.0000,0.0000,0.0000,70.1474,0.0000,4400.0000,1755.0000,0.0000,25.0000,45.0000,24.0000,18.0000
2.6190,1.0120,0.4470,0.5160,0.2220,0.0000,0.0000,1.1600,1.0000,4.5230,186.8620,2.1160,0.0000,0.0000,0.0000,70.1474,0.0000,4400.0000,1755.0000,0.0000,25.0000,45.0000,24.0000,18.0000
2.3780,0.7240,0.4340,0.4550,0.1890,0.0000,0.0000,1.2200,1.0000,4.5230,186.8620,2.1160,0.0000,0.0000,0.0000,70.1468,0.0000,4400.0000,1755.0000,0.0000,25.0000,44.0000,24.0000,18.0000
2.3350,0.5630,0.4370,0.3470,0.2160,0.0000,0.0000,1.3350,1.0000,4.5230,186.8620,2.1160,0.0000,0.0000,0.0000,70.1475,0.0000,4400.0000,1755.0000,0.0000,25.0000,45.0000,24.0000,18.0000
2.4290,0.6530,0.4380,0.4570,0.2110,0.0000,0.0000,1.3380,1.0000,4.5230,186.8620,2.1160,0.0000,0.0000,0.0000,70.1681,0.0000,4402.0000,1755.0000,0.0000,25.0000,45.0000,24.0000,17.0000
3.2710,0.7110,0.5320,0.3540,0.2950,0.0000,0.0000,2.0280,1.0000,4.5230,186.8620,2.1160,0.0000,0.0000,0.0000,70.1886,0.0000,4404.0000,1755.0000,0.0000,25.0000,45.0000,24.0000,18.0000
2.5330,1.2960,0.4540,0.9480,0.2030,0.0000,0.0000,0.7830,1.0000,4.5230,186.8620,2.1160,0.0000,0.0000,0.0000,70.1887,0.0000,4404.0000,1755.0000,0.0000,25.0000,45.0000,24.0000,16.0000
2.4870,0.7920,0.4440,0.5050,0.2260,0.0000,0.0000,1.2510,1.0000,4.5230,186.8620,2.1160,0.0000,0.0000,0.0000,70.2296,0.0000,4408.0000,1755.0000,0.0000,25.0000,45.0000,24.0000,17.0000
2.3520,0.7460,0.4730,0.3490,0.2170,0.0000,0.0000,1.1330,1.0000,4.5230,186.8620,2.1160,0.0000,0.0000,0.0000,70.2398,0.0000,4409.0000,1755.0000,0.0000,25.0000,45.0000,24.0000,17.0000
2.1440,0.7350,0.3550,0.4630,0.1630,0.0000,0.0000,1.0540,1.0000,4.5230,186.8620,2.1160,0.0000,0.0000,0.0000,70.2401,0.0000,4409.0000,1755.0000,0.0000,25.0000,45.0000,24.0000,17.0000
2.3110,0.6090,0.3950,0.4050,0.1700,0.0000,0.0000,1.3070,1.0000,4.5230,186.8620,2.1160,0.0000,0.0000,0.0000,70.2401,0.0000,4409.0000,1755.0000,0.0000,25.0000,45.0000,24.0000,17.0000
2.3250,0.7110,0.5360,0.4110,0.1960,0.0000,0.0000,1.0780,1.0000,4.5230,186.8620,2.1160,0.0000,0.0000,0.0000,70.2392,0.0000,4409.0000,1755.0000,0.0000,25.0000,44.0000,24.0000,17.0000
2.3490,0.6390,0.4230,0.4200,0.1910,0.0000,0.0000,1.2870,1.0000,4.5230,186.8620,2.1160,0.0000,0.0000,0.0000,70.2493,0.0000,4410.0000,1755.0000,0.0000,25.0000,44.0000,24.0000,17.0000
2.5790,0.6270,0.4290,0.3870,0.2100,0.0000,0.0000,1.5230,1.0000,4.5230,186.8620,2.1160,0.0000,0.0000,0.0000,69.9306,0.0000,4379.0000,1755.0000,0.0000,25.0000,44.0000,24.0000,17.0000
2.7300,0.6370,0.4790,0.3320,0.2510,0.0000,0.0000,1.6140,1.0000,4.5230,186.8620,2.1160,0.0000,0.0000,0.0000,69.9512,0.0000,4381.0000,1755.0000,0.0000,25.0000,44.0000,24.0000,17.0000
2.4890,0.8260,0.3790,0.5530,0.1730,0.0000,0.0000,1.2840,1.0000,4.5230,186.8620,2.1160,0.0000,0.0000,0.0000,69.9513,0.0000,4381.0000,1755.0000,0.0000,25.0000,44.0000,24.0000,17.0000
3.0680,0.6100,0.5670,0.3640,0.2580,0.0000,0.0000,1.8910,1.0000,4.5230,186.8620,2.1160,0.0000,0.0000,0.0000,69.9717,0.0000,4383.0000,1755.0000,0.0000,25.0000,44.0000,24.0000,17.0000
2.4290,0.9170,0.3970,0.5210,0.1540,0.0000,0.0000,1.1150,1.0000,4.5230,186.8620,2.1160,0.0000,0.0000,0.0000,69.9718,0.0000,4383.0000,1755.0000,0.0000,25.0000,44.0000,24.0000,16.0000
2.5570,0.6470,0.4970,0.3880,0.2110,0.0000,0.0000,1.4130,1.0000,4.5230,186.8620,2.1160,0.0000,0.0000,0.0000,69.9822,0.0000,4384.0000,1755.0000,0.0000,25.0000,44.0000,24.0000,16.0000
2.3220,0.6420,0.4000,0.3810,0.1790,0.0000,0.0000,1.2800,1.0000,4.5230,186.8620,2.1160,0.0000,0.0000,0.0000,69.9823,0.0000,4384.0000,1755.0000,0.0000,25.0000,44.0000,24.0000,17.0000
2.0400,0.6560,0.3520,0.3770,0.1580,0.0000,0.0000,1.0320,1.0000,4.5230,186.8620,2.1160,0.0000,0.0000,0.0000,69.9819,0.0000,4384.0000,1755.0000,0.0000,25.0000,43.0000,24.0000,17.0000
2.4300,0.5210,0.4310,0.3130,0.2420,0.0000,0.0000,1.4780,1.0000,4.5230,186.8620,2.1160,0.0000,0.0000,0.0000,69.9921,0.0000,4385.0000,1755.0000,0.0000,25.0000,43.0000,24.0000,17.0000
2.4040,0.6870,0.4090,0.4320,0.1570,0.0000,0.0000,1.3080,1.0000,4.5230,186.8620,2.1160,0.0000,0.0000,0.0000,69.9914,0.0000,4385.0000,1755.0000,0.0000,25.0000,42.0000,24.0000,17.0000
2.4950,0.5790,0.3800,0.3840,0.1580,0.0000,0.0000,1.5360,1.0000,4.5230,186.8620,2.1160,0.0000,0.0000,0.0000,69.9908,0.0000,4385.0000,1755.0000,0.0000,25.0000,41.0000,24.0000,17.0000
2.5200,0.5830,0.4760,0.3310,0.2640,0.0000,0.0000,1.4610,1.0000,4.5230,186.8620,2.1160,0.0000,0.0000,0.0000,70.0113,0.0000,4387.0000,1755.0000,0.0000,25.0000,41.0000,24.0000,16.0000
2.2160,0.6960,0.4060,0.3640,0.1970,0.0000,0.0000,1.1140,1.0000,4.5230,186.8620,2.1160,0.0000,0.0000,0.0000,70.0319,0.0000,4389.0000,1755.0000,0.0000,25.0000,41.0000,24.0000,16.0000
2.3620,0.6540,0.4660,0.3130,0.1640,0.0000,0.0000,1.2420,1.0000,4.5230,186.8620,2.1160,0.0000,0.0000,0.0000,70.0320,0.0000,4389.0000,1755.0000,0.0000,25.0000,41.0000,24.0000,15.0000
2.4130,0.5280,0.4420,0.3250,0.2040,0.0000,0.0000,1.4430,1.0000,4.5230,186.8620,2.1160,0.0000,0.0000,0.0000,70.0519,0.0000,4391.0000,1755.0000,0.0000,25.0000,40.0000,24.0000,15.0000
2.1190,0.6760,0.3760,0.3970,0.1530,0.0000,0.0000,1.0670,1.0000,4.5230,186.8620,2.1160,0.0000,0.0000,0.0000,70.0519,0.0000,4391.0000,1755.0000,0.0000,25.0000,40.0000,24.0000,15.0000
2.2330,0.5780,0.3470,0.3290,0.1510,0.0000,0.0000,1.3080,1.0000,4.5230,186.8620,2.1160,0.0000,0.0000,0.0000,70.0520,0.0000,4391.0000,1755.0000,0.0000,25.0000,40.0000,24.0000,15.0000
2.2480,0.5700,0.4130,0.3570,0.1910,0.0000,0.0000,1.2650,1.0000,4.5230,186.8620,2.1160,0.0000,0.0000,0.0000,70.0726,0.0000,4393.0000,1755.0000,0.0000,25.0000,40.0000,24.0000,15.0000
2.3120,0.6440,0.4050,0.3640,0.1880,0.0000,0.0000,1.2630,1.0000,4.5230,186.8620,2.1160,0.0000,0.0000,0.0000,70.0828,0.0000,4394.0000,1755.0000,0.0000,25.0000,40.0000,24.0000,15.0000
2.0640,0.7020,0.3770,0.4070,0.1550,0.0000,0.0000,0.9850,1.0000,4.5230,186.8620,2.1160,0.0000,0.0000,0.0000,70.0822,0.0000,4394.0000,1755.0000,0.0000,25.0000,39.0000,24.0000,15.0000
2.3210,0.5670,0.4160,0.3250,0.1960,0.0000,0.0000,1.3380,1.0000,4.5230,186.8620,2.1160,0.0000,0.0000,0.0000,70.1025,0.0000,4396.0000,1755.0000,0.0000,25.0000,39.0000,24.0000,15.0000
2.1240,0.6070,0.3590,0.3150,0.1530,0.0000,0.0000,1.1580,1.0000,4.5230,186.8620,2.1160,0.0000,0.0000,0.0000,70.1018,0.0000,4396.0000,1755.0000,0.0000,25.0000,38.0000,24.0000,15.0000
2.3250,0.5170,0.4550,0.3190,0.2250,0.0000,0.0000,1.3530,1.0000,4.5230,186.8620,2.1160,0.0000,0.0000,0.0000,70.1033,0.0000,4396.0000,1755.0000,0.0000,25.0000,40.0000,24.0000,15.0000
2.9230,0.5770,0.4910,0.3720,0.2230,0.0000,0.0000,1.8550,1.0000,4.5230,186.8620,2.1160,0.0000,0.0000,0.0000,70.1033,0.0000,4396.0000,1755.0000,0.0000,25.0000,40.0000,24.0000,16.0000
2.8620,0.8220,0.5540,0.5160,0.2370,0.0000,0.0000,1.4860,1.0000,4.5230,186.8620,2.1160,0.0000,0.0000,0.0000,70.1026,0.0000,4396.0000,1755.0000,0.0000,25.0000,39.0000,24.0000,16.0000
2.9240,0.7230,0.5280,0.4210,0.2460,0.0000,0.0000,1.6730,1.0000,4.5710,5.7680,3.1820,0.0000,0.0000,0.0000,70.1025,0.0000,4396.0000,1755.0000,0.0000,25.0000,39.0000,24.0000,17.0000
2.4410,0.8360,0.7080,0.5130,0.4550,0.0000,0.0000,0.8970,1.0000,4.5710,5.7680,3.1820,0.0000,0.0000,0.0000,70.1135,0.0000,4397.0000,1755.0000,0.0000,25.0000,40.0000,24.0000,17.0000
1.8580,0.5480,0.3670,0.2820,0.1730,0.0000,0.0000,0.9430,1.0000,4.5710,5.7680,3.1820,0.0000,0.0000,0.0000,70.1237,0.0000,4398.0000,1755.0000,0.0000,25.0000,40.0000,24.0000,17.0000
2.1130,0.5450,0.4210,0.2760,0.1950,0.0000,0.0000,1.1470,1.0000,4.5710,5.7680,3.1820,0.0000,0.0000,0.0000,70.1441,0.0000,4400.0000,1755.0000,0.0000,25.0000,40.0000,24.0000,17.0000
2.2620,0.6210,0.3230,0.3210,0.1400,0.0000,0.0000,1.3180,1.0000,4.5710,5.7680,3.1820,0.0000,0.0000,0.0000,70.1442,0.0000,4400.0000,1755.0000,0.0000,25.0000,40.0000,24.0000,17.0000
1.9430,0.7640,0.3130,0.2890,0.1330,0.0000,0.0000,0.8660,1.0000,4.5710,5.7680,3.1820,0.0000,0.0000,0.0000,70.1450,0.0000,4400.0000,1755.0000,0.0000,25.0000,41.0000,24.0000,17.0000
1.9100,0.4660,0.3520,0.2780,0.1700,0.0000,0.0000,1.0920,1.0000,4.5710,5.7680,3.1820,0.0000,0.0000,0.0000,70.1552,0.0000,4401.0000,1755.0000,0.0000,25.0000,41.0000,24.0000,17.0000
1.9840,0.5310,0.3220,0.2720,0.1380,0.0000,0.0000,1.1310,1.0000,4.5710,5.7680,3.1820,0.0000,0.0000,0.0000,70.1552,0.0000,4401.0000,1755.0000,0.0000,25.0000,41.0000,24.0000,17.0000
1.9520,0.5020,0.3570,0.2760,0.1700,0.0000,0.0000,1.0930,1.0000,4.5710,5.7680,3.1820,0.0000,0.0000,0.0000,70.1663,0.0000,4402.0000,1755.0000,0.0000,25.0000,42.0000,24.0000,17.0000
1.9120,0.5470,0.3190,0.2780,0.1390,0.0000,0.0000,1.0460,1.0000,4.5710,5.7680,3.1820,0.0000,0.0000,0.0000,70.1657,0.0000,4402.0000,1755.0000,0.0000,25.0000,41.0000,24.0000,18.0000
1.9900,0.5730,0.3630,0.3800,0.1750,0.0000,0.0000,1.0540,1.0000,4.5710,5.7680,3.1820,0.0000,0.0000,0.0000,70.1774,0.0000,4403.0000,1755.0000,0.0000,25.0000,41.0000,24.0000,18.0000
1.9390,0.5800,0.3280,0.3530,0.1420,0.0000,0.0000,1.0310,1.0000,4.5710,5.7680,3.1820,0.0000,0.0000,0.0000,70.1774,0.0000,4403.0000,1755.0000,0.0000,25.0000,41.0000,24.0000,18.0000
2.0220,0.5670,0.4150,0.3320,0.1970,0.0000,0.0000,1.0400,1.0000,4.5710,5.7680,3.1820,0.0000,0.0000,0.0000,70.2202,0.0000,4407.0000,1755.0000,0.0000,25.0000,42.0000,24.0000,18.0000
1.8520,0.6380,0.3550,0.2740,0.1430,0.0000,0.0000,0.8590,1.0000,4.5710,5.7680,3.1820,0.0000,0.0000,0.0000,70.2202,0.0000,4407.0000,1755.0000,0.0000,25.0000,42.0000,24.0000,18.0000
1.7630,0.5600,0.3680,0.3300,0.1440,0.0000,0.0000,0.8350,1.0000,4.5710,5.7680,3.1820,0.0000,0.0000,0.0000,70.2211,0.0000,4407.0000,1755.0000,0.0000,25.0000,43.0000,24.0000,18.0000
3.6420,0.4670,0.3750,0.2920,0.1940,0.0000,0.0000,2.8000,1.0000,4.5710,5.7680,3.1820,0.0000,0.0000,0.0000,70.2416,0.0000,4409.0000,1755.0000,0.0000,25.0000,43.0000,24.0000,18.0000
2.0430,0.6100,0.3570,0.3530,0.1740,0.0000,0.0000,1.0760,1.0000,4.5710,5.7680,3.1820,0.0000,0.0000,0.0000,69.9325,0.0000,4379.0000,1755.0000,0.0000,25.0000,43.0000,24.0000,18.0000
1.9550,0.5410,0.3430,0.2790,0.1690,0.0000,0.0000,1.0710,1.0000,4.5710,5.7680,3.1820,0.0000,0.0000,0.0000,69.9427,0.0000,4380.0000,1755.0000,0.0000,25.0000,43.0000,24.0000,18.0000
2.0050,0.5560,0.3380,0.2780,0.1680,0.0000,0.0000,1.1110,1.0000,4.5710,5.7680,3.1820,0.0000,0.0000,0.0000,69.9628,0.0000,4382.0000,1755.0000,0.0000,25.0000,42.0000,24.0000,18.0000
1.8290,0.6030,0.3310,0.2960,0.1590,0.0000,0.0000,0.8950,1.0000,4.5710,5.7680,3.1820,0.0000,0.0000,0.0000,69.9759,0.0000,4383.0000,1755.0000,0.0000,25.0000,46.0000,24.0000,19.0000
2.0230,0.5490,0.3540,0.2810,0.1720,0.0000,0.0000,1.1200,1.0000,4.5710,5.7680,3.1820,0.0000,0.0000,0.0000,69.9864,0.0000,4384.0000,1755.0000,0.0000,25.0000,46.0000,24.0000,19.0000
1.9580,0.5570,0.3600,0.3400,0.1710,0.0000,0.0000,1.0410,1.0000,4.5710,5.7680,3.1820,0.0000,0.0000,0.0000,69.9968,0.0000,4385.0000,1755.0000,0.0000,25.0000,46.0000,24.0000,19.0000
2.0150,0.5420,0.3230,0.2790,0.1360,0.0000,0.0000,1.1500,1.0000,4.5710,5.7680,3.1820,0.0000,0.0000,0.0000,69.9962,0.0000,4385.0000,1755.0000,0.0000,25.0000,45.0000,24.0000,19.0000
1.8830,0.5070,0.3410,0.3430,0.1400,0.0000,0.0000,1.0350,1.0000,4.5710,5.7680,3.1820,0.0000,0.0000,0.0000,69.9955,0.0000,4385.0000,1755.0000,0.0000,25.0000,44.0000,24.0000,19.0000
2.0010,0.5230,0.3840,0.3330,0.1710,0.0000,0.0000,1.0940,1.0000,4.5710,5.7680,3.1820,0.0000,0.0000,0.0000,70.0058,0.0000,4386.0000,1755.0000,0.0000,25.0000,44.0000,24.0000,19.0000
1.8970,0.5560,0.3330,0.3530,0.1370,0.0000,0.0000,1.0080,1.0000,4.5710,5.7680,3.1820,0.0000,0.0000,0.0000,70.0065,0.0000,4386.0000,1755.0000,0.0000,25.0000,45.0000,24.0000,19.0000
2.1170,0.5200,0.4260,0.3540,0.2000,0.0000,0.0000,1.1710,1.0000,4.5710,5.7680,3.1820,0.0000,0.0000,0.0000,70.0481,0.0000,4390.0000,1755.0000,0.0000,25.0000,46.0000,24.0000,19.0000
1.8380,0.6570,0.3430,0.3400,0.1330,0.0000,0.0000,0.8380,1.0000,4.5710,5.7680,3.1820,0.0000,0.0000,0.0000,70.0481,0.0000,4390.0000,1755.0000,0.0000,25.0000,46.0000,24.0000,19.0000
2.0240,0.5180,0.3540,0.3510,0.1660,0.0000,0.0000,1.1520,1.0000,4.5710,5.7680,3.1820,0.0000,0.0000,0.0000,70.0483,0.0000,4390.0000,1755.0000,0.0000,25.0000,46.0000,24.0000,19.0000
2.0890,0.5170,0.4050,0.3400,0.1810,0.0000,0.0000,1.1670,1.0000,4.5710,5.7680,3.1820,0.0000,0.0000,0.0000,70.0680,0.0000,4392.0000,1755.0000,0.0000,25.0000,45.0000,24.0000,20.0000
1.9270,0.6640,0.3840,0.4310,0.1430,0.0000,0.0000,0.8790,1.0000,4.5710,5.7680,3.1820,0.0000,0.0000,0.0000,70.0673,0.0000,4392.0000,1755.0000,0.0000,25.0000,44.0000,24.0000,20.0000
1.8450,0.5210,0.3630,0.3500,0.1400,0.0000,0.0000,0.9610,1.0000,4.5710,5.7680,3.1820,0.0000,0.0000,0.0000,70.0688,0.0000,4392.0000,1755.0000,0.0000,25.0000,46.0000,24.0000,20.0000
1.9150,0.5380,0.3700,0.3640,0.1890,0.0000,0.0000,1.0070,1.0000,4.5710,5.7680,3.1820,0.0000,0.0000,0.0000,70.0688,0.0000,4392.0000,1755.0000,0.0000,25.0000,46.0000,24.0000,19.0000
1.9240,0.4560,0.4240,0.2800,0.2120,0.0000,0.0000,1.0440,1.0000,4.5710,5.7680,3.1820,0.0000,0.0000,0.0000,70.0799,0.0000,4393.0000,1755.0000,0.0000,25.0000,47.0000,24.0000,19.0000
1.7700,0.4860,0.3170,0.2750,0.1380,0.0000,0.0000,0.9670,1.0000,4.5710,5.7680,3.1820,0.0000,0.0000,0.0000,70.0792,0.0000,4393.0000,1755.0000,0.0000,25.0000,46.0000,24.0000,19.0000
2.1740,0.4520,0.3890,0.2750,0.1900,0.0000,0.0000,1.3330,1.0000,4.5710,5.7680,3.1820,0.0000,0.0000,0.0000,70.1201,0.0000,4397.0000,1755.0000,0.0000,25.0000,46.0000,24.0000,20.0000
1.8030,0.6770,0.3120,0.2770,0.1370,0.0000,0.0000,0.8140,1.0000,4.5710,5.7680,3.1820,0.0000,0.0000,0.0000,70.1202,0.0000,4397.0000,1755.0000,0.0000,25.0000,46.0000,24.0000,19.0000
2.0900,0.4600,0.3380,0.2770,0.1400,0.0000,0.0000,1.2920,1.0000,4.5710,5.7680,3.1820,0.0000,0.0000,0.0000,70.1197,0.0000,4397.0000,1755.0000,0.0000,25.0000,45.0000,24.0000,18.0000
2.1080,0.6290,0.3910,0.3450,0.1890,0.0000,0.0000,1.0880,1.0000,4.5710,5.7680,3.1820,0.0000,0.0000,0.0000,70.1399,0.0000,4399.0000,1755.0000,0.0000,25.0000,45.0000,24.0000,18.0000
2.0960,0.5410,0.4260,0.2810,0.2430,0.0000,0.0000,1.1290,1.0000,4.5710,5.7680,3.1820,0.0000,0.0000,0.0000,70.1815,0.0000,4403.0000,1755.0000,0.0000,25.0000,46.0000,24.0000,18.0000
1.8890,0.5910,0.3190,0.2740,0.1390,0.0000,0.0000,0.9790,1.0000,4.5710,5.7680,3.1820,0.0000,0.0000,0.0000,70.1802,0.0000,4403.0000,1755.0000,0.0000,25.0000,44.0000,24.0000,18.0000
2.0590,0.4630,0.4020,0.2770,0.2260,0.0000,0.0000,1.1940,1.0000,4.5710,5.7680,3.1820,0.0000,0.0000,0.0000,70.2008,0.0000,4405.0000,1755.0000,0.0000,25.0000,44.0000,24.0000,18.0000
2.1310,0.5500,0.4080,0.2990,0.2060,0.0000,0.0000,1.1730,1.0000,4.5710,5.7680,3.1820,0.0000,0.0000,0.0000,70.2420,0.0000,4409.0000,1755.0000,0.0000,25.0000,45.0000,24.0000,18.0000
2.1260,0.6030,0.4490,0.2860,0.2050,0.0000,0.0000,1.0740,1.0000,4.5710,5.7680,3.1820,0.0000,0.0000,0.0000,70.2422,0.0000,4409.0000,1755.0000,0.0000,25.0000,45.0000,24.0000,18.0000
2.2010,0.5050,0.4340,0.2960,0.2270,0.0000,0.0000,1.2620,1.0000,4.5710,5.7680,3.1820,0.0000,0.0000,0.0000,70.2520,0.0000,4410.0000,1755.0000,0.0000,25.0000,44.0000,24.0000,18.0000
2.1160,0.5650,0.3610,0.3440,0.1500,0.0000,0.0000,1.1900,1.0000,4.5710,5.7680,3.1820,0.0000,0.0000,0.0000,70.2527,0.0000,4410.0000,1755.0000,0.0000,25.0000,45.0000,24.0000,18.0000
1.8820,0.5410,0.3290,0.3450,0.1370,0.0000,0.0000,1.0120,1.0000,4.5710,5.7680,3.1820,0.0000,0.0000,0.0000,70.2520,0.0000,4410.0000,1755.0000,0.0000,25.0000,44.0000,24.0000,18.0000
2.3210,0.5390,0.4280,0.3420,0.1890,0.0000,0.0000,1.3540,1.0000,4.5710,5.7680,3.1820,0.0000,0.0000,0.0000,70.2821,0.0000,4413.0000,1755.0000,0.0000,25.0000,43.0000,24.0000,18.0000
1.9140,0.7470,0.3240,0.2820,0.1360,0.0000,0.0000,0.8430,1.0000,4.5710,5.7680,3.1820,0.0000,0.0000,0.0000,70.2828,0.0000,4413.0000,1755.0000,0.0000,25.0000,44.0000,24.0000,18.0000
1.9720,0.5040,0.3960,0.2760,0.1890,0.0000,0.0000,1.0720,1.0000,4.5710,5.7680,3.1820,0.0000,0.0000,0.0000,70.2939,0.0000,4414.0000,1755.0000,0.0000,25.0000,45.0000,24.0000,18.0000
2.1070,0.5520,0.4630,0.2820,0.2760,0.0000,0.0000,1.0920,1.0000,4.5710,5.7680,3.1820,0.0000,0.0000,0.0000,70.3141,0.0000,4416.0000,1755.0000,0.0000,25.0000,45.0000,24.0000,18.0000
1.8780,0.5350,0.3190,0.2760,0.1340,0.0000,0.0000,1.0240,1.0000,4.5710,5.7680,3.1820,0.0000,0.0000,0.0000,70.3142,0.0000,4416.0000,1755.0000,0.0000,25.0000,45.0000,24.0000,18.0000
2.1920,0.5110,0.3490,0.2750,0.1660,0.0000,0.0000,1.3320,1.0000,4.5710,5.7680,3.1820,0.0000,0.0000,0.0000,70.3239,0.0000,4417.0000,1755.0000,0.0000,25.0000,44.0000,24.0000,18.0000
1.9430,0.6470,0.3150,0.3050,0.1310,0.0000,0.0000,0.9810,1.0000,4.5710,5.7680,3.1820,0.0000,0.0000,0.0000,70.3239,0.0000,4417.0000,1755.0000,0.0000,25.0000,44.0000,24.0000,18.0000
2.0700,0.5040,0.3470,0.3090,0.1650,0.0000,0.0000,1.2190,1.0000,4.5710,5.7680,3.1820,0.0000,0.0000,0.0000,70.3441,0.0000,4419.0000,1755.0000,0.0000,25.0000,44.0000,24.0000,18.0000
1.8430,0.5600,0.3020,0.2790,0.1260,0.0000,0.0000,0.9810,1.0000,4.5710,5.7680,3.1820,0.0000,0.0000,0.0000,70.3441,0.0000,4419.0000,1755.0000,0.0000,25.0000,44.0000,24.0000,18.0000
1.9720,0.5200,0.3310,0.2730,0.1540,0.0000,0.0000,1.1210,1.0000,4.5710,5.7680,3.1820,0.0000,0.0000,0.0000,70.3545,0.0000,4420.0000,1755.0000,0.0000,25.0000,44.0000,24.0000,17.0000
1.8340,0.5660,0.3270,0.2940,0.1380,0.0000,0.0000,0.9410,1.0000,4.5710,5.7680,3.1820,0.0000,0.0000,0.0000,70.3552,0.0000,4420.0000,1755.0000,0.0000,25.0000,45.0000,24.0000,17.0000
2.0140,0.5370,0.3580,0.2930,0.1760,0.0000,0.0000,1.1190,1.0000,4.5710,5.7680,3.1820,0.0000,0.0000,0.0000,70.3765,0.0000,4422.0000,1755.0000,0.0000,25.0000,46.0000,24.0000,17.0000
1.8420,0.5870,0.3270,0.3200,0.1350,0.0000,0.0000,0.9280,1.0000,4.5710,5.7680,3.1820,0.0000,0.0000,0.0000,70.3765,0.0000,4422.0000,1755.0000,0.0000,25.0000,46.0000,24.0000,17.0000
1.9370,0.5280,0.3610,0.3490,0.1370,0.0000,0.0000,1.0480,1.0000,4.5710,5.7680,3.1820,0.0000,0.0000,0.0000,70.3773,0.0000,4422.0000,1755.0000,0.0000,25.0000,47.0000,24.0000,17.0000
2.0100,0.5220,0.4030,0.3420,0.1800,0.0000,0.0000,1.0850,1.0000,4.5710,5.7680,3.1820,0.0000,0.0000,0.0000,70.3971,0.0000,4424.0000,1755.0000,0.0000,25.0000,46.0000,24.0000,18.0000
5.2250,0.6110,0.4270,0.3370,0.1910,0.0000,0.0000,4.1870,1.0000,4.5710,5.7680,3.1820,0.0000,0.0000,0.0000,70.4074,0.0000,4425.0000,1755.0000,0.0000,25.0000,46.0000,24.0000,18.0000
2.0700,0.6470,0.3180,0.4020,0.1330,0.0000,0.0000,1.1050,1.0000,4.5710,5.7680,3.1820,0.0000,0.0000,0.0000,69.9636,0.0000,4382.0000,1755.0000,0.0000,25.0000,45.0000,24.0000,18.0000
2.0640,0.5390,0.3290,0.2810,0.1580,0.0000,0.0000,1.1960,1.0000,4.5710,5.7680,3.1820,0.0000,0.0000,0.0000,69.9730,0.0000,4383.0000,1755.0000,0.0000,25.0000,44.0000,24.0000,18.0000
1.9870,0.5460,0.2980,0.2790,0.1270,0.0000,0.0000,1.1430,1.0000,4.5710,5.7680,3.1820,0.0000,0.0000,0.0000,69.9730,0.0000,4383.0000,1755.0000,0.0000,25.0000,44.0000,24.0000,18.0000
1.9900,0.5050,0.3500,0.2810,0.1710,0.0000,0.0000,1.1350,1.0000,4.5710,5.7680,3.1820,0.0000,0.0000,0.0000,69.9854,0.0000,4384.0000,1755.0000,0.0000,25.0000,47.0000,24.0000,18.0000
2.0320,0.5430,0.3640,0.2790,0.1810,0.0000,0.0000,1.1250,1.0000,4.5710,5.7680,3.1820,0.0000,0.0000,0.0000,69.9950,0.0000,4385.0000,1755.0000,0.0000,25.0000,46.0000,24.0000,18.0000
1.8330,0.5610,0.3180,0.3060,0.1360,0.0000,0.0000,0.9540,1.0000,4.5710,5.7680,3.1820,0.0000,0.0000,0.0000,69.9951,0.0000,4385.0000,1755.0000,0.0000,25.0000,46.0000,24.0000,18.0000
2.1130,0.5070,0.3820,0.3220,0.1970,0.0000,0.0000,1.2240,1.0000,4.5710,5.7680,3.1820,0.0000,0.0000,0.0000,70.0178,0.0000,4387.0000,1755.0000,0.0000,25.0000,47.0000,24.0000,18.0000
1.9640,0.5600,0.3620,0.2740,0.1760,0.0000,0.0000,1.0420,1.0000,4.5710,5.7680,3.1820,0.0000,0.0000,0.0000,70.0367,0.0000,4389.0000,1755.0000,0.0000,25.0000,45.0000,24.0000,18.0000
2.0360,0.5720,0.4160,0.2730,0.1500,0.0000,0.0000,1.0480,1.0000,4.5710,5.7680,3.1820,0.0000,0.0000,0.0000,70.0361,0.0000,4389.0000,1755.0000,0.0000,25.0000,44.0000,24.0000,18.0000
2.0260,0.5300,0.3580,0.2830,0.1750,0.0000,0.0000,1.1380,1.0000,4.5710,5.7680,3.1820,0.0000,0.0000,0.0000,70.0574,0.0000,4391.0000,1755.0000,0.0000,25.0000,45.0000,24.0000,18.0000
1.9440,0.5760,0.3320,0.2700,0.1510,0.0000,0.0000,1.0360,1.0000,4.5710,5.7680,3.1820,0.0000,0.0000,0.0000,70.0574,0.0000,4391.0000,1755.0000,0.0000,25.0000,45.0000,24.0000,18.0000
1.9260,0.4960,0.3140,0.2760,0.1330,0.0000,0.0000,1.1160,1.0000,4.5710,5.7680,3.1820,0.0000,0.0000,0.0000,70.0622,0.0000,4392.0000,1755.0000,0.0000,25.0000,45.0000,24.0000,19.0000
2.1980,0.5580,0.3430,0.3690,0.1630,0.0000,0.0000,1.2970,1.0000,4.5710,5.7680,3.1820,0.0000,0.0000,0.0000,70.0717,0.0000,4393.0000,1755.0000,0.0000,25.0000,45.0000,24.0000,18.0000
2.4810,0.6240,0.3580,0.3560,0.1810,0.0000,0.0000,1.4990,1.0000,4.5710,5.7680,3.1820,0.0000,0.0000,0.0000,70.0966,0.0000,4399.0000,1755.0000,0.0000,25.0000,44.0000,24.0000,18.0000
2.2080,0.6800,0.4100,0.3250,0.1910,0.0000,0.0000,1.1180,1.0000,4.5710,5.7680,3.1820,0.0000,0.0000,0.0000,70.0966,0.0000,4399.0000,1755.0000,0.0000,25.0000,44.0000,24.0000,18.0000
2.2540,0.4790,0.4250,0.2920,0.1790,0.0000,0.0000,1.3500,1.0000,4.5710,5.7680,3.1820,0.0000,0.0000,0.0000,70.1077,0.0000,4400.0000,1755.0000,0.0000,25.0000,45.0000,24.0000,18.0000
2.0450,0.5720,0.3570,0.3430,0.1710,0.0000,0.0000,1.1160,1.0000,4.5710,5.7680,3.1820,0.0000,0.0000,0.0000,70.1173,0.0000,4401.0000,1755.0000,0.0000,25.0000,44.0000,24.0000,18.0000
2.0890,0.5510,0.3530,0.2750,0.1690,0.0000,0.0000,1.1850,1.0000,4.5710,5.7680,3.1820,0.0000,0.0000,0.0000,70.1276,0.0000,4402.0000,1755.0000,0.0000,25.0000,44.0000,24.0000,18.0000
2.3390,0.5780,0.3550,0.2920,0.1680,0.0000,0.0000,1.4060,1.0000,4.5710,5.7680,3.1820,0.0000,0.0000,0.0000,70.1386,0.0000,4403.0000,1755.0000,0.0000,25.0000,45.0000,24.0000,18.0000
2.2370,0.4930,0.4230,0.2720,0.2400,0.0000,0.0000,1.3210,1.0000,4.5710,5.7680,3.1820,0.0000,0.0000,0.0000,70.1583,0.0000,4405.0000,1755.0000,0.0000,25.0000,44.0000,24.0000,17.0000
2.1310,0.6350,0.4110,0.3270,0.1810,0.0000,0.0000,1.0850,1.0000,4.5710,5.7680,3.1820,0.0000,0.0000,0.0000,70.1687,0.0000,4406.0000,1755.0000,0.0000,25.0000,44.0000,24.0000,17.0000
2.2410,0.5820,0.3770,0.3420,0.1860,0.0000,0.0000,1.2820,1.0000,4.5710,5.7680,3.1820,0.0000,0.0000,0.0000,70.1797,0.0000,4407.0000,1755.0000,0.0000,25.0000,45.0000,24.0000,17.0000
2.1180,0.5420,0.3610,0.2710,0.1420,0.0000,0.0000,1.2150,1.0000,4.5710,5.7680,3.1820,0.0000,0.0000,0.0000,70.1798,0.0000,4407.0000,1755.0000,0.0000,25.0000,45.0000,24.0000,17.0000
2.1870,0.5000,0.4140,0.2800,0.2330,0.0000,0.0000,1.2730,1.0000,4.5710,5.7680,3.1820,0.0000,0.0000,0.0000,70.1901,0.0000,4408.0000,1755.0000,0.0000,25.0000,45.0000,24.0000,16.0000
2.5010,0.5420,0.3900,0.2950,0.2080,0.0000,0.0000,1.5690,1.0000,4.5710,5.7680,3.1820,0.0000,0.0000,0.0000,70.2004,0.0000,4409.0000,1755.0000,0.0000,25.0000,45.0000,24.0000,18.0000
2.0810,0.5280,0.3550,0.2880,0.1490,0.0000,0.0000,1.1980,1.0000,4.5710,5.7680,3.1820,0.0000,0.0000,0.0000,70.2004,0.0000,4409.0000,1755.0000,0.0000,25.0000,45.0000,24.0000,18.0000
2.0870,0.5170,0.4540,0.2780,0.2520,0.0000,0.0000,1.1160,1.0000,4.5710,5.7680,3.1820,0.0000,0.0000,0.0000,70.2005,0.0000,4409.0000,1755.0000,0.0000,25.0000,45.0000,24.0000,18.0000
2.1470,0.5100,0.3980,0.2790,0.1970,0.0000,0.0000,1.2390,1.0000,4.5710,5.7680,3.1820,0.0000,0.0000,0.0000,70.2313,0.0000,4412.0000,1755.0000,0.0000,25.0000,45.0000,24.0000,19.0000
1.9800,0.6090,0.3400,0.3180,0.1400,0.0000,0.0000,1.0310,1.0000,4.5710,5.7680,3.1820,0.0000,0.0000,0.0000,70.2313,0.0000,4412.0000,1755.0000,0.0000,25.0000,45.0000,24.0000,19.0000
1.9580,0.4970,0.3550,0.2860,0.1520,0.0000,0.0000,1.1060,1.0000,4.5710,5.7680,3.1820,0.0000,0.0000,0.0000,70.2301,0.0000,4412.0000,1755.0000,0.0000,25.0000,43.0000,24.0000,19.0000
2.0750,0.4720,0.3500,0.2710,0.1700,0.0000,0.0000,1.2530,1.0000,4.5710,5.7680,3.1820,0.0000,0.0000,0.0000,70.2404,0.0000,4413.0000,1755.0000,0.0000,25.0000,43.0000,24.0000,19.0000
1.8540,0.5330,0.3230,0.3010,0.1370,0.0000,0.0000,0.9980,1.0000,4.5710,5.7680,3.1820,0.0000,0.0000,0.0000,70.2404,0.0000,4413.0000,1755.0000,0.0000,25.0000,43.0000,24.0000,19.0000
2.0450,0.4680,0.3530,0.2760,0.1760,0.0000,0.0000,1.2240,1.0000,4.5710,5.7680,3.1820,0.0000,0.0000,0.0000,70.2613,0.0000,4415.0000,1755.0000,0.0000,25.0000,44.0000,24.0000,19.0000
1.8330,0.5810,0.3230,0.2750,0.1380,0.0000,0.0000,0.9290,1.0000,4.5710,5.7680,3.1820,0.0000,0.0000,0.0000,70.2606,0.0000,4415.0000,1755.0000,0.0000,25.0000,43.0000,24.0000,18.0000
2.0960,0.5080,0.3220,0.2740,0.1400,0.0000,0.0000,1.2660,1.0000,4.5710,5.7680,3.1820,0.0000,0.0000,0.0000,70.2585,0.0000,4411.0000,1755.0000,0.0000,25.0000,43.0000,24.0000,17.0000
2.0810,0.6310,0.3700,0.3220,0.1840,0.0000,0.0000,1.0800,1.0000,4.5710,5.7680,3.1820,0.0000,0.0000,0.0000,70.2790,0.0000,4413.0000,1755.0000,0.0000,25.0000,43.0000,24.0000,17.0000
1.9650,0.6080,0.3800,0.2740,0.1620,0.0000,0.0000,0.9770,1.0000,4.5710,5.7680,3.1820,0.0000,0.0000,0.0000,70.2790,0.0000,4413.0000,1755.0000,0.0000,25.0000,43.0000,24.0000,17.0000
1.8960,0.4770,0.3620,0.2770,0.1580,0.0000,0.0000,1.0570,1.0000,4.5710,5.7680,3.1820,0.0000,0.0000,0.0000,70.2791,0.0000,4413.0000,1755.0000,0.0000,25.0000,43.0000,24.0000,17.0000
2.3550,0.5530,0.4660,0.3180,0.2420,0.0000,0.0000,1.3360,1.0000,4.5710,5.7680,3.1820,0.0000,0.0000,0.0000,70.2996,0.0000,4415.0000,1755.0000,0.0000,25.0000,43.0000,24.0000,17.0000
2.0470,0.6380,0.3660,0.3540,0.1810,0.0000,0.0000,1.0430,1.0000,4.5710,5.7680,3.1820,0.0000,0.0000,0.0000,70.3199,0.0000,4417.0000,1755.0000,0.0000,25.0000,43.0000,24.0000,17.0000
2.1400,0.5920,0.3950,0.2790,0.1920,0.0000,0.0000,1.1530,1.0000,4.5710,5.7680,3.1820,0.0000,0.0000,0.0000,70.3390,0.0000,4418.0000,1755.0000,0.0000,25.0000,43.0000,24.0000,17.0000
2.0940,0.6790,0.4180,0.4010,0.2340,0.0000,0.0000,0.9970,1.0000,4.5710,5.7680,3.1820,0.0000,0.0000,0.0000,70.3594,0.0000,4420.0000,1755.0000,0.0000,25.0000,43.0000,24.0000,17.0000
1.9390,0.6270,0.3790,0.3350,0.1460,0.0000,0.0000,0.9330,1.0000,4.5710,5.7680,3.1820,0.0000,0.0000,0.0000,70.3595,0.0000,4420.0000,1755.0000,0.0000,25.0000,43.0000,24.0000,17.0000
2.0240,0.5910,0.3920,0.3490,0.2120,0.0000,0.0000,1.0410,1.0000,4.5710,5.7680,3.1820,0.0000,0.0000,0.0000,70.3596,0.0000,4420.0000,1755.0000,0.0000,25.0000,43.0000,24.0000,17.0000
1.9510,0.5550,0.4070,0.3420,0.2130,0.0000,0.0000,0.9890,1.0000,4.5710,5.7680,3.1820,0.0000,0.0000,0.0000,70.3705,0.0000,4421.0000,1755.0000,0.0000,25.0000,44.0000,24.0000,17.0000
2.0410,0.5990,0.4240,0.3260,0.1840,0.0000,0.0000,1.0180,1.0000,4.5710,5.7680,3.1820,0.0000,0.0000,0.0000,70.3702,0.0000,4421.0000,1755.0000,0.0000,25.0000,44.0000,24.0000,17.0000
2.3730,0.5730,0.4040,0.3640,0.1810,0.0000,0.0000,1.3960,1.0000,4.5710,5.7680,3.1820,0.0000,0.0000,0.0000,69.9586,0.0000,4381.0000,1755.0000,0.0000,25.0000,44.0000,24.0000,17.0000
2.1750,0.5740,0.3810,0.3000,0.1940,0.0000,0.0000,1.2200,1.0000,4.5710,5.7680,3.1820,0.0000,0.0000,0.0000,69.9687,0.0000,4382.0000,1755.0000,0.0000,25.0000,44.0000,24.0000,18.0000
2.6290,0.6120,0.3720,0.3400,0.1470,0.0000,0.0000,1.6450,1.0000,4.5710,5.7680,3.1820,0.0000,0.0000,0.0000,69.9683,0.0000,4382.0000,1755.0000,0.0000,25.0000,43.0000,24.0000,18.0000
2.0200,0.4650,0.3580,0.2810,0.1340,0.0000,0.0000,1.1970,1.0000,4.5710,5.7680,3.1820,0.0000,0.0000,0.0000,69.9676,0.0000,4382.0000,1755.0000,0.0000,25.0000,42.0000,24.0000,18.0000
1.9950,0.5710,0.4160,0.3760,0.1900,0.0000,0.0000,1.0080,1.0000,4.5710,5.7680,3.1820,0.0000,0.0000,0.0000,69.9876,0.0000,4384.0000,1755.0000,0.0000,25.0000,41.0000,24.0000,18.0000
2.0150,0.5980,0.4120,0.3460,0.1800,0.0000,0.0000,1.0050,1.0000,4.5710,5.7680,3.1820,0.0000,0.0000,0.0000,69.9979,0.0000,4385.0000,1755.0000,0.0000,25.0000,41.0000,24.0000,18.0000
1.9010,0.5690,0.3520,0.3660,0.1360,0.0000,0.0000,0.9800,1.0000,4.5710,5.7680,3.1820,0.0000,0.0000,0.0000,69.9980,0.0000,4385.0000,1755.0000,0.0000,25.0000,41.0000,24.0000,18.0000
2.0130,0.5160,0.4060,0.3430,0.1860,0.0000,0.0000,1.0910,1.0000,4.5710,5.7680,3.1820,0.0000,0.0000,0.0000,70.0285,0.0000,4388.0000,1755.0000,0.0000,25.0000,41.0000,24.0000,18.0000
1.9410,0.6120,0.3640,0.3450,0.1360,0.0000,0.0000,0.9650,1.0000,4.5710,5.7680,3.1820,0.0000,0.0000,0.0000,70.0285,0.0000,4388.0000,1755.0000,0.0000,25.0000,41.0000,24.0000,18.0000
1.9430,0.6210,0.3980,0.4480,0.1710,0.0000,0.0000,0.9240,1.0000,4.5710,5.7680,3.1820,0.0000,0.0000,0.0000,70.0389,0.0000,4389.0000,1755.0000,0.0000,25.0000,41.0000,24.0000,18.0000
2.0490,0.5490,0.4300,0.3420,0.2160,0.0000,0.0000,1.0700,1.0000,4.5710,5.7680,3.1820,0.0000,0.0000,0.0000,70.0592,0.0000,4391.0000,1755.0000,0.0000,25.0000,41.0000,24.0000,18.0000
2.0450,0.5920,0.4050,0.3410,0.1880,0.0000,0.0000,1.0480,1.0000,4.5710,5.7680,3.1820,0.0000,0.0000,0.0000,70.0901,0.0000,4395.0000,1755.0000,0.0000,25.0000,41.0000,24.0000,18.0000
1.8400,0.6100,0.3670,0.3410,0.1390,0.0000,0.0000,0.8630,1.0000,4.5710,5.7680,3.1820,0.0000,0.0000,0.0000,70.0910,0.0000,4395.0000,1755.0000,0.0000,25.0000,42.0000,24.0000,17.0000
1.8870,0.5180,0.3960,0.3410,0.2180,0.0000,0.0000,0.9730,1.0000,4.5710,5.7680,3.1820,0.0000,0.0000,0.0000,70.0918,0.0000,4395.0000,1755.0000,0.0000,25.0000,43.0000,24.0000,17.0000
1.9650,0.4750,0.4040,0.2980,0.1800,0.0000,0.0000,1.0860,1.0000,4.5710,5.7680,3.1820,0.0000,0.0000,0.0000,70.1026,0.0000,4397.0000,1755.0000,0.0000,25.0000,43.0000,24.0000,17.0000
1.8940,0.4910,0.3440,0.2760,0.1660,0.0000,0.0000,1.0590,1.0000,4.5710,5.7680,3.1820,0.0000,0.0000,0.0000,70.1136,0.0000,4398.0000,1755.0000,0.0000,25.0000,44.0000,24.0000,16.0000
1.9370,0.4790,0.3940,0.2680,0.2180,0.0000,0.0000,1.0640,1.0000,4.5710,5.7680,3.1820,0.0000,0.0000,0.0000,70.1239,0.0000,4399.0000,1755.0000,0.0000,25.0000,44.0000,24.0000,16.0000
1.9080,0.4940,0.3150,0.2770,0.1370,0.0000,0.0000,1.0990,1.0000,4.5710,5.7680,3.1820,0.0000,0.0000,0.0000,70.1253,0.0000,4399.0000,1755.0000,0.0000,25.0000,46.0000,24.0000,16.0000
1.9030,0.5180,0.3140,0.3070,0.1340,0.0000,0.0000,1.0710,1.0000,4.5710,5.7680,3.1820,0.0000,0.0000,0.0000,70.1254,0.0000,4399.0000,1755.0000,0.0000,25.0000,46.0000,24.0000,14.0000
2.2330,0.5160,0.3570,0.2940,0.1730,0.0000,0.0000,1.3600,1.0000,4.5710,5.7680,3.1820,0.0000,0.0000,0.0000,70.1357,0.0000,4400.0000,1755.0000,0.0000,25.0000,46.0000,24.0000,14.0000
2.0000,0.5650,0.4160,0.3200,0.2310,0.0000,0.0000,1.0190,1.0000,4.5710,5.7680,3.1820,0.0000,0.0000,0.0000,70.1559,0.0000,4402.0000,1755.0000,0.0000,25.0000,46.0000,24.0000,14.0000
2.0840,0.5220,0.4410,0.2730,0.2600,0.0000,0.0000,1.1210,1.0000,4.5710,5.7680,3.1820,0.0000,0.0000,0.0000,70.1545,0.0000,4402.0000,1755.0000,0.0000,25.0000,44.0000,24.0000,14.0000
1.9770,0.4680,0.3900,0.2750,0.1470,0.0000,0.0000,1.1190,1.0000,4.5710,5.7680,3.1820,0.0000,0.0000,0.0000,70.1547,0.0000,4402.0000,1755.0000,0.0000,25.0000,44.0000,24.0000,15.0000
1.8420,0.4700,0.3270,0.2780,0.1420,0.0000,0.0000,1.0450,1.0000,4.5710,5.7680,3.1820,0.0000,0.0000,0.0000,70.1554,0.0000,4402.0000,1755.0000,0.0000,25.0000,45.0000,24.0000,15.0000
2.0330,0.4670,0.3710,0.2820,0.1800,0.0000,0.0000,1.1950,1.0000,4.5710,5.7680,3.1820,0.0000,0.0000,0.0000,70.1756,0.0000,4404.0000,1755.0000,0.0000,25.0000,45.0000,24.0000,15.0000
2.0250,0.5240,0.3770,0.2750,0.1850,0.0000,0.0000,1.1240,1.0000,4.5710,5.7680,3.1820,0.0000,0.0000,0.0000,70.1859,0.0000,4405.0000,1755.0000,0.0000,25.0000,45.0000,24.0000,16.0000
2.0420,0.5170,0.4570,0.2780,0.1930,0.0000,0.0000,1.0680,1.0000,4.5710,5.7680,3.1820,0.0000,0.0000,0.0000,70.1867,0.0000,4405.0000,1755.0000,0.0000,25.0000,46.0000,24.0000,16.0000
1.9040,0.4570,0.3540,0.2700,0.1720,0.0000,0.0000,1.0930,1.0000,4.5710,5.7680,3.1820,0.0000,0.0000,0.0000,70.1970,0.0000,4406.0000,1755.0000,0.0000,25.0000,46.0000,24.0000,16.0000
2.1100,0.4860,0.4460,0.2690,0.2300,0.0000,0.0000,1.1780,1.0000,4.5710,5.7680,3.1820,0.0000,0.0000,0.0000,70.2189,0.0000,4408.0000,1755.0000,0.0000,25.0000,46.0000,24.0000,15.0000
1.8580,0.5480,0.3470,0.2730,0.1650,0.0000,0.0000,0.9630,1.0000,4.5710,5.7680,3.1820,0.0000,0.0000,0.0000,70.2191,0.0000,4408.0000,1755.0000,0.0000,25.0000,46.0000,24.0000,15.0000
1.8890,0.4740,0.3480,0.2720,0.1700,0.0000,0.0000,1.0670,1.0000,4.5710,5.7680,3.1820,0.0000,0.0000,0.0000,70.2295,0.0000,4409.0000,1755.0000,0.0000,25.0000,46.0000,24.0000,15.0000
1.9620,0.4880,0.3700,0.2710,0.1550,0.0000,0.0000,1.1040,1.0000,4.5710,5.7680,3.1820,0.0000,0.0000,0.0000,70.2295,0.0000,4409.0000,1755.0000,0.0000,25.0000,46.0000,24.0000,15.0000
2.3040,0.5190,0.3510,0.2760,0.1690,0.0000,0.0000,1.4340,1.0000,4.5710,5.7680,3.1820,0.0000,0.0000,0.0000,70.2398,0.0000,4410.0000,1755.0000,0.0000,25.0000,46.0000,24.0000,15.0000
4.0340,0.5280,0.5750,0.2680,0.3220,0.0000,0.0000,2.9310,1.0000,4.5710,5.7680,3.1820,0.0000,0.0000,0.0000,70.2501,0.0000,4411.0000,1755.0000,0.0000,25.0000,46.0000,24.0000,16.0000
2.9750,0.8340,0.5530,0.4980,0.2800,0.0000,0.0000,1.5880,1.0000,4.5710,5.7680,3.1820,0.0000,0.0000,0.0000,70.2494,0.0000,4411.0000,1755.0000,0.0000,25.0000,45.0000,24.0000,16.0000
2.7990,0.7460,0.4440,0.4800,0.2100,0.0000,0.0000,1.6090,1.0000,4.5710,5.7680,3.1820,0.0000,0.0000,0.0000,70.2495,0.0000,4411.0000,1755.0000,0.0000,25.0000,45.0000,24.0000,16.0000
2.9720,0.7350,0.5000,0.4630,0.2650,0.0000,0.0000,1.7370,1.0000,4.5710,5.7680,3.1820,0.0000,0.0000,0.0000,70.2495,0.0000,4411.0000,1755.0000,0.0000,25.0000,45.0000,24.0000,14.0000
3.2910,0.7740,0.5410,0.5010,0.2740,0.0000,0.0000,1.9760,1.0000,4.5710,5.7680,3.1820,0.0000,0.0000,0.0000,70.2697,0.0000,4413.0000,1755.0000,0.0000,25.0000,45.0000,24.0000,14.0000
3.0830,0.9920,0.5880,0.5250,0.3320,0.0000,0.0000,1.5030,1.0000,4.5710,5.7680,3.1820,0.0000,0.0000,0.0000,70.2900,0.0000,4415.0000,1755.0000,0.0000,25.0000,45.0000,24.0000,14.0000
2.8420,0.8100,0.5990,0.3930,0.3330,0.0000,0.0000,1.4330,1.0000,4.5710,5.7680,3.1820,0.0000,0.0000,0.0000,70.3005,0.0000,4416.0000,1755.0000,0.0000,25.0000,45.0000,24.0000,14.0000
2.7500,0.7990,0.5880,0.4230,0.2640,0.0000,0.0000,1.3630,1.0000,4.5710,5.7680,3.1820,0.0000,0.0000,0.0000,70.3006,0.0000,4416.0000,1755.0000,0.0000,25.0000,45.0000,24.0000,14.0000
6.4270,0.7880,0.4900,0.5180,0.2340,0.0000,0.0000,5.1490,1.0000,4.5710,5.7680,3.1820,0.0000,0.0000,0.0000,70.3006,0.0000,4416.0000,1755.0000,0.0000,25.0000,45.0000,24.0000,14.0000
2.8280,0.8430,0.5520,0.5480,0.2180,0.0000,0.0000,1.4330,1.0000,4.5710,5.7680,3.1820,0.0000,0.0000,0.0000,69.9276,0.0000,4380.0000,1755.0000,0.0000,25.0000,46.0000,24.0000,14.0000
2.9260,0.7360,0.5950,0.3990,0.3070,0.0000,0.0000,1.5950,1.0000,4.5710,5.7680,3.1820,0.0000,0.0000,0.0000,69.9375,0.0000,4381.0000,1755.0000,0.0000,25.0000,46.0000,24.0000,14.0000
2.6760,0.8110,0.4450,0.4560,0.2010,0.0000,0.0000,1.4200,1.0000,4.5710,5.7680,3.1820,0.0000,0.0000,0.0000,69.9389,0.0000,4381.0000,1755.0000,0.0000,25.0000,48.0000,24.0000,14.0000
2.9120,0.8350,0.5410,0.5640,0.2480,0.0000,0.0000,1.5360,1.0000,4.5710,5.7680,3.1820,0.0000,0.0000,0.0000,69.9492,0.0000,4382.0000,1755.0000,0.0000,25.0000,48.0000,24.0000,13.0000
2.8810,0.7520,0.5070,0.4290,0.2430,0.0000,0.0000,1.6220,1.0000,4.5710,5.7680,3.1820,0.0000,0.0000,0.0000,69.9595,0.0000,4383.0000,1755.0000,0.0000,25.0000,48.0000,24.0000,13.0000
3.1470,0.6990,0.6500,0.3930,0.3360,0.0000,0.0000,1.7980,1.0000,4.5710,5.7680,3.1820,0.0000,0.0000,0.0000,69.9900,0.0000,4386.0000,1755.0000,0.0000,25.0000,48.0000,24.0000,13.0000
2.6950,0.8580,0.4310,0.4580,0.1950,0.0000,0.0000,1.4060,1.0000,4.5710,5.7680,3.1820,0.0000,0.0000,0.0000,69.9895,0.0000,4386.0000,1755.0000,0.0000,25.0000,47.0000,24.0000,14.0000
2.7020,0.8380,0.5280,0.5390,0.2300,0.0000,0.0000,1.3360,1.0000,4.5710,5.7680,3.1820,0.0000,0.0000,0.0000,69.9897,0.0000,4386.0000,1755.0000,0.0000,25.0000,47.0000,24.0000,13.0000
2.8930,0.7700,0.6250,0.4060,0.3800,0.0000,0.0000,1.4980,1.0000,4.5710,5.7680,3.1820,0.0000,0.0000,0.0000,69.9999,0.0000,4387.0000,1755.0000,0.0000,25.0000,47.0000,24.0000,14.0000
2.8450,0.7800,0.5140,0.4810,0.2620,0.0000,0.0000,1.5510,1.0000,4.5710,5.7680,3.1820,0.0000,0.0000,0.0000,70.0109,0.0000,4388.0000,1755.0000,0.0000,25.0000,48.0000,24.0000,14.0000
2.5780,0.8040,0.4740,0.5180,0.2320,0.0000,0.0000,1.3000,1.0000,4.5710,5.7680,3.1820,0.0000,0.0000,0.0000,70.0109,0.0000,4388.0000,1755.0000,0.0000,25.0000,48.0000,24.0000,14.0000
2.8850,0.6630,0.5670,0.4010,0.2660,0.0000,0.0000,1.6550,1.0000,4.5710,5.7680,3.1820,0.0000,0.0000,0.0000,70.0312,0.0000,4390.0000,1755.0000,0.0000,25.0000,48.0000,24.0000,15.0000
3.1440,0.7690,0.5650,0.3820,0.2120,0.0000,0.0000,1.8100,1.0000,4.5710,5.7680,3.1820,0.0000,0.0000,0.0000,70.0312,0.0000,4390.0000,1755.0000,0.0000,25.0000,48.0000,24.0000,15.0000
3.1860,0.7720,0.6030,0.4020,0.2770,0.0000,0.0000,1.8110,1.0000,4.5710,5.7680,3.1820,0.0000,0.0000,0.0000,70.0416,0.0000,4391.0000,1755.0000,0.0000,25.0000,48.0000,24.0000,15.0000
2.8020,0.9370,0.4510,0.4840,0.2060,0.0000,0.0000,1.4140,1.0000,4.5710,5.7680,3.1820,0.0000,0.0000,0.0000,70.0409,0.0000,4391.0000,1755.0000,0.0000,25.0000,47.0000,24.0000,15.0000
2.9020,0.6660,0.5430,0.3980,0.2250,0.0000,0.0000,1.6930,1.0000,4.5710,5.7680,3.1820,0.0000,0.0000,0.0000,70.0409,0.0000,4391.0000,1755.0000,0.0000,25.0000,47.0000,24.0000,14.0000
3.0800,0.7420,0.5940,0.4120,0.3320,0.0000,0.0000,1.7440,1.0000,4.5710,5.7680,3.1820,0.0000,0.0000,0.0000,70.0512,0.0000,4392.0000,1755.0000,0.0000,25.0000,47.0000,24.0000,14.0000
2.7910,0.7560,0.5860,0.3990,0.2570,0.0000,0.0000,1.4490,1.0000,4.5710,5.7680,3.1820,0.0000,0.0000,0.0000,70.0505,0.0000,4392.0000,1755.0000,0.0000,25.0000,46.0000,24.0000,14.0000
2.9450,0.7300,0.5570,0.4030,0.3200,0.0000,0.0000,1.6580,1.0000,4.5710,5.7680,3.1820,0.0000,0.0000,0.0000,70.0601,0.0000,4393.0000,1755.0000,0.0000,25.0000,45.0000,24.0000,14.0000
2.9890,0.7940,0.6340,0.4550,0.3330,0.0000,0.0000,1.5610,1.0000,4.5710,5.7680,3.1820,0.0000,0.0000,0.0000,70.0800,0.0000,4395.0000,1755.0000,0.0000,25.0000,44.0000,24.0000,14.0000
3.1180,0.8060,0.6120,0.4510,0.3540,0.0000,0.0000,1.7000,1.0000,4.5710,5.7680,3.1820,0.0000,0.0000,0.0000,70.1006,0.0000,4397.0000,1755.0000,0.0000,25.0000,44.0000,24.0000,14.0000
2.9400,0.8950,0.5470,0.4150,0.2880,0.0000,0.0000,1.4980,1.0000,4.5710,5.7680,3.1820,0.0000,0.0000,0.0000,70.1007,0.0000,4397.0000,1755.0000,0.0000,25.0000,44.0000,24.0000,14.0000
2.9920,0.7440,0.5790,0.4800,0.3320,0.0000,0.0000,1.6690,1.0000,4.5710,5.7680,3.1820,0.0000,0.0000,0.0000,70.1117,0.0000,4398.0000,1755.0000,0.0000,25.0000,45.0000,24.0000,14.0000
3.1740,0.7470,0.5360,0.4750,0.2450,0.0000,0.0000,1.8910,1.0000,4.5710,5.7680,3.1820,0.0000,0.0000,0.0000,70.1117,0.0000,4398.0000,1755.0000,0.0000,25.0000,45.0000,24.0000,14.0000
2.9780,0.8210,0.5510,0.4270,0.2220,0.0000,0.0000,1.6060,1.0000,4.5710,5.7680,3.1820,0.0000,0.0000,0.0000,70.1111,0.0000,4398.0000,1755.0000,0.0000,25.0000,44.0000,24.0000,14.0000
3.0840,0.7250,0.6800,0.4020,0.2360,0.0000,0.0000,1.6790,1.0000,4.5710,5.7680,3.1820,0.0000,0.0000,0.0000,70.1111,0.0000,4398.0000,1755.0000,0.0000,25.0000,44.0000,24.0000,14.0000
2.7780,0.7330,0.5030,0.4020,0.2010,0.0000,0.0000,1.5420,1.0000,4.5710,5.7680,3.1820,0.0000,0.0000,0.0000,70.1104,0.0000,4398.0000,1755.0000,0.0000,25.0000,43.0000,24.0000,14.0000
3.1110,0.7260,0.5940,0.3970,0.2780,0.0000,0.0000,1.7910,1.0000,4.5710,5.7680,3.1820,0.0000,0.0000,0.0000,70.1104,0.0000,4398.0000,1755.0000,0.0000,25.0000,43.0000,24.0000,15.0000
3.2230,0.8850,0.6110,0.6020,0.3210,0.0000,0.0000,1.7270,1.0000,4.5710,5.7680,3.1820,0.0000,0.0000,0.0000,70.1302,0.0000,4400.0000,1755.0000,0.0000,25.0000,42.0000,24.0000,15.0000
2.9450,0.8620,0.5630,0.4660,0.2430,0.0000,0.0000,1.5200,1.0000,4.5710,5.7680,3.1820,0.0000,0.0000,0.0000,70.1405,0.0000,4401.0000,1755.0000,0.0000,25.0000,42.0000,24.0000,15.0000
2.8530,0.8770,0.5350,0.5090,0.2170,0.0000,0.0000,1.4410,1.0000,4.5710,5.7680,3.1820,0.0000,0.0000,0.0000,70.1406,0.0000,4401.0000,1755.0000,0.0000,25.0000,42.0000,24.0000,15.0000
2.9690,0.7550,0.6330,0.4050,0.2920,0.0000,0.0000,1.5810,1.0000,4.5710,5.7680,3.1820,0.0000,0.0000,0.0000,70.1625,0.0000,4403.0000,1755.0000,0.0000,25.0000,42.0000,24.0000,15.0000
2.8140,0.9060,0.5260,0.5010,0.2870,0.0000,0.0000,1.3820,1.0000,4.5710,5.7680,3.1820,0.0000,0.0000,0.0000,70.1618,0.0000,4403.0000,1755.0000,0.0000,25.0000,42.0000,24.0000,15.0000
2.8160,0.8160,0.4260,0.4150,0.1940,0.0000,0.0000,1.5740,1.0000,4.5710,5.7680,3.1820,0.0000,0.0000,0.0000,69.8528,0.0000,4373.0000,1755.0000,0.0000,25.0000,42.0000,24.0000,15.0000
2.7350,0.7330,0.4890,0.4910,0.2290,0.0000,0.0000,1.5130,1.0000,4.5710,5.7680,3.1820,0.0000,0.0000,0.0000,69.8528,0.0000,4373.0000,1755.0000,0.0000,25.0000,42.0000,24.0000,15.0000
2.0500,0.7400,0.3640,0.4650,0.1370,0.0000,0.0000,0.9460,1.0000,4.5710,5.7680,3.1820,0.0000,0.0000,0.0000,69.8528,0.0000,4373.0000,1755.0000,0.0000,25.0000,42.0000,24.0000,15.0000
2.2180,0.6260,0.3860,0.3680,0.1970,0.0000,0.0000,1.2060,1.0000,4.5710,5.7680,3.1820,0.0000,0.0000,0.0000,69.8731,0.0000,4375.0000,1755.0000,0.0000,25.0000,42.0000,24.0000,15.0000
2.1960,0.6290,0.3870,0.3160,0.2000,0.0000,0.0000,1.1800,1.0000,4.5710,5.7680,3.1820,0.0000,0.0000,0.0000,69.9140,0.0000,4379.0000,1755.0000,0.0000,25.0000,42.0000,24.0000,15.0000
1.7930,0.6400,0.3130,0.3050,0.1340,0.0000,0.0000,0.8400,1.0000,4.5710,5.7680,3.1820,0.0000,0.0000,0.0000,69.9142,0.0000,4379.0000,1755.0000,0.0000,25.0000,42.0000,24.0000,15.0000
1.7570,0.4860,0.3120,0.2900,0.1330,0.0000,0.0000,0.9590,1.0000,4.5710,5.7680,3.1820,0.0000,0.0000,0.0000,69.9144,0.0000,4379.0000,1755.0000,0.0000,25.0000,42.0000,24.0000,15.0000
1.9620,0.4880,0.3960,0.2910,0.1730,0.0000,0.0000,1.0780,1.0000,4.5710,5.7680,3.1820,0.0000,0.0000,0.0000,69.9346,0.0000,4381.0000,1755.0000,0.0000,25.0000,42.0000,24.0000,15.0000
1.9830,0.5690,0.3780,0.3320,0.1610,0.0000,0.0000,1.0360,1.0000,4.5710,5.7680,3.1820,0.0000,0.0000,0.0000,69.9449,0.0000,4382.0000,1755.0000,0.0000,25.0000,42.0000,24.0000,15.0000
1.8670,0.5800,0.3490,0.3130,0.1500,0.0000,0.0000,0.9380,1.0000,4.5710,5.7680,3.1820,0.0000,0.0000,0.0000,69.9553,0.0000,4383.0000,1755.0000,0.0000,25.0000,42.0000,24.0000,15.0000
1.8520,0.5060,0.3790,0.3220,0.2040,0.0000,0.0000,0.9670,1.0000,4.5710,5.7680,3.1820,0.0000,0.0000,0.0000,69.9763,0.0000,4385.0000,1755.0000,0.0000,25.0000,43.0000,24.0000,15.0000
1.8920,0.5770,0.4020,0.3600,0.2150,0.0000,0.0000,0.9130,1.0000,4.5710,5.7680,3.1820,0.0000,0.0000,0.0000,70.0085,0.0000,4388.0000,1755.0000,0.0000,25.0000,43.0000,24.0000,15.0000
1.8210,0.5190,0.2870,0.2590,0.1230,0.0000,0.0000,1.0150,1.0000,4.5710,5.7680,3.1820,0.0000,0.0000,0.0000,70.0087,0.0000,4388.0000,1755.0000,0.0000,25.0000,43.0000,24.0000,15.0000
1.8420,0.4430,0.2910,0.2610,0.1230,0.0000,0.0000,1.1080,1.0000,4.5710,5.7680,3.1820,0.0000,0.0000,0.0000,70.0088,0.0000,4388.0000,1755.0000,0.0000,25.0000,43.0000,24.0000,15.0000
1.7320,0.5000,0.2980,0.2750,0.1260,0.0000,0.0000,0.9340,1.0000,4.5710,5.7680,3.1820,0.0000,0.0000,0.0000,70.0088,0.0000,4388.0000,1755.0000,0.0000,25.0000,43.0000,24.0000,15.0000
1.9240,0.4980,0.3260,0.3210,0.1280,0.0000,0.0000,1.1000,1.0000,4.5710,5.7680,3.1820,0.0000,0.0000,0.0000,70.0088,0.0000,4388.0000,1755.0000,0.0000,25.0000,43.0000,24.0000,15.0000
1.7000,0.5110,0.3390,0.3330,0.1290,0.0000,0.0000,0.8500,1.0000,4.5710,5.7680,3.1820,0.0000,0.0000,0.0000,70.0088,0.0000,4388.0000,1755.0000,0.0000,25.0000,43.0000,24.0000,16.0000
1.8410,0.4450,0.3340,0.2810,0.1660,0.0000,0.0000,1.0620,1.0000,4.5710,5.7680,3.1820,0.0000,0.0000,0.0000,70.0088,0.0000,4388.0000,1755.0000,0.0000,25.0000,43.0000,24.0000,15.0000
1.8370,0.4630,0.3490,0.2760,0.1700,0.0000,0.0000,1.0250,1.0000,4.5710,5.7680,3.1820,0.0000,0.0000,0.0000,70.0294,0.0000,4390.0000,1755.0000,0.0000,25.0000,43.0000,24.0000,15.0000
1.7390,0.4890,0.2970,0.2590,0.1260,0.0000,0.0000,0.9530,1.0000,4.5710,5.7680,3.1820,0.0000,0.0000,0.0000,70.0294,0.0000,4390.0000,1755.0000,0.0000,25.0000,43.0000,24.0000,16.0000
1.7270,0.5010,0.3280,0.2920,0.1320,0.0000,0.0000,0.8980,1.0000,4.5710,5.7680,3.1820,0.0000,0.0000,0.0000,70.0295,0.0000,4390.0000,1755.0000,0.0000,25.0000,43.0000,24.0000,16.0000
1.8490,0.4840,0.3990,0.3280,0.2150,0.0000,0.0000,0.9660,1.0000,4.5710,5.7680,3.1820,0.0000,0.0000,0.0000,70.0404,0.0000,4391.0000,1755.0000,0.0000,25.0000,44.0000,24.0000,16.0000
1.9290,0.5230,0.3380,0.3320,0.1750,0.0000,0.0000,1.0680,1.0000,4.5710,5.7680,3.1820,0.0000,0.0000,0.0000,70.0506,0.0000,4392.0000,1755.0000,0.0000,25.0000,44.0000,24.0000,16.0000
1.8210,0.5140,0.2930,0.3180,0.1260,0.0000,0.0000,1.0140,1.0000,4.5710,5.7680,3.1820,0.0000,0.0000,0.0000,70.0507,0.0000,4392.0000,1755.0000,0.0000,25.0000,44.0000,24.0000,16.0000
1.6560,0.4320,0.2890,0.2670,0.1240,0.0000,0.0000,0.9350,1.0000,4.5710,5.7680,3.1820,0.0000,0.0000,0.0000,70.0501,0.0000,4392.0000,1755.0000,0.0000,25.0000,43.0000,24.0000,16.0000
1.7490,0.5100,0.3460,0.2800,0.1540,0.0000,0.0000,0.8930,1.0000,4.5710,5.7680,3.1820,0.0000,0.0000,0.0000,70.0610,0.0000,4393.0000,1755.0000,0.0000,25.0000,44.0000,24.0000,16.0000
1.8950,0.5160,0.3950,0.3280,0.1990,0.0000,0.0000,0.9840,1.0000,4.5710,5.7680,3.1820,0.0000,0.0000,0.0000,70.0713,0.0000,4394.0000,1755.0000,0.0000,25.0000,44.0000,24.0000,16.0000
2.0680,0.4590,0.3490,0.2660,0.1740,0.0000,0.0000,1.2600,1.0000,4.5710,5.7680,3.1820,0.0000,0.0000,0.0000,70.0926,0.0000,4396.0000,1755.0000,0.0000,25.0000,45.0000,24.0000,16.0000
2.1050,0.5510,0.4130,0.3040,0.1940,0.0000,0.0000,1.1410,1.0000,4.5710,5.7680,3.1820,0.0000,0.0000,0.0000,70.0926,0.0000,4396.0000,1755.0000,0.0000,25.0000,45.0000,24.0000,14.0000
2.0230,0.5440,0.3850,0.3450,0.1770,0.0000,0.0000,1.0940,1.0000,4.5710,5.7680,3.1820,0.0000,0.0000,0.0000,70.0927,0.0000,4396.0000,1755.0000,0.0000,25.0000,45.0000,24.0000,14.0000
1.8700,0.5680,0.3400,0.3860,0.1610,0.0000,0.0000,0.9620,1.0000,4.5710,5.7680,3.1820,0.0000,0.0000,0.0000,70.0927,0.0000,4396.0000,1755.0000,0.0000,25.0000,45.0000,24.0000,14.0000
1.8860,0.4790,0.3310,0.3150,0.1700,0.0000,0.0000,1.0760,1.0000,4.5710,5.7680,3.1820,0.0000,0.0000,0.0000,70.1030,0.0000,4397.0000,1755.0000,0.0000,25.0000,45.0000,24.0000,13.0000
2.0510,0.4500,0.4100,0.2560,0.1770,0.0000,0.0000,1.1910,1.0000,4.5710,5.7680,3.1820,0.0000,0.0000,0.0000,70.1037,0.0000,4397.0000,1755.0000,0.0000,25.0000,46.0000,24.0000,12.0000
2.0390,0.4970,0.3870,0.2910,0.1990,0.0000,0.0000,1.1550,1.0000,4.5710,5.7680,3.1820,0.0000,0.0000,0.0000,70.1243,0.0000,4399.0000,1755.0000,0.0000,25.0000,46.0000,24.0000,12.0000
2.0060,0.5060,0.4070,0.2750,0.2040,0.0000,0.0000,1.0930,1.0000,4.5710,5.7680,3.1820,0.0000,0.0000,0.0000,70.1348,0.0000,4400.0000,1755.0000,0.0000,25.0000,46.0000,24.0000,13.0000
1.9590,0.5080,0.3300,0.3090,0.1530,0.0000,0.0000,1.1210,1.0000,4.5710,5.7680,3.1820,0.0000,0.0000,0.0000,70.1349,0.0000,4400.0000,1755.0000,0.0000,25.0000,46.0000,24.0000,13.0000
2.3710,0.4280,0.5210,0.2660,0.2380,0.0000,0.0000,1.4220,1.0000,4.5710,5.7680,3.1820,0.0000,0.0000,0.0000,70.1350,0.0000,4400.0000,1755.0000,0.0000,25.0000,46.0000,24.0000,13.0000
2.6670,0.5550,0.4540,0.3360,0.2130,0.0000,0.0000,1.6580,1.0000,4.5710,5.7680,3.1820,0.0000,0.0000,0.0000,70.1350,0.0000,4400.0000,1755.0000,0.0000,25.0000,46.0000,24.0000,12.0000
1.8490,0.7890,0.3160,0.4860,0.1450,0.0000,0.0000,0.7440,1.0000,4.5710,5.7680,3.1820,0.0000,0.0000,0.0000,70.1350,0.0000,4400.0000,1755.0000,0.0000,25.0000,46.0000,24.0000,11.0000
1.9870,0.4310,0.2900,0.2610,0.1280,0.0000,0.0000,1.2660,1.0000,4.5710,5.7680,3.1820,0.0000,0.0000,0.0000,70.1350,0.0000,4400.0000,1755.0000,0.0000,25.0000,46.0000,24.0000,11.0000
2.1240,0.4730,0.3310,0.3070,0.1620,0.0000,0.0000,1.3200,1.0000,4.5710,5.7680,3.1820,0.0000,0.0000,0.0000,70.1452,0.0000,4401.0000,1755.0000,0.0000,25.0000,46.0000,24.0000,11.0000
2.1950,0.5050,0.4270,0.2740,0.2280,0.0000,0.0000,1.2630,1.0000,4.5710,5.7680,3.1820,0.0000,0.0000,0.0000,70.1757,0.0000,4404.0000,1755.0000,0.0000,25.0000,46.0000,24.0000,11.0000
2.0900,0.7010,0.3650,0.4110,0.1400,0.0000,0.0000,1.0240,1.0000,4.5710,5.7680,3.1820,0.0000,0.0000,0.0000,70.1758,0.0000,4404.0000,1755.0000,0.0000,25.0000,46.0000,24.0000,11.0000
2.2440,0.6020,0.4410,0.4010,0.1900,0.0000,0.0000,1.2010,1.0000,4.5710,5.7680,3.1820,0.0000,0.0000,0.0000,70.1869,0.0000,4405.0000,1755.0000,0.0000,25.0000,47.0000,24.0000,11.0000
1.8980,0.6520,0.2970,0.3190,0.1220,0.0000,0.0000,0.9490,1.0000,4.5710,5.7680,3.1820,0.0000,0.0000,0.0000,70.1869,0.0000,4405.0000,1755.0000,0.0000,25.0000,47.0000,24.0000,11.0000
2.1140,0.5660,0.3660,0.3550,0.1560,0.0000,0.0000,1.1820,1.0000,4.5710,5.7680,3.1820,0.0000,0.0000,0.0000,70.1863,0.0000,4405.0000,1755.0000,0.0000,25.0000,46.0000,24.0000,11.0000
2.0040,0.5540,0.3590,0.3090,0.1570,0.0000,0.0000,1.0910,1.0000,4.5710,5.7680,3.1820,0.0000,0.0000,0.0000,70.1859,0.0000,4405.0000,1755.0000,0.0000,25.0000,46.0000,24.0000,11.0000
1.9210,0.6160,0.3490,0.3510,0.1440,0.0000,0.0000,0.9560,1.0000,4.5710,5.7680,3.1820,0.0000,0.0000,0.0000,70.1841,0.0000,4405.0000,1755.0000,0.0000,25.0000,44.0000,24.0000,11.0000
1.8330,0.5190,0.3400,0.2950,0.1440,0.0000,0.0000,0.9740,1.0000,4.5710,5.7680,3.1820,0.0000,0.0000,0.0000,69.8467,0.0000,4372.0000,1755.0000,0.0000,25.0000,46.0000,24.0000,11.0000
1.8480,0.5270,0.3640,0.3450,0.1630,0.0000,0.0000,0.9570,1.0000,4.5710,5.7680,3.1820,0.0000,0.0000,0.0000,69.8570,0.0000,4373.0000,1755.0000,0.0000,25.0000,46.0000,24.0000,11.0000
1.7300,0.5490,0.3630,0.3150,0.1990,0.0000,0.0000,0.8180,1.0000,4.5710,5.7680,3.1820,0.0000,0.0000,0.0000,69.8570,0.0000,4373.0000,1755.0000,0.0000,25.0000,46.0000,24.0000,11.0000
1.8140,0.4120,0.3120,0.2620,0.1530,0.0000,0.0000,1.0900,1.0000,4.5710,5.7680,3.1820,0.0000,0.0000,0.0000,69.8674,0.0000,4374.0000,1755.0000,0.0000,25.0000,46.0000,24.0000,11.0000
1.7140,0.4480,0.3090,0.2590,0.1310,0.0000,0.0000,0.9570,1.0000,4.5710,5.7680,3.1820,0.0000,0.0000,0.0000,69.8675,0.0000,4374.0000,1755.0000,0.0000,25.0000,46.0000,24.0000,11.0000
1.6470,0.4640,0.3160,0.2640,0.1260,0.0000,0.0000,0.8670,1.0000,4.5710,5.7680,3.1820,0.0000,0.0000,0.0000,69.8675,0.0000,4374.0000,1755.0000,0.0000,25.0000,46.0000,24.0000,11.0000
1.8400,0.4740,0.3850,0.3270,0.1900,0.0000,0.0000,0.9810,1.0000,4.5710,5.7680,3.1820,0.0000,0.0000,0.0000,69.8778,0.0000,4375.0000,1755.0000,0.0000,25.0000,46.0000,24.0000,12.0000
1.7440,0.4470,0.2910,0.2620,0.1270,0.0000,0.0000,1.0060,1.0000,4.5710,5.7680,3.1820,0.0000,0.0000,0.0000,69.8778,0.0000,4375.0000,1755.0000,0.0000,25.0000,46.0000,24.0000,12.0000
1.8990,0.4190,0.3130,0.2660,0.1530,0.0000,0.0000,1.1670,1.0000,4.5710,5.7680,3.1820,0.0000,0.0000,0.0000,69.8881,0.0000,4376.0000,1755.0000,0.0000,25.0000,46.0000,24.0000,11.0000
1.9150,0.4940,0.3210,0.2620,0.1590,0.0000,0.0000,1.1000,1.0000,4.5710,5.7680,3.1820,0.0000,0.0000,0.0000,69.8984,0.0000,4377.0000,1755.0000,0.0000,25.0000,46.0000,24.0000,10.0000
1.9260,0.5180,0.3320,0.3120,0.1620,0.0000,0.0000,1.0760,1.0000,4.5710,5.7680,3.1820,0.0000,0.0000,0.0000,69.9087,0.0000,4378.0000,1755.0000,0.0000,25.0000,46.0000,24.0000,10.0000
2.0120,0.5730,0.3700,0.3260,0.1680,0.0000,0.0000,1.0690,1.0000,4.5710,5.7680,3.1820,0.0000,0.0000,0.0000,69.9291,0.0000,4380.0000,1755.0000,0.0000,25.0000,46.0000,24.0000,10.0000
1.9920,0.5650,0.3330,0.3280,0.1300,0.0000,0.0000,1.0940,1.0000,4.5710,5.7680,3.1820,0.0000,0.0000,0.0000,69.9292,0.0000,4380.0000,1755.0000,0.0000,25.0000,46.0000,24.0000,10.0000
1.9460,0.5890,0.3540,0.3480,0.1590,0.0000,0.0000,1.0030,1.0000,4.5710,5.7680,3.1820,0.0000,0.0000,0.0000,69.9397,0.0000,4381.0000,1755.0000,0.0000,25.0000,46.0000,24.0000,11.0000
1.8820,0.5820,0.3300,0.3970,0.1340,0.0000,0.0000,0.9700,1.0000,4.5710,5.7680,3.1820,0.0000,0.0000,0.0000,69.9390,0.0000,4381.0000,1755.0000,0.0000,25.0000,45.0000,24.0000,11.0000
2.1280,0.5630,0.3500,0.3350,0.1350,0.0000,0.0000,1.2150,1.0000,4.5710,5.7680,3.1820,0.0000,0.0000,0.0000,69.9390,0.0000,4381.0000,1755.0000,0.0000,25.0000,45.0000,24.0000,11.0000
2.4670,0.4170,0.4450,0.2620,0.2040,0.0000,0.0000,1.6050,1.0000,4.5710,5.7680,3.1820,0.0000,0.0000,0.0000,69.9695,0.0000,4384.0000,1755.0000,0.0000,25.0000,45.0000,24.0000,11.0000
1.9420,0.6550,0.3160,0.3190,0.1320,0.0000,0.0000,0.9710,1.0000,4.5710,5.7680,3.1820,0.0000,0.0000,0.0000,69.9705,0.0000,4384.0000,1755.0000,0.0000,25.0000,46.0000,24.0000,11.0000
1.9100,0.4480,0.3490,0.2750,0.1790,0.0000,0.0000,1.1130,1.0000,4.5710,5.7680,3.1820,0.0000,0.0000,0.0000,69.9714,0.0000,4384.0000,1755.0000,0.0000,25.0000,47.0000,24.0000,11.0000
1.9250,0.4590,0.3390,0.2810,0.1590,0.0000,0.0000,1.1270,1.0000,4.5710,5.7680,3.1820,0.0000,0.0000,0.0000,69.9817,0.0000,4385.0000,1755.0000,0.0000,25.0000,47.0000,24.0000,11.0000
1.6980,0.5490,0.3050,0.2780,0.1300,0.0000,0.0000,0.8440,1.0000,4.5710,5.7680,3.1820,0.0000,0.0000,0.0000,69.9825,0.0000,4385.0000,1755.0000,0.0000,25.0000,48.0000,24.0000,11.0000
1.7410,0.4720,0.3220,0.2970,0.1310,0.0000,0.0000,0.9470,1.0000,4.5710,5.7680,3.1820,0.0000,0.0000,0.0000,69.9825,0.0000,4385.0000,1755.0000,0.0000,25.0000,48.0000,24.0000,11.0000
1.7660,0.4340,0.3030,0.2820,0.1420,0.0000,0.0000,1.0290,1.0000,4.5710,5.7680,3.1820,0.0000,0.0000,0.0000,69.9825,0.0000,4385.0000,1755.0000,0.0000,25.0000,48.0000,24.0000,11.0000
1.6570,0.4190,0.2920,0.2630,0.1280,0.0000,0.0000,0.9460,1.0000,4.5710,5.7680,3.1820,0.0000,0.0000,0.0000,69.9825,0.0000,4385.0000,1755.0000,0.0000,25.0000,48.0000,24.0000,11.0000
1.7420,0.4620,0.2890,0.2680,0.1250,0.0000,0.0000,0.9910,1.0000,4.5710,5.7680,3.1820,0.0000,0.0000,0.0000,69.9825,0.0000,4385.0000,1755.0000,0.0000,25.0000,48.0000,24.0000,11.0000
1.8060,0.4800,0.3420,0.3290,0.1700,0.0000,0.0000,0.9840,1.0000,4.5710,5.7680,3.1820,0.0000,0.0000,0.0000,69.9832,0.0000,4385.0000,1755.0000,0.0000,25.0000,49.0000,24.0000,11.0000
1.8480,0.4450,0.3310,0.2890,0.1690,0.0000,0.0000,1.0720,1.0000,4.5710,5.7680,3.1820,0.0000,0.0000,0.0000,69.9935,0.0000,4386.0000,1755.0000,0.0000,25.0000,49.0000,24.0000,11.0000
1.8350,0.4540,0.3390,0.2640,0.1750,0.0000,0.0000,1.0420,1.0000,4.5710,5.7680,3.1820,0.0000,0.0000,0.0000,69.9935,0.0000,4386.0000,1755.0000,0.0000,25.0000,49.0000,24.0000,11.0000
1.8700,0.4260,0.3240,0.2630,0.1630,0.0000,0.0000,1.1200,1.0000,4.5710,5.7680,3.1820,0.0000,0.0000,0.0000,70.0138,0.0000,4388.0000,1755.0000,0.0000,25.0000,49.0000,24.0000,11.0000
1.7590,0.5290,0.2840,0.2650,0.1220,0.0000,0.0000,0.9460,1.0000,4.5710,5.7680,3.1820,0.0000,0.0000,0.0000,70.0138,0.0000,4388.0000,1755.0000,0.0000,25.0000,49.0000,24.0000,11.0000
1.7760,0.5250,0.3470,0.3050,0.1430,0.0000,0.0000,0.9040,1.0000,4.5710,5.7680,3.1820,0.0000,0.0000,0.0000,70.0139,0.0000,4388.0000,1755.0000,0.0000,25.0000,49.0000,24.0000,11.0000
1.9780,0.4400,0.3910,0.2850,0.2170,0.0000,0.0000,1.1470,1.0000,4.5710,5.7680,3.1820,0.0000,0.0000,0.0000,70.0436,0.0000,4391.0000,1755.0000,0.0000,25.0000,48.0000,24.0000,11.0000
1.9190,0.5940,0.3350,0.3370,0.1780,0.0000,0.0000,0.9900,1.0000,4.5710,5.7680,3.1820,0.0000,0.0000,0.0000,70.0742,0.0000,4394.0000,1755.0000,0.0000,25.0000,48.0000,24.0000,11.0000
1.7540,0.5220,0.2830,0.2620,0.1220,0.0000,0.0000,0.9490,1.0000,4.5710,5.7680,3.1820,0.0000,0.0000,0.0000,70.0744,0.0000,4394.0000,1755.0000,0.0000,25.0000,48.0000,24.0000,11.0000
1.7140,0.4310,0.3050,0.2720,0.1250,0.0000,0.0000,0.9780,1.0000,4.5710,5.7680,3.1820,0.0000,0.0000,0.0000,70.0746,0.0000,4394.0000,1755.0000,0.0000,25.0000,48.0000,24.0000,11.0000
1.6540,0.4800,0.2930,0.2760,0.1250,0.0000,0.0000,0.8810,1.0000,4.5710,5.7680,3.1820,0.0000,0.0000,0.0000,70.0753,0.0000,4394.0000,1755.0000,0.0000,25.0000,49.0000,24.0000,11.0000
1.7370,0.4780,0.3600,0.3280,0.1570,0.0000,0.0000,0.8990,1.0000,4.5710,5.7680,3.1820,0.0000,0.0000,0.0000,70.0760,0.0000,4394.0000,1755.0000,0.0000,25.0000,50.0000,24.0000,11.0000
1.8540,0.4500,0.3530,0.2910,0.1650,0.0000,0.0000,1.0510,1.0000,4.5710,5.7680,3.1820,0.0000,0.0000,0.0000,70.0863,0.0000,4395.0000,1755.0000,0.0000,25.0000,50.0000,24.0000,11.0000
1.7040,0.4880,0.3200,0.2670,0.1320,0.0000,0.0000,0.8960,1.0000,4.5710,5.7680,3.1820,0.0000,0.0000,0.0000,70.0863,0.0000,4395.0000,1755.0000,0.0000,25.0000,50.0000,24.0000,11.0000
1.9300,0.4590,0.3970,0.2680,0.1950,0.0000,0.0000,1.0740,1.0000,4.5710,5.7680,3.1820,0.0000,0.0000,0.0000,70.1178,0.0000,4398.0000,1755.0000,0.0000,25.0000,51.0000,24.0000,11.0000
1.8370,0.6090,0.3250,0.3320,0.1290,0.0000,0.0000,0.9030,1.0000,4.5710,5.7680,3.1820,0.0000,0.0000,0.0000,70.1178,0.0000,4398.0000,1755.0000,0.0000,25.0000,51.0000,24.0000,11.0000
1.7220,0.5610,0.3320,0.3490,0.1610,0.0000,0.0000,0.8290,1.0000,4.5710,5.7680,3.1820,0.0000,0.0000,0.0000,70.1180,0.0000,4398.0000,1755.0000,0.0000,25.0000,51.0000,24.0000,11.0000
1.8270,0.4190,0.3320,0.2600,0.1680,0.0000,0.0000,1.0760,1.0000,4.5710,5.7680,3.1820,0.0000,0.0000,0.0000,70.1282,0.0000,4399.0000,1755.0000,0.0000,25.0000,51.0000,24.0000,11.0000
1.8520,0.5060,0.2990,0.3060,0.1280,0.0000,0.0000,1.0470,1.0000,4.5710,5.7680,3.1820,0.0000,0.0000,0.0000,70.1282,0.0000,4399.0000,1755.0000,0.0000,25.0000,51.0000,24.0000,12.0000
1.8540,0.4920,0.3000,0.2840,0.1320,0.0000,0.0000,1.0620,1.0000,4.5710,5.7680,3.1820,0.0000,0.0000,0.0000,70.1283,0.0000,4399.0000,1755.0000,0.0000,25.0000,51.0000,24.0000,12.0000
1.9230,0.5140,0.3150,0.3380,0.1350,0.0000,0.0000,1.0940,1.0000,4.5710,5.7680,3.1820,0.0000,0.0000,0.0000,70.1282,0.0000,4399.0000,1755.0000,0.0000,25.0000,51.0000,24.0000,12.0000
1.9480,0.5740,0.3670,0.4070,0.1680,0.0000,0.0000,1.0070,1.0000,4.5710,5.7680,3.1820,0.0000,0.0000,0.0000,70.1385,0.0000,4400.0000,1755.0000,0.0000,25.0000,51.0000,24.0000,12.0000
1.7520,0.5270,0.3250,0.3340,0.1310,0.0000,0.0000,0.9000,1.0000,4.5710,5.7680,3.1820,0.0000,0.0000,0.0000,70.1385,0.0000,4400.0000,1755.0000,0.0000,25.0000,51.0000,24.0000,12.0000
1.7910,0.4600,0.3010,0.3010,0.1390,0.0000,0.0000,1.0300,1.0000,4.5710,5.7680,3.1820,0.0000,0.0000,0.0000,70.1381,0.0000,4400.0000,1755.0000,0.0000,25.0000,50.0000,24.0000,13.0000
3.8290,0.4940,0.4060,0.3130,0.2380,0.0000,0.0000,2.9290,1.0000,4.5710,5.7680,3.1820,0.0000,0.0000,0.0000,70.1686,0.0000,4403.0000,1755.0000,0.0000,25.0000,50.0000,24.0000,13.0000
1.9090,0.5580,0.3370,0.2730,0.1440,0.0000,0.0000,1.0140,1.0000,4.5710,5.7680,3.1820,0.0000,0.0000,0.0000,69.8468,0.0000,4372.0000,1755.0000,0.0000,25.0000,48.0000,24.0000,13.0000
1.7650,0.4550,0.2960,0.2750,0.1320,0.0000,0.0000,1.0140,1.0000,4.5710,5.7680,3.1820,0.0000,0.0000,0.0000,69.8467,0.0000,4372.0000,1755.0000,0.0000,25.0000,48.0000,24.0000,14.0000
1.8120,0.5480,0.3370,0.3820,0.1390,0.0000,0.0000,0.9270,1.0000,4.5710,5.7680,3.1820,0.0000,0.0000,0.0000,69.8467,0.0000,4372.0000,1755.0000,0.0000,25.0000,48.0000,24.0000,15.0000
1.8990,0.5550,0.3660,0.3400,0.1780,0.0000,0.0000,0.9780,1.0000,4.5710,5.7680,3.1820,0.0000,0.0000,0.0000,69.8467,0.0000,4372.0000,1755.0000,0.0000,25.0000,48.0000,24.0000,15.0000
2.1070,0.4820,0.4200,0.3150,0.2380,0.0000,0.0000,1.2050,1.0000,4.5710,5.7680,3.1820,0.0000,0.0000,0.0000,69.8669,0.0000,4374.0000,1755.0000,0.0000,25.0000,48.0000,24.0000,15.0000
2.2140,0.6660,0.4020,0.4260,0.2160,0.0000,0.0000,1.1460,1.0000,4.5710,5.7680,3.1820,0.0000,0.0000,0.0000,69.8871,0.0000,4376.0000,1755.0000,0.0000,25.0000,48.0000,24.0000,15.0000
1.9280,0.6190,0.3600,0.3830,0.1460,0.0000,0.0000,0.9490,1.0000,4.5710,5.7680,3.1820,0.0000,0.0000,0.0000,69.8872,0.0000,4376.0000,1755.0000,0.0000,25.0000,48.0000,24.0000,14.0000
2.0740,0.5900,0.3890,0.3750,0.1820,0.0000,0.0000,1.0950,1.0000,4.5710,5.7680,3.1820,0.0000,0.0000,0.0000,69.8983,0.0000,4377.0000,1755.0000,0.0000,25.0000,49.0000,24.0000,14.0000
1.9290,0.5780,0.3670,0.3800,0.1470,0.0000,0.0000,0.9840,1.0000,4.5710,5.7680,3.1820,0.0000,0.0000,0.0000,69.8990,0.0000,4377.0000,1755.0000,0.0000,25.0000,50.0000,24.0000,14.0000
1.7340,0.5740,0.3230,0.3530,0.1340,0.0000,0.0000,0.8370,1.0000,4.5710,5.7680,3.1820,0.0000,0.0000,0.0000,69.8990,0.0000,4377.0000,1755.0000,0.0000,25.0000,50.0000,24.0000,14.0000
1.7430,0.4490,0.3040,0.3020,0.1420,0.0000,0.0000,0.9900,1.0000,4.5710,5.7680,3.1820,0.0000,0.0000,0.0000,69.8990,0.0000,4377.0000,1755.0000,0.0000,25.0000,50.0000,24.0000,14.0000
1.8040,0.4400,0.3110,0.2850,0.1450,0.0000,0.0000,1.0530,1.0000,4.5710,5.7680,3.1820,0.0000,0.0000,0.0000,69.8997,0.0000,4377.0000,1755.0000,0.0000,25.0000,51.0000,24.0000,14.0000
1.9600,0.4930,0.3270,0.2880,0.1660,0.0000,0.0000,1.1400,1.0000,4.5710,5.7680,3.1820,0.0000,0.0000,0.0000,69.9203,0.0000,4379.0000,1755.0000,0.0000,25.0000,51.0000,24.0000,14.0000
2.0740,0.6000,0.3940,0.3160,0.1780,0.0000,0.0000,1.0800,1.0000,4.5710,5.7680,3.1820,0.0000,0.0000,0.0000,69.9622,0.0000,4383.0000,1755.0000,0.0000,25.0000,50.0000,24.0000,14.0000
1.9150,0.6710,0.3390,0.3020,0.1590,0.0000,0.0000,0.9050,1.0000,4.5710,5.7680,3.1820,0.0000,0.0000,0.0000,69.9726,0.0000,4384.0000,1755.0000,0.0000,25.0000,50.0000,24.0000,14.0000
1.9840,0.5490,0.3480,0.3020,0.1720,0.0000,0.0000,1.0870,1.0000,4.5710,5.7680,3.1820,0.0000,0.0000,0.0000,69.9931,0.0000,4386.0000,1755.0000,0.0000,25.0000,50.0000,24.0000,14.0000
2.1360,0.5920,0.3700,0.3090,0.1780,0.0000,0.0000,1.1740,1.0000,4.5710,5.7680,3.1820,0.0000,0.0000,0.0000,70.0028,0.0000,4387.0000,1755.0000,0.0000,25.0000,49.0000,24.0000,14.0000
2.1190,0.5960,0.3520,0.3230,0.1810,0.0000,0.0000,1.1710,1.0000,4.5710,5.7680,3.1820,0.0000,0.0000,0.0000,70.0029,0.0000,4387.0000,1755.0000,0.0000,25.0000,49.0000,24.0000,14.0000
1.8380,0.5480,0.3110,0.3240,0.1280,0.0000,0.0000,0.9790,1.0000,4.5710,5.7680,3.1820,0.0000,0.0000,0.0000,70.0015,0.0000,4387.0000,1755.0000,0.0000,25.0000,47.0000,24.0000,13.0000
1.9200,0.5100,0.3400,0.3030,0.1600,0.0000,0.0000,1.0700,1.0000,4.5710,5.7680,3.1820,0.0000,0.0000,0.0000,70.0015,0.0000,4387.0000,1755.0000,0.0000,25.0000,47.0000,24.0000,13.0000
2.4540,0.5690,0.4160,0.3420,0.1950,0.0000,0.0000,1.4690,1.0000,4.5710,5.7680,3.1820,0.0000,0.0000,0.0000,70.0119,0.0000,4388.0000,1755.0000,0.0000,25.0000,47.0000,24.0000,13.0000
2.4910,0.6880,0.4800,0.3800,0.2550,0.0000,0.0000,1.3230,1.0000,4.5710,5.7680,3.1820,0.0000,0.0000,0.0000,70.0120,0.0000,4388.0000,1755.0000,0.0000,25.0000,47.0000,24.0000,13.0000
2.2760,0.7110,0.4530,0.4800,0.2230,0.0000,0.0000,1.1120,1.0000,4.5710,5.7680,3.1820,0.0000,0.0000,0.0000,70.0223,0.0000,4389.0000,1755.0000,0.0000,25.0000,47.0000,24.0000,13.0000
1.7350,0.5520,0.2910,0.3230,0.1220,0.0000,0.0000,0.8920,1.0000,4.5710,5.7680,3.1820,0.0000,0.0000,0.0000,70.0216,0.0000,4389.0000,1755.0000,0.0000,25.0000,46.0000,24.0000,12.0000
1.8070,0.4940,0.2990,0.2900,0.1340,0.0000,0.0000,1.0140,1.0000,4.5710,5.7680,3.1820,0.0000,0.0000,0.0000,70.0216,0.0000,4389.0000,1755.0000,0.0000,25.0000,46.0000,24.0000,12.0000
1.6900,0.6010,0.3180,0.3720,0.1290,0.0000,0.0000,0.7710,1.0000,4.5710,5.7680,3.1820,0.0000,0.0000,0.0000,70.0216,0.0000,4389.0000,1755.0000,0.0000,25.0000,46.0000,24.0000,12.0000
1.7760,0.4570,0.2850,0.3020,0.1260,0.0000,0.0000,1.0340,1.0000,4.5710,5.7680,3.1820,0.0000,0.0000,0.0000,70.0216,0.0000,4389.0000,1755.0000,0.0000,25.0000,46.0000,24.0000,12.0000
1.8440,0.4340,0.3230,0.2760,0.1580,0.0000,0.0000,1.0870,1.0000,4.5710,5.7680,3.1820,0.0000,0.0000,0.0000,70.0312,0.0000,4390.0000,1755.0000,0.0000,25.0000,45.0000,24.0000,12.0000
1.7870,0.5100,0.3180,0.2790,0.1550,0.0000,0.0000,0.9590,1.0000,4.5710,5.7680,3.1820,0.0000,0.0000,0.0000,70.0415,0.0000,4391.0000,1755.0000,0.0000,25.0000,45.0000,24.0000,11.0000
1.8020,0.5310,0.3250,0.3280,0.1380,0.0000,0.0000,0.9460,1.0000,4.5710,5.7680,3.1820,0.0000,0.0000,0.0000,70.0415,0.0000,4391.0000,1755.0000,0.0000,25.0000,45.0000,24.0000,11.0000
1.8720,0.5170,0.3660,0.3440,0.1940,0.0000,0.0000,0.9890,1.0000,4.5710,5.7680,3.1820,0.0000,0.0000,0.0000,70.0512,0.0000,4392.0000,1755.0000,0.0000,25.0000,44.0000,24.0000,12.0000
1.8330,0.4900,0.3410,0.2950,0.1430,0.0000,0.0000,1.0020,1.0000,4.5710,5.7680,3.1820,0.0000,0.0000,0.0000,70.0521,0.0000,4392.0000,1755.0000,0.0000,25.0000,45.0000,24.0000,12.0000
1.9850,0.4470,0.3200,0.2810,0.1580,0.0000,0.0000,1.2180,1.0000,4.5710,5.7680,3.1820,0.0000,0.0000,0.0000,70.0671,0.0000,4394.0000,1755.0000,0.0000,25.0000,46.0000,24.0000,11.0000
2.0960,0.5370,0.4120,0.3430,0.2320,0.0000,0.0000,1.1470,1.0000,4.5710,5.7680,3.1820,0.0000,0.0000,0.0000,70.0655,0.0000,4394.0000,1755.0000,0.0000,25.0000,46.0000,24.0000,12.0000
2.0170,0.5650,0.3740,0.3790,0.2060,0.0000,0.0000,1.0780,1.0000,4.5710,5.7680,3.1820,0.0000,0.0000,0.0000,70.1040,0.0000,4403.0000,1755.0000,0.0000,25.0000,46.0000,24.0000,12.0000
2.0000,0.6300,0.4420,0.2890,0.2120,0.0000,0.0000,0.9280,1.0000,4.5710,5.7680,3.1820,0.0000,0.0000,0.0000,70.1144,0.0000,4404.0000,1755.0000,0.0000,25.0000,46.0000,24.0000,12.0000
1.9620,0.5080,0.3930,0.3030,0.2000,0.0000,0.0000,1.0610,1.0000,4.5710,5.7680,3.1820,0.0000,0.0000,0.0000,70.1361,0.0000,4406.0000,1755.0000,0.0000,25.0000,48.0000,24.0000,12.0000
1.7580,0.5250,0.3370,0.2840,0.1700,0.0000,0.0000,0.8960,1.0000,4.5710,5.7680,3.1820,0.0000,0.0000,0.0000,70.1369,0.0000,4406.0000,1755.0000,0.0000,25.0000,49.0000,24.0000,12.0000
1.9160,0.4350,0.3380,0.2700,0.1590,0.0000,0.0000,1.1430,1.0000,4.5710,5.7680,3.1820,0.0000,0.0000,0.0000,70.1472,0.0000,4407.0000,1755.0000,0.0000,25.0000,49.0000,24.0000,12.0000
1.9250,0.5440,0.3370,0.2790,0.1680,0.0000,0.0000,1.0440,1.0000,4.5710,5.7680,3.1820,0.0000,0.0000,0.0000,70.1654,0.0000,4409.0000,1755.0000,0.0000,25.0000,46.0000,24.0000,12.0000
1.8180,0.5450,0.3370,0.2770,0.1390,0.0000,0.0000,0.9360,1.0000,4.5710,5.7680,3.1820,0.0000,0.0000,0.0000,70.1647,0.0000,4409.0000,1755.0000,0.0000,25.0000,45.0000,24.0000,12.0000
1.7960,0.5420,0.3290,0.3600,0.1300,0.0000,0.0000,0.9250,1.0000,4.5710,5.7680,3.1820,0.0000,0.0000,0.0000,70.1655,0.0000,4409.0000,1755.0000,0.0000,25.0000,46.0000,24.0000,12.0000
1.8770,0.5580,0.3680,0.3420,0.1960,0.0000,0.0000,0.9510,1.0000,4.5710,5.7680,3.1820,0.0000,0.0000,0.0000,70.1758,0.0000,4410.0000,1755.0000,0.0000,25.0000,46.0000,24.0000,12.0000
2.0530,0.5060,0.4520,0.3070,0.2390,0.0000,0.0000,1.0950,1.0000,4.5710,5.7680,3.1820,0.0000,0.0000,0.0000,70.1963,0.0000,4412.0000,1755.0000,0.0000,25.0000,46.0000,24.0000,12.0000
1.8040,0.6400,0.3450,0.4030,0.1740,0.0000,0.0000,0.8190,1.0000,4.5710,5.7680,3.1820,0.0000,0.0000,0.0000,70.1964,0.0000,4412.0000,1755.0000,0.0000,25.0000,46.0000,24.0000,12.0000
2.0160,0.4460,0.3520,0.2810,0.1340,0.0000,0.0000,1.2180,1.0000,4.5710,5.7680,3.1820,0.0000,0.0000,0.0000,70.1958,0.0000,4412.0000,1755.0000,0.0000,25.0000,45.0000,24.0000,12.0000
1.8860,0.5370,0.3080,0.3500,0.1270,0.0000,0.0000,1.0410,1.0000,4.5710,5.7680,3.1820,0.0000,0.0000,0.0000,70.1958,0.0000,4412.0000,1755.0000,0.0000,25.0000,45.0000,24.0000,12.0000
4.1960,0.4680,0.3120,0.2970,0.1280,0.0000,0.0000,3.4160,1.0000,4.5710,5.7680,3.1820,0.0000,0.0000,0.0000,70.1958,0.0000,4412.0000,1755.0000,0.0000,25.0000,45.0000,24.0000,12.0000
2.0580,0.4870,0.3410,0.3080,0.1490,0.0000,0.0000,1.2300,1.0000,4.5710,5.7680,3.1820,0.0000,0.0000,0.0000,69.8866,0.0000,4382.0000,1755.0000,0.0000,25.0000,45.0000,24.0000,12.0000
1.9780,0.5240,0.4100,0.3440,0.2300,0.0000,0.0000,1.0440,1.0000,4.5710,5.7680,3.1820,0.0000,0.0000,0.0000,69.8967,0.0000,4383.0000,1755.0000,0.0000,25.0000,45.0000,24.0000,12.0000
2.3830,0.4970,0.4960,0.2960,0.2650,0.0000,0.0000,1.3900,1.0000,4.5710,5.7680,3.1820,0.0000,0.0000,0.0000,69.9162,0.0000,4385.0000,1755.0000,0.0000,25.0000,44.0000,24.0000,12.0000
1.9400,0.6560,0.3250,0.3550,0.1530,0.0000,0.0000,0.9590,1.0000,4.5710,5.7680,3.1820,0.0000,0.0000,0.0000,69.9259,0.0000,4386.0000,1755.0000,0.0000,25.0000,43.0000,24.0000,12.0000
2.1750,0.5200,0.3300,0.3190,0.1310,0.0000,0.0000,1.3250,1.0000,4.5710,5.7680,3.1820,0.0000,0.0000,0.0000,69.9252,0.0000,4386.0000,1755.0000,0.0000,25.0000,42.0000,24.0000,13.0000
2.0660,0.6040,0.3610,0.3950,0.1810,0.0000,0.0000,1.1010,1.0000,4.5710,5.7680,3.1820,0.0000,0.0000,0.0000,69.9557,0.0000,4389.0000,1755.0000,0.0000,25.0000,42.0000,24.0000,13.0000
1.8260,0.6240,0.2900,0.2860,0.1230,0.0000,0.0000,0.9120,1.0000,4.5710,5.7680,3.1820,0.0000,0.0000,0.0000,69.9564,0.0000,4389.0000,1755.0000,0.0000,25.0000,43.0000,24.0000,13.0000
1.9560,0.4990,0.3140,0.2900,0.1300,0.0000,0.0000,1.1430,1.0000,4.5710,5.7680,3.1820,0.0000,0.0000,0.0000,69.9538,0.0000,4383.0000,1755.0000,0.0000,25.0000,44.0000,24.0000,13.0000
2.0420,0.5190,0.3840,0.3660,0.1620,0.0000,0.0000,1.1390,1.0000,4.5710,5.7680,3.1820,0.0000,0.0000,0.0000,69.9642,0.0000,4384.0000,1755.0000,0.0000,25.0000,44.0000,24.0000,13.0000
1.8000,0.5900,0.3160,0.3280,0.1330,0.0000,0.0000,0.8940,1.0000,4.5710,5.7680,3.1820,0.0000,0.0000,0.0000,69.9649,0.0000,4384.0000,1755.0000,0.0000,25.0000,45.0000,24.0000,13.0000
1.9900,0.5250,0.3710,0.3660,0.1970,0.0000,0.0000,1.0940,1.0000,4.5710,5.7680,3.1820,0.0000,0.0000,0.0000,69.9852,0.0000,4386.0000,1755.0000,0.0000,25.0000,45.0000,24.0000,13.0000
1.8030,0.6210,0.3450,0.3450,0.1730,0.0000,0.0000,0.8370,1.0000,4.5710,5.7680,3.1820,0.0000,0.0000,0.0000,69.9852,0.0000,4386.0000,1755.0000,0.0000,25.0000,45.0000,24.0000,13.0000
1.9960,0.4690,0.3570,0.3080,0.1860,0.0000,0.0000,1.1700,1.0000,4.5710,5.7680,3.1820,0.0000,0.0000,0.0000,70.0158,0.0000,4389.0000,1755.0000,0.0000,25.0000,45.0000,24.0000,12.0000
1.9730,0.6250,0.3360,0.3640,0.1800,0.0000,0.0000,1.0120,1.0000,4.5710,5.7680,3.1820,0.0000,0.0000,0.0000,70.0466,0.0000,4392.0000,1755.0000,0.0000,25.0000,45.0000,24.0000,12.0000
1.9850,0.5520,0.3390,0.2930,0.1670,0.0000,0.0000,1.0940,1.0000,4.5710,5.7680,3.1820,0.0000,0.0000,0.0000,70.0558,0.0000,4392.0000,1755.0000,0.0000,25.0000,45.0000,24.0000,12.0000
1.8580,0.5380,0.3620,0.3400,0.1700,0.0000,0.0000,0.9580,1.0000,4.5710,5.7680,3.1820,0.0000,0.0000,0.0000,70.0559,0.0000,4392.0000,1755.0000,0.0000,25.0000,45.0000,24.0000,12.0000
1.8560,0.4480,0.3030,0.2880,0.1390,0.0000,0.0000,1.1050,1.0000,4.5710,5.7680,3.1820,0.0000,0.0000,0.0000,70.0560,0.0000,4392.0000,1755.0000,0.0000,25.0000,45.0000,24.0000,12.0000
1.7900,0.5150,0.3050,0.3010,0.1280,0.0000,0.0000,0.9700,1.0000,4.5710,5.7680,3.1820,0.0000,0.0000,0.0000,70.0560,0.0000,4392.0000,1755.0000,0.0000,25.0000,45.0000,24.0000,12.0000
1.8380,0.5380,0.3240,0.3320,0.1460,0.0000,0.0000,0.9760,1.0000,4.5710,5.7680,3.1820,0.0000,0.0000,0.0000,70.0553,0.0000,4392.0000,1755.0000,0.0000,25.0000,44.0000,24.0000,12.0000
1.8630,0.5190,0.3250,0.3460,0.1290,0.0000,0.0000,1.0190,1.0000,4.5710,5.7680,3.1820,0.0000,0.0000,0.0000,70.0553,0.0000,4392.0000,1755.0000,0.0000,25.0000,44.0000,24.0000,13.0000
1.8000,0.5980,0.3590,0.4430,0.1820,0.0000,0.0000,0.8430,1.0000,4.5710,5.7680,3.1820,0.0000,0.0000,0.0000,70.0553,0.0000,4392.0000,1755.0000,0.0000,25.0000,44.0000,24.0000,13.0000
1.8090,0.4700,0.3410,0.3140,0.1450,0.0000,0.0000,0.9980,1.0000,4.5710,5.7680,3.1820,0.0000,0.0000,0.0000,70.0553,0.0000,4392.0000,1755.0000,0.0000,25.0000,44.0000,24.0000,12.0000
1.9450,0.4660,0.3670,0.3080,0.1450,0.0000,0.0000,1.1120,1.0000,4.5710,5.7680,3.1820,0.0000,0.0000,0.0000,70.0553,0.0000,4392.0000,1755.0000,0.0000,25.0000,44.0000,24.0000,12.0000
1.7960,0.4580,0.3100,0.2870,0.1350,0.0000,0.0000,1.0280,1.0000,4.5710,5.7680,3.1820,0.0000,0.0000,0.0000,70.0553,0.0000,4392.0000,1755.0000,0.0000,25.0000,44.0000,24.0000,12.0000
2.2600,0.4900,0.3810,0.2960,0.1820,0.0000,0.0000,1.3890,1.0000,4.5710,5.7680,3.1820,0.0000,0.0000,0.0000,70.0560,0.0000,4392.0000,1755.0000,0.0000,25.0000,45.0000,24.0000,12.0000
1.9190,0.6740,0.3060,0.4020,0.1280,0.0000,0.0000,0.9390,1.0000,4.5710,5.7680,3.1820,0.0000,0.0000,0.0000,70.0560,0.0000,4392.0000,1755.0000,0.0000,25.0000,45.0000,24.0000,12.0000
2.6070,0.4930,0.3340,0.3280,0.1580,0.0000,0.0000,1.7800,1.0000,4.5710,5.7680,3.1820,0.0000,0.0000,0.0000,70.0662,0.0000,4393.0000,1755.0000,0.0000,25.0000,45.0000,24.0000,12.0000
1.8100,0.5240,0.3440,0.2840,0.1340,0.0000,0.0000,0.9420,1.0000,4.5710,5.7680,3.1820,0.0000,0.0000,0.0000,70.0662,0.0000,4393.0000,1755.0000,0.0000,25.0000,45.0000,24.0000,12.0000
1.8130,0.5120,0.3700,0.3540,0.2090,0.0000,0.0000,0.9310,1.0000,4.5710,5.7680,3.1820,0.0000,0.0000,0.0000,70.0766,0.0000,4394.0000,1755.0000,0.0000,25.0000,45.0000,24.0000,12.0000
1.7490,0.4980,0.3260,0.3030,0.1670,0.0000,0.0000,0.9250,1.0000,4.5710,5.7680,3.1820,0.0000,0.0000,0.0000,70.0773,0.0000,4394.0000,1755.0000,0.0000,25.0000,46.0000,24.0000,12.0000
1.8460,0.4510,0.3300,0.2880,0.1660,0.0000,0.0000,1.0650,1.0000,4.5710,5.7680,3.1820,0.0000,0.0000,0.0000,70.0978,0.0000,4396.0000,1755.0000,0.0000,25.0000,46.0000,24.0000,12.0000
2.2550,0.5830,0.3490,0.3100,0.1870,0.0000,0.0000,1.3230,1.0000,4.5710,5.7680,3.1820,0.0000,0.0000,0.0000,70.1582,0.0000,4402.0000,1755.0000,0.0000,25.0000,46.0000,24.0000,13.0000
1.7850,0.7730,0.3150,0.3410,0.1460,0.0000,0.0000,0.6970,1.0000,4.5710,5.7680,3.1820,0.0000,0.0000,0.0000,70.1583,0.0000,4402.0000,1755.0000,0.0000,25.0000,46.0000,24.0000,13.0000
2.3020,0.5010,0.3200,0.2910,0.1560,0.0000,0.0000,1.4810,1.0000,4.5710,5.7680,3.1820,0.0000,0.0000,0.0000,70.1701,0.0000,4403.0000,1755.0000,0.0000,25.0000,47.0000,24.0000,13.0000
2.1580,0.7860,0.3840,0.5440,0.1670,0.0000,0.0000,0.9880,1.0000,4.5710,5.7680,3.1820,0.0000,0.0000,0.0000,70.1701,0.0000,4403.0000,1755.0000,0.0000,25.0000,47.0000,24.0000,13.0000
2.1990,0.6010,0.4760,0.3910,0.2060,0.0000,0.0000,1.1220,1.0000,4.5710,5.7680,3.1820,0.0000,0.0000,0.0000,70.1702,0.0000,4403.0000,1755.0000,0.0000,25.0000,47.0000,24.0000,13.0000
3.1120,0.6150,0.4180,0.4180,0.1920,0.0000,0.0000,2.0790,1.0000,4.5710,5.7680,3.1820,0.0000,0.0000,0.0000,70.1805,0.0000,4404.0000,1755.0000,0.0000,25.0000,47.0000,24.0000,13.0000
2.5820,1.0990,0.4550,0.6990,0.1930,0.0000,0.0000,1.0280,1.0000,4.5710,5.7680,3.1820,0.0000,0.0000,0.0000,70.1907,0.0000,4405.0000,1755.0000,0.0000,25.0000,47.0000,24.0000,13.0000
2.3380,0.7620,0.4600,0.4680,0.2010,0.0000,0.0000,1.1160,1.0000,4.5710,5.7680,3.1820,0.0000,0.0000,0.0000,70.2104,0.0000,4407.0000,1755.0000,0.0000,25.0000,46.0000,24.0000,13.0000
2.3970,0.6860,0.4900,0.4140,0.2610,0.0000,0.0000,1.2210,1.0000,4.5710,5.7680,3.1820,0.0000,0.0000,0.0000,70.2105,0.0000,4407.0000,1755.0000,0.0000,25.0000,46.0000,24.0000,13.0000
2.0260,0.5920,0.3520,0.3410,0.1520,0.0000,0.0000,1.0820,1.0000,4.5710,5.7680,3.1820,0.0000,0.0000,0.0000,70.2106,0.0000,4407.0000,1755.0000,0.0000,25.0000,46.0000,24.0000,13.0000
2.0980,0.5760,0.3420,0.3390,0.1490,0.0000,0.0000,1.1800,1.0000,4.5710,5.7680,3.1820,0.0000,0.0000,0.0000,70.2105,0.0000,4407.0000,1755.0000,0.0000,25.0000,46.0000,24.0000,14.0000
3.1590,0.6170,0.5370,0.3730,0.3310,0.0000,0.0000,2.0050,1.0000,4.5710,5.7680,3.1820,0.0000,0.0000,0.0000,70.2105,0.0000,4407.0000,1755.0000,0.0000,25.0000,46.0000,24.0000,14.0000
2.6430,1.0100,0.7040,0.6900,0.3610,0.0000,0.0000,0.9290,1.0000,4.5710,5.7680,3.1820,0.0000,0.0000,0.0000,70.2301,0.0000,4409.0000,1755.0000,0.0000,25.0000,45.0000,24.0000,14.0000
3.8190,0.6410,0.3520,0.3140,0.1520,0.0000,0.0000,2.8260,1.0000,4.5710,5.7680,3.1820,0.0000,0.0000,0.0000,70.2295,0.0000,4409.0000,1755.0000,0.0000,25.0000,44.0000,24.0000,14.0000
2.8630,0.5980,0.4240,0.3260,0.1770,0.0000,0.0000,1.8410,1.0000,4.5710,5.7680,3.1820,0.0000,0.0000,0.0000,69.8383,0.0000,4371.0000,1755.0000,0.0000,25.0000,45.0000,24.0000,14.0000
2.1050,0.5650,0.4280,0.3120,0.1630,0.0000,0.0000,1.1120,1.0000,4.5710,5.7680,3.1820,0.0000,0.0000,0.0000,69.8365,0.0000,4371.0000,1755.0000,0.0000,25.0000,43.0000,24.0000,14.0000
2.0570,0.5900,0.3730,0.3900,0.1500,0.0000,0.0000,1.0940,1.0000,4.5710,5.7680,3.1820,0.0000,0.0000,0.0000,69.8365,0.0000,4371.0000,1755.0000,0.0000,25.0000,43.0000,24.0000,14.0000
2.1180,0.6100,0.3880,0.3550,0.1950,0.0000,0.0000,1.1200,1.0000,4.5710,5.7680,3.1820,0.0000,0.0000,0.0000,69.8579,0.0000,4373.0000,1755.0000,0.0000,25.0000,44.0000,24.0000,14.0000
2.2170,0.6170,0.3930,0.3070,0.2060,0.0000,0.0000,1.2070,1.0000,4.5710,5.7680,3.1820,0.0000,0.0000,0.0000,69.9090,0.0000,4378.0000,1755.0000,0.0000,25.0000,44.0000,24.0000,14.0000
2.0550,0.7200,0.3300,0.3090,0.1440,0.0000,0.0000,1.0050,1.0000,4.5710,5.7680,3.1820,0.0000,0.0000,0.0000,69.9092,0.0000,4378.0000,1755.0000,0.0000,25.0000,44.0000,24.0000,14.0000
2.4880,0.4770,0.4460,0.2990,0.2410,0.0000,0.0000,1.5650,1.0000,4.5710,5.7680,3.1820,0.0000,0.0000,0.0000,69.9189,0.0000,4379.0000,1755.0000,0.0000,25.0000,43.0000,24.0000,14.0000
2.0600,0.5420,0.4080,0.3180,0.1570,0.0000,0.0000,1.1100,1.0000,4.5710,5.7680,3.1820,0.0000,0.0000,0.0000,69.9189,0.0000,4379.0000,1755.0000,0.0000,25.0000,43.0000,24.0000,14.0000
2.2510,0.5710,0.4520,0.3700,0.2370,0.0000,0.0000,1.2280,1.0000,4.5710,5.7680,3.1820,0.0000,0.0000,0.0000,69.9189,0.0000,4379.0000,1755.0000,0.0000,25.0000,43.0000,24.0000,14.0000
2.0590,0.7110,0.3600,0.5220,0.1700,0.0000,0.0000,0.9880,1.0000,4.5710,5.7680,3.1820,0.0000,0.0000,0.0000,69.9298,0.0000,4380.0000,1755.0000,0.0000,25.0000,44.0000,24.0000,14.0000
2.0550,0.5870,0.4220,0.3030,0.1440,0.0000,0.0000,1.0460,1.0000,4.5710,5.7680,3.1820,0.0000,0.0000,0.0000,69.9298,0.0000,4380.0000,1755.0000,0.0000,25.0000,44.0000,24.0000,14.0000
2.0600,0.5020,0.3610,0.3050,0.1710,0.0000,0.0000,1.1970,1.0000,4.5710,5.7680,3.1820,0.0000,0.0000,0.0000,69.9402,0.0000,4381.0000,1755.0000,0.0000,25.0000,44.0000,24.0000,14.0000
1.8460,0.5160,0.3090,0.2950,0.1320,0.0000,0.0000,1.0210,1.0000,4.5710,5.7680,3.1820,0.0000,0.0000,0.0000,69.9402,0.0000,4381.0000,1755.0000,0.0000,25.0000,44.0000,24.0000,14.0000
2.6550,0.4840,0.3770,0.3030,0.1570,0.0000,0.0000,1.7940,1.0000,4.5710,5.7680,3.1820,0.0000,0.0000,0.0000,69.9402,0.0000,4381.0000,1755.0000,0.0000,25.0000,44.0000,24.0000,14.0000
2.2990,0.5570,0.4330,0.3100,0.1930,0.0000,0.0000,1.3090,1.0000,4.5710,5.7680,3.1820,0.0000,0.0000,0.0000,69.9611,0.0000,4383.0000,1755.0000,0.0000,25.0000,45.0000,24.0000,14.0000
2.1490,0.6340,0.3710,0.3110,0.1760,0.0000,0.0000,1.1440,1.0000,4.5710,5.7680,3.1820,0.0000,0.0000,0.0000,69.9714,0.0000,4384.0000,1755.0000,0.0000,25.0000,45.0000,24.0000,14.0000
2.2180,0.5520,0.4280,0.3020,0.1960,0.0000,0.0000,1.2380,1.0000,4.5710,5.7680,3.1820,0.0000,0.0000,0.0000,69.9818,0.0000,4385.0000,1755.0000,0.0000,25.0000,45.0000,24.0000,14.0000
2.1180,0.6170,0.4270,0.3230,0.1910,0.0000,0.0000,1.0740,1.0000,4.5710,5.7680,3.1820,0.0000,0.0000,0.0000,70.0021,0.0000,4387.0000,1755.0000,0.0000,25.0000,45.0000,24.0000,14.0000
2.0820,0.5750,0.3810,0.3150,0.1840,0.0000,0.0000,1.1260,1.0000,4.5710,5.7680,3.1820,0.0000,0.0000,0.0000,70.0022,0.0000,4387.0000,1755.0000,0.0000,25.0000,45.0000,24.0000,14.0000
1.9560,0.5270,0.3690,0.3310,0.1790,0.0000,0.0000,1.0600,1.0000,4.5710,5.7680,3.1820,0.0000,0.0000,0.0000,70.0023,0.0000,4387.0000,1755.0000,0.0000,25.0000,45.0000,24.0000,14.0000
1.8460,0.5090,0.3800,0.3370,0.1860,0.0000,0.0000,0.9570,1.0000,4.5710,5.7680,3.1820,0.0000,0.0000,0.0000,70.0023,0.0000,4387.0000,1755.0000,0.0000,25.0000,45.0000,24.0000,14.0000
2.0910,0.4890,0.4110,0.3150,0.1870,0.0000,0.0000,1.1910,1.0000,4.5710,5.7680,3.1820,0.0000,0.0000,0.0000,70.0229,0.0000,4389.0000,1755.0000,0.0000,25.0000,45.0000,24.0000,14.0000
2.0020,0.5610,0.4170,0.3090,0.2230,0.0000,0.0000,1.0240,1.0000,4.5710,5.7680,3.1820,0.0000,0.0000,0.0000,70.0434,0.0000,4391.0000,1755.0000,0.0000,25.0000,45.0000,24.0000,14.0000
1.8400,0.5750,0.4000,0.3210,0.1740,0.0000,0.0000,0.8650,1.0000,4.5710,5.7680,3.1820,0.0000,0.0000,0.0000,70.0442,0.0000,4391.0000,1755.0000,0.0000,25.0000,46.0000,24.0000,14.0000
1.8400,0.4850,0.3330,0.3120,0.1550,0.0000,0.0000,1.0220,1.0000,4.5710,5.7680,3.1820,0.0000,0.0000,0.0000,70.0443,0.0000,4391.0000,1755.0000,0.0000,25.0000,46.0000,24.0000,14.0000
1.8370,0.4990,0.3170,0.3240,0.1390,0.0000,0.0000,1.0210,1.0000,4.5710,5.7680,3.1820,0.0000,0.0000,0.0000,70.0443,0.0000,4391.0000,1755.0000,0.0000,25.0000,46.0000,24.0000,14.0000
1.9540,0.4730,0.3610,0.2950,0.1820,0.0000,0.0000,1.1200,1.0000,4.5710,5.7680,3.1820,0.0000,0.0000,0.0000,70.0646,0.0000,4393.0000,1755.0000,0.0000,25.0000,46.0000,24.0000,14.0000
2.0660,0.5900,0.3640,0.2920,0.1870,0.0000,0.0000,1.1120,1.0000,4.5710,5.7680,3.1820,0.0000,0.0000,0.0000,70.0946,0.0000,4396.0000,1755.0000,0.0000,25.0000,45.0000,24.0000,14.0000
1.9500,0.6330,0.3250,0.2980,0.1410,0.0000,0.0000,0.9920,1.0000,4.5710,5.7680,3.1820,0.0000,0.0000,0.0000,70.0947,0.0000,4396.0000,1755.0000,0.0000,25.0000,45.0000,24.0000,14.0000
2.0670,0.5270,0.3560,0.3010,0.1720,0.0000,0.0000,1.1840,1.0000,4.5710,5.7680,3.1820,0.0000,0.0000,0.0000,70.1052,0.0000,4397.0000,1755.0000,0.0000,25.0000,45.0000,24.0000,14.0000
1.8640,0.5650,0.3370,0.2930,0.1540,0.0000,0.0000,0.9620,1.0000,4.5710,5.7680,3.1820,0.0000,0.0000,0.0000,70.1052,0.0000,4397.0000,1755.0000,0.0000,25.0000,45.0000,24.0000,14.0000
2.3400,0.5450,0.3270,0.3070,0.1420,0.0000,0.0000,1.4680,1.0000,4.5710,5.7680,3.1820,0.0000,0.0000,0.0000,70.1052,0.0000,4397.0000,1755.0000,0.0000,25.0000,45.0000,24.0000,14.0000
2.0330,0.5390,0.3710,0.3040,0.1830,0.0000,0.0000,1.1230,1.0000,4.5710,5.7680,3.1820,0.0000,0.0000,0.0000,70.1155,0.0000,4398.0000,1755.0000,0.0000,25.0000,45.0000,24.0000,14.0000
2.2160,0.5330,0.3870,0.2960,0.1970,0.0000,0.0000,1.2960,1.0000,4.5710,5.7680,3.1820,0.0000,0.0000,0.0000,70.1155,0.0000,4398.0000,1755.0000,0.0000,25.0000,45.0000,24.0000,14.0000
2.2150,0.6100,0.4280,0.3200,0.2180,0.0000,0.0000,1.1770,1.0000,4.5710,5.7680,3.1820,0.0000,0.0000,0.0000,70.1258,0.0000,4399.0000,1755.0000,0.0000,25.0000,45.0000,24.0000,14.0000
2.2100,0.5910,0.3660,0.3650,0.1460,0.0000,0.0000,1.2530,1.0000,4.5710,5.7680,3.1820,0.0000,0.0000,0.0000,70.1258,0.0000,4399.0000,1755.0000,0.0000,25.0000,45.0000,24.0000,14.0000
1.8970,0.5720,0.3330,0.3660,0.1410,0.0000,0.0000,0.9920,1.0000,4.5710,5.7680,3.1820,0.0000,0.0000,0.0000,70.1258,0.0000,4399.0000,1755.0000,0.0000,25.0000,45.0000,24.0000,14.0000
2.2860,0.5290,0.5040,0.3420,0.2920,0.0000,0.0000,1.2530,1.0000,4.5710,5.7680,3.1820,0.0000,0.0000,0.0000,70.1361,0.0000,4400.0000,1755.0000,0.0000,25.0000,45.0000,24.0000,13.0000
2.0260,0.6040,0.3830,0.3090,0.1910,0.0000,0.0000,1.0390,1.0000,4.5710,5.7680,3.1820,0.0000,0.0000,0.0000,70.1563,0.0000,4402.0000,1755.0000,0.0000,25.0000,45.0000,24.0000,13.0000
2.0780,0.5860,0.3840,0.3150,0.1950,0.0000,0.0000,1.1080,1.0000,4.5710,5.7680,3.1820,0.0000,0.0000,0.0000,70.1869,0.0000,4405.0000,1755.0000,0.0000,25.0000,45.0000,24.0000,13.0000
2.1330,0.6100,0.3730,0.3040,0.1870,0.0000,0.0000,1.1500,1.0000,4.5710,5.7680,3.1820,0.0000,0.0000,0.0000,70.2075,0.0000,4407.0000,1755.0000,0.0000,25.0000,45.0000,24.0000,13.0000
1.8460,0.6820,0.3480,0.3830,0.1600,0.0000,0.0000,0.8160,1.0000,4.5710,5.7680,3.1820,0.0000,0.0000,0.0000,70.2077,0.0000,4407.0000,1755.0000,0.0000,25.0000,45.0000,24.0000,13.0000
1.8850,0.4850,0.3270,0.3000,0.1430,0.0000,0.0000,1.0730,1.0000,4.5710,5.7680,3.1820,0.0000,0.0000,0.0000,70.2078,0.0000,4407.0000,1755.0000,0.0000,25.0000,45.0000,24.0000,13.0000
1.8940,0.4950,0.3300,0.3040,0.1450,0.0000,0.0000,1.0690,1.0000,4.5710,5.7680,3.1820,0.0000,0.0000,0.0000,70.2078,0.0000,4407.0000,1755.0000,0.0000,25.0000,45.0000,24.0000,13.0000
3.2240,0.5700,0.3580,0.3390,0.1760,0.0000,0.0000,2.2960,1.0000,4.5710,5.7680,3.1820,0.0000,0.0000,0.0000,70.2180,0.0000,4408.0000,1755.0000,0.0000,25.0000,45.0000,24.0000,13.0000
2.0270,0.5920,0.3550,0.3060,0.1490,0.0000,0.0000,1.0800,1.0000,4.5710,5.7680,3.1820,0.0000,0.0000,0.0000,69.8779,0.0000,4375.0000,1755.0000,0.0000,25.0000,44.0000,24.0000,13.0000
1.9990,0.5500,0.3970,0.3260,0.2120,0.0000,0.0000,1.0520,1.0000,4.5710,5.7680,3.1820,0.0000,0.0000,0.0000,69.8779,0.0000,4375.0000,1755.0000,0.0000,25.0000,44.0000,24.0000,13.0000
1.9550,0.5090,0.3230,0.2950,0.1410,0.0000,0.0000,1.1230,1.0000,4.5710,5.7680,3.1820,0.0000,0.0000,0.0000,69.8779,0.0000,4375.0000,1755.0000,0.0000,25.0000,44.0000,24.0000,13.0000
2.0100,0.5170,0.3360,0.3340,0.1430,0.0000,0.0000,1.1570,1.0000,4.5710,5.7680,3.1820,0.0000,0.0000,0.0000,69.8779,0.0000,4375.0000,1755.0000,0.0000,25.0000,44.0000,24.0000,13.0000
2.0680,0.4910,0.3940,0.3020,0.1960,0.0000,0.0000,1.1830,1.0000,4.5710,5.7680,3.1820,0.0000,0.0000,0.0000,69.8882,0.0000,4376.0000,1755.0000,0.0000,25.0000,44.0000,24.0000,13.0000
2.1240,0.5200,0.4360,0.2980,0.2520,0.0000,0.0000,1.1680,1.0000,4.5710,5.7680,3.1820,0.0000,0.0000,0.0000,69.9087,0.0000,4378.0000,1755.0000,0.0000,25.0000,44.0000,24.0000,13.0000
1.8400,0.5770,0.3450,0.3180,0.1600,0.0000,0.0000,0.9180,1.0000,4.5710,5.7680,3.1820,0.0000,0.0000,0.0000,69.9088,0.0000,4378.0000,1755.0000,0.0000,25.0000,44.0000,24.0000,13.0000
2.1900,0.4760,0.4320,0.2980,0.2490,0.0000,0.0000,1.2820,1.0000,4.5710,5.7680,3.1820,0.0000,0.0000,0.0000,69.9291,0.0000,4380.0000,1755.0000,0.0000,25.0000,44.0000,24.0000,12.0000
2.0420,0.6430,0.3610,0.3430,0.1500,0.0000,0.0000,1.0380,1.0000,4.5710,5.7680,3.1820,0.0000,0.0000,0.0000,69.9291,0.0000,4380.0000,1755.0000,0.0000,25.0000,44.0000,24.0000,12.0000
2.8320,0.5320,0.3900,0.3440,0.1500,0.0000,0.0000,1.9100,1.0000,4.5710,5.7680,3.1820,0.0000,0.0000,0.0000,69.9292,0.0000,4380.0000,1755.0000,0.0000,25.0000,44.0000,24.0000,11.0000
2.2510,0.5090,0.3820,0.3230,0.1910,0.0000,0.0000,1.3600,1.0000,4.5710,5.7680,3.1820,0.0000,0.0000,0.0000,69.9395,0.0000,4381.0000,1755.0000,0.0000,25.0000,44.0000,24.0000,11.0000
1.9690,0.6250,0.4030,0.3940,0.2060,0.0000,0.0000,0.9410,1.0000,4.5710,5.7680,3.1820,0.0000,0.0000,0.0000,69.9395,0.0000,4381.0000,1755.0000,0.0000,25.0000,44.0000,24.0000,11.0000
2.1180,0.5010,0.4300,0.3130,0.2340,0.0000,0.0000,1.1870,1.0000,4.5710,5.7680,3.1820,0.0000,0.0000,0.0000,69.9498,0.0000,4382.0000,1755.0000,0.0000,25.0000,44.0000,24.0000,11.0000
2.5290,0.6420,0.6920,0.4190,0.5070,0.0000,0.0000,1.1950,1.0000,4.5710,5.7680,3.1820,0.0000,0.0000,0.0000,70.0088,0.0000,4388.0000,1755.0000,0.0000,25.0000,44.0000,24.0000,11.0000
2.1080,0.7370,0.3490,0.2990,0.1500,0.0000,0.0000,1.0220,1.0000,4.5710,5.7680,3.1820,0.0000,0.0000,0.0000,70.0090,0.0000,4388.0000,1755.0000,0.0000,25.0000,44.0000,24.0000,11.0000
2.0130,0.4970,0.3850,0.3030,0.1910,0.0000,0.0000,1.1310,1.0000,4.5710,5.7680,3.1820,0.0000,0.0000,0.0000,70.0195,0.0000,4389.0000,1755.0000,0.0000,25.0000,44.0000,24.0000,11.0000
2.0980,0.5280,0.4250,0.2930,0.2380,0.0000,0.0000,1.1450,1.0000,4.5710,5.7680,3.1820,0.0000,0.0000,0.0000,70.0299,0.0000,4390.0000,1755.0000,0.0000,25.0000,44.0000,24.0000,12.0000
2.0560,0.6090,0.3930,0.3800,0.1930,0.0000,0.0000,1.0540,1.0000,4.5710,5.7680,3.1820,0.0000,0.0000,0.0000,70.0402,0.0000,4391.0000,1755.0000,0.0000,25.0000,44.0000,24.0000,12.0000
2.0050,0.5370,0.3820,0.3170,0.1510,0.0000,0.0000,1.0860,1.0000,4.5710,5.7680,3.1820,0.0000,0.0000,0.0000,70.0402,0.0000,4391.0000,1755.0000,0.0000,25.0000,44.0000,24.0000,12.0000
1.9020,0.5040,0.3420,0.3140,0.1450,0.0000,0.0000,1.0560,1.0000,4.5710,5.7680,3.1820,0.0000,0.0000,0.0000,70.0403,0.0000,4391.0000,1755.0000,0.0000,25.0000,44.0000,24.0000,12.0000
1.8660,0.4900,0.3830,0.3100,0.2030,0.0000,0.0000,0.9930,1.0000,4.5710,5.7680,3.1820,0.0000,0.0000,0.0000,70.0403,0.0000,4391.0000,1755.0000,0.0000,25.0000,44.0000,24.0000,12.0000
1.8340,0.4740,0.3220,0.2940,0.1430,0.0000,0.0000,1.0380,1.0000,4.5710,5.7680,3.1820,0.0000,0.0000,0.0000,70.0403,0.0000,4391.0000,1755.0000,0.0000,25.0000,44.0000,24.0000,12.0000
2.1510,0.5090,0.3950,0.2880,0.1910,0.0000,0.0000,1.2470,1.0000,4.5710,5.7680,3.1820,0.0000,0.0000,0.0000,70.0609,0.0000,4393.0000,1755.0000,0.0000,25.0000,44.0000,24.0000,12.0000
1.8780,0.5810,0.3330,0.3020,0.1420,0.0000,0.0000,0.9640,1.0000,4.5710,5.7680,3.1820,0.0000,0.0000,0.0000,70.0603,0.0000,4393.0000,1755.0000,0.0000,25.0000,43.0000,24.0000,12.0000
1.9340,0.4930,0.3330,0.2990,0.1450,0.0000,0.0000,1.1080,1.0000,4.5710,5.7680,3.1820,0.0000,0.0000,0.0000,70.0604,0.0000,4393.0000,1755.0000,0.0000,25.0000,43.0000,24.0000,12.0000
1.8660,0.5520,0.3360,0.2930,0.1420,0.0000,0.0000,0.9780,1.0000,4.5710,5.7680,3.1820,0.0000,0.0000,0.0000,70.0604,0.0000,4393.0000,1755.0000,0.0000,25.0000,43.0000,24.0000,12.0000
2.0210,0.5820,0.3480,0.3440,0.1460,0.0000,0.0000,1.0910,1.0000,4.5710,5.7680,3.1820,0.0000,0.0000,0.0000,70.0604,0.0000,4393.0000,1755.0000,0.0000,25.0000,43.0000,24.0000,12.0000
2.0100,0.5290,0.3830,0.2970,0.1800,0.0000,0.0000,1.0980,1.0000,4.5710,5.7680,3.1820,0.0000,0.0000,0.0000,70.0706,0.0000,4394.0000,1755.0000,0.0000,25.0000,43.0000,24.0000,12.0000
2.1230,0.5820,0.3710,0.3170,0.1840,0.0000,0.0000,1.1700,1.0000,4.5710,5.7680,3.1820,0.0000,0.0000,0.0000,70.0912,0.0000,4396.0000,1755.0000,0.0000,25.0000,43.0000,24.0000,12.0000
1.8550,0.6100,0.3310,0.2990,0.1420,0.0000,0.0000,0.9140,1.0000,4.5710,5.7680,3.1820,0.0000,0.0000,0.0000,70.0912,0.0000,4396.0000,1755.0000,0.0000,25.0000,43.0000,24.0000,12.0000
1.9790,0.5160,0.3540,0.2950,0.1720,0.0000,0.0000,1.1090,1.0000,4.5710,5.7680,3.1820,0.0000,0.0000,0.0000,70.1009,0.0000,4397.0000,1755.0000,0.0000,25.0000,42.0000,24.0000,10.0000
1.9050,0.5530,0.3900,0.2930,0.1790,0.0000,0.0000,0.9620,1.0000,4.5710,5.7680,3.1820,0.0000,0.0000,0.0000,70.1119,0.0000,4398.0000,1755.0000,0.0000,25.0000,43.0000,24.0000,10.0000
1.9430,0.5770,0.3530,0.3460,0.1450,0.0000,0.0000,1.0130,1.0000,4.5710,5.7680,3.1820,0.0000,0.0000,0.0000,70.1119,0.0000,4398.0000,1755.0000,0.0000,25.0000,43.0000,24.0000,10.0000
1.9510,0.5640,0.4010,0.3300,0.1890,0.0000,0.0000,0.9860,1.0000,4.5710,5.7680,3.1820,0.0000,0.0000,0.0000,70.1322,0.0000,4400.0000,1755.0000,0.0000,25.0000,43.0000,24.0000,10.0000
1.9190,0.5920,0.3540,0.3310,0.1740,0.0000,0.0000,0.9730,1.0000,4.5710,5.7680,3.1820,0.0000,0.0000,0.0000,70.1322,0.0000,4400.0000,1755.0000,0.0000,25.0000,43.0000,24.0000,10.0000
1.8480,0.5910,0.3720,0.3930,0.1780,0.0000,0.0000,0.8850,1.0000,4.5710,5.7680,3.1820,0.0000,0.0000,0.0000,70.1323,0.0000,4400.0000,1755.0000,0.0000,25.0000,43.0000,24.0000,10.0000
1.8290,0.4790,0.3320,0.3000,0.1550,0.0000,0.0000,1.0180,1.0000,4.5710,5.7680,3.1820,0.0000,0.0000,0.0000,70.1323,0.0000,4400.0000,1755.0000,0.0000,25.0000,43.0000,24.0000,10.0000
1.8780,0.5150,0.3150,0.3400,0.1390,0.0000,0.0000,1.0480,1.0000,4.5710,5.7680,3.1820,0.0000,0.0000,0.0000,70.1323,0.0000,4400.0000,1755.0000,0.0000,25.0000,43.0000,24.0000,10.0000
2.0410,0.5290,0.3730,0.3490,0.1760,0.0000,0.0000,1.1390,1.0000,4.5710,5.7680,3.1820,0.0000,0.0000,0.0000,70.1426,0.0000,4401.0000,1755.0000,0.0000,25.0000,43.0000,24.0000,10.0000
2.0080,0.5180,0.3720,0.2910,0.1740,0.0000,0.0000,1.1180,1.0000,4.5710,5.7680,3.1820,0.0000,0.0000,0.0000,70.1528,0.0000,4402.0000,1755.0000,0.0000,25.0000,43.0000,24.0000,10.0000
2.0070,0.5060,0.3610,0.2850,0.1820,0.0000,0.0000,1.1400,1.0000,4.5710,5.7680,3.1820,0.0000,0.0000,0.0000,70.1731,0.0000,4404.0000,1755.0000,0.0000,25.0000,43.0000,24.0000,10.0000
1.7960,0.5410,0.3240,0.2880,0.1420,0.0000,0.0000,0.9310,1.0000,4.5710,5.7680,3.1820,0.0000,0.0000,0.0000,70.1732,0.0000,4404.0000,1755.0000,0.0000,25.0000,43.0000,24.0000,10.0000
1.7680,0.5160,0.3160,0.2890,0.1390,0.0000,0.0000,0.9360,1.0000,4.5710,5.7680,3.1820,0.0000,0.0000,0.0000,70.1733,0.0000,4404.0000,1755.0000,0.0000,25.0000,43.0000,24.0000,10.0000
1.8350,0.5340,0.3560,0.3420,0.1420,0.0000,0.0000,0.9450,1.0000,4.5710,5.7680,3.1820,0.0000,0.0000,0.0000,70.1733,0.0000,4404.0000,1755.0000,0.0000,25.0000,43.0000,24.0000,10.0000
1.9390,0.5610,0.3690,0.3470,0.1810,0.0000,0.0000,1.0090,1.0000,4.5710,5.7680,3.1820,0.0000,0.0000,0.0000,70.1733,0.0000,4404.0000,1755.0000,0.0000,25.0000,43.0000,24.0000,10.0000
2.1040,0.4820,0.4590,0.3050,0.2310,0.0000,0.0000,1.1630,1.0000,4.5710,5.7680,3.1820,0.0000,0.0000,0.0000,70.2037,0.0000,4407.0000,1755.0000,0.0000,25.0000,43.0000,24.0000,10.0000
1.8590,0.6910,0.3900,0.3340,0.1840,0.0000,0.0000,0.7780,1.0000,4.5710,5.7680,3.1820,0.0000,0.0000,0.0000,70.2036,0.0000,4407.0000,1755.0000,0.0000,25.0000,43.0000,24.0000,9.0000
1.8600,0.5550,0.3690,0.3540,0.1440,0.0000,0.0000,0.9360,1.0000,4.5710,5.7680,3.1820,0.0000,0.0000,0.0000,70.2035,0.0000,4407.0000,1755.0000,0.0000,25.0000,43.0000,24.0000,9.0000
1.8380,0.4960,0.3300,0.3140,0.1540,0.0000,0.0000,1.0120,1.0000,4.5710,5.7680,3.1820,0.0000,0.0000,0.0000,69.8739,0.0000,4375.0000,1755.0000,0.0000,25.0000,41.0000,24.0000,9.0000
1.9770,0.4660,0.3440,0.2890,0.1690,0.0000,0.0000,1.1670,1.0000,4.5710,5.7680,3.1820,0.0000,0.0000,0.0000,69.8739,0.0000,4375.0000,1755.0000,0.0000,25.0000,41.0000,24.0000,9.0000
1.9100,0.4880,0.4080,0.2940,0.2290,0.0000,0.0000,1.0140,1.0000,1.3240,5.2890,4.2080,0.0000,0.0000,0.0000,69.8842,0.0000,4376.0000,1755.0000,0.0000,25.0000,41.0000,24.0000,9.0000
2.0820,0.4920,0.3790,0.2770,0.1870,0.0000,0.0000,1.2110,1.0000,1.3240,5.2890,4.2080,0.0000,0.0000,0.0000,69.9058,0.0000,4378.0000,1755.0000,0.0000,25.0000,43.0000,24.0000,9.0000
1.8900,0.5410,0.3510,0.2860,0.1730,0.0000,0.0000,0.9980,1.0000,1.3240,5.2890,4.2080,0.0000,0.0000,0.0000,69.9161,0.0000,4379.0000,1755.0000,0.0000,25.0000,43.0000,24.0000,9.0000
1.9830,0.4980,0.3440,0.2840,0.1710,0.0000,0.0000,1.1410,1.0000,1.3240,5.2890,4.2080,0.0000,0.0000,0.0000,69.9265,0.0000,4380.0000,1755.0000,0.0000,25.0000,43.0000,24.0000,9.0000
1.8590,0.5310,0.3280,0.2830,0.1460,0.0000,0.0000,1.0000,1.0000,1.3240,5.2890,4.2080,0.0000,0.0000,0.0000,69.9265,0.0000,4380.0000,1755.0000,0.0000,25.0000,43.0000,24.0000,9.0000
2.0140,0.5300,0.3550,0.3590,0.1520,0.0000,0.0000,1.1290,1.0000,1.3240,5.2890,4.2080,0.0000,0.0000,0.0000,69.9266,0.0000,4380.0000,1755.0000,0.0000,25.0000,43.0000,24.0000,9.0000
1.8900,0.5080,0.3430,0.3010,0.1420,0.0000,0.0000,1.0390,1.0000,1.3240,5.2890,4.2080,0.0000,0.0000,0.0000,69.9266,0.0000,4380.0000,1755.0000,0.0000,25.0000,43.0000,24.0000,9.0000
1.9240,0.5370,0.3510,0.3440,0.1430,0.0000,0.0000,1.0360,1.0000,1.3240,5.2890,4.2080,0.0000,0.0000,0.0000,69.9266,0.0000,4380.0000,1755.0000,0.0000,25.0000,43.0000,24.0000,9.0000
1.9210,0.5750,0.3510,0.3380,0.1430,0.0000,0.0000,0.9950,1.0000,1.3240,5.2890,4.2080,0.0000,0.0000,0.0000,69.9266,0.0000,4380.0000,1755.0000,0.0000,25.0000,43.0000,24.0000,9.0000
1.9270,0.5620,0.3610,0.3930,0.1810,0.0000,0.0000,1.0040,1.0000,1.3240,5.2890,4.2080,0.0000,0.0000,0.0000,69.9266,0.0000,4380.0000,1755.0000,0.0000,25.0000,43.0000,24.0000,9.0000
1.9080,0.5720,0.3730,0.3990,0.1840,0.0000,0.0000,0.9630,1.0000,1.3240,5.2890,4.2080,0.0000,0.0000,0.0000,69.9266,0.0000,4380.0000,1755.0000,0.0000,25.0000,43.0000,24.0000,9.0000
3.4140,0.4990,0.3740,0.3270,0.1840,0.0000,0.0000,2.5410,1.0000,1.3240,5.2890,4.2080,0.0000,0.0000,0.0000,69.9475,0.0000,4382.0000,1755.0000,0.0000,25.0000,44.0000,24.0000,9.0000
2.0770,1.8500,0.3780,0.3950,0.1780,0.0000,0.0000,0.0000,1.0000,1.3240,5.2890,4.2080,0.0000,0.0000,0.0000,69.9577,0.0000,4383.0000,1755.0000,0.0000,25.0000,44.0000,24.0000,9.0000
2.3400,0.5730,0.5220,0.3010,0.3220,0.0000,0.0000,1.2450,1.0000,1.3240,5.2890,4.2080,0.0000,0.0000,0.0000,69.9681,0.0000,4384.0000,1755.0000,0.0000,25.0000,44.0000,24.0000,10.0000
2.1020,0.6090,0.3540,0.3730,0.1640,0.0000,0.0000,1.1390,1.0000,1.3240,5.2890,4.2080,0.0000,0.0000,0.0000,69.9682,0.0000,4384.0000,1755.0000,0.0000,25.0000,44.0000,24.0000,11.0000
2.0660,0.4800,0.3510,0.2980,0.1650,0.0000,0.0000,1.2350,1.0000,1.3240,5.2890,4.2080,0.0000,0.0000,0.0000,69.9686,0.0000,4384.0000,1755.0000,0.0000,25.0000,44.0000,24.0000,12.0000
2.0050,0.5590,0.3310,0.3800,0.1420,0.0000,0.0000,1.1150,1.0000,1.3240,5.2890,4.2080,0.0000,0.0000,0.0000,69.9686,0.0000,4384.0000,1755.0000,0.0000,25.0000,44.0000,24.0000,12.0000
2.0260,0.5530,0.3250,0.3740,0.1390,0.0000,0.0000,1.1480,1.0000,1.3240,5.2890,4.2080,0.0000,0.0000,0.0000,69.9686,0.0000,4384.0000,1755.0000,0.0000,25.0000,44.0000,24.0000,11.0000
2.5170,0.5450,0.4550,0.3200,0.2480,0.0000,0.0000,1.5170,1.0000,1.3240,5.2890,4.2080,0.0000,0.0000,0.0000,69.9992,0.0000,4387.0000,1755.0000,0.0000,25.0000,44.0000,24.0000,12.0000
2.1470,0.7230,0.4260,0.3470,0.1550,0.0000,0.0000,0.9980,1.0000,1.3240,5.2890,4.2080,0.0000,0.0000,0.0000,69.9994,0.0000,4387.0000,1755.0000,0.0000,25.0000,44.0000,24.0000,12.0000
2.1160,0.5610,0.3380,0.3090,0.1490,0.0000,0.0000,1.2170,1.0000,1.3240,5.2890,4.2080,0.0000,0.0000,0.0000,69.9996,0.0000,4387.0000,1755.0000,0.0000,25.0000,44.0000,24.0000,12.0000
2.1170,0.6110,0.3940,0.4200,0.1980,0.0000,0.0000,1.1120,1.0000,1.3240,5.2890,4.2080,0.0000,0.0000,0.0000,70.0106,0.0000,4388.0000,1755.0000,0.0000,25.0000,45.0000,24.0000,12.0000
2.0840,0.5220,0.3850,0.3010,0.1550,0.0000,0.0000,1.1770,1.0000,1.3240,5.2890,4.2080,0.0000,0.0000,0.0000,70.0106,0.0000,4388.0000,1755.0000,0.0000,25.0000,45.0000,24.0000,11.0000
2.2480,0.5650,0.4510,0.3550,0.2380,0.0000,0.0000,1.2320,1.0000,1.3240,5.2890,4.2080,0.0000,0.0000,0.0000,70.0308,0.0000,4390.0000,1755.0000,0.0000,25.0000,45.0000,24.0000,11.0000
2.0310,0.6470,0.4090,0.3640,0.1840,0.0000,0.0000,0.9750,1.0000,1.3240,5.2890,4.2080,0.0000,0.0000,0.0000,70.0411,0.0000,4391.0000,1755.0000,0.0000,25.0000,45.0000,24.0000,12.0000
2.0680,0.5880,0.4010,0.3570,0.1850,0.0000,0.0000,1.0790,1.0000,1.3240,5.2890,4.2080,0.0000,0.0000,0.0000,70.0516,0.0000,4392.0000,1755.0000,0.0000,25.0000,45.0000,24.0000,12.0000
1.8970,0.5720,0.3570,0.3450,0.1470,0.0000,0.0000,0.9680,1.0000,1.3240,5.2890,4.2080,0.0000,0.0000,0.0000,70.0517,0.0000,4392.0000,1755.0000,0.0000,25.0000,45.0000,24.0000,12.0000
1.9890,0.5400,0.3670,0.3470,0.1500,0.0000,0.0000,1.0820,1.0000,1.3240,5.2890,4.2080,0.0000,0.0000,0.0000,70.0517,0.0000,4392.0000,1755.0000,0.0000,25.0000,45.0000,24.0000,12.0000
1.8910,0.5670,0.3680,0.3670,0.1540,0.0000,0.0000,0.9560,1.0000,1.3240,5.2890,4.2080,0.0000,0.0000,0.0000,70.0517,0.0000,4392.0000,1755.0000,0.0000,25.0000,45.0000,24.0000,12.0000
2.1190,0.5350,0.4240,0.3560,0.2320,0.0000,0.0000,1.1600,1.0000,1.3240,5.2890,4.2080,0.0000,0.0000,0.0000,70.0719,0.0000,4394.0000,1755.0000,0.0000,25.0000,45.0000,24.0000,11.0000
2.0220,0.6090,0.4030,0.3440,0.1860,0.0000,0.0000,1.0100,1.0000,1.3240,5.2890,4.2080,0.0000,0.0000,0.0000,70.0831,0.0000,4395.0000,1755.0000,0.0000,25.0000,46.0000,24.0000,10.0000
1.9790,0.5800,0.3740,0.3490,0.1580,0.0000,0.0000,1.0250,1.0000,1.3240,5.2890,4.2080,0.0000,0.0000,0.0000,70.0833,0.0000,4395.0000,1755.0000,0.0000,25.0000,46.0000,24.0000,10.0000
2.0070,0.5740,0.3740,0.3680,0.1510,0.0000,0.0000,1.0590,1.0000,1.3240,5.2890,4.2080,0.0000,0.0000,0.0000,70.0834,0.0000,4395.0000,1755.0000,0.0000,25.0000,46.0000,24.0000,10.0000
2.0030,0.5700,0.3790,0.3580,0.1540,0.0000,0.0000,1.0540,1.0000,1.3240,5.2890,4.2080,0.0000,0.0000,0.0000,70.0834,0.0000,4395.0000,1755.0000,0.0000,25.0000,46.0000,24.0000,10.0000
2.0030,0.5550,0.4070,0.3580,0.1810,0.0000,0.0000,1.0410,1.0000,1.3240,5.2890,4.2080,0.0000,0.0000,0.0000,70.0936,0.0000,4396.0000,1755.0000,0.0000,25.0000,46.0000,24.0000,10.0000
2.0650,0.5860,0.4070,0.3510,0.1930,0.0000,0.0000,1.0720,1.0000,1.3240,5.2890,4.2080,0.0000,0.0000,0.0000,70.1152,0.0000,4398.0000,1755.0000,0.0000,25.0000,48.0000,24.0000,10.0000
2.0490,0.6160,0.3940,0.3490,0.1800,0.0000,0.0000,1.0390,1.0000,1.3240,5.2890,4.2080,0.0000,0.0000,0.0000,70.1259,0.0000,4400.0000,1755.0000,0.0000,25.0000,48.0000,24.0000,10.0000
2.1650,0.5910,0.3690,0.3550,0.1550,0.0000,0.0000,1.2050,1.0000,1.3240,5.2890,4.2080,0.0000,0.0000,0.0000,70.1246,0.0000,4400.0000,1755.0000,0.0000,25.0000,46.0000,24.0000,10.0000
2.1230,0.5480,0.3920,0.3530,0.1890,0.0000,0.0000,1.1830,1.0000,1.3240,5.2890,4.2080,0.0000,0.0000,0.0000,70.1493,0.0000,4402.0000,1755.0000,0.0000,25.0000,48.0000,24.0000,10.0000
1.9540,0.6230,0.3290,0.2980,0.1410,0.0000,0.0000,1.0020,1.0000,1.3240,5.2890,4.2080,0.0000,0.0000,0.0000,70.1486,0.0000,4402.0000,1755.0000,0.0000,25.0000,47.0000,24.0000,10.0000
1.9550,0.5180,0.3280,0.2940,0.1440,0.0000,0.0000,1.1090,1.0000,1.3240,5.2890,4.2080,0.0000,0.0000,0.0000,70.1487,0.0000,4402.0000,1755.0000,0.0000,25.0000,47.0000,24.0000,10.0000
2.1580,0.5300,0.3690,0.2990,0.1840,0.0000,0.0000,1.2590,1.0000,1.3240,5.2890,4.2080,0.0000,0.0000,0.0000,70.1692,0.0000,4404.0000,1755.0000,0.0000,25.0000,47.0000,24.0000,10.0000
2.2090,0.6250,0.3540,0.3180,0.1650,0.0000,0.0000,1.2300,1.0000,1.3240,5.2890,4.2080,0.0000,0.0000,0.0000,70.1692,0.0000,4404.0000,1755.0000,0.0000,25.0000,47.0000,24.0000,10.0000
2.2910,0.5650,0.4770,0.3250,0.2460,0.0000,0.0000,1.2490,1.0000,1.3240,5.2890,4.2080,0.0000,0.0000,0.0000,70.1893,0.0000,4406.0000,1755.0000,0.0000,25.0000,47.0000,24.0000,10.0000
2.0710,0.6880,0.3670,0.4160,0.1460,0.0000,0.0000,1.0160,1.0000,1.3240,5.2890,4.2080,0.0000,0.0000,0.0000,69.8817,0.0000,4376.0000,1755.0000,0.0000,25.0000,46.0000,24.0000,10.0000
2.2020,0.5520,0.3650,0.3730,0.1450,0.0000,0.0000,1.2850,1.0000,1.3240,5.2890,4.2080,0.0000,0.0000,0.0000,69.8818,0.0000,4376.0000,1755.0000,0.0000,25.0000,46.0000,24.0000,10.0000
2.2870,0.6220,0.3690,0.3560,0.1790,0.0000,0.0000,1.2960,1.0000,1.3240,5.2890,4.2080,0.0000,0.0000,0.0000,69.8921,0.0000,4377.0000,1755.0000,0.0000,25.0000,46.0000,24.0000,11.0000
2.1500,0.6510,0.4750,0.3890,0.2740,0.0000,0.0000,1.0240,1.0000,1.3240,5.2890,4.2080,0.0000,0.0000,0.0000,69.9031,0.0000,4378.0000,1755.0000,0.0000,25.0000,47.0000,24.0000,11.0000
1.9780,0.5280,0.3590,0.3130,0.1540,0.0000,0.0000,1.0910,1.0000,1.3240,5.2890,4.2080,0.0000,0.0000,0.0000,69.9031,0.0000,4378.0000,1755.0000,0.0000,25.0000,47.0000,24.0000,11.0000
2.0060,0.4680,0.3870,0.2960,0.1510,0.0000,0.0000,1.1510,1.0000,1.3240,5.2890,4.2080,0.0000,0.0000,0.0000,69.9032,0.0000,4378.0000,1755.0000,0.0000,25.0000,47.0000,24.0000,12.0000
1.8950,0.5110,0.3430,0.3310,0.1600,0.0000,0.0000,1.0410,1.0000,1.3240,5.2890,4.2080,0.0000,0.0000,0.0000,69.9032,0.0000,4378.0000,1755.0000,0.0000,25.0000,47.0000,24.0000,12.0000
2.0990,0.4710,0.3860,0.2970,0.2080,0.0000,0.0000,1.2420,1.0000,1.3240,5.2890,4.2080,0.0000,0.0000,0.0000,69.9032,0.0000,4378.0000,1755.0000,0.0000,25.0000,47.0000,24.0000,12.0000
2.0110,0.4810,0.3400,0.2980,0.1570,0.0000,0.0000,1.1900,1.0000,1.3240,5.2890,4.2080,0.0000,0.0000,0.0000,69.9032,0.0000,4378.0000,1755.0000,0.0000,25.0000,47.0000,24.0000,10.0000
1.9170,0.4780,0.3750,0.2980,0.1540,0.0000,0.0000,1.0640,1.0000,1.3240,5.2890,4.2080,0.0000,0.0000,0.0000,69.9032,0.0000,4378.0000,1755.0000,0.0000,25.0000,47.0000,24.0000,10.0000
2.0740,0.4700,0.3520,0.2960,0.1750,0.0000,0.0000,1.2520,1.0000,1.3240,5.2890,4.2080,0.0000,0.0000,0.0000,69.9032,0.0000,4378.0000,1755.0000,0.0000,25.0000,47.0000,24.0000,10.0000
2.0010,0.5600,0.4050,0.3180,0.1580,0.0000,0.0000,1.0360,1.0000,1.3240,5.2890,4.2080,0.0000,0.0000,0.0000,69.9032,0.0000,4378.0000,1755.0000,0.0000,25.0000,47.0000,24.0000,10.0000
1.9320,0.4900,0.3500,0.3140,0.1650,0.0000,0.0000,1.0920,1.0000,1.3240,5.2890,4.2080,0.0000,0.0000,0.0000,69.9032,0.0000,4378.0000,1755.0000,0.0000,25.0000,47.0000,24.0000,10.0000
2.1960,0.4920,0.4370,0.3160,0.2500,0.0000,0.0000,1.2670,1.0000,1.3240,5.2890,4.2080,0.0000,0.0000,0.0000,69.9135,0.0000,4379.0000,1755.0000,0.0000,25.0000,47.0000,24.0000,10.0000
2.2050,0.5330,0.4360,0.3140,0.2420,0.0000,0.0000,1.2360,1.0000,1.3240,5.2890,4.2080,0.0000,0.0000,0.0000,69.9441,0.0000,4382.0000,1755.0000,0.0000,25.0000,47.0000,24.0000,10.0000
2.3550,0.6600,0.4300,0.3650,0.1960,0.0000,0.0000,1.2650,1.0000,1.3240,5.2890,4.2080,0.0000,0.0000,0.0000,69.9641,0.0000,4384.0000,1755.0000,0.0000,25.0000,46.0000,24.0000,10.0000
2.2010,0.6840,0.3940,0.4070,0.1850,0.0000,0.0000,1.1230,1.0000,1.3240,5.2890,4.2080,0.0000,0.0000,0.0000,69.9739,0.0000,4385.0000,1755.0000,0.0000,25.0000,45.0000,24.0000,10.0000
2.1490,0.5740,0.4020,0.3010,0.1830,0.0000,0.0000,1.1730,1.0000,1.3240,5.2890,4.2080,0.0000,0.0000,0.0000,69.9747,0.0000,4385.0000,1755.0000,0.0000,25.0000,46.0000,24.0000,10.0000
2.0330,0.5080,0.3400,0.3180,0.1450,0.0000,0.0000,1.1850,1.0000,1.3240,5.2890,4.2080,0.0000,0.0000,0.0000,69.9747,0.0000,4385.0000,1755.0000,0.0000,25.0000,46.0000,24.0000,10.0000
2.0020,0.5790,0.3530,0.4010,0.1480,0.0000,0.0000,1.0700,1.0000,1.3240,5.2890,4.2080,0.0000,0.0000,0.0000,69.9747,0.0000,4385.0000,1755.0000,0.0000,25.0000,46.0000,24.0000,10.0000
2.3710,0.4970,0.3790,0.3180,0.1860,0.0000,0.0000,1.4950,1.0000,1.3240,5.2890,4.2080,0.0000,0.0000,0.0000,69.9956,0.0000,4387.0000,1755.0000,0.0000,25.0000,46.0000,24.0000,11.0000
2.5150,0.7380,0.7690,0.4810,0.1750,0.0000,0.0000,1.0080,1.0000,1.3240,5.2890,4.2080,0.0000,0.0000,0.0000,69.9963,0.0000,4387.0000,1755.0000,0.0000,25.0000,47.0000,24.0000,11.0000
2.1280,0.5110,0.4490,0.3130,0.2630,0.0000,0.0000,1.1680,1.0000,1.3240,5.2890,4.2080,0.0000,0.0000,0.0000,69.9957,0.0000,4387.0000,1755.0000,0.0000,25.0000,46.0000,24.0000,11.0000
1.9890,0.5350,0.3460,0.3410,0.1470,0.0000,0.0000,1.1080,1.0000,1.3240,5.2890,4.2080,0.0000,0.0000,0.0000,69.9957,0.0000,4387.0000,1755.0000,0.0000,25.0000,46.0000,24.0000,11.0000
2.1430,0.5330,0.4500,0.3480,0.2160,0.0000,0.0000,1.1600,1.0000,1.3240,5.2890,4.2080,0.0000,0.0000,0.0000,70.0061,0.0000,4388.0000,1755.0000,0.0000,25.0000,46.0000,24.0000,11.0000
2.7000,0.6280,0.4030,0.3950,0.2200,0.0000,0.0000,1.6690,1.0000,1.3240,5.2890,4.2080,0.0000,0.0000,0.0000,70.0164,0.0000,4389.0000,1755.0000,0.0000,25.0000,46.0000,24.0000,11.0000
2.1270,0.6050,0.3880,0.3830,0.2030,0.0000,0.0000,1.1340,1.0000,1.3240,5.2890,4.2080,0.0000,0.0000,0.0000,70.0268,0.0000,4390.0000,1755.0000,0.0000,25.0000,46.0000,24.0000,11.0000
2.0350,0.5590,0.3270,0.3310,0.1380,0.0000,0.0000,1.1490,1.0000,1.3240,5.2890,4.2080,0.0000,0.0000,0.0000,70.0268,0.0000,4390.0000,1755.0000,0.0000,25.0000,46.0000,24.0000,11.0000
1.9770,0.5730,0.3270,0.3950,0.1340,0.0000,0.0000,1.0770,1.0000,1.3240,5.2890,4.2080,0.0000,0.0000,0.0000,70.0269,0.0000,4390.0000,1755.0000,0.0000,25.0000,46.0000,24.0000,11.0000
2.2670,0.5240,0.3910,0.3430,0.1780,0.0000,0.0000,1.3520,1.0000,1.3240,5.2890,4.2080,0.0000,0.0000,0.0000,70.0393,0.0000,4391.0000,1755.0000,0.0000,25.0000,47.0000,24.0000,11.0000
2.0240,0.6710,0.3610,0.4450,0.1470,0.0000,0.0000,0.9920,1.0000,1.3240,5.2890,4.2080,0.0000,0.0000,0.0000,70.0393,0.0000,4391.0000,1755.0000,0.0000,25.0000,47.0000,24.0000,11.0000
2.0750,0.5660,0.3590,0.3880,0.1430,0.0000,0.0000,1.1500,1.0000,1.3240,5.2890,4.2080,0.0000,0.0000,0.0000,70.0394,0.0000,4391.0000,1755.0000,0.0000,25.0000,47.0000,24.0000,11.0000
1.9360,0.6120,0.3550,0.3650,0.1440,0.0000,0.0000,0.9690,1.0000,1.3240,5.2890,4.2080,0.0000,0.0000,0.0000,70.0394,0.0000,4391.0000,1755.0000,0.0000,25.0000,47.0000,24.0000,11.0000
1.9700,0.5620,0.3650,0.3670,0.1520,0.0000,0.0000,1.0430,1.0000,1.3240,5.2890,4.2080,0.0000,0.0000,0.0000,70.0394,0.0000,4391.0000,1755.0000,0.0000,25.0000,47.0000,24.0000,11.0000
1.9790,0.6000,0.3680,0.3590,0.1450,0.0000,0.0000,1.0110,1.0000,1.3240,5.2890,4.2080,0.0000,0.0000,0.0000,70.0394,0.0000,4391.0000,1755.0000,0.0000,25.0000,47.0000,24.0000,11.0000
2.3940,0.5620,0.3520,0.3860,0.1440,0.0000,0.0000,1.4800,1.0000,1.3240,5.2890,4.2080,0.0000,0.0000,0.0000,70.0394,0.0000,4391.0000,1755.0000,0.0000,25.0000,47.0000,24.0000,11.0000
2.0720,0.6420,0.3620,0.4500,0.1730,0.0000,0.0000,1.0680,1.0000,1.3240,5.2890,4.2080,0.0000,0.0000,0.0000,70.0496,0.0000,4392.0000,1755.0000,0.0000,25.0000,47.0000,24.0000,10.0000
2.1910,0.5900,0.3720,0.3150,0.1850,0.0000,0.0000,1.2290,1.0000,1.3240,5.2890,4.2080,0.0000,0.0000,0.0000,70.0701,0.0000,4394.0000,1755.0000,0.0000,25.0000,47.0000,24.0000,11.0000
2.1590,0.6250,0.3740,0.3550,0.1970,0.0000,0.0000,1.1600,1.0000,1.3240,5.2890,4.2080,0.0000,0.0000,0.0000,70.0904,0.0000,4396.0000,1755.0000,0.0000,25.0000,47.0000,24.0000,10.0000
2.2760,0.5690,0.4830,0.3040,0.2410,0.0000,0.0000,1.2240,1.0000,1.3240,5.2890,4.2080,0.0000,0.0000,0.0000,70.1107,0.0000,4398.0000,1755.0000,0.0000,25.0000,47.0000,24.0000,10.0000
2.3010,0.6390,0.3690,0.3570,0.1550,0.0000,0.0000,1.2930,1.0000,1.3240,5.2890,4.2080,0.0000,0.0000,0.0000,70.1156,0.0000,4399.0000,1755.0000,0.0000,25.0000,47.0000,24.0000,10.0000
2.0390,0.5920,0.3680,0.3440,0.1570,0.0000,0.0000,1.0790,1.0000,1.3240,5.2890,4.2080,0.0000,0.0000,0.0000,70.1150,0.0000,4399.0000,1755.0000,0.0000,25.0000,47.0000,24.0000,10.0000
4.3980,0.5950,0.4220,0.3550,0.2010,0.0000,0.0000,3.3810,1.0000,1.3240,5.2890,4.2080,0.0000,0.0000,0.0000,70.1277,0.0000,4402.0000,1755.0000,0.0000,25.0000,47.0000,24.0000,10.0000
2.7200,0.6250,0.4270,0.3670,0.2260,0.0000,0.0000,1.6680,1.0000,1.3240,5.2890,4.2080,0.0000,0.0000,0.0000,69.8675,0.0000,4377.0000,1755.0000,0.0000,25.0000,47.0000,24.0000,11.0000
2.8340,0.6750,0.5030,0.3460,0.2680,0.0000,0.0000,1.6560,1.0000,1.3240,5.2890,4.2080,0.0000,0.0000,0.0000,69.8671,0.0000,4377.0000,1755.0000,0.0000,25.0000,47.0000,24.0000,11.0000
2.2430,0.6400,0.4290,0.3590,0.1990,0.0000,0.0000,1.1740,1.0000,1.3240,5.2890,4.2080,0.0000,0.0000,0.0000,69.8672,0.0000,4377.0000,1755.0000,0.0000,25.0000,47.0000,24.0000,11.0000
2.0550,0.5490,0.3370,0.3270,0.1530,0.0000,0.0000,1.1690,1.0000,1.3240,5.2890,4.2080,0.0000,0.0000,0.0000,69.8672,0.0000,4377.0000,1755.0000,0.0000,25.0000,47.0000,24.0000,11.0000
2.1950,0.4830,0.4110,0.2990,0.1940,0.0000,0.0000,1.3010,1.0000,1.3240,5.2890,4.2080,0.0000,0.0000,0.0000,69.8977,0.0000,4380.0000,1755.0000,0.0000,25.0000,47.0000,24.0000,11.0000
2.1650,0.5920,0.4230,0.3020,0.2190,0.0000,0.0000,1.1500,1.0000,1.3240,5.2890,4.2080,0.0000,0.0000,0.0000,69.9080,0.0000,4381.0000,1755.0000,0.0000,25.0000,47.0000,24.0000,11.0000
2.1260,0.6230,0.3570,0.3350,0.1420,0.0000,0.0000,1.1460,1.0000,1.3240,5.2890,4.2080,0.0000,0.0000,0.0000,69.9088,0.0000,4381.0000,1755.0000,0.0000,25.0000,48.0000,24.0000,11.0000
2.0820,0.5460,0.3410,0.3730,0.1610,0.0000,0.0000,1.1950,1.0000,1.3240,5.2890,4.2080,0.0000,0.0000,0.0000,69.9089,0.0000,4381.0000,1755.0000,0.0000,25.0000,48.0000,24.0000,11.0000
2.0390,0.5260,0.3290,0.3340,0.1460,0.0000,0.0000,1.1840,1.0000,1.3240,5.2890,4.2080,0.0000,0.0000,0.0000,69.9089,0.0000,4381.0000,1755.0000,0.0000,25.0000,48.0000,24.0000,12.0000
2.0730,0.5480,0.3550,0.3600,0.1770,0.0000,0.0000,1.1700,1.0000,1.3240,5.2890,4.2080,0.0000,0.0000,0.0000,69.9205,0.0000,4382.0000,1755.0000,0.0000,25.0000,48.0000,24.0000,11.0000
2.0370,0.5530,0.3650,0.2950,0.1820,0.0000,0.0000,1.1190,1.0000,1.3240,5.2890,4.2080,0.0000,0.0000,0.0000,69.9212,0.0000,4382.0000,1755.0000,0.0000,25.0000,49.0000,24.0000,12.0000
1.9470,0.5430,0.3350,0.3050,0.1500,0.0000,0.0000,1.0690,1.0000,1.3240,5.2890,4.2080,0.0000,0.0000,0.0000,69.9206,0.0000,4382.0000,1755.0000,0.0000,25.0000,48.0000,24.0000,11.0000
2.2240,0.5140,0.4130,0.2990,0.1950,0.0000,0.0000,1.2970,1.0000,1.3240,5.2890,4.2080,0.0000,0.0000,0.0000,69.9308,0.0000,4383.0000,1755.0000,0.0000,25.0000,48.0000,24.0000,11.0000
2.1420,0.5850,0.4240,0.3020,0.2220,0.0000,0.0000,1.1330,1.0000,1.3240,5.2890,4.2080,0.0000,0.0000,0.0000,69.9308,0.0000,4383.0000,1755.0000,0.0000,25.0000,48.0000,24.0000,11.0000
2.1680,0.4830,0.3350,0.3010,0.1540,0.0000,0.0000,1.3500,1.0000,1.3240,5.2890,4.2080,0.0000,0.0000,0.0000,69.9302,0.0000,4383.0000,1755.0000,0.0000,25.0000,47.0000,24.0000,10.0000
2.0430,0.5530,0.3850,0.3320,0.1820,0.0000,0.0000,1.1050,1.0000,1.3240,5.2890,4.2080,0.0000,0.0000,0.0000,69.9302,0.0000,4383.0000,1755.0000,0.0000,25.0000,47.0000,24.0000,10.0000
2.2790,0.5000,0.4460,0.3260,0.2080,0.0000,0.0000,1.3330,1.0000,1.3240,5.2890,4.2080,0.0000,0.0000,0.0000,69.9511,0.0000,4385.0000,1755.0000,0.0000,25.0000,48.0000,24.0000,10.0000
2.3070,0.6420,0.4560,0.3750,0.2570,0.0000,0.0000,1.2090,1.0000,1.3240,5.2890,4.2080,0.0000,0.0000,0.0000,69.9716,0.0000,4387.0000,1755.0000,0.0000,25.0000,48.0000,24.0000,10.0000
2.1440,0.6710,0.3760,0.3600,0.1780,0.0000,0.0000,1.0970,1.0000,1.3240,5.2890,4.2080,0.0000,0.0000,0.0000,69.9820,0.0000,4388.0000,1755.0000,0.0000,25.0000,48.0000,24.0000,10.0000
2.0600,0.5430,0.3860,0.3220,0.1920,0.0000,0.0000,1.1310,1.0000,1.3240,5.2890,4.2080,0.0000,0.0000,0.0000,69.9828,0.0000,4388.0000,1755.0000,0.0000,25.0000,49.0000,24.0000,10.0000
2.1560,0.5230,0.3750,0.3430,0.1920,0.0000,0.0000,1.2580,1.0000,1.3240,5.2890,4.2080,0.0000,0.0000,0.0000,69.9920,0.0000,4387.0000,1755.0000,0.0000,25.0000,49.0000,24.0000,10.0000
2.0000,0.6250,0.3860,0.4070,0.1890,0.0000,0.0000,0.9890,1.0000,1.3240,5.2890,4.2080,0.0000,0.0000,0.0000,69.9920,0.0000,4387.0000,1755.0000,0.0000,25.0000,49.0000,24.0000,10.0000
2.1950,0.5270,0.4160,0.3480,0.2200,0.0000,0.0000,1.2520,1.0000,1.3240,5.2890,4.2080,0.0000,0.0000,0.0000,70.0023,0.0000,4388.0000,1755.0000,0.0000,25.0000,49.0000,24.0000,10.0000
2.0880,0.6480,0.3960,0.4360,0.1810,0.0000,0.0000,1.0440,1.0000,1.3240,5.2890,4.2080,0.0000,0.0000,0.0000,70.0126,0.0000,4389.0000,1755.0000,0.0000,25.0000,49.0000,24.0000,10.0000
2.0460,0.6230,0.3380,0.3920,0.1470,0.0000,0.0000,1.0850,1.0000,1.3240,5.2890,4.2080,0.0000,0.0000,0.0000,70.0126,0.0000,4389.0000,1755.0000,0.0000,25.0000,49.0000,24.0000,10.0000
2.1300,0.6450,0.3430,0.4030,0.1460,0.0000,0.0000,1.1420,1.0000,1.3240,5.2890,4.2080,0.0000,0.0000,0.0000,70.0127,0.0000,4389.0000,1755.0000,0.0000,25.0000,49.0000,24.0000,10.0000
2.2610,0.6000,0.4300,0.4180,0.1830,0.0000,0.0000,1.2310,1.0000,1.3240,5.2890,4.2080,0.0000,0.0000,0.0000,70.0127,0.0000,4389.0000,1755.0000,0.0000,25.0000,49.0000,24.0000,10.0000
2.1130,0.5320,0.3780,0.3360,0.1660,0.0000,0.0000,1.2030,1.0000,1.3240,5.2890,4.2080,0.0000,0.0000,0.0000,70.0114,0.0000,4388.0000,1755.0000,0.0000,25.0000,49.0000,24.0000,10.0000
2.1920,0.5380,0.4350,0.3500,0.1970,0.0000,0.0000,1.2190,1.0000,1.3240,5.2890,4.2080,0.0000,0.0000,0.0000,70.0316,0.0000,4390.0000,1755.0000,0.0000,25.0000,49.0000,24.0000,10.0000
1.9280,0.6170,0.3770,0.3680,0.1820,0.0000,0.0000,0.9340,1.0000,1.3240,5.2890,4.2080,0.0000,0.0000,0.0000,70.0316,0.0000,4390.0000,1755.0000,0.0000,25.0000,49.0000,24.0000,10.0000
1.9680,0.5120,0.4060,0.3420,0.1750,0.0000,0.0000,1.0500,1.0000,1.3240,5.2890,4.2080,0.0000,0.0000,0.0000,70.0317,0.0000,4390.0000,1755.0000,0.0000,25.0000,49.0000,24.0000,10.0000
1.9820,0.5030,0.3390,0.3320,0.1440,0.0000,0.0000,1.1400,1.0000,1.3240,5.2890,4.2080,0.0000,0.0000,0.0000,70.0318,0.0000,4390.0000,1755.0000,0.0000,25.0000,49.0000,24.0000,11.0000
2.0330,0.5530,0.4120,0.3840,0.1820,0.0000,0.0000,1.0680,1.0000,1.3240,5.2890,4.2080,0.0000,0.0000,0.0000,70.0318,0.0000,4390.0000,1755.0000,0.0000,25.0000,49.0000,24.0000,11.0000
2.0590,0.5340,0.3420,0.3430,0.1450,0.0000,0.0000,1.1830,1.0000,1.3240,5.2890,4.2080,0.0000,0.0000,0.0000,70.0312,0.0000,4390.0000,1755.0000,0.0000,25.0000,48.0000,24.0000,11.0000
1.9870,0.5180,0.3840,0.3470,0.1790,0.0000,0.0000,1.0850,1.0000,1.3240,5.2890,4.2080,0.0000,0.0000,0.0000,70.0312,0.0000,4390.0000,1755.0000,0.0000,25.0000,48.0000,24.0000,11.0000
1.9700,0.5060,0.3850,0.3360,0.1870,0.0000,0.0000,1.0790,1.0000,1.3240,5.2890,4.2080,0.0000,0.0000,0.0000,70.0312,0.0000,4390.0000,1755.0000,0.0000,25.0000,48.0000,24.0000,11.0000
2.5070,0.5260,0.4420,0.3510,0.2110,0.0000,0.0000,1.5390,1.0000,1.3240,5.2890,4.2080,0.0000,0.0000,0.0000,70.0422,0.0000,4391.0000,1755.0000,0.0000,25.0000,49.0000,24.0000,11.0000
2.2200,0.6400,0.4020,0.3380,0.1960,0.0000,0.0000,1.1780,1.0000,1.3240,5.2890,4.2080,0.0000,0.0000,0.0000,70.0635,0.0000,4393.0000,1755.0000,0.0000,25.0000,48.0000,24.0000,12.0000
2.2320,0.6340,0.3910,0.3230,0.1560,0.0000,0.0000,1.2070,1.0000,1.3240,5.2890,4.2080,0.0000,0.0000,0.0000,70.0635,0.0000,4393.0000,1755.0000,0.0000,25.0000,48.0000,24.0000,11.0000
2.3120,0.5160,0.4280,0.3320,0.2270,0.0000,0.0000,1.3680,1.0000,1.3240,5.2890,4.2080,0.0000,0.0000,0.0000,70.0732,0.0000,4394.0000,1755.0000,0.0000,25.0000,47.0000,24.0000,11.0000
2.3150,0.6990,0.4630,0.4620,0.2120,0.0000,0.0000,1.1530,1.0000,1.3240,5.2890,4.2080,0.0000,0.0000,0.0000,70.1139,0.0000,4398.0000,1755.0000,0.0000,25.0000,47.0000,24.0000,11.0000
2.2630,0.7070,0.3780,0.3280,0.1870,0.0000,0.0000,1.1780,1.0000,1.3240,5.2890,4.2080,0.0000,0.0000,0.0000,70.1346,0.0000,4400.0000,1755.0000,0.0000,25.0000,47.0000,24.0000,11.0000
3.9810,0.5890,0.3450,0.3260,0.1590,0.0000,0.0000,3.0470,1.0000,1.3240,5.2890,4.2080,0.0000,0.0000,0.0000,70.1349,0.0000,4400.0000,1755.0000,0.0000,25.0000,47.0000,24.0000,11.0000
2.1920,0.5300,0.3720,0.3500,0.1860,0.0000,0.0000,1.2900,1.0000,1.3240,5.2890,4.2080,0.0000,0.0000,0.0000,69.8435,0.0000,4372.0000,1755.0000,0.0000,25.0000,47.0000,24.0000,11.0000
2.1250,0.5650,0.4240,0.3430,0.1860,0.0000,0.0000,1.1360,1.0000,1.3240,5.2890,4.2080,0.0000,0.0000,0.0000,69.8434,0.0000,4372.0000,1755.0000,0.0000,25.0000,47.0000,24.0000,11.0000
2.3570,0.5270,0.4410,0.3500,0.1870,0.0000,0.0000,1.3890,1.0000,1.3240,5.2890,4.2080,0.0000,0.0000,0.0000,69.8552,0.0000,4373.0000,1755.0000,0.0000,25.0000,47.0000,24.0000,11.0000
2.1420,0.6540,0.3770,0.4240,0.1770,0.0000,0.0000,1.1110,1.0000,1.3240,5.2890,4.2080,0.0000,0.0000,0.0000,69.8655,0.0000,4374.0000,1755.0000,0.0000,25.0000,47.0000,24.0000,11.0000
1.9950,0.5790,0.3310,0.3180,0.1440,0.0000,0.0000,1.0850,1.0000,1.3240,5.2890,4.2080,0.0000,0.0000,0.0000,69.8655,0.0000,4374.0000,1755.0000,0.0000,25.0000,47.0000,24.0000,11.0000
1.8940,0.5360,0.3220,0.3170,0.1410,0.0000,0.0000,1.0360,1.0000,1.3240,5.2890,4.2080,0.0000,0.0000,0.0000,69.8656,0.0000,4374.0000,1755.0000,0.0000,25.0000,47.0000,24.0000,11.0000
2.0880,0.5420,0.4190,0.3230,0.1510,0.0000,0.0000,1.1270,1.0000,1.3240,5.2890,4.2080,0.0000,0.0000,0.0000,69.8656,0.0000,4374.0000,1755.0000,0.0000,25.0000,47.0000,24.0000,11.0000
2.0220,0.5580,0.3330,0.3190,0.1430,0.0000,0.0000,1.1310,1.0000,1.3240,5.2890,4.2080,0.0000,0.0000,0.0000,69.8656,0.0000,4374.0000,1755.0000,0.0000,25.0000,47.0000,24.0000,11.0000
2.2010,0.5600,0.3540,0.3420,0.1730,0.0000,0.0000,1.2870,1.0000,1.3240,5.2890,4.2080,0.0000,0.0000,0.0000,69.8758,0.0000,4375.0000,1755.0000,0.0000,25.0000,47.0000,24.0000,11.0000
2.0040,0.5660,0.3600,0.3200,0.1610,0.0000,0.0000,1.0780,1.0000,1.3240,5.2890,4.2080,0.0000,0.0000,0.0000,69.8757,0.0000,4375.0000,1755.0000,0.0000,25.0000,47.0000,24.0000,12.0000
2.1400,0.5450,0.3440,0.3750,0.1600,0.0000,0.0000,1.2510,1.0000,1.3240,5.2890,4.2080,0.0000,0.0000,0.0000,69.8758,0.0000,4375.0000,1755.0000,0.0000,25.0000,47.0000,24.0000,12.0000
2.1010,0.6050,0.4200,0.4130,0.2100,0.0000,0.0000,1.0760,1.0000,1.3240,5.2890,4.2080,0.0000,0.0000,0.0000,69.8758,0.0000,4375.0000,1755.0000,0.0000,25.0000,47.0000,24.0000,13.0000
1.9650,0.5580,0.3780,0.3840,0.1910,0.0000,0.0000,1.0290,1.0000,1.3240,5.2890,4.2080,0.0000,0.0000,0.0000,69.8758,0.0000,4375.0000,1755.0000,0.0000,25.0000,47.0000,24.0000,13.0000
1.9390,0.6070,0.4190,0.4380,0.1900,0.0000,0.0000,0.9130,1.0000,1.3240,5.2890,4.2080,0.0000,0.0000,0.0000,69.8765,0.0000,4375.0000,1755.0000,0.0000,25.0000,48.0000,24.0000,13.0000
2.5210,0.5090,0.6820,0.3420,0.1840,0.0000,0.0000,1.3300,1.0000,1.3240,5.2890,4.2080,0.0000,0.0000,0.0000,69.9147,0.0000,4379.0000,1755.0000,0.0000,25.0000,48.0000,24.0000,13.0000
2.0410,0.7380,0.3650,0.3310,0.1760,0.0000,0.0000,0.9380,1.0000,1.3240,5.2890,4.2080,0.0000,0.0000,0.0000,69.9251,0.0000,4380.0000,1755.0000,0.0000,25.0000,48.0000,24.0000,13.0000
2.0230,0.5840,0.3290,0.3230,0.1440,0.0000,0.0000,1.1100,1.0000,1.3240,5.2890,4.2080,0.0000,0.0000,0.0000,69.9252,0.0000,4380.0000,1755.0000,0.0000,25.0000,48.0000,24.0000,12.0000
1.9640,0.5780,0.3330,0.3530,0.1500,0.0000,0.0000,1.0530,1.0000,1.3240,5.2890,4.2080,0.0000,0.0000,0.0000,69.9252,0.0000,4380.0000,1755.0000,0.0000,25.0000,48.0000,24.0000,13.0000
2.2750,0.5560,0.3860,0.3370,0.2020,0.0000,0.0000,1.3330,1.0000,1.3240,5.2890,4.2080,0.0000,0.0000,0.0000,69.9553,0.0000,4383.0000,1755.0000,0.0000,25.0000,48.0000,24.0000,12.0000
2.2720,0.6230,0.3540,0.3250,0.1670,0.0000,0.0000,1.2950,1.0000,1.3240,5.2890,4.2080,0.0000,0.0000,0.0000,69.9553,0.0000,4383.0000,1755.0000,0.0000,25.0000,48.0000,24.0000,13.0000
2.3130,0.5050,0.4720,0.3250,0.2290,0.0000,0.0000,1.3360,1.0000,1.3240,5.2890,4.2080,0.0000,0.0000,0.0000,69.9864,0.0000,4386.0000,1755.0000,0.0000,25.0000,48.0000,24.0000,13.0000
2.1760,0.6820,0.3640,0.3730,0.1840,0.0000,0.0000,1.1300,1.0000,1.3240,5.2890,4.2080,0.0000,0.0000,0.0000,70.0069,0.0000,4388.0000,1755.0000,0.0000,25.0000,48.0000,24.0000,12.0000
2.4360,0.6190,0.6560,0.3160,0.2260,0.0000,0.0000,1.1610,1.0000,1.3240,5.2890,4.2080,0.0000,0.0000,0.0000,70.0173,0.0000,4389.0000,1755.0000,0.0000,25.0000,48.0000,24.0000,12.0000
2.1040,0.5680,0.3940,0.3430,0.1920,0.0000,0.0000,1.1420,1.0000,1.3240,5.2890,4.2080,0.0000,0.0000,0.0000,70.0174,0.0000,4389.0000,1755.0000,0.0000,25.0000,48.0000,24.0000,12.0000
2.1550,0.5710,0.4600,0.3980,0.2010,0.0000,0.0000,1.1240,1.0000,1.3240,5.2890,4.2080,0.0000,0.0000,0.0000,70.0175,0.0000,4389.0000,1755.0000,0.0000,25.0000,48.0000,24.0000,12.0000
2.0290,0.5960,0.3780,0.4010,0.1520,0.0000,0.0000,1.0550,1.0000,1.3240,5.2890,4.2080,0.0000,0.0000,0.0000,70.0175,0.0000,4389.0000,1755.0000,0.0000,25.0000,48.0000,24.0000,12.0000
2.0880,0.6170,0.3930,0.3740,0.1800,0.0000,0.0000,1.0780,1.0000,1.3240,5.2890,4.2080,0.0000,0.0000,0.0000,70.0271,0.0000,4390.0000,1755.0000,0.0000,25.0000,47.0000,24.0000,11.0000
1.9810,0.6060,0.3420,0.3810,0.1520,0.0000,0.0000,1.0330,1.0000,1.3240,5.2890,4.2080,0.0000,0.0000,0.0000,70.0271,0.0000,4390.0000,1755.0000,0.0000,25.0000,47.0000,24.0000,11.0000
2.0080,0.5270,0.3330,0.3510,0.1450,0.0000,0.0000,1.1480,1.0000,1.3240,5.2890,4.2080,0.0000,0.0000,0.0000,70.0271,0.0000,4390.0000,1755.0000,0.0000,25.0000,47.0000,24.0000,11.0000
2.0140,0.5770,0.3290,0.3870,0.1440,0.0000,0.0000,1.1080,1.0000,1.3240,5.2890,4.2080,0.0000,0.0000,0.0000,70.0271,0.0000,4390.0000,1755.0000,0.0000,25.0000,47.0000,24.0000,11.0000
1.9670,0.5990,0.3300,0.3570,0.1450,0.0000,0.0000,1.0380,1.0000,1.3240,5.2890,4.2080,0.0000,0.0000,0.0000,70.0271,0.0000,4390.0000,1755.0000,0.0000,25.0000,47.0000,24.0000,12.0000
2.1330,0.5600,0.3670,0.3750,0.1830,0.0000,0.0000,1.2060,1.0000,1.3240,5.2890,4.2080,0.0000,0.0000,0.0000,70.0374,0.0000,4391.0000,1755.0000,0.0000,25.0000,47.0000,24.0000,13.0000
2.0440,0.5740,0.3860,0.3240,0.1990,0.0000,0.0000,1.0840,1.0000,1.3240,5.2890,4.2080,0.0000,0.0000,0.0000,70.0374,0.0000,4391.0000,1755.0000,0.0000,25.0000,47.0000,24.0000,13.0000
2.1510,0.5650,0.3830,0.3210,0.1950,0.0000,0.0000,1.2030,1.0000,1.3240,5.2890,4.2080,0.0000,0.0000,0.0000,70.0577,0.0000,4393.0000,1755.0000,0.0000,25.0000,47.0000,24.0000,13.0000
2.0810,0.5650,0.3780,0.3110,0.1570,0.0000,0.0000,1.1380,1.0000,1.3240,5.2890,4.2080,0.0000,0.0000,0.0000,70.0577,0.0000,4393.0000,1755.0000,0.0000,25.0000,47.0000,24.0000,13.0000
1.9880,0.5030,0.3960,0.3160,0.2090,0.0000,0.0000,1.0890,1.0000,1.3240,5.2890,4.2080,0.0000,0.0000,0.0000,70.0578,0.0000,4393.0000,1755.0000,0.0000,25.0000,47.0000,24.0000,12.0000
1.9650,0.4990,0.3510,0.3180,0.1630,0.0000,0.0000,1.1150,1.0000,1.3240,5.2890,4.2080,0.0000,0.0000,0.0000,70.0578,0.0000,4393.0000,1755.0000,0.0000,25.0000,47.0000,24.0000,12.0000
2.7640,0.5100,0.9560,0.3360,0.7680,0.0000,0.0000,1.2980,1.0000,1.3240,5.2890,4.2080,0.0000,0.0000,0.0000,70.0695,0.0000,4394.0000,1755.0000,0.0000,25.0000,49.0000,24.0000,13.0000
2.7840,0.6060,0.5640,0.3790,0.3690,0.0000,0.0000,1.6140,1.0000,1.3240,5.2890,4.2080,0.0000,0.0000,0.0000,70.0797,0.0000,4395.0000,1755.0000,0.0000,25.0000,49.0000,24.0000,13.0000
2.2580,0.7280,0.4460,0.4400,0.2070,0.0000,0.0000,1.0840,1.0000,1.3240,5.2890,4.2080,0.0000,0.0000,0.0000,70.0798,0.0000,4395.0000,1755.0000,0.0000,25.0000,49.0000,24.0000,14.0000
2.4160,0.6230,0.4610,0.4220,0.2420,0.0000,0.0000,1.3320,1.0000,1.3240,5.2890,4.2080,0.0000,0.0000,0.0000,70.0915,0.0000,4396.0000,1755.0000,0.0000,25.0000,49.0000,24.0000,13.0000
2.3090,0.5890,0.4540,0.3480,0.2570,0.0000,0.0000,1.2660,1.0000,1.3240,5.2890,4.2080,0.0000,0.0000,0.0000,70.1220,0.0000,4399.0000,1755.0000,0.0000,25.0000,49.0000,24.0000,13.0000
2.1410,0.6920,0.3820,0.3950,0.1690,0.0000,0.0000,1.0670,1.0000,1.3240,5.2890,4.2080,0.0000,0.0000,0.0000,70.1221,0.0000,4399.0000,1755.0000,0.0000,25.0000,49.0000,24.0000,13.0000
2.2530,0.5560,0.4150,0.3660,0.1890,0.0000,0.0000,1.2820,1.0000,1.3240,5.2890,4.2080,0.0000,0.0000,0.0000,70.1418,0.0000,4401.0000,1755.0000,0.0000,25.0000,48.0000,24.0000,12.0000
2.5970,0.6420,0.3840,0.3290,0.1980,0.0000,0.0000,1.5710,1.0000,1.3240,5.2890,4.2080,0.0000,0.0000,0.0000,69.8815,0.0000,4376.0000,1755.0000,0.0000,25.0000,47.0000,24.0000,12.0000
2.2440,0.9810,0.5500,0.3840,0.1540,0.0000,0.0000,0.7130,1.0000,1.3240,5.2890,4.2080,0.0000,0.0000,0.0000,69.8837,0.0000,4376.0000,1755.0000,0.0000,25.0000,48.0000,24.0000,13.0000
2.0010,0.5250,0.3270,0.3210,0.1470,0.0000,0.0000,1.1490,1.0000,1.3240,5.2890,4.2080,0.0000,0.0000,0.0000,69.8846,0.0000,4376.0000,1755.0000,0.0000,25.0000,49.0000,24.0000,13.0000
1.9590,0.5410,0.3370,0.3780,0.1420,0.0000,0.0000,1.0810,1.0000,1.3240,5.2890,4.2080,0.0000,0.0000,0.0000,69.8846,0.0000,4376.0000,1755.0000,0.0000,25.0000,49.0000,24.0000,13.0000
1.9360,0.5280,0.3170,0.3240,0.1390,0.0000,0.0000,1.0910,1.0000,1.3240,5.2890,4.2080,0.0000,0.0000,0.0000,69.8846,0.0000,4376.0000,1755.0000,0.0000,25.0000,49.0000,24.0000,13.0000
2.1690,0.5670,0.3890,0.3890,0.1870,0.0000,0.0000,1.2130,1.0000,1.3240,5.2890,4.2080,0.0000,0.0000,0.0000,69.9049,0.0000,4378.0000,1755.0000,0.0000,25.0000,49.0000,24.0000,13.0000
2.2040,0.6030,0.3880,0.3250,0.1820,0.0000,0.0000,1.2130,1.0000,1.3240,5.2890,4.2080,0.0000,0.0000,0.0000,69.9145,0.0000,4379.0000,1755.0000,0.0000,25.0000,48.0000,24.0000,14.0000
2.2490,0.6900,0.4300,0.4080,0.2430,0.0000,0.0000,1.1290,1.0000,1.3240,5.2890,4.2080,0.0000,0.0000,0.0000,69.9257,0.0000,4380.0000,1755.0000,0.0000,25.0000,48.0000,24.0000,14.0000
1.9610,0.7260,0.3720,0.5130,0.1810,0.0000,0.0000,0.8630,1.0000,1.3240,5.2890,4.2080,0.0000,0.0000,0.0000,69.9272,0.0000,4380.0000,1755.0000,0.0000,25.0000,50.0000,24.0000,14.0000
2.0210,0.5070,0.4080,0.3400,0.1780,0.0000,0.0000,1.1060,1.0000,1.3240,5.2890,4.2080,0.0000,0.0000,0.0000,69.9279,0.0000,4380.0000,1755.0000,0.0000,25.0000,51.0000,24.0000,14.0000
2.2850,0.5020,0.3980,0.3350,0.2090,0.0000,0.0000,1.3850,1.0000,1.3240,5.2890,4.2080,0.0000,0.0000,0.0000,69.9382,0.0000,4381.0000,1755.0000,0.0000,25.0000,51.0000,24.0000,14.0000
2.1280,0.6760,0.4570,0.4160,0.1640,0.0000,0.0000,0.9950,1.0000,1.3240,5.2890,4.2080,0.0000,0.0000,0.0000,69.9388,0.0000,4381.0000,1755.0000,0.0000,25.0000,51.0000,24.0000,14.0000
2.1640,0.5510,0.3660,0.3660,0.1490,0.0000,0.0000,1.2470,1.0000,1.3240,5.2890,4.2080,0.0000,0.0000,0.0000,69.9381,0.0000,4381.0000,1755.0000,0.0000,25.0000,50.0000,24.0000,14.0000
1.9500,0.5560,0.3100,0.3830,0.1320,0.0000,0.0000,1.0840,1.0000,1.3240,5.2890,4.2080,0.0000,0.0000,0.0000,69.9381,0.0000,4381.0000,1755.0000,0.0000,25.0000,50.0000,24.0000,14.0000
1.9220,0.5360,0.3030,0.3210,0.1330,0.0000,0.0000,1.0830,1.0000,1.3240,5.2890,4.2080,0.0000,0.0000,0.0000,69.9374,0.0000,4381.0000,1755.0000,0.0000,25.0000,49.0000,24.0000,14.0000
1.9190,0.5490,0.3270,0.3830,0.1420,0.0000,0.0000,1.0430,1.0000,1.3240,5.2890,4.2080,0.0000,0.0000,0.0000,69.9374,0.0000,4381.0000,1755.0000,0.0000,25.0000,49.0000,24.0000,14.0000
2.1120,0.5640,0.3590,0.3810,0.1730,0.0000,0.0000,1.1890,1.0000,1.3240,5.2890,4.2080,0.0000,0.0000,0.0000,69.9477,0.0000,4382.0000,1755.0000,0.0000,25.0000,49.0000,24.0000,14.0000
2.2020,0.6040,0.3630,0.3860,0.1810,0.0000,0.0000,1.2350,1.0000,1.3240,5.2890,4.2080,0.0000,0.0000,0.0000,69.9680,0.0000,4384.0000,1755.0000,0.0000,25.0000,49.0000,24.0000,14.0000
2.0540,0.6860,0.3380,0.3770,0.1430,0.0000,0.0000,1.0300,1.0000,1.3240,5.2890,4.2080,0.0000,0.0000,0.0000,69.9681,0.0000,4384.0000,1755.0000,0.0000,25.0000,49.0000,24.0000,14.0000
1.9220,0.4850,0.3270,0.3120,0.1420,0.0000,0.0000,1.1100,1.0000,1.3240,5.2890,4.2080,0.0000,0.0000,0.0000,69.9682,0.0000,4384.0000,1755.0000,0.0000,25.0000,49.0000,24.0000,14.0000
2.2360,0.4930,0.3690,0.3190,0.1920,0.0000,0.0000,1.3740,1.0000,1.3240,5.2890,4.2080,0.0000,0.0000,0.0000,69.9991,0.0000,4387.0000,1755.0000,0.0000,25.0000,49.0000,24.0000,14.0000
2.0210,0.6980,0.3360,0.4100,0.1530,0.0000,0.0000,0.9870,1.0000,1.3240,5.2890,4.2080,0.0000,0.0000,0.0000,69.9992,0.0000,4387.0000,1755.0000,0.0000,25.0000,49.0000,24.0000,14.0000
2.6720,0.5960,0.3800,0.4010,0.1990,0.0000,0.0000,1.6960,1.0000,1.3240,5.2890,4.2080,0.0000,0.0000,0.0000,70.0199,0.0000,4389.0000,1755.0000,0.0000,25.0000,49.0000,24.0000,14.0000
2.6400,0.8110,0.4490,0.3310,0.2370,0.0000,0.0000,1.3800,1.0000,1.3240,5.2890,4.2080,0.0000,0.0000,0.0000,70.0504,0.0000,4392.0000,1755.0000,0.0000,25.0000,49.0000,24.0000,14.0000
2.0630,0.8070,0.3590,0.4790,0.1410,0.0000,0.0000,0.8970,1.0000,1.3240,5.2890,4.2080,0.0000,0.0000,0.0000,70.0506,0.0000,4392.0000,1755.0000,0.0000,25.0000,49.0000,24.0000,15.0000
2.1050,0.5910,0.3970,0.3890,0.1780,0.0000,0.0000,1.1170,1.0000,1.3240,5.2890,4.2080,0.0000,0.0000,0.0000,70.0610,0.0000,4393.0000,1755.0000,0.0000,25.0000,49.0000,24.0000,14.0000
1.9320,0.6050,0.3330,0.3710,0.1490,0.0000,0.0000,0.9940,1.0000,1.3240,5.2890,4.2080,0.0000,0.0000,0.0000,70.0610,0.0000,4393.0000,1755.0000,0.0000,25.0000,49.0000,24.0000,14.0000
2.0820,0.5660,0.3470,0.3770,0.1420,0.0000,0.0000,1.1690,1.0000,1.3240,5.2890,4.2080,0.0000,0.0000,0.0000,70.0611,0.0000,4393.0000,1755.0000,0.0000,25.0000,49.0000,24.0000,14.0000
2.1730,0.5610,0.3820,0.3710,0.1830,0.0000,0.0000,1.2300,1.0000,1.3240,5.2890,4.2080,0.0000,0.0000,0.0000,70.0817,0.0000,4395.0000,1755.0000,0.0000,25.0000,49.0000,24.0000,14.0000
2.0640,0.6380,0.3440,0.3200,0.1450,0.0000,0.0000,1.0820,1.0000,1.3240,5.2890,4.2080,0.0000,0.0000,0.0000,70.0818,0.0000,4395.0000,1755.0000,0.0000,25.0000,49.0000,24.0000,14.0000
1.9460,0.5690,0.3280,0.3190,0.1390,0.0000,0.0000,1.0490,1.0000,1.3240,5.2890,4.2080,0.0000,0.0000,0.0000,70.0819,0.0000,4395.0000,1755.0000,0.0000,25.0000,49.0000,24.0000,14.0000
2.0490,0.5440,0.3190,0.3190,0.1390,0.0000,0.0000,1.1860,1.0000,1.3240,5.2890,4.2080,0.0000,0.0000,0.0000,70.0812,0.0000,4395.0000,1755.0000,0.0000,25.0000,48.0000,24.0000,14.0000
1.9660,0.6130,0.3260,0.3860,0.1440,0.0000,0.0000,1.0270,1.0000,1.3240,5.2890,4.2080,0.0000,0.0000,0.0000,70.0812,0.0000,4395.0000,1755.0000,0.0000,25.0000,48.0000,24.0000,14.0000
2.3820,0.5330,0.4540,0.3090,0.2450,0.0000,0.0000,1.3950,1.0000,1.3240,5.2890,4.2080,0.0000,0.0000,0.0000,70.1014,0.0000,4397.0000,1755.0000,0.0000,25.0000,48.0000,24.0000,14.0000
2.0310,0.6920,0.4150,0.3970,0.1930,0.0000,0.0000,0.9240,1.0000,1.3240,5.2890,4.2080,0.0000,0.0000,0.0000,70.1014,0.0000,4397.0000,1755.0000,0.0000,25.0000,48.0000,24.0000,14.0000
2.1080,0.5410,0.3860,0.3390,0.1910,0.0000,0.0000,1.1810,1.0000,1.3240,5.2890,4.2080,0.0000,0.0000,0.0000,70.1015,0.0000,4397.0000,1755.0000,0.0000,25.0000,48.0000,24.0000,15.0000
1.9580,0.6170,0.3670,0.4230,0.1850,0.0000,0.0000,0.9740,1.0000,1.3240,5.2890,4.2080,0.0000,0.0000,0.0000,70.1015,0.0000,4397.0000,1755.0000,0.0000,25.0000,48.0000,24.0000,15.0000
2.1060,0.5110,0.3810,0.3320,0.1860,0.0000,0.0000,1.2140,1.0000,1.3240,5.2890,4.2080,0.0000,0.0000,0.0000,70.1022,0.0000,4397.0000,1755.0000,0.0000,25.0000,49.0000,24.0000,15.0000
1.9850,0.6120,0.3640,0.4290,0.1500,0.0000,0.0000,1.0090,1.0000,1.3240,5.2890,4.2080,0.0000,0.0000,0.0000,70.1022,0.0000,4397.0000,1755.0000,0.0000,25.0000,49.0000,24.0000,15.0000
2.2040,0.5590,0.4070,0.3810,0.1980,0.0000,0.0000,1.2380,1.0000,1.3240,5.2890,4.2080,0.0000,0.0000,0.0000,70.1125,0.0000,4398.0000,1755.0000,0.0000,25.0000,49.0000,24.0000,15.0000
2.1370,0.6880,0.3760,0.3890,0.1820,0.0000,0.0000,1.0730,1.0000,1.3240,5.2890,4.2080,0.0000,0.0000,0.0000,70.1214,0.0000,4399.0000,1755.0000,0.0000,25.0000,47.0000,24.0000,15.0000
2.2210,0.5910,0.4190,0.3260,0.2180,0.0000,0.0000,1.2110,1.0000,1.3240,5.2890,4.2080,0.0000,0.0000,0.0000,70.1423,0.0000,4401.0000,1755.0000,0.0000,25.0000,48.0000,24.0000,14.0000
2.0920,0.6070,0.3380,0.3250,0.1470,0.0000,0.0000,1.1470,1.0000,1.3240,5.2890,4.2080,0.0000,0.0000,0.0000,70.1424,0.0000,4401.0000,1755.0000,0.0000,25.0000,48.0000,24.0000,14.0000
4.1960,0.5210,0.5790,0.3360,0.3230,0.0000,0.0000,3.0960,1.0000,1.3240,5.2890,4.2080,0.0000,0.0000,0.0000,70.1849,0.0000,4405.0000,1755.0000,0.0000,25.0000,50.0000,24.0000,14.0000
2.4180,0.7940,0.4190,0.4220,0.1960,0.0000,0.0000,1.2050,1.0000,1.3240,5.2890,4.2080,0.0000,0.0000,0.0000,69.8634,0.0000,4374.0000,1755.0000,0.0000,25.0000,51.0000,24.0000,14.0000
2.1760,0.6450,0.3860,0.4150,0.1850,0.0000,0.0000,1.1450,1.0000,1.3240,5.2890,4.2080,0.0000,0.0000,0.0000,69.8730,0.0000,4375.0000,1755.0000,0.0000,25.0000,50.0000,24.0000,15.0000
2.2920,0.6140,0.3630,0.3400,0.1850,0.0000,0.0000,1.3150,1.0000,1.3240,5.2890,4.2080,0.0000,0.0000,0.0000,69.8949,0.0000,4377.0000,1755.0000,0.0000,25.0000,50.0000,24.0000,15.0000
2.2630,0.6060,0.3870,0.3360,0.1830,0.0000,0.0000,1.2700,1.0000,1.3240,5.2890,4.2080,0.0000,0.0000,0.0000,69.9053,0.0000,4378.0000,1755.0000,0.0000,25.0000,50.0000,24.0000,14.0000
2.1460,0.6160,0.3720,0.4030,0.1550,0.0000,0.0000,1.1580,1.0000,1.3240,5.2890,4.2080,0.0000,0.0000,0.0000,69.9054,0.0000,4378.0000,1755.0000,0.0000,25.0000,50.0000,24.0000,14.0000
2.2790,0.5980,0.3600,0.4210,0.1480,0.0000,0.0000,1.3210,1.0000,1.3240,5.2890,4.2080,0.0000,0.0000,0.0000,69.9047,0.0000,4378.0000,1755.0000,0.0000,25.0000,49.0000,24.0000,15.0000
2.1900,0.6500,0.3900,0.4150,0.2050,0.0000,0.0000,1.1500,1.0000,1.3240,5.2890,4.2080,0.0000,0.0000,0.0000,69.9245,0.0000,4380.0000,1755.0000,0.0000,25.0000,48.0000,24.0000,15.0000
2.0360,0.6440,0.3870,0.3870,0.2060,0.0000,0.0000,1.0050,1.0000,1.3240,5.2890,4.2080,0.0000,0.0000,0.0000,69.9246,0.0000,4380.0000,1755.0000,0.0000,25.0000,48.0000,24.0000,15.0000
2.1490,0.5070,0.3730,0.3240,0.1930,0.0000,0.0000,1.2690,1.0000,1.3240,5.2890,4.2080,0.0000,0.0000,0.0000,69.9349,0.0000,4381.0000,1755.0000,0.0000,25.0000,48.0000,24.0000,15.0000
2.0230,0.5320,0.4100,0.3200,0.1830,0.0000,0.0000,1.0810,1.0000,1.3240,5.2890,4.2080,0.0000,0.0000,0.0000,69.9349,0.0000,4381.0000,1755.0000,0.0000,25.0000,48.0000,24.0000,15.0000
2.0190,0.5180,0.3870,0.3420,0.1950,0.0000,0.0000,1.1140,1.0000,1.3240,5.2890,4.2080,0.0000,0.0000,0.0000,69.9350,0.0000,4381.0000,1755.0000,0.0000,25.0000,48.0000,24.0000,15.0000
2.0740,0.5150,0.4090,0.3430,0.1820,0.0000,0.0000,1.1500,1.0000,1.3240,5.2890,4.2080,0.0000,0.0000,0.0000,69.9343,0.0000,4381.0000,1755.0000,0.0000,25.0000,47.0000,24.0000,15.0000
2.2430,0.5160,0.4430,0.3450,0.2330,0.0000,0.0000,1.2840,1.0000,1.3240,5.2890,4.2080,0.0000,0.0000,0.0000,69.9446,0.0000,4382.0000,1755.0000,0.0000,25.0000,47.0000,24.0000,15.0000
2.1190,0.6450,0.3380,0.3920,0.1460,0.0000,0.0000,1.1360,1.0000,1.3240,5.2890,4.2080,0.0000,0.0000,0.0000,69.9439,0.0000,4382.0000,1755.0000,0.0000,25.0000,46.0000,24.0000,15.0000
2.0060,0.5960,0.3450,0.4110,0.1470,0.0000,0.0000,1.0650,1.0000,1.3240,5.2890,4.2080,0.0000,0.0000,0.0000,69.9439,0.0000,4382.0000,1755.0000,0.0000,25.0000,46.0000,24.0000,15.0000
1.9370,0.5530,0.3370,0.3850,0.1420,0.0000,0.0000,1.0470,1.0000,1.3240,5.2890,4.2080,0.0000,0.0000,0.0000,69.9432,0.0000,4382.0000,1755.0000,0.0000,25.0000,45.0000,24.0000,15.0000
2.4450,0.5820,0.3600,0.3500,0.1750,0.0000,0.0000,1.5030,1.0000,1.3240,5.2890,4.2080,0.0000,0.0000,0.0000,69.9535,0.0000,4383.0000,1755.0000,0.0000,25.0000,45.0000,24.0000,16.0000
2.2960,0.7050,0.4160,0.4790,0.2290,0.0000,0.0000,1.1750,1.0000,1.3240,5.2890,4.2080,0.0000,0.0000,0.0000,69.9738,0.0000,4385.0000,1755.0000,0.0000,25.0000,45.0000,24.0000,17.0000
2.3840,0.6000,0.4570,0.3350,0.2080,0.0000,0.0000,1.3270,1.0000,1.3240,5.2890,4.2080,0.0000,0.0000,0.0000,69.9940,0.0000,4387.0000,1755.0000,0.0000,25.0000,45.0000,24.0000,15.0000
2.3190,0.7120,0.4100,0.3840,0.2030,0.0000,0.0000,1.1970,1.0000,1.3240,5.2890,4.2080,0.0000,0.0000,0.0000,70.0037,0.0000,4388.0000,1755.0000,0.0000,25.0000,44.0000,24.0000,15.0000
2.0030,0.6310,0.3880,0.3400,0.2000,0.0000,0.0000,0.9840,1.0000,1.3240,5.2890,4.2080,0.0000,0.0000,0.0000,70.0052,0.0000,4388.0000,1755.0000,0.0000,25.0000,46.0000,24.0000,15.0000
2.1430,0.5090,0.3740,0.3280,0.1940,0.0000,0.0000,1.2600,1.0000,1.3240,5.2890,4.2080,0.0000,0.0000,0.0000,70.0155,0.0000,4389.0000,1755.0000,0.0000,25.0000,46.0000,24.0000,15.0000
3.0600,0.5620,0.4760,0.3480,0.2440,0.0000,0.0000,2.0220,1.0000,1.3240,5.2890,4.2080,0.0000,0.0000,0.0000,70.0670,0.0000,4394.0000,1755.0000,0.0000,25.0000,47.0000,24.0000,15.0000
2.4960,1.3810,0.4550,0.3700,0.1740,0.0000,0.0000,0.6600,1.0000,1.3240,5.2890,4.2080,0.0000,0.0000,0.0000,70.0671,0.0000,4394.0000,1755.0000,0.0000,25.0000,47.0000,24.0000,15.0000
2.0270,0.7130,0.3680,0.4620,0.1520,0.0000,0.0000,0.9460,1.0000,1.3240,5.2890,4.2080,0.0000,0.0000,0.0000,70.0674,0.0000,4394.0000,1755.0000,0.0000,25.0000,47.0000,24.0000,14.0000
3.0560,0.5910,0.4130,0.3630,0.2070,0.0000,0.0000,2.0520,1.0000,1.3240,5.2890,4.2080,0.0000,0.0000,0.0000,70.0674,0.0000,4394.0000,1755.0000,0.0000,25.0000,47.0000,24.0000,14.0000
3.6420,0.7680,0.6850,0.5100,0.3900,0.0000,0.0000,2.1890,1.0000,1.3240,5.2890,4.2080,0.0000,0.0000,0.0000,70.0888,0.0000,4396.0000,1755.0000,0.0000,25.0000,48.0000,24.0000,15.0000
3.1140,1.1960,0.4320,0.7130,0.1740,0.0000,0.0000,1.4860,1.0000,1.3240,5.2890,4.2080,0.0000,0.0000,0.0000,70.0889,0.0000,4396.0000,1755.0000,0.0000,25.0000,48.0000,24.0000,16.0000
2.3510,0.6000,0.3900,0.4080,0.1650,0.0000,0.0000,1.3610,1.0000,1.3240,5.2890,4.2080,0.0000,0.0000,0.0000,70.0890,0.0000,4396.0000,1755.0000,0.0000,25.0000,48.0000,24.0000,16.0000
2.4930,0.6410,0.4820,0.4000,0.2580,0.0000,0.0000,1.3700,1.0000,1.3240,5.2890,4.2080,0.0000,0.0000,0.0000,70.1000,0.0000,4397.0000,1755.0000,0.0000,25.0000,49.0000,24.0000,16.0000
2.3090,0.7610,0.4650,0.3910,0.2150,0.0000,0.0000,1.0830,1.0000,1.3240,5.2890,4.2080,0.0000,0.0000,0.0000,70.1096,0.0000,4398.0000,1755.0000,0.0000,25.0000,48.0000,24.0000,16.0000
2.2740,0.6530,0.4830,0.4140,0.2370,0.0000,0.0000,1.1380,1.0000,1.3240,5.2890,4.2080,0.0000,0.0000,0.0000,70.1200,0.0000,4399.0000,1755.0000,0.0000,25.0000,48.0000,24.0000,16.0000
2.1030,0.5800,0.3610,0.3290,0.1670,0.0000,0.0000,1.1620,1.0000,1.3240,5.2890,4.2080,0.0000,0.0000,0.0000,70.1201,0.0000,4399.0000,1755.0000,0.0000,25.0000,48.0000,24.0000,16.0000
2.5050,0.5970,0.3650,0.3910,0.1530,0.0000,0.0000,1.5430,1.0000,1.3240,5.2890,4.2080,0.0000,0.0000,0.0000,70.1201,0.0000,4399.0000,1755.0000,0.0000,25.0000,48.0000,24.0000,16.0000
2.2670,0.9620,0.3680,0.7750,0.1500,0.0000,0.0000,0.9370,1.0000,1.3240,5.2890,4.2080,0.0000,0.0000,0.0000,70.1201,0.0000,4399.0000,1755.0000,0.0000,25.0000,48.0000,24.0000,16.0000
2.3270,0.6250,0.3990,0.3650,0.1990,0.0000,0.0000,1.3030,1.0000,1.3240,5.2890,4.2080,0.0000,0.0000,0.0000,70.1407,0.0000,4401.0000,1755.0000,0.0000,25.0000,48.0000,24.0000,16.0000
2.1680,0.6690,0.4440,0.3370,0.1860,0.0000,0.0000,1.0550,1.0000,1.3240,5.2890,4.2080,0.0000,0.0000,0.0000,70.1407,0.0000,4401.0000,1755.0000,0.0000,25.0000,48.0000,24.0000,16.0000
2.1410,0.5750,0.4290,0.3830,0.2010,0.0000,0.0000,1.1370,1.0000,1.3240,5.2890,4.2080,0.0000,0.0000,0.0000,70.1504,0.0000,4402.0000,1755.0000,0.0000,25.0000,47.0000,24.0000,16.0000
2.0910,0.6170,0.3780,0.3790,0.1620,0.0000,0.0000,1.0960,1.0000,1.3240,5.2890,4.2080,0.0000,0.0000,0.0000,70.1504,0.0000,4402.0000,1755.0000,0.0000,25.0000,47.0000,24.0000,16.0000
2.1870,0.5720,0.3880,0.3870,0.1810,0.0000,0.0000,1.2270,1.0000,1.3240,5.2890,4.2080,0.0000,0.0000,0.0000,70.1608,0.0000,4403.0000,1755.0000,0.0000,25.0000,47.0000,24.0000,16.0000
2.0140,0.6360,0.3470,0.3630,0.1490,0.0000,0.0000,1.0310,1.0000,1.3240,5.2890,4.2080,0.0000,0.0000,0.0000,70.1606,0.0000,4403.0000,1755.0000,0.0000,25.0000,47.0000,24.0000,16.0000
2.1910,0.5980,0.3910,0.3480,0.1820,0.0000,0.0000,1.2020,1.0000,1.3240,5.2890,4.2080,0.0000,0.0000,0.0000,70.1707,0.0000,4404.0000,1755.0000,0.0000,25.0000,47.0000,24.0000,16.0000
2.4100,0.5770,0.4090,0.3330,0.2220,0.0000,0.0000,1.4240,1.0000,1.3240,5.2890,4.2080,0.0000,0.0000,0.0000,69.9334,0.0000,4381.0000,1755.0000,0.0000,25.0000,47.0000,24.0000,17.0000
2.3570,0.8240,0.4040,0.5120,0.1700,0.0000,0.0000,1.1290,1.0000,1.3240,5.2890,4.2080,0.0000,0.0000,0.0000,69.9334,0.0000,4381.0000,1755.0000,0.0000,25.0000,47.0000,24.0000,17.0000
2.0300,0.6530,0.3240,0.3970,0.1400,0.0000,0.0000,1.0530,1.0000,1.3240,5.2890,4.2080,0.0000,0.0000,0.0000,69.9335,0.0000,4381.0000,1755.0000,0.0000,25.0000,47.0000,24.0000,17.0000
2.7030,0.5870,0.3700,0.3470,0.1890,0.0000,0.0000,1.7460,1.0000,1.3240,5.2890,4.2080,0.0000,0.0000,0.0000,69.9737,0.0000,4385.0000,1755.0000,0.0000,25.0000,46.0000,24.0000,17.0000
2.2040,1.0440,0.4520,0.4370,0.2010,0.0000,0.0000,0.7080,1.0000,1.3240,5.2890,4.2080,0.0000,0.0000,0.0000,69.9843,0.0000,4386.0000,1755.0000,0.0000,25.0000,46.0000,24.0000,17.0000
2.0170,0.6130,0.3520,0.3890,0.1450,0.0000,0.0000,1.0520,1.0000,1.3240,5.2890,4.2080,0.0000,0.0000,0.0000,69.9845,0.0000,4386.0000,1755.0000,0.0000,25.0000,46.0000,24.0000,17.0000
2.2850,0.5720,0.3440,0.3970,0.1460,0.0000,0.0000,1.3690,1.0000,1.3240,5.2890,4.2080,0.0000,0.0000,0.0000,69.9839,0.0000,4386.0000,1755.0000,0.0000,25.0000,45.0000,24.0000,17.0000
3.4550,0.5920,0.7060,0.3430,0.4090,0.0000,0.0000,2.1570,1.0000,1.3240,5.2890,4.2080,0.0000,0.0000,0.0000,70.0045,0.0000,4388.0000,1755.0000,0.0000,25.0000,45.0000,24.0000,17.0000
3.3360,1.0040,0.5600,0.5380,0.1900,0.0000,0.0000,1.7720,1.0000,1.3240,5.2890,4.2080,0.0000,0.0000,0.0000,70.0049,0.0000,4388.0000,1755.0000,0.0000,25.0000,45.0000,24.0000,18.0000
2.3360,1.0550,0.5210,0.7220,0.2540,0.0000,0.0000,0.7600,1.0000,1.3240,5.2890,4.2080,0.0000,0.0000,0.0000,70.0043,0.0000,4388.0000,1755.0000,0.0000,25.0000,44.0000,24.0000,18.0000
2.0910,0.5630,0.3790,0.3630,0.1820,0.0000,0.0000,1.1490,1.0000,1.3240,5.2890,4.2080,0.0000,0.0000,0.0000,70.0146,0.0000,4389.0000,1755.0000,0.0000,25.0000,44.0000,24.0000,18.0000
3.1580,0.5560,0.4570,0.3320,0.2290,0.0000,0.0000,2.1450,1.0000,1.3240,5.2890,4.2080,0.0000,0.0000,0.0000,70.0352,0.0000,4391.0000,1755.0000,0.0000,25.0000,44.0000,24.0000,18.0000
2.9170,0.6770,0.5670,0.3400,0.3150,0.0000,0.0000,1.6730,1.0000,1.3240,5.2890,4.2080,0.0000,0.0000,0.0000,70.0563,0.0000,4393.0000,1755.0000,0.0000,25.0000,45.0000,24.0000,19.0000
2.1690,0.8740,0.4140,0.3620,0.1970,0.0000,0.0000,0.8810,1.0000,1.3240,5.2890,4.2080,0.0000,0.0000,0.0000,70.0558,0.0000,4393.0000,1755.0000,0.0000,25.0000,44.0000,24.0000,18.0000
2.2510,0.5870,0.4730,0.3990,0.2320,0.0000,0.0000,1.1910,1.0000,1.3240,5.2890,4.2080,0.0000,0.0000,0.0000,70.0755,0.0000,4395.0000,1755.0000,0.0000,25.0000,43.0000,24.0000,18.0000
2.0240,0.6610,0.3560,0.3480,0.1490,0.0000,0.0000,1.0070,1.0000,1.3240,5.2890,4.2080,0.0000,0.0000,0.0000,70.0762,0.0000,4395.0000,1755.0000,0.0000,25.0000,44.0000,24.0000,18.0000
2.0930,0.5850,0.3830,0.3520,0.1810,0.0000,0.0000,1.1250,1.0000,1.3240,5.2890,4.2080,0.0000,0.0000,0.0000,70.0866,0.0000,4396.0000,1755.0000,0.0000,25.0000,44.0000,24.0000,18.0000
2.0500,0.6260,0.3580,0.3430,0.1500,0.0000,0.0000,1.0660,1.0000,1.3240,5.2890,4.2080,0.0000,0.0000,0.0000,70.0866,0.0000,4396.0000,1755.0000,0.0000,25.0000,44.0000,24.0000,18.0000
1.9440,0.5830,0.3370,0.3480,0.1450,0.0000,0.0000,1.0240,1.0000,1.3240,5.2890,4.2080,0.0000,0.0000,0.0000,70.0867,0.0000,4396.0000,1755.0000,0.0000,25.0000,44.0000,24.0000,18.0000
1.9780,0.5930,0.3350,0.3490,0.1450,0.0000,0.0000,1.0500,1.0000,1.3240,5.2890,4.2080,0.0000,0.0000,0.0000,70.0867,0.0000,4396.0000,1755.0000,0.0000,25.0000,44.0000,24.0000,18.0000
2.1100,0.5840,0.3710,0.3490,0.1780,0.0000,0.0000,1.1550,1.0000,1.3240,5.2890,4.2080,0.0000,0.0000,0.0000,70.0969,0.0000,4397.0000,1755.0000,0.0000,25.0000,44.0000,24.0000,18.0000
3.7960,0.6540,0.3420,0.3510,0.1480,0.0000,0.0000,2.8000,1.0000,1.3240,5.2890,4.2080,0.0000,0.0000,0.0000,70.0969,0.0000,4397.0000,1755.0000,0.0000,25.0000,44.0000,24.0000,18.0000
2.2770,2.3310,0.4190,0.4920,0.1690,0.0000,0.0000,0.0000,1.0000,1.3240,5.2890,4.2080,0.0000,0.0000,0.0000,70.1191,0.0000,4399.0000,1755.0000,0.0000,25.0000,44.0000,24.0000,19.0000
2.4550,0.6870,0.4630,0.3520,0.2720,0.0000,0.0000,1.3050,1.0000,1.3240,5.2890,4.2080,0.0000,0.0000,0.0000,70.1602,0.0000,4403.0000,1755.0000,0.0000,25.0000,45.0000,24.0000,19.0000
1.9850,0.7250,0.3810,0.3830,0.1580,0.0000,0.0000,0.8790,1.0000,1.3240,5.2890,4.2080,0.0000,0.0000,0.0000,70.1596,0.0000,4403.0000,1755.0000,0.0000,25.0000,44.0000,24.0000,19.0000
2.1600,0.5870,0.4360,0.3470,0.2120,0.0000,0.0000,1.1370,1.0000,1.3240,5.2890,4.2080,0.0000,0.0000,0.0000,70.1795,0.0000,4405.0000,1755.0000,0.0000,25.0000,44.0000,24.0000,19.0000
2.4340,0.6620,0.4270,0.3980,0.2160,0.0000,0.0000,1.3450,1.0000,1.3240,5.2890,4.2080,0.0000,0.0000,0.0000,70.2315,0.0000,4410.0000,1755.0000,0.0000,25.0000,45.0000,24.0000,19.0000
2.0440,0.7540,0.3780,0.3250,0.1830,0.0000,0.0000,0.9120,1.0000,1.3240,5.2890,4.2080,0.0000,0.0000,0.0000,70.2412,0.0000,4411.0000,1755.0000,0.0000,25.0000,44.0000,24.0000,19.0000
2.2780,0.5460,0.3820,0.3110,0.1530,0.0000,0.0000,1.3500,1.0000,1.3240,5.2890,4.2080,0.0000,0.0000,0.0000,70.2415,0.0000,4411.0000,1755.0000,0.0000,25.0000,44.0000,24.0000,19.0000
2.3690,0.5480,0.4730,0.3420,0.2190,0.0000,0.0000,1.3480,1.0000,1.3240,5.2890,4.2080,0.0000,0.0000,0.0000,70.2525,0.0000,4412.0000,1755.0000,0.0000,25.0000,45.0000,24.0000,19.0000
2.1340,0.6910,0.3980,0.4140,0.1820,0.0000,0.0000,1.0450,1.0000,1.3240,5.2890,4.2080,0.0000,0.0000,0.0000,70.2726,0.0000,4414.0000,1755.0000,0.0000,25.0000,45.0000,24.0000,19.0000
2.0290,0.6570,0.3240,0.3300,0.1360,0.0000,0.0000,1.0480,1.0000,1.3240,5.2890,4.2080,0.0000,0.0000,0.0000,70.2726,0.0000,4414.0000,1755.0000,0.0000,25.0000,45.0000,24.0000,19.0000
2.8570,0.6040,0.4100,0.3520,0.1820,0.0000,0.0000,1.8430,1.0000,1.3240,5.2890,4.2080,0.0000,0.0000,0.0000,70.2721,0.0000,4414.0000,1755.0000,0.0000,25.0000,44.0000,24.0000,19.0000
2.5780,0.9160,0.6740,0.5980,0.3940,0.0000,0.0000,0.9880,1.0000,1.3240,5.2890,4.2080,0.0000,0.0000,0.0000,70.2823,0.0000,4415.0000,1755.0000,0.0000,25.0000,44.0000,24.0000,19.0000
3.0990,0.5800,0.6700,0.3360,0.3250,0.0000,0.0000,1.8490,1.0000,1.3240,5.2890,4.2080,0.0000,0.0000,0.0000,70.2933,0.0000,4416.0000,1755.0000,0.0000,25.0000,45.0000,24.0000,19.0000
3.1500,0.8350,0.6790,0.4990,0.3110,0.0000,0.0000,1.6360,1.0000,1.3240,5.2890,4.2080,0.0000,0.0000,0.0000,70.3036,0.0000,4417.0000,1755.0000,0.0000,25.0000,45.0000,24.0000,19.0000
2.7290,0.9960,0.4360,0.6070,0.1800,0.0000,0.0000,1.2970,1.0000,1.3240,5.2890,4.2080,0.0000,0.0000,0.0000,70.3037,0.0000,4417.0000,1755.0000,0.0000,25.0000,45.0000,24.0000,19.0000
3.2280,0.8480,0.6040,0.5410,0.2680,0.0000,0.0000,1.7760,1.0000,1.3240,5.2890,4.2080,0.0000,0.0000,0.0000,70.3037,0.0000,4417.0000,1755.0000,0.0000,25.0000,45.0000,24.0000,19.0000
3.0290,0.8740,0.5560,0.5160,0.2380,0.0000,0.0000,1.5990,1.0000,1.3240,5.2890,4.2080,0.0000,0.0000,0.0000,69.9016,0.0000,4377.0000,1755.0000,0.0000,25.0000,46.0000,24.0000,19.0000
2.8980,0.8950,0.6790,0.5960,0.4460,0.0000,0.0000,1.3240,1.0000,1.3240,5.2890,4.2080,0.0000,0.0000,0.0000,69.9254,0.0000,4380.0000,1755.0000,0.0000,25.0000,46.0000,24.0000,19.0000
4.2970,0.7230,0.6100,0.3680,0.2580,0.0000,0.0000,2.9640,1.0000,1.3240,5.2890,4.2080,0.0000,0.0000,0.0000,69.9255,0.0000,4380.0000,1755.0000,0.0000,25.0000,46.0000,24.0000,19.0000
2.0020,0.9630,0.3600,0.6190,0.1630,0.0000,0.0000,0.6790,1.0000,1.3240,5.2890,4.2080,0.0000,0.0000,0.0000,69.9359,0.0000,4381.0000,1755.0000,0.0000,25.0000,46.0000,24.0000,19.0000
1.8690,0.5760,0.3430,0.3220,0.1310,0.0000,0.0000,0.9500,1.0000,1.3240,5.2890,4.2080,0.0000,0.0000,0.0000,69.9471,0.0000,4382.0000,1755.0000,0.0000,25.0000,45.0000,24.0000,19.0000
2.0230,0.5600,0.3550,0.3020,0.1880,0.0000,0.0000,1.1080,1.0000,1.3240,5.2890,4.2080,0.0000,0.0000,0.0000,69.9871,0.0000,4386.0000,1755.0000,0.0000,25.0000,44.0000,24.0000,19.0000
1.9360,0.6930,0.3050,0.2960,0.1400,0.0000,0.0000,0.9380,1.0000,1.3240,5.2890,4.2080,0.0000,0.0000,0.0000,69.9879,0.0000,4386.0000,1755.0000,0.0000,25.0000,45.0000,24.0000,19.0000
1.9060,0.5310,0.3460,0.3410,0.1710,0.0000,0.0000,1.0290,1.0000,1.3240,5.2890,4.2080,0.0000,0.0000,0.0000,69.9984,0.0000,4387.0000,1755.0000,0.0000,25.0000,45.0000,24.0000,19.0000
1.8170,0.5350,0.3440,0.3340,0.1560,0.0000,0.0000,0.9380,1.0000,1.3240,5.2890,4.2080,0.0000,0.0000,0.0000,70.0087,0.0000,4388.0000,1755.0000,0.0000,25.0000,45.0000,24.0000,19.0000
1.8560,0.5260,0.3630,0.3270,0.1970,0.0000,0.0000,0.9670,1.0000,1.3240,5.2890,4.2080,0.0000,0.0000,0.0000,70.0283,0.0000,4390.0000,1755.0000,0.0000,25.0000,44.0000,24.0000,19.0000
1.9090,0.5150,0.2890,0.2780,0.1260,0.0000,0.0000,1.1050,1.0000,1.3240,5.2890,4.2080,0.0000,0.0000,0.0000,70.0270,0.0000,4390.0000,1755.0000,0.0000,25.0000,42.0000,24.0000,19.0000
2.1610,0.4610,0.4060,0.2970,0.2340,0.0000,0.0000,1.2940,1.0000,1.3240,5.2890,4.2080,0.0000,0.0000,0.0000,70.0580,0.0000,4393.0000,1755.0000,0.0000,25.0000,42.0000,24.0000,20.0000
1.9550,0.6190,0.3870,0.3270,0.2080,0.0000,0.0000,0.9490,1.0000,1.3240,5.2890,4.2080,0.0000,0.0000,0.0000,70.0790,0.0000,4395.0000,1755.0000,0.0000,25.0000,43.0000,24.0000,19.0000
1.8610,0.5320,0.3640,0.2800,0.1650,0.0000,0.0000,0.9650,1.0000,1.3240,5.2890,4.2080,0.0000,0.0000,0.0000,70.0792,0.0000,4395.0000,1755.0000,0.0000,25.0000,43.0000,24.0000,19.0000
1.8290,0.4600,0.2890,0.2830,0.1260,0.0000,0.0000,1.0800,1.0000,1.3240,5.2890,4.2080,0.0000,0.0000,0.0000,70.0793,0.0000,4395.0000,1755.0000,0.0000,25.0000,43.0000,24.0000,19.0000
2.1800,0.4610,0.3540,0.2940,0.1810,0.0000,0.0000,1.3650,1.0000,1.3240,5.2890,4.2080,0.0000,0.0000,0.0000,70.1295,0.0000,4400.0000,1755.0000,0.0000,25.0000,42.0000,24.0000,19.0000
1.7980,0.6520,0.2930,0.2810,0.1280,0.0000,0.0000,0.8530,1.0000,1.3240,5.2890,4.2080,0.0000,0.0000,0.0000,70.1296,0.0000,4400.0000,1755.0000,0.0000,25.0000,42.0000,24.0000,19.0000
2.1500,0.4710,0.3350,0.2940,0.1370,0.0000,0.0000,1.3440,1.0000,1.3240,5.2890,4.2080,0.0000,0.0000,0.0000,70.1292,0.0000,4400.0000,1755.0000,0.0000,25.0000,41.0000,24.0000,19.0000
1.9810,0.5960,0.3320,0.3890,0.1670,0.0000,0.0000,1.0530,1.0000,1.3240,5.2890,4.2080,0.0000,0.0000,0.0000,70.1501,0.0000,4402.0000,1755.0000,0.0000,25.0000,42.0000,24.0000,19.0000
1.9120,0.5450,0.3620,0.2820,0.2010,0.0000,0.0000,1.0050,1.0000,1.3240,5.2890,4.2080,0.0000,0.0000,0.0000,70.1704,0.0000,4404.0000,1755.0000,0.0000,25.0000,42.0000,24.0000,19.0000
1.7780,0.5190,0.3190,0.2770,0.1500,0.0000,0.0000,0.9400,1.0000,1.3240,5.2890,4.2080,0.0000,0.0000,0.0000,70.1808,0.0000,4405.0000,1755.0000,0.0000,25.0000,42.0000,24.0000,19.0000
1.7750,0.5210,0.2890,0.2770,0.1340,0.0000,0.0000,0.9650,1.0000,1.3240,5.2890,4.2080,0.0000,0.0000,0.0000,70.1802,0.0000,4405.0000,1755.0000,0.0000,25.0000,41.0000,24.0000,19.0000
1.9310,0.5430,0.3480,0.3060,0.1340,0.0000,0.0000,1.0400,1.0000,1.3240,5.2890,4.2080,0.0000,0.0000,0.0000,70.1803,0.0000,4405.0000,1755.0000,0.0000,25.0000,41.0000,24.0000,19.0000
1.9210,0.5150,0.3240,0.3340,0.1600,0.0000,0.0000,1.0820,1.0000,1.3240,5.2890,4.2080,0.0000,0.0000,0.0000,70.1803,0.0000,4405.0000,1755.0000,0.0000,25.0000,41.0000,24.0000,19.0000
1.9430,0.5370,0.3780,0.3470,0.1980,0.0000,0.0000,1.0280,1.0000,1.3240,5.2890,4.2080,0.0000,0.0000,0.0000,70.1912,0.0000,4406.0000,1755.0000,0.0000,25.0000,42.0000,24.0000,19.0000
1.8840,0.5040,0.2910,0.2850,0.1270,0.0000,0.0000,1.0890,1.0000,1.3240,5.2890,4.2080,0.0000,0.0000,0.0000,70.1912,0.0000,4406.0000,1755.0000,0.0000,25.0000,42.0000,24.0000,19.0000
2.0000,0.5490,0.2900,0.3620,0.1260,0.0000,0.0000,1.1610,1.0000,1.3240,5.2890,4.2080,0.0000,0.0000,0.0000,70.1952,0.0000,4407.0000,1755.0000,0.0000,25.0000,42.0000,24.0000,19.0000
2.1630,0.5590,0.3290,0.3650,0.1580,0.0000,0.0000,1.2750,1.0000,1.3240,5.2890,4.2080,0.0000,0.0000,0.0000,70.2031,0.0000,4408.0000,1755.0000,0.0000,25.0000,41.0000,24.0000,20.0000
2.5180,0.7110,0.6900,0.4770,0.5000,0.0000,0.0000,1.1170,1.0000,1.3240,5.2890,4.2080,0.0000,0.0000,0.0000,70.2688,0.0000,4420.0000,1755.0000,0.0000,25.0000,41.0000,24.0000,19.0000
1.8420,0.7620,0.3120,0.3100,0.1320,0.0000,0.0000,0.7680,1.0000,1.3240,5.2890,4.2080,0.0000,0.0000,0.0000,70.2689,0.0000,4420.0000,1755.0000,0.0000,25.0000,41.0000,24.0000,19.0000
2.6690,0.5360,0.3390,0.3130,0.1760,0.0000,0.0000,1.7940,1.0000,1.3240,5.2890,4.2080,0.0000,0.0000,0.0000,70.2801,0.0000,4421.0000,1755.0000,0.0000,25.0000,42.0000,24.0000,19.0000
2.3500,1.0940,0.4460,0.3360,0.2010,0.0000,0.0000,0.8100,1.0000,1.3240,5.2890,4.2080,0.0000,0.0000,0.0000,70.2904,0.0000,4422.0000,1755.0000,0.0000,25.0000,42.0000,24.0000,19.0000
2.5330,0.6790,0.3770,0.4020,0.1540,0.0000,0.0000,1.4770,1.0000,1.3240,5.2890,4.2080,0.0000,0.0000,0.0000,70.2904,0.0000,4422.0000,1755.0000,0.0000,25.0000,42.0000,24.0000,19.0000
2.0870,0.6050,0.3860,0.3480,0.1900,0.0000,0.0000,1.0960,1.0000,1.3240,5.2890,4.2080,0.0000,0.0000,0.0000,70.2898,0.0000,4422.0000,1755.0000,0.0000,25.0000,41.0000,24.0000,19.0000
2.3890,0.5190,0.4530,0.3090,0.2620,0.0000,0.0000,1.4170,1.0000,1.3240,5.2890,4.2080,0.0000,0.0000,0.0000,70.3203,0.0000,4425.0000,1755.0000,0.0000,25.0000,41.0000,24.0000,19.0000
2.0640,0.7420,0.3710,0.3610,0.1510,0.0000,0.0000,0.9510,1.0000,1.3240,5.2890,4.2080,0.0000,0.0000,0.0000,70.3203,0.0000,4425.0000,1755.0000,0.0000,25.0000,41.0000,24.0000,19.0000
2.5680,0.5810,0.3830,0.3310,0.1790,0.0000,0.0000,1.6040,1.0000,1.3240,5.2890,4.2080,0.0000,0.0000,0.0000,70.3317,0.0000,4427.0000,1755.0000,0.0000,25.0000,42.0000,24.0000,19.0000
2.4850,0.7210,0.4480,0.3270,0.2410,0.0000,0.0000,1.3160,1.0000,1.3240,5.2890,4.2080,0.0000,0.0000,0.0000,70.3637,0.0000,4430.0000,1755.0000,0.0000,25.0000,42.0000,24.0000,19.0000
2.3440,0.7230,0.3970,0.3720,0.1970,0.0000,0.0000,1.2240,1.0000,1.3240,5.2890,4.2080,0.0000,0.0000,0.0000,70.3939,0.0000,4433.0000,1755.0000,0.0000,25.0000,41.0000,24.0000,18.0000
2.3330,0.6750,0.3820,0.3300,0.1820,0.0000,0.0000,1.2760,1.0000,1.3240,5.2890,4.2080,0.0000,0.0000,0.0000,70.4050,0.0000,4434.0000,1755.0000,0.0000,25.0000,42.0000,24.0000,18.0000
2.2230,0.6600,0.3900,0.4010,0.1660,0.0000,0.0000,1.1730,1.0000,1.3240,5.2890,4.2080,0.0000,0.0000,0.0000,70.4045,0.0000,4434.0000,1755.0000,0.0000,25.0000,41.0000,24.0000,18.0000
2.4370,0.6010,0.3990,0.3920,0.1950,0.0000,0.0000,1.4370,1.0000,1.3240,5.2890,4.2080,0.0000,0.0000,0.0000,70.4148,0.0000,4435.0000,1755.0000,0.0000,25.0000,41.0000,24.0000,18.0000
6.3250,0.6350,0.4560,0.3500,0.2370,0.0000,0.0000,5.2340,1.0000,1.3240,5.2890,4.2080,0.0000,0.0000,0.0000,70.4358,0.0000,4437.0000,1755.0000,0.0000,25.0000,42.0000,24.0000,18.0000
2.4930,0.6740,0.4680,0.3710,0.2070,0.0000,0.0000,1.3510,1.0000,1.3240,5.2890,4.2080,0.0000,0.0000,0.0000,70.0018,0.0000,4395.0000,1755.0000,0.0000,25.0000,42.0000,24.0000,15.0000
6.0270,0.6710,0.3600,0.3410,0.1590,0.0000,0.0000,4.9960,1.0000,1.3240,5.2890,4.2080,0.0000,0.0000,0.0000,70.0020,0.0000,4395.0000,1755.0000,0.0000,25.0000,42.0000,24.0000,18.0000
2.1210,2.3250,0.3710,2.0940,0.1980,0.0000,0.0000,0.0000,1.0000,1.3240,5.2890,4.2080,0.0000,0.0000,0.0000,70.0123,0.0000,4396.0000,1755.0000,0.0000,25.0000,42.0000,24.0000,18.0000
1.9620,0.5000,0.3520,0.2860,0.1800,0.0000,0.0000,1.1100,1.0000,1.3240,5.2890,4.2080,0.0000,0.0000,0.0000,70.0227,0.0000,4397.0000,1755.0000,0.0000,25.0000,42.0000,24.0000,18.0000
1.8630,0.5620,0.3250,0.3350,0.1630,0.0000,0.0000,0.9760,1.0000,1.3240,5.2890,4.2080,0.0000,0.0000,0.0000,70.0317,0.0000,4398.0000,1755.0000,0.0000,25.0000,40.0000,24.0000,17.0000
2.2830,0.5060,0.5710,0.3030,0.2710,0.0000,0.0000,1.2060,1.0000,1.3240,5.2890,4.2080,0.0000,0.0000,0.0000,70.0331,0.0000,4398.0000,1755.0000,0.0000,25.0000,42.0000,24.0000,18.0000
2.0040,0.5950,0.3260,0.4020,0.1510,0.0000,0.0000,1.0830,1.0000,1.3240,5.2890,4.2080,0.0000,0.0000,0.0000,70.0290,0.0000,4392.0000,1755.0000,0.0000,25.0000,41.0000,24.0000,18.0000
1.8450,0.4960,0.3130,0.3110,0.1430,0.0000,0.0000,1.0360,1.0000,1.3240,5.2890,4.2080,0.0000,0.0000,0.0000,70.0290,0.0000,4392.0000,1755.0000,0.0000,25.0000,41.0000,24.0000,18.0000
2.0050,0.5190,0.3000,0.3340,0.1380,0.0000,0.0000,1.1860,1.0000,1.3240,5.2890,4.2080,0.0000,0.0000,0.0000,70.0297,0.0000,4392.0000,1755.0000,0.0000,25.0000,42.0000,24.0000,18.0000
8.3820,0.5040,0.3020,0.2910,0.1360,0.0000,0.0000,7.5760,1.0000,1.3240,5.2890,4.2080,0.0000,0.0000,0.0000,70.0297,0.0000,4392.0000,1755.0000,0.0000,25.0000,42.0000,24.0000,18.0000
2.0300,0.5820,0.4310,0.3990,0.1770,0.0000,0.0000,1.0170,1.0000,1.3240,5.2890,4.2080,0.0000,0.0000,0.0000,70.0400,0.0000,4393.0000,1755.0000,0.0000,25.0000,42.0000,24.0000,18.0000
2.3540,0.6170,0.3800,0.3510,0.1810,0.0000,0.0000,1.3570,1.0000,1.3240,5.2890,4.2080,0.0000,0.0000,0.0000,70.0605,0.0000,4395.0000,1755.0000,0.0000,25.0000,42.0000,24.0000,18.0000
1.8710,0.6100,0.3520,0.3460,0.1590,0.0000,0.0000,0.9090,1.0000,1.3240,5.2890,4.2080,0.0000,0.0000,0.0000,70.0606,0.0000,4395.0000,1755.0000,0.0000,25.0000,42.0000,24.0000,17.0000
3.2680,0.5460,1.1470,0.2990,0.9780,0.0000,0.0000,1.5750,1.0000,1.3240,5.2890,4.2080,0.0000,0.0000,0.0000,70.0697,0.0000,4395.0000,1755.0000,0.0000,25.0000,42.0000,24.0000,16.0000
3.5950,1.0390,0.4630,0.8220,0.2190,0.0000,0.0000,2.0930,1.0000,1.3240,5.2890,4.2080,0.0000,0.0000,0.0000,70.1111,0.0000,4399.0000,1755.0000,0.0000,25.0000,43.0000,24.0000,16.0000
4.4470,0.7100,0.3310,0.2890,0.1490,0.0000,0.0000,3.4060,1.0000,1.3240,5.2890,4.2080,0.0000,0.0000,0.0000,70.1112,0.0000,4399.0000,1755.0000,0.0000,25.0000,43.0000,24.0000,16.0000
2.4640,0.6610,0.3750,0.4620,0.1890,0.0000,0.0000,1.4280,1.0000,1.3240,5.2890,4.2080,0.0000,0.0000,0.0000,70.1217,0.0000,4400.0000,1755.0000,0.0000,25.0000,43.0000,24.0000,16.0000
2.8550,0.6160,0.6150,0.3790,0.2320,0.0000,0.0000,1.6240,1.0000,1.3240,5.2890,4.2080,0.0000,0.0000,0.0000,70.1319,0.0000,4401.0000,1755.0000,0.0000,25.0000,43.0000,24.0000,16.0000
5.2590,0.7440,2.5930,0.3770,0.2650,0.0000,0.0000,1.9220,1.0000,1.3240,5.2890,4.2080,0.0000,0.0000,0.0000,70.1416,0.0000,4402.0000,1755.0000,0.0000,25.0000,42.0000,24.0000,16.0000
2.3010,0.6980,0.4130,0.3530,0.1660,0.0000,0.0000,1.1900,1.0000,1.3240,5.2890,4.2080,0.0000,0.0000,0.0000,70.1416,0.0000,4402.0000,1755.0000,0.0000,25.0000,42.0000,24.0000,16.0000
2.2400,0.6190,0.4170,0.3520,0.1770,0.0000,0.0000,1.2040,1.0000,1.3240,5.2890,4.2080,0.0000,0.0000,0.0000,70.1637,0.0000,4404.0000,1755.0000,0.0000,25.0000,42.0000,24.0000,16.0000
2.2920,0.6480,0.4910,0.3290,0.2330,0.0000,0.0000,1.1530,1.0000,1.3240,5.2890,4.2080,0.0000,0.0000,0.0000,70.1739,0.0000,4405.0000,1755.0000,0.0000,25.0000,42.0000,24.0000,16.0000
2.2550,0.6590,0.4400,0.3970,0.2060,0.0000,0.0000,1.1560,1.0000,1.3240,5.2890,4.2080,0.0000,0.0000,0.0000,70.1836,0.0000,4406.0000,1755.0000,0.0000,25.0000,41.0000,24.0000,16.0000
17.8210,0.6650,0.4250,0.3960,0.2040,0.0000,0.0000,16.7310,1.0000,1.3240,5.2890,4.2080,0.0000,0.0000,0.0000,70.2040,0.0000,4408.0000,1755.0000,0.0000,25.0000,41.0000,24.0000,17.0000
2.6950,0.7440,0.4710,0.3840,0.2400,0.0000,0.0000,1.4800,1.0000,1.3240,5.2890,4.2080,0.0000,0.0000,0.0000,70.2255,0.0000,4410.0000,1755.0000,0.0000,25.0000,42.0000,24.0000,18.0000
2.0900,0.8900,0.4330,0.5260,0.2180,0.0000,0.0000,0.7670,1.0000,1.3240,5.2890,4.2080,0.0000,0.0000,0.0000,70.2257,0.0000,4410.0000,1755.0000,0.0000,25.0000,42.0000,24.0000,18.0000
2.0610,0.5390,0.4080,0.3290,0.2120,0.0000,0.0000,1.1140,1.0000,1.3240,5.2890,4.2080,0.0000,0.0000,0.0000,70.2252,0.0000,4410.0000,1755.0000,0.0000,25.0000,41.0000,24.0000,18.0000
2.1980,0.6590,0.4640,0.4480,0.2140,0.0000,0.0000,1.0750,1.0000,1.3240,5.2890,4.2080,0.0000,0.0000,0.0000,70.2455,0.0000,4412.0000,1755.0000,0.0000,25.0000,41.0000,24.0000,18.0000
2.1240,0.7210,0.3600,0.4180,0.1610,0.0000,0.0000,1.0430,1.0000,1.3240,5.2890,4.2080,0.0000,0.0000,0.0000,70.2446,0.0000,4412.0000,1755.0000,0.0000,25.0000,40.0000,24.0000,18.0000
2.2800,0.6390,0.3770,0.3530,0.1770,0.0000,0.0000,1.2640,1.0000,1.3240,5.2890,4.2080,0.0000,0.0000,0.0000,70.0088,0.0000,4389.0000,1755.0000,0.0000,25.0000,40.0000,24.0000,18.0000
2.0580,0.7880,0.4010,0.3400,0.2150,0.0000,0.0000,0.8690,1.0000,1.3240,5.2890,4.2080,0.0000,0.0000,0.0000,70.0095,0.0000,4389.0000,1755.0000,0.0000,25.0000,41.0000,24.0000,18.0000
1.9320,0.5540,0.3330,0.3250,0.1440,0.0000,0.0000,1.0450,1.0000,1.3240,5.2890,4.2080,0.0000,0.0000,0.0000,70.0096,0.0000,4389.0000,1755.0000,0.0000,25.0000,41.0000,24.0000,18.0000
2.0790,0.5550,0.4250,0.3320,0.2390,0.0000,0.0000,1.0990,1.0000,1.3240,5.2890,4.2080,0.0000,0.0000,0.0000,70.0198,0.0000,4390.0000,1755.0000,0.0000,25.0000,41.0000,24.0000,18.0000
1.8850,0.5720,0.3330,0.3170,0.1460,0.0000,0.0000,0.9800,1.0000,1.3240,5.2890,4.2080,0.0000,0.0000,0.0000,70.0198,0.0000,4390.0000,1755.0000,0.0000,25.0000,41.0000,24.0000,18.0000
1.9590,0.5340,0.3290,0.3170,0.1460,0.0000,0.0000,1.0960,1.0000,1.3240,5.2890,4.2080,0.0000,0.0000,0.0000,70.0185,0.0000,4390.0000,1755.0000,0.0000,25.0000,39.0000,24.0000,18.0000
1.9970,0.5670,0.3620,0.3700,0.1790,0.0000,0.0000,1.0680,1.0000,1.3240,5.2890,4.2080,0.0000,0.0000,0.0000,70.0281,0.0000,4391.0000,1755.0000,0.0000,25.0000,38.0000,24.0000,18.0000
2.0000,0.5730,0.3670,0.3220,0.1800,0.0000,0.0000,1.0600,1.0000,1.3240,5.2890,4.2080,0.0000,0.0000,0.0000,70.0383,0.0000,4392.0000,1755.0000,0.0000,25.0000,38.0000,24.0000,18.0000
2.1170,0.5690,0.3920,0.3160,0.2050,0.0000,0.0000,1.1560,1.0000,1.3240,5.2890,4.2080,0.0000,0.0000,0.0000,70.0792,0.0000,4396.0000,1755.0000,0.0000,25.0000,38.0000,24.0000,18.0000
2.0300,0.6880,0.3860,0.3140,0.2000,0.0000,0.0000,0.9560,1.0000,1.3240,5.2890,4.2080,0.0000,0.0000,0.0000,70.0793,0.0000,4396.0000,1755.0000,0.0000,25.0000,38.0000,24.0000,18.0000
2.1020,0.5330,0.3730,0.3220,0.1870,0.0000,0.0000,1.1960,1.0000,1.3240,5.2890,4.2080,0.0000,0.0000,0.0000,70.1001,0.0000,4398.0000,1755.0000,0.0000,25.0000,38.0000,24.0000,18.0000
1.9800,0.6150,0.3620,0.3200,0.1420,0.0000,0.0000,1.0030,1.0000,1.3240,5.2890,4.2080,0.0000,0.0000,0.0000,70.1001,0.0000,4398.0000,1755.0000,0.0000,25.0000,38.0000,24.0000,18.0000
1.9690,0.5190,0.3550,0.3120,0.1720,0.0000,0.0000,1.0950,1.0000,1.3240,5.2890,4.2080,0.0000,0.0000,0.0000,70.1105,0.0000,4399.0000,1755.0000,0.0000,25.0000,38.0000,24.0000,17.0000
1.9140,0.5520,0.3690,0.3080,0.1880,0.0000,0.0000,0.9930,1.0000,1.3240,5.2890,4.2080,0.0000,0.0000,0.0000,70.1105,0.0000,4399.0000,1755.0000,0.0000,25.0000,38.0000,24.0000,16.0000
1.7890,0.5500,0.3220,0.3450,0.1430,0.0000,0.0000,0.9170,1.0000,1.3240,5.2890,4.2080,0.0000,0.0000,0.0000,70.1105,0.0000,4399.0000,1755.0000,0.0000,25.0000,38.0000,24.0000,16.0000
1.9160,0.5260,0.3470,0.3340,0.1570,0.0000,0.0000,1.0430,1.0000,1.3240,5.2890,4.2080,0.0000,0.0000,0.0000,70.1105,0.0000,4399.0000,1755.0000,0.0000,25.0000,38.0000,24.0000,16.0000
2.1970,0.5530,0.4720,0.3260,0.2520,0.0000,0.0000,1.1720,1.0000,1.3240,5.2890,4.2080,0.0000,0.0000,0.0000,70.1201,0.0000,4400.0000,1755.0000,0.0000,25.0000,37.0000,24.0000,16.0000
2.1720,0.6080,0.4360,0.3510,0.2360,0.0000,0.0000,1.1280,1.0000,1.3240,5.2890,4.2080,0.0000,0.0000,0.0000,70.1303,0.0000,4401.0000,1755.0000,0.0000,25.0000,37.0000,24.0000,17.0000
2.4200,0.6420,0.5290,0.3570,0.2760,0.0000,0.0000,1.2490,1.0000,1.3240,5.2890,4.2080,0.0000,0.0000,0.0000,70.1609,0.0000,4404.0000,1755.0000,0.0000,25.0000,37.0000,24.0000,17.0000
2.0500,0.7350,0.4350,0.3710,0.2080,0.0000,0.0000,0.8800,1.0000,1.3240,5.2890,4.2080,0.0000,0.0000,0.0000,70.1813,0.0000,4406.0000,1755.0000,0.0000,25.0000,37.0000,24.0000,17.0000
1.9240,0.6500,0.3720,0.3760,0.1600,0.0000,0.0000,0.9020,1.0000,1.3240,5.2890,4.2080,0.0000,0.0000,0.0000,70.1815,0.0000,4406.0000,1755.0000,0.0000,25.0000,37.0000,24.0000,17.0000
2.1590,0.5710,0.4350,0.3660,0.2220,0.0000,0.0000,1.1530,1.0000,1.3240,5.2890,4.2080,0.0000,0.0000,0.0000,70.2323,0.0000,4411.0000,1755.0000,0.0000,25.0000,37.0000,24.0000,17.0000
2.2610,0.7570,0.4570,0.3230,0.2700,0.0000,0.0000,1.0470,1.0000,1.3240,5.2890,4.2080,0.0000,0.0000,0.0000,70.2433,0.0000,4412.0000,1755.0000,0.0000,25.0000,38.0000,24.0000,17.0000
2.1050,0.6390,0.4020,0.3230,0.1970,0.0000,0.0000,1.0640,1.0000,1.3240,5.2890,4.2080,0.0000,0.0000,0.0000,70.2538,0.0000,4413.0000,1755.0000,0.0000,25.0000,38.0000,24.0000,17.0000
2.3320,0.5780,0.3740,0.3130,0.1790,0.0000,0.0000,1.3800,1.0000,1.3240,5.2890,4.2080,0.0000,0.0000,0.0000,70.2635,0.0000,4414.0000,1755.0000,0.0000,25.0000,37.0000,24.0000,17.0000
2.1190,0.6540,0.4210,0.3860,0.2140,0.0000,0.0000,1.0440,1.0000,1.3240,5.2890,4.2080,0.0000,0.0000,0.0000,70.2635,0.0000,4414.0000,1755.0000,0.0000,25.0000,37.0000,24.0000,17.0000
2.2660,0.5810,0.3820,0.3740,0.1550,0.0000,0.0000,1.3030,1.0000,1.3240,5.2890,4.2080,0.0000,0.0000,0.0000,70.2636,0.0000,4414.0000,1755.0000,0.0000,25.0000,37.0000,24.0000,17.0000
2.0340,0.7020,0.3640,0.4000,0.1580,0.0000,0.0000,0.9680,1.0000,1.3240,5.2890,4.2080,0.0000,0.0000,0.0000,70.2636,0.0000,4414.0000,1755.0000,0.0000,25.0000,37.0000,24.0000,17.0000
2.3940,0.6020,0.4220,0.3500,0.2020,0.0000,0.0000,1.3700,1.0000,1.3240,5.2890,4.2080,0.0000,0.0000,0.0000,70.2838,0.0000,4416.0000,1755.0000,0.0000,25.0000,37.0000,24.0000,17.0000
2.3870,0.6780,0.3470,0.3680,0.1460,0.0000,0.0000,1.3620,1.0000,1.3240,5.2890,4.2080,0.0000,0.0000,0.0000,70.2838,0.0000,4416.0000,1755.0000,0.0000,25.0000,37.0000,24.0000,17.0000
2.3060,0.7680,0.4720,0.4610,0.2180,0.0000,0.0000,1.0660,1.0000,1.3240,5.2890,4.2080,0.0000,0.0000,0.0000,70.3042,0.0000,4418.0000,1755.0000,0.0000,25.0000,37.0000,24.0000,17.0000
2.4190,0.7190,0.4140,0.3730,0.1740,0.0000,0.0000,1.2860,1.0000,1.3240,5.2890,4.2080,0.0000,0.0000,0.0000,70.3044,0.0000,4418.0000,1755.0000,0.0000,25.0000,37.0000,24.0000,17.0000
2.1490,0.6760,0.4370,0.4300,0.2350,0.0000,0.0000,1.0360,1.0000,1.3240,5.2890,4.2080,0.0000,0.0000,0.0000,70.3148,0.0000,4419.0000,1755.0000,0.0000,25.0000,37.0000,24.0000,17.0000
2.3320,0.6390,0.4290,0.3750,0.2020,0.0000,0.0000,1.2640,1.0000,1.3240,5.2890,4.2080,0.0000,0.0000,0.0000,70.3350,0.0000,4421.0000,1755.0000,0.0000,25.0000,37.0000,24.0000,17.0000
2.0360,0.7410,0.3640,0.3510,0.1440,0.0000,0.0000,0.9310,1.0000,1.3240,5.2890,4.2080,0.0000,0.0000,0.0000,70.3351,0.0000,4421.0000,1755.0000,0.0000,25.0000,37.0000,24.0000,17.0000
2.4100,0.6240,0.4190,0.3570,0.2160,0.0000,0.0000,1.3670,1.0000,1.3240,5.2890,4.2080,0.0000,0.0000,0.0000,70.3557,0.0000,4423.0000,1755.0000,0.0000,25.0000,37.0000,24.0000,18.0000
2.1440,0.7590,0.3590,0.4430,0.1640,0.0000,0.0000,1.0260,1.0000,1.3240,5.2890,4.2080,0.0000,0.0000,0.0000,70.3557,0.0000,4423.0000,1755.0000,0.0000,25.0000,37.0000,24.0000,18.0000
2.4000,0.6540,0.3980,0.4250,0.1580,0.0000,0.0000,1.3480,1.0000,1.3240,5.2890,4.2080,0.0000,0.0000,0.0000,70.3558,0.0000,4423.0000,1755.0000,0.0000,25.0000,37.0000,24.0000,18.0000
2.2290,0.7130,0.3700,0.4090,0.1600,0.0000,0.0000,1.1460,1.0000,1.3240,5.2890,4.2080,0.0000,0.0000,0.0000,70.3558,0.0000,4423.0000,1755.0000,0.0000,25.0000,37.0000,24.0000,18.0000
2.1330,0.6110,0.3950,0.3450,0.1780,0.0000,0.0000,1.1270,1.0000,1.3240,5.2890,4.2080,0.0000,0.0000,0.0000,70.3668,0.0000,4424.0000,1755.0000,0.0000,25.0000,38.0000,24.0000,18.0000
2.2720,0.5800,0.3960,0.3110,0.2030,0.0000,0.0000,1.2960,1.0000,1.3240,5.2890,4.2080,0.0000,0.0000,0.0000,70.3873,0.0000,4426.0000,1755.0000,0.0000,25.0000,38.0000,24.0000,18.0000
2.4260,0.7470,0.4990,0.4350,0.2970,0.0000,0.0000,1.1800,1.0000,1.3240,5.2890,4.2080,0.0000,0.0000,0.0000,70.4377,0.0000,4431.0000,1755.0000,0.0000,25.0000,38.0000,24.0000,18.0000
5.1300,0.8270,0.4000,0.3520,0.1880,0.0000,0.0000,3.9030,1.0000,1.3240,5.2890,4.2080,0.0000,0.0000,0.0000,70.4684,0.0000,4434.0000,1755.0000,0.0000,25.0000,38.0000,24.0000,17.0000
1.8080,0.8190,0.3600,0.4490,0.1630,0.0000,0.0000,0.6290,1.0000,1.3240,5.2890,4.2080,0.0000,0.0000,0.0000,70.4789,0.0000,4435.0000,1755.0000,0.0000,25.0000,38.0000,24.0000,17.0000
1.9340,0.5610,0.4310,0.3110,0.2510,0.0000,0.0000,0.9420,1.0000,1.3240,5.2890,4.2080,0.0000,0.0000,0.0000,70.5089,0.0000,4438.0000,1755.0000,0.0000,25.0000,38.0000,24.0000,17.0000
1.7140,0.6670,0.3390,0.3210,0.1760,0.0000,0.0000,0.7080,1.0000,1.3240,5.2890,4.2080,0.0000,0.0000,0.0000,70.5290,0.0000,4440.0000,1755.0000,0.0000,25.0000,38.0000,24.0000,17.0000
1.9370,0.5660,0.4220,0.3230,0.2450,0.0000,0.0000,0.9490,1.0000,1.3240,5.2890,4.2080,0.0000,0.0000,0.0000,70.0169,0.0000,4390.0000,1755.0000,0.0000,25.0000,39.0000,24.0000,17.0000
1.6570,0.6440,0.3330,0.3520,0.1610,0.0000,0.0000,0.6800,1.0000,1.3240,5.2890,4.2080,0.0000,0.0000,0.0000,70.0170,0.0000,4390.0000,1755.0000,0.0000,25.0000,39.0000,24.0000,17.0000
1.6710,0.4680,0.2900,0.2860,0.1260,0.0000,0.0000,0.9130,1.0000,1.3240,5.2890,4.2080,0.0000,0.0000,0.0000,70.0171,0.0000,4390.0000,1755.0000,0.0000,25.0000,39.0000,24.0000,17.0000
1.8190,0.5030,0.3520,0.2930,0.1440,0.0000,0.0000,0.9640,1.0000,1.3240,5.2890,4.2080,0.0000,0.0000,0.0000,70.0171,0.0000,4390.0000,1755.0000,0.0000,25.0000,39.0000,24.0000,17.0000
1.5780,0.5620,0.3340,0.3200,0.1320,0.0000,0.0000,0.6820,1.0000,1.3240,5.2890,4.2080,0.0000,0.0000,0.0000,70.0164,0.0000,4390.0000,1755.0000,0.0000,25.0000,38.0000,24.0000,16.0000
1.7440,0.4550,0.2810,0.2850,0.1270,0.0000,0.0000,1.0080,1.0000,1.3240,5.2890,4.2080,0.0000,0.0000,0.0000,70.0164,0.0000,4390.0000,1755.0000,0.0000,25.0000,38.0000,24.0000,16.0000
1.7290,0.5280,0.3170,0.3050,0.1330,0.0000,0.0000,0.8840,1.0000,1.3240,5.2890,4.2080,0.0000,0.0000,0.0000,70.0164,0.0000,4390.0000,1755.0000,0.0000,25.0000,38.0000,24.0000,16.0000
1.8290,0.4950,0.3490,0.3240,0.1640,0.0000,0.0000,0.9850,1.0000,1.3240,5.2890,4.2080,0.0000,0.0000,0.0000,70.0267,0.0000,4391.0000,1755.0000,0.0000,25.0000,38.0000,24.0000,16.0000
1.8710,0.5360,0.3560,0.3320,0.1810,0.0000,0.0000,0.9790,1.0000,1.3240,5.2890,4.2080,0.0000,0.0000,0.0000,70.0267,0.0000,4391.0000,1755.0000,0.0000,25.0000,38.0000,24.0000,16.0000
1.9590,0.4650,0.3550,0.2830,0.1700,0.0000,0.0000,1.1390,1.0000,1.3240,5.2890,4.2080,0.0000,0.0000,0.0000,70.0471,0.0000,4393.0000,1755.0000,0.0000,25.0000,38.0000,24.0000,15.0000
1.9020,0.5580,0.4600,0.2860,0.2070,0.0000,0.0000,0.8840,1.0000,1.3240,5.2890,4.2080,0.0000,0.0000,0.0000,70.0478,0.0000,4393.0000,1755.0000,0.0000,25.0000,39.0000,24.0000,15.0000
1.8710,0.5060,0.3330,0.3030,0.1620,0.0000,0.0000,1.0320,1.0000,1.3240,5.2890,4.2080,0.0000,0.0000,0.0000,70.0582,0.0000,4394.0000,1755.0000,0.0000,25.0000,39.0000,24.0000,15.0000
2.2820,0.5360,0.4730,0.2860,0.2150,0.0000,0.0000,1.2730,1.0000,1.3240,5.2890,4.2080,0.0000,0.0000,0.0000,70.0685,0.0000,4395.0000,1755.0000,0.0000,25.0000,39.0000,24.0000,15.0000
1.9650,0.5300,0.3970,0.2810,0.1960,0.0000,0.0000,1.0380,1.0000,1.3240,5.2890,4.2080,0.0000,0.0000,0.0000,70.0685,0.0000,4395.0000,1755.0000,0.0000,25.0000,39.0000,24.0000,15.0000
1.9300,0.4970,0.3940,0.2980,0.1770,0.0000,0.0000,1.0390,1.0000,1.3240,5.2890,4.2080,0.0000,0.0000,0.0000,70.0795,0.0000,4396.0000,1755.0000,0.0000,25.0000,40.0000,24.0000,15.0000
1.8230,0.5360,0.3110,0.2940,0.1350,0.0000,0.0000,0.9760,1.0000,1.3240,5.2890,4.2080,0.0000,0.0000,0.0000,70.0795,0.0000,4396.0000,1755.0000,0.0000,25.0000,40.0000,24.0000,15.0000
1.7790,0.5330,0.3250,0.3380,0.1420,0.0000,0.0000,0.9210,1.0000,1.3240,5.2890,4.2080,0.0000,0.0000,0.0000,70.0789,0.0000,4396.0000,1755.0000,0.0000,25.0000,39.0000,24.0000,15.0000
2.1470,0.4900,0.3650,0.2970,0.1860,0.0000,0.0000,1.2920,1.0000,1.3240,5.2890,4.2080,0.0000,0.0000,0.0000,70.0987,0.0000,4398.0000,1755.0000,0.0000,25.0000,38.0000,24.0000,15.0000
1.9800,0.5990,0.4120,0.2920,0.1770,0.0000,0.0000,0.9690,1.0000,1.3240,5.2890,4.2080,0.0000,0.0000,0.0000,70.1193,0.0000,4400.0000,1755.0000,0.0000,25.0000,38.0000,24.0000,15.0000
1.8010,0.5730,0.3610,0.3040,0.1410,0.0000,0.0000,0.8670,1.0000,1.3240,5.2890,4.2080,0.0000,0.0000,0.0000,70.1194,0.0000,4400.0000,1755.0000,0.0000,25.0000,38.0000,24.0000,15.0000
2.3080,0.5580,0.3780,0.3140,0.1950,0.0000,0.0000,1.3720,1.0000,1.3240,5.2890,4.2080,0.0000,0.0000,0.0000,70.1510,0.0000,4403.0000,1755.0000,0.0000,25.0000,39.0000,24.0000,15.0000
1.9480,0.6300,0.3530,0.2930,0.1650,0.0000,0.0000,0.9650,1.0000,1.3240,5.2890,4.2080,0.0000,0.0000,0.0000,70.1612,0.0000,4404.0000,1755.0000,0.0000,25.0000,39.0000,24.0000,15.0000
1.9930,0.5420,0.3560,0.3100,0.1600,0.0000,0.0000,1.0950,1.0000,1.3240,5.2890,4.2080,0.0000,0.0000,0.0000,70.1724,0.0000,4405.0000,1755.0000,0.0000,25.0000,40.0000,24.0000,15.0000
2.0520,0.5250,0.3560,0.2960,0.1670,0.0000,0.0000,1.1710,1.0000,3.0630,16.9610,6.9650,0.0000,0.0000,0.0000,70.1934,0.0000,4407.0000,1755.0000,0.0000,25.0000,41.0000,24.0000,15.0000
1.8630,0.6980,0.3240,0.3880,0.1330,0.0000,0.0000,0.8410,1.0000,3.0630,16.9610,6.9650,0.0000,0.0000,0.0000,70.1935,0.0000,4407.0000,1755.0000,0.0000,25.0000,41.0000,24.0000,15.0000
1.6900,0.4900,0.3150,0.2920,0.1310,0.0000,0.0000,0.8850,1.0000,3.0630,16.9610,6.9650,0.0000,0.0000,0.0000,70.1936,0.0000,4407.0000,1755.0000,0.0000,25.0000,41.0000,24.0000,14.0000
1.7510,0.5130,0.3230,0.2840,0.1320,0.0000,0.0000,0.9150,1.0000,3.0630,16.9610,6.9650,0.0000,0.0000,0.0000,70.1936,0.0000,4407.0000,1755.0000,0.0000,25.0000,41.0000,24.0000,14.0000
1.6880,0.5560,0.3150,0.3740,0.1290,0.0000,0.0000,0.8170,1.0000,3.0630,16.9610,6.9650,0.0000,0.0000,0.0000,70.1936,0.0000,4407.0000,1755.0000,0.0000,25.0000,41.0000,24.0000,14.0000
2.1000,0.4670,0.5670,0.2740,0.3940,0.0000,0.0000,1.0660,1.0000,3.0630,16.9610,6.9650,0.0000,0.0000,0.0000,70.2113,0.0000,4409.0000,1755.0000,0.0000,25.0000,40.0000,24.0000,14.0000
1.7790,0.5930,0.3280,0.3410,0.1610,0.0000,0.0000,0.8580,1.0000,3.0630,16.9610,6.9650,0.0000,0.0000,0.0000,70.2216,0.0000,4410.0000,1755.0000,0.0000,25.0000,40.0000,24.0000,14.0000
1.8120,0.5280,0.3520,0.2980,0.1650,0.0000,0.0000,0.9320,1.0000,3.0630,16.9610,6.9650,0.0000,0.0000,0.0000,70.2319,0.0000,4411.0000,1755.0000,0.0000,25.0000,40.0000,24.0000,14.0000
1.9280,0.5630,0.2980,0.3000,0.1290,0.0000,0.0000,1.0670,1.0000,3.0630,16.9610,6.9650,0.0000,0.0000,0.0000,70.2319,0.0000,4411.0000,1755.0000,0.0000,25.0000,40.0000,24.0000,14.0000
1.9810,0.5240,0.4010,0.3380,0.1730,0.0000,0.0000,1.0560,1.0000,3.0630,16.9610,6.9650,0.0000,0.0000,0.0000,70.2422,0.0000,4412.0000,1755.0000,0.0000,25.0000,40.0000,24.0000,14.0000
1.7920,0.5640,0.3740,0.3360,0.1390,0.0000,0.0000,0.8540,1.0000,3.0630,16.9610,6.9650,0.0000,0.0000,0.0000,70.2416,0.0000,4412.0000,1755.0000,0.0000,25.0000,39.0000,24.0000,14.0000
1.7320,0.5360,0.3490,0.3480,0.1720,0.0000,0.0000,0.8470,1.0000,3.0630,16.9610,6.9650,0.0000,0.0000,0.0000,70.2423,0.0000,4412.0000,1755.0000,0.0000,25.0000,40.0000,24.0000,14.0000
1.8840,0.4810,0.3500,0.2900,0.1800,0.0000,0.0000,1.0530,1.0000,3.0630,16.9610,6.9650,0.0000,0.0000,0.0000,70.2423,0.0000,4412.0000,1755.0000,0.0000,25.0000,40.0000,24.0000,14.0000
1.9370,0.5480,0.3530,0.3430,0.1610,0.0000,0.0000,1.0360,1.0000,3.0630,16.9610,6.9650,0.0000,0.0000,0.0000,70.2512,0.0000,4413.0000,1755.0000,0.0000,25.0000,38.0000,24.0000,14.0000
2.0440,0.5170,0.3650,0.2860,0.1640,0.0000,0.0000,1.1620,1.0000,3.0630,16.9610,6.9650,0.0000,0.0000,0.0000,70.2614,0.0000,4414.0000,1755.0000,0.0000,25.0000,38.0000,24.0000,14.0000
1.8770,0.5330,0.3150,0.2970,0.1320,0.0000,0.0000,1.0290,1.0000,3.0630,16.9610,6.9650,0.0000,0.0000,0.0000,70.2608,0.0000,4414.0000,1755.0000,0.0000,25.0000,37.0000,24.0000,14.0000
1.8790,0.5270,0.3190,0.2990,0.1350,0.0000,0.0000,1.0330,1.0000,3.0630,16.9610,6.9650,0.0000,0.0000,0.0000,70.2616,0.0000,4414.0000,1755.0000,0.0000,25.0000,38.0000,24.0000,14.0000
1.9580,0.5320,0.3440,0.3120,0.1790,0.0000,0.0000,1.0820,1.0000,3.0630,16.9610,6.9650,0.0000,0.0000,0.0000,70.2812,0.0000,4416.0000,1755.0000,0.0000,25.0000,37.0000,24.0000,14.0000
1.9110,0.6040,0.3450,0.3480,0.1690,0.0000,0.0000,0.9620,1.0000,3.0630,16.9610,6.9650,0.0000,0.0000,0.0000,70.2915,0.0000,4417.0000,1755.0000,0.0000,25.0000,37.0000,24.0000,14.0000
1.8210,0.5800,0.3180,0.3030,0.1270,0.0000,0.0000,0.9230,1.0000,3.0630,16.9610,6.9650,0.0000,0.0000,0.0000,70.2916,0.0000,4417.0000,1755.0000,0.0000,25.0000,37.0000,24.0000,14.0000
2.4130,0.5280,0.3630,0.3230,0.1940,0.0000,0.0000,1.5220,1.0000,3.0630,16.9610,6.9650,0.0000,0.0000,0.0000,70.3026,0.0000,4418.0000,1755.0000,0.0000,25.0000,38.0000,24.0000,14.0000
1.9240,0.9430,0.3650,0.3020,0.1750,0.0000,0.0000,0.6160,1.0000,3.0630,16.9610,6.9650,0.0000,0.0000,0.0000,70.3331,0.0000,4421.0000,1755.0000,0.0000,25.0000,38.0000,24.0000,14.0000
2.1490,0.6290,0.3590,0.2910,0.1880,0.0000,0.0000,1.1610,1.0000,3.0630,16.9610,6.9650,0.0000,0.0000,0.0000,70.3530,0.0000,4423.0000,1755.0000,0.0000,25.0000,37.0000,24.0000,14.0000
1.8470,0.5770,0.3470,0.2840,0.1590,0.0000,0.0000,0.9230,1.0000,3.0630,16.9610,6.9650,0.0000,0.0000,0.0000,70.3634,0.0000,4424.0000,1755.0000,0.0000,25.0000,37.0000,24.0000,14.0000
2.0060,0.5690,0.3600,0.2950,0.1910,0.0000,0.0000,1.0770,1.0000,3.0630,16.9610,6.9650,0.0000,0.0000,0.0000,70.3937,0.0000,4427.0000,1755.0000,0.0000,25.0000,37.0000,24.0000,15.0000
3.1870,0.6940,0.3300,0.3530,0.1620,0.0000,0.0000,2.1630,1.0000,3.0630,16.9610,6.9650,0.0000,0.0000,0.0000,70.3944,0.0000,4427.0000,1755.0000,0.0000,25.0000,38.0000,24.0000,15.0000
1.7100,0.5840,0.3260,0.3660,0.1310,0.0000,0.0000,0.8000,1.0000,3.0630,16.9610,6.9650,0.0000,0.0000,0.0000,70.3939,0.0000,4427.0000,1755.0000,0.0000,25.0000,38.0000,24.0000,15.0000
1.9010,0.5310,0.3850,0.2960,0.1790,0.0000,0.0000,0.9850,1.0000,3.0630,16.9610,6.9650,0.0000,0.0000,0.0000,69.9615,0.0000,4385.0000,1755.0000,0.0000,25.0000,39.0000,24.0000,15.0000
1.8850,0.5580,0.3410,0.3460,0.1310,0.0000,0.0000,0.9860,1.0000,3.0630,16.9610,6.9650,0.0000,0.0000,0.0000,69.9608,0.0000,4385.0000,1755.0000,0.0000,25.0000,38.0000,24.0000,15.0000
1.8720,0.5270,0.3450,0.3450,0.1670,0.0000,0.0000,1.0000,1.0000,3.0630,16.9610,6.9650,0.0000,0.0000,0.0000,69.9609,0.0000,4385.0000,1755.0000,0.0000,25.0000,38.0000,24.0000,15.0000
1.8600,0.5240,0.4110,0.3050,0.1970,0.0000,0.0000,0.9250,1.0000,3.0630,16.9610,6.9650,0.0000,0.0000,0.0000,69.9712,0.0000,4386.0000,1755.0000,0.0000,25.0000,38.0000,24.0000,15.0000
2.0250,0.4980,0.3300,0.2820,0.1650,0.0000,0.0000,1.1970,1.0000,3.0630,16.9610,6.9650,0.0000,0.0000,0.0000,69.9922,0.0000,4388.0000,1755.0000,0.0000,25.0000,39.0000,24.0000,15.0000
1.8850,0.5730,0.3580,0.2980,0.1400,0.0000,0.0000,0.9540,1.0000,3.0630,16.9610,6.9650,0.0000,0.0000,0.0000,69.9923,0.0000,4388.0000,1755.0000,0.0000,25.0000,39.0000,24.0000,15.0000
2.3140,0.5090,0.6800,0.3190,0.1790,0.0000,0.0000,1.1250,1.0000,3.0630,16.9610,6.9650,0.0000,0.0000,0.0000,69.9931,0.0000,4388.0000,1755.0000,0.0000,25.0000,40.0000,24.0000,15.0000
2.0050,0.4680,0.3740,0.2940,0.1900,0.0000,0.0000,1.1630,1.0000,3.0630,16.9610,6.9650,0.0000,0.0000,0.0000,69.9929,0.0000,4388.0000,1755.0000,0.0000,25.0000,40.0000,24.0000,16.0000
1.8530,0.5170,0.3450,0.3410,0.1720,0.0000,0.0000,0.9910,1.0000,3.0630,16.9610,6.9650,0.0000,0.0000,0.0000,69.9922,0.0000,4388.0000,1755.0000,0.0000,25.0000,39.0000,24.0000,16.0000
1.9710,0.4570,0.3640,0.2840,0.1660,0.0000,0.0000,1.1500,1.0000,3.0630,16.9610,6.9650,0.0000,0.0000,0.0000,70.0035,0.0000,4389.0000,1755.0000,0.0000,25.0000,40.0000,24.0000,17.0000
1.7860,0.5490,0.3010,0.3280,0.1340,0.0000,0.0000,0.9360,1.0000,3.0630,16.9610,6.9650,0.0000,0.0000,0.0000,70.0042,0.0000,4389.0000,1755.0000,0.0000,25.0000,41.0000,24.0000,17.0000
1.7910,0.4640,0.2940,0.2800,0.1300,0.0000,0.0000,1.0330,1.0000,3.0630,16.9610,6.9650,0.0000,0.0000,0.0000,70.0036,0.0000,4389.0000,1755.0000,0.0000,25.0000,40.0000,24.0000,17.0000
1.8250,0.5140,0.3080,0.3040,0.1440,0.0000,0.0000,1.0030,1.0000,3.0630,16.9610,6.9650,0.0000,0.0000,0.0000,70.0043,0.0000,4389.0000,1755.0000,0.0000,25.0000,41.0000,24.0000,17.0000
1.9800,0.5260,0.3520,0.3530,0.1620,0.0000,0.0000,1.1020,1.0000,3.0630,16.9610,6.9650,0.0000,0.0000,0.0000,70.0153,0.0000,4390.0000,1755.0000,0.0000,25.0000,42.0000,24.0000,17.0000
1.9460,0.5960,0.3650,0.3310,0.1730,0.0000,0.0000,0.9850,1.0000,3.0630,16.9610,6.9650,0.0000,0.0000,0.0000,70.0248,0.0000,4391.0000,1755.0000,0.0000,25.0000,41.0000,24.0000,17.0000
1.9650,0.5630,0.3730,0.3460,0.1680,0.0000,0.0000,1.0290,1.0000,3.0630,16.9610,6.9650,0.0000,0.0000,0.0000,70.0358,0.0000,4392.0000,1755.0000,0.0000,25.0000,42.0000,24.0000,18.0000
1.9740,0.6430,0.3760,0.3860,0.1810,0.0000,0.0000,0.9550,1.0000,3.0630,16.9610,6.9650,0.0000,0.0000,0.0000,70.0663,0.0000,4395.0000,1755.0000,0.0000,25.0000,42.0000,24.0000,18.0000
2.1790,0.6020,0.3690,0.3280,0.1730,0.0000,0.0000,1.2080,1.0000,3.0630,16.9610,6.9650,0.0000,0.0000,0.0000,70.0866,0.0000,4397.0000,1755.0000,0.0000,25.0000,42.0000,24.0000,18.0000
2.2340,0.6260,0.3680,0.3310,0.1820,0.0000,0.0000,1.2400,1.0000,3.0630,16.9610,6.9650,0.0000,0.0000,0.0000,70.1077,0.0000,4399.0000,1755.0000,0.0000,25.0000,43.0000,24.0000,18.0000
2.2340,0.5840,0.3610,0.2930,0.1640,0.0000,0.0000,1.2890,1.0000,3.0630,16.9610,6.9650,0.0000,0.0000,0.0000,70.1188,0.0000,4400.0000,1755.0000,0.0000,25.0000,44.0000,24.0000,18.0000
2.2610,0.6290,0.4230,0.3200,0.2200,0.0000,0.0000,1.2090,1.0000,3.0630,16.9610,6.9650,0.0000,0.0000,0.0000,70.1290,0.0000,4401.0000,1755.0000,0.0000,25.0000,44.0000,24.0000,19.0000
2.0100,0.5600,0.4060,0.3260,0.2230,0.0000,0.0000,1.0440,1.0000,3.0630,16.9610,6.9650,0.0000,0.0000,0.0000,70.1393,0.0000,4402.0000,1755.0000,0.0000,25.0000,44.0000,24.0000,19.0000
2.0390,0.5610,0.3910,0.3470,0.2250,0.0000,0.0000,1.0870,1.0000,3.0630,16.9610,6.9650,0.0000,0.0000,0.0000,70.1496,0.0000,4403.0000,1755.0000,0.0000,25.0000,44.0000,24.0000,19.0000
1.7540,0.6210,0.3360,0.3460,0.1630,0.0000,0.0000,0.7970,1.0000,3.0630,16.9610,6.9650,0.0000,0.0000,0.0000,70.1497,0.0000,4403.0000,1755.0000,0.0000,25.0000,44.0000,24.0000,19.0000
1.7350,0.4540,0.2910,0.2790,0.1290,0.0000,0.0000,0.9900,1.0000,3.0630,16.9610,6.9650,0.0000,0.0000,0.0000,70.1497,0.0000,4403.0000,1755.0000,0.0000,25.0000,44.0000,24.0000,18.0000
2.0340,0.4610,0.3490,0.2900,0.1720,0.0000,0.0000,1.2240,1.0000,3.0630,16.9610,6.9650,0.0000,0.0000,0.0000,70.1726,0.0000,4405.0000,1755.0000,0.0000,25.0000,45.0000,24.0000,18.0000
1.9680,0.5500,0.3440,0.2790,0.1670,0.0000,0.0000,1.0740,1.0000,3.0630,16.9610,6.9650,0.0000,0.0000,0.0000,70.1928,0.0000,4407.0000,1755.0000,0.0000,25.0000,45.0000,24.0000,18.0000
2.0720,0.5840,0.3060,0.2960,0.1290,0.0000,0.0000,1.1820,1.0000,3.0630,16.9610,6.9650,0.0000,0.0000,0.0000,70.1929,0.0000,4407.0000,1755.0000,0.0000,25.0000,45.0000,24.0000,19.0000
1.8110,0.4980,0.3170,0.2950,0.1350,0.0000,0.0000,0.9960,1.0000,3.0630,16.9610,6.9650,0.0000,0.0000,0.0000,70.1930,0.0000,4407.0000,1755.0000,0.0000,25.0000,45.0000,24.0000,19.0000
2.0990,0.5100,0.3300,0.2910,0.1340,0.0000,0.0000,1.2590,1.0000,3.0630,16.9610,6.9650,0.0000,0.0000,0.0000,70.1930,0.0000,4407.0000,1755.0000,0.0000,25.0000,45.0000,24.0000,19.0000
2.1500,0.5240,0.3580,0.2970,0.1680,0.0000,0.0000,1.2680,1.0000,3.0630,16.9610,6.9650,0.0000,0.0000,0.0000,70.2041,0.0000,4408.0000,1755.0000,0.0000,25.0000,46.0000,24.0000,18.0000
1.9230,0.5770,0.3740,0.3470,0.1850,0.0000,0.0000,0.9720,1.0000,3.0630,16.9610,6.9650,0.0000,0.0000,0.0000,70.2035,0.0000,4408.0000,1755.0000,0.0000,25.0000,45.0000,24.0000,18.0000
1.9880,0.5020,0.3500,0.3200,0.1730,0.0000,0.0000,1.1360,1.0000,3.0630,16.9610,6.9650,0.0000,0.0000,0.0000,70.2343,0.0000,4411.0000,1755.0000,0.0000,25.0000,45.0000,24.0000,18.0000
2.1190,0.5980,0.3350,0.3080,0.1590,0.0000,0.0000,1.1860,1.0000,3.0630,16.9610,6.9650,0.0000,0.0000,0.0000,70.2446,0.0000,4412.0000,1755.0000,0.0000,25.0000,45.0000,24.0000,18.0000
1.8110,0.5830,0.3100,0.3640,0.1310,0.0000,0.0000,0.9180,1.0000,3.0630,16.9610,6.9650,0.0000,0.0000,0.0000,70.2447,0.0000,4412.0000,1755.0000,0.0000,25.0000,45.0000,24.0000,17.0000
1.8340,0.4910,0.3090,0.3120,0.1340,0.0000,0.0000,1.0340,1.0000,3.0630,16.9610,6.9650,0.0000,0.0000,0.0000,70.2448,0.0000,4412.0000,1755.0000,0.0000,25.0000,45.0000,24.0000,17.0000
1.9080,0.5220,0.3330,0.3120,0.1700,0.0000,0.0000,1.0530,1.0000,3.0630,16.9610,6.9650,0.0000,0.0000,0.0000,70.2558,0.0000,4413.0000,1755.0000,0.0000,25.0000,46.0000,24.0000,17.0000
1.8760,0.5720,0.2990,0.3450,0.1310,0.0000,0.0000,1.0050,1.0000,3.0630,16.9610,6.9650,0.0000,0.0000,0.0000,70.2565,0.0000,4413.0000,1755.0000,0.0000,25.0000,47.0000,24.0000,18.0000
1.8630,0.5610,0.3330,0.3430,0.1360,0.0000,0.0000,0.9690,1.0000,3.0630,16.9610,6.9650,0.0000,0.0000,0.0000,70.2568,0.0000,4413.0000,1755.0000,0.0000,25.0000,47.0000,24.0000,20.0000
2.1020,0.5540,0.3920,0.3780,0.2290,0.0000,0.0000,1.1560,1.0000,3.0630,16.9610,6.9650,0.0000,0.0000,0.0000,70.2873,0.0000,4416.0000,1755.0000,0.0000,25.0000,47.0000,24.0000,20.0000
2.1460,0.6960,0.3850,0.3660,0.1880,0.0000,0.0000,1.0650,1.0000,3.0630,16.9610,6.9650,0.0000,0.0000,0.0000,70.3280,0.0000,4420.0000,1755.0000,0.0000,25.0000,47.0000,24.0000,19.0000
1.8760,0.6850,0.3400,0.3480,0.1530,0.0000,0.0000,0.8510,1.0000,3.0630,16.9610,6.9650,0.0000,0.0000,0.0000,70.3282,0.0000,4420.0000,1755.0000,0.0000,25.0000,47.0000,24.0000,19.0000
1.8630,0.5700,0.3330,0.3370,0.1380,0.0000,0.0000,0.9600,1.0000,3.0630,16.9610,6.9650,0.0000,0.0000,0.0000,70.3284,0.0000,4420.0000,1755.0000,0.0000,25.0000,47.0000,24.0000,20.0000
2.0010,0.4650,0.3930,0.2830,0.2250,0.0000,0.0000,1.1430,1.0000,3.0630,16.9610,6.9650,0.0000,0.0000,0.0000,70.3589,0.0000,4423.0000,1755.0000,0.0000,25.0000,47.0000,24.0000,20.0000
1.8720,0.6450,0.3720,0.3170,0.2030,0.0000,0.0000,0.8550,1.0000,3.0630,16.9610,6.9650,0.0000,0.0000,0.0000,70.3691,0.0000,4424.0000,1755.0000,0.0000,25.0000,47.0000,24.0000,20.0000
1.8570,0.4950,0.3220,0.2810,0.1560,0.0000,0.0000,1.0400,1.0000,3.0630,16.9610,6.9650,0.0000,0.0000,0.0000,70.3796,0.0000,4425.0000,1755.0000,0.0000,25.0000,47.0000,24.0000,20.0000
1.8010,0.5560,0.2990,0.3330,0.1330,0.0000,0.0000,0.9460,1.0000,3.0630,16.9610,6.9650,0.0000,0.0000,0.0000,70.3796,0.0000,4425.0000,1755.0000,0.0000,25.0000,47.0000,24.0000,20.0000
1.8580,0.4770,0.3380,0.2980,0.1610,0.0000,0.0000,1.0430,1.0000,3.0630,16.9610,6.9650,0.0000,0.0000,0.0000,70.3890,0.0000,4426.0000,1755.0000,0.0000,25.0000,46.0000,24.0000,20.0000
1.8930,0.5680,0.3140,0.3000,0.1450,0.0000,0.0000,1.0110,1.0000,3.0630,16.9610,6.9650,0.0000,0.0000,0.0000,70.3886,0.0000,4426.0000,1755.0000,0.0000,25.0000,46.0000,24.0000,20.0000
1.9720,0.5990,0.3300,0.4040,0.1660,0.0000,0.0000,1.0430,1.0000,3.0630,16.9610,6.9650,0.0000,0.0000,0.0000,69.9445,0.0000,4383.0000,1755.0000,0.0000,25.0000,45.0000,24.0000,20.0000
1.8400,0.5550,0.3010,0.3230,0.1350,0.0000,0.0000,0.9840,1.0000,3.0630,16.9610,6.9650,0.0000,0.0000,0.0000,69.9445,0.0000,4383.0000,1755.0000,0.0000,25.0000,45.0000,24.0000,20.0000
1.8440,0.5160,0.3640,0.3500,0.1660,0.0000,0.0000,0.9640,1.0000,3.0630,16.9610,6.9650,0.0000,0.0000,0.0000,69.9548,0.0000,4384.0000,1755.0000,0.0000,25.0000,45.0000,24.0000,20.0000
1.7820,0.4790,0.3670,0.2790,0.1590,0.0000,0.0000,0.9360,1.0000,3.0630,16.9610,6.9650,0.0000,0.0000,0.0000,69.9548,0.0000,4384.0000,1755.0000,0.0000,25.0000,45.0000,24.0000,20.0000
1.9340,0.4760,0.3560,0.2860,0.1790,0.0000,0.0000,1.1020,1.0000,3.0630,16.9610,6.9650,0.0000,0.0000,0.0000,69.9955,0.0000,4388.0000,1755.0000,0.0000,25.0000,45.0000,24.0000,20.0000
1.7100,0.6070,0.2900,0.2850,0.1270,0.0000,0.0000,0.8130,1.0000,3.0630,16.9610,6.9650,0.0000,0.0000,0.0000,69.9956,0.0000,4388.0000,1755.0000,0.0000,25.0000,45.0000,24.0000,20.0000
1.8060,0.4630,0.3430,0.2950,0.1850,0.0000,0.0000,1.0000,1.0000,3.0630,16.9610,6.9650,0.0000,0.0000,0.0000,70.0264,0.0000,4391.0000,1755.0000,0.0000,25.0000,45.0000,24.0000,20.0000
1.6830,0.5720,0.3000,0.3170,0.1210,0.0000,0.0000,0.8110,1.0000,3.0630,16.9610,6.9650,0.0000,0.0000,0.0000,70.0264,0.0000,4391.0000,1755.0000,0.0000,25.0000,45.0000,24.0000,20.0000
1.6890,0.4870,0.2840,0.3300,0.1270,0.0000,0.0000,0.9180,1.0000,3.0630,16.9610,6.9650,0.0000,0.0000,0.0000,70.0269,0.0000,4392.0000,1755.0000,0.0000,25.0000,45.0000,24.0000,20.0000
2.1940,0.4370,0.3360,0.2780,0.1590,0.0000,0.0000,1.4210,1.0000,3.0630,16.9610,6.9650,0.0000,0.0000,0.0000,70.0475,0.0000,4394.0000,1755.0000,0.0000,25.0000,45.0000,24.0000,20.0000
1.9230,0.6390,0.3530,0.3630,0.1800,0.0000,0.0000,0.9310,1.0000,3.0630,16.9610,6.9650,0.0000,0.0000,0.0000,70.0577,0.0000,4395.0000,1755.0000,0.0000,25.0000,45.0000,24.0000,20.0000
1.7600,0.5060,0.2910,0.2780,0.1240,0.0000,0.0000,0.9630,1.0000,3.0630,16.9610,6.9650,0.0000,0.0000,0.0000,70.0578,0.0000,4395.0000,1755.0000,0.0000,25.0000,45.0000,24.0000,18.0000
1.8700,0.5010,0.3130,0.2990,0.1470,0.0000,0.0000,1.0560,1.0000,3.0630,16.9610,6.9650,0.0000,0.0000,0.0000,70.0579,0.0000,4395.0000,1755.0000,0.0000,25.0000,45.0000,24.0000,18.0000
1.8970,0.5210,0.3380,0.3550,0.1720,0.0000,0.0000,1.0380,1.0000,3.0630,16.9610,6.9650,0.0000,0.0000,0.0000,70.0681,0.0000,4396.0000,1755.0000,0.0000,25.0000,45.0000,24.0000,18.0000
2.0540,0.5340,0.4620,0.3340,0.2690,0.0000,0.0000,1.0580,1.0000,3.0630,16.9610,6.9650,0.0000,0.0000,0.0000,70.0887,0.0000,4398.0000,1755.0000,0.0000,25.0000,45.0000,24.0000,18.0000
1.9390,0.5800,0.3560,0.3500,0.1640,0.0000,0.0000,1.0030,1.0000,3.0630,16.9610,6.9650,0.0000,0.0000,0.0000,70.0997,0.0000,4399.0000,1755.0000,0.0000,25.0000,46.0000,24.0000,18.0000
1.8060,0.5420,0.3260,0.3370,0.1320,0.0000,0.0000,0.9380,1.0000,3.0630,16.9610,6.9650,0.0000,0.0000,0.0000,70.0998,0.0000,4399.0000,1755.0000,0.0000,25.0000,46.0000,24.0000,18.0000
1.8060,0.4470,0.3590,0.2780,0.1970,0.0000,0.0000,1.0000,1.0000,3.0630,16.9610,6.9650,0.0000,0.0000,0.0000,70.1094,0.0000,4400.0000,1755.0000,0.0000,25.0000,45.0000,24.0000,18.0000
1.7790,0.4860,0.3480,0.2790,0.1910,0.0000,0.0000,0.9450,1.0000,3.0630,16.9610,6.9650,0.0000,0.0000,0.0000,70.1204,0.0000,4401.0000,1755.0000,0.0000,25.0000,46.0000,24.0000,18.0000
1.8040,0.4730,0.3030,0.2620,0.1280,0.0000,0.0000,1.0280,1.0000,3.0630,16.9610,6.9650,0.0000,0.0000,0.0000,70.1204,0.0000,4401.0000,1755.0000,0.0000,25.0000,46.0000,24.0000,18.0000
2.0370,0.4730,0.3510,0.2710,0.1770,0.0000,0.0000,1.2130,1.0000,3.0630,16.9610,6.9650,0.0000,0.0000,0.0000,70.1407,0.0000,4403.0000,1755.0000,0.0000,25.0000,46.0000,24.0000,18.0000
1.9580,0.5560,0.3490,0.2960,0.1800,0.0000,0.0000,1.0530,1.0000,3.0630,16.9610,6.9650,0.0000,0.0000,0.0000,70.1603,0.0000,4405.0000,1755.0000,0.0000,25.0000,45.0000,24.0000,18.0000
1.8470,0.5980,0.3200,0.2960,0.1430,0.0000,0.0000,0.9290,1.0000,3.0630,16.9610,6.9650,0.0000,0.0000,0.0000,70.1605,0.0000,4405.0000,1755.0000,0.0000,25.0000,45.0000,24.0000,18.0000
1.8730,0.5100,0.3670,0.3300,0.1680,0.0000,0.0000,0.9960,1.0000,3.0630,16.9610,6.9650,0.0000,0.0000,0.0000,70.1709,0.0000,4406.0000,1755.0000,0.0000,25.0000,45.0000,24.0000,18.0000
3.0870,0.5390,0.3240,0.3310,0.1600,0.0000,0.0000,2.2240,1.0000,3.0630,16.9610,6.9650,0.0000,0.0000,0.0000,70.1709,0.0000,4406.0000,1755.0000,0.0000,25.0000,45.0000,24.0000,18.0000
1.9470,0.5170,0.3630,0.3450,0.1350,0.0000,0.0000,1.0670,1.0000,3.0630,16.9610,6.9650,0.0000,0.0000,0.0000,70.1709,0.0000,4406.0000,1755.0000,0.0000,25.0000,45.0000,24.0000,18.0000
1.8580,0.5300,0.3550,0.3520,0.1380,0.0000,0.0000,0.9730,1.0000,3.0630,16.9610,6.9650,0.0000,0.0000,0.0000,70.1709,0.0000,4406.0000,1755.0000,0.0000,25.0000,45.0000,24.0000,19.0000
2.0510,0.4620,0.4000,0.2880,0.2200,0.0000,0.0000,1.1890,1.0000,3.0630,16.9610,6.9650,0.0000,0.0000,0.0000,70.1915,0.0000,4408.0000,1755.0000,0.0000,25.0000,45.0000,24.0000,17.0000
1.8300,0.6340,0.3610,0.3310,0.1830,0.0000,0.0000,0.8350,1.0000,3.0630,16.9610,6.9650,0.0000,0.0000,0.0000,70.1915,0.0000,4408.0000,1755.0000,0.0000,25.0000,45.0000,24.0000,17.0000
2.0020,0.4760,0.3320,0.2940,0.1690,0.0000,0.0000,1.1940,1.0000,3.0630,16.9610,6.9650,0.0000,0.0000,0.0000,70.2221,0.0000,4411.0000,1755.0000,0.0000,25.0000,45.0000,24.0000,17.0000
1.8250,0.5900,0.3520,0.2790,0.1380,0.0000,0.0000,0.8830,1.0000,3.0630,16.9610,6.9650,0.0000,0.0000,0.0000,70.2222,0.0000,4411.0000,1755.0000,0.0000,25.0000,45.0000,24.0000,16.0000
1.7080,0.4930,0.2980,0.2940,0.1320,0.0000,0.0000,0.9170,1.0000,3.0630,16.9610,6.9650,0.0000,0.0000,0.0000,70.2224,0.0000,4411.0000,1755.0000,0.0000,25.0000,45.0000,24.0000,16.0000
1.9660,0.4720,0.3450,0.2890,0.1830,0.0000,0.0000,1.1490,1.0000,3.0630,16.9610,6.9650,0.0000,0.0000,0.0000,70.2426,0.0000,4413.0000,1755.0000,0.0000,25.0000,45.0000,24.0000,16.0000
1.8310,0.5830,0.3440,0.2920,0.1790,0.0000,0.0000,0.9040,1.0000,3.0630,16.9610,6.9650,0.0000,0.0000,0.0000,70.2628,0.0000,4415.0000,1755.0000,0.0000,25.0000,45.0000,24.0000,16.0000
2.0410,0.5730,0.3590,0.3270,0.1660,0.0000,0.0000,1.1090,1.0000,3.0630,16.9610,6.9650,0.0000,0.0000,0.0000,70.2834,0.0000,4417.0000,1755.0000,0.0000,25.0000,45.0000,24.0000,15.0000
2.0590,0.6460,0.3660,0.3190,0.1410,0.0000,0.0000,1.0470,1.0000,3.0630,16.9610,6.9650,0.0000,0.0000,0.0000,70.2835,0.0000,4417.0000,1755.0000,0.0000,25.0000,45.0000,24.0000,15.0000
2.1800,0.5220,0.3920,0.3420,0.2110,0.0000,0.0000,1.2660,1.0000,3.0630,16.9610,6.9650,0.0000,0.0000,0.0000,70.2939,0.0000,4418.0000,1755.0000,0.0000,25.0000,45.0000,24.0000,15.0000
1.8340,0.5810,0.3220,0.3060,0.1370,0.0000,0.0000,0.9310,1.0000,3.0630,16.9610,6.9650,0.0000,0.0000,0.0000,70.2939,0.0000,4418.0000,1755.0000,0.0000,25.0000,45.0000,24.0000,15.0000
2.3930,0.5410,0.3730,0.3220,0.1880,0.0000,0.0000,1.4790,1.0000,3.0630,16.9610,6.9650,0.0000,0.0000,0.0000,70.3152,0.0000,4420.0000,1755.0000,0.0000,25.0000,46.0000,24.0000,15.0000
1.8930,0.5870,0.3290,0.2960,0.1390,0.0000,0.0000,0.9770,1.0000,3.0630,16.9610,6.9650,0.0000,0.0000,0.0000,70.3152,0.0000,4420.0000,1755.0000,0.0000,25.0000,46.0000,24.0000,15.0000
1.9700,0.5480,0.3480,0.3540,0.1630,0.0000,0.0000,1.0740,1.0000,3.0630,16.9610,6.9650,0.0000,0.0000,0.0000,70.3256,0.0000,4421.0000,1755.0000,0.0000,25.0000,46.0000,24.0000,16.0000
1.9040,0.5190,0.3440,0.2930,0.1450,0.0000,0.0000,1.0410,1.0000,3.0630,16.9610,6.9650,0.0000,0.0000,0.0000,70.3256,0.0000,4421.0000,1755.0000,0.0000,25.0000,46.0000,24.0000,16.0000
1.9410,0.5650,0.3260,0.3010,0.1370,0.0000,0.0000,1.0500,1.0000,3.0630,16.9610,6.9650,0.0000,0.0000,0.0000,70.3256,0.0000,4421.0000,1755.0000,0.0000,25.0000,46.0000,24.0000,16.0000
1.7710,0.5310,0.3120,0.2940,0.1420,0.0000,0.0000,0.9280,1.0000,3.0630,16.9610,6.9650,0.0000,0.0000,0.0000,70.3256,0.0000,4421.0000,1755.0000,0.0000,25.0000,46.0000,24.0000,16.0000
1.9160,0.5340,0.3730,0.3550,0.1690,0.0000,0.0000,1.0090,1.0000,3.0630,16.9610,6.9650,0.0000,0.0000,0.0000,70.3359,0.0000,4422.0000,1755.0000,0.0000,25.0000,46.0000,24.0000,16.0000
1.7700,0.5850,0.3300,0.3160,0.1330,0.0000,0.0000,0.8550,1.0000,3.0630,16.9610,6.9650,0.0000,0.0000,0.0000,70.3359,0.0000,4422.0000,1755.0000,0.0000,25.0000,46.0000,24.0000,16.0000
1.9820,0.4650,0.3320,0.2820,0.1610,0.0000,0.0000,1.1850,1.0000,3.0630,16.9610,6.9650,0.0000,0.0000,0.0000,70.3462,0.0000,4423.0000,1755.0000,0.0000,25.0000,46.0000,24.0000,14.0000
1.7780,0.5580,0.3280,0.3320,0.1430,0.0000,0.0000,0.8920,1.0000,3.0630,16.9610,6.9650,0.0000,0.0000,0.0000,70.3464,0.0000,4423.0000,1755.0000,0.0000,25.0000,46.0000,24.0000,15.0000
1.8080,0.4860,0.3170,0.2890,0.1380,0.0000,0.0000,1.0050,1.0000,3.0630,16.9610,6.9650,0.0000,0.0000,0.0000,70.3465,0.0000,4423.0000,1755.0000,0.0000,25.0000,46.0000,24.0000,15.0000
1.8280,0.5640,0.3110,0.3370,0.1450,0.0000,0.0000,0.9530,1.0000,3.0630,16.9610,6.9650,0.0000,0.0000,0.0000,69.9473,0.0000,4385.0000,1755.0000,0.0000,25.0000,46.0000,24.0000,15.0000
1.9180,0.5330,0.3310,0.3160,0.1620,0.0000,0.0000,1.0540,1.0000,3.0630,16.9610,6.9650,0.0000,0.0000,0.0000,69.9563,0.0000,4386.0000,1755.0000,0.0000,25.0000,45.0000,24.0000,14.0000
1.9870,0.5790,0.3740,0.3670,0.1780,0.0000,0.0000,1.0340,1.0000,3.0630,16.9610,6.9650,0.0000,0.0000,0.0000,69.9767,0.0000,4388.0000,1755.0000,0.0000,25.0000,45.0000,24.0000,14.0000
2.2160,0.6250,0.3850,0.3560,0.1880,0.0000,0.0000,1.2060,1.0000,3.0630,16.9610,6.9650,0.0000,0.0000,0.0000,70.0182,0.0000,4392.0000,1755.0000,0.0000,25.0000,46.0000,24.0000,14.0000
1.8000,0.6860,0.3540,0.2880,0.1790,0.0000,0.0000,0.7600,1.0000,3.0630,16.9610,6.9650,0.0000,0.0000,0.0000,70.0299,0.0000,4393.0000,1755.0000,0.0000,25.0000,46.0000,24.0000,14.0000
1.7750,0.5360,0.3260,0.3240,0.1350,0.0000,0.0000,0.9130,1.0000,3.0630,16.9610,6.9650,0.0000,0.0000,0.0000,70.0294,0.0000,4393.0000,1755.0000,0.0000,25.0000,45.0000,24.0000,14.0000
1.8160,0.4480,0.3840,0.2800,0.1920,0.0000,0.0000,0.9840,1.0000,3.0630,16.9610,6.9650,0.0000,0.0000,0.0000,70.0391,0.0000,4394.0000,1755.0000,0.0000,25.0000,44.0000,24.0000,14.0000
1.7830,0.4840,0.3230,0.2750,0.1600,0.0000,0.0000,0.9760,1.0000,3.0630,16.9610,6.9650,0.0000,0.0000,0.0000,70.0507,0.0000,4395.0000,1755.0000,0.0000,25.0000,46.0000,24.0000,14.0000
1.7430,0.4940,0.2930,0.2890,0.1270,0.0000,0.0000,0.9560,1.0000,3.0630,16.9610,6.9650,0.0000,0.0000,0.0000,70.0508,0.0000,4395.0000,1755.0000,0.0000,25.0000,46.0000,24.0000,14.0000
1.6700,0.4850,0.3230,0.2790,0.1380,0.0000,0.0000,0.8620,1.0000,3.0630,16.9610,6.9650,0.0000,0.0000,0.0000,70.0508,0.0000,4395.0000,1755.0000,0.0000,25.0000,46.0000,24.0000,15.0000
1.6720,0.4770,0.3270,0.3160,0.1630,0.0000,0.0000,0.8680,1.0000,3.0630,16.9610,6.9650,0.0000,0.0000,0.0000,70.0509,0.0000,4395.0000,1755.0000,0.0000,25.0000,46.0000,24.0000,15.0000
1.6620,0.4920,0.2830,0.3180,0.1260,0.0000,0.0000,0.8870,1.0000,3.0630,16.9610,6.9650,0.0000,0.0000,0.0000,70.0502,0.0000,4395.0000,1755.0000,0.0000,25.0000,45.0000,24.0000,16.0000
1.6700,0.4690,0.2900,0.2750,0.1350,0.0000,0.0000,0.9110,1.0000,3.0630,16.9610,6.9650,0.0000,0.0000,0.0000,70.0495,0.0000,4395.0000,1755.0000,0.0000,25.0000,44.0000,24.0000,16.0000
1.8450,0.4690,0.3520,0.3100,0.1960,0.0000,0.0000,1.0240,1.0000,3.0630,16.9610,6.9650,0.0000,0.0000,0.0000,70.0694,0.0000,4397.0000,1755.0000,0.0000,25.0000,43.0000,24.0000,16.0000
2.3120,0.5390,0.3270,0.2950,0.1660,0.0000,0.0000,1.4460,1.0000,3.0630,16.9610,6.9650,0.0000,0.0000,0.0000,70.0898,0.0000,4399.0000,1755.0000,0.0000,25.0000,43.0000,24.0000,16.0000
1.8670,0.9060,0.3410,0.6440,0.1370,0.0000,0.0000,0.6200,1.0000,3.0630,16.9610,6.9650,0.0000,0.0000,0.0000,70.0906,0.0000,4399.0000,1755.0000,0.0000,25.0000,44.0000,24.0000,16.0000
1.8980,0.5190,0.3660,0.3290,0.2010,0.0000,0.0000,1.0130,1.0000,3.0630,16.9610,6.9650,0.0000,0.0000,0.0000,70.1109,0.0000,4401.0000,1755.0000,0.0000,25.0000,44.0000,24.0000,16.0000
1.9490,0.5100,0.3940,0.2750,0.1940,0.0000,0.0000,1.0450,1.0000,3.0630,16.9610,6.9650,0.0000,0.0000,0.0000,70.1323,0.0000,4403.0000,1755.0000,0.0000,25.0000,45.0000,24.0000,16.0000
1.7480,0.5500,0.2950,0.2910,0.1300,0.0000,0.0000,0.9030,1.0000,3.0630,16.9610,6.9650,0.0000,0.0000,0.0000,70.1324,0.0000,4403.0000,1755.0000,0.0000,25.0000,45.0000,24.0000,16.0000
1.8250,0.4710,0.3350,0.2960,0.1600,0.0000,0.0000,1.0190,1.0000,3.0630,16.9610,6.9650,0.0000,0.0000,0.0000,70.1428,0.0000,4404.0000,1755.0000,0.0000,25.0000,45.0000,24.0000,16.0000
1.8830,0.5060,0.3450,0.2900,0.1850,0.0000,0.0000,1.0320,1.0000,3.0630,16.9610,6.9650,0.0000,0.0000,0.0000,70.1733,0.0000,4407.0000,1755.0000,0.0000,25.0000,45.0000,24.0000,16.0000
1.9140,0.6160,0.3380,0.2900,0.1710,0.0000,0.0000,0.9600,1.0000,3.0630,16.9610,6.9650,0.0000,0.0000,0.0000,70.1836,0.0000,4408.0000,1755.0000,0.0000,25.0000,45.0000,24.0000,16.0000
2.2580,0.6250,0.3280,0.2870,0.1310,0.0000,0.0000,1.3050,1.0000,3.0630,16.9610,6.9650,0.0000,0.0000,0.0000,70.1838,0.0000,4408.0000,1755.0000,0.0000,25.0000,45.0000,24.0000,16.0000
2.7060,0.6650,0.5300,0.4210,0.2940,0.0000,0.0000,1.5110,1.0000,3.0630,16.9610,6.9650,0.0000,0.0000,0.0000,70.1941,0.0000,4409.0000,1755.0000,0.0000,25.0000,45.0000,24.0000,17.0000
2.1080,0.8550,0.5150,0.5520,0.2460,0.0000,0.0000,0.7380,1.0000,3.0630,16.9610,6.9650,0.0000,0.0000,0.0000,70.2045,0.0000,4410.0000,1755.0000,0.0000,25.0000,45.0000,24.0000,17.0000
1.6640,0.5350,0.3070,0.2680,0.1290,0.0000,0.0000,0.8220,1.0000,3.0630,16.9610,6.9650,0.0000,0.0000,0.0000,70.2045,0.0000,4410.0000,1755.0000,0.0000,25.0000,45.0000,24.0000,17.0000
1.9680,0.4810,0.3610,0.3170,0.1990,0.0000,0.0000,1.1260,1.0000,3.0630,16.9610,6.9650,0.0000,0.0000,0.0000,70.2354,0.0000,4413.0000,1755.0000,0.0000,25.0000,45.0000,24.0000,17.0000
1.6890,0.5580,0.3330,0.2710,0.1270,0.0000,0.0000,0.7980,1.0000,3.0630,16.9610,6.9650,0.0000,0.0000,0.0000,70.2354,0.0000,4413.0000,1755.0000,0.0000,25.0000,45.0000,24.0000,17.0000
1.7460,0.4560,0.3850,0.2650,0.2130,0.0000,0.0000,0.9050,1.0000,3.0630,16.9610,6.9650,0.0000,0.0000,0.0000,70.2355,0.0000,4413.0000,1755.0000,0.0000,25.0000,45.0000,24.0000,17.0000
2.0120,0.4580,0.3890,0.2700,0.2270,0.0000,0.0000,1.1650,1.0000,3.0630,16.9610,6.9650,0.0000,0.0000,0.0000,70.2451,0.0000,4414.0000,1755.0000,0.0000,25.0000,44.0000,24.0000,17.0000
1.7390,0.6310,0.3290,0.2840,0.1640,0.0000,0.0000,0.7790,1.0000,3.0630,16.9610,6.9650,0.0000,0.0000,0.0000,70.2527,0.0000,4414.0000,1755.0000,0.0000,25.0000,42.0000,24.0000,17.0000
1.6640,0.5400,0.3270,0.3270,0.1270,0.0000,0.0000,0.7970,1.0000,3.0630,16.9610,6.9650,0.0000,0.0000,0.0000,70.2528,0.0000,4414.0000,1755.0000,0.0000,25.0000,42.0000,24.0000,17.0000
1.6880,0.4890,0.3030,0.3190,0.1460,0.0000,0.0000,0.8960,1.0000,3.0630,16.9610,6.9650,0.0000,0.0000,0.0000,70.2637,0.0000,4415.0000,1755.0000,0.0000,25.0000,41.0000,24.0000,17.0000
1.7020,0.5000,0.2900,0.2790,0.1320,0.0000,0.0000,0.9120,1.0000,3.0630,16.9610,6.9650,0.0000,0.0000,0.0000,70.2644,0.0000,4415.0000,1755.0000,0.0000,25.0000,42.0000,24.0000,17.0000
1.6690,0.5060,0.3100,0.3230,0.1240,0.0000,0.0000,0.8530,1.0000,3.0630,16.9610,6.9650,0.0000,0.0000,0.0000,70.2645,0.0000,4415.0000,1755.0000,0.0000,25.0000,42.0000,24.0000,17.0000
2.0170,0.4440,0.3160,0.2750,0.1580,0.0000,0.0000,1.2570,1.0000,3.0630,16.9610,6.9650,0.0000,0.0000,0.0000,70.2862,0.0000,4417.0000,1755.0000,0.0000,25.0000,44.0000,24.0000,17.0000
1.9370,0.5870,0.3760,0.3160,0.1670,0.0000,0.0000,0.9740,1.0000,3.0630,16.9610,6.9650,0.0000,0.0000,0.0000,70.3065,0.0000,4419.0000,1755.0000,0.0000,25.0000,44.0000,24.0000,17.0000
1.8830,0.5190,0.3210,0.2630,0.1530,0.0000,0.0000,1.0430,1.0000,3.0630,16.9610,6.9650,0.0000,0.0000,0.0000,70.3161,0.0000,4420.0000,1755.0000,0.0000,25.0000,43.0000,24.0000,17.0000
1.8820,0.5400,0.4110,0.3200,0.2350,0.0000,0.0000,0.9310,1.0000,3.0630,16.9610,6.9650,0.0000,0.0000,0.0000,70.3361,0.0000,4422.0000,1755.0000,0.0000,25.0000,42.0000,24.0000,17.0000
1.7660,0.5240,0.3210,0.2640,0.1500,0.0000,0.0000,0.9210,1.0000,3.0630,16.9610,6.9650,0.0000,0.0000,0.0000,70.3464,0.0000,4423.0000,1755.0000,0.0000,25.0000,42.0000,24.0000,17.0000
1.7390,0.5320,0.3190,0.2730,0.1580,0.0000,0.0000,0.8880,1.0000,3.0630,16.9610,6.9650,0.0000,0.0000,0.0000,70.3561,0.0000,4424.0000,1755.0000,0.0000,25.0000,41.0000,24.0000,17.0000
1.6420,0.5560,0.3130,0.2990,0.1540,0.0000,0.0000,0.7730,1.0000,3.0630,16.9610,6.9650,0.0000,0.0000,0.0000,70.3568,0.0000,4424.0000,1755.0000,0.0000,25.0000,42.0000,24.0000,17.0000
1.7270,0.4440,0.3050,0.2590,0.1460,0.0000,0.0000,0.9780,1.0000,3.0630,16.9610,6.9650,0.0000,0.0000,0.0000,70.3672,0.0000,4425.0000,1755.0000,0.0000,25.0000,42.0000,24.0000,17.0000
1.8510,0.4890,0.3170,0.2770,0.1600,0.0000,0.0000,1.0450,1.0000,3.0630,16.9610,6.9650,0.0000,0.0000,0.0000,70.3770,0.0000,4426.0000,1755.0000,0.0000,25.0000,42.0000,24.0000,17.0000
1.7140,0.5060,0.2840,0.2620,0.1210,0.0000,0.0000,0.9240,1.0000,3.0630,16.9610,6.9650,0.0000,0.0000,0.0000,70.3763,0.0000,4426.0000,1755.0000,0.0000,25.0000,41.0000,24.0000,17.0000
1.6860,0.4710,0.3140,0.3020,0.1520,0.0000,0.0000,0.9010,1.0000,3.0630,16.9610,6.9650,0.0000,0.0000,0.0000,70.3757,0.0000,4426.0000,1755.0000,0.0000,25.0000,40.0000,24.0000,17.0000
1.7830,0.4660,0.3230,0.2830,0.1610,0.0000,0.0000,0.9940,1.0000,3.0630,16.9610,6.9650,0.0000,0.0000,0.0000,70.3872,0.0000,4427.0000,1755.0000,0.0000,25.0000,41.0000,24.0000,18.0000
1.8550,0.5190,0.3440,0.3110,0.1820,0.0000,0.0000,0.9920,1.0000,3.0630,16.9610,6.9650,0.0000,0.0000,0.0000,70.4184,0.0000,4430.0000,1755.0000,0.0000,25.0000,42.0000,24.0000,18.0000
1.9110,0.5850,0.2820,0.2770,0.1210,0.0000,0.0000,1.0440,1.0000,3.0630,16.9610,6.9650,0.0000,0.0000,0.0000,70.4185,0.0000,4430.0000,1755.0000,0.0000,25.0000,42.0000,24.0000,18.0000
1.9300,0.5160,0.3670,0.3170,0.1750,0.0000,0.0000,1.0470,1.0000,3.0630,16.9610,6.9650,0.0000,0.0000,0.0000,70.4601,0.0000,4434.0000,1755.0000,0.0000,25.0000,43.0000,24.0000,18.0000
1.5730,0.6490,0.3040,0.2940,0.1210,0.0000,0.0000,0.6200,1.0000,3.0630,16.9610,6.9650,0.0000,0.0000,0.0000,70.4615,0.0000,4434.0000,1755.0000,0.0000,25.0000,45.0000,24.0000,18.0000
1.6440,0.4270,0.2810,0.2600,0.1230,0.0000,0.0000,0.9360,1.0000,3.0630,16.9610,6.9650,0.0000,0.0000,0.0000,70.4614,0.0000,4434.0000,1755.0000,0.0000,25.0000,45.0000,24.0000,18.0000
1.6910,0.4730,0.3160,0.2750,0.1590,0.0000,0.0000,0.9020,1.0000,3.0630,16.9610,6.9650,0.0000,0.0000,0.0000,69.9896,0.0000,4388.0000,1755.0000,0.0000,25.0000,45.0000,24.0000,18.0000
1.8990,0.4980,0.3880,0.3100,0.2410,0.0000,0.0000,1.0130,1.0000,3.0630,16.9610,6.9650,0.0000,0.0000,0.0000,70.0312,0.0000,4392.0000,1755.0000,0.0000,25.0000,46.0000,24.0000,18.0000
1.7820,0.6010,0.3580,0.3170,0.1450,0.0000,0.0000,0.8230,1.0000,3.0630,16.9610,6.9650,0.0000,0.0000,0.0000,70.0313,0.0000,4392.0000,1755.0000,0.0000,25.0000,46.0000,24.0000,18.0000
1.7320,0.4200,0.2730,0.2560,0.1180,0.0000,0.0000,1.0390,1.0000,3.0630,16.9610,6.9650,0.0000,0.0000,0.0000,70.0318,0.0000,4393.0000,1755.0000,0.0000,25.0000,46.0000,24.0000,17.0000
1.9280,0.5080,0.3770,0.2760,0.1600,0.0000,0.0000,1.0430,1.0000,3.0630,16.9610,6.9650,0.0000,0.0000,0.0000,70.0421,0.0000,4394.0000,1755.0000,0.0000,25.0000,46.0000,24.0000,17.0000
1.7530,0.5050,0.3290,0.2660,0.1620,0.0000,0.0000,0.9190,1.0000,3.0630,16.9610,6.9650,0.0000,0.0000,0.0000,70.0524,0.0000,4395.0000,1755.0000,0.0000,25.0000,46.0000,24.0000,18.0000
1.8460,0.4960,0.3320,0.3070,0.1340,0.0000,0.0000,1.0180,1.0000,3.0630,16.9610,6.9650,0.0000,0.0000,0.0000,70.0524,0.0000,4395.0000,1755.0000,0.0000,25.0000,46.0000,24.0000,18.0000
1.6890,0.5470,0.3530,0.3890,0.1900,0.0000,0.0000,0.7890,1.0000,3.0630,16.9610,6.9650,0.0000,0.0000,0.0000,70.0627,0.0000,4396.0000,1755.0000,0.0000,25.0000,46.0000,24.0000,18.0000
1.6010,0.4460,0.2720,0.2540,0.1190,0.0000,0.0000,0.8830,1.0000,3.0630,16.9610,6.9650,0.0000,0.0000,0.0000,70.0620,0.0000,4396.0000,1755.0000,0.0000,25.0000,45.0000,24.0000,18.0000
1.7430,0.4620,0.3130,0.2670,0.1570,0.0000,0.0000,0.9680,1.0000,3.0630,16.9610,6.9650,0.0000,0.0000,0.0000,70.0826,0.0000,4398.0000,1755.0000,0.0000,25.0000,45.0000,24.0000,18.0000
1.6440,0.5280,0.3270,0.3090,0.1700,0.0000,0.0000,0.7890,1.0000,3.0630,16.9610,6.9650,0.0000,0.0000,0.0000,70.0819,0.0000,4398.0000,1755.0000,0.0000,25.0000,44.0000,24.0000,18.0000
1.6210,0.4230,0.2720,0.2550,0.1160,0.0000,0.0000,0.9260,1.0000,3.0630,16.9610,6.9650,0.0000,0.0000,0.0000,70.0827,0.0000,4398.0000,1755.0000,0.0000,25.0000,45.0000,24.0000,18.0000
1.7750,0.4630,0.3060,0.2730,0.1540,0.0000,0.0000,1.0060,1.0000,3.0630,16.9610,6.9650,0.0000,0.0000,0.0000,70.1032,0.0000,4400.0000,1755.0000,0.0000,25.0000,45.0000,24.0000,19.0000
1.7260,0.5650,0.3020,0.3470,0.1560,0.0000,0.0000,0.8590,1.0000,3.0630,16.9610,6.9650,0.0000,0.0000,0.0000,70.1032,0.0000,4400.0000,1755.0000,0.0000,25.0000,45.0000,24.0000,19.0000
1.7200,0.4630,0.2740,0.3050,0.1170,0.0000,0.0000,0.9830,1.0000,3.0630,16.9610,6.9650,0.0000,0.0000,0.0000,70.1026,0.0000,4400.0000,1755.0000,0.0000,25.0000,44.0000,24.0000,19.0000
1.8380,0.4210,0.3320,0.2640,0.1570,0.0000,0.0000,1.0850,1.0000,3.0630,16.9610,6.9650,0.0000,0.0000,0.0000,70.1228,0.0000,4402.0000,1755.0000,0.0000,25.0000,44.0000,24.0000,19.0000
1.6780,0.5430,0.2890,0.2700,0.1320,0.0000,0.0000,0.8460,1.0000,3.0630,16.9610,6.9650,0.0000,0.0000,0.0000,70.1242,0.0000,4402.0000,1755.0000,0.0000,25.0000,46.0000,24.0000,19.0000
1.8710,0.4830,0.3480,0.3090,0.1990,0.0000,0.0000,1.0400,1.0000,3.0630,16.9610,6.9650,0.0000,0.0000,0.0000,70.1550,0.0000,4405.0000,1755.0000,0.0000,25.0000,46.0000,24.0000,19.0000
1.8170,0.5090,0.3530,0.2500,0.1640,0.0000,0.0000,0.9550,1.0000,3.0630,16.9610,6.9650,0.0000,0.0000,0.0000,70.1850,0.0000,4408.0000,1755.0000,0.0000,25.0000,45.0000,24.0000,19.0000
1.6870,0.5230,0.2980,0.2540,0.1460,0.0000,0.0000,0.8660,1.0000,3.0630,16.9610,6.9650,0.0000,0.0000,0.0000,70.1962,0.0000,4409.0000,1755.0000,0.0000,25.0000,46.0000,24.0000,19.0000
2.4190,0.4640,0.3320,0.2670,0.1800,0.0000,0.0000,1.6230,1.0000,3.0630,16.9610,6.9650,0.0000,0.0000,0.0000,70.2385,0.0000,4413.0000,1755.0000,0.0000,25.0000,48.0000,24.0000,19.0000
1.9390,0.7060,0.2950,0.2610,0.1230,0.0000,0.0000,0.9380,1.0000,3.0630,16.9610,6.9650,0.0000,0.0000,0.0000,70.2379,0.0000,4413.0000,1755.0000,0.0000,25.0000,47.0000,24.0000,19.0000
2.3760,0.5350,0.5680,0.3500,0.2150,0.0000,0.0000,1.2730,1.0000,3.0630,16.9610,6.9650,0.0000,0.0000,0.0000,70.2590,0.0000,4415.0000,1755.0000,0.0000,25.0000,48.0000,24.0000,18.0000
2.0810,0.5040,0.3960,0.2600,0.1710,0.0000,0.0000,1.1810,1.0000,3.0630,16.9610,6.9650,0.0000,0.0000,0.0000,70.2792,0.0000,4417.0000,1755.0000,0.0000,25.0000,48.0000,24.0000,18.0000
1.9500,0.5590,0.3680,0.3140,0.1770,0.0000,0.0000,1.0230,1.0000,3.0630,16.9610,6.9650,0.0000,0.0000,0.0000,70.3300,0.0000,4422.0000,1755.0000,0.0000,25.0000,48.0000,24.0000,18.0000
1.7380,0.6380,0.3010,0.3040,0.1190,0.0000,0.0000,0.7990,1.0000,3.0630,16.9610,6.9650,0.0000,0.0000,0.0000,70.3301,0.0000,4422.0000,1755.0000,0.0000,25.0000,48.0000,24.0000,18.0000
1.6880,0.4240,0.3120,0.2580,0.1240,0.0000,0.0000,0.9520,1.0000,3.0630,16.9610,6.9650,0.0000,0.0000,0.0000,70.3304,0.0000,4422.0000,1755.0000,0.0000,25.0000,48.0000,24.0000,18.0000
1.5750,0.4570,0.2870,0.2810,0.1210,0.0000,0.0000,0.8310,1.0000,3.0630,16.9610,6.9650,0.0000,0.0000,0.0000,70.3304,0.0000,4422.0000,1755.0000,0.0000,25.0000,48.0000,24.0000,18.0000
1.6230,0.4620,0.2970,0.2600,0.1190,0.0000,0.0000,0.8640,1.0000,3.0630,16.9610,6.9650,0.0000,0.0000,0.0000,70.3304,0.0000,4422.0000,1755.0000,0.0000,25.0000,48.0000,24.0000,18.0000
1.5970,0.4690,0.2810,0.3090,0.1240,0.0000,0.0000,0.8470,1.0000,3.0630,16.9610,6.9650,0.0000,0.0000,0.0000,70.3304,0.0000,4422.0000,1755.0000,0.0000,25.0000,48.0000,24.0000,18.0000
1.6880,0.4320,0.3110,0.2670,0.1590,0.0000,0.0000,0.9450,1.0000,3.0630,16.9610,6.9650,0.0000,0.0000,0.0000,70.3406,0.0000,4423.0000,1755.0000,0.0000,25.0000,48.0000,24.0000,18.0000
1.6030,0.4950,0.3120,0.3030,0.1580,0.0000,0.0000,0.7960,1.0000,3.0630,16.9610,6.9650,0.0000,0.0000,0.0000,70.3406,0.0000,4423.0000,1755.0000,0.0000,25.0000,48.0000,24.0000,18.0000
1.7190,0.4170,0.3070,0.2540,0.1530,0.0000,0.0000,0.9950,1.0000,3.0630,16.9610,6.9650,0.0000,0.0000,0.0000,70.3610,0.0000,4425.0000,1755.0000,0.0000,25.0000,48.0000,24.0000,18.0000
1.6370,0.4960,0.2850,0.2660,0.1290,0.0000,0.0000,0.8560,1.0000,3.0630,16.9610,6.9650,0.0000,0.0000,0.0000,70.3611,0.0000,4425.0000,1755.0000,0.0000,25.0000,48.0000,24.0000,18.0000
2.0060,0.5150,0.3090,0.2960,0.1540,0.0000,0.0000,1.1820,1.0000,3.0630,16.9610,6.9650,0.0000,0.0000,0.0000,70.3619,0.0000,4425.0000,1755.0000,0.0000,25.0000,49.0000,24.0000,18.0000
1.9660,0.7430,0.4200,0.3150,0.2390,0.0000,0.0000,0.8030,1.0000,3.0630,16.9610,6.9650,0.0000,0.0000,0.0000,70.3721,0.0000,4426.0000,1755.0000,0.0000,25.0000,49.0000,24.0000,18.0000
2.0130,0.5700,0.3430,0.3180,0.1310,0.0000,0.0000,1.1000,1.0000,3.0630,16.9610,6.9650,0.0000,0.0000,0.0000,70.3721,0.0000,4426.0000,1755.0000,0.0000,25.0000,49.0000,24.0000,18.0000
2.1180,0.4280,0.3720,0.2570,0.2020,0.0000,0.0000,1.3180,1.0000,3.0630,16.9610,6.9650,0.0000,0.0000,0.0000,70.3818,0.0000,4427.0000,1755.0000,0.0000,25.0000,48.0000,24.0000,18.0000
1.6660,0.5620,0.3170,0.3030,0.1240,0.0000,0.0000,0.7870,1.0000,3.0630,16.9610,6.9650,0.0000,0.0000,0.0000,70.3818,0.0000,4427.0000,1755.0000,0.0000,25.0000,48.0000,24.0000,18.0000
1.7120,0.4220,0.2730,0.2570,0.1190,0.0000,0.0000,1.0170,1.0000,3.0630,16.9610,6.9650,0.0000,0.0000,0.0000,70.3818,0.0000,4427.0000,1755.0000,0.0000,25.0000,48.0000,24.0000,18.0000
1.8300,0.4350,0.3350,0.2670,0.1700,0.0000,0.0000,1.0600,1.0000,3.0630,16.9610,6.9650,0.0000,0.0000,0.0000,70.4215,0.0000,4431.0000,1755.0000,0.0000,25.0000,46.0000,24.0000,18.0000
1.8440,0.6060,0.3170,0.2660,0.1600,0.0000,0.0000,0.9210,1.0000,3.0630,16.9610,6.9650,0.0000,0.0000,0.0000,70.4318,0.0000,4432.0000,1755.0000,0.0000,25.0000,46.0000,24.0000,18.0000
1.9380,0.5000,0.3370,0.3050,0.1570,0.0000,0.0000,1.1010,1.0000,3.0630,16.9610,6.9650,0.0000,0.0000,0.0000,70.4422,0.0000,4433.0000,1755.0000,0.0000,25.0000,46.0000,24.0000,18.0000
1.9880,0.5870,0.3760,0.3070,0.1770,0.0000,0.0000,1.0250,1.0000,3.0630,16.9610,6.9650,0.0000,0.0000,0.0000,70.4831,0.0000,4437.0000,1755.0000,0.0000,25.0000,46.0000,24.0000,18.0000
1.6960,0.6140,0.3190,0.3110,0.1230,0.0000,0.0000,0.7630,1.0000,3.0630,16.9610,6.9650,0.0000,0.0000,0.0000,70.4832,0.0000,4437.0000,1755.0000,0.0000,25.0000,46.0000,24.0000,18.0000
1.8540,0.4270,0.2730,0.2580,0.1200,0.0000,0.0000,1.1540,1.0000,3.0630,16.9610,6.9650,0.0000,0.0000,0.0000,70.4835,0.0000,4437.0000,1755.0000,0.0000,25.0000,46.0000,24.0000,18.0000
2.1150,0.5130,0.4010,0.3420,0.2150,0.0000,0.0000,1.2010,1.0000,3.0630,16.9610,6.9650,0.0000,0.0000,0.0000,70.5054,0.0000,4439.0000,1755.0000,0.0000,25.0000,46.0000,24.0000,17.0000
1.8790,0.5270,0.3230,0.2580,0.1520,0.0000,0.0000,1.0290,1.0000,3.0630,16.9610,6.9650,0.0000,0.0000,0.0000,70.5158,0.0000,4440.0000,1755.0000,0.0000,25.0000,46.0000,24.0000,17.0000
2.3110,0.5060,0.3670,0.2720,0.1970,0.0000,0.0000,1.4380,1.0000,3.0630,16.9610,6.9650,0.0000,0.0000,0.0000,70.5261,0.0000,4441.0000,1755.0000,0.0000,25.0000,46.0000,24.0000,18.0000
1.7000,0.5390,0.3510,0.3100,0.1790,0.0000,0.0000,0.8100,1.0000,3.0630,16.9610,6.9650,0.0000,0.0000,0.0000,70.5261,0.0000,4441.0000,1755.0000,0.0000,25.0000,46.0000,24.0000,18.0000
1.6380,0.4390,0.2840,0.2540,0.1230,0.0000,0.0000,0.9150,1.0000,3.0630,16.9610,6.9650,0.0000,0.0000,0.0000,70.5255,0.0000,4441.0000,1755.0000,0.0000,25.0000,45.0000,24.0000,17.0000
1.6090,0.4420,0.2790,0.2670,0.1230,0.0000,0.0000,0.8880,1.0000,3.0630,16.9610,6.9650,0.0000,0.0000,0.0000,70.5255,0.0000,4441.0000,1755.0000,0.0000,25.0000,45.0000,24.0000,18.0000
1.7350,0.4890,0.2870,0.3020,0.1260,0.0000,0.0000,0.9590,1.0000,3.0630,16.9610,6.9650,0.0000,0.0000,0.0000,70.5236,0.0000,4441.0000,1755.0000,0.0000,25.0000,43.0000,24.0000,18.0000
1.7280,0.5000,0.3180,0.3040,0.1510,0.0000,0.0000,0.9100,1.0000,3.0630,16.9610,6.9650,0.0000,0.0000,0.0000,69.9971,0.0000,4390.0000,1755.0000,0.0000,25.0000,44.0000,24.0000,18.0000
1.6460,0.4650,0.3250,0.2620,0.1680,0.0000,0.0000,0.8560,1.0000,3.0630,16.9610,6.9650,0.0000,0.0000,0.0000,70.0074,0.0000,4391.0000,1755.0000,0.0000,25.0000,44.0000,24.0000,18.0000
1.8510,0.5060,0.3500,0.3070,0.1980,0.0000,0.0000,0.9950,1.0000,3.0630,16.9610,6.9650,0.0000,0.0000,0.0000,70.0387,0.0000,4394.0000,1755.0000,0.0000,25.0000,45.0000,24.0000,18.0000
1.5670,0.6210,0.2840,0.3010,0.1220,0.0000,0.0000,0.6620,1.0000,3.0630,16.9610,6.9650,0.0000,0.0000,0.0000,70.0388,0.0000,4394.0000,1755.0000,0.0000,25.0000,45.0000,24.0000,18.0000
1.6270,0.4330,0.2850,0.2590,0.1330,0.0000,0.0000,0.9090,1.0000,3.0630,16.9610,6.9650,0.0000,0.0000,0.0000,70.0389,0.0000,4394.0000,1755.0000,0.0000,25.0000,45.0000,24.0000,18.0000
1.6800,0.4650,0.3280,0.3040,0.1810,0.0000,0.0000,0.8870,1.0000,3.0630,16.9610,6.9650,0.0000,0.0000,0.0000,70.0492,0.0000,4395.0000,1755.0000,0.0000,25.0000,45.0000,24.0000,17.0000
1.6500,0.4410,0.3000,0.2560,0.1480,0.0000,0.0000,0.9090,1.0000,3.0630,16.9610,6.9650,0.0000,0.0000,0.0000,70.0603,0.0000,4396.0000,1755.0000,0.0000,25.0000,46.0000,24.0000,17.0000
1.5650,0.4580,0.2860,0.2660,0.1330,0.0000,0.0000,0.8210,1.0000,3.0630,16.9610,6.9650,0.0000,0.0000,0.0000,70.0611,0.0000,4396.0000,1755.0000,0.0000,25.0000,47.0000,24.0000,17.0000
1.5470,0.4830,0.2690,0.3080,0.1200,0.0000,0.0000,0.7950,1.0000,3.0630,16.9610,6.9650,0.0000,0.0000,0.0000,70.0611,0.0000,4396.0000,1755.0000,0.0000,25.0000,47.0000,24.0000,17.0000
2.0180,0.4160,0.3370,0.2480,0.1420,0.0000,0.0000,1.2650,1.0000,3.0630,16.9610,6.9650,0.0000,0.0000,0.0000,70.0604,0.0000,4396.0000,1755.0000,0.0000,25.0000,46.0000,24.0000,16.0000
2.0030,0.4930,0.3460,0.2810,0.1700,0.0000,0.0000,1.1640,1.0000,3.0630,16.9610,6.9650,0.0000,0.0000,0.0000,70.0910,0.0000,4399.0000,1755.0000,0.0000,25.0000,46.0000,24.0000,16.0000
2.1200,0.5690,0.3500,0.2600,0.1690,0.0000,0.0000,1.2010,1.0000,3.0630,16.9610,6.9650,0.0000,0.0000,0.0000,70.1208,0.0000,4402.0000,1755.0000,0.0000,25.0000,45.0000,24.0000,16.0000
2.1640,0.5520,0.3430,0.2620,0.1660,0.0000,0.0000,1.2690,1.0000,3.0630,16.9610,6.9650,0.0000,0.0000,0.0000,70.1408,0.0000,4404.0000,1755.0000,0.0000,25.0000,44.0000,24.0000,16.0000
2.0390,0.5270,0.4460,0.2620,0.2040,0.0000,0.0000,1.0660,1.0000,3.0630,16.9610,6.9650,0.0000,0.0000,0.0000,70.1718,0.0000,4407.0000,1755.0000,0.0000,25.0000,44.0000,24.0000,16.0000
1.8530,0.5320,0.3410,0.2530,0.1740,0.0000,0.0000,0.9800,1.0000,3.0630,16.9610,6.9650,0.0000,0.0000,0.0000,70.1719,0.0000,4407.0000,1755.0000,0.0000,25.0000,44.0000,24.0000,16.0000
1.8650,0.4360,0.3460,0.2540,0.1760,0.0000,0.0000,1.0830,1.0000,3.0630,16.9610,6.9650,0.0000,0.0000,0.0000,70.1721,0.0000,4407.0000,1755.0000,0.0000,25.0000,44.0000,24.0000,16.0000
1.6670,0.4460,0.3210,0.2700,0.1220,0.0000,0.0000,0.9000,1.0000,3.0630,16.9610,6.9650,0.0000,0.0000,0.0000,70.1721,0.0000,4407.0000,1755.0000,0.0000,25.0000,44.0000,24.0000,16.0000
1.9470,0.4680,0.3240,0.2680,0.1460,0.0000,0.0000,1.1550,1.0000,3.0630,16.9610,6.9650,0.0000,0.0000,0.0000,70.1817,0.0000,4408.0000,1755.0000,0.0000,25.0000,43.0000,24.0000,16.0000
1.8420,0.6840,0.3390,0.3860,0.1280,0.0000,0.0000,0.8190,1.0000,3.0630,16.9610,6.9650,0.0000,0.0000,0.0000,70.1817,0.0000,4408.0000,1755.0000,0.0000,25.0000,43.0000,24.0000,16.0000
1.7560,0.5520,0.3230,0.3680,0.1640,0.0000,0.0000,0.8810,1.0000,3.0630,16.9610,6.9650,0.0000,0.0000,0.0000,70.1817,0.0000,4408.0000,1755.0000,0.0000,25.0000,43.0000,24.0000,16.0000
1.8760,0.4970,0.3190,0.3080,0.1540,0.0000,0.0000,1.0600,1.0000,3.0630,16.9610,6.9650,0.0000,0.0000,0.0000,70.1920,0.0000,4409.0000,1755.0000,0.0000,25.0000,43.0000,24.0000,16.0000
1.7630,0.4770,0.2770,0.2600,0.1210,0.0000,0.0000,1.0090,1.0000,3.0630,16.9610,6.9650,0.0000,0.0000,0.0000,70.1920,0.0000,4409.0000,1755.0000,0.0000,25.0000,43.0000,24.0000,16.0000
2.0400,0.4800,0.2860,0.2630,0.1330,0.0000,0.0000,1.2740,1.0000,3.0630,16.9610,6.9650,0.0000,0.0000,0.0000,70.1927,0.0000,4409.0000,1755.0000,0.0000,25.0000,44.0000,24.0000,16.0000
1.9640,0.4680,0.3500,0.3100,0.1650,0.0000,0.0000,1.1460,1.0000,3.0630,16.9610,6.9650,0.0000,0.0000,0.0000,70.2136,0.0000,4411.0000,1755.0000,0.0000,25.0000,45.0000,24.0000,17.0000
1.8370,0.5840,0.3140,0.3030,0.1300,0.0000,0.0000,0.9390,1.0000,3.0630,16.9610,6.9650,0.0000,0.0000,0.0000,70.2143,0.0000,4411.0000,1755.0000,0.0000,25.0000,46.0000,24.0000,17.0000
2.1380,0.5090,0.5930,0.2790,0.1450,0.0000,0.0000,1.0360,1.0000,3.0630,16.9610,6.9650,0.0000,0.0000,0.0000,70.2137,0.0000,4411.0000,1755.0000,0.0000,25.0000,45.0000,24.0000,17.0000
1.6870,0.5100,0.2980,0.2700,0.1360,0.0000,0.0000,0.8790,1.0000,3.0630,16.9610,6.9650,0.0000,0.0000,0.0000,70.2137,0.0000,4411.0000,1755.0000,0.0000,25.0000,45.0000,24.0000,17.0000
1.8160,0.4890,0.3330,0.3200,0.1790,0.0000,0.0000,0.9940,1.0000,3.0630,16.9610,6.9650,0.0000,0.0000,0.0000,70.2240,0.0000,4412.0000,1755.0000,0.0000,25.0000,45.0000,24.0000,17.0000
1.7420,0.4750,0.3150,0.2790,0.1240,0.0000,0.0000,0.9520,1.0000,3.0630,16.9610,6.9650,0.0000,0.0000,0.0000,70.2240,0.0000,4412.0000,1755.0000,0.0000,25.0000,45.0000,24.0000,17.0000
1.7820,0.4250,0.3100,0.2520,0.1540,0.0000,0.0000,1.0470,1.0000,3.0630,16.9610,6.9650,0.0000,0.0000,0.0000,70.2437,0.0000,4414.0000,1755.0000,0.0000,25.0000,44.0000,24.0000,17.0000
1.7600,0.5320,0.2870,0.2590,0.1320,0.0000,0.0000,0.9410,1.0000,3.0630,16.9610,6.9650,0.0000,0.0000,0.0000,70.2447,0.0000,4414.0000,1755.0000,0.0000,25.0000,45.0000,24.0000,18.0000
1.6590,0.5290,0.3210,0.3610,0.1300,0.0000,0.0000,0.8090,1.0000,3.0630,16.9610,6.9650,0.0000,0.0000,0.0000,70.2448,0.0000,4414.0000,1755.0000,0.0000,25.0000,45.0000,24.0000,18.0000
1.7820,0.4220,0.3010,0.2570,0.1480,0.0000,0.0000,1.0590,1.0000,3.0630,16.9610,6.9650,0.0000,0.0000,0.0000,70.2550,0.0000,4415.0000,1755.0000,0.0000,25.0000,45.0000,24.0000,18.0000
1.7890,0.4620,0.3120,0.2540,0.1560,0.0000,0.0000,1.0150,1.0000,3.0630,16.9610,6.9650,0.0000,0.0000,0.0000,70.2756,0.0000,4417.0000,1755.0000,0.0000,25.0000,45.0000,24.0000,18.0000
1.8530,0.5420,0.3210,0.2700,0.1680,0.0000,0.0000,0.9900,1.0000,3.0630,16.9610,6.9650,0.0000,0.0000,0.0000,70.2951,0.0000,4419.0000,1755.0000,0.0000,25.0000,44.0000,24.0000,18.0000
1.9580,0.5260,0.3210,0.3000,0.1620,0.0000,0.0000,1.1110,1.0000,3.0630,16.9610,6.9650,0.0000,0.0000,0.0000,70.3264,0.0000,4422.0000,1755.0000,0.0000,25.0000,45.0000,24.0000,18.0000
2.0430,0.5790,0.3500,0.3170,0.1690,0.0000,0.0000,1.1140,1.0000,3.0630,16.9610,6.9650,0.0000,0.0000,0.0000,70.3673,0.0000,4426.0000,1755.0000,0.0000,25.0000,45.0000,24.0000,18.0000
1.8690,0.6030,0.2870,0.3120,0.1190,0.0000,0.0000,0.9790,1.0000,3.0630,16.9610,6.9650,0.0000,0.0000,0.0000,70.3681,0.0000,4426.0000,1755.0000,0.0000,25.0000,46.0000,24.0000,18.0000
2.1670,0.4970,0.4130,0.3270,0.1990,0.0000,0.0000,1.2570,1.0000,3.0630,16.9610,6.9650,0.0000,0.0000,0.0000,70.3897,0.0000,4428.0000,1755.0000,0.0000,25.0000,47.0000,24.0000,18.0000
1.7710,0.5520,0.2900,0.3150,0.1300,0.0000,0.0000,0.9290,1.0000,3.0630,16.9610,6.9650,0.0000,0.0000,0.0000,70.3904,0.0000,4428.0000,1755.0000,0.0000,25.0000,48.0000,24.0000,18.0000
1.8450,0.4970,0.3470,0.3110,0.1880,0.0000,0.0000,1.0010,1.0000,3.0630,16.9610,6.9650,0.0000,0.0000,0.0000,70.4107,0.0000,4430.0000,1755.0000,0.0000,25.0000,48.0000,24.0000,18.0000
1.7750,0.4830,0.3100,0.2530,0.1210,0.0000,0.0000,0.9820,1.0000,3.0630,16.9610,6.9650,0.0000,0.0000,0.0000,70.4107,0.0000,4430.0000,1755.0000,0.0000,25.0000,48.0000,24.0000,17.0000
1.5970,0.4340,0.2780,0.2550,0.1230,0.0000,0.0000,0.8850,1.0000,3.0630,16.9610,6.9650,0.0000,0.0000,0.0000,70.4101,0.0000,4430.0000,1755.0000,0.0000,25.0000,47.0000,24.0000,17.0000
1.7250,0.4710,0.2790,0.2650,0.1190,0.0000,0.0000,0.9750,1.0000,3.0630,16.9610,6.9650,0.0000,0.0000,0.0000,70.4101,0.0000,4430.0000,1755.0000,0.0000,25.0000,47.0000,24.0000,17.0000
1.8240,0.5010,0.3490,0.2880,0.1880,0.0000,0.0000,0.9740,1.0000,3.0630,16.9610,6.9650,0.0000,0.0000,0.0000,70.4204,0.0000,4431.0000,1755.0000,0.0000,25.0000,47.0000,24.0000,17.0000
1.7760,0.4770,0.3160,0.2580,0.1490,0.0000,0.0000,0.9830,1.0000,3.0630,16.9610,6.9650,0.0000,0.0000,0.0000,70.4301,0.0000,4432.0000,1755.0000,0.0000,25.0000,46.0000,24.0000,17.0000
1.7800,0.4710,0.3040,0.2550,0.1440,0.0000,0.0000,1.0050,1.0000,3.0630,16.9610,6.9650,0.0000,0.0000,0.0000,70.4405,0.0000,4433.0000,1755.0000,0.0000,25.0000,46.0000,24.0000,17.0000
2.0440,0.5090,0.3810,0.2630,0.1650,0.0000,0.0000,1.1540,1.0000,3.0630,16.9610,6.9650,0.0000,0.0000,0.0000,70.4405,0.0000,4433.0000,1755.0000,0.0000,25.0000,46.0000,24.0000,17.0000
1.6820,0.5450,0.3040,0.3150,0.1230,0.0000,0.0000,0.8330,1.0000,3.0630,16.9610,6.9650,0.0000,0.0000,0.0000,70.4406,0.0000,4433.0000,1755.0000,0.0000,25.0000,46.0000,24.0000,16.0000
1.6360,0.4770,0.3130,0.3080,0.1260,0.0000,0.0000,0.8460,1.0000,3.0630,16.9610,6.9650,0.0000,0.0000,0.0000,70.4406,0.0000,4433.0000,1755.0000,0.0000,25.0000,46.0000,24.0000,16.0000
4.4000,0.4310,0.3160,0.2620,0.1620,0.0000,0.0000,3.6530,1.0000,3.0630,16.9610,6.9650,0.0000,0.0000,0.0000,70.4406,0.0000,4433.0000,1755.0000,0.0000,25.0000,46.0000,24.0000,16.0000
2.5090,0.4390,0.4310,0.2640,0.1730,0.0000,0.0000,1.6390,1.0000,3.0630,16.9610,6.9650,0.0000,0.0000,0.0000,70.0302,0.0000,4393.0000,1755.0000,0.0000,25.0000,46.0000,24.0000,16.0000
2.4660,0.7050,0.4160,0.3940,0.1970,0.0000,0.0000,1.3450,1.0000,3.0630,16.9610,6.9650,0.0000,0.0000,0.0000,70.0404,0.0000,4394.0000,1755.0000,0.0000,25.0000,46.0000,24.0000,16.0000
2.2640,0.6600,0.4120,0.3980,0.1690,0.0000,0.0000,1.1920,1.0000,3.0630,16.9610,6.9650,0.0000,0.0000,0.0000,70.0397,0.0000,4394.0000,1755.0000,0.0000,25.0000,45.0000,24.0000,16.0000
2.5410,0.6450,0.3700,0.4340,0.1610,0.0000,0.0000,1.5260,1.0000,3.0630,16.9610,6.9650,0.0000,0.0000,0.0000,70.0398,0.0000,4394.0000,1755.0000,0.0000,25.0000,45.0000,24.0000,16.0000
2.2580,0.6420,0.4490,0.3860,0.2150,0.0000,0.0000,1.1670,1.0000,3.0630,16.9610,6.9650,0.0000,0.0000,0.0000,70.0405,0.0000,4394.0000,1755.0000,0.0000,25.0000,46.0000,24.0000,16.0000
2.3950,0.5820,0.4400,0.3740,0.2140,0.0000,0.0000,1.3730,1.0000,3.0630,16.9610,6.9650,0.0000,0.0000,0.0000,70.0607,0.0000,4396.0000,1755.0000,0.0000,25.0000,46.0000,24.0000,16.0000
2.5900,0.7240,0.4830,0.3920,0.2530,0.0000,0.0000,1.3830,1.0000,3.0630,16.9610,6.9650,0.0000,0.0000,0.0000,70.0710,0.0000,4397.0000,1755.0000,0.0000,25.0000,46.0000,24.0000,16.0000
3.6840,0.7790,0.4900,0.4420,0.2270,0.0000,0.0000,2.4150,1.0000,3.0630,16.9610,6.9650,0.0000,0.0000,0.0000,70.0913,0.0000,4399.0000,1755.0000,0.0000,25.0000,46.0000,24.0000,16.0000
2.6930,1.8530,0.5300,1.4960,0.3020,0.0000,0.0000,0.3100,1.0000,3.0630,16.9610,6.9650,0.0000,0.0000,0.0000,70.1417,0.0000,4404.0000,1755.0000,0.0000,25.0000,45.0000,24.0000,16.0000
2.3010,0.8150,0.4470,0.3370,0.2300,0.0000,0.0000,1.0390,1.0000,3.0630,16.9610,6.9650,0.0000,0.0000,0.0000,70.1418,0.0000,4404.0000,1755.0000,0.0000,25.0000,45.0000,24.0000,16.0000
2.3870,0.5820,0.4780,0.3560,0.2420,0.0000,0.0000,1.3270,1.0000,3.0630,16.9610,6.9650,0.0000,0.0000,0.0000,70.1523,0.0000,4405.0000,1755.0000,0.0000,25.0000,45.0000,24.0000,16.0000
2.1910,0.6600,0.3630,0.3820,0.1540,0.0000,0.0000,1.1680,1.0000,3.0630,16.9610,6.9650,0.0000,0.0000,0.0000,70.1530,0.0000,4405.0000,1755.0000,0.0000,25.0000,46.0000,24.0000,16.0000
2.3850,0.5890,0.3760,0.3670,0.1830,0.0000,0.0000,1.4200,1.0000,3.0630,16.9610,6.9650,0.0000,0.0000,0.0000,70.1633,0.0000,4406.0000,1755.0000,0.0000,25.0000,46.0000,24.0000,15.0000
2.5610,0.7010,0.5280,0.3510,0.3020,0.0000,0.0000,1.3320,1.0000,3.0630,16.9610,6.9650,0.0000,0.0000,0.0000,70.1743,0.0000,4407.0000,1755.0000,0.0000,25.0000,47.0000,24.0000,15.0000
2.4030,0.7030,0.3860,0.4200,0.1600,0.0000,0.0000,1.3140,1.0000,3.0630,16.9610,6.9650,0.0000,0.0000,0.0000,70.1737,0.0000,4407.0000,1755.0000,0.0000,25.0000,46.0000,24.0000,15.0000
2.1070,0.5980,0.3600,0.3240,0.1450,0.0000,0.0000,1.1490,1.0000,3.0630,16.9610,6.9650,0.0000,0.0000,0.0000,70.1737,0.0000,4407.0000,1755.0000,0.0000,25.0000,46.0000,24.0000,15.0000
2.3220,0.5440,0.4840,0.3270,0.2300,0.0000,0.0000,1.2940,1.0000,3.0630,16.9610,6.9650,0.0000,0.0000,0.0000,70.1939,0.0000,4409.0000,1755.0000,0.0000,25.0000,46.0000,24.0000,15.0000
2.9630,0.7020,0.5200,0.3850,0.2710,0.0000,0.0000,1.7410,1.0000,3.0630,16.9610,6.9650,0.0000,0.0000,0.0000,70.2145,0.0000,4411.0000,1755.0000,0.0000,25.0000,46.0000,24.0000,15.0000
2.5550,0.9990,0.4920,0.5860,0.2280,0.0000,0.0000,1.0640,1.0000,3.0630,16.9610,6.9650,0.0000,0.0000,0.0000,70.2247,0.0000,4412.0000,1755.0000,0.0000,25.0000,46.0000,24.0000,16.0000
2.0960,0.6740,0.4170,0.4030,0.1650,0.0000,0.0000,1.0050,1.0000,3.0630,16.9610,6.9650,0.0000,0.0000,0.0000,70.2242,0.0000,4412.0000,1755.0000,0.0000,25.0000,45.0000,24.0000,16.0000
2.0120,0.5720,0.3700,0.3500,0.1560,0.0000,0.0000,1.0700,1.0000,3.0630,16.9610,6.9650,0.0000,0.0000,0.0000,70.2242,0.0000,4412.0000,1755.0000,0.0000,25.0000,45.0000,24.0000,16.0000
2.1170,0.6110,0.4770,0.4030,0.2290,0.0000,0.0000,1.0290,1.0000,3.0630,16.9610,6.9650,0.0000,0.0000,0.0000,70.2345,0.0000,4413.0000,1755.0000,0.0000,25.0000,45.0000,24.0000,16.0000
2.1100,0.6350,0.4020,0.3690,0.1970,0.0000,0.0000,1.0730,1.0000,3.0630,16.9610,6.9650,0.0000,0.0000,0.0000,70.2345,0.0000,4413.0000,1755.0000,0.0000,25.0000,45.0000,24.0000,16.0000
2.3080,0.6980,0.4440,0.4440,0.1790,0.0000,0.0000,1.1660,1.0000,3.0630,16.9610,6.9650,0.0000,0.0000,0.0000,70.2345,0.0000,4413.0000,1755.0000,0.0000,25.0000,45.0000,24.0000,16.0000
2.3640,0.6850,0.4610,0.4430,0.2520,0.0000,0.0000,1.2180,1.0000,3.0630,16.9610,6.9650,0.0000,0.0000,0.0000,70.2448,0.0000,4414.0000,1755.0000,0.0000,25.0000,45.0000,24.0000,16.0000
2.0470,0.7600,0.3840,0.4010,0.1730,0.0000,0.0000,0.9030,1.0000,3.0630,16.9610,6.9650,0.0000,0.0000,0.0000,70.2441,0.0000,4414.0000,1755.0000,0.0000,25.0000,44.0000,24.0000,15.0000
2.7590,0.5570,0.3860,0.3460,0.1630,0.0000,0.0000,1.8160,1.0000,3.0630,16.9610,6.9650,0.0000,0.0000,0.0000,70.2442,0.0000,4414.0000,1755.0000,0.0000,25.0000,44.0000,24.0000,15.0000
2.9620,0.8380,0.5450,0.6020,0.2410,0.0000,0.0000,1.5790,1.0000,3.0630,16.9610,6.9650,0.0000,0.0000,0.0000,70.2435,0.0000,4414.0000,1755.0000,0.0000,25.0000,43.0000,24.0000,15.0000
2.6660,0.8600,0.5040,0.5460,0.2280,0.0000,0.0000,1.3020,1.0000,3.0630,16.9610,6.9650,0.0000,0.0000,0.0000,70.2435,0.0000,4414.0000,1755.0000,0.0000,25.0000,43.0000,24.0000,15.0000
3.1830,0.7890,0.5220,0.4910,0.2290,0.0000,0.0000,1.8720,1.0000,3.0630,16.9610,6.9650,0.0000,0.0000,0.0000,70.2428,0.0000,4414.0000,1755.0000,0.0000,25.0000,42.0000,24.0000,15.0000
3.0140,0.7520,0.5460,0.4350,0.2390,0.0000,0.0000,1.7160,1.0000,3.0630,16.9610,6.9650,0.0000,0.0000,0.0000,70.2428,0.0000,4414.0000,1755.0000,0.0000,25.0000,42.0000,24.0000,15.0000
3.3230,0.8960,0.6010,0.5870,0.3110,0.0000,0.0000,1.8260,1.0000,3.0630,16.9610,6.9650,0.0000,0.0000,0.0000,70.2821,0.0000,4418.0000,1755.0000,0.0000,25.0000,40.0000,24.0000,14.0000
3.0840,1.0220,0.5710,0.5220,0.3150,0.0000,0.0000,1.4910,1.0000,3.0630,16.9610,6.9650,0.0000,0.0000,0.0000,70.2931,0.0000,4419.0000,1755.0000,0.0000,25.0000,41.0000,24.0000,14.0000
3.8670,0.8560,0.5970,0.5120,0.2770,0.0000,0.0000,2.4140,1.0000,3.0630,16.9610,6.9650,0.0000,0.0000,0.0000,70.2933,0.0000,4419.0000,1755.0000,0.0000,25.0000,41.0000,24.0000,14.0000
3.0360,0.8550,0.6100,0.4660,0.2900,0.0000,0.0000,1.5710,1.0000,3.0630,16.9610,6.9650,0.0000,0.0000,0.0000,70.2934,0.0000,4419.0000,1755.0000,0.0000,25.0000,41.0000,24.0000,14.0000
3.2540,0.8260,0.6330,0.5230,0.3540,0.0000,0.0000,1.7950,1.0000,3.0630,16.9610,6.9650,0.0000,0.0000,0.0000,70.3132,0.0000,4421.0000,1755.0000,0.0000,25.0000,40.0000,24.0000,14.0000
2.9630,1.1030,0.5990,0.5550,0.2640,0.0000,0.0000,1.2610,1.0000,3.0630,16.9610,6.9650,0.0000,0.0000,0.0000,70.3122,0.0000,4421.0000,1755.0000,0.0000,25.0000,40.0000,24.0000,14.0000
3.0710,0.8170,0.6170,0.4610,0.3160,0.0000,0.0000,1.6370,1.0000,3.0630,16.9610,6.9650,0.0000,0.0000,0.0000,69.9437,0.0000,4385.0000,1755.0000,0.0000,25.0000,40.0000,24.0000,14.0000
2.7550,0.8940,0.5570,0.4610,0.2600,0.0000,0.0000,1.3040,1.0000,3.0630,16.9610,6.9650,0.0000,0.0000,0.0000,69.9445,0.0000,4385.0000,1755.0000,0.0000,25.0000,41.0000,24.0000,14.0000
2.9410,0.7710,0.5640,0.4570,0.2840,0.0000,0.0000,1.6060,1.0000,3.0630,16.9610,6.9650,0.0000,0.0000,0.0000,69.9446,0.0000,4385.0000,1755.0000,0.0000,25.0000,41.0000,24.0000,14.0000
2.8560,0.8650,0.4800,0.5220,0.2240,0.0000,0.0000,1.5110,1.0000,3.0630,16.9610,6.9650,0.0000,0.0000,0.0000,69.9446,0.0000,4385.0000,1755.0000,0.0000,25.0000,41.0000,24.0000,14.0000
3.2250,0.8070,0.5590,0.5280,0.3010,0.0000,0.0000,1.8590,1.0000,3.0630,16.9610,6.9650,0.0000,0.0000,0.0000,69.9755,0.0000,4388.0000,1755.0000,0.0000,25.0000,41.0000,24.0000,14.0000
2.9220,0.9320,0.6150,0.5160,0.2920,0.0000,0.0000,1.3750,1.0000,3.0630,16.9610,6.9650,0.0000,0.0000,0.0000,69.9749,0.0000,4388.0000,1755.0000,0.0000,25.0000,40.0000,24.0000,14.0000
2.9470,0.7740,0.5550,0.5010,0.2730,0.0000,0.0000,1.6180,1.0000,3.0630,16.9610,6.9650,0.0000,0.0000,0.0000,69.9757,0.0000,4388.0000,1755.0000,0.0000,25.0000,41.0000,24.0000,14.0000
2.6940,0.9180,0.4780,0.5410,0.2260,0.0000,0.0000,1.2980,1.0000,3.0630,16.9610,6.9650,0.0000,0.0000,0.0000,69.9757,0.0000,4388.0000,1755.0000,0.0000,25.0000,41.0000,24.0000,14.0000
2.7540,0.7330,0.5090,0.4580,0.2310,0.0000,0.0000,1.5120,1.0000,3.0630,16.9610,6.9650,0.0000,0.0000,0.0000,69.9750,0.0000,4388.0000,1755.0000,0.0000,25.0000,40.0000,24.0000,14.0000
2.9940,0.7410,0.6110,0.4390,0.2980,0.0000,0.0000,1.6420,1.0000,3.0630,16.9610,6.9650,0.0000,0.0000,0.0000,69.9952,0.0000,4390.0000,1755.0000,0.0000,25.0000,40.0000,24.0000,13.0000
2.7030,0.8210,0.5370,0.4420,0.2430,0.0000,0.0000,1.3450,1.0000,3.0630,16.9610,6.9650,0.0000,0.0000,0.0000,69.9952,0.0000,4390.0000,1755.0000,0.0000,25.0000,40.0000,24.0000,13.0000
2.8470,0.7840,0.6070,0.4700,0.3400,0.0000,0.0000,1.4560,1.0000,3.0630,16.9610,6.9650,0.0000,0.0000,0.0000,70.0063,0.0000,4391.0000,1755.0000,0.0000,25.0000,41.0000,24.0000,13.0000
2.6400,0.8220,0.5130,0.4780,0.2680,0.0000,0.0000,1.3050,1.0000,3.0630,16.9610,6.9650,0.0000,0.0000,0.0000,70.0063,0.0000,4391.0000,1755.0000,0.0000,25.0000,41.0000,24.0000,13.0000
2.7240,0.7580,0.4830,0.4800,0.2140,0.0000,0.0000,1.4830,1.0000,3.0630,16.9610,6.9650,0.0000,0.0000,0.0000,70.0064,0.0000,4391.0000,1755.0000,0.0000,25.0000,41.0000,24.0000,13.0000
2.8520,0.8140,0.5860,0.5200,0.2810,0.0000,0.0000,1.4520,1.0000,3.0630,16.9610,6.9650,0.0000,0.0000,0.0000,70.0173,0.0000,4392.0000,1755.0000,0.0000,25.0000,42.0000,24.0000,13.0000
2.8390,0.7890,0.5800,0.4350,0.2590,0.0000,0.0000,1.4700,1.0000,3.0630,16.9610,6.9650,0.0000,0.0000,0.0000,70.0173,0.0000,4392.0000,1755.0000,0.0000,25.0000,42.0000,24.0000,13.0000
2.7300,0.7520,0.4790,0.4870,0.2190,0.0000,0.0000,1.4990,1.0000,3.0630,16.9610,6.9650,0.0000,0.0000,0.0000,70.0174,0.0000,4392.0000,1755.0000,0.0000,25.0000,42.0000,24.0000,11.0000
2.5690,0.8270,0.5300,0.5000,0.2700,0.0000,0.0000,1.2120,1.0000,3.0630,16.9610,6.9650,0.0000,0.0000,0.0000,70.0379,0.0000,4394.0000,1755.0000,0.0000,25.0000,42.0000,24.0000,11.0000
2.2010,0.6290,0.4700,0.3280,0.2580,0.0000,0.0000,1.1020,1.0000,3.0630,16.9610,6.9650,0.0000,0.0000,0.0000,70.0482,0.0000,4395.0000,1755.0000,0.0000,25.0000,42.0000,24.0000,11.0000
2.0670,0.6270,0.4230,0.3930,0.1680,0.0000,0.0000,1.0170,1.0000,3.0630,16.9610,6.9650,0.0000,0.0000,0.0000,70.0483,0.0000,4395.0000,1755.0000,0.0000,25.0000,42.0000,24.0000,11.0000
2.3440,0.5890,0.3760,0.3960,0.1670,0.0000,0.0000,1.3790,1.0000,3.0630,16.9610,6.9650,0.0000,0.0000,0.0000,70.0490,0.0000,4395.0000,1755.0000,0.0000,25.0000,43.0000,24.0000,11.0000
2.6600,0.5770,0.5970,0.3860,0.2710,0.0000,0.0000,1.4860,1.0000,3.0630,16.9610,6.9650,0.0000,0.0000,0.0000,70.0591,0.0000,4396.0000,1755.0000,0.0000,25.0000,43.0000,24.0000,12.0000
2.1120,0.7430,0.3880,0.4210,0.1660,0.0000,0.0000,0.9810,1.0000,3.0630,16.9610,6.9650,0.0000,0.0000,0.0000,70.0591,0.0000,4396.0000,1755.0000,0.0000,25.0000,43.0000,24.0000,12.0000
2.1730,0.5930,0.4250,0.3910,0.1940,0.0000,0.0000,1.1550,1.0000,3.0630,16.9610,6.9650,0.0000,0.0000,0.0000,70.0694,0.0000,4397.0000,1755.0000,0.0000,25.0000,43.0000,24.0000,12.0000
1.9880,0.6010,0.3710,0.3230,0.1710,0.0000,0.0000,1.0160,1.0000,3.0630,16.9610,6.9650,0.0000,0.0000,0.0000,70.0694,0.0000,4397.0000,1755.0000,0.0000,25.0000,43.0000,24.0000,12.0000
2.1170,0.5710,0.3580,0.3090,0.1600,0.0000,0.0000,1.1880,1.0000,3.0630,16.9610,6.9650,0.0000,0.0000,0.0000,70.0695,0.0000,4397.0000,1755.0000,0.0000,25.0000,43.0000,24.0000,11.0000
2.0740,0.5350,0.3630,0.3110,0.1640,0.0000,0.0000,1.1760,1.0000,3.0630,16.9610,6.9650,0.0000,0.0000,0.0000,70.0688,0.0000,4397.0000,1755.0000,0.0000,25.0000,42.0000,24.0000,11.0000
2.4000,0.5210,0.4800,0.3140,0.2730,0.0000,0.0000,1.3990,1.0000,3.0630,16.9610,6.9650,0.0000,0.0000,0.0000,70.1092,0.0000,4401.0000,1755.0000,0.0000,25.0000,42.0000,24.0000,11.0000
2.1180,0.7600,0.4100,0.4080,0.1750,0.0000,0.0000,0.9480,1.0000,3.0630,16.9610,6.9650,0.0000,0.0000,0.0000,70.1093,0.0000,4401.0000,1755.0000,0.0000,25.0000,42.0000,24.0000,11.0000
2.0350,0.5780,0.4100,0.3720,0.1610,0.0000,0.0000,1.0470,1.0000,3.0630,16.9610,6.9650,0.0000,0.0000,0.0000,70.1095,0.0000,4401.0000,1755.0000,0.0000,25.0000,42.0000,24.0000,11.0000
2.1780,0.6040,0.4190,0.3990,0.2060,0.0000,0.0000,1.1550,1.0000,3.0630,16.9610,6.9650,0.0000,0.0000,0.0000,70.1198,0.0000,4402.0000,1755.0000,0.0000,25.0000,42.0000,24.0000,13.0000
2.1140,0.6090,0.3770,0.3230,0.1620,0.0000,0.0000,1.1280,1.0000,3.0630,16.9610,6.9650,0.0000,0.0000,0.0000,70.1198,0.0000,4402.0000,1755.0000,0.0000,25.0000,42.0000,24.0000,13.0000
2.3690,0.5810,0.3710,0.3290,0.1710,0.0000,0.0000,1.4170,1.0000,3.0630,16.9610,6.9650,0.0000,0.0000,0.0000,70.1205,0.0000,4402.0000,1755.0000,0.0000,25.0000,42.0000,24.0000,14.0000
2.0930,0.8180,0.4020,0.6060,0.2060,0.0000,0.0000,0.8730,1.0000,3.0630,16.9610,6.9650,0.0000,0.0000,0.0000,70.1212,0.0000,4402.0000,1755.0000,0.0000,25.0000,43.0000,24.0000,14.0000
2.0800,0.5150,0.3900,0.3130,0.1990,0.0000,0.0000,1.1750,1.0000,3.0630,16.9610,6.9650,0.0000,0.0000,0.0000,70.1205,0.0000,4402.0000,1755.0000,0.0000,25.0000,42.0000,24.0000,14.0000
2.0100,0.6150,0.4050,0.3590,0.1740,0.0000,0.0000,0.9900,1.0000,3.0630,16.9610,6.9650,0.0000,0.0000,0.0000,70.1205,0.0000,4402.0000,1755.0000,0.0000,25.0000,42.0000,24.0000,14.0000
2.0440,0.5690,0.4100,0.3670,0.1720,0.0000,0.0000,1.0650,1.0000,3.0630,16.9610,6.9650,0.0000,0.0000,0.0000,70.1205,0.0000,4402.0000,1755.0000,0.0000,25.0000,42.0000,24.0000,14.0000
2.0110,0.6460,0.3970,0.3700,0.1710,0.0000,0.0000,0.9680,1.0000,3.0630,16.9610,6.9650,0.0000,0.0000,0.0000,70.1197,0.0000,4402.0000,1755.0000,0.0000,25.0000,42.0000,24.0000,14.0000
2.1390,0.5800,0.3850,0.3760,0.1630,0.0000,0.0000,1.1740,1.0000,3.0630,16.9610,6.9650,0.0000,0.0000,0.0000,69.8522,0.0000,4376.0000,1755.0000,0.0000,25.0000,42.0000,24.0000,14.0000
2.0700,0.6140,0.3450,0.3720,0.1490,0.0000,0.0000,1.1110,1.0000,3.0630,16.9610,6.9650,0.0000,0.0000,0.0000,69.8521,0.0000,4376.0000,1755.0000,0.0000,25.0000,42.0000,24.0000,14.0000
2.2870,0.5480,0.3900,0.3750,0.1940,0.0000,0.0000,1.3490,1.0000,3.0630,16.9610,6.9650,0.0000,0.0000,0.0000,69.8834,0.0000,4379.0000,1755.0000,0.0000,25.0000,43.0000,24.0000,15.0000
2.1050,0.6760,0.3600,0.3190,0.1780,0.0000,0.0000,1.0690,1.0000,3.0630,16.9610,6.9650,0.0000,0.0000,0.0000,69.8930,0.0000,4380.0000,1755.0000,0.0000,25.0000,42.0000,24.0000,15.0000
2.2160,0.5450,0.4250,0.2970,0.1910,0.0000,0.0000,1.2460,1.0000,3.0630,16.9610,6.9650,0.0000,0.0000,0.0000,69.9035,0.0000,4381.0000,1755.0000,0.0000,25.0000,42.0000,24.0000,14.0000
2.1390,0.5260,0.3980,0.3020,0.2100,0.0000,0.0000,1.2150,1.0000,3.0630,16.9610,6.9650,0.0000,0.0000,0.0000,69.9035,0.0000,4381.0000,1755.0000,0.0000,25.0000,42.0000,24.0000,14.0000
2.0540,0.5150,0.3940,0.3260,0.1690,0.0000,0.0000,1.1450,1.0000,3.0630,16.9610,6.9650,0.0000,0.0000,0.0000,69.9036,0.0000,4381.0000,1755.0000,0.0000,25.0000,42.0000,24.0000,14.0000
2.4790,0.5700,0.4610,0.3720,0.2390,0.0000,0.0000,1.4480,1.0000,3.0630,16.9610,6.9650,0.0000,0.0000,0.0000,69.9445,0.0000,4385.0000,1755.0000,0.0000,25.0000,42.0000,24.0000,14.0000
2.2130,0.7590,0.4190,0.3200,0.1920,0.0000,0.0000,1.0350,1.0000,3.0630,16.9610,6.9650,0.0000,0.0000,0.0000,69.9549,0.0000,4386.0000,1755.0000,0.0000,25.0000,42.0000,24.0000,14.0000
2.3170,0.5780,0.4050,0.3080,0.2060,0.0000,0.0000,1.3340,1.0000,3.0630,16.9610,6.9650,0.0000,0.0000,0.0000,69.9631,0.0000,4387.0000,1755.0000,0.0000,25.0000,42.0000,24.0000,14.0000
2.4110,0.7030,0.4200,0.5210,0.1800,0.0000,0.0000,1.2880,1.0000,3.0630,16.9610,6.9650,0.0000,0.0000,0.0000,69.9608,0.0000,4387.0000,1755.0000,0.0000,25.0000,44.0000,24.0000,16.0000
2.7260,0.7730,0.5420,0.5830,0.3410,0.0000,0.0000,1.4110,1.0000,3.0630,16.9610,6.9650,0.0000,0.0000,0.0000,70.0640,0.0000,4411.0000,1755.0000,0.0000,25.0000,45.0000,24.0000,16.0000
2.2580,0.9610,0.4180,0.3840,0.2050,0.0000,0.0000,0.8790,1.0000,3.0630,16.9610,6.9650,0.0000,0.0000,0.0000,70.0745,0.0000,4412.0000,1755.0000,0.0000,25.0000,45.0000,24.0000,16.0000
2.2130,0.5970,0.4120,0.3160,0.1960,0.0000,0.0000,1.2040,1.0000,3.0630,16.9610,6.9650,0.0000,0.0000,0.0000,70.0852,0.0000,4413.0000,1755.0000,0.0000,25.0000,45.0000,24.0000,16.0000
2.2740,0.5620,0.3850,0.3070,0.1900,0.0000,0.0000,1.3270,1.0000,3.0630,16.9610,6.9650,0.0000,0.0000,0.0000,70.0948,0.0000,4414.0000,1755.0000,0.0000,25.0000,44.0000,24.0000,17.0000
2.1630,0.6690,0.3940,0.4120,0.1630,0.0000,0.0000,1.1000,1.0000,3.0630,16.9610,6.9650,0.0000,0.0000,0.0000,70.0949,0.0000,4414.0000,1755.0000,0.0000,25.0000,44.0000,24.0000,17.0000
2.2420,0.5630,0.4360,0.3560,0.2080,0.0000,0.0000,1.2430,1.0000,3.0630,16.9610,6.9650,0.0000,0.0000,0.0000,70.1045,0.0000,4415.0000,1755.0000,0.0000,25.0000,43.0000,24.0000,17.0000
2.1220,0.5840,0.3960,0.3200,0.1890,0.0000,0.0000,1.1420,1.0000,3.0630,16.9610,6.9650,0.0000,0.0000,0.0000,70.1162,0.0000,4416.0000,1755.0000,0.0000,25.0000,43.0000,24.0000,17.0000
2.8120,0.5660,0.4620,0.3080,0.2620,0.0000,0.0000,1.7840,1.0000,3.0630,16.9610,6.9650,0.0000,0.0000,0.0000,70.1266,0.0000,4417.0000,1755.0000,0.0000,25.0000,43.0000,24.0000,16.0000
2.3030,0.5470,0.4530,0.3030,0.2050,0.0000,0.0000,1.3030,1.0000,3.0630,16.9610,6.9650,0.0000,0.0000,0.0000,70.1469,0.0000,4419.0000,1755.0000,0.0000,25.0000,43.0000,24.0000,15.0000
2.6760,0.6310,0.3880,0.3360,0.1860,0.0000,0.0000,1.6570,1.0000,3.0630,16.9610,6.9650,0.0000,0.0000,0.0000,70.1472,0.0000,4419.0000,1755.0000,0.0000,25.0000,43.0000,24.0000,15.0000
2.1900,1.0570,0.3870,0.6300,0.1610,0.0000,0.0000,0.7460,1.0000,3.0630,16.9610,6.9650,0.0000,0.0000,0.0000,70.1473,0.0000,4419.0000,1755.0000,0.0000,25.0000,43.0000,24.0000,15.0000
2.9030,0.5620,0.3580,0.3100,0.1580,0.0000,0.0000,1.9830,1.0000,3.0630,16.9610,6.9650,0.0000,0.0000,0.0000,70.1480,0.0000,4419.0000,1755.0000,0.0000,25.0000,44.0000,24.0000,15.0000
2.1580,0.5230,0.3990,0.3080,0.1600,0.0000,0.0000,1.2360,1.0000,3.0630,16.9610,6.9650,0.0000,0.0000,0.0000,70.1480,0.0000,4419.0000,1755.0000,0.0000,25.0000,44.0000,24.0000,15.0000
2.2480,0.5650,0.4180,0.3130,0.2160,0.0000,0.0000,1.2650,1.0000,3.0630,16.9610,6.9650,0.0000,0.0000,0.0000,70.1682,0.0000,4421.0000,1755.0000,0.0000,25.0000,44.0000,24.0000,15.0000
2.3980,0.6590,0.4560,0.3750,0.2550,0.0000,0.0000,1.2830,1.0000,3.0630,16.9610,6.9650,0.0000,0.0000,0.0000,70.1981,0.0000,4424.0000,1755.0000,0.0000,25.0000,43.0000,24.0000,15.0000
2.4460,0.7040,0.4420,0.3810,0.2080,0.0000,0.0000,1.3000,1.0000,3.0630,16.9610,6.9650,0.0000,0.0000,0.0000,70.2289,0.0000,4427.0000,1755.0000,0.0000,25.0000,43.0000,24.0000,15.0000
2.4080,0.6860,0.3770,0.3070,0.1790,0.0000,0.0000,1.3450,1.0000,3.0630,16.9610,6.9650,0.0000,0.0000,0.0000,70.2394,0.0000,4428.0000,1755.0000,0.0000,25.0000,43.0000,24.0000,15.0000
2.3220,0.7450,0.4110,0.4790,0.1750,0.0000,0.0000,1.1660,1.0000,3.0630,16.9610,6.9650,0.0000,0.0000,0.0000,70.2402,0.0000,4428.0000,1755.0000,0.0000,25.0000,44.0000,24.0000,14.0000
2.3640,0.6210,0.3670,0.3820,0.1470,0.0000,0.0000,1.3760,1.0000,3.0630,16.9610,6.9650,0.0000,0.0000,0.0000,70.2396,0.0000,4428.0000,1755.0000,0.0000,25.0000,43.0000,24.0000,14.0000
2.2710,0.5700,0.3560,0.3250,0.1440,0.0000,0.0000,1.3450,1.0000,3.0630,16.9610,6.9650,0.0000,0.0000,0.0000,70.2396,0.0000,4428.0000,1755.0000,0.0000,25.0000,43.0000,24.0000,14.0000
2.4080,0.5310,0.4580,0.3190,0.2080,0.0000,0.0000,1.4190,1.0000,3.0630,16.9610,6.9650,0.0000,0.0000,0.0000,70.2700,0.0000,4431.0000,1755.0000,0.0000,25.0000,43.0000,24.0000,14.0000
3.2500,0.6610,0.3810,0.3040,0.1820,0.0000,0.0000,2.2080,1.0000,3.0630,16.9610,6.9650,0.0000,0.0000,0.0000,70.2704,0.0000,4416.0000,1755.0000,0.0000,25.0000,42.0000,24.0000,15.0000
2.0810,0.7010,0.3790,0.3500,0.1570,0.0000,0.0000,1.0010,1.0000,3.0630,16.9610,6.9650,0.0000,0.0000,0.0000,70.2706,0.0000,4416.0000,1755.0000,0.0000,25.0000,42.0000,24.0000,15.0000
2.1970,0.5330,0.3630,0.3220,0.1600,0.0000,0.0000,1.3010,1.0000,3.0630,16.9610,6.9650,0.0000,0.0000,0.0000,70.2713,0.0000,4416.0000,1755.0000,0.0000,25.0000,43.0000,24.0000,15.0000
2.3270,0.7230,0.4210,0.4930,0.1900,0.0000,0.0000,1.1830,1.0000,3.0630,16.9610,6.9650,0.0000,0.0000,0.0000,70.2926,0.0000,4418.0000,1755.0000,0.0000,25.0000,44.0000,24.0000,15.0000
2.4410,0.6890,0.4860,0.3860,0.2420,0.0000,0.0000,1.2660,1.0000,3.0630,16.9610,6.9650,0.0000,0.0000,0.0000,70.3028,0.0000,4419.0000,1755.0000,0.0000,25.0000,44.0000,24.0000,15.0000
2.0620,0.6050,0.3580,0.3330,0.1510,0.0000,0.0000,1.0990,1.0000,3.0630,16.9610,6.9650,0.0000,0.0000,0.0000,70.3036,0.0000,4419.0000,1755.0000,0.0000,25.0000,45.0000,24.0000,15.0000
2.2260,0.5780,0.4730,0.3670,0.2120,0.0000,0.0000,1.1750,1.0000,3.0630,16.9610,6.9650,0.0000,0.0000,0.0000,70.3037,0.0000,4419.0000,1755.0000,0.0000,25.0000,45.0000,24.0000,15.0000
2.1380,0.5880,0.4120,0.3750,0.1540,0.0000,0.0000,1.1380,1.0000,3.0630,16.9610,6.9650,0.0000,0.0000,0.0000,70.3010,0.0000,4418.0000,1755.0000,0.0000,25.0000,43.0000,24.0000,15.0000
2.9190,0.5880,0.4260,0.3620,0.1940,0.0000,0.0000,1.9050,1.0000,3.0630,16.9610,6.9650,0.0000,0.0000,0.0000,70.3220,0.0000,4420.0000,1755.0000,0.0000,25.0000,44.0000,24.0000,15.0000
2.2890,0.6550,0.4360,0.3110,0.1870,0.0000,0.0000,1.1980,1.0000,3.0630,16.9610,6.9650,0.0000,0.0000,0.0000,69.9699,0.0000,4386.0000,1755.0000,0.0000,25.0000,44.0000,24.0000,15.0000
2.0430,0.5800,0.3710,0.3070,0.1800,0.0000,0.0000,1.0920,1.0000,3.0630,16.9610,6.9650,0.0000,0.0000,0.0000,69.9802,0.0000,4387.0000,1755.0000,0.0000,25.0000,44.0000,24.0000,15.0000
2.0680,0.5900,0.3670,0.3050,0.1600,0.0000,0.0000,1.1110,1.0000,3.0630,16.9610,6.9650,0.0000,0.0000,0.0000,69.9803,0.0000,4387.0000,1755.0000,0.0000,25.0000,44.0000,24.0000,16.0000
1.9670,0.5090,0.3390,0.3040,0.1480,0.0000,0.0000,1.1190,1.0000,3.0630,16.9610,6.9650,0.0000,0.0000,0.0000,69.9804,0.0000,4387.0000,1755.0000,0.0000,25.0000,44.0000,24.0000,15.0000
2.1200,0.5060,0.3740,0.3070,0.1850,0.0000,0.0000,1.2400,1.0000,3.0630,16.9610,6.9650,0.0000,0.0000,0.0000,69.9906,0.0000,4388.0000,1755.0000,0.0000,25.0000,44.0000,24.0000,15.0000
1.9420,0.5460,0.3340,0.3070,0.1460,0.0000,0.0000,1.0620,1.0000,3.0630,16.9610,6.9650,0.0000,0.0000,0.0000,69.9906,0.0000,4388.0000,1755.0000,0.0000,25.0000,44.0000,24.0000,16.0000
1.9980,0.4980,0.3340,0.3030,0.1500,0.0000,0.0000,1.1660,1.0000,3.0630,16.9610,6.9650,0.0000,0.0000,0.0000,69.9907,0.0000,4388.0000,1755.0000,0.0000,25.0000,44.0000,24.0000,16.0000
2.1360,0.5080,0.3700,0.3070,0.1860,0.0000,0.0000,1.2580,1.0000,3.0630,16.9610,6.9650,0.0000,0.0000,0.0000,70.0112,0.0000,4390.0000,1755.0000,0.0000,25.0000,44.0000,24.0000,15.0000
2.2040,0.6010,0.4550,0.3250,0.2650,0.0000,0.0000,1.1480,1.0000,3.0630,16.9610,6.9650,0.0000,0.0000,0.0000,70.0222,0.0000,4391.0000,1755.0000,0.0000,25.0000,45.0000,24.0000,15.0000
2.2320,0.5590,0.4350,0.3230,0.2320,0.0000,0.0000,1.2380,1.0000,3.0630,16.9610,6.9650,0.0000,0.0000,0.0000,70.0425,0.0000,4393.0000,1755.0000,0.0000,25.0000,45.0000,24.0000,16.0000
2.1050,0.6560,0.4370,0.3640,0.1630,0.0000,0.0000,1.0120,1.0000,3.0630,16.9610,6.9650,0.0000,0.0000,0.0000,70.0432,0.0000,4393.0000,1755.0000,0.0000,25.0000,46.0000,24.0000,16.0000
2.1050,0.5460,0.3800,0.3510,0.1840,0.0000,0.0000,1.1790,1.0000,3.0630,16.9610,6.9650,0.0000,0.0000,0.0000,70.0536,0.0000,4394.0000,1755.0000,0.0000,25.0000,46.0000,24.0000,16.0000
1.9260,0.5840,0.3370,0.3090,0.1470,0.0000,0.0000,1.0050,1.0000,3.0630,16.9610,6.9650,0.0000,0.0000,0.0000,70.0536,0.0000,4394.0000,1755.0000,0.0000,25.0000,46.0000,24.0000,15.0000
2.2480,0.5440,0.3720,0.3520,0.1830,0.0000,0.0000,1.3320,1.0000,3.0630,16.9610,6.9650,0.0000,0.0000,0.0000,70.0639,0.0000,4395.0000,1755.0000,0.0000,25.0000,46.0000,24.0000,16.0000
2.1810,0.5770,0.3490,0.3030,0.1530,0.0000,0.0000,1.2550,1.0000,3.0630,16.9610,6.9650,0.0000,0.0000,0.0000,70.0641,0.0000,4395.0000,1755.0000,0.0000,25.0000,46.0000,24.0000,15.0000
2.2940,0.5060,0.4230,0.3030,0.2170,0.0000,0.0000,1.3650,1.0000,3.0630,16.9610,6.9650,0.0000,0.0000,0.0000,70.0845,0.0000,4397.0000,1755.0000,0.0000,25.0000,46.0000,24.0000,16.0000
2.0930,0.6540,0.3900,0.3820,0.1930,0.0000,0.0000,1.0490,1.0000,3.0630,16.9610,6.9650,0.0000,0.0000,0.0000,70.0847,0.0000,4397.0000,1755.0000,0.0000,25.0000,46.0000,24.0000,16.0000
2.2350,0.5770,0.4320,0.3850,0.2110,0.0000,0.0000,1.2260,1.0000,3.0630,16.9610,6.9650,0.0000,0.0000,0.0000,70.1044,0.0000,4399.0000,1755.0000,0.0000,25.0000,45.0000,24.0000,16.0000
1.9650,0.6770,0.3420,0.3030,0.1520,0.0000,0.0000,0.9460,1.0000,3.0630,16.9610,6.9650,0.0000,0.0000,0.0000,70.1052,0.0000,4399.0000,1755.0000,0.0000,25.0000,46.0000,24.0000,15.0000
2.1540,0.5480,0.3750,0.3130,0.1820,0.0000,0.0000,1.2310,1.0000,3.0630,16.9610,6.9650,0.0000,0.0000,0.0000,70.1156,0.0000,4400.0000,1755.0000,0.0000,25.0000,46.0000,24.0000,16.0000
2.0970,0.5680,0.3910,0.2990,0.2010,0.0000,0.0000,1.1380,1.0000,3.0630,16.9610,6.9650,0.0000,0.0000,0.0000,70.1265,0.0000,4401.0000,1755.0000,0.0000,25.0000,47.0000,24.0000,16.0000
2.0100,0.5860,0.3320,0.3030,0.1460,0.0000,0.0000,1.0920,1.0000,3.0630,16.9610,6.9650,0.0000,0.0000,0.0000,70.1266,0.0000,4401.0000,1755.0000,0.0000,25.0000,47.0000,24.0000,16.0000
2.1840,0.5000,0.3860,0.3030,0.1970,0.0000,0.0000,1.2980,1.0000,3.0630,16.9610,6.9650,0.0000,0.0000,0.0000,70.1571,0.0000,4404.0000,1755.0000,0.0000,25.0000,47.0000,24.0000,16.0000
2.1750,0.6260,0.3950,0.3160,0.2070,0.0000,0.0000,1.1540,1.0000,3.0630,16.9610,6.9650,0.0000,0.0000,0.0000,70.1571,0.0000,4404.0000,1755.0000,0.0000,25.0000,47.0000,24.0000,15.0000
2.0730,0.5400,0.4050,0.3380,0.1980,0.0000,0.0000,1.1280,1.0000,3.0630,16.9610,6.9650,0.0000,0.0000,0.0000,70.1573,0.0000,4404.0000,1755.0000,0.0000,25.0000,47.0000,24.0000,16.0000
2.2310,0.5110,0.4230,0.3180,0.2240,0.0000,0.0000,1.2970,1.0000,3.0630,16.9610,6.9650,0.0000,0.0000,0.0000,70.1675,0.0000,4405.0000,1755.0000,0.0000,25.0000,47.0000,24.0000,16.0000
2.2780,0.6030,0.4210,0.3530,0.1900,0.0000,0.0000,1.2540,1.0000,3.0630,16.9610,6.9650,0.0000,0.0000,0.0000,70.1668,0.0000,4405.0000,1755.0000,0.0000,25.0000,46.0000,24.0000,16.0000
2.0590,0.5790,0.3500,0.3130,0.1500,0.0000,0.0000,1.1300,1.0000,3.0630,16.9610,6.9650,0.0000,0.0000,0.0000,70.1669,0.0000,4405.0000,1755.0000,0.0000,25.0000,46.0000,24.0000,16.0000
