frame_ms,scripts_physics_ms,scripts_process_ms,guard_ai_ms,guard_presentation_ms,render_cpu_ms,render_gpu_ms,other_ms,physics_ticks,process_max1s_ms,physics_max1s_ms,navigation_max1s_ms,draw_calls,objects,primitives,static_mem_mb,video_mem_mb,object_count,node_count,orphan_nodes,physics_active,collision_pairs,nav_agents,guards_moving
5.3230,0.2380,0.3130,0.0900,0.0470,0.0000,0.0000,4.7720,1.0000,0.0000,0.0000,0.0000,0.0000,0.0000,0.0000,65.0044,0.0000,3054.0000,936.0000,0.0000,4.0000,7.0000,3.0000,3.0000
1.0870,0.3300,0.2660,0.1140,0.0460,0.0000,0.0000,0.4910,1.0000,0.0000,0.0000,0.0000,0.0000,0.0000,0.0000,65.0044,0.0000,3054.0000,936.0000,0.0000,4.0000,7.0000,3.0000,3.0000
0.9880,0.4050,0.2570,0.1030,0.0420,0.0000,0.0000,0.3260,1.0000,0.0000,0.0000,0.0000,0.0000,0.0000,0.0000,65.0044,0.0000,3054.0000,936.0000,0.0000,4.0000,7.0000,3.0000,3.0000
0.9060,0.2810,0.2320,0.0970,0.0390,0.0000,0.0000,0.3930,1.0000,0.0000,0.0000,0.0000,0.0000,0.0000,0.0000,65.0044,0.0000,3054.0000,936.0000,0.0000,4.0000,7.0000,3.0000,3.0000
0.9890,0.3060,0.2560,0.1110,0.0430,0.0000,0.0000,0.4270,1.0000,0.0000,0.0000,0.0000,0.0000,0.0000,0.0000,65.0044,0.0000,3054.0000,936.0000,0.0000,4.0000,7.0000,3.0000,3.0000
1.1430,0.3340,0.2660,0.1120,0.0420,0.0000,0.0000,0.5430,1.0000,0.0000,0.0000,0.0000,0.0000,0.0000,0.0000,65.0044,0.0000,3054.0000,936.0000,0.0000,4.0000,7.0000,3.0000,3.0000
0.9490,0.4780,0.2710,0.1420,0.0410,0.0000,0.0000,0.2000,1.0000,0.0000,0.0000,0.0000,0.0000,0.0000,0.0000,65.0044,0.0000,3054.0000,936.0000,0.0000,4.0000,7.0000,3.0000,3.0000
1.1690,0.2570,0.3120,0.0940,0.1100,0.0000,0.0000,0.6000,1.0000,0.0000,0.0000,0.0000,0.0000,0.0000,0.0000,65.0448,0.0000,3058.0000,936.0000,0.0000,4.0000,7.0000,3.0000,3.0000
0.9590,0.4350,0.2510,0.0960,0.0400,0.0000,0.0000,0.2730,1.0000,0.0000,0.0000,0.0000,0.0000,0.0000,0.0000,65.0448,0.0000,3058.0000,936.0000,0.0000,4.0000,7.0000,3.0000,3.0000
1.0290,0.2670,0.2550,0.0970,0.0420,0.0000,0.0000,0.5070,1.0000,0.0000,0.0000,0.0000,0.0000,0.0000,0.0000,65.0450,0.0000,3058.0000,936.0000,0.0000,4.0000,7.0000,3.0000,3.0000
1.0680,0.2680,0.2560,0.0950,0.0410,0.0000,0.0000,0.5440,1.0000,0.0000,0.0000,0.0000,0.0000,0.0000,0.0000,65.0450,0.0000,3058.0000,936.0000,0.0000,4.0000,7.0000,3.0000,3.0000
0.9700,0.2240,0.1850,0.0770,0.0290,0.0000,0.0000,0.5610,1.0000,0.0000,0.0000,0.0000,0.0000,0.0000,0.0000,65.0450,0.0000,3058.0000,936.0000,0.0000,4.0000,7.0000,3.0000,3.0000
0.8180,0.2160,0.1850,0.0840,0.0340,0.0000,0.0000,0.4170,1.0000,0.0000,0.0000,0.0000,0.0000,0.0000,0.0000,65.0450,0.0000,3058.0000,936.0000,0.0000,4.0000,7.0000,3.0000,3.0000
0.7090,0.1890,0.1470,0.0820,0.0230,0.0000,0.0000,0.3730,1.0000,0.0000,0.0000,0.0000,0.0000,0.0000,0.0000,65.0450,0.0000,3058.0000,936.0000,0.0000,4.0000,7.0000,3.0000,3.0000
0.6250,0.1420,0.1500,0.0570,0.0250,0.0000,0.0000,0.3330,1.0000,0.0000,0.0000,0.0000,0.0000,0.0000,0.0000,65.0450,0.0000,3058.0000,936.0000,0.0000,4.0000,7.0000,3.0000,3.0000
0.7050,0.1520,0.1810,0.0620,0.0280,0.0000,0.0000,0.3720,1.0000,0.0000,0.0000,0.0000,0.0000,0.0000,0.0000,65.0450,0.0000,3058.0000,936.0000,0.0000,4.0000,7.0000,3.0000,3.0000
0.7060,0.1650,0.1620,0.0600,0.0270,0.0000,0.0000,0.3790,1.0000,0.0000,0.0000,0.0000,0.0000,0.0000,0.0000,65.0450,0.0000,3058.0000,936.0000,0.0000,4.0000,7.0000,3.0000,3.0000
0.6240,0.2060,0.1510,0.1110,0.0230,0.0000,0.0000,0.2670,1.0000,0.0000,0.0000,0.0000,0.0000,0.0000,0.0000,65.0450,0.0000,3058.0000,936.0000,0.0000,4.0000,7.0000,3.0000,3.0000
0.6220,0.1410,0.1630,0.0560,0.0230,0.0000,0.0000,0.3180,1.0000,0.0000,0.0000,0.0000,0.0000,0.0000,0.0000,65.0450,0.0000,3058.0000,936.0000,0.0000,4.0000,7.0000,3.0000,3.0000
0.6810,0.1530,0.1290,0.0570,0.0220,0.0000,0.0000,0.3990,1.0000,0.0000,0.0000,0.0000,0.0000,0.0000,0.0000,65.0450,0.0000,3058.0000,936.0000,0.0000,4.0000,7.0000,3.0000,3.0000
0.6460,0.1370,0.1520,0.0570,0.0250,0.0000,0.0000,0.3570,1.0000,0.0000,0.0000,0.0000,0.0000,0.0000,0.0000,65.0450,0.0000,3058.0000,936.0000,0.0000,4.0000,7.0000,3.0000,3.0000
0.7380,0.1480,0.1950,0.0600,0.0850,0.0000,0.0000,0.3950,1.0000,0.0000,0.0000,0.0000,0.0000,0.0000,0.0000,65.0553,0.0000,3059.0000,936.0000,0.0000,4.0000,7.0000,3.0000,3.0000
0.6110,0.2040,0.1380,0.0620,0.0230,0.0000,0.0000,0.2690,1.0000,0.0000,0.0000,0.0000,0.0000,0.0000,0.0000,65.0553,0.0000,3059.0000,936.0000,0.0000,4.0000,7.0000,3.0000,3.0000
0.6160,0.1310,0.1500,0.0530,0.0240,0.0000,0.0000,0.3350,1.0000,0.0000,0.0000,0.0000,0.0000,0.0000,0.0000,65.0554,0.0000,3059.0000,936.0000,0.0000,4.0000,7.0000,3.0000,3.0000
1.3860,0.1400,0.1210,0.0580,0.0210,0.0000,0.0000,1.1250,1.0000,0.0000,0.0000,0.0000,0.0000,0.0000,0.0000,65.0547,0.0000,3059.0000,936.0000,0.0000,4.0000,6.0000,3.0000,3.0000
0.9610,0.1920,0.2660,0.0710,0.0390,0.0000,0.0000,0.5030,1.0000,0.0000,0.0000,0.0000,0.0000,0.0000,0.0000,65.0547,0.0000,3059.0000,936.0000,0.0000,4.0000,6.0000,3.0000,3.0000
0.6080,0.2360,0.1980,0.0890,0.0320,0.0000,0.0000,0.1740,1.0000,0.0000,0.0000,0.0000,0.0000,0.0000,0.0000,65.0547,0.0000,3059.0000,936.0000,0.0000,4.0000,6.0000,3.0000,3.0000
0.5880,0.1640,0.1480,0.0640,0.0230,0.0000,0.0000,0.2760,1.0000,0.0000,0.0000,0.0000,0.0000,0.0000,0.0000,65.0540,0.0000,3059.0000,936.0000,0.0000,4.0000,5.0000,3.0000,3.0000
0.4540,0.1560,0.1410,0.0610,0.0230,0.0000,0.0000,0.1570,1.0000,0.0000,0.0000,0.0000,0.0000,0.0000,0.0000,65.0540,0.0000,3059.0000,936.0000,0.0000,4.0000,5.0000,3.0000,3.0000
0.4270,0.1260,0.1010,0.0500,0.0170,0.0000,0.0000,0.2000,1.0000,0.0000,0.0000,0.0000,0.0000,0.0000,0.0000,65.0540,0.0000,3059.0000,936.0000,0.0000,4.0000,5.0000,3.0000,3.0000
0.8070,0.1700,0.1640,0.0520,0.0590,0.0000,0.0000,0.4730,1.0000,0.0000,0.0000,0.0000,0.0000,0.0000,0.0000,65.0745,0.0000,3061.0000,936.0000,0.0000,4.0000,5.0000,3.0000,3.0000
0.7150,0.2070,0.1910,0.0510,0.0250,0.0000,0.0000,0.3170,1.0000,0.0000,0.0000,0.0000,0.0000,0.0000,0.0000,65.0745,0.0000,3061.0000,936.0000,0.0000,4.0000,5.0000,3.0000,3.0000
0.6400,0.1710,0.1460,0.0650,0.0240,0.0000,0.0000,0.3230,1.0000,0.0000,0.0000,0.0000,0.0000,0.0000,0.0000,65.0746,0.0000,3061.0000,936.0000,0.0000,4.0000,5.0000,3.0000,3.0000
0.5670,0.1450,0.1340,0.0570,0.0230,0.0000,0.0000,0.2880,1.0000,0.0000,0.0000,0.0000,0.0000,0.0000,0.0000,65.0746,0.0000,3061.0000,936.0000,0.0000,4.0000,5.0000,3.0000,3.0000
0.6040,0.1380,0.1550,0.0560,0.0210,0.0000,0.0000,0.3110,1.0000,0.0000,0.0000,0.0000,0.0000,0.0000,0.0000,65.0746,0.0000,3061.0000,936.0000,0.0000,4.0000,5.0000,3.0000,3.0000
0.5730,0.1480,0.1250,0.0550,0.0210,0.0000,0.0000,0.3000,1.0000,0.0000,0.0000,0.0000,0.0000,0.0000,0.0000,65.0746,0.0000,3061.0000,936.0000,0.0000,4.0000,5.0000,3.0000,3.0000
0.6050,0.1300,0.1370,0.0540,0.0350,0.0000,0.0000,0.3380,1.0000,0.0000,0.0000,0.0000,0.0000,0.0000,0.0000,65.0746,0.0000,3061.0000,936.0000,0.0000,4.0000,5.0000,3.0000,3.0000
0.6430,0.1390,0.1210,0.0560,0.0200,0.0000,0.0000,0.3830,1.0000,0.0000,0.0000,0.0000,0.0000,0.0000,0.0000,65.0746,0.0000,3061.0000,936.0000,0.0000,4.0000,5.0000,3.0000,3.0000
0.5770,0.2130,0.1360,0.1070,0.0230,0.0000,0.0000,0.2280,1.0000,0.0000,0.0000,0.0000,0.0000,0.0000,0.0000,65.0746,0.0000,3061.0000,936.0000,0.0000,4.0000,5.0000,3.0000,3.0000
0.5910,0.1340,0.1500,0.0550,0.0220,0.0000,0.0000,0.3070,1.0000,0.0000,0.0000,0.0000,0.0000,0.0000,0.0000,65.0746,0.0000,3061.0000,936.0000,0.0000,4.0000,5.0000,3.0000,3.0000
0.5560,0.1460,0.1200,0.0560,0.0200,0.0000,0.0000,0.2900,1.0000,0.0000,0.0000,0.0000,0.0000,0.0000,0.0000,65.0746,0.0000,3061.0000,936.0000,0.0000,4.0000,5.0000,3.0000,3.0000
0.5500,0.1250,0.1190,0.0520,0.0210,0.0000,0.0000,0.3060,1.0000,0.0000,0.0000,0.0000,0.0000,0.0000,0.0000,65.0746,0.0000,3061.0000,936.0000,0.0000,4.0000,5.0000,3.0000,3.0000
0.5510,0.1350,0.1150,0.0590,0.0200,0.0000,0.0000,0.3010,1.0000,0.0000,0.0000,0.0000,0.0000,0.0000,0.0000,65.0746,0.0000,3061.0000,936.0000,0.0000,4.0000,5.0000,3.0000,3.0000
0.6150,0.1580,0.1350,0.0860,0.0220,0.0000,0.0000,0.3220,1.0000,0.0000,0.0000,0.0000,0.0000,0.0000,0.0000,65.0746,0.0000,3061.0000,936.0000,0.0000,4.0000,5.0000,3.0000,3.0000
0.7810,0.1300,0.1430,0.0560,0.0500,0.0000,0.0000,0.5080,1.0000,0.0000,0.0000,0.0000,0.0000,0.0000,0.0000,65.0844,0.0000,3062.0000,936.0000,0.0000,4.0000,5.0000,3.0000,3.0000
0.6050,0.2040,0.1340,0.0730,0.0220,0.0000,0.0000,0.2670,1.0000,0.0000,0.0000,0.0000,0.0000,0.0000,0.0000,65.0844,0.0000,3062.0000,936.0000,0.0000,4.0000,5.0000,3.0000,3.0000
2.9930,0.1470,0.1460,0.0550,0.0230,0.0000,0.0000,2.7000,1.0000,0.0000,0.0000,0.0000,0.0000,0.0000,0.0000,65.0845,0.0000,3062.0000,936.0000,0.0000,4.0000,5.0000,3.0000,3.0000
0.8170,0.1540,0.1980,0.0720,0.0300,0.0000,0.0000,0.4650,1.0000,0.0000,0.0000,0.0000,0.0000,0.0000,0.0000,65.0845,0.0000,3062.0000,936.0000,0.0000,4.0000,5.0000,3.0000,3.0000
0.7690,0.1770,0.1800,0.0670,0.0270,0.0000,0.0000,0.4120,1.0000,0.0000,0.0000,0.0000,0.0000,0.0000,0.0000,65.0845,0.0000,3062.0000,936.0000,0.0000,4.0000,5.0000,3.0000,3.0000
0.9110,0.1650,0.1740,0.0640,0.0280,0.0000,0.0000,0.5720,1.0000,0.0000,0.0000,0.0000,0.0000,0.0000,0.0000,65.0845,0.0000,3062.0000,936.0000,0.0000,4.0000,5.0000,3.0000,3.0000
0.6890,0.1780,0.1440,0.0780,0.0240,0.0000,0.0000,0.3670,1.0000,0.0000,0.0000,0.0000,0.0000,0.0000,0.0000,65.0845,0.0000,3062.0000,936.0000,0.0000,4.0000,5.0000,3.0000,3.0000
0.5540,0.1800,0.1340,0.0590,0.0230,0.0000,0.0000,0.2400,1.0000,0.0000,0.0000,0.0000,0.0000,0.0000,0.0000,65.0845,0.0000,3062.0000,936.0000,0.0000,4.0000,5.0000,3.0000,3.0000
0.6130,0.1310,0.1750,0.0540,0.0490,0.0000,0.0000,0.3070,1.0000,0.0000,0.0000,0.0000,0.0000,0.0000,0.0000,65.0845,0.0000,3062.0000,936.0000,0.0000,4.0000,5.0000,3.0000,3.0000
0.7330,0.1530,0.1710,0.0570,0.0690,0.0000,0.0000,0.4090,1.0000,0.0000,0.0000,0.0000,0.0000,0.0000,0.0000,65.1050,0.0000,3064.0000,936.0000,0.0000,4.0000,5.0000,3.0000,3.0000
0.6330,0.2580,0.1370,0.0590,0.0220,0.0000,0.0000,0.2380,1.0000,0.0000,0.0000,0.0000,0.0000,0.0000,0.0000,65.1050,0.0000,3064.0000,936.0000,0.0000,4.0000,5.0000,3.0000,3.0000
0.5830,0.1310,0.1430,0.0540,0.0210,0.0000,0.0000,0.3090,1.0000,0.0000,0.0000,0.0000,0.0000,0.0000,0.0000,65.1051,0.0000,3064.0000,936.0000,0.0000,4.0000,5.0000,3.0000,3.0000
0.9880,0.1490,0.1490,0.0730,0.0220,0.0000,0.0000,0.6900,1.0000,0.0000,0.0000,0.0000,0.0000,0.0000,0.0000,65.1051,0.0000,3064.0000,936.0000,0.0000,4.0000,5.0000,3.0000,3.0000
0.7430,0.1330,0.1910,0.0540,0.0300,0.0000,0.0000,0.4190,1.0000,0.0000,0.0000,0.0000,0.0000,0.0000,0.0000,65.1051,0.0000,3064.0000,936.0000,0.0000,4.0000,5.0000,3.0000,3.0000
0.6390,0.2170,0.1570,0.1150,0.0240,0.0000,0.0000,0.2650,1.0000,0.0000,0.0000,0.0000,0.0000,0.0000,0.0000,65.1051,0.0000,3064.0000,936.0000,0.0000,4.0000,5.0000,3.0000,3.0000
0.6540,0.1410,0.1480,0.0550,0.0230,0.0000,0.0000,0.3650,1.0000,0.0000,0.0000,0.0000,0.0000,0.0000,0.0000,65.1051,0.0000,3064.0000,936.0000,0.0000,4.0000,5.0000,3.0000,3.0000
0.6450,0.1470,0.1220,0.0670,0.0210,0.0000,0.0000,0.3760,1.0000,0.0000,0.0000,0.0000,0.0000,0.0000,0.0000,65.1070,0.0000,3065.0000,936.0000,0.0000,4.0000,5.0000,3.0000,3.0000
0.7160,0.1650,0.1410,0.0840,0.0230,0.0000,0.0000,0.4100,1.0000,0.0000,0.0000,0.0000,0.0000,0.0000,0.0000,65.1063,0.0000,3065.0000,936.0000,0.0000,4.0000,5.0000,3.0000,3.0000
1.7810,0.2000,0.4410,0.1180,0.2880,0.0000,0.0000,1.1400,1.0000,0.0000,0.0000,0.0000,0.0000,0.0000,0.0000,65.3997,0.0000,3076.0000,936.0000,0.0000,4.0000,5.0000,3.0000,3.0000
1.5500,0.6190,0.5500,0.0850,0.0320,0.0000,0.0000,0.3810,1.0000,0.0000,0.0000,0.0000,0.0000,0.0000,0.0000,65.9251,0.0000,3081.0000,936.0000,0.0000,4.0000,6.0000,3.0000,3.0000
0.9910,0.2010,0.1850,0.0760,0.0300,0.0000,0.0000,0.6050,1.0000,0.0000,0.0000,0.0000,0.0000,0.0000,0.0000,65.9252,0.0000,3081.0000,936.0000,0.0000,4.0000,6.0000,3.0000,3.0000
0.8220,0.1690,0.1800,0.0670,0.0290,0.0000,0.0000,0.4730,1.0000,0.0000,0.0000,0.0000,0.0000,0.0000,0.0000,65.9252,0.0000,3081.0000,936.0000,0.0000,4.0000,6.0000,3.0000,3.0000
0.9420,0.1810,0.2590,0.0700,0.1050,0.0000,0.0000,0.5020,1.0000,0.0000,0.0000,0.0000,0.0000,0.0000,0.0000,65.9448,0.0000,3083.0000,936.0000,0.0000,4.0000,5.0000,3.0000,3.0000
0.7220,0.2560,0.1530,0.0660,0.0250,0.0000,0.0000,0.3130,1.0000,0.0000,0.0000,0.0000,0.0000,0.0000,0.0000,65.9448,0.0000,3083.0000,936.0000,0.0000,4.0000,5.0000,3.0000,3.0000
0.6690,0.1560,0.1310,0.0620,0.0220,0.0000,0.0000,0.3820,1.0000,0.0000,0.0000,0.0000,0.0000,0.0000,0.0000,65.9449,0.0000,3083.0000,936.0000,0.0000,4.0000,5.0000,3.0000,3.0000
0.6180,0.1790,0.1320,0.0600,0.0220,0.0000,0.0000,0.3070,1.0000,0.0000,0.0000,0.0000,0.0000,0.0000,0.0000,65.9449,0.0000,3083.0000,936.0000,0.0000,4.0000,5.0000,3.0000,3.0000
0.6460,0.1400,0.1260,0.0560,0.0220,0.0000,0.0000,0.3800,1.0000,0.0000,0.0000,0.0000,0.0000,0.0000,0.0000,65.9449,0.0000,3083.0000,936.0000,0.0000,4.0000,5.0000,3.0000,3.0000
0.7390,0.1450,0.1450,0.0580,0.0230,0.0000,0.0000,0.4490,1.0000,0.0000,0.0000,0.0000,0.0000,0.0000,0.0000,65.9449,0.0000,3083.0000,936.0000,0.0000,4.0000,5.0000,3.0000,3.0000
0.6190,0.2410,0.1360,0.1150,0.0240,0.0000,0.0000,0.2420,1.0000,0.0000,0.0000,0.0000,0.0000,0.0000,0.0000,65.9456,0.0000,3083.0000,936.0000,0.0000,4.0000,6.0000,3.0000,3.0000
0.6470,0.1440,0.1250,0.0590,0.0210,0.0000,0.0000,0.3780,1.0000,0.0000,0.0000,0.0000,0.0000,0.0000,0.0000,65.9456,0.0000,3083.0000,936.0000,0.0000,4.0000,6.0000,3.0000,3.0000
0.6740,0.1440,0.1370,0.0570,0.0250,0.0000,0.0000,0.3930,1.0000,0.0000,0.0000,0.0000,0.0000,0.0000,0.0000,65.9456,0.0000,3083.0000,936.0000,0.0000,4.0000,6.0000,3.0000,3.0000
0.8430,0.1780,0.1280,0.0630,0.0230,0.0000,0.0000,0.5370,1.0000,0.0000,0.0000,0.0000,0.0000,0.0000,0.0000,65.9449,0.0000,3083.0000,936.0000,0.0000,4.0000,5.0000,3.0000,3.0000
1.1010,0.2090,0.2340,0.0740,0.0840,0.0000,0.0000,0.6580,1.0000,0.0000,0.0000,0.0000,0.0000,0.0000,0.0000,65.9654,0.0000,3085.0000,936.0000,0.0000,4.0000,5.0000,3.0000,3.0000
0.7790,0.2750,0.1610,0.0730,0.0260,0.0000,0.0000,0.3430,1.0000,0.0000,0.0000,0.0000,0.0000,0.0000,0.0000,65.9654,0.0000,3085.0000,936.0000,0.0000,4.0000,5.0000,3.0000,3.0000
0.7490,0.1990,0.1630,0.0730,0.0280,0.0000,0.0000,0.3870,1.0000,0.0000,0.0000,0.0000,0.0000,0.0000,0.0000,65.9655,0.0000,3085.0000,936.0000,0.0000,4.0000,5.0000,3.0000,2.0000
0.7350,0.1660,0.1460,0.0660,0.0310,0.0000,0.0000,0.4230,1.0000,0.0000,0.0000,0.0000,0.0000,0.0000,0.0000,65.9655,0.0000,3085.0000,936.0000,0.0000,4.0000,5.0000,3.0000,2.0000
0.6860,0.1960,0.1390,0.0900,0.0280,0.0000,0.0000,0.3510,1.0000,0.0000,0.0000,0.0000,0.0000,0.0000,0.0000,65.9655,0.0000,3085.0000,936.0000,0.0000,4.0000,5.0000,3.0000,2.0000
0.6270,0.1390,0.1460,0.0540,0.0270,0.0000,0.0000,0.3420,1.0000,0.0000,0.0000,0.0000,0.0000,0.0000,0.0000,65.9655,0.0000,3085.0000,936.0000,0.0000,4.0000,5.0000,3.0000,2.0000
0.6910,0.1400,0.1250,0.0560,0.0230,0.0000,0.0000,0.4260,1.0000,0.0000,0.0000,0.0000,0.0000,0.0000,0.0000,65.9655,0.0000,3085.0000,936.0000,0.0000,4.0000,5.0000,3.0000,2.0000
0.6210,0.1620,0.1290,0.0720,0.0250,0.0000,0.0000,0.3300,1.0000,0.0000,0.0000,0.0000,0.0000,0.0000,0.0000,65.9644,0.0000,3083.0000,936.0000,0.0000,4.0000,5.0000,3.0000,2.0000
0.7680,0.1360,0.1960,0.0530,0.0720,0.0000,0.0000,0.4360,1.0000,0.0000,0.0000,0.0000,0.0000,0.0000,0.0000,65.9742,0.0000,3084.0000,936.0000,0.0000,4.0000,5.0000,3.0000,2.0000
0.6580,0.2090,0.1630,0.0710,0.0250,0.0000,0.0000,0.2860,1.0000,0.0000,0.0000,0.0000,0.0000,0.0000,0.0000,65.9742,0.0000,3084.0000,936.0000,0.0000,4.0000,5.0000,3.0000,2.0000
0.6250,0.1560,0.1280,0.0570,0.0240,0.0000,0.0000,0.3410,1.0000,0.0000,0.0000,0.0000,0.0000,0.0000,0.0000,65.9742,0.0000,3084.0000,936.0000,0.0000,4.0000,5.0000,3.0000,2.0000
0.7000,0.1320,0.1440,0.0530,0.0260,0.0000,0.0000,0.4240,1.0000,0.0000,0.0000,0.0000,0.0000,0.0000,0.0000,65.7649,0.0000,3062.0000,936.0000,0.0000,4.0000,5.0000,3.0000,2.0000
0.7890,0.1620,0.1760,0.0590,0.0320,0.0000,0.0000,0.4510,1.0000,0.0000,0.0000,0.0000,0.0000,0.0000,0.0000,65.7649,0.0000,3062.0000,936.0000,0.0000,4.0000,5.0000,3.0000,2.0000
0.6530,0.1520,0.1330,0.0590,0.0250,0.0000,0.0000,0.3680,1.0000,0.0000,0.0000,0.0000,0.0000,0.0000,0.0000,65.7649,0.0000,3062.0000,936.0000,0.0000,4.0000,5.0000,3.0000,2.0000
0.6830,0.1670,0.1270,0.0540,0.0240,0.0000,0.0000,0.3890,1.0000,0.0000,0.0000,0.0000,0.0000,0.0000,0.0000,65.7636,0.0000,3061.0000,936.0000,0.0000,4.0000,5.0000,3.0000,2.0000
0.6250,0.1360,0.1380,0.0530,0.0240,0.0000,0.0000,0.3510,1.0000,0.0000,0.0000,0.0000,0.0000,0.0000,0.0000,65.7636,0.0000,3061.0000,936.0000,0.0000,4.0000,5.0000,3.0000,2.0000
0.6130,0.1370,0.1200,0.0540,0.0230,0.0000,0.0000,0.3560,1.0000,0.0000,0.0000,0.0000,0.0000,0.0000,0.0000,65.7636,0.0000,3061.0000,936.0000,0.0000,4.0000,5.0000,3.0000,2.0000
0.7820,0.1640,0.1460,0.0890,0.0270,0.0000,0.0000,0.4720,1.0000,0.0000,0.0000,0.0000,0.0000,0.0000,0.0000,65.7636,0.0000,3061.0000,936.0000,0.0000,4.0000,5.0000,3.0000,2.0000
0.7570,0.1940,0.2000,0.0750,0.0300,0.0000,0.0000,0.3630,1.0000,0.0000,0.0000,0.0000,0.0000,0.0000,0.0000,65.7636,0.0000,3061.0000,936.0000,0.0000,4.0000,5.0000,3.0000,2.0000
0.7770,0.1610,0.1340,0.0650,0.0230,0.0000,0.0000,0.4820,1.0000,0.0000,0.0000,0.0000,0.0000,0.0000,0.0000,65.7636,0.0000,3061.0000,936.0000,0.0000,4.0000,5.0000,3.0000,2.0000
0.7930,0.1380,0.1800,0.0560,0.0310,0.0000,0.0000,0.4750,1.0000,0.0000,0.0000,0.0000,0.0000,0.0000,0.0000,65.7636,0.0000,3061.0000,936.0000,0.0000,4.0000,5.0000,3.0000,2.0000
0.7810,0.1800,0.2080,0.0630,0.0270,0.0000,0.0000,0.3930,1.0000,0.0000,0.0000,0.0000,0.0000,0.0000,0.0000,65.7636,0.0000,3061.0000,936.0000,0.0000,4.0000,5.0000,3.0000,2.0000
0.6300,0.1480,0.1400,0.0600,0.0270,0.0000,0.0000,0.3420,1.0000,0.0000,0.0000,0.0000,0.0000,0.0000,0.0000,65.7636,0.0000,3061.0000,936.0000,0.0000,4.0000,5.0000,3.0000,2.0000
0.8600,0.1350,0.1640,0.0540,0.0620,0.0000,0.0000,0.5610,1.0000,0.0000,0.0000,0.0000,0.0000,0.0000,0.0000,65.7833,0.0000,3063.0000,936.0000,0.0000,4.0000,5.0000,3.0000,2.0000
0.6570,0.2640,0.1370,0.0650,0.0260,0.0000,0.0000,0.2560,1.0000,0.0000,0.0000,0.0000,0.0000,0.0000,0.0000,65.7833,0.0000,3063.0000,936.0000,0.0000,4.0000,5.0000,3.0000,2.0000
0.6000,0.1680,0.1260,0.0580,0.0230,0.0000,0.0000,0.3060,1.0000,0.0000,0.0000,0.0000,0.0000,0.0000,0.0000,65.7834,0.0000,3063.0000,936.0000,0.0000,4.0000,5.0000,3.0000,2.0000
1.3950,0.1310,0.3530,0.0530,0.2310,0.0000,0.0000,0.9110,1.0000,0.0000,0.0000,0.0000,0.0000,0.0000,0.0000,65.7975,0.0000,3065.0000,936.0000,0.0000,4.0000,5.0000,3.0000,2.0000
0.7710,0.2640,0.1780,0.1220,0.0310,0.0000,0.0000,0.3290,1.0000,0.0000,0.0000,0.0000,0.0000,0.0000,0.0000,65.7975,0.0000,3065.0000,936.0000,0.0000,4.0000,5.0000,3.0000,2.0000
0.8200,0.1610,0.2070,0.0640,0.0410,0.0000,0.0000,0.4520,1.0000,0.0000,0.0000,0.0000,0.0000,0.0000,0.0000,65.7975,0.0000,3065.0000,936.0000,0.0000,4.0000,5.0000,3.0000,2.0000
0.7040,0.1960,0.1700,0.0700,0.0270,0.0000,0.0000,0.3380,1.0000,0.0000,0.0000,0.0000,0.0000,0.0000,0.0000,65.7975,0.0000,3065.0000,936.0000,0.0000,4.0000,5.0000,3.0000,2.0000
0.6180,0.1610,0.1280,0.0570,0.0230,0.0000,0.0000,0.3290,1.0000,0.0000,0.0000,0.0000,0.0000,0.0000,0.0000,65.7975,0.0000,3065.0000,936.0000,0.0000,4.0000,5.0000,3.0000,2.0000
0.6370,0.1290,0.1430,0.0520,0.0270,0.0000,0.0000,0.3650,1.0000,0.0000,0.0000,0.0000,0.0000,0.0000,0.0000,65.7975,0.0000,3065.0000,936.0000,0.0000,4.0000,5.0000,3.0000,2.0000
0.6360,0.1350,0.1210,0.0530,0.0220,0.0000,0.0000,0.3800,1.0000,0.0000,0.0000,0.0000,0.0000,0.0000,0.0000,65.7975,0.0000,3065.0000,936.0000,0.0000,4.0000,5.0000,3.0000,2.0000
0.6180,0.1350,0.1250,0.0560,0.0240,0.0000,0.0000,0.3580,1.0000,0.0000,0.0000,0.0000,0.0000,0.0000,0.0000,65.7975,0.0000,3065.0000,936.0000,0.0000,4.0000,5.0000,3.0000,2.0000
0.7080,0.1300,0.1270,0.0530,0.0240,0.0000,0.0000,0.4510,1.0000,0.0000,0.0000,0.0000,0.0000,0.0000,0.0000,65.7975,0.0000,3065.0000,936.0000,0.0000,4.0000,5.0000,3.0000,2.0000
0.6290,0.1430,0.1250,0.0580,0.0230,0.0000,0.0000,0.3610,1.0000,0.0000,0.0000,0.0000,0.0000,0.0000,0.0000,65.7975,0.0000,3065.0000,936.0000,0.0000,4.0000,5.0000,3.0000,2.0000
0.6260,0.1360,0.1210,0.0550,0.0230,0.0000,0.0000,0.3690,1.0000,0.0000,0.0000,0.0000,0.0000,0.0000,0.0000,65.7975,0.0000,3065.0000,936.0000,0.0000,4.0000,5.0000,3.0000,2.0000
0.5900,0.1420,0.1200,0.0540,0.0230,0.0000,0.0000,0.3280,1.0000,0.0000,0.0000,0.0000,0.0000,0.0000,0.0000,65.7975,0.0000,3065.0000,936.0000,0.0000,4.0000,5.0000,3.0000,2.0000
0.5950,0.1350,0.1150,0.0540,0.0210,0.0000,0.0000,0.3450,1.0000,0.0000,0.0000,0.0000,0.0000,0.0000,0.0000,65.7975,0.0000,3065.0000,936.0000,0.0000,4.0000,5.0000,3.0000,2.0000
0.5760,0.1600,0.1300,0.0850,0.0230,0.0000,0.0000,0.2860,1.0000,0.0000,0.0000,0.0000,0.0000,0.0000,0.0000,65.7975,0.0000,3065.0000,936.0000,0.0000,4.0000,5.0000,3.0000,1.0000
0.6900,0.1290,0.1180,0.0520,0.0270,0.0000,0.0000,0.4430,1.0000,0.0000,0.0000,0.0000,0.0000,0.0000,0.0000,65.7975,0.0000,3065.0000,936.0000,0.0000,4.0000,5.0000,3.0000,1.0000
0.7120,0.1880,0.1280,0.0750,0.0260,0.0000,0.0000,0.3960,1.0000,0.0000,0.0000,0.0000,0.0000,0.0000,0.0000,65.7975,0.0000,3065.0000,936.0000,0.0000,4.0000,5.0000,3.0000,1.0000
0.6220,0.1280,0.1490,0.0500,0.0260,0.0000,0.0000,0.3450,1.0000,0.0000,0.0000,0.0000,0.0000,0.0000,0.0000,65.7975,0.0000,3065.0000,936.0000,0.0000,4.0000,5.0000,3.0000,1.0000
0.6220,0.1340,0.1180,0.0540,0.0230,0.0000,0.0000,0.3700,1.0000,0.0000,0.0000,0.0000,0.0000,0.0000,0.0000,65.7975,0.0000,3065.0000,936.0000,0.0000,4.0000,5.0000,3.0000,1.0000
0.6020,0.1470,0.1260,0.0650,0.0250,0.0000,0.0000,0.3290,1.0000,0.0000,0.0000,0.0000,0.0000,0.0000,0.0000,65.7975,0.0000,3065.0000,936.0000,0.0000,4.0000,5.0000,3.0000,1.0000
0.5870,0.1250,0.1200,0.0510,0.0240,0.0000,0.0000,0.3420,1.0000,0.0000,0.0000,0.0000,0.0000,0.0000,0.0000,65.7975,0.0000,3065.0000,936.0000,0.0000,4.0000,5.0000,3.0000,1.0000
0.7420,0.1340,0.1470,0.0540,0.0510,0.0000,0.0000,0.4610,1.0000,0.0000,0.0000,0.0000,0.0000,0.0000,0.0000,65.8078,0.0000,3066.0000,936.0000,0.0000,4.0000,5.0000,3.0000,1.0000
0.5990,0.2470,0.1400,0.0930,0.0260,0.0000,0.0000,0.2120,1.0000,0.0000,0.0000,0.0000,0.0000,0.0000,0.0000,65.8078,0.0000,3066.0000,936.0000,0.0000,4.0000,5.0000,3.0000,1.0000
0.6110,0.1310,0.1240,0.0510,0.0240,0.0000,0.0000,0.3560,1.0000,0.0000,0.0000,0.0000,0.0000,0.0000,0.0000,65.8078,0.0000,3066.0000,936.0000,0.0000,4.0000,5.0000,3.0000,1.0000
0.5770,0.1340,0.1200,0.0530,0.0220,0.0000,0.0000,0.3230,1.0000,0.0000,0.0000,0.0000,0.0000,0.0000,0.0000,65.8078,0.0000,3066.0000,936.0000,0.0000,4.0000,5.0000,3.0000,0.0000
0.6430,0.1220,0.1360,0.0480,0.0280,0.0000,0.0000,0.3850,1.0000,0.0000,0.0000,0.0000,0.0000,0.0000,0.0000,65.8078,0.0000,3066.0000,936.0000,0.0000,4.0000,5.0000,3.0000,0.0000
0.6350,0.1410,0.1150,0.0610,0.0230,0.0000,0.0000,0.3790,1.0000,0.0000,0.0000,0.0000,0.0000,0.0000,0.0000,65.8078,0.0000,3066.0000,936.0000,0.0000,4.0000,5.0000,3.0000,0.0000
0.7680,0.1240,0.1340,0.0460,0.0270,0.0000,0.0000,0.5100,1.0000,0.0000,0.0000,0.0000,0.0000,0.0000,0.0000,65.8078,0.0000,3066.0000,936.0000,0.0000,4.0000,5.0000,3.0000,0.0000
0.6960,0.1430,0.1530,0.0490,0.0270,0.0000,0.0000,0.4000,1.0000,0.0000,0.0000,0.0000,0.0000,0.0000,0.0000,65.8078,0.0000,3066.0000,936.0000,0.0000,4.0000,5.0000,3.0000,0.0000
0.6950,0.1530,0.1800,0.0560,0.0300,0.0000,0.0000,0.3620,1.0000,0.0000,0.0000,0.0000,0.0000,0.0000,0.0000,65.8078,0.0000,3066.0000,936.0000,0.0000,4.0000,5.0000,3.0000,0.0000
0.6170,0.1450,0.1250,0.0520,0.0230,0.0000,0.0000,0.3470,1.0000,0.0000,0.0000,0.0000,0.0000,0.0000,0.0000,65.8078,0.0000,3066.0000,936.0000,0.0000,4.0000,5.0000,3.0000,0.0000
0.6900,0.1570,0.1370,0.0810,0.0240,0.0000,0.0000,0.3960,1.0000,0.0000,0.0000,0.0000,0.0000,0.0000,0.0000,65.8078,0.0000,3066.0000,936.0000,0.0000,4.0000,5.0000,3.0000,0.0000
0.6340,0.1310,0.1500,0.0470,0.0240,0.0000,0.0000,0.3530,1.0000,0.0000,0.0000,0.0000,0.0000,0.0000,0.0000,65.8078,0.0000,3066.0000,936.0000,0.0000,4.0000,5.0000,3.0000,0.0000
0.6250,0.1380,0.1240,0.0470,0.0230,0.0000,0.0000,0.3630,1.0000,0.0000,0.0000,0.0000,0.0000,0.0000,0.0000,65.8078,0.0000,3066.0000,936.0000,0.0000,4.0000,5.0000,3.0000,0.0000
0.6240,0.1220,0.1360,0.0460,0.0250,0.0000,0.0000,0.3660,1.0000,0.0000,0.0000,0.0000,0.0000,0.0000,0.0000,65.8078,0.0000,3066.0000,936.0000,0.0000,4.0000,5.0000,3.0000,0.0000
0.6570,0.1380,0.1200,0.0490,0.0230,0.0000,0.0000,0.3990,1.0000,0.0000,0.0000,0.0000,0.0000,0.0000,0.0000,65.8078,0.0000,3066.0000,936.0000,0.0000,4.0000,5.0000,3.0000,0.0000
0.6060,0.1280,0.1200,0.0480,0.0220,0.0000,0.0000,0.3580,1.0000,0.0000,0.0000,0.0000,0.0000,0.0000,0.0000,65.8078,0.0000,3066.0000,936.0000,0.0000,4.0000,5.0000,3.0000,0.0000
0.6010,0.1210,0.1160,0.0460,0.0220,0.0000,0.0000,0.3640,1.0000,0.0000,0.0000,0.0000,0.0000,0.0000,0.0000,65.8078,0.0000,3066.0000,936.0000,0.0000,4.0000,5.0000,3.0000,0.0000
0.7350,0.1280,0.1180,0.0470,0.0220,0.0000,0.0000,0.4890,1.0000,0.0000,0.0000,0.0000,0.0000,0.0000,0.0000,65.8077,0.0000,3066.0000,936.0000,0.0000,4.0000,5.0000,3.0000,1.0000
0.8020,0.2090,0.1520,0.1030,0.0310,0.0000,0.0000,0.4410,1.0000,0.0000,0.0000,0.0000,0.0000,0.0000,0.0000,65.8077,0.0000,3066.0000,936.0000,0.0000,4.0000,5.0000,3.0000,1.0000
0.6350,0.1380,0.1480,0.0540,0.0260,0.0000,0.0000,0.3490,1.0000,0.0000,0.0000,0.0000,0.0000,0.0000,0.0000,65.8077,0.0000,3066.0000,936.0000,0.0000,4.0000,5.0000,3.0000,1.0000
0.7370,0.1400,0.1680,0.0560,0.0550,0.0000,0.0000,0.4290,1.0000,0.0000,0.0000,0.0000,0.0000,0.0000,0.0000,65.8077,0.0000,3066.0000,936.0000,0.0000,4.0000,5.0000,3.0000,1.0000
0.6460,0.1600,0.1380,0.0560,0.0260,0.0000,0.0000,0.3480,1.0000,0.0000,0.0000,0.0000,0.0000,0.0000,0.0000,65.8077,0.0000,3066.0000,936.0000,0.0000,4.0000,5.0000,3.0000,1.0000
0.6040,0.1730,0.1380,0.0920,0.0250,0.0000,0.0000,0.2930,1.0000,0.0000,0.0000,0.0000,0.0000,0.0000,0.0000,65.8077,0.0000,3066.0000,936.0000,0.0000,4.0000,5.0000,3.0000,1.0000
0.5950,0.1300,0.1180,0.0520,0.0230,0.0000,0.0000,0.3470,1.0000,0.0000,0.0000,0.0000,0.0000,0.0000,0.0000,65.8077,0.0000,3066.0000,936.0000,0.0000,4.0000,5.0000,3.0000,1.0000
0.7300,0.1310,0.1360,0.0530,0.0280,0.0000,0.0000,0.4630,1.0000,0.0000,0.0000,0.0000,0.0000,0.0000,0.0000,65.8077,0.0000,3066.0000,936.0000,0.0000,4.0000,5.0000,3.0000,1.0000
0.6260,0.1340,0.1410,0.0530,0.0260,0.0000,0.0000,0.3510,1.0000,0.0000,0.0000,0.0000,0.0000,0.0000,0.0000,65.8077,0.0000,3066.0000,936.0000,0.0000,4.0000,5.0000,3.0000,1.0000
0.6950,0.1370,0.1190,0.0540,0.0230,0.0000,0.0000,0.4390,1.0000,0.0000,0.0000,0.0000,0.0000,0.0000,0.0000,65.8077,0.0000,3066.0000,936.0000,0.0000,4.0000,5.0000,3.0000,1.0000
0.9390,0.1550,0.2070,0.0580,0.0290,0.0000,0.0000,0.5770,1.0000,0.0000,0.0000,0.0000,0.0000,0.0000,0.0000,65.8077,0.0000,3066.0000,936.0000,0.0000,4.0000,5.0000,3.0000,1.0000
0.7290,0.1400,0.1400,0.0560,0.0270,0.0000,0.0000,0.4490,1.0000,0.0000,0.0000,0.0000,0.0000,0.0000,0.0000,65.8083,0.0000,3066.0000,936.0000,0.0000,4.0000,6.0000,3.0000,1.0000
0.6530,0.1470,0.1510,0.0590,0.0280,0.0000,0.0000,0.3550,1.0000,0.0000,0.0000,0.0000,0.0000,0.0000,0.0000,65.8083,0.0000,3066.0000,936.0000,0.0000,4.0000,6.0000,3.0000,1.0000
0.6600,0.1390,0.1230,0.0550,0.0250,0.0000,0.0000,0.3980,1.0000,0.0000,0.0000,0.0000,0.0000,0.0000,0.0000,65.8083,0.0000,3066.0000,936.0000,0.0000,4.0000,6.0000,3.0000,1.0000
0.7530,0.1740,0.1310,0.0570,0.0300,0.0000,0.0000,0.4480,1.0000,0.0000,0.0000,0.0000,0.0000,0.0000,0.0000,65.8083,0.0000,3066.0000,936.0000,0.0000,4.0000,6.0000,3.0000,1.0000
0.7210,0.1880,0.1810,0.0650,0.0320,0.0000,0.0000,0.3520,1.0000,0.0000,0.0000,0.0000,0.0000,0.0000,0.0000,65.8083,0.0000,3066.0000,936.0000,0.0000,4.0000,6.0000,3.0000,1.0000
0.6440,0.1530,0.1570,0.0600,0.0260,0.0000,0.0000,0.3340,1.0000,0.0000,0.0000,0.0000,0.0000,0.0000,0.0000,65.8083,0.0000,3066.0000,936.0000,0.0000,4.0000,6.0000,3.0000,1.0000
0.6550,0.1530,0.1230,0.0570,0.0230,0.0000,0.0000,0.3790,1.0000,0.0000,0.0000,0.0000,0.0000,0.0000,0.0000,65.8083,0.0000,3066.0000,936.0000,0.0000,4.0000,6.0000,3.0000,1.0000
0.6480,0.1950,0.1480,0.0920,0.0300,0.0000,0.0000,0.3050,1.0000,0.0000,0.0000,0.0000,0.0000,0.0000,0.0000,65.8083,0.0000,3066.0000,936.0000,0.0000,4.0000,6.0000,3.0000,1.0000
0.6910,0.1380,0.1520,0.0540,0.0250,0.0000,0.0000,0.4010,1.0000,0.0000,0.0000,0.0000,0.0000,0.0000,0.0000,65.8083,0.0000,3066.0000,936.0000,0.0000,4.0000,6.0000,3.0000,1.0000
0.5890,0.1610,0.1230,0.0580,0.0230,0.0000,0.0000,0.3050,1.0000,0.0000,0.0000,0.0000,0.0000,0.0000,0.0000,65.8083,0.0000,3066.0000,936.0000,0.0000,4.0000,6.0000,3.0000,1.0000
1.0110,0.1280,0.3500,0.0520,0.2450,0.0000,0.0000,0.5330,1.0000,0.0000,0.0000,0.0000,0.0000,0.0000,0.0000,65.8319,0.0000,3069.0000,936.0000,0.0000,4.0000,6.0000,3.0000,1.0000
0.6640,0.2470,0.1650,0.0640,0.0260,0.0000,0.0000,0.2520,1.0000,0.0000,0.0000,0.0000,0.0000,0.0000,0.0000,65.8319,0.0000,3069.0000,936.0000,0.0000,4.0000,6.0000,3.0000,1.0000
0.6340,0.1460,0.1240,0.0570,0.0220,0.0000,0.0000,0.3640,1.0000,0.0000,0.0000,0.0000,0.0000,0.0000,0.0000,65.8320,0.0000,3069.0000,936.0000,0.0000,4.0000,6.0000,3.0000,1.0000
0.6910,0.1540,0.1250,0.0690,0.0230,0.0000,0.0000,0.4120,1.0000,0.0000,0.0000,0.0000,0.0000,0.0000,0.0000,65.8320,0.0000,3069.0000,936.0000,0.0000,4.0000,6.0000,3.0000,1.0000
0.6600,0.1380,0.1490,0.0520,0.0250,0.0000,0.0000,0.3730,1.0000,0.0000,0.0000,0.0000,0.0000,0.0000,0.0000,65.8320,0.0000,3069.0000,936.0000,0.0000,4.0000,6.0000,3.0000,1.0000
0.6110,0.1460,0.1240,0.0570,0.0230,0.0000,0.0000,0.3410,1.0000,0.0000,0.0000,0.0000,0.0000,0.0000,0.0000,65.8320,0.0000,3069.0000,936.0000,0.0000,4.0000,6.0000,3.0000,1.0000
0.6210,0.1330,0.1210,0.0520,0.0230,0.0000,0.0000,0.3670,1.0000,0.0000,0.0000,0.0000,0.0000,0.0000,0.0000,65.8320,0.0000,3069.0000,936.0000,0.0000,4.0000,6.0000,3.0000,1.0000
0.6050,0.1460,0.1230,0.0540,0.0240,0.0000,0.0000,0.3360,1.0000,0.0000,0.0000,0.0000,0.0000,0.0000,0.0000,65.8320,0.0000,3069.0000,936.0000,0.0000,4.0000,6.0000,3.0000,1.0000
0.6380,0.1330,0.1220,0.0520,0.0230,0.0000,0.0000,0.3830,1.0000,0.0000,0.0000,0.0000,0.0000,0.0000,0.0000,65.8320,0.0000,3069.0000,936.0000,0.0000,4.0000,6.0000,3.0000,1.0000
0.5680,0.1580,0.1210,0.0850,0.0240,0.0000,0.0000,0.2890,1.0000,0.0000,0.0000,0.0000,0.0000,0.0000,0.0000,65.8320,0.0000,3069.0000,936.0000,0.0000,4.0000,6.0000,3.0000,1.0000
0.6370,0.1280,0.1370,0.0510,0.0440,0.0000,0.0000,0.3720,1.0000,0.0000,0.0000,0.0000,0.0000,0.0000,0.0000,65.8320,0.0000,3069.0000,936.0000,0.0000,4.0000,6.0000,3.0000,1.0000
0.6460,0.1520,0.1360,0.0660,0.0250,0.0000,0.0000,0.3580,1.0000,0.0000,0.0000,0.0000,0.0000,0.0000,0.0000,65.8320,0.0000,3069.0000,936.0000,0.0000,4.0000,6.0000,3.0000,1.0000
0.6010,0.1350,0.1390,0.0530,0.0360,0.0000,0.0000,0.3270,1.0000,0.0000,0.0000,0.0000,0.0000,0.0000,0.0000,65.8320,0.0000,3069.0000,936.0000,0.0000,4.0000,6.0000,3.0000,1.0000
0.6070,0.1340,0.1220,0.0540,0.0220,0.0000,0.0000,0.3510,1.0000,0.0000,0.0000,0.0000,0.0000,0.0000,0.0000,65.8320,0.0000,3069.0000,936.0000,0.0000,4.0000,6.0000,3.0000,1.0000
0.5630,0.1370,0.1270,0.0550,0.0230,0.0000,0.0000,0.2990,1.0000,0.0000,0.0000,0.0000,0.0000,0.0000,0.0000,65.8320,0.0000,3069.0000,936.0000,0.0000,4.0000,6.0000,3.0000,1.0000
0.6260,0.1270,0.1450,0.0520,0.0230,0.0000,0.0000,0.3540,1.0000,0.0000,0.0000,0.0000,0.0000,0.0000,0.0000,65.8320,0.0000,3069.0000,936.0000,0.0000,4.0000,6.0000,3.0000,1.0000
0.6470,0.1480,0.1280,0.0550,0.0230,0.0000,0.0000,0.3710,1.0000,0.0000,0.0000,0.0000,0.0000,0.0000,0.0000,65.8320,0.0000,3069.0000,936.0000,0.0000,4.0000,6.0000,3.0000,1.0000
0.7090,0.1310,0.1380,0.0530,0.0240,0.0000,0.0000,0.4400,1.0000,0.0000,0.0000,0.0000,0.0000,0.0000,0.0000,65.8320,0.0000,3069.0000,936.0000,0.0000,4.0000,6.0000,3.0000,1.0000
0.8410,0.1430,0.1610,0.0580,0.0340,0.0000,0.0000,0.5370,1.0000,0.0000,0.0000,0.0000,0.0000,0.0000,0.0000,65.8320,0.0000,3069.0000,936.0000,0.0000,4.0000,6.0000,3.0000,1.0000
0.7680,0.1980,0.1550,0.0660,0.0290,0.0000,0.0000,0.4150,1.0000,0.0000,0.0000,0.0000,0.0000,0.0000,0.0000,65.8320,0.0000,3069.0000,936.0000,0.0000,4.0000,6.0000,3.0000,1.0000
0.6590,0.1730,0.1480,0.0730,0.0270,0.0000,0.0000,0.3380,1.0000,0.0000,0.0000,0.0000,0.0000,0.0000,0.0000,65.8320,0.0000,3069.0000,936.0000,0.0000,4.0000,6.0000,3.0000,1.0000
0.6590,0.1380,0.1370,0.0540,0.0240,0.0000,0.0000,0.3840,1.0000,0.0000,0.0000,0.0000,0.0000,0.0000,0.0000,65.8320,0.0000,3069.0000,936.0000,0.0000,4.0000,6.0000,3.0000,1.0000
0.7040,0.1550,0.1240,0.0570,0.0230,0.0000,0.0000,0.4250,1.0000,0.0000,0.0000,0.0000,0.0000,0.0000,0.0000,65.8320,0.0000,3069.0000,936.0000,0.0000,4.0000,6.0000,3.0000,1.0000
0.7260,0.1570,0.1590,0.0690,0.0550,0.0000,0.0000,0.4100,1.0000,0.0000,0.0000,0.0000,0.0000,0.0000,0.0000,65.8422,0.0000,3070.0000,936.0000,0.0000,4.0000,6.0000,3.0000,1.0000
0.6210,0.2190,0.1360,0.0960,0.0240,0.0000,0.0000,0.2660,1.0000,0.0000,0.0000,0.0000,0.0000,0.0000,0.0000,65.8422,0.0000,3070.0000,936.0000,0.0000,4.0000,6.0000,3.0000,1.0000
0.6870,0.1360,0.1470,0.0550,0.0480,0.0000,0.0000,0.4040,1.0000,0.0000,0.0000,0.0000,0.0000,0.0000,0.0000,65.8423,0.0000,3070.0000,936.0000,0.0000,4.0000,6.0000,3.0000,1.0000
0.6320,0.1440,0.1230,0.0660,0.0230,0.0000,0.0000,0.3650,1.0000,0.0000,0.0000,0.0000,0.0000,0.0000,0.0000,65.8423,0.0000,3070.0000,936.0000,0.0000,4.0000,6.0000,3.0000,1.0000
0.6290,0.1260,0.1340,0.0510,0.0240,0.0000,0.0000,0.3690,1.0000,0.0000,0.0000,0.0000,0.0000,0.0000,0.0000,65.8423,0.0000,3070.0000,936.0000,0.0000,4.0000,6.0000,3.0000,1.0000
0.6950,0.1340,0.1260,0.0530,0.0240,0.0000,0.0000,0.4350,1.0000,0.0000,0.0000,0.0000,0.0000,0.0000,0.0000,65.8423,0.0000,3070.0000,936.0000,0.0000,4.0000,6.0000,3.0000,1.0000
0.6530,0.1600,0.1400,0.0700,0.0260,0.0000,0.0000,0.3530,1.0000,0.0000,0.0000,0.0000,0.0000,0.0000,0.0000,65.8423,0.0000,3070.0000,936.0000,0.0000,4.0000,6.0000,3.0000,1.0000
0.6180,0.1320,0.1340,0.0530,0.0230,0.0000,0.0000,0.3520,1.0000,0.0000,0.0000,0.0000,0.0000,0.0000,0.0000,65.8423,0.0000,3070.0000,936.0000,0.0000,4.0000,6.0000,3.0000,1.0000
0.6470,0.1330,0.1240,0.0540,0.0230,0.0000,0.0000,0.3900,1.0000,0.0000,0.0000,0.0000,0.0000,0.0000,0.0000,65.8423,0.0000,3070.0000,936.0000,0.0000,4.0000,6.0000,3.0000,1.0000
0.6380,0.1360,0.1320,0.0550,0.0240,0.0000,0.0000,0.3700,1.0000,0.0000,0.0000,0.0000,0.0000,0.0000,0.0000,65.8423,0.0000,3070.0000,936.0000,0.0000,4.0000,6.0000,3.0000,1.0000
0.6350,0.1320,0.1170,0.0540,0.0230,0.0000,0.0000,0.3860,1.0000,0.0000,0.0000,0.0000,0.0000,0.0000,0.0000,65.8423,0.0000,3070.0000,936.0000,0.0000,4.0000,6.0000,3.0000,1.0000
0.7340,0.1480,0.1230,0.0680,0.0230,0.0000,0.0000,0.4630,1.0000,0.0000,0.0000,0.0000,0.0000,0.0000,0.0000,65.8423,0.0000,3070.0000,936.0000,0.0000,4.0000,6.0000,3.0000,1.0000
0.7480,0.1910,0.1500,0.1030,0.0290,0.0000,0.0000,0.4070,1.0000,0.0000,0.0000,0.0000,0.0000,0.0000,0.0000,65.8423,0.0000,3070.0000,936.0000,0.0000,4.0000,6.0000,3.0000,1.0000
0.7000,0.1380,0.1370,0.0540,0.0240,0.0000,0.0000,0.4250,1.0000,0.0000,0.0000,0.0000,0.0000,0.0000,0.0000,65.8423,0.0000,3070.0000,936.0000,0.0000,4.0000,6.0000,3.0000,1.0000
0.6510,0.1490,0.1520,0.0560,0.0250,0.0000,0.0000,0.3500,1.0000,0.0000,0.0000,0.0000,0.0000,0.0000,0.0000,65.8423,0.0000,3070.0000,936.0000,0.0000,4.0000,6.0000,3.0000,1.0000
0.5960,0.1450,0.1210,0.0560,0.0240,0.0000,0.0000,0.3300,1.0000,0.0000,0.0000,0.0000,0.0000,0.0000,0.0000,65.8423,0.0000,3070.0000,936.0000,0.0000,4.0000,6.0000,3.0000,1.0000
0.6510,0.1270,0.1330,0.0510,0.0350,0.0000,0.0000,0.3910,1.0000,0.0000,0.0000,0.0000,0.0000,0.0000,0.0000,65.8423,0.0000,3070.0000,936.0000,0.0000,4.0000,6.0000,3.0000,1.0000
0.7120,0.1540,0.1500,0.0560,0.0340,0.0000,0.0000,0.4080,1.0000,0.0000,0.0000,0.0000,0.0000,0.0000,0.0000,65.8423,0.0000,3070.0000,936.0000,0.0000,4.0000,6.0000,3.0000,1.0000
0.6070,0.1590,0.1310,0.0690,0.0250,0.0000,0.0000,0.3170,1.0000,0.0000,0.0000,0.0000,0.0000,0.0000,0.0000,65.8423,0.0000,3070.0000,936.0000,0.0000,4.0000,6.0000,3.0000,1.0000
0.6530,0.1280,0.1280,0.0520,0.0240,0.0000,0.0000,0.3970,1.0000,0.0000,0.0000,0.0000,0.0000,0.0000,0.0000,65.8423,0.0000,3070.0000,936.0000,0.0000,4.0000,6.0000,3.0000,1.0000
0.7130,0.1450,0.1240,0.0530,0.0240,0.0000,0.0000,0.4440,1.0000,0.0000,0.0000,0.0000,0.0000,0.0000,0.0000,65.8423,0.0000,3070.0000,936.0000,0.0000,4.0000,6.0000,3.0000,1.0000
0.6820,0.1490,0.1380,0.0540,0.0260,0.0000,0.0000,0.3950,1.0000,0.0000,0.0000,0.0000,0.0000,0.0000,0.0000,65.8423,0.0000,3070.0000,936.0000,0.0000,4.0000,6.0000,3.0000,1.0000
0.6320,0.1430,0.1420,0.0640,0.0240,0.0000,0.0000,0.3470,1.0000,0.0000,0.0000,0.0000,0.0000,0.0000,0.0000,65.8416,0.0000,3070.0000,936.0000,0.0000,4.0000,5.0000,3.0000,1.0000
0.8670,0.1380,0.1600,0.0550,0.0620,0.0000,0.0000,0.5690,1.0000,0.0000,0.0000,0.0000,0.0000,0.0000,0.0000,65.8519,0.0000,3071.0000,936.0000,0.0000,4.0000,5.0000,3.0000,1.0000
0.7200,0.2110,0.1400,0.0620,0.0250,0.0000,0.0000,0.3690,1.0000,0.0000,0.0000,0.0000,0.0000,0.0000,0.0000,65.8519,0.0000,3071.0000,936.0000,0.0000,4.0000,5.0000,3.0000,1.0000
0.6870,0.1820,0.1400,0.0560,0.0250,0.0000,0.0000,0.3650,1.0000,0.0000,0.0000,0.0000,0.0000,0.0000,0.0000,65.8519,0.0000,3071.0000,936.0000,0.0000,4.0000,5.0000,3.0000,1.0000
0.6540,0.1350,0.1280,0.0540,0.0230,0.0000,0.0000,0.3910,1.0000,0.0000,0.0000,0.0000,0.0000,0.0000,0.0000,65.8519,0.0000,3071.0000,936.0000,0.0000,4.0000,5.0000,3.0000,1.0000
0.7100,0.1410,0.1280,0.0550,0.0240,0.0000,0.0000,0.4410,1.0000,0.0000,0.0000,0.0000,0.0000,0.0000,0.0000,65.8519,0.0000,3071.0000,936.0000,0.0000,4.0000,5.0000,3.0000,1.0000
0.6770,0.1410,0.1380,0.0550,0.0260,0.0000,0.0000,0.3980,1.0000,0.0000,0.0000,0.0000,0.0000,0.0000,0.0000,65.8519,0.0000,3071.0000,936.0000,0.0000,4.0000,5.0000,3.0000,1.0000
0.8210,0.1430,0.1470,0.0540,0.0360,0.0000,0.0000,0.5310,1.0000,0.0000,0.0000,0.0000,0.0000,0.0000,0.0000,65.8519,0.0000,3071.0000,936.0000,0.0000,4.0000,5.0000,3.0000,1.0000
0.7990,0.2220,0.2040,0.0830,0.0320,0.0000,0.0000,0.3730,1.0000,0.0000,0.0000,0.0000,0.0000,0.0000,0.0000,65.8519,0.0000,3071.0000,936.0000,0.0000,4.0000,5.0000,3.0000,1.0000
0.6960,0.1700,0.1450,0.0630,0.0270,0.0000,0.0000,0.3810,1.0000,0.0000,0.0000,0.0000,0.0000,0.0000,0.0000,65.8519,0.0000,3071.0000,936.0000,0.0000,4.0000,5.0000,3.0000,1.0000
0.6460,0.1590,0.1430,0.0590,0.0330,0.0000,0.0000,0.3440,1.0000,0.0000,0.0000,0.0000,0.0000,0.0000,0.0000,65.8519,0.0000,3071.0000,936.0000,0.0000,4.0000,5.0000,3.0000,1.0000
0.6290,0.1370,0.1260,0.0540,0.0230,0.0000,0.0000,0.3660,1.0000,0.0000,0.0000,0.0000,0.0000,0.0000,0.0000,65.8519,0.0000,3071.0000,936.0000,0.0000,4.0000,5.0000,3.0000,0.0000
0.7220,0.1500,0.1460,0.0560,0.0300,0.0000,0.0000,0.4260,1.0000,0.0000,0.0000,0.0000,0.0000,0.0000,0.0000,65.8519,0.0000,3071.0000,936.0000,0.0000,4.0000,5.0000,3.0000,0.0000
0.7090,0.1880,0.1320,0.0670,0.0250,0.0000,0.0000,0.3890,1.0000,0.0000,0.0000,0.0000,0.0000,0.0000,0.0000,65.8519,0.0000,3071.0000,936.0000,0.0000,4.0000,5.0000,3.0000,0.0000
0.7000,0.1590,0.1690,0.0550,0.0310,0.0000,0.0000,0.3720,1.0000,0.0000,0.0000,0.0000,0.0000,0.0000,0.0000,65.8519,0.0000,3071.0000,936.0000,0.0000,4.0000,5.0000,3.0000,0.0000
0.6610,0.1510,0.1340,0.0550,0.0240,0.0000,0.0000,0.3760,1.0000,0.0000,0.0000,0.0000,0.0000,0.0000,0.0000,65.8519,0.0000,3071.0000,936.0000,0.0000,4.0000,5.0000,3.0000,0.0000
0.5960,0.1440,0.1260,0.0600,0.0240,0.0000,0.0000,0.3260,1.0000,0.0000,0.0000,0.0000,0.0000,0.0000,0.0000,65.8519,0.0000,3071.0000,936.0000,0.0000,4.0000,5.0000,3.0000,0.0000
0.5910,0.1280,0.1250,0.0460,0.0240,0.0000,0.0000,0.3380,1.0000,0.0000,0.0000,0.0000,0.0000,0.0000,0.0000,65.8519,0.0000,3071.0000,936.0000,0.0000,4.0000,5.0000,3.0000,0.0000
1.2880,0.1260,0.1210,0.0470,0.0240,0.0000,0.0000,1.0410,1.0000,0.0000,0.0000,0.0000,0.0000,0.0000,0.0000,65.8519,0.0000,3071.0000,936.0000,0.0000,4.0000,5.0000,3.0000,0.0000
0.8370,0.1680,0.1960,0.0490,0.0320,0.0000,0.0000,0.4730,1.0000,0.0000,0.0000,0.0000,0.0000,0.0000,0.0000,65.8519,0.0000,3071.0000,936.0000,0.0000,4.0000,5.0000,3.0000,0.0000
0.6720,0.1680,0.1460,0.0600,0.0280,0.0000,0.0000,0.3580,1.0000,0.0000,0.0000,0.0000,0.0000,0.0000,0.0000,65.8519,0.0000,3071.0000,936.0000,0.0000,4.0000,5.0000,3.0000,0.0000
0.7350,0.1570,0.1330,0.0640,0.0250,0.0000,0.0000,0.4450,1.0000,0.0000,0.0000,0.0000,0.0000,0.0000,0.0000,65.7634,0.0000,3061.0000,936.0000,0.0000,4.0000,5.0000,3.0000,0.0000
0.6780,0.1290,0.1720,0.0470,0.0360,0.0000,0.0000,0.3770,1.0000,0.0000,0.0000,0.0000,0.0000,0.0000,0.0000,65.7634,0.0000,3061.0000,936.0000,0.0000,4.0000,5.0000,3.0000,0.0000
0.6740,0.1390,0.1520,0.0510,0.0250,0.0000,0.0000,0.3830,1.0000,0.0000,0.0000,0.0000,0.0000,0.0000,0.0000,65.7634,0.0000,3061.0000,936.0000,0.0000,4.0000,5.0000,3.0000,0.0000
0.6120,0.1460,0.1270,0.0490,0.0240,0.0000,0.0000,0.3390,1.0000,0.0000,0.0000,0.0000,0.0000,0.0000,0.0000,65.7634,0.0000,3061.0000,936.0000,0.0000,4.0000,5.0000,3.0000,0.0000
0.5890,0.1220,0.1350,0.0450,0.0240,0.0000,0.0000,0.3320,1.0000,0.0000,0.0000,0.0000,0.0000,0.0000,0.0000,65.7634,0.0000,3061.0000,936.0000,0.0000,4.0000,5.0000,3.0000,0.0000
0.6520,0.1250,0.1200,0.0480,0.0230,0.0000,0.0000,0.4070,1.0000,0.0000,0.0000,0.0000,0.0000,0.0000,0.0000,65.7634,0.0000,3061.0000,936.0000,0.0000,4.0000,5.0000,3.0000,0.0000
0.5810,0.1280,0.1210,0.0480,0.0210,0.0000,0.0000,0.3320,1.0000,0.0000,0.0000,0.0000,0.0000,0.0000,0.0000,65.7634,0.0000,3061.0000,936.0000,0.0000,4.0000,5.0000,3.0000,0.0000
0.6150,0.1200,0.1200,0.0450,0.0210,0.0000,0.0000,0.3750,1.0000,0.0000,0.0000,0.0000,0.0000,0.0000,0.0000,65.7634,0.0000,3061.0000,936.0000,0.0000,4.0000,5.0000,3.0000,0.0000
0.6270,0.1270,0.1170,0.0470,0.0210,0.0000,0.0000,0.3830,1.0000,0.0000,0.0000,0.0000,0.0000,0.0000,0.0000,65.7634,0.0000,3061.0000,936.0000,0.0000,4.0000,5.0000,3.0000,0.0000
0.6060,0.1180,0.1350,0.0450,0.0220,0.0000,0.0000,0.3530,1.0000,0.0000,0.0000,0.0000,0.0000,0.0000,0.0000,65.7634,0.0000,3061.0000,936.0000,0.0000,4.0000,5.0000,3.0000,0.0000
0.5960,0.1320,0.1140,0.0500,0.0200,0.0000,0.0000,0.3500,1.0000,0.0000,0.0000,0.0000,0.0000,0.0000,0.0000,65.7634,0.0000,3061.0000,936.0000,0.0000,4.0000,5.0000,3.0000,0.0000
0.6540,0.1240,0.1200,0.0460,0.0210,0.0000,0.0000,0.4100,1.0000,0.0000,0.0000,0.0000,0.0000,0.0000,0.0000,65.7634,0.0000,3061.0000,936.0000,0.0000,4.0000,5.0000,3.0000,0.0000
0.5780,0.1190,0.1160,0.0450,0.0210,0.0000,0.0000,0.3430,1.0000,0.0000,0.0000,0.0000,0.0000,0.0000,0.0000,65.7634,0.0000,3061.0000,936.0000,0.0000,4.0000,5.0000,3.0000,0.0000
0.5990,0.1240,0.1150,0.0470,0.0200,0.0000,0.0000,0.3600,1.0000,0.0000,0.0000,0.0000,0.0000,0.0000,0.0000,65.7634,0.0000,3061.0000,936.0000,0.0000,4.0000,5.0000,3.0000,0.0000
0.6220,0.1520,0.1370,0.0810,0.0240,0.0000,0.0000,0.3330,1.0000,0.0000,0.0000,0.0000,0.0000,0.0000,0.0000,65.7634,0.0000,3061.0000,936.0000,0.0000,4.0000,5.0000,3.0000,0.0000
0.7220,0.1260,0.1420,0.0470,0.0210,0.0000,0.0000,0.4540,1.0000,0.0000,0.0000,0.0000,0.0000,0.0000,0.0000,65.7634,0.0000,3061.0000,936.0000,0.0000,4.0000,5.0000,3.0000,0.0000
0.7100,0.1460,0.1440,0.0490,0.0250,0.0000,0.0000,0.4200,1.0000,0.0000,0.0000,0.0000,0.0000,0.0000,0.0000,65.7634,0.0000,3061.0000,936.0000,0.0000,4.0000,5.0000,3.0000,0.0000
0.6160,0.1680,0.1360,0.0520,0.0250,0.0000,0.0000,0.3120,1.0000,0.0000,0.0000,0.0000,0.0000,0.0000,0.0000,65.7634,0.0000,3061.0000,936.0000,0.0000,4.0000,5.0000,3.0000,0.0000
0.6410,0.1280,0.1430,0.0470,0.0220,0.0000,0.0000,0.3700,1.0000,0.0000,0.0000,0.0000,0.0000,0.0000,0.0000,65.7634,0.0000,3061.0000,936.0000,0.0000,4.0000,5.0000,3.0000,0.0000
0.6060,0.1370,0.1190,0.0480,0.0210,0.0000,0.0000,0.3500,1.0000,0.0000,0.0000,0.0000,0.0000,0.0000,0.0000,65.7634,0.0000,3061.0000,936.0000,0.0000,4.0000,5.0000,3.0000,0.0000
0.6570,0.1200,0.1570,0.0450,0.0240,0.0000,0.0000,0.3800,1.0000,0.0000,0.0000,0.0000,0.0000,0.0000,0.0000,65.7634,0.0000,3061.0000,936.0000,0.0000,4.0000,5.0000,3.0000,0.0000
0.7120,0.1300,0.1220,0.0490,0.0210,0.0000,0.0000,0.4600,1.0000,0.0000,0.0000,0.0000,0.0000,0.0000,0.0000,65.7634,0.0000,3061.0000,936.0000,0.0000,4.0000,5.0000,3.0000,0.0000
0.6150,0.1660,0.1400,0.0550,0.0240,0.0000,0.0000,0.3090,1.0000,0.0000,0.0000,0.0000,0.0000,0.0000,0.0000,65.7634,0.0000,3061.0000,936.0000,0.0000,4.0000,5.0000,3.0000,0.0000
0.6450,0.1230,0.1380,0.0470,0.0230,0.0000,0.0000,0.3840,1.0000,0.0000,0.0000,0.0000,0.0000,0.0000,0.0000,65.7634,0.0000,3061.0000,936.0000,0.0000,4.0000,5.0000,3.0000,0.0000
0.6210,0.1500,0.1270,0.0570,0.0240,0.0000,0.0000,0.3440,1.0000,0.0000,0.0000,0.0000,0.0000,0.0000,0.0000,65.7634,0.0000,3061.0000,936.0000,0.0000,4.0000,5.0000,3.0000,0.0000
0.5930,0.1340,0.1230,0.0490,0.0240,0.0000,0.0000,0.3360,1.0000,0.0000,0.0000,0.0000,0.0000,0.0000,0.0000,65.7634,0.0000,3061.0000,936.0000,0.0000,4.0000,5.0000,3.0000,0.0000
0.5710,0.1240,0.1170,0.0460,0.0220,0.0000,0.0000,0.3300,1.0000,0.0000,0.0000,0.0000,0.0000,0.0000,0.0000,65.7634,0.0000,3061.0000,936.0000,0.0000,4.0000,5.0000,3.0000,0.0000
0.6540,0.1270,0.1310,0.0470,0.0230,0.0000,0.0000,0.3960,1.0000,0.0000,0.0000,0.0000,0.0000,0.0000,0.0000,65.7634,0.0000,3061.0000,936.0000,0.0000,4.0000,5.0000,3.0000,0.0000
0.6020,0.1530,0.1280,0.0770,0.0220,0.0000,0.0000,0.3210,1.0000,0.0000,0.0000,0.0000,0.0000,0.0000,0.0000,65.7634,0.0000,3061.0000,936.0000,0.0000,4.0000,5.0000,3.0000,0.0000
0.5980,0.1300,0.1140,0.0490,0.0200,0.0000,0.0000,0.3540,1.0000,0.0000,0.0000,0.0000,0.0000,0.0000,0.0000,65.7634,0.0000,3061.0000,936.0000,0.0000,4.0000,5.0000,3.0000,0.0000
0.5840,0.1270,0.1200,0.0480,0.0210,0.0000,0.0000,0.3370,1.0000,0.0000,0.0000,0.0000,0.0000,0.0000,0.0000,65.7634,0.0000,3061.0000,936.0000,0.0000,4.0000,5.0000,3.0000,0.0000
0.6330,0.1240,0.1140,0.0470,0.0210,0.0000,0.0000,0.3950,1.0000,0.0000,0.0000,0.0000,0.0000,0.0000,0.0000,65.7634,0.0000,3061.0000,936.0000,0.0000,4.0000,5.0000,3.0000,0.0000
0.5870,0.1240,0.1140,0.0460,0.0210,0.0000,0.0000,0.3490,1.0000,0.0000,0.0000,0.0000,0.0000,0.0000,0.0000,65.7634,0.0000,3061.0000,936.0000,0.0000,4.0000,5.0000,3.0000,0.0000
0.6180,0.1540,0.1240,0.0520,0.0220,0.0000,0.0000,0.3400,1.0000,0.0000,0.0000,0.0000,0.0000,0.0000,0.0000,65.7634,0.0000,3061.0000,936.0000,0.0000,4.0000,5.0000,3.0000,0.0000
0.6500,0.1240,0.1390,0.0460,0.0480,0.0000,0.0000,0.3870,1.0000,0.0000,0.0000,0.0000,0.0000,0.0000,0.0000,65.7634,0.0000,3061.0000,936.0000,0.0000,4.0000,5.0000,3.0000,0.0000
0.5940,0.1480,0.1240,0.0500,0.0220,0.0000,0.0000,0.3220,1.0000,0.0000,0.0000,0.0000,0.0000,0.0000,0.0000,65.7634,0.0000,3061.0000,936.0000,0.0000,4.0000,5.0000,3.0000,0.0000
0.5770,0.1220,0.1160,0.0460,0.0200,0.0000,0.0000,0.3390,1.0000,0.0000,0.0000,0.0000,0.0000,0.0000,0.0000,65.7634,0.0000,3061.0000,936.0000,0.0000,4.0000,5.0000,3.0000,0.0000
0.5950,0.1270,0.1160,0.0490,0.0200,0.0000,0.0000,0.3520,1.0000,0.0000,0.0000,0.0000,0.0000,0.0000,0.0000,65.7634,0.0000,3061.0000,936.0000,0.0000,4.0000,5.0000,3.0000,0.0000
1.0030,0.1550,0.3430,0.0490,0.2430,0.0000,0.0000,0.5050,1.0000,0.0000,0.0000,0.0000,0.0000,0.0000,0.0000,65.7817,0.0000,3063.0000,936.0000,0.0000,4.0000,5.0000,3.0000,0.0000
0.7620,0.2620,0.1700,0.1120,0.0290,0.0000,0.0000,0.3300,1.0000,0.0000,0.0000,0.0000,0.0000,0.0000,0.0000,65.7817,0.0000,3063.0000,936.0000,0.0000,4.0000,5.0000,3.0000,0.0000
0.6680,0.1410,0.1680,0.0500,0.0240,0.0000,0.0000,0.3590,1.0000,0.0000,0.0000,0.0000,0.0000,0.0000,0.0000,65.7818,0.0000,3063.0000,936.0000,0.0000,4.0000,5.0000,3.0000,0.0000
0.6140,0.1380,0.1250,0.0490,0.0220,0.0000,0.0000,0.3510,1.0000,0.0000,0.0000,0.0000,0.0000,0.0000,0.0000,65.7818,0.0000,3063.0000,936.0000,0.0000,4.0000,5.0000,3.0000,0.0000
0.5820,0.1600,0.1250,0.0480,0.0220,0.0000,0.0000,0.2970,1.0000,0.0000,0.0000,0.0000,0.0000,0.0000,0.0000,65.7818,0.0000,3063.0000,936.0000,0.0000,4.0000,5.0000,3.0000,0.0000
0.6130,0.1270,0.1460,0.0470,0.0220,0.0000,0.0000,0.3400,1.0000,0.0000,0.0000,0.0000,0.0000,0.0000,0.0000,65.7818,0.0000,3063.0000,936.0000,0.0000,4.0000,5.0000,3.0000,0.0000
0.5920,0.1410,0.1200,0.0480,0.0210,0.0000,0.0000,0.3310,1.0000,0.0000,0.0000,0.0000,0.0000,0.0000,0.0000,65.7818,0.0000,3063.0000,936.0000,0.0000,4.0000,5.0000,3.0000,0.0000
0.6030,0.1200,0.1170,0.0460,0.0210,0.0000,0.0000,0.3660,1.0000,0.0000,0.0000,0.0000,0.0000,0.0000,0.0000,65.7818,0.0000,3063.0000,936.0000,0.0000,4.0000,5.0000,3.0000,0.0000
0.6410,0.1240,0.1180,0.0470,0.0210,0.0000,0.0000,0.3990,1.0000,0.0000,0.0000,0.0000,0.0000,0.0000,0.0000,65.7818,0.0000,3063.0000,936.0000,0.0000,4.0000,5.0000,3.0000,0.0000
0.5790,0.1960,0.1260,0.0890,0.0230,0.0000,0.0000,0.2570,1.0000,0.0000,0.0000,0.0000,0.0000,0.0000,0.0000,65.7818,0.0000,3063.0000,936.0000,0.0000,4.0000,5.0000,3.0000,0.0000
0.6100,0.1230,0.1430,0.0450,0.0210,0.0000,0.0000,0.3440,1.0000,0.0000,0.0000,0.0000,0.0000,0.0000,0.0000,65.7818,0.0000,3063.0000,936.0000,0.0000,4.0000,5.0000,3.0000,0.0000
0.6280,0.1370,0.1420,0.0470,0.0230,0.0000,0.0000,0.3490,1.0000,0.0000,0.0000,0.0000,0.0000,0.0000,0.0000,65.7818,0.0000,3063.0000,936.0000,0.0000,4.0000,5.0000,3.0000,0.0000
0.6400,0.1270,0.1370,0.0480,0.0230,0.0000,0.0000,0.3760,1.0000,0.0000,0.0000,0.0000,0.0000,0.0000,0.0000,65.7818,0.0000,3063.0000,936.0000,0.0000,4.0000,5.0000,3.0000,0.0000
0.7470,0.1570,0.1220,0.0610,0.0210,0.0000,0.0000,0.4680,1.0000,0.0000,0.0000,0.0000,0.0000,0.0000,0.0000,65.7819,0.0000,3063.0000,936.0000,0.0000,4.0000,5.0000,3.0000,1.0000
1.1780,0.2240,0.3000,0.1420,0.1610,0.0000,0.0000,0.6540,1.0000,0.0000,0.0000,0.0000,0.0000,0.0000,0.0000,65.7819,0.0000,3063.0000,936.0000,0.0000,4.0000,5.0000,3.0000,1.0000
0.8670,0.2320,0.2400,0.0820,0.0620,0.0000,0.0000,0.3950,1.0000,0.0000,0.0000,0.0000,0.0000,0.0000,0.0000,65.7819,0.0000,3063.0000,936.0000,0.0000,4.0000,5.0000,3.0000,1.0000
0.7300,0.1920,0.1560,0.0700,0.0280,0.0000,0.0000,0.3820,1.0000,0.0000,0.0000,0.0000,0.0000,0.0000,0.0000,65.7826,0.0000,3063.0000,936.0000,0.0000,4.0000,6.0000,3.0000,1.0000
0.7130,0.1880,0.1440,0.0600,0.0260,0.0000,0.0000,0.3810,1.0000,0.0000,0.0000,0.0000,0.0000,0.0000,0.0000,65.7826,0.0000,3063.0000,936.0000,0.0000,4.0000,6.0000,3.0000,1.0000
0.6820,0.1630,0.1520,0.0650,0.0270,0.0000,0.0000,0.3670,1.0000,0.0000,0.0000,0.0000,0.0000,0.0000,0.0000,65.7826,0.0000,3063.0000,936.0000,0.0000,4.0000,6.0000,3.0000,1.0000
0.7170,0.1480,0.1330,0.0590,0.0250,0.0000,0.0000,0.4360,1.0000,0.0000,0.0000,0.0000,0.0000,0.0000,0.0000,65.7826,0.0000,3063.0000,936.0000,0.0000,4.0000,6.0000,3.0000,1.0000
0.6850,0.1870,0.1440,0.0590,0.0270,0.0000,0.0000,0.3540,1.0000,0.0000,0.0000,0.0000,0.0000,0.0000,0.0000,65.7826,0.0000,3063.0000,936.0000,0.0000,4.0000,6.0000,3.0000,1.0000
0.6530,0.1420,0.1490,0.0560,0.0270,0.0000,0.0000,0.3620,1.0000,0.0000,0.0000,0.0000,0.0000,0.0000,0.0000,65.7826,0.0000,3063.0000,936.0000,0.0000,4.0000,6.0000,3.0000,1.0000
0.6390,0.1420,0.1270,0.0560,0.0240,0.0000,0.0000,0.3700,1.0000,0.0000,0.0000,0.0000,0.0000,0.0000,0.0000,65.7826,0.0000,3063.0000,936.0000,0.0000,4.0000,6.0000,3.0000,1.0000
0.6280,0.1370,0.1280,0.0530,0.0250,0.0000,0.0000,0.3630,1.0000,0.0000,0.0000,0.0000,0.0000,0.0000,0.0000,65.7826,0.0000,3063.0000,936.0000,0.0000,4.0000,6.0000,3.0000,1.0000
0.6690,0.1300,0.1280,0.0520,0.0250,0.0000,0.0000,0.4110,1.0000,0.0000,0.0000,0.0000,0.0000,0.0000,0.0000,65.7826,0.0000,3063.0000,936.0000,0.0000,4.0000,6.0000,3.0000,1.0000
0.7340,0.1490,0.1350,0.0580,0.0260,0.0000,0.0000,0.4500,1.0000,0.0000,0.0000,0.0000,0.0000,0.0000,0.0000,65.7826,0.0000,3063.0000,936.0000,0.0000,4.0000,6.0000,3.0000,1.0000
0.8100,0.1870,0.1740,0.0590,0.0600,0.0000,0.0000,0.4490,1.0000,0.0000,0.0000,0.0000,0.0000,0.0000,0.0000,65.7929,0.0000,3064.0000,936.0000,0.0000,4.0000,6.0000,3.0000,1.0000
0.6250,0.2200,0.1360,0.0950,0.0260,0.0000,0.0000,0.2690,1.0000,0.0000,0.0000,0.0000,0.0000,0.0000,0.0000,65.7929,0.0000,3064.0000,936.0000,0.0000,4.0000,6.0000,3.0000,1.0000
0.7790,0.1340,0.1570,0.0540,0.0260,0.0000,0.0000,0.4880,1.0000,0.0000,0.0000,0.0000,0.0000,0.0000,0.0000,65.7929,0.0000,3064.0000,936.0000,0.0000,4.0000,6.0000,3.0000,1.0000
0.9310,0.1910,0.1810,0.0760,0.0330,0.0000,0.0000,0.5590,1.0000,0.0000,0.0000,0.0000,0.0000,0.0000,0.0000,65.7929,0.0000,3064.0000,936.0000,0.0000,4.0000,6.0000,3.0000,1.0000
1.7460,0.1940,0.1700,0.0660,0.0300,0.0000,0.0000,1.3820,1.0000,0.0000,0.0000,0.0000,0.0000,0.0000,0.0000,65.7929,0.0000,3064.0000,936.0000,0.0000,4.0000,6.0000,3.0000,1.0000
1.4190,0.7020,0.2780,0.4980,0.0450,0.0000,0.0000,0.4390,1.0000,0.0000,0.0000,0.0000,0.0000,0.0000,0.0000,65.7929,0.0000,3064.0000,936.0000,0.0000,4.0000,6.0000,3.0000,1.0000
1.2950,0.3910,0.3270,0.1060,0.0490,0.0000,0.0000,0.5770,1.0000,0.0000,0.0000,0.0000,0.0000,0.0000,0.0000,65.7929,0.0000,3064.0000,936.0000,0.0000,4.0000,6.0000,3.0000,1.0000
1.2150,0.2520,0.2690,0.0910,0.0510,0.0000,0.0000,0.6940,1.0000,0.0000,0.0000,0.0000,0.0000,0.0000,0.0000,65.7929,0.0000,3064.0000,936.0000,0.0000,4.0000,6.0000,3.0000,1.0000
1.0500,0.2760,0.2380,0.0930,0.0410,0.0000,0.0000,0.5360,1.0000,0.0000,0.0000,0.0000,0.0000,0.0000,0.0000,65.7929,0.0000,3064.0000,936.0000,0.0000,4.0000,6.0000,3.0000,1.0000
1.0740,0.2720,0.2290,0.1330,0.0420,0.0000,0.0000,0.5730,1.0000,0.0000,0.0000,0.0000,0.0000,0.0000,0.0000,65.7929,0.0000,3064.0000,936.0000,0.0000,4.0000,6.0000,3.0000,1.0000
1.1670,0.2810,0.2140,0.1380,0.0390,0.0000,0.0000,0.6720,1.0000,0.0000,0.0000,0.0000,0.0000,0.0000,0.0000,65.7949,0.0000,3065.0000,936.0000,0.0000,4.0000,6.0000,3.0000,1.0000
1.3330,0.3610,0.2680,0.1290,0.0430,0.0000,0.0000,0.7040,1.0000,0.0000,0.0000,0.0000,0.0000,0.0000,0.0000,65.7944,0.0000,3065.0000,936.0000,0.0000,4.0000,6.0000,3.0000,1.0000
1.2830,0.3040,0.3600,0.1490,0.1050,0.0000,0.0000,0.6190,1.0000,0.0000,0.0000,0.0000,0.0000,0.0000,0.0000,65.8072,0.0000,3068.0000,936.0000,0.0000,4.0000,6.0000,3.0000,1.0000
1.2130,0.3110,0.2680,0.0910,0.0420,0.0000,0.0000,0.6340,1.0000,0.0000,0.0000,0.0000,0.0000,0.0000,0.0000,65.8188,0.0000,3069.0000,936.0000,0.0000,4.0000,6.0000,3.0000,1.0000
1.4070,0.3300,0.2840,0.1290,0.0550,0.0000,0.0000,0.7930,1.0000,0.0000,0.0000,0.0000,0.0000,0.0000,0.0000,65.8188,0.0000,3069.0000,936.0000,0.0000,4.0000,6.0000,3.0000,1.0000
1.1290,0.2550,0.2970,0.0960,0.0440,0.0000,0.0000,0.5770,1.0000,0.0000,0.0000,0.0000,0.0000,0.0000,0.0000,65.8189,0.0000,3069.0000,936.0000,0.0000,4.0000,6.0000,3.0000,1.0000
1.2810,0.2510,0.2500,0.1040,0.0390,0.0000,0.0000,0.7800,1.0000,0.0000,0.0000,0.0000,0.0000,0.0000,0.0000,65.8189,0.0000,3069.0000,936.0000,0.0000,4.0000,6.0000,3.0000,1.0000
1.2160,0.2440,0.2650,0.0980,0.0540,0.0000,0.0000,0.7070,1.0000,0.0000,0.0000,0.0000,0.0000,0.0000,0.0000,65.8188,0.0000,3069.0000,936.0000,0.0000,4.0000,6.0000,3.0000,2.0000
1.1030,0.3370,0.2140,0.1950,0.0440,0.0000,0.0000,0.5520,1.0000,0.0000,0.0000,0.0000,0.0000,0.0000,0.0000,65.8188,0.0000,3069.0000,936.0000,0.0000,4.0000,6.0000,3.0000,2.0000
1.0880,0.2940,0.2460,0.0900,0.0420,0.0000,0.0000,0.5480,1.0000,0.0000,0.0000,0.0000,0.0000,0.0000,0.0000,65.8188,0.0000,3069.0000,936.0000,0.0000,4.0000,6.0000,3.0000,2.0000
1.4020,0.2570,0.2810,0.1050,0.0940,0.0000,0.0000,0.8640,1.0000,0.0000,0.0000,0.0000,0.0000,0.0000,0.0000,65.8385,0.0000,3071.0000,936.0000,0.0000,4.0000,6.0000,3.0000,2.0000
0.9930,0.3590,0.2320,0.1050,0.0400,0.0000,0.0000,0.4020,1.0000,0.0000,0.0000,0.0000,0.0000,0.0000,0.0000,65.8385,0.0000,3071.0000,936.0000,0.0000,4.0000,6.0000,3.0000,2.0000
1.0190,0.2240,0.1940,0.0900,0.0370,0.0000,0.0000,0.6010,1.0000,0.0000,0.0000,0.0000,0.0000,0.0000,0.0000,65.8386,0.0000,3071.0000,936.0000,0.0000,4.0000,6.0000,3.0000,2.0000
1.0370,0.2510,0.2340,0.1090,0.0420,0.0000,0.0000,0.5520,1.0000,0.0000,0.0000,0.0000,0.0000,0.0000,0.0000,65.8386,0.0000,3071.0000,936.0000,0.0000,4.0000,6.0000,3.0000,2.0000
1.1110,0.2530,0.2540,0.0920,0.0550,0.0000,0.0000,0.6040,1.0000,0.0000,0.0000,0.0000,0.0000,0.0000,0.0000,65.8386,0.0000,3071.0000,936.0000,0.0000,4.0000,6.0000,3.0000,2.0000
1.5320,0.2750,0.2200,0.1200,0.0460,0.0000,0.0000,1.0370,1.0000,0.0000,0.0000,0.0000,0.0000,0.0000,0.0000,65.8386,0.0000,3071.0000,936.0000,0.0000,4.0000,6.0000,3.0000,2.0000
1.3420,0.3380,0.3860,0.1700,0.1210,0.0000,0.0000,0.6180,1.0000,0.0000,0.0000,0.0000,0.0000,0.0000,0.0000,65.8386,0.0000,3071.0000,936.0000,0.0000,4.0000,6.0000,3.0000,2.0000
1.4450,0.2780,0.3170,0.1090,0.0560,0.0000,0.0000,0.8500,1.0000,0.0000,0.0000,0.0000,0.0000,0.0000,0.0000,65.8386,0.0000,3071.0000,936.0000,0.0000,4.0000,6.0000,3.0000,2.0000
1.2880,0.3450,0.2920,0.1670,0.0590,0.0000,0.0000,0.6510,1.0000,0.0000,0.0000,0.0000,0.0000,0.0000,0.0000,65.8386,0.0000,3071.0000,936.0000,0.0000,4.0000,6.0000,3.0000,2.0000
1.1580,0.2840,0.2410,0.1200,0.0370,0.0000,0.0000,0.6330,1.0000,0.0000,0.0000,0.0000,0.0000,0.0000,0.0000,65.8386,0.0000,3071.0000,936.0000,0.0000,4.0000,6.0000,3.0000,2.0000
1.3080,0.2700,0.3010,0.1060,0.0570,0.0000,0.0000,0.7370,1.0000,0.0000,0.0000,0.0000,0.0000,0.0000,0.0000,65.8386,0.0000,3071.0000,936.0000,0.0000,4.0000,6.0000,3.0000,2.0000
1.6100,0.3200,0.3000,0.1470,0.0640,0.0000,0.0000,0.9900,1.0000,0.0000,0.0000,0.0000,0.0000,0.0000,0.0000,65.8386,0.0000,3071.0000,936.0000,0.0000,4.0000,6.0000,3.0000,2.0000
1.4560,0.4350,0.3760,0.1490,0.0600,0.0000,0.0000,0.6450,1.0000,0.0000,0.0000,0.0000,0.0000,0.0000,0.0000,65.8386,0.0000,3071.0000,936.0000,0.0000,4.0000,6.0000,3.0000,2.0000
1.4080,0.3010,0.2900,0.0920,0.0420,0.0000,0.0000,0.8170,1.0000,0.0000,0.0000,0.0000,0.0000,0.0000,0.0000,65.8375,0.0000,3069.0000,936.0000,0.0000,4.0000,6.0000,3.0000,2.0000
1.4340,0.3470,0.4490,0.0950,0.2370,0.0000,0.0000,0.6380,1.0000,0.0000,0.0000,0.0000,0.0000,0.0000,0.0000,65.8375,0.0000,3069.0000,936.0000,0.0000,4.0000,6.0000,3.0000,2.0000
1.0720,0.2700,0.2310,0.1020,0.0470,0.0000,0.0000,0.5710,1.0000,0.0000,0.0000,0.0000,0.0000,0.0000,0.0000,65.8375,0.0000,3069.0000,936.0000,0.0000,4.0000,6.0000,3.0000,2.0000
0.9830,0.2890,0.2160,0.1080,0.0370,0.0000,0.0000,0.4780,1.0000,0.0000,0.0000,0.0000,0.0000,0.0000,0.0000,65.8375,0.0000,3069.0000,936.0000,0.0000,4.0000,6.0000,3.0000,2.0000
0.9970,0.2250,0.2220,0.0870,0.0600,0.0000,0.0000,0.5500,1.0000,0.0000,0.0000,0.0000,0.0000,0.0000,0.0000,65.8477,0.0000,3070.0000,936.0000,0.0000,4.0000,6.0000,3.0000,2.0000
1.1520,0.2900,0.2460,0.0870,0.0910,0.0000,0.0000,0.6160,1.0000,0.0000,0.0000,0.0000,0.0000,0.0000,0.0000,65.8580,0.0000,3071.0000,936.0000,0.0000,4.0000,6.0000,3.0000,2.0000
1.0230,0.3140,0.2020,0.1320,0.0420,0.0000,0.0000,0.5070,1.0000,0.0000,0.0000,0.0000,0.0000,0.0000,0.0000,65.8568,0.0000,3070.0000,936.0000,0.0000,4.0000,6.0000,3.0000,2.0000
0.9190,0.2690,0.2000,0.1310,0.0320,0.0000,0.0000,0.4500,1.0000,0.0000,0.0000,0.0000,0.0000,0.0000,0.0000,65.8568,0.0000,3070.0000,936.0000,0.0000,4.0000,6.0000,3.0000,2.0000
0.7940,0.2560,0.1670,0.1350,0.0280,0.0000,0.0000,0.3710,1.0000,0.0000,0.0000,0.0000,0.0000,0.0000,0.0000,65.8568,0.0000,3070.0000,936.0000,0.0000,4.0000,6.0000,3.0000,2.0000
0.7100,0.1730,0.1680,0.0630,0.0300,0.0000,0.0000,0.3690,1.0000,0.0000,0.0000,0.0000,0.0000,0.0000,0.0000,65.8568,0.0000,3070.0000,936.0000,0.0000,4.0000,6.0000,3.0000,2.0000
1.4830,0.1540,0.1340,0.0610,0.0240,0.0000,0.0000,1.1950,1.0000,0.0000,0.0000,0.0000,0.0000,0.0000,0.0000,65.8568,0.0000,3070.0000,936.0000,0.0000,4.0000,6.0000,3.0000,2.0000
0.9310,0.1580,0.2120,0.0640,0.0360,0.0000,0.0000,0.5610,1.0000,0.0000,0.0000,0.0000,0.0000,0.0000,0.0000,65.7541,0.0000,3060.0000,936.0000,0.0000,4.0000,6.0000,3.0000,2.0000
0.8660,0.2000,0.1820,0.0730,0.0310,0.0000,0.0000,0.4840,1.0000,0.0000,0.0000,0.0000,0.0000,0.0000,0.0000,65.7541,0.0000,3060.0000,936.0000,0.0000,4.0000,6.0000,3.0000,2.0000
0.7220,0.1810,0.1700,0.0790,0.0300,0.0000,0.0000,0.3710,1.0000,0.0000,0.0000,0.0000,0.0000,0.0000,0.0000,65.7541,0.0000,3060.0000,936.0000,0.0000,4.0000,6.0000,3.0000,2.0000
0.7290,0.1530,0.1750,0.0610,0.0540,0.0000,0.0000,0.4010,1.0000,0.0000,0.0000,0.0000,0.0000,0.0000,0.0000,65.7541,0.0000,3060.0000,936.0000,0.0000,4.0000,6.0000,3.0000,2.0000
0.6860,0.1650,0.1360,0.0740,0.0240,0.0000,0.0000,0.3850,1.0000,0.0000,0.0000,0.0000,0.0000,0.0000,0.0000,65.7541,0.0000,3060.0000,936.0000,0.0000,4.0000,6.0000,3.0000,2.0000
0.6950,0.2010,0.1460,0.1140,0.0260,0.0000,0.0000,0.3480,1.0000,0.0000,0.0000,0.0000,0.0000,0.0000,0.0000,65.7540,0.0000,3060.0000,936.0000,0.0000,4.0000,6.0000,3.0000,2.0000
0.7110,0.1460,0.1730,0.0590,0.0340,0.0000,0.0000,0.3920,1.0000,0.0000,0.0000,0.0000,0.0000,0.0000,0.0000,65.7539,0.0000,3060.0000,936.0000,0.0000,4.0000,6.0000,3.0000,2.0000
0.7160,0.1530,0.1550,0.0610,0.0250,0.0000,0.0000,0.4080,1.0000,0.0000,0.0000,0.0000,0.0000,0.0000,0.0000,65.7539,0.0000,3060.0000,936.0000,0.0000,4.0000,6.0000,3.0000,2.0000
0.6550,0.1830,0.1320,0.0600,0.0230,0.0000,0.0000,0.3400,1.0000,0.0000,0.0000,0.0000,0.0000,0.0000,0.0000,65.7539,0.0000,3060.0000,936.0000,0.0000,4.0000,6.0000,3.0000,2.0000
0.6620,0.1490,0.1380,0.0680,0.0250,0.0000,0.0000,0.3750,1.0000,0.0000,0.0000,0.0000,0.0000,0.0000,0.0000,65.7539,0.0000,3060.0000,936.0000,0.0000,4.0000,6.0000,3.0000,2.0000
0.8780,0.1420,0.1920,0.0570,0.0320,0.0000,0.0000,0.5440,1.0000,0.0000,0.0000,0.0000,0.0000,0.0000,0.0000,65.7539,0.0000,3060.0000,936.0000,0.0000,4.0000,6.0000,3.0000,2.0000
0.8090,0.1910,0.1650,0.0730,0.0310,0.0000,0.0000,0.4530,1.0000,0.0000,0.0000,0.0000,0.0000,0.0000,0.0000,65.7539,0.0000,3060.0000,936.0000,0.0000,4.0000,6.0000,3.0000,2.0000
0.8030,0.2060,0.1690,0.0630,0.0560,0.0000,0.0000,0.4280,1.0000,0.0000,0.0000,0.0000,0.0000,0.0000,0.0000,65.7637,0.0000,3061.0000,936.0000,0.0000,4.0000,6.0000,3.0000,2.0000
0.7550,0.1960,0.1480,0.0580,0.0360,0.0000,0.0000,0.4110,1.0000,0.0000,0.0000,0.0000,0.0000,0.0000,0.0000,65.7637,0.0000,3061.0000,936.0000,0.0000,4.0000,6.0000,3.0000,2.0000
0.8750,0.1570,0.2000,0.0680,0.0320,0.0000,0.0000,0.5180,1.0000,0.0000,0.0000,0.0000,0.0000,0.0000,0.0000,65.7638,0.0000,3061.0000,936.0000,0.0000,4.0000,6.0000,3.0000,2.0000
0.9020,0.2000,0.2190,0.0810,0.0660,0.0000,0.0000,0.4830,1.0000,0.0000,0.0000,0.0000,0.0000,0.0000,0.0000,65.7638,0.0000,3061.0000,936.0000,0.0000,4.0000,6.0000,3.0000,2.0000
1.1160,0.1910,0.4440,0.0820,0.2990,0.0000,0.0000,0.4810,1.0000,0.0000,0.0000,0.0000,0.0000,0.0000,0.0000,65.7778,0.0000,3063.0000,936.0000,0.0000,4.0000,6.0000,3.0000,2.0000
0.7920,0.2160,0.1780,0.0690,0.0510,0.0000,0.0000,0.3980,1.0000,0.0000,0.0000,0.0000,0.0000,0.0000,0.0000,65.7778,0.0000,3063.0000,936.0000,0.0000,4.0000,6.0000,3.0000,2.0000
0.8220,0.1630,0.1860,0.0630,0.0310,0.0000,0.0000,0.4730,1.0000,0.0000,0.0000,0.0000,0.0000,0.0000,0.0000,65.7778,0.0000,3063.0000,936.0000,0.0000,4.0000,6.0000,3.0000,2.0000
0.7550,0.1860,0.1530,0.0710,0.0270,0.0000,0.0000,0.4160,1.0000,0.0000,0.0000,0.0000,0.0000,0.0000,0.0000,65.7778,0.0000,3063.0000,936.0000,0.0000,4.0000,6.0000,3.0000,2.0000
0.6950,0.1620,0.1440,0.0590,0.0260,0.0000,0.0000,0.3890,1.0000,0.0000,0.0000,0.0000,0.0000,0.0000,0.0000,65.7778,0.0000,3063.0000,936.0000,0.0000,4.0000,6.0000,3.0000,2.0000
0.7380,0.1470,0.1660,0.0600,0.0250,0.0000,0.0000,0.4250,1.0000,0.0000,0.0000,0.0000,0.0000,0.0000,0.0000,65.7778,0.0000,3063.0000,936.0000,0.0000,4.0000,6.0000,3.0000,2.0000
0.8710,0.1530,0.1910,0.0660,0.0320,0.0000,0.0000,0.5270,1.0000,0.0000,0.0000,0.0000,0.0000,0.0000,0.0000,65.7778,0.0000,3063.0000,936.0000,0.0000,4.0000,6.0000,3.0000,2.0000
0.8020,0.2040,0.1630,0.0850,0.0280,0.0000,0.0000,0.4350,1.0000,0.0000,0.0000,0.0000,0.0000,0.0000,0.0000,65.7778,0.0000,3063.0000,936.0000,0.0000,4.0000,6.0000,3.0000,2.0000
0.8180,0.2140,0.1520,0.1170,0.0280,0.0000,0.0000,0.4520,1.0000,0.0000,0.0000,0.0000,0.0000,0.0000,0.0000,65.7778,0.0000,3063.0000,936.0000,0.0000,4.0000,6.0000,3.0000,2.0000
0.8190,0.1990,0.1850,0.0670,0.0320,0.0000,0.0000,0.4350,1.0000,0.0000,0.0000,0.0000,0.0000,0.0000,0.0000,65.7778,0.0000,3063.0000,936.0000,0.0000,4.0000,6.0000,3.0000,2.0000
0.7120,0.1700,0.1680,0.0650,0.0260,0.0000,0.0000,0.3740,1.0000,0.0000,0.0000,0.0000,0.0000,0.0000,0.0000,65.7778,0.0000,3063.0000,936.0000,0.0000,4.0000,6.0000,3.0000,2.0000
0.6780,0.1480,0.1420,0.0590,0.0340,0.0000,0.0000,0.3880,1.0000,0.0000,0.0000,0.0000,0.0000,0.0000,0.0000,65.7778,0.0000,3063.0000,936.0000,0.0000,4.0000,6.0000,3.0000,2.0000
0.6270,0.1810,0.1370,0.0640,0.0240,0.0000,0.0000,0.3090,1.0000,0.0000,0.0000,0.0000,0.0000,0.0000,0.0000,65.7778,0.0000,3063.0000,936.0000,0.0000,4.0000,6.0000,3.0000,2.0000
0.6440,0.1370,0.1530,0.0550,0.0230,0.0000,0.0000,0.3540,1.0000,0.0000,0.0000,0.0000,0.0000,0.0000,0.0000,65.7778,0.0000,3063.0000,936.0000,0.0000,4.0000,6.0000,3.0000,2.0000
0.8960,0.1360,0.1520,0.0570,0.0550,0.0000,0.0000,0.6080,1.0000,0.0000,0.0000,0.0000,0.0000,0.0000,0.0000,65.7885,0.0000,3064.0000,936.0000,0.0000,4.0000,6.0000,3.0000,2.0000
0.9740,0.3120,0.1910,0.1520,0.0410,0.0000,0.0000,0.4710,1.0000,0.0000,0.0000,0.0000,0.0000,0.0000,0.0000,65.7885,0.0000,3064.0000,936.0000,0.0000,4.0000,6.0000,3.0000,2.0000
1.1660,0.2600,0.2280,0.0960,0.0350,0.0000,0.0000,0.6780,1.0000,0.0000,0.0000,0.0000,0.0000,0.0000,0.0000,65.7886,0.0000,3064.0000,936.0000,0.0000,4.0000,6.0000,3.0000,2.0000
0.8760,0.2250,0.1850,0.0700,0.0310,0.0000,0.0000,0.4660,1.0000,0.0000,0.0000,0.0000,0.0000,0.0000,0.0000,65.7886,0.0000,3064.0000,936.0000,0.0000,4.0000,6.0000,3.0000,2.0000
0.8360,0.1780,0.1570,0.0690,0.0290,0.0000,0.0000,0.5010,1.0000,0.0000,0.0000,0.0000,0.0000,0.0000,0.0000,65.7886,0.0000,3064.0000,936.0000,0.0000,4.0000,6.0000,3.0000,2.0000
0.9030,0.1910,0.2140,0.1010,0.0350,0.0000,0.0000,0.4980,1.0000,0.0000,0.0000,0.0000,0.0000,0.0000,0.0000,65.7886,0.0000,3064.0000,936.0000,0.0000,4.0000,6.0000,3.0000,2.0000
0.7520,0.1750,0.1650,0.0690,0.0280,0.0000,0.0000,0.4120,1.0000,0.0000,0.0000,0.0000,0.0000,0.0000,0.0000,65.7886,0.0000,3064.0000,936.0000,0.0000,4.0000,6.0000,3.0000,2.0000
0.6930,0.1710,0.1420,0.0770,0.0260,0.0000,0.0000,0.3800,1.0000,0.0000,0.0000,0.0000,0.0000,0.0000,0.0000,65.7886,0.0000,3064.0000,936.0000,0.0000,4.0000,6.0000,3.0000,2.0000
0.8120,0.1430,0.1420,0.0570,0.0240,0.0000,0.0000,0.5270,1.0000,0.0000,0.0000,0.0000,0.0000,0.0000,0.0000,65.7886,0.0000,3064.0000,936.0000,0.0000,4.0000,6.0000,3.0000,2.0000
1.2940,0.1750,0.4340,0.0670,0.2970,0.0000,0.0000,0.6850,1.0000,0.0000,0.0000,0.0000,0.0000,0.0000,0.0000,65.8121,0.0000,3067.0000,936.0000,0.0000,4.0000,6.0000,3.0000,2.0000
0.8500,0.2730,0.1640,0.0730,0.0300,0.0000,0.0000,0.4130,1.0000,0.0000,0.0000,0.0000,0.0000,0.0000,0.0000,65.8121,0.0000,3067.0000,936.0000,0.0000,4.0000,6.0000,3.0000,2.0000
0.9270,0.1880,0.2010,0.0810,0.0320,0.0000,0.0000,0.5380,1.0000,0.0000,0.0000,0.0000,0.0000,0.0000,0.0000,65.8122,0.0000,3067.0000,936.0000,0.0000,4.0000,6.0000,3.0000,1.0000
0.7690,0.2050,0.1640,0.0830,0.0340,0.0000,0.0000,0.4000,1.0000,0.0000,0.0000,0.0000,0.0000,0.0000,0.0000,65.8122,0.0000,3067.0000,936.0000,0.0000,4.0000,6.0000,3.0000,1.0000
0.9660,0.1930,0.1420,0.0690,0.0270,0.0000,0.0000,0.6310,1.0000,0.0000,0.0000,0.0000,0.0000,0.0000,0.0000,65.8122,0.0000,3067.0000,936.0000,0.0000,4.0000,6.0000,3.0000,1.0000
0.8210,0.1840,0.1770,0.0670,0.0340,0.0000,0.0000,0.4600,1.0000,0.0000,0.0000,0.0000,0.0000,0.0000,0.0000,65.8122,0.0000,3067.0000,936.0000,0.0000,4.0000,6.0000,3.0000,1.0000
0.7050,0.1750,0.1510,0.0630,0.0290,0.0000,0.0000,0.3790,1.0000,0.0000,0.0000,0.0000,0.0000,0.0000,0.0000,65.8122,0.0000,3067.0000,936.0000,0.0000,4.0000,6.0000,3.0000,1.0000
0.6790,0.1390,0.1360,0.0550,0.0250,0.0000,0.0000,0.4040,1.0000,0.0000,0.0000,0.0000,0.0000,0.0000,0.0000,65.8122,0.0000,3067.0000,936.0000,0.0000,4.0000,6.0000,3.0000,1.0000
0.6680,0.1390,0.1280,0.0560,0.0240,0.0000,0.0000,0.4010,1.0000,0.0000,0.0000,0.0000,0.0000,0.0000,0.0000,65.8122,0.0000,3067.0000,936.0000,0.0000,4.0000,6.0000,3.0000,1.0000
0.6530,0.1320,0.1320,0.0530,0.0250,0.0000,0.0000,0.3890,1.0000,0.0000,0.0000,0.0000,0.0000,0.0000,0.0000,65.8122,0.0000,3067.0000,936.0000,0.0000,4.0000,6.0000,3.0000,1.0000
0.7280,0.1320,0.1320,0.0520,0.0260,0.0000,0.0000,0.4640,1.0000,0.0000,0.0000,0.0000,0.0000,0.0000,0.0000,65.8122,0.0000,3067.0000,936.0000,0.0000,4.0000,6.0000,3.0000,1.0000
0.7450,0.1490,0.1480,0.0570,0.0290,0.0000,0.0000,0.4480,1.0000,0.0000,0.0000,0.0000,0.0000,0.0000,0.0000,65.8122,0.0000,3067.0000,936.0000,0.0000,4.0000,6.0000,3.0000,1.0000
0.6860,0.1730,0.1450,0.0900,0.0260,0.0000,0.0000,0.3680,1.0000,0.0000,0.0000,0.0000,0.0000,0.0000,0.0000,65.8122,0.0000,3067.0000,936.0000,0.0000,4.0000,6.0000,3.0000,1.0000
0.7110,0.1460,0.1360,0.0560,0.0270,0.0000,0.0000,0.4290,1.0000,0.0000,0.0000,0.0000,0.0000,0.0000,0.0000,65.8122,0.0000,3067.0000,936.0000,0.0000,4.0000,6.0000,3.0000,1.0000
0.6820,0.1510,0.1420,0.0710,0.0250,0.0000,0.0000,0.3890,1.0000,0.0000,0.0000,0.0000,0.0000,0.0000,0.0000,65.8122,0.0000,3067.0000,936.0000,0.0000,4.0000,6.0000,3.0000,1.0000
0.6880,0.1430,0.1290,0.0550,0.0240,0.0000,0.0000,0.4160,1.0000,0.0000,0.0000,0.0000,0.0000,0.0000,0.0000,65.8122,0.0000,3067.0000,936.0000,0.0000,4.0000,6.0000,3.0000,1.0000
0.7240,0.1540,0.1790,0.0670,0.0280,0.0000,0.0000,0.3910,1.0000,0.0000,0.0000,0.0000,0.0000,0.0000,0.0000,65.8122,0.0000,3067.0000,936.0000,0.0000,4.0000,6.0000,3.0000,1.0000
0.9020,0.1410,0.2390,0.0560,0.0720,0.0000,0.0000,0.5220,1.0000,0.0000,0.0000,0.0000,0.0000,0.0000,0.0000,65.8122,0.0000,3067.0000,936.0000,0.0000,4.0000,6.0000,3.0000,1.0000
0.7970,0.1920,0.1760,0.0680,0.0290,0.0000,0.0000,0.4290,1.0000,0.0000,0.0000,0.0000,0.0000,0.0000,0.0000,65.8122,0.0000,3067.0000,936.0000,0.0000,4.0000,6.0000,3.0000,1.0000
0.6920,0.1620,0.1450,0.0620,0.0260,0.0000,0.0000,0.3850,1.0000,0.0000,0.0000,0.0000,0.0000,0.0000,0.0000,65.8122,0.0000,3067.0000,936.0000,0.0000,4.0000,6.0000,3.0000,1.0000
0.6490,0.1420,0.1320,0.0560,0.0240,0.0000,0.0000,0.3750,1.0000,0.0000,0.0000,0.0000,0.0000,0.0000,0.0000,65.8122,0.0000,3067.0000,936.0000,0.0000,4.0000,6.0000,3.0000,1.0000
0.7170,0.1310,0.1310,0.0550,0.0230,0.0000,0.0000,0.4550,1.0000,0.0000,0.0000,0.0000,0.0000,0.0000,0.0000,65.8122,0.0000,3067.0000,936.0000,0.0000,4.0000,6.0000,3.0000,1.0000
0.7990,0.1460,0.1250,0.0580,0.0230,0.0000,0.0000,0.5280,1.0000,0.0000,0.0000,0.0000,0.0000,0.0000,0.0000,65.8122,0.0000,3067.0000,936.0000,0.0000,4.0000,6.0000,3.0000,1.0000
0.9060,0.2110,0.1990,0.0760,0.0620,0.0000,0.0000,0.4960,1.0000,0.0000,0.0000,0.0000,0.0000,0.0000,0.0000,65.8225,0.0000,3068.0000,936.0000,0.0000,4.0000,6.0000,3.0000,1.0000
0.6890,0.2070,0.1430,0.0610,0.0260,0.0000,0.0000,0.3390,1.0000,0.0000,0.0000,0.0000,0.0000,0.0000,0.0000,65.8225,0.0000,3068.0000,936.0000,0.0000,4.0000,6.0000,3.0000,1.0000
0.6490,0.1420,0.1590,0.0560,0.0250,0.0000,0.0000,0.3480,1.0000,0.0000,0.0000,0.0000,0.0000,0.0000,0.0000,65.8225,0.0000,3068.0000,936.0000,0.0000,4.0000,6.0000,3.0000,1.0000
0.6810,0.1320,0.1240,0.0540,0.0220,0.0000,0.0000,0.4250,1.0000,0.0000,0.0000,0.0000,0.0000,0.0000,0.0000,65.8225,0.0000,3068.0000,936.0000,0.0000,4.0000,6.0000,3.0000,1.0000
0.7080,0.1650,0.1530,0.0880,0.0260,0.0000,0.0000,0.3900,1.0000,0.0000,0.0000,0.0000,0.0000,0.0000,0.0000,65.8225,0.0000,3068.0000,936.0000,0.0000,4.0000,6.0000,3.0000,1.0000
0.7350,0.1390,0.1440,0.0540,0.0260,0.0000,0.0000,0.4520,1.0000,0.0000,0.0000,0.0000,0.0000,0.0000,0.0000,65.8225,0.0000,3068.0000,936.0000,0.0000,4.0000,6.0000,3.0000,1.0000
0.6620,0.1370,0.1380,0.0550,0.0230,0.0000,0.0000,0.3870,1.0000,0.0000,0.0000,0.0000,0.0000,0.0000,0.0000,65.8225,0.0000,3068.0000,936.0000,0.0000,4.0000,6.0000,3.0000,1.0000
0.6830,0.1410,0.1220,0.0560,0.0230,0.0000,0.0000,0.4200,1.0000,0.0000,0.0000,0.0000,0.0000,0.0000,0.0000,65.8225,0.0000,3068.0000,936.0000,0.0000,4.0000,6.0000,3.0000,1.0000
0.6780,0.1590,0.1450,0.0750,0.0340,0.0000,0.0000,0.3740,1.0000,0.0000,0.0000,0.0000,0.0000,0.0000,0.0000,65.8225,0.0000,3068.0000,936.0000,0.0000,4.0000,6.0000,3.0000,1.0000
0.7410,0.1400,0.1510,0.0540,0.0250,0.0000,0.0000,0.4500,1.0000,0.0000,0.0000,0.0000,0.0000,0.0000,0.0000,65.8225,0.0000,3068.0000,936.0000,0.0000,4.0000,6.0000,3.0000,1.0000
0.6850,0.1870,0.1310,0.0600,0.0240,0.0000,0.0000,0.3670,1.0000,0.0000,0.0000,0.0000,0.0000,0.0000,0.0000,65.8225,0.0000,3068.0000,936.0000,0.0000,4.0000,6.0000,3.0000,1.0000
0.7240,0.1600,0.1530,0.0550,0.0250,0.0000,0.0000,0.4110,1.0000,0.0000,0.0000,0.0000,0.0000,0.0000,0.0000,65.8225,0.0000,3068.0000,936.0000,0.0000,4.0000,6.0000,3.0000,1.0000
0.7620,0.1590,0.1900,0.0700,0.0280,0.0000,0.0000,0.4130,1.0000,0.0000,0.0000,0.0000,0.0000,0.0000,0.0000,65.8225,0.0000,3068.0000,936.0000,0.0000,4.0000,6.0000,3.0000,1.0000
0.6800,0.1490,0.1470,0.0590,0.0270,0.0000,0.0000,0.3840,1.0000,0.0000,0.0000,0.0000,0.0000,0.0000,0.0000,65.8225,0.0000,3068.0000,936.0000,0.0000,4.0000,6.0000,3.0000,1.0000
0.8550,0.1700,0.1280,0.0560,0.0230,0.0000,0.0000,0.5570,1.0000,0.0000,0.0000,0.0000,0.0000,0.0000,0.0000,65.8225,0.0000,3068.0000,936.0000,0.0000,4.0000,6.0000,3.0000,1.0000
6.2880,0.2020,5.3920,0.0630,0.0890,0.0000,0.0000,0.6940,1.0000,0.0000,0.0000,0.0000,0.0000,0.0000,0.0000,65.8225,0.0000,3068.0000,936.0000,0.0000,4.0000,6.0000,3.0000,1.0000
0.8450,0.2660,0.1860,0.0800,0.0340,0.0000,0.0000,0.3930,1.0000,0.0000,0.0000,0.0000,0.0000,0.0000,0.0000,65.8225,0.0000,3068.0000,936.0000,0.0000,4.0000,6.0000,3.0000,1.0000
0.9420,0.2220,0.1500,0.0670,0.0270,0.0000,0.0000,0.5700,1.0000,0.0000,0.0000,0.0000,0.0000,0.0000,0.0000,65.8225,0.0000,3068.0000,936.0000,0.0000,4.0000,6.0000,3.0000,1.0000
1.1000,0.1720,0.1510,0.0580,0.0270,0.0000,0.0000,0.7770,1.0000,0.0000,0.0000,0.0000,0.0000,0.0000,0.0000,65.8225,0.0000,3068.0000,936.0000,0.0000,4.0000,6.0000,3.0000,1.0000
1.1150,0.2010,0.2570,0.1020,0.0410,0.0000,0.0000,0.6570,1.0000,0.0000,0.0000,0.0000,0.0000,0.0000,0.0000,65.8225,0.0000,3068.0000,936.0000,0.0000,4.0000,6.0000,3.0000,1.0000
0.8170,0.2720,0.1650,0.0860,0.0300,0.0000,0.0000,0.3800,1.0000,0.0000,0.0000,0.0000,0.0000,0.0000,0.0000,65.8225,0.0000,3068.0000,936.0000,0.0000,4.0000,6.0000,3.0000,1.0000
0.7300,0.2100,0.1540,0.1080,0.0280,0.0000,0.0000,0.3660,1.0000,0.0000,0.0000,0.0000,0.0000,0.0000,0.0000,65.8225,0.0000,3068.0000,936.0000,0.0000,4.0000,6.0000,3.0000,1.0000
0.7240,0.1600,0.1820,0.0570,0.0300,0.0000,0.0000,0.3820,1.0000,0.0000,0.0000,0.0000,0.0000,0.0000,0.0000,65.8225,0.0000,3068.0000,936.0000,0.0000,4.0000,6.0000,3.0000,1.0000
0.8470,0.1490,0.1700,0.0570,0.0570,0.0000,0.0000,0.5280,1.0000,0.0000,0.0000,0.0000,0.0000,0.0000,0.0000,65.8328,0.0000,3069.0000,936.0000,0.0000,4.0000,6.0000,3.0000,1.0000
0.8310,0.2110,0.1910,0.0620,0.0310,0.0000,0.0000,0.4290,1.0000,0.0000,0.0000,0.0000,0.0000,0.0000,0.0000,65.8328,0.0000,3069.0000,936.0000,0.0000,4.0000,6.0000,3.0000,1.0000
0.7030,0.1740,0.1500,0.0650,0.0270,0.0000,0.0000,0.3790,1.0000,0.0000,0.0000,0.0000,0.0000,0.0000,0.0000,65.8329,0.0000,3069.0000,936.0000,0.0000,4.0000,6.0000,3.0000,1.0000
0.6430,0.1430,0.1370,0.0560,0.0250,0.0000,0.0000,0.3630,1.0000,0.0000,0.0000,0.0000,0.0000,0.0000,0.0000,65.8329,0.0000,3069.0000,936.0000,0.0000,4.0000,6.0000,3.0000,1.0000
0.8960,0.1370,0.1810,0.0550,0.0310,0.0000,0.0000,0.5780,1.0000,0.0000,0.0000,0.0000,0.0000,0.0000,0.0000,65.8329,0.0000,3069.0000,936.0000,0.0000,4.0000,6.0000,3.0000,1.0000
0.7850,0.1940,0.1650,0.0830,0.0280,0.0000,0.0000,0.4260,1.0000,0.0000,0.0000,0.0000,0.0000,0.0000,0.0000,65.8329,0.0000,3069.0000,936.0000,0.0000,4.0000,6.0000,3.0000,1.0000
0.8840,0.1640,0.1840,0.0680,0.0310,0.0000,0.0000,0.5360,1.0000,0.0000,0.0000,0.0000,0.0000,0.0000,0.0000,65.8329,0.0000,3069.0000,936.0000,0.0000,4.0000,6.0000,3.0000,1.0000
0.7640,0.2290,0.1620,0.1230,0.0290,0.0000,0.0000,0.3730,1.0000,0.0000,0.0000,0.0000,0.0000,0.0000,0.0000,65.8329,0.0000,3069.0000,936.0000,0.0000,4.0000,6.0000,3.0000,1.0000
0.7000,0.1630,0.1460,0.0580,0.0270,0.0000,0.0000,0.3910,1.0000,0.0000,0.0000,0.0000,0.0000,0.0000,0.0000,65.8329,0.0000,3069.0000,936.0000,0.0000,4.0000,6.0000,3.0000,1.0000
0.7230,0.1430,0.1350,0.0560,0.0230,0.0000,0.0000,0.4450,1.0000,0.0000,0.0000,0.0000,0.0000,0.0000,0.0000,65.8329,0.0000,3069.0000,936.0000,0.0000,4.0000,6.0000,3.0000,1.0000
0.6910,0.1560,0.1300,0.0600,0.0240,0.0000,0.0000,0.4050,1.0000,0.0000,0.0000,0.0000,0.0000,0.0000,0.0000,65.8329,0.0000,3069.0000,936.0000,0.0000,4.0000,6.0000,3.0000,1.0000
0.6380,0.1350,0.1370,0.0520,0.0240,0.0000,0.0000,0.3660,1.0000,0.0000,0.0000,0.0000,0.0000,0.0000,0.0000,65.8329,0.0000,3069.0000,936.0000,0.0000,4.0000,6.0000,3.0000,1.0000
0.6800,0.1390,0.1650,0.0560,0.0630,0.0000,0.0000,0.3760,1.0000,0.0000,0.0000,0.0000,0.0000,0.0000,0.0000,65.8329,0.0000,3069.0000,936.0000,0.0000,4.0000,6.0000,3.0000,1.0000
0.6080,0.1520,0.1290,0.0670,0.0230,0.0000,0.0000,0.3270,1.0000,0.0000,0.0000,0.0000,0.0000,0.0000,0.0000,65.8329,0.0000,3069.0000,936.0000,0.0000,4.0000,6.0000,3.0000,1.0000
0.6210,0.1350,0.1260,0.0530,0.0240,0.0000,0.0000,0.3600,1.0000,0.0000,0.0000,0.0000,0.0000,0.0000,0.0000,65.8329,0.0000,3069.0000,936.0000,0.0000,4.0000,6.0000,3.0000,1.0000
0.7360,0.1300,0.1500,0.0530,0.0310,0.0000,0.0000,0.4560,1.0000,0.0000,0.0000,0.0000,0.0000,0.0000,0.0000,65.8329,0.0000,3069.0000,936.0000,0.0000,4.0000,6.0000,3.0000,1.0000
0.6750,0.1890,0.1330,0.0590,0.0240,0.0000,0.0000,0.3530,1.0000,0.0000,0.0000,0.0000,0.0000,0.0000,0.0000,65.8329,0.0000,3069.0000,936.0000,0.0000,4.0000,6.0000,3.0000,1.0000
0.7100,0.1350,0.1280,0.0540,0.0230,0.0000,0.0000,0.4470,1.0000,0.0000,0.0000,0.0000,0.0000,0.0000,0.0000,65.8329,0.0000,3069.0000,936.0000,0.0000,4.0000,6.0000,3.0000,1.0000
0.6630,0.1290,0.1550,0.0520,0.0250,0.0000,0.0000,0.3790,1.0000,0.0000,0.0000,0.0000,0.0000,0.0000,0.0000,65.8329,0.0000,3069.0000,936.0000,0.0000,4.0000,6.0000,3.0000,1.0000
0.6660,0.1360,0.1180,0.0560,0.0210,0.0000,0.0000,0.4120,1.0000,0.0000,0.0000,0.0000,0.0000,0.0000,0.0000,65.8329,0.0000,3069.0000,936.0000,0.0000,4.0000,6.0000,3.0000,1.0000
0.6170,0.1360,0.1300,0.0550,0.0240,0.0000,0.0000,0.3510,1.0000,0.0000,0.0000,0.0000,0.0000,0.0000,0.0000,65.8329,0.0000,3069.0000,936.0000,0.0000,4.0000,6.0000,3.0000,1.0000
0.6610,0.1280,0.1240,0.0520,0.0230,0.0000,0.0000,0.4090,1.0000,0.0000,0.0000,0.0000,0.0000,0.0000,0.0000,65.8329,0.0000,3069.0000,936.0000,0.0000,4.0000,6.0000,3.0000,1.0000
0.6250,0.1420,0.1270,0.0560,0.0240,0.0000,0.0000,0.3560,1.0000,0.0000,0.0000,0.0000,0.0000,0.0000,0.0000,65.8329,0.0000,3069.0000,936.0000,0.0000,4.0000,6.0000,3.0000,1.0000
0.7330,0.1290,0.1610,0.0510,0.0560,0.0000,0.0000,0.4430,1.0000,0.0000,0.0000,0.0000,0.0000,0.0000,0.0000,65.8431,0.0000,3070.0000,936.0000,0.0000,4.0000,6.0000,3.0000,1.0000
0.6670,0.1750,0.1720,0.0550,0.0530,0.0000,0.0000,0.3200,1.0000,0.0000,0.0000,0.0000,0.0000,0.0000,0.0000,65.8431,0.0000,3070.0000,936.0000,0.0000,4.0000,6.0000,3.0000,1.0000
0.6340,0.1390,0.1230,0.0560,0.0220,0.0000,0.0000,0.3720,1.0000,0.0000,0.0000,0.0000,0.0000,0.0000,0.0000,65.8432,0.0000,3070.0000,936.0000,0.0000,4.0000,6.0000,3.0000,1.0000
0.6160,0.1290,0.1360,0.0520,0.0250,0.0000,0.0000,0.3510,1.0000,0.0000,0.0000,0.0000,0.0000,0.0000,0.0000,65.8432,0.0000,3070.0000,936.0000,0.0000,4.0000,6.0000,3.0000,1.0000
0.7130,0.1290,0.1230,0.0520,0.0220,0.0000,0.0000,0.4610,1.0000,0.0000,0.0000,0.0000,0.0000,0.0000,0.0000,65.8432,0.0000,3070.0000,936.0000,0.0000,4.0000,6.0000,3.0000,1.0000
1.2860,0.1860,0.1350,0.0590,0.0240,0.0000,0.0000,0.9650,1.0000,0.0000,0.0000,0.0000,0.0000,0.0000,0.0000,65.8432,0.0000,3070.0000,936.0000,0.0000,4.0000,6.0000,3.0000,1.0000
0.7420,0.1350,0.1550,0.0540,0.0270,0.0000,0.0000,0.4520,1.0000,0.0000,0.0000,0.0000,0.0000,0.0000,0.0000,65.7472,0.0000,3060.0000,936.0000,0.0000,4.0000,6.0000,3.0000,1.0000
0.7240,0.1640,0.1430,0.0590,0.0270,0.0000,0.0000,0.4170,1.0000,0.0000,0.0000,0.0000,0.0000,0.0000,0.0000,65.7472,0.0000,3060.0000,936.0000,0.0000,4.0000,6.0000,3.0000,1.0000
0.6490,0.1510,0.1460,0.0600,0.0270,0.0000,0.0000,0.3520,1.0000,0.0000,0.0000,0.0000,0.0000,0.0000,0.0000,65.7472,0.0000,3060.0000,936.0000,0.0000,4.0000,6.0000,3.0000,1.0000
0.6840,0.1420,0.1530,0.0610,0.0250,0.0000,0.0000,0.3890,1.0000,0.0000,0.0000,0.0000,0.0000,0.0000,0.0000,65.7472,0.0000,3060.0000,936.0000,0.0000,4.0000,6.0000,3.0000,1.0000
0.6580,0.1440,0.1260,0.0570,0.0240,0.0000,0.0000,0.3880,1.0000,0.0000,0.0000,0.0000,0.0000,0.0000,0.0000,65.7472,0.0000,3060.0000,936.0000,0.0000,4.0000,6.0000,3.0000,1.0000
0.6490,0.1320,0.1250,0.0530,0.0220,0.0000,0.0000,0.3920,1.0000,0.0000,0.0000,0.0000,0.0000,0.0000,0.0000,65.7472,0.0000,3060.0000,936.0000,0.0000,4.0000,6.0000,3.0000,1.0000
0.6230,0.1260,0.1500,0.0520,0.0490,0.0000,0.0000,0.3470,1.0000,0.0000,0.0000,0.0000,0.0000,0.0000,0.0000,65.7472,0.0000,3060.0000,936.0000,0.0000,4.0000,6.0000,3.0000,1.0000
0.7840,0.1350,0.1440,0.0550,0.0320,0.0000,0.0000,0.5050,1.0000,0.0000,0.0000,0.0000,0.0000,0.0000,0.0000,65.7472,0.0000,3060.0000,936.0000,0.0000,4.0000,6.0000,3.0000,1.0000
0.8920,0.2150,0.1870,0.1120,0.0380,0.0000,0.0000,0.4900,1.0000,0.0000,0.0000,0.0000,0.0000,0.0000,0.0000,65.7472,0.0000,3060.0000,936.0000,0.0000,4.0000,6.0000,3.0000,1.0000
0.8000,0.1980,0.1730,0.0670,0.0300,0.0000,0.0000,0.4290,1.0000,0.0000,0.0000,0.0000,0.0000,0.0000,0.0000,65.7472,0.0000,3060.0000,936.0000,0.0000,4.0000,6.0000,3.0000,1.0000
0.7840,0.1980,0.1700,0.0790,0.0300,0.0000,0.0000,0.4160,1.0000,0.0000,0.0000,0.0000,0.0000,0.0000,0.0000,65.7472,0.0000,3060.0000,936.0000,0.0000,4.0000,6.0000,3.0000,1.0000
0.7550,0.1610,0.1410,0.0610,0.0250,0.0000,0.0000,0.4530,1.0000,0.0000,0.0000,0.0000,0.0000,0.0000,0.0000,65.7472,0.0000,3060.0000,936.0000,0.0000,4.0000,6.0000,3.0000,1.0000
0.6830,0.1660,0.1380,0.0620,0.0250,0.0000,0.0000,0.3790,1.0000,0.0000,0.0000,0.0000,0.0000,0.0000,0.0000,65.7472,0.0000,3060.0000,936.0000,0.0000,4.0000,6.0000,3.0000,1.0000
0.6810,0.1350,0.1350,0.0520,0.0240,0.0000,0.0000,0.4110,1.0000,0.0000,0.0000,0.0000,0.0000,0.0000,0.0000,65.7472,0.0000,3060.0000,936.0000,0.0000,4.0000,6.0000,3.0000,1.0000
0.9390,0.1440,0.2680,0.0600,0.0790,0.0000,0.0000,0.5270,1.0000,0.0000,0.0000,0.0000,0.0000,0.0000,0.0000,65.7472,0.0000,3060.0000,936.0000,0.0000,4.0000,6.0000,3.0000,1.0000
0.7890,0.2020,0.2040,0.0840,0.0660,0.0000,0.0000,0.3830,1.0000,0.0000,0.0000,0.0000,0.0000,0.0000,0.0000,65.7472,0.0000,3060.0000,936.0000,0.0000,4.0000,6.0000,3.0000,1.0000
0.7100,0.1720,0.1580,0.0670,0.0270,0.0000,0.0000,0.3800,1.0000,0.0000,0.0000,0.0000,0.0000,0.0000,0.0000,65.7472,0.0000,3060.0000,936.0000,0.0000,4.0000,6.0000,3.0000,1.0000
0.8630,0.1780,0.1810,0.0580,0.0660,0.0000,0.0000,0.5040,1.0000,0.0000,0.0000,0.0000,0.0000,0.0000,0.0000,65.7674,0.0000,3062.0000,936.0000,0.0000,4.0000,6.0000,3.0000,1.0000
0.6480,0.2370,0.1360,0.0570,0.0240,0.0000,0.0000,0.2750,1.0000,0.0000,0.0000,0.0000,0.0000,0.0000,0.0000,65.7674,0.0000,3062.0000,936.0000,0.0000,4.0000,6.0000,3.0000,1.0000
0.7980,0.1380,0.1270,0.0540,0.0230,0.0000,0.0000,0.5330,1.0000,0.0000,0.0000,0.0000,0.0000,0.0000,0.0000,65.7675,0.0000,3062.0000,936.0000,0.0000,4.0000,6.0000,3.0000,1.0000
1.2540,0.1440,0.1440,0.0560,0.0270,0.0000,0.0000,0.9660,1.0000,0.0000,0.0000,0.0000,0.0000,0.0000,0.0000,65.7675,0.0000,3062.0000,936.0000,0.0000,4.0000,6.0000,3.0000,1.0000
0.9480,0.6400,0.2480,0.4820,0.0350,0.0000,0.0000,0.0600,1.0000,0.0000,0.0000,0.0000,0.0000,0.0000,0.0000,65.7675,0.0000,3062.0000,936.0000,0.0000,4.0000,6.0000,3.0000,1.0000
0.7930,0.1790,0.1960,0.0660,0.0690,0.0000,0.0000,0.4180,1.0000,0.0000,0.0000,0.0000,0.0000,0.0000,0.0000,65.7675,0.0000,3062.0000,936.0000,0.0000,4.0000,6.0000,3.0000,1.0000
0.9210,0.1640,0.1810,0.0610,0.0280,0.0000,0.0000,0.5760,1.0000,0.0000,0.0000,0.0000,0.0000,0.0000,0.0000,65.7675,0.0000,3062.0000,936.0000,0.0000,4.0000,6.0000,3.0000,1.0000
0.7600,0.2490,0.1600,0.0650,0.0350,0.0000,0.0000,0.3510,1.0000,0.0000,0.0000,0.0000,0.0000,0.0000,0.0000,65.7675,0.0000,3062.0000,936.0000,0.0000,4.0000,6.0000,3.0000,1.0000
0.6920,0.2030,0.1500,0.1120,0.0270,0.0000,0.0000,0.3390,1.0000,0.0000,0.0000,0.0000,0.0000,0.0000,0.0000,65.7675,0.0000,3062.0000,936.0000,0.0000,4.0000,6.0000,3.0000,1.0000
0.7500,0.1620,0.1580,0.0580,0.0270,0.0000,0.0000,0.4300,1.0000,0.0000,0.0000,0.0000,0.0000,0.0000,0.0000,65.7675,0.0000,3062.0000,936.0000,0.0000,4.0000,6.0000,3.0000,1.0000
0.7140,0.1570,0.1340,0.0610,0.0240,0.0000,0.0000,0.4230,1.0000,0.0000,0.0000,0.0000,0.0000,0.0000,0.0000,65.7675,0.0000,3062.0000,936.0000,0.0000,4.0000,6.0000,3.0000,1.0000
0.7390,0.1610,0.1430,0.0620,0.0260,0.0000,0.0000,0.4350,1.0000,0.0000,0.0000,0.0000,0.0000,0.0000,0.0000,65.7675,0.0000,3062.0000,936.0000,0.0000,4.0000,6.0000,3.0000,1.0000
7.4120,0.1430,0.1570,0.0560,0.0270,0.0000,0.0000,7.1120,1.0000,0.0000,0.0000,0.0000,0.0000,0.0000,0.0000,65.7676,0.0000,3062.0000,936.0000,0.0000,4.0000,6.0000,3.0000,2.0000
3.6570,4.7670,0.3810,0.2050,0.1310,0.0000,0.0000,0.0000,1.0000,0.0000,0.0000,0.0000,0.0000,0.0000,0.0000,65.7676,0.0000,3062.0000,936.0000,0.0000,4.0000,6.0000,3.0000,2.0000
1.4830,0.2830,0.2990,0.1160,0.0540,0.0000,0.0000,0.9010,1.0000,0.0000,0.0000,0.0000,0.0000,0.0000,0.0000,65.7676,0.0000,3062.0000,936.0000,0.0000,4.0000,6.0000,3.0000,2.0000
1.3060,0.4170,0.3390,0.1280,0.0550,0.0000,0.0000,0.5500,1.0000,0.0000,0.0000,0.0000,0.0000,0.0000,0.0000,65.7676,0.0000,3062.0000,936.0000,0.0000,4.0000,6.0000,3.0000,2.0000
1.8620,0.2600,0.2410,0.1020,0.0460,0.0000,0.0000,1.3610,1.0000,0.0000,0.0000,0.0000,0.0000,0.0000,0.0000,65.7676,0.0000,3062.0000,936.0000,0.0000,4.0000,6.0000,3.0000,2.0000
1.4100,0.2810,0.3810,0.0990,0.0530,0.0000,0.0000,0.7480,1.0000,0.0000,0.0000,0.0000,0.0000,0.0000,0.0000,65.7676,0.0000,3062.0000,936.0000,0.0000,4.0000,6.0000,3.0000,2.0000
1.2260,0.2560,0.2890,0.0920,0.0870,0.0000,0.0000,0.6810,1.0000,0.0000,0.0000,0.0000,0.0000,0.0000,0.0000,65.7742,0.0000,3062.0000,936.0000,0.0000,4.0000,6.0000,3.0000,2.0000
1.2190,0.3350,0.2470,0.0910,0.0440,0.0000,0.0000,0.6370,1.0000,0.0000,0.0000,0.0000,0.0000,0.0000,0.0000,65.7743,0.0000,3062.0000,936.0000,0.0000,4.0000,6.0000,3.0000,2.0000
1.4270,0.2370,0.3920,0.0890,0.0560,0.0000,0.0000,0.7980,1.0000,0.0000,0.0000,0.0000,0.0000,0.0000,0.0000,65.7743,0.0000,3062.0000,936.0000,0.0000,4.0000,6.0000,3.0000,2.0000
1.2120,0.2850,0.2890,0.1250,0.0480,0.0000,0.0000,0.6380,1.0000,0.0000,0.0000,0.0000,0.0000,0.0000,0.0000,65.7743,0.0000,3062.0000,936.0000,0.0000,4.0000,6.0000,3.0000,2.0000
1.1200,0.2920,0.2600,0.1470,0.0440,0.0000,0.0000,0.5680,1.0000,0.0000,0.0000,0.0000,0.0000,0.0000,0.0000,65.7743,0.0000,3062.0000,936.0000,0.0000,4.0000,6.0000,3.0000,2.0000
1.9810,0.2930,0.7010,0.0910,0.4910,0.0000,0.0000,0.9870,1.0000,0.0000,0.0000,0.0000,0.0000,0.0000,0.0000,65.7879,0.0000,3064.0000,936.0000,0.0000,4.0000,6.0000,3.0000,2.0000
1.1800,0.3060,0.2860,0.1070,0.0510,0.0000,0.0000,0.5880,1.0000,0.0000,0.0000,0.0000,0.0000,0.0000,0.0000,65.7879,0.0000,3064.0000,936.0000,0.0000,4.0000,6.0000,3.0000,2.0000
1.1900,0.2110,0.2090,0.0800,0.0350,0.0000,0.0000,0.7700,1.0000,0.0000,0.0000,0.0000,0.0000,0.0000,0.0000,65.7880,0.0000,3064.0000,936.0000,0.0000,4.0000,6.0000,3.0000,2.0000
1.3610,0.2600,0.3970,0.1030,0.0510,0.0000,0.0000,0.7040,1.0000,0.0000,0.0000,0.0000,0.0000,0.0000,0.0000,65.7880,0.0000,3064.0000,936.0000,0.0000,4.0000,6.0000,3.0000,2.0000
1.2890,0.2840,0.2710,0.1040,0.0500,0.0000,0.0000,0.7340,1.0000,0.0000,0.0000,0.0000,0.0000,0.0000,0.0000,65.7880,0.0000,3064.0000,936.0000,0.0000,4.0000,6.0000,3.0000,2.0000
4.1090,0.3390,0.2640,0.1850,0.0490,0.0000,0.0000,3.5060,1.0000,0.0000,0.0000,0.0000,0.0000,0.0000,0.0000,65.7880,0.0000,3064.0000,936.0000,0.0000,4.0000,6.0000,3.0000,2.0000
1.4460,0.2800,0.3370,0.1110,0.0880,0.0000,0.0000,0.8290,1.0000,0.0000,0.0000,0.0000,0.0000,0.0000,0.0000,65.7880,0.0000,3064.0000,936.0000,0.0000,4.0000,6.0000,3.0000,1.0000
1.3860,0.3520,0.3000,0.1540,0.0560,0.0000,0.0000,0.7340,1.0000,0.0000,0.0000,0.0000,0.0000,0.0000,0.0000,65.7880,0.0000,3064.0000,936.0000,0.0000,4.0000,6.0000,3.0000,1.0000
1.2340,0.4250,0.2850,0.2190,0.0550,0.0000,0.0000,0.5240,1.0000,0.0000,0.0000,0.0000,0.0000,0.0000,0.0000,65.7880,0.0000,3064.0000,936.0000,0.0000,4.0000,6.0000,3.0000,1.0000
1.0950,0.2710,0.3100,0.1020,0.0920,0.0000,0.0000,0.5140,1.0000,0.0000,0.0000,0.0000,0.0000,0.0000,0.0000,65.7880,0.0000,3064.0000,936.0000,0.0000,4.0000,6.0000,3.0000,1.0000
1.1530,0.2320,0.3380,0.0860,0.0990,0.0000,0.0000,0.5830,1.0000,0.0000,0.0000,0.0000,0.0000,0.0000,0.0000,65.7880,0.0000,3064.0000,936.0000,0.0000,4.0000,6.0000,3.0000,1.0000
1.1240,0.2440,0.3250,0.0860,0.0460,0.0000,0.0000,0.5550,1.0000,0.0000,0.0000,0.0000,0.0000,0.0000,0.0000,65.7880,0.0000,3064.0000,936.0000,0.0000,4.0000,6.0000,3.0000,1.0000
1.3930,0.2400,0.3820,0.1000,0.0590,0.0000,0.0000,0.7710,1.0000,0.0000,0.0000,0.0000,0.0000,0.0000,0.0000,65.7880,0.0000,3064.0000,936.0000,0.0000,4.0000,6.0000,3.0000,1.0000
1.4310,0.3210,0.3100,0.1530,0.0510,0.0000,0.0000,0.8000,1.0000,0.0000,0.0000,0.0000,0.0000,0.0000,0.0000,65.7880,0.0000,3064.0000,936.0000,0.0000,4.0000,6.0000,3.0000,1.0000
1.2730,0.2740,0.3100,0.1020,0.0500,0.0000,0.0000,0.6890,1.0000,0.0000,0.0000,0.0000,0.0000,0.0000,0.0000,65.7880,0.0000,3064.0000,936.0000,0.0000,4.0000,6.0000,3.0000,1.0000
1.1240,0.2910,0.2670,0.1200,0.0510,0.0000,0.0000,0.5660,1.0000,0.0000,0.0000,0.0000,0.0000,0.0000,0.0000,65.7880,0.0000,3064.0000,936.0000,0.0000,4.0000,6.0000,3.0000,1.0000
1.4070,0.3100,0.2710,0.1480,0.0490,0.0000,0.0000,0.8260,1.0000,0.0000,0.0000,0.0000,0.0000,0.0000,0.0000,65.7880,0.0000,3064.0000,936.0000,0.0000,4.0000,6.0000,3.0000,1.0000
1.3300,0.4170,0.3750,0.1160,0.0560,0.0000,0.0000,0.5380,1.0000,0.0000,0.0000,0.0000,0.0000,0.0000,0.0000,65.7880,0.0000,3064.0000,936.0000,0.0000,4.0000,6.0000,3.0000,1.0000
1.4150,0.2690,0.3160,0.1030,0.1040,0.0000,0.0000,0.8300,1.0000,0.0000,0.0000,0.0000,0.0000,0.0000,0.0000,65.8083,0.0000,3066.0000,936.0000,0.0000,4.0000,6.0000,3.0000,1.0000
1.2790,0.4490,0.2770,0.1600,0.0630,0.0000,0.0000,0.5530,1.0000,0.0000,0.0000,0.0000,0.0000,0.0000,0.0000,65.8083,0.0000,3066.0000,936.0000,0.0000,4.0000,6.0000,3.0000,1.0000
1.2020,0.3380,0.2940,0.1050,0.0900,0.0000,0.0000,0.5700,1.0000,0.0000,0.0000,0.0000,0.0000,0.0000,0.0000,65.8084,0.0000,3066.0000,936.0000,0.0000,4.0000,6.0000,3.0000,1.0000
1.3370,0.2730,0.2970,0.0990,0.0530,0.0000,0.0000,0.7670,1.0000,0.0000,0.0000,0.0000,0.0000,0.0000,0.0000,65.8084,0.0000,3066.0000,936.0000,0.0000,4.0000,6.0000,3.0000,1.0000
1.2530,0.2910,0.2590,0.1230,0.0460,0.0000,0.0000,0.7030,1.0000,0.0000,0.0000,0.0000,0.0000,0.0000,0.0000,65.8084,0.0000,3066.0000,936.0000,0.0000,4.0000,6.0000,3.0000,1.0000
1.1780,0.3970,0.2740,0.1850,0.0510,0.0000,0.0000,0.5070,1.0000,0.0000,0.0000,0.0000,0.0000,0.0000,0.0000,65.8084,0.0000,3066.0000,936.0000,0.0000,4.0000,6.0000,3.0000,1.0000
1.1700,0.2570,0.3040,0.1050,0.0880,0.0000,0.0000,0.6090,1.0000,0.0000,0.0000,0.0000,0.0000,0.0000,0.0000,65.8084,0.0000,3066.0000,936.0000,0.0000,4.0000,6.0000,3.0000,1.0000
1.1050,0.2640,0.2980,0.1020,0.0570,0.0000,0.0000,0.5430,1.0000,0.0000,0.0000,0.0000,0.0000,0.0000,0.0000,65.8084,0.0000,3066.0000,936.0000,0.0000,4.0000,6.0000,3.0000,1.0000
1.1860,0.2480,0.2950,0.0970,0.0450,0.0000,0.0000,0.6430,1.0000,0.0000,0.0000,0.0000,0.0000,0.0000,0.0000,65.8084,0.0000,3066.0000,936.0000,0.0000,4.0000,6.0000,3.0000,1.0000
1.1280,0.2590,0.2580,0.1100,0.0460,0.0000,0.0000,0.6110,1.0000,0.0000,0.0000,0.0000,0.0000,0.0000,0.0000,65.8084,0.0000,3066.0000,936.0000,0.0000,4.0000,6.0000,3.0000,1.0000
1.1600,0.2740,0.2570,0.1010,0.0460,0.0000,0.0000,0.6290,1.0000,0.0000,0.0000,0.0000,0.0000,0.0000,0.0000,65.8084,0.0000,3066.0000,936.0000,0.0000,4.0000,6.0000,3.0000,1.0000
1.2460,0.3040,0.2730,0.1020,0.0750,0.0000,0.0000,0.6690,1.0000,0.0000,0.0000,0.0000,0.0000,0.0000,0.0000,65.8084,0.0000,3066.0000,936.0000,0.0000,4.0000,6.0000,3.0000,1.0000
1.0930,0.3170,0.2410,0.1040,0.0450,0.0000,0.0000,0.5350,1.0000,0.0000,0.0000,0.0000,0.0000,0.0000,0.0000,65.8084,0.0000,3066.0000,936.0000,0.0000,4.0000,6.0000,3.0000,1.0000
1.1170,0.2560,0.2860,0.0940,0.0460,0.0000,0.0000,0.5750,1.0000,0.0000,0.0000,0.0000,0.0000,0.0000,0.0000,65.8084,0.0000,3066.0000,936.0000,0.0000,4.0000,6.0000,3.0000,1.0000
1.1750,0.2500,0.2640,0.0970,0.0440,0.0000,0.0000,0.6610,1.0000,0.0000,0.0000,0.0000,0.0000,0.0000,0.0000,65.8084,0.0000,3066.0000,936.0000,0.0000,4.0000,6.0000,3.0000,1.0000
1.3760,0.2620,0.2860,0.1010,0.0530,0.0000,0.0000,0.8280,1.0000,0.0000,0.0000,0.0000,0.0000,0.0000,0.0000,65.8084,0.0000,3066.0000,936.0000,0.0000,4.0000,6.0000,3.0000,1.0000
0.9250,0.3430,0.1980,0.1570,0.0320,0.0000,0.0000,0.3840,1.0000,0.0000,0.0000,0.0000,0.0000,0.0000,0.0000,65.8084,0.0000,3066.0000,936.0000,0.0000,4.0000,6.0000,3.0000,1.0000
1.1240,0.2520,0.1750,0.0740,0.0320,0.0000,0.0000,0.6970,1.0000,0.0000,0.0000,0.0000,0.0000,0.0000,0.0000,65.8083,0.0000,3066.0000,936.0000,0.0000,4.0000,6.0000,3.0000,1.0000
0.8720,0.2170,0.1740,0.0980,0.0310,0.0000,0.0000,0.4810,1.0000,0.0000,0.0000,0.0000,0.0000,0.0000,0.0000,65.7423,0.0000,3059.0000,936.0000,0.0000,4.0000,6.0000,3.0000,1.0000
0.8630,0.2640,0.1730,0.1610,0.0310,0.0000,0.0000,0.4260,1.0000,0.0000,0.0000,0.0000,0.0000,0.0000,0.0000,65.7423,0.0000,3059.0000,936.0000,0.0000,4.0000,6.0000,3.0000,1.0000
0.7480,0.1620,0.1670,0.0570,0.0300,0.0000,0.0000,0.4190,1.0000,0.0000,0.0000,0.0000,0.0000,0.0000,0.0000,65.7423,0.0000,3059.0000,936.0000,0.0000,4.0000,6.0000,3.0000,1.0000
0.7000,0.1890,0.1490,0.0890,0.0270,0.0000,0.0000,0.3620,1.0000,0.0000,0.0000,0.0000,0.0000,0.0000,0.0000,65.7423,0.0000,3059.0000,936.0000,0.0000,4.0000,6.0000,3.0000,1.0000
0.9390,0.1450,0.1420,0.0550,0.0240,0.0000,0.0000,0.6520,1.0000,0.0000,0.0000,0.0000,0.0000,0.0000,0.0000,65.7423,0.0000,3059.0000,936.0000,0.0000,4.0000,6.0000,3.0000,1.0000
0.9810,0.1700,0.2140,0.0560,0.0640,0.0000,0.0000,0.5970,1.0000,0.0000,0.0000,0.0000,0.0000,0.0000,0.0000,65.7526,0.0000,3060.0000,936.0000,0.0000,4.0000,6.0000,3.0000,1.0000
0.7540,0.2280,0.1760,0.0700,0.0300,0.0000,0.0000,0.3500,1.0000,0.0000,0.0000,0.0000,0.0000,0.0000,0.0000,65.7526,0.0000,3060.0000,936.0000,0.0000,4.0000,6.0000,3.0000,1.0000
0.6350,0.1870,0.1320,0.0600,0.0240,0.0000,0.0000,0.3160,1.0000,0.0000,0.0000,0.0000,0.0000,0.0000,0.0000,65.7526,0.0000,3060.0000,936.0000,0.0000,4.0000,6.0000,3.0000,1.0000
0.6320,0.1440,0.1280,0.0660,0.0230,0.0000,0.0000,0.3600,1.0000,0.0000,0.0000,0.0000,0.0000,0.0000,0.0000,65.7526,0.0000,3060.0000,936.0000,0.0000,4.0000,6.0000,3.0000,1.0000
0.6580,0.1310,0.1320,0.0520,0.0230,0.0000,0.0000,0.3950,1.0000,0.0000,0.0000,0.0000,0.0000,0.0000,0.0000,65.7526,0.0000,3060.0000,936.0000,0.0000,4.0000,6.0000,3.0000,1.0000
1.1050,0.1660,0.3800,0.0870,0.2770,0.0000,0.0000,0.5590,1.0000,0.0000,0.0000,0.0000,0.0000,0.0000,0.0000,65.7710,0.0000,3062.0000,936.0000,0.0000,4.0000,6.0000,3.0000,1.0000
0.7740,0.3120,0.1780,0.1150,0.0310,0.0000,0.0000,0.2840,1.0000,0.0000,0.0000,0.0000,0.0000,0.0000,0.0000,65.7710,0.0000,3062.0000,936.0000,0.0000,4.0000,6.0000,3.0000,1.0000
0.6290,0.1600,0.1410,0.0570,0.0270,0.0000,0.0000,0.3280,1.0000,0.0000,0.0000,0.0000,0.0000,0.0000,0.0000,65.7710,0.0000,3062.0000,936.0000,0.0000,4.0000,6.0000,3.0000,1.0000
0.6460,0.1350,0.1270,0.0530,0.0240,0.0000,0.0000,0.3840,1.0000,0.0000,0.0000,0.0000,0.0000,0.0000,0.0000,65.7710,0.0000,3062.0000,936.0000,0.0000,4.0000,6.0000,3.0000,1.0000
0.6190,0.1400,0.1270,0.0560,0.0240,0.0000,0.0000,0.3520,1.0000,0.0000,0.0000,0.0000,0.0000,0.0000,0.0000,65.7710,0.0000,3062.0000,936.0000,0.0000,4.0000,6.0000,3.0000,1.0000
0.6050,0.1400,0.1270,0.0520,0.0240,0.0000,0.0000,0.3380,1.0000,0.0000,0.0000,0.0000,0.0000,0.0000,0.0000,65.7710,0.0000,3062.0000,936.0000,0.0000,4.0000,6.0000,3.0000,1.0000
0.7850,0.1300,0.1520,0.0520,0.0240,0.0000,0.0000,0.5030,1.0000,0.0000,0.0000,0.0000,0.0000,0.0000,0.0000,65.7730,0.0000,3063.0000,936.0000,0.0000,4.0000,6.0000,3.0000,1.0000
0.8390,0.2480,0.1350,0.0870,0.0240,0.0000,0.0000,0.4560,1.0000,0.0000,0.0000,0.0000,0.0000,0.0000,0.0000,65.7728,0.0000,3063.0000,936.0000,0.0000,4.0000,6.0000,3.0000,2.0000
0.8890,0.2140,0.2040,0.1290,0.0890,0.0000,0.0000,0.4710,1.0000,0.0000,0.0000,0.0000,0.0000,0.0000,0.0000,65.7856,0.0000,3066.0000,936.0000,0.0000,4.0000,6.0000,3.0000,2.0000
0.7130,0.2190,0.1470,0.0640,0.0280,0.0000,0.0000,0.3470,1.0000,0.0000,0.0000,0.0000,0.0000,0.0000,0.0000,65.7856,0.0000,3066.0000,936.0000,0.0000,4.0000,6.0000,3.0000,2.0000
0.7010,0.1630,0.1660,0.0590,0.0270,0.0000,0.0000,0.3720,1.0000,0.0000,0.0000,0.0000,0.0000,0.0000,0.0000,65.7856,0.0000,3066.0000,936.0000,0.0000,4.0000,6.0000,3.0000,2.0000
0.7570,0.1580,0.1410,0.0600,0.0360,0.0000,0.0000,0.4580,1.0000,0.0000,0.0000,0.0000,0.0000,0.0000,0.0000,65.7856,0.0000,3066.0000,936.0000,0.0000,4.0000,6.0000,3.0000,2.0000
0.7030,0.1900,0.1380,0.0950,0.0260,0.0000,0.0000,0.3750,1.0000,0.0000,0.0000,0.0000,0.0000,0.0000,0.0000,65.7856,0.0000,3066.0000,936.0000,0.0000,4.0000,6.0000,3.0000,2.0000
0.6320,0.1520,0.1310,0.0700,0.0250,0.0000,0.0000,0.3490,1.0000,0.0000,0.0000,0.0000,0.0000,0.0000,0.0000,65.7856,0.0000,3066.0000,936.0000,0.0000,4.0000,6.0000,3.0000,2.0000
0.6560,0.1370,0.1370,0.0560,0.0240,0.0000,0.0000,0.3820,1.0000,0.0000,0.0000,0.0000,0.0000,0.0000,0.0000,65.7856,0.0000,3066.0000,936.0000,0.0000,4.0000,6.0000,3.0000,2.0000
0.6320,0.1680,0.1270,0.0560,0.0240,0.0000,0.0000,0.3370,1.0000,0.0000,0.0000,0.0000,0.0000,0.0000,0.0000,65.7856,0.0000,3066.0000,936.0000,0.0000,4.0000,6.0000,3.0000,2.0000
0.6900,0.1440,0.1500,0.0680,0.0240,0.0000,0.0000,0.3960,1.0000,0.0000,0.0000,0.0000,0.0000,0.0000,0.0000,65.7856,0.0000,3066.0000,936.0000,0.0000,4.0000,6.0000,3.0000,2.0000
0.7070,0.1360,0.1410,0.0560,0.0250,0.0000,0.0000,0.4300,1.0000,0.0000,0.0000,0.0000,0.0000,0.0000,0.0000,65.7856,0.0000,3066.0000,936.0000,0.0000,4.0000,6.0000,3.0000,2.0000
0.7660,0.2150,0.1580,0.0990,0.0560,0.0000,0.0000,0.3930,1.0000,0.0000,0.0000,0.0000,0.0000,0.0000,0.0000,65.7959,0.0000,3067.0000,936.0000,0.0000,4.0000,6.0000,3.0000,2.0000
0.7760,0.1960,0.1500,0.0580,0.0270,0.0000,0.0000,0.4300,1.0000,5.6420,187.8400,2.2330,0.0000,0.0000,0.0000,65.7959,0.0000,3067.0000,936.0000,0.0000,4.0000,6.0000,3.0000,2.0000
1.1650,0.1540,0.4340,0.0570,0.2700,0.0000,0.0000,0.5770,1.0000,5.6420,187.8400,2.2330,0.0000,0.0000,0.0000,65.8100,0.0000,3069.0000,936.0000,0.0000,4.0000,6.0000,3.0000,2.0000
0.7690,0.2330,0.1510,0.0850,0.0270,0.0000,0.0000,0.3850,1.0000,5.6420,187.8400,2.2330,0.0000,0.0000,0.0000,65.8100,0.0000,3069.0000,936.0000,0.0000,4.0000,6.0000,3.0000,2.0000
0.7280,0.1680,0.1310,0.0630,0.0240,0.0000,0.0000,0.4290,1.0000,5.6420,187.8400,2.2330,0.0000,0.0000,0.0000,65.8100,0.0000,3069.0000,936.0000,0.0000,4.0000,6.0000,3.0000,2.0000
0.7060,0.1530,0.1280,0.0590,0.0230,0.0000,0.0000,0.4250,1.0000,5.6420,187.8400,2.2330,0.0000,0.0000,0.0000,65.8100,0.0000,3069.0000,936.0000,0.0000,4.0000,6.0000,3.0000,2.0000
0.7040,0.1800,0.1660,0.0960,0.0280,0.0000,0.0000,0.3580,1.0000,5.6420,187.8400,2.2330,0.0000,0.0000,0.0000,65.8100,0.0000,3069.0000,936.0000,0.0000,4.0000,6.0000,3.0000,2.0000
0.6560,0.1590,0.1340,0.0710,0.0250,0.0000,0.0000,0.3630,1.0000,5.6420,187.8400,2.2330,0.0000,0.0000,0.0000,65.8100,0.0000,3069.0000,936.0000,0.0000,4.0000,6.0000,3.0000,2.0000
0.6450,0.1410,0.1290,0.0580,0.0230,0.0000,0.0000,0.3750,1.0000,5.6420,187.8400,2.2330,0.0000,0.0000,0.0000,65.8100,0.0000,3069.0000,936.0000,0.0000,4.0000,6.0000,3.0000,2.0000
1.6690,0.1680,0.5050,0.0890,0.0360,0.0000,0.0000,0.9960,1.0000,5.6420,187.8400,2.2330,0.0000,0.0000,0.0000,65.8100,0.0000,3069.0000,936.0000,0.0000,4.0000,6.0000,3.0000,2.0000
0.9220,0.3030,0.2340,0.0770,0.0320,0.0000,0.0000,0.3850,1.0000,5.6420,187.8400,2.2330,0.0000,0.0000,0.0000,65.8100,0.0000,3069.0000,936.0000,0.0000,4.0000,6.0000,3.0000,2.0000
0.7980,0.1930,0.1780,0.0830,0.0280,0.0000,0.0000,0.4270,1.0000,5.6420,187.8400,2.2330,0.0000,0.0000,0.0000,65.8096,0.0000,3067.0000,936.0000,0.0000,4.0000,7.0000,3.0000,2.0000
0.7540,0.1580,0.1470,0.0630,0.0250,0.0000,0.0000,0.4490,1.0000,5.6420,187.8400,2.2330,0.0000,0.0000,0.0000,65.8096,0.0000,3067.0000,936.0000,0.0000,4.0000,7.0000,3.0000,2.0000
0.7560,0.1850,0.1310,0.0600,0.0240,0.0000,0.0000,0.4400,1.0000,5.6420,187.8400,2.2330,0.0000,0.0000,0.0000,65.8096,0.0000,3067.0000,936.0000,0.0000,4.0000,7.0000,3.0000,2.0000
0.6830,0.1560,0.1410,0.0580,0.0260,0.0000,0.0000,0.3860,1.0000,5.6420,187.8400,2.2330,0.0000,0.0000,0.0000,65.8096,0.0000,3067.0000,936.0000,0.0000,4.0000,7.0000,3.0000,2.0000
0.7610,0.1500,0.1550,0.0590,0.0520,0.0000,0.0000,0.4560,1.0000,5.6420,187.8400,2.2330,0.0000,0.0000,0.0000,65.8096,0.0000,3067.0000,936.0000,0.0000,4.0000,7.0000,3.0000,2.0000
0.7480,0.1440,0.1430,0.0580,0.0240,0.0000,0.0000,0.4610,1.0000,5.6420,187.8400,2.2330,0.0000,0.0000,0.0000,65.8096,0.0000,3067.0000,936.0000,0.0000,4.0000,7.0000,3.0000,2.0000
0.6960,0.1770,0.1330,0.0610,0.0240,0.0000,0.0000,0.3860,1.0000,5.6420,187.8400,2.2330,0.0000,0.0000,0.0000,65.8083,0.0000,3066.0000,936.0000,0.0000,4.0000,7.0000,3.0000,2.0000
0.6550,0.1590,0.1270,0.0600,0.0230,0.0000,0.0000,0.3690,1.0000,5.6420,187.8400,2.2330,0.0000,0.0000,0.0000,65.8083,0.0000,3066.0000,936.0000,0.0000,4.0000,7.0000,3.0000,2.0000
0.7920,0.1540,0.1280,0.0580,0.0230,0.0000,0.0000,0.5100,1.0000,5.6420,187.8400,2.2330,0.0000,0.0000,0.0000,65.8083,0.0000,3066.0000,936.0000,0.0000,4.0000,7.0000,3.0000,2.0000
1.1000,0.1900,0.3680,0.0710,0.2620,0.0000,0.0000,0.5420,1.0000,5.6420,187.8400,2.2330,0.0000,0.0000,0.0000,65.8219,0.0000,3068.0000,936.0000,0.0000,4.0000,7.0000,3.0000,2.0000
0.7590,0.2220,0.1600,0.0710,0.0280,0.0000,0.0000,0.3770,1.0000,5.6420,187.8400,2.2330,0.0000,0.0000,0.0000,65.8219,0.0000,3068.0000,936.0000,0.0000,4.0000,7.0000,3.0000,2.0000
0.6970,0.1850,0.1280,0.0610,0.0230,0.0000,0.0000,0.3840,1.0000,5.6420,187.8400,2.2330,0.0000,0.0000,0.0000,65.8219,0.0000,3068.0000,936.0000,0.0000,4.0000,7.0000,3.0000,2.0000
0.7310,0.1490,0.1550,0.0570,0.0520,0.0000,0.0000,0.4270,1.0000,5.6420,187.8400,2.2330,0.0000,0.0000,0.0000,65.8317,0.0000,3069.0000,936.0000,0.0000,4.0000,7.0000,3.0000,2.0000
0.7940,0.1870,0.1260,0.0580,0.0230,0.0000,0.0000,0.4810,1.0000,5.6420,187.8400,2.2330,0.0000,0.0000,0.0000,65.8317,0.0000,3069.0000,936.0000,0.0000,4.0000,7.0000,3.0000,2.0000
0.7860,0.1760,0.1680,0.0660,0.0310,0.0000,0.0000,0.4420,1.0000,5.6420,187.8400,2.2330,0.0000,0.0000,0.0000,65.8318,0.0000,3069.0000,936.0000,0.0000,4.0000,7.0000,3.0000,2.0000
0.6960,0.1880,0.1300,0.0620,0.0240,0.0000,0.0000,0.3780,1.0000,5.6420,187.8400,2.2330,0.0000,0.0000,0.0000,65.8318,0.0000,3069.0000,936.0000,0.0000,4.0000,7.0000,3.0000,2.0000
0.7270,0.1550,0.1260,0.0580,0.0240,0.0000,0.0000,0.4460,1.0000,5.6420,187.8400,2.2330,0.0000,0.0000,0.0000,65.8318,0.0000,3069.0000,936.0000,0.0000,4.0000,7.0000,3.0000,2.0000
0.6930,0.1380,0.1260,0.0560,0.0230,0.0000,0.0000,0.4290,1.0000,5.6420,187.8400,2.2330,0.0000,0.0000,0.0000,65.8318,0.0000,3069.0000,936.0000,0.0000,4.0000,7.0000,3.0000,2.0000
0.7690,0.1410,0.1210,0.0560,0.0230,0.0000,0.0000,0.5070,1.0000,5.6420,187.8400,2.2330,0.0000,0.0000,0.0000,65.8318,0.0000,3069.0000,936.0000,0.0000,4.0000,7.0000,3.0000,2.0000
0.8230,0.1350,0.1520,0.0540,0.0300,0.0000,0.0000,0.5360,1.0000,5.6420,187.8400,2.2330,0.0000,0.0000,0.0000,65.8318,0.0000,3069.0000,936.0000,0.0000,4.0000,7.0000,3.0000,2.0000
0.8180,0.1730,0.1680,0.0780,0.0360,0.0000,0.0000,0.4770,1.0000,5.6420,187.8400,2.2330,0.0000,0.0000,0.0000,65.8318,0.0000,3069.0000,936.0000,0.0000,4.0000,7.0000,3.0000,2.0000
0.7220,0.1620,0.1660,0.0630,0.0270,0.0000,0.0000,0.3940,1.0000,5.6420,187.8400,2.2330,0.0000,0.0000,0.0000,65.8318,0.0000,3069.0000,936.0000,0.0000,4.0000,7.0000,3.0000,2.0000
0.7010,0.1440,0.1330,0.0580,0.0230,0.0000,0.0000,0.4240,1.0000,5.6420,187.8400,2.2330,0.0000,0.0000,0.0000,65.8321,0.0000,3070.0000,936.0000,0.0000,4.0000,7.0000,3.0000,2.0000
0.6570,0.1790,0.1240,0.0630,0.0230,0.0000,0.0000,0.3540,1.0000,5.6420,187.8400,2.2330,0.0000,0.0000,0.0000,65.8321,0.0000,3070.0000,936.0000,0.0000,4.0000,7.0000,3.0000,2.0000
0.9420,0.1420,0.1540,0.0660,0.0250,0.0000,0.0000,0.6460,1.0000,5.6420,187.8400,2.2330,0.0000,0.0000,0.0000,65.8321,0.0000,3070.0000,936.0000,0.0000,4.0000,7.0000,3.0000,2.0000
0.9760,0.2350,0.2300,0.1320,0.0330,0.0000,0.0000,0.5110,1.0000,5.6420,187.8400,2.2330,0.0000,0.0000,0.0000,65.8321,0.0000,3070.0000,936.0000,0.0000,4.0000,7.0000,3.0000,2.0000
0.7170,0.1770,0.1780,0.0690,0.0280,0.0000,0.0000,0.3620,1.0000,5.6420,187.8400,2.2330,0.0000,0.0000,0.0000,65.8321,0.0000,3070.0000,936.0000,0.0000,4.0000,7.0000,3.0000,2.0000
0.8400,0.1490,0.1800,0.0580,0.0650,0.0000,0.0000,0.5110,1.0000,5.6420,187.8400,2.2330,0.0000,0.0000,0.0000,65.8519,0.0000,3072.0000,936.0000,0.0000,4.0000,7.0000,3.0000,2.0000
0.8220,0.2700,0.1550,0.0620,0.0280,0.0000,0.0000,0.3970,1.0000,5.6420,187.8400,2.2330,0.0000,0.0000,0.0000,65.8519,0.0000,3072.0000,936.0000,0.0000,4.0000,7.0000,3.0000,2.0000
0.8850,0.1510,0.1410,0.0600,0.0260,0.0000,0.0000,0.5930,1.0000,5.6420,187.8400,2.2330,0.0000,0.0000,0.0000,65.8520,0.0000,3072.0000,936.0000,0.0000,4.0000,7.0000,3.0000,2.0000
0.6980,0.1510,0.1380,0.0580,0.0260,0.0000,0.0000,0.4090,1.0000,5.6420,187.8400,2.2330,0.0000,0.0000,0.0000,65.8520,0.0000,3072.0000,936.0000,0.0000,4.0000,7.0000,3.0000,2.0000
0.6890,0.1410,0.1570,0.0580,0.0560,0.0000,0.0000,0.3910,1.0000,5.6420,187.8400,2.2330,0.0000,0.0000,0.0000,65.8520,0.0000,3072.0000,936.0000,0.0000,4.0000,7.0000,3.0000,2.0000
0.7610,0.1420,0.1200,0.0580,0.0220,0.0000,0.0000,0.4990,1.0000,5.6420,187.8400,2.2330,0.0000,0.0000,0.0000,65.8520,0.0000,3072.0000,936.0000,0.0000,4.0000,7.0000,3.0000,2.0000
0.7720,0.2170,0.1490,0.1150,0.0280,0.0000,0.0000,0.4060,1.0000,5.6420,187.8400,2.2330,0.0000,0.0000,0.0000,65.8520,0.0000,3072.0000,936.0000,0.0000,4.0000,7.0000,3.0000,2.0000
0.7330,0.1580,0.1400,0.0710,0.0260,0.0000,0.0000,0.4350,1.0000,5.6420,187.8400,2.2330,0.0000,0.0000,0.0000,65.8520,0.0000,3072.0000,936.0000,0.0000,4.0000,7.0000,3.0000,2.0000
0.9820,0.1420,0.2230,0.0580,0.1090,0.0000,0.0000,0.6170,1.0000,5.6420,187.8400,2.2330,0.0000,0.0000,0.0000,65.8727,0.0000,3074.0000,936.0000,0.0000,4.0000,7.0000,3.0000,2.0000
0.7650,0.2920,0.1440,0.0610,0.0260,0.0000,0.0000,0.3290,1.0000,5.6420,187.8400,2.2330,0.0000,0.0000,0.0000,65.8727,0.0000,3074.0000,936.0000,0.0000,4.0000,7.0000,3.0000,2.0000
0.7030,0.1490,0.1340,0.0600,0.0250,0.0000,0.0000,0.4200,1.0000,5.6420,187.8400,2.2330,0.0000,0.0000,0.0000,65.8728,0.0000,3074.0000,936.0000,0.0000,4.0000,7.0000,3.0000,2.0000
0.6700,0.1800,0.1290,0.1000,0.0240,0.0000,0.0000,0.3610,1.0000,5.6420,187.8400,2.2330,0.0000,0.0000,0.0000,65.8728,0.0000,3074.0000,936.0000,0.0000,4.0000,7.0000,3.0000,2.0000
0.7860,0.1300,0.1910,0.0520,0.0570,0.0000,0.0000,0.4650,1.0000,5.6420,187.8400,2.2330,0.0000,0.0000,0.0000,65.8728,0.0000,3074.0000,936.0000,0.0000,4.0000,7.0000,3.0000,2.0000
0.7370,0.1510,0.1350,0.0590,0.0230,0.0000,0.0000,0.4510,1.0000,5.6420,187.8400,2.2330,0.0000,0.0000,0.0000,65.8728,0.0000,3074.0000,936.0000,0.0000,4.0000,7.0000,3.0000,2.0000
0.6970,0.1550,0.1240,0.0600,0.0220,0.0000,0.0000,0.4180,1.0000,5.6420,187.8400,2.2330,0.0000,0.0000,0.0000,65.8728,0.0000,3074.0000,936.0000,0.0000,4.0000,7.0000,3.0000,2.0000
0.6870,0.1330,0.1260,0.0540,0.0240,0.0000,0.0000,0.4280,1.0000,5.6420,187.8400,2.2330,0.0000,0.0000,0.0000,65.8728,0.0000,3074.0000,936.0000,0.0000,4.0000,7.0000,3.0000,2.0000
0.7270,0.1460,0.1680,0.0550,0.0590,0.0000,0.0000,0.4130,1.0000,5.6420,187.8400,2.2330,0.0000,0.0000,0.0000,65.8721,0.0000,3074.0000,936.0000,0.0000,4.0000,6.0000,3.0000,2.0000
0.7870,0.1520,0.1340,0.0590,0.0260,0.0000,0.0000,0.5010,1.0000,5.6420,187.8400,2.2330,0.0000,0.0000,0.0000,65.8721,0.0000,3074.0000,936.0000,0.0000,4.0000,6.0000,3.0000,2.0000
0.8990,0.1800,0.1620,0.1010,0.0540,0.0000,0.0000,0.5570,1.0000,5.6420,187.8400,2.2330,0.0000,0.0000,0.0000,65.8823,0.0000,3075.0000,936.0000,0.0000,4.0000,6.0000,3.0000,2.0000
0.6700,0.2010,0.1420,0.0600,0.0260,0.0000,0.0000,0.3270,1.0000,5.6420,187.8400,2.2330,0.0000,0.0000,0.0000,65.8823,0.0000,3075.0000,936.0000,0.0000,4.0000,6.0000,3.0000,2.0000
1.7470,0.1400,0.9590,0.0560,0.0450,0.0000,0.0000,0.6480,1.0000,5.6420,187.8400,2.2330,0.0000,0.0000,0.0000,65.8824,0.0000,3075.0000,936.0000,0.0000,4.0000,6.0000,3.0000,2.0000
0.8020,0.1950,0.1710,0.0760,0.0300,0.0000,0.0000,0.4360,1.0000,5.6420,187.8400,2.2330,0.0000,0.0000,0.0000,65.8824,0.0000,3075.0000,936.0000,0.0000,4.0000,6.0000,3.0000,2.0000
0.7510,0.1930,0.1360,0.0640,0.0250,0.0000,0.0000,0.4220,1.0000,5.6420,187.8400,2.2330,0.0000,0.0000,0.0000,65.8824,0.0000,3075.0000,936.0000,0.0000,4.0000,6.0000,3.0000,2.0000
0.7210,0.1690,0.1380,0.0610,0.0260,0.0000,0.0000,0.4140,1.0000,5.6420,187.8400,2.2330,0.0000,0.0000,0.0000,65.8824,0.0000,3075.0000,936.0000,0.0000,4.0000,6.0000,3.0000,2.0000
0.6950,0.1390,0.1600,0.0570,0.0260,0.0000,0.0000,0.3960,1.0000,5.6420,187.8400,2.2330,0.0000,0.0000,0.0000,65.8824,0.0000,3075.0000,936.0000,0.0000,4.0000,6.0000,3.0000,2.0000
0.7320,0.1380,0.1320,0.0560,0.0230,0.0000,0.0000,0.4620,1.0000,5.6420,187.8400,2.2330,0.0000,0.0000,0.0000,65.8824,0.0000,3075.0000,936.0000,0.0000,4.0000,6.0000,3.0000,2.0000
0.7280,0.1810,0.1280,0.0740,0.0230,0.0000,0.0000,0.4190,1.0000,5.6420,187.8400,2.2330,0.0000,0.0000,0.0000,65.8824,0.0000,3075.0000,936.0000,0.0000,4.0000,6.0000,3.0000,2.0000
0.8390,0.1630,0.1600,0.0590,0.0280,0.0000,0.0000,0.5160,1.0000,5.6420,187.8400,2.2330,0.0000,0.0000,0.0000,65.8824,0.0000,3075.0000,936.0000,0.0000,4.0000,6.0000,3.0000,2.0000
0.9060,0.1470,0.2180,0.0590,0.0330,0.0000,0.0000,0.5410,1.0000,5.6420,187.8400,2.2330,0.0000,0.0000,0.0000,65.8824,0.0000,3075.0000,936.0000,0.0000,4.0000,6.0000,3.0000,2.0000
0.8060,0.1660,0.1900,0.0660,0.0380,0.0000,0.0000,0.4500,1.0000,5.6420,187.8400,2.2330,0.0000,0.0000,0.0000,65.8824,0.0000,3075.0000,936.0000,0.0000,4.0000,6.0000,3.0000,2.0000
0.7170,0.1600,0.1550,0.0640,0.0260,0.0000,0.0000,0.4020,1.0000,5.6420,187.8400,2.2330,0.0000,0.0000,0.0000,65.8824,0.0000,3075.0000,936.0000,0.0000,4.0000,6.0000,3.0000,2.0000
0.8150,0.1820,0.1670,0.0640,0.0560,0.0000,0.0000,0.4660,1.0000,5.6420,187.8400,2.2330,0.0000,0.0000,0.0000,65.8927,0.0000,3076.0000,936.0000,0.0000,4.0000,6.0000,3.0000,2.0000
0.6910,0.2180,0.1480,0.0630,0.0270,0.0000,0.0000,0.3250,1.0000,5.6420,187.8400,2.2330,0.0000,0.0000,0.0000,65.8927,0.0000,3076.0000,936.0000,0.0000,4.0000,6.0000,3.0000,2.0000
0.6930,0.1430,0.1550,0.0590,0.0250,0.0000,0.0000,0.3950,1.0000,5.6420,187.8400,2.2330,0.0000,0.0000,0.0000,65.8927,0.0000,3076.0000,936.0000,0.0000,4.0000,6.0000,3.0000,2.0000
0.6520,0.1520,0.1270,0.0580,0.0240,0.0000,0.0000,0.3730,1.0000,5.6420,187.8400,2.2330,0.0000,0.0000,0.0000,65.8927,0.0000,3076.0000,936.0000,0.0000,4.0000,6.0000,3.0000,2.0000
0.6020,0.1780,0.1270,0.0970,0.0240,0.0000,0.0000,0.2970,1.0000,5.6420,187.8400,2.2330,0.0000,0.0000,0.0000,65.8927,0.0000,3076.0000,936.0000,0.0000,4.0000,6.0000,3.0000,2.0000
0.7110,0.1330,0.1730,0.0530,0.0760,0.0000,0.0000,0.4050,1.0000,5.6420,187.8400,2.2330,0.0000,0.0000,0.0000,65.9030,0.0000,3077.0000,936.0000,0.0000,4.0000,6.0000,3.0000,2.0000
0.7710,0.1860,0.1310,0.0570,0.0230,0.0000,0.0000,0.4540,1.0000,5.6420,187.8400,2.2330,0.0000,0.0000,0.0000,65.9030,0.0000,3077.0000,936.0000,0.0000,4.0000,6.0000,3.0000,2.0000
0.7130,0.1540,0.1400,0.0750,0.0260,0.0000,0.0000,0.4190,1.0000,5.6420,187.8400,2.2330,0.0000,0.0000,0.0000,65.9030,0.0000,3077.0000,936.0000,0.0000,4.0000,6.0000,3.0000,2.0000
0.6810,0.1670,0.1320,0.0790,0.0250,0.0000,0.0000,0.3820,1.0000,5.6420,187.8400,2.2330,0.0000,0.0000,0.0000,65.9030,0.0000,3077.0000,936.0000,0.0000,4.0000,6.0000,3.0000,2.0000
0.6500,0.1340,0.1350,0.0550,0.0230,0.0000,0.0000,0.3810,1.0000,5.6420,187.8400,2.2330,0.0000,0.0000,0.0000,65.9030,0.0000,3077.0000,936.0000,0.0000,4.0000,6.0000,3.0000,2.0000
0.5960,0.1430,0.1210,0.0580,0.0230,0.0000,0.0000,0.3320,1.0000,5.6420,187.8400,2.2330,0.0000,0.0000,0.0000,65.9030,0.0000,3077.0000,936.0000,0.0000,4.0000,6.0000,3.0000,2.0000
0.6430,0.1420,0.1490,0.0670,0.0230,0.0000,0.0000,0.3520,1.0000,5.6420,187.8400,2.2330,0.0000,0.0000,0.0000,65.9030,0.0000,3077.0000,936.0000,0.0000,4.0000,6.0000,3.0000,2.0000
0.6860,0.1510,0.1300,0.0570,0.0320,0.0000,0.0000,0.4050,1.0000,5.6420,187.8400,2.2330,0.0000,0.0000,0.0000,65.9030,0.0000,3077.0000,936.0000,0.0000,4.0000,6.0000,3.0000,2.0000
0.5960,0.1720,0.1280,0.0950,0.0230,0.0000,0.0000,0.2960,1.0000,5.6420,187.8400,2.2330,0.0000,0.0000,0.0000,65.9030,0.0000,3077.0000,936.0000,0.0000,4.0000,6.0000,3.0000,2.0000
0.6740,0.1350,0.1490,0.0560,0.0260,0.0000,0.0000,0.3900,1.0000,5.6420,187.8400,2.2330,0.0000,0.0000,0.0000,65.9030,0.0000,3077.0000,936.0000,0.0000,4.0000,6.0000,3.0000,2.0000
0.6780,0.1440,0.1230,0.0580,0.0220,0.0000,0.0000,0.4110,1.0000,5.6420,187.8400,2.2330,0.0000,0.0000,0.0000,65.9030,0.0000,3077.0000,936.0000,0.0000,4.0000,6.0000,3.0000,2.0000
0.6510,0.1470,0.1280,0.0680,0.0240,0.0000,0.0000,0.3760,1.0000,5.6420,187.8400,2.2330,0.0000,0.0000,0.0000,65.9030,0.0000,3077.0000,936.0000,0.0000,4.0000,6.0000,3.0000,2.0000
0.6520,0.1450,0.1510,0.0670,0.0260,0.0000,0.0000,0.3560,1.0000,5.6420,187.8400,2.2330,0.0000,0.0000,0.0000,65.9030,0.0000,3077.0000,936.0000,0.0000,4.0000,6.0000,3.0000,2.0000
0.6550,0.1350,0.1180,0.0550,0.0220,0.0000,0.0000,0.4020,1.0000,5.6420,187.8400,2.2330,0.0000,0.0000,0.0000,65.9030,0.0000,3077.0000,936.0000,0.0000,4.0000,6.0000,3.0000,2.0000
0.6080,0.1300,0.1260,0.0530,0.0230,0.0000,0.0000,0.3520,1.0000,5.6420,187.8400,2.2330,0.0000,0.0000,0.0000,65.9030,0.0000,3077.0000,936.0000,0.0000,4.0000,6.0000,3.0000,2.0000
0.6600,0.1350,0.1200,0.0570,0.0230,0.0000,0.0000,0.4050,1.0000,5.6420,187.8400,2.2330,0.0000,0.0000,0.0000,65.9030,0.0000,3077.0000,936.0000,0.0000,4.0000,6.0000,3.0000,2.0000
0.6150,0.1610,0.1260,0.0610,0.0240,0.0000,0.0000,0.3280,1.0000,5.6420,187.8400,2.2330,0.0000,0.0000,0.0000,65.9030,0.0000,3077.0000,936.0000,0.0000,4.0000,6.0000,3.0000,2.0000
0.6540,0.1430,0.1210,0.0550,0.0230,0.0000,0.0000,0.3900,1.0000,5.6420,187.8400,2.2330,0.0000,0.0000,0.0000,65.9030,0.0000,3077.0000,936.0000,0.0000,4.0000,6.0000,3.0000,2.0000
2.5540,0.1320,0.1630,0.0570,0.0640,0.0000,0.0000,2.2590,1.0000,5.6420,187.8400,2.2330,0.0000,0.0000,0.0000,65.9231,0.0000,3079.0000,936.0000,0.0000,4.0000,6.0000,3.0000,2.0000
0.8460,0.4150,0.1910,0.0840,0.0350,0.0000,0.0000,0.2400,1.0000,5.6420,187.8400,2.2330,0.0000,0.0000,0.0000,65.7326,0.0000,3059.0000,936.0000,0.0000,4.0000,6.0000,3.0000,2.0000
0.7090,0.1890,0.1560,0.0670,0.0280,0.0000,0.0000,0.3640,1.0000,5.6420,187.8400,2.2330,0.0000,0.0000,0.0000,65.7327,0.0000,3059.0000,936.0000,0.0000,4.0000,6.0000,3.0000,2.0000
0.7740,0.1510,0.1740,0.0620,0.0540,0.0000,0.0000,0.4490,1.0000,5.6420,187.8400,2.2330,0.0000,0.0000,0.0000,65.7327,0.0000,3059.0000,936.0000,0.0000,4.0000,6.0000,3.0000,2.0000
0.8800,0.1610,0.2000,0.0680,0.0320,0.0000,0.0000,0.5190,1.0000,5.6420,187.8400,2.2330,0.0000,0.0000,0.0000,65.7327,0.0000,3059.0000,936.0000,0.0000,4.0000,6.0000,3.0000,2.0000
0.8050,0.2390,0.1720,0.0720,0.0310,0.0000,0.0000,0.3940,1.0000,5.6420,187.8400,2.2330,0.0000,0.0000,0.0000,65.7327,0.0000,3059.0000,936.0000,0.0000,4.0000,6.0000,3.0000,2.0000
0.7800,0.1950,0.1440,0.1020,0.0270,0.0000,0.0000,0.4410,1.0000,5.6420,187.8400,2.2330,0.0000,0.0000,0.0000,65.7327,0.0000,3059.0000,936.0000,0.0000,4.0000,6.0000,3.0000,2.0000
0.7500,0.1580,0.1410,0.0750,0.0250,0.0000,0.0000,0.4510,1.0000,5.6420,187.8400,2.2330,0.0000,0.0000,0.0000,65.7327,0.0000,3059.0000,936.0000,0.0000,4.0000,6.0000,3.0000,2.0000
0.7590,0.1540,0.1430,0.0690,0.0270,0.0000,0.0000,0.4620,1.0000,5.6420,187.8400,2.2330,0.0000,0.0000,0.0000,65.7327,0.0000,3059.0000,936.0000,0.0000,4.0000,6.0000,3.0000,2.0000
0.7970,0.1470,0.1470,0.0600,0.0260,0.0000,0.0000,0.5030,1.0000,5.6420,187.8400,2.2330,0.0000,0.0000,0.0000,65.7327,0.0000,3059.0000,936.0000,0.0000,4.0000,6.0000,3.0000,2.0000
0.7750,0.1830,0.1410,0.0970,0.0250,0.0000,0.0000,0.4510,1.0000,5.6420,187.8400,2.2330,0.0000,0.0000,0.0000,65.7327,0.0000,3059.0000,936.0000,0.0000,4.0000,6.0000,3.0000,2.0000
0.9400,0.1620,0.1550,0.0580,0.0330,0.0000,0.0000,0.6230,1.0000,5.6420,187.8400,2.2330,0.0000,0.0000,0.0000,65.7327,0.0000,3059.0000,936.0000,0.0000,4.0000,6.0000,3.0000,2.0000
0.8810,0.2210,0.1750,0.0900,0.0320,0.0000,0.0000,0.4850,1.0000,5.6420,187.8400,2.2330,0.0000,0.0000,0.0000,65.7327,0.0000,3059.0000,936.0000,0.0000,4.0000,6.0000,3.0000,2.0000
0.8720,0.1840,0.1820,0.0750,0.0320,0.0000,0.0000,0.5060,1.0000,5.6420,187.8400,2.2330,0.0000,0.0000,0.0000,65.7327,0.0000,3059.0000,936.0000,0.0000,4.0000,6.0000,3.0000,2.0000
0.8890,0.1970,0.2150,0.0820,0.0330,0.0000,0.0000,0.4770,1.0000,5.6420,187.8400,2.2330,0.0000,0.0000,0.0000,65.7327,0.0000,3059.0000,936.0000,0.0000,4.0000,6.0000,3.0000,2.0000
0.7710,0.1810,0.1590,0.0680,0.0290,0.0000,0.0000,0.4310,1.0000,5.6420,187.8400,2.2330,0.0000,0.0000,0.0000,65.7327,0.0000,3059.0000,936.0000,0.0000,4.0000,6.0000,3.0000,2.0000
0.7110,0.1690,0.1410,0.0630,0.0250,0.0000,0.0000,0.4010,1.0000,5.6420,187.8400,2.2330,0.0000,0.0000,0.0000,65.7327,0.0000,3059.0000,936.0000,0.0000,4.0000,6.0000,3.0000,2.0000
0.8390,0.1400,0.1400,0.0550,0.0250,0.0000,0.0000,0.5590,1.0000,5.6420,187.8400,2.2330,0.0000,0.0000,0.0000,65.7327,0.0000,3059.0000,936.0000,0.0000,4.0000,6.0000,3.0000,2.0000
1.0860,0.1730,0.2330,0.0690,0.0740,0.0000,0.0000,0.6800,1.0000,5.6420,187.8400,2.2330,0.0000,0.0000,0.0000,65.7529,0.0000,3061.0000,936.0000,0.0000,4.0000,6.0000,3.0000,2.0000
0.8170,0.2970,0.1810,0.0740,0.0330,0.0000,0.0000,0.3390,1.0000,5.6420,187.8400,2.2330,0.0000,0.0000,0.0000,65.7529,0.0000,3061.0000,936.0000,0.0000,4.0000,6.0000,3.0000,2.0000
0.7690,0.1710,0.1870,0.0680,0.0300,0.0000,0.0000,0.4110,1.0000,5.6420,187.8400,2.2330,0.0000,0.0000,0.0000,65.7530,0.0000,3061.0000,936.0000,0.0000,4.0000,6.0000,3.0000,2.0000
0.6830,0.1520,0.1360,0.0600,0.0240,0.0000,0.0000,0.3950,1.0000,5.6420,187.8400,2.2330,0.0000,0.0000,0.0000,65.7530,0.0000,3061.0000,936.0000,0.0000,4.0000,6.0000,3.0000,2.0000
0.6780,0.1440,0.1310,0.0570,0.0240,0.0000,0.0000,0.4030,1.0000,5.6420,187.8400,2.2330,0.0000,0.0000,0.0000,65.7530,0.0000,3061.0000,936.0000,0.0000,4.0000,6.0000,3.0000,2.0000
0.7900,0.1490,0.1600,0.0550,0.0550,0.0000,0.0000,0.4810,1.0000,5.6420,187.8400,2.2330,0.0000,0.0000,0.0000,65.7633,0.0000,3062.0000,936.0000,0.0000,4.0000,6.0000,3.0000,2.0000
0.9610,0.1820,0.1900,0.0580,0.0380,0.0000,0.0000,0.5890,1.0000,5.6420,187.8400,2.2330,0.0000,0.0000,0.0000,65.7633,0.0000,3062.0000,936.0000,0.0000,4.0000,6.0000,3.0000,2.0000
0.8430,0.1830,0.1980,0.0720,0.0680,0.0000,0.0000,0.4620,1.0000,5.6420,187.8400,2.2330,0.0000,0.0000,0.0000,65.7633,0.0000,3062.0000,936.0000,0.0000,4.0000,6.0000,3.0000,2.0000
0.9800,0.1620,0.2150,0.0640,0.0380,0.0000,0.0000,0.6030,1.0000,5.6420,187.8400,2.2330,0.0000,0.0000,0.0000,65.7633,0.0000,3062.0000,936.0000,0.0000,4.0000,6.0000,3.0000,2.0000
0.8870,0.2130,0.1950,0.0850,0.0340,0.0000,0.0000,0.4790,1.0000,5.6420,187.8400,2.2330,0.0000,0.0000,0.0000,65.7633,0.0000,3062.0000,936.0000,0.0000,4.0000,6.0000,3.0000,2.0000
0.8990,0.1830,0.1820,0.0740,0.0320,0.0000,0.0000,0.5340,1.0000,5.6420,187.8400,2.2330,0.0000,0.0000,0.0000,65.7633,0.0000,3062.0000,936.0000,0.0000,4.0000,6.0000,3.0000,2.0000
0.9890,0.2520,0.2010,0.1170,0.0360,0.0000,0.0000,0.5360,1.0000,5.6420,187.8400,2.2330,0.0000,0.0000,0.0000,65.7633,0.0000,3062.0000,936.0000,0.0000,4.0000,6.0000,3.0000,2.0000
0.8960,0.2410,0.1880,0.0840,0.0350,0.0000,0.0000,0.4670,1.0000,5.6420,187.8400,2.2330,0.0000,0.0000,0.0000,65.7633,0.0000,3062.0000,936.0000,0.0000,4.0000,6.0000,3.0000,2.0000
0.8880,0.2140,0.1720,0.1070,0.0320,0.0000,0.0000,0.5020,1.0000,5.6420,187.8400,2.2330,0.0000,0.0000,0.0000,65.7633,0.0000,3062.0000,936.0000,0.0000,4.0000,6.0000,3.0000,2.0000
0.9190,0.2000,0.1690,0.0790,0.0310,0.0000,0.0000,0.5500,1.0000,5.6420,187.8400,2.2330,0.0000,0.0000,0.0000,65.7633,0.0000,3062.0000,936.0000,0.0000,4.0000,6.0000,3.0000,2.0000
0.8170,0.1990,0.1720,0.0700,0.0320,0.0000,0.0000,0.4460,1.0000,5.6420,187.8400,2.2330,0.0000,0.0000,0.0000,65.7633,0.0000,3062.0000,936.0000,0.0000,4.0000,6.0000,3.0000,2.0000
0.9290,0.1620,0.2150,0.0650,0.0330,0.0000,0.0000,0.5520,1.0000,5.6420,187.8400,2.2330,0.0000,0.0000,0.0000,65.7633,0.0000,3062.0000,936.0000,0.0000,4.0000,6.0000,3.0000,2.0000
0.8780,0.1680,0.2500,0.0680,0.0400,0.0000,0.0000,0.4600,1.0000,5.6420,187.8400,2.2330,0.0000,0.0000,0.0000,65.7633,0.0000,3062.0000,936.0000,0.0000,4.0000,6.0000,3.0000,2.0000
0.9620,0.1710,0.1750,0.0680,0.0560,0.0000,0.0000,0.6160,1.0000,5.6420,187.8400,2.2330,0.0000,0.0000,0.0000,65.7736,0.0000,3063.0000,936.0000,0.0000,4.0000,6.0000,3.0000,2.0000
1.0050,0.2120,0.2570,0.0670,0.0710,0.0000,0.0000,0.5360,1.0000,5.6420,187.8400,2.2330,0.0000,0.0000,0.0000,65.7736,0.0000,3063.0000,936.0000,0.0000,4.0000,6.0000,3.0000,2.0000
0.8100,0.1870,0.1550,0.0710,0.0290,0.0000,0.0000,0.4680,1.0000,5.6420,187.8400,2.2330,0.0000,0.0000,0.0000,65.7736,0.0000,3063.0000,936.0000,0.0000,4.0000,6.0000,3.0000,2.0000
0.7380,0.1620,0.1440,0.0630,0.0280,0.0000,0.0000,0.4320,1.0000,5.6420,187.8400,2.2330,0.0000,0.0000,0.0000,65.7736,0.0000,3063.0000,936.0000,0.0000,4.0000,6.0000,3.0000,2.0000
0.6910,0.1830,0.1370,0.0980,0.0250,0.0000,0.0000,0.3710,1.0000,5.6420,187.8400,2.2330,0.0000,0.0000,0.0000,65.7736,0.0000,3063.0000,936.0000,0.0000,4.0000,6.0000,3.0000,2.0000
0.6940,0.1470,0.1570,0.0670,0.0250,0.0000,0.0000,0.3900,1.0000,5.6420,187.8400,2.2330,0.0000,0.0000,0.0000,65.7736,0.0000,3063.0000,936.0000,0.0000,4.0000,6.0000,3.0000,2.0000
0.8900,0.1390,0.1790,0.0580,0.0300,0.0000,0.0000,0.5720,1.0000,5.6420,187.8400,2.2330,0.0000,0.0000,0.0000,65.7736,0.0000,3063.0000,936.0000,0.0000,4.0000,6.0000,3.0000,2.0000
0.8590,0.2370,0.1650,0.0740,0.0390,0.0000,0.0000,0.4570,1.0000,5.6420,187.8400,2.2330,0.0000,0.0000,0.0000,65.7736,0.0000,3063.0000,936.0000,0.0000,4.0000,6.0000,3.0000,2.0000
0.8180,0.2510,0.1810,0.1010,0.0320,0.0000,0.0000,0.3860,1.0000,5.6420,187.8400,2.2330,0.0000,0.0000,0.0000,65.7736,0.0000,3063.0000,936.0000,0.0000,4.0000,6.0000,3.0000,2.0000
0.9700,0.1720,0.1560,0.0680,0.0280,0.0000,0.0000,0.6420,1.0000,5.6420,187.8400,2.2330,0.0000,0.0000,0.0000,65.7736,0.0000,3063.0000,936.0000,0.0000,4.0000,6.0000,3.0000,2.0000
1.2960,0.1860,0.3080,0.0670,0.1020,0.0000,0.0000,0.8020,1.0000,5.6420,187.8400,2.2330,0.0000,0.0000,0.0000,65.7934,0.0000,3065.0000,936.0000,0.0000,4.0000,6.0000,3.0000,2.0000
0.8830,0.4500,0.1870,0.1210,0.0320,0.0000,0.0000,0.2460,1.0000,5.6420,187.8400,2.2330,0.0000,0.0000,0.0000,65.7934,0.0000,3065.0000,936.0000,0.0000,4.0000,6.0000,3.0000,2.0000
0.7410,0.2520,0.1680,0.0750,0.0290,0.0000,0.0000,0.3210,1.0000,5.6420,187.8400,2.2330,0.0000,0.0000,0.0000,65.7935,0.0000,3065.0000,936.0000,0.0000,4.0000,6.0000,3.0000,2.0000
0.8530,0.1580,0.2290,0.0620,0.0320,0.0000,0.0000,0.4660,1.0000,5.6420,187.8400,2.2330,0.0000,0.0000,0.0000,65.7935,0.0000,3065.0000,936.0000,0.0000,4.0000,6.0000,3.0000,2.0000
0.9160,0.1970,0.2050,0.0830,0.0330,0.0000,0.0000,0.5140,1.0000,5.6420,187.8400,2.2330,0.0000,0.0000,0.0000,65.7935,0.0000,3065.0000,936.0000,0.0000,4.0000,6.0000,3.0000,2.0000
1.0310,0.2060,0.2710,0.0860,0.0920,0.0000,0.0000,0.5540,1.0000,5.6420,187.8400,2.2330,0.0000,0.0000,0.0000,65.7935,0.0000,3065.0000,936.0000,0.0000,4.0000,6.0000,3.0000,2.0000
0.8880,0.2100,0.2130,0.0740,0.0320,0.0000,0.0000,0.4650,1.0000,5.6420,187.8400,2.2330,0.0000,0.0000,0.0000,65.7935,0.0000,3065.0000,936.0000,0.0000,4.0000,6.0000,3.0000,2.0000
0.7920,0.1690,0.1500,0.0650,0.0270,0.0000,0.0000,0.4730,1.0000,5.6420,187.8400,2.2330,0.0000,0.0000,0.0000,65.7935,0.0000,3065.0000,936.0000,0.0000,4.0000,6.0000,3.0000,2.0000
0.8300,0.1610,0.1690,0.0610,0.0560,0.0000,0.0000,0.5000,1.0000,5.6420,187.8400,2.2330,0.0000,0.0000,0.0000,65.8038,0.0000,3066.0000,936.0000,0.0000,4.0000,6.0000,3.0000,2.0000
0.7840,0.2230,0.1430,0.0590,0.0250,0.0000,0.0000,0.4180,1.0000,5.6420,187.8400,2.2330,0.0000,0.0000,0.0000,65.8038,0.0000,3066.0000,936.0000,0.0000,4.0000,6.0000,3.0000,2.0000
0.6640,0.1390,0.1420,0.0560,0.0250,0.0000,0.0000,0.3830,1.0000,5.6420,187.8400,2.2330,0.0000,0.0000,0.0000,65.8038,0.0000,3066.0000,936.0000,0.0000,4.0000,6.0000,3.0000,2.0000
0.6730,0.1420,0.1540,0.0580,0.0260,0.0000,0.0000,0.3770,1.0000,5.6420,187.8400,2.2330,0.0000,0.0000,0.0000,65.8038,0.0000,3066.0000,936.0000,0.0000,4.0000,6.0000,3.0000,2.0000
0.8290,0.1570,0.1600,0.0590,0.0440,0.0000,0.0000,0.5120,1.0000,5.6420,187.8400,2.2330,0.0000,0.0000,0.0000,65.8038,0.0000,3066.0000,936.0000,0.0000,4.0000,6.0000,3.0000,2.0000
0.7650,0.2220,0.1610,0.0710,0.0290,0.0000,0.0000,0.3820,1.0000,5.6420,187.8400,2.2330,0.0000,0.0000,0.0000,65.8038,0.0000,3066.0000,936.0000,0.0000,4.0000,6.0000,3.0000,2.0000
0.7030,0.1650,0.1550,0.0760,0.0270,0.0000,0.0000,0.3830,1.0000,5.6420,187.8400,2.2330,0.0000,0.0000,0.0000,65.8038,0.0000,3066.0000,936.0000,0.0000,4.0000,6.0000,3.0000,2.0000
0.9170,0.1380,0.1660,0.0570,0.0540,0.0000,0.0000,0.6130,1.0000,5.6420,187.8400,2.2330,0.0000,0.0000,0.0000,65.8038,0.0000,3066.0000,936.0000,0.0000,4.0000,6.0000,3.0000,2.0000
0.8610,0.2040,0.1610,0.0710,0.0300,0.0000,0.0000,0.4960,1.0000,5.6420,187.8400,2.2330,0.0000,0.0000,0.0000,65.8038,0.0000,3066.0000,936.0000,0.0000,4.0000,6.0000,3.0000,2.0000
0.7710,0.1860,0.1560,0.0700,0.0290,0.0000,0.0000,0.4290,1.0000,5.6420,187.8400,2.2330,0.0000,0.0000,0.0000,65.8038,0.0000,3066.0000,936.0000,0.0000,4.0000,6.0000,3.0000,2.0000
0.7030,0.1750,0.1380,0.0580,0.0250,0.0000,0.0000,0.3900,1.0000,5.6420,187.8400,2.2330,0.0000,0.0000,0.0000,65.8038,0.0000,3066.0000,936.0000,0.0000,4.0000,6.0000,3.0000,2.0000
0.6460,0.1350,0.1420,0.0560,0.0350,0.0000,0.0000,0.3690,1.0000,5.6420,187.8400,2.2330,0.0000,0.0000,0.0000,65.8038,0.0000,3066.0000,936.0000,0.0000,4.0000,6.0000,3.0000,2.0000
0.7190,0.1370,0.1260,0.0570,0.0230,0.0000,0.0000,0.4560,1.0000,5.6420,187.8400,2.2330,0.0000,0.0000,0.0000,65.8038,0.0000,3066.0000,936.0000,0.0000,4.0000,6.0000,3.0000,2.0000
0.7180,0.1990,0.1330,0.0700,0.0250,0.0000,0.0000,0.3860,1.0000,5.6420,187.8400,2.2330,0.0000,0.0000,0.0000,65.8038,0.0000,3066.0000,936.0000,0.0000,4.0000,6.0000,3.0000,2.0000
0.6490,0.1470,0.1450,0.0700,0.0250,0.0000,0.0000,0.3570,1.0000,5.6420,187.8400,2.2330,0.0000,0.0000,0.0000,65.8048,0.0000,3066.0000,936.0000,0.0000,4.0000,7.0000,3.0000,2.0000
1.0610,0.1360,0.4030,0.0560,0.3060,0.0000,0.0000,0.5220,1.0000,5.6420,187.8400,2.2330,0.0000,0.0000,0.0000,65.8188,0.0000,3068.0000,936.0000,0.0000,4.0000,7.0000,3.0000,2.0000
0.7310,0.2180,0.1820,0.0690,0.0270,0.0000,0.0000,0.3310,1.0000,5.6420,187.8400,2.2330,0.0000,0.0000,0.0000,65.8188,0.0000,3068.0000,936.0000,0.0000,4.0000,7.0000,3.0000,2.0000
0.7620,0.1500,0.1570,0.0590,0.0250,0.0000,0.0000,0.4550,1.0000,5.6420,187.8400,2.2330,0.0000,0.0000,0.0000,65.8189,0.0000,3068.0000,936.0000,0.0000,4.0000,7.0000,3.0000,2.0000
0.7640,0.2220,0.1620,0.1040,0.0510,0.0000,0.0000,0.3800,1.0000,5.6420,187.8400,2.2330,0.0000,0.0000,0.0000,65.8292,0.0000,3069.0000,936.0000,0.0000,4.0000,7.0000,3.0000,2.0000
0.6530,0.1810,0.1490,0.0570,0.0240,0.0000,0.0000,0.3230,1.0000,5.6420,187.8400,2.2330,0.0000,0.0000,0.0000,65.8292,0.0000,3069.0000,936.0000,0.0000,4.0000,7.0000,3.0000,2.0000
0.6750,0.1400,0.1230,0.0570,0.0220,0.0000,0.0000,0.4120,1.0000,5.6420,187.8400,2.2330,0.0000,0.0000,0.0000,65.8292,0.0000,3069.0000,936.0000,0.0000,4.0000,7.0000,3.0000,2.0000
0.6850,0.1510,0.1260,0.0690,0.0230,0.0000,0.0000,0.4080,1.0000,5.6420,187.8400,2.2330,0.0000,0.0000,0.0000,65.8292,0.0000,3069.0000,936.0000,0.0000,4.0000,7.0000,3.0000,2.0000
0.6460,0.1300,0.1380,0.0530,0.0240,0.0000,0.0000,0.3780,1.0000,5.6420,187.8400,2.2330,0.0000,0.0000,0.0000,65.8299,0.0000,3069.0000,936.0000,0.0000,4.0000,8.0000,3.0000,2.0000
0.6600,0.1380,0.1200,0.0570,0.0230,0.0000,0.0000,0.4020,1.0000,5.6420,187.8400,2.2330,0.0000,0.0000,0.0000,65.8299,0.0000,3069.0000,936.0000,0.0000,4.0000,8.0000,3.0000,2.0000
0.6380,0.1580,0.1280,0.0710,0.0240,0.0000,0.0000,0.3520,1.0000,5.6420,187.8400,2.2330,0.0000,0.0000,0.0000,65.8299,0.0000,3069.0000,936.0000,0.0000,4.0000,8.0000,3.0000,2.0000
0.6590,0.1320,0.1380,0.0530,0.0370,0.0000,0.0000,0.3890,1.0000,5.6420,187.8400,2.2330,0.0000,0.0000,0.0000,65.8299,0.0000,3069.0000,936.0000,0.0000,4.0000,8.0000,3.0000,2.0000
1.0300,0.1370,0.2630,0.0560,0.0780,0.0000,0.0000,0.6300,1.0000,5.6420,187.8400,2.2330,0.0000,0.0000,0.0000,65.8292,0.0000,3069.0000,936.0000,0.0000,4.0000,7.0000,3.0000,2.0000
0.8420,0.2090,0.1670,0.0750,0.0290,0.0000,0.0000,0.4660,1.0000,5.6420,187.8400,2.2330,0.0000,0.0000,0.0000,65.8292,0.0000,3069.0000,936.0000,0.0000,4.0000,7.0000,3.0000,2.0000
0.8750,0.1760,0.1590,0.0660,0.0290,0.0000,0.0000,0.5400,1.0000,5.6420,187.8400,2.2330,0.0000,0.0000,0.0000,65.8292,0.0000,3069.0000,936.0000,0.0000,4.0000,7.0000,3.0000,2.0000
0.7960,0.2980,0.1690,0.0800,0.0300,0.0000,0.0000,0.3290,1.0000,5.6420,187.8400,2.2330,0.0000,0.0000,0.0000,65.8292,0.0000,3069.0000,936.0000,0.0000,4.0000,7.0000,3.0000,2.0000
0.7320,0.2230,0.1630,0.1250,0.0300,0.0000,0.0000,0.3460,1.0000,5.6420,187.8400,2.2330,0.0000,0.0000,0.0000,65.8292,0.0000,3069.0000,936.0000,0.0000,4.0000,7.0000,3.0000,2.0000
0.6500,0.1680,0.1400,0.0630,0.0260,0.0000,0.0000,0.3420,1.0000,5.6420,187.8400,2.2330,0.0000,0.0000,0.0000,65.8292,0.0000,3069.0000,936.0000,0.0000,4.0000,7.0000,3.0000,2.0000
0.6690,0.1440,0.1350,0.0570,0.0230,0.0000,0.0000,0.3900,1.0000,5.6420,187.8400,2.2330,0.0000,0.0000,0.0000,65.8292,0.0000,3069.0000,936.0000,0.0000,4.0000,7.0000,3.0000,2.0000
0.5990,0.1750,0.1300,0.0590,0.0230,0.0000,0.0000,0.2940,1.0000,5.6420,187.8400,2.2330,0.0000,0.0000,0.0000,65.8292,0.0000,3069.0000,936.0000,0.0000,4.0000,7.0000,3.0000,2.0000
0.8150,0.1340,0.2380,0.0560,0.0310,0.0000,0.0000,0.4430,1.0000,5.6420,187.8400,2.2330,0.0000,0.0000,0.0000,65.8292,0.0000,3069.0000,936.0000,0.0000,4.0000,7.0000,3.0000,2.0000
0.7610,0.1690,0.1440,0.0670,0.0270,0.0000,0.0000,0.4480,1.0000,5.6420,187.8400,2.2330,0.0000,0.0000,0.0000,65.8292,0.0000,3069.0000,936.0000,0.0000,4.0000,7.0000,3.0000,2.0000
0.8640,0.1780,0.1860,0.0680,0.0660,0.0000,0.0000,0.5000,1.0000,5.6420,187.8400,2.2330,0.0000,0.0000,0.0000,65.8494,0.0000,3071.0000,936.0000,0.0000,4.0000,7.0000,3.0000,2.0000
0.6570,0.2850,0.1460,0.0780,0.0260,0.0000,0.0000,0.2260,1.0000,5.6420,187.8400,2.2330,0.0000,0.0000,0.0000,65.8494,0.0000,3071.0000,936.0000,0.0000,4.0000,7.0000,3.0000,2.0000
0.7460,0.1390,0.1550,0.0560,0.0510,0.0000,0.0000,0.4520,1.0000,5.6420,187.8400,2.2330,0.0000,0.0000,0.0000,65.8598,0.0000,3072.0000,936.0000,0.0000,4.0000,7.0000,3.0000,2.0000
1.0150,0.1980,0.1360,0.0720,0.0250,0.0000,0.0000,0.6810,1.0000,5.6420,187.8400,2.2330,0.0000,0.0000,0.0000,65.8597,0.0000,3072.0000,936.0000,0.0000,4.0000,7.0000,3.0000,3.0000
0.8070,0.3020,0.2140,0.1550,0.0780,0.0000,0.0000,0.2910,1.0000,5.6420,187.8400,2.2330,0.0000,0.0000,0.0000,65.8597,0.0000,3072.0000,936.0000,0.0000,4.0000,7.0000,3.0000,3.0000
0.7010,0.1780,0.1540,0.0710,0.0290,0.0000,0.0000,0.3690,1.0000,5.6420,187.8400,2.2330,0.0000,0.0000,0.0000,65.8597,0.0000,3072.0000,936.0000,0.0000,4.0000,7.0000,3.0000,3.0000
0.9250,0.1820,0.1930,0.0620,0.0450,0.0000,0.0000,0.5500,1.0000,5.6420,187.8400,2.2330,0.0000,0.0000,0.0000,65.8597,0.0000,3072.0000,936.0000,0.0000,4.0000,7.0000,3.0000,3.0000
0.8440,0.2220,0.1950,0.0940,0.0320,0.0000,0.0000,0.4270,1.0000,5.6420,187.8400,2.2330,0.0000,0.0000,0.0000,65.8597,0.0000,3072.0000,936.0000,0.0000,4.0000,7.0000,3.0000,3.0000
0.8550,0.1880,0.1800,0.0690,0.0340,0.0000,0.0000,0.4870,1.0000,5.6420,187.8400,2.2330,0.0000,0.0000,0.0000,65.8597,0.0000,3072.0000,936.0000,0.0000,4.0000,7.0000,3.0000,3.0000
0.8300,0.1770,0.2360,0.0700,0.0320,0.0000,0.0000,0.4170,1.0000,5.6420,187.8400,2.2330,0.0000,0.0000,0.0000,65.8597,0.0000,3072.0000,936.0000,0.0000,4.0000,7.0000,3.0000,3.0000
0.7310,0.1720,0.1420,0.0690,0.0270,0.0000,0.0000,0.4170,1.0000,5.6420,187.8400,2.2330,0.0000,0.0000,0.0000,65.8597,0.0000,3072.0000,936.0000,0.0000,4.0000,7.0000,3.0000,3.0000
0.6660,0.1740,0.1470,0.0660,0.0290,0.0000,0.0000,0.3450,1.0000,5.6420,187.8400,2.2330,0.0000,0.0000,0.0000,65.8597,0.0000,3072.0000,936.0000,0.0000,4.0000,7.0000,3.0000,3.0000
0.8160,0.1420,0.1840,0.0580,0.0640,0.0000,0.0000,0.4900,1.0000,5.6420,187.8400,2.2330,0.0000,0.0000,0.0000,65.8797,0.0000,3074.0000,936.0000,0.0000,4.0000,7.0000,3.0000,3.0000
0.8220,0.2420,0.2190,0.0740,0.0420,0.0000,0.0000,0.3610,1.0000,5.6420,187.8400,2.2330,0.0000,0.0000,0.0000,65.8798,0.0000,3074.0000,936.0000,0.0000,4.0000,7.0000,3.0000,3.0000
0.8860,0.1700,0.1930,0.0680,0.0640,0.0000,0.0000,0.5230,1.0000,5.6420,187.8400,2.2330,0.0000,0.0000,0.0000,65.8799,0.0000,3074.0000,936.0000,0.0000,4.0000,7.0000,3.0000,3.0000
0.8070,0.1840,0.1860,0.0710,0.0310,0.0000,0.0000,0.4370,1.0000,5.6420,187.8400,2.2330,0.0000,0.0000,0.0000,65.8799,0.0000,3074.0000,936.0000,0.0000,4.0000,7.0000,3.0000,3.0000
0.6900,0.1860,0.1520,0.0800,0.0280,0.0000,0.0000,0.3520,1.0000,5.6420,187.8400,2.2330,0.0000,0.0000,0.0000,65.8799,0.0000,3074.0000,936.0000,0.0000,4.0000,7.0000,3.0000,3.0000
0.7160,0.1490,0.1470,0.0610,0.0250,0.0000,0.0000,0.4200,1.0000,5.6420,187.8400,2.2330,0.0000,0.0000,0.0000,65.8799,0.0000,3074.0000,936.0000,0.0000,4.0000,7.0000,3.0000,3.0000
0.8740,0.1700,0.2590,0.0680,0.0990,0.0000,0.0000,0.4450,1.0000,5.6420,187.8400,2.2330,0.0000,0.0000,0.0000,65.8906,0.0000,3075.0000,936.0000,0.0000,4.0000,7.0000,3.0000,3.0000
0.9630,0.2090,0.1470,0.0680,0.0250,0.0000,0.0000,0.6070,1.0000,5.6420,187.8400,2.2330,0.0000,0.0000,0.0000,65.8906,0.0000,3075.0000,936.0000,0.0000,4.0000,7.0000,3.0000,3.0000
0.7900,0.1810,0.1570,0.0700,0.0280,0.0000,0.0000,0.4520,1.0000,5.6420,187.8400,2.2330,0.0000,0.0000,0.0000,65.8907,0.0000,3075.0000,936.0000,0.0000,4.0000,7.0000,3.0000,3.0000
0.6790,0.1760,0.1520,0.0680,0.0270,0.0000,0.0000,0.3510,1.0000,5.6420,187.8400,2.2330,0.0000,0.0000,0.0000,65.8907,0.0000,3075.0000,936.0000,0.0000,4.0000,7.0000,3.0000,3.0000
0.6840,0.1910,0.1380,0.1040,0.0240,0.0000,0.0000,0.3550,1.0000,5.6420,187.8400,2.2330,0.0000,0.0000,0.0000,65.8907,0.0000,3075.0000,936.0000,0.0000,4.0000,7.0000,3.0000,3.0000
0.7880,0.1400,0.1580,0.0590,0.0240,0.0000,0.0000,0.4900,1.0000,5.6420,187.8400,2.2330,0.0000,0.0000,0.0000,65.8907,0.0000,3075.0000,936.0000,0.0000,4.0000,7.0000,3.0000,3.0000
0.8170,0.2010,0.1630,0.0840,0.0280,0.0000,0.0000,0.4530,1.0000,5.6420,187.8400,2.2330,0.0000,0.0000,0.0000,65.8907,0.0000,3075.0000,936.0000,0.0000,4.0000,7.0000,3.0000,3.0000
1.5270,0.1850,0.1830,0.0780,0.0580,0.0000,0.0000,1.1590,1.0000,5.6420,187.8400,2.2330,0.0000,0.0000,0.0000,65.9014,0.0000,3076.0000,936.0000,0.0000,4.0000,7.0000,3.0000,3.0000
0.8640,0.3190,0.2000,0.0710,0.0330,0.0000,0.0000,0.3450,1.0000,5.6420,187.8400,2.2330,0.0000,0.0000,0.0000,65.7579,0.0000,3062.0000,936.0000,0.0000,4.0000,7.0000,3.0000,3.0000
0.9260,0.1840,0.2430,0.0730,0.0600,0.0000,0.0000,0.4990,1.0000,5.6420,187.8400,2.2330,0.0000,0.0000,0.0000,65.7696,0.0000,3063.0000,936.0000,0.0000,4.0000,7.0000,3.0000,3.0000
0.7450,0.2140,0.1420,0.0660,0.0240,0.0000,0.0000,0.3890,1.0000,5.6420,187.8400,2.2330,0.0000,0.0000,0.0000,65.7696,0.0000,3063.0000,936.0000,0.0000,4.0000,7.0000,3.0000,3.0000
0.7160,0.1600,0.1310,0.0590,0.0240,0.0000,0.0000,0.4250,1.0000,5.6420,187.8400,2.2330,0.0000,0.0000,0.0000,65.7696,0.0000,3063.0000,936.0000,0.0000,4.0000,7.0000,3.0000,3.0000
0.7920,0.1760,0.1610,0.0930,0.0280,0.0000,0.0000,0.4550,1.0000,5.6420,187.8400,2.2330,0.0000,0.0000,0.0000,65.7696,0.0000,3063.0000,936.0000,0.0000,4.0000,7.0000,3.0000,3.0000
0.7750,0.1710,0.1600,0.0730,0.0350,0.0000,0.0000,0.4440,1.0000,5.6420,187.8400,2.2330,0.0000,0.0000,0.0000,65.7696,0.0000,3063.0000,936.0000,0.0000,4.0000,7.0000,3.0000,3.0000
0.7980,0.1640,0.1830,0.0670,0.0700,0.0000,0.0000,0.4510,1.0000,5.6420,187.8400,2.2330,0.0000,0.0000,0.0000,65.7696,0.0000,3063.0000,936.0000,0.0000,4.0000,7.0000,3.0000,3.0000
0.7200,0.1640,0.1350,0.0650,0.0230,0.0000,0.0000,0.4210,1.0000,5.6420,187.8400,2.2330,0.0000,0.0000,0.0000,65.7696,0.0000,3063.0000,936.0000,0.0000,4.0000,7.0000,3.0000,3.0000
0.8090,0.1730,0.1420,0.0600,0.0350,0.0000,0.0000,0.4940,1.0000,5.6420,187.8400,2.2330,0.0000,0.0000,0.0000,65.7696,0.0000,3063.0000,936.0000,0.0000,4.0000,7.0000,3.0000,2.0000
1.0750,0.1630,0.2520,0.0740,0.0700,0.0000,0.0000,0.6600,1.0000,5.6420,187.8400,2.2330,0.0000,0.0000,0.0000,65.7794,0.0000,3064.0000,936.0000,0.0000,4.0000,7.0000,3.0000,2.0000
0.8450,0.2220,0.1860,0.0730,0.0400,0.0000,0.0000,0.4370,1.0000,5.6420,187.8400,2.2330,0.0000,0.0000,0.0000,65.7794,0.0000,3064.0000,936.0000,0.0000,4.0000,7.0000,3.0000,2.0000
0.8520,0.1750,0.1730,0.0680,0.0320,0.0000,0.0000,0.5040,1.0000,5.6420,187.8400,2.2330,0.0000,0.0000,0.0000,65.7795,0.0000,3064.0000,936.0000,0.0000,4.0000,7.0000,3.0000,2.0000
0.7580,0.1680,0.1670,0.0660,0.0280,0.0000,0.0000,0.4230,1.0000,5.6420,187.8400,2.2330,0.0000,0.0000,0.0000,65.7795,0.0000,3064.0000,936.0000,0.0000,4.0000,7.0000,3.0000,2.0000
0.7520,0.1510,0.1280,0.0600,0.0240,0.0000,0.0000,0.4730,1.0000,5.6420,187.8400,2.2330,0.0000,0.0000,0.0000,65.7795,0.0000,3064.0000,936.0000,0.0000,4.0000,7.0000,3.0000,2.0000
0.8330,0.1980,0.1430,0.0680,0.0270,0.0000,0.0000,0.4920,1.0000,5.6420,187.8400,2.2330,0.0000,0.0000,0.0000,65.7795,0.0000,3064.0000,936.0000,0.0000,4.0000,7.0000,3.0000,2.0000
0.9110,0.1420,0.1730,0.0570,0.0320,0.0000,0.0000,0.5960,1.0000,5.6420,187.8400,2.2330,0.0000,0.0000,0.0000,65.7795,0.0000,3064.0000,936.0000,0.0000,4.0000,7.0000,3.0000,2.0000
1.0200,0.1750,0.1890,0.0700,0.0410,0.0000,0.0000,0.6560,1.0000,5.6420,187.8400,2.2330,0.0000,0.0000,0.0000,65.7795,0.0000,3064.0000,936.0000,0.0000,4.0000,7.0000,3.0000,2.0000
0.8550,0.2120,0.2070,0.0770,0.0340,0.0000,0.0000,0.4360,1.0000,5.6420,187.8400,2.2330,0.0000,0.0000,0.0000,65.7795,0.0000,3064.0000,936.0000,0.0000,4.0000,7.0000,3.0000,2.0000
0.7320,0.1880,0.1720,0.0680,0.0320,0.0000,0.0000,0.3720,1.0000,5.6420,187.8400,2.2330,0.0000,0.0000,0.0000,65.7795,0.0000,3064.0000,936.0000,0.0000,4.0000,7.0000,3.0000,2.0000
0.8390,0.1680,0.1410,0.0670,0.0270,0.0000,0.0000,0.5300,1.0000,5.6420,187.8400,2.2330,0.0000,0.0000,0.0000,65.7795,0.0000,3064.0000,936.0000,0.0000,4.0000,7.0000,3.0000,2.0000
0.8650,0.1820,0.1560,0.0660,0.0310,0.0000,0.0000,0.5270,1.0000,5.6420,187.8400,2.2330,0.0000,0.0000,0.0000,65.7809,0.0000,3065.0000,936.0000,0.0000,4.0000,7.0000,3.0000,2.0000
0.8020,0.2180,0.1680,0.0730,0.0310,0.0000,0.0000,0.4160,1.0000,5.6420,187.8400,2.2330,0.0000,0.0000,0.0000,65.7809,0.0000,3065.0000,936.0000,0.0000,4.0000,7.0000,3.0000,2.0000
0.8470,0.2170,0.1990,0.1150,0.0670,0.0000,0.0000,0.4310,1.0000,5.6420,187.8400,2.2330,0.0000,0.0000,0.0000,65.8011,0.0000,3067.0000,936.0000,0.0000,4.0000,7.0000,3.0000,2.0000
0.6610,0.2450,0.1550,0.0640,0.0280,0.0000,0.0000,0.2610,1.0000,5.6420,187.8400,2.2330,0.0000,0.0000,0.0000,65.8011,0.0000,3067.0000,936.0000,0.0000,4.0000,7.0000,3.0000,2.0000
0.9560,0.1480,0.1310,0.0580,0.0240,0.0000,0.0000,0.6770,1.0000,5.6420,187.8400,2.2330,0.0000,0.0000,0.0000,65.8012,0.0000,3067.0000,936.0000,0.0000,4.0000,7.0000,3.0000,2.0000
0.9270,0.2400,0.2270,0.0880,0.0690,0.0000,0.0000,0.4600,1.0000,5.6420,187.8400,2.2330,0.0000,0.0000,0.0000,65.8012,0.0000,3067.0000,936.0000,0.0000,4.0000,7.0000,3.0000,2.0000
0.8000,0.2180,0.1630,0.0780,0.0300,0.0000,0.0000,0.4190,1.0000,5.6420,187.8400,2.2330,0.0000,0.0000,0.0000,65.8012,0.0000,3067.0000,936.0000,0.0000,4.0000,7.0000,3.0000,2.0000
0.7220,0.1980,0.1510,0.0900,0.0280,0.0000,0.0000,0.3730,1.0000,5.6420,187.8400,2.2330,0.0000,0.0000,0.0000,65.8012,0.0000,3067.0000,936.0000,0.0000,4.0000,7.0000,3.0000,2.0000
0.6590,0.2020,0.1410,0.1100,0.0250,0.0000,0.0000,0.3160,1.0000,5.6420,187.8400,2.2330,0.0000,0.0000,0.0000,65.8012,0.0000,3067.0000,936.0000,0.0000,4.0000,7.0000,3.0000,2.0000
0.8640,0.1640,0.1660,0.0750,0.0320,0.0000,0.0000,0.5340,1.0000,5.6420,187.8400,2.2330,0.0000,0.0000,0.0000,65.8012,0.0000,3067.0000,936.0000,0.0000,4.0000,7.0000,3.0000,2.0000
0.8230,0.1930,0.1520,0.0850,0.0280,0.0000,0.0000,0.4780,1.0000,5.6420,187.8400,2.2330,0.0000,0.0000,0.0000,65.8012,0.0000,3067.0000,936.0000,0.0000,4.0000,7.0000,3.0000,2.0000
0.7390,0.2020,0.1520,0.0830,0.0300,0.0000,0.0000,0.3850,1.0000,5.6420,187.8400,2.2330,0.0000,0.0000,0.0000,65.8012,0.0000,3067.0000,936.0000,0.0000,4.0000,7.0000,3.0000,2.0000
0.7470,0.2110,0.1690,0.0800,0.0540,0.0000,0.0000,0.3670,1.0000,5.6420,187.8400,2.2330,0.0000,0.0000,0.0000,65.8115,0.0000,3068.0000,936.0000,0.0000,4.0000,7.0000,3.0000,2.0000
0.6650,0.2040,0.1320,0.0730,0.0240,0.0000,0.0000,0.3290,1.0000,5.6420,187.8400,2.2330,0.0000,0.0000,0.0000,65.8115,0.0000,3068.0000,936.0000,0.0000,4.0000,7.0000,3.0000,2.0000
0.8270,0.1710,0.1280,0.0840,0.0240,0.0000,0.0000,0.5280,1.0000,5.6420,187.8400,2.2330,0.0000,0.0000,0.0000,65.8116,0.0000,3068.0000,936.0000,0.0000,4.0000,7.0000,3.0000,2.0000
0.8760,0.3070,0.1680,0.0880,0.0330,0.0000,0.0000,0.4010,1.0000,5.6420,187.8400,2.2330,0.0000,0.0000,0.0000,65.8116,0.0000,3068.0000,936.0000,0.0000,4.0000,7.0000,3.0000,2.0000
0.7560,0.3020,0.1650,0.1560,0.0300,0.0000,0.0000,0.2890,1.0000,5.6420,187.8400,2.2330,0.0000,0.0000,0.0000,65.8116,0.0000,3068.0000,936.0000,0.0000,4.0000,7.0000,3.0000,2.0000
0.7380,0.1740,0.1800,0.0770,0.0290,0.0000,0.0000,0.3840,1.0000,5.6420,187.8400,2.2330,0.0000,0.0000,0.0000,65.8116,0.0000,3068.0000,936.0000,0.0000,4.0000,7.0000,3.0000,2.0000
0.6970,0.1700,0.1620,0.0760,0.0260,0.0000,0.0000,0.3650,1.0000,5.6420,187.8400,2.2330,0.0000,0.0000,0.0000,65.8116,0.0000,3068.0000,936.0000,0.0000,4.0000,7.0000,3.0000,2.0000
0.6690,0.1620,0.1280,0.0750,0.0240,0.0000,0.0000,0.3790,1.0000,5.6420,187.8400,2.2330,0.0000,0.0000,0.0000,65.8116,0.0000,3068.0000,936.0000,0.0000,4.0000,7.0000,3.0000,2.0000
0.6260,0.1900,0.1280,0.1090,0.0240,0.0000,0.0000,0.3080,1.0000,5.6420,187.8400,2.2330,0.0000,0.0000,0.0000,65.8116,0.0000,3068.0000,936.0000,0.0000,4.0000,7.0000,3.0000,2.0000
0.8810,0.1530,0.2450,0.0700,0.1080,0.0000,0.0000,0.4830,1.0000,5.6420,187.8400,2.2330,0.0000,0.0000,0.0000,65.8116,0.0000,3068.0000,936.0000,0.0000,4.0000,7.0000,3.0000,2.0000
0.9850,0.1900,0.1460,0.0830,0.0250,0.0000,0.0000,0.6490,1.0000,5.6420,187.8400,2.2330,0.0000,0.0000,0.0000,65.8109,0.0000,3068.0000,936.0000,0.0000,4.0000,6.0000,3.0000,2.0000
0.7700,0.1900,0.1530,0.0770,0.0280,0.0000,0.0000,0.4270,1.0000,5.6420,187.8400,2.2330,0.0000,0.0000,0.0000,65.8109,0.0000,3068.0000,936.0000,0.0000,4.0000,6.0000,3.0000,2.0000
0.6940,0.1900,0.1400,0.0810,0.0260,0.0000,0.0000,0.3640,1.0000,5.6420,187.8400,2.2330,0.0000,0.0000,0.0000,65.8109,0.0000,3068.0000,936.0000,0.0000,4.0000,6.0000,3.0000,2.0000
0.7380,0.1950,0.1600,0.1090,0.0550,0.0000,0.0000,0.3830,1.0000,5.6420,187.8400,2.2330,0.0000,0.0000,0.0000,65.8211,0.0000,3069.0000,936.0000,0.0000,4.0000,6.0000,3.0000,2.0000
0.8630,0.2020,0.2490,0.0730,0.0310,0.0000,0.0000,0.4120,1.0000,5.6420,187.8400,2.2330,0.0000,0.0000,0.0000,65.8211,0.0000,3069.0000,936.0000,0.0000,4.0000,6.0000,3.0000,2.0000
0.7570,0.1850,0.1830,0.0810,0.0660,0.0000,0.0000,0.3890,1.0000,5.6420,187.8400,2.2330,0.0000,0.0000,0.0000,65.8212,0.0000,3069.0000,936.0000,0.0000,4.0000,6.0000,3.0000,2.0000
0.6890,0.1920,0.1420,0.0790,0.0250,0.0000,0.0000,0.3550,1.0000,5.6420,187.8400,2.2330,0.0000,0.0000,0.0000,65.8212,0.0000,3069.0000,936.0000,0.0000,4.0000,6.0000,3.0000,2.0000
0.6220,0.1920,0.1310,0.0770,0.0240,0.0000,0.0000,0.2990,1.0000,5.6420,187.8400,2.2330,0.0000,0.0000,0.0000,65.8212,0.0000,3069.0000,936.0000,0.0000,4.0000,6.0000,3.0000,2.0000
0.6620,0.1500,0.1510,0.0670,0.0230,0.0000,0.0000,0.3610,1.0000,5.6420,187.8400,2.2330,0.0000,0.0000,0.0000,65.8199,0.0000,3068.0000,936.0000,0.0000,4.0000,6.0000,3.0000,2.0000
0.7280,0.1690,0.1260,0.0720,0.0230,0.0000,0.0000,0.4330,1.0000,5.6420,187.8400,2.2330,0.0000,0.0000,0.0000,65.8199,0.0000,3068.0000,936.0000,0.0000,4.0000,6.0000,3.0000,2.0000
0.7360,0.1790,0.1600,0.1010,0.0290,0.0000,0.0000,0.3970,1.0000,5.6420,187.8400,2.2330,0.0000,0.0000,0.0000,65.8199,0.0000,3068.0000,936.0000,0.0000,4.0000,6.0000,3.0000,2.0000
0.6960,0.1760,0.1450,0.0790,0.0260,0.0000,0.0000,0.3750,1.0000,5.6420,187.8400,2.2330,0.0000,0.0000,0.0000,65.8199,0.0000,3068.0000,936.0000,0.0000,4.0000,6.0000,3.0000,2.0000
0.7860,0.1670,0.1490,0.0760,0.0280,0.0000,0.0000,0.4700,1.0000,5.6420,187.8400,2.2330,0.0000,0.0000,0.0000,65.8199,0.0000,3068.0000,936.0000,0.0000,4.0000,6.0000,3.0000,2.0000
0.8990,0.2210,0.1860,0.0980,0.0600,0.0000,0.0000,0.4920,1.0000,5.6420,187.8400,2.2330,0.0000,0.0000,0.0000,65.8302,0.0000,3069.0000,936.0000,0.0000,4.0000,6.0000,3.0000,2.0000
0.8640,0.2740,0.1600,0.0830,0.0300,0.0000,0.0000,0.4300,1.0000,5.6420,187.8400,2.2330,0.0000,0.0000,0.0000,65.8302,0.0000,3069.0000,936.0000,0.0000,4.0000,6.0000,3.0000,2.0000
0.8890,0.1680,0.2120,0.0760,0.0370,0.0000,0.0000,0.5090,1.0000,5.6420,187.8400,2.2330,0.0000,0.0000,0.0000,65.8302,0.0000,3069.0000,936.0000,0.0000,4.0000,6.0000,3.0000,2.0000
0.7570,0.2030,0.1830,0.0860,0.0310,0.0000,0.0000,0.3710,1.0000,5.6420,187.8400,2.2330,0.0000,0.0000,0.0000,65.8302,0.0000,3069.0000,936.0000,0.0000,4.0000,6.0000,3.0000,2.0000
0.7150,0.1770,0.1700,0.0790,0.0270,0.0000,0.0000,0.3680,1.0000,5.6420,187.8400,2.2330,0.0000,0.0000,0.0000,65.8302,0.0000,3069.0000,936.0000,0.0000,4.0000,6.0000,3.0000,2.0000
1.0580,0.1630,0.1570,0.0730,0.0340,0.0000,0.0000,0.7380,1.0000,5.6420,187.8400,2.2330,0.0000,0.0000,0.0000,65.8302,0.0000,3069.0000,936.0000,0.0000,4.0000,6.0000,3.0000,2.0000
0.9960,0.2260,0.1650,0.0990,0.0300,0.0000,0.0000,0.6050,1.0000,5.6420,187.8400,2.2330,0.0000,0.0000,0.0000,65.8302,0.0000,3069.0000,936.0000,0.0000,4.0000,6.0000,3.0000,1.0000
0.9120,0.2420,0.1870,0.1210,0.0470,0.0000,0.0000,0.4830,1.0000,5.6420,187.8400,2.2330,0.0000,0.0000,0.0000,65.8302,0.0000,3069.0000,936.0000,0.0000,4.0000,6.0000,3.0000,1.0000
0.8130,0.2120,0.1630,0.0970,0.0320,0.0000,0.0000,0.4380,1.0000,5.6420,187.8400,2.2330,0.0000,0.0000,0.0000,65.8302,0.0000,3069.0000,936.0000,0.0000,4.0000,6.0000,3.0000,1.0000
0.7910,0.2120,0.1450,0.0880,0.0280,0.0000,0.0000,0.4340,1.0000,5.6420,187.8400,2.2330,0.0000,0.0000,0.0000,65.8302,0.0000,3069.0000,936.0000,0.0000,4.0000,6.0000,3.0000,1.0000
0.9720,0.1550,0.1960,0.0700,0.0320,0.0000,0.0000,0.6210,1.0000,5.6420,187.8400,2.2330,0.0000,0.0000,0.0000,65.8302,0.0000,3069.0000,936.0000,0.0000,4.0000,6.0000,3.0000,1.0000
0.8640,0.1920,0.1780,0.0810,0.0320,0.0000,0.0000,0.4940,1.0000,5.6420,187.8400,2.2330,0.0000,0.0000,0.0000,65.8302,0.0000,3069.0000,936.0000,0.0000,4.0000,6.0000,3.0000,1.0000
0.7510,0.1830,0.1450,0.0820,0.0270,0.0000,0.0000,0.4230,1.0000,5.6420,187.8400,2.2330,0.0000,0.0000,0.0000,65.8302,0.0000,3069.0000,936.0000,0.0000,4.0000,6.0000,3.0000,1.0000
0.8250,0.1650,0.1490,0.0730,0.0290,0.0000,0.0000,0.5110,1.0000,5.6420,187.8400,2.2330,0.0000,0.0000,0.0000,65.8302,0.0000,3069.0000,936.0000,0.0000,4.0000,6.0000,3.0000,1.0000
0.7740,0.2240,0.1990,0.1150,0.0380,0.0000,0.0000,0.3510,1.0000,5.6420,187.8400,2.2330,0.0000,0.0000,0.0000,65.8302,0.0000,3069.0000,936.0000,0.0000,4.0000,6.0000,3.0000,1.0000
0.5080,0.1870,0.1330,0.0890,0.0260,0.0000,0.0000,0.1880,1.0000,5.6420,187.8400,2.2330,0.0000,0.0000,0.0000,65.8302,0.0000,3069.0000,936.0000,0.0000,4.0000,6.0000,3.0000,1.0000
0.5480,0.1280,0.1310,0.0590,0.0210,0.0000,0.0000,0.2890,1.0000,5.6420,187.8400,2.2330,0.0000,0.0000,0.0000,65.8302,0.0000,3069.0000,936.0000,0.0000,4.0000,6.0000,3.0000,1.0000
0.5640,0.1400,0.1140,0.0690,0.0220,0.0000,0.0000,0.3100,1.0000,5.6420,187.8400,2.2330,0.0000,0.0000,0.0000,65.8302,0.0000,3069.0000,936.0000,0.0000,4.0000,6.0000,3.0000,1.0000
0.5440,0.1210,0.1100,0.0570,0.0210,0.0000,0.0000,0.3130,1.0000,5.6420,187.8400,2.2330,0.0000,0.0000,0.0000,65.8302,0.0000,3069.0000,936.0000,0.0000,4.0000,6.0000,3.0000,1.0000
0.5310,0.1370,0.1030,0.0570,0.0200,0.0000,0.0000,0.2910,1.0000,5.6420,187.8400,2.2330,0.0000,0.0000,0.0000,65.8302,0.0000,3069.0000,936.0000,0.0000,4.0000,6.0000,3.0000,1.0000
0.5110,0.1200,0.1040,0.0550,0.0200,0.0000,0.0000,0.2870,1.0000,5.6420,187.8400,2.2330,0.0000,0.0000,0.0000,65.8302,0.0000,3069.0000,936.0000,0.0000,4.0000,6.0000,3.0000,1.0000
0.5210,0.1210,0.1010,0.0560,0.0190,0.0000,0.0000,0.2990,1.0000,5.6420,187.8400,2.2330,0.0000,0.0000,0.0000,65.8302,0.0000,3069.0000,936.0000,0.0000,4.0000,6.0000,3.0000,1.0000
0.5230,0.1180,0.1050,0.0550,0.0200,0.0000,0.0000,0.3000,1.0000,5.6420,187.8400,2.2330,0.0000,0.0000,0.0000,65.8302,0.0000,3069.0000,936.0000,0.0000,4.0000,6.0000,3.0000,1.0000
0.6770,0.1220,0.1320,0.0570,0.0510,0.0000,0.0000,0.4230,1.0000,5.6420,187.8400,2.2330,0.0000,0.0000,0.0000,65.8505,0.0000,3071.0000,936.0000,0.0000,4.0000,6.0000,3.0000,1.0000
0.5370,0.2620,0.1170,0.1000,0.0210,0.0000,0.0000,0.1580,1.0000,5.6420,187.8400,2.2330,0.0000,0.0000,0.0000,65.8505,0.0000,3071.0000,936.0000,0.0000,4.0000,6.0000,3.0000,1.0000
0.5350,0.1210,0.1010,0.0550,0.0180,0.0000,0.0000,0.3130,1.0000,5.6420,187.8400,2.2330,0.0000,0.0000,0.0000,65.8506,0.0000,3071.0000,936.0000,0.0000,4.0000,6.0000,3.0000,1.0000
0.5010,0.1220,0.1020,0.0560,0.0190,0.0000,0.0000,0.2770,1.0000,5.6420,187.8400,2.2330,0.0000,0.0000,0.0000,65.8506,0.0000,3071.0000,936.0000,0.0000,4.0000,6.0000,3.0000,1.0000
0.5360,0.1190,0.1190,0.0560,0.0190,0.0000,0.0000,0.2980,1.0000,5.6420,187.8400,2.2330,0.0000,0.0000,0.0000,65.8506,0.0000,3071.0000,936.0000,0.0000,4.0000,6.0000,3.0000,1.0000
0.4940,0.1190,0.1010,0.0550,0.0190,0.0000,0.0000,0.2740,1.0000,5.6420,187.8400,2.2330,0.0000,0.0000,0.0000,65.8506,0.0000,3071.0000,936.0000,0.0000,4.0000,6.0000,3.0000,1.0000
0.5590,0.1130,0.1220,0.0530,0.0200,0.0000,0.0000,0.3240,1.0000,5.6420,187.8400,2.2330,0.0000,0.0000,0.0000,65.8506,0.0000,3071.0000,936.0000,0.0000,4.0000,6.0000,3.0000,1.0000
0.6960,0.1200,0.1030,0.0550,0.0190,0.0000,0.0000,0.4730,1.0000,5.6420,187.8400,2.2330,0.0000,0.0000,0.0000,65.8506,0.0000,3071.0000,936.0000,0.0000,4.0000,6.0000,3.0000,1.0000
0.6100,0.1400,0.1330,0.0580,0.0230,0.0000,0.0000,0.3370,1.0000,5.6420,187.8400,2.2330,0.0000,0.0000,0.0000,65.8506,0.0000,3071.0000,936.0000,0.0000,4.0000,6.0000,3.0000,1.0000
0.5420,0.1370,0.1040,0.0620,0.0190,0.0000,0.0000,0.3010,1.0000,5.6420,187.8400,2.2330,0.0000,0.0000,0.0000,65.8505,0.0000,3071.0000,936.0000,0.0000,4.0000,6.0000,3.0000,1.0000
0.4840,0.1240,0.1030,0.0570,0.0190,0.0000,0.0000,0.2570,1.0000,5.6420,187.8400,2.2330,0.0000,0.0000,0.0000,65.8504,0.0000,3071.0000,936.0000,0.0000,4.0000,6.0000,3.0000,1.0000
0.5470,0.1160,0.0960,0.0540,0.0170,0.0000,0.0000,0.3350,1.0000,5.6420,187.8400,2.2330,0.0000,0.0000,0.0000,65.8504,0.0000,3071.0000,936.0000,0.0000,4.0000,6.0000,3.0000,1.0000
0.4840,0.1180,0.1010,0.0550,0.0190,0.0000,0.0000,0.2650,1.0000,5.6420,187.8400,2.2330,0.0000,0.0000,0.0000,65.8504,0.0000,3071.0000,936.0000,0.0000,4.0000,6.0000,3.0000,1.0000
0.6230,0.1200,0.0970,0.0570,0.0180,0.0000,0.0000,0.4060,1.0000,5.6420,187.8400,2.2330,0.0000,0.0000,0.0000,65.8504,0.0000,3071.0000,936.0000,0.0000,4.0000,6.0000,3.0000,1.0000
0.5470,0.1180,0.1100,0.0550,0.0210,0.0000,0.0000,0.3190,1.0000,5.6420,187.8400,2.2330,0.0000,0.0000,0.0000,65.8504,0.0000,3071.0000,936.0000,0.0000,4.0000,6.0000,3.0000,1.0000
0.5660,0.1220,0.1310,0.0580,0.0200,0.0000,0.0000,0.3130,1.0000,5.6420,187.8400,2.2330,0.0000,0.0000,0.0000,65.8504,0.0000,3071.0000,936.0000,0.0000,4.0000,6.0000,3.0000,1.0000
0.5110,0.1370,0.1000,0.0580,0.0180,0.0000,0.0000,0.2740,1.0000,5.6420,187.8400,2.2330,0.0000,0.0000,0.0000,65.8504,0.0000,3071.0000,936.0000,0.0000,4.0000,6.0000,3.0000,1.0000
1.3900,0.1140,0.0970,0.0530,0.0180,0.0000,0.0000,1.1790,1.0000,5.6420,187.8400,2.2330,0.0000,0.0000,0.0000,65.8504,0.0000,3071.0000,936.0000,0.0000,4.0000,6.0000,3.0000,1.0000
0.8630,0.1180,0.1750,0.0550,0.0290,0.0000,0.0000,0.5700,1.0000,5.6420,187.8400,2.2330,0.0000,0.0000,0.0000,65.8504,0.0000,3071.0000,936.0000,0.0000,4.0000,6.0000,3.0000,1.0000
0.6230,0.2310,0.1370,0.1400,0.0250,0.0000,0.0000,0.2550,1.0000,5.6420,187.8400,2.2330,0.0000,0.0000,0.0000,65.8504,0.0000,3071.0000,936.0000,0.0000,4.0000,6.0000,3.0000,1.0000
0.6990,0.1390,0.1690,0.0610,0.0250,0.0000,0.0000,0.3910,1.0000,5.6420,187.8400,2.2330,0.0000,0.0000,0.0000,65.8504,0.0000,3071.0000,936.0000,0.0000,4.0000,6.0000,3.0000,1.0000
0.6100,0.1480,0.1170,0.0650,0.0240,0.0000,0.0000,0.3450,1.0000,5.6420,187.8400,2.2330,0.0000,0.0000,0.0000,65.8504,0.0000,3071.0000,936.0000,0.0000,4.0000,6.0000,3.0000,1.0000
0.5720,0.1720,0.1210,0.0670,0.0210,0.0000,0.0000,0.2790,1.0000,5.6420,187.8400,2.2330,0.0000,0.0000,0.0000,65.8504,0.0000,3071.0000,936.0000,0.0000,4.0000,6.0000,3.0000,1.0000
0.6810,0.1290,0.1660,0.0570,0.0790,0.0000,0.0000,0.3860,1.0000,5.6420,187.8400,2.2330,0.0000,0.0000,0.0000,65.8606,0.0000,3072.0000,936.0000,0.0000,4.0000,6.0000,3.0000,1.0000
0.7270,0.1850,0.1180,0.0730,0.0210,0.0000,0.0000,0.4240,1.0000,5.6420,187.8400,2.2330,0.0000,0.0000,0.0000,65.8606,0.0000,3072.0000,936.0000,0.0000,4.0000,6.0000,3.0000,1.0000
0.5920,0.1280,0.1360,0.0570,0.0230,0.0000,0.0000,0.3280,1.0000,5.6420,187.8400,2.2330,0.0000,0.0000,0.0000,65.8607,0.0000,3072.0000,936.0000,0.0000,4.0000,6.0000,3.0000,1.0000
0.7520,0.1340,0.1110,0.0610,0.0200,0.0000,0.0000,0.5070,1.0000,5.6420,187.8400,2.2330,0.0000,0.0000,0.0000,65.8607,0.0000,3072.0000,936.0000,0.0000,4.0000,6.0000,3.0000,1.0000
0.7050,0.1960,0.1520,0.0710,0.0270,0.0000,0.0000,0.3570,1.0000,5.6420,187.8400,2.2330,0.0000,0.0000,0.0000,65.8607,0.0000,3072.0000,936.0000,0.0000,4.0000,6.0000,3.0000,1.0000
0.7480,0.1860,0.1390,0.0650,0.0240,0.0000,0.0000,0.4230,1.0000,5.6420,187.8400,2.2330,0.0000,0.0000,0.0000,65.8607,0.0000,3072.0000,936.0000,0.0000,4.0000,6.0000,3.0000,1.0000
0.6810,0.1410,0.1410,0.0620,0.0250,0.0000,0.0000,0.3990,1.0000,5.6420,187.8400,2.2330,0.0000,0.0000,0.0000,65.8607,0.0000,3072.0000,936.0000,0.0000,4.0000,6.0000,3.0000,1.0000
0.6440,0.1400,0.1150,0.0620,0.0210,0.0000,0.0000,0.3890,1.0000,5.6420,187.8400,2.2330,0.0000,0.0000,0.0000,65.8607,0.0000,3072.0000,936.0000,0.0000,4.0000,6.0000,3.0000,1.0000
0.5900,0.1750,0.1220,0.0610,0.0220,0.0000,0.0000,0.2930,1.0000,5.6420,187.8400,2.2330,0.0000,0.0000,0.0000,65.8607,0.0000,3072.0000,936.0000,0.0000,4.0000,6.0000,3.0000,1.0000
0.9320,0.1250,0.1560,0.0560,0.0240,0.0000,0.0000,0.6510,1.0000,5.6420,187.8400,2.2330,0.0000,0.0000,0.0000,65.8607,0.0000,3072.0000,936.0000,0.0000,4.0000,6.0000,3.0000,1.0000
1.3560,0.1410,0.6830,0.0620,0.0420,0.0000,0.0000,0.5320,1.0000,5.6420,187.8400,2.2330,0.0000,0.0000,0.0000,65.8607,0.0000,3072.0000,936.0000,0.0000,4.0000,6.0000,3.0000,0.0000
0.7730,0.1700,0.1500,0.0730,0.0290,0.0000,0.0000,0.4530,1.0000,5.6420,187.8400,2.2330,0.0000,0.0000,0.0000,65.8607,0.0000,3072.0000,936.0000,0.0000,4.0000,6.0000,3.0000,0.0000
0.6970,0.1670,0.1380,0.0750,0.0260,0.0000,0.0000,0.3920,1.0000,5.6420,187.8400,2.2330,0.0000,0.0000,0.0000,65.8607,0.0000,3072.0000,936.0000,0.0000,4.0000,6.0000,3.0000,0.0000
0.7970,0.1420,0.1730,0.0600,0.0260,0.0000,0.0000,0.4820,1.0000,5.6420,187.8400,2.2330,0.0000,0.0000,0.0000,65.8607,0.0000,3072.0000,936.0000,0.0000,4.0000,6.0000,3.0000,0.0000
0.7630,0.1910,0.1340,0.0620,0.0240,0.0000,0.0000,0.4380,1.0000,5.6420,187.8400,2.2330,0.0000,0.0000,0.0000,65.8607,0.0000,3072.0000,936.0000,0.0000,4.0000,6.0000,3.0000,0.0000
0.6050,0.1270,0.1280,0.0540,0.0230,0.0000,0.0000,0.3500,1.0000,5.6420,187.8400,2.2330,0.0000,0.0000,0.0000,65.8607,0.0000,3072.0000,936.0000,0.0000,4.0000,6.0000,3.0000,0.0000
0.7720,0.1310,0.1880,0.0560,0.0330,0.0000,0.0000,0.4530,1.0000,5.6420,187.8400,2.2330,0.0000,0.0000,0.0000,65.8607,0.0000,3072.0000,936.0000,0.0000,4.0000,6.0000,3.0000,0.0000
0.8520,0.1950,0.1350,0.0780,0.0250,0.0000,0.0000,0.5220,1.0000,5.6420,187.8400,2.2330,0.0000,0.0000,0.0000,65.8607,0.0000,3072.0000,936.0000,0.0000,4.0000,6.0000,3.0000,0.0000
0.7410,0.1840,0.1310,0.0610,0.0290,0.0000,0.0000,0.4260,1.0000,5.6420,187.8400,2.2330,0.0000,0.0000,0.0000,65.8607,0.0000,3072.0000,936.0000,0.0000,4.0000,6.0000,3.0000,0.0000
0.7100,0.1790,0.1400,0.0920,0.0250,0.0000,0.0000,0.3910,1.0000,5.6420,187.8400,2.2330,0.0000,0.0000,0.0000,65.8607,0.0000,3072.0000,936.0000,0.0000,4.0000,6.0000,3.0000,0.0000
0.6710,0.1300,0.1270,0.0540,0.0220,0.0000,0.0000,0.4140,1.0000,5.6420,187.8400,2.2330,0.0000,0.0000,0.0000,65.8607,0.0000,3072.0000,936.0000,0.0000,4.0000,6.0000,3.0000,0.0000
0.6220,0.1530,0.1230,0.0590,0.0240,0.0000,0.0000,0.3460,1.0000,5.6420,187.8400,2.2330,0.0000,0.0000,0.0000,65.8607,0.0000,3072.0000,936.0000,0.0000,4.0000,6.0000,3.0000,0.0000
1.6770,0.1730,0.1270,0.1000,0.0230,0.0000,0.0000,1.3770,1.0000,5.6420,187.8400,2.2330,0.0000,0.0000,0.0000,65.8607,0.0000,3072.0000,936.0000,0.0000,4.0000,6.0000,3.0000,0.0000
0.9860,0.1230,0.2760,0.0510,0.0420,0.0000,0.0000,0.5870,1.0000,5.6420,187.8400,2.2330,0.0000,0.0000,0.0000,65.8607,0.0000,3072.0000,936.0000,0.0000,4.0000,6.0000,3.0000,0.0000
0.8210,0.2240,0.2060,0.0940,0.0320,0.0000,0.0000,0.3910,1.0000,5.6420,187.8400,2.2330,0.0000,0.0000,0.0000,65.7535,0.0000,3061.0000,936.0000,0.0000,4.0000,6.0000,3.0000,0.0000
0.7580,0.1820,0.1520,0.0740,0.0270,0.0000,0.0000,0.4240,1.0000,5.6420,187.8400,2.2330,0.0000,0.0000,0.0000,65.7535,0.0000,3061.0000,936.0000,0.0000,4.0000,6.0000,3.0000,0.0000
0.7340,0.1850,0.1520,0.0830,0.0260,0.0000,0.0000,0.3970,1.0000,5.6420,187.8400,2.2330,0.0000,0.0000,0.0000,65.7535,0.0000,3061.0000,936.0000,0.0000,4.0000,6.0000,3.0000,0.0000
1.0860,0.2100,0.1840,0.1220,0.0370,0.0000,0.0000,0.6920,1.0000,5.6420,187.8400,2.2330,0.0000,0.0000,0.0000,65.7535,0.0000,3061.0000,936.0000,0.0000,4.0000,6.0000,3.0000,0.0000
1.1780,0.1920,0.2090,0.0760,0.0340,0.0000,0.0000,0.7770,1.0000,5.6420,187.8400,2.2330,0.0000,0.0000,0.0000,65.7535,0.0000,3061.0000,936.0000,0.0000,4.0000,6.0000,3.0000,0.0000
0.8070,0.2410,0.1700,0.1170,0.0290,0.0000,0.0000,0.3960,1.0000,5.6420,187.8400,2.2330,0.0000,0.0000,0.0000,65.7535,0.0000,3061.0000,936.0000,0.0000,4.0000,6.0000,3.0000,0.0000
0.7480,0.2310,0.1590,0.1330,0.0280,0.0000,0.0000,0.3580,1.0000,5.6420,187.8400,2.2330,0.0000,0.0000,0.0000,65.7535,0.0000,3061.0000,936.0000,0.0000,4.0000,6.0000,3.0000,0.0000
0.6630,0.1690,0.1420,0.0710,0.0250,0.0000,0.0000,0.3520,1.0000,5.6420,187.8400,2.2330,0.0000,0.0000,0.0000,65.7535,0.0000,3061.0000,936.0000,0.0000,4.0000,6.0000,3.0000,0.0000
0.7090,0.1540,0.1350,0.0670,0.0220,0.0000,0.0000,0.4200,1.0000,5.6420,187.8400,2.2330,0.0000,0.0000,0.0000,65.7535,0.0000,3061.0000,936.0000,0.0000,4.0000,6.0000,3.0000,0.0000
0.6440,0.2040,0.1350,0.0790,0.0240,0.0000,0.0000,0.3050,1.0000,5.6420,187.8400,2.2330,0.0000,0.0000,0.0000,65.7535,0.0000,3061.0000,936.0000,0.0000,4.0000,6.0000,3.0000,0.0000
0.6290,0.1480,0.1290,0.0630,0.0240,0.0000,0.0000,0.3520,1.0000,5.6420,187.8400,2.2330,0.0000,0.0000,0.0000,65.7535,0.0000,3061.0000,936.0000,0.0000,4.0000,6.0000,3.0000,0.0000
0.6380,0.1470,0.1270,0.0630,0.0230,0.0000,0.0000,0.3640,1.0000,5.6420,187.8400,2.2330,0.0000,0.0000,0.0000,65.7535,0.0000,3061.0000,936.0000,0.0000,4.0000,6.0000,3.0000,0.0000
0.6070,0.1780,0.1280,0.0640,0.0220,0.0000,0.0000,0.3010,1.0000,5.6420,187.8400,2.2330,0.0000,0.0000,0.0000,65.7535,0.0000,3061.0000,936.0000,0.0000,4.0000,6.0000,3.0000,0.0000
0.6600,0.1430,0.1530,0.0660,0.0230,0.0000,0.0000,0.3640,1.0000,5.6420,187.8400,2.2330,0.0000,0.0000,0.0000,65.7535,0.0000,3061.0000,936.0000,0.0000,4.0000,6.0000,3.0000,0.0000
0.6840,0.1540,0.1510,0.0670,0.0230,0.0000,0.0000,0.3790,1.0000,5.6420,187.8400,2.2330,0.0000,0.0000,0.0000,65.7535,0.0000,3061.0000,936.0000,0.0000,4.0000,6.0000,3.0000,0.0000
1.1090,0.1850,0.3900,0.0670,0.2810,0.0000,0.0000,0.5340,1.0000,5.6420,187.8400,2.2330,0.0000,0.0000,0.0000,65.7718,0.0000,3063.0000,936.0000,0.0000,4.0000,6.0000,3.0000,0.0000
0.7650,0.2770,0.1680,0.0790,0.0290,0.0000,0.0000,0.3200,1.0000,5.6420,187.8400,2.2330,0.0000,0.0000,0.0000,65.7718,0.0000,3063.0000,936.0000,0.0000,4.0000,6.0000,3.0000,0.0000
0.6520,0.1990,0.1550,0.1030,0.0260,0.0000,0.0000,0.2980,1.0000,5.6420,187.8400,2.2330,0.0000,0.0000,0.0000,65.7719,0.0000,3063.0000,936.0000,0.0000,4.0000,6.0000,3.0000,0.0000
0.6940,0.1510,0.1250,0.0650,0.0210,0.0000,0.0000,0.4180,1.0000,5.6420,187.8400,2.2330,0.0000,0.0000,0.0000,65.7719,0.0000,3063.0000,936.0000,0.0000,4.0000,6.0000,3.0000,0.0000
0.7660,0.1580,0.1260,0.0760,0.0220,0.0000,0.0000,0.4820,1.0000,5.6420,187.8400,2.2330,0.0000,0.0000,0.0000,65.7719,0.0000,3063.0000,936.0000,0.0000,4.0000,6.0000,3.0000,0.0000
0.6590,0.1370,0.1350,0.0610,0.0240,0.0000,0.0000,0.3870,1.0000,5.6420,187.8400,2.2330,0.0000,0.0000,0.0000,65.7719,0.0000,3063.0000,936.0000,0.0000,4.0000,6.0000,3.0000,0.0000
0.6730,0.1530,0.1510,0.0670,0.0240,0.0000,0.0000,0.3690,1.0000,5.6420,187.8400,2.2330,0.0000,0.0000,0.0000,65.7719,0.0000,3063.0000,936.0000,0.0000,4.0000,6.0000,3.0000,0.0000
0.6430,0.1490,0.1240,0.0650,0.0220,0.0000,0.0000,0.3700,1.0000,5.6420,187.8400,2.2330,0.0000,0.0000,0.0000,65.7719,0.0000,3063.0000,936.0000,0.0000,4.0000,6.0000,3.0000,0.0000
0.6450,0.1740,0.1280,0.0990,0.0220,0.0000,0.0000,0.3430,1.0000,5.6420,187.8400,2.2330,0.0000,0.0000,0.0000,65.7719,0.0000,3063.0000,936.0000,0.0000,4.0000,6.0000,3.0000,0.0000
0.9110,0.1600,0.2780,0.0640,0.1300,0.0000,0.0000,0.4730,1.0000,5.6420,187.8400,2.2330,0.0000,0.0000,0.0000,65.7719,0.0000,3063.0000,936.0000,0.0000,4.0000,6.0000,3.0000,0.0000
1.4230,0.1940,0.1900,0.0790,0.0590,0.0000,0.0000,1.0390,1.0000,5.6420,187.8400,2.2330,0.0000,0.0000,0.0000,65.7719,0.0000,3063.0000,936.0000,0.0000,4.0000,6.0000,3.0000,0.0000
0.6770,0.8460,0.1800,0.1360,0.0300,0.0000,0.0000,0.0000,1.0000,5.6420,187.8400,2.2330,0.0000,0.0000,0.0000,65.7719,0.0000,3063.0000,936.0000,0.0000,4.0000,6.0000,3.0000,0.0000
0.5860,0.1750,0.1680,0.0700,0.0250,0.0000,0.0000,0.2430,1.0000,5.6420,187.8400,2.2330,0.0000,0.0000,0.0000,65.7719,0.0000,3063.0000,936.0000,0.0000,4.0000,6.0000,3.0000,0.0000
0.4630,0.1500,0.1200,0.0590,0.0210,0.0000,0.0000,0.1930,1.0000,5.6420,187.8400,2.2330,0.0000,0.0000,0.0000,65.7719,0.0000,3063.0000,936.0000,0.0000,4.0000,6.0000,3.0000,0.0000
0.5340,0.1200,0.1560,0.0530,0.0200,0.0000,0.0000,0.2580,1.0000,5.6420,187.8400,2.2330,0.0000,0.0000,0.0000,65.7719,0.0000,3063.0000,936.0000,0.0000,4.0000,6.0000,3.0000,0.0000
0.4550,0.1240,0.1130,0.0540,0.0210,0.0000,0.0000,0.2180,1.0000,5.6420,187.8400,2.2330,0.0000,0.0000,0.0000,65.7719,0.0000,3063.0000,936.0000,0.0000,4.0000,6.0000,3.0000,0.0000
0.5660,0.1210,0.1820,0.0540,0.0610,0.0000,0.0000,0.2630,1.0000,5.6420,187.8400,2.2330,0.0000,0.0000,0.0000,65.7719,0.0000,3063.0000,936.0000,0.0000,4.0000,6.0000,3.0000,0.0000
0.6660,0.1460,0.1540,0.0710,0.0320,0.0000,0.0000,0.3660,1.0000,5.6420,187.8400,2.2330,0.0000,0.0000,0.0000,65.7719,0.0000,3063.0000,936.0000,0.0000,4.0000,6.0000,3.0000,0.0000
0.5550,0.2080,0.1390,0.1140,0.0250,0.0000,0.0000,0.2080,1.0000,5.6420,187.8400,2.2330,0.0000,0.0000,0.0000,65.7719,0.0000,3063.0000,936.0000,0.0000,4.0000,6.0000,3.0000,0.0000
0.9480,0.1390,0.1120,0.0600,0.0200,0.0000,0.0000,0.6970,1.0000,5.6420,187.8400,2.2330,0.0000,0.0000,0.0000,65.7719,0.0000,3063.0000,936.0000,0.0000,4.0000,6.0000,3.0000,0.0000
0.8960,0.1700,0.2030,0.0690,0.0310,0.0000,0.0000,0.5230,1.0000,5.6420,187.8400,2.2330,0.0000,0.0000,0.0000,65.7719,0.0000,3063.0000,936.0000,0.0000,4.0000,6.0000,3.0000,0.0000
0.7700,0.1760,0.1560,0.0740,0.0280,0.0000,0.0000,0.4380,1.0000,5.6420,187.8400,2.2330,0.0000,0.0000,0.0000,65.7719,0.0000,3063.0000,936.0000,0.0000,4.0000,6.0000,3.0000,0.0000
0.7880,0.2440,0.1520,0.1130,0.0270,0.0000,0.0000,0.3920,1.0000,5.6420,187.8400,2.2330,0.0000,0.0000,0.0000,65.7719,0.0000,3063.0000,936.0000,0.0000,4.0000,6.0000,3.0000,0.0000
0.6030,0.1440,0.1320,0.0600,0.0230,0.0000,0.0000,0.3270,1.0000,5.6420,187.8400,2.2330,0.0000,0.0000,0.0000,65.7719,0.0000,3063.0000,936.0000,0.0000,4.0000,6.0000,3.0000,0.0000
0.6980,0.1420,0.1190,0.0610,0.0220,0.0000,0.0000,0.4370,1.0000,5.6420,187.8400,2.2330,0.0000,0.0000,0.0000,65.7719,0.0000,3063.0000,936.0000,0.0000,4.0000,6.0000,3.0000,0.0000
0.5470,0.1360,0.1210,0.0580,0.0230,0.0000,0.0000,0.2900,1.0000,5.6420,187.8400,2.2330,0.0000,0.0000,0.0000,65.7719,0.0000,3063.0000,936.0000,0.0000,4.0000,6.0000,3.0000,0.0000
0.5710,0.1210,0.1140,0.0520,0.0210,0.0000,0.0000,0.3360,1.0000,5.6420,187.8400,2.2330,0.0000,0.0000,0.0000,65.7719,0.0000,3063.0000,936.0000,0.0000,4.0000,6.0000,3.0000,0.0000
0.6110,0.1210,0.1050,0.0530,0.0190,0.0000,0.0000,0.3850,1.0000,5.6420,187.8400,2.2330,0.0000,0.0000,0.0000,65.7719,0.0000,3063.0000,936.0000,0.0000,4.0000,6.0000,3.0000,0.0000
0.5790,0.1270,0.1200,0.0560,0.0220,0.0000,0.0000,0.3320,1.0000,5.6420,187.8400,2.2330,0.0000,0.0000,0.0000,65.7719,0.0000,3063.0000,936.0000,0.0000,4.0000,6.0000,3.0000,0.0000
0.5930,0.1320,0.1110,0.0550,0.0210,0.0000,0.0000,0.3500,1.0000,5.6420,187.8400,2.2330,0.0000,0.0000,0.0000,65.7719,0.0000,3063.0000,936.0000,0.0000,4.0000,6.0000,3.0000,0.0000
0.7790,0.1690,0.1280,0.0710,0.0230,0.0000,0.0000,0.4820,1.0000,5.6420,187.8400,2.2330,0.0000,0.0000,0.0000,65.7719,0.0000,3063.0000,936.0000,0.0000,4.0000,6.0000,3.0000,0.0000
0.6720,0.1790,0.1540,0.0670,0.0290,0.0000,0.0000,0.3390,1.0000,5.6420,187.8400,2.2330,0.0000,0.0000,0.0000,65.7719,0.0000,3063.0000,936.0000,0.0000,4.0000,6.0000,3.0000,0.0000
0.5770,0.1520,0.1200,0.0640,0.0220,0.0000,0.0000,0.3050,1.0000,5.6420,187.8400,2.2330,0.0000,0.0000,0.0000,65.7719,0.0000,3063.0000,936.0000,0.0000,4.0000,6.0000,3.0000,0.0000
0.5510,0.1280,0.1230,0.0540,0.0200,0.0000,0.0000,0.3000,1.0000,5.6420,187.8400,2.2330,0.0000,0.0000,0.0000,65.7719,0.0000,3063.0000,936.0000,0.0000,4.0000,6.0000,3.0000,0.0000
0.6040,0.1230,0.1330,0.0540,0.0210,0.0000,0.0000,0.3480,1.0000,5.6420,187.8400,2.2330,0.0000,0.0000,0.0000,65.7719,0.0000,3063.0000,936.0000,0.0000,4.0000,6.0000,3.0000,0.0000
0.6810,0.1320,0.1190,0.0570,0.0220,0.0000,0.0000,0.4300,1.0000,5.6420,187.8400,2.2330,0.0000,0.0000,0.0000,65.7719,0.0000,3063.0000,936.0000,0.0000,4.0000,6.0000,3.0000,0.0000
0.5640,0.1240,0.1190,0.0540,0.0220,0.0000,0.0000,0.3210,1.0000,5.6420,187.8400,2.2330,0.0000,0.0000,0.0000,65.7719,0.0000,3063.0000,936.0000,0.0000,4.0000,6.0000,3.0000,0.0000
0.5440,0.1250,0.1040,0.0550,0.0190,0.0000,0.0000,0.3150,1.0000,5.6420,187.8400,2.2330,0.0000,0.0000,0.0000,65.7719,0.0000,3063.0000,936.0000,0.0000,4.0000,6.0000,3.0000,0.0000
0.5370,0.1250,0.1240,0.0540,0.0210,0.0000,0.0000,0.2880,1.0000,5.6420,187.8400,2.2330,0.0000,0.0000,0.0000,65.7719,0.0000,3063.0000,936.0000,0.0000,4.0000,6.0000,3.0000,0.0000
0.5300,0.1200,0.1030,0.0530,0.0190,0.0000,0.0000,0.3070,1.0000,5.6420,187.8400,2.2330,0.0000,0.0000,0.0000,65.7719,0.0000,3063.0000,936.0000,0.0000,4.0000,6.0000,3.0000,0.0000
0.5200,0.1220,0.1090,0.0530,0.0200,0.0000,0.0000,0.2890,1.0000,5.6420,187.8400,2.2330,0.0000,0.0000,0.0000,65.7719,0.0000,3063.0000,936.0000,0.0000,4.0000,6.0000,3.0000,0.0000
0.6090,0.1160,0.1240,0.0520,0.0210,0.0000,0.0000,0.3690,1.0000,5.6420,187.8400,2.2330,0.0000,0.0000,0.0000,65.7719,0.0000,3063.0000,936.0000,0.0000,4.0000,6.0000,3.0000,0.0000
0.5280,0.1270,0.1110,0.0560,0.0190,0.0000,0.0000,0.2900,1.0000,5.6420,187.8400,2.2330,0.0000,0.0000,0.0000,65.7719,0.0000,3063.0000,936.0000,0.0000,4.0000,6.0000,3.0000,0.0000
0.8850,0.1160,0.1050,0.0520,0.0190,0.0000,0.0000,0.6640,1.0000,5.6420,187.8400,2.2330,0.0000,0.0000,0.0000,65.7722,0.0000,3063.0000,936.0000,0.0000,4.0000,6.0000,3.0000,1.0000
0.8710,0.1990,0.2260,0.1360,0.0360,0.0000,0.0000,0.4460,1.0000,5.6420,187.8400,2.2330,0.0000,0.0000,0.0000,65.7722,0.0000,3063.0000,936.0000,0.0000,4.0000,6.0000,3.0000,1.0000
0.8140,0.1900,0.1600,0.0790,0.0370,0.0000,0.0000,0.4640,1.0000,5.6420,187.8400,2.2330,0.0000,0.0000,0.0000,65.7722,0.0000,3063.0000,936.0000,0.0000,4.0000,6.0000,3.0000,1.0000
0.7610,0.1700,0.1650,0.0720,0.0320,0.0000,0.0000,0.4260,1.0000,5.6420,187.8400,2.2330,0.0000,0.0000,0.0000,65.7722,0.0000,3063.0000,936.0000,0.0000,4.0000,6.0000,3.0000,1.0000
0.6070,0.2230,0.1450,0.1060,0.0260,0.0000,0.0000,0.2390,1.0000,5.6420,187.8400,2.2330,0.0000,0.0000,0.0000,65.7722,0.0000,3063.0000,936.0000,0.0000,4.0000,6.0000,3.0000,1.0000
0.6010,0.1360,0.1220,0.0610,0.0240,0.0000,0.0000,0.3430,1.0000,5.6420,187.8400,2.2330,0.0000,0.0000,0.0000,65.7722,0.0000,3063.0000,936.0000,0.0000,4.0000,6.0000,3.0000,1.0000
0.6250,0.1300,0.1250,0.0600,0.0240,0.0000,0.0000,0.3700,1.0000,5.6420,187.8400,2.2330,0.0000,0.0000,0.0000,65.7722,0.0000,3063.0000,936.0000,0.0000,4.0000,6.0000,3.0000,1.0000
1.1370,0.1330,0.4290,0.0610,0.2950,0.0000,0.0000,0.5750,1.0000,5.6420,187.8400,2.2330,0.0000,0.0000,0.0000,65.7858,0.0000,3065.0000,936.0000,0.0000,4.0000,6.0000,3.0000,1.0000
0.6740,0.2750,0.1630,0.1400,0.0290,0.0000,0.0000,0.2360,1.0000,5.6420,187.8400,2.2330,0.0000,0.0000,0.0000,65.7858,0.0000,3065.0000,936.0000,0.0000,4.0000,6.0000,3.0000,1.0000
0.9160,0.1530,0.2240,0.0680,0.0320,0.0000,0.0000,0.5390,1.0000,5.6420,187.8400,2.2330,0.0000,0.0000,0.0000,65.7858,0.0000,3065.0000,936.0000,0.0000,4.0000,6.0000,3.0000,1.0000
0.8580,0.1680,0.1900,0.0750,0.0320,0.0000,0.0000,0.5000,1.0000,5.6420,187.8400,2.2330,0.0000,0.0000,0.0000,65.7858,0.0000,3065.0000,936.0000,0.0000,4.0000,6.0000,3.0000,1.0000
0.6820,0.1760,0.1340,0.0730,0.0270,0.0000,0.0000,0.3720,1.0000,5.6420,187.8400,2.2330,0.0000,0.0000,0.0000,65.7858,0.0000,3065.0000,936.0000,0.0000,4.0000,6.0000,3.0000,1.0000
0.6430,0.1540,0.1370,0.0680,0.0260,0.0000,0.0000,0.3520,1.0000,5.6420,187.8400,2.2330,0.0000,0.0000,0.0000,65.7858,0.0000,3065.0000,936.0000,0.0000,4.0000,6.0000,3.0000,1.0000
0.5650,0.1470,0.1300,0.0580,0.0260,0.0000,0.0000,0.2880,1.0000,5.6420,187.8400,2.2330,0.0000,0.0000,0.0000,65.7858,0.0000,3065.0000,936.0000,0.0000,4.0000,6.0000,3.0000,1.0000
0.6010,0.1350,0.1310,0.0500,0.0230,0.0000,0.0000,0.3350,1.0000,5.6420,187.8400,2.2330,0.0000,0.0000,0.0000,65.7858,0.0000,3065.0000,936.0000,0.0000,4.0000,6.0000,3.0000,1.0000
0.6860,0.1500,0.1820,0.0500,0.0720,0.0000,0.0000,0.3540,1.0000,5.6420,187.8400,2.2330,0.0000,0.0000,0.0000,65.7858,0.0000,3065.0000,936.0000,0.0000,4.0000,6.0000,3.0000,1.0000
0.6690,0.1520,0.1720,0.0590,0.0260,0.0000,0.0000,0.3450,1.0000,5.6420,187.8400,2.2330,0.0000,0.0000,0.0000,65.7858,0.0000,3065.0000,936.0000,0.0000,4.0000,6.0000,3.0000,1.0000
0.5790,0.1490,0.1210,0.0660,0.0230,0.0000,0.0000,0.3090,1.0000,5.6420,187.8400,2.2330,0.0000,0.0000,0.0000,65.7858,0.0000,3065.0000,936.0000,0.0000,4.0000,6.0000,3.0000,1.0000
0.5440,0.1550,0.1150,0.0830,0.0220,0.0000,0.0000,0.2740,1.0000,5.6420,187.8400,2.2330,0.0000,0.0000,0.0000,65.7858,0.0000,3065.0000,936.0000,0.0000,4.0000,6.0000,3.0000,1.0000
0.5470,0.1160,0.1070,0.0470,0.0200,0.0000,0.0000,0.3240,1.0000,5.6420,187.8400,2.2330,0.0000,0.0000,0.0000,65.7858,0.0000,3065.0000,936.0000,0.0000,4.0000,6.0000,3.0000,1.0000
0.5210,0.1600,0.1210,0.0480,0.0220,0.0000,0.0000,0.2400,1.0000,5.6420,187.8400,2.2330,0.0000,0.0000,0.0000,65.7858,0.0000,3065.0000,936.0000,0.0000,4.0000,6.0000,3.0000,1.0000
0.5540,0.1130,0.1020,0.0460,0.0190,0.0000,0.0000,0.3390,1.0000,5.6420,187.8400,2.2330,0.0000,0.0000,0.0000,65.7858,0.0000,3065.0000,936.0000,0.0000,4.0000,6.0000,3.0000,1.0000
0.5240,0.1530,0.1150,0.0510,0.0230,0.0000,0.0000,0.2560,1.0000,5.6420,187.8400,2.2330,0.0000,0.0000,0.0000,65.7858,0.0000,3065.0000,936.0000,0.0000,4.0000,6.0000,3.0000,1.0000
0.5260,0.1130,0.1270,0.0470,0.0210,0.0000,0.0000,0.2860,1.0000,5.6420,187.8400,2.2330,0.0000,0.0000,0.0000,65.7858,0.0000,3065.0000,936.0000,0.0000,4.0000,6.0000,3.0000,1.0000
0.4930,0.1090,0.1050,0.0450,0.0200,0.0000,0.0000,0.2790,1.0000,5.6420,187.8400,2.2330,0.0000,0.0000,0.0000,65.7858,0.0000,3065.0000,936.0000,0.0000,4.0000,6.0000,3.0000,1.0000
0.5950,0.1110,0.1260,0.0460,0.0200,0.0000,0.0000,0.3580,1.0000,5.6420,187.8400,2.2330,0.0000,0.0000,0.0000,65.7858,0.0000,3065.0000,936.0000,0.0000,4.0000,6.0000,3.0000,1.0000
0.6530,0.1140,0.1060,0.0470,0.0200,0.0000,0.0000,0.4330,1.0000,5.6420,187.8400,2.2330,0.0000,0.0000,0.0000,65.7858,0.0000,3065.0000,936.0000,0.0000,4.0000,6.0000,3.0000,1.0000
0.5670,0.1100,0.1050,0.0460,0.0190,0.0000,0.0000,0.3520,1.0000,5.6420,187.8400,2.2330,0.0000,0.0000,0.0000,65.7858,0.0000,3065.0000,936.0000,0.0000,4.0000,6.0000,3.0000,1.0000
0.5500,0.1180,0.1050,0.0490,0.0200,0.0000,0.0000,0.3270,1.0000,5.6420,187.8400,2.2330,0.0000,0.0000,0.0000,65.7858,0.0000,3065.0000,936.0000,0.0000,4.0000,6.0000,3.0000,1.0000
0.5280,0.1770,0.1220,0.0840,0.0230,0.0000,0.0000,0.2290,1.0000,5.6420,187.8400,2.2330,0.0000,0.0000,0.0000,65.7858,0.0000,3065.0000,936.0000,0.0000,4.0000,6.0000,3.0000,1.0000
0.6960,0.1170,0.1330,0.0480,0.0500,0.0000,0.0000,0.4460,1.0000,5.6420,187.8400,2.2330,0.0000,0.0000,0.0000,65.7961,0.0000,3066.0000,936.0000,0.0000,4.0000,6.0000,3.0000,1.0000
0.6130,0.1570,0.1220,0.0520,0.0230,0.0000,0.0000,0.3340,1.0000,5.6420,187.8400,2.2330,0.0000,0.0000,0.0000,65.7961,0.0000,3066.0000,936.0000,0.0000,4.0000,6.0000,3.0000,1.0000
0.5460,0.1160,0.1160,0.0480,0.0210,0.0000,0.0000,0.3140,1.0000,5.6420,187.8400,2.2330,0.0000,0.0000,0.0000,65.7962,0.0000,3066.0000,936.0000,0.0000,4.0000,6.0000,3.0000,1.0000
0.5920,0.1280,0.1090,0.0480,0.0200,0.0000,0.0000,0.3550,1.0000,5.6420,187.8400,2.2330,0.0000,0.0000,0.0000,65.7962,0.0000,3066.0000,936.0000,0.0000,4.0000,6.0000,3.0000,1.0000
0.8180,0.1970,0.1300,0.1330,0.0350,0.0000,0.0000,0.4910,1.0000,5.6420,187.8400,2.2330,0.0000,0.0000,0.0000,65.7962,0.0000,3066.0000,936.0000,0.0000,4.0000,6.0000,3.0000,1.0000
0.8000,0.1220,0.2000,0.0490,0.0310,0.0000,0.0000,0.4780,1.0000,5.6420,187.8400,2.2330,0.0000,0.0000,0.0000,65.7962,0.0000,3066.0000,936.0000,0.0000,4.0000,6.0000,3.0000,1.0000
0.6420,0.1640,0.1650,0.0620,0.0260,0.0000,0.0000,0.3130,1.0000,5.6420,187.8400,2.2330,0.0000,0.0000,0.0000,65.7962,0.0000,3066.0000,936.0000,0.0000,4.0000,6.0000,3.0000,1.0000
0.6960,0.1480,0.1120,0.0560,0.0190,0.0000,0.0000,0.4360,1.0000,5.6420,187.8400,2.2330,0.0000,0.0000,0.0000,65.7962,0.0000,3066.0000,936.0000,0.0000,4.0000,6.0000,3.0000,1.0000
0.5410,0.1160,0.1250,0.0460,0.0210,0.0000,0.0000,0.3000,1.0000,5.6420,187.8400,2.2330,0.0000,0.0000,0.0000,65.7962,0.0000,3066.0000,936.0000,0.0000,4.0000,6.0000,3.0000,1.0000
0.7800,0.1170,0.1120,0.0480,0.0240,0.0000,0.0000,0.5510,1.0000,5.6420,187.8400,2.2330,0.0000,0.0000,0.0000,65.7962,0.0000,3066.0000,936.0000,0.0000,4.0000,6.0000,3.0000,1.0000
0.7630,0.1890,0.1430,0.0660,0.0280,0.0000,0.0000,0.4310,1.0000,5.6420,187.8400,2.2330,0.0000,0.0000,0.0000,65.7962,0.0000,3066.0000,936.0000,0.0000,4.0000,6.0000,3.0000,1.0000
0.6560,0.1810,0.1380,0.0940,0.0240,0.0000,0.0000,0.3370,1.0000,5.6420,187.8400,2.2330,0.0000,0.0000,0.0000,65.7962,0.0000,3066.0000,936.0000,0.0000,4.0000,6.0000,3.0000,1.0000
0.6290,0.1900,0.1590,0.0560,0.0240,0.0000,0.0000,0.2800,1.0000,5.6420,187.8400,2.2330,0.0000,0.0000,0.0000,65.7962,0.0000,3066.0000,936.0000,0.0000,4.0000,6.0000,3.0000,1.0000
0.5370,0.1410,0.1150,0.0520,0.0200,0.0000,0.0000,0.2810,1.0000,5.6420,187.8400,2.2330,0.0000,0.0000,0.0000,65.7962,0.0000,3066.0000,936.0000,0.0000,4.0000,6.0000,3.0000,1.0000
0.5190,0.1150,0.1060,0.0460,0.0190,0.0000,0.0000,0.2980,1.0000,5.6420,187.8400,2.2330,0.0000,0.0000,0.0000,65.7962,0.0000,3066.0000,936.0000,0.0000,4.0000,6.0000,3.0000,1.0000
0.5090,0.1130,0.1020,0.0460,0.0180,0.0000,0.0000,0.2940,1.0000,5.6420,187.8400,2.2330,0.0000,0.0000,0.0000,65.7962,0.0000,3066.0000,936.0000,0.0000,4.0000,6.0000,3.0000,1.0000
0.4970,0.1100,0.1030,0.0450,0.0190,0.0000,0.0000,0.2840,1.0000,5.6420,187.8400,2.2330,0.0000,0.0000,0.0000,65.7962,0.0000,3066.0000,936.0000,0.0000,4.0000,6.0000,3.0000,1.0000
0.5940,0.1110,0.1190,0.0450,0.0190,0.0000,0.0000,0.3640,1.0000,5.6420,187.8400,2.2330,0.0000,0.0000,0.0000,65.7962,0.0000,3066.0000,936.0000,0.0000,4.0000,6.0000,3.0000,1.0000
0.6390,0.1450,0.1200,0.0790,0.0190,0.0000,0.0000,0.3740,1.0000,5.6420,187.8400,2.2330,0.0000,0.0000,0.0000,65.7962,0.0000,3066.0000,936.0000,0.0000,4.0000,6.0000,3.0000,1.0000
0.5550,0.1130,0.1230,0.0460,0.0410,0.0000,0.0000,0.3190,1.0000,5.6420,187.8400,2.2330,0.0000,0.0000,0.0000,65.7962,0.0000,3066.0000,936.0000,0.0000,4.0000,6.0000,3.0000,1.0000
0.6650,0.1120,0.1040,0.0450,0.0190,0.0000,0.0000,0.4490,1.0000,5.6420,187.8400,2.2330,0.0000,0.0000,0.0000,65.7963,0.0000,3066.0000,936.0000,0.0000,4.0000,6.0000,3.0000,2.0000
0.5270,0.1510,0.1110,0.0890,0.0220,0.0000,0.0000,0.2650,1.0000,5.6420,187.8400,2.2330,0.0000,0.0000,0.0000,65.7963,0.0000,3066.0000,936.0000,0.0000,4.0000,6.0000,3.0000,2.0000
0.5100,0.1170,0.1020,0.0480,0.0200,0.0000,0.0000,0.2910,1.0000,5.6420,187.8400,2.2330,0.0000,0.0000,0.0000,65.7963,0.0000,3066.0000,936.0000,0.0000,4.0000,6.0000,3.0000,2.0000
1.0520,0.1060,0.3190,0.0450,0.2390,0.0000,0.0000,0.6270,1.0000,5.6420,187.8400,2.2330,0.0000,0.0000,0.0000,65.8194,0.0000,3069.0000,936.0000,0.0000,4.0000,6.0000,3.0000,2.0000
0.6170,0.2930,0.1570,0.0650,0.0260,0.0000,0.0000,0.1670,1.0000,5.6420,187.8400,2.2330,0.0000,0.0000,0.0000,65.8194,0.0000,3069.0000,936.0000,0.0000,4.0000,6.0000,3.0000,2.0000
0.5730,0.1360,0.1150,0.0560,0.0200,0.0000,0.0000,0.3220,1.0000,5.6420,187.8400,2.2330,0.0000,0.0000,0.0000,65.8195,0.0000,3069.0000,936.0000,0.0000,4.0000,6.0000,3.0000,2.0000
0.4940,0.1160,0.1100,0.0470,0.0210,0.0000,0.0000,0.2680,1.0000,5.6420,187.8400,2.2330,0.0000,0.0000,0.0000,65.8195,0.0000,3069.0000,936.0000,0.0000,4.0000,6.0000,3.0000,2.0000
0.5120,0.1120,0.0980,0.0470,0.0190,0.0000,0.0000,0.3020,1.0000,5.6420,187.8400,2.2330,0.0000,0.0000,0.0000,65.8195,0.0000,3069.0000,936.0000,0.0000,4.0000,6.0000,3.0000,2.0000
0.6340,0.1120,0.1050,0.0470,0.0200,0.0000,0.0000,0.4170,1.0000,5.6420,187.8400,2.2330,0.0000,0.0000,0.0000,65.8195,0.0000,3069.0000,936.0000,0.0000,4.0000,6.0000,3.0000,2.0000
0.8160,0.1720,0.1720,0.0690,0.0330,0.0000,0.0000,0.4720,1.0000,5.6420,187.8400,2.2330,0.0000,0.0000,0.0000,65.8195,0.0000,3069.0000,936.0000,0.0000,4.0000,6.0000,3.0000,2.0000
0.7990,0.1550,0.1730,0.0580,0.0580,0.0000,0.0000,0.4710,1.0000,5.6420,187.8400,2.2330,0.0000,0.0000,0.0000,65.8195,0.0000,3069.0000,936.0000,0.0000,4.0000,6.0000,3.0000,2.0000
0.8070,0.1990,0.1430,0.0600,0.0290,0.0000,0.0000,0.4650,1.0000,5.6420,187.8400,2.2330,0.0000,0.0000,0.0000,65.8195,0.0000,3069.0000,936.0000,0.0000,4.0000,6.0000,3.0000,2.0000
0.7140,0.1870,0.1390,0.0600,0.0250,0.0000,0.0000,0.3880,1.0000,5.6420,187.8400,2.2330,0.0000,0.0000,0.0000,65.8195,0.0000,3069.0000,936.0000,0.0000,4.0000,6.0000,3.0000,2.0000
0.7900,0.1460,0.1660,0.0560,0.0580,0.0000,0.0000,0.4780,1.0000,5.6420,187.8400,2.2330,0.0000,0.0000,0.0000,65.8298,0.0000,3070.0000,936.0000,0.0000,4.0000,6.0000,3.0000,2.0000
0.7410,0.1910,0.1690,0.0690,0.0270,0.0000,0.0000,0.3810,1.0000,5.6420,187.8400,2.2330,0.0000,0.0000,0.0000,65.8298,0.0000,3070.0000,936.0000,0.0000,4.0000,6.0000,3.0000,2.0000
0.6420,0.1500,0.1190,0.0570,0.0230,0.0000,0.0000,0.3730,1.0000,5.6420,187.8400,2.2330,0.0000,0.0000,0.0000,65.8298,0.0000,3070.0000,936.0000,0.0000,4.0000,6.0000,3.0000,2.0000
0.5340,0.1500,0.1130,0.0510,0.0200,0.0000,0.0000,0.2710,1.0000,5.6420,187.8400,2.2330,0.0000,0.0000,0.0000,65.8298,0.0000,3070.0000,936.0000,0.0000,4.0000,6.0000,3.0000,2.0000
0.6070,0.1170,0.1020,0.0490,0.0190,0.0000,0.0000,0.3880,1.0000,5.6420,187.8400,2.2330,0.0000,0.0000,0.0000,65.8298,0.0000,3070.0000,936.0000,0.0000,4.0000,6.0000,3.0000,2.0000
0.5520,0.1390,0.1110,0.0520,0.0200,0.0000,0.0000,0.3020,1.0000,5.6420,187.8400,2.2330,0.0000,0.0000,0.0000,65.8298,0.0000,3070.0000,936.0000,0.0000,4.0000,6.0000,3.0000,2.0000
0.5070,0.1120,0.1030,0.0490,0.0190,0.0000,0.0000,0.2920,1.0000,5.6420,187.8400,2.2330,0.0000,0.0000,0.0000,65.8298,0.0000,3070.0000,936.0000,0.0000,4.0000,6.0000,3.0000,2.0000
0.4930,0.1220,0.0970,0.0480,0.0180,0.0000,0.0000,0.2740,1.0000,5.6420,187.8400,2.2330,0.0000,0.0000,0.0000,65.8298,0.0000,3070.0000,936.0000,0.0000,4.0000,6.0000,3.0000,2.0000
0.5040,0.1080,0.0990,0.0440,0.0180,0.0000,0.0000,0.2970,1.0000,5.6420,187.8400,2.2330,0.0000,0.0000,0.0000,65.8305,0.0000,3070.0000,936.0000,0.0000,4.0000,7.0000,3.0000,2.0000
0.5250,0.1220,0.1010,0.0480,0.0190,0.0000,0.0000,0.3020,1.0000,5.6420,187.8400,2.2330,0.0000,0.0000,0.0000,65.8305,0.0000,3070.0000,936.0000,0.0000,4.0000,7.0000,3.0000,2.0000
0.6740,0.1100,0.1820,0.0460,0.0640,0.0000,0.0000,0.3820,1.0000,5.6420,187.8400,2.2330,0.0000,0.0000,0.0000,65.8305,0.0000,3070.0000,936.0000,0.0000,4.0000,7.0000,3.0000,2.0000
0.5930,0.1400,0.1190,0.0560,0.0200,0.0000,0.0000,0.3340,1.0000,5.6420,187.8400,2.2330,0.0000,0.0000,0.0000,65.8305,0.0000,3070.0000,936.0000,0.0000,4.0000,7.0000,3.0000,2.0000
0.5250,0.1710,0.1200,0.0540,0.0210,0.0000,0.0000,0.2340,1.0000,5.6420,187.8400,2.2330,0.0000,0.0000,0.0000,65.8305,0.0000,3070.0000,936.0000,0.0000,4.0000,7.0000,3.0000,2.0000
0.5860,0.1160,0.1240,0.0480,0.0430,0.0000,0.0000,0.3460,1.0000,5.6420,187.8400,2.2330,0.0000,0.0000,0.0000,65.8408,0.0000,3071.0000,936.0000,0.0000,4.0000,7.0000,3.0000,2.0000
0.6060,0.1470,0.1040,0.0470,0.0180,0.0000,0.0000,0.3550,1.0000,5.6420,187.8400,2.2330,0.0000,0.0000,0.0000,65.8424,0.0000,3072.0000,936.0000,0.0000,4.0000,7.0000,3.0000,2.0000
0.6080,0.1180,0.1360,0.0530,0.0240,0.0000,0.0000,0.3540,1.0000,5.6420,187.8400,2.2330,0.0000,0.0000,0.0000,65.8425,0.0000,3072.0000,936.0000,0.0000,4.0000,7.0000,3.0000,2.0000
0.6050,0.1400,0.1300,0.0540,0.0220,0.0000,0.0000,0.3350,1.0000,5.6420,187.8400,2.2330,0.0000,0.0000,0.0000,65.8425,0.0000,3072.0000,936.0000,0.0000,4.0000,7.0000,3.0000,2.0000
0.6240,0.1530,0.1240,0.0810,0.0200,0.0000,0.0000,0.3470,1.0000,5.6420,187.8400,2.2330,0.0000,0.0000,0.0000,65.8425,0.0000,3072.0000,936.0000,0.0000,4.0000,7.0000,3.0000,2.0000
0.6070,0.1170,0.1000,0.0470,0.0190,0.0000,0.0000,0.3900,1.0000,5.6420,187.8400,2.2330,0.0000,0.0000,0.0000,65.8425,0.0000,3072.0000,936.0000,0.0000,4.0000,7.0000,3.0000,2.0000
0.9260,0.1160,0.1000,0.0470,0.0190,0.0000,0.0000,0.7100,1.0000,5.6420,187.8400,2.2330,0.0000,0.0000,0.0000,65.8425,0.0000,3072.0000,936.0000,0.0000,4.0000,7.0000,3.0000,2.0000
0.7440,0.1100,0.1300,0.0450,0.0240,0.0000,0.0000,0.5040,1.0000,5.6420,187.8400,2.2330,0.0000,0.0000,0.0000,65.7358,0.0000,3060.0000,936.0000,0.0000,4.0000,7.0000,3.0000,2.0000
0.7060,0.1410,0.1830,0.0540,0.0280,0.0000,0.0000,0.3820,1.0000,5.6420,187.8400,2.2330,0.0000,0.0000,0.0000,65.7357,0.0000,3060.0000,936.0000,0.0000,4.0000,7.0000,3.0000,2.0000
0.6510,0.1380,0.1520,0.0540,0.0550,0.0000,0.0000,0.3610,1.0000,5.6420,187.8400,2.2330,0.0000,0.0000,0.0000,65.7357,0.0000,3060.0000,936.0000,0.0000,4.0000,7.0000,3.0000,2.0000
0.6320,0.1460,0.1440,0.0620,0.0490,0.0000,0.0000,0.3420,1.0000,5.6420,187.8400,2.2330,0.0000,0.0000,0.0000,65.7460,0.0000,3061.0000,936.0000,0.0000,4.0000,7.0000,3.0000,2.0000
0.5300,0.1570,0.1080,0.0500,0.0190,0.0000,0.0000,0.2650,1.0000,5.6420,187.8400,2.2330,0.0000,0.0000,0.0000,65.7460,0.0000,3061.0000,936.0000,0.0000,4.0000,7.0000,3.0000,2.0000
0.5010,0.1150,0.0990,0.0470,0.0170,0.0000,0.0000,0.2870,1.0000,5.6420,187.8400,2.2330,0.0000,0.0000,0.0000,65.7460,0.0000,3061.0000,936.0000,0.0000,4.0000,7.0000,3.0000,2.0000
1.9870,0.1050,0.1340,0.0450,0.0550,0.0000,0.0000,1.7480,1.0000,5.6420,187.8400,2.2330,0.0000,0.0000,0.0000,65.7460,0.0000,3061.0000,936.0000,0.0000,4.0000,7.0000,3.0000,2.0000
0.5490,0.7840,0.1600,0.0990,0.0280,0.0000,0.0000,0.0000,1.0000,5.6420,187.8400,2.2330,0.0000,0.0000,0.0000,65.7460,0.0000,3061.0000,936.0000,0.0000,4.0000,7.0000,3.0000,2.0000
0.5070,0.1350,0.1070,0.0540,0.0200,0.0000,0.0000,0.2650,1.0000,5.6420,187.8400,2.2330,0.0000,0.0000,0.0000,65.7460,0.0000,3061.0000,936.0000,0.0000,4.0000,7.0000,3.0000,2.0000
0.6440,0.1980,0.1240,0.0870,0.0220,0.0000,0.0000,0.3220,1.0000,5.6420,187.8400,2.2330,0.0000,0.0000,0.0000,65.7460,0.0000,3061.0000,936.0000,0.0000,4.0000,7.0000,3.0000,2.0000
0.7680,0.1270,0.1090,0.0480,0.0200,0.0000,0.0000,0.5320,1.0000,5.6420,187.8400,2.2330,0.0000,0.0000,0.0000,65.7460,0.0000,3061.0000,936.0000,0.0000,4.0000,7.0000,3.0000,2.0000
0.6040,0.1170,0.1250,0.0480,0.0220,0.0000,0.0000,0.3620,1.0000,5.6420,187.8400,2.2330,0.0000,0.0000,0.0000,65.7460,0.0000,3061.0000,936.0000,0.0000,4.0000,7.0000,3.0000,2.0000
0.5260,0.1640,0.1180,0.0850,0.0200,0.0000,0.0000,0.2440,1.0000,5.6420,187.8400,2.2330,0.0000,0.0000,0.0000,65.7460,0.0000,3061.0000,936.0000,0.0000,4.0000,7.0000,3.0000,2.0000
0.5790,0.1150,0.0990,0.0460,0.0180,0.0000,0.0000,0.3650,1.0000,5.6420,187.8400,2.2330,0.0000,0.0000,0.0000,65.7460,0.0000,3061.0000,936.0000,0.0000,4.0000,7.0000,3.0000,2.0000
0.5130,0.1520,0.1110,0.0810,0.0200,0.0000,0.0000,0.2500,1.0000,5.6420,187.8400,2.2330,0.0000,0.0000,0.0000,65.7460,0.0000,3061.0000,936.0000,0.0000,4.0000,7.0000,3.0000,2.0000
0.5570,0.1100,0.0960,0.0450,0.0180,0.0000,0.0000,0.3510,1.0000,5.6420,187.8400,2.2330,0.0000,0.0000,0.0000,65.7460,0.0000,3061.0000,936.0000,0.0000,4.0000,7.0000,3.0000,2.0000
0.7190,0.1310,0.1400,0.0640,0.0460,0.0000,0.0000,0.4480,1.0000,5.6420,187.8400,2.2330,0.0000,0.0000,0.0000,65.7563,0.0000,3062.0000,936.0000,0.0000,4.0000,7.0000,3.0000,2.0000
0.5390,0.1450,0.1140,0.0470,0.0210,0.0000,0.0000,0.2800,1.0000,5.6420,187.8400,2.2330,0.0000,0.0000,0.0000,65.7563,0.0000,3062.0000,936.0000,0.0000,4.0000,7.0000,3.0000,2.0000
0.5000,0.1230,0.1020,0.0520,0.0190,0.0000,0.0000,0.2750,1.0000,5.6420,187.8400,2.2330,0.0000,0.0000,0.0000,65.7563,0.0000,3062.0000,936.0000,0.0000,4.0000,7.0000,3.0000,2.0000
0.5030,0.1050,0.0970,0.0450,0.0170,0.0000,0.0000,0.3010,1.0000,5.6420,187.8400,2.2330,0.0000,0.0000,0.0000,65.7563,0.0000,3062.0000,936.0000,0.0000,4.0000,7.0000,3.0000,2.0000
0.5250,0.1100,0.0940,0.0450,0.0180,0.0000,0.0000,0.3210,1.0000,5.6420,187.8400,2.2330,0.0000,0.0000,0.0000,65.7563,0.0000,3062.0000,936.0000,0.0000,4.0000,7.0000,3.0000,2.0000
0.5850,0.1030,0.1120,0.0440,0.0210,0.0000,0.0000,0.3700,1.0000,5.6420,187.8400,2.2330,0.0000,0.0000,0.0000,65.7563,0.0000,3062.0000,936.0000,0.0000,4.0000,7.0000,3.0000,2.0000
0.5990,0.1190,0.0970,0.0500,0.0180,0.0000,0.0000,0.3830,1.0000,5.6420,187.8400,2.2330,0.0000,0.0000,0.0000,65.7563,0.0000,3062.0000,936.0000,0.0000,4.0000,7.0000,3.0000,2.0000
0.5230,0.1530,0.1330,0.0630,0.0210,0.0000,0.0000,0.2370,1.0000,5.6420,187.8400,2.2330,0.0000,0.0000,0.0000,65.7563,0.0000,3062.0000,936.0000,0.0000,4.0000,7.0000,3.0000,2.0000
0.5130,0.1100,0.1170,0.0460,0.0210,0.0000,0.0000,0.2860,1.0000,5.6420,187.8400,2.2330,0.0000,0.0000,0.0000,65.7551,0.0000,3061.0000,936.0000,0.0000,4.0000,7.0000,3.0000,2.0000
0.4710,0.1140,0.1000,0.0470,0.0190,0.0000,0.0000,0.2570,1.0000,5.6420,187.8400,2.2330,0.0000,0.0000,0.0000,65.7551,0.0000,3061.0000,936.0000,0.0000,4.0000,7.0000,3.0000,2.0000
0.6460,0.1050,0.1490,0.0440,0.0730,0.0000,0.0000,0.3920,1.0000,5.6420,187.8400,2.2330,0.0000,0.0000,0.0000,65.7753,0.0000,3063.0000,936.0000,0.0000,4.0000,7.0000,3.0000,2.0000
0.5490,0.1930,0.1110,0.0620,0.0200,0.0000,0.0000,0.2450,1.0000,5.6420,187.8400,2.2330,0.0000,0.0000,0.0000,65.7753,0.0000,3063.0000,936.0000,0.0000,4.0000,7.0000,3.0000,2.0000
0.7840,0.1120,0.1360,0.0470,0.0200,0.0000,0.0000,0.5360,1.0000,5.6420,187.8400,2.2330,0.0000,0.0000,0.0000,65.7754,0.0000,3063.0000,936.0000,0.0000,4.0000,7.0000,3.0000,2.0000
0.7010,0.1160,0.1590,0.0490,0.0540,0.0000,0.0000,0.4260,1.0000,5.6420,187.8400,2.2330,0.0000,0.0000,0.0000,65.7754,0.0000,3063.0000,936.0000,0.0000,4.0000,7.0000,3.0000,2.0000
0.8100,0.1430,0.1820,0.0640,0.0250,0.0000,0.0000,0.4850,1.0000,5.6420,187.8400,2.2330,0.0000,0.0000,0.0000,65.7754,0.0000,3063.0000,936.0000,0.0000,4.0000,7.0000,3.0000,2.0000
0.6070,0.1800,0.1270,0.0990,0.0220,0.0000,0.0000,0.3000,1.0000,5.6420,187.8400,2.2330,0.0000,0.0000,0.0000,65.7754,0.0000,3063.0000,936.0000,0.0000,4.0000,7.0000,3.0000,2.0000
0.8960,0.1210,0.1120,0.0480,0.0210,0.0000,0.0000,0.6630,1.0000,5.6420,187.8400,2.2330,0.0000,0.0000,0.0000,65.7754,0.0000,3063.0000,936.0000,0.0000,4.0000,7.0000,3.0000,2.0000
1.2630,0.1250,0.2870,0.0490,0.0370,0.0000,0.0000,0.8510,1.0000,5.6420,187.8400,2.2330,0.0000,0.0000,0.0000,65.7757,0.0000,3064.0000,936.0000,0.0000,4.0000,7.0000,3.0000,2.0000
0.9500,0.2220,0.1960,0.0810,0.0330,0.0000,0.0000,0.5320,1.0000,5.6420,187.8400,2.2330,0.0000,0.0000,0.0000,65.7757,0.0000,3064.0000,936.0000,0.0000,4.0000,7.0000,3.0000,2.0000
0.7560,0.1840,0.1740,0.0720,0.0410,0.0000,0.0000,0.3980,1.0000,5.6420,187.8400,2.2330,0.0000,0.0000,0.0000,65.7757,0.0000,3064.0000,936.0000,0.0000,4.0000,7.0000,3.0000,2.0000
1.4610,0.1520,0.6750,0.0620,0.5580,0.0000,0.0000,0.6340,1.0000,5.6420,187.8400,2.2330,0.0000,0.0000,0.0000,65.7757,0.0000,3064.0000,936.0000,0.0000,4.0000,7.0000,3.0000,2.0000
0.7510,0.2010,0.1790,0.0760,0.0310,0.0000,0.0000,0.3710,1.0000,5.6420,187.8400,2.2330,0.0000,0.0000,0.0000,65.7757,0.0000,3064.0000,936.0000,0.0000,4.0000,7.0000,3.0000,2.0000
0.8410,0.1680,0.1470,0.0670,0.0280,0.0000,0.0000,0.5260,1.0000,5.6420,187.8400,2.2330,0.0000,0.0000,0.0000,65.7757,0.0000,3064.0000,936.0000,0.0000,4.0000,7.0000,3.0000,2.0000
0.8420,0.1540,0.2060,0.0630,0.0580,0.0000,0.0000,0.4820,1.0000,5.6420,187.8400,2.2330,0.0000,0.0000,0.0000,65.7860,0.0000,3065.0000,936.0000,0.0000,4.0000,7.0000,3.0000,2.0000
0.7110,0.1990,0.1370,0.0650,0.0250,0.0000,0.0000,0.3750,1.0000,5.6420,187.8400,2.2330,0.0000,0.0000,0.0000,65.7860,0.0000,3065.0000,936.0000,0.0000,4.0000,7.0000,3.0000,2.0000
0.6450,0.1850,0.1340,0.0630,0.0240,0.0000,0.0000,0.3260,1.0000,5.6420,187.8400,2.2330,0.0000,0.0000,0.0000,65.7860,0.0000,3065.0000,936.0000,0.0000,4.0000,7.0000,3.0000,2.0000
0.6840,0.1370,0.1500,0.0590,0.0270,0.0000,0.0000,0.3970,1.0000,5.6420,187.8400,2.2330,0.0000,0.0000,0.0000,65.7860,0.0000,3065.0000,936.0000,0.0000,4.0000,7.0000,3.0000,2.0000
0.6620,0.1450,0.1240,0.0610,0.0230,0.0000,0.0000,0.3930,1.0000,5.6420,187.8400,2.2330,0.0000,0.0000,0.0000,65.7860,0.0000,3065.0000,936.0000,0.0000,4.0000,7.0000,3.0000,2.0000
0.7210,0.1630,0.1320,0.0620,0.0240,0.0000,0.0000,0.4260,1.0000,5.6420,187.8400,2.2330,0.0000,0.0000,0.0000,65.7860,0.0000,3065.0000,936.0000,0.0000,4.0000,7.0000,3.0000,2.0000
0.7180,0.1320,0.1400,0.0560,0.0250,0.0000,0.0000,0.4460,1.0000,5.6420,187.8400,2.2330,0.0000,0.0000,0.0000,65.7860,0.0000,3065.0000,936.0000,0.0000,4.0000,7.0000,3.0000,2.0000
0.8270,0.1350,0.2040,0.0560,0.0290,0.0000,0.0000,0.4880,1.0000,5.6420,187.8400,2.2330,0.0000,0.0000,0.0000,65.7860,0.0000,3065.0000,936.0000,0.0000,4.0000,7.0000,3.0000,2.0000
0.7280,0.1570,0.1350,0.0650,0.0240,0.0000,0.0000,0.4360,1.0000,5.6420,187.8400,2.2330,0.0000,0.0000,0.0000,65.7860,0.0000,3065.0000,936.0000,0.0000,4.0000,7.0000,3.0000,2.0000
0.6970,0.1860,0.1330,0.0660,0.0250,0.0000,0.0000,0.3780,1.0000,5.6420,187.8400,2.2330,0.0000,0.0000,0.0000,65.7860,0.0000,3065.0000,936.0000,0.0000,4.0000,7.0000,3.0000,2.0000
1.1430,0.1350,0.3710,0.0550,0.2580,0.0000,0.0000,0.6370,1.0000,5.6420,187.8400,2.2330,0.0000,0.0000,0.0000,65.8001,0.0000,3067.0000,936.0000,0.0000,4.0000,7.0000,3.0000,2.0000
0.7970,0.2990,0.1840,0.1270,0.0320,0.0000,0.0000,0.3140,1.0000,5.6420,187.8400,2.2330,0.0000,0.0000,0.0000,65.8001,0.0000,3067.0000,936.0000,0.0000,4.0000,7.0000,3.0000,2.0000
2.1260,0.1670,0.2050,0.0700,0.0340,0.0000,0.0000,1.7540,1.0000,5.6420,187.8400,2.2330,0.0000,0.0000,0.0000,65.8001,0.0000,3067.0000,936.0000,0.0000,4.0000,7.0000,3.0000,2.0000
1.7660,0.1820,0.6000,0.0730,0.0360,0.0000,0.0000,0.9840,1.0000,5.6420,187.8400,2.2330,0.0000,0.0000,0.0000,65.8001,0.0000,3067.0000,936.0000,0.0000,4.0000,7.0000,3.0000,2.0000
0.7840,0.2770,0.1970,0.1000,0.0330,0.0000,0.0000,0.3100,1.0000,5.6420,187.8400,2.2330,0.0000,0.0000,0.0000,65.8001,0.0000,3067.0000,936.0000,0.0000,4.0000,7.0000,3.0000,2.0000
0.9610,0.1650,0.3910,0.0680,0.0560,0.0000,0.0000,0.4050,1.0000,5.6420,187.8400,2.2330,0.0000,0.0000,0.0000,65.8180,0.0000,3069.0000,936.0000,0.0000,4.0000,7.0000,3.0000,2.0000
0.6260,0.2000,0.1350,0.0610,0.0240,0.0000,0.0000,0.2910,1.0000,5.6420,187.8400,2.2330,0.0000,0.0000,0.0000,65.8180,0.0000,3069.0000,936.0000,0.0000,4.0000,7.0000,3.0000,2.0000
0.5310,0.1360,0.1140,0.0540,0.0200,0.0000,0.0000,0.2810,1.0000,5.6420,187.8400,2.2330,0.0000,0.0000,0.0000,65.8180,0.0000,3069.0000,936.0000,0.0000,4.0000,7.0000,3.0000,2.0000
0.5550,0.1180,0.1030,0.0480,0.0180,0.0000,0.0000,0.3340,1.0000,5.6420,187.8400,2.2330,0.0000,0.0000,0.0000,65.8180,0.0000,3069.0000,936.0000,0.0000,4.0000,7.0000,3.0000,2.0000
0.5000,0.1160,0.1140,0.0490,0.0210,0.0000,0.0000,0.2700,1.0000,5.6420,187.8400,2.2330,0.0000,0.0000,0.0000,65.8180,0.0000,3069.0000,936.0000,0.0000,4.0000,7.0000,3.0000,2.0000
0.5950,0.1080,0.1180,0.0450,0.0190,0.0000,0.0000,0.3690,1.0000,5.6420,187.8400,2.2330,0.0000,0.0000,0.0000,65.8180,0.0000,3069.0000,936.0000,0.0000,4.0000,7.0000,3.0000,2.0000
0.5280,0.1090,0.1030,0.0460,0.0190,0.0000,0.0000,0.3160,1.0000,5.6420,187.8400,2.2330,0.0000,0.0000,0.0000,65.8180,0.0000,3069.0000,936.0000,0.0000,4.0000,7.0000,3.0000,2.0000
0.5370,0.1090,0.1330,0.0460,0.0200,0.0000,0.0000,0.2950,1.0000,5.6420,187.8400,2.2330,0.0000,0.0000,0.0000,65.8180,0.0000,3069.0000,936.0000,0.0000,4.0000,7.0000,3.0000,2.0000
0.7640,0.1160,0.1300,0.0480,0.0510,0.0000,0.0000,0.5180,1.0000,5.6420,187.8400,2.2330,0.0000,0.0000,0.0000,65.8377,0.0000,3071.0000,936.0000,0.0000,4.0000,7.0000,3.0000,2.0000
0.6900,0.2090,0.1280,0.0830,0.0200,0.0000,0.0000,0.3530,1.0000,5.6420,187.8400,2.2330,0.0000,0.0000,0.0000,65.8377,0.0000,3071.0000,936.0000,0.0000,4.0000,7.0000,3.0000,2.0000
0.5630,0.1160,0.1060,0.0510,0.0190,0.0000,0.0000,0.3410,1.0000,5.6420,187.8400,2.2330,0.0000,0.0000,0.0000,65.8378,0.0000,3071.0000,936.0000,0.0000,4.0000,7.0000,3.0000,2.0000
0.5600,0.1240,0.0980,0.0490,0.0180,0.0000,0.0000,0.3380,1.0000,5.6420,187.8400,2.2330,0.0000,0.0000,0.0000,65.8378,0.0000,3071.0000,936.0000,0.0000,4.0000,7.0000,3.0000,2.0000
0.5350,0.1050,0.0960,0.0450,0.0170,0.0000,0.0000,0.3340,1.0000,5.6420,187.8400,2.2330,0.0000,0.0000,0.0000,65.8378,0.0000,3071.0000,936.0000,0.0000,4.0000,7.0000,3.0000,2.0000
0.6150,0.1080,0.0990,0.0460,0.0180,0.0000,0.0000,0.4080,1.0000,5.6420,187.8400,2.2330,0.0000,0.0000,0.0000,65.8378,0.0000,3071.0000,936.0000,0.0000,4.0000,7.0000,3.0000,2.0000
0.5500,0.1410,0.1070,0.0800,0.0200,0.0000,0.0000,0.3020,1.0000,5.6420,187.8400,2.2330,0.0000,0.0000,0.0000,65.8378,0.0000,3071.0000,936.0000,0.0000,4.0000,7.0000,3.0000,2.0000
0.5840,0.1130,0.0940,0.0460,0.0170,0.0000,0.0000,0.3770,1.0000,5.6420,187.8400,2.2330,0.0000,0.0000,0.0000,65.8378,0.0000,3071.0000,936.0000,0.0000,4.0000,7.0000,3.0000,2.0000
0.5250,0.1250,0.1040,0.0470,0.0190,0.0000,0.0000,0.2960,1.0000,5.6420,187.8400,2.2330,0.0000,0.0000,0.0000,65.8378,0.0000,3071.0000,936.0000,0.0000,4.0000,7.0000,3.0000,2.0000
0.5360,0.1050,0.1200,0.0440,0.0190,0.0000,0.0000,0.3110,1.0000,5.6420,187.8400,2.2330,0.0000,0.0000,0.0000,65.8378,0.0000,3071.0000,936.0000,0.0000,4.0000,7.0000,3.0000,2.0000
1.0420,0.1160,0.3160,0.0570,0.2370,0.0000,0.0000,0.6100,1.0000,5.6420,187.8400,2.2330,0.0000,0.0000,0.0000,65.8514,0.0000,3073.0000,936.0000,0.0000,4.0000,7.0000,3.0000,2.0000
0.7010,0.1980,0.1500,0.0610,0.0250,0.0000,0.0000,0.3530,1.0000,5.6420,187.8400,2.2330,0.0000,0.0000,0.0000,65.8514,0.0000,3073.0000,936.0000,0.0000,4.0000,7.0000,3.0000,2.0000
0.5930,0.1700,0.1430,0.0910,0.0240,0.0000,0.0000,0.2800,1.0000,5.6420,187.8400,2.2330,0.0000,0.0000,0.0000,65.8514,0.0000,3073.0000,936.0000,0.0000,4.0000,7.0000,3.0000,2.0000
0.5500,0.1270,0.1080,0.0530,0.0200,0.0000,0.0000,0.3150,1.0000,5.6420,187.8400,2.2330,0.0000,0.0000,0.0000,65.8514,0.0000,3073.0000,936.0000,0.0000,4.0000,7.0000,3.0000,2.0000
0.5010,0.1150,0.1050,0.0480,0.0200,0.0000,0.0000,0.2810,1.0000,5.6420,187.8400,2.2330,0.0000,0.0000,0.0000,65.8514,0.0000,3073.0000,936.0000,0.0000,4.0000,7.0000,3.0000,2.0000
0.6090,0.1100,0.1220,0.0470,0.0410,0.0000,0.0000,0.3770,1.0000,5.6420,187.8400,2.2330,0.0000,0.0000,0.0000,65.8514,0.0000,3073.0000,936.0000,0.0000,4.0000,7.0000,3.0000,2.0000
0.6350,0.1110,0.1400,0.0470,0.0240,0.0000,0.0000,0.3840,1.0000,5.6420,187.8400,2.2330,0.0000,0.0000,0.0000,65.8514,0.0000,3073.0000,936.0000,0.0000,4.0000,7.0000,3.0000,2.0000
0.6310,0.1320,0.1310,0.0560,0.0280,0.0000,0.0000,0.3680,1.0000,5.6420,187.8400,2.2330,0.0000,0.0000,0.0000,65.8514,0.0000,3073.0000,936.0000,0.0000,4.0000,7.0000,3.0000,2.0000
0.6540,0.1360,0.1270,0.0550,0.0230,0.0000,0.0000,0.3910,1.0000,5.6420,187.8400,2.2330,0.0000,0.0000,0.0000,65.8514,0.0000,3073.0000,936.0000,0.0000,4.0000,7.0000,3.0000,2.0000
0.5370,0.1710,0.1220,0.0560,0.0230,0.0000,0.0000,0.2440,1.0000,5.6420,187.8400,2.2330,0.0000,0.0000,0.0000,65.8514,0.0000,3073.0000,936.0000,0.0000,4.0000,7.0000,3.0000,2.0000
0.5390,0.1170,0.1310,0.0500,0.0200,0.0000,0.0000,0.2910,1.0000,5.6420,187.8400,2.2330,0.0000,0.0000,0.0000,65.8514,0.0000,3073.0000,936.0000,0.0000,4.0000,7.0000,3.0000,2.0000
0.4720,0.1200,0.1000,0.0570,0.0180,0.0000,0.0000,0.2520,1.0000,5.6420,187.8400,2.2330,0.0000,0.0000,0.0000,65.8514,0.0000,3073.0000,936.0000,0.0000,4.0000,7.0000,3.0000,2.0000
0.5320,0.1040,0.1230,0.0460,0.0190,0.0000,0.0000,0.3050,1.0000,5.6420,187.8400,2.2330,0.0000,0.0000,0.0000,65.8514,0.0000,3073.0000,936.0000,0.0000,4.0000,7.0000,3.0000,2.0000
0.5820,0.1190,0.1210,0.0570,0.0420,0.0000,0.0000,0.3420,1.0000,5.6420,187.8400,2.2330,0.0000,0.0000,0.0000,65.8617,0.0000,3074.0000,936.0000,0.0000,4.0000,7.0000,3.0000,2.0000
0.5070,0.1440,0.1050,0.0470,0.0200,0.0000,0.0000,0.2580,1.0000,5.6420,187.8400,2.2330,0.0000,0.0000,0.0000,65.8617,0.0000,3074.0000,936.0000,0.0000,4.0000,7.0000,3.0000,2.0000
0.6430,0.1100,0.0970,0.0460,0.0170,0.0000,0.0000,0.4360,1.0000,5.6420,187.8400,2.2330,0.0000,0.0000,0.0000,65.8618,0.0000,3074.0000,936.0000,0.0000,4.0000,7.0000,3.0000,2.0000
0.5820,0.1040,0.1180,0.0440,0.0210,0.0000,0.0000,0.3600,1.0000,5.6420,187.8400,2.2330,0.0000,0.0000,0.0000,65.8618,0.0000,3074.0000,936.0000,0.0000,4.0000,7.0000,3.0000,2.0000
0.6380,0.1240,0.1010,0.0500,0.0190,0.0000,0.0000,0.4130,1.0000,5.6420,187.8400,2.2330,0.0000,0.0000,0.0000,65.8618,0.0000,3074.0000,936.0000,0.0000,4.0000,7.0000,3.0000,2.0000
0.7320,0.1570,0.1660,0.0670,0.0310,0.0000,0.0000,0.4090,1.0000,5.6420,187.8400,2.2330,0.0000,0.0000,0.0000,65.8618,0.0000,3074.0000,936.0000,0.0000,4.0000,7.0000,3.0000,2.0000
0.6440,0.1680,0.1620,0.0690,0.0290,0.0000,0.0000,0.3140,1.0000,5.6420,187.8400,2.2330,0.0000,0.0000,0.0000,65.8618,0.0000,3074.0000,936.0000,0.0000,4.0000,7.0000,3.0000,2.0000
0.6160,0.1350,0.1220,0.0550,0.0210,0.0000,0.0000,0.3590,1.0000,5.6420,187.8400,2.2330,0.0000,0.0000,0.0000,65.8618,0.0000,3074.0000,936.0000,0.0000,4.0000,7.0000,3.0000,2.0000
0.7310,0.1290,0.1210,0.0520,0.0220,0.0000,0.0000,0.4810,1.0000,5.6420,187.8400,2.2330,0.0000,0.0000,0.0000,65.8618,0.0000,3074.0000,936.0000,0.0000,4.0000,7.0000,3.0000,2.0000
0.7270,0.2190,0.1790,0.0620,0.0340,0.0000,0.0000,0.3290,1.0000,5.6420,187.8400,2.2330,0.0000,0.0000,0.0000,65.8618,0.0000,3074.0000,936.0000,0.0000,4.0000,7.0000,3.0000,2.0000
0.7550,0.1700,0.2040,0.0680,0.0590,0.0000,0.0000,0.3810,1.0000,5.6420,187.8400,2.2330,0.0000,0.0000,0.0000,65.8725,0.0000,3075.0000,936.0000,0.0000,4.0000,7.0000,3.0000,2.0000
0.6850,0.2020,0.1290,0.0640,0.0240,0.0000,0.0000,0.3540,1.0000,5.6420,187.8400,2.2330,0.0000,0.0000,0.0000,65.8725,0.0000,3075.0000,936.0000,0.0000,4.0000,7.0000,3.0000,2.0000
0.6130,0.1700,0.1420,0.0660,0.0240,0.0000,0.0000,0.3010,1.0000,5.6420,187.8400,2.2330,0.0000,0.0000,0.0000,65.8725,0.0000,3075.0000,936.0000,0.0000,4.0000,7.0000,3.0000,2.0000
0.6670,0.1350,0.1560,0.0550,0.0240,0.0000,0.0000,0.3760,1.0000,5.6420,187.8400,2.2330,0.0000,0.0000,0.0000,65.8725,0.0000,3075.0000,936.0000,0.0000,4.0000,7.0000,3.0000,2.0000
0.6020,0.1390,0.1130,0.0520,0.0210,0.0000,0.0000,0.3500,1.0000,5.6420,187.8400,2.2330,0.0000,0.0000,0.0000,65.8725,0.0000,3075.0000,936.0000,0.0000,4.0000,7.0000,3.0000,1.0000
0.5740,0.1140,0.1250,0.0480,0.0250,0.0000,0.0000,0.3350,1.0000,5.6420,187.8400,2.2330,0.0000,0.0000,0.0000,65.8725,0.0000,3075.0000,936.0000,0.0000,4.0000,7.0000,3.0000,1.0000
0.6380,0.1250,0.1060,0.0580,0.0200,0.0000,0.0000,0.4070,1.0000,5.6420,187.8400,2.2330,0.0000,0.0000,0.0000,65.8725,0.0000,3075.0000,936.0000,0.0000,4.0000,7.0000,3.0000,1.0000
0.4890,0.1160,0.1050,0.0470,0.0210,0.0000,0.0000,0.2680,1.0000,5.6420,187.8400,2.2330,0.0000,0.0000,0.0000,65.8725,0.0000,3075.0000,936.0000,0.0000,4.0000,7.0000,3.0000,1.0000
0.5190,0.1060,0.1270,0.0440,0.0200,0.0000,0.0000,0.2860,1.0000,5.6420,187.8400,2.2330,0.0000,0.0000,0.0000,65.8725,0.0000,3075.0000,936.0000,0.0000,4.0000,7.0000,3.0000,1.0000
0.5790,0.1090,0.1030,0.0460,0.0190,0.0000,0.0000,0.3670,1.0000,5.6420,187.8400,2.2330,0.0000,0.0000,0.0000,65.8725,0.0000,3075.0000,936.0000,0.0000,4.0000,7.0000,3.0000,2.0000
0.7950,0.1760,0.1190,0.1180,0.0270,0.0000,0.0000,0.5000,1.0000,5.6420,187.8400,2.2330,0.0000,0.0000,0.0000,65.8855,0.0000,3076.0000,936.0000,0.0000,4.0000,7.0000,3.0000,2.0000
0.7170,0.3770,0.2280,0.0550,0.0780,0.0000,0.0000,0.1120,1.0000,5.6420,187.8400,2.2330,0.0000,0.0000,0.0000,65.8918,0.0000,3077.0000,936.0000,0.0000,4.0000,7.0000,3.0000,2.0000
0.5730,0.1780,0.1250,0.0540,0.0230,0.0000,0.0000,0.2700,1.0000,5.6420,187.8400,2.2330,0.0000,0.0000,0.0000,65.8919,0.0000,3077.0000,936.0000,0.0000,4.0000,7.0000,3.0000,2.0000
0.5670,0.1250,0.1400,0.0600,0.0460,0.0000,0.0000,0.3020,1.0000,5.6420,187.8400,2.2330,0.0000,0.0000,0.0000,65.9026,0.0000,3078.0000,936.0000,0.0000,4.0000,7.0000,3.0000,2.0000
0.4720,0.1510,0.1110,0.0490,0.0210,0.0000,0.0000,0.2100,1.0000,5.6420,187.8400,2.2330,0.0000,0.0000,0.0000,65.9026,0.0000,3078.0000,936.0000,0.0000,4.0000,7.0000,3.0000,2.0000
0.5710,0.1040,0.1030,0.0420,0.0200,0.0000,0.0000,0.3640,1.0000,5.6420,187.8400,2.2330,0.0000,0.0000,0.0000,65.9027,0.0000,3078.0000,936.0000,0.0000,4.0000,7.0000,3.0000,2.0000
0.4790,0.1080,0.1030,0.0450,0.0200,0.0000,0.0000,0.2680,1.0000,5.6420,187.8400,2.2330,0.0000,0.0000,0.0000,65.9027,0.0000,3078.0000,936.0000,0.0000,4.0000,7.0000,3.0000,2.0000
0.5760,0.1320,0.1400,0.0740,0.0240,0.0000,0.0000,0.3040,1.0000,5.6420,187.8400,2.2330,0.0000,0.0000,0.0000,65.9027,0.0000,3078.0000,936.0000,0.0000,4.0000,7.0000,3.0000,2.0000
0.5640,0.1290,0.1380,0.0500,0.0240,0.0000,0.0000,0.2970,1.0000,5.6420,187.8400,2.2330,0.0000,0.0000,0.0000,65.9027,0.0000,3078.0000,936.0000,0.0000,4.0000,7.0000,3.0000,2.0000
0.4720,0.1480,0.1130,0.0770,0.0230,0.0000,0.0000,0.2110,1.0000,5.6420,187.8400,2.2330,0.0000,0.0000,0.0000,65.9027,0.0000,3078.0000,936.0000,0.0000,4.0000,7.0000,3.0000,2.0000
0.4600,0.1050,0.1000,0.0430,0.0180,0.0000,0.0000,0.2550,1.0000,5.6420,187.8400,2.2330,0.0000,0.0000,0.0000,65.9027,0.0000,3078.0000,936.0000,0.0000,4.0000,7.0000,3.0000,2.0000
0.4390,0.1280,0.1110,0.0450,0.0190,0.0000,0.0000,0.2000,1.0000,5.6420,187.8400,2.2330,0.0000,0.0000,0.0000,65.9027,0.0000,3078.0000,936.0000,0.0000,4.0000,7.0000,3.0000,2.0000
0.4430,0.0990,0.0960,0.0420,0.0170,0.0000,0.0000,0.2480,1.0000,5.6420,187.8400,2.2330,0.0000,0.0000,0.0000,65.9027,0.0000,3078.0000,936.0000,0.0000,4.0000,7.0000,3.0000,2.0000
0.4790,0.0960,0.0990,0.0390,0.0180,0.0000,0.0000,0.2840,1.0000,5.6420,187.8400,2.2330,0.0000,0.0000,0.0000,65.9027,0.0000,3078.0000,936.0000,0.0000,4.0000,7.0000,3.0000,2.0000
0.4550,0.1050,0.0980,0.0440,0.0190,0.0000,0.0000,0.2520,1.0000,5.6420,187.8400,2.2330,0.0000,0.0000,0.0000,65.9027,0.0000,3078.0000,936.0000,0.0000,4.0000,7.0000,3.0000,2.0000
0.4450,0.0970,0.0980,0.0420,0.0170,0.0000,0.0000,0.2500,1.0000,5.6420,187.8400,2.2330,0.0000,0.0000,0.0000,65.9027,0.0000,3078.0000,936.0000,0.0000,4.0000,7.0000,3.0000,2.0000
0.4230,0.1130,0.0960,0.0450,0.0170,0.0000,0.0000,0.2140,1.0000,5.6420,187.8400,2.2330,0.0000,0.0000,0.0000,65.9027,0.0000,3078.0000,936.0000,0.0000,4.0000,7.0000,3.0000,2.0000
0.4920,0.0990,0.1170,0.0430,0.0170,0.0000,0.0000,0.2760,1.0000,5.6420,187.8400,2.2330,0.0000,0.0000,0.0000,65.9027,0.0000,3078.0000,936.0000,0.0000,4.0000,7.0000,3.0000,2.0000
0.4260,0.1090,0.1010,0.0450,0.0180,0.0000,0.0000,0.2160,1.0000,5.6420,187.8400,2.2330,0.0000,0.0000,0.0000,65.9027,0.0000,3078.0000,936.0000,0.0000,4.0000,7.0000,3.0000,2.0000
0.4860,0.1000,0.0930,0.0440,0.0170,0.0000,0.0000,0.2930,1.0000,5.6420,187.8400,2.2330,0.0000,0.0000,0.0000,65.9027,0.0000,3078.0000,936.0000,0.0000,4.0000,7.0000,3.0000,2.0000
0.6000,0.1040,0.1690,0.0440,0.0260,0.0000,0.0000,0.3270,1.0000,5.6420,187.8400,2.2330,0.0000,0.0000,0.0000,65.9027,0.0000,3078.0000,936.0000,0.0000,4.0000,7.0000,3.0000,2.0000
0.6400,0.1440,0.1750,0.0590,0.0240,0.0000,0.0000,0.3210,1.0000,5.6420,187.8400,2.2330,0.0000,0.0000,0.0000,65.9027,0.0000,3078.0000,936.0000,0.0000,4.0000,7.0000,3.0000,2.0000
0.5470,0.1680,0.1310,0.0620,0.0230,0.0000,0.0000,0.2480,1.0000,5.6420,187.8400,2.2330,0.0000,0.0000,0.0000,65.9027,0.0000,3078.0000,936.0000,0.0000,4.0000,7.0000,3.0000,2.0000
0.5210,0.1180,0.1220,0.0470,0.0210,0.0000,0.0000,0.2810,1.0000,5.6420,187.8400,2.2330,0.0000,0.0000,0.0000,65.9027,0.0000,3078.0000,936.0000,0.0000,4.0000,7.0000,3.0000,2.0000
0.6350,0.1210,0.1330,0.0500,0.0450,0.0000,0.0000,0.3810,1.0000,5.6420,187.8400,2.2330,0.0000,0.0000,0.0000,65.9130,0.0000,3079.0000,936.0000,0.0000,4.0000,7.0000,3.0000,2.0000
0.5130,0.1860,0.1210,0.0500,0.0210,0.0000,0.0000,0.2060,1.0000,5.6420,187.8400,2.2330,0.0000,0.0000,0.0000,65.9130,0.0000,3079.0000,936.0000,0.0000,4.0000,7.0000,3.0000,2.0000
0.5780,0.1080,0.1270,0.0450,0.0420,0.0000,0.0000,0.3430,1.0000,5.6420,187.8400,2.2330,0.0000,0.0000,0.0000,65.9233,0.0000,3080.0000,936.0000,0.0000,4.0000,7.0000,3.0000,2.0000
0.4630,0.1470,0.1100,0.0470,0.0180,0.0000,0.0000,0.2060,1.0000,5.6420,187.8400,2.2330,0.0000,0.0000,0.0000,65.9233,0.0000,3080.0000,936.0000,0.0000,4.0000,7.0000,3.0000,2.0000
0.4880,0.1030,0.1000,0.0430,0.0180,0.0000,0.0000,0.2850,1.0000,5.6420,187.8400,2.2330,0.0000,0.0000,0.0000,65.9233,0.0000,3080.0000,936.0000,0.0000,4.0000,7.0000,3.0000,2.0000
0.4440,0.1080,0.1020,0.0440,0.0180,0.0000,0.0000,0.2340,1.0000,5.6420,187.8400,2.2330,0.0000,0.0000,0.0000,65.9233,0.0000,3080.0000,936.0000,0.0000,4.0000,7.0000,3.0000,2.0000
0.4450,0.1020,0.0930,0.0430,0.0170,0.0000,0.0000,0.2500,1.0000,5.6420,187.8400,2.2330,0.0000,0.0000,0.0000,65.9233,0.0000,3080.0000,936.0000,0.0000,4.0000,7.0000,3.0000,2.0000
0.4920,0.1280,0.1110,0.0450,0.0180,0.0000,0.0000,0.2530,1.0000,5.6420,187.8400,2.2330,0.0000,0.0000,0.0000,65.9233,0.0000,3080.0000,936.0000,0.0000,4.0000,7.0000,3.0000,2.0000
0.5080,0.1180,0.1010,0.0590,0.0180,0.0000,0.0000,0.2890,1.0000,5.6420,187.8400,2.2330,0.0000,0.0000,0.0000,65.9233,0.0000,3080.0000,936.0000,0.0000,4.0000,7.0000,3.0000,2.0000
0.4740,0.1320,0.1180,0.0750,0.0200,0.0000,0.0000,0.2240,1.0000,5.6420,187.8400,2.2330,0.0000,0.0000,0.0000,65.9233,0.0000,3080.0000,936.0000,0.0000,4.0000,7.0000,3.0000,2.0000
0.4450,0.1090,0.0950,0.0460,0.0170,0.0000,0.0000,0.2410,1.0000,5.6420,187.8400,2.2330,0.0000,0.0000,0.0000,65.9233,0.0000,3080.0000,936.0000,0.0000,4.0000,7.0000,3.0000,2.0000
0.4490,0.0990,0.0960,0.0430,0.0170,0.0000,0.0000,0.2540,1.0000,5.6420,187.8400,2.2330,0.0000,0.0000,0.0000,65.9233,0.0000,3080.0000,936.0000,0.0000,4.0000,7.0000,3.0000,2.0000
0.6140,0.1060,0.1740,0.0440,0.0240,0.0000,0.0000,0.3340,1.0000,5.6420,187.8400,2.2330,0.0000,0.0000,0.0000,65.9233,0.0000,3080.0000,936.0000,0.0000,4.0000,7.0000,3.0000,2.0000
0.5750,0.1680,0.1330,0.0910,0.0210,0.0000,0.0000,0.2740,1.0000,5.6420,187.8400,2.2330,0.0000,0.0000,0.0000,65.9233,0.0000,3080.0000,936.0000,0.0000,4.0000,7.0000,3.0000,2.0000
1.6580,0.1360,0.1330,0.0630,0.0230,0.0000,0.0000,1.3890,1.0000,5.6420,187.8400,2.2330,0.0000,0.0000,0.0000,65.9233,0.0000,3080.0000,936.0000,0.0000,4.0000,7.0000,3.0000,2.0000
0.7670,0.1360,0.1650,0.0530,0.0270,0.0000,0.0000,0.4660,1.0000,5.6420,187.8400,2.2330,0.0000,0.0000,0.0000,65.7762,0.0000,3065.0000,936.0000,0.0000,4.0000,7.0000,3.0000,2.0000
0.6180,0.1450,0.1510,0.0540,0.0240,0.0000,0.0000,0.3220,1.0000,5.6420,187.8400,2.2330,0.0000,0.0000,0.0000,65.7762,0.0000,3065.0000,936.0000,0.0000,4.0000,7.0000,3.0000,2.0000
0.5430,0.1240,0.1050,0.0500,0.0190,0.0000,0.0000,0.3140,1.0000,5.6420,187.8400,2.2330,0.0000,0.0000,0.0000,65.7762,0.0000,3065.0000,936.0000,0.0000,4.0000,7.0000,3.0000,2.0000
0.4800,0.1120,0.1040,0.0460,0.0180,0.0000,0.0000,0.2640,1.0000,5.6420,187.8400,2.2330,0.0000,0.0000,0.0000,65.7762,0.0000,3065.0000,936.0000,0.0000,4.0000,7.0000,3.0000,2.0000
0.5220,0.1050,0.0980,0.0440,0.0170,0.0000,0.0000,0.3190,1.0000,5.6420,187.8400,2.2330,0.0000,0.0000,0.0000,65.7762,0.0000,3065.0000,936.0000,0.0000,4.0000,7.0000,3.0000,2.0000
0.4870,0.1090,0.1060,0.0460,0.0180,0.0000,0.0000,0.2720,1.0000,5.6420,187.8400,2.2330,0.0000,0.0000,0.0000,65.7762,0.0000,3065.0000,936.0000,0.0000,4.0000,7.0000,3.0000,2.0000
0.6380,0.1030,0.1030,0.0430,0.0180,0.0000,0.0000,0.4320,1.0000,5.6420,187.8400,2.2330,0.0000,0.0000,0.0000,65.7762,0.0000,3065.0000,936.0000,0.0000,4.0000,7.0000,3.0000,2.0000
0.5750,0.1470,0.1200,0.0510,0.0200,0.0000,0.0000,0.3080,1.0000,5.6420,187.8400,2.2330,0.0000,0.0000,0.0000,65.7762,0.0000,3065.0000,936.0000,0.0000,4.0000,7.0000,3.0000,2.0000
0.8230,0.1070,0.2930,0.0440,0.2080,0.0000,0.0000,0.4230,1.0000,5.6420,187.8400,2.2330,0.0000,0.0000,0.0000,65.7998,0.0000,3068.0000,936.0000,0.0000,4.0000,7.0000,3.0000,2.0000
0.7670,0.2040,0.1560,0.0560,0.0230,0.0000,0.0000,0.4070,1.0000,5.6420,187.8400,2.2330,0.0000,0.0000,0.0000,65.7999,0.0000,3068.0000,936.0000,0.0000,4.0000,7.0000,3.0000,2.0000
0.7900,0.3170,0.1780,0.2320,0.0550,0.0000,0.0000,0.2950,1.0000,5.6420,187.8400,2.2330,0.0000,0.0000,0.0000,65.8202,0.0000,3070.0000,936.0000,0.0000,4.0000,7.0000,3.0000,2.0000
0.6040,0.2470,0.1550,0.0550,0.0240,0.0000,0.0000,0.2020,1.0000,5.6420,187.8400,2.2330,0.0000,0.0000,0.0000,65.8202,0.0000,3070.0000,936.0000,0.0000,4.0000,7.0000,3.0000,2.0000
0.6650,0.1280,0.1630,0.0500,0.0210,0.0000,0.0000,0.3740,1.0000,5.6420,187.8400,2.2330,0.0000,0.0000,0.0000,65.8203,0.0000,3070.0000,936.0000,0.0000,4.0000,7.0000,3.0000,2.0000
0.4890,0.1210,0.1070,0.0480,0.0170,0.0000,0.0000,0.2610,1.0000,5.6420,187.8400,2.2330,0.0000,0.0000,0.0000,65.8203,0.0000,3070.0000,936.0000,0.0000,4.0000,7.0000,3.0000,2.0000
0.4670,0.1350,0.1120,0.0760,0.0180,0.0000,0.0000,0.2200,1.0000,5.6420,187.8400,2.2330,0.0000,0.0000,0.0000,65.8203,0.0000,3070.0000,936.0000,0.0000,4.0000,7.0000,3.0000,2.0000
0.7680,0.1050,0.1050,0.0430,0.0220,0.0000,0.0000,0.5580,1.0000,5.6420,187.8400,2.2330,0.0000,0.0000,0.0000,65.8203,0.0000,3070.0000,936.0000,0.0000,4.0000,7.0000,3.0000,2.0000
0.6550,0.1630,0.1470,0.0600,0.0260,0.0000,0.0000,0.3450,1.0000,5.6420,187.8400,2.2330,0.0000,0.0000,0.0000,65.8203,0.0000,3070.0000,936.0000,0.0000,4.0000,7.0000,3.0000,2.0000
0.4860,0.1210,0.1070,0.0490,0.0190,0.0000,0.0000,0.2580,1.0000,5.6420,187.8400,2.2330,0.0000,0.0000,0.0000,65.8203,0.0000,3070.0000,936.0000,0.0000,4.0000,7.0000,3.0000,2.0000
0.5760,0.1100,0.1000,0.0450,0.0170,0.0000,0.0000,0.3660,1.0000,5.6420,187.8400,2.2330,0.0000,0.0000,0.0000,65.8203,0.0000,3070.0000,936.0000,0.0000,4.0000,7.0000,3.0000,2.0000
0.5950,0.1010,0.1610,0.0430,0.0260,0.0000,0.0000,0.3330,1.0000,5.6420,187.8400,2.2330,0.0000,0.0000,0.0000,65.8203,0.0000,3070.0000,936.0000,0.0000,4.0000,7.0000,3.0000,2.0000
0.5220,0.1400,0.1160,0.0560,0.0190,0.0000,0.0000,0.2660,1.0000,5.6420,187.8400,2.2330,0.0000,0.0000,0.0000,65.8203,0.0000,3070.0000,936.0000,0.0000,4.0000,7.0000,3.0000,2.0000
0.5060,0.1420,0.1060,0.0470,0.0190,0.0000,0.0000,0.2580,1.0000,5.6420,187.8400,2.2330,0.0000,0.0000,0.0000,65.8203,0.0000,3070.0000,936.0000,0.0000,4.0000,7.0000,3.0000,2.0000
0.4960,0.1060,0.0990,0.0430,0.0170,0.0000,0.0000,0.2910,1.0000,5.6420,187.8400,2.2330,0.0000,0.0000,0.0000,65.8203,0.0000,3070.0000,936.0000,0.0000,4.0000,7.0000,3.0000,2.0000
0.6170,0.1360,0.1010,0.0470,0.0180,0.0000,0.0000,0.3800,1.0000,5.6420,187.8400,2.2330,0.0000,0.0000,0.0000,65.8203,0.0000,3070.0000,936.0000,0.0000,4.0000,7.0000,3.0000,2.0000
0.8460,0.1050,0.1870,0.0440,0.0260,0.0000,0.0000,0.5540,1.0000,5.6420,187.8400,2.2330,0.0000,0.0000,0.0000,65.8203,0.0000,3070.0000,936.0000,0.0000,4.0000,7.0000,3.0000,2.0000
0.6590,0.1620,0.1570,0.0610,0.0250,0.0000,0.0000,0.3400,1.0000,5.6420,187.8400,2.2330,0.0000,0.0000,0.0000,65.8203,0.0000,3070.0000,936.0000,0.0000,4.0000,7.0000,3.0000,2.0000
0.5130,0.1780,0.1330,0.0590,0.0230,0.0000,0.0000,0.2020,1.0000,5.6420,187.8400,2.2330,0.0000,0.0000,0.0000,65.8203,0.0000,3070.0000,936.0000,0.0000,4.0000,7.0000,3.0000,2.0000
0.4860,0.1130,0.1320,0.0450,0.0190,0.0000,0.0000,0.2410,1.0000,5.6420,187.8400,2.2330,0.0000,0.0000,0.0000,65.8203,0.0000,3070.0000,936.0000,0.0000,4.0000,7.0000,3.0000,2.0000
0.4280,0.1060,0.1030,0.0440,0.0180,0.0000,0.0000,0.2190,1.0000,5.6420,187.8400,2.2330,0.0000,0.0000,0.0000,65.8203,0.0000,3070.0000,936.0000,0.0000,4.0000,7.0000,3.0000,2.0000
0.6130,0.1000,0.1070,0.0420,0.0230,0.0000,0.0000,0.4060,1.0000,5.6420,187.8400,2.2330,0.0000,0.0000,0.0000,65.8203,0.0000,3070.0000,936.0000,0.0000,4.0000,7.0000,3.0000,2.0000
0.6090,0.1740,0.1520,0.0690,0.0250,0.0000,0.0000,0.2830,1.0000,5.6420,187.8400,2.2330,0.0000,0.0000,0.0000,65.8203,0.0000,3070.0000,936.0000,0.0000,4.0000,7.0000,3.0000,2.0000
0.6460,0.1300,0.1540,0.0520,0.0460,0.0000,0.0000,0.3620,1.0000,5.6420,187.8400,2.2330,0.0000,0.0000,0.0000,65.8301,0.0000,3071.0000,936.0000,0.0000,4.0000,7.0000,3.0000,2.0000
0.6080,0.1810,0.1380,0.0570,0.0230,0.0000,0.0000,0.2890,1.0000,5.6420,187.8400,2.2330,0.0000,0.0000,0.0000,65.8301,0.0000,3071.0000,936.0000,0.0000,4.0000,7.0000,3.0000,2.0000
0.5830,0.2060,0.1590,0.0930,0.0470,0.0000,0.0000,0.2180,1.0000,5.6420,187.8400,2.2330,0.0000,0.0000,0.0000,65.8404,0.0000,3072.0000,936.0000,0.0000,4.0000,7.0000,3.0000,2.0000
0.5150,0.1520,0.1370,0.0490,0.0200,0.0000,0.0000,0.2260,1.0000,5.6420,187.8400,2.2330,0.0000,0.0000,0.0000,65.8403,0.0000,3072.0000,936.0000,0.0000,4.0000,7.0000,3.0000,2.0000
0.6350,0.1100,0.1030,0.0450,0.0180,0.0000,0.0000,0.4220,1.0000,5.6420,187.8400,2.2330,0.0000,0.0000,0.0000,65.8404,0.0000,3072.0000,936.0000,0.0000,4.0000,7.0000,3.0000,2.0000
0.4850,0.1030,0.1190,0.0440,0.0190,0.0000,0.0000,0.2630,1.0000,5.6420,187.8400,2.2330,0.0000,0.0000,0.0000,65.8404,0.0000,3072.0000,936.0000,0.0000,4.0000,7.0000,3.0000,2.0000
0.5510,0.1190,0.0980,0.0460,0.0170,0.0000,0.0000,0.3340,1.0000,5.6420,187.8400,2.2330,0.0000,0.0000,0.0000,65.8404,0.0000,3072.0000,936.0000,0.0000,4.0000,7.0000,3.0000,2.0000
0.6870,0.1810,0.1350,0.0530,0.0240,0.0000,0.0000,0.3710,1.0000,5.6420,187.8400,2.2330,0.0000,0.0000,0.0000,65.8404,0.0000,3072.0000,936.0000,0.0000,4.0000,7.0000,3.0000,2.0000
0.6360,0.1390,0.1340,0.0530,0.0220,0.0000,0.0000,0.3630,1.0000,5.6420,187.8400,2.2330,0.0000,0.0000,0.0000,65.8404,0.0000,3072.0000,936.0000,0.0000,4.0000,7.0000,3.0000,2.0000
0.4960,0.1720,0.1270,0.0550,0.0220,0.0000,0.0000,0.1970,1.0000,5.6420,187.8400,2.2330,0.0000,0.0000,0.0000,65.8404,0.0000,3072.0000,936.0000,0.0000,4.0000,7.0000,3.0000,2.0000
0.4770,0.1130,0.1290,0.0450,0.0190,0.0000,0.0000,0.2350,1.0000,5.6420,187.8400,2.2330,0.0000,0.0000,0.0000,65.8404,0.0000,3072.0000,936.0000,0.0000,4.0000,7.0000,3.0000,2.0000
0.4120,0.1070,0.1010,0.0440,0.0170,0.0000,0.0000,0.2040,1.0000,5.6420,187.8400,2.2330,0.0000,0.0000,0.0000,65.8404,0.0000,3072.0000,936.0000,0.0000,4.0000,7.0000,3.0000,2.0000
0.4620,0.1000,0.0960,0.0430,0.0170,0.0000,0.0000,0.2660,1.0000,5.6420,187.8400,2.2330,0.0000,0.0000,0.0000,65.8404,0.0000,3072.0000,936.0000,0.0000,4.0000,7.0000,3.0000,2.0000
0.4290,0.1450,0.1110,0.0460,0.0180,0.0000,0.0000,0.1730,1.0000,5.6420,187.8400,2.2330,0.0000,0.0000,0.0000,65.8404,0.0000,3072.0000,936.0000,0.0000,4.0000,7.0000,3.0000,2.0000
0.4260,0.1030,0.0910,0.0440,0.0160,0.0000,0.0000,0.2320,1.0000,5.6420,187.8400,2.2330,0.0000,0.0000,0.0000,65.8404,0.0000,3072.0000,936.0000,0.0000,4.0000,7.0000,3.0000,2.0000
0.4860,0.0980,0.0960,0.0410,0.0170,0.0000,0.0000,0.2920,1.0000,5.6420,187.8400,2.2330,0.0000,0.0000,0.0000,65.8404,0.0000,3072.0000,936.0000,0.0000,4.0000,7.0000,3.0000,2.0000
0.5740,0.1540,0.1280,0.0560,0.0220,0.0000,0.0000,0.2920,1.0000,5.6420,187.8400,2.2330,0.0000,0.0000,0.0000,65.8404,0.0000,3072.0000,936.0000,0.0000,4.0000,7.0000,3.0000,2.0000
0.5940,0.1120,0.1600,0.0450,0.0240,0.0000,0.0000,0.3220,1.0000,5.6420,187.8400,2.2330,0.0000,0.0000,0.0000,65.8523,0.0000,3073.0000,936.0000,0.0000,4.0000,7.0000,3.0000,2.0000
0.4870,0.1670,0.1180,0.0520,0.0200,0.0000,0.0000,0.2020,1.0000,5.6420,187.8400,2.2330,0.0000,0.0000,0.0000,65.8523,0.0000,3073.0000,936.0000,0.0000,4.0000,7.0000,3.0000,2.0000
0.4640,0.1430,0.1120,0.0500,0.0180,0.0000,0.0000,0.2090,1.0000,5.6420,187.8400,2.2330,0.0000,0.0000,0.0000,65.8523,0.0000,3073.0000,936.0000,0.0000,4.0000,7.0000,3.0000,2.0000
0.4360,0.1240,0.0990,0.0480,0.0170,0.0000,0.0000,0.2130,1.0000,5.6420,187.8400,2.2330,0.0000,0.0000,0.0000,65.8523,0.0000,3073.0000,936.0000,0.0000,4.0000,7.0000,3.0000,2.0000
0.4310,0.1000,0.0960,0.0420,0.0170,0.0000,0.0000,0.2350,1.0000,5.6420,187.8400,2.2330,0.0000,0.0000,0.0000,65.8523,0.0000,3073.0000,936.0000,0.0000,4.0000,7.0000,3.0000,2.0000
0.4990,0.1080,0.0970,0.0460,0.0160,0.0000,0.0000,0.2940,1.0000,5.6420,187.8400,2.2330,0.0000,0.0000,0.0000,65.8523,0.0000,3073.0000,936.0000,0.0000,4.0000,7.0000,3.0000,2.0000
0.5300,0.0990,0.1210,0.0420,0.0410,0.0000,0.0000,0.3100,1.0000,5.6420,187.8400,2.2330,0.0000,0.0000,0.0000,65.8630,0.0000,3074.0000,936.0000,0.0000,4.0000,7.0000,3.0000,2.0000
0.6010,0.1610,0.1020,0.0490,0.0180,0.0000,0.0000,0.3380,1.0000,5.6420,187.8400,2.2330,0.0000,0.0000,0.0000,65.8630,0.0000,3074.0000,936.0000,0.0000,4.0000,7.0000,3.0000,2.0000
0.5570,0.1110,0.1440,0.0450,0.0450,0.0000,0.0000,0.3020,1.0000,5.6420,187.8400,2.2330,0.0000,0.0000,0.0000,65.8727,0.0000,3075.0000,936.0000,0.0000,4.0000,6.0000,3.0000,2.0000
0.5600,0.1480,0.1000,0.0490,0.0170,0.0000,0.0000,0.3120,1.0000,5.6420,187.8400,2.2330,0.0000,0.0000,0.0000,65.8727,0.0000,3075.0000,936.0000,0.0000,4.0000,6.0000,3.0000,2.0000
0.4880,0.1530,0.1200,0.0510,0.0210,0.0000,0.0000,0.2150,1.0000,5.6420,187.8400,2.2330,0.0000,0.0000,0.0000,65.8727,0.0000,3075.0000,936.0000,0.0000,4.0000,6.0000,3.0000,2.0000
0.4680,0.1090,0.1020,0.0440,0.0180,0.0000,0.0000,0.2570,1.0000,5.6420,187.8400,2.2330,0.0000,0.0000,0.0000,65.8734,0.0000,3075.0000,936.0000,0.0000,4.0000,7.0000,3.0000,2.0000
0.4610,0.1090,0.1020,0.0450,0.0180,0.0000,0.0000,0.2500,1.0000,5.6420,187.8400,2.2330,0.0000,0.0000,0.0000,65.8734,0.0000,3075.0000,936.0000,0.0000,4.0000,7.0000,3.0000,2.0000
0.4530,0.1080,0.0960,0.0440,0.0180,0.0000,0.0000,0.2490,1.0000,5.6420,187.8400,2.2330,0.0000,0.0000,0.0000,65.8734,0.0000,3075.0000,936.0000,0.0000,4.0000,7.0000,3.0000,2.0000
0.4390,0.1310,0.1060,0.0730,0.0270,0.0000,0.0000,0.2020,1.0000,5.6420,187.8400,2.2330,0.0000,0.0000,0.0000,65.8727,0.0000,3075.0000,936.0000,0.0000,4.0000,6.0000,3.0000,2.0000
0.4620,0.1030,0.0960,0.0420,0.0160,0.0000,0.0000,0.2630,1.0000,5.6420,187.8400,2.2330,0.0000,0.0000,0.0000,65.8727,0.0000,3075.0000,936.0000,0.0000,4.0000,6.0000,3.0000,2.0000
0.6360,0.0990,0.1050,0.0420,0.0180,0.0000,0.0000,0.4320,1.0000,5.6420,187.8400,2.2330,0.0000,0.0000,0.0000,65.8727,0.0000,3075.0000,936.0000,0.0000,4.0000,6.0000,3.0000,2.0000
0.4670,0.1140,0.0990,0.0480,0.0180,0.0000,0.0000,0.2540,1.0000,5.6420,187.8400,2.2330,0.0000,0.0000,0.0000,65.8727,0.0000,3075.0000,936.0000,0.0000,4.0000,6.0000,3.0000,2.0000
0.4530,0.1380,0.1100,0.0790,0.0190,0.0000,0.0000,0.2050,1.0000,5.6420,187.8400,2.2330,0.0000,0.0000,0.0000,65.8727,0.0000,3075.0000,936.0000,0.0000,4.0000,6.0000,3.0000,2.0000
0.4670,0.1060,0.1030,0.0440,0.0180,0.0000,0.0000,0.2580,1.0000,5.6420,187.8400,2.2330,0.0000,0.0000,0.0000,65.8727,0.0000,3075.0000,936.0000,0.0000,4.0000,6.0000,3.0000,2.0000
0.5460,0.1020,0.1170,0.0430,0.0180,0.0000,0.0000,0.3270,1.0000,5.6420,187.8400,2.2330,0.0000,0.0000,0.0000,65.8847,0.0000,3076.0000,936.0000,0.0000,4.0000,6.0000,3.0000,2.0000
0.4680,0.1520,0.1020,0.0480,0.0170,0.0000,0.0000,0.2140,1.0000,5.6420,187.8400,2.2330,0.0000,0.0000,0.0000,65.8847,0.0000,3076.0000,936.0000,0.0000,4.0000,6.0000,3.0000,2.0000
0.4490,0.1010,0.0960,0.0420,0.0170,0.0000,0.0000,0.2520,1.0000,5.6420,187.8400,2.2330,0.0000,0.0000,0.0000,65.8847,0.0000,3076.0000,936.0000,0.0000,4.0000,6.0000,3.0000,2.0000
0.4520,0.1040,0.0940,0.0430,0.0160,0.0000,0.0000,0.2540,1.0000,5.6420,187.8400,2.2330,0.0000,0.0000,0.0000,65.8847,0.0000,3076.0000,936.0000,0.0000,4.0000,6.0000,3.0000,2.0000
0.4900,0.1020,0.1300,0.0440,0.0190,0.0000,0.0000,0.2580,1.0000,5.6420,187.8400,2.2330,0.0000,0.0000,0.0000,65.8847,0.0000,3076.0000,936.0000,0.0000,4.0000,6.0000,3.0000,2.0000
0.4210,0.1230,0.0970,0.0480,0.0170,0.0000,0.0000,0.2010,1.0000,5.6420,187.8400,2.2330,0.0000,0.0000,0.0000,65.8847,0.0000,3076.0000,936.0000,0.0000,4.0000,6.0000,3.0000,2.0000
0.4720,0.1000,0.1160,0.0430,0.0180,0.0000,0.0000,0.2560,1.0000,5.6420,187.8400,2.2330,0.0000,0.0000,0.0000,65.8847,0.0000,3076.0000,936.0000,0.0000,4.0000,6.0000,3.0000,2.0000
0.4320,0.1060,0.0960,0.0450,0.0170,0.0000,0.0000,0.2300,1.0000,5.6420,187.8400,2.2330,0.0000,0.0000,0.0000,65.8847,0.0000,3076.0000,936.0000,0.0000,4.0000,6.0000,3.0000,2.0000
0.4400,0.1010,0.0890,0.0430,0.0160,0.0000,0.0000,0.2500,1.0000,5.6420,187.8400,2.2330,0.0000,0.0000,0.0000,65.8847,0.0000,3076.0000,936.0000,0.0000,4.0000,6.0000,3.0000,2.0000
0.5660,0.1060,0.1210,0.0450,0.0420,0.0000,0.0000,0.3390,1.0000,5.6420,187.8400,2.2330,0.0000,0.0000,0.0000,65.8946,0.0000,3077.0000,936.0000,0.0000,4.0000,6.0000,3.0000,3.0000
0.4870,0.1900,0.1060,0.0940,0.0210,0.0000,0.0000,0.1910,1.0000,5.6420,187.8400,2.2330,0.0000,0.0000,0.0000,65.8946,0.0000,3077.0000,936.0000,0.0000,4.0000,6.0000,3.0000,3.0000
0.5230,0.1120,0.1230,0.0460,0.0410,0.0000,0.0000,0.2880,1.0000,5.6420,187.8400,2.2330,0.0000,0.0000,0.0000,65.9045,0.0000,3078.0000,936.0000,0.0000,4.0000,6.0000,3.0000,3.0000
0.6920,0.1410,0.1370,0.0460,0.0430,0.0000,0.0000,0.4140,1.0000,5.6420,187.8400,2.2330,0.0000,0.0000,0.0000,65.9045,0.0000,3078.0000,936.0000,0.0000,4.0000,6.0000,3.0000,3.0000
0.4780,0.1560,0.1060,0.0520,0.0190,0.0000,0.0000,0.2160,1.0000,5.6420,187.8400,2.2330,0.0000,0.0000,0.0000,65.9046,0.0000,3078.0000,936.0000,0.0000,4.0000,6.0000,3.0000,3.0000
0.4450,0.1070,0.0990,0.0450,0.0180,0.0000,0.0000,0.2390,1.0000,5.6420,187.8400,2.2330,0.0000,0.0000,0.0000,65.9039,0.0000,3078.0000,936.0000,0.0000,4.0000,5.0000,3.0000,3.0000
0.4260,0.1160,0.0950,0.0550,0.0170,0.0000,0.0000,0.2150,1.0000,5.6420,187.8400,2.2330,0.0000,0.0000,0.0000,65.9039,0.0000,3078.0000,936.0000,0.0000,4.0000,5.0000,3.0000,3.0000
0.4620,0.1030,0.1150,0.0440,0.0410,0.0000,0.0000,0.2440,1.0000,5.6420,187.8400,2.2330,0.0000,0.0000,0.0000,65.9039,0.0000,3078.0000,936.0000,0.0000,4.0000,5.0000,3.0000,3.0000
0.4220,0.1060,0.0970,0.0450,0.0180,0.0000,0.0000,0.2190,1.0000,5.6420,187.8400,2.2330,0.0000,0.0000,0.0000,65.9039,0.0000,3078.0000,936.0000,0.0000,4.0000,5.0000,3.0000,3.0000
0.5230,0.1020,0.0890,0.0450,0.0160,0.0000,0.0000,0.3320,1.0000,5.6420,187.8400,2.2330,0.0000,0.0000,0.0000,65.9039,0.0000,3078.0000,936.0000,0.0000,4.0000,5.0000,3.0000,3.0000
0.6790,0.1300,0.1800,0.0460,0.0240,0.0000,0.0000,0.3690,1.0000,5.6420,187.8400,2.2330,0.0000,0.0000,0.0000,65.9039,0.0000,3078.0000,936.0000,0.0000,4.0000,5.0000,3.0000,3.0000
0.6570,0.1320,0.1610,0.0530,0.0230,0.0000,0.0000,0.3640,1.0000,5.6420,187.8400,2.2330,0.0000,0.0000,0.0000,65.9039,0.0000,3078.0000,936.0000,0.0000,4.0000,5.0000,3.0000,3.0000
0.4750,0.1350,0.1130,0.0530,0.0210,0.0000,0.0000,0.2270,1.0000,5.6420,187.8400,2.2330,0.0000,0.0000,0.0000,65.9039,0.0000,3078.0000,936.0000,0.0000,4.0000,5.0000,3.0000,3.0000
0.4930,0.1080,0.0990,0.0460,0.0190,0.0000,0.0000,0.2860,1.0000,5.6420,187.8400,2.2330,0.0000,0.0000,0.0000,65.9053,0.0000,3079.0000,936.0000,0.0000,4.0000,5.0000,3.0000,3.0000
0.4370,0.1290,0.1000,0.0610,0.0190,0.0000,0.0000,0.2080,1.0000,5.6420,187.8400,2.2330,0.0000,0.0000,0.0000,65.9053,0.0000,3079.0000,936.0000,0.0000,4.0000,5.0000,3.0000,3.0000
0.4900,0.1040,0.0980,0.0430,0.0190,0.0000,0.0000,0.2880,1.0000,5.6420,187.8400,2.2330,0.0000,0.0000,0.0000,65.9053,0.0000,3079.0000,936.0000,0.0000,4.0000,5.0000,3.0000,3.0000
0.4340,0.1190,0.0960,0.0470,0.0170,0.0000,0.0000,0.2190,1.0000,5.6420,187.8400,2.2330,0.0000,0.0000,0.0000,65.9053,0.0000,3079.0000,936.0000,0.0000,4.0000,5.0000,3.0000,3.0000
0.5440,0.1040,0.1170,0.0440,0.0180,0.0000,0.0000,0.3230,1.0000,5.6420,187.8400,2.2330,0.0000,0.0000,0.0000,65.9053,0.0000,3079.0000,936.0000,0.0000,4.0000,5.0000,3.0000,3.0000
0.6270,0.1140,0.1340,0.0520,0.0230,0.0000,0.0000,0.3790,1.0000,5.6420,187.8400,2.2330,0.0000,0.0000,0.0000,65.9053,0.0000,3079.0000,936.0000,0.0000,4.0000,5.0000,3.0000,3.0000
0.6560,0.1410,0.1700,0.0560,0.0630,0.0000,0.0000,0.3450,1.0000,5.6420,187.8400,2.2330,0.0000,0.0000,0.0000,65.9260,0.0000,3081.0000,936.0000,0.0000,4.0000,5.0000,3.0000,3.0000
0.5830,0.2000,0.1160,0.0540,0.0190,0.0000,0.0000,0.2670,1.0000,5.6420,187.8400,2.2330,0.0000,0.0000,0.0000,65.9260,0.0000,3081.0000,936.0000,0.0000,4.0000,5.0000,3.0000,3.0000
0.4540,0.1230,0.1040,0.0490,0.0180,0.0000,0.0000,0.2270,1.0000,5.6420,187.8400,2.2330,0.0000,0.0000,0.0000,65.9261,0.0000,3081.0000,936.0000,0.0000,4.0000,5.0000,3.0000,3.0000
0.4970,0.1080,0.0970,0.0440,0.0160,0.0000,0.0000,0.2920,1.0000,5.6420,187.8400,2.2330,0.0000,0.0000,0.0000,65.9261,0.0000,3081.0000,936.0000,0.0000,4.0000,5.0000,3.0000,3.0000
0.5360,0.1120,0.1320,0.0460,0.0470,0.0000,0.0000,0.2920,1.0000,5.6420,187.8400,2.2330,0.0000,0.0000,0.0000,65.9463,0.0000,3083.0000,936.0000,0.0000,4.0000,5.0000,3.0000,3.0000
0.5050,0.1790,0.1010,0.0480,0.0180,0.0000,0.0000,0.2250,1.0000,5.6420,187.8400,2.2330,0.0000,0.0000,0.0000,65.9463,0.0000,3083.0000,936.0000,0.0000,4.0000,5.0000,3.0000,3.0000
0.6870,0.1140,0.1770,0.0460,0.0660,0.0000,0.0000,0.3960,1.0000,5.6420,187.8400,2.2330,0.0000,0.0000,0.0000,65.9666,0.0000,3085.0000,936.0000,0.0000,4.0000,5.0000,3.0000,3.0000
1.4140,0.2030,0.1620,0.0550,0.0220,0.0000,0.0000,1.0490,1.0000,5.6420,187.8400,2.2330,0.0000,0.0000,0.0000,65.9666,0.0000,3085.0000,936.0000,0.0000,4.0000,5.0000,3.0000,3.0000
0.9460,0.1470,0.2470,0.0520,0.0350,0.0000,0.0000,0.5520,1.0000,5.6420,187.8400,2.2330,0.0000,0.0000,0.0000,65.9667,0.0000,3085.0000,936.0000,0.0000,4.0000,5.0000,3.0000,3.0000
0.6260,0.2590,0.1540,0.0850,0.0260,0.0000,0.0000,0.2130,1.0000,5.6420,187.8400,2.2330,0.0000,0.0000,0.0000,65.9667,0.0000,3085.0000,936.0000,0.0000,4.0000,5.0000,3.0000,3.0000
0.6030,0.1500,0.1420,0.0550,0.0240,0.0000,0.0000,0.3110,1.0000,5.6420,187.8400,2.2330,0.0000,0.0000,0.0000,65.9667,0.0000,3085.0000,936.0000,0.0000,4.0000,5.0000,3.0000,3.0000
0.6970,0.1490,0.1350,0.0590,0.0290,0.0000,0.0000,0.4130,1.0000,5.6420,187.8400,2.2330,0.0000,0.0000,0.0000,65.9667,0.0000,3085.0000,936.0000,0.0000,4.0000,5.0000,3.0000,3.0000
0.5510,0.1660,0.1270,0.0850,0.0210,0.0000,0.0000,0.2580,1.0000,5.6420,187.8400,2.2330,0.0000,0.0000,0.0000,65.9667,0.0000,3085.0000,936.0000,0.0000,4.0000,5.0000,3.0000,3.0000
0.5220,0.1430,0.1290,0.0540,0.0200,0.0000,0.0000,0.2500,1.0000,5.6420,187.8400,2.2330,0.0000,0.0000,0.0000,65.9667,0.0000,3085.0000,936.0000,0.0000,4.0000,5.0000,3.0000,3.0000
0.4680,0.1350,0.1090,0.0490,0.0190,0.0000,0.0000,0.2240,1.0000,5.6420,187.8400,2.2330,0.0000,0.0000,0.0000,65.9667,0.0000,3085.0000,936.0000,0.0000,4.0000,5.0000,3.0000,3.0000
0.5280,0.1130,0.1330,0.0460,0.0510,0.0000,0.0000,0.2820,1.0000,5.6420,187.8400,2.2330,0.0000,0.0000,0.0000,65.9667,0.0000,3085.0000,936.0000,0.0000,4.0000,5.0000,3.0000,3.0000
0.4430,0.1140,0.1060,0.0470,0.0180,0.0000,0.0000,0.2230,1.0000,5.6420,187.8400,2.2330,0.0000,0.0000,0.0000,65.9667,0.0000,3085.0000,936.0000,0.0000,4.0000,5.0000,3.0000,3.0000
0.4950,0.1070,0.0960,0.0440,0.0170,0.0000,0.0000,0.2920,1.0000,5.6420,187.8400,2.2330,0.0000,0.0000,0.0000,65.9667,0.0000,3085.0000,936.0000,0.0000,4.0000,5.0000,3.0000,3.0000
0.4580,0.1160,0.1040,0.0490,0.0180,0.0000,0.0000,0.2380,1.0000,5.6420,187.8400,2.2330,0.0000,0.0000,0.0000,65.9667,0.0000,3085.0000,936.0000,0.0000,4.0000,5.0000,3.0000,3.0000
0.4880,0.1100,0.0970,0.0470,0.0170,0.0000,0.0000,0.2810,1.0000,5.6420,187.8400,2.2330,0.0000,0.0000,0.0000,65.9667,0.0000,3085.0000,936.0000,0.0000,4.0000,5.0000,3.0000,3.0000
0.4510,0.1470,0.1030,0.0780,0.0180,0.0000,0.0000,0.2010,1.0000,5.6420,187.8400,2.2330,0.0000,0.0000,0.0000,65.9667,0.0000,3085.0000,936.0000,0.0000,4.0000,5.0000,3.0000,3.0000
0.4750,0.1080,0.0930,0.0430,0.0160,0.0000,0.0000,0.2740,1.0000,5.6420,187.8400,2.2330,0.0000,0.0000,0.0000,65.9667,0.0000,3085.0000,936.0000,0.0000,4.0000,5.0000,3.0000,3.0000
0.4990,0.1290,0.1130,0.0700,0.0180,0.0000,0.0000,0.2570,1.0000,5.6420,187.8400,2.2330,0.0000,0.0000,0.0000,65.9667,0.0000,3085.0000,936.0000,0.0000,4.0000,5.0000,3.0000,3.0000
0.7260,0.1110,0.1610,0.0460,0.0710,0.0000,0.0000,0.4540,1.0000,5.6420,187.8400,2.2330,0.0000,0.0000,0.0000,65.9775,0.0000,3086.0000,936.0000,0.0000,4.0000,5.0000,3.0000,3.0000
0.6920,0.2000,0.1890,0.0610,0.0320,0.0000,0.0000,0.3030,1.0000,5.6420,187.8400,2.2330,0.0000,0.0000,0.0000,65.9762,0.0000,3085.0000,936.0000,0.0000,4.0000,5.0000,3.0000,3.0000
0.6750,0.1570,0.1630,0.0590,0.0310,0.0000,0.0000,0.3550,1.0000,5.6420,187.8400,2.2330,0.0000,0.0000,0.0000,65.9762,0.0000,3085.0000,936.0000,0.0000,4.0000,5.0000,3.0000,3.0000
0.6640,0.1460,0.1330,0.0580,0.0210,0.0000,0.0000,0.3850,1.0000,5.6420,187.8400,2.2330,0.0000,0.0000,0.0000,65.9762,0.0000,3085.0000,936.0000,0.0000,4.0000,5.0000,3.0000,3.0000
0.6390,0.1770,0.1650,0.0560,0.0630,0.0000,0.0000,0.2970,1.0000,5.6420,187.8400,2.2330,0.0000,0.0000,0.0000,65.9865,0.0000,3086.0000,936.0000,0.0000,4.0000,5.0000,3.0000,3.0000
0.5290,0.1660,0.1260,0.0510,0.0210,0.0000,0.0000,0.2370,1.0000,5.6420,187.8400,2.2330,0.0000,0.0000,0.0000,65.9865,0.0000,3086.0000,936.0000,0.0000,4.0000,5.0000,3.0000,3.0000
0.6760,0.1380,0.1400,0.0490,0.0510,0.0000,0.0000,0.3980,1.0000,5.6420,187.8400,2.2330,0.0000,0.0000,0.0000,65.9968,0.0000,3087.0000,936.0000,0.0000,4.0000,5.0000,3.0000,3.0000
0.5700,0.1960,0.1520,0.0600,0.0240,0.0000,0.0000,0.2220,1.0000,5.6420,187.8400,2.2330,0.0000,0.0000,0.0000,65.9968,0.0000,3087.0000,936.0000,0.0000,4.0000,5.0000,3.0000,3.0000
1.0540,0.1330,0.2010,0.0550,0.0240,0.0000,0.0000,0.7200,1.0000,5.6420,187.8400,2.2330,0.0000,0.0000,0.0000,66.0085,0.0000,3088.0000,936.0000,0.0000,4.0000,5.0000,3.0000,3.0000
0.7280,0.1940,0.2060,0.0580,0.0320,0.0000,0.0000,0.3280,1.0000,5.6420,187.8400,2.2330,0.0000,0.0000,0.0000,66.0085,0.0000,3088.0000,936.0000,0.0000,4.0000,5.0000,3.0000,3.0000
0.6900,0.1440,0.1470,0.0560,0.0220,0.0000,0.0000,0.3990,1.0000,5.6420,187.8400,2.2330,0.0000,0.0000,0.0000,66.0085,0.0000,3088.0000,936.0000,0.0000,4.0000,5.0000,3.0000,3.0000
0.5770,0.1730,0.1370,0.0540,0.0220,0.0000,0.0000,0.2670,1.0000,5.6420,187.8400,2.2330,0.0000,0.0000,0.0000,66.0085,0.0000,3088.0000,936.0000,0.0000,4.0000,5.0000,3.0000,3.0000
0.5500,0.1160,0.1380,0.0480,0.0270,0.0000,0.0000,0.2960,1.0000,5.6420,187.8400,2.2330,0.0000,0.0000,0.0000,66.0085,0.0000,3088.0000,936.0000,0.0000,4.0000,5.0000,3.0000,3.0000
1.4530,0.1320,0.1310,0.0580,0.0400,0.0000,0.0000,1.1900,1.0000,5.6420,187.8400,2.2330,0.0000,0.0000,0.0000,66.0085,0.0000,3088.0000,936.0000,0.0000,4.0000,5.0000,3.0000,3.0000
1.2320,0.8110,0.3280,0.1270,0.0420,0.0000,0.0000,0.0930,1.0000,5.6420,187.8400,2.2330,0.0000,0.0000,0.0000,66.0085,0.0000,3088.0000,936.0000,0.0000,4.0000,5.0000,3.0000,3.0000
1.0370,0.2450,0.2450,0.0870,0.0400,0.0000,0.0000,0.5470,1.0000,5.6420,187.8400,2.2330,0.0000,0.0000,0.0000,66.0085,0.0000,3088.0000,936.0000,0.0000,4.0000,5.0000,3.0000,3.0000
1.0610,0.2580,0.2470,0.1050,0.0380,0.0000,0.0000,0.5560,1.0000,5.6420,187.8400,2.2330,0.0000,0.0000,0.0000,66.0085,0.0000,3088.0000,936.0000,0.0000,4.0000,5.0000,3.0000,3.0000
1.0420,0.2230,0.2350,0.0810,0.0400,0.0000,0.0000,0.5840,1.0000,5.6420,187.8400,2.2330,0.0000,0.0000,0.0000,66.0085,0.0000,3088.0000,936.0000,0.0000,4.0000,5.0000,3.0000,3.0000
0.9780,0.2490,0.2570,0.1020,0.0420,0.0000,0.0000,0.4720,1.0000,5.6420,187.8400,2.2330,0.0000,0.0000,0.0000,66.0085,0.0000,3088.0000,936.0000,0.0000,4.0000,5.0000,3.0000,3.0000
0.8110,0.3030,0.1970,0.1600,0.0290,0.0000,0.0000,0.3110,1.0000,5.6420,187.8400,2.2330,0.0000,0.0000,0.0000,66.0085,0.0000,3088.0000,936.0000,0.0000,4.0000,5.0000,3.0000,3.0000
0.7730,0.1820,0.1890,0.0670,0.0280,0.0000,0.0000,0.4020,1.0000,5.6420,187.8400,2.2330,0.0000,0.0000,0.0000,66.0085,0.0000,3088.0000,936.0000,0.0000,4.0000,5.0000,3.0000,3.0000
0.8320,0.1680,0.2320,0.0680,0.0300,0.0000,0.0000,0.4320,1.0000,5.6420,187.8400,2.2330,0.0000,0.0000,0.0000,66.0085,0.0000,3088.0000,936.0000,0.0000,4.0000,5.0000,3.0000,3.0000
0.8530,0.1810,0.1850,0.0710,0.0280,0.0000,0.0000,0.4870,1.0000,5.6420,187.8400,2.2330,0.0000,0.0000,0.0000,66.0085,0.0000,3088.0000,936.0000,0.0000,4.0000,5.0000,3.0000,3.0000
1.1550,0.2410,0.2420,0.0710,0.0730,0.0000,0.0000,0.6720,1.0000,5.6420,187.8400,2.2330,0.0000,0.0000,0.0000,66.0188,0.0000,3089.0000,936.0000,0.0000,4.0000,5.0000,3.0000,3.0000
0.8610,0.3560,0.2110,0.0730,0.0310,0.0000,0.0000,0.2940,1.0000,5.6420,187.8400,2.2330,0.0000,0.0000,0.0000,66.0188,0.0000,3089.0000,936.0000,0.0000,4.0000,5.0000,3.0000,3.0000
0.8360,0.1850,0.2010,0.0700,0.0290,0.0000,0.0000,0.4500,1.0000,5.6420,187.8400,2.2330,0.0000,0.0000,0.0000,66.0189,0.0000,3089.0000,936.0000,0.0000,4.0000,5.0000,3.0000,3.0000
0.7960,0.2300,0.1880,0.0770,0.0290,0.0000,0.0000,0.3780,1.0000,5.6420,187.8400,2.2330,0.0000,0.0000,0.0000,66.0189,0.0000,3089.0000,936.0000,0.0000,4.0000,5.0000,3.0000,3.0000
0.9170,0.1680,0.2320,0.0650,0.0710,0.0000,0.0000,0.5170,1.0000,5.6420,187.8400,2.2330,0.0000,0.0000,0.0000,66.0287,0.0000,3090.0000,936.0000,0.0000,4.0000,5.0000,3.0000,3.0000
0.7700,0.2340,0.1920,0.0700,0.0290,0.0000,0.0000,0.3440,1.0000,5.6420,187.8400,2.2330,0.0000,0.0000,0.0000,66.0287,0.0000,3090.0000,936.0000,0.0000,4.0000,5.0000,3.0000,3.0000
0.9760,0.1720,0.3050,0.0700,0.0890,0.0000,0.0000,0.4990,1.0000,5.6420,187.8400,2.2330,0.0000,0.0000,0.0000,66.0390,0.0000,3091.0000,936.0000,0.0000,4.0000,5.0000,3.0000,3.0000
0.8260,0.2640,0.2450,0.0910,0.0320,0.0000,0.0000,0.3170,1.0000,5.6420,187.8400,2.2330,0.0000,0.0000,0.0000,66.0390,0.0000,3091.0000,936.0000,0.0000,4.0000,5.0000,3.0000,3.0000
0.8510,0.1780,0.1810,0.0710,0.0270,0.0000,0.0000,0.4920,1.0000,5.6420,187.8400,2.2330,0.0000,0.0000,0.0000,66.0391,0.0000,3091.0000,936.0000,0.0000,4.0000,5.0000,3.0000,3.0000
0.8470,0.2430,0.1910,0.0700,0.0290,0.0000,0.0000,0.4130,1.0000,5.6420,187.8400,2.2330,0.0000,0.0000,0.0000,66.0391,0.0000,3091.0000,936.0000,0.0000,4.0000,5.0000,3.0000,3.0000
0.8210,0.2150,0.2030,0.0710,0.0330,0.0000,0.0000,0.4030,1.0000,5.6420,187.8400,2.2330,0.0000,0.0000,0.0000,66.0391,0.0000,3091.0000,936.0000,0.0000,4.0000,5.0000,3.0000,3.0000
0.7590,0.2480,0.1850,0.1260,0.0310,0.0000,0.0000,0.3260,1.0000,5.6420,187.8400,2.2330,0.0000,0.0000,0.0000,66.0391,0.0000,3091.0000,936.0000,0.0000,4.0000,5.0000,3.0000,3.0000
0.7960,0.1990,0.1830,0.0890,0.0280,0.0000,0.0000,0.4140,1.0000,5.6420,187.8400,2.2330,0.0000,0.0000,0.0000,65.7937,0.0000,3066.0000,936.0000,0.0000,4.0000,5.0000,3.0000,3.0000
0.8570,0.1700,0.1770,0.0680,0.0260,0.0000,0.0000,0.5100,1.0000,5.6420,187.8400,2.2330,0.0000,0.0000,0.0000,65.7937,0.0000,3066.0000,936.0000,0.0000,4.0000,5.0000,3.0000,3.0000
0.8070,0.2030,0.1950,0.0720,0.0290,0.0000,0.0000,0.4090,1.0000,5.6420,187.8400,2.2330,0.0000,0.0000,0.0000,65.7937,0.0000,3066.0000,936.0000,0.0000,4.0000,5.0000,3.0000,3.0000
0.7660,0.2230,0.1790,0.0700,0.0270,0.0000,0.0000,0.3640,1.0000,5.6420,187.8400,2.2330,0.0000,0.0000,0.0000,65.7937,0.0000,3066.0000,936.0000,0.0000,4.0000,5.0000,3.0000,3.0000
0.8320,0.1670,0.1770,0.0670,0.0270,0.0000,0.0000,0.4880,1.0000,5.6420,187.8400,2.2330,0.0000,0.0000,0.0000,65.7937,0.0000,3066.0000,936.0000,0.0000,4.0000,5.0000,3.0000,3.0000
0.7620,0.2160,0.1810,0.0810,0.0300,0.0000,0.0000,0.3650,1.0000,5.6420,187.8400,2.2330,0.0000,0.0000,0.0000,65.7937,0.0000,3066.0000,936.0000,0.0000,4.0000,5.0000,3.0000,3.0000
0.8690,0.1700,0.2220,0.0690,0.0380,0.0000,0.0000,0.4770,1.0000,5.6420,187.8400,2.2330,0.0000,0.0000,0.0000,65.7937,0.0000,3066.0000,936.0000,0.0000,4.0000,5.0000,3.0000,3.0000
0.8140,0.1870,0.1920,0.0720,0.0300,0.0000,0.0000,0.4350,1.0000,5.6420,187.8400,2.2330,0.0000,0.0000,0.0000,65.7937,0.0000,3066.0000,936.0000,0.0000,4.0000,5.0000,3.0000,3.0000
0.7720,0.1820,0.1800,0.0710,0.0280,0.0000,0.0000,0.4100,1.0000,5.6420,187.8400,2.2330,0.0000,0.0000,0.0000,65.7937,0.0000,3066.0000,936.0000,0.0000,4.0000,5.0000,3.0000,3.0000
0.7830,0.2070,0.1790,0.1080,0.0280,0.0000,0.0000,0.3970,1.0000,5.6420,187.8400,2.2330,0.0000,0.0000,0.0000,65.7937,0.0000,3066.0000,936.0000,0.0000,4.0000,5.0000,3.0000,3.0000
0.7730,0.1810,0.1840,0.0810,0.0300,0.0000,0.0000,0.4080,1.0000,5.6420,187.8400,2.2330,0.0000,0.0000,0.0000,65.7937,0.0000,3066.0000,936.0000,0.0000,4.0000,5.0000,3.0000,3.0000
0.9610,0.1670,0.2490,0.0660,0.0720,0.0000,0.0000,0.5450,1.0000,5.6420,187.8400,2.2330,0.0000,0.0000,0.0000,65.8039,0.0000,3067.0000,936.0000,0.0000,4.0000,5.0000,3.0000,3.0000
0.8120,0.2300,0.2240,0.0720,0.0660,0.0000,0.0000,0.3580,1.0000,5.6420,187.8400,2.2330,0.0000,0.0000,0.0000,65.8039,0.0000,3067.0000,936.0000,0.0000,4.0000,5.0000,3.0000,3.0000
0.8010,0.1780,0.1900,0.0680,0.0290,0.0000,0.0000,0.4330,1.0000,5.6420,187.8400,2.2330,0.0000,0.0000,0.0000,65.8041,0.0000,3067.0000,936.0000,0.0000,4.0000,5.0000,3.0000,3.0000
0.7730,0.2180,0.1790,0.0690,0.0280,0.0000,0.0000,0.3760,1.0000,5.6420,187.8400,2.2330,0.0000,0.0000,0.0000,65.8042,0.0000,3067.0000,936.0000,0.0000,4.0000,5.0000,3.0000,3.0000
1.1490,0.1800,0.4070,0.0670,0.2560,0.0000,0.0000,0.5620,1.0000,5.6420,187.8400,2.2330,0.0000,0.0000,0.0000,65.8182,0.0000,3069.0000,936.0000,0.0000,4.0000,5.0000,3.0000,3.0000
0.8280,0.2250,0.1930,0.0720,0.0300,0.0000,0.0000,0.4100,1.0000,5.6420,187.8400,2.2330,0.0000,0.0000,0.0000,65.8182,0.0000,3069.0000,936.0000,0.0000,4.0000,5.0000,3.0000,3.0000
1.0890,0.1820,0.3970,0.0680,0.2420,0.0000,0.0000,0.5100,1.0000,5.6420,187.8400,2.2330,0.0000,0.0000,0.0000,65.8318,0.0000,3071.0000,936.0000,0.0000,4.0000,5.0000,3.0000,3.0000
0.7990,0.2390,0.1870,0.0730,0.0290,0.0000,0.0000,0.3730,1.0000,5.6420,187.8400,2.2330,0.0000,0.0000,0.0000,65.8318,0.0000,3071.0000,936.0000,0.0000,4.0000,5.0000,3.0000,3.0000
0.7590,0.1850,0.1790,0.0810,0.0290,0.0000,0.0000,0.3950,1.0000,5.6420,187.8400,2.2330,0.0000,0.0000,0.0000,65.8319,0.0000,3071.0000,936.0000,0.0000,4.0000,5.0000,3.0000,3.0000
0.8330,0.1700,0.2110,0.0670,0.0630,0.0000,0.0000,0.4520,1.0000,5.6420,187.8400,2.2330,0.0000,0.0000,0.0000,65.8319,0.0000,3071.0000,936.0000,0.0000,4.0000,5.0000,3.0000,3.0000
0.8010,0.1880,0.1900,0.0700,0.0280,0.0000,0.0000,0.4230,1.0000,5.6420,187.8400,2.2330,0.0000,0.0000,0.0000,65.8319,0.0000,3071.0000,936.0000,0.0000,4.0000,5.0000,3.0000,3.0000
0.8090,0.2210,0.2040,0.0690,0.0310,0.0000,0.0000,0.3840,1.0000,5.6420,187.8400,2.2330,0.0000,0.0000,0.0000,65.8326,0.0000,3071.0000,936.0000,0.0000,4.0000,6.0000,3.0000,3.0000
0.7810,0.1690,0.1830,0.0660,0.0290,0.0000,0.0000,0.4290,1.0000,5.6420,187.8400,2.2330,0.0000,0.0000,0.0000,65.8326,0.0000,3071.0000,936.0000,0.0000,4.0000,6.0000,3.0000,3.0000
0.7480,0.1760,0.1750,0.0650,0.0290,0.0000,0.0000,0.3970,1.0000,5.6420,187.8400,2.2330,0.0000,0.0000,0.0000,65.8326,0.0000,3071.0000,936.0000,0.0000,4.0000,6.0000,3.0000,3.0000
0.9020,0.1650,0.1680,0.0650,0.0270,0.0000,0.0000,0.5690,1.0000,5.6420,187.8400,2.2330,0.0000,0.0000,0.0000,65.8326,0.0000,3071.0000,936.0000,0.0000,4.0000,6.0000,3.0000,3.0000
0.8320,0.2720,0.2100,0.0820,0.0300,0.0000,0.0000,0.3500,1.0000,5.6420,187.8400,2.2330,0.0000,0.0000,0.0000,65.8326,0.0000,3071.0000,936.0000,0.0000,4.0000,6.0000,3.0000,3.0000
0.7750,0.1850,0.1800,0.0720,0.0290,0.0000,0.0000,0.4100,1.0000,5.6420,187.8400,2.2330,0.0000,0.0000,0.0000,65.8326,0.0000,3071.0000,936.0000,0.0000,4.0000,6.0000,3.0000,3.0000
0.7740,0.2140,0.1780,0.1130,0.0290,0.0000,0.0000,0.3820,1.0000,5.6420,187.8400,2.2330,0.0000,0.0000,0.0000,65.8326,0.0000,3071.0000,936.0000,0.0000,4.0000,6.0000,3.0000,3.0000
0.7800,0.1770,0.1770,0.0780,0.0300,0.0000,0.0000,0.4260,1.0000,5.6420,187.8400,2.2330,0.0000,0.0000,0.0000,65.8326,0.0000,3071.0000,936.0000,0.0000,4.0000,6.0000,3.0000,3.0000
0.8850,0.1870,0.2230,0.0830,0.0380,0.0000,0.0000,0.4750,1.0000,5.6420,187.8400,2.2330,0.0000,0.0000,0.0000,65.8326,0.0000,3071.0000,936.0000,0.0000,4.0000,6.0000,3.0000,3.0000
0.7970,0.1880,0.1810,0.0710,0.0290,0.0000,0.0000,0.4280,1.0000,5.6420,187.8400,2.2330,0.0000,0.0000,0.0000,65.8326,0.0000,3071.0000,936.0000,0.0000,4.0000,6.0000,3.0000,3.0000
0.8030,0.1800,0.1830,0.0720,0.0300,0.0000,0.0000,0.4400,1.0000,5.6420,187.8400,2.2330,0.0000,0.0000,0.0000,65.8326,0.0000,3071.0000,936.0000,0.0000,4.0000,6.0000,3.0000,3.0000
0.7690,0.2300,0.1790,0.1250,0.0300,0.0000,0.0000,0.3600,1.0000,5.6420,187.8400,2.2330,0.0000,0.0000,0.0000,65.8326,0.0000,3071.0000,936.0000,0.0000,4.0000,6.0000,3.0000,3.0000
0.9640,0.1840,0.2240,0.0680,0.0720,0.0000,0.0000,0.5560,1.0000,5.6420,187.8400,2.2330,0.0000,0.0000,0.0000,65.8528,0.0000,3073.0000,936.0000,0.0000,4.0000,6.0000,3.0000,3.0000
0.8820,0.2710,0.2430,0.0870,0.0320,0.0000,0.0000,0.3680,1.0000,5.6420,187.8400,2.2330,0.0000,0.0000,0.0000,65.8528,0.0000,3073.0000,936.0000,0.0000,4.0000,6.0000,3.0000,3.0000
0.7810,0.1940,0.2150,0.0700,0.0290,0.0000,0.0000,0.3720,1.0000,5.6420,187.8400,2.2330,0.0000,0.0000,0.0000,65.8529,0.0000,3073.0000,936.0000,0.0000,4.0000,6.0000,3.0000,3.0000
0.7830,0.1690,0.1780,0.0650,0.0270,0.0000,0.0000,0.4360,1.0000,5.6420,187.8400,2.2330,0.0000,0.0000,0.0000,65.8529,0.0000,3073.0000,936.0000,0.0000,4.0000,6.0000,3.0000,3.0000
0.9450,0.1750,0.2290,0.0680,0.0760,0.0000,0.0000,0.5410,1.0000,5.6420,187.8400,2.2330,0.0000,0.0000,0.0000,65.8727,0.0000,3075.0000,936.0000,0.0000,4.0000,6.0000,3.0000,3.0000
0.8080,0.3020,0.1890,0.0690,0.0290,0.0000,0.0000,0.3170,1.0000,5.6420,187.8400,2.2330,0.0000,0.0000,0.0000,65.8727,0.0000,3075.0000,936.0000,0.0000,4.0000,6.0000,3.0000,3.0000
0.9630,0.1680,0.2240,0.0660,0.0670,0.0000,0.0000,0.5710,1.0000,5.6420,187.8400,2.2330,0.0000,0.0000,0.0000,65.8930,0.0000,3077.0000,936.0000,0.0000,4.0000,6.0000,3.0000,3.0000
0.8080,0.2660,0.1930,0.0700,0.0290,0.0000,0.0000,0.3490,1.0000,5.6420,187.8400,2.2330,0.0000,0.0000,0.0000,65.8930,0.0000,3077.0000,936.0000,0.0000,4.0000,6.0000,3.0000,3.0000
0.7660,0.1710,0.1810,0.0690,0.0280,0.0000,0.0000,0.4140,1.0000,5.6420,187.8400,2.2330,0.0000,0.0000,0.0000,65.8931,0.0000,3077.0000,936.0000,0.0000,4.0000,6.0000,3.0000,3.0000
0.8000,0.1700,0.1790,0.0700,0.0270,0.0000,0.0000,0.4510,1.0000,5.6420,187.8400,2.2330,0.0000,0.0000,0.0000,65.8931,0.0000,3077.0000,936.0000,0.0000,4.0000,6.0000,3.0000,3.0000
0.8510,0.1780,0.1960,0.0690,0.0300,0.0000,0.0000,0.4770,1.0000,5.6420,187.8400,2.2330,0.0000,0.0000,0.0000,65.8931,0.0000,3077.0000,936.0000,0.0000,4.0000,6.0000,3.0000,3.0000
0.7740,0.3000,0.1920,0.1460,0.0290,0.0000,0.0000,0.2820,1.0000,5.6420,187.8400,2.2330,0.0000,0.0000,0.0000,65.8931,0.0000,3077.0000,936.0000,0.0000,4.0000,6.0000,3.0000,3.0000
0.7320,0.1670,0.1810,0.0650,0.0290,0.0000,0.0000,0.3840,1.0000,5.6420,187.8400,2.2330,0.0000,0.0000,0.0000,65.8931,0.0000,3077.0000,936.0000,0.0000,4.0000,6.0000,3.0000,3.0000
0.7780,0.1630,0.2000,0.0660,0.0280,0.0000,0.0000,0.4150,1.0000,5.6420,187.8400,2.2330,0.0000,0.0000,0.0000,65.8931,0.0000,3077.0000,936.0000,0.0000,4.0000,6.0000,3.0000,3.0000
0.8020,0.1720,0.1770,0.0690,0.0280,0.0000,0.0000,0.4530,1.0000,5.6420,187.8400,2.2330,0.0000,0.0000,0.0000,65.8931,0.0000,3077.0000,936.0000,0.0000,4.0000,6.0000,3.0000,3.0000
0.8370,0.1770,0.1800,0.0700,0.0270,0.0000,0.0000,0.4800,1.0000,5.6420,187.8400,2.2330,0.0000,0.0000,0.0000,65.8931,0.0000,3077.0000,936.0000,0.0000,4.0000,6.0000,3.0000,3.0000
0.8310,0.2310,0.1940,0.1300,0.0300,0.0000,0.0000,0.4060,1.0000,5.6420,187.8400,2.2330,0.0000,0.0000,0.0000,65.8931,0.0000,3077.0000,936.0000,0.0000,4.0000,6.0000,3.0000,3.0000
0.7670,0.1880,0.1950,0.0710,0.0310,0.0000,0.0000,0.3840,1.0000,5.6420,187.8400,2.2330,0.0000,0.0000,0.0000,65.8931,0.0000,3077.0000,936.0000,0.0000,4.0000,6.0000,3.0000,3.0000
0.7720,0.1680,0.2020,0.0660,0.0290,0.0000,0.0000,0.4020,1.0000,5.6420,187.8400,2.2330,0.0000,0.0000,0.0000,65.8931,0.0000,3077.0000,936.0000,0.0000,4.0000,6.0000,3.0000,3.0000
0.8330,0.1690,0.1920,0.0680,0.0300,0.0000,0.0000,0.4720,1.0000,5.6420,187.8400,2.2330,0.0000,0.0000,0.0000,65.8931,0.0000,3077.0000,936.0000,0.0000,4.0000,6.0000,3.0000,3.0000
0.8330,0.1900,0.1920,0.0730,0.0300,0.0000,0.0000,0.4510,1.0000,5.6420,187.8400,2.2330,0.0000,0.0000,0.0000,65.8931,0.0000,3077.0000,936.0000,0.0000,4.0000,6.0000,3.0000,3.0000
0.7880,0.2790,0.1860,0.1310,0.0290,0.0000,0.0000,0.3230,1.0000,5.6420,187.8400,2.2330,0.0000,0.0000,0.0000,65.8931,0.0000,3077.0000,936.0000,0.0000,4.0000,6.0000,3.0000,3.0000
0.7610,0.1760,0.1880,0.0640,0.0290,0.0000,0.0000,0.3970,1.0000,5.6420,187.8400,2.2330,0.0000,0.0000,0.0000,65.8931,0.0000,3077.0000,936.0000,0.0000,4.0000,6.0000,3.0000,3.0000
0.8680,0.1680,0.2310,0.0670,0.0590,0.0000,0.0000,0.4690,1.0000,5.6420,187.8400,2.2330,0.0000,0.0000,0.0000,65.9034,0.0000,3078.0000,936.0000,0.0000,4.0000,6.0000,3.0000,3.0000
0.7840,0.2140,0.2210,0.0690,0.0380,0.0000,0.0000,0.3490,1.0000,5.6420,187.8400,2.2330,0.0000,0.0000,0.0000,65.9034,0.0000,3078.0000,936.0000,0.0000,4.0000,6.0000,3.0000,3.0000
0.8280,0.1750,0.2020,0.0670,0.0270,0.0000,0.0000,0.4510,1.0000,5.6420,187.8400,2.2330,0.0000,0.0000,0.0000,65.9034,0.0000,3078.0000,936.0000,0.0000,4.0000,6.0000,3.0000,3.0000
0.7770,0.2850,0.1860,0.1400,0.0290,0.0000,0.0000,0.3060,1.0000,5.6420,187.8400,2.2330,0.0000,0.0000,0.0000,65.9034,0.0000,3078.0000,936.0000,0.0000,4.0000,6.0000,3.0000,3.0000
0.8720,0.1630,0.2160,0.0640,0.0610,0.0000,0.0000,0.4930,1.0000,5.6420,187.8400,2.2330,0.0000,0.0000,0.0000,65.9141,0.0000,3079.0000,936.0000,0.0000,4.0000,6.0000,3.0000,3.0000
0.7550,0.2260,0.1880,0.0810,0.0290,0.0000,0.0000,0.3410,1.0000,5.6420,187.8400,2.2330,0.0000,0.0000,0.0000,65.9141,0.0000,3079.0000,936.0000,0.0000,4.0000,6.0000,3.0000,3.0000
0.8570,0.1650,0.2470,0.0650,0.0690,0.0000,0.0000,0.4450,1.0000,5.6420,187.8400,2.2330,0.0000,0.0000,0.0000,65.9240,0.0000,3080.0000,936.0000,0.0000,4.0000,6.0000,3.0000,3.0000
0.8590,0.2150,0.1900,0.0680,0.0270,0.0000,0.0000,0.4540,1.0000,5.6420,187.8400,2.2330,0.0000,0.0000,0.0000,65.9240,0.0000,3080.0000,936.0000,0.0000,4.0000,6.0000,3.0000,3.0000
0.7890,0.2480,0.2080,0.0730,0.0320,0.0000,0.0000,0.3330,1.0000,5.6420,187.8400,2.2330,0.0000,0.0000,0.0000,65.9241,0.0000,3080.0000,936.0000,0.0000,4.0000,6.0000,3.0000,3.0000
0.7620,0.2210,0.1860,0.0740,0.0280,0.0000,0.0000,0.3550,1.0000,5.6420,187.8400,2.2330,0.0000,0.0000,0.0000,65.9241,0.0000,3080.0000,936.0000,0.0000,4.0000,6.0000,3.0000,3.0000
0.7540,0.1750,0.1820,0.0660,0.0280,0.0000,0.0000,0.3970,1.0000,5.6420,187.8400,2.2330,0.0000,0.0000,0.0000,65.9241,0.0000,3080.0000,936.0000,0.0000,4.0000,6.0000,3.0000,3.0000
0.7720,0.1650,0.2190,0.0640,0.0330,0.0000,0.0000,0.3880,1.0000,5.6420,187.8400,2.2330,0.0000,0.0000,0.0000,65.9241,0.0000,3080.0000,936.0000,0.0000,4.0000,6.0000,3.0000,3.0000
0.7960,0.1740,0.1860,0.0670,0.0280,0.0000,0.0000,0.4360,1.0000,5.6420,187.8400,2.2330,0.0000,0.0000,0.0000,65.9241,0.0000,3080.0000,936.0000,0.0000,4.0000,6.0000,3.0000,3.0000
0.8020,0.2750,0.1900,0.1280,0.0290,0.0000,0.0000,0.3370,1.0000,5.6420,187.8400,2.2330,0.0000,0.0000,0.0000,65.9241,0.0000,3080.0000,936.0000,0.0000,4.0000,6.0000,3.0000,3.0000
0.8040,0.1670,0.1970,0.0650,0.0300,0.0000,0.0000,0.4400,1.0000,5.6420,187.8400,2.2330,0.0000,0.0000,0.0000,65.9241,0.0000,3080.0000,936.0000,0.0000,4.0000,6.0000,3.0000,3.0000
0.7660,0.1780,0.1820,0.0760,0.0290,0.0000,0.0000,0.4060,1.0000,5.6420,187.8400,2.2330,0.0000,0.0000,0.0000,65.9241,0.0000,3080.0000,936.0000,0.0000,4.0000,6.0000,3.0000,3.0000
0.8510,0.1660,0.2150,0.0660,0.0630,0.0000,0.0000,0.4700,1.0000,5.6420,187.8400,2.2330,0.0000,0.0000,0.0000,65.9241,0.0000,3080.0000,936.0000,0.0000,4.0000,6.0000,3.0000,2.0000
0.8650,0.1870,0.2010,0.0710,0.0350,0.0000,0.0000,0.4770,1.0000,5.6420,187.8400,2.2330,0.0000,0.0000,0.0000,65.9241,0.0000,3080.0000,936.0000,0.0000,4.0000,6.0000,3.0000,2.0000
0.8090,0.3060,0.1930,0.0980,0.0330,0.0000,0.0000,0.3100,1.0000,5.6420,187.8400,2.2330,0.0000,0.0000,0.0000,65.9241,0.0000,3080.0000,936.0000,0.0000,4.0000,6.0000,3.0000,2.0000
0.8260,0.2220,0.1900,0.1150,0.0320,0.0000,0.0000,0.4140,1.0000,5.6420,187.8400,2.2330,0.0000,0.0000,0.0000,65.9241,0.0000,3080.0000,936.0000,0.0000,4.0000,6.0000,3.0000,2.0000
0.7490,0.1960,0.1960,0.0660,0.0320,0.0000,0.0000,0.3570,1.0000,5.6420,187.8400,2.2330,0.0000,0.0000,0.0000,65.9241,0.0000,3080.0000,936.0000,0.0000,4.0000,6.0000,3.0000,2.0000
0.7950,0.1640,0.2340,0.0630,0.0320,0.0000,0.0000,0.3970,1.0000,5.6420,187.8400,2.2330,0.0000,0.0000,0.0000,65.9241,0.0000,3080.0000,936.0000,0.0000,4.0000,6.0000,3.0000,2.0000
0.8350,0.1690,0.1890,0.0650,0.0310,0.0000,0.0000,0.4770,1.0000,5.6420,187.8400,2.2330,0.0000,0.0000,0.0000,65.9241,0.0000,3080.0000,936.0000,0.0000,4.0000,6.0000,3.0000,2.0000
1.0200,0.2510,0.2350,0.0790,0.0720,0.0000,0.0000,0.5340,1.0000,5.6420,187.8400,2.2330,0.0000,0.0000,0.0000,65.9343,0.0000,3081.0000,936.0000,0.0000,4.0000,6.0000,3.0000,2.0000
0.8340,0.2800,0.2160,0.0690,0.0350,0.0000,0.0000,0.3380,1.0000,5.6420,187.8400,2.2330,0.0000,0.0000,0.0000,65.9343,0.0000,3081.0000,936.0000,0.0000,4.0000,6.0000,3.0000,2.0000
0.7950,0.2300,0.1910,0.0770,0.0310,0.0000,0.0000,0.3740,1.0000,5.6420,187.8400,2.2330,0.0000,0.0000,0.0000,65.9344,0.0000,3081.0000,936.0000,0.0000,4.0000,6.0000,3.0000,2.0000
0.7580,0.1730,0.1910,0.0630,0.0320,0.0000,0.0000,0.3940,1.0000,5.6420,187.8400,2.2330,0.0000,0.0000,0.0000,65.9344,0.0000,3081.0000,936.0000,0.0000,4.0000,6.0000,3.0000,2.0000
0.9640,0.1690,0.2780,0.0660,0.0420,0.0000,0.0000,0.5170,1.0000,5.6420,187.8400,2.2330,0.0000,0.0000,0.0000,65.9344,0.0000,3081.0000,936.0000,0.0000,4.0000,6.0000,3.0000,2.0000
0.7810,0.1770,0.2100,0.0670,0.0310,0.0000,0.0000,0.3940,1.0000,5.6420,187.8400,2.2330,0.0000,0.0000,0.0000,65.9344,0.0000,3081.0000,936.0000,0.0000,4.0000,6.0000,3.0000,2.0000
0.7760,0.1660,0.1930,0.0630,0.0590,0.0000,0.0000,0.4170,1.0000,5.6420,187.8400,2.2330,0.0000,0.0000,0.0000,65.9446,0.0000,3082.0000,936.0000,0.0000,4.0000,6.0000,3.0000,2.0000
0.7700,0.2010,0.1460,0.0600,0.0250,0.0000,0.0000,0.4230,1.0000,5.6420,187.8400,2.2330,0.0000,0.0000,0.0000,65.9446,0.0000,3082.0000,936.0000,0.0000,4.0000,6.0000,3.0000,2.0000
0.7200,0.2460,0.1850,0.1400,0.0320,0.0000,0.0000,0.2890,1.0000,5.6420,187.8400,2.2330,0.0000,0.0000,0.0000,65.9447,0.0000,3082.0000,936.0000,0.0000,4.0000,6.0000,3.0000,2.0000
0.8860,0.1640,0.2420,0.0630,0.0300,0.0000,0.0000,0.4800,1.0000,5.6420,187.8400,2.2330,0.0000,0.0000,0.0000,65.9447,0.0000,3082.0000,936.0000,0.0000,4.0000,6.0000,3.0000,2.0000
0.7150,0.1610,0.1440,0.0620,0.0240,0.0000,0.0000,0.4100,1.0000,5.6420,187.8400,2.2330,0.0000,0.0000,0.0000,65.9447,0.0000,3082.0000,936.0000,0.0000,4.0000,6.0000,3.0000,2.0000
0.7410,0.1620,0.1350,0.0570,0.0240,0.0000,0.0000,0.4440,1.0000,5.6420,187.8400,2.2330,0.0000,0.0000,0.0000,65.9447,0.0000,3082.0000,936.0000,0.0000,4.0000,6.0000,3.0000,2.0000
0.6420,0.1380,0.1280,0.0540,0.0230,0.0000,0.0000,0.3760,1.0000,5.6420,187.8400,2.2330,0.0000,0.0000,0.0000,65.9447,0.0000,3082.0000,936.0000,0.0000,4.0000,6.0000,3.0000,2.0000
0.6590,0.1310,0.1530,0.0530,0.0230,0.0000,0.0000,0.3750,1.0000,5.6420,187.8400,2.2330,0.0000,0.0000,0.0000,65.9447,0.0000,3082.0000,936.0000,0.0000,4.0000,6.0000,3.0000,2.0000
0.7010,0.1340,0.1190,0.0540,0.0200,0.0000,0.0000,0.4480,1.0000,5.6420,187.8400,2.2330,0.0000,0.0000,0.0000,65.9447,0.0000,3082.0000,936.0000,0.0000,4.0000,6.0000,3.0000,2.0000
0.8320,0.1280,0.1790,0.0510,0.0300,0.0000,0.0000,0.5250,1.0000,5.6420,187.8400,2.2330,0.0000,0.0000,0.0000,65.9447,0.0000,3082.0000,936.0000,0.0000,4.0000,6.0000,3.0000,2.0000
0.7550,0.1780,0.1770,0.0780,0.0310,0.0000,0.0000,0.4000,1.0000,5.6420,187.8400,2.2330,0.0000,0.0000,0.0000,65.9447,0.0000,3082.0000,936.0000,0.0000,4.0000,6.0000,3.0000,2.0000
0.6540,0.1600,0.1640,0.0610,0.0260,0.0000,0.0000,0.3300,1.0000,5.6420,187.8400,2.2330,0.0000,0.0000,0.0000,65.9447,0.0000,3082.0000,936.0000,0.0000,4.0000,6.0000,3.0000,2.0000
0.6220,0.1440,0.1260,0.0600,0.0220,0.0000,0.0000,0.3520,1.0000,5.6420,187.8400,2.2330,0.0000,0.0000,0.0000,65.9447,0.0000,3082.0000,936.0000,0.0000,4.0000,6.0000,3.0000,2.0000
0.5740,0.1340,0.1250,0.0550,0.0220,0.0000,0.0000,0.3150,1.0000,5.6420,187.8400,2.2330,0.0000,0.0000,0.0000,65.9447,0.0000,3082.0000,936.0000,0.0000,4.0000,6.0000,3.0000,2.0000
0.6420,0.1320,0.1340,0.0530,0.0220,0.0000,0.0000,0.3760,1.0000,5.6420,187.8400,2.2330,0.0000,0.0000,0.0000,65.9447,0.0000,3082.0000,936.0000,0.0000,4.0000,6.0000,3.0000,2.0000
1.3980,0.1960,0.1270,0.0880,0.0230,0.0000,0.0000,1.0750,1.0000,5.6420,187.8400,2.2330,0.0000,0.0000,0.0000,65.9447,0.0000,3082.0000,936.0000,0.0000,4.0000,6.0000,3.0000,2.0000
0.8790,0.1270,0.1850,0.0520,0.0300,0.0000,0.0000,0.5670,1.0000,5.6420,187.8400,2.2330,0.0000,0.0000,0.0000,65.9447,0.0000,3082.0000,936.0000,0.0000,4.0000,6.0000,3.0000,2.0000
0.8730,0.1820,0.2060,0.0650,0.0570,0.0000,0.0000,0.4850,1.0000,5.6420,187.8400,2.2330,0.0000,0.0000,0.0000,65.9554,0.0000,3083.0000,936.0000,0.0000,4.0000,6.0000,3.0000,2.0000
0.7350,0.2400,0.1530,0.0630,0.0250,0.0000,0.0000,0.3420,1.0000,5.6420,187.8400,2.2330,0.0000,0.0000,0.0000,65.9554,0.0000,3083.0000,936.0000,0.0000,4.0000,6.0000,3.0000,2.0000
0.6770,0.1350,0.1350,0.0520,0.0240,0.0000,0.0000,0.4070,1.0000,5.6420,187.8400,2.2330,0.0000,0.0000,0.0000,65.9555,0.0000,3083.0000,936.0000,0.0000,4.0000,6.0000,3.0000,2.0000
0.6870,0.1330,0.1540,0.0540,0.0230,0.0000,0.0000,0.4000,1.0000,5.6420,187.8400,2.2330,0.0000,0.0000,0.0000,65.9555,0.0000,3083.0000,936.0000,0.0000,4.0000,6.0000,3.0000,2.0000
0.6060,0.1350,0.1290,0.0520,0.0310,0.0000,0.0000,0.3420,1.0000,5.6420,187.8400,2.2330,0.0000,0.0000,0.0000,65.9555,0.0000,3083.0000,936.0000,0.0000,4.0000,6.0000,3.0000,2.0000
0.6440,0.1300,0.1250,0.0510,0.0220,0.0000,0.0000,0.3890,1.0000,5.6420,187.8400,2.2330,0.0000,0.0000,0.0000,65.9555,0.0000,3083.0000,936.0000,0.0000,4.0000,6.0000,3.0000,2.0000
0.6970,0.1300,0.1810,0.0530,0.0810,0.0000,0.0000,0.3860,1.0000,5.6420,187.8400,2.2330,0.0000,0.0000,0.0000,65.9653,0.0000,3084.0000,936.0000,0.0000,4.0000,6.0000,3.0000,2.0000
0.6790,0.1840,0.1290,0.0570,0.0220,0.0000,0.0000,0.3660,1.0000,5.6420,187.8400,2.2330,0.0000,0.0000,0.0000,65.9653,0.0000,3084.0000,936.0000,0.0000,4.0000,6.0000,3.0000,2.0000
0.6170,0.1450,0.1360,0.0620,0.0240,0.0000,0.0000,0.3360,1.0000,5.6420,187.8400,2.2330,0.0000,0.0000,0.0000,65.9653,0.0000,3084.0000,936.0000,0.0000,4.0000,6.0000,3.0000,2.0000
0.6380,0.1390,0.1240,0.0570,0.0210,0.0000,0.0000,0.3750,1.0000,5.6420,187.8400,2.2330,0.0000,0.0000,0.0000,65.9653,0.0000,3084.0000,936.0000,0.0000,4.0000,6.0000,3.0000,2.0000
0.6410,0.1380,0.1210,0.0550,0.0220,0.0000,0.0000,0.3820,1.0000,5.6420,187.8400,2.2330,0.0000,0.0000,0.0000,65.9653,0.0000,3084.0000,936.0000,0.0000,4.0000,6.0000,3.0000,2.0000
0.7940,0.1390,0.1330,0.0520,0.0290,0.0000,0.0000,0.5220,1.0000,5.6420,187.8400,2.2330,0.0000,0.0000,0.0000,65.9653,0.0000,3084.0000,936.0000,0.0000,4.0000,6.0000,3.0000,2.0000
1.5460,0.1750,0.1950,0.0650,0.0300,0.0000,0.0000,1.1760,1.0000,5.6420,187.8400,2.2330,0.0000,0.0000,0.0000,65.9653,0.0000,3084.0000,936.0000,0.0000,4.0000,6.0000,3.0000,2.0000
1.2660,0.1560,0.3120,0.0600,0.0620,0.0000,0.0000,0.7980,1.0000,5.6420,187.8400,2.2330,0.0000,0.0000,0.0000,65.7946,0.0000,3066.0000,936.0000,0.0000,4.0000,6.0000,3.0000,2.0000
1.2910,0.2800,0.3580,0.1030,0.0500,0.0000,0.0000,0.6530,1.0000,5.6420,187.8400,2.2330,0.0000,0.0000,0.0000,65.7946,0.0000,3066.0000,936.0000,0.0000,4.0000,6.0000,3.0000,2.0000
1.1530,0.2700,0.2670,0.0920,0.0440,0.0000,0.0000,0.6160,1.0000,5.6420,187.8400,2.2330,0.0000,0.0000,0.0000,65.7946,0.0000,3066.0000,936.0000,0.0000,4.0000,6.0000,3.0000,2.0000
1.0960,0.2410,0.2730,0.0870,0.0430,0.0000,0.0000,0.5820,1.0000,5.6420,187.8400,2.2330,0.0000,0.0000,0.0000,65.7946,0.0000,3066.0000,936.0000,0.0000,4.0000,6.0000,3.0000,2.0000
1.0620,0.2720,0.2800,0.0970,0.0440,0.0000,0.0000,0.5100,1.0000,5.6420,187.8400,2.2330,0.0000,0.0000,0.0000,65.7946,0.0000,3066.0000,936.0000,0.0000,4.0000,6.0000,3.0000,2.0000
1.0850,0.3130,0.2670,0.1530,0.0440,0.0000,0.0000,0.5050,1.0000,5.6420,187.8400,2.2330,0.0000,0.0000,0.0000,65.7946,0.0000,3066.0000,936.0000,0.0000,4.0000,6.0000,3.0000,2.0000
1.1570,0.3100,0.2600,0.1070,0.0450,0.0000,0.0000,0.5870,1.0000,5.6420,187.8400,2.2330,0.0000,0.0000,0.0000,65.7946,0.0000,3066.0000,936.0000,0.0000,4.0000,6.0000,3.0000,2.0000
1.0650,0.3620,0.2810,0.1050,0.0450,0.0000,0.0000,0.4220,1.0000,5.6420,187.8400,2.2330,0.0000,0.0000,0.0000,65.7946,0.0000,3066.0000,936.0000,0.0000,4.0000,6.0000,3.0000,2.0000
1.1030,0.2520,0.2790,0.0910,0.0450,0.0000,0.0000,0.5720,1.0000,5.6420,187.8400,2.2330,0.0000,0.0000,0.0000,65.7946,0.0000,3066.0000,936.0000,0.0000,4.0000,6.0000,3.0000,2.0000
1.1190,0.2740,0.3440,0.0960,0.0450,0.0000,0.0000,0.5010,1.0000,5.6420,187.8400,2.2330,0.0000,0.0000,0.0000,65.7946,0.0000,3066.0000,936.0000,0.0000,4.0000,6.0000,3.0000,2.0000
1.6870,0.2450,0.6740,0.0880,0.3640,0.0000,0.0000,0.7680,1.0000,5.6420,187.8400,2.2330,0.0000,0.0000,0.0000,65.8185,0.0000,3069.0000,936.0000,0.0000,4.0000,6.0000,3.0000,2.0000
1.0940,0.4300,0.2750,0.1040,0.0420,0.0000,0.0000,0.3890,1.0000,5.6420,187.8400,2.2330,0.0000,0.0000,0.0000,65.8185,0.0000,3069.0000,936.0000,0.0000,4.0000,6.0000,3.0000,2.0000
1.0950,0.2470,0.2890,0.0890,0.0440,0.0000,0.0000,0.5590,1.0000,5.6420,187.8400,2.2330,0.0000,0.0000,0.0000,65.8186,0.0000,3069.0000,936.0000,0.0000,4.0000,6.0000,3.0000,2.0000
1.1850,0.2530,0.3100,0.0920,0.0460,0.0000,0.0000,0.6220,1.0000,5.6420,187.8400,2.2330,0.0000,0.0000,0.0000,65.8186,0.0000,3069.0000,936.0000,0.0000,4.0000,6.0000,3.0000,2.0000
1.1540,0.2490,0.3530,0.0880,0.0850,0.0000,0.0000,0.5520,1.0000,5.6420,187.8400,2.2330,0.0000,0.0000,0.0000,65.8186,0.0000,3069.0000,936.0000,0.0000,4.0000,6.0000,3.0000,2.0000
1.0970,0.2560,0.2600,0.0880,0.0420,0.0000,0.0000,0.5810,1.0000,5.6420,187.8400,2.2330,0.0000,0.0000,0.0000,65.8186,0.0000,3069.0000,936.0000,0.0000,4.0000,6.0000,3.0000,2.0000
1.2900,0.2650,0.3370,0.1160,0.1000,0.0000,0.0000,0.6880,1.0000,5.6420,187.8400,2.2330,0.0000,0.0000,0.0000,65.8388,0.0000,3071.0000,936.0000,0.0000,4.0000,6.0000,3.0000,2.0000
1.1060,0.4660,0.2530,0.1560,0.0420,0.0000,0.0000,0.3870,1.0000,5.6420,187.8400,2.2330,0.0000,0.0000,0.0000,65.8388,0.0000,3071.0000,936.0000,0.0000,4.0000,6.0000,3.0000,2.0000
1.2560,0.3130,0.2810,0.0990,0.0450,0.0000,0.0000,0.6620,1.0000,5.6420,187.8400,2.2330,0.0000,0.0000,0.0000,65.8387,0.0000,3071.0000,936.0000,0.0000,4.0000,6.0000,3.0000,3.0000
1.2380,0.3110,0.3230,0.1510,0.0510,0.0000,0.0000,0.6040,1.0000,5.6420,187.8400,2.2330,0.0000,0.0000,0.0000,65.8387,0.0000,3071.0000,936.0000,0.0000,4.0000,6.0000,3.0000,3.0000
1.1300,0.2600,0.2710,0.0930,0.0440,0.0000,0.0000,0.5990,1.0000,5.6420,187.8400,2.2330,0.0000,0.0000,0.0000,65.8387,0.0000,3071.0000,936.0000,0.0000,4.0000,6.0000,3.0000,3.0000
1.1090,0.2560,0.2770,0.1150,0.0480,0.0000,0.0000,0.5760,1.0000,5.6420,187.8400,2.2330,0.0000,0.0000,0.0000,65.8380,0.0000,3071.0000,936.0000,0.0000,4.0000,5.0000,3.0000,3.0000
1.2080,0.3210,0.3230,0.1450,0.0480,0.0000,0.0000,0.5640,1.0000,5.6420,187.8400,2.2330,0.0000,0.0000,0.0000,65.8380,0.0000,3071.0000,936.0000,0.0000,4.0000,5.0000,3.0000,3.0000
1.1630,0.3340,0.2990,0.1020,0.0470,0.0000,0.0000,0.5300,1.0000,5.6420,187.8400,2.2330,0.0000,0.0000,0.0000,65.8380,0.0000,3071.0000,936.0000,0.0000,4.0000,5.0000,3.0000,3.0000
1.1330,0.3150,0.3260,0.0990,0.0920,0.0000,0.0000,0.4920,1.0000,5.6420,187.8400,2.2330,0.0000,0.0000,0.0000,65.8380,0.0000,3071.0000,936.0000,0.0000,4.0000,5.0000,3.0000,3.0000
1.1690,0.2570,0.3310,0.0980,0.0500,0.0000,0.0000,0.5810,1.0000,5.6420,187.8400,2.2330,0.0000,0.0000,0.0000,65.8380,0.0000,3071.0000,936.0000,0.0000,4.0000,5.0000,3.0000,3.0000
1.2040,0.2420,0.2650,0.0890,0.0490,0.0000,0.0000,0.6970,1.0000,5.6420,187.8400,2.2330,0.0000,0.0000,0.0000,65.8380,0.0000,3071.0000,936.0000,0.0000,4.0000,5.0000,3.0000,3.0000
1.1050,0.2690,0.2620,0.1120,0.0410,0.0000,0.0000,0.5740,1.0000,5.6420,187.8400,2.2330,0.0000,0.0000,0.0000,65.8380,0.0000,3071.0000,936.0000,0.0000,4.0000,5.0000,3.0000,3.0000
1.0910,0.2740,0.2680,0.0960,0.0440,0.0000,0.0000,0.5490,1.0000,5.6420,187.8400,2.2330,0.0000,0.0000,0.0000,65.8380,0.0000,3071.0000,936.0000,0.0000,4.0000,5.0000,3.0000,3.0000
1.3180,0.3420,0.3200,0.1620,0.0870,0.0000,0.0000,0.6560,1.0000,5.6420,187.8400,2.2330,0.0000,0.0000,0.0000,65.8485,0.0000,3072.0000,936.0000,0.0000,4.0000,6.0000,3.0000,3.0000
1.2590,0.4180,0.3220,0.1080,0.0510,0.0000,0.0000,0.5190,1.0000,5.6420,187.8400,2.2330,0.0000,0.0000,0.0000,65.8485,0.0000,3072.0000,936.0000,0.0000,4.0000,6.0000,3.0000,3.0000
1.1320,0.2640,0.2710,0.0980,0.0440,0.0000,0.0000,0.5970,1.0000,5.6420,187.8400,2.2330,0.0000,0.0000,0.0000,65.8486,0.0000,3072.0000,936.0000,0.0000,4.0000,6.0000,3.0000,3.0000
1.1180,0.2650,0.3040,0.1020,0.0450,0.0000,0.0000,0.5490,1.0000,5.6420,187.8400,2.2330,0.0000,0.0000,0.0000,65.8479,0.0000,3072.0000,936.0000,0.0000,4.0000,5.0000,3.0000,3.0000
1.2710,0.2750,0.3130,0.1170,0.0840,0.0000,0.0000,0.6830,1.0000,5.6420,187.8400,2.2330,0.0000,0.0000,0.0000,65.8582,0.0000,3073.0000,936.0000,0.0000,4.0000,5.0000,3.0000,3.0000
1.1770,0.4410,0.2920,0.2180,0.0610,0.0000,0.0000,0.4440,1.0000,5.6420,187.8400,2.2330,0.0000,0.0000,0.0000,65.8582,0.0000,3073.0000,936.0000,0.0000,4.0000,5.0000,3.0000,3.0000
1.1630,0.2590,0.3550,0.0970,0.0950,0.0000,0.0000,0.5490,1.0000,5.6420,187.8400,2.2330,0.0000,0.0000,0.0000,65.8582,0.0000,3073.0000,936.0000,0.0000,4.0000,5.0000,3.0000,3.0000
1.1080,0.2510,0.3050,0.0930,0.0420,0.0000,0.0000,0.5520,1.0000,5.6420,187.8400,2.2330,0.0000,0.0000,0.0000,65.8582,0.0000,3073.0000,936.0000,0.0000,4.0000,5.0000,3.0000,3.0000
1.1490,0.2530,0.3570,0.0980,0.0430,0.0000,0.0000,0.5390,1.0000,5.6420,187.8400,2.2330,0.0000,0.0000,0.0000,65.8582,0.0000,3073.0000,936.0000,0.0000,4.0000,5.0000,3.0000,3.0000
1.2240,0.2540,0.2700,0.0960,0.0430,0.0000,0.0000,0.7000,1.0000,5.6420,187.8400,2.2330,0.0000,0.0000,0.0000,65.8582,0.0000,3073.0000,936.0000,0.0000,4.0000,5.0000,3.0000,3.0000
1.6060,0.3030,0.6020,0.1100,0.3730,0.0000,0.0000,0.7010,1.0000,5.6420,187.8400,2.2330,0.0000,0.0000,0.0000,65.8722,0.0000,3075.0000,936.0000,0.0000,4.0000,5.0000,3.0000,3.0000
1.3650,0.3220,0.4130,0.1120,0.0510,0.0000,0.0000,0.6300,1.0000,5.6420,187.8400,2.2330,0.0000,0.0000,0.0000,65.8722,0.0000,3075.0000,936.0000,0.0000,4.0000,5.0000,3.0000,3.0000
1.2590,0.2980,0.3110,0.1170,0.0560,0.0000,0.0000,0.6500,1.0000,5.6420,187.8400,2.2330,0.0000,0.0000,0.0000,65.8723,0.0000,3075.0000,936.0000,0.0000,4.0000,5.0000,3.0000,3.0000
1.2150,0.3430,0.3280,0.1810,0.0560,0.0000,0.0000,0.5440,1.0000,5.6420,187.8400,2.2330,0.0000,0.0000,0.0000,65.8723,0.0000,3075.0000,936.0000,0.0000,4.0000,5.0000,3.0000,3.0000
1.1990,0.2480,0.3020,0.0910,0.0430,0.0000,0.0000,0.6490,1.0000,5.6420,187.8400,2.2330,0.0000,0.0000,0.0000,65.8723,0.0000,3075.0000,936.0000,0.0000,4.0000,5.0000,3.0000,2.0000
1.1800,0.2770,0.3190,0.0990,0.0530,0.0000,0.0000,0.5840,1.0000,5.6420,187.8400,2.2330,0.0000,0.0000,0.0000,65.8723,0.0000,3075.0000,936.0000,0.0000,4.0000,5.0000,3.0000,2.0000
1.0680,0.2600,0.2800,0.1070,0.0510,0.0000,0.0000,0.5280,1.0000,5.6420,187.8400,2.2330,0.0000,0.0000,0.0000,65.8723,0.0000,3075.0000,936.0000,0.0000,4.0000,5.0000,3.0000,2.0000
1.2500,0.2620,0.2690,0.1110,0.0450,0.0000,0.0000,0.7190,1.0000,5.6420,187.8400,2.2330,0.0000,0.0000,0.0000,65.8723,0.0000,3075.0000,936.0000,0.0000,4.0000,5.0000,3.0000,2.0000
1.2080,0.3020,0.3070,0.1050,0.0640,0.0000,0.0000,0.5990,1.0000,5.6420,187.8400,2.2330,0.0000,0.0000,0.0000,65.8723,0.0000,3075.0000,936.0000,0.0000,4.0000,5.0000,3.0000,2.0000
1.0620,0.3280,0.2650,0.0970,0.0430,0.0000,0.0000,0.4690,1.0000,5.6420,187.8400,2.2330,0.0000,0.0000,0.0000,65.8723,0.0000,3075.0000,936.0000,0.0000,4.0000,5.0000,3.0000,2.0000
1.0730,0.2340,0.3350,0.0870,0.0510,0.0000,0.0000,0.5040,1.0000,5.6420,187.8400,2.2330,0.0000,0.0000,0.0000,65.8723,0.0000,3075.0000,936.0000,0.0000,4.0000,5.0000,3.0000,2.0000
1.2850,0.2540,0.3810,0.0950,0.0510,0.0000,0.0000,0.6500,1.0000,5.6420,187.8400,2.2330,0.0000,0.0000,0.0000,65.8723,0.0000,3075.0000,936.0000,0.0000,4.0000,5.0000,3.0000,2.0000
1.1170,0.2530,0.2740,0.0960,0.0480,0.0000,0.0000,0.5900,1.0000,5.6420,187.8400,2.2330,0.0000,0.0000,0.0000,65.8723,0.0000,3075.0000,936.0000,0.0000,4.0000,5.0000,3.0000,2.0000
1.2000,0.2840,0.3030,0.1080,0.0840,0.0000,0.0000,0.6130,1.0000,5.6420,187.8400,2.2330,0.0000,0.0000,0.0000,65.8826,0.0000,3076.0000,936.0000,0.0000,4.0000,5.0000,3.0000,2.0000
1.1410,0.3960,0.2710,0.1610,0.0450,0.0000,0.0000,0.4740,1.0000,5.6420,187.8400,2.2330,0.0000,0.0000,0.0000,65.8826,0.0000,3076.0000,936.0000,0.0000,4.0000,5.0000,3.0000,2.0000
1.1410,0.3690,0.2910,0.0960,0.0490,0.0000,0.0000,0.4810,1.0000,5.6420,187.8400,2.2330,0.0000,0.0000,0.0000,65.8826,0.0000,3076.0000,936.0000,0.0000,4.0000,5.0000,3.0000,2.0000
1.0890,0.2570,0.3510,0.0880,0.1030,0.0000,0.0000,0.4810,1.0000,5.6420,187.8400,2.2330,0.0000,0.0000,0.0000,65.8826,0.0000,3076.0000,936.0000,0.0000,4.0000,5.0000,3.0000,2.0000
1.2870,0.2430,0.3680,0.0870,0.0900,0.0000,0.0000,0.6760,1.0000,5.6420,187.8400,2.2330,0.0000,0.0000,0.0000,65.8929,0.0000,3077.0000,936.0000,0.0000,4.0000,5.0000,3.0000,2.0000
1.2250,0.3010,0.3110,0.0970,0.0470,0.0000,0.0000,0.6130,1.0000,5.6420,187.8400,2.2330,0.0000,0.0000,0.0000,65.8929,0.0000,3077.0000,936.0000,0.0000,4.0000,5.0000,3.0000,2.0000
1.1110,0.2540,0.2850,0.1110,0.0480,0.0000,0.0000,0.5720,1.0000,5.6420,187.8400,2.2330,0.0000,0.0000,0.0000,65.8929,0.0000,3077.0000,936.0000,0.0000,4.0000,5.0000,3.0000,2.0000
1.1140,0.3440,0.2560,0.1600,0.0430,0.0000,0.0000,0.5140,1.0000,5.6420,187.8400,2.2330,0.0000,0.0000,0.0000,65.8929,0.0000,3077.0000,936.0000,0.0000,4.0000,5.0000,3.0000,2.0000
1.2350,0.3200,0.2860,0.0950,0.0620,0.0000,0.0000,0.6290,1.0000,5.6420,187.8400,2.2330,0.0000,0.0000,0.0000,65.8944,0.0000,3078.0000,936.0000,0.0000,4.0000,5.0000,3.0000,2.0000
1.1630,0.2540,0.3240,0.0900,0.0440,0.0000,0.0000,0.5850,1.0000,5.6420,187.8400,2.2330,0.0000,0.0000,0.0000,65.8944,0.0000,3078.0000,936.0000,0.0000,4.0000,5.0000,3.0000,2.0000
1.1400,0.2560,0.3140,0.0900,0.0420,0.0000,0.0000,0.5700,1.0000,5.6420,187.8400,2.2330,0.0000,0.0000,0.0000,65.8944,0.0000,3078.0000,936.0000,0.0000,4.0000,5.0000,3.0000,2.0000
1.1230,0.2830,0.2790,0.1020,0.0440,0.0000,0.0000,0.5610,1.0000,5.6420,187.8400,2.2330,0.0000,0.0000,0.0000,65.8944,0.0000,3078.0000,936.0000,0.0000,4.0000,5.0000,3.0000,2.0000
1.0650,0.2870,0.2630,0.1270,0.0410,0.0000,0.0000,0.5150,1.0000,5.6420,187.8400,2.2330,0.0000,0.0000,0.0000,65.8944,0.0000,3078.0000,936.0000,0.0000,4.0000,5.0000,3.0000,2.0000
1.1250,0.2600,0.2750,0.1110,0.0430,0.0000,0.0000,0.5900,1.0000,5.6420,187.8400,2.2330,0.0000,0.0000,0.0000,65.8944,0.0000,3078.0000,936.0000,0.0000,4.0000,5.0000,3.0000,2.0000
1.0830,0.3480,0.2570,0.1530,0.0410,0.0000,0.0000,0.4780,1.0000,5.6420,187.8400,2.2330,0.0000,0.0000,0.0000,65.8944,0.0000,3078.0000,936.0000,0.0000,4.0000,5.0000,3.0000,2.0000
1.1560,0.3060,0.2680,0.0920,0.0430,0.0000,0.0000,0.5820,1.0000,5.6420,187.8400,2.2330,0.0000,0.0000,0.0000,65.8944,0.0000,3078.0000,936.0000,0.0000,4.0000,5.0000,3.0000,2.0000
1.1060,0.3600,0.2800,0.0950,0.0430,0.0000,0.0000,0.4660,1.0000,5.6420,187.8400,2.2330,0.0000,0.0000,0.0000,65.8944,0.0000,3078.0000,936.0000,0.0000,4.0000,5.0000,3.0000,2.0000
1.1420,0.2610,0.3400,0.0900,0.0980,0.0000,0.0000,0.5410,1.0000,5.6420,187.8400,2.2330,0.0000,0.0000,0.0000,65.8944,0.0000,3078.0000,936.0000,0.0000,4.0000,5.0000,3.0000,2.0000
1.1460,0.2810,0.3150,0.1140,0.0460,0.0000,0.0000,0.5500,1.0000,5.6420,187.8400,2.2330,0.0000,0.0000,0.0000,65.8944,0.0000,3078.0000,936.0000,0.0000,4.0000,5.0000,3.0000,2.0000
1.2000,0.2620,0.3230,0.0960,0.0480,0.0000,0.0000,0.6150,1.0000,5.6420,187.8400,2.2330,0.0000,0.0000,0.0000,65.8944,0.0000,3078.0000,936.0000,0.0000,4.0000,5.0000,3.0000,2.0000
1.0710,0.2690,0.2740,0.1120,0.0430,0.0000,0.0000,0.5280,1.0000,5.6420,187.8400,2.2330,0.0000,0.0000,0.0000,65.8944,0.0000,3078.0000,936.0000,0.0000,4.0000,5.0000,3.0000,2.0000
1.1100,0.2880,0.2490,0.0920,0.0420,0.0000,0.0000,0.5730,1.0000,5.6420,187.8400,2.2330,0.0000,0.0000,0.0000,65.8944,0.0000,3078.0000,936.0000,0.0000,4.0000,5.0000,3.0000,2.0000
1.1990,0.3490,0.2660,0.1560,0.0430,0.0000,0.0000,0.5840,1.0000,5.6420,187.8400,2.2330,0.0000,0.0000,0.0000,65.8944,0.0000,3078.0000,936.0000,0.0000,4.0000,5.0000,3.0000,1.0000
1.3340,0.3820,0.3410,0.1680,0.1110,0.0000,0.0000,0.6110,1.0000,5.6420,187.8400,2.2330,0.0000,0.0000,0.0000,65.9146,0.0000,3080.0000,936.0000,0.0000,4.0000,5.0000,3.0000,1.0000
1.1650,0.3680,0.3180,0.1070,0.0470,0.0000,0.0000,0.4790,1.0000,5.6420,187.8400,2.2330,0.0000,0.0000,0.0000,65.9146,0.0000,3080.0000,936.0000,0.0000,4.0000,5.0000,3.0000,1.0000
1.2120,0.2280,0.2780,0.0800,0.0480,0.0000,0.0000,0.7060,1.0000,5.6420,187.8400,2.2330,0.0000,0.0000,0.0000,65.9147,0.0000,3080.0000,936.0000,0.0000,4.0000,5.0000,3.0000,1.0000
1.1680,0.2700,0.2610,0.1070,0.0440,0.0000,0.0000,0.6370,1.0000,5.6420,187.8400,2.2330,0.0000,0.0000,0.0000,65.9147,0.0000,3080.0000,936.0000,0.0000,4.0000,5.0000,3.0000,1.0000
1.2610,0.3370,0.4240,0.1570,0.0550,0.0000,0.0000,0.5000,1.0000,5.6420,187.8400,2.2330,0.0000,0.0000,0.0000,65.9147,0.0000,3080.0000,936.0000,0.0000,4.0000,5.0000,3.0000,1.0000
1.2880,0.2480,0.3890,0.0850,0.1510,0.0000,0.0000,0.6510,1.0000,5.6420,187.8400,2.2330,0.0000,0.0000,0.0000,65.7988,0.0000,3068.0000,936.0000,0.0000,4.0000,5.0000,3.0000,1.0000
1.1410,0.2550,0.3140,0.0850,0.0460,0.0000,0.0000,0.5720,1.0000,5.6420,187.8400,2.2330,0.0000,0.0000,0.0000,65.7988,0.0000,3068.0000,936.0000,0.0000,4.0000,5.0000,3.0000,1.0000
1.2420,0.2740,0.3500,0.1110,0.0510,0.0000,0.0000,0.6180,1.0000,5.6420,187.8400,2.2330,0.0000,0.0000,0.0000,65.7988,0.0000,3068.0000,936.0000,0.0000,4.0000,5.0000,3.0000,1.0000
1.1760,0.2750,0.3000,0.0910,0.0460,0.0000,0.0000,0.6010,1.0000,5.6420,187.8400,2.2330,0.0000,0.0000,0.0000,65.7988,0.0000,3068.0000,936.0000,0.0000,4.0000,5.0000,3.0000,1.0000
1.5110,0.2970,0.2960,0.0850,0.0470,0.0000,0.0000,0.9180,1.0000,5.6420,187.8400,2.2330,0.0000,0.0000,0.0000,65.7988,0.0000,3068.0000,936.0000,0.0000,4.0000,5.0000,3.0000,1.0000
0.7380,0.2440,0.2180,0.0740,0.0490,0.0000,0.0000,0.2760,1.0000,5.6420,187.8400,2.2330,0.0000,0.0000,0.0000,65.7988,0.0000,3068.0000,936.0000,0.0000,4.0000,5.0000,3.0000,1.0000
0.6420,0.1600,0.1440,0.0580,0.0230,0.0000,0.0000,0.3380,1.0000,5.6420,187.8400,2.2330,0.0000,0.0000,0.0000,65.7988,0.0000,3068.0000,936.0000,0.0000,4.0000,5.0000,3.0000,1.0000
0.5580,0.1420,0.1380,0.0530,0.0240,0.0000,0.0000,0.2780,1.0000,5.6420,187.8400,2.2330,0.0000,0.0000,0.0000,65.7988,0.0000,3068.0000,936.0000,0.0000,4.0000,5.0000,3.0000,1.0000
0.5830,0.1310,0.1300,0.0490,0.0240,0.0000,0.0000,0.3220,1.0000,5.6420,187.8400,2.2330,0.0000,0.0000,0.0000,65.7988,0.0000,3068.0000,936.0000,0.0000,4.0000,5.0000,3.0000,1.0000
0.6130,0.1470,0.1280,0.0530,0.0240,0.0000,0.0000,0.3380,1.0000,5.6420,187.8400,2.2330,0.0000,0.0000,0.0000,65.7988,0.0000,3068.0000,936.0000,0.0000,4.0000,5.0000,3.0000,1.0000
0.6150,0.1250,0.1590,0.0480,0.0260,0.0000,0.0000,0.3310,1.0000,5.6420,187.8400,2.2330,0.0000,0.0000,0.0000,65.7976,0.0000,3067.0000,936.0000,0.0000,4.0000,5.0000,3.0000,1.0000
0.5870,0.1500,0.1250,0.0560,0.0220,0.0000,0.0000,0.3120,1.0000,5.6420,187.8400,2.2330,0.0000,0.0000,0.0000,65.7976,0.0000,3067.0000,936.0000,0.0000,4.0000,5.0000,3.0000,1.0000
0.5680,0.1360,0.1290,0.0530,0.0220,0.0000,0.0000,0.3030,1.0000,5.6420,187.8400,2.2330,0.0000,0.0000,0.0000,65.7976,0.0000,3067.0000,936.0000,0.0000,4.0000,5.0000,3.0000,1.0000
0.5970,0.1350,0.1440,0.0620,0.0220,0.0000,0.0000,0.3180,1.0000,5.6420,187.8400,2.2330,0.0000,0.0000,0.0000,65.7976,0.0000,3067.0000,936.0000,0.0000,4.0000,5.0000,3.0000,1.0000
0.5810,0.1380,0.1190,0.0520,0.0220,0.0000,0.0000,0.3240,1.0000,5.6420,187.8400,2.2330,0.0000,0.0000,0.0000,65.7976,0.0000,3067.0000,936.0000,0.0000,4.0000,5.0000,3.0000,1.0000
0.5790,0.1220,0.1200,0.0490,0.0210,0.0000,0.0000,0.3370,1.0000,5.6420,187.8400,2.2330,0.0000,0.0000,0.0000,65.7976,0.0000,3067.0000,936.0000,0.0000,4.0000,5.0000,3.0000,1.0000
0.6330,0.1270,0.1170,0.0510,0.0210,0.0000,0.0000,0.3890,1.0000,5.6420,187.8400,2.2330,0.0000,0.0000,0.0000,65.7976,0.0000,3067.0000,936.0000,0.0000,4.0000,5.0000,3.0000,1.0000
0.6070,0.1520,0.1330,0.0550,0.0240,0.0000,0.0000,0.3220,1.0000,5.6420,187.8400,2.2330,0.0000,0.0000,0.0000,65.7976,0.0000,3067.0000,936.0000,0.0000,4.0000,5.0000,3.0000,1.0000
0.7450,0.1350,0.1710,0.0530,0.0510,0.0000,0.0000,0.4390,1.0000,5.6420,187.8400,2.2330,0.0000,0.0000,0.0000,65.8074,0.0000,3068.0000,936.0000,0.0000,4.0000,5.0000,3.0000,1.0000
0.5940,0.1900,0.1260,0.0550,0.0210,0.0000,0.0000,0.2780,1.0000,5.6420,187.8400,2.2330,0.0000,0.0000,0.0000,65.8074,0.0000,3068.0000,936.0000,0.0000,4.0000,5.0000,3.0000,1.0000
0.5680,0.1570,0.1230,0.0520,0.0210,0.0000,0.0000,0.2880,1.0000,5.6420,187.8400,2.2330,0.0000,0.0000,0.0000,65.8074,0.0000,3068.0000,936.0000,0.0000,4.0000,5.0000,3.0000,1.0000
0.6720,0.1220,0.1140,0.0490,0.0200,0.0000,0.0000,0.4360,1.0000,5.6420,187.8400,2.2330,0.0000,0.0000,0.0000,65.8074,0.0000,3068.0000,936.0000,0.0000,4.0000,5.0000,3.0000,1.0000
1.1770,0.1290,0.1960,0.0510,0.0310,0.0000,0.0000,0.8520,1.0000,5.6420,187.8400,2.2330,0.0000,0.0000,0.0000,65.8074,0.0000,3068.0000,936.0000,0.0000,4.0000,5.0000,3.0000,1.0000
0.9040,0.4210,0.2880,0.0870,0.0700,0.0000,0.0000,0.1950,1.0000,5.6420,187.8400,2.2330,0.0000,0.0000,0.0000,65.8074,0.0000,3068.0000,936.0000,0.0000,4.0000,5.0000,3.0000,1.0000
0.7750,0.2150,0.1630,0.0720,0.0280,0.0000,0.0000,0.3970,1.0000,5.6420,187.8400,2.2330,0.0000,0.0000,0.0000,65.8074,0.0000,3068.0000,936.0000,0.0000,4.0000,5.0000,3.0000,2.0000
0.8990,0.2610,0.1710,0.1200,0.0310,0.0000,0.0000,0.4670,1.0000,5.6420,187.8400,2.2330,0.0000,0.0000,0.0000,65.8074,0.0000,3068.0000,936.0000,0.0000,4.0000,5.0000,3.0000,2.0000
0.8570,0.1650,0.1980,0.0620,0.0330,0.0000,0.0000,0.4940,1.0000,5.6420,187.8400,2.2330,0.0000,0.0000,0.0000,65.8074,0.0000,3068.0000,936.0000,0.0000,4.0000,5.0000,3.0000,2.0000
0.7160,0.1900,0.1930,0.0680,0.0320,0.0000,0.0000,0.3330,1.0000,5.6420,187.8400,2.2330,0.0000,0.0000,0.0000,65.8074,0.0000,3068.0000,936.0000,0.0000,4.0000,5.0000,3.0000,2.0000
0.6380,0.1660,0.1700,0.0630,0.0270,0.0000,0.0000,0.3020,1.0000,5.6420,187.8400,2.2330,0.0000,0.0000,0.0000,65.8074,0.0000,3068.0000,936.0000,0.0000,4.0000,5.0000,3.0000,2.0000
0.5870,0.1560,0.1360,0.0680,0.0250,0.0000,0.0000,0.2950,1.0000,5.6420,187.8400,2.2330,0.0000,0.0000,0.0000,65.8074,0.0000,3068.0000,936.0000,0.0000,4.0000,5.0000,3.0000,2.0000
0.6150,0.1360,0.1320,0.0550,0.0240,0.0000,0.0000,0.3470,1.0000,5.6420,187.8400,2.2330,0.0000,0.0000,0.0000,65.8074,0.0000,3068.0000,936.0000,0.0000,4.0000,5.0000,3.0000,2.0000
0.6000,0.1460,0.1310,0.0570,0.0240,0.0000,0.0000,0.3230,1.0000,5.6420,187.8400,2.2330,0.0000,0.0000,0.0000,65.8074,0.0000,3068.0000,936.0000,0.0000,4.0000,5.0000,3.0000,2.0000
0.6230,0.1630,0.1540,0.0560,0.0250,0.0000,0.0000,0.3060,1.0000,5.6420,187.8400,2.2330,0.0000,0.0000,0.0000,65.8074,0.0000,3068.0000,936.0000,0.0000,4.0000,5.0000,3.0000,2.0000
0.6640,0.1460,0.1530,0.0650,0.0260,0.0000,0.0000,0.3650,1.0000,5.6420,187.8400,2.2330,0.0000,0.0000,0.0000,65.8074,0.0000,3068.0000,936.0000,0.0000,4.0000,5.0000,3.0000,2.0000
24.9300,0.1810,0.1370,0.0810,0.0250,0.0000,0.0000,24.6120,1.0000,5.6420,187.8400,2.2330,0.0000,0.0000,0.0000,65.8074,0.0000,3068.0000,936.0000,0.0000,4.0000,5.0000,3.0000,2.0000
1.0890,0.1310,0.1840,0.0520,0.0300,0.0000,0.0000,0.7740,1.0000,5.6420,187.8400,2.2330,0.0000,0.0000,0.0000,65.8074,0.0000,3068.0000,936.0000,0.0000,4.0000,5.0000,3.0000,2.0000
0.8470,0.2640,0.1960,0.0930,0.0300,0.0000,0.0000,0.3870,1.0000,5.6420,187.8400,2.2330,0.0000,0.0000,0.0000,65.8074,0.0000,3068.0000,936.0000,0.0000,4.0000,5.0000,3.0000,2.0000
0.6190,0.2100,0.1600,0.0570,0.0270,0.0000,0.0000,0.2490,1.0000,5.6420,187.8400,2.2330,0.0000,0.0000,0.0000,65.8074,0.0000,3068.0000,936.0000,0.0000,4.0000,5.0000,3.0000,2.0000
1.7510,0.1300,0.1650,0.0510,0.0250,0.0000,0.0000,1.4560,1.0000,5.6420,187.8400,2.2330,0.0000,0.0000,0.0000,65.8074,0.0000,3068.0000,936.0000,0.0000,4.0000,5.0000,3.0000,2.0000
1.1490,0.3050,0.3220,0.0970,0.0490,0.0000,0.0000,0.5220,1.0000,5.6420,187.8400,2.2330,0.0000,0.0000,0.0000,65.8074,0.0000,3068.0000,936.0000,0.0000,4.0000,5.0000,3.0000,2.0000
1.1030,0.2470,0.2460,0.0940,0.0430,0.0000,0.0000,0.6100,1.0000,5.6420,187.8400,2.2330,0.0000,0.0000,0.0000,65.8074,0.0000,3068.0000,936.0000,0.0000,4.0000,5.0000,3.0000,2.0000
1.3380,0.2290,0.3290,0.0870,0.0830,0.0000,0.0000,0.7800,1.0000,5.6420,187.8400,2.2330,0.0000,0.0000,0.0000,65.8176,0.0000,3069.0000,936.0000,0.0000,4.0000,5.0000,3.0000,2.0000
1.0690,0.3640,0.2460,0.1560,0.0400,0.0000,0.0000,0.4590,1.0000,5.6420,187.8400,2.2330,0.0000,0.0000,0.0000,65.8176,0.0000,3069.0000,936.0000,0.0000,4.0000,5.0000,3.0000,2.0000
1.2160,0.2850,0.2880,0.0940,0.0960,0.0000,0.0000,0.6430,1.0000,5.6420,187.8400,2.2330,0.0000,0.0000,0.0000,65.8279,0.0000,3070.0000,936.0000,0.0000,4.0000,5.0000,3.0000,2.0000
1.2760,0.3150,0.3060,0.0870,0.1010,0.0000,0.0000,0.6550,1.0000,5.6420,187.8400,2.2330,0.0000,0.0000,0.0000,65.8279,0.0000,3070.0000,936.0000,0.0000,4.0000,5.0000,3.0000,2.0000
2.1150,0.2750,0.2460,0.0990,0.0340,0.0000,0.0000,1.5940,1.0000,5.6420,187.8400,2.2330,0.0000,0.0000,0.0000,65.8280,0.0000,3070.0000,936.0000,0.0000,4.0000,5.0000,3.0000,2.0000
0.9710,0.1910,0.2420,0.0670,0.0370,0.0000,0.0000,0.5380,1.0000,5.6420,187.8400,2.2330,0.0000,0.0000,0.0000,65.8280,0.0000,3070.0000,936.0000,0.0000,4.0000,5.0000,3.0000,2.0000
1.5970,0.2400,0.7810,0.1090,0.0430,0.0000,0.0000,0.5760,1.0000,5.6420,187.8400,2.2330,0.0000,0.0000,0.0000,65.8280,0.0000,3070.0000,936.0000,0.0000,4.0000,5.0000,3.0000,2.0000
0.9160,0.2650,0.1900,0.1290,0.0320,0.0000,0.0000,0.4610,1.0000,5.6420,187.8400,2.2330,0.0000,0.0000,0.0000,65.8280,0.0000,3070.0000,936.0000,0.0000,4.0000,5.0000,3.0000,2.0000
1.0580,0.2050,0.1960,0.0820,0.0310,0.0000,0.0000,0.6570,1.0000,5.6420,187.8400,2.2330,0.0000,0.0000,0.0000,65.8280,0.0000,3070.0000,936.0000,0.0000,4.0000,5.0000,3.0000,2.0000
3.4480,0.3570,0.1970,0.0960,0.0380,0.0000,0.0000,2.8940,1.0000,5.6420,187.8400,2.2330,0.0000,0.0000,0.0000,65.8280,0.0000,3070.0000,936.0000,0.0000,4.0000,5.0000,3.0000,2.0000
0.9740,0.5210,0.2450,0.1200,0.0390,0.0000,0.0000,0.2080,1.0000,5.6420,187.8400,2.2330,0.0000,0.0000,0.0000,65.8280,0.0000,3070.0000,936.0000,0.0000,4.0000,5.0000,3.0000,2.0000
1.5740,0.2120,0.4450,0.0790,0.2470,0.0000,0.0000,0.9170,1.0000,5.6420,187.8400,2.2330,0.0000,0.0000,0.0000,65.8280,0.0000,3070.0000,936.0000,0.0000,4.0000,5.0000,3.0000,2.0000
1.0870,0.4550,0.2830,0.1680,0.0430,0.0000,0.0000,0.3490,1.0000,5.6420,187.8400,2.2330,0.0000,0.0000,0.0000,65.8280,0.0000,3070.0000,936.0000,0.0000,4.0000,5.0000,3.0000,2.0000
0.8990,0.2180,0.2130,0.0820,0.0350,0.0000,0.0000,0.4680,1.0000,5.6420,187.8400,2.2330,0.0000,0.0000,0.0000,65.8280,0.0000,3070.0000,936.0000,0.0000,4.0000,5.0000,3.0000,2.0000
1.1990,0.2030,0.2060,0.0770,0.0350,0.0000,0.0000,0.7900,1.0000,5.6420,187.8400,2.2330,0.0000,0.0000,0.0000,65.8278,0.0000,3070.0000,936.0000,0.0000,4.0000,5.0000,3.0000,3.0000
1.4910,0.4950,0.3090,0.2040,0.0620,0.0000,0.0000,0.6870,1.0000,5.6420,187.8400,2.2330,0.0000,0.0000,0.0000,65.8278,0.0000,3070.0000,936.0000,0.0000,4.0000,5.0000,3.0000,3.0000
1.2050,0.3090,0.3260,0.1150,0.0560,0.0000,0.0000,0.5700,1.0000,5.6420,187.8400,2.2330,0.0000,0.0000,0.0000,65.8278,0.0000,3070.0000,936.0000,0.0000,4.0000,5.0000,3.0000,3.0000
1.5550,0.2730,0.3640,0.0860,0.0590,0.0000,0.0000,0.9180,1.0000,5.6420,187.8400,2.2330,0.0000,0.0000,0.0000,65.8278,0.0000,3070.0000,936.0000,0.0000,4.0000,5.0000,3.0000,3.0000
1.3410,0.3770,0.2540,0.1440,0.0530,0.0000,0.0000,0.7100,1.0000,5.6420,187.8400,2.2330,0.0000,0.0000,0.0000,65.8278,0.0000,3070.0000,936.0000,0.0000,4.0000,5.0000,3.0000,3.0000
1.3630,0.3950,0.4330,0.1820,0.1320,0.0000,0.0000,0.5350,1.0000,5.6420,187.8400,2.2330,0.0000,0.0000,0.0000,65.8381,0.0000,3071.0000,936.0000,0.0000,4.0000,5.0000,3.0000,3.0000
1.4250,0.2830,0.4220,0.0920,0.0590,0.0000,0.0000,0.7200,1.0000,5.6420,187.8400,2.2330,0.0000,0.0000,0.0000,65.8381,0.0000,3071.0000,936.0000,0.0000,4.0000,5.0000,3.0000,3.0000
1.1070,0.3270,0.2700,0.1330,0.0510,0.0000,0.0000,0.5100,1.0000,5.6420,187.8400,2.2330,0.0000,0.0000,0.0000,65.8381,0.0000,3071.0000,936.0000,0.0000,4.0000,5.0000,3.0000,3.0000
0.8510,0.3570,0.2110,0.1580,0.0360,0.0000,0.0000,0.2830,1.0000,5.6420,187.8400,2.2330,0.0000,0.0000,0.0000,65.8381,0.0000,3071.0000,936.0000,0.0000,4.0000,5.0000,3.0000,3.0000
1.0410,0.1950,0.2120,0.0700,0.0670,0.0000,0.0000,0.6340,1.0000,5.6420,187.8400,2.2330,0.0000,0.0000,0.0000,65.8488,0.0000,3072.0000,936.0000,0.0000,4.0000,5.0000,3.0000,3.0000
1.3080,0.2310,0.2950,0.0760,0.0540,0.0000,0.0000,0.7820,1.0000,5.6420,187.8400,2.2330,0.0000,0.0000,0.0000,65.8488,0.0000,3072.0000,936.0000,0.0000,4.0000,5.0000,3.0000,3.0000
1.3650,0.4100,0.3180,0.1580,0.1090,0.0000,0.0000,0.6370,1.0000,5.6420,187.8400,2.2330,0.0000,0.0000,0.0000,65.8599,0.0000,3073.0000,936.0000,0.0000,4.0000,6.0000,3.0000,3.0000
1.1210,0.3840,0.3650,0.1350,0.0530,0.0000,0.0000,0.3720,1.0000,5.6420,187.8400,2.2330,0.0000,0.0000,0.0000,65.8599,0.0000,3073.0000,936.0000,0.0000,4.0000,6.0000,3.0000,3.0000
1.4370,0.2230,0.3740,0.0840,0.0560,0.0000,0.0000,0.8400,1.0000,5.6420,187.8400,2.2330,0.0000,0.0000,0.0000,65.7863,0.0000,3066.0000,936.0000,0.0000,4.0000,6.0000,3.0000,3.0000
1.1770,0.4030,0.2350,0.1810,0.0380,0.0000,0.0000,0.5390,1.0000,5.6420,187.8400,2.2330,0.0000,0.0000,0.0000,65.7863,0.0000,3066.0000,936.0000,0.0000,4.0000,6.0000,3.0000,3.0000
1.2980,0.3500,0.4200,0.1190,0.1110,0.0000,0.0000,0.5280,1.0000,5.6420,187.8400,2.2330,0.0000,0.0000,0.0000,65.7863,0.0000,3066.0000,936.0000,0.0000,4.0000,6.0000,3.0000,3.0000
1.4450,0.2880,0.3600,0.0850,0.0550,0.0000,0.0000,0.7970,1.0000,5.6420,187.8400,2.2330,0.0000,0.0000,0.0000,65.7863,0.0000,3066.0000,936.0000,0.0000,4.0000,6.0000,3.0000,3.0000
1.0820,0.3360,0.3070,0.1190,0.0400,0.0000,0.0000,0.4390,1.0000,5.6420,187.8400,2.2330,0.0000,0.0000,0.0000,65.7863,0.0000,3066.0000,936.0000,0.0000,4.0000,6.0000,3.0000,3.0000
0.9040,0.3030,0.2110,0.1220,0.0340,0.0000,0.0000,0.3900,1.0000,5.6420,187.8400,2.2330,0.0000,0.0000,0.0000,65.7863,0.0000,3066.0000,936.0000,0.0000,4.0000,6.0000,3.0000,3.0000
0.8630,0.2850,0.1780,0.1300,0.0310,0.0000,0.0000,0.4000,1.0000,5.6420,187.8400,2.2330,0.0000,0.0000,0.0000,65.7870,0.0000,3066.0000,936.0000,0.0000,4.0000,7.0000,3.0000,3.0000
0.9410,0.2140,0.2060,0.0750,0.0340,0.0000,0.0000,0.5210,1.0000,5.6420,187.8400,2.2330,0.0000,0.0000,0.0000,65.7870,0.0000,3066.0000,936.0000,0.0000,4.0000,7.0000,3.0000,3.0000
1.2530,0.2150,0.3150,0.1020,0.0510,0.0000,0.0000,0.7230,1.0000,5.6420,187.8400,2.2330,0.0000,0.0000,0.0000,65.7870,0.0000,3066.0000,936.0000,0.0000,4.0000,7.0000,3.0000,3.0000
1.2650,0.3960,0.2710,0.1830,0.0520,0.0000,0.0000,0.5980,1.0000,5.6420,187.8400,2.2330,0.0000,0.0000,0.0000,65.7870,0.0000,3066.0000,936.0000,0.0000,4.0000,7.0000,3.0000,3.0000
1.2840,0.3630,0.3890,0.1140,0.0590,0.0000,0.0000,0.5320,1.0000,5.6420,187.8400,2.2330,0.0000,0.0000,0.0000,65.7870,0.0000,3066.0000,936.0000,0.0000,4.0000,7.0000,3.0000,3.0000
1.3490,0.2260,0.3450,0.0830,0.0510,0.0000,0.0000,0.7780,1.0000,5.6420,187.8400,2.2330,0.0000,0.0000,0.0000,65.7870,0.0000,3066.0000,936.0000,0.0000,4.0000,7.0000,3.0000,3.0000
1.1080,0.3360,0.2290,0.1220,0.0360,0.0000,0.0000,0.5430,1.0000,5.6420,187.8400,2.2330,0.0000,0.0000,0.0000,65.7870,0.0000,3066.0000,936.0000,0.0000,4.0000,7.0000,3.0000,3.0000
1.2810,0.3700,0.3070,0.1770,0.0540,0.0000,0.0000,0.6040,1.0000,5.6420,187.8400,2.2330,0.0000,0.0000,0.0000,65.7870,0.0000,3066.0000,936.0000,0.0000,4.0000,7.0000,3.0000,3.0000
1.4010,0.4420,0.3640,0.1280,0.1000,0.0000,0.0000,0.5950,1.0000,5.6420,187.8400,2.2330,0.0000,0.0000,0.0000,65.7870,0.0000,3066.0000,936.0000,0.0000,4.0000,7.0000,3.0000,3.0000
1.4930,0.3360,0.6150,0.1180,0.3720,0.0000,0.0000,0.5420,1.0000,5.6420,187.8400,2.2330,0.0000,0.0000,0.0000,65.8105,0.0000,3069.0000,936.0000,0.0000,4.0000,7.0000,3.0000,3.0000
0.9730,0.3460,0.2150,0.0850,0.0450,0.0000,0.0000,0.4120,1.0000,5.6420,187.8400,2.2330,0.0000,0.0000,0.0000,65.8105,0.0000,3069.0000,936.0000,0.0000,4.0000,7.0000,3.0000,3.0000
1.3330,0.3250,0.2780,0.0820,0.0470,0.0000,0.0000,0.7300,1.0000,5.6420,187.8400,2.2330,0.0000,0.0000,0.0000,65.8106,0.0000,3069.0000,936.0000,0.0000,4.0000,7.0000,3.0000,3.0000
1.4430,0.2700,0.4100,0.1130,0.0710,0.0000,0.0000,0.7630,1.0000,5.6420,187.8400,2.2330,0.0000,0.0000,0.0000,65.8107,0.0000,3069.0000,936.0000,0.0000,4.0000,7.0000,3.0000,3.0000
1.7360,0.3530,0.3750,0.0870,0.1140,0.0000,0.0000,1.0080,1.0000,5.6420,187.8400,2.2330,0.0000,0.0000,0.0000,65.8310,0.0000,3071.0000,936.0000,0.0000,4.0000,7.0000,3.0000,3.0000
1.3300,0.5150,0.2630,0.1240,0.0400,0.0000,0.0000,0.5520,1.0000,5.6420,187.8400,2.2330,0.0000,0.0000,0.0000,65.8310,0.0000,3071.0000,936.0000,0.0000,4.0000,7.0000,3.0000,3.0000
1.3940,0.3880,0.3990,0.1740,0.1350,0.0000,0.0000,0.6070,1.0000,5.6420,187.8400,2.2330,0.0000,0.0000,0.0000,65.8509,0.0000,3073.0000,936.0000,0.0000,4.0000,7.0000,3.0000,3.0000
1.4700,0.3330,0.4370,0.0800,0.0620,0.0000,0.0000,0.7000,1.0000,5.6420,187.8400,2.2330,0.0000,0.0000,0.0000,65.8509,0.0000,3073.0000,936.0000,0.0000,4.0000,7.0000,3.0000,3.0000
1.1180,0.3340,0.2200,0.1370,0.0360,0.0000,0.0000,0.5640,1.0000,5.6420,187.8400,2.2330,0.0000,0.0000,0.0000,65.8510,0.0000,3073.0000,936.0000,0.0000,4.0000,7.0000,3.0000,3.0000
1.0280,0.3820,0.3060,0.1730,0.0500,0.0000,0.0000,0.3400,1.0000,5.6420,187.8400,2.2330,0.0000,0.0000,0.0000,65.8510,0.0000,3073.0000,936.0000,0.0000,4.0000,7.0000,3.0000,3.0000
0.8080,0.2630,0.1850,0.0840,0.0310,0.0000,0.0000,0.3600,1.0000,5.6420,187.8400,2.2330,0.0000,0.0000,0.0000,65.8510,0.0000,3073.0000,936.0000,0.0000,4.0000,7.0000,3.0000,3.0000
0.7590,0.1910,0.1970,0.0720,0.0330,0.0000,0.0000,0.3710,1.0000,5.6420,187.8400,2.2330,0.0000,0.0000,0.0000,65.8510,0.0000,3073.0000,936.0000,0.0000,4.0000,7.0000,3.0000,3.0000
1.2450,0.1800,0.3360,0.0710,0.0560,0.0000,0.0000,0.7290,1.0000,5.6420,187.8400,2.2330,0.0000,0.0000,0.0000,65.8510,0.0000,3073.0000,936.0000,0.0000,4.0000,7.0000,3.0000,3.0000
1.4400,0.2110,0.3690,0.0800,0.0740,0.0000,0.0000,0.8600,1.0000,5.6420,187.8400,2.2330,0.0000,0.0000,0.0000,65.8510,0.0000,3073.0000,936.0000,0.0000,4.0000,7.0000,3.0000,3.0000
1.2160,0.4090,0.2490,0.1240,0.0360,0.0000,0.0000,0.5580,1.0000,5.6420,187.8400,2.2330,0.0000,0.0000,0.0000,65.8510,0.0000,3073.0000,936.0000,0.0000,4.0000,7.0000,3.0000,3.0000
1.4520,0.3120,0.4580,0.1170,0.0610,0.0000,0.0000,0.6820,1.0000,5.6420,187.8400,2.2330,0.0000,0.0000,0.0000,65.8510,0.0000,3073.0000,936.0000,0.0000,4.0000,7.0000,3.0000,3.0000
1.2960,0.3290,0.3180,0.1080,0.0540,0.0000,0.0000,0.6490,1.0000,5.6420,187.8400,2.2330,0.0000,0.0000,0.0000,65.8503,0.0000,3073.0000,936.0000,0.0000,4.0000,6.0000,3.0000,3.0000
1.4570,0.3680,0.5240,0.1210,0.1530,0.0000,0.0000,0.5650,1.0000,5.6420,187.8400,2.2330,0.0000,0.0000,0.0000,65.8503,0.0000,3073.0000,936.0000,0.0000,4.0000,6.0000,3.0000,3.0000
1.4570,0.2710,0.3690,0.1130,0.0710,0.0000,0.0000,0.8170,1.0000,5.6420,187.8400,2.2330,0.0000,0.0000,0.0000,65.8503,0.0000,3073.0000,936.0000,0.0000,4.0000,6.0000,3.0000,3.0000
1.3180,0.4730,0.3050,0.2300,0.0550,0.0000,0.0000,0.5400,1.0000,5.6420,187.8400,2.2330,0.0000,0.0000,0.0000,65.8503,0.0000,3073.0000,936.0000,0.0000,4.0000,6.0000,3.0000,3.0000
0.8230,0.3740,0.2950,0.1380,0.0800,0.0000,0.0000,0.1540,1.0000,5.6420,187.8400,2.2330,0.0000,0.0000,0.0000,65.8503,0.0000,3073.0000,936.0000,0.0000,4.0000,6.0000,3.0000,3.0000
0.7570,0.1940,0.1860,0.0750,0.0290,0.0000,0.0000,0.3770,1.0000,5.6420,187.8400,2.2330,0.0000,0.0000,0.0000,65.8503,0.0000,3073.0000,936.0000,0.0000,4.0000,6.0000,3.0000,3.0000
0.7460,0.2110,0.1720,0.0690,0.0300,0.0000,0.0000,0.3630,1.0000,5.6420,187.8400,2.2330,0.0000,0.0000,0.0000,65.8503,0.0000,3073.0000,936.0000,0.0000,4.0000,6.0000,3.0000,3.0000
0.7820,0.1920,0.1950,0.0680,0.0680,0.0000,0.0000,0.3950,1.0000,5.6420,187.8400,2.2330,0.0000,0.0000,0.0000,65.8610,0.0000,3074.0000,936.0000,0.0000,4.0000,6.0000,3.0000,3.0000
0.8890,0.2110,0.2500,0.0660,0.0390,0.0000,0.0000,0.4280,1.0000,5.6420,187.8400,2.2330,0.0000,0.0000,0.0000,65.8610,0.0000,3074.0000,936.0000,0.0000,4.0000,6.0000,3.0000,3.0000
0.5830,0.2050,0.1730,0.0750,0.0490,0.0000,0.0000,0.2050,1.0000,5.6420,187.8400,2.2330,0.0000,0.0000,0.0000,65.8611,0.0000,3074.0000,936.0000,0.0000,4.0000,6.0000,3.0000,3.0000
0.4870,0.1560,0.1270,0.0620,0.0210,0.0000,0.0000,0.2040,1.0000,5.6420,187.8400,2.2330,0.0000,0.0000,0.0000,65.8611,0.0000,3074.0000,936.0000,0.0000,4.0000,6.0000,3.0000,3.0000
0.6010,0.1520,0.1930,0.0760,0.0450,0.0000,0.0000,0.2560,1.0000,5.6420,187.8400,2.2330,0.0000,0.0000,0.0000,65.8709,0.0000,3075.0000,936.0000,0.0000,4.0000,6.0000,3.0000,3.0000
0.4020,0.1850,0.1180,0.0560,0.0190,0.0000,0.0000,0.0990,1.0000,5.6420,187.8400,2.2330,0.0000,0.0000,0.0000,65.8709,0.0000,3075.0000,936.0000,0.0000,4.0000,6.0000,3.0000,2.0000
0.5460,0.1140,0.1620,0.0550,0.0490,0.0000,0.0000,0.2700,1.0000,5.6420,187.8400,2.2330,0.0000,0.0000,0.0000,65.8812,0.0000,3076.0000,936.0000,0.0000,4.0000,6.0000,3.0000,2.0000
0.4030,0.1760,0.1140,0.0600,0.0190,0.0000,0.0000,0.1130,1.0000,5.6420,187.8400,2.2330,0.0000,0.0000,0.0000,65.8812,0.0000,3076.0000,936.0000,0.0000,4.0000,6.0000,3.0000,2.0000
0.4070,0.1120,0.0990,0.0520,0.0180,0.0000,0.0000,0.1960,1.0000,5.6420,187.8400,2.2330,0.0000,0.0000,0.0000,65.8813,0.0000,3076.0000,936.0000,0.0000,4.0000,6.0000,3.0000,2.0000
0.4080,0.1250,0.1110,0.0530,0.0230,0.0000,0.0000,0.1720,1.0000,5.6420,187.8400,2.2330,0.0000,0.0000,0.0000,65.8813,0.0000,3076.0000,936.0000,0.0000,4.0000,6.0000,3.0000,2.0000
0.4090,0.1200,0.1160,0.0420,0.0330,0.0000,0.0000,0.1730,1.0000,5.6420,187.8400,2.2330,0.0000,0.0000,0.0000,65.8813,0.0000,3076.0000,936.0000,0.0000,4.0000,6.0000,3.0000,2.0000
0.4150,0.1020,0.1410,0.0420,0.0210,0.0000,0.0000,0.1720,1.0000,5.6420,187.8400,2.2330,0.0000,0.0000,0.0000,65.8813,0.0000,3076.0000,936.0000,0.0000,4.0000,6.0000,3.0000,2.0000
0.3450,0.1100,0.0910,0.0450,0.0180,0.0000,0.0000,0.1440,1.0000,5.6420,187.8400,2.2330,0.0000,0.0000,0.0000,65.8813,0.0000,3076.0000,936.0000,0.0000,4.0000,6.0000,3.0000,2.0000
0.4080,0.0940,0.1020,0.0400,0.0200,0.0000,0.0000,0.2120,1.0000,5.6420,187.8400,2.2330,0.0000,0.0000,0.0000,65.8813,0.0000,3076.0000,936.0000,0.0000,4.0000,6.0000,3.0000,2.0000
0.3490,0.1140,0.0990,0.0460,0.0180,0.0000,0.0000,0.1360,1.0000,5.6420,187.8400,2.2330,0.0000,0.0000,0.0000,65.8813,0.0000,3076.0000,936.0000,0.0000,4.0000,6.0000,3.0000,2.0000
0.3540,0.0950,0.0870,0.0390,0.0160,0.0000,0.0000,0.1720,1.0000,5.6420,187.8400,2.2330,0.0000,0.0000,0.0000,65.8806,0.0000,3076.0000,936.0000,0.0000,4.0000,5.0000,3.0000,2.0000
0.4510,0.1110,0.1340,0.0440,0.0200,0.0000,0.0000,0.2060,1.0000,5.6420,187.8400,2.2330,0.0000,0.0000,0.0000,65.8806,0.0000,3076.0000,936.0000,0.0000,4.0000,5.0000,3.0000,2.0000
0.3690,0.1260,0.1090,0.0600,0.0260,0.0000,0.0000,0.1340,1.0000,5.6420,187.8400,2.2330,0.0000,0.0000,0.0000,65.8806,0.0000,3076.0000,936.0000,0.0000,4.0000,5.0000,3.0000,2.0000
0.3850,0.1000,0.1020,0.0410,0.0180,0.0000,0.0000,0.1830,1.0000,5.6420,187.8400,2.2330,0.0000,0.0000,0.0000,65.8806,0.0000,3076.0000,936.0000,0.0000,4.0000,5.0000,3.0000,2.0000
0.3360,0.1280,0.0910,0.0440,0.0180,0.0000,0.0000,0.1170,1.0000,5.6420,187.8400,2.2330,0.0000,0.0000,0.0000,65.8806,0.0000,3076.0000,936.0000,0.0000,4.0000,5.0000,3.0000,2.0000
0.3340,0.0980,0.0850,0.0410,0.0160,0.0000,0.0000,0.1510,1.0000,5.6420,187.8400,2.2330,0.0000,0.0000,0.0000,65.8806,0.0000,3076.0000,936.0000,0.0000,4.0000,5.0000,3.0000,2.0000
0.4080,0.0920,0.0870,0.0380,0.0170,0.0000,0.0000,0.2290,1.0000,5.6420,187.8400,2.2330,0.0000,0.0000,0.0000,65.8806,0.0000,3076.0000,936.0000,0.0000,4.0000,5.0000,3.0000,2.0000
0.3620,0.1640,0.1000,0.0790,0.0190,0.0000,0.0000,0.0980,1.0000,5.6420,187.8400,2.2330,0.0000,0.0000,0.0000,65.8806,0.0000,3076.0000,936.0000,0.0000,4.0000,5.0000,3.0000,2.0000
0.4470,0.0980,0.1100,0.0400,0.0390,0.0000,0.0000,0.2390,1.0000,5.6420,187.8400,2.2330,0.0000,0.0000,0.0000,65.8908,0.0000,3077.0000,936.0000,0.0000,4.0000,5.0000,3.0000,2.0000
0.3660,0.1380,0.1030,0.0430,0.0190,0.0000,0.0000,0.1250,1.0000,5.6420,187.8400,2.2330,0.0000,0.0000,0.0000,65.8908,0.0000,3077.0000,936.0000,0.0000,4.0000,5.0000,3.0000,2.0000
0.3350,0.1000,0.0860,0.0420,0.0160,0.0000,0.0000,0.1490,1.0000,5.6420,187.8400,2.2330,0.0000,0.0000,0.0000,65.8909,0.0000,3077.0000,936.0000,0.0000,4.0000,5.0000,3.0000,1.0000
0.4040,0.0950,0.1040,0.0410,0.0210,0.0000,0.0000,0.2050,1.0000,5.6420,187.8400,2.2330,0.0000,0.0000,0.0000,65.8909,0.0000,3077.0000,936.0000,0.0000,4.0000,5.0000,3.0000,1.0000
0.3480,0.1420,0.0930,0.0830,0.0180,0.0000,0.0000,0.1130,1.0000,5.6420,187.8400,2.2330,0.0000,0.0000,0.0000,65.8909,0.0000,3077.0000,936.0000,0.0000,4.0000,5.0000,3.0000,1.0000
0.3830,0.0940,0.0950,0.0370,0.0170,0.0000,0.0000,0.1940,1.0000,5.6420,187.8400,2.2330,0.0000,0.0000,0.0000,65.8909,0.0000,3077.0000,936.0000,0.0000,4.0000,5.0000,3.0000,1.0000
0.4840,0.1000,0.1480,0.0390,0.0700,0.0000,0.0000,0.2360,1.0000,5.6420,187.8400,2.2330,0.0000,0.0000,0.0000,65.9016,0.0000,3078.0000,936.0000,0.0000,4.0000,5.0000,3.0000,1.0000
0.3840,0.1460,0.1100,0.0440,0.0190,0.0000,0.0000,0.1280,1.0000,5.6420,187.8400,2.2330,0.0000,0.0000,0.0000,65.9016,0.0000,3078.0000,936.0000,0.0000,4.0000,5.0000,3.0000,1.0000
0.4620,0.1010,0.1030,0.0390,0.0180,0.0000,0.0000,0.2580,1.0000,5.6420,187.8400,2.2330,0.0000,0.0000,0.0000,65.9017,0.0000,3078.0000,936.0000,0.0000,4.0000,5.0000,3.0000,1.0000
0.4600,0.1250,0.1040,0.0690,0.0190,0.0000,0.0000,0.2310,1.0000,5.6420,187.8400,2.2330,0.0000,0.0000,0.0000,65.9017,0.0000,3078.0000,936.0000,0.0000,4.0000,5.0000,3.0000,1.0000
0.6340,0.1080,0.0970,0.0420,0.0180,0.0000,0.0000,0.4290,1.0000,5.6420,187.8400,2.2330,0.0000,0.0000,0.0000,65.9017,0.0000,3078.0000,936.0000,0.0000,4.0000,5.0000,3.0000,1.0000
0.5640,0.1020,0.1470,0.0400,0.0250,0.0000,0.0000,0.3150,1.0000,5.6420,187.8400,2.2330,0.0000,0.0000,0.0000,65.9017,0.0000,3078.0000,936.0000,0.0000,4.0000,5.0000,3.0000,1.0000
0.6480,0.1300,0.1450,0.0510,0.0540,0.0000,0.0000,0.3730,1.0000,5.6420,187.8400,2.2330,0.0000,0.0000,0.0000,65.9017,0.0000,3078.0000,936.0000,0.0000,4.0000,5.0000,3.0000,1.0000
0.5540,0.1150,0.1250,0.0430,0.0230,0.0000,0.0000,0.3140,1.0000,5.6420,187.8400,2.2330,0.0000,0.0000,0.0000,65.9017,0.0000,3078.0000,936.0000,0.0000,4.0000,5.0000,3.0000,1.0000
0.6200,0.1250,0.1070,0.0450,0.0190,0.0000,0.0000,0.3880,1.0000,5.6420,187.8400,2.2330,0.0000,0.0000,0.0000,65.9017,0.0000,3078.0000,936.0000,0.0000,4.0000,5.0000,3.0000,1.0000
0.6510,0.1060,0.1250,0.0410,0.0200,0.0000,0.0000,0.4200,1.0000,5.6420,187.8400,2.2330,0.0000,0.0000,0.0000,65.9017,0.0000,3078.0000,936.0000,0.0000,4.0000,5.0000,3.0000,1.0000
0.5880,0.1530,0.1200,0.0830,0.0200,0.0000,0.0000,0.3150,1.0000,5.6420,187.8400,2.2330,0.0000,0.0000,0.0000,65.9017,0.0000,3078.0000,936.0000,0.0000,4.0000,5.0000,3.0000,1.0000
0.5440,0.1180,0.1280,0.0420,0.0200,0.0000,0.0000,0.2980,1.0000,5.6420,187.8400,2.2330,0.0000,0.0000,0.0000,65.9017,0.0000,3078.0000,936.0000,0.0000,4.0000,5.0000,3.0000,1.0000
0.4940,0.1080,0.0990,0.0420,0.0180,0.0000,0.0000,0.2870,1.0000,5.6420,187.8400,2.2330,0.0000,0.0000,0.0000,65.9017,0.0000,3078.0000,936.0000,0.0000,4.0000,5.0000,3.0000,1.0000
0.5560,0.0990,0.1230,0.0400,0.0190,0.0000,0.0000,0.3340,1.0000,5.6420,187.8400,2.2330,0.0000,0.0000,0.0000,65.9017,0.0000,3078.0000,936.0000,0.0000,4.0000,5.0000,3.0000,1.0000
0.5850,0.1050,0.1000,0.0420,0.0170,0.0000,0.0000,0.3800,1.0000,5.6420,187.8400,2.2330,0.0000,0.0000,0.0000,65.9017,0.0000,3078.0000,936.0000,0.0000,4.0000,5.0000,3.0000,1.0000
0.5450,0.1160,0.1030,0.0560,0.0190,0.0000,0.0000,0.3260,1.0000,5.6420,187.8400,2.2330,0.0000,0.0000,0.0000,65.9017,0.0000,3078.0000,936.0000,0.0000,4.0000,5.0000,3.0000,1.0000
0.5470,0.1100,0.1120,0.0430,0.0180,0.0000,0.0000,0.3250,1.0000,5.6420,187.8400,2.2330,0.0000,0.0000,0.0000,65.9017,0.0000,3078.0000,936.0000,0.0000,4.0000,5.0000,3.0000,1.0000
0.5030,0.1050,0.1140,0.0420,0.0200,0.0000,0.0000,0.2840,1.0000,5.6420,187.8400,2.2330,0.0000,0.0000,0.0000,65.9017,0.0000,3078.0000,936.0000,0.0000,4.0000,5.0000,3.0000,1.0000
0.5490,0.1120,0.1270,0.0430,0.0240,0.0000,0.0000,0.3100,1.0000,5.6420,187.8400,2.2330,0.0000,0.0000,0.0000,65.9017,0.0000,3078.0000,936.0000,0.0000,4.0000,5.0000,3.0000,1.0000
0.5330,0.1400,0.1020,0.0460,0.0170,0.0000,0.0000,0.2910,1.0000,5.6420,187.8400,2.2330,0.0000,0.0000,0.0000,65.9017,0.0000,3078.0000,936.0000,0.0000,4.0000,5.0000,3.0000,1.0000
0.5880,0.1000,0.0990,0.0400,0.0180,0.0000,0.0000,0.3890,1.0000,5.6420,187.8400,2.2330,0.0000,0.0000,0.0000,65.9017,0.0000,3078.0000,936.0000,0.0000,4.0000,5.0000,3.0000,1.0000
0.4820,0.1380,0.1010,0.0420,0.0180,0.0000,0.0000,0.2430,1.0000,5.6420,187.8400,2.2330,0.0000,0.0000,0.0000,65.9017,0.0000,3078.0000,936.0000,0.0000,4.0000,5.0000,3.0000,1.0000
0.5100,0.1100,0.1010,0.0410,0.0170,0.0000,0.0000,0.2990,1.0000,5.6420,187.8400,2.2330,0.0000,0.0000,0.0000,65.9017,0.0000,3078.0000,936.0000,0.0000,4.0000,5.0000,3.0000,1.0000
0.5760,0.1190,0.1330,0.0440,0.0440,0.0000,0.0000,0.3240,1.0000,5.6420,187.8400,2.2330,0.0000,0.0000,0.0000,65.9115,0.0000,3079.0000,936.0000,0.0000,4.0000,5.0000,3.0000,1.0000
0.5930,0.1400,0.1410,0.0430,0.0200,0.0000,0.0000,0.3120,1.0000,5.6420,187.8400,2.2330,0.0000,0.0000,0.0000,65.9115,0.0000,3079.0000,936.0000,0.0000,4.0000,5.0000,3.0000,1.0000
0.5300,0.1210,0.1050,0.0520,0.0190,0.0000,0.0000,0.3040,1.0000,5.6420,187.8400,2.2330,0.0000,0.0000,0.0000,65.9115,0.0000,3079.0000,936.0000,0.0000,4.0000,5.0000,3.0000,1.0000
1.3320,0.1210,0.1130,0.0500,0.0190,0.0000,0.0000,1.0980,1.0000,5.6420,187.8400,2.2330,0.0000,0.0000,0.0000,65.9115,0.0000,3079.0000,936.0000,0.0000,4.0000,5.0000,3.0000,1.0000
0.6190,0.1030,0.1530,0.0410,0.0240,0.0000,0.0000,0.3630,1.0000,5.6420,187.8400,2.2330,0.0000,0.0000,0.0000,65.9115,0.0000,3079.0000,936.0000,0.0000,4.0000,5.0000,3.0000,1.0000
0.4950,0.1470,0.1160,0.0650,0.0200,0.0000,0.0000,0.2320,1.0000,5.6420,187.8400,2.2330,0.0000,0.0000,0.0000,65.9115,0.0000,3079.0000,936.0000,0.0000,4.0000,5.0000,3.0000,1.0000
0.4500,0.1100,0.0970,0.0420,0.0170,0.0000,0.0000,0.2430,1.0000,5.6420,187.8400,2.2330,0.0000,0.0000,0.0000,65.9115,0.0000,3079.0000,936.0000,0.0000,4.0000,5.0000,3.0000,1.0000
0.4980,0.1110,0.1210,0.0490,0.0180,0.0000,0.0000,0.2660,1.0000,5.6420,187.8400,2.2330,0.0000,0.0000,0.0000,65.9115,0.0000,3079.0000,936.0000,0.0000,4.0000,5.0000,3.0000,1.0000
0.4440,0.1120,0.0980,0.0430,0.0170,0.0000,0.0000,0.2340,1.0000,5.6420,187.8400,2.2330,0.0000,0.0000,0.0000,65.9115,0.0000,3079.0000,936.0000,0.0000,4.0000,5.0000,3.0000,1.0000
0.5090,0.0990,0.1310,0.0390,0.0190,0.0000,0.0000,0.2790,1.0000,5.6420,187.8400,2.2330,0.0000,0.0000,0.0000,65.9115,0.0000,3079.0000,936.0000,0.0000,4.0000,5.0000,3.0000,1.0000
0.4840,0.1150,0.1070,0.0450,0.0240,0.0000,0.0000,0.2620,1.0000,5.6420,187.8400,2.2330,0.0000,0.0000,0.0000,65.9115,0.0000,3079.0000,936.0000,0.0000,4.0000,5.0000,3.0000,1.0000
0.5280,0.1100,0.1470,0.0470,0.0200,0.0000,0.0000,0.2710,1.0000,5.6420,187.8400,2.2330,0.0000,0.0000,0.0000,65.9115,0.0000,3079.0000,936.0000,0.0000,4.0000,5.0000,3.0000,1.0000
0.4790,0.1130,0.0980,0.0430,0.0180,0.0000,0.0000,0.2680,1.0000,5.6420,187.8400,2.2330,0.0000,0.0000,0.0000,65.9115,0.0000,3079.0000,936.0000,0.0000,4.0000,5.0000,3.0000,1.0000
0.5280,0.1110,0.1200,0.0430,0.0190,0.0000,0.0000,0.2970,1.0000,5.6420,187.8400,2.2330,0.0000,0.0000,0.0000,65.9115,0.0000,3079.0000,936.0000,0.0000,4.0000,5.0000,3.0000,1.0000
0.4340,0.1050,0.0920,0.0410,0.0170,0.0000,0.0000,0.2370,1.0000,5.6420,187.8400,2.2330,0.0000,0.0000,0.0000,65.9115,0.0000,3079.0000,936.0000,0.0000,4.0000,5.0000,3.0000,1.0000
2.1860,0.0970,0.6930,0.0390,0.0540,0.0000,0.0000,1.3960,1.0000,5.6420,187.8400,2.2330,0.0000,0.0000,0.0000,65.9115,0.0000,3079.0000,936.0000,0.0000,4.0000,5.0000,3.0000,1.0000
0.9110,0.2720,0.2440,0.1260,0.0450,0.0000,0.0000,0.3950,1.0000,5.6420,187.8400,2.2330,0.0000,0.0000,0.0000,65.9115,0.0000,3079.0000,936.0000,0.0000,4.0000,5.0000,3.0000,1.0000
0.8180,0.1920,0.2260,0.0690,0.0320,0.0000,0.0000,0.4000,1.0000,5.6420,187.8400,2.2330,0.0000,0.0000,0.0000,65.9115,0.0000,3079.0000,936.0000,0.0000,4.0000,5.0000,3.0000,1.0000
0.8930,0.1820,0.1820,0.0720,0.0290,0.0000,0.0000,0.5290,1.0000,5.6420,187.8400,2.2330,0.0000,0.0000,0.0000,65.9115,0.0000,3079.0000,936.0000,0.0000,4.0000,5.0000,3.0000,1.0000
0.6930,0.1850,0.1590,0.0600,0.0260,0.0000,0.0000,0.3490,1.0000,5.6420,187.8400,2.2330,0.0000,0.0000,0.0000,65.9115,0.0000,3079.0000,936.0000,0.0000,4.0000,5.0000,3.0000,1.0000
0.5930,0.1890,0.1390,0.0550,0.0240,0.0000,0.0000,0.2650,1.0000,5.6420,187.8400,2.2330,0.0000,0.0000,0.0000,65.9115,0.0000,3079.0000,936.0000,0.0000,4.0000,5.0000,3.0000,1.0000
0.6440,0.1350,0.1570,0.0530,0.0240,0.0000,0.0000,0.3520,1.0000,5.6420,187.8400,2.2330,0.0000,0.0000,0.0000,65.9115,0.0000,3079.0000,936.0000,0.0000,4.0000,5.0000,3.0000,1.0000
0.6640,0.1440,0.1440,0.0520,0.0240,0.0000,0.0000,0.3760,1.0000,5.6420,187.8400,2.2330,0.0000,0.0000,0.0000,65.9115,0.0000,3079.0000,936.0000,0.0000,4.0000,5.0000,3.0000,1.0000
0.7740,0.1890,0.1760,0.0990,0.0620,0.0000,0.0000,0.4090,1.0000,5.6420,187.8400,2.2330,0.0000,0.0000,0.0000,65.9322,0.0000,3081.0000,936.0000,0.0000,4.0000,5.0000,3.0000,1.0000
0.6490,0.2490,0.1900,0.0570,0.0350,0.0000,0.0000,0.2100,1.0000,5.6420,187.8400,2.2330,0.0000,0.0000,0.0000,65.9322,0.0000,3081.0000,936.0000,0.0000,4.0000,5.0000,3.0000,1.0000
0.6340,0.1440,0.1290,0.0530,0.0220,0.0000,0.0000,0.3610,1.0000,5.6420,187.8400,2.2330,0.0000,0.0000,0.0000,65.9323,0.0000,3081.0000,936.0000,0.0000,4.0000,5.0000,3.0000,1.0000
0.6050,0.1920,0.1410,0.0630,0.0310,0.0000,0.0000,0.2720,1.0000,5.6420,187.8400,2.2330,0.0000,0.0000,0.0000,65.9327,0.0000,3081.0000,936.0000,0.0000,4.0000,5.0000,3.0000,1.0000
0.6430,0.1440,0.1730,0.0520,0.0310,0.0000,0.0000,0.3260,1.0000,5.6420,187.8400,2.2330,0.0000,0.0000,0.0000,65.9328,0.0000,3081.0000,936.0000,0.0000,4.0000,5.0000,3.0000,1.0000
0.7110,0.1520,0.1270,0.0530,0.0210,0.0000,0.0000,0.4320,1.0000,5.6420,187.8400,2.2330,0.0000,0.0000,0.0000,65.9328,0.0000,3081.0000,936.0000,0.0000,4.0000,5.0000,3.0000,1.0000
0.8030,0.1260,0.1830,0.0490,0.0300,0.0000,0.0000,0.4940,1.0000,5.6420,187.8400,2.2330,0.0000,0.0000,0.0000,65.9328,0.0000,3081.0000,936.0000,0.0000,4.0000,5.0000,3.0000,1.0000
0.9080,0.1750,0.2280,0.0630,0.0340,0.0000,0.0000,0.5050,1.0000,5.6420,187.8400,2.2330,0.0000,0.0000,0.0000,65.9328,0.0000,3081.0000,936.0000,0.0000,4.0000,5.0000,3.0000,1.0000
1.5950,0.1900,0.2020,0.0690,0.0420,0.0000,0.0000,1.2030,1.0000,5.6420,187.8400,2.2330,0.0000,0.0000,0.0000,65.9328,0.0000,3081.0000,936.0000,0.0000,4.0000,5.0000,3.0000,1.0000
0.9160,0.2270,0.2250,0.0900,0.0430,0.0000,0.0000,0.4640,1.0000,5.6420,187.8400,2.2330,0.0000,0.0000,0.0000,65.7510,0.0000,3063.0000,936.0000,0.0000,4.0000,5.0000,3.0000,1.0000
0.8690,0.2120,0.1870,0.0790,0.0320,0.0000,0.0000,0.4700,1.0000,5.6420,187.8400,2.2330,0.0000,0.0000,0.0000,65.7509,0.0000,3063.0000,936.0000,0.0000,4.0000,5.0000,3.0000,1.0000
0.9370,0.2200,0.2070,0.1190,0.0330,0.0000,0.0000,0.5100,1.0000,5.6420,187.8400,2.2330,0.0000,0.0000,0.0000,65.7510,0.0000,3063.0000,936.0000,0.0000,4.0000,5.0000,3.0000,2.0000
0.8840,0.2920,0.2040,0.1850,0.0360,0.0000,0.0000,0.3880,1.0000,5.6420,187.8400,2.2330,0.0000,0.0000,0.0000,65.7510,0.0000,3063.0000,936.0000,0.0000,4.0000,5.0000,3.0000,2.0000
0.9010,0.1920,0.2180,0.0780,0.0400,0.0000,0.0000,0.4910,1.0000,5.6420,187.8400,2.2330,0.0000,0.0000,0.0000,65.7510,0.0000,3063.0000,936.0000,0.0000,4.0000,5.0000,3.0000,2.0000
0.8260,0.1850,0.2130,0.0710,0.0330,0.0000,0.0000,0.4280,1.0000,5.6420,187.8400,2.2330,0.0000,0.0000,0.0000,65.7517,0.0000,3063.0000,936.0000,0.0000,4.0000,6.0000,3.0000,2.0000
0.9380,0.1670,0.2840,0.0650,0.0490,0.0000,0.0000,0.4870,1.0000,5.6420,187.8400,2.2330,0.0000,0.0000,0.0000,65.7517,0.0000,3063.0000,936.0000,0.0000,4.0000,6.0000,3.0000,2.0000
0.8540,0.2240,0.2430,0.0860,0.0340,0.0000,0.0000,0.3870,1.0000,5.6420,187.8400,2.2330,0.0000,0.0000,0.0000,65.7517,0.0000,3063.0000,936.0000,0.0000,4.0000,6.0000,3.0000,2.0000
0.8520,0.1720,0.1990,0.0650,0.0330,0.0000,0.0000,0.4810,1.0000,5.6420,187.8400,2.2330,0.0000,0.0000,0.0000,65.7517,0.0000,3063.0000,936.0000,0.0000,4.0000,6.0000,3.0000,2.0000
0.8470,0.1840,0.1840,0.0670,0.0310,0.0000,0.0000,0.4790,1.0000,5.6420,187.8400,2.2330,0.0000,0.0000,0.0000,65.7517,0.0000,3063.0000,936.0000,0.0000,4.0000,6.0000,3.0000,2.0000
0.9160,0.2330,0.2050,0.0870,0.0330,0.0000,0.0000,0.4780,1.0000,5.6420,187.8400,2.2330,0.0000,0.0000,0.0000,65.7517,0.0000,3063.0000,936.0000,0.0000,4.0000,6.0000,3.0000,2.0000
0.8390,0.2280,0.2040,0.1150,0.0340,0.0000,0.0000,0.4070,1.0000,5.6420,187.8400,2.2330,0.0000,0.0000,0.0000,65.7517,0.0000,3063.0000,936.0000,0.0000,4.0000,6.0000,3.0000,2.0000
0.7640,0.1740,0.1970,0.0670,0.0320,0.0000,0.0000,0.3930,1.0000,5.6420,187.8400,2.2330,0.0000,0.0000,0.0000,65.7517,0.0000,3063.0000,936.0000,0.0000,4.0000,6.0000,3.0000,2.0000
0.8720,0.1650,0.2300,0.0650,0.0340,0.0000,0.0000,0.4770,1.0000,5.6420,187.8400,2.2330,0.0000,0.0000,0.0000,65.7517,0.0000,3063.0000,936.0000,0.0000,4.0000,6.0000,3.0000,2.0000
0.9690,0.1840,0.2880,0.0780,0.0720,0.0000,0.0000,0.4970,1.0000,5.6420,187.8400,2.2330,0.0000,0.0000,0.0000,65.7615,0.0000,3064.0000,936.0000,0.0000,4.0000,6.0000,3.0000,2.0000
0.9670,0.2270,0.2190,0.0770,0.0620,0.0000,0.0000,0.5210,1.0000,5.6420,187.8400,2.2330,0.0000,0.0000,0.0000,65.7615,0.0000,3064.0000,936.0000,0.0000,4.0000,6.0000,3.0000,2.0000
0.7880,0.2270,0.1870,0.0860,0.0330,0.0000,0.0000,0.3740,1.0000,5.6420,187.8400,2.2330,0.0000,0.0000,0.0000,65.7616,0.0000,3064.0000,936.0000,0.0000,4.0000,6.0000,3.0000,2.0000
0.6880,0.1820,0.1660,0.0660,0.0300,0.0000,0.0000,0.3400,1.0000,5.6420,187.8400,2.2330,0.0000,0.0000,0.0000,65.7616,0.0000,3064.0000,936.0000,0.0000,4.0000,6.0000,3.0000,2.0000
0.9150,0.1420,0.1800,0.0560,0.0300,0.0000,0.0000,0.5930,1.0000,5.6420,187.8400,2.2330,0.0000,0.0000,0.0000,65.7616,0.0000,3064.0000,936.0000,0.0000,4.0000,6.0000,3.0000,2.0000
0.8260,0.1620,0.2140,0.0650,0.0320,0.0000,0.0000,0.4500,1.0000,5.6420,187.8400,2.2330,0.0000,0.0000,0.0000,65.7616,0.0000,3064.0000,936.0000,0.0000,4.0000,6.0000,3.0000,2.0000
0.9070,0.1770,0.2980,0.0690,0.0400,0.0000,0.0000,0.4320,1.0000,5.6420,187.8400,2.2330,0.0000,0.0000,0.0000,65.7616,0.0000,3064.0000,936.0000,0.0000,4.0000,6.0000,3.0000,2.0000
0.8150,0.1770,0.2320,0.0670,0.0320,0.0000,0.0000,0.4060,1.0000,5.6420,187.8400,2.2330,0.0000,0.0000,0.0000,65.7616,0.0000,3064.0000,936.0000,0.0000,4.0000,6.0000,3.0000,2.0000
0.8430,0.1770,0.1810,0.0660,0.0280,0.0000,0.0000,0.4850,1.0000,5.6420,187.8400,2.2330,0.0000,0.0000,0.0000,65.7616,0.0000,3064.0000,936.0000,0.0000,4.0000,6.0000,3.0000,2.0000
0.9710,0.2060,0.2330,0.0930,0.0750,0.0000,0.0000,0.5320,1.0000,5.6420,187.8400,2.2330,0.0000,0.0000,0.0000,65.7719,0.0000,3065.0000,936.0000,0.0000,4.0000,6.0000,3.0000,2.0000
0.8830,0.2800,0.1920,0.0710,0.0310,0.0000,0.0000,0.4110,1.0000,5.6420,187.8400,2.2330,0.0000,0.0000,0.0000,65.7719,0.0000,3065.0000,936.0000,0.0000,4.0000,6.0000,3.0000,2.0000
0.8410,0.2370,0.2020,0.1210,0.0330,0.0000,0.0000,0.4020,1.0000,5.6420,187.8400,2.2330,0.0000,0.0000,0.0000,65.7719,0.0000,3065.0000,936.0000,0.0000,4.0000,6.0000,3.0000,2.0000
0.7770,0.1710,0.1870,0.0670,0.0300,0.0000,0.0000,0.4190,1.0000,5.6420,187.8400,2.2330,0.0000,0.0000,0.0000,65.7719,0.0000,3065.0000,936.0000,0.0000,4.0000,6.0000,3.0000,2.0000
0.8050,0.1720,0.1910,0.0710,0.0380,0.0000,0.0000,0.4420,1.0000,5.6420,187.8400,2.2330,0.0000,0.0000,0.0000,65.7719,0.0000,3065.0000,936.0000,0.0000,4.0000,6.0000,3.0000,2.0000
0.8240,0.1670,0.2190,0.0670,0.0680,0.0000,0.0000,0.4380,1.0000,5.6420,187.8400,2.2330,0.0000,0.0000,0.0000,65.7719,0.0000,3065.0000,936.0000,0.0000,4.0000,6.0000,3.0000,2.0000
0.8470,0.1990,0.1880,0.0680,0.0300,0.0000,0.0000,0.4600,1.0000,5.6420,187.8400,2.2330,0.0000,0.0000,0.0000,65.7719,0.0000,3065.0000,936.0000,0.0000,4.0000,6.0000,3.0000,2.0000
0.9260,0.2880,0.2170,0.0940,0.0310,0.0000,0.0000,0.4210,1.0000,5.6420,187.8400,2.2330,0.0000,0.0000,0.0000,65.7740,0.0000,3066.0000,936.0000,0.0000,4.0000,6.0000,3.0000,2.0000
0.8630,0.2630,0.1960,0.1090,0.0310,0.0000,0.0000,0.4040,1.0000,5.6420,187.8400,2.2330,0.0000,0.0000,0.0000,65.7736,0.0000,3066.0000,936.0000,0.0000,4.0000,6.0000,3.0000,2.0000
1.5560,0.2270,0.4810,0.1260,0.3070,0.0000,0.0000,0.8480,1.0000,5.6420,187.8400,2.2330,0.0000,0.0000,0.0000,65.8109,0.0000,3072.0000,936.0000,0.0000,4.0000,6.0000,3.0000,2.0000
1.1650,0.5650,0.4600,0.0750,0.0410,0.0000,0.0000,0.1400,1.0000,5.6420,187.8400,2.2330,0.0000,0.0000,0.0000,65.8264,0.0000,3073.0000,936.0000,0.0000,4.0000,6.0000,3.0000,2.0000
0.9050,0.1960,0.1930,0.0750,0.0400,0.0000,0.0000,0.5160,1.0000,5.6420,187.8400,2.2330,0.0000,0.0000,0.0000,65.8264,0.0000,3073.0000,936.0000,0.0000,4.0000,6.0000,3.0000,2.0000
0.9470,0.1780,0.2370,0.0690,0.0390,0.0000,0.0000,0.5320,1.0000,5.6420,187.8400,2.2330,0.0000,0.0000,0.0000,65.8264,0.0000,3073.0000,936.0000,0.0000,4.0000,6.0000,3.0000,2.0000
0.9480,0.1890,0.2320,0.0770,0.0370,0.0000,0.0000,0.5270,1.0000,5.6420,187.8400,2.2330,0.0000,0.0000,0.0000,65.8264,0.0000,3073.0000,936.0000,0.0000,4.0000,6.0000,3.0000,2.0000
1.0510,0.1970,0.2600,0.0820,0.1040,0.0000,0.0000,0.5940,1.0000,5.6420,187.8400,2.2330,0.0000,0.0000,0.0000,65.8371,0.0000,3074.0000,936.0000,0.0000,4.0000,6.0000,3.0000,2.0000
0.9030,0.2330,0.2240,0.0710,0.0390,0.0000,0.0000,0.4460,1.0000,5.6420,187.8400,2.2330,0.0000,0.0000,0.0000,65.8371,0.0000,3074.0000,936.0000,0.0000,4.0000,6.0000,3.0000,2.0000
0.8820,0.1840,0.1800,0.0700,0.0300,0.0000,0.0000,0.5180,1.0000,5.6420,187.8400,2.2330,0.0000,0.0000,0.0000,65.8372,0.0000,3074.0000,936.0000,0.0000,4.0000,6.0000,3.0000,2.0000
0.8740,0.1960,0.1780,0.0720,0.0300,0.0000,0.0000,0.5000,1.0000,5.6420,187.8400,2.2330,0.0000,0.0000,0.0000,65.8372,0.0000,3074.0000,936.0000,0.0000,4.0000,6.0000,3.0000,2.0000
0.9250,0.2000,0.1910,0.0820,0.0320,0.0000,0.0000,0.5340,1.0000,5.6420,187.8400,2.2330,0.0000,0.0000,0.0000,65.8372,0.0000,3074.0000,936.0000,0.0000,4.0000,6.0000,3.0000,2.0000
0.8810,0.3020,0.1860,0.1460,0.0320,0.0000,0.0000,0.3930,1.0000,5.6420,187.8400,2.2330,0.0000,0.0000,0.0000,65.8372,0.0000,3074.0000,936.0000,0.0000,4.0000,6.0000,3.0000,2.0000
1.0800,0.2310,0.2260,0.1210,0.0710,0.0000,0.0000,0.6230,1.0000,5.6420,187.8400,2.2330,0.0000,0.0000,0.0000,65.8569,0.0000,3076.0000,936.0000,0.0000,4.0000,6.0000,3.0000,3.0000
0.8550,0.3760,0.1890,0.1870,0.0340,0.0000,0.0000,0.2900,1.0000,5.6420,187.8400,2.2330,0.0000,0.0000,0.0000,65.8569,0.0000,3076.0000,936.0000,0.0000,4.0000,6.0000,3.0000,3.0000
0.8520,0.1760,0.1780,0.0680,0.0310,0.0000,0.0000,0.4980,1.0000,5.6420,187.8400,2.2330,0.0000,0.0000,0.0000,65.8570,0.0000,3076.0000,936.0000,0.0000,4.0000,6.0000,3.0000,3.0000
0.9710,0.1770,0.1990,0.0720,0.0330,0.0000,0.0000,0.5950,1.0000,5.6420,187.8400,2.2330,0.0000,0.0000,0.0000,65.8570,0.0000,3076.0000,936.0000,0.0000,4.0000,6.0000,3.0000,3.0000
0.9330,0.1960,0.2050,0.0740,0.0330,0.0000,0.0000,0.5320,1.0000,5.6420,187.8400,2.2330,0.0000,0.0000,0.0000,65.8570,0.0000,3076.0000,936.0000,0.0000,4.0000,6.0000,3.0000,3.0000
0.9750,0.2280,0.2030,0.0910,0.0430,0.0000,0.0000,0.5440,1.0000,5.6420,187.8400,2.2330,0.0000,0.0000,0.0000,65.8570,0.0000,3076.0000,936.0000,0.0000,4.0000,6.0000,3.0000,3.0000
0.9450,0.1970,0.1980,0.0700,0.0340,0.0000,0.0000,0.5500,1.0000,5.6420,187.8400,2.2330,0.0000,0.0000,0.0000,65.8570,0.0000,3076.0000,936.0000,0.0000,4.0000,6.0000,3.0000,3.0000
1.0070,0.1810,0.2770,0.0710,0.0400,0.0000,0.0000,0.5490,1.0000,5.6420,187.8400,2.2330,0.0000,0.0000,0.0000,65.8570,0.0000,3076.0000,936.0000,0.0000,4.0000,6.0000,3.0000,3.0000
0.9760,0.1860,0.2370,0.0720,0.0380,0.0000,0.0000,0.5530,1.0000,5.6420,187.8400,2.2330,0.0000,0.0000,0.0000,65.8570,0.0000,3076.0000,936.0000,0.0000,4.0000,6.0000,3.0000,3.0000
0.8970,0.1910,0.2240,0.0730,0.0330,0.0000,0.0000,0.4820,1.0000,5.6420,187.8400,2.2330,0.0000,0.0000,0.0000,65.8570,0.0000,3076.0000,936.0000,0.0000,4.0000,6.0000,3.0000,3.0000
0.9970,0.1800,0.2210,0.0700,0.0710,0.0000,0.0000,0.5960,1.0000,5.6420,187.8400,2.2330,0.0000,0.0000,0.0000,65.8558,0.0000,3074.0000,936.0000,0.0000,4.0000,6.0000,3.0000,3.0000
0.9730,0.1880,0.2150,0.0730,0.0650,0.0000,0.0000,0.5700,1.0000,5.6420,187.8400,2.2330,0.0000,0.0000,0.0000,65.8558,0.0000,3074.0000,936.0000,0.0000,4.0000,6.0000,3.0000,3.0000
0.9450,0.1920,0.1810,0.0720,0.0320,0.0000,0.0000,0.5720,1.0000,5.6420,187.8400,2.2330,0.0000,0.0000,0.0000,65.8558,0.0000,3074.0000,936.0000,0.0000,4.0000,6.0000,3.0000,3.0000
1.9650,0.2090,0.1980,0.0830,0.0430,0.0000,0.0000,1.5580,1.0000,5.6420,187.8400,2.2330,0.0000,0.0000,0.0000,65.8558,0.0000,3074.0000,936.0000,0.0000,4.0000,6.0000,3.0000,3.0000
0.9820,0.2280,0.2420,0.0960,0.0430,0.0000,0.0000,0.5120,1.0000,5.6420,187.8400,2.2330,0.0000,0.0000,0.0000,65.8558,0.0000,3074.0000,936.0000,0.0000,4.0000,6.0000,3.0000,3.0000
0.7560,0.1970,0.1650,0.0740,0.0310,0.0000,0.0000,0.3940,1.0000,5.6420,187.8400,2.2330,0.0000,0.0000,0.0000,65.8558,0.0000,3074.0000,936.0000,0.0000,4.0000,6.0000,3.0000,3.0000
0.7590,0.1690,0.1410,0.0650,0.0240,0.0000,0.0000,0.4490,1.0000,5.6420,187.8400,2.2330,0.0000,0.0000,0.0000,65.8558,0.0000,3074.0000,936.0000,0.0000,4.0000,6.0000,3.0000,3.0000
0.9820,0.1740,0.2320,0.0620,0.0660,0.0000,0.0000,0.5760,1.0000,5.6420,187.8400,2.2330,0.0000,0.0000,0.0000,65.8644,0.0000,3074.0000,936.0000,0.0000,4.0000,6.0000,3.0000,3.0000
0.8730,0.2460,0.2150,0.0790,0.0600,0.0000,0.0000,0.4120,1.0000,5.6420,187.8400,2.2330,0.0000,0.0000,0.0000,65.8742,0.0000,3075.0000,936.0000,0.0000,4.0000,6.0000,3.0000,3.0000
0.7690,0.2120,0.1950,0.0710,0.0370,0.0000,0.0000,0.3620,1.0000,5.6420,187.8400,2.2330,0.0000,0.0000,0.0000,65.8742,0.0000,3075.0000,936.0000,0.0000,4.0000,6.0000,3.0000,3.0000
0.7600,0.1670,0.1480,0.0760,0.0250,0.0000,0.0000,0.4450,1.0000,5.6420,187.8400,2.2330,0.0000,0.0000,0.0000,65.8743,0.0000,3075.0000,936.0000,0.0000,4.0000,6.0000,3.0000,3.0000
0.8470,0.1850,0.1570,0.0660,0.0320,0.0000,0.0000,0.5050,1.0000,5.6420,187.8400,2.2330,0.0000,0.0000,0.0000,65.8743,0.0000,3075.0000,936.0000,0.0000,4.0000,6.0000,3.0000,3.0000
0.9140,0.2050,0.2000,0.1160,0.0590,0.0000,0.0000,0.5090,1.0000,5.6420,187.8400,2.2330,0.0000,0.0000,0.0000,65.8850,0.0000,3076.0000,936.0000,0.0000,4.0000,6.0000,3.0000,3.0000
0.7850,0.2730,0.1580,0.1260,0.0270,0.0000,0.0000,0.3540,1.0000,5.6420,187.8400,2.2330,0.0000,0.0000,0.0000,65.8850,0.0000,3076.0000,936.0000,0.0000,4.0000,6.0000,3.0000,3.0000
0.7270,0.1530,0.1570,0.0600,0.0250,0.0000,0.0000,0.4170,1.0000,5.6420,187.8400,2.2330,0.0000,0.0000,0.0000,65.8851,0.0000,3076.0000,936.0000,0.0000,4.0000,6.0000,3.0000,3.0000
0.7850,0.1510,0.1330,0.0630,0.0230,0.0000,0.0000,0.5010,1.0000,5.6420,187.8400,2.2330,0.0000,0.0000,0.0000,65.8851,0.0000,3076.0000,936.0000,0.0000,4.0000,6.0000,3.0000,3.0000
0.8060,0.1620,0.1460,0.0620,0.0250,0.0000,0.0000,0.4980,1.0000,5.6420,187.8400,2.2330,0.0000,0.0000,0.0000,65.8857,0.0000,3076.0000,936.0000,0.0000,4.0000,7.0000,3.0000,3.0000
0.7590,0.2320,0.1620,0.0880,0.0280,0.0000,0.0000,0.3650,1.0000,5.6420,187.8400,2.2330,0.0000,0.0000,0.0000,65.8857,0.0000,3076.0000,936.0000,0.0000,4.0000,7.0000,3.0000,3.0000
0.7110,0.1540,0.1690,0.0620,0.0280,0.0000,0.0000,0.3880,1.0000,5.6420,187.8400,2.2330,0.0000,0.0000,0.0000,65.8857,0.0000,3076.0000,936.0000,0.0000,4.0000,7.0000,3.0000,3.0000
0.9500,0.1620,0.1630,0.0680,0.0250,0.0000,0.0000,0.6250,1.0000,5.6420,187.8400,2.2330,0.0000,0.0000,0.0000,65.8864,0.0000,3076.0000,936.0000,0.0000,4.0000,8.0000,3.0000,3.0000
0.9760,0.1990,0.2450,0.0640,0.0340,0.0000,0.0000,0.5320,1.0000,5.6420,187.8400,2.2330,0.0000,0.0000,0.0000,65.8864,0.0000,3076.0000,936.0000,0.0000,4.0000,8.0000,3.0000,3.0000
0.9440,0.1800,0.2100,0.0710,0.0650,0.0000,0.0000,0.5540,1.0000,5.6420,187.8400,2.2330,0.0000,0.0000,0.0000,65.8864,0.0000,3076.0000,936.0000,0.0000,4.0000,8.0000,3.0000,3.0000
0.9120,0.1830,0.1790,0.0720,0.0290,0.0000,0.0000,0.5500,1.0000,5.6420,187.8400,2.2330,0.0000,0.0000,0.0000,65.8864,0.0000,3076.0000,936.0000,0.0000,4.0000,8.0000,3.0000,3.0000
0.9980,0.1860,0.1770,0.0690,0.0280,0.0000,0.0000,0.6350,1.0000,5.6420,187.8400,2.2330,0.0000,0.0000,0.0000,65.8864,0.0000,3076.0000,936.0000,0.0000,4.0000,8.0000,3.0000,3.0000
0.9450,0.2900,0.1990,0.0890,0.0390,0.0000,0.0000,0.4560,1.0000,5.6420,187.8400,2.2330,0.0000,0.0000,0.0000,65.8864,0.0000,3076.0000,936.0000,0.0000,4.0000,8.0000,3.0000,3.0000
0.9350,0.1900,0.1750,0.0710,0.0300,0.0000,0.0000,0.5700,1.0000,5.6420,187.8400,2.2330,0.0000,0.0000,0.0000,65.8872,0.0000,3076.0000,936.0000,0.0000,4.0000,9.0000,3.0000,3.0000
0.8990,0.2620,0.1800,0.0870,0.0300,0.0000,0.0000,0.4570,1.0000,5.6420,187.8400,2.2330,0.0000,0.0000,0.0000,65.8872,0.0000,3076.0000,936.0000,0.0000,4.0000,9.0000,3.0000,3.0000
1.3350,0.2280,0.4270,0.0750,0.2800,0.0000,0.0000,0.6800,1.0000,5.6420,187.8400,2.2330,0.0000,0.0000,0.0000,65.9012,0.0000,3078.0000,936.0000,0.0000,4.0000,9.0000,3.0000,3.0000
0.9140,0.2590,0.2220,0.0770,0.0680,0.0000,0.0000,0.4330,1.0000,5.6420,187.8400,2.2330,0.0000,0.0000,0.0000,65.9012,0.0000,3078.0000,936.0000,0.0000,4.0000,9.0000,3.0000,3.0000
0.9540,0.1850,0.1760,0.0730,0.0290,0.0000,0.0000,0.5930,1.0000,5.6420,187.8400,2.2330,0.0000,0.0000,0.0000,65.9012,0.0000,3078.0000,936.0000,0.0000,4.0000,9.0000,3.0000,3.0000
1.0150,0.2180,0.2190,0.0890,0.0710,0.0000,0.0000,0.5780,1.0000,5.6420,187.8400,2.2330,0.0000,0.0000,0.0000,65.9215,0.0000,3080.0000,936.0000,0.0000,4.0000,9.0000,3.0000,3.0000
0.9440,0.2730,0.1740,0.0730,0.0300,0.0000,0.0000,0.4970,1.0000,5.6420,187.8400,2.2330,0.0000,0.0000,0.0000,65.9215,0.0000,3080.0000,936.0000,0.0000,4.0000,9.0000,3.0000,3.0000
0.8810,0.2630,0.1820,0.0760,0.0310,0.0000,0.0000,0.4360,1.0000,5.6420,187.8400,2.2330,0.0000,0.0000,0.0000,65.9216,0.0000,3080.0000,936.0000,0.0000,4.0000,9.0000,3.0000,3.0000
1.0090,0.2050,0.1760,0.0840,0.0300,0.0000,0.0000,0.6280,1.0000,5.6420,187.8400,2.2330,0.0000,0.0000,0.0000,65.9216,0.0000,3080.0000,936.0000,0.0000,4.0000,9.0000,3.0000,3.0000
0.8420,0.2440,0.1870,0.1410,0.0410,0.0000,0.0000,0.4110,1.0000,5.6420,187.8400,2.2330,0.0000,0.0000,0.0000,65.9216,0.0000,3080.0000,936.0000,0.0000,4.0000,9.0000,3.0000,3.0000
1.2070,0.2230,0.1910,0.1210,0.0590,0.0000,0.0000,0.7930,1.0000,5.6420,187.8400,2.2330,0.0000,0.0000,0.0000,65.9318,0.0000,3081.0000,936.0000,0.0000,4.0000,9.0000,3.0000,3.0000
0.9150,0.2100,0.1910,0.0650,0.0310,0.0000,0.0000,0.5140,1.0000,5.6420,187.8400,2.2330,0.0000,0.0000,0.0000,65.9318,0.0000,3081.0000,936.0000,0.0000,4.0000,9.0000,3.0000,3.0000
