frame_ms,scripts_physics_ms,scripts_process_ms,guard_ai_ms,guard_presentation_ms,render_cpu_ms,render_gpu_ms,other_ms,physics_ticks,process_max1s_ms,physics_max1s_ms,navigation_max1s_ms,draw_calls,objects,primitives,static_mem_mb,video_mem_mb,object_count,node_count,orphan_nodes,physics_active,collision_pairs,nav_agents,guards_moving
6.4860,0.8700,0.4740,0.5010,0.2420,0.0000,0.0000,5.1420,1.0000,3.5560,197.9010,11.7280,0.0000,0.0000,0.0000,70.1493,0.0000,4398.0000,1755.0000,0.0000,25.0000,42.0000,24.0000,17.0000
2.7580,0.7880,0.4570,0.5290,0.2240,0.0000,0.0000,1.5130,1.0000,3.5560,197.9010,11.7280,0.0000,0.0000,0.0000,70.1689,0.0000,4400.0000,1755.0000,0.0000,25.0000,42.0000,24.0000,17.0000
2.2440,0.7770,0.4290,0.4240,0.1630,0.0000,0.0000,1.0380,1.0000,3.5560,197.9010,11.7280,0.0000,0.0000,0.0000,69.8388,0.0000,4368.0000,1755.0000,0.0000,25.0000,43.0000,24.0000,17.0000
2.7310,0.6110,0.3470,0.4040,0.1490,0.0000,0.0000,1.7730,1.0000,3.5560,197.9010,11.7280,0.0000,0.0000,0.0000,69.8382,0.0000,4368.0000,1755.0000,0.0000,25.0000,42.0000,24.0000,16.0000
2.3000,0.7920,0.4180,0.4250,0.2020,0.0000,0.0000,1.0900,1.0000,3.5560,197.9010,11.7280,0.0000,0.0000,0.0000,69.8382,0.0000,4368.0000,1755.0000,0.0000,25.0000,42.0000,24.0000,16.0000
2.6420,0.7370,0.5560,0.5480,0.2330,0.0000,0.0000,1.3490,1.0000,3.5560,197.9010,11.7280,0.0000,0.0000,0.0000,69.8493,0.0000,4369.0000,1755.0000,0.0000,25.0000,43.0000,24.0000,17.0000
2.7420,0.7090,0.6250,0.4110,0.2720,0.0000,0.0000,1.4080,1.0000,3.5560,197.9010,11.7280,0.0000,0.0000,0.0000,69.8602,0.0000,4370.0000,1755.0000,0.0000,25.0000,44.0000,24.0000,17.0000
2.2310,0.7320,0.3990,0.4130,0.1860,0.0000,0.0000,1.1000,1.0000,3.5560,197.9010,11.7280,0.0000,0.0000,0.0000,69.8596,0.0000,4370.0000,1755.0000,0.0000,25.0000,43.0000,24.0000,17.0000
3.4180,0.6380,0.5050,0.4480,0.2820,0.0000,0.0000,2.2750,1.0000,3.5560,197.9010,11.7280,0.0000,0.0000,0.0000,69.8706,0.0000,4371.0000,1755.0000,0.0000,25.0000,44.0000,24.0000,17.0000
2.7070,0.6740,0.4230,0.4440,0.2120,0.0000,0.0000,1.6100,1.0000,3.5560,197.9010,11.7280,0.0000,0.0000,0.0000,69.8803,0.0000,4372.0000,1755.0000,0.0000,25.0000,43.0000,24.0000,17.0000
2.8380,0.9760,0.5510,0.6720,0.2750,0.0000,0.0000,1.3110,1.0000,3.5560,197.9010,11.7280,0.0000,0.0000,0.0000,69.9320,0.0000,4377.0000,1755.0000,0.0000,25.0000,44.0000,24.0000,17.0000
2.5980,0.9550,0.5100,0.4690,0.2650,0.0000,0.0000,1.1330,1.0000,3.5560,197.9010,11.7280,0.0000,0.0000,0.0000,69.9424,0.0000,4378.0000,1755.0000,0.0000,25.0000,44.0000,24.0000,17.0000
2.6630,0.8140,0.3620,0.5750,0.1540,0.0000,0.0000,1.4870,1.0000,3.5560,197.9010,11.7280,0.0000,0.0000,0.0000,69.9434,0.0000,4378.0000,1755.0000,0.0000,25.0000,45.0000,24.0000,17.0000
3.3630,0.8320,1.0940,0.5000,0.5100,0.0000,0.0000,1.4370,1.0000,3.5560,197.9010,11.7280,0.0000,0.0000,0.0000,69.9638,0.0000,4380.0000,1755.0000,0.0000,25.0000,45.0000,24.0000,17.0000
2.1510,0.8080,0.3810,0.4210,0.1570,0.0000,0.0000,0.9620,1.0000,3.5560,197.9010,11.7280,0.0000,0.0000,0.0000,69.9638,0.0000,4380.0000,1755.0000,0.0000,25.0000,45.0000,24.0000,17.0000
2.2500,0.6370,0.4370,0.3770,0.1770,0.0000,0.0000,1.1760,1.0000,3.5560,197.9010,11.7280,0.0000,0.0000,0.0000,69.9632,0.0000,4380.0000,1755.0000,0.0000,25.0000,44.0000,24.0000,17.0000
2.3020,0.6000,0.4750,0.3690,0.2180,0.0000,0.0000,1.2270,1.0000,3.5560,197.9010,11.7280,0.0000,0.0000,0.0000,69.9632,0.0000,4380.0000,1755.0000,0.0000,25.0000,44.0000,24.0000,17.0000
3.4010,0.7460,0.4290,0.4550,0.1710,0.0000,0.0000,2.2260,1.0000,3.5560,197.9010,11.7280,0.0000,0.0000,0.0000,69.9632,0.0000,4380.0000,1755.0000,0.0000,25.0000,44.0000,24.0000,17.0000
2.7230,1.5440,0.4840,0.4310,0.2420,0.0000,0.0000,0.6950,1.0000,3.5560,197.9010,11.7280,0.0000,0.0000,0.0000,69.9842,0.0000,4382.0000,1755.0000,0.0000,25.0000,45.0000,24.0000,17.0000
2.9110,0.9370,0.9510,0.5090,0.3580,0.0000,0.0000,1.0230,1.0000,3.5560,197.9010,11.7280,0.0000,0.0000,0.0000,69.9938,0.0000,4383.0000,1755.0000,0.0000,25.0000,44.0000,24.0000,17.0000
2.6100,0.8080,0.6390,0.5630,0.1740,0.0000,0.0000,1.1630,1.0000,3.5560,197.9010,11.7280,0.0000,0.0000,0.0000,69.9939,0.0000,4383.0000,1755.0000,0.0000,25.0000,44.0000,24.0000,17.0000
2.1850,0.9250,0.3800,0.6720,0.1580,0.0000,0.0000,0.8800,1.0000,3.5560,197.9010,11.7280,0.0000,0.0000,0.0000,69.9939,0.0000,4383.0000,1755.0000,0.0000,25.0000,44.0000,24.0000,17.0000
2.6590,0.7630,0.4710,0.5590,0.2160,0.0000,0.0000,1.4250,1.0000,3.5560,197.9010,11.7280,0.0000,0.0000,0.0000,70.0146,0.0000,4385.0000,1755.0000,0.0000,25.0000,44.0000,24.0000,17.0000
5.3660,0.9780,0.6710,0.6220,0.2890,0.0000,0.0000,3.7170,1.0000,3.5560,197.9010,11.7280,0.0000,0.0000,0.0000,70.0256,0.0000,4386.0000,1755.0000,0.0000,25.0000,45.0000,24.0000,17.0000
2.6660,0.8920,0.5570,0.5550,0.2090,0.0000,0.0000,1.2170,1.0000,3.5560,197.9010,11.7280,0.0000,0.0000,0.0000,70.0257,0.0000,4386.0000,1755.0000,0.0000,25.0000,45.0000,24.0000,17.0000
3.0340,0.7670,0.4380,0.4840,0.2210,0.0000,0.0000,1.8290,1.0000,3.5560,197.9010,11.7280,0.0000,0.0000,0.0000,70.0353,0.0000,4387.0000,1755.0000,0.0000,25.0000,44.0000,24.0000,17.0000
2.7890,0.9000,0.3650,0.6140,0.1540,0.0000,0.0000,1.5240,1.0000,3.5560,197.9010,11.7280,0.0000,0.0000,0.0000,70.0360,0.0000,4387.0000,1755.0000,0.0000,25.0000,45.0000,24.0000,17.0000
2.8610,0.9170,0.5180,0.6460,0.2970,0.0000,0.0000,1.4260,1.0000,3.5560,197.9010,11.7280,0.0000,0.0000,0.0000,70.0361,0.0000,4387.0000,1755.0000,0.0000,25.0000,45.0000,24.0000,16.0000
2.8210,0.8380,0.4800,0.5640,0.2190,0.0000,0.0000,1.5030,1.0000,3.5560,197.9010,11.7280,0.0000,0.0000,0.0000,70.0361,0.0000,4387.0000,1755.0000,0.0000,25.0000,45.0000,24.0000,16.0000
2.4590,0.9110,0.4830,0.6190,0.2160,0.0000,0.0000,1.0650,1.0000,3.5560,197.9010,11.7280,0.0000,0.0000,0.0000,70.0354,0.0000,4387.0000,1755.0000,0.0000,25.0000,44.0000,24.0000,16.0000
4.0080,0.7140,0.6620,0.3740,0.4390,0.0000,0.0000,2.6320,1.0000,3.5560,197.9010,11.7280,0.0000,0.0000,0.0000,70.0354,0.0000,4387.0000,1755.0000,0.0000,25.0000,44.0000,24.0000,16.0000
3.5830,0.9630,0.6810,0.6010,0.3540,0.0000,0.0000,1.9390,1.0000,3.5560,197.9010,11.7280,0.0000,0.0000,0.0000,70.0453,0.0000,4389.0000,1755.0000,0.0000,25.0000,43.0000,24.0000,16.0000
3.2920,0.9990,0.5320,0.5590,0.2370,0.0000,0.0000,1.7610,1.0000,3.5560,197.9010,11.7280,0.0000,0.0000,0.0000,70.0453,0.0000,4389.0000,1755.0000,0.0000,25.0000,43.0000,24.0000,16.0000
3.2280,0.8360,0.5590,0.5360,0.2800,0.0000,0.0000,1.8330,1.0000,3.5560,197.9010,11.7280,0.0000,0.0000,0.0000,70.0556,0.0000,4390.0000,1755.0000,0.0000,25.0000,43.0000,24.0000,15.0000
3.1160,0.9530,0.5910,0.5770,0.3240,0.0000,0.0000,1.5720,1.0000,3.5560,197.9010,11.7280,0.0000,0.0000,0.0000,70.0553,0.0000,4390.0000,1755.0000,0.0000,25.0000,43.0000,24.0000,15.0000
3.2490,0.9410,0.5910,0.5980,0.3300,0.0000,0.0000,1.7170,1.0000,3.5560,197.9010,11.7280,0.0000,0.0000,0.0000,69.8391,0.0000,4369.0000,1755.0000,0.0000,25.0000,44.0000,24.0000,15.0000
3.4320,0.8420,0.6130,0.4860,0.2890,0.0000,0.0000,1.9770,1.0000,3.5560,197.9010,11.7280,0.0000,0.0000,0.0000,69.8702,0.0000,4372.0000,1755.0000,0.0000,25.0000,45.0000,24.0000,15.0000
3.5460,0.9890,0.6260,0.5330,0.3250,0.0000,0.0000,1.9310,1.0000,3.5560,197.9010,11.7280,0.0000,0.0000,0.0000,69.8696,0.0000,4372.0000,1755.0000,0.0000,25.0000,44.0000,24.0000,15.0000
3.3880,1.0290,0.6260,0.7220,0.2810,0.0000,0.0000,1.7330,1.0000,3.5560,197.9010,11.7280,0.0000,0.0000,0.0000,69.8705,0.0000,4372.0000,1755.0000,0.0000,25.0000,45.0000,24.0000,15.0000
3.4750,0.9050,0.5790,0.5880,0.3110,0.0000,0.0000,1.9910,1.0000,3.5560,197.9010,11.7280,0.0000,0.0000,0.0000,69.9003,0.0000,4375.0000,1755.0000,0.0000,25.0000,44.0000,24.0000,15.0000
3.2050,1.1140,0.6150,0.6320,0.2770,0.0000,0.0000,1.4760,1.0000,3.5560,197.9010,11.7280,0.0000,0.0000,0.0000,69.9004,0.0000,4375.0000,1755.0000,0.0000,25.0000,44.0000,24.0000,15.0000
3.0510,0.9220,0.5290,0.5830,0.2320,0.0000,0.0000,1.6000,1.0000,3.5560,197.9010,11.7280,0.0000,0.0000,0.0000,69.8999,0.0000,4375.0000,1755.0000,0.0000,25.0000,43.0000,24.0000,14.0000
3.0400,0.8350,0.5370,0.4980,0.2430,0.0000,0.0000,1.6680,1.0000,3.5560,197.9010,11.7280,0.0000,0.0000,0.0000,69.8999,0.0000,4375.0000,1755.0000,0.0000,25.0000,43.0000,24.0000,14.0000
3.5540,0.7800,0.6470,0.4800,0.3460,0.0000,0.0000,2.1270,1.0000,3.5560,197.9010,11.7280,0.0000,0.0000,0.0000,69.9106,0.0000,4376.0000,1755.0000,0.0000,25.0000,43.0000,24.0000,15.0000
3.2470,1.0960,0.6650,0.7470,0.3350,0.0000,0.0000,1.4860,1.0000,3.5560,197.9010,11.7280,0.0000,0.0000,0.0000,69.9106,0.0000,4376.0000,1755.0000,0.0000,25.0000,43.0000,24.0000,15.0000
3.1180,0.8620,0.6120,0.5450,0.2980,0.0000,0.0000,1.6440,1.0000,3.5560,197.9010,11.7280,0.0000,0.0000,0.0000,69.9210,0.0000,4377.0000,1755.0000,0.0000,25.0000,43.0000,24.0000,15.0000
3.2540,0.8870,0.5810,0.5470,0.2840,0.0000,0.0000,1.7860,1.0000,3.5560,197.9010,11.7280,0.0000,0.0000,0.0000,69.9312,0.0000,4378.0000,1755.0000,0.0000,25.0000,43.0000,24.0000,15.0000
3.2770,0.8650,0.5250,0.5310,0.2200,0.0000,0.0000,1.8870,1.0000,3.5560,197.9010,11.7280,0.0000,0.0000,0.0000,69.9320,0.0000,4378.0000,1755.0000,0.0000,25.0000,44.0000,24.0000,15.0000
3.1960,0.8970,0.6600,0.5980,0.3310,0.0000,0.0000,1.6390,1.0000,3.5560,197.9010,11.7280,0.0000,0.0000,0.0000,69.9320,0.0000,4378.0000,1755.0000,0.0000,25.0000,44.0000,24.0000,15.0000
3.2860,0.9000,0.5760,0.5520,0.2490,0.0000,0.0000,1.8100,1.0000,3.5560,197.9010,11.7280,0.0000,0.0000,0.0000,69.9321,0.0000,4378.0000,1755.0000,0.0000,25.0000,44.0000,24.0000,16.0000
3.4710,0.9590,0.5630,0.6280,0.2610,0.0000,0.0000,1.9490,1.0000,3.5560,197.9010,11.7280,0.0000,0.0000,0.0000,69.9321,0.0000,4378.0000,1755.0000,0.0000,25.0000,44.0000,24.0000,16.0000
3.4770,1.0390,0.6840,0.7250,0.3870,0.0000,0.0000,1.7540,1.0000,3.5560,197.9010,11.7280,0.0000,0.0000,0.0000,69.9527,0.0000,4380.0000,1755.0000,0.0000,25.0000,44.0000,24.0000,16.0000
3.2940,1.0700,0.5180,0.6580,0.2480,0.0000,0.0000,1.7060,1.0000,3.5560,197.9010,11.7280,0.0000,0.0000,0.0000,69.9528,0.0000,4380.0000,1755.0000,0.0000,25.0000,44.0000,24.0000,16.0000
2.9320,0.8780,0.4550,0.5130,0.2010,0.0000,0.0000,1.5990,1.0000,3.5560,197.9010,11.7280,0.0000,0.0000,0.0000,69.9529,0.0000,4380.0000,1755.0000,0.0000,25.0000,44.0000,24.0000,16.0000
3.3110,0.8850,0.6610,0.5700,0.3380,0.0000,0.0000,1.7650,1.0000,3.5560,197.9010,11.7280,0.0000,0.0000,0.0000,69.9631,0.0000,4381.0000,1755.0000,0.0000,25.0000,44.0000,24.0000,16.0000
3.2130,0.9270,0.6140,0.5970,0.3030,0.0000,0.0000,1.6720,1.0000,3.5560,197.9010,11.7280,0.0000,0.0000,0.0000,69.9641,0.0000,4381.0000,1755.0000,0.0000,25.0000,45.0000,24.0000,16.0000
3.3930,0.9440,0.6510,0.5380,0.3110,0.0000,0.0000,1.7980,1.0000,3.5560,197.9010,11.7280,0.0000,0.0000,0.0000,69.9744,0.0000,4382.0000,1755.0000,0.0000,25.0000,45.0000,24.0000,16.0000
3.3470,1.0590,0.5660,0.6550,0.3190,0.0000,0.0000,1.7220,1.0000,3.5560,197.9010,11.7280,0.0000,0.0000,0.0000,69.9847,0.0000,4383.0000,1755.0000,0.0000,25.0000,45.0000,24.0000,16.0000
3.6700,0.9940,0.7010,0.6200,0.3940,0.0000,0.0000,1.9750,1.0000,3.5560,197.9010,11.7280,0.0000,0.0000,0.0000,70.0044,0.0000,4385.0000,1755.0000,0.0000,25.0000,44.0000,24.0000,16.0000
3.8610,1.0830,0.6400,0.6310,0.3090,0.0000,0.0000,2.1380,1.0000,3.5560,197.9010,11.7280,0.0000,0.0000,0.0000,70.0155,0.0000,4386.0000,1755.0000,0.0000,25.0000,45.0000,24.0000,16.0000
3.4190,1.2530,0.5880,0.7730,0.2660,0.0000,0.0000,1.5780,1.0000,3.5560,197.9010,11.7280,0.0000,0.0000,0.0000,70.0191,0.0000,4387.0000,1755.0000,0.0000,25.0000,45.0000,24.0000,15.0000
3.6060,0.9950,0.6550,0.6800,0.3120,0.0000,0.0000,1.9560,1.0000,3.5560,197.9010,11.7280,0.0000,0.0000,0.0000,70.0181,0.0000,4387.0000,1755.0000,0.0000,25.0000,45.0000,24.0000,15.0000
4.9670,1.1340,1.2090,0.8120,0.8840,0.0000,0.0000,2.6240,1.0000,3.5560,197.9010,11.7280,0.0000,0.0000,0.0000,70.0606,0.0000,4395.0000,1755.0000,0.0000,25.0000,45.0000,24.0000,15.0000
3.3660,1.0440,0.5820,0.5570,0.2870,0.0000,0.0000,1.7400,1.0000,3.5560,197.9010,11.7280,0.0000,0.0000,0.0000,69.8349,0.0000,4373.0000,1755.0000,0.0000,25.0000,46.0000,24.0000,16.0000
3.2030,1.0260,0.5950,0.6790,0.2990,0.0000,0.0000,1.5820,1.0000,3.5560,197.9010,11.7280,0.0000,0.0000,0.0000,69.8341,0.0000,4373.0000,1755.0000,0.0000,25.0000,45.0000,24.0000,16.0000
3.5180,0.8890,0.6580,0.6060,0.3860,0.0000,0.0000,1.9710,1.0000,3.5560,197.9010,11.7280,0.0000,0.0000,0.0000,69.8452,0.0000,4374.0000,1755.0000,0.0000,25.0000,46.0000,24.0000,15.0000
3.3880,0.9970,0.6560,0.6360,0.2930,0.0000,0.0000,1.7350,1.0000,3.5560,197.9010,11.7280,0.0000,0.0000,0.0000,69.8438,0.0000,4374.0000,1755.0000,0.0000,25.0000,44.0000,24.0000,15.0000
3.3980,0.9510,0.6490,0.6540,0.3560,0.0000,0.0000,1.7980,1.0000,3.5560,197.9010,11.7280,0.0000,0.0000,0.0000,69.8744,0.0000,4377.0000,1755.0000,0.0000,25.0000,44.0000,24.0000,15.0000
3.3770,1.1080,0.6570,0.6320,0.3170,0.0000,0.0000,1.6120,1.0000,3.5560,197.9010,11.7280,0.0000,0.0000,0.0000,69.8846,0.0000,4378.0000,1755.0000,0.0000,25.0000,44.0000,24.0000,15.0000
3.3750,0.9350,0.5250,0.5580,0.2440,0.0000,0.0000,1.9150,1.0000,3.5560,197.9010,11.7280,0.0000,0.0000,0.0000,69.8855,0.0000,4378.0000,1755.0000,0.0000,25.0000,45.0000,24.0000,15.0000
3.3420,0.9390,0.6330,0.6310,0.2950,0.0000,0.0000,1.7700,1.0000,3.5560,197.9010,11.7280,0.0000,0.0000,0.0000,69.8855,0.0000,4378.0000,1755.0000,0.0000,25.0000,45.0000,24.0000,14.0000
3.3670,0.9210,0.6350,0.6010,0.2870,0.0000,0.0000,1.8110,1.0000,3.5560,197.9010,11.7280,0.0000,0.0000,0.0000,69.8848,0.0000,4378.0000,1755.0000,0.0000,25.0000,44.0000,24.0000,15.0000
3.4400,0.8240,0.5430,0.5400,0.2460,0.0000,0.0000,2.0730,1.0000,3.5560,197.9010,11.7280,0.0000,0.0000,0.0000,69.8855,0.0000,4378.0000,1755.0000,0.0000,25.0000,45.0000,24.0000,16.0000
3.2580,0.9870,0.6400,0.6350,0.2990,0.0000,0.0000,1.6310,1.0000,3.5560,197.9010,11.7280,0.0000,0.0000,0.0000,69.8965,0.0000,4379.0000,1755.0000,0.0000,25.0000,46.0000,24.0000,16.0000
3.3950,0.9600,0.6060,0.5760,0.3130,0.0000,0.0000,1.8290,1.0000,3.5560,197.9010,11.7280,0.0000,0.0000,0.0000,69.9068,0.0000,4380.0000,1755.0000,0.0000,25.0000,46.0000,24.0000,16.0000
3.1850,0.9040,0.6300,0.5630,0.3080,0.0000,0.0000,1.6510,1.0000,3.5560,197.9010,11.7280,0.0000,0.0000,0.0000,69.9083,0.0000,4380.0000,1755.0000,0.0000,25.0000,48.0000,24.0000,16.0000
3.4070,0.8300,0.6650,0.5670,0.3170,0.0000,0.0000,1.9120,1.0000,3.5560,197.9010,11.7280,0.0000,0.0000,0.0000,69.9080,0.0000,4381.0000,1755.0000,0.0000,25.0000,47.0000,24.0000,16.0000
3.6140,0.9320,0.6120,0.5820,0.3200,0.0000,0.0000,2.0700,1.0000,3.5560,197.9010,11.7280,0.0000,0.0000,0.0000,69.9283,0.0000,4383.0000,1755.0000,0.0000,25.0000,47.0000,24.0000,16.0000
3.9060,0.9610,0.7370,0.5910,0.4130,0.0000,0.0000,2.2080,1.0000,3.5560,197.9010,11.7280,0.0000,0.0000,0.0000,69.9394,0.0000,4384.0000,1755.0000,0.0000,25.0000,48.0000,24.0000,16.0000
2.8100,0.9780,0.4070,0.5830,0.1670,0.0000,0.0000,1.4250,1.0000,3.5560,197.9010,11.7280,0.0000,0.0000,0.0000,69.9382,0.0000,4384.0000,1755.0000,0.0000,25.0000,46.0000,24.0000,15.0000
3.0530,0.7960,0.4710,0.5680,0.2200,0.0000,0.0000,1.7860,1.0000,3.5560,197.9010,11.7280,0.0000,0.0000,0.0000,69.9487,0.0000,4385.0000,1755.0000,0.0000,25.0000,46.0000,24.0000,15.0000
2.4420,0.8620,0.4140,0.5240,0.1960,0.0000,0.0000,1.1660,1.0000,3.5560,197.9010,11.7280,0.0000,0.0000,0.0000,69.9590,0.0000,4386.0000,1755.0000,0.0000,25.0000,46.0000,24.0000,15.0000
2.3440,0.6190,0.4890,0.3260,0.2290,0.0000,0.0000,1.2360,1.0000,3.5560,197.9010,11.7280,0.0000,0.0000,0.0000,69.9686,0.0000,4387.0000,1755.0000,0.0000,25.0000,45.0000,24.0000,15.0000
2.4800,0.6890,0.5170,0.3870,0.2240,0.0000,0.0000,1.2740,1.0000,3.5560,197.9010,11.7280,0.0000,0.0000,0.0000,69.9657,0.0000,4383.0000,1755.0000,0.0000,25.0000,44.0000,24.0000,15.0000
2.2130,0.6560,0.4910,0.4040,0.2180,0.0000,0.0000,1.0660,1.0000,3.5560,197.9010,11.7280,0.0000,0.0000,0.0000,69.9657,0.0000,4383.0000,1755.0000,0.0000,25.0000,44.0000,24.0000,15.0000
2.3580,0.5780,0.4770,0.3430,0.2350,0.0000,0.0000,1.3030,1.0000,3.5560,197.9010,11.7280,0.0000,0.0000,0.0000,69.9753,0.0000,4384.0000,1755.0000,0.0000,25.0000,43.0000,24.0000,15.0000
2.4680,0.6430,0.4280,0.3980,0.1800,0.0000,0.0000,1.3970,1.0000,3.5560,197.9010,11.7280,0.0000,0.0000,0.0000,69.9760,0.0000,4384.0000,1755.0000,0.0000,25.0000,44.0000,24.0000,15.0000
2.1560,0.6880,0.4100,0.4280,0.2020,0.0000,0.0000,1.0580,1.0000,3.5560,197.9010,11.7280,0.0000,0.0000,0.0000,69.9753,0.0000,4384.0000,1755.0000,0.0000,25.0000,43.0000,24.0000,15.0000
2.4530,0.6680,0.4560,0.4700,0.2240,0.0000,0.0000,1.3290,1.0000,3.5560,197.9010,11.7280,0.0000,0.0000,0.0000,69.9952,0.0000,4386.0000,1755.0000,0.0000,25.0000,42.0000,24.0000,15.0000
3.1620,0.7260,0.3880,0.4230,0.1820,0.0000,0.0000,2.0480,1.0000,3.5560,197.9010,11.7280,0.0000,0.0000,0.0000,69.9952,0.0000,4386.0000,1755.0000,0.0000,25.0000,42.0000,24.0000,15.0000
3.5430,0.9050,0.6400,0.5820,0.3670,0.0000,0.0000,1.9980,1.0000,3.5560,197.9010,11.7280,0.0000,0.0000,0.0000,70.0143,0.0000,4387.0000,1755.0000,0.0000,25.0000,42.0000,24.0000,15.0000
2.5730,1.0860,0.5060,0.6000,0.1980,0.0000,0.0000,0.9810,1.0000,3.5560,197.9010,11.7280,0.0000,0.0000,0.0000,70.0144,0.0000,4387.0000,1755.0000,0.0000,25.0000,42.0000,24.0000,15.0000
2.3110,0.7300,0.4030,0.4530,0.1850,0.0000,0.0000,1.1780,1.0000,3.5560,197.9010,11.7280,0.0000,0.0000,0.0000,70.0152,0.0000,4387.0000,1755.0000,0.0000,25.0000,43.0000,24.0000,15.0000
2.6080,0.5980,0.4440,0.3900,0.2050,0.0000,0.0000,1.5660,1.0000,3.5560,197.9010,11.7280,0.0000,0.0000,0.0000,70.0159,0.0000,4387.0000,1755.0000,0.0000,25.0000,44.0000,24.0000,15.0000
2.6030,0.7570,0.4320,0.4220,0.1630,0.0000,0.0000,1.4140,1.0000,3.5560,197.9010,11.7280,0.0000,0.0000,0.0000,70.0161,0.0000,4387.0000,1755.0000,0.0000,25.0000,45.0000,24.0000,16.0000
3.5780,0.7030,0.6110,0.4620,0.3290,0.0000,0.0000,2.2640,1.0000,3.5560,197.9010,11.7280,0.0000,0.0000,0.0000,69.7996,0.0000,4366.0000,1755.0000,0.0000,25.0000,46.0000,24.0000,16.0000
3.6030,1.0410,0.7690,0.6480,0.3670,0.0000,0.0000,1.7930,1.0000,3.5560,197.9010,11.7280,0.0000,0.0000,0.0000,69.8198,0.0000,4368.0000,1755.0000,0.0000,25.0000,46.0000,24.0000,16.0000
3.5280,1.0830,0.7100,0.6720,0.4410,0.0000,0.0000,1.7350,1.0000,3.5560,197.9010,11.7280,0.0000,0.0000,0.0000,69.8507,0.0000,4371.0000,1755.0000,0.0000,25.0000,46.0000,24.0000,16.0000
3.4790,1.0750,0.6670,0.5640,0.3250,0.0000,0.0000,1.7370,1.0000,3.5560,197.9010,11.7280,0.0000,0.0000,0.0000,69.8707,0.0000,4373.0000,1755.0000,0.0000,25.0000,46.0000,24.0000,16.0000
3.3580,0.7620,0.5920,0.4260,0.2840,0.0000,0.0000,2.0040,1.0000,3.5560,197.9010,11.7280,0.0000,0.0000,0.0000,69.8811,0.0000,4374.0000,1755.0000,0.0000,25.0000,46.0000,24.0000,16.0000
2.9470,0.9750,0.5420,0.6040,0.2870,0.0000,0.0000,1.4300,1.0000,3.5560,197.9010,11.7280,0.0000,0.0000,0.0000,69.8915,0.0000,4375.0000,1755.0000,0.0000,25.0000,46.0000,24.0000,17.0000
2.6990,0.8060,0.5030,0.5160,0.2580,0.0000,0.0000,1.3900,1.0000,3.5560,197.9010,11.7280,0.0000,0.0000,0.0000,69.8917,0.0000,4375.0000,1755.0000,0.0000,25.0000,46.0000,24.0000,17.0000
3.1220,0.8030,0.4020,0.5630,0.1810,0.0000,0.0000,1.9170,1.0000,3.5560,197.9010,11.7280,0.0000,0.0000,0.0000,69.8917,0.0000,4375.0000,1755.0000,0.0000,25.0000,46.0000,24.0000,17.0000
2.6490,0.6130,0.5050,0.3830,0.2280,0.0000,0.0000,1.5310,1.0000,3.5560,197.9010,11.7280,0.0000,0.0000,0.0000,69.9013,0.0000,4376.0000,1755.0000,0.0000,25.0000,45.0000,24.0000,17.0000
2.6260,0.7640,0.4570,0.4220,0.2230,0.0000,0.0000,1.4050,1.0000,3.5560,197.9010,11.7280,0.0000,0.0000,0.0000,69.9116,0.0000,4377.0000,1755.0000,0.0000,25.0000,45.0000,24.0000,15.0000
2.6020,0.6710,0.5710,0.3810,0.2980,0.0000,0.0000,1.3600,1.0000,3.5560,197.9010,11.7280,0.0000,0.0000,0.0000,69.9226,0.0000,4378.0000,1755.0000,0.0000,25.0000,46.0000,24.0000,16.0000
2.4910,0.7860,0.4760,0.5050,0.2440,0.0000,0.0000,1.2290,1.0000,3.5560,197.9010,11.7280,0.0000,0.0000,0.0000,69.9226,0.0000,4378.0000,1755.0000,0.0000,25.0000,46.0000,24.0000,16.0000
2.3360,0.6630,0.4830,0.4410,0.2170,0.0000,0.0000,1.1900,1.0000,3.5560,197.9010,11.7280,0.0000,0.0000,0.0000,69.9227,0.0000,4378.0000,1755.0000,0.0000,25.0000,46.0000,24.0000,16.0000
2.6980,0.6170,0.5040,0.4290,0.2520,0.0000,0.0000,1.5770,1.0000,3.5560,197.9010,11.7280,0.0000,0.0000,0.0000,69.9323,0.0000,4379.0000,1755.0000,0.0000,25.0000,45.0000,24.0000,17.0000
2.3450,0.6980,0.4600,0.4080,0.1850,0.0000,0.0000,1.1870,1.0000,3.5560,197.9010,11.7280,0.0000,0.0000,0.0000,69.9324,0.0000,4379.0000,1755.0000,0.0000,25.0000,45.0000,24.0000,17.0000
2.5710,0.6430,0.4040,0.4440,0.1660,0.0000,0.0000,1.5240,1.0000,3.5560,197.9010,11.7280,0.0000,0.0000,0.0000,69.9318,0.0000,4379.0000,1755.0000,0.0000,25.0000,44.0000,24.0000,17.0000
3.2150,0.7630,0.5660,0.4900,0.3030,0.0000,0.0000,1.8860,1.0000,3.5560,197.9010,11.7280,0.0000,0.0000,0.0000,69.9630,0.0000,4382.0000,1755.0000,0.0000,25.0000,45.0000,24.0000,17.0000
2.6630,0.9370,0.4940,0.4690,0.2210,0.0000,0.0000,1.2320,1.0000,3.5560,197.9010,11.7280,0.0000,0.0000,0.0000,69.9631,0.0000,4382.0000,1755.0000,0.0000,25.0000,45.0000,24.0000,16.0000
2.4240,0.6570,0.3910,0.3950,0.1630,0.0000,0.0000,1.3760,1.0000,3.5560,197.9010,11.7280,0.0000,0.0000,0.0000,69.9632,0.0000,4382.0000,1755.0000,0.0000,25.0000,45.0000,24.0000,16.0000
2.4620,0.6860,0.4070,0.4420,0.1830,0.0000,0.0000,1.3690,1.0000,3.5560,197.9010,11.7280,0.0000,0.0000,0.0000,69.9632,0.0000,4382.0000,1755.0000,0.0000,25.0000,45.0000,24.0000,16.0000
2.4130,0.6540,0.3860,0.3920,0.1850,0.0000,0.0000,1.3730,1.0000,3.5560,197.9010,11.7280,0.0000,0.0000,0.0000,69.9632,0.0000,4382.0000,1755.0000,0.0000,25.0000,45.0000,24.0000,16.0000
2.7680,0.6000,0.5780,0.3890,0.2560,0.0000,0.0000,1.5900,1.0000,3.5560,197.9010,11.7280,0.0000,0.0000,0.0000,69.9721,0.0000,4383.0000,1755.0000,0.0000,25.0000,43.0000,24.0000,15.0000
2.9600,0.8140,0.8320,0.4830,0.4050,0.0000,0.0000,1.3140,1.0000,3.5560,197.9010,11.7280,0.0000,0.0000,0.0000,69.9728,0.0000,4383.0000,1755.0000,0.0000,25.0000,44.0000,24.0000,15.0000
2.5560,0.5610,0.5420,0.3310,0.2650,0.0000,0.0000,1.4530,1.0000,3.5560,197.9010,11.7280,0.0000,0.0000,0.0000,69.9736,0.0000,4383.0000,1755.0000,0.0000,25.0000,45.0000,24.0000,15.0000
2.5150,0.6000,0.4950,0.3900,0.2520,0.0000,0.0000,1.4200,1.0000,3.5560,197.9010,11.7280,0.0000,0.0000,0.0000,70.0028,0.0000,4386.0000,1755.0000,0.0000,25.0000,43.0000,24.0000,15.0000
2.5730,0.7720,0.4910,0.3730,0.2710,0.0000,0.0000,1.3100,1.0000,3.5560,197.9010,11.7280,0.0000,0.0000,0.0000,70.0131,0.0000,4387.0000,1755.0000,0.0000,25.0000,43.0000,24.0000,15.0000
2.7720,0.7920,0.4470,0.4800,0.1980,0.0000,0.0000,1.5330,1.0000,3.5560,197.9010,11.7280,0.0000,0.0000,0.0000,70.0139,0.0000,4387.0000,1755.0000,0.0000,25.0000,44.0000,24.0000,15.0000
2.4770,0.6150,0.3910,0.3890,0.1750,0.0000,0.0000,1.4710,1.0000,3.5560,197.9010,11.7280,0.0000,0.0000,0.0000,70.0126,0.0000,4387.0000,1755.0000,0.0000,25.0000,42.0000,24.0000,15.0000
2.3620,0.6810,0.4550,0.4130,0.2160,0.0000,0.0000,1.2260,1.0000,3.5560,197.9010,11.7280,0.0000,0.0000,0.0000,70.0236,0.0000,4388.0000,1755.0000,0.0000,25.0000,43.0000,24.0000,15.0000
2.5980,0.6600,0.5280,0.4260,0.2630,0.0000,0.0000,1.4100,1.0000,3.5560,197.9010,11.7280,0.0000,0.0000,0.0000,70.0346,0.0000,4389.0000,1755.0000,0.0000,25.0000,44.0000,24.0000,15.0000
2.2750,0.7660,0.4530,0.4350,0.2290,0.0000,0.0000,1.0560,1.0000,3.5560,197.9010,11.7280,0.0000,0.0000,0.0000,70.0340,0.0000,4389.0000,1755.0000,0.0000,25.0000,43.0000,24.0000,15.0000
2.3330,0.5990,0.4360,0.3490,0.2070,0.0000,0.0000,1.2980,1.0000,3.5560,197.9010,11.7280,0.0000,0.0000,0.0000,70.0341,0.0000,4389.0000,1755.0000,0.0000,25.0000,43.0000,24.0000,15.0000
2.6790,0.6740,0.4250,0.4600,0.1970,0.0000,0.0000,1.5800,1.0000,3.5560,197.9010,11.7280,0.0000,0.0000,0.0000,70.0451,0.0000,4390.0000,1755.0000,0.0000,25.0000,44.0000,24.0000,15.0000
4.6550,0.6970,0.4510,0.3460,0.2280,0.0000,0.0000,3.5070,1.0000,3.5560,197.9010,11.7280,0.0000,0.0000,0.0000,70.0572,0.0000,4391.0000,1755.0000,0.0000,25.0000,44.0000,24.0000,15.0000
3.8960,0.7290,1.5270,0.4020,0.1770,0.0000,0.0000,1.6400,1.0000,3.5560,197.9010,11.7280,0.0000,0.0000,0.0000,69.8197,0.0000,4368.0000,1755.0000,0.0000,25.0000,45.0000,24.0000,15.0000
2.6370,0.8190,0.4750,0.5880,0.2330,0.0000,0.0000,1.3430,1.0000,3.5560,197.9010,11.7280,0.0000,0.0000,0.0000,69.8201,0.0000,4368.0000,1755.0000,0.0000,25.0000,46.0000,24.0000,15.0000
2.5980,0.6640,0.5250,0.4370,0.1830,0.0000,0.0000,1.4090,1.0000,3.5560,197.9010,11.7280,0.0000,0.0000,0.0000,69.8193,0.0000,4368.0000,1755.0000,0.0000,25.0000,45.0000,24.0000,16.0000
2.4380,0.7690,0.4290,0.4820,0.1940,0.0000,0.0000,1.2400,1.0000,3.5560,197.9010,11.7280,0.0000,0.0000,0.0000,69.8295,0.0000,4369.0000,1755.0000,0.0000,25.0000,45.0000,24.0000,15.0000
2.2380,0.7350,0.4230,0.3950,0.1790,0.0000,0.0000,1.0800,1.0000,3.5560,197.9010,11.7280,0.0000,0.0000,0.0000,69.8295,0.0000,4369.0000,1755.0000,0.0000,25.0000,45.0000,24.0000,15.0000
2.8750,0.5960,0.4770,0.3860,0.2590,0.0000,0.0000,1.8020,1.0000,3.5560,197.9010,11.7280,0.0000,0.0000,0.0000,69.9004,0.0000,4376.0000,1755.0000,0.0000,25.0000,44.0000,24.0000,15.0000
2.9870,0.9670,0.4250,0.4200,0.1790,0.0000,0.0000,1.5950,1.0000,3.5560,197.9010,11.7280,0.0000,0.0000,0.0000,69.9013,0.0000,4376.0000,1755.0000,0.0000,25.0000,45.0000,24.0000,15.0000
2.8530,0.6530,0.4630,0.3900,0.1950,0.0000,0.0000,1.7370,1.0000,3.5560,197.9010,11.7280,0.0000,0.0000,0.0000,69.9016,0.0000,4376.0000,1755.0000,0.0000,25.0000,45.0000,24.0000,15.0000
2.7340,0.7560,0.4580,0.5010,0.1870,0.0000,0.0000,1.5200,1.0000,3.5560,197.9010,11.7280,0.0000,0.0000,0.0000,69.9016,0.0000,4376.0000,1755.0000,0.0000,25.0000,45.0000,24.0000,15.0000
2.4170,0.6610,0.5040,0.4530,0.2720,0.0000,0.0000,1.2520,1.0000,3.5560,197.9010,11.7280,0.0000,0.0000,0.0000,69.9016,0.0000,4376.0000,1755.0000,0.0000,25.0000,45.0000,24.0000,15.0000
2.3210,0.6200,0.3850,0.4000,0.1580,0.0000,0.0000,1.3160,1.0000,3.5560,197.9010,11.7280,0.0000,0.0000,0.0000,69.9009,0.0000,4376.0000,1755.0000,0.0000,25.0000,44.0000,24.0000,15.0000
2.5100,0.6160,0.4120,0.3710,0.1980,0.0000,0.0000,1.4820,1.0000,3.5560,197.9010,11.7280,0.0000,0.0000,0.0000,69.9016,0.0000,4376.0000,1755.0000,0.0000,25.0000,45.0000,24.0000,15.0000
2.3900,0.6430,0.5070,0.4150,0.2210,0.0000,0.0000,1.2400,1.0000,3.5560,197.9010,11.7280,0.0000,0.0000,0.0000,69.9016,0.0000,4376.0000,1755.0000,0.0000,25.0000,45.0000,24.0000,15.0000
2.4070,0.7350,0.4640,0.4420,0.2270,0.0000,0.0000,1.2080,1.0000,3.5560,197.9010,11.7280,0.0000,0.0000,0.0000,69.9119,0.0000,4377.0000,1755.0000,0.0000,25.0000,45.0000,24.0000,15.0000
2.2490,0.7410,0.4710,0.4480,0.2520,0.0000,0.0000,1.0370,1.0000,3.5560,197.9010,11.7280,0.0000,0.0000,0.0000,69.9222,0.0000,4378.0000,1755.0000,0.0000,25.0000,45.0000,24.0000,15.0000
2.5800,0.6330,0.5400,0.4020,0.2380,0.0000,0.0000,1.4070,1.0000,3.5560,197.9010,11.7280,0.0000,0.0000,0.0000,69.9428,0.0000,4380.0000,1755.0000,0.0000,25.0000,45.0000,24.0000,15.0000
2.3890,0.7580,0.3890,0.3960,0.1920,0.0000,0.0000,1.2420,1.0000,3.5560,197.9010,11.7280,0.0000,0.0000,0.0000,69.9539,0.0000,4381.0000,1755.0000,0.0000,25.0000,46.0000,24.0000,15.0000
2.5570,0.7710,0.4890,0.4490,0.2230,0.0000,0.0000,1.2970,1.0000,3.5560,197.9010,11.7280,0.0000,0.0000,0.0000,69.9540,0.0000,4381.0000,1755.0000,0.0000,25.0000,46.0000,24.0000,15.0000
2.5840,0.6770,0.4480,0.4350,0.2250,0.0000,0.0000,1.4590,1.0000,3.5560,197.9010,11.7280,0.0000,0.0000,0.0000,69.9644,0.0000,4382.0000,1755.0000,0.0000,25.0000,46.0000,24.0000,15.0000
2.1880,0.7880,0.3760,0.5330,0.1590,0.0000,0.0000,1.0240,1.0000,3.5560,197.9010,11.7280,0.0000,0.0000,0.0000,69.9644,0.0000,4382.0000,1755.0000,0.0000,25.0000,46.0000,24.0000,15.0000
2.1480,0.6010,0.3660,0.4130,0.1580,0.0000,0.0000,1.1810,1.0000,3.5560,197.9010,11.7280,0.0000,0.0000,0.0000,69.9644,0.0000,4382.0000,1755.0000,0.0000,25.0000,46.0000,24.0000,15.0000
2.1490,0.5450,0.3580,0.3260,0.1570,0.0000,0.0000,1.2460,1.0000,3.5560,197.9010,11.7280,0.0000,0.0000,0.0000,69.9644,0.0000,4382.0000,1755.0000,0.0000,25.0000,46.0000,24.0000,15.0000
2.4760,0.5280,0.4310,0.3260,0.1620,0.0000,0.0000,1.5170,1.0000,3.5560,197.9010,11.7280,0.0000,0.0000,0.0000,69.9665,0.0000,4382.0000,1755.0000,0.0000,25.0000,49.0000,24.0000,15.0000
2.5330,0.7250,0.4570,0.4920,0.2160,0.0000,0.0000,1.3510,1.0000,3.5560,197.9010,11.7280,0.0000,0.0000,0.0000,69.9971,0.0000,4385.0000,1755.0000,0.0000,25.0000,49.0000,24.0000,15.0000
2.1370,0.7830,0.3880,0.3850,0.1570,0.0000,0.0000,0.9660,1.0000,3.5560,197.9010,11.7280,0.0000,0.0000,0.0000,69.9971,0.0000,4385.0000,1755.0000,0.0000,25.0000,49.0000,24.0000,15.0000
2.3510,0.5150,0.4010,0.3180,0.2000,0.0000,0.0000,1.4350,1.0000,3.5560,197.9010,11.7280,0.0000,0.0000,0.0000,69.9973,0.0000,4385.0000,1755.0000,0.0000,25.0000,49.0000,24.0000,15.0000
2.3220,0.6930,0.4230,0.4850,0.1620,0.0000,0.0000,1.2060,1.0000,3.5560,197.9010,11.7280,0.0000,0.0000,0.0000,69.9973,0.0000,4385.0000,1755.0000,0.0000,25.0000,49.0000,24.0000,15.0000
2.4560,0.6250,0.4790,0.3640,0.2590,0.0000,0.0000,1.3520,1.0000,3.5560,197.9010,11.7280,0.0000,0.0000,0.0000,69.9973,0.0000,4385.0000,1755.0000,0.0000,25.0000,49.0000,24.0000,15.0000
2.4910,0.5980,0.5070,0.3640,0.2340,0.0000,0.0000,1.3860,1.0000,3.5560,197.9010,11.7280,0.0000,0.0000,0.0000,70.0075,0.0000,4386.0000,1755.0000,0.0000,25.0000,49.0000,24.0000,15.0000
2.6590,0.6850,0.3630,0.4270,0.1530,0.0000,0.0000,1.6110,1.0000,3.5560,197.9010,11.7280,0.0000,0.0000,0.0000,70.0075,0.0000,4386.0000,1755.0000,0.0000,25.0000,49.0000,24.0000,14.0000
2.5620,0.6080,0.4800,0.3670,0.2020,0.0000,0.0000,1.4740,1.0000,3.5560,197.9010,11.7280,0.0000,0.0000,0.0000,70.0172,0.0000,4387.0000,1755.0000,0.0000,25.0000,48.0000,24.0000,14.0000
2.4520,0.6270,0.4030,0.3380,0.1770,0.0000,0.0000,1.4220,1.0000,3.5560,197.9010,11.7280,0.0000,0.0000,0.0000,70.0172,0.0000,4387.0000,1755.0000,0.0000,25.0000,48.0000,24.0000,15.0000
3.1550,0.5370,0.4710,0.3410,0.2100,0.0000,0.0000,2.1470,1.0000,3.5560,197.9010,11.7280,0.0000,0.0000,0.0000,70.0375,0.0000,4389.0000,1755.0000,0.0000,25.0000,48.0000,24.0000,15.0000
2.6400,1.2450,0.3940,0.4210,0.1600,0.0000,0.0000,1.0010,1.0000,3.5560,197.9010,11.7280,0.0000,0.0000,0.0000,70.0390,0.0000,4389.0000,1755.0000,0.0000,25.0000,50.0000,24.0000,15.0000
4.6380,0.6460,0.4410,0.3480,0.2240,0.0000,0.0000,3.5510,1.0000,3.5560,197.9010,11.7280,0.0000,0.0000,0.0000,70.0391,0.0000,4389.0000,1755.0000,0.0000,25.0000,50.0000,24.0000,14.0000
4.9950,0.6180,0.4530,0.3340,0.1970,0.0000,0.0000,3.9240,1.0000,3.5560,197.9010,11.7280,0.0000,0.0000,0.0000,70.0398,0.0000,4389.0000,1755.0000,0.0000,25.0000,51.0000,24.0000,14.0000
2.4940,0.6960,0.4770,0.4630,0.2520,0.0000,0.0000,1.3210,1.0000,3.5560,197.9010,11.7280,0.0000,0.0000,0.0000,69.8343,0.0000,4369.0000,1755.0000,0.0000,25.0000,51.0000,24.0000,15.0000
2.4810,0.6440,0.4180,0.3830,0.1740,0.0000,0.0000,1.4190,1.0000,3.5560,197.9010,11.7280,0.0000,0.0000,0.0000,69.8340,0.0000,4369.0000,1755.0000,0.0000,25.0000,51.0000,24.0000,15.0000
2.2160,0.6730,0.3840,0.4770,0.1800,0.0000,0.0000,1.1590,1.0000,3.5560,197.9010,11.7280,0.0000,0.0000,0.0000,69.8341,0.0000,4369.0000,1755.0000,0.0000,25.0000,51.0000,24.0000,15.0000
2.3420,0.5650,0.3870,0.3610,0.1860,0.0000,0.0000,1.3900,1.0000,3.5560,197.9010,11.7280,0.0000,0.0000,0.0000,69.8443,0.0000,4370.0000,1755.0000,0.0000,25.0000,51.0000,24.0000,15.0000
2.1480,0.6890,0.3970,0.4470,0.1660,0.0000,0.0000,1.0620,1.0000,3.5560,197.9010,11.7280,0.0000,0.0000,0.0000,69.8443,0.0000,4370.0000,1755.0000,0.0000,25.0000,51.0000,24.0000,15.0000
2.4130,0.5830,0.4030,0.3990,0.2030,0.0000,0.0000,1.4270,1.0000,3.5560,197.9010,11.7280,0.0000,0.0000,0.0000,69.8845,0.0000,4374.0000,1755.0000,0.0000,25.0000,51.0000,24.0000,15.0000
2.5140,0.7170,0.4620,0.3150,0.2300,0.0000,0.0000,1.3350,1.0000,3.5560,197.9010,11.7280,0.0000,0.0000,0.0000,69.8955,0.0000,4375.0000,1755.0000,0.0000,25.0000,52.0000,24.0000,13.0000
2.2070,0.6670,0.3760,0.4350,0.1720,0.0000,0.0000,1.1640,1.0000,3.5560,197.9010,11.7280,0.0000,0.0000,0.0000,69.8957,0.0000,4375.0000,1755.0000,0.0000,25.0000,52.0000,24.0000,13.0000
2.1110,0.5850,0.3750,0.3850,0.1570,0.0000,0.0000,1.1510,1.0000,3.5560,197.9010,11.7280,0.0000,0.0000,0.0000,69.8958,0.0000,4375.0000,1755.0000,0.0000,25.0000,52.0000,24.0000,12.0000
2.2680,0.5570,0.3480,0.3330,0.1550,0.0000,0.0000,1.3630,1.0000,3.5560,197.9010,11.7280,0.0000,0.0000,0.0000,69.8965,0.0000,4375.0000,1755.0000,0.0000,25.0000,53.0000,24.0000,12.0000
2.1170,0.6880,0.3600,0.3280,0.1560,0.0000,0.0000,1.0690,1.0000,3.5560,197.9010,11.7280,0.0000,0.0000,0.0000,69.8958,0.0000,4375.0000,1755.0000,0.0000,25.0000,52.0000,24.0000,12.0000
2.3730,0.5720,0.4070,0.3900,0.1980,0.0000,0.0000,1.3940,1.0000,3.5560,197.9010,11.7280,0.0000,0.0000,0.0000,69.8956,0.0000,4375.0000,1755.0000,0.0000,25.0000,52.0000,24.0000,13.0000
2.4990,0.6950,0.3870,0.4500,0.1670,0.0000,0.0000,1.4170,1.0000,3.5560,197.9010,11.7280,0.0000,0.0000,0.0000,69.8956,0.0000,4375.0000,1755.0000,0.0000,25.0000,52.0000,24.0000,13.0000
2.6770,0.6710,0.4820,0.4030,0.2370,0.0000,0.0000,1.5240,1.0000,3.5560,197.9010,11.7280,0.0000,0.0000,0.0000,69.8949,0.0000,4375.0000,1755.0000,0.0000,25.0000,51.0000,24.0000,13.0000
2.5660,0.7380,0.4170,0.5180,0.1780,0.0000,0.0000,1.4110,1.0000,3.5560,197.9010,11.7280,0.0000,0.0000,0.0000,69.8949,0.0000,4375.0000,1755.0000,0.0000,25.0000,51.0000,24.0000,12.0000
2.7510,0.6710,0.4900,0.4390,0.2390,0.0000,0.0000,1.5900,1.0000,3.5560,197.9010,11.7280,0.0000,0.0000,0.0000,69.9052,0.0000,4376.0000,1755.0000,0.0000,25.0000,51.0000,24.0000,12.0000
2.3030,0.7160,0.5000,0.3580,0.2500,0.0000,0.0000,1.0870,1.0000,3.5560,197.9010,11.7280,0.0000,0.0000,0.0000,69.9154,0.0000,4377.0000,1755.0000,0.0000,25.0000,51.0000,24.0000,13.0000
1.9010,0.5690,0.3670,0.3600,0.1550,0.0000,0.0000,0.9650,1.0000,3.5560,197.9010,11.7280,0.0000,0.0000,0.0000,69.9155,0.0000,4377.0000,1755.0000,0.0000,25.0000,51.0000,24.0000,13.0000
1.8320,0.4460,0.3480,0.2780,0.1710,0.0000,0.0000,1.0380,1.0000,3.5560,197.9010,11.7280,0.0000,0.0000,0.0000,69.9156,0.0000,4377.0000,1755.0000,0.0000,25.0000,51.0000,24.0000,13.0000
1.9630,0.4050,0.3860,0.2570,0.1970,0.0000,0.0000,1.1720,1.0000,3.5560,197.9010,11.7280,0.0000,0.0000,0.0000,69.9359,0.0000,4379.0000,1755.0000,0.0000,25.0000,51.0000,24.0000,13.0000
2.0950,0.5140,0.5790,0.2960,0.3350,0.0000,0.0000,1.0020,1.0000,3.5560,197.9010,11.7280,0.0000,0.0000,0.0000,69.9359,0.0000,4379.0000,1755.0000,0.0000,25.0000,51.0000,24.0000,13.0000
1.9590,0.4380,0.4130,0.2790,0.1860,0.0000,0.0000,1.1080,1.0000,3.5560,197.9010,11.7280,0.0000,0.0000,0.0000,69.9360,0.0000,4379.0000,1755.0000,0.0000,25.0000,51.0000,24.0000,13.0000
1.7670,0.5100,0.3100,0.3410,0.1370,0.0000,0.0000,0.9470,1.0000,3.5560,197.9010,11.7280,0.0000,0.0000,0.0000,69.9360,0.0000,4379.0000,1755.0000,0.0000,25.0000,51.0000,24.0000,13.0000
3.4410,0.4280,0.9320,0.2620,0.7120,0.0000,0.0000,2.0810,1.0000,3.5560,197.9010,11.7280,0.0000,0.0000,0.0000,69.9666,0.0000,4382.0000,1755.0000,0.0000,25.0000,51.0000,24.0000,13.0000
2.7890,0.9710,0.4970,0.4320,0.1720,0.0000,0.0000,1.3210,1.0000,3.5560,197.9010,11.7280,0.0000,0.0000,0.0000,69.9667,0.0000,4382.0000,1755.0000,0.0000,25.0000,51.0000,24.0000,13.0000
2.8240,0.7160,0.5840,0.3730,0.2500,0.0000,0.0000,1.5240,1.0000,3.5560,197.9010,11.7280,0.0000,0.0000,0.0000,69.9790,0.0000,4383.0000,1755.0000,0.0000,25.0000,51.0000,24.0000,13.0000
2.4350,0.7690,0.5230,0.4140,0.2500,0.0000,0.0000,1.1430,1.0000,3.5560,197.9010,11.7280,0.0000,0.0000,0.0000,69.9783,0.0000,4383.0000,1755.0000,0.0000,25.0000,50.0000,24.0000,12.0000
2.5320,0.5380,0.5470,0.3420,0.3150,0.0000,0.0000,1.4470,1.0000,3.5560,197.9010,11.7280,0.0000,0.0000,0.0000,69.9770,0.0000,4383.0000,1755.0000,0.0000,25.0000,48.0000,24.0000,12.0000
2.2260,0.7030,0.4230,0.3400,0.2050,0.0000,0.0000,1.1000,1.0000,3.5560,197.9010,11.7280,0.0000,0.0000,0.0000,69.9873,0.0000,4384.0000,1755.0000,0.0000,25.0000,48.0000,24.0000,12.0000
2.3420,0.6150,0.5010,0.3600,0.2510,0.0000,0.0000,1.2260,1.0000,3.5560,197.9010,11.7280,0.0000,0.0000,0.0000,70.0070,0.0000,4386.0000,1755.0000,0.0000,25.0000,48.0000,24.0000,12.0000
2.2920,0.6650,0.4050,0.4010,0.1700,0.0000,0.0000,1.2220,1.0000,3.5560,197.9010,11.7280,0.0000,0.0000,0.0000,70.0071,0.0000,4386.0000,1755.0000,0.0000,25.0000,48.0000,24.0000,12.0000
2.3580,0.5560,0.4210,0.3250,0.2170,0.0000,0.0000,1.3810,1.0000,3.5560,197.9010,11.7280,0.0000,0.0000,0.0000,70.0275,0.0000,4388.0000,1755.0000,0.0000,25.0000,48.0000,24.0000,12.0000
2.1470,0.5980,0.3700,0.3280,0.1530,0.0000,0.0000,1.1790,1.0000,3.5560,197.9010,11.7280,0.0000,0.0000,0.0000,70.0276,0.0000,4388.0000,1755.0000,0.0000,25.0000,48.0000,24.0000,12.0000
1.9780,0.6800,0.3910,0.4960,0.1860,0.0000,0.0000,0.9070,1.0000,3.5560,197.9010,11.7280,0.0000,0.0000,0.0000,70.0277,0.0000,4388.0000,1755.0000,0.0000,25.0000,48.0000,24.0000,12.0000
2.0300,0.5510,0.4110,0.3690,0.1950,0.0000,0.0000,1.0680,1.0000,3.5560,197.9010,11.7280,0.0000,0.0000,0.0000,70.0277,0.0000,4388.0000,1755.0000,0.0000,25.0000,48.0000,24.0000,12.0000
2.1390,0.6280,0.3900,0.4300,0.1880,0.0000,0.0000,1.1210,1.0000,3.5560,197.9010,11.7280,0.0000,0.0000,0.0000,70.0277,0.0000,4388.0000,1755.0000,0.0000,25.0000,48.0000,24.0000,12.0000
2.4560,0.6730,0.4390,0.4760,0.1910,0.0000,0.0000,1.3440,1.0000,3.5560,197.9010,11.7280,0.0000,0.0000,0.0000,70.0379,0.0000,4389.0000,1755.0000,0.0000,25.0000,48.0000,24.0000,12.0000
1.9630,0.7990,0.3390,0.4670,0.1450,0.0000,0.0000,0.8250,1.0000,3.5560,197.9010,11.7280,0.0000,0.0000,0.0000,70.0373,0.0000,4389.0000,1755.0000,0.0000,25.0000,47.0000,24.0000,12.0000
2.6860,0.5050,0.4760,0.3110,0.2860,0.0000,0.0000,1.7050,1.0000,3.5560,197.9010,11.7280,0.0000,0.0000,0.0000,70.0575,0.0000,4391.0000,1755.0000,0.0000,25.0000,47.0000,24.0000,12.0000
2.3690,0.7200,0.4220,0.4110,0.2160,0.0000,0.0000,1.2270,1.0000,3.5560,197.9010,11.7280,0.0000,0.0000,0.0000,70.0777,0.0000,4393.0000,1755.0000,0.0000,25.0000,47.0000,24.0000,12.0000
2.2950,0.7360,0.4290,0.4120,0.2200,0.0000,0.0000,1.1300,1.0000,3.5560,197.9010,11.7280,0.0000,0.0000,0.0000,70.0979,0.0000,4395.0000,1755.0000,0.0000,25.0000,47.0000,24.0000,12.0000
2.5020,0.6690,0.4590,0.3640,0.2380,0.0000,0.0000,1.3740,1.0000,3.5560,197.9010,11.7280,0.0000,0.0000,0.0000,69.8423,0.0000,4370.0000,1755.0000,0.0000,25.0000,47.0000,24.0000,12.0000
2.4140,0.6830,0.3630,0.3840,0.1640,0.0000,0.0000,1.3680,1.0000,3.5560,197.9010,11.7280,0.0000,0.0000,0.0000,69.8417,0.0000,4370.0000,1755.0000,0.0000,25.0000,46.0000,24.0000,11.0000
2.7740,0.5790,0.7080,0.3350,0.2370,0.0000,0.0000,1.4870,1.0000,3.5560,197.9010,11.7280,0.0000,0.0000,0.0000,69.8520,0.0000,4371.0000,1755.0000,0.0000,25.0000,46.0000,24.0000,11.0000
2.1470,0.7950,0.3880,0.4750,0.1670,0.0000,0.0000,0.9640,1.0000,3.5560,197.9010,11.7280,0.0000,0.0000,0.0000,69.8520,0.0000,4371.0000,1755.0000,0.0000,25.0000,46.0000,24.0000,11.0000
1.9950,0.6160,0.3670,0.4100,0.1760,0.0000,0.0000,1.0120,1.0000,3.5560,197.9010,11.7280,0.0000,0.0000,0.0000,69.8520,0.0000,4371.0000,1755.0000,0.0000,25.0000,46.0000,24.0000,11.0000
2.1760,0.4940,0.3880,0.3160,0.1990,0.0000,0.0000,1.2940,1.0000,3.5560,197.9010,11.7280,0.0000,0.0000,0.0000,69.8623,0.0000,4372.0000,1755.0000,0.0000,25.0000,46.0000,24.0000,11.0000
2.4610,0.6540,0.4910,0.3850,0.2010,0.0000,0.0000,1.3160,1.0000,3.5560,197.9010,11.7280,0.0000,0.0000,0.0000,69.8623,0.0000,4372.0000,1755.0000,0.0000,25.0000,46.0000,24.0000,11.0000
2.1540,0.7270,0.3540,0.4890,0.1570,0.0000,0.0000,1.0730,1.0000,3.5560,197.9010,11.7280,0.0000,0.0000,0.0000,69.8624,0.0000,4372.0000,1755.0000,0.0000,25.0000,46.0000,24.0000,9.0000
2.0730,0.6020,0.3600,0.3410,0.1580,0.0000,0.0000,1.1110,1.0000,3.5560,197.9010,11.7280,0.0000,0.0000,0.0000,69.8624,0.0000,4372.0000,1755.0000,0.0000,25.0000,46.0000,24.0000,9.0000
2.0700,0.5060,0.4210,0.3150,0.2280,0.0000,0.0000,1.1430,1.0000,3.5560,197.9010,11.7280,0.0000,0.0000,0.0000,69.8631,0.0000,4372.0000,1755.0000,0.0000,25.0000,47.0000,24.0000,9.0000
3.1150,0.5040,0.4060,0.3170,0.2200,0.0000,0.0000,2.2050,1.0000,3.5560,197.9010,11.7280,0.0000,0.0000,0.0000,69.8937,0.0000,4375.0000,1755.0000,0.0000,25.0000,47.0000,24.0000,9.0000
2.3000,0.6910,0.4430,0.3000,0.2080,0.0000,0.0000,1.1660,1.0000,3.5560,197.9010,11.7280,0.0000,0.0000,0.0000,69.8937,0.0000,4375.0000,1755.0000,0.0000,25.0000,47.0000,24.0000,9.0000
2.1740,0.5770,0.4090,0.3740,0.1570,0.0000,0.0000,1.1880,1.0000,3.5560,197.9010,11.7280,0.0000,0.0000,0.0000,69.8939,0.0000,4375.0000,1755.0000,0.0000,25.0000,47.0000,24.0000,9.0000
2.2640,0.6240,0.4030,0.3650,0.1940,0.0000,0.0000,1.2370,1.0000,3.5560,197.9010,11.7280,0.0000,0.0000,0.0000,69.9042,0.0000,4376.0000,1755.0000,0.0000,25.0000,47.0000,24.0000,9.0000
4.5850,0.5980,0.3620,0.3130,0.1570,0.0000,0.0000,3.6250,1.0000,3.5560,197.9010,11.7280,0.0000,0.0000,0.0000,69.9042,0.0000,4376.0000,1755.0000,0.0000,25.0000,47.0000,24.0000,9.0000
3.9900,0.5290,0.4780,0.3400,0.1750,0.0000,0.0000,2.9830,1.0000,3.5560,197.9010,11.7280,0.0000,0.0000,0.0000,69.9042,0.0000,4376.0000,1755.0000,0.0000,25.0000,47.0000,24.0000,9.0000
2.1500,2.3720,0.4880,2.1620,0.1670,0.0000,0.0000,0.0000,1.0000,3.5560,197.9010,11.7280,0.0000,0.0000,0.0000,69.9042,0.0000,4376.0000,1755.0000,0.0000,25.0000,47.0000,24.0000,9.0000
2.1850,0.5940,0.3670,0.3800,0.1590,0.0000,0.0000,1.2240,1.0000,3.5560,197.9010,11.7280,0.0000,0.0000,0.0000,69.9042,0.0000,4376.0000,1755.0000,0.0000,25.0000,47.0000,24.0000,9.0000
2.1960,0.6000,0.4730,0.3300,0.2390,0.0000,0.0000,1.1230,1.0000,3.5560,197.9010,11.7280,0.0000,0.0000,0.0000,69.9145,0.0000,4377.0000,1755.0000,0.0000,25.0000,47.0000,24.0000,9.0000
2.1310,0.5820,0.4770,0.3470,0.2830,0.0000,0.0000,1.0720,1.0000,3.5560,197.9010,11.7280,0.0000,0.0000,0.0000,69.9145,0.0000,4377.0000,1755.0000,0.0000,25.0000,47.0000,24.0000,9.0000
2.2900,0.6170,0.5160,0.4260,0.2910,0.0000,0.0000,1.1570,1.0000,3.5560,197.9010,11.7280,0.0000,0.0000,0.0000,69.9248,0.0000,4378.0000,1755.0000,0.0000,25.0000,47.0000,24.0000,9.0000
2.2950,0.6390,0.4980,0.4030,0.2550,0.0000,0.0000,1.1580,1.0000,3.5560,197.9010,11.7280,0.0000,0.0000,0.0000,69.9255,0.0000,4378.0000,1755.0000,0.0000,25.0000,48.0000,24.0000,9.0000
2.0740,0.5710,0.3970,0.3570,0.1800,0.0000,0.0000,1.1060,1.0000,3.5560,197.9010,11.7280,0.0000,0.0000,0.0000,69.9255,0.0000,4378.0000,1755.0000,0.0000,25.0000,48.0000,24.0000,9.0000
2.0500,0.5650,0.3340,0.3240,0.1430,0.0000,0.0000,1.1510,1.0000,3.5560,197.9010,11.7280,0.0000,0.0000,0.0000,69.9262,0.0000,4378.0000,1755.0000,0.0000,25.0000,49.0000,24.0000,9.0000
2.2580,0.5620,0.3360,0.3200,0.1450,0.0000,0.0000,1.3600,1.0000,3.5560,197.9010,11.7280,0.0000,0.0000,0.0000,69.9262,0.0000,4378.0000,1755.0000,0.0000,25.0000,49.0000,24.0000,9.0000
2.0900,0.5870,0.4290,0.3270,0.1630,0.0000,0.0000,1.0740,1.0000,3.5560,197.9010,11.7280,0.0000,0.0000,0.0000,69.9262,0.0000,4378.0000,1755.0000,0.0000,25.0000,49.0000,24.0000,9.0000
2.3490,0.5260,0.3880,0.3360,0.1610,0.0000,0.0000,1.4350,1.0000,3.5560,197.9010,11.7280,0.0000,0.0000,0.0000,69.9262,0.0000,4378.0000,1755.0000,0.0000,25.0000,49.0000,24.0000,9.0000
2.5080,0.5400,0.5100,0.3560,0.2200,0.0000,0.0000,1.4580,1.0000,3.5560,197.9010,11.7280,0.0000,0.0000,0.0000,69.9365,0.0000,4379.0000,1755.0000,0.0000,25.0000,49.0000,24.0000,9.0000
2.6890,0.7020,0.4470,0.3860,0.2240,0.0000,0.0000,1.5400,1.0000,3.5560,197.9010,11.7280,0.0000,0.0000,0.0000,69.9468,0.0000,4380.0000,1755.0000,0.0000,25.0000,49.0000,24.0000,9.0000
2.2910,0.7950,0.3890,0.4550,0.1780,0.0000,0.0000,1.1070,1.0000,3.5560,197.9010,11.7280,0.0000,0.0000,0.0000,69.9475,0.0000,4380.0000,1755.0000,0.0000,25.0000,50.0000,24.0000,9.0000
2.6330,0.6410,0.4860,0.3570,0.2080,0.0000,0.0000,1.5060,1.0000,3.5560,197.9010,11.7280,0.0000,0.0000,0.0000,69.9469,0.0000,4380.0000,1755.0000,0.0000,25.0000,49.0000,24.0000,8.0000
2.7080,0.6410,0.4580,0.4090,0.2050,0.0000,0.0000,1.6090,1.0000,3.5560,197.9010,11.7280,0.0000,0.0000,0.0000,69.9469,0.0000,4380.0000,1755.0000,0.0000,25.0000,49.0000,24.0000,7.0000
2.3410,0.6910,0.4520,0.4650,0.1690,0.0000,0.0000,1.1980,1.0000,3.5560,197.9010,11.7280,0.0000,0.0000,0.0000,69.9469,0.0000,4380.0000,1755.0000,0.0000,25.0000,49.0000,24.0000,7.0000
2.3910,0.6500,0.4360,0.4270,0.2110,0.0000,0.0000,1.3050,1.0000,3.5560,197.9010,11.7280,0.0000,0.0000,0.0000,69.9579,0.0000,4381.0000,1755.0000,0.0000,25.0000,50.0000,24.0000,7.0000
2.3690,0.6020,0.5330,0.3450,0.2230,0.0000,0.0000,1.2340,1.0000,3.5560,197.9010,11.7280,0.0000,0.0000,0.0000,69.9579,0.0000,4381.0000,1755.0000,0.0000,25.0000,50.0000,24.0000,7.0000
2.4110,0.6700,0.5100,0.4540,0.1930,0.0000,0.0000,1.2310,1.0000,3.5560,197.9010,11.7280,0.0000,0.0000,0.0000,69.9579,0.0000,4381.0000,1755.0000,0.0000,25.0000,50.0000,24.0000,7.0000
2.6220,0.6130,0.4300,0.3330,0.2060,0.0000,0.0000,1.5790,1.0000,3.5560,197.9010,11.7280,0.0000,0.0000,0.0000,69.9782,0.0000,4383.0000,1755.0000,0.0000,25.0000,50.0000,24.0000,7.0000
2.3030,0.9190,0.4410,0.6450,0.1750,0.0000,0.0000,0.9430,1.0000,3.5560,197.9010,11.7280,0.0000,0.0000,0.0000,69.9782,0.0000,4383.0000,1755.0000,0.0000,25.0000,50.0000,24.0000,8.0000
2.1670,0.6290,0.3910,0.3730,0.1710,0.0000,0.0000,1.1470,1.0000,3.5560,197.9010,11.7280,0.0000,0.0000,0.0000,69.9779,0.0000,4383.0000,1755.0000,0.0000,25.0000,50.0000,24.0000,8.0000
3.2250,0.5600,0.4060,0.3300,0.1840,0.0000,0.0000,2.2590,1.0000,3.5560,197.9010,11.7280,0.0000,0.0000,0.0000,69.7625,0.0000,4362.0000,1755.0000,0.0000,25.0000,50.0000,24.0000,8.0000
2.5750,0.5900,0.5300,0.3690,0.2530,0.0000,0.0000,1.4550,1.0000,3.5560,197.9010,11.7280,0.0000,0.0000,0.0000,69.7630,0.0000,4362.0000,1755.0000,0.0000,25.0000,51.0000,24.0000,8.0000
2.3570,0.7750,0.4210,0.4740,0.1850,0.0000,0.0000,1.1610,1.0000,3.5560,197.9010,11.7280,0.0000,0.0000,0.0000,69.7623,0.0000,4362.0000,1755.0000,0.0000,25.0000,50.0000,24.0000,8.0000
2.2950,0.5870,0.5650,0.3670,0.3450,0.0000,0.0000,1.1430,1.0000,3.5560,197.9010,11.7280,0.0000,0.0000,0.0000,69.7623,0.0000,4362.0000,1755.0000,0.0000,25.0000,50.0000,24.0000,8.0000
3.1130,0.6030,0.4820,0.4210,0.2300,0.0000,0.0000,2.0280,1.0000,3.5560,197.9010,11.7280,0.0000,0.0000,0.0000,69.7725,0.0000,4363.0000,1755.0000,0.0000,25.0000,50.0000,24.0000,9.0000
2.7410,1.2870,0.9290,0.3990,0.5370,0.0000,0.0000,0.5250,1.0000,3.5560,197.9010,11.7280,0.0000,0.0000,0.0000,69.7725,0.0000,4363.0000,1755.0000,0.0000,25.0000,50.0000,24.0000,9.0000
2.1690,0.5230,0.4260,0.3400,0.2040,0.0000,0.0000,1.2200,1.0000,3.5560,197.9010,11.7280,0.0000,0.0000,0.0000,69.7726,0.0000,4363.0000,1755.0000,0.0000,25.0000,50.0000,24.0000,9.0000
2.3690,0.6200,0.4000,0.4120,0.1630,0.0000,0.0000,1.3490,1.0000,3.5560,197.9010,11.7280,0.0000,0.0000,0.0000,69.7725,0.0000,4363.0000,1755.0000,0.0000,25.0000,50.0000,24.0000,10.0000
2.1610,0.7920,0.3900,0.4940,0.1740,0.0000,0.0000,0.9790,1.0000,3.5560,197.9010,11.7280,0.0000,0.0000,0.0000,69.7724,0.0000,4363.0000,1755.0000,0.0000,25.0000,50.0000,24.0000,10.0000
2.4270,0.6720,0.3780,0.4230,0.1770,0.0000,0.0000,1.3770,1.0000,3.5560,197.9010,11.7280,0.0000,0.0000,0.0000,69.7726,0.0000,4363.0000,1755.0000,0.0000,25.0000,50.0000,24.0000,11.0000
2.5410,0.6820,0.4960,0.4830,0.2120,0.0000,0.0000,1.3630,1.0000,3.5560,197.9010,11.7280,0.0000,0.0000,0.0000,69.7945,0.0000,4365.0000,1755.0000,0.0000,25.0000,52.0000,24.0000,12.0000
2.3670,0.8590,0.5030,0.4140,0.2500,0.0000,0.0000,1.0050,1.0000,3.5560,197.9010,11.7280,0.0000,0.0000,0.0000,69.8049,0.0000,4366.0000,1755.0000,0.0000,25.0000,52.0000,24.0000,12.0000
2.4240,0.5670,0.4730,0.3370,0.2090,0.0000,0.0000,1.3840,1.0000,3.5560,197.9010,11.7280,0.0000,0.0000,0.0000,69.8152,0.0000,4367.0000,1755.0000,0.0000,25.0000,52.0000,24.0000,12.0000
2.5000,0.6650,0.4640,0.4130,0.1670,0.0000,0.0000,1.3710,1.0000,3.5560,197.9010,11.7280,0.0000,0.0000,0.0000,69.8153,0.0000,4367.0000,1755.0000,0.0000,25.0000,52.0000,24.0000,13.0000
2.3680,0.5880,0.5250,0.3590,0.2720,0.0000,0.0000,1.2550,1.0000,3.5560,197.9010,11.7280,0.0000,0.0000,0.0000,69.8146,0.0000,4367.0000,1755.0000,0.0000,25.0000,51.0000,24.0000,13.0000
2.8000,0.6360,0.8050,0.4200,0.5830,0.0000,0.0000,1.3590,1.0000,3.5560,197.9010,11.7280,0.0000,0.0000,0.0000,69.8433,0.0000,4370.0000,1755.0000,0.0000,25.0000,51.0000,24.0000,13.0000
2.1390,0.5970,0.4140,0.3250,0.1680,0.0000,0.0000,1.1280,1.0000,3.5560,197.9010,11.7280,0.0000,0.0000,0.0000,69.8433,0.0000,4370.0000,1755.0000,0.0000,25.0000,51.0000,24.0000,13.0000
2.3830,0.6080,0.4730,0.4300,0.2390,0.0000,0.0000,1.3020,1.0000,3.5560,197.9010,11.7280,0.0000,0.0000,0.0000,69.8637,0.0000,4372.0000,1755.0000,0.0000,25.0000,51.0000,24.0000,13.0000
2.5510,0.6460,0.3710,0.3280,0.1640,0.0000,0.0000,1.5340,1.0000,3.5560,197.9010,11.7280,0.0000,0.0000,0.0000,69.8637,0.0000,4372.0000,1755.0000,0.0000,25.0000,51.0000,24.0000,13.0000
2.1550,0.7890,0.4670,0.6040,0.1790,0.0000,0.0000,0.8990,1.0000,3.5560,197.9010,11.7280,0.0000,0.0000,0.0000,69.8638,0.0000,4372.0000,1755.0000,0.0000,25.0000,51.0000,24.0000,13.0000
2.4660,0.5960,0.4070,0.3940,0.1690,0.0000,0.0000,1.4630,1.0000,3.5560,197.9010,11.7280,0.0000,0.0000,0.0000,69.8638,0.0000,4372.0000,1755.0000,0.0000,25.0000,51.0000,24.0000,13.0000
2.3980,0.5970,0.4650,0.4000,0.2460,0.0000,0.0000,1.3360,1.0000,3.5560,197.9010,11.7280,0.0000,0.0000,0.0000,69.8755,0.0000,4373.0000,1755.0000,0.0000,25.0000,51.0000,24.0000,13.0000
2.2020,0.6310,0.4410,0.3860,0.1830,0.0000,0.0000,1.1300,1.0000,3.5560,197.9010,11.7280,0.0000,0.0000,0.0000,69.8755,0.0000,4373.0000,1755.0000,0.0000,25.0000,51.0000,24.0000,13.0000
2.2980,0.5970,0.3590,0.3840,0.1580,0.0000,0.0000,1.3420,1.0000,3.5560,197.9010,11.7280,0.0000,0.0000,0.0000,69.8756,0.0000,4373.0000,1755.0000,0.0000,25.0000,51.0000,24.0000,12.0000
2.1850,0.7130,0.3850,0.3910,0.1820,0.0000,0.0000,1.0870,1.0000,3.5560,197.9010,11.7280,0.0000,0.0000,0.0000,69.8757,0.0000,4373.0000,1755.0000,0.0000,25.0000,51.0000,24.0000,12.0000
2.0850,0.5320,0.3710,0.3450,0.1590,0.0000,0.0000,1.1820,1.0000,3.5560,197.9010,11.7280,0.0000,0.0000,0.0000,69.8757,0.0000,4373.0000,1755.0000,0.0000,25.0000,51.0000,24.0000,12.0000
2.0480,0.5880,0.4210,0.4080,0.2090,0.0000,0.0000,1.0390,1.0000,3.5560,197.9010,11.7280,0.0000,0.0000,0.0000,69.8757,0.0000,4373.0000,1755.0000,0.0000,25.0000,51.0000,24.0000,12.0000
2.3130,0.5220,0.4710,0.3420,0.2540,0.0000,0.0000,1.3200,1.0000,3.5560,197.9010,11.7280,0.0000,0.0000,0.0000,69.8860,0.0000,4374.0000,1755.0000,0.0000,25.0000,51.0000,24.0000,12.0000
2.1520,0.7370,0.4000,0.4430,0.1920,0.0000,0.0000,1.0150,1.0000,3.5560,197.9010,11.7280,0.0000,0.0000,0.0000,69.8860,0.0000,4374.0000,1755.0000,0.0000,25.0000,51.0000,24.0000,12.0000
2.0420,0.6070,0.3560,0.3570,0.1580,0.0000,0.0000,1.0790,1.0000,3.5560,197.9010,11.7280,0.0000,0.0000,0.0000,69.8867,0.0000,4374.0000,1755.0000,0.0000,25.0000,52.0000,24.0000,12.0000
2.2240,0.5590,0.3810,0.3380,0.1630,0.0000,0.0000,1.2840,1.0000,3.5560,197.9010,11.7280,0.0000,0.0000,0.0000,69.8867,0.0000,4374.0000,1755.0000,0.0000,25.0000,52.0000,24.0000,12.0000
2.5360,0.5730,0.5850,0.3300,0.3640,0.0000,0.0000,1.3780,1.0000,3.5560,197.9010,11.7280,0.0000,0.0000,0.0000,69.8971,0.0000,4375.0000,1755.0000,0.0000,25.0000,52.0000,24.0000,12.0000
2.3720,0.6450,0.3870,0.4140,0.1690,0.0000,0.0000,1.3400,1.0000,3.5560,197.9010,11.7280,0.0000,0.0000,0.0000,69.8972,0.0000,4375.0000,1755.0000,0.0000,25.0000,52.0000,24.0000,13.0000
2.3670,0.6030,0.4190,0.3560,0.2100,0.0000,0.0000,1.3450,1.0000,3.5560,197.9010,11.7280,0.0000,0.0000,0.0000,69.9068,0.0000,4376.0000,1755.0000,0.0000,25.0000,51.0000,24.0000,13.0000
2.3810,0.5880,0.4820,0.3580,0.2440,0.0000,0.0000,1.3110,1.0000,3.5560,197.9010,11.7280,0.0000,0.0000,0.0000,69.9171,0.0000,4377.0000,1755.0000,0.0000,25.0000,51.0000,24.0000,13.0000
2.1560,0.7580,0.4070,0.3700,0.2070,0.0000,0.0000,0.9910,1.0000,3.5560,197.9010,11.7280,0.0000,0.0000,0.0000,69.9373,0.0000,4379.0000,1755.0000,0.0000,25.0000,51.0000,24.0000,13.0000
2.0800,0.6340,0.3550,0.3270,0.1580,0.0000,0.0000,1.0910,1.0000,3.5560,197.9010,11.7280,0.0000,0.0000,0.0000,69.9374,0.0000,4379.0000,1755.0000,0.0000,25.0000,51.0000,24.0000,13.0000
2.4120,0.5210,0.4040,0.3340,0.1770,0.0000,0.0000,1.4870,1.0000,3.5560,197.9010,11.7280,0.0000,0.0000,0.0000,69.9375,0.0000,4379.0000,1755.0000,0.0000,25.0000,51.0000,24.0000,13.0000
4.1350,0.7030,0.7750,0.5190,0.5320,0.0000,0.0000,2.6570,1.0000,3.5560,197.9010,11.7280,0.0000,0.0000,0.0000,69.9375,0.0000,4379.0000,1755.0000,0.0000,25.0000,51.0000,24.0000,13.0000
3.8600,1.4160,0.4440,0.7630,0.1600,0.0000,0.0000,2.0000,1.0000,3.5560,197.9010,11.7280,0.0000,0.0000,0.0000,69.7117,0.0000,4357.0000,1755.0000,0.0000,25.0000,51.0000,24.0000,13.0000
4.9300,0.6580,1.2890,0.3920,0.6270,0.0000,0.0000,2.9830,1.0000,3.5560,197.9010,11.7280,0.0000,0.0000,0.0000,69.7214,0.0000,4358.0000,1755.0000,0.0000,25.0000,51.0000,24.0000,13.0000
4.6870,1.4580,0.9020,0.7350,0.6490,0.0000,0.0000,2.3270,1.0000,3.5560,197.9010,11.7280,0.0000,0.0000,0.0000,69.7218,0.0000,4358.0000,1755.0000,0.0000,25.0000,51.0000,24.0000,14.0000
4.8840,1.5190,0.9070,0.8640,0.2210,0.0000,0.0000,2.4580,1.0000,3.5560,197.9010,11.7280,0.0000,0.0000,0.0000,69.7322,0.0000,4359.0000,1755.0000,0.0000,25.0000,51.0000,24.0000,15.0000
4.2640,1.5140,0.8500,0.8920,0.2490,0.0000,0.0000,1.9000,1.0000,3.5560,197.9010,11.7280,0.0000,0.0000,0.0000,69.7425,0.0000,4360.0000,1755.0000,0.0000,25.0000,51.0000,24.0000,15.0000
4.1850,1.0510,0.8310,0.7910,0.1800,0.0000,0.0000,2.3030,1.0000,3.5560,197.9010,11.7280,0.0000,0.0000,0.0000,69.7426,0.0000,4360.0000,1755.0000,0.0000,25.0000,51.0000,24.0000,14.0000
4.3320,0.9420,0.8090,0.7510,0.5910,0.0000,0.0000,2.5810,1.0000,3.5560,197.9010,11.7280,0.0000,0.0000,0.0000,69.7436,0.0000,4360.0000,1755.0000,0.0000,25.0000,51.0000,24.0000,14.0000
3.9380,1.1290,1.2140,0.9320,0.6140,0.0000,0.0000,1.5950,1.0000,3.5560,197.9010,11.7280,0.0000,0.0000,0.0000,69.7436,0.0000,4360.0000,1755.0000,0.0000,25.0000,51.0000,24.0000,14.0000
2.5170,1.4620,0.4330,0.8890,0.1690,0.0000,0.0000,0.6220,1.0000,3.5560,197.9010,11.7280,0.0000,0.0000,0.0000,69.7429,0.0000,4360.0000,1755.0000,0.0000,25.0000,50.0000,24.0000,14.0000
2.2730,0.8150,0.3620,0.6350,0.1600,0.0000,0.0000,1.0960,1.0000,3.5560,197.9010,11.7280,0.0000,0.0000,0.0000,69.7429,0.0000,4360.0000,1755.0000,0.0000,25.0000,50.0000,24.0000,14.0000
2.3530,0.5320,0.4110,0.3330,0.1680,0.0000,0.0000,1.4100,1.0000,3.5560,197.9010,11.7280,0.0000,0.0000,0.0000,69.7429,0.0000,4360.0000,1755.0000,0.0000,25.0000,50.0000,24.0000,14.0000
2.3390,0.6040,0.4270,0.4350,0.2090,0.0000,0.0000,1.3080,1.0000,3.5560,197.9010,11.7280,0.0000,0.0000,0.0000,69.7728,0.0000,4363.0000,1755.0000,0.0000,25.0000,49.0000,24.0000,14.0000
2.0830,0.6950,0.3610,0.3290,0.1570,0.0000,0.0000,1.0270,1.0000,3.5560,197.9010,11.7280,0.0000,0.0000,0.0000,69.7722,0.0000,4363.0000,1755.0000,0.0000,25.0000,48.0000,24.0000,14.0000
2.3440,0.5640,0.4120,0.3700,0.1960,0.0000,0.0000,1.3680,1.0000,3.5560,197.9010,11.7280,0.0000,0.0000,0.0000,69.7834,0.0000,4364.0000,1755.0000,0.0000,25.0000,49.0000,24.0000,14.0000
2.3280,0.7560,0.4470,0.5170,0.2150,0.0000,0.0000,1.1250,1.0000,3.5560,197.9010,11.7280,0.0000,0.0000,0.0000,69.7834,0.0000,4364.0000,1755.0000,0.0000,25.0000,49.0000,24.0000,14.0000
2.3940,0.6150,0.4200,0.3480,0.2020,0.0000,0.0000,1.3590,1.0000,3.5560,197.9010,11.7280,0.0000,0.0000,0.0000,69.7937,0.0000,4365.0000,1755.0000,0.0000,25.0000,49.0000,24.0000,15.0000
2.5680,0.5620,0.4830,0.3280,0.2570,0.0000,0.0000,1.5230,1.0000,3.5560,197.9010,11.7280,0.0000,0.0000,0.0000,69.7997,0.0000,4366.0000,1755.0000,0.0000,25.0000,49.0000,24.0000,15.0000
2.6100,0.6930,0.3870,0.5150,0.1660,0.0000,0.0000,1.5300,1.0000,3.5560,197.9010,11.7280,0.0000,0.0000,0.0000,69.7968,0.0000,4366.0000,1755.0000,0.0000,25.0000,49.0000,24.0000,15.0000
2.8400,0.9290,0.5740,0.6030,0.3060,0.0000,0.0000,1.3370,1.0000,3.5560,197.9010,11.7280,0.0000,0.0000,0.0000,69.8910,0.0000,4387.0000,1755.0000,0.0000,25.0000,50.0000,24.0000,15.0000
2.4460,0.9540,0.4710,0.3920,0.2290,0.0000,0.0000,1.0210,1.0000,3.5560,197.9010,11.7280,0.0000,0.0000,0.0000,69.9139,0.0000,4389.0000,1755.0000,0.0000,25.0000,51.0000,24.0000,14.0000
2.4120,0.7280,0.4040,0.4350,0.1890,0.0000,0.0000,1.2800,1.0000,3.5560,197.9010,11.7280,0.0000,0.0000,0.0000,69.9239,0.0000,4390.0000,1755.0000,0.0000,25.0000,50.0000,24.0000,14.0000
2.4470,0.6920,0.3790,0.3820,0.1820,0.0000,0.0000,1.3760,1.0000,3.5560,197.9010,11.7280,0.0000,0.0000,0.0000,69.9344,0.0000,4391.0000,1755.0000,0.0000,25.0000,50.0000,24.0000,14.0000
2.2590,0.7080,0.4100,0.4770,0.1740,0.0000,0.0000,1.1410,1.0000,3.5560,197.9010,11.7280,0.0000,0.0000,0.0000,69.9345,0.0000,4391.0000,1755.0000,0.0000,25.0000,50.0000,24.0000,14.0000
2.1740,0.6610,0.3690,0.4600,0.1550,0.0000,0.0000,1.1440,1.0000,3.5560,197.9010,11.7280,0.0000,0.0000,0.0000,69.9359,0.0000,4391.0000,1755.0000,0.0000,25.0000,52.0000,24.0000,15.0000
2.2220,0.5960,0.3800,0.3590,0.1640,0.0000,0.0000,1.2460,1.0000,3.5560,197.9010,11.7280,0.0000,0.0000,0.0000,69.9352,0.0000,4391.0000,1755.0000,0.0000,25.0000,51.0000,24.0000,15.0000
2.4450,0.5530,0.4990,0.3390,0.2640,0.0000,0.0000,1.3930,1.0000,3.5560,197.9010,11.7280,0.0000,0.0000,0.0000,69.9456,0.0000,4392.0000,1755.0000,0.0000,25.0000,51.0000,24.0000,15.0000
2.4060,0.6880,0.4170,0.4420,0.2100,0.0000,0.0000,1.3010,1.0000,3.5560,197.9010,11.7280,0.0000,0.0000,0.0000,69.9567,0.0000,4393.0000,1755.0000,0.0000,25.0000,52.0000,24.0000,15.0000
2.5100,0.6210,0.4870,0.3350,0.2810,0.0000,0.0000,1.4020,1.0000,3.5560,197.9010,11.7280,0.0000,0.0000,0.0000,69.9875,0.0000,4396.0000,1755.0000,0.0000,25.0000,52.0000,24.0000,14.0000
2.3950,0.7030,0.4330,0.3760,0.1830,0.0000,0.0000,1.2590,1.0000,3.5560,197.9010,11.7280,0.0000,0.0000,0.0000,69.9877,0.0000,4396.0000,1755.0000,0.0000,25.0000,52.0000,24.0000,15.0000
3.0510,0.5790,0.3900,0.3490,0.1880,0.0000,0.0000,2.0820,1.0000,3.5560,197.9010,11.7280,0.0000,0.0000,0.0000,69.9981,0.0000,4397.0000,1755.0000,0.0000,25.0000,52.0000,24.0000,15.0000
2.2490,0.9410,0.3940,0.6830,0.1720,0.0000,0.0000,0.9140,1.0000,3.5560,197.9010,11.7280,0.0000,0.0000,0.0000,69.9981,0.0000,4397.0000,1755.0000,0.0000,25.0000,52.0000,24.0000,15.0000
2.3330,0.5390,0.4660,0.3300,0.2380,0.0000,0.0000,1.3280,1.0000,3.5560,197.9010,11.7280,0.0000,0.0000,0.0000,69.9988,0.0000,4397.0000,1755.0000,0.0000,25.0000,53.0000,24.0000,15.0000
2.4180,0.6450,0.4780,0.4360,0.2270,0.0000,0.0000,1.2950,1.0000,3.5560,197.9010,11.7280,0.0000,0.0000,0.0000,70.0184,0.0000,4399.0000,1755.0000,0.0000,25.0000,52.0000,24.0000,15.0000
2.4740,0.7000,0.4720,0.3450,0.2640,0.0000,0.0000,1.3020,1.0000,3.5560,197.9010,11.7280,0.0000,0.0000,0.0000,69.8717,0.0000,4385.0000,1755.0000,0.0000,25.0000,52.0000,24.0000,15.0000
2.3420,0.6490,0.4760,0.3530,0.2290,0.0000,0.0000,1.2170,1.0000,3.5560,197.9010,11.7280,0.0000,0.0000,0.0000,69.8821,0.0000,4386.0000,1755.0000,0.0000,25.0000,52.0000,24.0000,15.0000
2.4140,0.6230,0.3920,0.3970,0.1610,0.0000,0.0000,1.3990,1.0000,3.5560,197.9010,11.7280,0.0000,0.0000,0.0000,69.8808,0.0000,4386.0000,1755.0000,0.0000,25.0000,50.0000,24.0000,15.0000
2.3340,0.5490,0.3550,0.3510,0.1580,0.0000,0.0000,1.4300,1.0000,3.5560,197.9010,11.7280,0.0000,0.0000,0.0000,69.8816,0.0000,4386.0000,1755.0000,0.0000,25.0000,51.0000,24.0000,15.0000
2.3730,0.5850,0.4420,0.3970,0.2090,0.0000,0.0000,1.3460,1.0000,3.5560,197.9010,11.7280,0.0000,0.0000,0.0000,69.8925,0.0000,4387.0000,1755.0000,0.0000,25.0000,52.0000,24.0000,15.0000
2.9380,0.6200,0.4820,0.3450,0.2670,0.0000,0.0000,1.8360,1.0000,3.5560,197.9010,11.7280,0.0000,0.0000,0.0000,69.9129,0.0000,4389.0000,1755.0000,0.0000,25.0000,52.0000,24.0000,15.0000
2.3500,0.7860,0.4170,0.4240,0.1920,0.0000,0.0000,1.1470,1.0000,3.5560,197.9010,11.7280,0.0000,0.0000,0.0000,69.9050,0.0000,4375.0000,1755.0000,0.0000,25.0000,52.0000,24.0000,15.0000
2.3090,0.5540,0.4660,0.3440,0.2550,0.0000,0.0000,1.2890,1.0000,3.5560,197.9010,11.7280,0.0000,0.0000,0.0000,69.9051,0.0000,4375.0000,1755.0000,0.0000,25.0000,52.0000,24.0000,15.0000
2.2710,0.5980,0.4280,0.3930,0.1820,0.0000,0.0000,1.2450,1.0000,3.5560,197.9010,11.7280,0.0000,0.0000,0.0000,69.9044,0.0000,4375.0000,1755.0000,0.0000,25.0000,51.0000,24.0000,15.0000
2.2560,0.5770,0.3750,0.3820,0.1580,0.0000,0.0000,1.3040,1.0000,3.5560,197.9010,11.7280,0.0000,0.0000,0.0000,69.9044,0.0000,4375.0000,1755.0000,0.0000,25.0000,51.0000,24.0000,14.0000
2.6020,0.6200,0.5070,0.3620,0.2950,0.0000,0.0000,1.4750,1.0000,3.5560,197.9010,11.7280,0.0000,0.0000,0.0000,69.9148,0.0000,4376.0000,1755.0000,0.0000,25.0000,51.0000,24.0000,14.0000
3.1790,0.6360,0.4320,0.4000,0.2140,0.0000,0.0000,2.1110,1.0000,3.5560,197.9010,11.7280,0.0000,0.0000,0.0000,69.9251,0.0000,4377.0000,1755.0000,0.0000,25.0000,51.0000,24.0000,14.0000
2.4900,0.6540,0.4590,0.3600,0.1840,0.0000,0.0000,1.3770,1.0000,3.5560,197.9010,11.7280,0.0000,0.0000,0.0000,69.9239,0.0000,4376.0000,1755.0000,0.0000,25.0000,51.0000,24.0000,14.0000
2.5720,0.5770,0.4840,0.3450,0.2630,0.0000,0.0000,1.5110,1.0000,3.5560,197.9010,11.7280,0.0000,0.0000,0.0000,69.9246,0.0000,4376.0000,1755.0000,0.0000,25.0000,52.0000,24.0000,14.0000
2.4030,0.6500,0.3810,0.4300,0.1600,0.0000,0.0000,1.3720,1.0000,3.5560,197.9010,11.7280,0.0000,0.0000,0.0000,69.9239,0.0000,4376.0000,1755.0000,0.0000,25.0000,51.0000,24.0000,14.0000
2.5550,0.5580,0.4620,0.3420,0.2530,0.0000,0.0000,1.5350,1.0000,3.5560,197.9010,11.7280,0.0000,0.0000,0.0000,69.9242,0.0000,4377.0000,1755.0000,0.0000,25.0000,51.0000,24.0000,14.0000
2.5460,0.6050,0.3750,0.3900,0.1570,0.0000,0.0000,1.5660,1.0000,3.5560,197.9010,11.7280,0.0000,0.0000,0.0000,69.9236,0.0000,4377.0000,1755.0000,0.0000,25.0000,50.0000,24.0000,15.0000
2.7430,0.6240,0.4870,0.4000,0.2330,0.0000,0.0000,1.6320,1.0000,3.5560,197.9010,11.7280,0.0000,0.0000,0.0000,69.9540,0.0000,4380.0000,1755.0000,0.0000,25.0000,50.0000,24.0000,14.0000
2.6160,0.7170,0.4100,0.3460,0.1900,0.0000,0.0000,1.4890,1.0000,3.5560,197.9010,11.7280,0.0000,0.0000,0.0000,69.9643,0.0000,4381.0000,1755.0000,0.0000,25.0000,50.0000,24.0000,15.0000
2.6950,0.6550,0.4890,0.4210,0.2390,0.0000,0.0000,1.5510,1.0000,3.5560,197.9010,11.7280,0.0000,0.0000,0.0000,69.9749,0.0000,4382.0000,1755.0000,0.0000,25.0000,50.0000,24.0000,15.0000
2.4760,0.6640,0.4660,0.3780,0.2210,0.0000,0.0000,1.3460,1.0000,3.5560,197.9010,11.7280,0.0000,0.0000,0.0000,69.9853,0.0000,4383.0000,1755.0000,0.0000,25.0000,50.0000,24.0000,15.0000
2.3210,0.6500,0.3680,0.4230,0.1600,0.0000,0.0000,1.3030,1.0000,3.5560,197.9010,11.7280,0.0000,0.0000,0.0000,69.9860,0.0000,4383.0000,1755.0000,0.0000,25.0000,51.0000,24.0000,15.0000
2.3740,0.5460,0.4550,0.3280,0.2450,0.0000,0.0000,1.3730,1.0000,3.5560,197.9010,11.7280,0.0000,0.0000,0.0000,69.9962,0.0000,4384.0000,1755.0000,0.0000,25.0000,51.0000,24.0000,14.0000
2.4450,0.6620,0.4230,0.3760,0.2150,0.0000,0.0000,1.3600,1.0000,3.5560,197.9010,11.7280,0.0000,0.0000,0.0000,70.0064,0.0000,4385.0000,1755.0000,0.0000,25.0000,51.0000,24.0000,14.0000
2.4400,0.6340,0.4520,0.3550,0.2480,0.0000,0.0000,1.3540,1.0000,4.8130,3.9270,2.9840,0.0000,0.0000,0.0000,70.0174,0.0000,4386.0000,1755.0000,0.0000,25.0000,52.0000,24.0000,14.0000
2.5710,0.5560,0.4580,0.3190,0.1800,0.0000,0.0000,1.5570,1.0000,4.8130,3.9270,2.9840,0.0000,0.0000,0.0000,70.0178,0.0000,4386.0000,1755.0000,0.0000,25.0000,52.0000,24.0000,14.0000
2.3220,0.6880,0.3910,0.4980,0.1920,0.0000,0.0000,1.2430,1.0000,4.8130,3.9270,2.9840,0.0000,0.0000,0.0000,70.0179,0.0000,4386.0000,1755.0000,0.0000,25.0000,52.0000,24.0000,14.0000
2.6040,0.5230,0.4140,0.3260,0.1670,0.0000,0.0000,1.6670,1.0000,4.8130,3.9270,2.9840,0.0000,0.0000,0.0000,70.0172,0.0000,4386.0000,1755.0000,0.0000,25.0000,51.0000,24.0000,14.0000
2.4910,0.7710,0.4220,0.5270,0.2060,0.0000,0.0000,1.2980,1.0000,4.8130,3.9270,2.9840,0.0000,0.0000,0.0000,70.0274,0.0000,4387.0000,1755.0000,0.0000,25.0000,51.0000,24.0000,13.0000
2.5130,0.5810,0.4520,0.3300,0.2200,0.0000,0.0000,1.4800,1.0000,4.8130,3.9270,2.9840,0.0000,0.0000,0.0000,70.0385,0.0000,4388.0000,1755.0000,0.0000,25.0000,52.0000,24.0000,14.0000
2.4330,0.6350,0.4060,0.4040,0.1730,0.0000,0.0000,1.3920,1.0000,4.8130,3.9270,2.9840,0.0000,0.0000,0.0000,70.0393,0.0000,4388.0000,1755.0000,0.0000,25.0000,53.0000,24.0000,14.0000
2.4350,0.6210,0.4320,0.4020,0.1780,0.0000,0.0000,1.3820,1.0000,4.8130,3.9270,2.9840,0.0000,0.0000,0.0000,70.0379,0.0000,4388.0000,1755.0000,0.0000,25.0000,51.0000,24.0000,14.0000
2.4040,0.5840,0.3730,0.3900,0.1630,0.0000,0.0000,1.4470,1.0000,4.8130,3.9270,2.9840,0.0000,0.0000,0.0000,70.0372,0.0000,4388.0000,1755.0000,0.0000,25.0000,50.0000,24.0000,14.0000
2.3250,0.5450,0.4040,0.3310,0.2020,0.0000,0.0000,1.3760,1.0000,4.8130,3.9270,2.9840,0.0000,0.0000,0.0000,70.0365,0.0000,4388.0000,1755.0000,0.0000,25.0000,49.0000,24.0000,13.0000
2.5340,0.6370,0.4790,0.4500,0.2200,0.0000,0.0000,1.4180,1.0000,4.8130,3.9270,2.9840,0.0000,0.0000,0.0000,70.0365,0.0000,4388.0000,1755.0000,0.0000,25.0000,49.0000,24.0000,13.0000
2.8700,0.6130,0.4290,0.3580,0.2240,0.0000,0.0000,1.8280,1.0000,4.8130,3.9270,2.9840,0.0000,0.0000,0.0000,70.0467,0.0000,4389.0000,1755.0000,0.0000,25.0000,49.0000,24.0000,15.0000
2.6510,0.8080,0.4390,0.5340,0.2160,0.0000,0.0000,1.4040,1.0000,4.8130,3.9270,2.9840,0.0000,0.0000,0.0000,70.0577,0.0000,4390.0000,1755.0000,0.0000,25.0000,50.0000,24.0000,15.0000
2.4810,0.6060,0.4530,0.3470,0.2260,0.0000,0.0000,1.4220,1.0000,4.8130,3.9270,2.9840,0.0000,0.0000,0.0000,70.0785,0.0000,4392.0000,1755.0000,0.0000,25.0000,51.0000,24.0000,15.0000
2.5170,0.6850,0.3950,0.3270,0.1910,0.0000,0.0000,1.4370,1.0000,4.8130,3.9270,2.9840,0.0000,0.0000,0.0000,70.0888,0.0000,4393.0000,1755.0000,0.0000,25.0000,51.0000,24.0000,15.0000
2.4010,0.6770,0.4270,0.4430,0.1760,0.0000,0.0000,1.2970,1.0000,4.8130,3.9270,2.9840,0.0000,0.0000,0.0000,69.8581,0.0000,4371.0000,1755.0000,0.0000,25.0000,51.0000,24.0000,15.0000
2.5820,0.5910,0.4860,0.3520,0.2830,0.0000,0.0000,1.5050,1.0000,4.8130,3.9270,2.9840,0.0000,0.0000,0.0000,69.8989,0.0000,4375.0000,1755.0000,0.0000,25.0000,51.0000,24.0000,15.0000
2.4450,0.7330,0.3950,0.3790,0.1660,0.0000,0.0000,1.3170,1.0000,4.8130,3.9270,2.9840,0.0000,0.0000,0.0000,69.8997,0.0000,4375.0000,1755.0000,0.0000,25.0000,52.0000,24.0000,15.0000
2.5310,0.6040,0.4340,0.3690,0.2320,0.0000,0.0000,1.4930,1.0000,4.8130,3.9270,2.9840,0.0000,0.0000,0.0000,69.9204,0.0000,4377.0000,1755.0000,0.0000,25.0000,52.0000,24.0000,15.0000
2.3270,0.5960,0.3940,0.3210,0.1700,0.0000,0.0000,1.3370,1.0000,4.8130,3.9270,2.9840,0.0000,0.0000,0.0000,69.9176,0.0000,4377.0000,1755.0000,0.0000,25.0000,48.0000,24.0000,15.0000
2.3490,0.5730,0.3780,0.3460,0.1780,0.0000,0.0000,1.3980,1.0000,4.8130,3.9270,2.9840,0.0000,0.0000,0.0000,69.9191,0.0000,4377.0000,1755.0000,0.0000,25.0000,50.0000,24.0000,15.0000
2.6120,0.5610,0.5020,0.3580,0.2440,0.0000,0.0000,1.5490,1.0000,4.8130,3.9270,2.9840,0.0000,0.0000,0.0000,69.9301,0.0000,4378.0000,1755.0000,0.0000,25.0000,49.0000,24.0000,15.0000
2.5680,0.6700,0.4200,0.4000,0.2130,0.0000,0.0000,1.4780,1.0000,4.8130,3.9270,2.9840,0.0000,0.0000,0.0000,69.9505,0.0000,4380.0000,1755.0000,0.0000,25.0000,49.0000,24.0000,15.0000
2.7020,0.6720,0.4900,0.3870,0.2230,0.0000,0.0000,1.5400,1.0000,4.8130,3.9270,2.9840,0.0000,0.0000,0.0000,69.9611,0.0000,4382.0000,1755.0000,0.0000,25.0000,49.0000,24.0000,16.0000
2.6520,0.7040,0.5320,0.4040,0.2600,0.0000,0.0000,1.4160,1.0000,4.8130,3.9270,2.9840,0.0000,0.0000,0.0000,69.9716,0.0000,4383.0000,1755.0000,0.0000,25.0000,49.0000,24.0000,16.0000
2.2970,0.6290,0.3790,0.3870,0.1670,0.0000,0.0000,1.2890,1.0000,4.8130,3.9270,2.9840,0.0000,0.0000,0.0000,69.9717,0.0000,4383.0000,1755.0000,0.0000,25.0000,49.0000,24.0000,16.0000
2.5150,0.5960,0.3910,0.3410,0.1510,0.0000,0.0000,1.5280,1.0000,4.8130,3.9270,2.9840,0.0000,0.0000,0.0000,69.9718,0.0000,4383.0000,1755.0000,0.0000,25.0000,49.0000,24.0000,16.0000
2.6520,0.5580,0.4380,0.3350,0.2290,0.0000,0.0000,1.6560,1.0000,4.8130,3.9270,2.9840,0.0000,0.0000,0.0000,69.9923,0.0000,4385.0000,1755.0000,0.0000,25.0000,49.0000,24.0000,16.0000
2.4970,0.6750,0.4380,0.3580,0.2380,0.0000,0.0000,1.3840,1.0000,4.8130,3.9270,2.9840,0.0000,0.0000,0.0000,70.0026,0.0000,4386.0000,1755.0000,0.0000,25.0000,49.0000,24.0000,16.0000
2.4720,0.6460,0.4480,0.3900,0.2060,0.0000,0.0000,1.3780,1.0000,4.8130,3.9270,2.9840,0.0000,0.0000,0.0000,70.0130,0.0000,4387.0000,1755.0000,0.0000,25.0000,49.0000,24.0000,16.0000
2.6480,0.5820,0.4560,0.3270,0.2510,0.0000,0.0000,1.6100,1.0000,4.8130,3.9270,2.9840,0.0000,0.0000,0.0000,70.0335,0.0000,4389.0000,1755.0000,0.0000,25.0000,49.0000,24.0000,16.0000
2.5700,0.7770,0.4390,0.4420,0.1740,0.0000,0.0000,1.3540,1.0000,4.8130,3.9270,2.9840,0.0000,0.0000,0.0000,70.0343,0.0000,4389.0000,1755.0000,0.0000,25.0000,50.0000,24.0000,16.0000
2.4100,0.5960,0.4170,0.3750,0.1790,0.0000,0.0000,1.3970,1.0000,4.8130,3.9270,2.9840,0.0000,0.0000,0.0000,70.0358,0.0000,4389.0000,1755.0000,0.0000,25.0000,52.0000,24.0000,16.0000
2.4880,0.6000,0.3630,0.3900,0.1510,0.0000,0.0000,1.5250,1.0000,4.8130,3.9270,2.9840,0.0000,0.0000,0.0000,70.0351,0.0000,4389.0000,1755.0000,0.0000,25.0000,51.0000,24.0000,16.0000
2.7020,0.5470,0.4600,0.3310,0.2170,0.0000,0.0000,1.6950,1.0000,4.8130,3.9270,2.9840,0.0000,0.0000,0.0000,70.0656,0.0000,4392.0000,1755.0000,0.0000,25.0000,51.0000,24.0000,15.0000
2.4270,0.7080,0.4160,0.3930,0.1600,0.0000,0.0000,1.3030,1.0000,4.8130,3.9270,2.9840,0.0000,0.0000,0.0000,70.0670,0.0000,4392.0000,1755.0000,0.0000,25.0000,53.0000,24.0000,15.0000
2.3650,0.5310,0.4120,0.3270,0.1730,0.0000,0.0000,1.4220,1.0000,4.8130,3.9270,2.9840,0.0000,0.0000,0.0000,70.0664,0.0000,4392.0000,1755.0000,0.0000,25.0000,52.0000,24.0000,15.0000
2.3210,0.5850,0.3760,0.3940,0.1670,0.0000,0.0000,1.3600,1.0000,4.8130,3.9270,2.9840,0.0000,0.0000,0.0000,70.0671,0.0000,4392.0000,1755.0000,0.0000,25.0000,53.0000,24.0000,15.0000
2.2680,0.5510,0.3860,0.3560,0.1770,0.0000,0.0000,1.3310,1.0000,4.8130,3.9270,2.9840,0.0000,0.0000,0.0000,70.0671,0.0000,4392.0000,1755.0000,0.0000,25.0000,53.0000,24.0000,15.0000
2.3570,0.5790,0.4340,0.3880,0.2050,0.0000,0.0000,1.3440,1.0000,4.8130,3.9270,2.9840,0.0000,0.0000,0.0000,70.0774,0.0000,4393.0000,1755.0000,0.0000,25.0000,53.0000,24.0000,15.0000
2.3770,0.6440,0.4120,0.3940,0.1910,0.0000,0.0000,1.3210,1.0000,4.8130,3.9270,2.9840,0.0000,0.0000,0.0000,70.0877,0.0000,4394.0000,1755.0000,0.0000,25.0000,53.0000,24.0000,15.0000
2.5390,0.5820,0.4690,0.3310,0.2440,0.0000,0.0000,1.4880,1.0000,4.8130,3.9270,2.9840,0.0000,0.0000,0.0000,70.1080,0.0000,4396.0000,1755.0000,0.0000,25.0000,53.0000,24.0000,15.0000
2.2200,0.7290,0.3750,0.4170,0.1550,0.0000,0.0000,1.1160,1.0000,4.8130,3.9270,2.9840,0.0000,0.0000,0.0000,70.1081,0.0000,4396.0000,1755.0000,0.0000,25.0000,53.0000,24.0000,15.0000
2.4340,0.5840,0.4410,0.3380,0.1880,0.0000,0.0000,1.4090,1.0000,4.8130,3.9270,2.9840,0.0000,0.0000,0.0000,70.1090,0.0000,4396.0000,1755.0000,0.0000,25.0000,54.0000,24.0000,15.0000
2.4700,0.6050,0.4090,0.3890,0.1630,0.0000,0.0000,1.4560,1.0000,4.8130,3.9270,2.9840,0.0000,0.0000,0.0000,70.1090,0.0000,4396.0000,1755.0000,0.0000,25.0000,54.0000,24.0000,15.0000
2.7490,0.6060,0.5070,0.4110,0.2810,0.0000,0.0000,1.6360,1.0000,4.8130,3.9270,2.9840,0.0000,0.0000,0.0000,70.1590,0.0000,4401.0000,1755.0000,0.0000,25.0000,53.0000,24.0000,14.0000
2.6890,0.7400,0.4710,0.3230,0.2460,0.0000,0.0000,1.4780,1.0000,4.8130,3.9270,2.9840,0.0000,0.0000,0.0000,70.1895,0.0000,4404.0000,1755.0000,0.0000,25.0000,53.0000,24.0000,14.0000
2.5820,0.7140,0.4430,0.3420,0.2380,0.0000,0.0000,1.4250,1.0000,4.8130,3.9270,2.9840,0.0000,0.0000,0.0000,70.1993,0.0000,4405.0000,1755.0000,0.0000,25.0000,52.0000,24.0000,14.0000
2.6620,0.6910,0.4770,0.3970,0.2520,0.0000,0.0000,1.4940,1.0000,4.8130,3.9270,2.9840,0.0000,0.0000,0.0000,70.2096,0.0000,4406.0000,1755.0000,0.0000,25.0000,50.0000,24.0000,17.0000
2.5610,0.7110,0.4560,0.4300,0.2160,0.0000,0.0000,1.3940,1.0000,4.8130,3.9270,2.9840,0.0000,0.0000,0.0000,70.2200,0.0000,4407.0000,1755.0000,0.0000,25.0000,50.0000,24.0000,17.0000
2.5170,0.6380,0.4260,0.3440,0.2220,0.0000,0.0000,1.4530,1.0000,4.8130,3.9270,2.9840,0.0000,0.0000,0.0000,70.2303,0.0000,4408.0000,1755.0000,0.0000,25.0000,50.0000,24.0000,17.0000
2.3600,0.6380,0.4390,0.3970,0.2010,0.0000,0.0000,1.2830,1.0000,4.8130,3.9270,2.9840,0.0000,0.0000,0.0000,70.2414,0.0000,4409.0000,1755.0000,0.0000,25.0000,51.0000,24.0000,17.0000
2.3300,0.6290,0.3980,0.3420,0.1970,0.0000,0.0000,1.3030,1.0000,4.8130,3.9270,2.9840,0.0000,0.0000,0.0000,70.2526,0.0000,4410.0000,1755.0000,0.0000,25.0000,52.0000,24.0000,17.0000
2.5310,0.6230,0.4690,0.3610,0.2430,0.0000,0.0000,1.4390,1.0000,4.8130,3.9270,2.9840,0.0000,0.0000,0.0000,69.8970,0.0000,4376.0000,1755.0000,0.0000,25.0000,52.0000,24.0000,17.0000
2.2460,0.6780,0.3830,0.3950,0.1630,0.0000,0.0000,1.1850,1.0000,4.8130,3.9270,2.9840,0.0000,0.0000,0.0000,69.8963,0.0000,4376.0000,1755.0000,0.0000,25.0000,51.0000,24.0000,17.0000
2.2900,0.6080,0.3630,0.3600,0.1570,0.0000,0.0000,1.3190,1.0000,4.8130,3.9270,2.9840,0.0000,0.0000,0.0000,69.8957,0.0000,4376.0000,1755.0000,0.0000,25.0000,50.0000,24.0000,17.0000
2.2950,0.5450,0.4180,0.3360,0.1660,0.0000,0.0000,1.3320,1.0000,4.8130,3.9270,2.9840,0.0000,0.0000,0.0000,69.8943,0.0000,4376.0000,1755.0000,0.0000,25.0000,48.0000,24.0000,17.0000
2.3530,0.6510,0.4540,0.3830,0.2240,0.0000,0.0000,1.2480,1.0000,4.8130,3.9270,2.9840,0.0000,0.0000,0.0000,69.8950,0.0000,4376.0000,1755.0000,0.0000,25.0000,49.0000,24.0000,17.0000
2.4450,0.6020,0.4750,0.3460,0.2690,0.0000,0.0000,1.3680,1.0000,4.8130,3.9270,2.9840,0.0000,0.0000,0.0000,69.9143,0.0000,4378.0000,1755.0000,0.0000,25.0000,47.0000,24.0000,17.0000
2.2670,0.6940,0.3930,0.3930,0.1590,0.0000,0.0000,1.1800,1.0000,4.8130,3.9270,2.9840,0.0000,0.0000,0.0000,69.9150,0.0000,4378.0000,1755.0000,0.0000,25.0000,48.0000,24.0000,17.0000
2.2020,0.5850,0.3740,0.3920,0.1590,0.0000,0.0000,1.2430,1.0000,4.8130,3.9270,2.9840,0.0000,0.0000,0.0000,69.9137,0.0000,4378.0000,1755.0000,0.0000,25.0000,46.0000,24.0000,17.0000
2.3740,0.5840,0.3930,0.3450,0.1920,0.0000,0.0000,1.3970,1.0000,4.8130,3.9270,2.9840,0.0000,0.0000,0.0000,69.9248,0.0000,4379.0000,1755.0000,0.0000,25.0000,47.0000,24.0000,17.0000
2.3180,0.6670,0.4460,0.4160,0.2480,0.0000,0.0000,1.2050,1.0000,4.8130,3.9270,2.9840,0.0000,0.0000,0.0000,69.9452,0.0000,4381.0000,1755.0000,0.0000,25.0000,47.0000,24.0000,17.0000
2.6090,0.6810,0.4570,0.3940,0.2200,0.0000,0.0000,1.4710,1.0000,4.8130,3.9270,2.9840,0.0000,0.0000,0.0000,69.9754,0.0000,4384.0000,1755.0000,0.0000,25.0000,46.0000,24.0000,17.0000
2.3740,0.7430,0.4500,0.3670,0.2380,0.0000,0.0000,1.1810,1.0000,4.8130,3.9270,2.9840,0.0000,0.0000,0.0000,69.9858,0.0000,4385.0000,1755.0000,0.0000,25.0000,46.0000,24.0000,17.0000
2.2190,0.6260,0.3910,0.3870,0.1860,0.0000,0.0000,1.2020,1.0000,4.8130,3.9270,2.9840,0.0000,0.0000,0.0000,69.9866,0.0000,4385.0000,1755.0000,0.0000,25.0000,47.0000,24.0000,17.0000
2.1760,0.6200,0.3530,0.3590,0.1460,0.0000,0.0000,1.2030,1.0000,4.8130,3.9270,2.9840,0.0000,0.0000,0.0000,69.9846,0.0000,4385.0000,1755.0000,0.0000,25.0000,44.0000,24.0000,17.0000
2.1790,0.6000,0.3670,0.3420,0.1760,0.0000,0.0000,1.2120,1.0000,4.8130,3.9270,2.9840,0.0000,0.0000,0.0000,69.9853,0.0000,4385.0000,1755.0000,0.0000,25.0000,45.0000,24.0000,17.0000
2.2910,0.5510,0.3970,0.3300,0.1990,0.0000,0.0000,1.3430,1.0000,4.8130,3.9270,2.9840,0.0000,0.0000,0.0000,70.0048,0.0000,4387.0000,1755.0000,0.0000,25.0000,44.0000,24.0000,17.0000
2.6800,0.7090,0.4340,0.3780,0.2050,0.0000,0.0000,1.5370,1.0000,4.8130,3.9270,2.9840,0.0000,0.0000,0.0000,70.0151,0.0000,4388.0000,1755.0000,0.0000,25.0000,44.0000,24.0000,17.0000
3.0750,0.7180,0.6250,0.3910,0.3260,0.0000,0.0000,1.7320,1.0000,4.8130,3.9270,2.9840,0.0000,0.0000,0.0000,70.0458,0.0000,4391.0000,1755.0000,0.0000,25.0000,44.0000,24.0000,17.0000
3.0520,0.9210,0.5900,0.4390,0.3230,0.0000,0.0000,1.5410,1.0000,4.8130,3.9270,2.9840,0.0000,0.0000,0.0000,70.0751,0.0000,4394.0000,1755.0000,0.0000,25.0000,42.0000,24.0000,17.0000
2.7990,0.8570,0.4890,0.4040,0.1840,0.0000,0.0000,1.4530,1.0000,4.8130,3.9270,2.9840,0.0000,0.0000,0.0000,70.0746,0.0000,4394.0000,1755.0000,0.0000,25.0000,41.0000,24.0000,17.0000
2.9270,0.7870,0.5440,0.5220,0.3120,0.0000,0.0000,1.5960,1.0000,4.8130,3.9270,2.9840,0.0000,0.0000,0.0000,70.0956,0.0000,4396.0000,1755.0000,0.0000,25.0000,42.0000,24.0000,17.0000
2.9660,0.8210,0.6140,0.4890,0.3620,0.0000,0.0000,1.5310,1.0000,4.8130,3.9270,2.9840,0.0000,0.0000,0.0000,70.1153,0.0000,4398.0000,1755.0000,0.0000,25.0000,41.0000,24.0000,17.0000
2.2240,0.8160,0.3550,0.3960,0.1490,0.0000,0.0000,1.0530,1.0000,4.8130,3.9270,2.9840,0.0000,0.0000,0.0000,70.1161,0.0000,4398.0000,1755.0000,0.0000,25.0000,42.0000,24.0000,17.0000
2.4040,0.6130,0.5020,0.3900,0.2910,0.0000,0.0000,1.2890,1.0000,4.8130,3.9270,2.9840,0.0000,0.0000,0.0000,70.1368,0.0000,4400.0000,1755.0000,0.0000,25.0000,42.0000,24.0000,17.0000
2.2280,0.6880,0.3890,0.3870,0.1650,0.0000,0.0000,1.1510,1.0000,4.8130,3.9270,2.9840,0.0000,0.0000,0.0000,70.1361,0.0000,4400.0000,1755.0000,0.0000,25.0000,41.0000,24.0000,17.0000
2.1120,0.6060,0.3560,0.3400,0.1470,0.0000,0.0000,1.1500,1.0000,4.8130,3.9270,2.9840,0.0000,0.0000,0.0000,70.1362,0.0000,4400.0000,1755.0000,0.0000,25.0000,41.0000,24.0000,17.0000
2.2390,0.6080,0.3370,0.3400,0.1440,0.0000,0.0000,1.2940,1.0000,4.8130,3.9270,2.9840,0.0000,0.0000,0.0000,70.1369,0.0000,4400.0000,1755.0000,0.0000,25.0000,42.0000,24.0000,17.0000
2.2650,0.5860,0.3380,0.3400,0.1460,0.0000,0.0000,1.3410,1.0000,4.8130,3.9270,2.9840,0.0000,0.0000,0.0000,70.1362,0.0000,4400.0000,1755.0000,0.0000,25.0000,41.0000,24.0000,17.0000
2.5450,0.5370,0.4870,0.3290,0.2210,0.0000,0.0000,1.5210,1.0000,4.8130,3.9270,2.9840,0.0000,0.0000,0.0000,70.1677,0.0000,4403.0000,1755.0000,0.0000,25.0000,42.0000,24.0000,17.0000
2.3050,0.7420,0.3760,0.3440,0.1600,0.0000,0.0000,1.1870,1.0000,4.8130,3.9270,2.9840,0.0000,0.0000,0.0000,70.1677,0.0000,4403.0000,1755.0000,0.0000,25.0000,42.0000,24.0000,17.0000
2.1820,0.6330,0.4270,0.3930,0.1980,0.0000,0.0000,1.1220,1.0000,4.8130,3.9270,2.9840,0.0000,0.0000,0.0000,70.1671,0.0000,4403.0000,1755.0000,0.0000,25.0000,41.0000,24.0000,17.0000
2.3170,0.5850,0.4790,0.3810,0.2150,0.0000,0.0000,1.2530,1.0000,4.8130,3.9270,2.9840,0.0000,0.0000,0.0000,70.1774,0.0000,4404.0000,1755.0000,0.0000,25.0000,41.0000,24.0000,16.0000
2.2550,0.6230,0.4160,0.3390,0.1950,0.0000,0.0000,1.2160,1.0000,4.8130,3.9270,2.9840,0.0000,0.0000,0.0000,70.1884,0.0000,4405.0000,1755.0000,0.0000,25.0000,42.0000,24.0000,17.0000
2.1840,0.5890,0.4210,0.3240,0.2140,0.0000,0.0000,1.1740,1.0000,4.8130,3.9270,2.9840,0.0000,0.0000,0.0000,70.1870,0.0000,4405.0000,1755.0000,0.0000,25.0000,40.0000,24.0000,17.0000
2.3950,0.5420,0.4280,0.3220,0.2300,0.0000,0.0000,1.4250,1.0000,4.8130,3.9270,2.9840,0.0000,0.0000,0.0000,70.1980,0.0000,4406.0000,1755.0000,0.0000,25.0000,41.0000,24.0000,17.0000
2.2640,0.6290,0.3950,0.3830,0.1850,0.0000,0.0000,1.2400,1.0000,4.8130,3.9270,2.9840,0.0000,0.0000,0.0000,70.1994,0.0000,4406.0000,1755.0000,0.0000,25.0000,43.0000,24.0000,17.0000
2.2820,0.6290,0.4130,0.3600,0.2090,0.0000,0.0000,1.2400,1.0000,4.8130,3.9270,2.9840,0.0000,0.0000,0.0000,70.2300,0.0000,4409.0000,1755.0000,0.0000,25.0000,43.0000,24.0000,17.0000
2.1030,0.7320,0.3550,0.3910,0.1540,0.0000,0.0000,1.0160,1.0000,4.8130,3.9270,2.9840,0.0000,0.0000,0.0000,70.2300,0.0000,4409.0000,1755.0000,0.0000,25.0000,43.0000,24.0000,17.0000
2.4350,0.5300,0.5130,0.3240,0.2720,0.0000,0.0000,1.3920,1.0000,4.8130,3.9270,2.9840,0.0000,0.0000,0.0000,70.2411,0.0000,4410.0000,1755.0000,0.0000,25.0000,44.0000,24.0000,16.0000
2.3430,0.7480,0.4890,0.4130,0.2630,0.0000,0.0000,1.1060,1.0000,4.8130,3.9270,2.9840,0.0000,0.0000,0.0000,70.2613,0.0000,4412.0000,1755.0000,0.0000,25.0000,44.0000,24.0000,16.0000
2.5040,0.6680,0.5870,0.3350,0.3590,0.0000,0.0000,1.2490,1.0000,4.8130,3.9270,2.9840,0.0000,0.0000,0.0000,69.9198,0.0000,4379.0000,1755.0000,0.0000,25.0000,43.0000,24.0000,16.0000
2.3570,0.7080,0.4460,0.4480,0.2140,0.0000,0.0000,1.2030,1.0000,4.8130,3.9270,2.9840,0.0000,0.0000,0.0000,69.9302,0.0000,4380.0000,1755.0000,0.0000,25.0000,43.0000,24.0000,16.0000
2.2110,0.6710,0.3830,0.3690,0.1590,0.0000,0.0000,1.1570,1.0000,4.8130,3.9270,2.9840,0.0000,0.0000,0.0000,69.9302,0.0000,4380.0000,1755.0000,0.0000,25.0000,43.0000,24.0000,16.0000
2.2920,0.5900,0.4120,0.3530,0.1980,0.0000,0.0000,1.2900,1.0000,4.8130,3.9270,2.9840,0.0000,0.0000,0.0000,69.9406,0.0000,4381.0000,1755.0000,0.0000,25.0000,43.0000,24.0000,16.0000
2.3850,0.6880,0.4360,0.4500,0.1940,0.0000,0.0000,1.2610,1.0000,4.8130,3.9270,2.9840,0.0000,0.0000,0.0000,69.9501,0.0000,4382.0000,1755.0000,0.0000,25.0000,42.0000,24.0000,16.0000
2.2720,0.6990,0.4060,0.4610,0.1640,0.0000,0.0000,1.1670,1.0000,4.8130,3.9270,2.9840,0.0000,0.0000,0.0000,69.9502,0.0000,4382.0000,1755.0000,0.0000,25.0000,42.0000,24.0000,16.0000
2.4070,0.6160,0.4170,0.4150,0.2160,0.0000,0.0000,1.3740,1.0000,4.8130,3.9270,2.9840,0.0000,0.0000,0.0000,69.9911,0.0000,4386.0000,1755.0000,0.0000,25.0000,42.0000,24.0000,16.0000
2.3210,0.7170,0.4530,0.3600,0.2200,0.0000,0.0000,1.1510,1.0000,4.8130,3.9270,2.9840,0.0000,0.0000,0.0000,70.0014,0.0000,4387.0000,1755.0000,0.0000,25.0000,42.0000,24.0000,15.0000
2.2340,0.6270,0.3890,0.3860,0.1770,0.0000,0.0000,1.2180,1.0000,4.8130,3.9270,2.9840,0.0000,0.0000,0.0000,70.0016,0.0000,4387.0000,1755.0000,0.0000,25.0000,42.0000,24.0000,15.0000
4.0170,0.5890,0.3590,0.3390,0.1570,0.0000,0.0000,3.0690,1.0000,4.8130,3.9270,2.9840,0.0000,0.0000,0.0000,70.0017,0.0000,4387.0000,1755.0000,0.0000,25.0000,42.0000,24.0000,16.0000
2.2820,0.5550,0.3930,0.3420,0.1650,0.0000,0.0000,1.3340,1.0000,4.8130,3.9270,2.9840,0.0000,0.0000,0.0000,70.0017,0.0000,4387.0000,1755.0000,0.0000,25.0000,42.0000,24.0000,16.0000
2.5260,0.5360,0.4070,0.3300,0.2010,0.0000,0.0000,1.5830,1.0000,4.8130,3.9270,2.9840,0.0000,0.0000,0.0000,70.0017,0.0000,4387.0000,1755.0000,0.0000,25.0000,42.0000,24.0000,16.0000
2.7380,0.6880,0.6510,0.4190,0.4390,0.0000,0.0000,1.3990,1.0000,4.8130,3.9270,2.9840,0.0000,0.0000,0.0000,70.0213,0.0000,4389.0000,1755.0000,0.0000,25.0000,41.0000,24.0000,16.0000
2.3960,0.6920,0.4060,0.4000,0.2050,0.0000,0.0000,1.2980,1.0000,4.8130,3.9270,2.9840,0.0000,0.0000,0.0000,70.0221,0.0000,4389.0000,1755.0000,0.0000,25.0000,42.0000,24.0000,16.0000
2.3670,0.6460,0.3910,0.3780,0.1840,0.0000,0.0000,1.3300,1.0000,4.8130,3.9270,2.9840,0.0000,0.0000,0.0000,70.0325,0.0000,4390.0000,1755.0000,0.0000,25.0000,42.0000,24.0000,16.0000
2.3610,0.6470,0.4460,0.3900,0.2070,0.0000,0.0000,1.2680,1.0000,4.8130,3.9270,2.9840,0.0000,0.0000,0.0000,70.0530,0.0000,4392.0000,1755.0000,0.0000,25.0000,42.0000,24.0000,16.0000
2.3380,0.7120,0.4080,0.4280,0.1900,0.0000,0.0000,1.2180,1.0000,4.8130,3.9270,2.9840,0.0000,0.0000,0.0000,70.0625,0.0000,4393.0000,1755.0000,0.0000,25.0000,41.0000,24.0000,16.0000
2.0910,0.6970,0.3390,0.3870,0.1460,0.0000,0.0000,1.0550,1.0000,4.8130,3.9270,2.9840,0.0000,0.0000,0.0000,70.0626,0.0000,4393.0000,1755.0000,0.0000,25.0000,41.0000,24.0000,16.0000
2.2070,0.5490,0.3980,0.3220,0.1490,0.0000,0.0000,1.2600,1.0000,4.8130,3.9270,2.9840,0.0000,0.0000,0.0000,70.0627,0.0000,4393.0000,1755.0000,0.0000,25.0000,41.0000,24.0000,17.0000
2.2070,0.5920,0.4010,0.3420,0.1990,0.0000,0.0000,1.2140,1.0000,4.8130,3.9270,2.9840,0.0000,0.0000,0.0000,70.0620,0.0000,4393.0000,1755.0000,0.0000,25.0000,40.0000,24.0000,17.0000
2.2140,0.6730,0.4120,0.4710,0.1700,0.0000,0.0000,1.1290,1.0000,4.8130,3.9270,2.9840,0.0000,0.0000,0.0000,70.0620,0.0000,4393.0000,1755.0000,0.0000,25.0000,40.0000,24.0000,17.0000
2.1510,0.6390,0.3920,0.3480,0.1740,0.0000,0.0000,1.1200,1.0000,4.8130,3.9270,2.9840,0.0000,0.0000,0.0000,70.0627,0.0000,4393.0000,1755.0000,0.0000,25.0000,41.0000,24.0000,17.0000
2.3550,0.6080,0.4170,0.3500,0.2120,0.0000,0.0000,1.3300,1.0000,4.8130,3.9270,2.9840,0.0000,0.0000,0.0000,70.0935,0.0000,4396.0000,1755.0000,0.0000,25.0000,41.0000,24.0000,17.0000
2.3500,0.7090,0.4520,0.3690,0.2390,0.0000,0.0000,1.1890,1.0000,4.8130,3.9270,2.9840,0.0000,0.0000,0.0000,70.1045,0.0000,4397.0000,1755.0000,0.0000,25.0000,42.0000,24.0000,18.0000
2.2350,0.7160,0.3900,0.4120,0.1700,0.0000,0.0000,1.1290,1.0000,4.8130,3.9270,2.9840,0.0000,0.0000,0.0000,70.1046,0.0000,4397.0000,1755.0000,0.0000,25.0000,42.0000,24.0000,17.0000
2.4860,0.6320,0.3970,0.3740,0.1980,0.0000,0.0000,1.4570,1.0000,4.8130,3.9270,2.9840,0.0000,0.0000,0.0000,70.1249,0.0000,4399.0000,1755.0000,0.0000,25.0000,42.0000,24.0000,17.0000
2.4090,0.6580,0.5090,0.3260,0.2220,0.0000,0.0000,1.2420,1.0000,4.8130,3.9270,2.9840,0.0000,0.0000,0.0000,70.1345,0.0000,4400.0000,1755.0000,0.0000,25.0000,41.0000,24.0000,17.0000
2.2050,0.6590,0.4180,0.3950,0.1780,0.0000,0.0000,1.1280,1.0000,4.8130,3.9270,2.9840,0.0000,0.0000,0.0000,70.1345,0.0000,4400.0000,1755.0000,0.0000,25.0000,41.0000,24.0000,18.0000
2.2590,0.6670,0.4070,0.4040,0.2050,0.0000,0.0000,1.1850,1.0000,4.8130,3.9270,2.9840,0.0000,0.0000,0.0000,70.1448,0.0000,4401.0000,1755.0000,0.0000,25.0000,41.0000,24.0000,17.0000
2.2630,0.6520,0.4690,0.3880,0.2720,0.0000,0.0000,1.1420,1.0000,4.8130,3.9270,2.9840,0.0000,0.0000,0.0000,70.1551,0.0000,4402.0000,1755.0000,0.0000,25.0000,41.0000,24.0000,18.0000
4.6440,0.6390,1.1420,0.3850,0.2450,0.0000,0.0000,2.8630,1.0000,4.8130,3.9270,2.9840,0.0000,0.0000,0.0000,70.1654,0.0000,4403.0000,1755.0000,0.0000,25.0000,41.0000,24.0000,18.0000
2.3920,0.5980,0.4900,0.3260,0.2140,0.0000,0.0000,1.3040,1.0000,4.8130,3.9270,2.9840,0.0000,0.0000,0.0000,70.1655,0.0000,4403.0000,1755.0000,0.0000,25.0000,41.0000,24.0000,18.0000
2.4020,0.6130,0.4340,0.4090,0.1700,0.0000,0.0000,1.3550,1.0000,4.8130,3.9270,2.9840,0.0000,0.0000,0.0000,70.1655,0.0000,4403.0000,1755.0000,0.0000,25.0000,41.0000,24.0000,18.0000
2.5960,0.6440,0.3890,0.4460,0.1850,0.0000,0.0000,1.5630,1.0000,4.8130,3.9270,2.9840,0.0000,0.0000,0.0000,70.1758,0.0000,4404.0000,1755.0000,0.0000,25.0000,41.0000,24.0000,17.0000
2.3220,0.7310,0.4710,0.4520,0.2150,0.0000,0.0000,1.1200,1.0000,4.8130,3.9270,2.9840,0.0000,0.0000,0.0000,70.1861,0.0000,4405.0000,1755.0000,0.0000,25.0000,41.0000,24.0000,17.0000
2.5210,0.6490,0.5030,0.3500,0.2060,0.0000,0.0000,1.3690,1.0000,4.8130,3.9270,2.9840,0.0000,0.0000,0.0000,70.1971,0.0000,4406.0000,1755.0000,0.0000,25.0000,42.0000,24.0000,17.0000
2.2130,0.5940,0.4250,0.3400,0.1700,0.0000,0.0000,1.1940,1.0000,4.8130,3.9270,2.9840,0.0000,0.0000,0.0000,70.1971,0.0000,4406.0000,1755.0000,0.0000,25.0000,42.0000,24.0000,17.0000
2.5330,0.6160,0.5350,0.4050,0.2410,0.0000,0.0000,1.3820,1.0000,4.8130,3.9270,2.9840,0.0000,0.0000,0.0000,70.2175,0.0000,4408.0000,1755.0000,0.0000,25.0000,42.0000,24.0000,16.0000
2.3850,0.6810,0.4310,0.3220,0.2230,0.0000,0.0000,1.2730,1.0000,4.8130,3.9270,2.9840,0.0000,0.0000,0.0000,70.2273,0.0000,4409.0000,1755.0000,0.0000,25.0000,42.0000,24.0000,16.0000
3.2200,0.6920,0.3880,0.4160,0.1530,0.0000,0.0000,2.1400,1.0000,4.8130,3.9270,2.9840,0.0000,0.0000,0.0000,69.8579,0.0000,4373.0000,1755.0000,0.0000,25.0000,42.0000,24.0000,16.0000
3.0070,1.4300,0.5300,1.1460,0.2390,0.0000,0.0000,1.0470,1.0000,4.8130,3.9270,2.9840,0.0000,0.0000,0.0000,69.8683,0.0000,4374.0000,1755.0000,0.0000,25.0000,42.0000,24.0000,17.0000
2.1340,0.8580,0.3910,0.5810,0.1680,0.0000,0.0000,0.8850,1.0000,4.8130,3.9270,2.9840,0.0000,0.0000,0.0000,69.8683,0.0000,4374.0000,1755.0000,0.0000,25.0000,42.0000,24.0000,17.0000
2.2740,0.6060,0.3690,0.3440,0.1590,0.0000,0.0000,1.2990,1.0000,4.8130,3.9270,2.9840,0.0000,0.0000,0.0000,69.8684,0.0000,4374.0000,1755.0000,0.0000,25.0000,42.0000,24.0000,17.0000
2.8060,0.5540,0.4200,0.3280,0.2160,0.0000,0.0000,1.8320,1.0000,4.8130,3.9270,2.9840,0.0000,0.0000,0.0000,69.8801,0.0000,4375.0000,1755.0000,0.0000,25.0000,42.0000,24.0000,17.0000
2.3470,0.7160,0.3890,0.3500,0.1620,0.0000,0.0000,1.2420,1.0000,4.8130,3.9270,2.9840,0.0000,0.0000,0.0000,69.8795,0.0000,4375.0000,1755.0000,0.0000,25.0000,41.0000,24.0000,17.0000
2.5730,0.6950,0.4710,0.3780,0.2630,0.0000,0.0000,1.4070,1.0000,4.8130,3.9270,2.9840,0.0000,0.0000,0.0000,69.9224,0.0000,4379.0000,1755.0000,0.0000,25.0000,42.0000,24.0000,17.0000
2.2670,0.8220,0.4260,0.3930,0.1930,0.0000,0.0000,1.0190,1.0000,4.8130,3.9270,2.9840,0.0000,0.0000,0.0000,69.9327,0.0000,4380.0000,1755.0000,0.0000,25.0000,42.0000,24.0000,17.0000
2.4640,0.5670,0.4410,0.3160,0.1970,0.0000,0.0000,1.4560,1.0000,4.8130,3.9270,2.9840,0.0000,0.0000,0.0000,69.9343,0.0000,4380.0000,1755.0000,0.0000,25.0000,44.0000,24.0000,17.0000
2.3190,0.6730,0.4060,0.4570,0.1660,0.0000,0.0000,1.2400,1.0000,4.8130,3.9270,2.9840,0.0000,0.0000,0.0000,69.9344,0.0000,4380.0000,1755.0000,0.0000,25.0000,44.0000,24.0000,17.0000
2.4460,0.5720,0.4170,0.3360,0.2100,0.0000,0.0000,1.4570,1.0000,4.8130,3.9270,2.9840,0.0000,0.0000,0.0000,69.9650,0.0000,4383.0000,1755.0000,0.0000,25.0000,44.0000,24.0000,17.0000
2.4350,0.6700,0.4600,0.3280,0.2060,0.0000,0.0000,1.3050,1.0000,4.8130,3.9270,2.9840,0.0000,0.0000,0.0000,69.9657,0.0000,4383.0000,1755.0000,0.0000,25.0000,45.0000,24.0000,17.0000
2.6520,0.6810,0.4220,0.4070,0.1990,0.0000,0.0000,1.5490,1.0000,4.8130,3.9270,2.9840,0.0000,0.0000,0.0000,69.9865,0.0000,4385.0000,1755.0000,0.0000,25.0000,45.0000,24.0000,17.0000
2.4260,0.6530,0.4570,0.3490,0.2140,0.0000,0.0000,1.3160,1.0000,4.8130,3.9270,2.9840,0.0000,0.0000,0.0000,70.0069,0.0000,4387.0000,1755.0000,0.0000,25.0000,45.0000,24.0000,17.0000
2.4950,0.6750,0.4220,0.3500,0.2180,0.0000,0.0000,1.3980,1.0000,4.8130,3.9270,2.9840,0.0000,0.0000,0.0000,70.0270,0.0000,4389.0000,1755.0000,0.0000,25.0000,44.0000,24.0000,17.0000
2.3870,0.6970,0.4100,0.4010,0.1970,0.0000,0.0000,1.2800,1.0000,4.8130,3.9270,2.9840,0.0000,0.0000,0.0000,70.0271,0.0000,4389.0000,1755.0000,0.0000,25.0000,44.0000,24.0000,17.0000
2.4950,0.6400,0.3940,0.4300,0.1580,0.0000,0.0000,1.4610,1.0000,4.8130,3.9270,2.9840,0.0000,0.0000,0.0000,70.0266,0.0000,4389.0000,1755.0000,0.0000,25.0000,43.0000,24.0000,17.0000
3.2740,0.5880,0.4500,0.3610,0.2270,0.0000,0.0000,2.2360,1.0000,4.8130,3.9270,2.9840,0.0000,0.0000,0.0000,70.0273,0.0000,4389.0000,1755.0000,0.0000,25.0000,44.0000,24.0000,17.0000
2.9950,1.0290,0.6200,0.3690,0.3640,0.0000,0.0000,1.3460,1.0000,4.8130,3.9270,2.9840,0.0000,0.0000,0.0000,70.0375,0.0000,4390.0000,1755.0000,0.0000,25.0000,44.0000,24.0000,17.0000
2.7230,0.8110,0.4460,0.5340,0.2020,0.0000,0.0000,1.4660,1.0000,4.8130,3.9270,2.9840,0.0000,0.0000,0.0000,70.0471,0.0000,4391.0000,1755.0000,0.0000,25.0000,43.0000,24.0000,17.0000
2.8260,0.7290,0.7730,0.4460,0.2830,0.0000,0.0000,1.3240,1.0000,4.8130,3.9270,2.9840,0.0000,0.0000,0.0000,70.0471,0.0000,4391.0000,1755.0000,0.0000,25.0000,43.0000,24.0000,17.0000
2.6430,0.5910,0.4210,0.3360,0.2070,0.0000,0.0000,1.6310,1.0000,4.8130,3.9270,2.9840,0.0000,0.0000,0.0000,70.0778,0.0000,4394.0000,1755.0000,0.0000,25.0000,43.0000,24.0000,17.0000
2.3390,0.8220,0.4050,0.4940,0.1910,0.0000,0.0000,1.1120,1.0000,4.8130,3.9270,2.9840,0.0000,0.0000,0.0000,70.0987,0.0000,4396.0000,1755.0000,0.0000,25.0000,44.0000,24.0000,17.0000
2.2280,0.6630,0.3370,0.3340,0.1430,0.0000,0.0000,1.2280,1.0000,4.8130,3.9270,2.9840,0.0000,0.0000,0.0000,70.0989,0.0000,4396.0000,1755.0000,0.0000,25.0000,44.0000,24.0000,16.0000
2.2260,0.6080,0.4500,0.3890,0.2120,0.0000,0.0000,1.1680,1.0000,4.8130,3.9270,2.9840,0.0000,0.0000,0.0000,70.0990,0.0000,4396.0000,1755.0000,0.0000,25.0000,44.0000,24.0000,15.0000
2.3210,0.5820,0.4300,0.3810,0.2060,0.0000,0.0000,1.3090,1.0000,4.8130,3.9270,2.9840,0.0000,0.0000,0.0000,70.1093,0.0000,4397.0000,1755.0000,0.0000,25.0000,44.0000,24.0000,15.0000
2.3100,0.6730,0.3850,0.3420,0.1770,0.0000,0.0000,1.2520,1.0000,4.8130,3.9270,2.9840,0.0000,0.0000,0.0000,70.1093,0.0000,4397.0000,1755.0000,0.0000,25.0000,44.0000,24.0000,14.0000
2.3530,0.5790,0.4720,0.3310,0.1970,0.0000,0.0000,1.3020,1.0000,4.8130,3.9270,2.9840,0.0000,0.0000,0.0000,70.1093,0.0000,4397.0000,1755.0000,0.0000,25.0000,44.0000,24.0000,14.0000
2.4610,0.6240,0.5150,0.3880,0.1880,0.0000,0.0000,1.3220,1.0000,4.8130,3.9270,2.9840,0.0000,0.0000,0.0000,70.1093,0.0000,4397.0000,1755.0000,0.0000,25.0000,44.0000,24.0000,14.0000
3.4860,0.5900,0.4290,0.3380,0.2010,0.0000,0.0000,2.4670,1.0000,4.8130,3.9270,2.9840,0.0000,0.0000,0.0000,70.1203,0.0000,4398.0000,1755.0000,0.0000,25.0000,45.0000,24.0000,14.0000
2.6850,1.1580,0.4210,0.4750,0.1910,0.0000,0.0000,1.1060,1.0000,4.8130,3.9270,2.9840,0.0000,0.0000,0.0000,70.1608,0.0000,4402.0000,1755.0000,0.0000,25.0000,45.0000,24.0000,14.0000
2.4090,0.8300,0.3890,0.4660,0.1720,0.0000,0.0000,1.1900,1.0000,4.8130,3.9270,2.9840,0.0000,0.0000,0.0000,70.1609,0.0000,4402.0000,1755.0000,0.0000,25.0000,45.0000,24.0000,14.0000
2.2990,0.6970,0.4460,0.4780,0.1790,0.0000,0.0000,1.1560,1.0000,4.8130,3.9270,2.9840,0.0000,0.0000,0.0000,70.1611,0.0000,4402.0000,1755.0000,0.0000,25.0000,45.0000,24.0000,14.0000
2.4570,0.6110,0.4190,0.3910,0.2040,0.0000,0.0000,1.4270,1.0000,4.8130,3.9270,2.9840,0.0000,0.0000,0.0000,70.1814,0.0000,4404.0000,1755.0000,0.0000,25.0000,45.0000,24.0000,14.0000
2.3620,0.6650,0.4580,0.3530,0.2250,0.0000,0.0000,1.2390,1.0000,4.8130,3.9270,2.9840,0.0000,0.0000,0.0000,70.1814,0.0000,4404.0000,1755.0000,0.0000,25.0000,45.0000,24.0000,15.0000
3.0880,0.6250,0.4270,0.4200,0.2160,0.0000,0.0000,2.0360,1.0000,4.8130,3.9270,2.9840,0.0000,0.0000,0.0000,70.2018,0.0000,4406.0000,1755.0000,0.0000,25.0000,45.0000,24.0000,15.0000
2.7090,1.1980,0.4100,0.8390,0.1870,0.0000,0.0000,1.1010,1.0000,4.8130,3.9270,2.9840,0.0000,0.0000,0.0000,70.2121,0.0000,4407.0000,1755.0000,0.0000,25.0000,45.0000,24.0000,15.0000
3.2350,0.6100,0.6040,0.3200,0.2870,0.0000,0.0000,2.0210,1.0000,4.8130,3.9270,2.9840,0.0000,0.0000,0.0000,70.2321,0.0000,4409.0000,1755.0000,0.0000,25.0000,45.0000,24.0000,15.0000
2.9840,1.0660,0.5460,0.6770,0.2930,0.0000,0.0000,1.3720,1.0000,4.8130,3.9270,2.9840,0.0000,0.0000,0.0000,69.9216,0.0000,4379.0000,1755.0000,0.0000,25.0000,45.0000,24.0000,15.0000
2.6430,0.7800,0.4560,0.4790,0.2120,0.0000,0.0000,1.4070,1.0000,4.8130,3.9270,2.9840,0.0000,0.0000,0.0000,69.9210,0.0000,4379.0000,1755.0000,0.0000,25.0000,44.0000,24.0000,15.0000
2.3300,0.6380,0.4850,0.3570,0.2670,0.0000,0.0000,1.2070,1.0000,4.8130,3.9270,2.9840,0.0000,0.0000,0.0000,69.9418,0.0000,4381.0000,1755.0000,0.0000,25.0000,44.0000,24.0000,16.0000
2.3020,0.7190,0.3730,0.3800,0.1610,0.0000,0.0000,1.2100,1.0000,4.8130,3.9270,2.9840,0.0000,0.0000,0.0000,69.9418,0.0000,4381.0000,1755.0000,0.0000,25.0000,44.0000,24.0000,16.0000
2.3460,0.5750,0.4640,0.3180,0.2680,0.0000,0.0000,1.3070,1.0000,4.8130,3.9270,2.9840,0.0000,0.0000,0.0000,69.9624,0.0000,4383.0000,1755.0000,0.0000,25.0000,44.0000,24.0000,16.0000
2.2010,0.6130,0.4280,0.3260,0.2160,0.0000,0.0000,1.1600,1.0000,4.8130,3.9270,2.9840,0.0000,0.0000,0.0000,69.9624,0.0000,4383.0000,1755.0000,0.0000,25.0000,44.0000,24.0000,16.0000
2.7460,0.5210,0.4710,0.3290,0.2170,0.0000,0.0000,1.7540,1.0000,4.8130,3.9270,2.9840,0.0000,0.0000,0.0000,69.9735,0.0000,4384.0000,1755.0000,0.0000,25.0000,45.0000,24.0000,16.0000
2.9870,0.7840,0.5960,0.4310,0.2940,0.0000,0.0000,1.6070,1.0000,4.8130,3.9270,2.9840,0.0000,0.0000,0.0000,69.9831,0.0000,4385.0000,1755.0000,0.0000,25.0000,44.0000,24.0000,16.0000
2.7570,0.7750,0.6830,0.4390,0.3640,0.0000,0.0000,1.2990,1.0000,4.8130,3.9270,2.9840,0.0000,0.0000,0.0000,69.9831,0.0000,4385.0000,1755.0000,0.0000,25.0000,44.0000,24.0000,15.0000
2.2410,0.5980,0.4140,0.3840,0.2070,0.0000,0.0000,1.2290,1.0000,4.8130,3.9270,2.9840,0.0000,0.0000,0.0000,69.9832,0.0000,4385.0000,1755.0000,0.0000,25.0000,44.0000,24.0000,16.0000
2.3060,0.5260,0.4380,0.3180,0.2170,0.0000,0.0000,1.3420,1.0000,4.8130,3.9270,2.9840,0.0000,0.0000,0.0000,69.9834,0.0000,4385.0000,1755.0000,0.0000,25.0000,44.0000,24.0000,15.0000
2.2700,0.7310,0.4160,0.4580,0.1650,0.0000,0.0000,1.1230,1.0000,4.8130,3.9270,2.9840,0.0000,0.0000,0.0000,69.9834,0.0000,4385.0000,1755.0000,0.0000,25.0000,44.0000,24.0000,14.0000
2.2340,0.6060,0.3660,0.3920,0.1610,0.0000,0.0000,1.2620,1.0000,4.8130,3.9270,2.9840,0.0000,0.0000,0.0000,69.9835,0.0000,4385.0000,1755.0000,0.0000,25.0000,44.0000,24.0000,15.0000
2.8330,0.5260,0.3690,0.3180,0.1820,0.0000,0.0000,1.9380,1.0000,4.8130,3.9270,2.9840,0.0000,0.0000,0.0000,69.9835,0.0000,4385.0000,1755.0000,0.0000,25.0000,44.0000,24.0000,13.0000
2.6240,0.9590,0.4510,0.7560,0.2180,0.0000,0.0000,1.2140,1.0000,4.8130,3.9270,2.9840,0.0000,0.0000,0.0000,69.9932,0.0000,4386.0000,1755.0000,0.0000,25.0000,43.0000,24.0000,13.0000
3.0380,0.6770,0.6050,0.3860,0.2740,0.0000,0.0000,1.7560,1.0000,4.8130,3.9270,2.9840,0.0000,0.0000,0.0000,70.0042,0.0000,4387.0000,1755.0000,0.0000,25.0000,44.0000,24.0000,13.0000
2.8770,0.7370,0.6140,0.4050,0.2770,0.0000,0.0000,1.5260,1.0000,4.8130,3.9270,2.9840,0.0000,0.0000,0.0000,70.0043,0.0000,4387.0000,1755.0000,0.0000,25.0000,44.0000,24.0000,13.0000
2.7830,0.7670,0.4600,0.4890,0.2000,0.0000,0.0000,1.5560,1.0000,4.8130,3.9270,2.9840,0.0000,0.0000,0.0000,70.0146,0.0000,4388.0000,1755.0000,0.0000,25.0000,44.0000,24.0000,15.0000
2.6410,0.8090,0.5450,0.5540,0.2650,0.0000,0.0000,1.2870,1.0000,4.8130,3.9270,2.9840,0.0000,0.0000,0.0000,70.0248,0.0000,4389.0000,1755.0000,0.0000,25.0000,44.0000,24.0000,15.0000
2.4470,0.6830,0.4100,0.4330,0.1940,0.0000,0.0000,1.3540,1.0000,4.8130,3.9270,2.9840,0.0000,0.0000,0.0000,70.0352,0.0000,4390.0000,1755.0000,0.0000,25.0000,44.0000,24.0000,15.0000
2.7570,0.5500,0.4790,0.3070,0.2540,0.0000,0.0000,1.7280,1.0000,4.8130,3.9270,2.9840,0.0000,0.0000,0.0000,70.0455,0.0000,4391.0000,1755.0000,0.0000,25.0000,44.0000,24.0000,15.0000
2.7830,0.7670,0.5320,0.4260,0.2840,0.0000,0.0000,1.4840,1.0000,4.8130,3.9270,2.9840,0.0000,0.0000,0.0000,70.0558,0.0000,4392.0000,1755.0000,0.0000,25.0000,44.0000,24.0000,15.0000
2.4830,0.7580,0.4050,0.4630,0.1970,0.0000,0.0000,1.3200,1.0000,4.8130,3.9270,2.9840,0.0000,0.0000,0.0000,70.0552,0.0000,4392.0000,1755.0000,0.0000,25.0000,43.0000,24.0000,14.0000
2.1720,0.6630,0.4310,0.4490,0.1970,0.0000,0.0000,1.0780,1.0000,4.8130,3.9270,2.9840,0.0000,0.0000,0.0000,70.0552,0.0000,4392.0000,1755.0000,0.0000,25.0000,43.0000,24.0000,13.0000
2.3790,0.6100,0.4480,0.3910,0.1740,0.0000,0.0000,1.3210,1.0000,4.8130,3.9270,2.9840,0.0000,0.0000,0.0000,70.0552,0.0000,4392.0000,1755.0000,0.0000,25.0000,43.0000,24.0000,14.0000
2.5330,0.6360,0.4550,0.3620,0.2250,0.0000,0.0000,1.4420,1.0000,4.8130,3.9270,2.9840,0.0000,0.0000,0.0000,70.0772,0.0000,4394.0000,1755.0000,0.0000,25.0000,43.0000,24.0000,13.0000
2.4760,0.7180,0.4200,0.4010,0.1650,0.0000,0.0000,1.3380,1.0000,4.8130,3.9270,2.9840,0.0000,0.0000,0.0000,70.0779,0.0000,4394.0000,1755.0000,0.0000,25.0000,44.0000,24.0000,15.0000
2.6100,0.6660,0.4360,0.4630,0.2170,0.0000,0.0000,1.5080,1.0000,4.8130,3.9270,2.9840,0.0000,0.0000,0.0000,70.0984,0.0000,4396.0000,1755.0000,0.0000,25.0000,44.0000,24.0000,15.0000
2.4070,0.8250,0.4500,0.5010,0.1980,0.0000,0.0000,1.1320,1.0000,4.8130,3.9270,2.9840,0.0000,0.0000,0.0000,70.0978,0.0000,4396.0000,1755.0000,0.0000,25.0000,43.0000,24.0000,15.0000
3.4460,0.6060,0.5250,0.3950,0.3000,0.0000,0.0000,2.3150,1.0000,4.8130,3.9270,2.9840,0.0000,0.0000,0.0000,70.1127,0.0000,4398.0000,1755.0000,0.0000,25.0000,43.0000,24.0000,15.0000
2.9750,1.0450,0.4890,0.5820,0.2090,0.0000,0.0000,1.4410,1.0000,4.8130,3.9270,2.9840,0.0000,0.0000,0.0000,70.1327,0.0000,4400.0000,1755.0000,0.0000,25.0000,43.0000,24.0000,15.0000
3.4660,0.9600,0.7060,0.5220,0.3450,0.0000,0.0000,1.8000,1.0000,4.8130,3.9270,2.9840,0.0000,0.0000,0.0000,70.1583,0.0000,4406.0000,1755.0000,0.0000,25.0000,43.0000,24.0000,15.0000
3.0980,1.0310,0.4790,0.5830,0.2040,0.0000,0.0000,1.5880,1.0000,4.8130,3.9270,2.9840,0.0000,0.0000,0.0000,70.1711,0.0000,4407.0000,1755.0000,0.0000,25.0000,43.0000,24.0000,15.0000
5.0450,0.8060,1.7300,0.5040,0.4830,0.0000,0.0000,2.5090,1.0000,4.8130,3.9270,2.9840,0.0000,0.0000,0.0000,70.1712,0.0000,4407.0000,1755.0000,0.0000,25.0000,43.0000,24.0000,14.0000
3.2610,1.1730,0.5430,0.7620,0.2700,0.0000,0.0000,1.5450,1.0000,4.8130,3.9270,2.9840,0.0000,0.0000,0.0000,70.1701,0.0000,4407.0000,1755.0000,0.0000,25.0000,42.0000,24.0000,14.0000
3.2280,0.7620,0.6380,0.3960,0.3320,0.0000,0.0000,1.8280,1.0000,4.8130,3.9270,2.9840,0.0000,0.0000,0.0000,69.8830,0.0000,4379.0000,1755.0000,0.0000,25.0000,42.0000,24.0000,13.0000
2.9220,0.7800,0.4650,0.4910,0.2050,0.0000,0.0000,1.6770,1.0000,4.8130,3.9270,2.9840,0.0000,0.0000,0.0000,69.8914,0.0000,4380.0000,1755.0000,0.0000,25.0000,43.0000,24.0000,13.0000
2.8130,0.8180,0.5400,0.4050,0.3050,0.0000,0.0000,1.4550,1.0000,4.8130,3.9270,2.9840,0.0000,0.0000,0.0000,69.9017,0.0000,4381.0000,1755.0000,0.0000,25.0000,43.0000,24.0000,13.0000
3.2040,0.7000,0.5510,0.3920,0.2810,0.0000,0.0000,1.9530,1.0000,4.8130,3.9270,2.9840,0.0000,0.0000,0.0000,69.9011,0.0000,4381.0000,1755.0000,0.0000,25.0000,42.0000,24.0000,14.0000
2.7520,0.9040,0.5730,0.5340,0.2660,0.0000,0.0000,1.2750,1.0000,4.8130,3.9270,2.9840,0.0000,0.0000,0.0000,69.9011,0.0000,4381.0000,1755.0000,0.0000,25.0000,42.0000,24.0000,15.0000
3.1120,0.5940,0.6720,0.3210,0.3260,0.0000,0.0000,1.8460,1.0000,4.8130,3.9270,2.9840,0.0000,0.0000,0.0000,69.9114,0.0000,4382.0000,1755.0000,0.0000,25.0000,42.0000,24.0000,14.0000
3.0340,0.7680,0.6470,0.4880,0.3610,0.0000,0.0000,1.6190,1.0000,4.8130,3.9270,2.9840,0.0000,0.0000,0.0000,69.9319,0.0000,4384.0000,1755.0000,0.0000,25.0000,42.0000,24.0000,15.0000
2.8370,0.7960,0.5840,0.4600,0.2750,0.0000,0.0000,1.4570,1.0000,4.8130,3.9270,2.9840,0.0000,0.0000,0.0000,69.9425,0.0000,4385.0000,1755.0000,0.0000,25.0000,42.0000,24.0000,16.0000
2.7730,0.7860,0.5950,0.5210,0.3450,0.0000,0.0000,1.3920,1.0000,4.8130,3.9270,2.9840,0.0000,0.0000,0.0000,69.9528,0.0000,4386.0000,1755.0000,0.0000,25.0000,42.0000,24.0000,16.0000
2.2750,0.7870,0.3990,0.4270,0.1940,0.0000,0.0000,1.0890,1.0000,4.8130,3.9270,2.9840,0.0000,0.0000,0.0000,69.9529,0.0000,4386.0000,1755.0000,0.0000,25.0000,42.0000,24.0000,16.0000
2.6320,0.5310,0.4110,0.3370,0.2050,0.0000,0.0000,1.6900,1.0000,4.8130,3.9270,2.9840,0.0000,0.0000,0.0000,69.9529,0.0000,4386.0000,1755.0000,0.0000,25.0000,42.0000,24.0000,14.0000
2.2950,0.7670,0.3940,0.5340,0.1870,0.0000,0.0000,1.1340,1.0000,4.8130,3.9270,2.9840,0.0000,0.0000,0.0000,69.9529,0.0000,4386.0000,1755.0000,0.0000,25.0000,42.0000,24.0000,15.0000
4.0220,0.6140,0.4730,0.3410,0.2420,0.0000,0.0000,2.9350,1.0000,4.8130,3.9270,2.9840,0.0000,0.0000,0.0000,69.9732,0.0000,4388.0000,1755.0000,0.0000,25.0000,42.0000,24.0000,15.0000
3.1990,0.9180,0.8750,0.5680,0.6090,0.0000,0.0000,1.4060,1.0000,4.8130,3.9270,2.9840,0.0000,0.0000,0.0000,69.9935,0.0000,4390.0000,1755.0000,0.0000,25.0000,42.0000,24.0000,14.0000
3.0830,0.7130,0.6500,0.4070,0.3580,0.0000,0.0000,1.7200,1.0000,4.8130,3.9270,2.9840,0.0000,0.0000,0.0000,69.9936,0.0000,4390.0000,1755.0000,0.0000,25.0000,42.0000,24.0000,15.0000
3.0480,0.7490,0.5390,0.3980,0.2510,0.0000,0.0000,1.7600,1.0000,4.8130,3.9270,2.9840,0.0000,0.0000,0.0000,70.0040,0.0000,4391.0000,1755.0000,0.0000,25.0000,42.0000,24.0000,15.0000
3.0750,0.8440,0.5260,0.5120,0.2200,0.0000,0.0000,1.7050,1.0000,4.8130,3.9270,2.9840,0.0000,0.0000,0.0000,70.0033,0.0000,4391.0000,1755.0000,0.0000,25.0000,41.0000,24.0000,14.0000
3.5390,0.7790,0.5870,0.4840,0.2790,0.0000,0.0000,2.1730,1.0000,4.8130,3.9270,2.9840,0.0000,0.0000,0.0000,70.0221,0.0000,4389.0000,1755.0000,0.0000,25.0000,42.0000,24.0000,14.0000
3.3090,1.0860,0.6900,0.6910,0.3430,0.0000,0.0000,1.5330,1.0000,4.8130,3.9270,2.9840,0.0000,0.0000,0.0000,70.0221,0.0000,4389.0000,1755.0000,0.0000,25.0000,42.0000,24.0000,13.0000
2.8500,0.7830,0.5770,0.4970,0.2710,0.0000,0.0000,1.4900,1.0000,4.8130,3.9270,2.9840,0.0000,0.0000,0.0000,70.0428,0.0000,4391.0000,1755.0000,0.0000,25.0000,42.0000,24.0000,13.0000
3.0820,0.7600,0.6470,0.4010,0.2940,0.0000,0.0000,1.6750,1.0000,4.8130,3.9270,2.9840,0.0000,0.0000,0.0000,70.0428,0.0000,4391.0000,1755.0000,0.0000,25.0000,42.0000,24.0000,14.0000
2.8570,0.8030,0.5490,0.5690,0.2160,0.0000,0.0000,1.5050,1.0000,4.8130,3.9270,2.9840,0.0000,0.0000,0.0000,70.0422,0.0000,4391.0000,1755.0000,0.0000,25.0000,41.0000,24.0000,14.0000
2.9560,0.7880,0.5880,0.5120,0.3050,0.0000,0.0000,1.5800,1.0000,4.8130,3.9270,2.9840,0.0000,0.0000,0.0000,70.0422,0.0000,4391.0000,1755.0000,0.0000,25.0000,41.0000,24.0000,14.0000
2.5280,0.8100,0.4230,0.5090,0.1920,0.0000,0.0000,1.2950,1.0000,4.8130,3.9270,2.9840,0.0000,0.0000,0.0000,70.0409,0.0000,4390.0000,1755.0000,0.0000,25.0000,41.0000,24.0000,14.0000
3.6500,0.6300,0.4280,0.4040,0.2160,0.0000,0.0000,2.5920,1.0000,4.8130,3.9270,2.9840,0.0000,0.0000,0.0000,70.0618,0.0000,4392.0000,1755.0000,0.0000,25.0000,42.0000,24.0000,14.0000
2.6850,1.3370,0.5820,0.5040,0.2840,0.0000,0.0000,0.7660,1.0000,4.8130,3.9270,2.9840,0.0000,0.0000,0.0000,70.0820,0.0000,4394.0000,1755.0000,0.0000,25.0000,42.0000,24.0000,14.0000
2.3850,0.6520,0.4440,0.3690,0.1950,0.0000,0.0000,1.2890,1.0000,4.8130,3.9270,2.9840,0.0000,0.0000,0.0000,70.0821,0.0000,4394.0000,1755.0000,0.0000,25.0000,42.0000,24.0000,13.0000
2.3290,0.6400,0.4570,0.4330,0.2330,0.0000,0.0000,1.2320,1.0000,4.8130,3.9270,2.9840,0.0000,0.0000,0.0000,70.0822,0.0000,4394.0000,1755.0000,0.0000,25.0000,42.0000,24.0000,12.0000
2.3660,0.5680,0.3820,0.3620,0.1650,0.0000,0.0000,1.4160,1.0000,4.8130,3.9270,2.9840,0.0000,0.0000,0.0000,70.0815,0.0000,4394.0000,1755.0000,0.0000,25.0000,41.0000,24.0000,12.0000
2.8100,0.6380,0.4410,0.3500,0.2110,0.0000,0.0000,1.7310,1.0000,4.8130,3.9270,2.9840,0.0000,0.0000,0.0000,70.0815,0.0000,4394.0000,1755.0000,0.0000,25.0000,41.0000,24.0000,12.0000
2.4580,0.7710,0.4190,0.4910,0.2010,0.0000,0.0000,1.2680,1.0000,4.8130,3.9270,2.9840,0.0000,0.0000,0.0000,70.0918,0.0000,4395.0000,1755.0000,0.0000,25.0000,41.0000,24.0000,12.0000
2.5130,0.6130,0.4900,0.3320,0.2850,0.0000,0.0000,1.4100,1.0000,4.8130,3.9270,2.9840,0.0000,0.0000,0.0000,70.1031,0.0000,4396.0000,1755.0000,0.0000,25.0000,42.0000,24.0000,13.0000
2.2270,0.7320,0.4300,0.4210,0.1970,0.0000,0.0000,1.0650,1.0000,4.8130,3.9270,2.9840,0.0000,0.0000,0.0000,70.1128,0.0000,4397.0000,1755.0000,0.0000,25.0000,42.0000,24.0000,14.0000
2.5030,0.6180,0.4560,0.3340,0.2560,0.0000,0.0000,1.4290,1.0000,4.8130,3.9270,2.9840,0.0000,0.0000,0.0000,69.8228,0.0000,4369.0000,1755.0000,0.0000,25.0000,42.0000,24.0000,14.0000
2.4060,0.5540,0.4390,0.3150,0.1740,0.0000,0.0000,1.4130,1.0000,4.8130,3.9270,2.9840,0.0000,0.0000,0.0000,69.8228,0.0000,4369.0000,1755.0000,0.0000,25.0000,42.0000,24.0000,14.0000
2.2650,0.6570,0.3920,0.4430,0.1720,0.0000,0.0000,1.2160,1.0000,4.8130,3.9270,2.9840,0.0000,0.0000,0.0000,69.8235,0.0000,4369.0000,1755.0000,0.0000,25.0000,43.0000,24.0000,14.0000
2.3930,0.5520,0.4030,0.3240,0.1910,0.0000,0.0000,1.4380,1.0000,4.8130,3.9270,2.9840,0.0000,0.0000,0.0000,69.8341,0.0000,4371.0000,1755.0000,0.0000,25.0000,43.0000,24.0000,14.0000
2.4670,0.6610,0.4560,0.4420,0.2230,0.0000,0.0000,1.3500,1.0000,4.8130,3.9270,2.9840,0.0000,0.0000,0.0000,69.8654,0.0000,4374.0000,1755.0000,0.0000,25.0000,44.0000,24.0000,12.0000
2.5470,0.6750,0.4560,0.3290,0.2580,0.0000,0.0000,1.4160,1.0000,4.8130,3.9270,2.9840,0.0000,0.0000,0.0000,69.8758,0.0000,4375.0000,1755.0000,0.0000,25.0000,44.0000,24.0000,12.0000
2.3040,0.7360,0.4180,0.4270,0.1700,0.0000,0.0000,1.1500,1.0000,4.8130,3.9270,2.9840,0.0000,0.0000,0.0000,69.8756,0.0000,4376.0000,1755.0000,0.0000,25.0000,43.0000,24.0000,13.0000
2.4270,0.6010,0.4200,0.3550,0.2070,0.0000,0.0000,1.4060,1.0000,4.8130,3.9270,2.9840,0.0000,0.0000,0.0000,69.8859,0.0000,4377.0000,1755.0000,0.0000,25.0000,43.0000,24.0000,12.0000
2.3530,0.6130,0.3980,0.3470,0.2040,0.0000,0.0000,1.3420,1.0000,4.8130,3.9270,2.9840,0.0000,0.0000,0.0000,69.8873,0.0000,4377.0000,1755.0000,0.0000,25.0000,45.0000,24.0000,12.0000
2.4790,0.7240,0.5150,0.4330,0.2570,0.0000,0.0000,1.2400,1.0000,4.8130,3.9270,2.9840,0.0000,0.0000,0.0000,69.8976,0.0000,4378.0000,1755.0000,0.0000,25.0000,45.0000,24.0000,11.0000
2.2950,0.5570,0.4880,0.3130,0.2160,0.0000,0.0000,1.2500,1.0000,4.8130,3.9270,2.9840,0.0000,0.0000,0.0000,69.8969,0.0000,4378.0000,1755.0000,0.0000,25.0000,44.0000,24.0000,11.0000
2.2610,0.5060,0.4250,0.3220,0.1730,0.0000,0.0000,1.3300,1.0000,4.8130,3.9270,2.9840,0.0000,0.0000,0.0000,69.8963,0.0000,4378.0000,1755.0000,0.0000,25.0000,43.0000,24.0000,11.0000
2.2410,0.5590,0.4070,0.3730,0.2000,0.0000,0.0000,1.2750,1.0000,4.8130,3.9270,2.9840,0.0000,0.0000,0.0000,69.8970,0.0000,4378.0000,1755.0000,0.0000,25.0000,44.0000,24.0000,10.0000
2.4390,0.5800,0.3840,0.3320,0.1950,0.0000,0.0000,1.4750,1.0000,4.8130,3.9270,2.9840,0.0000,0.0000,0.0000,69.9173,0.0000,4380.0000,1755.0000,0.0000,25.0000,44.0000,24.0000,11.0000
2.2250,0.7190,0.4290,0.4400,0.1810,0.0000,0.0000,1.0770,1.0000,4.8130,3.9270,2.9840,0.0000,0.0000,0.0000,69.9174,0.0000,4380.0000,1755.0000,0.0000,25.0000,44.0000,24.0000,12.0000
2.6480,0.5670,0.4020,0.3810,0.1730,0.0000,0.0000,1.6790,1.0000,4.8130,3.9270,2.9840,0.0000,0.0000,0.0000,69.9175,0.0000,4380.0000,1755.0000,0.0000,25.0000,44.0000,24.0000,12.0000
2.5470,0.7130,0.5500,0.3920,0.2980,0.0000,0.0000,1.2840,1.0000,4.8130,3.9270,2.9840,0.0000,0.0000,0.0000,69.9285,0.0000,4381.0000,1755.0000,0.0000,25.0000,45.0000,24.0000,12.0000
2.4640,0.6390,0.3930,0.4070,0.1630,0.0000,0.0000,1.4320,1.0000,4.8130,3.9270,2.9840,0.0000,0.0000,0.0000,69.9285,0.0000,4381.0000,1755.0000,0.0000,25.0000,45.0000,24.0000,12.0000
2.2430,0.7180,0.4040,0.3600,0.2060,0.0000,0.0000,1.1210,1.0000,4.8130,3.9270,2.9840,0.0000,0.0000,0.0000,69.9278,0.0000,4381.0000,1755.0000,0.0000,25.0000,44.0000,24.0000,12.0000
4.0250,0.6220,0.4100,0.4340,0.1650,0.0000,0.0000,2.9930,1.0000,4.8130,3.9270,2.9840,0.0000,0.0000,0.0000,69.9278,0.0000,4381.0000,1755.0000,0.0000,25.0000,44.0000,24.0000,12.0000
2.8210,0.6420,0.4650,0.3350,0.2150,0.0000,0.0000,1.7140,1.0000,4.8130,3.9270,2.9840,0.0000,0.0000,0.0000,69.9489,0.0000,4383.0000,1755.0000,0.0000,25.0000,45.0000,24.0000,12.0000
2.4620,0.6710,0.5110,0.3350,0.2260,0.0000,0.0000,1.2800,1.0000,4.8130,3.9270,2.9840,0.0000,0.0000,0.0000,69.9692,0.0000,4385.0000,1755.0000,0.0000,25.0000,45.0000,24.0000,12.0000
2.5430,0.6790,0.4200,0.3360,0.1950,0.0000,0.0000,1.4440,1.0000,4.8130,3.9270,2.9840,0.0000,0.0000,0.0000,69.9790,0.0000,4386.0000,1755.0000,0.0000,25.0000,44.0000,24.0000,12.0000
2.9660,0.7070,0.5630,0.4090,0.2630,0.0000,0.0000,1.6960,1.0000,4.8130,3.9270,2.9840,0.0000,0.0000,0.0000,69.9900,0.0000,4387.0000,1755.0000,0.0000,25.0000,45.0000,24.0000,12.0000
2.4590,0.8480,0.5200,0.3550,0.2420,0.0000,0.0000,1.0910,1.0000,4.8130,3.9270,2.9840,0.0000,0.0000,0.0000,69.9908,0.0000,4387.0000,1755.0000,0.0000,25.0000,46.0000,24.0000,12.0000
5.4330,0.6450,0.3980,0.4250,0.1840,0.0000,0.0000,4.3900,1.0000,4.8130,3.9270,2.9840,0.0000,0.0000,0.0000,70.0031,0.0000,4388.0000,1755.0000,0.0000,25.0000,47.0000,24.0000,12.0000
3.1360,0.6110,0.5190,0.3420,0.2380,0.0000,0.0000,2.0060,1.0000,4.8130,3.9270,2.9840,0.0000,0.0000,0.0000,70.0127,0.0000,4389.0000,1755.0000,0.0000,25.0000,46.0000,24.0000,12.0000
2.4490,0.5980,0.4550,0.3310,0.2460,0.0000,0.0000,1.3960,1.0000,4.8130,3.9270,2.9840,0.0000,0.0000,0.0000,70.0230,0.0000,4390.0000,1755.0000,0.0000,25.0000,46.0000,24.0000,12.0000
2.2800,0.7280,0.4090,0.3660,0.1850,0.0000,0.0000,1.1430,1.0000,4.8130,3.9270,2.9840,0.0000,0.0000,0.0000,70.0334,0.0000,4391.0000,1755.0000,0.0000,25.0000,46.0000,24.0000,12.0000
2.2140,0.5870,0.4210,0.3360,0.1730,0.0000,0.0000,1.2060,1.0000,4.8130,3.9270,2.9840,0.0000,0.0000,0.0000,70.0334,0.0000,4391.0000,1755.0000,0.0000,25.0000,46.0000,24.0000,11.0000
2.3170,0.5140,0.4420,0.3150,0.2500,0.0000,0.0000,1.3610,1.0000,4.8130,3.9270,2.9840,0.0000,0.0000,0.0000,70.0437,0.0000,4392.0000,1755.0000,0.0000,25.0000,46.0000,24.0000,10.0000
2.6880,0.6340,0.4580,0.3960,0.1650,0.0000,0.0000,1.5960,1.0000,4.8130,3.9270,2.9840,0.0000,0.0000,0.0000,70.0451,0.0000,4392.0000,1755.0000,0.0000,25.0000,48.0000,24.0000,10.0000
2.4670,0.6010,0.4890,0.3450,0.2690,0.0000,0.0000,1.3770,1.0000,4.8130,3.9270,2.9840,0.0000,0.0000,0.0000,70.0654,0.0000,4394.0000,1755.0000,0.0000,25.0000,48.0000,24.0000,10.0000
2.5840,0.7450,0.7070,0.4130,0.4690,0.0000,0.0000,1.1320,1.0000,4.8130,3.9270,2.9840,0.0000,0.0000,0.0000,70.0654,0.0000,4394.0000,1755.0000,0.0000,25.0000,48.0000,24.0000,10.0000
2.2130,0.5100,0.3950,0.3140,0.1570,0.0000,0.0000,1.3080,1.0000,4.8130,3.9270,2.9840,0.0000,0.0000,0.0000,70.0655,0.0000,4394.0000,1755.0000,0.0000,25.0000,48.0000,24.0000,10.0000
2.1720,0.5780,0.4340,0.3960,0.1610,0.0000,0.0000,1.1600,1.0000,4.8130,3.9270,2.9840,0.0000,0.0000,0.0000,70.0655,0.0000,4394.0000,1755.0000,0.0000,25.0000,48.0000,24.0000,10.0000
3.7360,0.5600,0.3600,0.3760,0.1510,0.0000,0.0000,2.8160,1.0000,4.8130,3.9270,2.9840,0.0000,0.0000,0.0000,70.0655,0.0000,4394.0000,1755.0000,0.0000,25.0000,48.0000,24.0000,10.0000
2.0610,0.5860,0.4080,0.3290,0.1700,0.0000,0.0000,1.0670,1.0000,4.8130,3.9270,2.9840,0.0000,0.0000,0.0000,70.0653,0.0000,4394.0000,1755.0000,0.0000,25.0000,48.0000,24.0000,10.0000
2.1630,0.6050,0.4610,0.4160,0.1850,0.0000,0.0000,1.0970,1.0000,4.8130,3.9270,2.9840,0.0000,0.0000,0.0000,70.0652,0.0000,4394.0000,1755.0000,0.0000,25.0000,48.0000,24.0000,10.0000
2.2980,0.5970,0.5060,0.4000,0.1870,0.0000,0.0000,1.1950,1.0000,4.8130,3.9270,2.9840,0.0000,0.0000,0.0000,69.8361,0.0000,4372.0000,1755.0000,0.0000,25.0000,48.0000,24.0000,10.0000
2.2660,0.5520,0.4330,0.3370,0.2050,0.0000,0.0000,1.2810,1.0000,4.8130,3.9270,2.9840,0.0000,0.0000,0.0000,69.8463,0.0000,4373.0000,1755.0000,0.0000,25.0000,48.0000,24.0000,9.0000
2.3360,0.6080,0.3960,0.3830,0.2010,0.0000,0.0000,1.3320,1.0000,4.8130,3.9270,2.9840,0.0000,0.0000,0.0000,69.8450,0.0000,4373.0000,1755.0000,0.0000,25.0000,46.0000,24.0000,9.0000
2.3890,0.7560,0.3770,0.3780,0.1560,0.0000,0.0000,1.2560,1.0000,4.8130,3.9270,2.9840,0.0000,0.0000,0.0000,69.8450,0.0000,4373.0000,1755.0000,0.0000,25.0000,46.0000,24.0000,9.0000
2.3180,0.6510,0.3970,0.3410,0.1920,0.0000,0.0000,1.2700,1.0000,4.8130,3.9270,2.9840,0.0000,0.0000,0.0000,69.8554,0.0000,4374.0000,1755.0000,0.0000,25.0000,46.0000,24.0000,10.0000
2.3460,0.7270,0.5330,0.4750,0.2180,0.0000,0.0000,1.0860,1.0000,4.8130,3.9270,2.9840,0.0000,0.0000,0.0000,69.8649,0.0000,4375.0000,1755.0000,0.0000,25.0000,45.0000,24.0000,10.0000
2.3310,0.6370,0.4270,0.3880,0.2100,0.0000,0.0000,1.2670,1.0000,4.8130,3.9270,2.9840,0.0000,0.0000,0.0000,69.8753,0.0000,4376.0000,1755.0000,0.0000,25.0000,45.0000,24.0000,10.0000
2.0750,0.6210,0.3580,0.3190,0.1560,0.0000,0.0000,1.0960,1.0000,4.8130,3.9270,2.9840,0.0000,0.0000,0.0000,69.8746,0.0000,4376.0000,1755.0000,0.0000,25.0000,44.0000,24.0000,10.0000
2.1750,0.5720,0.4330,0.3730,0.2360,0.0000,0.0000,1.1700,1.0000,4.8130,3.9270,2.9840,0.0000,0.0000,0.0000,69.8747,0.0000,4376.0000,1755.0000,0.0000,25.0000,44.0000,24.0000,10.0000
2.0820,0.5830,0.3400,0.3910,0.1480,0.0000,0.0000,1.1590,1.0000,4.8130,3.9270,2.9840,0.0000,0.0000,0.0000,69.8747,0.0000,4376.0000,1755.0000,0.0000,25.0000,44.0000,24.0000,11.0000
2.5950,0.6540,0.4620,0.4660,0.2450,0.0000,0.0000,1.4790,1.0000,4.8130,3.9270,2.9840,0.0000,0.0000,0.0000,69.8849,0.0000,4377.0000,1755.0000,0.0000,25.0000,44.0000,24.0000,11.0000
2.3170,0.7000,0.3660,0.4050,0.1560,0.0000,0.0000,1.2510,1.0000,4.8130,3.9270,2.9840,0.0000,0.0000,0.0000,69.8849,0.0000,4377.0000,1755.0000,0.0000,25.0000,44.0000,24.0000,10.0000
2.3830,0.7560,0.6000,0.5570,0.2440,0.0000,0.0000,1.0270,1.0000,4.8130,3.9270,2.9840,0.0000,0.0000,0.0000,69.9053,0.0000,4379.0000,1755.0000,0.0000,25.0000,44.0000,24.0000,10.0000
2.2060,0.7070,0.3690,0.4010,0.1560,0.0000,0.0000,1.1300,1.0000,4.8130,3.9270,2.9840,0.0000,0.0000,0.0000,69.9047,0.0000,4379.0000,1755.0000,0.0000,25.0000,43.0000,24.0000,10.0000
2.1630,0.7180,0.4030,0.3350,0.1900,0.0000,0.0000,1.0420,1.0000,4.8130,3.9270,2.9840,0.0000,0.0000,0.0000,69.9150,0.0000,4380.0000,1755.0000,0.0000,25.0000,43.0000,24.0000,10.0000
1.9960,0.5560,0.3560,0.3150,0.1540,0.0000,0.0000,1.0840,1.0000,4.8130,3.9270,2.9840,0.0000,0.0000,0.0000,69.9150,0.0000,4380.0000,1755.0000,0.0000,25.0000,43.0000,24.0000,10.0000
2.2390,0.5180,0.3970,0.3140,0.2010,0.0000,0.0000,1.3240,1.0000,4.8130,3.9270,2.9840,0.0000,0.0000,0.0000,69.9254,0.0000,4381.0000,1755.0000,0.0000,25.0000,43.0000,24.0000,9.0000
2.2610,0.6300,0.4880,0.3860,0.2800,0.0000,0.0000,1.1430,1.0000,4.8130,3.9270,2.9840,0.0000,0.0000,0.0000,69.9356,0.0000,4382.0000,1755.0000,0.0000,25.0000,43.0000,24.0000,9.0000
2.3520,0.7460,0.4690,0.3950,0.2400,0.0000,0.0000,1.1370,1.0000,4.8130,3.9270,2.9840,0.0000,0.0000,0.0000,69.9453,0.0000,4383.0000,1755.0000,0.0000,25.0000,42.0000,24.0000,9.0000
2.1870,0.6320,0.4170,0.3250,0.2130,0.0000,0.0000,1.1380,1.0000,4.8130,3.9270,2.9840,0.0000,0.0000,0.0000,69.9563,0.0000,4384.0000,1755.0000,0.0000,25.0000,43.0000,24.0000,9.0000
2.2700,0.5690,0.4610,0.3110,0.2700,0.0000,0.0000,1.2400,1.0000,4.8130,3.9270,2.9840,0.0000,0.0000,0.0000,69.9563,0.0000,4384.0000,1755.0000,0.0000,25.0000,43.0000,24.0000,9.0000
2.2410,0.5830,0.4460,0.3860,0.1840,0.0000,0.0000,1.2120,1.0000,4.8130,3.9270,2.9840,0.0000,0.0000,0.0000,69.9564,0.0000,4384.0000,1755.0000,0.0000,25.0000,43.0000,24.0000,9.0000
2.1030,0.6510,0.4090,0.3830,0.1690,0.0000,0.0000,1.0430,1.0000,4.8130,3.9270,2.9840,0.0000,0.0000,0.0000,69.9564,0.0000,4384.0000,1755.0000,0.0000,25.0000,43.0000,24.0000,9.0000
2.1150,0.5990,0.3940,0.3760,0.1700,0.0000,0.0000,1.1220,1.0000,4.8130,3.9270,2.9840,0.0000,0.0000,0.0000,69.9564,0.0000,4384.0000,1755.0000,0.0000,25.0000,43.0000,24.0000,9.0000
2.2240,0.5890,0.4070,0.3300,0.1970,0.0000,0.0000,1.2280,1.0000,4.8130,3.9270,2.9840,0.0000,0.0000,0.0000,69.9766,0.0000,4386.0000,1755.0000,0.0000,25.0000,43.0000,24.0000,9.0000
2.1660,0.7170,0.3920,0.3370,0.1910,0.0000,0.0000,1.0570,1.0000,4.8130,3.9270,2.9840,0.0000,0.0000,0.0000,69.9765,0.0000,4386.0000,1755.0000,0.0000,25.0000,43.0000,24.0000,10.0000
2.0530,0.6130,0.3360,0.4020,0.1490,0.0000,0.0000,1.1040,1.0000,4.8130,3.9270,2.9840,0.0000,0.0000,0.0000,69.9760,0.0000,4386.0000,1755.0000,0.0000,25.0000,42.0000,24.0000,10.0000
2.0600,0.5890,0.3610,0.4080,0.1500,0.0000,0.0000,1.1100,1.0000,4.8130,3.9270,2.9840,0.0000,0.0000,0.0000,69.9760,0.0000,4386.0000,1755.0000,0.0000,25.0000,42.0000,24.0000,10.0000
2.1670,0.5680,0.4640,0.3570,0.2410,0.0000,0.0000,1.1350,1.0000,4.8130,3.9270,2.9840,0.0000,0.0000,0.0000,69.9869,0.0000,4387.0000,1755.0000,0.0000,25.0000,43.0000,24.0000,10.0000
1.9860,0.6440,0.4130,0.3610,0.1670,0.0000,0.0000,0.9290,1.0000,4.8130,3.9270,2.9840,0.0000,0.0000,0.0000,69.9869,0.0000,4387.0000,1755.0000,0.0000,25.0000,43.0000,24.0000,10.0000
2.2070,0.5690,0.3940,0.3780,0.1580,0.0000,0.0000,1.2440,1.0000,4.8130,3.9270,2.9840,0.0000,0.0000,0.0000,69.9870,0.0000,4387.0000,1755.0000,0.0000,25.0000,43.0000,24.0000,10.0000
2.3060,0.6380,0.4330,0.3800,0.2050,0.0000,0.0000,1.2350,1.0000,4.8130,3.9270,2.9840,0.0000,0.0000,0.0000,69.9985,0.0000,4388.0000,1755.0000,0.0000,25.0000,43.0000,24.0000,11.0000
2.1300,0.7270,0.3640,0.4220,0.1590,0.0000,0.0000,1.0390,1.0000,4.8130,3.9270,2.9840,0.0000,0.0000,0.0000,69.9985,0.0000,4388.0000,1755.0000,0.0000,25.0000,43.0000,24.0000,11.0000
2.3360,0.5460,0.4080,0.3400,0.2050,0.0000,0.0000,1.3820,1.0000,4.8130,3.9270,2.9840,0.0000,0.0000,0.0000,70.0187,0.0000,4390.0000,1755.0000,0.0000,25.0000,43.0000,24.0000,12.0000
2.1740,0.7410,0.4010,0.4700,0.1660,0.0000,0.0000,1.0320,1.0000,4.8130,3.9270,2.9840,0.0000,0.0000,0.0000,70.0187,0.0000,4390.0000,1755.0000,0.0000,25.0000,43.0000,24.0000,12.0000
2.1690,0.6040,0.4030,0.4190,0.1740,0.0000,0.0000,1.1620,1.0000,4.8130,3.9270,2.9840,0.0000,0.0000,0.0000,70.0188,0.0000,4390.0000,1755.0000,0.0000,25.0000,43.0000,24.0000,12.0000
2.0760,0.6050,0.4010,0.4050,0.1900,0.0000,0.0000,1.0700,1.0000,4.8130,3.9270,2.9840,0.0000,0.0000,0.0000,70.0292,0.0000,4391.0000,1755.0000,0.0000,25.0000,43.0000,24.0000,12.0000
2.3720,0.6160,0.4300,0.3400,0.2220,0.0000,0.0000,1.3260,1.0000,4.8130,3.9270,2.9840,0.0000,0.0000,0.0000,70.0800,0.0000,4396.0000,1755.0000,0.0000,25.0000,43.0000,24.0000,12.0000
2.4790,0.7870,0.3950,0.3780,0.1980,0.0000,0.0000,1.2970,1.0000,4.8130,3.9270,2.9840,0.0000,0.0000,0.0000,70.1008,0.0000,4398.0000,1755.0000,0.0000,25.0000,43.0000,24.0000,12.0000
2.3060,0.6610,0.4100,0.3650,0.1860,0.0000,0.0000,1.2350,1.0000,4.8130,3.9270,2.9840,0.0000,0.0000,0.0000,70.1114,0.0000,4399.0000,1755.0000,0.0000,25.0000,43.0000,24.0000,13.0000
2.0630,0.6170,0.3590,0.3230,0.1600,0.0000,0.0000,1.0870,1.0000,4.8130,3.9270,2.9840,0.0000,0.0000,0.0000,70.1108,0.0000,4399.0000,1755.0000,0.0000,25.0000,42.0000,24.0000,13.0000
2.2550,0.5330,0.4690,0.3220,0.2590,0.0000,0.0000,1.2530,1.0000,4.8130,3.9270,2.9840,0.0000,0.0000,0.0000,70.1318,0.0000,4401.0000,1755.0000,0.0000,25.0000,43.0000,24.0000,13.0000
2.2670,0.6230,0.4330,0.3430,0.2340,0.0000,0.0000,1.2110,1.0000,4.8130,3.9270,2.9840,0.0000,0.0000,0.0000,70.1419,0.0000,4402.0000,1755.0000,0.0000,25.0000,43.0000,24.0000,14.0000
2.2570,0.6310,0.4870,0.3740,0.2440,0.0000,0.0000,1.1390,1.0000,4.8130,3.9270,2.9840,0.0000,0.0000,0.0000,69.8637,0.0000,4375.0000,1755.0000,0.0000,25.0000,43.0000,24.0000,13.0000
2.1530,0.6120,0.4050,0.3360,0.1950,0.0000,0.0000,1.1360,1.0000,4.8130,3.9270,2.9840,0.0000,0.0000,0.0000,69.8748,0.0000,4376.0000,1755.0000,0.0000,25.0000,42.0000,24.0000,13.0000
2.1340,0.6230,0.3540,0.3300,0.1570,0.0000,0.0000,1.1570,1.0000,4.8130,3.9270,2.9840,0.0000,0.0000,0.0000,69.8749,0.0000,4376.0000,1755.0000,0.0000,25.0000,42.0000,24.0000,13.0000
2.1830,0.5440,0.3810,0.3410,0.1770,0.0000,0.0000,1.2580,1.0000,4.8130,3.9270,2.9840,0.0000,0.0000,0.0000,69.8749,0.0000,4376.0000,1755.0000,0.0000,25.0000,42.0000,24.0000,13.0000
2.0830,0.6140,0.4170,0.4140,0.2030,0.0000,0.0000,1.0520,1.0000,4.8130,3.9270,2.9840,0.0000,0.0000,0.0000,69.8749,0.0000,4376.0000,1755.0000,0.0000,25.0000,42.0000,24.0000,13.0000
2.2960,0.5120,0.4420,0.3280,0.2530,0.0000,0.0000,1.3420,1.0000,4.8130,3.9270,2.9840,0.0000,0.0000,0.0000,69.8953,0.0000,4378.0000,1755.0000,0.0000,25.0000,42.0000,24.0000,13.0000
2.1300,0.7070,0.3630,0.3670,0.1530,0.0000,0.0000,1.0600,1.0000,4.8130,3.9270,2.9840,0.0000,0.0000,0.0000,69.8947,0.0000,4378.0000,1755.0000,0.0000,25.0000,41.0000,24.0000,13.0000
2.4150,0.6050,0.3850,0.4230,0.1590,0.0000,0.0000,1.4250,1.0000,4.8130,3.9270,2.9840,0.0000,0.0000,0.0000,69.8948,0.0000,4378.0000,1755.0000,0.0000,25.0000,41.0000,24.0000,13.0000
2.5760,0.7180,0.5710,0.3480,0.3250,0.0000,0.0000,1.2870,1.0000,4.8130,3.9270,2.9840,0.0000,0.0000,0.0000,69.9050,0.0000,4379.0000,1755.0000,0.0000,25.0000,41.0000,24.0000,13.0000
2.1740,0.7160,0.3980,0.4570,0.1880,0.0000,0.0000,1.0600,1.0000,4.8130,3.9270,2.9840,0.0000,0.0000,0.0000,69.9050,0.0000,4379.0000,1755.0000,0.0000,25.0000,41.0000,24.0000,13.0000
2.3740,0.6080,0.3480,0.3410,0.1480,0.0000,0.0000,1.4180,1.0000,4.8130,3.9270,2.9840,0.0000,0.0000,0.0000,69.9058,0.0000,4379.0000,1755.0000,0.0000,25.0000,42.0000,24.0000,13.0000
2.1290,0.5620,0.4300,0.3480,0.2350,0.0000,0.0000,1.1370,1.0000,4.8130,3.9270,2.9840,0.0000,0.0000,0.0000,69.9058,0.0000,4379.0000,1755.0000,0.0000,25.0000,42.0000,24.0000,14.0000
2.2750,0.5720,0.4460,0.3790,0.2160,0.0000,0.0000,1.2570,1.0000,4.8130,3.9270,2.9840,0.0000,0.0000,0.0000,69.9160,0.0000,4380.0000,1755.0000,0.0000,25.0000,42.0000,24.0000,14.0000
2.2610,0.6490,0.4520,0.3620,0.1960,0.0000,0.0000,1.1600,1.0000,4.8130,3.9270,2.9840,0.0000,0.0000,0.0000,69.9277,0.0000,4381.0000,1755.0000,0.0000,25.0000,44.0000,24.0000,13.0000
2.1400,0.6410,0.4130,0.3480,0.2170,0.0000,0.0000,1.0860,1.0000,4.8130,3.9270,2.9840,0.0000,0.0000,0.0000,69.9278,0.0000,4381.0000,1755.0000,0.0000,25.0000,44.0000,24.0000,14.0000
2.2520,0.5340,0.3830,0.3180,0.1880,0.0000,0.0000,1.3350,1.0000,4.8130,3.9270,2.9840,0.0000,0.0000,0.0000,69.9278,0.0000,4381.0000,1755.0000,0.0000,25.0000,44.0000,24.0000,13.0000
2.3880,0.5680,0.4970,0.3550,0.2360,0.0000,0.0000,1.3230,1.0000,4.8130,3.9270,2.9840,0.0000,0.0000,0.0000,69.9381,0.0000,4382.0000,1755.0000,0.0000,25.0000,44.0000,24.0000,13.0000
2.4500,0.6270,0.4450,0.3770,0.2170,0.0000,0.0000,1.3780,1.0000,4.8130,3.9270,2.9840,0.0000,0.0000,0.0000,69.9795,0.0000,4386.0000,1755.0000,0.0000,25.0000,45.0000,24.0000,13.0000
2.1630,0.7700,0.3700,0.3930,0.1670,0.0000,0.0000,1.0230,1.0000,4.8130,3.9270,2.9840,0.0000,0.0000,0.0000,69.9796,0.0000,4386.0000,1755.0000,0.0000,25.0000,45.0000,24.0000,14.0000
2.4940,0.5310,0.4910,0.3390,0.2410,0.0000,0.0000,1.4720,1.0000,4.8130,3.9270,2.9840,0.0000,0.0000,0.0000,70.0010,0.0000,4388.0000,1755.0000,0.0000,25.0000,46.0000,24.0000,13.0000
2.2360,0.7940,0.3660,0.4100,0.1620,0.0000,0.0000,1.0760,1.0000,4.8130,3.9270,2.9840,0.0000,0.0000,0.0000,70.0013,0.0000,4388.0000,1755.0000,0.0000,25.0000,46.0000,24.0000,14.0000
2.1690,0.6420,0.4430,0.4010,0.2040,0.0000,0.0000,1.0840,1.0000,4.8130,3.9270,2.9840,0.0000,0.0000,0.0000,70.0117,0.0000,4389.0000,1755.0000,0.0000,25.0000,46.0000,24.0000,14.0000
2.3940,0.5400,0.5340,0.3100,0.2740,0.0000,0.0000,1.3200,1.0000,4.8130,3.9270,2.9840,0.0000,0.0000,0.0000,70.0320,0.0000,4391.0000,1755.0000,0.0000,25.0000,46.0000,24.0000,14.0000
2.1550,0.6710,0.4010,0.3940,0.1760,0.0000,0.0000,1.0830,1.0000,4.8130,3.9270,2.9840,0.0000,0.0000,0.0000,70.0321,0.0000,4391.0000,1755.0000,0.0000,25.0000,46.0000,24.0000,15.0000
2.6150,0.5970,0.7400,0.3400,0.5170,0.0000,0.0000,1.2780,1.0000,4.8130,3.9270,2.9840,0.0000,0.0000,0.0000,70.0308,0.0000,4391.0000,1755.0000,0.0000,25.0000,44.0000,24.0000,15.0000
2.3230,0.6280,0.4970,0.4170,0.2020,0.0000,0.0000,1.1980,1.0000,4.8130,3.9270,2.9840,0.0000,0.0000,0.0000,70.0301,0.0000,4391.0000,1755.0000,0.0000,25.0000,43.0000,24.0000,15.0000
2.2640,0.6150,0.3940,0.3430,0.1710,0.0000,0.0000,1.2550,1.0000,4.8130,3.9270,2.9840,0.0000,0.0000,0.0000,70.0301,0.0000,4391.0000,1755.0000,0.0000,25.0000,43.0000,24.0000,14.0000
2.1610,0.6010,0.3590,0.3920,0.1610,0.0000,0.0000,1.2010,1.0000,4.8130,3.9270,2.9840,0.0000,0.0000,0.0000,70.0301,0.0000,4391.0000,1755.0000,0.0000,25.0000,43.0000,24.0000,14.0000
2.2320,0.5300,0.5110,0.3140,0.2280,0.0000,0.0000,1.1910,1.0000,4.8130,3.9270,2.9840,0.0000,0.0000,0.0000,70.0301,0.0000,4391.0000,1755.0000,0.0000,25.0000,43.0000,24.0000,14.0000
2.2120,0.5430,0.4340,0.3580,0.1770,0.0000,0.0000,1.2350,1.0000,4.8130,3.9270,2.9840,0.0000,0.0000,0.0000,70.0301,0.0000,4391.0000,1755.0000,0.0000,25.0000,43.0000,24.0000,14.0000
2.5800,0.5910,0.5130,0.3840,0.2860,0.0000,0.0000,1.4760,1.0000,4.8130,3.9270,2.9840,0.0000,0.0000,0.0000,70.0404,0.0000,4392.0000,1755.0000,0.0000,25.0000,43.0000,24.0000,14.0000
2.5600,0.6050,0.5220,0.3420,0.3000,0.0000,0.0000,1.4330,1.0000,4.8130,3.9270,2.9840,0.0000,0.0000,0.0000,70.0709,0.0000,4395.0000,1755.0000,0.0000,25.0000,43.0000,24.0000,14.0000
2.1730,0.7510,0.3740,0.3740,0.1570,0.0000,0.0000,1.0480,1.0000,4.8130,3.9270,2.9840,0.0000,0.0000,0.0000,70.0709,0.0000,4395.0000,1755.0000,0.0000,25.0000,43.0000,24.0000,14.0000
2.2490,0.5920,0.4810,0.3340,0.2330,0.0000,0.0000,1.1760,1.0000,4.8130,3.9270,2.9840,0.0000,0.0000,0.0000,70.0718,0.0000,4395.0000,1755.0000,0.0000,25.0000,44.0000,24.0000,14.0000
2.6030,0.5570,0.3850,0.3560,0.1860,0.0000,0.0000,1.6610,1.0000,4.8130,3.9270,2.9840,0.0000,0.0000,0.0000,70.0821,0.0000,4396.0000,1755.0000,0.0000,25.0000,44.0000,24.0000,14.0000
2.1930,0.6730,0.4150,0.4070,0.1930,0.0000,0.0000,1.1050,1.0000,4.8130,3.9270,2.9840,0.0000,0.0000,0.0000,70.0925,0.0000,4397.0000,1755.0000,0.0000,25.0000,44.0000,24.0000,14.0000
2.3620,0.6600,0.4160,0.3360,0.2000,0.0000,0.0000,1.2860,1.0000,4.8130,3.9270,2.9840,0.0000,0.0000,0.0000,70.1028,0.0000,4398.0000,1755.0000,0.0000,25.0000,44.0000,24.0000,14.0000
2.4030,0.6580,0.3940,0.4070,0.2030,0.0000,0.0000,1.3510,1.0000,4.8130,3.9270,2.9840,0.0000,0.0000,0.0000,70.1028,0.0000,4398.0000,1755.0000,0.0000,25.0000,44.0000,24.0000,13.0000
2.2960,0.5890,0.3840,0.3900,0.1710,0.0000,0.0000,1.3230,1.0000,4.8130,3.9270,2.9840,0.0000,0.0000,0.0000,70.1029,0.0000,4398.0000,1755.0000,0.0000,25.0000,44.0000,24.0000,14.0000
2.1940,0.5430,0.4000,0.3240,0.2000,0.0000,0.0000,1.2510,1.0000,4.8130,3.9270,2.9840,0.0000,0.0000,0.0000,70.1125,0.0000,4399.0000,1755.0000,0.0000,25.0000,43.0000,24.0000,14.0000
2.3600,0.5560,0.5250,0.3160,0.2610,0.0000,0.0000,1.2790,1.0000,4.8130,3.9270,2.9840,0.0000,0.0000,0.0000,70.1325,0.0000,4401.0000,1755.0000,0.0000,25.0000,43.0000,24.0000,13.0000
2.2520,0.7180,0.3920,0.3980,0.1550,0.0000,0.0000,1.1420,1.0000,4.8130,3.9270,2.9840,0.0000,0.0000,0.0000,69.8532,0.0000,4374.0000,1755.0000,0.0000,25.0000,43.0000,24.0000,13.0000
2.2360,0.6350,0.3880,0.3650,0.1910,0.0000,0.0000,1.2130,1.0000,4.8130,3.9270,2.9840,0.0000,0.0000,0.0000,69.8737,0.0000,4376.0000,1755.0000,0.0000,25.0000,43.0000,24.0000,13.0000
2.1000,0.6120,0.3580,0.3200,0.1590,0.0000,0.0000,1.1300,1.0000,4.8130,3.9270,2.9840,0.0000,0.0000,0.0000,69.8744,0.0000,4376.0000,1755.0000,0.0000,25.0000,44.0000,24.0000,13.0000
2.2310,0.6070,0.3840,0.4150,0.1980,0.0000,0.0000,1.2400,1.0000,4.8130,3.9270,2.9840,0.0000,0.0000,0.0000,69.8848,0.0000,4377.0000,1755.0000,0.0000,25.0000,44.0000,24.0000,13.0000
2.1070,0.6360,0.3920,0.4040,0.1590,0.0000,0.0000,1.0790,1.0000,4.8130,3.9270,2.9840,0.0000,0.0000,0.0000,69.8848,0.0000,4377.0000,1755.0000,0.0000,25.0000,44.0000,24.0000,13.0000
2.2090,0.6500,0.4280,0.3890,0.2020,0.0000,0.0000,1.1310,1.0000,4.8130,3.9270,2.9840,0.0000,0.0000,0.0000,69.8944,0.0000,4378.0000,1755.0000,0.0000,25.0000,43.0000,24.0000,12.0000
2.3300,0.6880,0.4730,0.4390,0.2350,0.0000,0.0000,1.1690,1.0000,4.8130,3.9270,2.9840,0.0000,0.0000,0.0000,69.9047,0.0000,4379.0000,1755.0000,0.0000,25.0000,43.0000,24.0000,12.0000
2.2070,0.5770,0.3900,0.3280,0.1930,0.0000,0.0000,1.2400,1.0000,4.8130,3.9270,2.9840,0.0000,0.0000,0.0000,69.9150,0.0000,4380.0000,1755.0000,0.0000,25.0000,43.0000,24.0000,12.0000
2.2860,0.5740,0.5010,0.3500,0.2200,0.0000,0.0000,1.2110,1.0000,4.8130,3.9270,2.9840,0.0000,0.0000,0.0000,69.9158,0.0000,4380.0000,1755.0000,0.0000,25.0000,44.0000,24.0000,13.0000
2.2510,0.5970,0.4100,0.3820,0.1760,0.0000,0.0000,1.2440,1.0000,4.8130,3.9270,2.9840,0.0000,0.0000,0.0000,69.9161,0.0000,4380.0000,1755.0000,0.0000,25.0000,44.0000,24.0000,12.0000
2.2890,0.6290,0.3700,0.3460,0.1670,0.0000,0.0000,1.2900,1.0000,4.8130,3.9270,2.9840,0.0000,0.0000,0.0000,69.9155,0.0000,4380.0000,1755.0000,0.0000,25.0000,43.0000,24.0000,13.0000
3.9700,0.6810,0.4260,0.4360,0.1740,0.0000,0.0000,2.8630,1.0000,4.8130,3.9270,2.9840,0.0000,0.0000,0.0000,69.9162,0.0000,4380.0000,1755.0000,0.0000,25.0000,44.0000,24.0000,13.0000
4.6540,0.6410,0.5480,0.3760,0.3130,0.0000,0.0000,3.4650,1.0000,4.8130,3.9270,2.9840,0.0000,0.0000,0.0000,69.9364,0.0000,4382.0000,1755.0000,0.0000,25.0000,44.0000,24.0000,13.0000
4.2450,2.8110,0.3990,2.4560,0.2050,0.0000,0.0000,1.0350,1.0000,4.8130,3.9270,2.9840,0.0000,0.0000,0.0000,69.9474,0.0000,4383.0000,1755.0000,0.0000,25.0000,45.0000,24.0000,13.0000
2.5110,2.4510,0.5080,0.3740,0.1700,0.0000,0.0000,0.0000,1.0000,4.8130,3.9270,2.9840,0.0000,0.0000,0.0000,69.9468,0.0000,4383.0000,1755.0000,0.0000,25.0000,44.0000,24.0000,13.0000
2.2580,0.6230,0.4000,0.4060,0.1620,0.0000,0.0000,1.2350,1.0000,4.8130,3.9270,2.9840,0.0000,0.0000,0.0000,69.9469,0.0000,4383.0000,1755.0000,0.0000,25.0000,44.0000,24.0000,13.0000
2.3890,0.5810,0.4180,0.3740,0.2030,0.0000,0.0000,1.3900,1.0000,4.8130,3.9270,2.9840,0.0000,0.0000,0.0000,69.9689,0.0000,4385.0000,1755.0000,0.0000,25.0000,46.0000,24.0000,13.0000
2.1240,0.6220,0.3780,0.3210,0.1720,0.0000,0.0000,1.1240,1.0000,4.8130,3.9270,2.9840,0.0000,0.0000,0.0000,69.9697,0.0000,4385.0000,1755.0000,0.0000,25.0000,47.0000,24.0000,13.0000
2.0810,0.5820,0.4070,0.3940,0.1980,0.0000,0.0000,1.0920,1.0000,4.8130,3.9270,2.9840,0.0000,0.0000,0.0000,69.9698,0.0000,4385.0000,1755.0000,0.0000,25.0000,47.0000,24.0000,13.0000
2.0640,0.5450,0.4040,0.3570,0.1960,0.0000,0.0000,1.1150,1.0000,4.8130,3.9270,2.9840,0.0000,0.0000,0.0000,69.9705,0.0000,4385.0000,1755.0000,0.0000,25.0000,48.0000,24.0000,13.0000
2.2430,0.6250,0.4370,0.4400,0.2100,0.0000,0.0000,1.1810,1.0000,4.8130,3.9270,2.9840,0.0000,0.0000,0.0000,69.9808,0.0000,4386.0000,1755.0000,0.0000,25.0000,48.0000,24.0000,14.0000
4.7370,0.6860,0.3830,0.4430,0.1910,0.0000,0.0000,3.6680,1.0000,4.8130,3.9270,2.9840,0.0000,0.0000,0.0000,70.0005,0.0000,4388.0000,1755.0000,0.0000,25.0000,47.0000,24.0000,14.0000
3.5890,0.6990,0.6670,0.3430,0.2950,0.0000,0.0000,2.2230,1.0000,4.8130,3.9270,2.9840,0.0000,0.0000,0.0000,70.0108,0.0000,4389.0000,1755.0000,0.0000,25.0000,47.0000,24.0000,14.0000
3.5930,1.0950,0.6860,0.7090,0.3000,0.0000,0.0000,1.8120,1.0000,4.8130,3.9270,2.9840,0.0000,0.0000,0.0000,70.0103,0.0000,4389.0000,1755.0000,0.0000,25.0000,46.0000,24.0000,14.0000
3.0370,0.9700,0.7560,0.5790,0.4090,0.0000,0.0000,1.3110,1.0000,4.8130,3.9270,2.9840,0.0000,0.0000,0.0000,70.0213,0.0000,4390.0000,1755.0000,0.0000,25.0000,47.0000,24.0000,14.0000
3.7120,0.6710,0.7490,0.4130,0.4170,0.0000,0.0000,2.2920,1.0000,4.8130,3.9270,2.9840,0.0000,0.0000,0.0000,70.0415,0.0000,4392.0000,1755.0000,0.0000,25.0000,47.0000,24.0000,14.0000
3.3200,1.0670,0.6610,0.5510,0.3220,0.0000,0.0000,1.5920,1.0000,4.8130,3.9270,2.9840,0.0000,0.0000,0.0000,70.0518,0.0000,4393.0000,1755.0000,0.0000,25.0000,47.0000,24.0000,14.0000
3.4090,0.9610,0.5630,0.5620,0.2710,0.0000,0.0000,1.8850,1.0000,4.8130,3.9270,2.9840,0.0000,0.0000,0.0000,70.0615,0.0000,4394.0000,1755.0000,0.0000,25.0000,46.0000,24.0000,14.0000
3.2120,0.9610,0.5780,0.5830,0.2890,0.0000,0.0000,1.6730,1.0000,4.8130,3.9270,2.9840,0.0000,0.0000,0.0000,70.0602,0.0000,4394.0000,1755.0000,0.0000,25.0000,44.0000,24.0000,14.0000
3.2440,0.8820,0.6040,0.5940,0.2630,0.0000,0.0000,1.7580,1.0000,4.8130,3.9270,2.9840,0.0000,0.0000,0.0000,70.0605,0.0000,4394.0000,1755.0000,0.0000,25.0000,44.0000,24.0000,15.0000
3.5510,0.9360,0.6720,0.5590,0.3150,0.0000,0.0000,1.9430,1.0000,4.8130,3.9270,2.9840,0.0000,0.0000,0.0000,70.0817,0.0000,4396.0000,1755.0000,0.0000,25.0000,45.0000,24.0000,15.0000
3.1560,1.0290,0.6490,0.6390,0.3440,0.0000,0.0000,1.4780,1.0000,4.8130,3.9270,2.9840,0.0000,0.0000,0.0000,70.0817,0.0000,4396.0000,1755.0000,0.0000,25.0000,45.0000,24.0000,15.0000
3.5770,0.7660,0.6830,0.4390,0.3270,0.0000,0.0000,2.1280,1.0000,4.8130,3.9270,2.9840,0.0000,0.0000,0.0000,70.1021,0.0000,4398.0000,1755.0000,0.0000,25.0000,45.0000,24.0000,15.0000
3.0280,1.1750,0.5560,0.7000,0.2570,0.0000,0.0000,1.2970,1.0000,4.8130,3.9270,2.9840,0.0000,0.0000,0.0000,69.8559,0.0000,4374.0000,1755.0000,0.0000,25.0000,45.0000,24.0000,15.0000
11.6160,0.7980,0.4840,0.5080,0.2210,0.0000,0.0000,10.3340,1.0000,3.1510,4.5720,3.6390,0.0000,0.0000,0.0000,69.8558,0.0000,4374.0000,1755.0000,0.0000,25.0000,45.0000,24.0000,16.0000
2.4020,0.6840,0.4450,0.4250,0.1730,0.0000,0.0000,1.2730,1.0000,3.1510,4.5720,3.6390,0.0000,0.0000,0.0000,69.8551,0.0000,4374.0000,1755.0000,0.0000,25.0000,44.0000,24.0000,16.0000
2.3050,0.6560,0.4270,0.4510,0.1950,0.0000,0.0000,1.2220,1.0000,3.1510,4.5720,3.6390,0.0000,0.0000,0.0000,69.8654,0.0000,4375.0000,1755.0000,0.0000,25.0000,44.0000,24.0000,17.0000
2.1340,0.5860,0.3940,0.3320,0.1660,0.0000,0.0000,1.1540,1.0000,3.1510,4.5720,3.6390,0.0000,0.0000,0.0000,69.8654,0.0000,4375.0000,1755.0000,0.0000,25.0000,44.0000,24.0000,16.0000
2.1640,0.5580,0.4070,0.3650,0.2000,0.0000,0.0000,1.1990,1.0000,3.1510,4.5720,3.6390,0.0000,0.0000,0.0000,69.8654,0.0000,4375.0000,1755.0000,0.0000,25.0000,44.0000,24.0000,16.0000
2.3610,0.6510,0.4350,0.4630,0.1960,0.0000,0.0000,1.2750,1.0000,3.1510,4.5720,3.6390,0.0000,0.0000,0.0000,69.8856,0.0000,4377.0000,1755.0000,0.0000,25.0000,44.0000,24.0000,16.0000
2.1780,0.7770,0.3910,0.4980,0.1650,0.0000,0.0000,1.0100,1.0000,3.1510,4.5720,3.6390,0.0000,0.0000,0.0000,69.8856,0.0000,4377.0000,1755.0000,0.0000,25.0000,44.0000,24.0000,16.0000
2.1130,0.5240,0.3890,0.3340,0.1700,0.0000,0.0000,1.2000,1.0000,3.1510,4.5720,3.6390,0.0000,0.0000,0.0000,69.8857,0.0000,4377.0000,1755.0000,0.0000,25.0000,44.0000,24.0000,16.0000
2.1200,0.5100,0.4080,0.3230,0.2150,0.0000,0.0000,1.2020,1.0000,3.1510,4.5720,3.6390,0.0000,0.0000,0.0000,69.8857,0.0000,4377.0000,1755.0000,0.0000,25.0000,44.0000,24.0000,15.0000
2.6440,0.5300,0.4700,0.3440,0.2650,0.0000,0.0000,1.6440,1.0000,3.1510,4.5720,3.6390,0.0000,0.0000,0.0000,69.9275,0.0000,4381.0000,1755.0000,0.0000,25.0000,45.0000,24.0000,15.0000
3.0020,0.7610,0.8440,0.4000,0.4250,0.0000,0.0000,1.3970,1.0000,3.1510,4.5720,3.6390,0.0000,0.0000,0.0000,69.9378,0.0000,4382.0000,1755.0000,0.0000,25.0000,45.0000,24.0000,15.0000
2.2500,0.6360,0.3710,0.3250,0.1790,0.0000,0.0000,1.2430,1.0000,3.1510,4.5720,3.6390,0.0000,0.0000,0.0000,69.9469,0.0000,4383.0000,1755.0000,0.0000,25.0000,43.0000,24.0000,16.0000
2.6040,0.5660,0.4790,0.3350,0.2030,0.0000,0.0000,1.5590,1.0000,3.1510,4.5720,3.6390,0.0000,0.0000,0.0000,69.9572,0.0000,4384.0000,1755.0000,0.0000,25.0000,43.0000,24.0000,15.0000
2.1420,0.6800,0.4020,0.4270,0.1970,0.0000,0.0000,1.0600,1.0000,3.1510,4.5720,3.6390,0.0000,0.0000,0.0000,69.9668,0.0000,4385.0000,1755.0000,0.0000,25.0000,42.0000,24.0000,15.0000
2.1450,0.6210,0.3850,0.3300,0.1910,0.0000,0.0000,1.1390,1.0000,3.1510,4.5720,3.6390,0.0000,0.0000,0.0000,69.9771,0.0000,4386.0000,1755.0000,0.0000,25.0000,42.0000,24.0000,14.0000
2.2120,0.6230,0.4430,0.3460,0.2440,0.0000,0.0000,1.1460,1.0000,3.1510,4.5720,3.6390,0.0000,0.0000,0.0000,69.9975,0.0000,4388.0000,1755.0000,0.0000,25.0000,42.0000,24.0000,14.0000
2.0180,0.6060,0.3700,0.3410,0.1600,0.0000,0.0000,1.0420,1.0000,3.1510,4.5720,3.6390,0.0000,0.0000,0.0000,69.9969,0.0000,4388.0000,1755.0000,0.0000,25.0000,41.0000,24.0000,14.0000
2.1100,0.5860,0.3630,0.4010,0.1580,0.0000,0.0000,1.1610,1.0000,3.1510,4.5720,3.6390,0.0000,0.0000,0.0000,69.9970,0.0000,4388.0000,1755.0000,0.0000,25.0000,41.0000,24.0000,15.0000
2.2660,0.5660,0.4620,0.3660,0.2550,0.0000,0.0000,1.2380,1.0000,3.1510,4.5720,3.6390,0.0000,0.0000,0.0000,70.0081,0.0000,4389.0000,1755.0000,0.0000,25.0000,42.0000,24.0000,14.0000
2.1170,0.7080,0.3650,0.3850,0.1650,0.0000,0.0000,1.0440,1.0000,3.1510,4.5720,3.6390,0.0000,0.0000,0.0000,70.0074,0.0000,4389.0000,1755.0000,0.0000,25.0000,41.0000,24.0000,14.0000
2.1070,0.5790,0.3560,0.3810,0.1570,0.0000,0.0000,1.1720,1.0000,3.1510,4.5720,3.6390,0.0000,0.0000,0.0000,70.0074,0.0000,4389.0000,1755.0000,0.0000,25.0000,41.0000,24.0000,15.0000
2.0360,0.6210,0.3910,0.3980,0.1690,0.0000,0.0000,1.0240,1.0000,3.1510,4.5720,3.6390,0.0000,0.0000,0.0000,70.0081,0.0000,4389.0000,1755.0000,0.0000,25.0000,42.0000,24.0000,15.0000
2.0840,0.5840,0.3600,0.3490,0.1700,0.0000,0.0000,1.1400,1.0000,3.1510,4.5720,3.6390,0.0000,0.0000,0.0000,70.0073,0.0000,4389.0000,1755.0000,0.0000,25.0000,41.0000,24.0000,16.0000
2.0240,0.5830,0.3790,0.3920,0.1700,0.0000,0.0000,1.0620,1.0000,3.1510,4.5720,3.6390,0.0000,0.0000,0.0000,70.0066,0.0000,4389.0000,1755.0000,0.0000,25.0000,40.0000,24.0000,16.0000
4.3200,0.5300,0.4160,0.3390,0.2220,0.0000,0.0000,3.3740,1.0000,3.1510,4.5720,3.6390,0.0000,0.0000,0.0000,70.0073,0.0000,4389.0000,1755.0000,0.0000,25.0000,41.0000,24.0000,16.0000
2.6300,2.3740,0.5300,2.0450,0.2310,0.0000,0.0000,0.0000,1.0000,3.1510,4.5720,3.6390,0.0000,0.0000,0.0000,70.0593,0.0000,4394.0000,1755.0000,0.0000,25.0000,40.0000,24.0000,17.0000
2.2730,0.8570,0.3770,0.3730,0.1650,0.0000,0.0000,1.0390,1.0000,3.1510,4.5720,3.6390,0.0000,0.0000,0.0000,70.0594,0.0000,4394.0000,1755.0000,0.0000,25.0000,40.0000,24.0000,17.0000
2.2190,0.6510,0.3860,0.4180,0.1690,0.0000,0.0000,1.1820,1.0000,3.1510,4.5720,3.6390,0.0000,0.0000,0.0000,70.0596,0.0000,4394.0000,1755.0000,0.0000,25.0000,40.0000,24.0000,17.0000
2.4120,0.5590,0.4460,0.3470,0.2080,0.0000,0.0000,1.4070,1.0000,3.1510,4.5720,3.6390,0.0000,0.0000,0.0000,70.0699,0.0000,4395.0000,1755.0000,0.0000,25.0000,40.0000,24.0000,17.0000
2.1210,0.7060,0.3730,0.4050,0.1600,0.0000,0.0000,1.0420,1.0000,3.1510,4.5720,3.6390,0.0000,0.0000,0.0000,70.0699,0.0000,4395.0000,1755.0000,0.0000,25.0000,40.0000,24.0000,17.0000
2.2750,0.5950,0.3380,0.3560,0.1480,0.0000,0.0000,1.3420,1.0000,3.1510,4.5720,3.6390,0.0000,0.0000,0.0000,70.0706,0.0000,4395.0000,1755.0000,0.0000,25.0000,41.0000,24.0000,17.0000
2.2340,0.5830,0.4190,0.3540,0.2230,0.0000,0.0000,1.2320,1.0000,3.1510,4.5720,3.6390,0.0000,0.0000,0.0000,70.0817,0.0000,4396.0000,1755.0000,0.0000,25.0000,42.0000,24.0000,16.0000
3.5390,0.5820,0.4940,0.3470,0.2590,0.0000,0.0000,2.4630,1.0000,3.1510,4.5720,3.6390,0.0000,0.0000,0.0000,70.1523,0.0000,4403.0000,1755.0000,0.0000,25.0000,42.0000,24.0000,16.0000
2.6040,0.9330,0.5110,0.3890,0.2940,0.0000,0.0000,1.1600,1.0000,3.1510,4.5720,3.6390,0.0000,0.0000,0.0000,70.1823,0.0000,4406.0000,1755.0000,0.0000,25.0000,41.0000,24.0000,16.0000
2.3840,0.7850,0.4430,0.4440,0.2080,0.0000,0.0000,1.1560,1.0000,3.1510,4.5720,3.6390,0.0000,0.0000,0.0000,70.2028,0.0000,4408.0000,1755.0000,0.0000,25.0000,41.0000,24.0000,16.0000
2.1460,0.7290,0.3620,0.3670,0.1550,0.0000,0.0000,1.0550,1.0000,3.1510,4.5720,3.6390,0.0000,0.0000,0.0000,69.8756,0.0000,4376.0000,1755.0000,0.0000,25.0000,42.0000,24.0000,16.0000
2.2730,0.5770,0.4000,0.3430,0.1950,0.0000,0.0000,1.2960,1.0000,3.1510,4.5720,3.6390,0.0000,0.0000,0.0000,69.8851,0.0000,4377.0000,1755.0000,0.0000,25.0000,41.0000,24.0000,16.0000
2.0750,0.7080,0.4050,0.4760,0.1640,0.0000,0.0000,0.9620,1.0000,3.1510,4.5720,3.6390,0.0000,0.0000,0.0000,69.8844,0.0000,4377.0000,1755.0000,0.0000,25.0000,40.0000,24.0000,16.0000
2.3040,0.6080,0.4560,0.4190,0.2090,0.0000,0.0000,1.2400,1.0000,3.1510,4.5720,3.6390,0.0000,0.0000,0.0000,69.8947,0.0000,4378.0000,1755.0000,0.0000,25.0000,40.0000,24.0000,16.0000
2.1090,0.7070,0.3630,0.3730,0.1520,0.0000,0.0000,1.0390,1.0000,3.1510,4.5720,3.6390,0.0000,0.0000,0.0000,69.8947,0.0000,4378.0000,1755.0000,0.0000,25.0000,40.0000,24.0000,16.0000
2.1240,0.6110,0.3580,0.3600,0.1520,0.0000,0.0000,1.1550,1.0000,3.1510,4.5720,3.6390,0.0000,0.0000,0.0000,69.8947,0.0000,4378.0000,1755.0000,0.0000,25.0000,40.0000,24.0000,15.0000
2.1320,0.5550,0.3960,0.3470,0.1930,0.0000,0.0000,1.1810,1.0000,3.1510,4.5720,3.6390,0.0000,0.0000,0.0000,69.9050,0.0000,4379.0000,1755.0000,0.0000,25.0000,40.0000,24.0000,15.0000
2.1470,0.5960,0.4310,0.3460,0.1730,0.0000,0.0000,1.1200,1.0000,3.1510,4.5720,3.6390,0.0000,0.0000,0.0000,69.9053,0.0000,4379.0000,1755.0000,0.0000,25.0000,40.0000,24.0000,15.0000
2.0060,0.5880,0.4000,0.3870,0.2060,0.0000,0.0000,1.0180,1.0000,3.1510,4.5720,3.6390,0.0000,0.0000,0.0000,69.9086,0.0000,4379.0000,1755.0000,0.0000,25.0000,39.0000,24.0000,15.0000
2.2570,0.5370,0.4500,0.3470,0.2090,0.0000,0.0000,1.2700,1.0000,3.1510,4.5720,3.6390,0.0000,0.0000,0.0000,69.9125,0.0000,4380.0000,1755.0000,0.0000,25.0000,39.0000,24.0000,15.0000
2.4240,0.6430,0.4240,0.4570,0.2020,0.0000,0.0000,1.3570,1.0000,3.1510,4.5720,3.6390,0.0000,0.0000,0.0000,69.9213,0.0000,4381.0000,1755.0000,0.0000,25.0000,39.0000,24.0000,16.0000
2.6050,0.7490,0.7500,0.5130,0.5380,0.0000,0.0000,1.1060,1.0000,3.1510,4.5720,3.6390,0.0000,0.0000,0.0000,69.9665,0.0000,4391.0000,1755.0000,0.0000,25.0000,39.0000,24.0000,16.0000
2.2360,0.7610,0.3950,0.4270,0.1680,0.0000,0.0000,1.0800,1.0000,3.1510,4.5720,3.6390,0.0000,0.0000,0.0000,69.9666,0.0000,4391.0000,1755.0000,0.0000,25.0000,39.0000,24.0000,16.0000
2.0800,0.5680,0.3570,0.3710,0.1500,0.0000,0.0000,1.1550,1.0000,3.1510,4.5720,3.6390,0.0000,0.0000,0.0000,69.9675,0.0000,4391.0000,1755.0000,0.0000,25.0000,40.0000,24.0000,16.0000
2.3910,0.6000,0.3980,0.3520,0.2040,0.0000,0.0000,1.3930,1.0000,3.1510,4.5720,3.6390,0.0000,0.0000,0.0000,69.9981,0.0000,4394.0000,1755.0000,0.0000,25.0000,40.0000,24.0000,16.0000
2.2460,0.6670,0.4310,0.3360,0.2400,0.0000,0.0000,1.1480,1.0000,3.1510,4.5720,3.6390,0.0000,0.0000,0.0000,70.0183,0.0000,4396.0000,1755.0000,0.0000,25.0000,40.0000,24.0000,16.0000
2.1190,0.6690,0.4350,0.3930,0.2000,0.0000,0.0000,1.0150,1.0000,3.1510,4.5720,3.6390,0.0000,0.0000,0.0000,70.0288,0.0000,4397.0000,1755.0000,0.0000,25.0000,40.0000,24.0000,16.0000
2.1070,0.6210,0.3560,0.3920,0.1500,0.0000,0.0000,1.1300,1.0000,3.1510,4.5720,3.6390,0.0000,0.0000,0.0000,70.0282,0.0000,4397.0000,1755.0000,0.0000,25.0000,39.0000,24.0000,16.0000
2.1190,0.6270,0.3440,0.3520,0.1430,0.0000,0.0000,1.1480,1.0000,3.1510,4.5720,3.6390,0.0000,0.0000,0.0000,70.0289,0.0000,4397.0000,1755.0000,0.0000,25.0000,40.0000,24.0000,16.0000
2.1890,0.6220,0.3680,0.3750,0.1780,0.0000,0.0000,1.1990,1.0000,3.1510,4.5720,3.6390,0.0000,0.0000,0.0000,70.0392,0.0000,4398.0000,1755.0000,0.0000,25.0000,40.0000,24.0000,16.0000
2.1650,0.5930,0.3710,0.3390,0.1830,0.0000,0.0000,1.2010,1.0000,3.1510,4.5720,3.6390,0.0000,0.0000,0.0000,70.0597,0.0000,4400.0000,1755.0000,0.0000,25.0000,40.0000,24.0000,16.0000
2.2290,0.6260,0.4250,0.3400,0.2340,0.0000,0.0000,1.1780,1.0000,3.1510,4.5720,3.6390,0.0000,0.0000,0.0000,70.0803,0.0000,4402.0000,1755.0000,0.0000,25.0000,40.0000,24.0000,16.0000
2.2780,0.7190,0.4220,0.3900,0.1980,0.0000,0.0000,1.1370,1.0000,3.1510,4.5720,3.6390,0.0000,0.0000,0.0000,70.0907,0.0000,4403.0000,1755.0000,0.0000,25.0000,40.0000,24.0000,16.0000
2.4860,0.6410,0.3910,0.4080,0.1860,0.0000,0.0000,1.4540,1.0000,3.1510,4.5720,3.6390,0.0000,0.0000,0.0000,70.1004,0.0000,4404.0000,1755.0000,0.0000,25.0000,39.0000,24.0000,16.0000
2.3650,0.8520,0.4500,0.3890,0.2420,0.0000,0.0000,1.0630,1.0000,3.1510,4.5720,3.6390,0.0000,0.0000,0.0000,70.1206,0.0000,4406.0000,1755.0000,0.0000,25.0000,39.0000,24.0000,16.0000
2.1820,0.6880,0.3960,0.4060,0.1660,0.0000,0.0000,1.0980,1.0000,3.1510,4.5720,3.6390,0.0000,0.0000,0.0000,70.1200,0.0000,4406.0000,1755.0000,0.0000,25.0000,38.0000,24.0000,15.0000
2.3660,0.6220,0.4260,0.4290,0.2180,0.0000,0.0000,1.3180,1.0000,3.1510,4.5720,3.6390,0.0000,0.0000,0.0000,70.1499,0.0000,4409.0000,1755.0000,0.0000,25.0000,37.0000,24.0000,15.0000
2.1100,0.7950,0.3760,0.3850,0.1820,0.0000,0.0000,0.9390,1.0000,3.1510,4.5720,3.6390,0.0000,0.0000,0.0000,70.1602,0.0000,4410.0000,1755.0000,0.0000,25.0000,37.0000,24.0000,15.0000
2.0700,0.5600,0.3870,0.3290,0.1860,0.0000,0.0000,1.1230,1.0000,3.1510,4.5720,3.6390,0.0000,0.0000,0.0000,70.1603,0.0000,4410.0000,1755.0000,0.0000,25.0000,37.0000,24.0000,15.0000
2.0310,0.6390,0.3840,0.4470,0.1940,0.0000,0.0000,1.0080,1.0000,3.1510,4.5720,3.6390,0.0000,0.0000,0.0000,70.1604,0.0000,4410.0000,1755.0000,0.0000,25.0000,37.0000,24.0000,15.0000
2.0690,0.6070,0.3810,0.4090,0.1910,0.0000,0.0000,1.0810,1.0000,3.1510,4.5720,3.6390,0.0000,0.0000,0.0000,70.1604,0.0000,4410.0000,1755.0000,0.0000,25.0000,37.0000,24.0000,15.0000
1.9530,0.6710,0.3720,0.4830,0.1520,0.0000,0.0000,0.9100,1.0000,3.1510,4.5720,3.6390,0.0000,0.0000,0.0000,70.1611,0.0000,4410.0000,1755.0000,0.0000,25.0000,38.0000,24.0000,15.0000
2.0040,0.5780,0.3860,0.3870,0.2040,0.0000,0.0000,1.0400,1.0000,3.1510,4.5720,3.6390,0.0000,0.0000,0.0000,70.1576,0.0000,4404.0000,1755.0000,0.0000,25.0000,38.0000,24.0000,15.0000
2.1510,0.6110,0.4230,0.4240,0.2320,0.0000,0.0000,1.1170,1.0000,3.1510,4.5720,3.6390,0.0000,0.0000,0.0000,70.1786,0.0000,4406.0000,1755.0000,0.0000,25.0000,39.0000,24.0000,15.0000
2.2320,0.6610,0.4160,0.3880,0.1930,0.0000,0.0000,1.1550,1.0000,3.1510,4.5720,3.6390,0.0000,0.0000,0.0000,70.1890,0.0000,4407.0000,1755.0000,0.0000,25.0000,39.0000,24.0000,16.0000
1.9570,0.7530,0.3570,0.4070,0.1530,0.0000,0.0000,0.8470,1.0000,3.1510,4.5720,3.6390,0.0000,0.0000,0.0000,70.1891,0.0000,4407.0000,1755.0000,0.0000,25.0000,39.0000,24.0000,16.0000
2.0130,0.5920,0.3610,0.3440,0.1500,0.0000,0.0000,1.0600,1.0000,3.1510,4.5720,3.6390,0.0000,0.0000,0.0000,70.1892,0.0000,4407.0000,1755.0000,0.0000,25.0000,39.0000,24.0000,16.0000
2.0820,0.5880,0.3840,0.3610,0.1820,0.0000,0.0000,1.1100,1.0000,3.1510,4.5720,3.6390,0.0000,0.0000,0.0000,70.1994,0.0000,4408.0000,1755.0000,0.0000,25.0000,39.0000,24.0000,16.0000
2.1660,0.6210,0.3900,0.3430,0.1860,0.0000,0.0000,1.1550,1.0000,3.1510,4.5720,3.6390,0.0000,0.0000,0.0000,70.2097,0.0000,4409.0000,1755.0000,0.0000,25.0000,39.0000,24.0000,16.0000
1.9700,0.5820,0.3510,0.3270,0.1490,0.0000,0.0000,1.0370,1.0000,3.1510,4.5720,3.6390,0.0000,0.0000,0.0000,70.2085,0.0000,4408.0000,1755.0000,0.0000,25.0000,39.0000,24.0000,16.0000
2.0760,0.5370,0.3370,0.3280,0.1480,0.0000,0.0000,1.2020,1.0000,3.1510,4.5720,3.6390,0.0000,0.0000,0.0000,70.2085,0.0000,4408.0000,1755.0000,0.0000,25.0000,39.0000,24.0000,16.0000
2.3170,0.5710,0.3710,0.3600,0.1810,0.0000,0.0000,1.3750,1.0000,3.1510,4.5720,3.6390,0.0000,0.0000,0.0000,70.2188,0.0000,4409.0000,1755.0000,0.0000,25.0000,39.0000,24.0000,15.0000
4.7480,0.6250,0.4920,0.3720,0.2290,0.0000,0.0000,3.6310,1.0000,3.1510,4.5720,3.6390,0.0000,0.0000,0.0000,70.2391,0.0000,4411.0000,1755.0000,0.0000,25.0000,39.0000,24.0000,15.0000
3.1330,0.8330,0.4120,0.5100,0.1960,0.0000,0.0000,1.8880,1.0000,3.1510,4.5720,3.6390,0.0000,0.0000,0.0000,70.2595,0.0000,4413.0000,1755.0000,0.0000,25.0000,39.0000,24.0000,15.0000
2.5750,0.6970,0.6100,0.4170,0.3340,0.0000,0.0000,1.2680,1.0000,3.1510,4.5720,3.6390,0.0000,0.0000,0.0000,69.9297,0.0000,4381.0000,1755.0000,0.0000,25.0000,39.0000,24.0000,15.0000
2.1830,0.7680,0.3940,0.3640,0.1870,0.0000,0.0000,1.0210,1.0000,3.1510,4.5720,3.6390,0.0000,0.0000,0.0000,69.9400,0.0000,4382.0000,1755.0000,0.0000,25.0000,39.0000,24.0000,15.0000
2.0580,0.6510,0.3480,0.3710,0.1510,0.0000,0.0000,1.0590,1.0000,3.1510,4.5720,3.6390,0.0000,0.0000,0.0000,69.9403,0.0000,4382.0000,1755.0000,0.0000,25.0000,39.0000,24.0000,15.0000
2.1650,0.5470,0.4080,0.3410,0.1990,0.0000,0.0000,1.2100,1.0000,3.1510,4.5720,3.6390,0.0000,0.0000,0.0000,69.9710,0.0000,4385.0000,1755.0000,0.0000,25.0000,39.0000,24.0000,15.0000
1.7250,0.6370,0.2850,0.3700,0.1240,0.0000,0.0000,0.8030,1.0000,3.1510,4.5720,3.6390,0.0000,0.0000,0.0000,69.9710,0.0000,4385.0000,1755.0000,0.0000,25.0000,39.0000,24.0000,16.0000
1.7390,0.5130,0.3320,0.3550,0.1610,0.0000,0.0000,0.8940,1.0000,3.1510,4.5720,3.6390,0.0000,0.0000,0.0000,69.9814,0.0000,4386.0000,1755.0000,0.0000,25.0000,39.0000,24.0000,17.0000
1.6480,0.5140,0.2910,0.2870,0.1290,0.0000,0.0000,0.8430,1.0000,3.1510,4.5720,3.6390,0.0000,0.0000,0.0000,69.9814,0.0000,4386.0000,1755.0000,0.0000,25.0000,39.0000,24.0000,17.0000
1.7580,0.5000,0.3480,0.3250,0.1950,0.0000,0.0000,0.9100,1.0000,3.1510,4.5720,3.6390,0.0000,0.0000,0.0000,70.0019,0.0000,4388.0000,1755.0000,0.0000,25.0000,39.0000,24.0000,17.0000
1.8310,0.4980,0.3800,0.2690,0.2150,0.0000,0.0000,0.9530,1.0000,3.1510,4.5720,3.6390,0.0000,0.0000,0.0000,70.0222,0.0000,4390.0000,1755.0000,0.0000,25.0000,39.0000,24.0000,17.0000
1.6210,0.4960,0.2880,0.2660,0.1230,0.0000,0.0000,0.8370,1.0000,3.1510,4.5720,3.6390,0.0000,0.0000,0.0000,70.0223,0.0000,4390.0000,1755.0000,0.0000,25.0000,39.0000,24.0000,17.0000
1.6770,0.4730,0.3040,0.3240,0.1230,0.0000,0.0000,0.9000,1.0000,3.1510,4.5720,3.6390,0.0000,0.0000,0.0000,70.0224,0.0000,4390.0000,1755.0000,0.0000,25.0000,39.0000,24.0000,16.0000
1.6290,0.4780,0.2850,0.3270,0.1270,0.0000,0.0000,0.8660,1.0000,3.1510,4.5720,3.6390,0.0000,0.0000,0.0000,70.0224,0.0000,4390.0000,1755.0000,0.0000,25.0000,39.0000,24.0000,16.0000
1.6810,0.4460,0.3190,0.2940,0.1530,0.0000,0.0000,0.9160,1.0000,3.1510,4.5720,3.6390,0.0000,0.0000,0.0000,70.0327,0.0000,4391.0000,1755.0000,0.0000,25.0000,39.0000,24.0000,16.0000
1.6240,0.4980,0.3070,0.2710,0.1240,0.0000,0.0000,0.8190,1.0000,3.1510,4.5720,3.6390,0.0000,0.0000,0.0000,70.0327,0.0000,4391.0000,1755.0000,0.0000,25.0000,39.0000,24.0000,16.0000
1.9220,0.4600,0.2920,0.2880,0.1240,0.0000,0.0000,1.1700,1.0000,3.1510,4.5720,3.6390,0.0000,0.0000,0.0000,70.0333,0.0000,4391.0000,1755.0000,0.0000,25.0000,39.0000,24.0000,17.0000
2.2520,0.4890,0.5720,0.3320,0.2460,0.0000,0.0000,1.1910,1.0000,3.1510,4.5720,3.6390,0.0000,0.0000,0.0000,70.0530,0.0000,4393.0000,1755.0000,0.0000,25.0000,39.0000,24.0000,17.0000
1.7610,0.5140,0.3650,0.2850,0.2020,0.0000,0.0000,0.8820,1.0000,3.1510,4.5720,3.6390,0.0000,0.0000,0.0000,70.0633,0.0000,4394.0000,1755.0000,0.0000,25.0000,39.0000,24.0000,17.0000
1.7050,0.4650,0.3290,0.2700,0.1710,0.0000,0.0000,0.9110,1.0000,3.1510,4.5720,3.6390,0.0000,0.0000,0.0000,70.0634,0.0000,4394.0000,1755.0000,0.0000,25.0000,39.0000,24.0000,17.0000
1.7580,0.4580,0.3250,0.2930,0.1680,0.0000,0.0000,0.9750,1.0000,3.1510,4.5720,3.6390,0.0000,0.0000,0.0000,70.0739,0.0000,4395.0000,1755.0000,0.0000,25.0000,39.0000,24.0000,18.0000
1.6490,0.6100,0.3200,0.4060,0.1350,0.0000,0.0000,0.7190,1.0000,3.1510,4.5720,3.6390,0.0000,0.0000,0.0000,70.0739,0.0000,4395.0000,1755.0000,0.0000,25.0000,39.0000,24.0000,18.0000
1.7290,0.4810,0.2820,0.3250,0.1270,0.0000,0.0000,0.9660,1.0000,3.1510,4.5720,3.6390,0.0000,0.0000,0.0000,70.0739,0.0000,4395.0000,1755.0000,0.0000,25.0000,39.0000,24.0000,18.0000
1.6060,0.4430,0.3160,0.2820,0.1520,0.0000,0.0000,0.8470,1.0000,3.1510,4.5720,3.6390,0.0000,0.0000,0.0000,70.0835,0.0000,4396.0000,1755.0000,0.0000,25.0000,38.0000,24.0000,18.0000
1.8000,0.5020,0.3700,0.2790,0.1720,0.0000,0.0000,0.9280,1.0000,3.1510,4.5720,3.6390,0.0000,0.0000,0.0000,70.1130,0.0000,4399.0000,1755.0000,0.0000,25.0000,36.0000,24.0000,18.0000
1.7410,0.5830,0.3540,0.3300,0.1970,0.0000,0.0000,0.8040,1.0000,3.1510,4.5720,3.6390,0.0000,0.0000,0.0000,70.1336,0.0000,4401.0000,1755.0000,0.0000,25.0000,36.0000,24.0000,18.0000
1.6080,0.5400,0.3370,0.2880,0.1700,0.0000,0.0000,0.7310,1.0000,3.1510,4.5720,3.6390,0.0000,0.0000,0.0000,70.1338,0.0000,4401.0000,1755.0000,0.0000,25.0000,36.0000,24.0000,18.0000
1.6250,0.4440,0.3110,0.2830,0.1510,0.0000,0.0000,0.8700,1.0000,3.1510,4.5720,3.6390,0.0000,0.0000,0.0000,70.1339,0.0000,4401.0000,1755.0000,0.0000,25.0000,36.0000,24.0000,18.0000
1.7540,0.4700,0.3160,0.3170,0.1620,0.0000,0.0000,0.9680,1.0000,3.1510,4.5720,3.6390,0.0000,0.0000,0.0000,70.1647,0.0000,4404.0000,1755.0000,0.0000,25.0000,36.0000,24.0000,18.0000
1.5430,0.6080,0.2790,0.3330,0.1220,0.0000,0.0000,0.6560,1.0000,3.1510,4.5720,3.6390,0.0000,0.0000,0.0000,70.1647,0.0000,4404.0000,1755.0000,0.0000,25.0000,36.0000,24.0000,18.0000
1.7630,0.4850,0.3420,0.2860,0.1610,0.0000,0.0000,0.9360,1.0000,3.1510,4.5720,3.6390,0.0000,0.0000,0.0000,70.1852,0.0000,4406.0000,1755.0000,0.0000,25.0000,36.0000,24.0000,18.0000
1.6860,0.5370,0.3190,0.3170,0.1570,0.0000,0.0000,0.8300,1.0000,3.1510,4.5720,3.6390,0.0000,0.0000,0.0000,70.1852,0.0000,4406.0000,1755.0000,0.0000,25.0000,36.0000,24.0000,18.0000
1.6170,0.4980,0.3060,0.3150,0.1480,0.0000,0.0000,0.8130,1.0000,3.1510,4.5720,3.6390,0.0000,0.0000,0.0000,70.1956,0.0000,4407.0000,1755.0000,0.0000,25.0000,36.0000,24.0000,18.0000
1.7460,0.4740,0.3220,0.2810,0.1610,0.0000,0.0000,0.9500,1.0000,3.1510,4.5720,3.6390,0.0000,0.0000,0.0000,70.2060,0.0000,4408.0000,1755.0000,0.0000,25.0000,36.0000,24.0000,18.0000
1.6190,0.5630,0.3090,0.3250,0.1550,0.0000,0.0000,0.7470,1.0000,3.1510,4.5720,3.6390,0.0000,0.0000,0.0000,70.2060,0.0000,4408.0000,1755.0000,0.0000,25.0000,36.0000,24.0000,18.0000
1.7270,0.4540,0.3180,0.2920,0.1520,0.0000,0.0000,0.9550,1.0000,3.1510,4.5720,3.6390,0.0000,0.0000,0.0000,70.2162,0.0000,4409.0000,1755.0000,0.0000,25.0000,36.0000,24.0000,18.0000
1.6430,0.5010,0.3080,0.2960,0.1350,0.0000,0.0000,0.8340,1.0000,3.1510,4.5720,3.6390,0.0000,0.0000,0.0000,70.2162,0.0000,4409.0000,1755.0000,0.0000,25.0000,36.0000,24.0000,18.0000
1.7380,0.5200,0.3660,0.3530,0.2000,0.0000,0.0000,0.8520,1.0000,3.1510,4.5720,3.6390,0.0000,0.0000,0.0000,70.2265,0.0000,4410.0000,1755.0000,0.0000,25.0000,36.0000,24.0000,18.0000
1.7250,0.4880,0.3510,0.2950,0.1920,0.0000,0.0000,0.8860,1.0000,3.1510,4.5720,3.6390,0.0000,0.0000,0.0000,70.2368,0.0000,4411.0000,1755.0000,0.0000,25.0000,36.0000,24.0000,18.0000
1.7030,0.4730,0.3410,0.2670,0.1720,0.0000,0.0000,0.8890,1.0000,3.1510,4.5720,3.6390,0.0000,0.0000,0.0000,70.2572,0.0000,4413.0000,1755.0000,0.0000,25.0000,36.0000,24.0000,18.0000
1.6530,0.5550,0.3040,0.2870,0.1230,0.0000,0.0000,0.7940,1.0000,3.1510,4.5720,3.6390,0.0000,0.0000,0.0000,70.2574,0.0000,4413.0000,1755.0000,0.0000,25.0000,36.0000,24.0000,18.0000
1.6700,0.5190,0.3150,0.3520,0.1580,0.0000,0.0000,0.8360,1.0000,3.1510,4.5720,3.6390,0.0000,0.0000,0.0000,70.2777,0.0000,4415.0000,1755.0000,0.0000,25.0000,36.0000,24.0000,18.0000
1.6460,0.5080,0.2960,0.2710,0.1330,0.0000,0.0000,0.8420,1.0000,3.1510,4.5720,3.6390,0.0000,0.0000,0.0000,70.2777,0.0000,4415.0000,1755.0000,0.0000,25.0000,36.0000,24.0000,18.0000
1.5920,0.4730,0.3100,0.3140,0.1210,0.0000,0.0000,0.8090,1.0000,3.1510,4.5720,3.6390,0.0000,0.0000,0.0000,70.2778,0.0000,4415.0000,1755.0000,0.0000,25.0000,36.0000,24.0000,18.0000
1.7780,0.4550,0.3210,0.2930,0.1680,0.0000,0.0000,1.0020,1.0000,3.1510,4.5720,3.6390,0.0000,0.0000,0.0000,70.2981,0.0000,4417.0000,1755.0000,0.0000,25.0000,36.0000,24.0000,18.0000
1.6720,0.5360,0.3110,0.2950,0.1340,0.0000,0.0000,0.8250,1.0000,3.1510,4.5720,3.6390,0.0000,0.0000,0.0000,70.2982,0.0000,4417.0000,1755.0000,0.0000,25.0000,36.0000,24.0000,18.0000
1.7620,0.4780,0.3370,0.2800,0.1560,0.0000,0.0000,0.9470,1.0000,3.1510,4.5720,3.6390,0.0000,0.0000,0.0000,70.3188,0.0000,4419.0000,1755.0000,0.0000,25.0000,36.0000,24.0000,19.0000
1.9840,0.6010,0.3820,0.3760,0.2160,0.0000,0.0000,1.0010,1.0000,3.1510,4.5720,3.6390,0.0000,0.0000,0.0000,70.3593,0.0000,4423.0000,1755.0000,0.0000,25.0000,36.0000,24.0000,18.0000
1.8930,0.6400,0.3560,0.3490,0.2020,0.0000,0.0000,0.8970,1.0000,3.1510,4.5720,3.6390,0.0000,0.0000,0.0000,70.3899,0.0000,4426.0000,1755.0000,0.0000,25.0000,36.0000,24.0000,18.0000
1.7450,0.5640,0.2760,0.2770,0.1200,0.0000,0.0000,0.9050,1.0000,3.1510,4.5720,3.6390,0.0000,0.0000,0.0000,70.3901,0.0000,4426.0000,1755.0000,0.0000,25.0000,36.0000,24.0000,18.0000
1.6390,0.4520,0.2950,0.2750,0.1230,0.0000,0.0000,0.8920,1.0000,3.1510,4.5720,3.6390,0.0000,0.0000,0.0000,70.3902,0.0000,4426.0000,1755.0000,0.0000,25.0000,36.0000,24.0000,18.0000
1.7820,0.4870,0.3660,0.2820,0.1740,0.0000,0.0000,0.9290,1.0000,3.1510,4.5720,3.6390,0.0000,0.0000,0.0000,70.4108,0.0000,4428.0000,1755.0000,0.0000,25.0000,36.0000,24.0000,18.0000
1.7290,0.5640,0.3220,0.3390,0.1590,0.0000,0.0000,0.8430,1.0000,3.1510,4.5720,3.6390,0.0000,0.0000,0.0000,70.4108,0.0000,4428.0000,1755.0000,0.0000,25.0000,36.0000,24.0000,18.0000
1.7840,0.4460,0.3140,0.2730,0.1570,0.0000,0.0000,1.0240,1.0000,3.1510,4.5720,3.6390,0.0000,0.0000,0.0000,70.4321,0.0000,4430.0000,1755.0000,0.0000,25.0000,37.0000,24.0000,18.0000
1.7630,0.5210,0.3610,0.2890,0.1900,0.0000,0.0000,0.8810,1.0000,3.1510,4.5720,3.6390,0.0000,0.0000,0.0000,70.4321,0.0000,4430.0000,1755.0000,0.0000,25.0000,37.0000,24.0000,17.0000
1.7590,0.5100,0.3390,0.2880,0.1690,0.0000,0.0000,0.9100,1.0000,3.1510,4.5720,3.6390,0.0000,0.0000,0.0000,70.4423,0.0000,4431.0000,1755.0000,0.0000,25.0000,37.0000,24.0000,17.0000
2.1660,0.5640,0.3720,0.3480,0.2130,0.0000,0.0000,1.2300,1.0000,3.1510,4.5720,3.6390,0.0000,0.0000,0.0000,70.0008,0.0000,4388.0000,1755.0000,0.0000,25.0000,37.0000,24.0000,17.0000
1.8320,0.6560,0.3630,0.3130,0.1340,0.0000,0.0000,0.8130,1.0000,3.1510,4.5720,3.6390,0.0000,0.0000,0.0000,70.0008,0.0000,4388.0000,1755.0000,0.0000,25.0000,37.0000,24.0000,17.0000
2.3430,0.5570,0.4150,0.3740,0.2200,0.0000,0.0000,1.3710,1.0000,3.1510,4.5720,3.6390,0.0000,0.0000,0.0000,70.0010,0.0000,4388.0000,1755.0000,0.0000,25.0000,37.0000,24.0000,17.0000
2.3310,0.7610,0.4030,0.4530,0.1860,0.0000,0.0000,1.1670,1.0000,3.1510,4.5720,3.6390,0.0000,0.0000,0.0000,70.0017,0.0000,4388.0000,1755.0000,0.0000,25.0000,38.0000,24.0000,17.0000
2.9410,0.6230,0.5770,0.3790,0.3000,0.0000,0.0000,1.7410,1.0000,3.1510,4.5720,3.6390,0.0000,0.0000,0.0000,70.0120,0.0000,4389.0000,1755.0000,0.0000,25.0000,38.0000,24.0000,17.0000
2.3400,0.9520,0.4110,0.6750,0.1730,0.0000,0.0000,0.9770,1.0000,3.1510,4.5720,3.6390,0.0000,0.0000,0.0000,70.0120,0.0000,4389.0000,1755.0000,0.0000,25.0000,38.0000,24.0000,18.0000
2.2420,0.6470,0.4370,0.4350,0.2330,0.0000,0.0000,1.1580,1.0000,3.1510,4.5720,3.6390,0.0000,0.0000,0.0000,70.0223,0.0000,4390.0000,1755.0000,0.0000,25.0000,38.0000,24.0000,18.0000
2.1890,0.6610,0.3770,0.4030,0.1620,0.0000,0.0000,1.1510,1.0000,3.1510,4.5720,3.6390,0.0000,0.0000,0.0000,70.0223,0.0000,4390.0000,1755.0000,0.0000,25.0000,38.0000,24.0000,18.0000
2.1900,0.5850,0.3860,0.3500,0.1890,0.0000,0.0000,1.2190,1.0000,3.1510,4.5720,3.6390,0.0000,0.0000,0.0000,70.0326,0.0000,4391.0000,1755.0000,0.0000,25.0000,38.0000,24.0000,18.0000
2.2340,0.6340,0.4780,0.3380,0.2590,0.0000,0.0000,1.1220,1.0000,3.1510,4.5720,3.6390,0.0000,0.0000,0.0000,70.0429,0.0000,4392.0000,1755.0000,0.0000,25.0000,38.0000,24.0000,17.0000
2.2680,0.6150,0.3700,0.3590,0.1610,0.0000,0.0000,1.2830,1.0000,3.1510,4.5720,3.6390,0.0000,0.0000,0.0000,70.0430,0.0000,4392.0000,1755.0000,0.0000,25.0000,38.0000,24.0000,17.0000
2.6660,0.5710,0.4520,0.3750,0.1710,0.0000,0.0000,1.6430,1.0000,3.1510,4.5720,3.6390,0.0000,0.0000,0.0000,70.0430,0.0000,4392.0000,1755.0000,0.0000,25.0000,38.0000,24.0000,17.0000
2.6030,0.8960,0.5090,0.3340,0.2790,0.0000,0.0000,1.1980,1.0000,3.1510,4.5720,3.6390,0.0000,0.0000,0.0000,70.0634,0.0000,4394.0000,1755.0000,0.0000,25.0000,38.0000,24.0000,16.0000
2.2300,0.8210,0.4060,0.4650,0.1940,0.0000,0.0000,1.0030,1.0000,3.1510,4.5720,3.6390,0.0000,0.0000,0.0000,70.0738,0.0000,4395.0000,1755.0000,0.0000,25.0000,38.0000,24.0000,16.0000
2.4310,0.6650,0.4970,0.3510,0.2850,0.0000,0.0000,1.2690,1.0000,3.1510,4.5720,3.6390,0.0000,0.0000,0.0000,70.0945,0.0000,4397.0000,1755.0000,0.0000,25.0000,38.0000,24.0000,16.0000
2.6080,0.6980,0.4880,0.4020,0.2380,0.0000,0.0000,1.4220,1.0000,3.1510,4.5720,3.6390,0.0000,0.0000,0.0000,70.1253,0.0000,4400.0000,1755.0000,0.0000,25.0000,38.0000,24.0000,16.0000
2.2840,0.9010,0.3950,0.4880,0.1870,0.0000,0.0000,0.9880,1.0000,3.1510,4.5720,3.6390,0.0000,0.0000,0.0000,70.1247,0.0000,4400.0000,1755.0000,0.0000,25.0000,37.0000,24.0000,16.0000
2.4440,0.5880,0.5380,0.3630,0.3220,0.0000,0.0000,1.3180,1.0000,3.1510,4.5720,3.6390,0.0000,0.0000,0.0000,70.1351,0.0000,4401.0000,1755.0000,0.0000,25.0000,37.0000,24.0000,16.0000
2.3180,0.7270,0.4540,0.3520,0.2130,0.0000,0.0000,1.1370,1.0000,3.1510,4.5720,3.6390,0.0000,0.0000,0.0000,70.1557,0.0000,4403.0000,1755.0000,0.0000,25.0000,37.0000,24.0000,16.0000
2.1610,0.6250,0.4360,0.3330,0.2120,0.0000,0.0000,1.1000,1.0000,3.1510,4.5720,3.6390,0.0000,0.0000,0.0000,70.1557,0.0000,4403.0000,1755.0000,0.0000,25.0000,37.0000,24.0000,16.0000
2.1460,0.5540,0.4620,0.3390,0.2460,0.0000,0.0000,1.1300,1.0000,3.1510,4.5720,3.6390,0.0000,0.0000,0.0000,70.1661,0.0000,4404.0000,1755.0000,0.0000,25.0000,37.0000,24.0000,16.0000
2.4180,0.6550,0.3830,0.4140,0.1550,0.0000,0.0000,1.3800,1.0000,3.1510,4.5720,3.6390,0.0000,0.0000,0.0000,70.1661,0.0000,4404.0000,1755.0000,0.0000,25.0000,37.0000,24.0000,15.0000
2.1070,0.6790,0.3500,0.4850,0.1490,0.0000,0.0000,1.0780,1.0000,3.1510,4.5720,3.6390,0.0000,0.0000,0.0000,70.1662,0.0000,4404.0000,1755.0000,0.0000,25.0000,37.0000,24.0000,15.0000
2.3270,0.6280,0.4320,0.3470,0.2390,0.0000,0.0000,1.2670,1.0000,3.1510,4.5720,3.6390,0.0000,0.0000,0.0000,70.1867,0.0000,4406.0000,1755.0000,0.0000,25.0000,37.0000,24.0000,15.0000
2.1490,0.6480,0.4210,0.3400,0.2060,0.0000,0.0000,1.0800,1.0000,3.1510,4.5720,3.6390,0.0000,0.0000,0.0000,70.1867,0.0000,4406.0000,1755.0000,0.0000,25.0000,37.0000,24.0000,15.0000
2.1960,0.6720,0.4260,0.4450,0.1730,0.0000,0.0000,1.0980,1.0000,3.1510,4.5720,3.6390,0.0000,0.0000,0.0000,70.1868,0.0000,4406.0000,1755.0000,0.0000,25.0000,37.0000,24.0000,15.0000
2.3410,0.6710,0.4570,0.4360,0.2070,0.0000,0.0000,1.2130,1.0000,3.1510,4.5720,3.6390,0.0000,0.0000,0.0000,70.2070,0.0000,4408.0000,1755.0000,0.0000,25.0000,37.0000,24.0000,15.0000
2.2390,0.6850,0.4140,0.3350,0.2070,0.0000,0.0000,1.1400,1.0000,3.1510,4.5720,3.6390,0.0000,0.0000,0.0000,70.2272,0.0000,4410.0000,1755.0000,0.0000,25.0000,37.0000,24.0000,15.0000
1.9910,0.6250,0.4020,0.3330,0.1540,0.0000,0.0000,0.9640,1.0000,3.1510,4.5720,3.6390,0.0000,0.0000,0.0000,70.2266,0.0000,4410.0000,1755.0000,0.0000,25.0000,36.0000,24.0000,15.0000
2.6620,0.5640,0.3920,0.3460,0.1960,0.0000,0.0000,1.7060,1.0000,3.1510,4.5720,3.6390,0.0000,0.0000,0.0000,70.2362,0.0000,4411.0000,1755.0000,0.0000,25.0000,35.0000,24.0000,16.0000
2.4730,0.7250,0.6570,0.4680,0.4470,0.0000,0.0000,1.0910,1.0000,3.1510,4.5720,3.6390,0.0000,0.0000,0.0000,70.2554,0.0000,4413.0000,1755.0000,0.0000,25.0000,36.0000,24.0000,16.0000
2.2340,0.5980,0.4710,0.3440,0.2570,0.0000,0.0000,1.1650,1.0000,3.1510,4.5720,3.6390,0.0000,0.0000,0.0000,70.2651,0.0000,4414.0000,1755.0000,0.0000,25.0000,35.0000,24.0000,16.0000
2.1320,0.7160,0.3740,0.4040,0.1500,0.0000,0.0000,1.0420,1.0000,3.1510,4.5720,3.6390,0.0000,0.0000,0.0000,70.2644,0.0000,4414.0000,1755.0000,0.0000,25.0000,34.0000,24.0000,16.0000
2.3050,0.7680,0.4130,0.4100,0.1990,0.0000,0.0000,1.1240,1.0000,3.1510,4.5720,3.6390,0.0000,0.0000,0.0000,70.2854,0.0000,4416.0000,1755.0000,0.0000,25.0000,35.0000,24.0000,16.0000
2.0500,0.7060,0.3550,0.3430,0.1500,0.0000,0.0000,0.9890,1.0000,3.1510,4.5720,3.6390,0.0000,0.0000,0.0000,70.2847,0.0000,4416.0000,1755.0000,0.0000,25.0000,34.0000,24.0000,16.0000
2.1260,0.5560,0.4150,0.3300,0.2130,0.0000,0.0000,1.1550,1.0000,3.1510,4.5720,3.6390,0.0000,0.0000,0.0000,70.2848,0.0000,4416.0000,1755.0000,0.0000,25.0000,34.0000,24.0000,16.0000
2.4060,0.5990,0.4080,0.3840,0.2100,0.0000,0.0000,1.3990,1.0000,3.1510,4.5720,3.6390,0.0000,0.0000,0.0000,70.3060,0.0000,4418.0000,1755.0000,0.0000,25.0000,35.0000,24.0000,16.0000
2.2540,0.7060,0.4370,0.4150,0.1990,0.0000,0.0000,1.1110,1.0000,3.1510,4.5720,3.6390,0.0000,0.0000,0.0000,70.3266,0.0000,4420.0000,1755.0000,0.0000,25.0000,35.0000,24.0000,16.0000
2.4840,0.6900,0.4110,0.3410,0.2000,0.0000,0.0000,1.3830,1.0000,3.1510,4.5720,3.6390,0.0000,0.0000,0.0000,70.3571,0.0000,4423.0000,1755.0000,0.0000,25.0000,35.0000,24.0000,16.0000
2.5960,0.7540,0.4500,0.4100,0.2220,0.0000,0.0000,1.3920,1.0000,3.1510,4.5720,3.6390,0.0000,0.0000,0.0000,70.3566,0.0000,4423.0000,1755.0000,0.0000,25.0000,34.0000,24.0000,16.0000
2.4650,0.6240,0.3740,0.4110,0.1500,0.0000,0.0000,1.4670,1.0000,3.1510,4.5720,3.6390,0.0000,0.0000,0.0000,70.3567,0.0000,4423.0000,1755.0000,0.0000,25.0000,34.0000,24.0000,16.0000
2.3780,0.7400,0.4660,0.4430,0.2470,0.0000,0.0000,1.1720,1.0000,3.1510,4.5720,3.6390,0.0000,0.0000,0.0000,70.3764,0.0000,4425.0000,1755.0000,0.0000,25.0000,34.0000,24.0000,16.0000
2.1240,0.7170,0.3510,0.4010,0.1520,0.0000,0.0000,1.0560,1.0000,3.1510,4.5720,3.6390,0.0000,0.0000,0.0000,69.9559,0.0000,4384.0000,1755.0000,0.0000,25.0000,34.0000,24.0000,15.0000
2.5450,0.6460,0.4200,0.3580,0.1960,0.0000,0.0000,1.4790,1.0000,3.1510,4.5720,3.6390,0.0000,0.0000,0.0000,69.9663,0.0000,4385.0000,1755.0000,0.0000,25.0000,34.0000,24.0000,15.0000
2.5590,0.7780,0.4970,0.4890,0.2050,0.0000,0.0000,1.2840,1.0000,3.1510,4.5720,3.6390,0.0000,0.0000,0.0000,69.9765,0.0000,4386.0000,1755.0000,0.0000,25.0000,34.0000,24.0000,15.0000
4.2500,0.7120,0.4970,0.4590,0.2390,0.0000,0.0000,3.0410,1.0000,3.1510,4.5720,3.6390,0.0000,0.0000,0.0000,69.9766,0.0000,4386.0000,1755.0000,0.0000,25.0000,34.0000,24.0000,15.0000
2.4870,0.7510,0.5280,0.5200,0.2650,0.0000,0.0000,1.2080,1.0000,3.1510,4.5720,3.6390,0.0000,0.0000,0.0000,69.9901,0.0000,4387.0000,1755.0000,0.0000,25.0000,33.0000,24.0000,15.0000
2.1990,0.6750,0.4150,0.4310,0.2230,0.0000,0.0000,1.1090,1.0000,3.1510,4.5720,3.6390,0.0000,0.0000,0.0000,70.0103,0.0000,4389.0000,1755.0000,0.0000,25.0000,33.0000,24.0000,14.0000
1.9560,0.7050,0.3650,0.3760,0.1490,0.0000,0.0000,0.8860,1.0000,3.1510,4.5720,3.6390,0.0000,0.0000,0.0000,70.0104,0.0000,4389.0000,1755.0000,0.0000,25.0000,33.0000,24.0000,14.0000
2.1330,0.5490,0.3310,0.3160,0.1450,0.0000,0.0000,1.2530,1.0000,3.1510,4.5720,3.6390,0.0000,0.0000,0.0000,70.0105,0.0000,4389.0000,1755.0000,0.0000,25.0000,33.0000,24.0000,14.0000
1.9350,0.6490,0.4100,0.3830,0.1830,0.0000,0.0000,0.8760,1.0000,3.1510,4.5720,3.6390,0.0000,0.0000,0.0000,70.0105,0.0000,4389.0000,1755.0000,0.0000,25.0000,33.0000,24.0000,14.0000
1.9080,0.5020,0.3320,0.3040,0.1410,0.0000,0.0000,1.0740,1.0000,3.1510,4.5720,3.6390,0.0000,0.0000,0.0000,70.0105,0.0000,4389.0000,1755.0000,0.0000,25.0000,33.0000,24.0000,14.0000
1.9140,0.5410,0.3740,0.3150,0.1860,0.0000,0.0000,0.9990,1.0000,3.1510,4.5720,3.6390,0.0000,0.0000,0.0000,70.0208,0.0000,4390.0000,1755.0000,0.0000,25.0000,33.0000,24.0000,14.0000
1.8350,0.6000,0.3160,0.3430,0.1380,0.0000,0.0000,0.9190,1.0000,3.1510,4.5720,3.6390,0.0000,0.0000,0.0000,70.0208,0.0000,4390.0000,1755.0000,0.0000,25.0000,33.0000,24.0000,15.0000
1.9910,0.5400,0.4440,0.3740,0.1980,0.0000,0.0000,1.0070,1.0000,3.1510,4.5720,3.6390,0.0000,0.0000,0.0000,70.0514,0.0000,4393.0000,1755.0000,0.0000,25.0000,33.0000,24.0000,15.0000
2.0210,0.6050,0.3560,0.2910,0.1430,0.0000,0.0000,1.0600,1.0000,3.1510,4.5720,3.6390,0.0000,0.0000,0.0000,70.0522,0.0000,4393.0000,1755.0000,0.0000,25.0000,34.0000,24.0000,15.0000
1.9950,0.6060,0.3660,0.4000,0.1430,0.0000,0.0000,1.0230,1.0000,3.1510,4.5720,3.6390,0.0000,0.0000,0.0000,70.0523,0.0000,4393.0000,1755.0000,0.0000,25.0000,34.0000,24.0000,14.0000
2.0260,0.6330,0.3660,0.4160,0.1400,0.0000,0.0000,1.0270,1.0000,3.1510,4.5720,3.6390,0.0000,0.0000,0.0000,70.0523,0.0000,4393.0000,1755.0000,0.0000,25.0000,34.0000,24.0000,14.0000
1.9590,0.5490,0.3930,0.3690,0.1690,0.0000,0.0000,1.0170,1.0000,3.1510,4.5720,3.6390,0.0000,0.0000,0.0000,70.0626,0.0000,4394.0000,1755.0000,0.0000,25.0000,34.0000,24.0000,14.0000
1.9090,0.5530,0.3860,0.3310,0.1770,0.0000,0.0000,0.9700,1.0000,3.1510,4.5720,3.6390,0.0000,0.0000,0.0000,70.0728,0.0000,4395.0000,1755.0000,0.0000,25.0000,34.0000,24.0000,14.0000
1.9880,0.5470,0.3790,0.3350,0.1720,0.0000,0.0000,1.0620,1.0000,3.1510,4.5720,3.6390,0.0000,0.0000,0.0000,70.0934,0.0000,4397.0000,1755.0000,0.0000,25.0000,34.0000,24.0000,14.0000
2.0160,0.5940,0.4040,0.3440,0.1810,0.0000,0.0000,1.0180,1.0000,3.1510,4.5720,3.6390,0.0000,0.0000,0.0000,70.1140,0.0000,4399.0000,1755.0000,0.0000,25.0000,34.0000,24.0000,14.0000
1.6010,0.5850,0.3610,0.3360,0.1410,0.0000,0.0000,0.6550,1.0000,3.1510,4.5720,3.6390,0.0000,0.0000,0.0000,70.1141,0.0000,4399.0000,1755.0000,0.0000,25.0000,34.0000,24.0000,14.0000
1.6080,0.4490,0.3220,0.2790,0.1360,0.0000,0.0000,0.8370,1.0000,3.1510,4.5720,3.6390,0.0000,0.0000,0.0000,70.1142,0.0000,4399.0000,1755.0000,0.0000,25.0000,34.0000,24.0000,14.0000
1.7100,0.5030,0.3400,0.3160,0.1660,0.0000,0.0000,0.8670,1.0000,3.1510,4.5720,3.6390,0.0000,0.0000,0.0000,70.1245,0.0000,4400.0000,1755.0000,0.0000,25.0000,34.0000,24.0000,14.0000
1.8720,0.5150,0.3820,0.3080,0.2090,0.0000,0.0000,0.9750,1.0000,3.1510,4.5720,3.6390,0.0000,0.0000,0.0000,70.1348,0.0000,4401.0000,1755.0000,0.0000,25.0000,34.0000,24.0000,14.0000
2.0020,0.6390,0.4810,0.3780,0.2580,0.0000,0.0000,0.8820,1.0000,3.1510,4.5720,3.6390,0.0000,0.0000,0.0000,70.1550,0.0000,4403.0000,1755.0000,0.0000,25.0000,34.0000,24.0000,14.0000
1.6610,0.6260,0.3170,0.3260,0.1360,0.0000,0.0000,0.7180,1.0000,3.1510,4.5720,3.6390,0.0000,0.0000,0.0000,70.1551,0.0000,4403.0000,1755.0000,0.0000,25.0000,34.0000,24.0000,14.0000
1.7400,0.4860,0.3660,0.3030,0.1790,0.0000,0.0000,0.8880,1.0000,3.1510,4.5720,3.6390,0.0000,0.0000,0.0000,70.1552,0.0000,4403.0000,1755.0000,0.0000,25.0000,34.0000,24.0000,14.0000
1.7320,0.5300,0.3540,0.2910,0.1680,0.0000,0.0000,0.8480,1.0000,3.1510,4.5720,3.6390,0.0000,0.0000,0.0000,70.1662,0.0000,4404.0000,1755.0000,0.0000,25.0000,35.0000,24.0000,14.0000
1.7570,0.5340,0.3400,0.3290,0.1720,0.0000,0.0000,0.8830,1.0000,3.1510,4.5720,3.6390,0.0000,0.0000,0.0000,70.1662,0.0000,4404.0000,1755.0000,0.0000,25.0000,35.0000,24.0000,14.0000
1.7690,0.5400,0.3570,0.3100,0.1340,0.0000,0.0000,0.8720,1.0000,3.1510,4.5720,3.6390,0.0000,0.0000,0.0000,70.1662,0.0000,4404.0000,1755.0000,0.0000,25.0000,35.0000,24.0000,14.0000
2.8900,0.4850,0.3600,0.3040,0.1670,0.0000,0.0000,2.0450,1.0000,3.1510,4.5720,3.6390,0.0000,0.0000,0.0000,70.1772,0.0000,4405.0000,1755.0000,0.0000,25.0000,36.0000,24.0000,14.0000
2.4020,0.5480,0.4620,0.2940,0.2220,0.0000,0.0000,1.3920,1.0000,3.1510,4.5720,3.6390,0.0000,0.0000,0.0000,70.1874,0.0000,4406.0000,1755.0000,0.0000,25.0000,36.0000,24.0000,14.0000
2.0870,0.6300,0.3860,0.3500,0.1590,0.0000,0.0000,1.0710,1.0000,3.1510,4.5720,3.6390,0.0000,0.0000,0.0000,70.1875,0.0000,4406.0000,1755.0000,0.0000,25.0000,36.0000,24.0000,14.0000
2.1140,0.6970,0.4590,0.4900,0.2550,0.0000,0.0000,0.9580,1.0000,3.1510,4.5720,3.6390,0.0000,0.0000,0.0000,70.2078,0.0000,4408.0000,1755.0000,0.0000,25.0000,36.0000,24.0000,14.0000
2.0180,0.6840,0.3950,0.3950,0.1570,0.0000,0.0000,0.9390,1.0000,3.1510,4.5720,3.6390,0.0000,0.0000,0.0000,70.2078,0.0000,4408.0000,1755.0000,0.0000,25.0000,36.0000,24.0000,14.0000
2.0640,0.6560,0.4580,0.3920,0.2070,0.0000,0.0000,0.9500,1.0000,3.1510,4.5720,3.6390,0.0000,0.0000,0.0000,70.2181,0.0000,4409.0000,1755.0000,0.0000,25.0000,36.0000,24.0000,14.0000
2.0930,0.6460,0.4200,0.3970,0.1740,0.0000,0.0000,1.0270,1.0000,3.1510,4.5720,3.6390,0.0000,0.0000,0.0000,70.2192,0.0000,4409.0000,1755.0000,0.0000,25.0000,37.0000,24.0000,14.0000
1.9540,0.7220,0.4000,0.4660,0.1680,0.0000,0.0000,0.8320,1.0000,3.1510,4.5720,3.6390,0.0000,0.0000,0.0000,70.2199,0.0000,4409.0000,1755.0000,0.0000,25.0000,38.0000,24.0000,14.0000
1.9620,0.6220,0.3960,0.4170,0.1670,0.0000,0.0000,0.9440,1.0000,3.1510,4.5720,3.6390,0.0000,0.0000,0.0000,70.2199,0.0000,4409.0000,1755.0000,0.0000,25.0000,38.0000,24.0000,15.0000
2.0980,0.6530,0.4630,0.3980,0.2180,0.0000,0.0000,0.9820,1.0000,3.1510,4.5720,3.6390,0.0000,0.0000,0.0000,70.2316,0.0000,4410.0000,1755.0000,0.0000,25.0000,38.0000,24.0000,15.0000
2.0310,0.6410,0.4010,0.3550,0.1750,0.0000,0.0000,0.9890,1.0000,3.1510,4.5720,3.6390,0.0000,0.0000,0.0000,70.2316,0.0000,4410.0000,1755.0000,0.0000,25.0000,38.0000,24.0000,15.0000
2.2720,0.5930,0.4480,0.3540,0.2270,0.0000,0.0000,1.2310,1.0000,3.1510,4.5720,3.6390,0.0000,0.0000,0.0000,70.2830,0.0000,4415.0000,1755.0000,0.0000,25.0000,39.0000,24.0000,15.0000
2.3750,0.8230,0.5010,0.3440,0.2780,0.0000,0.0000,1.0510,1.0000,3.1510,4.5720,3.6390,0.0000,0.0000,0.0000,70.3238,0.0000,4419.0000,1755.0000,0.0000,25.0000,39.0000,24.0000,15.0000
2.4460,0.7590,0.3920,0.3440,0.1930,0.0000,0.0000,1.2950,1.0000,3.1510,4.5720,3.6390,0.0000,0.0000,0.0000,70.3240,0.0000,4419.0000,1755.0000,0.0000,25.0000,39.0000,24.0000,15.0000
2.1170,0.9950,0.3840,0.4100,0.1580,0.0000,0.0000,0.7380,1.0000,3.1510,4.5720,3.6390,0.0000,0.0000,0.0000,70.3239,0.0000,4419.0000,1755.0000,0.0000,25.0000,39.0000,24.0000,14.0000
2.7030,0.6310,0.3900,0.3680,0.1890,0.0000,0.0000,1.6820,1.0000,3.1510,4.5720,3.6390,0.0000,0.0000,0.0000,69.9450,0.0000,4382.0000,1755.0000,0.0000,25.0000,39.0000,24.0000,14.0000
2.4750,0.9540,0.5840,0.6150,0.2070,0.0000,0.0000,0.9370,1.0000,3.1510,4.5720,3.6390,0.0000,0.0000,0.0000,69.9449,0.0000,4382.0000,1755.0000,0.0000,25.0000,39.0000,24.0000,14.0000
2.4360,0.6280,0.5220,0.3420,0.2740,0.0000,0.0000,1.2860,1.0000,3.1510,4.5720,3.6390,0.0000,0.0000,0.0000,69.9552,0.0000,4383.0000,1755.0000,0.0000,25.0000,39.0000,24.0000,14.0000
2.6480,0.7650,0.4770,0.4310,0.2340,0.0000,0.0000,1.4060,1.0000,3.1510,4.5720,3.6390,0.0000,0.0000,0.0000,69.9656,0.0000,4384.0000,1755.0000,0.0000,25.0000,39.0000,24.0000,13.0000
2.3280,0.8940,0.4490,0.5020,0.1890,0.0000,0.0000,0.9850,1.0000,3.1510,4.5720,3.6390,0.0000,0.0000,0.0000,69.9657,0.0000,4384.0000,1755.0000,0.0000,25.0000,39.0000,24.0000,13.0000
2.4770,0.6740,0.5570,0.4420,0.2670,0.0000,0.0000,1.2460,1.0000,3.1510,4.5720,3.6390,0.0000,0.0000,0.0000,69.9853,0.0000,4386.0000,1755.0000,0.0000,25.0000,38.0000,24.0000,14.0000
2.2200,0.7040,0.3800,0.3410,0.1630,0.0000,0.0000,1.1360,1.0000,3.1510,4.5720,3.6390,0.0000,0.0000,0.0000,69.9853,0.0000,4386.0000,1755.0000,0.0000,25.0000,38.0000,24.0000,13.0000
2.4620,0.5480,0.5580,0.3550,0.2780,0.0000,0.0000,1.3560,1.0000,3.1510,4.5720,3.6390,0.0000,0.0000,0.0000,69.9856,0.0000,4386.0000,1755.0000,0.0000,25.0000,38.0000,24.0000,13.0000
2.2140,0.7220,0.4490,0.4470,0.1730,0.0000,0.0000,1.0430,1.0000,3.1510,4.5720,3.6390,0.0000,0.0000,0.0000,69.9856,0.0000,4386.0000,1755.0000,0.0000,25.0000,38.0000,24.0000,13.0000
2.2670,0.6200,0.4570,0.3700,0.1940,0.0000,0.0000,1.1900,1.0000,3.1510,4.5720,3.6390,0.0000,0.0000,0.0000,69.9856,0.0000,4386.0000,1755.0000,0.0000,25.0000,38.0000,24.0000,13.0000
2.6250,0.5970,0.3770,0.3670,0.1630,0.0000,0.0000,1.6510,1.0000,3.1510,4.5720,3.6390,0.0000,0.0000,0.0000,69.9856,0.0000,4386.0000,1755.0000,0.0000,25.0000,38.0000,24.0000,13.0000
3.1910,0.8520,0.7800,0.5560,0.3500,0.0000,0.0000,1.5590,1.0000,3.1510,4.5720,3.6390,0.0000,0.0000,0.0000,69.9958,0.0000,4387.0000,1755.0000,0.0000,25.0000,38.0000,24.0000,13.0000
3.3690,0.7980,0.7150,0.4980,0.3310,0.0000,0.0000,1.8560,1.0000,3.1510,4.5720,3.6390,0.0000,0.0000,0.0000,69.9958,0.0000,4387.0000,1755.0000,0.0000,25.0000,38.0000,24.0000,13.0000
4.0950,0.8720,0.6310,0.5820,0.3060,0.0000,0.0000,2.5920,1.0000,3.1510,4.5720,3.6390,0.0000,0.0000,0.0000,70.0062,0.0000,4388.0000,1755.0000,0.0000,25.0000,38.0000,24.0000,13.0000
3.0850,1.3560,0.5780,0.8980,0.2460,0.0000,0.0000,1.1510,1.0000,3.1510,4.5720,3.6390,0.0000,0.0000,0.0000,70.0062,0.0000,4388.0000,1755.0000,0.0000,25.0000,38.0000,24.0000,13.0000
3.8100,0.7530,0.4870,0.4320,0.2050,0.0000,0.0000,2.5700,1.0000,3.1510,4.5720,3.6390,0.0000,0.0000,0.0000,70.0062,0.0000,4388.0000,1755.0000,0.0000,25.0000,38.0000,24.0000,13.0000
3.2630,1.3880,0.6050,0.9520,0.2660,0.0000,0.0000,1.2700,1.0000,3.1510,4.5720,3.6390,0.0000,0.0000,0.0000,70.0062,0.0000,4388.0000,1755.0000,0.0000,25.0000,38.0000,24.0000,13.0000
3.9800,0.9890,0.5620,0.6780,0.2450,0.0000,0.0000,2.4290,1.0000,3.1510,4.5720,3.6390,0.0000,0.0000,0.0000,70.0264,0.0000,4390.0000,1755.0000,0.0000,25.0000,38.0000,24.0000,13.0000
3.0870,1.4750,0.6850,0.9500,0.2760,0.0000,0.0000,0.9270,1.0000,3.1510,4.5720,3.6390,0.0000,0.0000,0.0000,70.0275,0.0000,4391.0000,1755.0000,0.0000,25.0000,39.0000,24.0000,13.0000
3.5040,0.7950,0.5530,0.5080,0.3070,0.0000,0.0000,2.1560,1.0000,3.1510,4.5720,3.6390,0.0000,0.0000,0.0000,70.0481,0.0000,4393.0000,1755.0000,0.0000,25.0000,39.0000,24.0000,13.0000
3.3230,1.0330,0.6610,0.6190,0.3790,0.0000,0.0000,1.6290,1.0000,3.1510,4.5720,3.6390,0.0000,0.0000,0.0000,70.0693,0.0000,4395.0000,1755.0000,0.0000,25.0000,40.0000,24.0000,14.0000
4.0990,0.8630,0.5670,0.4300,0.2790,0.0000,0.0000,2.6690,1.0000,3.1510,4.5720,3.6390,0.0000,0.0000,0.0000,70.0811,0.0000,4396.0000,1755.0000,0.0000,25.0000,40.0000,24.0000,14.0000
3.4010,1.4210,0.5960,0.8300,0.2770,0.0000,0.0000,1.3840,1.0000,3.1510,4.5720,3.6390,0.0000,0.0000,0.0000,70.0914,0.0000,4397.0000,1755.0000,0.0000,25.0000,40.0000,24.0000,14.0000
4.1440,1.1180,0.5610,0.5730,0.3240,0.0000,0.0000,2.4650,1.0000,3.1510,4.5720,3.6390,0.0000,0.0000,0.0000,70.1017,0.0000,4398.0000,1755.0000,0.0000,25.0000,40.0000,24.0000,14.0000
3.4490,1.2890,0.6990,0.8870,0.3420,0.0000,0.0000,1.4610,1.0000,3.1510,4.5720,3.6390,0.0000,0.0000,0.0000,70.1221,0.0000,4400.0000,1755.0000,0.0000,25.0000,40.0000,24.0000,14.0000
3.9940,1.0740,0.5870,0.6050,0.2940,0.0000,0.0000,2.3330,1.0000,3.1510,4.5720,3.6390,0.0000,0.0000,0.0000,70.1428,0.0000,4402.0000,1755.0000,0.0000,25.0000,40.0000,24.0000,15.0000
3.5500,1.3230,0.7850,0.8480,0.4190,0.0000,0.0000,1.4420,1.0000,3.1510,4.5720,3.6390,0.0000,0.0000,0.0000,70.1531,0.0000,4403.0000,1755.0000,0.0000,25.0000,40.0000,24.0000,14.0000
3.9620,0.8750,0.4340,0.5130,0.2010,0.0000,0.0000,2.6530,1.0000,3.1510,4.5720,3.6390,0.0000,0.0000,0.0000,70.1532,0.0000,4403.0000,1755.0000,0.0000,25.0000,40.0000,24.0000,14.0000
3.3240,1.4830,0.6320,1.0010,0.3180,0.0000,0.0000,1.2090,1.0000,3.1510,4.5720,3.6390,0.0000,0.0000,0.0000,70.1636,0.0000,4404.0000,1755.0000,0.0000,25.0000,40.0000,24.0000,14.0000
6.7650,1.0630,0.5020,0.5090,0.2200,0.0000,0.0000,5.2000,1.0000,3.1510,4.5720,3.6390,0.0000,0.0000,0.0000,70.1636,0.0000,4404.0000,1755.0000,0.0000,25.0000,40.0000,24.0000,14.0000
2.2990,1.3680,0.3800,0.9920,0.1590,0.0000,0.0000,0.5510,1.0000,3.1510,4.5720,3.6390,0.0000,0.0000,0.0000,70.1628,0.0000,4404.0000,1755.0000,0.0000,25.0000,40.0000,24.0000,14.0000
2.7150,0.6750,0.4900,0.4460,0.1770,0.0000,0.0000,1.5500,1.0000,3.1510,4.5720,3.6390,0.0000,0.0000,0.0000,69.8639,0.0000,4375.0000,1755.0000,0.0000,25.0000,40.0000,24.0000,14.0000
2.0180,0.6880,0.3260,0.4390,0.1320,0.0000,0.0000,1.0040,1.0000,3.1510,4.5720,3.6390,0.0000,0.0000,0.0000,69.8639,0.0000,4375.0000,1755.0000,0.0000,25.0000,40.0000,24.0000,14.0000
1.9570,0.4840,0.3560,0.3210,0.1780,0.0000,0.0000,1.1170,1.0000,3.1510,4.5720,3.6390,0.0000,0.0000,0.0000,69.8639,0.0000,4375.0000,1755.0000,0.0000,25.0000,40.0000,24.0000,14.0000
1.9130,0.4500,0.3130,0.2980,0.1510,0.0000,0.0000,1.1500,1.0000,3.1510,4.5720,3.6390,0.0000,0.0000,0.0000,69.8735,0.0000,4376.0000,1755.0000,0.0000,25.0000,39.0000,24.0000,14.0000
2.7670,0.4630,0.5610,0.2800,0.2370,0.0000,0.0000,1.7430,1.0000,3.1510,4.5720,3.6390,0.0000,0.0000,0.0000,69.8735,0.0000,4376.0000,1755.0000,0.0000,25.0000,39.0000,24.0000,13.0000
2.5920,0.6350,0.3890,0.4350,0.1640,0.0000,0.0000,1.5680,1.0000,3.1510,4.5720,3.6390,0.0000,0.0000,0.0000,69.8736,0.0000,4376.0000,1755.0000,0.0000,25.0000,39.0000,24.0000,14.0000
2.4670,0.6070,0.4530,0.3700,0.2400,0.0000,0.0000,1.4070,1.0000,3.1510,4.5720,3.6390,0.0000,0.0000,0.0000,69.8743,0.0000,4376.0000,1755.0000,0.0000,25.0000,40.0000,24.0000,13.0000
2.4160,0.6000,0.4600,0.4010,0.2010,0.0000,0.0000,1.3560,1.0000,3.1510,4.5720,3.6390,0.0000,0.0000,0.0000,69.8845,0.0000,4377.0000,1755.0000,0.0000,25.0000,40.0000,24.0000,13.0000
2.5890,0.5730,0.4840,0.3300,0.2120,0.0000,0.0000,1.5320,1.0000,3.1510,4.5720,3.6390,0.0000,0.0000,0.0000,69.8845,0.0000,4377.0000,1755.0000,0.0000,25.0000,40.0000,24.0000,13.0000
2.5290,0.6740,0.4250,0.4890,0.1620,0.0000,0.0000,1.4300,1.0000,3.1510,4.5720,3.6390,0.0000,0.0000,0.0000,69.8846,0.0000,4377.0000,1755.0000,0.0000,25.0000,40.0000,24.0000,13.0000
2.3420,0.7210,0.4300,0.3680,0.2180,0.0000,0.0000,1.1910,1.0000,3.1510,4.5720,3.6390,0.0000,0.0000,0.0000,69.8839,0.0000,4377.0000,1755.0000,0.0000,25.0000,39.0000,24.0000,13.0000
2.4010,0.6370,0.4280,0.3920,0.2180,0.0000,0.0000,1.3360,1.0000,3.1510,4.5720,3.6390,0.0000,0.0000,0.0000,69.9044,0.0000,4379.0000,1755.0000,0.0000,25.0000,39.0000,24.0000,13.0000
2.7780,0.6330,0.4560,0.3280,0.2640,0.0000,0.0000,1.6890,1.0000,3.1510,4.5720,3.6390,0.0000,0.0000,0.0000,69.9350,0.0000,4382.0000,1755.0000,0.0000,25.0000,39.0000,24.0000,13.0000
2.4730,0.8780,0.4150,0.4480,0.1940,0.0000,0.0000,1.1800,1.0000,3.1510,4.5720,3.6390,0.0000,0.0000,0.0000,69.9454,0.0000,4383.0000,1755.0000,0.0000,25.0000,39.0000,24.0000,12.0000
2.5450,0.5550,0.6520,0.3130,0.4560,0.0000,0.0000,1.3380,1.0000,3.1510,4.5720,3.6390,0.0000,0.0000,0.0000,69.9456,0.0000,4383.0000,1755.0000,0.0000,25.0000,39.0000,24.0000,12.0000
2.2240,0.6120,0.3850,0.4200,0.1890,0.0000,0.0000,1.2270,1.0000,3.1510,4.5720,3.6390,0.0000,0.0000,0.0000,69.9659,0.0000,4385.0000,1755.0000,0.0000,25.0000,39.0000,24.0000,12.0000
2.3380,0.6000,0.4450,0.3100,0.2470,0.0000,0.0000,1.2930,1.0000,3.1510,4.5720,3.6390,0.0000,0.0000,0.0000,69.9659,0.0000,4385.0000,1755.0000,0.0000,25.0000,39.0000,24.0000,12.0000
2.5160,0.5250,0.5080,0.3220,0.2300,0.0000,0.0000,1.4830,1.0000,3.1510,4.5720,3.6390,0.0000,0.0000,0.0000,69.9865,0.0000,4387.0000,1755.0000,0.0000,25.0000,39.0000,24.0000,11.0000
2.2390,0.6650,0.4010,0.3430,0.2040,0.0000,0.0000,1.1730,1.0000,3.1510,4.5720,3.6390,0.0000,0.0000,0.0000,70.0067,0.0000,4389.0000,1755.0000,0.0000,25.0000,39.0000,24.0000,11.0000
2.2930,0.6610,0.3750,0.3780,0.1610,0.0000,0.0000,1.2570,1.0000,3.1510,4.5720,3.6390,0.0000,0.0000,0.0000,70.0061,0.0000,4389.0000,1755.0000,0.0000,25.0000,38.0000,24.0000,11.0000
2.3830,0.5070,0.4540,0.3160,0.2110,0.0000,0.0000,1.4220,1.0000,3.1510,4.5720,3.6390,0.0000,0.0000,0.0000,70.0165,0.0000,4390.0000,1755.0000,0.0000,25.0000,38.0000,24.0000,11.0000
2.3050,0.7340,0.3870,0.4500,0.1620,0.0000,0.0000,1.1840,1.0000,3.1510,4.5720,3.6390,0.0000,0.0000,0.0000,70.0165,0.0000,4390.0000,1755.0000,0.0000,25.0000,38.0000,24.0000,11.0000
2.2600,0.5340,0.4040,0.3170,0.1560,0.0000,0.0000,1.3220,1.0000,3.1510,4.5720,3.6390,0.0000,0.0000,0.0000,70.0166,0.0000,4390.0000,1755.0000,0.0000,25.0000,38.0000,24.0000,11.0000
2.2110,0.5070,0.3730,0.3150,0.1540,0.0000,0.0000,1.3310,1.0000,3.1510,4.5720,3.6390,0.0000,0.0000,0.0000,70.0166,0.0000,4390.0000,1755.0000,0.0000,25.0000,38.0000,24.0000,11.0000
2.1300,0.5590,0.3670,0.3740,0.1700,0.0000,0.0000,1.2040,1.0000,3.1510,4.5720,3.6390,0.0000,0.0000,0.0000,70.0166,0.0000,4390.0000,1755.0000,0.0000,25.0000,38.0000,24.0000,11.0000
2.5250,0.5680,0.4510,0.3850,0.2440,0.0000,0.0000,1.5060,1.0000,3.1510,4.5720,3.6390,0.0000,0.0000,0.0000,70.0167,0.0000,4390.0000,1755.0000,0.0000,25.0000,38.0000,24.0000,12.0000
2.1810,0.8310,0.4310,0.5650,0.2090,0.0000,0.0000,0.9190,1.0000,3.1510,4.5720,3.6390,0.0000,0.0000,0.0000,70.0167,0.0000,4390.0000,1755.0000,0.0000,25.0000,38.0000,24.0000,13.0000
2.4850,0.5640,0.4350,0.3670,0.1790,0.0000,0.0000,1.4860,1.0000,3.1510,4.5720,3.6390,0.0000,0.0000,0.0000,70.0167,0.0000,4390.0000,1755.0000,0.0000,25.0000,38.0000,24.0000,13.0000
2.0870,0.6850,0.3740,0.3960,0.1590,0.0000,0.0000,1.0280,1.0000,3.1510,4.5720,3.6390,0.0000,0.0000,0.0000,70.0167,0.0000,4390.0000,1755.0000,0.0000,25.0000,38.0000,24.0000,13.0000
2.4730,0.5220,0.4150,0.3170,0.2220,0.0000,0.0000,1.5360,1.0000,3.1510,4.5720,3.6390,0.0000,0.0000,0.0000,70.0160,0.0000,4390.0000,1755.0000,0.0000,25.0000,37.0000,24.0000,13.0000
2.5190,0.5970,0.4250,0.3220,0.1740,0.0000,0.0000,1.4970,1.0000,3.1510,4.5720,3.6390,0.0000,0.0000,0.0000,70.0160,0.0000,4390.0000,1755.0000,0.0000,25.0000,37.0000,24.0000,13.0000
2.3200,0.6030,0.3960,0.4110,0.1920,0.0000,0.0000,1.3210,1.0000,3.1510,4.5720,3.6390,0.0000,0.0000,0.0000,70.0270,0.0000,4391.0000,1755.0000,0.0000,25.0000,38.0000,24.0000,11.0000
2.5130,0.5670,0.4750,0.3210,0.2150,0.0000,0.0000,1.4710,1.0000,3.1510,4.5720,3.6390,0.0000,0.0000,0.0000,70.0472,0.0000,4393.0000,1755.0000,0.0000,25.0000,38.0000,24.0000,10.0000
2.7620,0.7500,0.4390,0.4100,0.2380,0.0000,0.0000,1.5730,1.0000,3.1510,4.5720,3.6390,0.0000,0.0000,0.0000,70.0524,0.0000,4394.0000,1755.0000,0.0000,25.0000,38.0000,24.0000,10.0000
2.5460,0.8220,0.4080,0.6090,0.1930,0.0000,0.0000,1.3160,1.0000,3.1510,4.5720,3.6390,0.0000,0.0000,0.0000,70.0722,0.0000,4396.0000,1755.0000,0.0000,25.0000,39.0000,24.0000,11.0000
2.5890,0.8340,0.4920,0.4380,0.2900,0.0000,0.0000,1.2630,1.0000,3.1510,4.5720,3.6390,0.0000,0.0000,0.0000,70.1081,0.0000,4403.0000,1755.0000,0.0000,25.0000,39.0000,24.0000,11.0000
2.4920,0.7810,0.4310,0.3760,0.1960,0.0000,0.0000,1.2800,1.0000,3.1510,4.5720,3.6390,0.0000,0.0000,0.0000,70.1082,0.0000,4403.0000,1755.0000,0.0000,25.0000,39.0000,24.0000,11.0000
2.5290,0.5870,0.4480,0.3710,0.2000,0.0000,0.0000,1.4940,1.0000,3.1510,4.5720,3.6390,0.0000,0.0000,0.0000,70.1083,0.0000,4403.0000,1755.0000,0.0000,25.0000,39.0000,24.0000,11.0000
4.3180,0.5780,0.5120,0.3860,0.2810,0.0000,0.0000,3.2280,1.0000,3.1510,4.5720,3.6390,0.0000,0.0000,0.0000,70.1183,0.0000,4404.0000,1755.0000,0.0000,25.0000,39.0000,24.0000,12.0000
2.2910,0.7290,0.3940,0.4070,0.1720,0.0000,0.0000,1.1680,1.0000,3.1510,4.5720,3.6390,0.0000,0.0000,0.0000,69.8282,0.0000,4376.0000,1755.0000,0.0000,25.0000,39.0000,24.0000,11.0000
2.5780,0.6110,0.4870,0.4130,0.2620,0.0000,0.0000,1.4800,1.0000,3.1510,4.5720,3.6390,0.0000,0.0000,0.0000,69.8478,0.0000,4378.0000,1755.0000,0.0000,25.0000,38.0000,24.0000,11.0000
2.6120,0.6640,0.5080,0.4010,0.2920,0.0000,0.0000,1.4400,1.0000,3.1510,4.5720,3.6390,0.0000,0.0000,0.0000,69.8783,0.0000,4381.0000,1755.0000,0.0000,25.0000,38.0000,24.0000,11.0000
2.3140,0.7150,0.3680,0.4040,0.1700,0.0000,0.0000,1.2310,1.0000,3.1510,4.5720,3.6390,0.0000,0.0000,0.0000,69.8791,0.0000,4381.0000,1755.0000,0.0000,25.0000,39.0000,24.0000,11.0000
2.4120,0.6420,0.3740,0.4510,0.1820,0.0000,0.0000,1.3960,1.0000,3.1510,4.5720,3.6390,0.0000,0.0000,0.0000,69.8902,0.0000,4382.0000,1755.0000,0.0000,25.0000,40.0000,24.0000,11.0000
2.4730,0.5810,0.4020,0.3310,0.2040,0.0000,0.0000,1.4900,1.0000,3.1510,4.5720,3.6390,0.0000,0.0000,0.0000,69.8895,0.0000,4382.0000,1755.0000,0.0000,25.0000,39.0000,24.0000,11.0000
1.7790,0.5090,0.2880,0.2850,0.1250,0.0000,0.0000,0.9820,1.0000,3.1510,4.5720,3.6390,0.0000,0.0000,0.0000,69.8910,0.0000,4382.0000,1755.0000,0.0000,25.0000,41.0000,24.0000,11.0000
2.0070,0.5070,0.3290,0.3450,0.1390,0.0000,0.0000,1.1710,1.0000,3.1510,4.5720,3.6390,0.0000,0.0000,0.0000,69.8909,0.0000,4382.0000,1755.0000,0.0000,25.0000,41.0000,24.0000,12.0000
1.8780,0.6560,0.3590,0.4070,0.1650,0.0000,0.0000,0.8630,1.0000,3.1510,4.5720,3.6390,0.0000,0.0000,0.0000,69.9019,0.0000,4383.0000,1755.0000,0.0000,25.0000,40.0000,24.0000,12.0000
3.0400,0.5270,0.3300,0.3220,0.1340,0.0000,0.0000,2.1830,1.0000,3.1510,4.5720,3.6390,0.0000,0.0000,0.0000,69.9027,0.0000,4383.0000,1755.0000,0.0000,25.0000,41.0000,24.0000,12.0000
2.3670,1.6220,0.3500,1.4560,0.1400,0.0000,0.0000,0.3950,1.0000,3.1510,4.5720,3.6390,0.0000,0.0000,0.0000,69.9027,0.0000,4383.0000,1755.0000,0.0000,25.0000,41.0000,24.0000,12.0000
1.8800,0.7910,0.3040,0.3170,0.1380,0.0000,0.0000,0.7850,1.0000,3.1510,4.5720,3.6390,0.0000,0.0000,0.0000,69.9027,0.0000,4383.0000,1755.0000,0.0000,25.0000,41.0000,24.0000,12.0000
1.8170,0.5010,0.3060,0.2990,0.1280,0.0000,0.0000,1.0100,1.0000,3.1510,4.5720,3.6390,0.0000,0.0000,0.0000,69.9027,0.0000,4383.0000,1755.0000,0.0000,25.0000,41.0000,24.0000,12.0000
2.0260,0.5180,0.3610,0.3460,0.1700,0.0000,0.0000,1.1470,1.0000,3.1510,4.5720,3.6390,0.0000,0.0000,0.0000,69.9230,0.0000,4385.0000,1755.0000,0.0000,25.0000,41.0000,24.0000,12.0000
1.9810,0.5890,0.3490,0.3350,0.1570,0.0000,0.0000,1.0430,1.0000,3.1510,4.5720,3.6390,0.0000,0.0000,0.0000,69.9434,0.0000,4387.0000,1755.0000,0.0000,25.0000,41.0000,24.0000,12.0000
1.8910,0.5710,0.3320,0.3350,0.1290,0.0000,0.0000,0.9880,1.0000,3.1510,4.5720,3.6390,0.0000,0.0000,0.0000,69.9436,0.0000,4387.0000,1755.0000,0.0000,25.0000,41.0000,24.0000,12.0000
1.8610,0.5080,0.3490,0.3430,0.1320,0.0000,0.0000,1.0040,1.0000,3.1510,4.5720,3.6390,0.0000,0.0000,0.0000,69.9437,0.0000,4387.0000,1755.0000,0.0000,25.0000,41.0000,24.0000,12.0000
1.9410,0.4590,0.3520,0.2960,0.1670,0.0000,0.0000,1.1300,1.0000,3.1510,4.5720,3.6390,0.0000,0.0000,0.0000,69.9414,0.0000,4383.0000,1755.0000,0.0000,25.0000,41.0000,24.0000,12.0000
1.9000,0.4950,0.3360,0.3390,0.1620,0.0000,0.0000,1.0690,1.0000,3.1510,4.5720,3.6390,0.0000,0.0000,0.0000,69.9618,0.0000,4385.0000,1755.0000,0.0000,25.0000,41.0000,24.0000,12.0000
2.1220,0.5250,0.3970,0.3020,0.2000,0.0000,0.0000,1.2000,1.0000,3.1510,4.5720,3.6390,0.0000,0.0000,0.0000,70.0024,0.0000,4389.0000,1755.0000,0.0000,25.0000,41.0000,24.0000,12.0000
1.8560,0.5800,0.3520,0.2810,0.1820,0.0000,0.0000,0.9240,1.0000,3.1510,4.5720,3.6390,0.0000,0.0000,0.0000,70.0129,0.0000,4390.0000,1755.0000,0.0000,25.0000,41.0000,24.0000,12.0000
1.9560,0.4620,0.3620,0.2670,0.1420,0.0000,0.0000,1.1320,1.0000,3.1510,4.5720,3.6390,0.0000,0.0000,0.0000,70.0131,0.0000,4390.0000,1755.0000,0.0000,25.0000,41.0000,24.0000,12.0000
1.8540,0.4340,0.3230,0.2720,0.1540,0.0000,0.0000,1.0970,1.0000,3.1510,4.5720,3.6390,0.0000,0.0000,0.0000,70.0234,0.0000,4391.0000,1755.0000,0.0000,25.0000,41.0000,24.0000,12.0000
1.9440,0.4560,0.3340,0.2630,0.1710,0.0000,0.0000,1.1540,1.0000,3.1510,4.5720,3.6390,0.0000,0.0000,0.0000,70.0337,0.0000,4392.0000,1755.0000,0.0000,25.0000,41.0000,24.0000,12.0000
3.3140,0.5070,0.9550,0.3110,0.7870,0.0000,0.0000,1.8520,1.0000,3.1510,4.5720,3.6390,0.0000,0.0000,0.0000,70.0427,0.0000,4392.0000,1755.0000,0.0000,25.0000,41.0000,24.0000,12.0000
2.5920,0.7230,0.5480,0.3390,0.2850,0.0000,0.0000,1.3210,1.0000,3.1510,4.5720,3.6390,0.0000,0.0000,0.0000,70.0537,0.0000,4393.0000,1755.0000,0.0000,25.0000,42.0000,24.0000,12.0000
2.2640,0.6530,0.4210,0.4080,0.1610,0.0000,0.0000,1.1900,1.0000,3.1510,4.5720,3.6390,0.0000,0.0000,0.0000,70.0538,0.0000,4393.0000,1755.0000,0.0000,25.0000,42.0000,24.0000,12.0000
2.8090,0.5580,0.6130,0.3530,0.3120,0.0000,0.0000,1.6380,1.0000,3.1510,4.5720,3.6390,0.0000,0.0000,0.0000,70.0740,0.0000,4395.0000,1755.0000,0.0000,25.0000,42.0000,24.0000,12.0000
2.4790,0.7540,0.3970,0.4650,0.1580,0.0000,0.0000,1.3280,1.0000,3.1510,4.5720,3.6390,0.0000,0.0000,0.0000,70.0740,0.0000,4395.0000,1755.0000,0.0000,25.0000,42.0000,24.0000,12.0000
2.3970,0.7170,0.4500,0.4930,0.2320,0.0000,0.0000,1.2300,1.0000,3.1510,4.5720,3.6390,0.0000,0.0000,0.0000,70.0735,0.0000,4395.0000,1755.0000,0.0000,25.0000,41.0000,24.0000,12.0000
2.4360,0.6680,0.4280,0.4070,0.1670,0.0000,0.0000,1.3400,1.0000,3.1510,4.5720,3.6390,0.0000,0.0000,0.0000,70.0735,0.0000,4395.0000,1755.0000,0.0000,25.0000,41.0000,24.0000,12.0000
2.6350,0.6890,0.5090,0.3720,0.2570,0.0000,0.0000,1.4370,1.0000,3.1510,4.5720,3.6390,0.0000,0.0000,0.0000,70.0837,0.0000,4396.0000,1755.0000,0.0000,25.0000,41.0000,24.0000,12.0000
2.1810,0.7080,0.3670,0.4390,0.1510,0.0000,0.0000,1.1060,1.0000,3.1510,4.5720,3.6390,0.0000,0.0000,0.0000,70.0837,0.0000,4396.0000,1755.0000,0.0000,25.0000,41.0000,24.0000,12.0000
2.4470,0.6430,0.4230,0.3610,0.1930,0.0000,0.0000,1.3810,1.0000,3.1510,4.5720,3.6390,0.0000,0.0000,0.0000,70.0941,0.0000,4397.0000,1755.0000,0.0000,25.0000,41.0000,24.0000,12.0000
2.3700,0.6000,0.3980,0.3460,0.1560,0.0000,0.0000,1.3720,1.0000,3.1510,4.5720,3.6390,0.0000,0.0000,0.0000,70.0934,0.0000,4397.0000,1755.0000,0.0000,25.0000,40.0000,24.0000,13.0000
2.6900,0.7250,0.6360,0.4670,0.1840,0.0000,0.0000,1.3290,1.0000,3.1510,4.5720,3.6390,0.0000,0.0000,0.0000,70.0934,0.0000,4397.0000,1755.0000,0.0000,25.0000,40.0000,24.0000,14.0000
2.5630,0.6550,0.4180,0.4230,0.1750,0.0000,0.0000,1.4900,1.0000,3.1510,4.5720,3.6390,0.0000,0.0000,0.0000,70.0934,0.0000,4397.0000,1755.0000,0.0000,25.0000,40.0000,24.0000,15.0000
2.2950,0.6150,0.3880,0.4120,0.1680,0.0000,0.0000,1.2920,1.0000,3.1510,4.5720,3.6390,0.0000,0.0000,0.0000,70.0941,0.0000,4397.0000,1755.0000,0.0000,25.0000,41.0000,24.0000,14.0000
2.4270,0.6320,0.4360,0.4150,0.2410,0.0000,0.0000,1.3590,1.0000,3.1510,4.5720,3.6390,0.0000,0.0000,0.0000,70.1044,0.0000,4398.0000,1755.0000,0.0000,25.0000,41.0000,24.0000,14.0000
2.3130,0.6410,0.3670,0.3990,0.1570,0.0000,0.0000,1.3050,1.0000,3.1510,4.5720,3.6390,0.0000,0.0000,0.0000,70.1044,0.0000,4398.0000,1755.0000,0.0000,25.0000,41.0000,24.0000,14.0000
2.1920,0.5960,0.3740,0.3600,0.1590,0.0000,0.0000,1.2220,1.0000,3.1510,4.5720,3.6390,0.0000,0.0000,0.0000,70.1044,0.0000,4398.0000,1755.0000,0.0000,25.0000,41.0000,24.0000,14.0000
2.2060,0.5590,0.4500,0.3460,0.1980,0.0000,0.0000,1.1970,1.0000,3.1510,4.5720,3.6390,0.0000,0.0000,0.0000,70.1042,0.0000,4398.0000,1755.0000,0.0000,25.0000,41.0000,24.0000,14.0000
2.3930,0.6070,0.4330,0.3990,0.2060,0.0000,0.0000,1.3530,1.0000,3.1510,4.5720,3.6390,0.0000,0.0000,0.0000,70.1142,0.0000,4399.0000,1755.0000,0.0000,25.0000,41.0000,24.0000,14.0000
2.5580,0.6650,0.3960,0.4280,0.1990,0.0000,0.0000,1.4970,1.0000,3.1510,4.5720,3.6390,0.0000,0.0000,0.0000,69.8839,0.0000,4377.0000,1755.0000,0.0000,25.0000,41.0000,24.0000,14.0000
2.4070,0.7600,0.4620,0.4230,0.1910,0.0000,0.0000,1.1850,1.0000,3.1510,4.5720,3.6390,0.0000,0.0000,0.0000,69.8840,0.0000,4377.0000,1755.0000,0.0000,25.0000,41.0000,24.0000,14.0000
2.2680,0.6420,0.4030,0.4340,0.1900,0.0000,0.0000,1.2230,1.0000,3.1510,4.5720,3.6390,0.0000,0.0000,0.0000,69.8944,0.0000,4378.0000,1755.0000,0.0000,25.0000,41.0000,24.0000,14.0000
2.2880,0.5830,0.4480,0.3350,0.1950,0.0000,0.0000,1.2570,1.0000,3.1510,4.5720,3.6390,0.0000,0.0000,0.0000,69.9047,0.0000,4379.0000,1755.0000,0.0000,25.0000,41.0000,24.0000,14.0000
2.3280,0.5720,0.4130,0.3390,0.1930,0.0000,0.0000,1.3430,1.0000,3.1510,4.5720,3.6390,0.0000,0.0000,0.0000,69.9150,0.0000,4380.0000,1755.0000,0.0000,25.0000,41.0000,24.0000,14.0000
2.3650,0.6150,0.4000,0.3890,0.1940,0.0000,0.0000,1.3500,1.0000,3.1510,4.5720,3.6390,0.0000,0.0000,0.0000,69.9356,0.0000,4382.0000,1755.0000,0.0000,25.0000,41.0000,24.0000,14.0000
2.2680,0.7020,0.3970,0.3700,0.1930,0.0000,0.0000,1.1690,1.0000,3.1510,4.5720,3.6390,0.0000,0.0000,0.0000,69.9466,0.0000,4383.0000,1755.0000,0.0000,25.0000,42.0000,24.0000,14.0000
2.2880,0.6230,0.4350,0.3960,0.2400,0.0000,0.0000,1.2300,1.0000,3.1510,4.5720,3.6390,0.0000,0.0000,0.0000,69.9570,0.0000,4384.0000,1755.0000,0.0000,25.0000,42.0000,24.0000,14.0000
2.2540,0.6240,0.3640,0.3980,0.1690,0.0000,0.0000,1.2660,1.0000,3.1510,4.5720,3.6390,0.0000,0.0000,0.0000,69.9570,0.0000,4384.0000,1755.0000,0.0000,25.0000,42.0000,24.0000,14.0000
2.1450,0.5900,0.3610,0.3560,0.1500,0.0000,0.0000,1.1940,1.0000,3.1510,4.5720,3.6390,0.0000,0.0000,0.0000,69.9571,0.0000,4384.0000,1755.0000,0.0000,25.0000,42.0000,24.0000,14.0000
2.1670,0.5360,0.3960,0.3480,0.2000,0.0000,0.0000,1.2350,1.0000,3.1510,4.5720,3.6390,0.0000,0.0000,0.0000,69.9571,0.0000,4384.0000,1755.0000,0.0000,25.0000,42.0000,24.0000,14.0000
2.8230,0.5460,0.6930,0.3420,0.1770,0.0000,0.0000,1.5840,1.0000,3.1510,4.5720,3.6390,0.0000,0.0000,0.0000,69.9749,0.0000,4386.0000,1755.0000,0.0000,25.0000,42.0000,24.0000,14.0000
2.1390,0.6580,0.3530,0.4160,0.1490,0.0000,0.0000,1.1280,1.0000,3.1510,4.5720,3.6390,0.0000,0.0000,0.0000,69.9742,0.0000,4386.0000,1755.0000,0.0000,25.0000,41.0000,24.0000,14.0000
2.3340,0.5310,0.4490,0.3320,0.2340,0.0000,0.0000,1.3540,1.0000,3.1510,4.5720,3.6390,0.0000,0.0000,0.0000,69.9948,0.0000,4388.0000,1755.0000,0.0000,25.0000,41.0000,24.0000,14.0000
3.6490,0.7030,0.3940,0.4390,0.1690,0.0000,0.0000,2.5520,1.0000,3.1510,4.5720,3.6390,0.0000,0.0000,0.0000,69.9948,0.0000,4388.0000,1755.0000,0.0000,25.0000,41.0000,24.0000,13.0000
2.9990,1.6790,0.3740,1.4640,0.1650,0.0000,0.0000,0.9460,1.0000,3.1510,4.5720,3.6390,0.0000,0.0000,0.0000,69.9949,0.0000,4388.0000,1755.0000,0.0000,25.0000,41.0000,24.0000,13.0000
3.1020,0.8400,0.5640,0.5690,0.2670,0.0000,0.0000,1.6980,1.0000,3.1510,4.5720,3.6390,0.0000,0.0000,0.0000,69.9959,0.0000,4388.0000,1755.0000,0.0000,25.0000,42.0000,24.0000,13.0000
3.0020,0.8160,0.4870,0.4960,0.2460,0.0000,0.0000,1.6990,1.0000,3.1510,4.5720,3.6390,0.0000,0.0000,0.0000,69.9959,0.0000,4388.0000,1755.0000,0.0000,25.0000,42.0000,24.0000,13.0000
3.0830,0.8110,0.5180,0.4920,0.2620,0.0000,0.0000,1.7540,1.0000,3.1510,4.5720,3.6390,0.0000,0.0000,0.0000,69.9959,0.0000,4388.0000,1755.0000,0.0000,25.0000,42.0000,24.0000,12.0000
3.0270,0.7830,0.5300,0.4740,0.2270,0.0000,0.0000,1.7140,1.0000,3.1510,4.5720,3.6390,0.0000,0.0000,0.0000,69.9966,0.0000,4388.0000,1755.0000,0.0000,25.0000,43.0000,24.0000,13.0000
3.1840,0.7930,0.5440,0.4840,0.2390,0.0000,0.0000,1.8470,1.0000,3.1510,4.5720,3.6390,0.0000,0.0000,0.0000,69.9959,0.0000,4388.0000,1755.0000,0.0000,25.0000,42.0000,24.0000,14.0000
3.0950,0.8070,0.5410,0.4890,0.2360,0.0000,0.0000,1.7470,1.0000,3.1510,4.5720,3.6390,0.0000,0.0000,0.0000,69.9959,0.0000,4388.0000,1755.0000,0.0000,25.0000,42.0000,24.0000,12.0000
3.2400,0.8320,0.5580,0.5390,0.2840,0.0000,0.0000,1.8500,1.0000,3.1510,4.5720,3.6390,0.0000,0.0000,0.0000,70.0063,0.0000,4389.0000,1755.0000,0.0000,25.0000,42.0000,24.0000,12.0000
3.0140,0.9830,0.5180,0.6490,0.2570,0.0000,0.0000,1.5130,1.0000,3.1510,4.5720,3.6390,0.0000,0.0000,0.0000,70.0165,0.0000,4390.0000,1755.0000,0.0000,25.0000,42.0000,24.0000,12.0000
2.9290,0.8710,0.5310,0.5440,0.2660,0.0000,0.0000,1.5270,1.0000,3.1510,4.5720,3.6390,0.0000,0.0000,0.0000,70.0269,0.0000,4391.0000,1755.0000,0.0000,25.0000,42.0000,24.0000,11.0000
3.1990,0.8390,0.6270,0.5350,0.3590,0.0000,0.0000,1.7330,1.0000,3.1510,4.5720,3.6390,0.0000,0.0000,0.0000,70.0474,0.0000,4393.0000,1755.0000,0.0000,25.0000,42.0000,24.0000,11.0000
2.9270,0.9220,0.5470,0.5490,0.2750,0.0000,0.0000,1.4580,1.0000,3.1510,4.5720,3.6390,0.0000,0.0000,0.0000,70.0475,0.0000,4393.0000,1755.0000,0.0000,25.0000,42.0000,24.0000,11.0000
3.0840,0.8500,0.5050,0.5110,0.2350,0.0000,0.0000,1.7290,1.0000,3.1510,4.5720,3.6390,0.0000,0.0000,0.0000,70.0476,0.0000,4393.0000,1755.0000,0.0000,25.0000,42.0000,24.0000,12.0000
3.2800,0.8340,0.6240,0.5390,0.3700,0.0000,0.0000,1.8220,1.0000,3.1510,4.5720,3.6390,0.0000,0.0000,0.0000,70.0881,0.0000,4397.0000,1755.0000,0.0000,25.0000,42.0000,24.0000,11.0000
2.9450,1.0330,0.5670,0.5060,0.2600,0.0000,0.0000,1.3450,1.0000,3.1510,4.5720,3.6390,0.0000,0.0000,0.0000,70.0882,0.0000,4397.0000,1755.0000,0.0000,25.0000,42.0000,24.0000,13.0000
3.4550,0.7590,0.6420,0.4670,0.3350,0.0000,0.0000,2.0540,1.0000,3.1510,4.5720,3.6390,0.0000,0.0000,0.0000,70.1089,0.0000,4399.0000,1755.0000,0.0000,25.0000,42.0000,24.0000,14.0000
3.2520,0.8480,0.5870,0.4400,0.3040,0.0000,0.0000,1.8170,1.0000,3.1510,4.5720,3.6390,0.0000,0.0000,0.0000,70.1292,0.0000,4401.0000,1755.0000,0.0000,25.0000,42.0000,24.0000,13.0000
5.5820,0.9970,0.5670,0.5570,0.2820,0.0000,0.0000,4.0180,1.0000,3.1510,4.5720,3.6390,0.0000,0.0000,0.0000,70.1293,0.0000,4401.0000,1755.0000,0.0000,25.0000,42.0000,24.0000,13.0000
2.3640,0.8410,0.3840,0.5580,0.1700,0.0000,0.0000,1.1390,1.0000,3.1510,4.5720,3.6390,0.0000,0.0000,0.0000,69.8722,0.0000,4376.0000,1755.0000,0.0000,25.0000,42.0000,24.0000,13.0000
2.8400,0.5970,0.4720,0.3570,0.2230,0.0000,0.0000,1.7710,1.0000,3.1510,4.5720,3.6390,0.0000,0.0000,0.0000,69.8720,0.0000,4376.0000,1755.0000,0.0000,25.0000,42.0000,24.0000,13.0000
2.8200,0.7400,0.4390,0.5000,0.2000,0.0000,0.0000,1.6410,1.0000,3.1510,4.5720,3.6390,0.0000,0.0000,0.0000,69.8720,0.0000,4376.0000,1755.0000,0.0000,25.0000,42.0000,24.0000,13.0000
2.8680,0.7400,0.5150,0.4500,0.2300,0.0000,0.0000,1.6130,1.0000,3.1510,4.5720,3.6390,0.0000,0.0000,0.0000,69.8727,0.0000,4376.0000,1755.0000,0.0000,25.0000,43.0000,24.0000,13.0000
2.9600,0.7030,0.6090,0.4500,0.2910,0.0000,0.0000,1.6480,1.0000,3.1510,4.5720,3.6390,0.0000,0.0000,0.0000,69.8843,0.0000,4377.0000,1755.0000,0.0000,25.0000,43.0000,24.0000,13.0000
2.8590,0.8120,0.5700,0.5010,0.2680,0.0000,0.0000,1.4770,1.0000,3.1510,4.5720,3.6390,0.0000,0.0000,0.0000,69.8953,0.0000,4378.0000,1755.0000,0.0000,25.0000,42.0000,24.0000,13.0000
2.6450,0.7810,0.4470,0.3780,0.2400,0.0000,0.0000,1.4170,1.0000,3.1510,4.5720,3.6390,0.0000,0.0000,0.0000,69.8946,0.0000,4378.0000,1755.0000,0.0000,25.0000,41.0000,24.0000,13.0000
2.9570,0.7630,0.4750,0.4820,0.2610,0.0000,0.0000,1.7190,1.0000,3.1510,4.5720,3.6390,0.0000,0.0000,0.0000,69.9049,0.0000,4379.0000,1755.0000,0.0000,25.0000,41.0000,24.0000,13.0000
2.5010,0.9240,0.4560,0.6440,0.2220,0.0000,0.0000,1.1210,1.0000,3.1510,4.5720,3.6390,0.0000,0.0000,0.0000,69.9049,0.0000,4379.0000,1755.0000,0.0000,25.0000,41.0000,24.0000,13.0000
2.6100,0.5510,0.4790,0.3470,0.2180,0.0000,0.0000,1.5800,1.0000,3.1510,4.5720,3.6390,0.0000,0.0000,0.0000,69.9252,0.0000,4381.0000,1755.0000,0.0000,25.0000,41.0000,24.0000,13.0000
3.0810,0.8300,0.4150,0.5360,0.2030,0.0000,0.0000,1.8360,1.0000,3.1510,4.5720,3.6390,0.0000,0.0000,0.0000,69.9252,0.0000,4381.0000,1755.0000,0.0000,25.0000,41.0000,24.0000,14.0000
2.8110,1.0150,0.5840,0.7530,0.3230,0.0000,0.0000,1.2120,1.0000,3.1510,4.5720,3.6390,0.0000,0.0000,0.0000,69.9356,0.0000,4382.0000,1755.0000,0.0000,25.0000,41.0000,24.0000,14.0000
2.4000,0.6800,0.4120,0.4330,0.1940,0.0000,0.0000,1.3080,1.0000,3.1510,4.5720,3.6390,0.0000,0.0000,0.0000,69.9459,0.0000,4383.0000,1755.0000,0.0000,25.0000,41.0000,24.0000,14.0000
2.7810,0.6830,0.5130,0.4070,0.2190,0.0000,0.0000,1.5850,1.0000,3.1510,4.5720,3.6390,0.0000,0.0000,0.0000,69.9562,0.0000,4384.0000,1755.0000,0.0000,25.0000,41.0000,24.0000,13.0000
2.7480,0.7690,0.4270,0.4010,0.1690,0.0000,0.0000,1.5520,1.0000,3.1510,4.5720,3.6390,0.0000,0.0000,0.0000,69.9562,0.0000,4384.0000,1755.0000,0.0000,25.0000,41.0000,24.0000,13.0000
2.7100,0.7250,0.5030,0.4460,0.2460,0.0000,0.0000,1.4820,1.0000,3.1510,4.5720,3.6390,0.0000,0.0000,0.0000,69.9665,0.0000,4385.0000,1755.0000,0.0000,25.0000,41.0000,24.0000,13.0000
2.6700,0.7660,0.5470,0.4830,0.2630,0.0000,0.0000,1.3570,1.0000,3.1510,4.5720,3.6390,0.0000,0.0000,0.0000,69.9871,0.0000,4387.0000,1755.0000,0.0000,25.0000,41.0000,24.0000,13.0000
2.6990,0.6350,0.4610,0.3380,0.2510,0.0000,0.0000,1.6030,1.0000,3.1510,4.5720,3.6390,0.0000,0.0000,0.0000,69.9864,0.0000,4387.0000,1755.0000,0.0000,25.0000,40.0000,24.0000,13.0000
2.8190,0.7670,0.4100,0.5290,0.2090,0.0000,0.0000,1.6420,1.0000,3.1510,4.5720,3.6390,0.0000,0.0000,0.0000,70.0071,0.0000,4389.0000,1755.0000,0.0000,25.0000,40.0000,24.0000,13.0000
2.6050,0.8700,0.4480,0.5110,0.1840,0.0000,0.0000,1.2870,1.0000,3.1510,4.5720,3.6390,0.0000,0.0000,0.0000,70.0071,0.0000,4389.0000,1755.0000,0.0000,25.0000,40.0000,24.0000,13.0000
2.8940,0.6670,0.5830,0.4270,0.3140,0.0000,0.0000,1.6440,1.0000,3.1510,4.5720,3.6390,0.0000,0.0000,0.0000,70.0370,0.0000,4392.0000,1755.0000,0.0000,25.0000,39.0000,24.0000,13.0000
3.0140,0.8230,0.5940,0.4090,0.3130,0.0000,0.0000,1.5970,1.0000,3.1510,4.5720,3.6390,0.0000,0.0000,0.0000,70.0472,0.0000,4393.0000,1755.0000,0.0000,25.0000,39.0000,24.0000,13.0000
2.8900,0.8170,0.5970,0.4770,0.2380,0.0000,0.0000,1.4760,1.0000,3.1510,4.5720,3.6390,0.0000,0.0000,0.0000,70.0474,0.0000,4393.0000,1755.0000,0.0000,25.0000,39.0000,24.0000,13.0000
2.5270,0.8000,0.6050,0.5010,0.3420,0.0000,0.0000,1.1220,1.0000,3.1510,4.5720,3.6390,0.0000,0.0000,0.0000,70.0477,0.0000,4393.0000,1755.0000,0.0000,25.0000,39.0000,24.0000,14.0000
2.0740,0.7320,0.3780,0.4830,0.1710,0.0000,0.0000,0.9640,1.0000,3.1510,4.5720,3.6390,0.0000,0.0000,0.0000,70.0477,0.0000,4393.0000,1755.0000,0.0000,25.0000,39.0000,24.0000,14.0000
2.1040,0.5920,0.3640,0.4090,0.1560,0.0000,0.0000,1.1480,1.0000,3.1510,4.5720,3.6390,0.0000,0.0000,0.0000,70.0477,0.0000,4393.0000,1755.0000,0.0000,25.0000,39.0000,24.0000,14.0000
2.1010,0.5790,0.4080,0.3580,0.2030,0.0000,0.0000,1.1140,1.0000,3.1510,4.5720,3.6390,0.0000,0.0000,0.0000,70.0581,0.0000,4394.0000,1755.0000,0.0000,25.0000,39.0000,24.0000,14.0000
2.1300,0.6220,0.4260,0.3470,0.2330,0.0000,0.0000,1.0820,1.0000,3.1510,4.5720,3.6390,0.0000,0.0000,0.0000,70.0677,0.0000,4395.0000,1755.0000,0.0000,25.0000,38.0000,24.0000,14.0000
2.0830,0.5760,0.3400,0.3370,0.1500,0.0000,0.0000,1.1670,1.0000,3.1510,4.5720,3.6390,0.0000,0.0000,0.0000,70.0677,0.0000,4395.0000,1755.0000,0.0000,25.0000,38.0000,24.0000,14.0000
2.2420,0.5390,0.4140,0.3410,0.1880,0.0000,0.0000,1.2890,1.0000,3.1510,4.5720,3.6390,0.0000,0.0000,0.0000,70.0802,0.0000,4396.0000,1755.0000,0.0000,25.0000,39.0000,24.0000,14.0000
2.0410,0.7040,0.3660,0.4000,0.1840,0.0000,0.0000,0.9710,1.0000,3.1510,4.5720,3.6390,0.0000,0.0000,0.0000,70.0802,0.0000,4396.0000,1755.0000,0.0000,25.0000,39.0000,24.0000,14.0000
2.0580,0.5760,0.3990,0.3960,0.1540,0.0000,0.0000,1.0830,1.0000,3.1510,4.5720,3.6390,0.0000,0.0000,0.0000,70.0803,0.0000,4396.0000,1755.0000,0.0000,25.0000,39.0000,24.0000,14.0000
2.0510,0.5810,0.3710,0.3970,0.1480,0.0000,0.0000,1.0990,1.0000,3.1510,4.5720,3.6390,0.0000,0.0000,0.0000,70.0803,0.0000,4396.0000,1755.0000,0.0000,25.0000,39.0000,24.0000,14.0000
2.1030,0.5700,0.4170,0.3880,0.1970,0.0000,0.0000,1.1160,1.0000,3.1510,4.5720,3.6390,0.0000,0.0000,0.0000,70.0907,0.0000,4397.0000,1755.0000,0.0000,25.0000,39.0000,24.0000,14.0000
2.2590,0.6320,0.3910,0.4100,0.1970,0.0000,0.0000,1.2360,1.0000,3.1510,4.5720,3.6390,0.0000,0.0000,0.0000,70.1010,0.0000,4398.0000,1755.0000,0.0000,25.0000,39.0000,24.0000,15.0000
2.3820,0.6210,0.3930,0.3540,0.1970,0.0000,0.0000,1.3680,1.0000,3.1510,4.5720,3.6390,0.0000,0.0000,0.0000,70.1207,0.0000,4400.0000,1755.0000,0.0000,25.0000,38.0000,24.0000,15.0000
2.1700,0.7220,0.4310,0.4280,0.2350,0.0000,0.0000,1.0170,1.0000,3.1510,4.5720,3.6390,0.0000,0.0000,0.0000,70.1310,0.0000,4401.0000,1755.0000,0.0000,25.0000,38.0000,24.0000,15.0000
2.0450,0.7080,0.3820,0.4780,0.1550,0.0000,0.0000,0.9550,1.0000,3.1510,4.5720,3.6390,0.0000,0.0000,0.0000,70.1316,0.0000,4401.0000,1755.0000,0.0000,25.0000,39.0000,24.0000,15.0000
2.1850,0.6060,0.4210,0.4090,0.1990,0.0000,0.0000,1.1580,1.0000,3.1510,4.5720,3.6390,0.0000,0.0000,0.0000,69.8745,0.0000,4376.0000,1755.0000,0.0000,25.0000,39.0000,24.0000,15.0000
2.1880,0.6690,0.4140,0.3820,0.1950,0.0000,0.0000,1.1050,1.0000,3.1510,4.5720,3.6390,0.0000,0.0000,0.0000,69.8850,0.0000,4377.0000,1755.0000,0.0000,25.0000,39.0000,24.0000,16.0000
2.0150,0.6770,0.3610,0.4150,0.1560,0.0000,0.0000,0.9770,1.0000,3.1510,4.5720,3.6390,0.0000,0.0000,0.0000,69.8858,0.0000,4377.0000,1755.0000,0.0000,25.0000,40.0000,24.0000,16.0000
2.1770,0.5450,0.4000,0.3570,0.1990,0.0000,0.0000,1.2320,1.0000,3.1510,4.5720,3.6390,0.0000,0.0000,0.0000,69.9064,0.0000,4379.0000,1755.0000,0.0000,25.0000,40.0000,24.0000,16.0000
2.1000,0.6400,0.4260,0.3590,0.2350,0.0000,0.0000,1.0340,1.0000,3.1510,4.5720,3.6390,0.0000,0.0000,0.0000,69.9174,0.0000,4380.0000,1755.0000,0.0000,25.0000,41.0000,24.0000,15.0000
2.1700,0.5620,0.3840,0.3320,0.2040,0.0000,0.0000,1.2240,1.0000,3.1510,4.5720,3.6390,0.0000,0.0000,0.0000,69.9481,0.0000,4383.0000,1755.0000,0.0000,25.0000,41.0000,24.0000,15.0000
1.9960,0.6580,0.3840,0.3530,0.1920,0.0000,0.0000,0.9540,1.0000,3.1510,4.5720,3.6390,0.0000,0.0000,0.0000,69.9481,0.0000,4383.0000,1755.0000,0.0000,25.0000,41.0000,24.0000,15.0000
2.2670,0.5080,0.4280,0.3320,0.2410,0.0000,0.0000,1.3310,1.0000,3.1510,4.5720,3.6390,0.0000,0.0000,0.0000,69.9689,0.0000,4385.0000,1755.0000,0.0000,25.0000,41.0000,24.0000,15.0000
2.1750,0.6400,0.3740,0.3860,0.1760,0.0000,0.0000,1.1610,1.0000,3.1510,4.5720,3.6390,0.0000,0.0000,0.0000,69.9690,0.0000,4385.0000,1755.0000,0.0000,25.0000,41.0000,24.0000,15.0000
2.1490,0.6200,0.3880,0.3530,0.1640,0.0000,0.0000,1.1410,1.0000,3.1510,4.5720,3.6390,0.0000,0.0000,0.0000,69.9684,0.0000,4385.0000,1755.0000,0.0000,25.0000,40.0000,24.0000,15.0000
2.3260,0.6090,0.3550,0.3710,0.1600,0.0000,0.0000,1.3620,1.0000,3.1510,4.5720,3.6390,0.0000,0.0000,0.0000,69.9684,0.0000,4385.0000,1755.0000,0.0000,25.0000,40.0000,24.0000,15.0000
2.4360,0.5750,0.4970,0.3710,0.2890,0.0000,0.0000,1.3640,1.0000,3.1510,4.5720,3.6390,0.0000,0.0000,0.0000,69.9794,0.0000,4386.0000,1755.0000,0.0000,25.0000,41.0000,24.0000,15.0000
2.1200,0.7280,0.3780,0.4150,0.1610,0.0000,0.0000,1.0140,1.0000,3.1510,4.5720,3.6390,0.0000,0.0000,0.0000,69.9794,0.0000,4386.0000,1755.0000,0.0000,25.0000,41.0000,24.0000,15.0000
2.1770,0.5800,0.4000,0.3530,0.1980,0.0000,0.0000,1.1970,1.0000,3.1510,4.5720,3.6390,0.0000,0.0000,0.0000,70.0014,0.0000,4388.0000,1755.0000,0.0000,25.0000,41.0000,24.0000,15.0000
2.1740,0.6590,0.3760,0.3400,0.1820,0.0000,0.0000,1.1390,1.0000,3.1510,4.5720,3.6390,0.0000,0.0000,0.0000,70.0117,0.0000,4389.0000,1755.0000,0.0000,25.0000,41.0000,24.0000,15.0000
2.0970,0.5810,0.3840,0.3400,0.1560,0.0000,0.0000,1.1320,1.0000,3.1510,4.5720,3.6390,0.0000,0.0000,0.0000,70.0119,0.0000,4389.0000,1755.0000,0.0000,25.0000,41.0000,24.0000,15.0000
1.9820,0.5290,0.4090,0.3400,0.1930,0.0000,0.0000,1.0440,1.0000,3.1510,4.5720,3.6390,0.0000,0.0000,0.0000,70.0119,0.0000,4389.0000,1755.0000,0.0000,25.0000,41.0000,24.0000,15.0000
2.0640,0.5180,0.4100,0.3370,0.1800,0.0000,0.0000,1.1360,1.0000,1.6290,10.4970,9.5800,0.0000,0.0000,0.0000,70.0119,0.0000,4389.0000,1755.0000,0.0000,25.0000,41.0000,24.0000,15.0000
2.1720,0.5150,0.3780,0.3330,0.1910,0.0000,0.0000,1.2790,1.0000,1.6290,10.4970,9.5800,0.0000,0.0000,0.0000,70.0119,0.0000,4389.0000,1755.0000,0.0000,25.0000,41.0000,24.0000,16.0000
1.9320,0.6520,0.3830,0.4660,0.1570,0.0000,0.0000,0.8970,1.0000,1.6290,10.4970,9.5800,0.0000,0.0000,0.0000,70.0119,0.0000,4389.0000,1755.0000,0.0000,25.0000,41.0000,24.0000,16.0000
1.8840,0.6040,0.3740,0.4030,0.1870,0.0000,0.0000,0.9060,1.0000,1.6290,10.4970,9.5800,0.0000,0.0000,0.0000,70.0119,0.0000,4389.0000,1755.0000,0.0000,25.0000,41.0000,24.0000,16.0000
2.1320,0.5800,0.4750,0.3960,0.2360,0.0000,0.0000,1.0770,1.0000,1.6290,10.4970,9.5800,0.0000,0.0000,0.0000,70.0314,0.0000,4391.0000,1755.0000,0.0000,25.0000,40.0000,24.0000,16.0000
1.9000,0.6540,0.3960,0.3900,0.1550,0.0000,0.0000,0.8500,1.0000,1.6290,10.4970,9.5800,0.0000,0.0000,0.0000,70.0314,0.0000,4391.0000,1755.0000,0.0000,25.0000,40.0000,24.0000,16.0000
1.9100,0.5740,0.3840,0.3920,0.1900,0.0000,0.0000,0.9520,1.0000,1.6290,10.4970,9.5800,0.0000,0.0000,0.0000,70.0315,0.0000,4391.0000,1755.0000,0.0000,25.0000,40.0000,24.0000,16.0000
2.0100,0.5270,0.4110,0.3360,0.2230,0.0000,0.0000,1.0720,1.0000,1.6290,10.4970,9.5800,0.0000,0.0000,0.0000,70.0524,0.0000,4393.0000,1755.0000,0.0000,25.0000,41.0000,24.0000,16.0000
2.1460,0.6050,0.4460,0.3420,0.2190,0.0000,0.0000,1.0950,1.0000,1.6290,10.4970,9.5800,0.0000,0.0000,0.0000,70.0620,0.0000,4394.0000,1755.0000,0.0000,25.0000,40.0000,24.0000,16.0000
2.1810,0.6320,0.4240,0.4060,0.2330,0.0000,0.0000,1.1250,1.0000,1.6290,10.4970,9.5800,0.0000,0.0000,0.0000,70.0827,0.0000,4396.0000,1755.0000,0.0000,25.0000,40.0000,24.0000,16.0000
2.1040,0.6580,0.4260,0.3930,0.2020,0.0000,0.0000,1.0200,1.0000,1.6290,10.4970,9.5800,0.0000,0.0000,0.0000,70.0930,0.0000,4397.0000,1755.0000,0.0000,25.0000,40.0000,24.0000,16.0000
2.2710,0.6310,0.4120,0.4060,0.2210,0.0000,0.0000,1.2280,1.0000,1.6290,10.4970,9.5800,0.0000,0.0000,0.0000,70.1247,0.0000,4400.0000,1755.0000,0.0000,25.0000,41.0000,24.0000,16.0000
2.0430,0.7280,0.3500,0.3760,0.1570,0.0000,0.0000,0.9650,1.0000,1.6290,10.4970,9.5800,0.0000,0.0000,0.0000,70.1255,0.0000,4400.0000,1755.0000,0.0000,25.0000,42.0000,24.0000,16.0000
2.2140,0.5700,0.3880,0.3650,0.2020,0.0000,0.0000,1.2560,1.0000,1.6290,10.4970,9.5800,0.0000,0.0000,0.0000,70.1462,0.0000,4402.0000,1755.0000,0.0000,25.0000,42.0000,24.0000,16.0000
2.0210,0.7080,0.3530,0.4120,0.1530,0.0000,0.0000,0.9600,1.0000,1.6290,10.4970,9.5800,0.0000,0.0000,0.0000,70.1462,0.0000,4402.0000,1755.0000,0.0000,25.0000,42.0000,24.0000,16.0000
2.2190,0.5450,0.4210,0.3540,0.2230,0.0000,0.0000,1.2530,1.0000,1.6290,10.4970,9.5800,0.0000,0.0000,0.0000,70.1658,0.0000,4404.0000,1755.0000,0.0000,25.0000,41.0000,24.0000,16.0000
2.0940,0.7430,0.3780,0.4660,0.1610,0.0000,0.0000,0.9730,1.0000,1.6290,10.4970,9.5800,0.0000,0.0000,0.0000,70.1658,0.0000,4404.0000,1755.0000,0.0000,25.0000,41.0000,24.0000,17.0000
2.1500,0.6520,0.4350,0.4560,0.2100,0.0000,0.0000,1.0630,1.0000,1.6290,10.4970,9.5800,0.0000,0.0000,0.0000,70.1861,0.0000,4406.0000,1755.0000,0.0000,25.0000,41.0000,24.0000,16.0000
2.0870,0.7160,0.4210,0.3700,0.1690,0.0000,0.0000,0.9500,1.0000,1.6290,10.4970,9.5800,0.0000,0.0000,0.0000,70.1861,0.0000,4406.0000,1755.0000,0.0000,25.0000,41.0000,24.0000,16.0000
2.5880,0.6170,0.4590,0.3610,0.2460,0.0000,0.0000,1.5120,1.0000,1.6290,10.4970,9.5800,0.0000,0.0000,0.0000,70.2065,0.0000,4408.0000,1755.0000,0.0000,25.0000,41.0000,24.0000,16.0000
2.1710,0.6580,0.4200,0.3590,0.2190,0.0000,0.0000,1.0930,1.0000,1.6290,10.4970,9.5800,0.0000,0.0000,0.0000,70.2066,0.0000,4408.0000,1755.0000,0.0000,25.0000,41.0000,24.0000,16.0000
2.0030,0.6410,0.3690,0.4250,0.1450,0.0000,0.0000,0.9930,1.0000,1.6290,10.4970,9.5800,0.0000,0.0000,0.0000,70.2067,0.0000,4408.0000,1755.0000,0.0000,25.0000,41.0000,24.0000,16.0000
2.0790,0.6160,0.3650,0.3990,0.1450,0.0000,0.0000,1.0980,1.0000,1.6290,10.4970,9.5800,0.0000,0.0000,0.0000,70.2067,0.0000,4408.0000,1755.0000,0.0000,25.0000,41.0000,24.0000,16.0000
2.0300,0.5910,0.3700,0.4100,0.1650,0.0000,0.0000,1.0690,1.0000,1.6290,10.4970,9.5800,0.0000,0.0000,0.0000,70.2067,0.0000,4408.0000,1755.0000,0.0000,25.0000,41.0000,24.0000,16.0000
2.1390,0.6110,0.3470,0.4260,0.1590,0.0000,0.0000,1.1810,1.0000,1.6290,10.4970,9.5800,0.0000,0.0000,0.0000,70.2067,0.0000,4408.0000,1755.0000,0.0000,25.0000,41.0000,24.0000,16.0000
2.0230,0.6390,0.3500,0.3690,0.1450,0.0000,0.0000,1.0340,1.0000,1.6290,10.4970,9.5800,0.0000,0.0000,0.0000,70.2067,0.0000,4408.0000,1755.0000,0.0000,25.0000,41.0000,24.0000,16.0000
2.1990,0.6000,0.3830,0.3650,0.1840,0.0000,0.0000,1.2160,1.0000,1.6290,10.4970,9.5800,0.0000,0.0000,0.0000,70.2269,0.0000,4410.0000,1755.0000,0.0000,25.0000,41.0000,24.0000,16.0000
2.1560,0.7050,0.3580,0.3590,0.1730,0.0000,0.0000,1.0930,1.0000,1.6290,10.4970,9.5800,0.0000,0.0000,0.0000,70.2369,0.0000,4411.0000,1755.0000,0.0000,25.0000,41.0000,24.0000,16.0000
2.3790,0.6040,0.4780,0.3370,0.2790,0.0000,0.0000,1.2970,1.0000,1.6290,10.4970,9.5800,0.0000,0.0000,0.0000,69.9038,0.0000,4379.0000,1755.0000,0.0000,25.0000,41.0000,24.0000,16.0000
1.9660,0.7410,0.4120,0.3850,0.1890,0.0000,0.0000,0.8130,1.0000,1.6290,10.4970,9.5800,0.0000,0.0000,0.0000,69.9039,0.0000,4379.0000,1755.0000,0.0000,25.0000,41.0000,24.0000,16.0000
2.1670,0.5830,0.4250,0.3950,0.1980,0.0000,0.0000,1.1590,1.0000,1.6290,10.4970,9.5800,0.0000,0.0000,0.0000,69.9143,0.0000,4380.0000,1755.0000,0.0000,25.0000,41.0000,24.0000,16.0000
2.2700,0.6850,0.4090,0.4040,0.1860,0.0000,0.0000,1.1760,1.0000,1.6290,10.4970,9.5800,0.0000,0.0000,0.0000,69.9143,0.0000,4380.0000,1755.0000,0.0000,25.0000,41.0000,24.0000,16.0000
2.5970,0.6590,0.6050,0.3640,0.3550,0.0000,0.0000,1.3330,1.0000,1.6290,10.4970,9.5800,0.0000,0.0000,0.0000,69.9652,0.0000,4385.0000,1755.0000,0.0000,25.0000,41.0000,24.0000,16.0000
2.2300,0.7990,0.4380,0.3980,0.2090,0.0000,0.0000,0.9930,1.0000,1.6290,10.4970,9.5800,0.0000,0.0000,0.0000,69.9859,0.0000,4387.0000,1755.0000,0.0000,25.0000,41.0000,24.0000,16.0000
2.2500,0.6700,0.4030,0.4020,0.1970,0.0000,0.0000,1.1770,1.0000,1.6290,10.4970,9.5800,0.0000,0.0000,0.0000,70.0162,0.0000,4390.0000,1755.0000,0.0000,25.0000,40.0000,24.0000,16.0000
2.1770,0.7100,0.3860,0.3540,0.1650,0.0000,0.0000,1.0810,1.0000,1.6290,10.4970,9.5800,0.0000,0.0000,0.0000,70.0163,0.0000,4390.0000,1755.0000,0.0000,25.0000,40.0000,24.0000,16.0000
2.1280,0.6250,0.3750,0.4120,0.1820,0.0000,0.0000,1.1280,1.0000,1.6290,10.4970,9.5800,0.0000,0.0000,0.0000,70.0268,0.0000,4391.0000,1755.0000,0.0000,25.0000,40.0000,24.0000,16.0000
2.2450,0.5700,0.3720,0.3390,0.1870,0.0000,0.0000,1.3030,1.0000,1.6290,10.4970,9.5800,0.0000,0.0000,0.0000,70.0268,0.0000,4391.0000,1755.0000,0.0000,25.0000,40.0000,24.0000,16.0000
2.2140,0.6310,0.4170,0.4440,0.1660,0.0000,0.0000,1.1660,1.0000,1.6290,10.4970,9.5800,0.0000,0.0000,0.0000,70.0282,0.0000,4391.0000,1755.0000,0.0000,25.0000,42.0000,24.0000,16.0000
2.0470,0.6160,0.3600,0.3580,0.1500,0.0000,0.0000,1.0710,1.0000,1.6290,10.4970,9.5800,0.0000,0.0000,0.0000,70.0282,0.0000,4391.0000,1755.0000,0.0000,25.0000,42.0000,24.0000,16.0000
2.4300,0.5970,0.4050,0.3590,0.2010,0.0000,0.0000,1.4280,1.0000,1.6290,10.4970,9.5800,0.0000,0.0000,0.0000,70.0588,0.0000,4394.0000,1755.0000,0.0000,25.0000,42.0000,24.0000,16.0000
2.9070,0.8010,0.5690,0.4030,0.1840,0.0000,0.0000,1.5370,1.0000,1.6290,10.4970,9.5800,0.0000,0.0000,0.0000,70.0581,0.0000,4394.0000,1755.0000,0.0000,25.0000,41.0000,24.0000,16.0000
2.3240,0.7860,0.4710,0.5910,0.2530,0.0000,0.0000,1.0670,1.0000,1.6290,10.4970,9.5800,0.0000,0.0000,0.0000,70.0583,0.0000,4394.0000,1755.0000,0.0000,25.0000,41.0000,24.0000,16.0000
2.2390,0.6930,0.4680,0.4810,0.2030,0.0000,0.0000,1.0780,1.0000,1.6290,10.4970,9.5800,0.0000,0.0000,0.0000,70.0686,0.0000,4395.0000,1755.0000,0.0000,25.0000,41.0000,24.0000,16.0000
2.2570,0.6420,0.4120,0.4100,0.1860,0.0000,0.0000,1.2030,1.0000,1.6290,10.4970,9.5800,0.0000,0.0000,0.0000,70.0788,0.0000,4396.0000,1755.0000,0.0000,25.0000,41.0000,24.0000,16.0000
1.9260,0.6280,0.3450,0.3520,0.1500,0.0000,0.0000,0.9530,1.0000,1.6290,10.4970,9.5800,0.0000,0.0000,0.0000,70.0789,0.0000,4396.0000,1755.0000,0.0000,25.0000,41.0000,24.0000,16.0000
1.9350,0.5370,0.3410,0.3500,0.1490,0.0000,0.0000,1.0570,1.0000,1.6290,10.4970,9.5800,0.0000,0.0000,0.0000,70.0789,0.0000,4396.0000,1755.0000,0.0000,25.0000,41.0000,24.0000,15.0000
1.9330,0.5480,0.3570,0.3580,0.1530,0.0000,0.0000,1.0280,1.0000,1.6290,10.4970,9.5800,0.0000,0.0000,0.0000,70.0789,0.0000,4396.0000,1755.0000,0.0000,25.0000,41.0000,24.0000,15.0000
2.0390,0.5980,0.3560,0.3650,0.1530,0.0000,0.0000,1.0850,1.0000,1.6290,10.4970,9.5800,0.0000,0.0000,0.0000,70.0789,0.0000,4396.0000,1755.0000,0.0000,25.0000,41.0000,24.0000,15.0000
2.1720,0.5880,0.3560,0.3570,0.1510,0.0000,0.0000,1.2280,1.0000,1.6290,10.4970,9.5800,0.0000,0.0000,0.0000,70.0789,0.0000,4396.0000,1755.0000,0.0000,25.0000,41.0000,24.0000,15.0000
2.3420,0.6310,0.4700,0.4000,0.2600,0.0000,0.0000,1.2410,1.0000,1.6290,10.4970,9.5800,0.0000,0.0000,0.0000,70.0892,0.0000,4397.0000,1755.0000,0.0000,25.0000,41.0000,24.0000,15.0000
2.3410,0.5830,0.4970,0.3350,0.2820,0.0000,0.0000,1.2610,1.0000,1.6290,10.4970,9.5800,0.0000,0.0000,0.0000,70.0995,0.0000,4398.0000,1755.0000,0.0000,25.0000,41.0000,24.0000,15.0000
2.2950,0.6450,0.4980,0.4090,0.2210,0.0000,0.0000,1.1520,1.0000,1.6290,10.4970,9.5800,0.0000,0.0000,0.0000,70.0995,0.0000,4398.0000,1755.0000,0.0000,25.0000,41.0000,24.0000,15.0000
2.1290,0.6220,0.3470,0.3590,0.1500,0.0000,0.0000,1.1600,1.0000,1.6290,10.4970,9.5800,0.0000,0.0000,0.0000,70.0996,0.0000,4398.0000,1755.0000,0.0000,25.0000,41.0000,24.0000,16.0000
2.2490,0.5460,0.4530,0.3540,0.1800,0.0000,0.0000,1.2500,1.0000,1.6290,10.4970,9.5800,0.0000,0.0000,0.0000,70.0996,0.0000,4398.0000,1755.0000,0.0000,25.0000,41.0000,24.0000,15.0000
2.9200,0.5530,0.4600,0.3440,0.2540,0.0000,0.0000,1.9070,1.0000,1.6290,10.4970,9.5800,0.0000,0.0000,0.0000,70.1307,0.0000,4401.0000,1755.0000,0.0000,25.0000,41.0000,24.0000,16.0000
2.3900,1.1620,0.4840,0.7770,0.2510,0.0000,0.0000,0.7440,1.0000,1.6290,10.4970,9.5800,0.0000,0.0000,0.0000,70.1515,0.0000,4403.0000,1755.0000,0.0000,25.0000,42.0000,24.0000,16.0000
2.1820,0.7120,0.4090,0.4090,0.2010,0.0000,0.0000,1.0610,1.0000,1.6290,10.4970,9.5800,0.0000,0.0000,0.0000,70.1722,0.0000,4405.0000,1755.0000,0.0000,25.0000,42.0000,24.0000,16.0000
2.0800,0.6590,0.3510,0.3360,0.1550,0.0000,0.0000,1.0700,1.0000,1.6290,10.4970,9.5800,0.0000,0.0000,0.0000,70.1716,0.0000,4405.0000,1755.0000,0.0000,25.0000,41.0000,24.0000,16.0000
2.2860,0.5820,0.4020,0.3460,0.2070,0.0000,0.0000,1.3020,1.0000,1.6290,10.4970,9.5800,0.0000,0.0000,0.0000,70.1948,0.0000,4407.0000,1755.0000,0.0000,25.0000,42.0000,24.0000,16.0000
2.2550,0.6240,0.4530,0.3380,0.2340,0.0000,0.0000,1.1780,1.0000,1.6290,10.4970,9.5800,0.0000,0.0000,0.0000,70.2052,0.0000,4408.0000,1755.0000,0.0000,25.0000,42.0000,24.0000,16.0000
2.2280,0.6970,0.4240,0.4600,0.1590,0.0000,0.0000,1.1070,1.0000,1.6290,10.4970,9.5800,0.0000,0.0000,0.0000,70.2173,0.0000,4409.0000,1755.0000,0.0000,25.0000,42.0000,24.0000,16.0000
2.2980,0.6710,0.3960,0.4120,0.1970,0.0000,0.0000,1.2310,1.0000,1.6290,10.4970,9.5800,0.0000,0.0000,0.0000,70.2394,0.0000,4411.0000,1755.0000,0.0000,25.0000,42.0000,24.0000,16.0000
2.0840,0.6710,0.3780,0.3410,0.1830,0.0000,0.0000,1.0350,1.0000,1.6290,10.4970,9.5800,0.0000,0.0000,0.0000,70.2497,0.0000,4412.0000,1755.0000,0.0000,25.0000,42.0000,24.0000,16.0000
2.1090,0.5770,0.4190,0.3360,0.2270,0.0000,0.0000,1.1130,1.0000,1.6290,10.4970,9.5800,0.0000,0.0000,0.0000,70.2498,0.0000,4412.0000,1755.0000,0.0000,25.0000,42.0000,24.0000,16.0000
2.0070,0.5670,0.3570,0.3640,0.1670,0.0000,0.0000,1.0830,1.0000,1.6290,10.4970,9.5800,0.0000,0.0000,0.0000,70.2499,0.0000,4412.0000,1755.0000,0.0000,25.0000,42.0000,24.0000,15.0000
2.3810,0.5600,0.4950,0.3620,0.2340,0.0000,0.0000,1.3260,1.0000,1.6290,10.4970,9.5800,0.0000,0.0000,0.0000,70.2594,0.0000,4413.0000,1755.0000,0.0000,25.0000,41.0000,24.0000,15.0000
2.0520,0.7000,0.3770,0.4420,0.1490,0.0000,0.0000,0.9750,1.0000,1.6290,10.4970,9.5800,0.0000,0.0000,0.0000,70.2594,0.0000,4413.0000,1755.0000,0.0000,25.0000,41.0000,24.0000,15.0000
2.0030,0.6180,0.3410,0.4010,0.1480,0.0000,0.0000,1.0440,1.0000,1.6290,10.4970,9.5800,0.0000,0.0000,0.0000,70.2595,0.0000,4413.0000,1755.0000,0.0000,25.0000,41.0000,24.0000,15.0000
2.4860,0.5830,0.3710,0.3580,0.1790,0.0000,0.0000,1.5320,1.0000,1.6290,10.4970,9.5800,0.0000,0.0000,0.0000,70.2697,0.0000,4414.0000,1755.0000,0.0000,25.0000,41.0000,24.0000,15.0000
2.1360,0.6470,0.3600,0.3210,0.1630,0.0000,0.0000,1.1290,1.0000,1.6290,10.4970,9.5800,0.0000,0.0000,0.0000,69.8977,0.0000,4378.0000,1755.0000,0.0000,25.0000,41.0000,24.0000,15.0000
2.0360,0.5400,0.3580,0.3340,0.1520,0.0000,0.0000,1.1380,1.0000,1.6290,10.4970,9.5800,0.0000,0.0000,0.0000,69.8974,0.0000,4378.0000,1755.0000,0.0000,25.0000,41.0000,24.0000,15.0000
1.9540,0.5930,0.3950,0.4170,0.1930,0.0000,0.0000,0.9660,1.0000,1.6290,10.4970,9.5800,0.0000,0.0000,0.0000,69.8961,0.0000,4378.0000,1755.0000,0.0000,25.0000,39.0000,24.0000,15.0000
2.1270,0.5200,0.4220,0.3380,0.2250,0.0000,0.0000,1.1850,1.0000,1.6290,10.4970,9.5800,0.0000,0.0000,0.0000,69.9063,0.0000,4379.0000,1755.0000,0.0000,25.0000,39.0000,24.0000,15.0000
2.0110,0.6660,0.3950,0.4470,0.1910,0.0000,0.0000,0.9500,1.0000,1.6290,10.4970,9.5800,0.0000,0.0000,0.0000,69.9063,0.0000,4379.0000,1755.0000,0.0000,25.0000,39.0000,24.0000,15.0000
2.1100,0.5650,0.4020,0.3790,0.1880,0.0000,0.0000,1.1430,1.0000,1.6290,10.4970,9.5800,0.0000,0.0000,0.0000,69.9071,0.0000,4379.0000,1755.0000,0.0000,25.0000,40.0000,24.0000,15.0000
2.1910,0.6210,0.4340,0.4450,0.2070,0.0000,0.0000,1.1360,1.0000,1.6290,10.4970,9.5800,0.0000,0.0000,0.0000,69.9382,0.0000,4382.0000,1755.0000,0.0000,25.0000,41.0000,24.0000,15.0000
1.9930,0.6770,0.3440,0.3640,0.1520,0.0000,0.0000,0.9720,1.0000,1.6290,10.4970,9.5800,0.0000,0.0000,0.0000,69.9382,0.0000,4382.0000,1755.0000,0.0000,25.0000,41.0000,24.0000,15.0000
2.1870,0.5370,0.3740,0.3480,0.1850,0.0000,0.0000,1.2760,1.0000,1.6290,10.4970,9.5800,0.0000,0.0000,0.0000,69.9487,0.0000,4383.0000,1755.0000,0.0000,25.0000,41.0000,24.0000,15.0000
2.2210,0.6060,0.3960,0.3180,0.2030,0.0000,0.0000,1.2190,1.0000,1.6290,10.4970,9.5800,0.0000,0.0000,0.0000,69.9795,0.0000,4386.0000,1755.0000,0.0000,25.0000,41.0000,24.0000,15.0000
2.4070,0.6250,0.4360,0.3170,0.2420,0.0000,0.0000,1.3460,1.0000,1.6290,10.4970,9.5800,0.0000,0.0000,0.0000,70.0406,0.0000,4392.0000,1755.0000,0.0000,25.0000,41.0000,24.0000,16.0000
2.0880,0.8610,0.4160,0.4400,0.1580,0.0000,0.0000,0.8110,1.0000,1.6290,10.4970,9.5800,0.0000,0.0000,0.0000,70.0529,0.0000,4393.0000,1755.0000,0.0000,25.0000,41.0000,24.0000,16.0000
2.0300,0.6200,0.3740,0.3730,0.1530,0.0000,0.0000,1.0360,1.0000,1.6290,10.4970,9.5800,0.0000,0.0000,0.0000,70.0532,0.0000,4393.0000,1755.0000,0.0000,25.0000,41.0000,24.0000,15.0000
2.3880,0.5850,0.5400,0.3810,0.2900,0.0000,0.0000,1.2630,1.0000,1.6290,10.4970,9.5800,0.0000,0.0000,0.0000,70.0635,0.0000,4394.0000,1755.0000,0.0000,25.0000,41.0000,24.0000,15.0000
2.0760,0.6290,0.3640,0.3310,0.1560,0.0000,0.0000,1.0830,1.0000,1.6290,10.4970,9.5800,0.0000,0.0000,0.0000,70.0635,0.0000,4394.0000,1755.0000,0.0000,25.0000,41.0000,24.0000,15.0000
3.1870,0.5190,0.3830,0.3240,0.1890,0.0000,0.0000,2.2850,1.0000,1.6290,10.4970,9.5800,0.0000,0.0000,0.0000,70.0635,0.0000,4394.0000,1755.0000,0.0000,25.0000,41.0000,24.0000,15.0000
2.2210,0.5320,0.4580,0.3430,0.2240,0.0000,0.0000,1.2310,1.0000,1.6290,10.4970,9.5800,0.0000,0.0000,0.0000,70.0738,0.0000,4395.0000,1755.0000,0.0000,25.0000,41.0000,24.0000,15.0000
1.9230,0.6170,0.3880,0.4080,0.1790,0.0000,0.0000,0.9180,1.0000,1.6290,10.4970,9.5800,0.0000,0.0000,0.0000,70.0941,0.0000,4397.0000,1755.0000,0.0000,25.0000,41.0000,24.0000,16.0000
1.7170,0.5660,0.3410,0.3400,0.1660,0.0000,0.0000,0.8100,1.0000,1.6290,10.4970,9.5800,0.0000,0.0000,0.0000,70.0935,0.0000,4397.0000,1755.0000,0.0000,25.0000,40.0000,24.0000,16.0000
1.8390,0.4240,0.3800,0.2680,0.2050,0.0000,0.0000,1.0350,1.0000,1.6290,10.4970,9.5800,0.0000,0.0000,0.0000,70.1039,0.0000,4398.0000,1755.0000,0.0000,25.0000,40.0000,24.0000,16.0000
1.6740,0.4590,0.2920,0.2630,0.1270,0.0000,0.0000,0.9230,1.0000,1.6290,10.4970,9.5800,0.0000,0.0000,0.0000,70.1046,0.0000,4398.0000,1755.0000,0.0000,25.0000,41.0000,24.0000,15.0000
1.6820,0.4610,0.2920,0.2640,0.1320,0.0000,0.0000,0.9290,1.0000,1.6290,10.4970,9.5800,0.0000,0.0000,0.0000,70.1046,0.0000,4398.0000,1755.0000,0.0000,25.0000,41.0000,24.0000,14.0000
1.7480,0.5090,0.3740,0.3610,0.1890,0.0000,0.0000,0.8650,1.0000,1.6290,10.4970,9.5800,0.0000,0.0000,0.0000,70.1039,0.0000,4398.0000,1755.0000,0.0000,25.0000,40.0000,24.0000,14.0000
1.6290,0.4900,0.2900,0.3340,0.1300,0.0000,0.0000,0.8490,1.0000,1.6290,10.4970,9.5800,0.0000,0.0000,0.0000,70.1032,0.0000,4398.0000,1755.0000,0.0000,25.0000,39.0000,24.0000,14.0000
1.5760,0.4630,0.2860,0.2720,0.1280,0.0000,0.0000,0.8270,1.0000,1.6290,10.4970,9.5800,0.0000,0.0000,0.0000,70.1039,0.0000,4398.0000,1755.0000,0.0000,25.0000,40.0000,24.0000,14.0000
1.7970,0.4690,0.3310,0.3230,0.1430,0.0000,0.0000,0.9970,1.0000,1.6290,10.4970,9.5800,0.0000,0.0000,0.0000,70.1039,0.0000,4398.0000,1755.0000,0.0000,25.0000,40.0000,24.0000,14.0000
1.9480,0.4260,0.2880,0.2740,0.1260,0.0000,0.0000,1.2340,1.0000,1.6290,10.4970,9.5800,0.0000,0.0000,0.0000,70.1046,0.0000,4398.0000,1755.0000,0.0000,25.0000,41.0000,24.0000,14.0000
1.9060,0.4610,0.3020,0.2710,0.1290,0.0000,0.0000,1.1430,1.0000,1.6290,10.4970,9.5800,0.0000,0.0000,0.0000,70.1039,0.0000,4398.0000,1755.0000,0.0000,25.0000,40.0000,24.0000,14.0000
2.0290,0.4190,0.3760,0.2590,0.1650,0.0000,0.0000,1.2340,1.0000,1.6290,10.4970,9.5800,0.0000,0.0000,0.0000,70.1129,0.0000,4399.0000,1755.0000,0.0000,25.0000,38.0000,24.0000,14.0000
1.6630,0.5210,0.2950,0.2850,0.1240,0.0000,0.0000,0.8470,1.0000,1.6290,10.4970,9.5800,0.0000,0.0000,0.0000,70.1144,0.0000,4399.0000,1755.0000,0.0000,25.0000,40.0000,24.0000,14.0000
1.7590,0.4520,0.3450,0.2630,0.1600,0.0000,0.0000,0.9620,1.0000,1.6290,10.4970,9.5800,0.0000,0.0000,0.0000,70.1342,0.0000,4401.0000,1755.0000,0.0000,25.0000,39.0000,24.0000,14.0000
1.7350,0.5300,0.3580,0.3140,0.1870,0.0000,0.0000,0.8470,1.0000,1.6290,10.4970,9.5800,0.0000,0.0000,0.0000,70.1445,0.0000,4402.0000,1755.0000,0.0000,25.0000,39.0000,24.0000,14.0000
1.6560,0.5040,0.3050,0.3180,0.1490,0.0000,0.0000,0.8470,1.0000,1.6290,10.4970,9.5800,0.0000,0.0000,0.0000,70.1549,0.0000,4403.0000,1755.0000,0.0000,25.0000,39.0000,24.0000,14.0000
1.8880,0.4570,0.3130,0.2680,0.1570,0.0000,0.0000,1.1180,1.0000,1.6290,10.4970,9.5800,0.0000,0.0000,0.0000,70.1793,0.0000,4406.0000,1755.0000,0.0000,25.0000,40.0000,24.0000,14.0000
1.7780,0.5870,0.2890,0.3600,0.1260,0.0000,0.0000,0.9020,1.0000,1.6290,10.4970,9.5800,0.0000,0.0000,0.0000,70.1802,0.0000,4406.0000,1755.0000,0.0000,25.0000,42.0000,24.0000,15.0000
1.7380,0.5300,0.3790,0.3740,0.2120,0.0000,0.0000,0.8290,1.0000,1.6290,10.4970,9.5800,0.0000,0.0000,0.0000,70.2042,0.0000,4410.0000,1755.0000,0.0000,25.0000,43.0000,24.0000,15.0000
1.8900,0.5010,0.3750,0.2720,0.2220,0.0000,0.0000,1.0140,1.0000,1.6290,10.4970,9.5800,0.0000,0.0000,0.0000,70.2440,0.0000,4414.0000,1755.0000,0.0000,25.0000,42.0000,24.0000,15.0000
1.6070,0.5630,0.2830,0.2770,0.1230,0.0000,0.0000,0.7610,1.0000,1.6290,10.4970,9.5800,0.0000,0.0000,0.0000,70.2435,0.0000,4414.0000,1755.0000,0.0000,25.0000,41.0000,24.0000,15.0000
1.6120,0.4550,0.2830,0.2540,0.1240,0.0000,0.0000,0.8740,1.0000,1.6290,10.4970,9.5800,0.0000,0.0000,0.0000,70.2437,0.0000,4414.0000,1755.0000,0.0000,25.0000,41.0000,24.0000,15.0000
1.8140,0.5080,0.3220,0.3010,0.1680,0.0000,0.0000,0.9840,1.0000,1.6290,10.4970,9.5800,0.0000,0.0000,0.0000,70.2639,0.0000,4416.0000,1755.0000,0.0000,25.0000,41.0000,24.0000,15.0000
1.6780,0.4980,0.2740,0.2510,0.1190,0.0000,0.0000,0.9060,1.0000,1.6290,10.4970,9.5800,0.0000,0.0000,0.0000,70.2639,0.0000,4416.0000,1755.0000,0.0000,25.0000,41.0000,24.0000,15.0000
1.6540,0.4500,0.3050,0.2530,0.1470,0.0000,0.0000,0.8990,1.0000,1.6290,10.4970,9.5800,0.0000,0.0000,0.0000,70.2743,0.0000,4417.0000,1755.0000,0.0000,25.0000,41.0000,24.0000,15.0000
1.6060,0.5050,0.3220,0.3040,0.1550,0.0000,0.0000,0.7790,1.0000,1.6290,10.4970,9.5800,0.0000,0.0000,0.0000,70.2743,0.0000,4417.0000,1755.0000,0.0000,25.0000,41.0000,24.0000,15.0000
1.7210,0.4090,0.3190,0.2550,0.1620,0.0000,0.0000,0.9930,1.0000,1.6290,10.4970,9.5800,0.0000,0.0000,0.0000,70.2847,0.0000,4418.0000,1755.0000,0.0000,25.0000,41.0000,24.0000,14.0000
1.6590,0.4490,0.2800,0.2520,0.1260,0.0000,0.0000,0.9300,1.0000,1.6290,10.4970,9.5800,0.0000,0.0000,0.0000,70.2848,0.0000,4418.0000,1755.0000,0.0000,25.0000,41.0000,24.0000,13.0000
1.8300,0.4870,0.3210,0.3320,0.1560,0.0000,0.0000,1.0220,1.0000,1.6290,10.4970,9.5800,0.0000,0.0000,0.0000,70.2848,0.0000,4418.0000,1755.0000,0.0000,25.0000,41.0000,24.0000,13.0000
1.6520,0.4800,0.2970,0.3220,0.1370,0.0000,0.0000,0.8750,1.0000,1.6290,10.4970,9.5800,0.0000,0.0000,0.0000,70.2848,0.0000,4418.0000,1755.0000,0.0000,25.0000,41.0000,24.0000,13.0000
1.7130,0.4170,0.3170,0.2540,0.1570,0.0000,0.0000,0.9790,1.0000,1.6290,10.4970,9.5800,0.0000,0.0000,0.0000,70.2952,0.0000,4419.0000,1755.0000,0.0000,25.0000,41.0000,24.0000,13.0000
1.6620,0.4910,0.3150,0.2540,0.1320,0.0000,0.0000,0.8560,1.0000,1.6290,10.4970,9.5800,0.0000,0.0000,0.0000,70.2953,0.0000,4419.0000,1755.0000,0.0000,25.0000,41.0000,24.0000,13.0000
1.6770,0.4550,0.2960,0.2840,0.1310,0.0000,0.0000,0.9260,1.0000,1.6290,10.4970,9.5800,0.0000,0.0000,0.0000,70.2951,0.0000,4419.0000,1755.0000,0.0000,25.0000,41.0000,24.0000,13.0000
2.1080,0.4340,0.2750,0.2660,0.1200,0.0000,0.0000,1.3990,1.0000,1.6290,10.4970,9.5800,0.0000,0.0000,0.0000,70.2950,0.0000,4419.0000,1755.0000,0.0000,25.0000,41.0000,24.0000,12.0000
2.4640,0.4770,0.3880,0.2670,0.1610,0.0000,0.0000,1.5990,1.0000,1.6290,10.4970,9.5800,0.0000,0.0000,0.0000,69.9430,0.0000,4385.0000,1755.0000,0.0000,25.0000,41.0000,24.0000,12.0000
2.5330,0.7000,0.4260,0.4730,0.1820,0.0000,0.0000,1.4070,1.0000,1.6290,10.4970,9.5800,0.0000,0.0000,0.0000,69.9429,0.0000,4385.0000,1755.0000,0.0000,25.0000,41.0000,24.0000,13.0000
2.4170,0.8400,0.4200,0.6340,0.2260,0.0000,0.0000,1.1570,1.0000,1.6290,10.4970,9.5800,0.0000,0.0000,0.0000,69.9730,0.0000,4388.0000,1755.0000,0.0000,25.0000,40.0000,24.0000,13.0000
2.5730,0.7680,0.4640,0.4420,0.2240,0.0000,0.0000,1.3410,1.0000,1.6290,10.4970,9.5800,0.0000,0.0000,0.0000,69.9934,0.0000,4390.0000,1755.0000,0.0000,25.0000,40.0000,24.0000,12.0000
2.5700,0.8590,0.4920,0.3840,0.2570,0.0000,0.0000,1.2190,1.0000,1.6290,10.4970,9.5800,0.0000,0.0000,0.0000,70.0031,0.0000,4391.0000,1755.0000,0.0000,25.0000,39.0000,24.0000,12.0000
2.6810,0.7950,0.4360,0.3770,0.2080,0.0000,0.0000,1.4500,1.0000,1.6290,10.4970,9.5800,0.0000,0.0000,0.0000,70.0226,0.0000,4391.0000,1755.0000,0.0000,25.0000,39.0000,24.0000,13.0000
2.4080,0.7220,0.5070,0.3780,0.2770,0.0000,0.0000,1.1790,1.0000,1.6290,10.4970,9.5800,0.0000,0.0000,0.0000,70.0429,0.0000,4393.0000,1755.0000,0.0000,25.0000,39.0000,24.0000,14.0000
2.7660,0.6870,0.3820,0.4020,0.1680,0.0000,0.0000,1.6970,1.0000,1.6290,10.4970,9.5800,0.0000,0.0000,0.0000,70.0431,0.0000,4393.0000,1755.0000,0.0000,25.0000,39.0000,24.0000,13.0000
2.6240,0.7450,0.5940,0.4310,0.3270,0.0000,0.0000,1.2850,1.0000,1.6290,10.4970,9.5800,0.0000,0.0000,0.0000,70.0549,0.0000,4394.0000,1755.0000,0.0000,25.0000,41.0000,24.0000,13.0000
2.4930,0.6510,0.3720,0.3420,0.1650,0.0000,0.0000,1.4700,1.0000,1.6290,10.4970,9.5800,0.0000,0.0000,0.0000,70.0552,0.0000,4394.0000,1755.0000,0.0000,25.0000,41.0000,24.0000,15.0000
2.2240,0.7710,0.4240,0.4470,0.1790,0.0000,0.0000,1.0290,1.0000,1.6290,10.4970,9.5800,0.0000,0.0000,0.0000,70.0552,0.0000,4394.0000,1755.0000,0.0000,25.0000,41.0000,24.0000,15.0000
2.3590,0.6390,0.4290,0.3770,0.2140,0.0000,0.0000,1.2910,1.0000,1.6290,10.4970,9.5800,0.0000,0.0000,0.0000,70.0655,0.0000,4395.0000,1755.0000,0.0000,25.0000,41.0000,24.0000,15.0000
2.2040,0.6260,0.4090,0.3220,0.1670,0.0000,0.0000,1.1690,1.0000,1.6290,10.4970,9.5800,0.0000,0.0000,0.0000,70.0642,0.0000,4394.0000,1755.0000,0.0000,25.0000,41.0000,24.0000,15.0000
2.2330,0.5280,0.4320,0.3260,0.2380,0.0000,0.0000,1.2730,1.0000,1.6290,10.4970,9.5800,0.0000,0.0000,0.0000,70.0753,0.0000,4395.0000,1755.0000,0.0000,25.0000,42.0000,24.0000,15.0000
2.3030,0.6170,0.4540,0.3790,0.2280,0.0000,0.0000,1.2320,1.0000,1.6290,10.4970,9.5800,0.0000,0.0000,0.0000,70.0857,0.0000,4396.0000,1755.0000,0.0000,25.0000,42.0000,24.0000,15.0000
2.1890,0.6360,0.4880,0.3470,0.2850,0.0000,0.0000,1.0650,1.0000,1.6290,10.4970,9.5800,0.0000,0.0000,0.0000,70.0850,0.0000,4396.0000,1755.0000,0.0000,25.0000,41.0000,24.0000,15.0000
2.1180,0.5400,0.3540,0.3240,0.1600,0.0000,0.0000,1.2240,1.0000,1.6290,10.4970,9.5800,0.0000,0.0000,0.0000,70.0851,0.0000,4396.0000,1755.0000,0.0000,25.0000,41.0000,24.0000,15.0000
2.0570,0.5500,0.3640,0.3340,0.1590,0.0000,0.0000,1.1430,1.0000,1.6290,10.4970,9.5800,0.0000,0.0000,0.0000,70.0858,0.0000,4396.0000,1755.0000,0.0000,25.0000,42.0000,24.0000,15.0000
2.9920,0.6020,1.0800,0.4050,0.8840,0.0000,0.0000,1.3100,1.0000,1.6290,10.4970,9.5800,0.0000,0.0000,0.0000,70.1163,0.0000,4399.0000,1755.0000,0.0000,25.0000,42.0000,24.0000,15.0000
2.1800,0.6780,0.4780,0.3340,0.1990,0.0000,0.0000,1.0240,1.0000,1.6290,10.4970,9.5800,0.0000,0.0000,0.0000,70.1274,0.0000,4400.0000,1755.0000,0.0000,25.0000,41.0000,24.0000,14.0000
2.0470,0.6320,0.4090,0.3830,0.1770,0.0000,0.0000,1.0060,1.0000,1.6290,10.4970,9.5800,0.0000,0.0000,0.0000,70.1262,0.0000,4400.0000,1755.0000,0.0000,25.0000,39.0000,24.0000,14.0000
2.0600,0.5900,0.4440,0.3910,0.2180,0.0000,0.0000,1.0260,1.0000,1.6290,10.4970,9.5800,0.0000,0.0000,0.0000,70.1269,0.0000,4400.0000,1755.0000,0.0000,25.0000,40.0000,24.0000,14.0000
2.2550,0.5810,0.4740,0.3840,0.2420,0.0000,0.0000,1.2000,1.0000,1.6290,10.4970,9.5800,0.0000,0.0000,0.0000,70.1372,0.0000,4401.0000,1755.0000,0.0000,25.0000,40.0000,24.0000,14.0000
2.0310,0.6190,0.3630,0.3780,0.1520,0.0000,0.0000,1.0490,1.0000,1.6290,10.4970,9.5800,0.0000,0.0000,0.0000,70.1365,0.0000,4401.0000,1755.0000,0.0000,25.0000,39.0000,24.0000,14.0000
1.9750,0.5870,0.3570,0.3380,0.1520,0.0000,0.0000,1.0310,1.0000,1.6290,10.4970,9.5800,0.0000,0.0000,0.0000,70.1365,0.0000,4401.0000,1755.0000,0.0000,25.0000,39.0000,24.0000,14.0000
2.1630,0.5750,0.4140,0.3360,0.2060,0.0000,0.0000,1.1740,1.0000,1.6290,10.4970,9.5800,0.0000,0.0000,0.0000,70.1677,0.0000,4404.0000,1755.0000,0.0000,25.0000,40.0000,24.0000,14.0000
2.1260,0.6970,0.3820,0.3200,0.1840,0.0000,0.0000,1.0470,1.0000,1.6290,10.4970,9.5800,0.0000,0.0000,0.0000,70.1780,0.0000,4405.0000,1755.0000,0.0000,25.0000,40.0000,24.0000,14.0000
9.9640,0.6320,0.3910,0.3640,0.1950,0.0000,0.0000,8.9410,1.0000,1.6290,10.4970,9.5800,0.0000,0.0000,0.0000,70.1984,0.0000,4407.0000,1755.0000,0.0000,25.0000,40.0000,24.0000,14.0000
2.8950,0.6120,0.4470,0.3160,0.2200,0.0000,0.0000,1.8360,1.0000,1.6290,10.4970,9.5800,0.0000,0.0000,0.0000,70.2191,0.0000,4409.0000,1755.0000,0.0000,25.0000,40.0000,24.0000,14.0000
2.3570,0.7460,0.4160,0.4460,0.2060,0.0000,0.0000,1.1950,1.0000,1.6290,10.4970,9.5800,0.0000,0.0000,0.0000,70.2396,0.0000,4411.0000,1755.0000,0.0000,25.0000,40.0000,24.0000,14.0000
2.3870,0.6560,0.4420,0.3520,0.1880,0.0000,0.0000,1.2890,1.0000,1.6290,10.4970,9.5800,0.0000,0.0000,0.0000,70.2390,0.0000,4411.0000,1755.0000,0.0000,25.0000,39.0000,24.0000,15.0000
2.2990,0.8690,0.4720,0.6380,0.2300,0.0000,0.0000,0.9580,1.0000,1.6290,10.4970,9.5800,0.0000,0.0000,0.0000,70.2494,0.0000,4412.0000,1755.0000,0.0000,25.0000,39.0000,24.0000,15.0000
2.3300,0.6820,0.4360,0.3560,0.1980,0.0000,0.0000,1.2120,1.0000,1.6290,10.4970,9.5800,0.0000,0.0000,0.0000,70.2597,0.0000,4413.0000,1755.0000,0.0000,25.0000,39.0000,24.0000,15.0000
2.4640,0.6470,0.4500,0.3830,0.2320,0.0000,0.0000,1.3670,1.0000,1.6290,10.4970,9.5800,0.0000,0.0000,0.0000,70.2700,0.0000,4414.0000,1755.0000,0.0000,25.0000,39.0000,24.0000,15.0000
2.2480,0.7510,0.4700,0.4200,0.2490,0.0000,0.0000,1.0270,1.0000,1.6290,10.4970,9.5800,0.0000,0.0000,0.0000,70.2803,0.0000,4415.0000,1755.0000,0.0000,25.0000,39.0000,24.0000,15.0000
4.5790,0.5860,0.4230,0.3250,0.2260,0.0000,0.0000,3.5700,1.0000,1.6290,10.4970,9.5800,0.0000,0.0000,0.0000,70.2804,0.0000,4415.0000,1755.0000,0.0000,25.0000,39.0000,24.0000,15.0000
2.6610,0.5610,0.4590,0.3450,0.2130,0.0000,0.0000,1.6410,1.0000,1.6290,10.4970,9.5800,0.0000,0.0000,0.0000,70.0230,0.0000,4390.0000,1755.0000,0.0000,25.0000,39.0000,24.0000,15.0000
2.3650,0.7460,0.4430,0.3290,0.2310,0.0000,0.0000,1.1760,1.0000,1.6290,10.4970,9.5800,0.0000,0.0000,0.0000,70.0229,0.0000,4390.0000,1755.0000,0.0000,25.0000,39.0000,24.0000,15.0000
2.0350,0.6650,0.3840,0.4560,0.1560,0.0000,0.0000,0.9860,1.0000,1.6290,10.4970,9.5800,0.0000,0.0000,0.0000,70.0231,0.0000,4390.0000,1755.0000,0.0000,25.0000,39.0000,24.0000,15.0000
2.1340,0.6040,0.3840,0.3970,0.1720,0.0000,0.0000,1.1460,1.0000,1.6290,10.4970,9.5800,0.0000,0.0000,0.0000,70.0231,0.0000,4390.0000,1755.0000,0.0000,25.0000,39.0000,24.0000,15.0000
1.9820,0.6140,0.3710,0.3420,0.1560,0.0000,0.0000,0.9970,1.0000,1.6290,10.4970,9.5800,0.0000,0.0000,0.0000,70.0237,0.0000,4390.0000,1755.0000,0.0000,25.0000,40.0000,24.0000,15.0000
2.0700,0.5900,0.3630,0.3390,0.1540,0.0000,0.0000,1.1170,1.0000,1.6290,10.4970,9.5800,0.0000,0.0000,0.0000,70.0237,0.0000,4390.0000,1755.0000,0.0000,25.0000,40.0000,24.0000,15.0000
1.9430,0.5710,0.3640,0.3350,0.1680,0.0000,0.0000,1.0080,1.0000,1.6290,10.4970,9.5800,0.0000,0.0000,0.0000,70.0237,0.0000,4390.0000,1755.0000,0.0000,25.0000,40.0000,24.0000,15.0000
1.9710,0.5890,0.3590,0.3430,0.1520,0.0000,0.0000,1.0230,1.0000,1.6290,10.4970,9.5800,0.0000,0.0000,0.0000,70.0231,0.0000,4390.0000,1755.0000,0.0000,25.0000,39.0000,24.0000,15.0000
1.8840,0.5790,0.3650,0.3420,0.1540,0.0000,0.0000,0.9400,1.0000,1.6290,10.4970,9.5800,0.0000,0.0000,0.0000,70.0231,0.0000,4390.0000,1755.0000,0.0000,25.0000,39.0000,24.0000,15.0000
2.1180,0.5860,0.4010,0.3420,0.1930,0.0000,0.0000,1.1310,1.0000,1.6290,10.4970,9.5800,0.0000,0.0000,0.0000,70.0333,0.0000,4391.0000,1755.0000,0.0000,25.0000,39.0000,24.0000,15.0000
1.9520,0.6310,0.3570,0.3380,0.1500,0.0000,0.0000,0.9640,1.0000,1.6290,10.4970,9.5800,0.0000,0.0000,0.0000,70.0326,0.0000,4391.0000,1755.0000,0.0000,25.0000,38.0000,24.0000,15.0000
2.1990,0.6150,0.3730,0.3420,0.1540,0.0000,0.0000,1.2110,1.0000,1.6290,10.4970,9.5800,0.0000,0.0000,0.0000,70.0326,0.0000,4391.0000,1755.0000,0.0000,25.0000,38.0000,24.0000,16.0000
2.2270,0.7110,0.4070,0.3920,0.2090,0.0000,0.0000,1.1090,1.0000,1.6290,10.4970,9.5800,0.0000,0.0000,0.0000,70.0631,0.0000,4394.0000,1755.0000,0.0000,25.0000,38.0000,24.0000,16.0000
2.1470,0.6580,0.4840,0.3240,0.2480,0.0000,0.0000,1.0050,1.0000,1.6290,10.4970,9.5800,0.0000,0.0000,0.0000,70.0741,0.0000,4395.0000,1755.0000,0.0000,25.0000,39.0000,24.0000,16.0000
2.3620,0.5690,0.4500,0.3250,0.2560,0.0000,0.0000,1.3430,1.0000,1.6290,10.4970,9.5800,0.0000,0.0000,0.0000,70.1047,0.0000,4398.0000,1755.0000,0.0000,25.0000,39.0000,24.0000,16.0000
2.2910,0.8180,0.4480,0.3800,0.2170,0.0000,0.0000,1.0250,1.0000,1.6290,10.4970,9.5800,0.0000,0.0000,0.0000,70.1453,0.0000,4402.0000,1755.0000,0.0000,25.0000,39.0000,24.0000,16.0000
2.2510,0.7480,0.3800,0.3260,0.1820,0.0000,0.0000,1.1230,1.0000,1.6290,10.4970,9.5800,0.0000,0.0000,0.0000,70.1551,0.0000,4403.0000,1755.0000,0.0000,25.0000,38.0000,24.0000,16.0000
1.9500,0.6700,0.3510,0.3980,0.1530,0.0000,0.0000,0.9290,1.0000,1.6290,10.4970,9.5800,0.0000,0.0000,0.0000,70.1553,0.0000,4403.0000,1755.0000,0.0000,25.0000,38.0000,24.0000,16.0000
2.5410,0.5350,0.3820,0.3270,0.1870,0.0000,0.0000,1.6240,1.0000,1.6290,10.4970,9.5800,0.0000,0.0000,0.0000,70.1649,0.0000,4404.0000,1755.0000,0.0000,25.0000,37.0000,24.0000,16.0000
1.9740,0.7860,0.3830,0.4370,0.1590,0.0000,0.0000,0.8050,1.0000,1.6290,10.4970,9.5800,0.0000,0.0000,0.0000,70.1656,0.0000,4404.0000,1755.0000,0.0000,25.0000,38.0000,24.0000,16.0000
2.1550,0.5940,0.4220,0.3430,0.2040,0.0000,0.0000,1.1390,1.0000,1.6290,10.4970,9.5800,0.0000,0.0000,0.0000,70.1657,0.0000,4404.0000,1755.0000,0.0000,25.0000,38.0000,24.0000,16.0000
3.9670,0.6080,0.4180,0.3410,0.2020,0.0000,0.0000,2.9410,1.0000,1.6290,10.4970,9.5800,0.0000,0.0000,0.0000,70.1862,0.0000,4406.0000,1755.0000,0.0000,25.0000,38.0000,24.0000,16.0000
2.3500,1.0530,0.3940,0.4150,0.1670,0.0000,0.0000,0.9030,1.0000,1.6290,10.4970,9.5800,0.0000,0.0000,0.0000,70.1862,0.0000,4406.0000,1755.0000,0.0000,25.0000,38.0000,24.0000,16.0000
2.5450,0.6790,0.5890,0.4310,0.3260,0.0000,0.0000,1.2770,1.0000,1.6290,10.4970,9.5800,0.0000,0.0000,0.0000,70.2281,0.0000,4410.0000,1755.0000,0.0000,25.0000,39.0000,24.0000,16.0000
11.2220,0.7700,0.3620,0.3960,0.1490,0.0000,0.0000,10.0900,1.0000,1.6290,10.4970,9.5800,0.0000,0.0000,0.0000,70.2283,0.0000,4410.0000,1755.0000,0.0000,25.0000,39.0000,24.0000,16.0000
2.1790,6.9130,0.3690,0.3610,0.1550,0.0000,0.0000,0.0000,1.0000,1.6290,10.4970,9.5800,0.0000,0.0000,0.0000,70.2285,0.0000,4410.0000,1755.0000,0.0000,25.0000,39.0000,24.0000,16.0000
2.1430,0.5610,0.4030,0.3380,0.2020,0.0000,0.0000,1.1790,1.0000,1.6290,10.4970,9.5800,0.0000,0.0000,0.0000,70.2285,0.0000,4410.0000,1755.0000,0.0000,25.0000,39.0000,24.0000,16.0000
4.8170,0.5540,0.3530,0.3240,0.1530,0.0000,0.0000,3.9100,1.0000,1.6290,10.4970,9.5800,0.0000,0.0000,0.0000,70.2285,0.0000,4410.0000,1755.0000,0.0000,25.0000,39.0000,24.0000,16.0000
3.0210,0.5340,0.3820,0.3270,0.1620,0.0000,0.0000,2.1050,1.0000,1.6290,10.4970,9.5800,0.0000,0.0000,0.0000,70.2285,0.0000,4410.0000,1755.0000,0.0000,25.0000,39.0000,24.0000,16.0000
4.4970,0.6360,0.3720,0.3440,0.1580,0.0000,0.0000,3.4890,1.0000,1.6290,10.4970,9.5800,0.0000,0.0000,0.0000,70.2285,0.0000,4410.0000,1755.0000,0.0000,25.0000,39.0000,24.0000,16.0000
2.4240,1.5910,0.4150,0.4540,0.1610,0.0000,0.0000,0.4180,1.0000,1.6290,10.4970,9.5800,0.0000,0.0000,0.0000,70.2285,0.0000,4410.0000,1755.0000,0.0000,25.0000,39.0000,24.0000,16.0000
1.9760,0.7480,0.3560,0.5030,0.1500,0.0000,0.0000,0.8720,1.0000,1.6290,10.4970,9.5800,0.0000,0.0000,0.0000,70.2285,0.0000,4410.0000,1755.0000,0.0000,25.0000,39.0000,24.0000,16.0000
2.2900,0.5240,0.4110,0.3150,0.2090,0.0000,0.0000,1.3550,1.0000,1.6290,10.4970,9.5800,0.0000,0.0000,0.0000,70.2476,0.0000,4412.0000,1755.0000,0.0000,25.0000,37.0000,24.0000,16.0000
2.0200,0.6990,0.3990,0.4060,0.1880,0.0000,0.0000,0.9220,1.0000,1.6290,10.4970,9.5800,0.0000,0.0000,0.0000,70.2483,0.0000,4412.0000,1755.0000,0.0000,25.0000,38.0000,24.0000,16.0000
1.9930,0.5390,0.4020,0.3340,0.1920,0.0000,0.0000,1.0520,1.0000,1.6290,10.4970,9.5800,0.0000,0.0000,0.0000,70.2484,0.0000,4412.0000,1755.0000,0.0000,25.0000,38.0000,24.0000,15.0000
1.8710,0.7660,0.3920,0.5610,0.2130,0.0000,0.0000,0.7130,1.0000,1.6290,10.4970,9.5800,0.0000,0.0000,0.0000,70.2690,0.0000,4414.0000,1755.0000,0.0000,25.0000,38.0000,24.0000,15.0000
2.0500,0.5590,0.3300,0.2890,0.1630,0.0000,0.0000,1.1610,1.0000,1.6290,10.4970,9.5800,0.0000,0.0000,0.0000,70.2886,0.0000,4416.0000,1755.0000,0.0000,25.0000,38.0000,24.0000,15.0000
1.8170,0.6380,0.3220,0.3860,0.1600,0.0000,0.0000,0.8570,1.0000,1.6290,10.4970,9.5800,0.0000,0.0000,0.0000,69.9280,0.0000,4381.0000,1755.0000,0.0000,25.0000,38.0000,24.0000,15.0000
1.6760,0.5170,0.3260,0.2740,0.1580,0.0000,0.0000,0.8330,1.0000,1.6290,10.4970,9.5800,0.0000,0.0000,0.0000,69.9485,0.0000,4383.0000,1755.0000,0.0000,25.0000,38.0000,24.0000,15.0000
1.6190,0.5150,0.3320,0.2550,0.1550,0.0000,0.0000,0.7720,1.0000,1.6290,10.4970,9.5800,0.0000,0.0000,0.0000,69.9588,0.0000,4384.0000,1755.0000,0.0000,25.0000,38.0000,24.0000,14.0000
1.4530,0.5400,0.2920,0.3150,0.1370,0.0000,0.0000,0.6210,1.0000,1.6290,10.4970,9.5800,0.0000,0.0000,0.0000,69.9589,0.0000,4384.0000,1755.0000,0.0000,25.0000,38.0000,24.0000,14.0000
1.7530,0.4160,0.3220,0.2690,0.1700,0.0000,0.0000,1.0150,1.0000,1.6290,10.4970,9.5800,0.0000,0.0000,0.0000,69.9793,0.0000,4386.0000,1755.0000,0.0000,25.0000,38.0000,24.0000,14.0000
1.5030,0.5530,0.3400,0.2640,0.1300,0.0000,0.0000,0.6100,1.0000,1.6290,10.4970,9.5800,0.0000,0.0000,0.0000,69.9793,0.0000,4386.0000,1755.0000,0.0000,25.0000,38.0000,24.0000,13.0000
1.3890,0.4260,0.2760,0.2770,0.1250,0.0000,0.0000,0.6870,1.0000,1.6290,10.4970,9.5800,0.0000,0.0000,0.0000,69.9795,0.0000,4386.0000,1755.0000,0.0000,25.0000,38.0000,24.0000,13.0000
1.5040,0.4520,0.3260,0.2700,0.1620,0.0000,0.0000,0.7260,1.0000,1.6290,10.4970,9.5800,0.0000,0.0000,0.0000,69.9794,0.0000,4386.0000,1755.0000,0.0000,25.0000,38.0000,24.0000,13.0000
1.3900,0.4440,0.2870,0.2860,0.1250,0.0000,0.0000,0.6590,1.0000,1.6290,10.4970,9.5800,0.0000,0.0000,0.0000,69.9794,0.0000,4386.0000,1755.0000,0.0000,25.0000,38.0000,24.0000,13.0000
1.6630,0.4590,0.3300,0.3030,0.1740,0.0000,0.0000,0.8740,1.0000,1.6290,10.4970,9.5800,0.0000,0.0000,0.0000,70.0099,0.0000,4389.0000,1755.0000,0.0000,25.0000,38.0000,24.0000,13.0000
1.4700,0.5890,0.3080,0.3470,0.1550,0.0000,0.0000,0.5730,1.0000,1.6290,10.4970,9.5800,0.0000,0.0000,0.0000,70.0203,0.0000,4390.0000,1755.0000,0.0000,25.0000,38.0000,24.0000,13.0000
1.4160,0.4710,0.3160,0.2530,0.1570,0.0000,0.0000,0.6290,1.0000,1.6290,10.4970,9.5800,0.0000,0.0000,0.0000,70.0204,0.0000,4390.0000,1755.0000,0.0000,25.0000,38.0000,24.0000,13.0000
1.3950,0.4040,0.2660,0.2570,0.1190,0.0000,0.0000,0.7250,1.0000,1.6290,10.4970,9.5800,0.0000,0.0000,0.0000,70.0205,0.0000,4390.0000,1755.0000,0.0000,25.0000,38.0000,24.0000,12.0000
1.6150,0.4940,0.3120,0.2890,0.1650,0.0000,0.0000,0.8090,1.0000,1.6290,10.4970,9.5800,0.0000,0.0000,0.0000,70.0294,0.0000,4391.0000,1755.0000,0.0000,25.0000,36.0000,24.0000,12.0000
1.4720,0.5130,0.2960,0.3270,0.1250,0.0000,0.0000,0.6630,1.0000,1.6290,10.4970,9.5800,0.0000,0.0000,0.0000,70.0294,0.0000,4391.0000,1755.0000,0.0000,25.0000,36.0000,24.0000,12.0000
1.5650,0.4700,0.3570,0.3060,0.1560,0.0000,0.0000,0.7380,1.0000,1.6290,10.4970,9.5800,0.0000,0.0000,0.0000,70.0294,0.0000,4391.0000,1755.0000,0.0000,25.0000,36.0000,24.0000,12.0000
1.4270,0.4590,0.2940,0.2990,0.1260,0.0000,0.0000,0.6740,1.0000,1.6290,10.4970,9.5800,0.0000,0.0000,0.0000,70.0294,0.0000,4391.0000,1755.0000,0.0000,25.0000,36.0000,24.0000,12.0000
1.4580,0.4630,0.2870,0.2970,0.1370,0.0000,0.0000,0.7080,1.0000,1.6290,10.4970,9.5800,0.0000,0.0000,0.0000,70.0287,0.0000,4391.0000,1755.0000,0.0000,25.0000,35.0000,24.0000,12.0000
1.6870,0.4090,0.3180,0.2550,0.1660,0.0000,0.0000,0.9600,1.0000,1.6290,10.4970,9.5800,0.0000,0.0000,0.0000,70.0608,0.0000,4394.0000,1755.0000,0.0000,25.0000,35.0000,24.0000,13.0000
1.6480,0.5980,0.3360,0.3360,0.1300,0.0000,0.0000,0.7140,1.0000,1.6290,10.4970,9.5800,0.0000,0.0000,0.0000,70.0608,0.0000,4394.0000,1755.0000,0.0000,25.0000,35.0000,24.0000,14.0000
1.8790,0.4020,0.4010,0.2530,0.2320,0.0000,0.0000,1.0760,1.0000,1.6290,10.4970,9.5800,0.0000,0.0000,0.0000,70.0610,0.0000,4394.0000,1755.0000,0.0000,25.0000,35.0000,24.0000,14.0000
1.7530,0.4540,0.3470,0.2820,0.1620,0.0000,0.0000,0.9520,1.0000,1.6290,10.4970,9.5800,0.0000,0.0000,0.0000,70.0815,0.0000,4396.0000,1755.0000,0.0000,25.0000,35.0000,24.0000,14.0000
2.0020,0.4760,0.3710,0.2510,0.1880,0.0000,0.0000,1.1550,1.0000,1.6290,10.4970,9.5800,0.0000,0.0000,0.0000,70.1017,0.0000,4398.0000,1755.0000,0.0000,25.0000,35.0000,24.0000,14.0000
1.9500,0.5730,0.5030,0.2950,0.1760,0.0000,0.0000,0.8740,1.0000,1.6290,10.4970,9.5800,0.0000,0.0000,0.0000,70.1121,0.0000,4399.0000,1755.0000,0.0000,25.0000,35.0000,24.0000,14.0000
1.6110,0.5140,0.3070,0.2650,0.1310,0.0000,0.0000,0.7900,1.0000,1.6290,10.4970,9.5800,0.0000,0.0000,0.0000,70.1122,0.0000,4399.0000,1755.0000,0.0000,25.0000,35.0000,24.0000,14.0000
1.7640,0.5060,0.3740,0.3070,0.2170,0.0000,0.0000,0.8840,1.0000,1.6290,10.4970,9.5800,0.0000,0.0000,0.0000,70.1123,0.0000,4399.0000,1755.0000,0.0000,25.0000,35.0000,24.0000,14.0000
1.7440,0.4140,0.3170,0.2560,0.1600,0.0000,0.0000,1.0130,1.0000,1.6290,10.4970,9.5800,0.0000,0.0000,0.0000,70.1328,0.0000,4401.0000,1755.0000,0.0000,25.0000,35.0000,24.0000,14.0000
1.7190,0.4710,0.2940,0.2500,0.1430,0.0000,0.0000,0.9540,1.0000,1.6290,10.4970,9.5800,0.0000,0.0000,0.0000,70.1431,0.0000,4402.0000,1755.0000,0.0000,25.0000,35.0000,24.0000,14.0000
1.8200,0.5670,0.3450,0.3530,0.1320,0.0000,0.0000,0.9080,1.0000,1.6290,10.4970,9.5800,0.0000,0.0000,0.0000,70.1432,0.0000,4402.0000,1755.0000,0.0000,25.0000,35.0000,24.0000,14.0000
1.8390,0.5710,0.3380,0.3610,0.1570,0.0000,0.0000,0.9300,1.0000,1.6290,10.4970,9.5800,0.0000,0.0000,0.0000,70.1432,0.0000,4402.0000,1755.0000,0.0000,25.0000,35.0000,24.0000,15.0000
1.6780,0.5260,0.3020,0.3390,0.1390,0.0000,0.0000,0.8500,1.0000,1.6290,10.4970,9.5800,0.0000,0.0000,0.0000,70.1439,0.0000,4402.0000,1755.0000,0.0000,25.0000,36.0000,24.0000,16.0000
1.8210,0.4130,0.3320,0.2570,0.1590,0.0000,0.0000,1.0760,1.0000,1.6290,10.4970,9.5800,0.0000,0.0000,0.0000,70.1548,0.0000,4403.0000,1755.0000,0.0000,25.0000,37.0000,24.0000,16.0000
1.6300,0.5090,0.3220,0.2730,0.1600,0.0000,0.0000,0.7990,1.0000,1.6290,10.4970,9.5800,0.0000,0.0000,0.0000,70.1754,0.0000,4405.0000,1755.0000,0.0000,25.0000,37.0000,24.0000,16.0000
1.6520,0.5310,0.3600,0.3030,0.1900,0.0000,0.0000,0.7610,1.0000,1.6290,10.4970,9.5800,0.0000,0.0000,0.0000,70.1857,0.0000,4406.0000,1755.0000,0.0000,25.0000,37.0000,24.0000,16.0000
1.6460,0.4950,0.3070,0.3110,0.1540,0.0000,0.0000,0.8440,1.0000,1.6290,10.4970,9.5800,0.0000,0.0000,0.0000,70.1858,0.0000,4406.0000,1755.0000,0.0000,25.0000,37.0000,24.0000,16.0000
1.6040,0.4760,0.3280,0.2590,0.1290,0.0000,0.0000,0.8000,1.0000,1.6290,10.4970,9.5800,0.0000,0.0000,0.0000,70.1859,0.0000,4406.0000,1755.0000,0.0000,25.0000,37.0000,24.0000,16.0000
1.6670,0.4220,0.3220,0.2710,0.1360,0.0000,0.0000,0.9230,1.0000,1.6290,10.4970,9.5800,0.0000,0.0000,0.0000,70.1859,0.0000,4406.0000,1755.0000,0.0000,25.0000,37.0000,24.0000,16.0000
1.5670,0.4710,0.2910,0.3040,0.1250,0.0000,0.0000,0.8050,1.0000,1.6290,10.4970,9.5800,0.0000,0.0000,0.0000,70.1859,0.0000,4406.0000,1755.0000,0.0000,25.0000,37.0000,24.0000,16.0000
1.7610,0.4670,0.3160,0.3020,0.1520,0.0000,0.0000,0.9780,1.0000,1.6290,10.4970,9.5800,0.0000,0.0000,0.0000,70.1859,0.0000,4406.0000,1755.0000,0.0000,25.0000,37.0000,24.0000,16.0000
1.6610,0.4560,0.3080,0.3080,0.1360,0.0000,0.0000,0.8970,1.0000,1.6290,10.4970,9.5800,0.0000,0.0000,0.0000,70.1859,0.0000,4406.0000,1755.0000,0.0000,25.0000,37.0000,24.0000,16.0000
1.5720,0.4670,0.2900,0.3040,0.1240,0.0000,0.0000,0.8150,1.0000,1.6290,10.4970,9.5800,0.0000,0.0000,0.0000,70.1866,0.0000,4406.0000,1755.0000,0.0000,25.0000,38.0000,24.0000,16.0000
1.6950,0.4760,0.3520,0.3080,0.1830,0.0000,0.0000,0.8670,1.0000,1.6290,10.4970,9.5800,0.0000,0.0000,0.0000,70.1968,0.0000,4407.0000,1755.0000,0.0000,25.0000,38.0000,24.0000,17.0000
1.7220,0.4910,0.3170,0.3080,0.1590,0.0000,0.0000,0.9140,1.0000,1.6290,10.4970,9.5800,0.0000,0.0000,0.0000,70.2169,0.0000,4409.0000,1755.0000,0.0000,25.0000,38.0000,24.0000,18.0000
1.7680,0.5190,0.3310,0.2960,0.1710,0.0000,0.0000,0.9180,1.0000,1.6290,10.4970,9.5800,0.0000,0.0000,0.0000,70.2164,0.0000,4409.0000,1755.0000,0.0000,25.0000,37.0000,24.0000,18.0000
2.1820,0.4820,0.3550,0.2680,0.1760,0.0000,0.0000,1.3450,1.0000,1.6290,10.4970,9.5800,0.0000,0.0000,0.0000,70.2463,0.0000,4412.0000,1755.0000,0.0000,25.0000,36.0000,24.0000,18.0000
1.7970,0.9160,0.3320,0.4220,0.1570,0.0000,0.0000,0.5490,1.0000,1.6290,10.4970,9.5800,0.0000,0.0000,0.0000,70.2572,0.0000,4413.0000,1755.0000,0.0000,25.0000,37.0000,24.0000,18.0000
1.7750,0.4840,0.3520,0.2590,0.1670,0.0000,0.0000,0.9390,1.0000,1.6290,10.4970,9.5800,0.0000,0.0000,0.0000,70.2881,0.0000,4416.0000,1755.0000,0.0000,25.0000,37.0000,24.0000,18.0000
1.7710,0.6170,0.3590,0.3500,0.1770,0.0000,0.0000,0.7950,1.0000,1.6290,10.4970,9.5800,0.0000,0.0000,0.0000,70.2882,0.0000,4416.0000,1755.0000,0.0000,25.0000,37.0000,24.0000,17.0000
1.6670,0.4950,0.2830,0.3300,0.1240,0.0000,0.0000,0.8890,1.0000,1.6290,10.4970,9.5800,0.0000,0.0000,0.0000,70.2884,0.0000,4416.0000,1755.0000,0.0000,25.0000,37.0000,24.0000,17.0000
2.1960,0.4190,0.3520,0.2570,0.1730,0.0000,0.0000,1.4250,1.0000,1.6290,10.4970,9.5800,0.0000,0.0000,0.0000,70.3288,0.0000,4420.0000,1755.0000,0.0000,25.0000,37.0000,24.0000,17.0000
1.9760,0.5940,0.4670,0.2550,0.2670,0.0000,0.0000,0.9150,1.0000,1.6290,10.4970,9.5800,0.0000,0.0000,0.0000,70.3497,0.0000,4422.0000,1755.0000,0.0000,25.0000,37.0000,24.0000,17.0000
1.6020,0.5130,0.2900,0.2740,0.1240,0.0000,0.0000,0.7990,1.0000,1.6290,10.4970,9.5800,0.0000,0.0000,0.0000,70.3507,0.0000,4422.0000,1755.0000,0.0000,25.0000,38.0000,24.0000,17.0000
1.7180,0.4540,0.3370,0.2540,0.1510,0.0000,0.0000,0.9270,1.0000,1.6290,10.4970,9.5800,0.0000,0.0000,0.0000,70.3605,0.0000,4423.0000,1755.0000,0.0000,25.0000,37.0000,24.0000,17.0000
1.5910,0.5190,0.2950,0.3240,0.1360,0.0000,0.0000,0.7770,1.0000,1.6290,10.4970,9.5800,0.0000,0.0000,0.0000,70.3605,0.0000,4423.0000,1755.0000,0.0000,25.0000,37.0000,24.0000,17.0000
3.9480,0.4130,0.2800,0.2530,0.1220,0.0000,0.0000,3.2550,1.0000,1.6290,10.4970,9.5800,0.0000,0.0000,0.0000,70.3606,0.0000,4423.0000,1755.0000,0.0000,25.0000,37.0000,24.0000,17.0000
2.3660,0.4630,0.3680,0.2600,0.2060,0.0000,0.0000,1.5350,1.0000,1.6290,10.4970,9.5800,0.0000,0.0000,0.0000,69.9773,0.0000,4386.0000,1755.0000,0.0000,25.0000,37.0000,24.0000,17.0000
2.4500,0.8390,0.5100,0.5450,0.2650,0.0000,0.0000,1.1010,1.0000,1.6290,10.4970,9.5800,0.0000,0.0000,0.0000,69.9874,0.0000,4387.0000,1755.0000,0.0000,25.0000,37.0000,24.0000,17.0000
2.1940,0.6790,0.4430,0.4030,0.2270,0.0000,0.0000,1.0720,1.0000,1.6290,10.4970,9.5800,0.0000,0.0000,0.0000,69.9979,0.0000,4388.0000,1755.0000,0.0000,25.0000,37.0000,24.0000,17.0000
2.0470,0.6490,0.3580,0.3370,0.1550,0.0000,0.0000,1.0400,1.0000,1.6290,10.4970,9.5800,0.0000,0.0000,0.0000,69.9980,0.0000,4388.0000,1755.0000,0.0000,25.0000,37.0000,24.0000,16.0000
2.2890,0.6110,0.4670,0.3610,0.2260,0.0000,0.0000,1.2110,1.0000,1.6290,10.4970,9.5800,0.0000,0.0000,0.0000,70.0084,0.0000,4389.0000,1755.0000,0.0000,25.0000,37.0000,24.0000,15.0000
2.3640,0.6330,0.4980,0.3470,0.2650,0.0000,0.0000,1.2330,1.0000,1.6290,10.4970,9.5800,0.0000,0.0000,0.0000,70.0084,0.0000,4389.0000,1755.0000,0.0000,25.0000,37.0000,24.0000,16.0000
2.3650,0.6710,0.4280,0.4610,0.1730,0.0000,0.0000,1.2660,1.0000,1.6290,10.4970,9.5800,0.0000,0.0000,0.0000,70.0084,0.0000,4389.0000,1755.0000,0.0000,25.0000,37.0000,24.0000,16.0000
2.3610,0.5970,0.4650,0.3850,0.2330,0.0000,0.0000,1.2990,1.0000,1.6290,10.4970,9.5800,0.0000,0.0000,0.0000,70.0084,0.0000,4389.0000,1755.0000,0.0000,25.0000,37.0000,24.0000,15.0000
2.1940,0.5670,0.4580,0.3510,0.2310,0.0000,0.0000,1.1690,1.0000,1.6290,10.4970,9.5800,0.0000,0.0000,0.0000,70.0076,0.0000,4389.0000,1755.0000,0.0000,25.0000,36.0000,24.0000,16.0000
2.0550,0.6810,0.4240,0.4820,0.1940,0.0000,0.0000,0.9500,1.0000,1.6290,10.4970,9.5800,0.0000,0.0000,0.0000,70.0186,0.0000,4390.0000,1755.0000,0.0000,25.0000,37.0000,24.0000,16.0000
2.1140,0.6370,0.4350,0.3820,0.2100,0.0000,0.0000,1.0420,1.0000,1.6290,10.4970,9.5800,0.0000,0.0000,0.0000,70.0288,0.0000,4391.0000,1755.0000,0.0000,25.0000,37.0000,24.0000,16.0000
2.2130,0.6250,0.3480,0.3800,0.1520,0.0000,0.0000,1.2400,1.0000,1.6290,10.4970,9.5800,0.0000,0.0000,0.0000,70.0287,0.0000,4391.0000,1755.0000,0.0000,25.0000,37.0000,24.0000,17.0000
2.0720,0.7210,0.3820,0.5140,0.1860,0.0000,0.0000,0.9690,1.0000,1.6290,10.4970,9.5800,0.0000,0.0000,0.0000,70.0390,0.0000,4392.0000,1755.0000,0.0000,25.0000,37.0000,24.0000,17.0000
2.2460,0.5630,0.4820,0.3120,0.2450,0.0000,0.0000,1.2010,1.0000,1.6290,10.4970,9.5800,0.0000,0.0000,0.0000,70.0703,0.0000,4395.0000,1755.0000,0.0000,25.0000,38.0000,24.0000,17.0000
2.4100,0.6680,0.4110,0.3450,0.2000,0.0000,0.0000,1.3310,1.0000,1.6290,10.4970,9.5800,0.0000,0.0000,0.0000,70.0916,0.0000,4397.0000,1755.0000,0.0000,25.0000,39.0000,24.0000,17.0000
2.5240,0.7440,0.4770,0.4650,0.2260,0.0000,0.0000,1.3030,1.0000,1.6290,10.4970,9.5800,0.0000,0.0000,0.0000,70.0918,0.0000,4397.0000,1755.0000,0.0000,25.0000,39.0000,24.0000,17.0000
2.3420,0.5870,0.4350,0.3270,0.1860,0.0000,0.0000,1.3200,1.0000,1.6290,10.4970,9.5800,0.0000,0.0000,0.0000,70.0926,0.0000,4397.0000,1755.0000,0.0000,25.0000,40.0000,24.0000,17.0000
2.4360,0.6520,0.4690,0.4060,0.2070,0.0000,0.0000,1.3150,1.0000,1.6290,10.4970,9.5800,0.0000,0.0000,0.0000,70.1021,0.0000,4398.0000,1755.0000,0.0000,25.0000,39.0000,24.0000,17.0000
2.2260,0.7540,0.4220,0.4990,0.2100,0.0000,0.0000,1.0500,1.0000,1.6290,10.4970,9.5800,0.0000,0.0000,0.0000,70.1327,0.0000,4401.0000,1755.0000,0.0000,25.0000,39.0000,24.0000,17.0000
2.0390,0.6460,0.3610,0.3240,0.1650,0.0000,0.0000,1.0320,1.0000,1.6290,10.4970,9.5800,0.0000,0.0000,0.0000,70.1328,0.0000,4401.0000,1755.0000,0.0000,25.0000,39.0000,24.0000,18.0000
2.1550,0.5980,0.4080,0.3950,0.2150,0.0000,0.0000,1.1490,1.0000,1.6290,10.4970,9.5800,0.0000,0.0000,0.0000,70.1533,0.0000,4403.0000,1755.0000,0.0000,25.0000,39.0000,24.0000,18.0000
1.9650,0.6080,0.4000,0.3330,0.1980,0.0000,0.0000,0.9570,1.0000,1.6290,10.4970,9.5800,0.0000,0.0000,0.0000,70.1534,0.0000,4403.0000,1755.0000,0.0000,25.0000,39.0000,24.0000,18.0000
2.0160,0.6420,0.4170,0.4430,0.1970,0.0000,0.0000,0.9570,1.0000,1.6290,10.4970,9.5800,0.0000,0.0000,0.0000,70.1535,0.0000,4403.0000,1755.0000,0.0000,25.0000,39.0000,24.0000,18.0000
2.3080,0.5300,0.5520,0.3360,0.3040,0.0000,0.0000,1.2260,1.0000,1.6290,10.4970,9.5800,0.0000,0.0000,0.0000,70.1630,0.0000,4404.0000,1755.0000,0.0000,25.0000,38.0000,24.0000,18.0000
2.1450,0.7080,0.4290,0.3950,0.2080,0.0000,0.0000,1.0080,1.0000,1.6290,10.4970,9.5800,0.0000,0.0000,0.0000,70.1832,0.0000,4406.0000,1755.0000,0.0000,25.0000,38.0000,24.0000,18.0000
2.0120,0.6500,0.3780,0.3180,0.1860,0.0000,0.0000,0.9840,1.0000,1.6290,10.4970,9.5800,0.0000,0.0000,0.0000,70.1936,0.0000,4407.0000,1755.0000,0.0000,25.0000,38.0000,24.0000,18.0000
2.0270,0.5990,0.3830,0.3180,0.1940,0.0000,0.0000,1.0450,1.0000,1.6290,10.4970,9.5800,0.0000,0.0000,0.0000,70.2134,0.0000,4409.0000,1755.0000,0.0000,25.0000,38.0000,24.0000,18.0000
2.0580,0.6430,0.3580,0.3170,0.1520,0.0000,0.0000,1.0570,1.0000,1.6290,10.4970,9.5800,0.0000,0.0000,0.0000,70.2128,0.0000,4409.0000,1755.0000,0.0000,25.0000,37.0000,24.0000,18.0000
1.8720,0.5800,0.3640,0.3380,0.1520,0.0000,0.0000,0.9280,1.0000,1.6290,10.4970,9.5800,0.0000,0.0000,0.0000,70.2129,0.0000,4409.0000,1755.0000,0.0000,25.0000,37.0000,24.0000,18.0000
1.9220,0.5590,0.3380,0.3130,0.1500,0.0000,0.0000,1.0250,1.0000,1.6290,10.4970,9.5800,0.0000,0.0000,0.0000,70.2129,0.0000,4409.0000,1755.0000,0.0000,25.0000,37.0000,24.0000,18.0000
2.2430,0.5440,0.4170,0.3150,0.2050,0.0000,0.0000,1.2820,1.0000,1.6290,10.4970,9.5800,0.0000,0.0000,0.0000,70.2437,0.0000,4412.0000,1755.0000,0.0000,25.0000,37.0000,24.0000,18.0000
1.9930,0.6960,0.3450,0.3350,0.1490,0.0000,0.0000,0.9520,1.0000,1.6290,10.4970,9.5800,0.0000,0.0000,0.0000,70.2437,0.0000,4412.0000,1755.0000,0.0000,25.0000,37.0000,24.0000,18.0000
2.1060,0.5620,0.3730,0.3230,0.1830,0.0000,0.0000,1.1710,1.0000,1.6290,10.4970,9.5800,0.0000,0.0000,0.0000,70.2541,0.0000,4413.0000,1755.0000,0.0000,25.0000,37.0000,24.0000,18.0000
2.0550,0.5960,0.4350,0.3090,0.2470,0.0000,0.0000,1.0240,1.0000,1.6290,10.4970,9.5800,0.0000,0.0000,0.0000,70.2651,0.0000,4414.0000,1755.0000,0.0000,25.0000,38.0000,24.0000,18.0000
1.8400,0.5470,0.3490,0.3080,0.1610,0.0000,0.0000,0.9440,1.0000,1.6290,10.4970,9.5800,0.0000,0.0000,0.0000,70.2645,0.0000,4414.0000,1755.0000,0.0000,25.0000,37.0000,24.0000,18.0000
2.1150,0.5060,0.3340,0.3100,0.1460,0.0000,0.0000,1.2750,1.0000,1.6290,10.4970,9.5800,0.0000,0.0000,0.0000,70.2645,0.0000,4414.0000,1755.0000,0.0000,25.0000,37.0000,24.0000,18.0000
2.1590,0.5980,0.4110,0.3500,0.2090,0.0000,0.0000,1.1500,1.0000,1.6290,10.4970,9.5800,0.0000,0.0000,0.0000,70.2857,0.0000,4416.0000,1755.0000,0.0000,25.0000,38.0000,24.0000,18.0000
2.2900,0.6260,0.4820,0.3260,0.2310,0.0000,0.0000,1.1820,1.0000,1.6290,10.4970,9.5800,0.0000,0.0000,0.0000,70.3156,0.0000,4419.0000,1755.0000,0.0000,25.0000,37.0000,24.0000,18.0000
2.0670,0.7020,0.4210,0.3820,0.1600,0.0000,0.0000,0.9440,1.0000,1.6290,10.4970,9.5800,0.0000,0.0000,0.0000,70.3151,0.0000,4419.0000,1755.0000,0.0000,25.0000,36.0000,24.0000,18.0000
2.0840,0.5860,0.4020,0.3670,0.1510,0.0000,0.0000,1.0960,1.0000,1.6290,10.4970,9.5800,0.0000,0.0000,0.0000,70.3153,0.0000,4419.0000,1755.0000,0.0000,25.0000,36.0000,24.0000,18.0000
3.0890,0.6070,0.4330,0.3810,0.2120,0.0000,0.0000,2.0490,1.0000,1.6290,10.4970,9.5800,0.0000,0.0000,0.0000,70.3248,0.0000,4420.0000,1755.0000,0.0000,25.0000,35.0000,24.0000,19.0000
2.3700,0.6330,0.4460,0.3210,0.2150,0.0000,0.0000,1.2910,1.0000,1.6290,10.4970,9.5800,0.0000,0.0000,0.0000,70.3553,0.0000,4423.0000,1755.0000,0.0000,25.0000,35.0000,24.0000,18.0000
2.8680,0.6900,0.4380,0.3210,0.2480,0.0000,0.0000,1.7400,1.0000,1.6290,10.4970,9.5800,0.0000,0.0000,0.0000,70.3554,0.0000,4423.0000,1755.0000,0.0000,25.0000,35.0000,24.0000,18.0000
2.1390,0.5560,0.3760,0.3310,0.1750,0.0000,0.0000,1.2070,1.0000,1.6290,10.4970,9.5800,0.0000,0.0000,0.0000,70.3649,0.0000,4424.0000,1755.0000,0.0000,25.0000,34.0000,24.0000,18.0000
2.5940,0.5790,0.3510,0.3200,0.1590,0.0000,0.0000,1.6640,1.0000,1.6290,10.4970,9.5800,0.0000,0.0000,0.0000,69.9246,0.0000,4381.0000,1755.0000,0.0000,25.0000,35.0000,24.0000,18.0000
2.3580,0.5580,0.3940,0.3290,0.1530,0.0000,0.0000,1.4060,1.0000,1.6290,10.4970,9.5800,0.0000,0.0000,0.0000,69.9252,0.0000,4381.0000,1755.0000,0.0000,25.0000,36.0000,24.0000,18.0000
2.2460,0.7000,0.4370,0.3850,0.2180,0.0000,0.0000,1.1090,1.0000,1.6290,10.4970,9.5800,0.0000,0.0000,0.0000,69.9348,0.0000,4382.0000,1755.0000,0.0000,25.0000,35.0000,24.0000,17.0000
2.1310,0.5740,0.4930,0.3350,0.2440,0.0000,0.0000,1.0640,1.0000,1.6290,10.4970,9.5800,0.0000,0.0000,0.0000,69.9443,0.0000,4383.0000,1755.0000,0.0000,25.0000,34.0000,24.0000,16.0000
2.0990,0.6270,0.4380,0.4040,0.2320,0.0000,0.0000,1.0340,1.0000,1.6290,10.4970,9.5800,0.0000,0.0000,0.0000,69.9663,0.0000,4385.0000,1755.0000,0.0000,25.0000,36.0000,24.0000,16.0000
2.0970,0.6450,0.3710,0.3730,0.1520,0.0000,0.0000,1.0810,1.0000,1.6290,10.4970,9.5800,0.0000,0.0000,0.0000,69.9671,0.0000,4385.0000,1755.0000,0.0000,25.0000,37.0000,24.0000,16.0000
2.3050,0.6220,0.3740,0.3750,0.1580,0.0000,0.0000,1.3090,1.0000,1.6290,10.4970,9.5800,0.0000,0.0000,0.0000,69.9672,0.0000,4385.0000,1755.0000,0.0000,25.0000,37.0000,24.0000,16.0000
2.2390,0.6210,0.3900,0.3310,0.1650,0.0000,0.0000,1.2280,1.0000,1.6290,10.4970,9.5800,0.0000,0.0000,0.0000,69.9672,0.0000,4385.0000,1755.0000,0.0000,25.0000,37.0000,24.0000,16.0000
2.2820,0.5100,0.3620,0.3070,0.1690,0.0000,0.0000,1.4100,1.0000,1.6290,10.4970,9.5800,0.0000,0.0000,0.0000,69.9672,0.0000,4385.0000,1755.0000,0.0000,25.0000,37.0000,24.0000,16.0000
2.2220,0.5730,0.4600,0.3850,0.2080,0.0000,0.0000,1.1890,1.0000,1.6290,10.4970,9.5800,0.0000,0.0000,0.0000,69.9871,0.0000,4387.0000,1755.0000,0.0000,25.0000,36.0000,24.0000,16.0000
1.9300,0.6500,0.3520,0.3700,0.1510,0.0000,0.0000,0.9280,1.0000,1.6290,10.4970,9.5800,0.0000,0.0000,0.0000,69.9872,0.0000,4387.0000,1755.0000,0.0000,25.0000,36.0000,24.0000,16.0000
2.0490,0.6010,0.4080,0.3490,0.1950,0.0000,0.0000,1.0400,1.0000,1.6290,10.4970,9.5800,0.0000,0.0000,0.0000,70.0082,0.0000,4389.0000,1755.0000,0.0000,25.0000,37.0000,24.0000,15.0000
2.1310,0.6440,0.3800,0.3540,0.1880,0.0000,0.0000,1.1070,1.0000,1.6290,10.4970,9.5800,0.0000,0.0000,0.0000,70.0184,0.0000,4390.0000,1755.0000,0.0000,25.0000,37.0000,24.0000,15.0000
2.1980,0.5820,0.3690,0.3160,0.1570,0.0000,0.0000,1.2470,1.0000,1.6290,10.4970,9.5800,0.0000,0.0000,0.0000,70.0192,0.0000,4390.0000,1755.0000,0.0000,25.0000,38.0000,24.0000,15.0000
2.1010,0.6310,0.4110,0.3710,0.2020,0.0000,0.0000,1.0590,1.0000,1.6290,10.4970,9.5800,0.0000,0.0000,0.0000,70.0193,0.0000,4390.0000,1755.0000,0.0000,25.0000,38.0000,24.0000,15.0000
2.7460,0.5410,0.4190,0.3480,0.2210,0.0000,0.0000,1.7860,1.0000,1.6290,10.4970,9.5800,0.0000,0.0000,0.0000,70.0498,0.0000,4393.0000,1755.0000,0.0000,25.0000,38.0000,24.0000,15.0000
3.5390,0.6330,0.3760,0.3310,0.1840,0.0000,0.0000,2.5300,1.0000,1.6290,10.4970,9.5800,0.0000,0.0000,0.0000,70.0703,0.0000,4395.0000,1755.0000,0.0000,25.0000,38.0000,24.0000,14.0000
2.2450,0.6550,0.4720,0.3100,0.1780,0.0000,0.0000,1.1180,1.0000,1.6290,10.4970,9.5800,0.0000,0.0000,0.0000,70.0705,0.0000,4395.0000,1755.0000,0.0000,25.0000,38.0000,24.0000,14.0000
1.9030,0.6380,0.3860,0.4140,0.1550,0.0000,0.0000,0.8790,1.0000,1.6290,10.4970,9.5800,0.0000,0.0000,0.0000,70.0706,0.0000,4395.0000,1755.0000,0.0000,25.0000,38.0000,24.0000,14.0000
2.1360,0.5740,0.4100,0.3570,0.1860,0.0000,0.0000,1.1520,1.0000,1.6290,10.4970,9.5800,0.0000,0.0000,0.0000,70.0808,0.0000,4396.0000,1755.0000,0.0000,25.0000,38.0000,24.0000,16.0000
2.2980,0.6730,0.4080,0.4250,0.2100,0.0000,0.0000,1.2170,1.0000,1.6290,10.4970,9.5800,0.0000,0.0000,0.0000,70.1012,0.0000,4398.0000,1755.0000,0.0000,25.0000,38.0000,24.0000,17.0000
1.9720,0.7210,0.3600,0.3690,0.1570,0.0000,0.0000,0.8910,1.0000,1.6290,10.4970,9.5800,0.0000,0.0000,0.0000,70.1013,0.0000,4398.0000,1755.0000,0.0000,25.0000,38.0000,24.0000,17.0000
2.1730,0.6110,0.4090,0.3260,0.2080,0.0000,0.0000,1.1530,1.0000,1.6290,10.4970,9.5800,0.0000,0.0000,0.0000,70.1320,0.0000,4401.0000,1755.0000,0.0000,25.0000,38.0000,24.0000,17.0000
1.9170,0.7030,0.3760,0.3780,0.1870,0.0000,0.0000,0.8380,1.0000,1.6290,10.4970,9.5800,0.0000,0.0000,0.0000,70.1313,0.0000,4401.0000,1755.0000,0.0000,25.0000,37.0000,24.0000,17.0000
2.3570,0.5350,0.3930,0.3300,0.2010,0.0000,0.0000,1.4290,1.0000,1.6290,10.4970,9.5800,0.0000,0.0000,0.0000,70.1322,0.0000,4401.0000,1755.0000,0.0000,25.0000,38.0000,24.0000,17.0000
2.0080,0.6260,0.4540,0.4060,0.2350,0.0000,0.0000,0.9280,1.0000,1.6290,10.4970,9.5800,0.0000,0.0000,0.0000,70.1322,0.0000,4401.0000,1755.0000,0.0000,25.0000,38.0000,24.0000,17.0000
2.0640,0.5740,0.3960,0.3790,0.1930,0.0000,0.0000,1.0940,1.0000,1.6290,10.4970,9.5800,0.0000,0.0000,0.0000,70.1322,0.0000,4401.0000,1755.0000,0.0000,25.0000,38.0000,24.0000,17.0000
2.1780,0.7100,0.4320,0.3790,0.2370,0.0000,0.0000,1.0360,1.0000,1.6290,10.4970,9.5800,0.0000,0.0000,0.0000,70.1525,0.0000,4403.0000,1755.0000,0.0000,25.0000,38.0000,24.0000,17.0000
2.1880,0.6440,0.3880,0.3570,0.1530,0.0000,0.0000,1.1560,1.0000,1.6290,10.4970,9.5800,0.0000,0.0000,0.0000,70.1526,0.0000,4403.0000,1755.0000,0.0000,25.0000,38.0000,24.0000,17.0000
2.3630,0.6180,0.4960,0.3610,0.2730,0.0000,0.0000,1.2490,1.0000,1.6290,10.4970,9.5800,0.0000,0.0000,0.0000,70.1833,0.0000,4406.0000,1755.0000,0.0000,25.0000,38.0000,24.0000,17.0000
2.0920,0.6470,0.3990,0.3090,0.1600,0.0000,0.0000,1.0460,1.0000,1.6290,10.4970,9.5800,0.0000,0.0000,0.0000,70.1833,0.0000,4406.0000,1755.0000,0.0000,25.0000,38.0000,24.0000,17.0000
2.0930,0.5790,0.4430,0.3520,0.2420,0.0000,0.0000,1.0710,1.0000,1.6290,10.4970,9.5800,0.0000,0.0000,0.0000,70.1937,0.0000,4407.0000,1755.0000,0.0000,25.0000,38.0000,24.0000,17.0000
2.6580,0.5680,0.4610,0.3260,0.2280,0.0000,0.0000,1.6290,1.0000,1.6290,10.4970,9.5800,0.0000,0.0000,0.0000,70.2244,0.0000,4410.0000,1755.0000,0.0000,25.0000,38.0000,24.0000,17.0000
2.0710,0.7850,0.3480,0.3280,0.1500,0.0000,0.0000,0.9380,1.0000,1.6290,10.4970,9.5800,0.0000,0.0000,0.0000,70.2253,0.0000,4410.0000,1755.0000,0.0000,25.0000,39.0000,24.0000,17.0000
2.0040,0.5730,0.3440,0.3380,0.1580,0.0000,0.0000,1.0870,1.0000,1.6290,10.4970,9.5800,0.0000,0.0000,0.0000,70.2247,0.0000,4410.0000,1755.0000,0.0000,25.0000,38.0000,24.0000,17.0000
2.5010,0.5380,0.5160,0.3280,0.3050,0.0000,0.0000,1.4470,1.0000,1.6290,10.4970,9.5800,0.0000,0.0000,0.0000,70.2552,0.0000,4413.0000,1755.0000,0.0000,25.0000,38.0000,24.0000,17.0000
2.0200,0.7540,0.4110,0.3540,0.1600,0.0000,0.0000,0.8550,1.0000,1.6290,10.4970,9.5800,0.0000,0.0000,0.0000,70.2545,0.0000,4413.0000,1755.0000,0.0000,25.0000,37.0000,24.0000,17.0000
2.0410,0.5930,0.3850,0.3790,0.1540,0.0000,0.0000,1.0630,1.0000,1.6290,10.4970,9.5800,0.0000,0.0000,0.0000,70.2547,0.0000,4413.0000,1755.0000,0.0000,25.0000,37.0000,24.0000,16.0000
2.1830,0.6560,0.3930,0.3450,0.1980,0.0000,0.0000,1.1340,1.0000,1.6290,10.4970,9.5800,0.0000,0.0000,0.0000,70.2752,0.0000,4415.0000,1755.0000,0.0000,25.0000,37.0000,24.0000,16.0000
2.2860,0.6410,0.3960,0.3210,0.2020,0.0000,0.0000,1.2490,1.0000,1.6290,10.4970,9.5800,0.0000,0.0000,0.0000,70.3071,0.0000,4418.0000,1755.0000,0.0000,25.0000,39.0000,24.0000,16.0000
2.2950,0.7250,0.4110,0.3510,0.2030,0.0000,0.0000,1.1590,1.0000,1.6290,10.4970,9.5800,0.0000,0.0000,0.0000,70.3175,0.0000,4419.0000,1755.0000,0.0000,25.0000,39.0000,24.0000,16.0000
4.6940,0.8110,0.4210,0.5120,0.1780,0.0000,0.0000,3.4620,1.0000,1.6290,10.4970,9.5800,0.0000,0.0000,0.0000,70.3176,0.0000,4419.0000,1755.0000,0.0000,25.0000,39.0000,24.0000,16.0000
2.0450,0.6360,0.3780,0.3760,0.1650,0.0000,0.0000,1.0310,1.0000,1.6290,10.4970,9.5800,0.0000,0.0000,0.0000,69.9452,0.0000,4383.0000,1755.0000,0.0000,25.0000,37.0000,24.0000,16.0000
2.2850,0.5350,0.4150,0.3280,0.2230,0.0000,0.0000,1.3350,1.0000,1.6290,10.4970,9.5800,0.0000,0.0000,0.0000,69.9859,0.0000,4387.0000,1755.0000,0.0000,25.0000,37.0000,24.0000,16.0000
2.0210,0.7630,0.4200,0.4230,0.1620,0.0000,0.0000,0.8380,1.0000,1.6290,10.4970,9.5800,0.0000,0.0000,0.0000,69.9866,0.0000,4387.0000,1755.0000,0.0000,25.0000,38.0000,24.0000,16.0000
2.4050,0.5740,0.4740,0.3650,0.2200,0.0000,0.0000,1.3570,1.0000,1.6290,10.4970,9.5800,0.0000,0.0000,0.0000,69.9988,0.0000,4389.0000,1755.0000,0.0000,25.0000,40.0000,24.0000,16.0000
2.0820,0.6840,0.3620,0.3510,0.1490,0.0000,0.0000,1.0360,1.0000,1.6290,10.4970,9.5800,0.0000,0.0000,0.0000,69.9988,0.0000,4389.0000,1755.0000,0.0000,25.0000,40.0000,24.0000,15.0000
1.9990,0.5790,0.3500,0.3180,0.1520,0.0000,0.0000,1.0700,1.0000,1.6290,10.4970,9.5800,0.0000,0.0000,0.0000,69.9982,0.0000,4389.0000,1755.0000,0.0000,25.0000,39.0000,24.0000,15.0000
1.9410,0.5130,0.3430,0.3180,0.1500,0.0000,0.0000,1.0850,1.0000,1.6290,10.4970,9.5800,0.0000,0.0000,0.0000,69.9975,0.0000,4389.0000,1755.0000,0.0000,25.0000,38.0000,24.0000,15.0000
1.9480,0.5380,0.3540,0.3020,0.1670,0.0000,0.0000,1.0560,1.0000,1.6290,10.4970,9.5800,0.0000,0.0000,0.0000,69.9975,0.0000,4389.0000,1755.0000,0.0000,25.0000,38.0000,24.0000,15.0000
2.1540,0.5300,0.3380,0.3050,0.1480,0.0000,0.0000,1.2860,1.0000,1.6290,10.4970,9.5800,0.0000,0.0000,0.0000,70.0017,0.0000,4390.0000,1755.0000,0.0000,25.0000,39.0000,24.0000,15.0000
2.3610,0.6640,0.4540,0.4240,0.2330,0.0000,0.0000,1.2430,1.0000,1.6290,10.4970,9.5800,0.0000,0.0000,0.0000,70.0025,0.0000,4390.0000,1755.0000,0.0000,25.0000,41.0000,24.0000,17.0000
2.2890,0.6310,0.4970,0.4180,0.2660,0.0000,0.0000,1.1610,1.0000,1.6290,10.4970,9.5800,0.0000,0.0000,0.0000,70.0127,0.0000,4391.0000,1755.0000,0.0000,25.0000,41.0000,24.0000,16.0000
1.9760,0.6160,0.3740,0.3680,0.1500,0.0000,0.0000,0.9860,1.0000,1.6290,10.4970,9.5800,0.0000,0.0000,0.0000,70.0127,0.0000,4391.0000,1755.0000,0.0000,25.0000,41.0000,24.0000,17.0000
2.0460,0.5730,0.4410,0.3610,0.1750,0.0000,0.0000,1.0320,1.0000,1.6290,10.4970,9.5800,0.0000,0.0000,0.0000,70.0128,0.0000,4391.0000,1755.0000,0.0000,25.0000,41.0000,24.0000,17.0000
2.5380,0.5840,0.6240,0.3720,0.4390,0.0000,0.0000,1.3300,1.0000,1.6290,10.4970,9.5800,0.0000,0.0000,0.0000,70.0518,0.0000,4395.0000,1755.0000,0.0000,25.0000,41.0000,24.0000,16.0000
2.3640,0.6450,0.4200,0.3130,0.1970,0.0000,0.0000,1.2990,1.0000,1.6290,10.4970,9.5800,0.0000,0.0000,0.0000,70.0614,0.0000,4396.0000,1755.0000,0.0000,25.0000,40.0000,24.0000,16.0000
2.2790,0.7070,0.4740,0.4390,0.2090,0.0000,0.0000,1.0980,1.0000,1.6290,10.4970,9.5800,0.0000,0.0000,0.0000,70.0609,0.0000,4396.0000,1755.0000,0.0000,25.0000,39.0000,24.0000,15.0000
2.3150,0.5880,0.4100,0.3810,0.2100,0.0000,0.0000,1.3170,1.0000,1.6290,10.4970,9.5800,0.0000,0.0000,0.0000,70.0917,0.0000,4399.0000,1755.0000,0.0000,25.0000,39.0000,24.0000,15.0000
1.9000,0.6770,0.3640,0.3520,0.1720,0.0000,0.0000,0.8590,1.0000,1.6290,10.4970,9.5800,0.0000,0.0000,0.0000,70.0917,0.0000,4399.0000,1755.0000,0.0000,25.0000,39.0000,24.0000,16.0000
1.9720,0.4950,0.4460,0.2970,0.2550,0.0000,0.0000,1.0310,1.0000,1.6290,10.4970,9.5800,0.0000,0.0000,0.0000,70.0919,0.0000,4399.0000,1755.0000,0.0000,25.0000,39.0000,24.0000,16.0000
1.8620,0.5060,0.3420,0.3040,0.1550,0.0000,0.0000,1.0140,1.0000,1.6290,10.4970,9.5800,0.0000,0.0000,0.0000,70.0919,0.0000,4399.0000,1755.0000,0.0000,25.0000,39.0000,24.0000,16.0000
2.3130,0.5060,0.4180,0.3080,0.2300,0.0000,0.0000,1.3890,1.0000,1.6290,10.4970,9.5800,0.0000,0.0000,0.0000,70.1124,0.0000,4401.0000,1755.0000,0.0000,25.0000,39.0000,24.0000,16.0000
1.9170,0.6490,0.3750,0.3240,0.1600,0.0000,0.0000,0.8930,1.0000,1.6290,10.4970,9.5800,0.0000,0.0000,0.0000,70.1110,0.0000,4401.0000,1755.0000,0.0000,25.0000,37.0000,24.0000,16.0000
2.1160,0.5290,0.4020,0.3260,0.2120,0.0000,0.0000,1.1850,1.0000,1.6290,10.4970,9.5800,0.0000,0.0000,0.0000,70.1111,0.0000,4401.0000,1755.0000,0.0000,25.0000,37.0000,24.0000,17.0000
2.1790,0.5740,0.4030,0.3750,0.2010,0.0000,0.0000,1.2020,1.0000,1.6290,10.4970,9.5800,0.0000,0.0000,0.0000,70.1320,0.0000,4403.0000,1755.0000,0.0000,25.0000,38.0000,24.0000,17.0000
2.2810,0.5970,0.4250,0.3270,0.1970,0.0000,0.0000,1.2590,1.0000,1.6290,10.4970,9.5800,0.0000,0.0000,0.0000,70.1525,0.0000,4405.0000,1755.0000,0.0000,25.0000,38.0000,24.0000,17.0000
2.2410,0.7120,0.3870,0.3640,0.1950,0.0000,0.0000,1.1420,1.0000,1.6290,10.4970,9.5800,0.0000,0.0000,0.0000,70.1730,0.0000,4407.0000,1755.0000,0.0000,25.0000,38.0000,24.0000,17.0000
2.1690,0.6450,0.3810,0.3280,0.1840,0.0000,0.0000,1.1430,1.0000,1.6290,10.4970,9.5800,0.0000,0.0000,0.0000,70.1843,0.0000,4408.0000,1755.0000,0.0000,25.0000,39.0000,24.0000,17.0000
2.0670,0.5490,0.3520,0.3060,0.1630,0.0000,0.0000,1.1660,1.0000,1.6290,10.4970,9.5800,0.0000,0.0000,0.0000,70.1845,0.0000,4408.0000,1755.0000,0.0000,25.0000,39.0000,24.0000,17.0000
2.0620,0.6120,0.3620,0.3900,0.1540,0.0000,0.0000,1.0880,1.0000,1.6290,10.4970,9.5800,0.0000,0.0000,0.0000,70.1845,0.0000,4408.0000,1755.0000,0.0000,25.0000,39.0000,24.0000,17.0000
1.9930,0.5320,0.3420,0.3210,0.1440,0.0000,0.0000,1.1190,1.0000,1.6290,10.4970,9.5800,0.0000,0.0000,0.0000,70.1838,0.0000,4408.0000,1755.0000,0.0000,25.0000,38.0000,24.0000,17.0000
2.1350,0.6120,0.3710,0.3870,0.1780,0.0000,0.0000,1.1520,1.0000,1.6290,10.4970,9.5800,0.0000,0.0000,0.0000,70.1941,0.0000,4409.0000,1755.0000,0.0000,25.0000,38.0000,24.0000,16.0000
2.5030,0.5590,0.5390,0.3270,0.3010,0.0000,0.0000,1.4050,1.0000,1.6290,10.4970,9.5800,0.0000,0.0000,0.0000,70.2150,0.0000,4411.0000,1755.0000,0.0000,25.0000,39.0000,24.0000,16.0000
2.0370,0.7250,0.3430,0.3290,0.1450,0.0000,0.0000,0.9690,1.0000,1.6290,10.4970,9.5800,0.0000,0.0000,0.0000,70.2151,0.0000,4411.0000,1755.0000,0.0000,25.0000,39.0000,24.0000,16.0000
2.2470,0.6160,0.4030,0.3600,0.1930,0.0000,0.0000,1.2280,1.0000,1.6290,10.4970,9.5800,0.0000,0.0000,0.0000,70.2254,0.0000,4412.0000,1755.0000,0.0000,25.0000,39.0000,24.0000,16.0000
2.0410,0.6080,0.3770,0.3560,0.1700,0.0000,0.0000,1.0560,1.0000,1.6290,10.4970,9.5800,0.0000,0.0000,0.0000,70.2261,0.0000,4412.0000,1755.0000,0.0000,25.0000,40.0000,24.0000,16.0000
2.0280,0.5330,0.3970,0.3250,0.1560,0.0000,0.0000,1.0980,1.0000,1.6290,10.4970,9.5800,0.0000,0.0000,0.0000,70.2269,0.0000,4412.0000,1755.0000,0.0000,25.0000,41.0000,24.0000,16.0000
2.3320,0.5600,0.4190,0.3380,0.2150,0.0000,0.0000,1.3530,1.0000,1.6290,10.4970,9.5800,0.0000,0.0000,0.0000,70.2778,0.0000,4417.0000,1755.0000,0.0000,25.0000,41.0000,24.0000,16.0000
2.0630,0.7630,0.3780,0.3540,0.1550,0.0000,0.0000,0.9220,1.0000,1.6290,10.4970,9.5800,0.0000,0.0000,0.0000,70.2772,0.0000,4417.0000,1755.0000,0.0000,25.0000,40.0000,24.0000,16.0000
2.2280,0.5730,0.3840,0.3550,0.1530,0.0000,0.0000,1.2710,1.0000,1.6290,10.4970,9.5800,0.0000,0.0000,0.0000,70.2755,0.0000,4416.0000,1755.0000,0.0000,25.0000,39.0000,24.0000,16.0000
2.1970,0.6700,0.4450,0.4500,0.2310,0.0000,0.0000,1.0820,1.0000,1.6290,10.4970,9.5800,0.0000,0.0000,0.0000,70.2960,0.0000,4418.0000,1755.0000,0.0000,25.0000,39.0000,24.0000,16.0000
1.9670,0.6030,0.3700,0.3030,0.1730,0.0000,0.0000,0.9940,1.0000,1.6290,10.4970,9.5800,0.0000,0.0000,0.0000,70.2960,0.0000,4418.0000,1755.0000,0.0000,25.0000,39.0000,24.0000,16.0000
1.9500,0.5060,0.3430,0.3020,0.1480,0.0000,0.0000,1.1010,1.0000,1.6290,10.4970,9.5800,0.0000,0.0000,0.0000,70.2961,0.0000,4418.0000,1755.0000,0.0000,25.0000,39.0000,24.0000,16.0000
2.0570,0.5070,0.3360,0.3030,0.1470,0.0000,0.0000,1.2140,1.0000,1.6290,10.4970,9.5800,0.0000,0.0000,0.0000,70.2954,0.0000,4418.0000,1755.0000,0.0000,25.0000,38.0000,24.0000,16.0000
2.2570,0.5530,0.4110,0.3060,0.2190,0.0000,0.0000,1.2930,1.0000,1.6290,10.4970,9.5800,0.0000,0.0000,0.0000,70.3355,0.0000,4422.0000,1755.0000,0.0000,25.0000,37.0000,24.0000,16.0000
2.3260,0.7330,0.4850,0.3620,0.2580,0.0000,0.0000,1.1080,1.0000,1.6290,10.4970,9.5800,0.0000,0.0000,0.0000,70.3552,0.0000,4424.0000,1755.0000,0.0000,25.0000,37.0000,24.0000,15.0000
2.2670,0.7370,0.4210,0.3620,0.1640,0.0000,0.0000,1.1090,1.0000,1.6290,10.4970,9.5800,0.0000,0.0000,0.0000,69.9657,0.0000,4386.0000,1755.0000,0.0000,25.0000,37.0000,24.0000,15.0000
2.1360,0.5890,0.3670,0.3860,0.1760,0.0000,0.0000,1.1800,1.0000,1.6290,10.4970,9.5800,0.0000,0.0000,0.0000,69.9754,0.0000,4387.0000,1755.0000,0.0000,25.0000,36.0000,24.0000,15.0000
2.1710,0.5500,0.4270,0.3020,0.2380,0.0000,0.0000,1.1940,1.0000,1.6290,10.4970,9.5800,0.0000,0.0000,0.0000,70.0060,0.0000,4390.0000,1755.0000,0.0000,25.0000,36.0000,24.0000,15.0000
1.9920,0.6330,0.3920,0.3220,0.2020,0.0000,0.0000,0.9670,1.0000,1.6290,10.4970,9.5800,0.0000,0.0000,0.0000,70.0061,0.0000,4390.0000,1755.0000,0.0000,25.0000,36.0000,24.0000,15.0000
1.8780,0.5170,0.3650,0.3230,0.1670,0.0000,0.0000,0.9960,1.0000,1.6290,10.4970,9.5800,0.0000,0.0000,0.0000,70.0069,0.0000,4390.0000,1755.0000,0.0000,25.0000,37.0000,24.0000,15.0000
2.2300,0.4900,0.3940,0.3020,0.2070,0.0000,0.0000,1.3460,1.0000,1.6290,10.4970,9.5800,0.0000,0.0000,0.0000,70.0069,0.0000,4390.0000,1755.0000,0.0000,25.0000,37.0000,24.0000,15.0000
2.1080,0.6370,0.4510,0.3450,0.2370,0.0000,0.0000,1.0200,1.0000,1.6290,10.4970,9.5800,0.0000,0.0000,0.0000,70.0069,0.0000,4390.0000,1755.0000,0.0000,25.0000,37.0000,24.0000,15.0000
2.1120,0.5280,0.4280,0.3220,0.2230,0.0000,0.0000,1.1560,1.0000,1.6290,10.4970,9.5800,0.0000,0.0000,0.0000,70.0172,0.0000,4391.0000,1755.0000,0.0000,25.0000,37.0000,24.0000,15.0000
1.9530,0.6090,0.3730,0.3640,0.1500,0.0000,0.0000,0.9710,1.0000,1.6290,10.4970,9.5800,0.0000,0.0000,0.0000,70.0172,0.0000,4391.0000,1755.0000,0.0000,25.0000,37.0000,24.0000,15.0000
2.1010,0.5620,0.3770,0.3780,0.1520,0.0000,0.0000,1.1620,1.0000,1.6290,10.4970,9.5800,0.0000,0.0000,0.0000,70.0172,0.0000,4391.0000,1755.0000,0.0000,25.0000,37.0000,24.0000,15.0000
2.1850,0.6180,0.3610,0.4140,0.1420,0.0000,0.0000,1.2060,1.0000,1.6290,10.4970,9.5800,0.0000,0.0000,0.0000,70.0172,0.0000,4391.0000,1755.0000,0.0000,25.0000,37.0000,24.0000,15.0000
2.1410,0.6720,0.3860,0.3890,0.1960,0.0000,0.0000,1.0830,1.0000,1.6290,10.4970,9.5800,0.0000,0.0000,0.0000,70.0268,0.0000,4392.0000,1755.0000,0.0000,25.0000,36.0000,24.0000,15.0000
2.0660,0.6110,0.3280,0.3150,0.1400,0.0000,0.0000,1.1270,1.0000,1.6290,10.4970,9.5800,0.0000,0.0000,0.0000,70.0268,0.0000,4392.0000,1755.0000,0.0000,25.0000,36.0000,24.0000,15.0000
2.0850,0.5520,0.3640,0.3040,0.1810,0.0000,0.0000,1.1690,1.0000,1.6290,10.4970,9.5800,0.0000,0.0000,0.0000,70.0488,0.0000,4394.0000,1755.0000,0.0000,25.0000,38.0000,24.0000,15.0000
2.0030,0.5840,0.3960,0.3010,0.2030,0.0000,0.0000,1.0230,1.0000,1.6290,10.4970,9.5800,0.0000,0.0000,0.0000,70.0591,0.0000,4395.0000,1755.0000,0.0000,25.0000,38.0000,24.0000,15.0000
1.9750,0.5360,0.3320,0.3020,0.1460,0.0000,0.0000,1.1070,1.0000,1.6290,10.4970,9.5800,0.0000,0.0000,0.0000,70.0592,0.0000,4395.0000,1755.0000,0.0000,25.0000,38.0000,24.0000,15.0000
2.1410,0.5030,0.3670,0.3080,0.1800,0.0000,0.0000,1.2710,1.0000,1.6290,10.4970,9.5800,0.0000,0.0000,0.0000,70.0695,0.0000,4396.0000,1755.0000,0.0000,25.0000,38.0000,24.0000,15.0000
2.2450,0.5330,0.3940,0.3020,0.2090,0.0000,0.0000,1.3180,1.0000,1.6290,10.4970,9.5800,0.0000,0.0000,0.0000,70.0900,0.0000,4398.0000,1755.0000,0.0000,25.0000,38.0000,24.0000,14.0000
2.2390,0.6850,0.4350,0.3700,0.2320,0.0000,0.0000,1.1190,1.0000,1.6290,10.4970,9.5800,0.0000,0.0000,0.0000,70.1003,0.0000,4399.0000,1755.0000,0.0000,25.0000,38.0000,24.0000,14.0000
2.4070,0.6600,0.4230,0.3600,0.1830,0.0000,0.0000,1.3240,1.0000,1.6290,10.4970,9.5800,0.0000,0.0000,0.0000,70.1107,0.0000,4400.0000,1755.0000,0.0000,25.0000,38.0000,24.0000,14.0000
2.1970,0.5860,0.4350,0.3000,0.2280,0.0000,0.0000,1.1760,1.0000,1.6290,10.4970,9.5800,0.0000,0.0000,0.0000,70.1113,0.0000,4400.0000,1755.0000,0.0000,25.0000,39.0000,24.0000,15.0000
2.4480,0.5730,0.5060,0.3710,0.2940,0.0000,0.0000,1.3690,1.0000,1.6290,10.4970,9.5800,0.0000,0.0000,0.0000,70.1312,0.0000,4402.0000,1755.0000,0.0000,25.0000,38.0000,24.0000,15.0000
2.0310,0.6720,0.3570,0.3940,0.1470,0.0000,0.0000,1.0020,1.0000,1.6290,10.4970,9.5800,0.0000,0.0000,0.0000,70.1319,0.0000,4402.0000,1755.0000,0.0000,25.0000,39.0000,24.0000,15.0000
2.0960,0.5560,0.3310,0.3530,0.1410,0.0000,0.0000,1.2090,1.0000,1.6290,10.4970,9.5800,0.0000,0.0000,0.0000,70.1327,0.0000,4402.0000,1755.0000,0.0000,25.0000,40.0000,24.0000,15.0000
2.0340,0.5880,0.3410,0.3720,0.1430,0.0000,0.0000,1.1050,1.0000,1.6290,10.4970,9.5800,0.0000,0.0000,0.0000,70.1327,0.0000,4402.0000,1755.0000,0.0000,25.0000,40.0000,24.0000,15.0000
2.1150,0.5600,0.3670,0.3100,0.1810,0.0000,0.0000,1.1880,1.0000,1.6290,10.4970,9.5800,0.0000,0.0000,0.0000,70.1539,0.0000,4404.0000,1755.0000,0.0000,25.0000,41.0000,24.0000,15.0000
2.0390,0.6350,0.3450,0.3060,0.1510,0.0000,0.0000,1.0590,1.0000,1.6290,10.4970,9.5800,0.0000,0.0000,0.0000,70.1539,0.0000,4404.0000,1755.0000,0.0000,25.0000,41.0000,24.0000,14.0000
2.1260,0.5730,0.3820,0.3060,0.1880,0.0000,0.0000,1.1710,1.0000,1.6290,10.4970,9.5800,0.0000,0.0000,0.0000,70.1643,0.0000,4405.0000,1755.0000,0.0000,25.0000,41.0000,24.0000,15.0000
2.0120,0.5440,0.3820,0.3060,0.1900,0.0000,0.0000,1.0860,1.0000,1.6290,10.4970,9.5800,0.0000,0.0000,0.0000,70.1636,0.0000,4405.0000,1755.0000,0.0000,25.0000,40.0000,24.0000,15.0000
2.1750,0.4990,0.3690,0.3030,0.1700,0.0000,0.0000,1.3070,1.0000,1.6290,10.4970,9.5800,0.0000,0.0000,0.0000,70.1635,0.0000,4405.0000,1755.0000,0.0000,25.0000,40.0000,24.0000,16.0000
2.1460,0.6480,0.4270,0.4500,0.2260,0.0000,0.0000,1.0710,1.0000,1.6290,10.4970,9.5800,0.0000,0.0000,0.0000,70.1738,0.0000,4406.0000,1755.0000,0.0000,25.0000,40.0000,24.0000,15.0000
2.2830,0.5560,0.3770,0.3190,0.1510,0.0000,0.0000,1.3500,1.0000,1.6290,10.4970,9.5800,0.0000,0.0000,0.0000,70.1731,0.0000,4406.0000,1755.0000,0.0000,25.0000,39.0000,24.0000,16.0000
2.1120,0.7390,0.3450,0.5460,0.1530,0.0000,0.0000,1.0280,1.0000,1.6290,10.4970,9.5800,0.0000,0.0000,0.0000,70.1739,0.0000,4406.0000,1755.0000,0.0000,25.0000,40.0000,24.0000,16.0000
2.1830,0.5640,0.3700,0.3620,0.1800,0.0000,0.0000,1.2490,1.0000,1.6290,10.4970,9.5800,0.0000,0.0000,0.0000,70.1841,0.0000,4407.0000,1755.0000,0.0000,25.0000,40.0000,24.0000,16.0000
2.2360,0.6000,0.4160,0.3120,0.2050,0.0000,0.0000,1.2200,1.0000,1.6290,10.4970,9.5800,0.0000,0.0000,0.0000,70.1944,0.0000,4408.0000,1755.0000,0.0000,25.0000,40.0000,24.0000,16.0000
2.2390,0.6070,0.4920,0.3510,0.2480,0.0000,0.0000,1.1400,1.0000,1.6290,10.4970,9.5800,0.0000,0.0000,0.0000,70.2150,0.0000,4410.0000,1755.0000,0.0000,25.0000,40.0000,24.0000,16.0000
2.3380,0.6560,0.4930,0.3790,0.2380,0.0000,0.0000,1.1890,1.0000,1.6290,10.4970,9.5800,0.0000,0.0000,0.0000,70.2253,0.0000,4411.0000,1755.0000,0.0000,25.0000,40.0000,24.0000,16.0000
2.2660,0.6570,0.4070,0.3970,0.2010,0.0000,0.0000,1.2020,1.0000,1.6290,10.4970,9.5800,0.0000,0.0000,0.0000,70.2459,0.0000,4413.0000,1755.0000,0.0000,25.0000,40.0000,24.0000,17.0000
2.1020,0.6970,0.3580,0.3610,0.1690,0.0000,0.0000,1.0470,1.0000,1.6290,10.4970,9.5800,0.0000,0.0000,0.0000,70.2460,0.0000,4413.0000,1755.0000,0.0000,25.0000,40.0000,24.0000,17.0000
2.0070,0.5130,0.3520,0.3050,0.1460,0.0000,0.0000,1.1420,1.0000,1.6290,10.4970,9.5800,0.0000,0.0000,0.0000,70.2461,0.0000,4413.0000,1755.0000,0.0000,25.0000,40.0000,24.0000,17.0000
2.4060,0.5280,0.3910,0.3250,0.1900,0.0000,0.0000,1.4870,1.0000,1.6290,10.4970,9.5800,0.0000,0.0000,0.0000,70.2664,0.0000,4415.0000,1755.0000,0.0000,25.0000,40.0000,24.0000,17.0000
2.5560,0.8100,0.3780,0.5120,0.1510,0.0000,0.0000,1.3680,1.0000,1.6290,10.4970,9.5800,0.0000,0.0000,0.0000,70.2664,0.0000,4415.0000,1755.0000,0.0000,25.0000,40.0000,24.0000,17.0000
2.2100,0.8160,0.4870,0.5840,0.2010,0.0000,0.0000,0.9070,1.0000,1.6290,10.4970,9.5800,0.0000,0.0000,0.0000,70.2665,0.0000,4415.0000,1755.0000,0.0000,25.0000,40.0000,24.0000,17.0000
2.3120,0.5600,0.4730,0.3500,0.2600,0.0000,0.0000,1.2790,1.0000,1.6290,10.4970,9.5800,0.0000,0.0000,0.0000,70.2760,0.0000,4416.0000,1755.0000,0.0000,25.0000,40.0000,24.0000,17.0000
2.5080,0.6770,0.4150,0.4090,0.2090,0.0000,0.0000,1.4160,1.0000,1.6290,10.4970,9.5800,0.0000,0.0000,0.0000,69.9367,0.0000,4383.0000,1755.0000,0.0000,25.0000,40.0000,24.0000,17.0000
2.4000,0.7550,0.4950,0.3250,0.2660,0.0000,0.0000,1.1500,1.0000,1.6290,10.4970,9.5800,0.0000,0.0000,0.0000,69.9470,0.0000,4384.0000,1755.0000,0.0000,25.0000,40.0000,24.0000,17.0000
2.2550,0.6980,0.4160,0.3940,0.1640,0.0000,0.0000,1.1410,1.0000,1.6290,10.4970,9.5800,0.0000,0.0000,0.0000,69.9472,0.0000,4384.0000,1755.0000,0.0000,25.0000,40.0000,24.0000,18.0000
2.3450,0.6810,0.3730,0.4690,0.1740,0.0000,0.0000,1.2910,1.0000,1.6290,10.4970,9.5800,0.0000,0.0000,0.0000,69.9473,0.0000,4384.0000,1755.0000,0.0000,25.0000,40.0000,24.0000,18.0000
2.3380,0.5600,0.4240,0.3350,0.2110,0.0000,0.0000,1.3540,1.0000,1.6290,10.4970,9.5800,0.0000,0.0000,0.0000,69.9771,0.0000,4387.0000,1755.0000,0.0000,25.0000,39.0000,24.0000,18.0000
2.1750,0.7090,0.4410,0.3960,0.2060,0.0000,0.0000,1.0250,1.0000,1.6290,10.4970,9.5800,0.0000,0.0000,0.0000,69.9976,0.0000,4389.0000,1755.0000,0.0000,25.0000,39.0000,24.0000,18.0000
2.0860,0.6670,0.3480,0.3760,0.1520,0.0000,0.0000,1.0710,1.0000,1.6290,10.4970,9.5800,0.0000,0.0000,0.0000,69.9979,0.0000,4389.0000,1755.0000,0.0000,25.0000,39.0000,24.0000,18.0000
2.2870,0.5670,0.3860,0.3760,0.1900,0.0000,0.0000,1.3340,1.0000,1.6290,10.4970,9.5800,0.0000,0.0000,0.0000,70.0085,0.0000,4390.0000,1755.0000,0.0000,25.0000,39.0000,24.0000,19.0000
2.3670,0.6580,0.4400,0.3770,0.2320,0.0000,0.0000,1.2690,1.0000,1.6290,10.4970,9.5800,0.0000,0.0000,0.0000,70.0287,0.0000,4392.0000,1755.0000,0.0000,25.0000,39.0000,24.0000,19.0000
2.1280,0.6970,0.4290,0.4220,0.1970,0.0000,0.0000,1.0020,1.0000,1.6290,10.4970,9.5800,0.0000,0.0000,0.0000,70.0390,0.0000,4393.0000,1755.0000,0.0000,25.0000,39.0000,24.0000,19.0000
2.1670,0.6190,0.3910,0.3740,0.1560,0.0000,0.0000,1.1570,1.0000,1.6290,10.4970,9.5800,0.0000,0.0000,0.0000,70.0391,0.0000,4393.0000,1755.0000,0.0000,25.0000,39.0000,24.0000,19.0000
2.1780,0.6220,0.3500,0.3680,0.1560,0.0000,0.0000,1.2060,1.0000,1.6290,10.4970,9.5800,0.0000,0.0000,0.0000,70.0392,0.0000,4393.0000,1755.0000,0.0000,25.0000,39.0000,24.0000,19.0000
2.2030,0.6040,0.3710,0.4120,0.1600,0.0000,0.0000,1.2280,1.0000,1.6290,10.4970,9.5800,0.0000,0.0000,0.0000,70.0392,0.0000,4393.0000,1755.0000,0.0000,25.0000,39.0000,24.0000,18.0000
2.0160,0.5850,0.3840,0.3830,0.1790,0.0000,0.0000,1.0470,1.0000,1.6290,10.4970,9.5800,0.0000,0.0000,0.0000,70.0392,0.0000,4393.0000,1755.0000,0.0000,25.0000,39.0000,24.0000,18.0000
2.3920,0.5300,0.4460,0.3370,0.2540,0.0000,0.0000,1.4160,1.0000,1.6290,10.4970,9.5800,0.0000,0.0000,0.0000,70.0494,0.0000,4394.0000,1755.0000,0.0000,25.0000,39.0000,24.0000,18.0000
2.2510,0.6570,0.4440,0.4130,0.2130,0.0000,0.0000,1.1500,1.0000,1.6290,10.4970,9.5800,0.0000,0.0000,0.0000,70.0799,0.0000,4397.0000,1755.0000,0.0000,25.0000,39.0000,24.0000,18.0000
2.0970,0.7020,0.3890,0.3250,0.1970,0.0000,0.0000,1.0060,1.0000,1.6290,10.4970,9.5800,0.0000,0.0000,0.0000,70.1006,0.0000,4399.0000,1755.0000,0.0000,25.0000,39.0000,24.0000,18.0000
2.0930,0.6600,0.3490,0.3350,0.1550,0.0000,0.0000,1.0840,1.0000,1.6290,10.4970,9.5800,0.0000,0.0000,0.0000,70.1008,0.0000,4399.0000,1755.0000,0.0000,25.0000,39.0000,24.0000,18.0000
2.1330,0.5740,0.3460,0.3250,0.1520,0.0000,0.0000,1.2130,1.0000,1.6290,10.4970,9.5800,0.0000,0.0000,0.0000,70.1009,0.0000,4399.0000,1755.0000,0.0000,25.0000,39.0000,24.0000,18.0000
2.2630,0.6340,0.4130,0.3970,0.2080,0.0000,0.0000,1.2160,1.0000,1.6290,10.4970,9.5800,0.0000,0.0000,0.0000,70.1112,0.0000,4400.0000,1755.0000,0.0000,25.0000,39.0000,24.0000,18.0000
2.2850,0.6330,0.4350,0.3990,0.2200,0.0000,0.0000,1.2170,1.0000,1.6290,10.4970,9.5800,0.0000,0.0000,0.0000,70.1112,0.0000,4400.0000,1755.0000,0.0000,25.0000,39.0000,24.0000,18.0000
2.1680,0.5930,0.3590,0.3970,0.1560,0.0000,0.0000,1.2160,1.0000,1.6290,10.4970,9.5800,0.0000,0.0000,0.0000,70.1112,0.0000,4400.0000,1755.0000,0.0000,25.0000,39.0000,24.0000,18.0000
2.0580,0.5610,0.3500,0.3570,0.1540,0.0000,0.0000,1.1470,1.0000,1.6290,10.4970,9.5800,0.0000,0.0000,0.0000,70.1112,0.0000,4400.0000,1755.0000,0.0000,25.0000,39.0000,24.0000,18.0000
2.5280,0.5630,0.3900,0.3260,0.1990,0.0000,0.0000,1.5750,1.0000,1.6290,10.4970,9.5800,0.0000,0.0000,0.0000,70.1318,0.0000,4402.0000,1755.0000,0.0000,25.0000,39.0000,24.0000,18.0000
2.2220,0.7510,0.4040,0.3880,0.1580,0.0000,0.0000,1.0670,1.0000,1.6290,10.4970,9.5800,0.0000,0.0000,0.0000,70.1318,0.0000,4402.0000,1755.0000,0.0000,25.0000,39.0000,24.0000,18.0000
2.2350,0.6070,0.3560,0.4140,0.1530,0.0000,0.0000,1.2720,1.0000,1.6290,10.4970,9.5800,0.0000,0.0000,0.0000,70.1320,0.0000,4402.0000,1755.0000,0.0000,25.0000,39.0000,24.0000,18.0000
2.3570,0.5970,0.4180,0.3870,0.2120,0.0000,0.0000,1.3420,1.0000,1.6290,10.4970,9.5800,0.0000,0.0000,0.0000,70.1629,0.0000,4405.0000,1755.0000,0.0000,25.0000,40.0000,24.0000,18.0000
2.4530,0.7190,0.4890,0.3950,0.2630,0.0000,0.0000,1.2450,1.0000,1.6290,10.4970,9.5800,0.0000,0.0000,0.0000,70.2037,0.0000,4409.0000,1755.0000,0.0000,25.0000,40.0000,24.0000,18.0000
2.2150,0.7570,0.3550,0.3850,0.1530,0.0000,0.0000,1.1030,1.0000,1.6290,10.4970,9.5800,0.0000,0.0000,0.0000,70.2040,0.0000,4409.0000,1755.0000,0.0000,25.0000,40.0000,24.0000,19.0000
2.3930,0.6070,0.4510,0.4030,0.2070,0.0000,0.0000,1.3350,1.0000,1.6290,10.4970,9.5800,0.0000,0.0000,0.0000,70.2049,0.0000,4409.0000,1755.0000,0.0000,25.0000,41.0000,24.0000,19.0000
2.6910,0.5460,0.5410,0.3260,0.2800,0.0000,0.0000,1.6040,1.0000,1.6290,10.4970,9.5800,0.0000,0.0000,0.0000,70.2355,0.0000,4412.0000,1755.0000,0.0000,25.0000,41.0000,24.0000,18.0000
2.1870,0.7330,0.3960,0.3780,0.1770,0.0000,0.0000,1.0580,1.0000,1.6290,10.4970,9.5800,0.0000,0.0000,0.0000,70.2363,0.0000,4412.0000,1755.0000,0.0000,25.0000,42.0000,24.0000,19.0000
2.3690,0.5330,0.4840,0.3280,0.2550,0.0000,0.0000,1.3520,1.0000,1.6290,10.4970,9.5800,0.0000,0.0000,0.0000,70.2467,0.0000,4413.0000,1755.0000,0.0000,25.0000,42.0000,24.0000,19.0000
2.1560,0.6270,0.3920,0.3840,0.1590,0.0000,0.0000,1.1370,1.0000,1.6290,10.4970,9.5800,0.0000,0.0000,0.0000,70.2481,0.0000,4413.0000,1755.0000,0.0000,25.0000,44.0000,24.0000,19.0000
2.2590,0.6440,0.3740,0.3800,0.1560,0.0000,0.0000,1.2410,1.0000,1.6290,10.4970,9.5800,0.0000,0.0000,0.0000,70.2483,0.0000,4413.0000,1755.0000,0.0000,25.0000,44.0000,24.0000,19.0000
2.1490,0.6650,0.3650,0.3830,0.1620,0.0000,0.0000,1.1190,1.0000,1.7800,9.1190,8.1790,0.0000,0.0000,0.0000,70.2490,0.0000,4413.0000,1755.0000,0.0000,25.0000,45.0000,24.0000,19.0000
2.1160,0.5800,0.4210,0.3700,0.2130,0.0000,0.0000,1.1150,1.0000,1.7800,9.1190,8.1790,0.0000,0.0000,0.0000,70.2483,0.0000,4413.0000,1755.0000,0.0000,25.0000,44.0000,24.0000,19.0000
2.4350,0.5450,0.6010,0.3430,0.2890,0.0000,0.0000,1.2890,1.0000,1.7800,9.1190,8.1790,0.0000,0.0000,0.0000,70.2693,0.0000,4415.0000,1755.0000,0.0000,25.0000,45.0000,24.0000,19.0000
2.3440,0.7170,0.4030,0.4030,0.1940,0.0000,0.0000,1.2240,1.0000,1.7800,9.1190,8.1790,0.0000,0.0000,0.0000,70.2796,0.0000,4416.0000,1755.0000,0.0000,25.0000,45.0000,24.0000,19.0000
2.5370,0.6120,0.4280,0.3240,0.2310,0.0000,0.0000,1.4970,1.0000,1.7800,9.1190,8.1790,0.0000,0.0000,0.0000,70.3103,0.0000,4419.0000,1755.0000,0.0000,25.0000,45.0000,24.0000,19.0000
5.1260,0.7950,0.4230,0.4630,0.1640,0.0000,0.0000,3.9080,1.0000,1.7800,9.1190,8.1790,0.0000,0.0000,0.0000,70.3097,0.0000,4419.0000,1755.0000,0.0000,25.0000,44.0000,24.0000,20.0000
2.2410,0.7670,0.3880,0.4550,0.1690,0.0000,0.0000,1.0860,1.0000,1.7800,9.1190,8.1790,0.0000,0.0000,0.0000,69.9112,0.0000,4380.0000,1755.0000,0.0000,25.0000,43.0000,24.0000,20.0000
2.2610,0.6090,0.4080,0.3310,0.2110,0.0000,0.0000,1.2440,1.0000,1.7800,9.1190,8.1790,0.0000,0.0000,0.0000,69.9421,0.0000,4383.0000,1755.0000,0.0000,25.0000,44.0000,24.0000,20.0000
2.2370,0.7060,0.4020,0.3880,0.2080,0.0000,0.0000,1.1290,1.0000,1.7800,9.1190,8.1790,0.0000,0.0000,0.0000,69.9532,0.0000,4384.0000,1755.0000,0.0000,25.0000,45.0000,24.0000,20.0000
2.4890,0.6560,0.4810,0.4230,0.2660,0.0000,0.0000,1.3520,1.0000,1.7800,9.1190,8.1790,0.0000,0.0000,0.0000,69.9637,0.0000,4385.0000,1755.0000,0.0000,25.0000,45.0000,24.0000,20.0000
2.2400,0.7090,0.4110,0.3800,0.1950,0.0000,0.0000,1.1200,1.0000,1.7800,9.1190,8.1790,0.0000,0.0000,0.0000,69.9740,0.0000,4386.0000,1755.0000,0.0000,25.0000,45.0000,24.0000,20.0000
2.5050,0.5650,0.4690,0.3240,0.2710,0.0000,0.0000,1.4710,1.0000,1.7800,9.1190,8.1790,0.0000,0.0000,0.0000,70.0047,0.0000,4389.0000,1755.0000,0.0000,25.0000,45.0000,24.0000,20.0000
2.2320,0.7050,0.3870,0.3870,0.1590,0.0000,0.0000,1.1400,1.0000,1.7800,9.1190,8.1790,0.0000,0.0000,0.0000,70.0048,0.0000,4389.0000,1755.0000,0.0000,25.0000,45.0000,24.0000,20.0000
2.5930,0.5980,0.3870,0.3860,0.1910,0.0000,0.0000,1.6080,1.0000,1.7800,9.1190,8.1790,0.0000,0.0000,0.0000,70.0166,0.0000,4390.0000,1755.0000,0.0000,25.0000,47.0000,24.0000,20.0000
2.6050,0.7550,0.4420,0.4220,0.2000,0.0000,0.0000,1.4080,1.0000,1.7800,9.1190,8.1790,0.0000,0.0000,0.0000,70.0268,0.0000,4391.0000,1755.0000,0.0000,25.0000,47.0000,24.0000,19.0000
2.4680,0.8300,0.4460,0.4340,0.2340,0.0000,0.0000,1.1920,1.0000,1.7800,9.1190,8.1790,0.0000,0.0000,0.0000,70.0561,0.0000,4394.0000,1755.0000,0.0000,25.0000,45.0000,24.0000,18.0000
2.1510,0.6640,0.3970,0.3370,0.1640,0.0000,0.0000,1.0900,1.0000,1.7800,9.1190,8.1790,0.0000,0.0000,0.0000,70.0562,0.0000,4394.0000,1755.0000,0.0000,25.0000,45.0000,24.0000,18.0000
2.4700,0.6220,0.5060,0.4050,0.2480,0.0000,0.0000,1.3420,1.0000,1.7800,9.1190,8.1790,0.0000,0.0000,0.0000,70.0767,0.0000,4396.0000,1755.0000,0.0000,25.0000,45.0000,24.0000,20.0000
2.3820,0.6310,0.4410,0.3260,0.2400,0.0000,0.0000,1.3100,1.0000,1.7800,9.1190,8.1790,0.0000,0.0000,0.0000,70.0973,0.0000,4398.0000,1755.0000,0.0000,25.0000,45.0000,24.0000,20.0000
2.4880,0.7130,0.4690,0.4310,0.1680,0.0000,0.0000,1.3060,1.0000,1.7800,9.1190,8.1790,0.0000,0.0000,0.0000,70.0974,0.0000,4398.0000,1755.0000,0.0000,25.0000,45.0000,24.0000,20.0000
2.2820,0.6180,0.3880,0.3470,0.1860,0.0000,0.0000,1.2760,1.0000,1.7800,9.1190,8.1790,0.0000,0.0000,0.0000,70.0975,0.0000,4398.0000,1755.0000,0.0000,25.0000,45.0000,24.0000,20.0000
2.1990,0.5730,0.4690,0.3600,0.2000,0.0000,0.0000,1.1570,1.0000,1.7800,9.1190,8.1790,0.0000,0.0000,0.0000,70.0989,0.0000,4398.0000,1755.0000,0.0000,25.0000,47.0000,24.0000,19.0000
2.1070,0.6010,0.3920,0.3970,0.1630,0.0000,0.0000,1.1140,1.0000,1.7800,9.1190,8.1790,0.0000,0.0000,0.0000,70.0989,0.0000,4398.0000,1755.0000,0.0000,25.0000,47.0000,24.0000,19.0000
2.2840,0.6190,0.4080,0.3970,0.1690,0.0000,0.0000,1.2570,1.0000,1.7800,9.1190,8.1790,0.0000,0.0000,0.0000,70.0989,0.0000,4398.0000,1755.0000,0.0000,25.0000,47.0000,24.0000,19.0000
2.6200,0.6200,0.5010,0.3460,0.2660,0.0000,0.0000,1.4990,1.0000,1.7800,9.1190,8.1790,0.0000,0.0000,0.0000,70.1091,0.0000,4399.0000,1755.0000,0.0000,25.0000,47.0000,24.0000,19.0000
2.5570,0.6770,0.5030,0.4160,0.2530,0.0000,0.0000,1.3770,1.0000,1.7800,9.1190,8.1790,0.0000,0.0000,0.0000,70.1195,0.0000,4400.0000,1755.0000,0.0000,25.0000,47.0000,24.0000,19.0000
2.2460,0.6790,0.4660,0.3680,0.2590,0.0000,0.0000,1.1010,1.0000,1.7800,9.1190,8.1790,0.0000,0.0000,0.0000,70.1292,0.0000,4401.0000,1755.0000,0.0000,25.0000,46.0000,24.0000,19.0000
2.3320,0.5970,0.4780,0.3520,0.2630,0.0000,0.0000,1.2570,1.0000,1.7800,9.1190,8.1790,0.0000,0.0000,0.0000,70.1593,0.0000,4404.0000,1755.0000,0.0000,25.0000,45.0000,24.0000,19.0000
2.2140,0.7200,0.4100,0.3810,0.1970,0.0000,0.0000,1.0840,1.0000,1.7800,9.1190,8.1790,0.0000,0.0000,0.0000,70.1696,0.0000,4405.0000,1755.0000,0.0000,25.0000,45.0000,24.0000,19.0000
2.1700,0.6180,0.3540,0.3280,0.1540,0.0000,0.0000,1.1980,1.0000,1.7800,9.1190,8.1790,0.0000,0.0000,0.0000,70.1698,0.0000,4405.0000,1755.0000,0.0000,25.0000,45.0000,24.0000,20.0000
2.2180,0.5800,0.4190,0.3310,0.2200,0.0000,0.0000,1.2190,1.0000,1.7800,9.1190,8.1790,0.0000,0.0000,0.0000,70.1904,0.0000,4407.0000,1755.0000,0.0000,25.0000,45.0000,24.0000,20.0000
2.3310,0.6250,0.4670,0.3390,0.2510,0.0000,0.0000,1.2390,1.0000,1.7800,9.1190,8.1790,0.0000,0.0000,0.0000,70.2107,0.0000,4409.0000,1755.0000,0.0000,25.0000,45.0000,24.0000,18.0000
2.1960,0.7560,0.3920,0.3910,0.1630,0.0000,0.0000,1.0480,1.0000,1.7800,9.1190,8.1790,0.0000,0.0000,0.0000,70.2109,0.0000,4409.0000,1755.0000,0.0000,25.0000,45.0000,24.0000,17.0000
2.6300,0.6050,0.7330,0.3890,0.5340,0.0000,0.0000,1.2920,1.0000,1.7800,9.1190,8.1790,0.0000,0.0000,0.0000,70.2286,0.0000,4411.0000,1755.0000,0.0000,25.0000,44.0000,24.0000,17.0000
2.4220,0.5940,0.4860,0.3400,0.2290,0.0000,0.0000,1.3420,1.0000,1.7800,9.1190,8.1790,0.0000,0.0000,0.0000,70.2492,0.0000,4413.0000,1755.0000,0.0000,25.0000,44.0000,24.0000,16.0000
2.2820,0.7090,0.3780,0.3920,0.1770,0.0000,0.0000,1.1950,1.0000,1.7800,9.1190,8.1790,0.0000,0.0000,0.0000,70.2492,0.0000,4413.0000,1755.0000,0.0000,25.0000,44.0000,24.0000,17.0000
2.5430,0.6430,0.3920,0.3910,0.1780,0.0000,0.0000,1.5080,1.0000,1.7800,9.1190,8.1790,0.0000,0.0000,0.0000,70.2500,0.0000,4413.0000,1755.0000,0.0000,25.0000,45.0000,24.0000,16.0000
2.6350,0.6210,0.5150,0.4140,0.2690,0.0000,0.0000,1.4990,1.0000,1.7800,9.1190,8.1790,0.0000,0.0000,0.0000,70.2603,0.0000,4414.0000,1755.0000,0.0000,25.0000,45.0000,24.0000,16.0000
2.8120,0.6540,0.5960,0.3790,0.3400,0.0000,0.0000,1.5620,1.0000,1.7800,9.1190,8.1790,0.0000,0.0000,0.0000,70.2801,0.0000,4416.0000,1755.0000,0.0000,25.0000,44.0000,24.0000,16.0000
2.2350,0.8810,0.3780,0.5750,0.1790,0.0000,0.0000,0.9760,1.0000,1.7800,9.1190,8.1790,0.0000,0.0000,0.0000,70.2795,0.0000,4416.0000,1755.0000,0.0000,25.0000,43.0000,24.0000,16.0000
2.3010,0.6190,0.4810,0.4040,0.2650,0.0000,0.0000,1.2010,1.0000,1.7800,9.1190,8.1790,0.0000,0.0000,0.0000,70.2892,0.0000,4417.0000,1755.0000,0.0000,25.0000,42.0000,24.0000,16.0000
2.1960,0.6980,0.3720,0.3830,0.1600,0.0000,0.0000,1.1260,1.0000,1.7800,9.1190,8.1790,0.0000,0.0000,0.0000,70.2892,0.0000,4417.0000,1755.0000,0.0000,25.0000,42.0000,24.0000,16.0000
2.4730,0.5920,0.3870,0.3290,0.1840,0.0000,0.0000,1.4940,1.0000,1.7800,9.1190,8.1790,0.0000,0.0000,0.0000,70.2994,0.0000,4418.0000,1755.0000,0.0000,25.0000,42.0000,24.0000,17.0000
2.8670,0.8000,0.4800,0.3930,0.1890,0.0000,0.0000,1.5870,1.0000,1.7800,9.1190,8.1790,0.0000,0.0000,0.0000,70.2990,0.0000,4418.0000,1755.0000,0.0000,25.0000,41.0000,24.0000,18.0000
5.2170,0.8350,0.3930,0.5860,0.1650,0.0000,0.0000,3.9890,1.0000,1.7800,9.1190,8.1790,0.0000,0.0000,0.0000,70.2990,0.0000,4418.0000,1755.0000,0.0000,25.0000,41.0000,24.0000,18.0000
2.3910,0.6830,0.4890,0.4700,0.2230,0.0000,0.0000,1.2190,1.0000,1.7800,9.1190,8.1790,0.0000,0.0000,0.0000,69.9690,0.0000,4386.0000,1755.0000,0.0000,25.0000,41.0000,24.0000,18.0000
2.3500,0.6970,0.3680,0.3930,0.1610,0.0000,0.0000,1.2850,1.0000,1.7800,9.1190,8.1790,0.0000,0.0000,0.0000,69.9688,0.0000,4386.0000,1755.0000,0.0000,25.0000,41.0000,24.0000,18.0000
2.2730,0.6250,0.3790,0.3640,0.1730,0.0000,0.0000,1.2690,1.0000,1.7800,9.1190,8.1790,0.0000,0.0000,0.0000,69.9690,0.0000,4386.0000,1755.0000,0.0000,25.0000,41.0000,24.0000,18.0000
2.3940,0.6570,0.4350,0.4600,0.2330,0.0000,0.0000,1.3020,1.0000,1.7800,9.1190,8.1790,0.0000,0.0000,0.0000,69.9792,0.0000,4387.0000,1755.0000,0.0000,25.0000,41.0000,24.0000,17.0000
2.3530,0.7650,0.4510,0.3990,0.2290,0.0000,0.0000,1.1370,1.0000,1.7800,9.1190,8.1790,0.0000,0.0000,0.0000,69.9895,0.0000,4388.0000,1755.0000,0.0000,25.0000,41.0000,24.0000,17.0000
2.4190,0.6600,0.4690,0.3450,0.2700,0.0000,0.0000,1.2900,1.0000,1.7800,9.1190,8.1790,0.0000,0.0000,0.0000,70.0201,0.0000,4391.0000,1755.0000,0.0000,25.0000,41.0000,24.0000,16.0000
2.2030,0.7330,0.3820,0.4180,0.1550,0.0000,0.0000,1.0880,1.0000,1.7800,9.1190,8.1790,0.0000,0.0000,0.0000,70.0202,0.0000,4391.0000,1755.0000,0.0000,25.0000,41.0000,24.0000,16.0000
2.1040,0.6140,0.3390,0.3980,0.1500,0.0000,0.0000,1.1510,1.0000,1.7800,9.1190,8.1790,0.0000,0.0000,0.0000,70.0204,0.0000,4391.0000,1755.0000,0.0000,25.0000,41.0000,24.0000,16.0000
2.1060,0.5800,0.3310,0.3250,0.1460,0.0000,0.0000,1.1950,1.0000,1.7800,9.1190,8.1790,0.0000,0.0000,0.0000,70.0204,0.0000,4391.0000,1755.0000,0.0000,25.0000,41.0000,24.0000,17.0000
5.5700,0.5730,0.3740,0.3240,0.1870,0.0000,0.0000,4.6230,1.0000,1.7800,9.1190,8.1790,0.0000,0.0000,0.0000,70.0307,0.0000,4392.0000,1755.0000,0.0000,25.0000,41.0000,24.0000,16.0000
2.3710,0.5700,0.4330,0.3240,0.1820,0.0000,0.0000,1.3680,1.0000,1.7800,9.1190,8.1790,0.0000,0.0000,0.0000,70.0313,0.0000,4392.0000,1755.0000,0.0000,25.0000,42.0000,24.0000,16.0000
2.1500,0.6280,0.4150,0.3430,0.1740,0.0000,0.0000,1.1070,1.0000,1.7800,9.1190,8.1790,0.0000,0.0000,0.0000,70.0307,0.0000,4392.0000,1755.0000,0.0000,25.0000,41.0000,24.0000,16.0000
2.4760,0.5290,0.4150,0.3210,0.2150,0.0000,0.0000,1.5320,1.0000,1.7800,9.1190,8.1790,0.0000,0.0000,0.0000,70.0512,0.0000,4394.0000,1755.0000,0.0000,25.0000,41.0000,24.0000,16.0000
2.3940,0.7210,0.4410,0.4410,0.1720,0.0000,0.0000,1.2320,1.0000,1.7800,9.1190,8.1790,0.0000,0.0000,0.0000,70.0512,0.0000,4394.0000,1755.0000,0.0000,25.0000,41.0000,24.0000,16.0000
2.5770,0.6660,0.5220,0.4520,0.2850,0.0000,0.0000,1.3890,1.0000,1.7800,9.1190,8.1790,0.0000,0.0000,0.0000,70.0513,0.0000,4394.0000,1755.0000,0.0000,25.0000,41.0000,24.0000,16.0000
2.4170,0.5850,0.4660,0.3510,0.2020,0.0000,0.0000,1.3660,1.0000,1.7800,9.1190,8.1790,0.0000,0.0000,0.0000,70.0616,0.0000,4395.0000,1755.0000,0.0000,25.0000,41.0000,24.0000,16.0000
2.3880,0.6260,0.4270,0.3270,0.2240,0.0000,0.0000,1.3350,1.0000,1.7800,9.1190,8.1790,0.0000,0.0000,0.0000,70.1118,0.0000,4400.0000,1755.0000,0.0000,25.0000,40.0000,24.0000,16.0000
2.3250,0.7840,0.4240,0.3430,0.2050,0.0000,0.0000,1.1170,1.0000,1.7800,9.1190,8.1790,0.0000,0.0000,0.0000,70.1120,0.0000,4400.0000,1755.0000,0.0000,25.0000,40.0000,24.0000,16.0000
2.3120,0.6570,0.4160,0.3810,0.1970,0.0000,0.0000,1.2390,1.0000,1.7800,9.1190,8.1790,0.0000,0.0000,0.0000,70.1225,0.0000,4401.0000,1755.0000,0.0000,25.0000,40.0000,24.0000,16.0000
2.4950,0.6120,0.4950,0.3220,0.2520,0.0000,0.0000,1.3880,1.0000,1.7800,9.1190,8.1790,0.0000,0.0000,0.0000,70.1218,0.0000,4401.0000,1755.0000,0.0000,25.0000,39.0000,24.0000,16.0000
2.4490,0.5510,0.4780,0.3380,0.2150,0.0000,0.0000,1.4200,1.0000,1.7800,9.1190,8.1790,0.0000,0.0000,0.0000,70.1418,0.0000,4403.0000,1755.0000,0.0000,25.0000,38.0000,24.0000,16.0000
2.2140,0.6710,0.3900,0.3690,0.1880,0.0000,0.0000,1.1530,1.0000,1.7800,9.1190,8.1790,0.0000,0.0000,0.0000,70.1419,0.0000,4403.0000,1755.0000,0.0000,25.0000,38.0000,24.0000,16.0000
2.2030,0.5470,0.3880,0.3220,0.1720,0.0000,0.0000,1.2680,1.0000,1.7800,9.1190,8.1790,0.0000,0.0000,0.0000,70.1420,0.0000,4403.0000,1755.0000,0.0000,25.0000,38.0000,24.0000,16.0000
2.1090,0.6010,0.3970,0.3940,0.1880,0.0000,0.0000,1.1110,1.0000,1.7800,9.1190,8.1790,0.0000,0.0000,0.0000,70.1420,0.0000,4403.0000,1755.0000,0.0000,25.0000,38.0000,24.0000,16.0000
2.3360,0.5410,0.4160,0.3440,0.1660,0.0000,0.0000,1.3790,1.0000,1.7800,9.1190,8.1790,0.0000,0.0000,0.0000,70.1420,0.0000,4403.0000,1755.0000,0.0000,25.0000,38.0000,24.0000,16.0000
2.1310,0.7530,0.3660,0.4590,0.1520,0.0000,0.0000,1.0120,1.0000,1.7800,9.1190,8.1790,0.0000,0.0000,0.0000,70.1420,0.0000,4403.0000,1755.0000,0.0000,25.0000,38.0000,24.0000,16.0000
2.2380,0.6290,0.4170,0.3350,0.1950,0.0000,0.0000,1.1920,1.0000,1.7800,9.1190,8.1790,0.0000,0.0000,0.0000,70.1522,0.0000,4404.0000,1755.0000,0.0000,25.0000,38.0000,24.0000,16.0000
2.1420,0.5890,0.4080,0.3350,0.2120,0.0000,0.0000,1.1450,1.0000,1.7800,9.1190,8.1790,0.0000,0.0000,0.0000,70.1732,0.0000,4406.0000,1755.0000,0.0000,25.0000,39.0000,24.0000,15.0000
2.2470,0.6200,0.5070,0.3370,0.2450,0.0000,0.0000,1.1200,1.0000,1.7800,9.1190,8.1790,0.0000,0.0000,0.0000,70.1939,0.0000,4408.0000,1755.0000,0.0000,25.0000,39.0000,24.0000,15.0000
2.0160,0.6890,0.3760,0.3870,0.1540,0.0000,0.0000,0.9510,1.0000,1.7800,9.1190,8.1790,0.0000,0.0000,0.0000,70.1940,0.0000,4408.0000,1755.0000,0.0000,25.0000,39.0000,24.0000,14.0000
2.1530,0.5860,0.3970,0.3740,0.1690,0.0000,0.0000,1.1700,1.0000,1.7800,9.1190,8.1790,0.0000,0.0000,0.0000,70.1948,0.0000,4408.0000,1755.0000,0.0000,25.0000,40.0000,24.0000,14.0000
2.3140,0.6120,0.3910,0.3850,0.1830,0.0000,0.0000,1.3110,1.0000,1.7800,9.1190,8.1790,0.0000,0.0000,0.0000,70.1948,0.0000,4408.0000,1755.0000,0.0000,25.0000,40.0000,24.0000,14.0000
2.2930,0.6020,0.4560,0.3230,0.2150,0.0000,0.0000,1.2350,1.0000,1.7800,9.1190,8.1790,0.0000,0.0000,0.0000,70.2051,0.0000,4409.0000,1755.0000,0.0000,25.0000,40.0000,24.0000,14.0000
2.0950,0.5990,0.4200,0.3340,0.2010,0.0000,0.0000,1.0760,1.0000,1.7800,9.1190,8.1790,0.0000,0.0000,0.0000,70.2051,0.0000,4409.0000,1755.0000,0.0000,25.0000,40.0000,24.0000,14.0000
2.1120,0.6420,0.4470,0.4390,0.2400,0.0000,0.0000,1.0230,1.0000,1.7800,9.1190,8.1790,0.0000,0.0000,0.0000,70.2253,0.0000,4411.0000,1755.0000,0.0000,25.0000,40.0000,24.0000,14.0000
2.2100,0.6610,0.4190,0.3670,0.1910,0.0000,0.0000,1.1300,1.0000,1.7800,9.1190,8.1790,0.0000,0.0000,0.0000,70.2356,0.0000,4412.0000,1755.0000,0.0000,25.0000,40.0000,24.0000,14.0000
2.4140,0.6690,0.4680,0.3660,0.2200,0.0000,0.0000,1.2770,1.0000,1.7800,9.1190,8.1790,0.0000,0.0000,0.0000,70.2357,0.0000,4412.0000,1755.0000,0.0000,25.0000,40.0000,24.0000,14.0000
2.3080,0.5980,0.4670,0.3210,0.2630,0.0000,0.0000,1.2430,1.0000,1.7800,9.1190,8.1790,0.0000,0.0000,0.0000,70.2560,0.0000,4414.0000,1755.0000,0.0000,25.0000,40.0000,24.0000,14.0000
5.3180,0.6910,0.4420,0.3640,0.2060,0.0000,0.0000,4.1850,1.0000,1.7800,9.1190,8.1790,0.0000,0.0000,0.0000,70.2762,0.0000,4416.0000,1755.0000,0.0000,25.0000,40.0000,24.0000,14.0000
2.6110,0.7060,0.4650,0.4050,0.2430,0.0000,0.0000,1.4400,1.0000,1.7800,9.1190,8.1790,0.0000,0.0000,0.0000,69.9589,0.0000,4385.0000,1755.0000,0.0000,25.0000,40.0000,24.0000,14.0000
2.2760,0.7190,0.4570,0.3770,0.2130,0.0000,0.0000,1.1000,1.0000,1.7800,9.1190,8.1790,0.0000,0.0000,0.0000,69.9586,0.0000,4385.0000,1755.0000,0.0000,25.0000,40.0000,24.0000,14.0000
2.2880,0.6700,0.4580,0.4710,0.2260,0.0000,0.0000,1.1600,1.0000,1.7800,9.1190,8.1790,0.0000,0.0000,0.0000,69.9683,0.0000,4386.0000,1755.0000,0.0000,25.0000,39.0000,24.0000,14.0000
2.1150,0.6210,0.3560,0.3260,0.1550,0.0000,0.0000,1.1380,1.0000,1.7800,9.1190,8.1790,0.0000,0.0000,0.0000,69.9683,0.0000,4386.0000,1755.0000,0.0000,25.0000,39.0000,24.0000,14.0000
2.1740,0.6220,0.4060,0.3300,0.2100,0.0000,0.0000,1.1460,1.0000,1.7800,9.1190,8.1790,0.0000,0.0000,0.0000,69.9882,0.0000,4388.0000,1755.0000,0.0000,25.0000,38.0000,24.0000,14.0000
2.0640,0.6020,0.3570,0.3280,0.1550,0.0000,0.0000,1.1050,1.0000,1.7800,9.1190,8.1790,0.0000,0.0000,0.0000,69.9882,0.0000,4388.0000,1755.0000,0.0000,25.0000,38.0000,24.0000,14.0000
2.1560,0.6100,0.3910,0.4200,0.1860,0.0000,0.0000,1.1550,1.0000,1.7800,9.1190,8.1790,0.0000,0.0000,0.0000,69.9883,0.0000,4388.0000,1755.0000,0.0000,25.0000,38.0000,24.0000,14.0000
2.4110,0.5250,0.4420,0.3390,0.1680,0.0000,0.0000,1.4440,1.0000,1.7800,9.1190,8.1790,0.0000,0.0000,0.0000,69.9883,0.0000,4388.0000,1755.0000,0.0000,25.0000,38.0000,24.0000,14.0000
2.2240,0.6560,0.3980,0.3890,0.1560,0.0000,0.0000,1.1700,1.0000,1.7800,9.1190,8.1790,0.0000,0.0000,0.0000,69.9883,0.0000,4388.0000,1755.0000,0.0000,25.0000,38.0000,24.0000,14.0000
2.1270,0.5800,0.4130,0.3390,0.2120,0.0000,0.0000,1.1340,1.0000,1.7800,9.1190,8.1790,0.0000,0.0000,0.0000,69.9883,0.0000,4388.0000,1755.0000,0.0000,25.0000,38.0000,24.0000,14.0000
2.1750,0.5200,0.4060,0.3300,0.2140,0.0000,0.0000,1.2490,1.0000,1.7800,9.1190,8.1790,0.0000,0.0000,0.0000,70.0093,0.0000,4390.0000,1755.0000,0.0000,25.0000,39.0000,24.0000,14.0000
2.0690,0.6050,0.3870,0.3320,0.1850,0.0000,0.0000,1.0770,1.0000,1.7800,9.1190,8.1790,0.0000,0.0000,0.0000,70.0095,0.0000,4390.0000,1755.0000,0.0000,25.0000,39.0000,24.0000,15.0000
2.2130,0.6340,0.4280,0.4450,0.2000,0.0000,0.0000,1.1510,1.0000,1.7800,9.1190,8.1790,0.0000,0.0000,0.0000,70.0198,0.0000,4391.0000,1755.0000,0.0000,25.0000,39.0000,24.0000,15.0000
2.3080,0.6210,0.3910,0.3730,0.1930,0.0000,0.0000,1.2960,1.0000,1.7800,9.1190,8.1790,0.0000,0.0000,0.0000,70.0191,0.0000,4391.0000,1755.0000,0.0000,25.0000,38.0000,24.0000,13.0000
2.1200,0.5910,0.3710,0.3280,0.1650,0.0000,0.0000,1.1580,1.0000,1.7800,9.1190,8.1790,0.0000,0.0000,0.0000,70.0193,0.0000,4391.0000,1755.0000,0.0000,25.0000,38.0000,24.0000,14.0000
2.1700,0.5790,0.4250,0.3830,0.1970,0.0000,0.0000,1.1660,1.0000,1.7800,9.1190,8.1790,0.0000,0.0000,0.0000,70.0200,0.0000,4391.0000,1755.0000,0.0000,25.0000,39.0000,24.0000,14.0000
2.2430,0.5640,0.4520,0.3310,0.2440,0.0000,0.0000,1.2270,1.0000,1.7800,9.1190,8.1790,0.0000,0.0000,0.0000,70.0303,0.0000,4392.0000,1755.0000,0.0000,25.0000,39.0000,24.0000,14.0000
2.1100,0.6800,0.4310,0.4320,0.1970,0.0000,0.0000,0.9990,1.0000,1.7800,9.1190,8.1790,0.0000,0.0000,0.0000,70.0420,0.0000,4393.0000,1755.0000,0.0000,25.0000,39.0000,24.0000,15.0000
2.3890,0.6310,0.4260,0.3760,0.1760,0.0000,0.0000,1.3320,1.0000,1.7800,9.1190,8.1790,0.0000,0.0000,0.0000,70.0421,0.0000,4393.0000,1755.0000,0.0000,25.0000,39.0000,24.0000,16.0000
2.4250,0.5980,0.4530,0.3450,0.2440,0.0000,0.0000,1.3740,1.0000,1.7800,9.1190,8.1790,0.0000,0.0000,0.0000,70.0828,0.0000,4397.0000,1755.0000,0.0000,25.0000,39.0000,24.0000,16.0000
2.0220,0.7150,0.3950,0.3470,0.1670,0.0000,0.0000,0.9120,1.0000,1.7800,9.1190,8.1790,0.0000,0.0000,0.0000,70.0829,0.0000,4397.0000,1755.0000,0.0000,25.0000,39.0000,24.0000,16.0000
2.3210,0.5910,0.5190,0.3940,0.2980,0.0000,0.0000,1.2110,1.0000,1.7800,9.1190,8.1790,0.0000,0.0000,0.0000,70.0934,0.0000,4398.0000,1755.0000,0.0000,25.0000,39.0000,24.0000,16.0000
2.2220,0.6460,0.3980,0.3880,0.1960,0.0000,0.0000,1.1780,1.0000,1.7800,9.1190,8.1790,0.0000,0.0000,0.0000,70.1037,0.0000,4399.0000,1755.0000,0.0000,25.0000,39.0000,24.0000,16.0000
2.2910,0.6680,0.4200,0.3830,0.2140,0.0000,0.0000,1.2030,1.0000,1.7800,9.1190,8.1790,0.0000,0.0000,0.0000,70.1140,0.0000,4400.0000,1755.0000,0.0000,25.0000,39.0000,24.0000,16.0000
2.3200,0.6320,0.4460,0.3870,0.2410,0.0000,0.0000,1.2420,1.0000,1.7800,9.1190,8.1790,0.0000,0.0000,0.0000,70.1243,0.0000,4401.0000,1755.0000,0.0000,25.0000,39.0000,24.0000,16.0000
2.4230,0.7110,0.4630,0.4740,0.2050,0.0000,0.0000,1.2490,1.0000,1.7800,9.1190,8.1790,0.0000,0.0000,0.0000,70.1446,0.0000,4403.0000,1755.0000,0.0000,25.0000,39.0000,24.0000,16.0000
2.3610,0.6710,0.4320,0.3510,0.2140,0.0000,0.0000,1.2580,1.0000,1.7800,9.1190,8.1790,0.0000,0.0000,0.0000,70.1549,0.0000,4404.0000,1755.0000,0.0000,25.0000,39.0000,24.0000,16.0000
2.4590,0.6210,0.4670,0.3610,0.2660,0.0000,0.0000,1.3710,1.0000,1.7800,9.1190,8.1790,0.0000,0.0000,0.0000,70.1955,0.0000,4408.0000,1755.0000,0.0000,25.0000,39.0000,24.0000,17.0000
2.0740,0.8190,0.3370,0.4330,0.1490,0.0000,0.0000,0.9180,1.0000,1.7800,9.1190,8.1790,0.0000,0.0000,0.0000,70.1957,0.0000,4408.0000,1755.0000,0.0000,25.0000,39.0000,24.0000,17.0000
2.2410,0.5660,0.4090,0.3100,0.1620,0.0000,0.0000,1.2660,1.0000,1.7800,9.1190,8.1790,0.0000,0.0000,0.0000,70.1952,0.0000,4408.0000,1755.0000,0.0000,25.0000,38.0000,24.0000,17.0000
2.8940,0.5390,0.3940,0.3170,0.2020,0.0000,0.0000,1.9610,1.0000,1.7800,9.1190,8.1790,0.0000,0.0000,0.0000,70.2055,0.0000,4409.0000,1755.0000,0.0000,25.0000,38.0000,24.0000,17.0000
2.0320,0.6370,0.3560,0.3930,0.1630,0.0000,0.0000,1.0390,1.0000,1.7800,9.1190,8.1790,0.0000,0.0000,0.0000,70.2062,0.0000,4409.0000,1755.0000,0.0000,25.0000,39.0000,24.0000,17.0000
2.0880,0.5260,0.4290,0.3150,0.2240,0.0000,0.0000,1.1330,1.0000,1.7800,9.1190,8.1790,0.0000,0.0000,0.0000,70.2062,0.0000,4409.0000,1755.0000,0.0000,25.0000,39.0000,24.0000,17.0000
2.1330,0.5230,0.4260,0.3220,0.1820,0.0000,0.0000,1.1840,1.0000,1.7800,9.1190,8.1790,0.0000,0.0000,0.0000,70.2165,0.0000,4410.0000,1755.0000,0.0000,25.0000,39.0000,24.0000,16.0000
2.1540,0.5880,0.4370,0.3370,0.1890,0.0000,0.0000,1.1290,1.0000,1.7800,9.1190,8.1790,0.0000,0.0000,0.0000,70.2165,0.0000,4410.0000,1755.0000,0.0000,25.0000,39.0000,24.0000,16.0000
2.6550,0.5500,0.5090,0.3500,0.2590,0.0000,0.0000,1.5960,1.0000,1.7800,9.1190,8.1790,0.0000,0.0000,0.0000,70.2674,0.0000,4415.0000,1755.0000,0.0000,25.0000,39.0000,24.0000,16.0000
2.1690,0.8050,0.4020,0.3160,0.1900,0.0000,0.0000,0.9620,1.0000,1.7800,9.1190,8.1790,0.0000,0.0000,0.0000,70.2675,0.0000,4415.0000,1755.0000,0.0000,25.0000,39.0000,24.0000,16.0000
2.2390,0.5480,0.4050,0.3330,0.1950,0.0000,0.0000,1.2860,1.0000,1.7800,9.1190,8.1790,0.0000,0.0000,0.0000,70.2678,0.0000,4415.0000,1755.0000,0.0000,25.0000,39.0000,24.0000,16.0000
2.1740,0.5940,0.4220,0.3900,0.1640,0.0000,0.0000,1.1580,1.0000,1.7800,9.1190,8.1790,0.0000,0.0000,0.0000,70.2678,0.0000,4415.0000,1755.0000,0.0000,25.0000,39.0000,24.0000,16.0000
2.2710,0.6610,0.3990,0.3780,0.2000,0.0000,0.0000,1.2110,1.0000,1.7800,9.1190,8.1790,0.0000,0.0000,0.0000,70.2880,0.0000,4417.0000,1755.0000,0.0000,25.0000,39.0000,24.0000,16.0000
2.3970,0.6380,0.3540,0.3170,0.1500,0.0000,0.0000,1.4050,1.0000,1.7800,9.1190,8.1790,0.0000,0.0000,0.0000,70.2961,0.0000,4418.0000,1755.0000,0.0000,25.0000,39.0000,24.0000,16.0000
3.1140,0.6710,0.4800,0.4540,0.2220,0.0000,0.0000,1.9630,1.0000,1.7800,9.1190,8.1790,0.0000,0.0000,0.0000,70.2920,0.0000,4418.0000,1755.0000,0.0000,25.0000,39.0000,24.0000,17.0000
3.1020,1.2670,0.5580,0.9750,0.3130,0.0000,0.0000,1.2770,1.0000,1.7800,9.1190,8.1790,0.0000,0.0000,0.0000,70.0729,0.0000,4411.0000,1755.0000,0.0000,25.0000,39.0000,24.0000,17.0000
2.3620,1.1280,0.4080,0.3890,0.1710,0.0000,0.0000,0.8260,1.0000,1.7800,9.1190,8.1790,0.0000,0.0000,0.0000,70.0729,0.0000,4411.0000,1755.0000,0.0000,25.0000,39.0000,24.0000,17.0000
2.3710,0.6560,0.4000,0.4320,0.1960,0.0000,0.0000,1.3150,1.0000,1.7800,9.1190,8.1790,0.0000,0.0000,0.0000,70.0837,0.0000,4412.0000,1755.0000,0.0000,25.0000,39.0000,24.0000,17.0000
2.6170,0.6080,0.5500,0.3480,0.3200,0.0000,0.0000,1.4590,1.0000,1.7800,9.1190,8.1790,0.0000,0.0000,0.0000,70.0940,0.0000,4413.0000,1755.0000,0.0000,25.0000,39.0000,24.0000,17.0000
2.2900,0.6790,0.3930,0.3620,0.1970,0.0000,0.0000,1.2180,1.0000,1.7800,9.1190,8.1790,0.0000,0.0000,0.0000,70.1043,0.0000,4414.0000,1755.0000,0.0000,25.0000,39.0000,24.0000,17.0000
2.5440,0.6110,0.4850,0.3450,0.2350,0.0000,0.0000,1.4480,1.0000,1.7800,9.1190,8.1790,0.0000,0.0000,0.0000,70.1249,0.0000,4416.0000,1755.0000,0.0000,25.0000,39.0000,24.0000,17.0000
2.2000,0.8550,0.3700,0.5520,0.1560,0.0000,0.0000,0.9750,1.0000,1.7800,9.1190,8.1790,0.0000,0.0000,0.0000,70.1242,0.0000,4416.0000,1755.0000,0.0000,25.0000,38.0000,24.0000,17.0000
2.3950,0.5880,0.3900,0.3280,0.1870,0.0000,0.0000,1.4170,1.0000,1.7800,9.1190,8.1790,0.0000,0.0000,0.0000,70.1360,0.0000,4417.0000,1755.0000,0.0000,25.0000,38.0000,24.0000,17.0000
2.4740,0.5930,0.4950,0.3300,0.2700,0.0000,0.0000,1.3860,1.0000,1.7800,9.1190,8.1790,0.0000,0.0000,0.0000,70.1566,0.0000,4419.0000,1755.0000,0.0000,25.0000,38.0000,24.0000,17.0000
2.1470,0.7330,0.3680,0.3310,0.1540,0.0000,0.0000,1.0460,1.0000,1.7800,9.1190,8.1790,0.0000,0.0000,0.0000,70.1574,0.0000,4419.0000,1755.0000,0.0000,25.0000,39.0000,24.0000,17.0000
2.3810,0.6040,0.4160,0.3260,0.2110,0.0000,0.0000,1.3610,1.0000,1.7800,9.1190,8.1790,0.0000,0.0000,0.0000,70.1575,0.0000,4419.0000,1755.0000,0.0000,25.0000,39.0000,24.0000,16.0000
2.2290,0.5740,0.4320,0.3330,0.2170,0.0000,0.0000,1.2230,1.0000,1.7800,9.1190,8.1790,0.0000,0.0000,0.0000,70.1568,0.0000,4419.0000,1755.0000,0.0000,25.0000,38.0000,24.0000,16.0000
2.2060,0.6140,0.4190,0.4090,0.1620,0.0000,0.0000,1.1730,1.0000,1.7800,9.1190,8.1790,0.0000,0.0000,0.0000,70.1568,0.0000,4419.0000,1755.0000,0.0000,25.0000,38.0000,24.0000,16.0000
2.2380,0.6150,0.3540,0.3870,0.1500,0.0000,0.0000,1.2690,1.0000,1.7800,9.1190,8.1790,0.0000,0.0000,0.0000,70.1568,0.0000,4419.0000,1755.0000,0.0000,25.0000,38.0000,24.0000,16.0000
2.4050,0.5810,0.4270,0.3240,0.2010,0.0000,0.0000,1.3970,1.0000,1.7800,9.1190,8.1790,0.0000,0.0000,0.0000,70.1671,0.0000,4420.0000,1755.0000,0.0000,25.0000,38.0000,24.0000,16.0000
2.1220,0.6930,0.3950,0.3650,0.1580,0.0000,0.0000,1.0340,1.0000,1.7800,9.1190,8.1790,0.0000,0.0000,0.0000,70.1671,0.0000,4420.0000,1755.0000,0.0000,25.0000,38.0000,24.0000,16.0000
2.4840,0.6370,0.4590,0.3680,0.2330,0.0000,0.0000,1.3880,1.0000,1.7800,9.1190,8.1790,0.0000,0.0000,0.0000,70.2285,0.0000,4426.0000,1755.0000,0.0000,25.0000,38.0000,24.0000,15.0000
2.2100,0.8120,0.4160,0.3180,0.2200,0.0000,0.0000,0.9820,1.0000,1.7800,9.1190,8.1790,0.0000,0.0000,0.0000,70.2286,0.0000,4426.0000,1755.0000,0.0000,25.0000,38.0000,24.0000,15.0000
2.5930,0.5630,0.4520,0.3530,0.2420,0.0000,0.0000,1.5780,1.0000,1.7800,9.1190,8.1790,0.0000,0.0000,0.0000,70.2487,0.0000,4428.0000,1755.0000,0.0000,25.0000,37.0000,24.0000,14.0000
2.2350,0.7540,0.4350,0.4680,0.2080,0.0000,0.0000,1.0460,1.0000,1.7800,9.1190,8.1790,0.0000,0.0000,0.0000,70.2487,0.0000,4428.0000,1755.0000,0.0000,25.0000,37.0000,24.0000,13.0000
2.1130,0.5410,0.3710,0.3190,0.1740,0.0000,0.0000,1.2010,1.0000,1.7800,9.1190,8.1790,0.0000,0.0000,0.0000,70.2488,0.0000,4428.0000,1755.0000,0.0000,25.0000,37.0000,24.0000,14.0000
2.2350,0.5930,0.3650,0.3860,0.1750,0.0000,0.0000,1.2770,1.0000,1.7800,9.1190,8.1790,0.0000,0.0000,0.0000,70.2397,0.0000,4412.0000,1755.0000,0.0000,25.0000,37.0000,24.0000,14.0000
2.2170,0.5530,0.3990,0.3260,0.1630,0.0000,0.0000,1.2650,1.0000,1.7800,9.1190,8.1790,0.0000,0.0000,0.0000,70.2397,0.0000,4412.0000,1755.0000,0.0000,25.0000,37.0000,24.0000,14.0000
2.4320,0.6600,0.4230,0.3870,0.2180,0.0000,0.0000,1.3490,1.0000,1.7800,9.1190,8.1790,0.0000,0.0000,0.0000,70.2808,0.0000,4416.0000,1755.0000,0.0000,25.0000,37.0000,24.0000,14.0000
2.8780,0.7330,0.4130,0.3160,0.2170,0.0000,0.0000,1.7320,1.0000,1.7800,9.1190,8.1790,0.0000,0.0000,0.0000,70.2815,0.0000,4416.0000,1755.0000,0.0000,25.0000,38.0000,24.0000,14.0000
2.4870,0.9130,0.4550,0.6960,0.1960,0.0000,0.0000,1.1190,1.0000,1.7800,9.1190,8.1790,0.0000,0.0000,0.0000,70.2824,0.0000,4416.0000,1755.0000,0.0000,25.0000,39.0000,24.0000,14.0000
2.4040,0.6800,0.5080,0.4310,0.2250,0.0000,0.0000,1.2160,1.0000,1.7800,9.1190,8.1790,0.0000,0.0000,0.0000,70.3026,0.0000,4418.0000,1755.0000,0.0000,25.0000,39.0000,24.0000,14.0000
2.3570,0.6840,0.3710,0.3280,0.1610,0.0000,0.0000,1.3020,1.0000,1.7800,9.1190,8.1790,0.0000,0.0000,0.0000,70.3026,0.0000,4418.0000,1755.0000,0.0000,25.0000,39.0000,24.0000,16.0000
2.1800,0.5780,0.3830,0.3510,0.1660,0.0000,0.0000,1.2190,1.0000,1.7800,9.1190,8.1790,0.0000,0.0000,0.0000,70.3014,0.0000,4417.0000,1755.0000,0.0000,25.0000,39.0000,24.0000,15.0000
2.4540,0.5580,0.4740,0.3390,0.2660,0.0000,0.0000,1.4220,1.0000,1.7800,9.1190,8.1790,0.0000,0.0000,0.0000,70.3015,0.0000,4417.0000,1755.0000,0.0000,25.0000,39.0000,24.0000,16.0000
2.2680,0.6380,0.3780,0.3950,0.1660,0.0000,0.0000,1.2520,1.0000,1.7800,9.1190,8.1790,0.0000,0.0000,0.0000,70.3015,0.0000,4417.0000,1755.0000,0.0000,25.0000,39.0000,24.0000,15.0000
2.4390,0.6080,0.4100,0.3440,0.2050,0.0000,0.0000,1.4210,1.0000,1.7800,9.1190,8.1790,0.0000,0.0000,0.0000,70.3015,0.0000,4417.0000,1755.0000,0.0000,25.0000,39.0000,24.0000,15.0000
2.3900,0.5900,0.4240,0.3600,0.1750,0.0000,0.0000,1.3760,1.0000,1.7800,9.1190,8.1790,0.0000,0.0000,0.0000,70.3015,0.0000,4417.0000,1755.0000,0.0000,25.0000,39.0000,24.0000,14.0000
2.3580,0.6380,0.3800,0.3350,0.1700,0.0000,0.0000,1.3400,1.0000,1.7800,9.1190,8.1790,0.0000,0.0000,0.0000,70.3022,0.0000,4417.0000,1755.0000,0.0000,25.0000,40.0000,24.0000,14.0000
2.5740,0.6060,0.5190,0.3620,0.2570,0.0000,0.0000,1.4490,1.0000,1.7800,9.1190,8.1790,0.0000,0.0000,0.0000,70.3227,0.0000,4419.0000,1755.0000,0.0000,25.0000,40.0000,24.0000,15.0000
2.5850,0.7130,0.4090,0.3840,0.1940,0.0000,0.0000,1.4630,1.0000,1.7800,9.1190,8.1790,0.0000,0.0000,0.0000,70.3330,0.0000,4420.0000,1755.0000,0.0000,25.0000,40.0000,24.0000,15.0000
2.3200,0.7180,0.4570,0.4130,0.1780,0.0000,0.0000,1.1450,1.0000,1.7800,9.1190,8.1790,0.0000,0.0000,0.0000,70.3331,0.0000,4420.0000,1755.0000,0.0000,25.0000,40.0000,24.0000,15.0000
2.4310,0.6250,0.4120,0.3920,0.2000,0.0000,0.0000,1.3940,1.0000,1.7800,9.1190,8.1790,0.0000,0.0000,0.0000,70.3434,0.0000,4421.0000,1755.0000,0.0000,25.0000,40.0000,24.0000,15.0000
5.4110,0.6470,0.4770,0.3620,0.2300,0.0000,0.0000,4.2870,1.0000,1.7800,9.1190,8.1790,0.0000,0.0000,0.0000,70.3441,0.0000,4421.0000,1755.0000,0.0000,25.0000,41.0000,24.0000,15.0000
2.7180,0.6340,0.4310,0.4110,0.2170,0.0000,0.0000,1.6530,1.0000,1.7800,9.1190,8.1790,0.0000,0.0000,0.0000,69.9838,0.0000,4386.0000,1755.0000,0.0000,25.0000,41.0000,24.0000,15.0000
2.6270,0.7080,0.4490,0.3950,0.1750,0.0000,0.0000,1.4700,1.0000,1.7800,9.1190,8.1790,0.0000,0.0000,0.0000,69.9836,0.0000,4386.0000,1755.0000,0.0000,25.0000,41.0000,24.0000,15.0000
2.6540,0.6290,0.4690,0.3380,0.2470,0.0000,0.0000,1.5560,1.0000,1.7800,9.1190,8.1790,0.0000,0.0000,0.0000,70.0042,0.0000,4388.0000,1755.0000,0.0000,25.0000,41.0000,24.0000,15.0000
2.4300,0.7760,0.3870,0.4390,0.1650,0.0000,0.0000,1.2670,1.0000,1.7800,9.1190,8.1790,0.0000,0.0000,0.0000,70.0042,0.0000,4388.0000,1755.0000,0.0000,25.0000,41.0000,24.0000,15.0000
2.5170,0.5820,0.4040,0.3370,0.1820,0.0000,0.0000,1.5310,1.0000,1.7800,9.1190,8.1790,0.0000,0.0000,0.0000,70.0043,0.0000,4388.0000,1755.0000,0.0000,25.0000,41.0000,24.0000,15.0000
2.3330,0.6280,0.4590,0.3780,0.2020,0.0000,0.0000,1.2460,1.0000,1.7800,9.1190,8.1790,0.0000,0.0000,0.0000,70.0146,0.0000,4389.0000,1755.0000,0.0000,25.0000,41.0000,24.0000,15.0000
2.1770,0.6020,0.3590,0.3180,0.1600,0.0000,0.0000,1.2160,1.0000,1.7800,9.1190,8.1790,0.0000,0.0000,0.0000,70.0146,0.0000,4389.0000,1755.0000,0.0000,25.0000,41.0000,24.0000,15.0000
2.4140,0.5590,0.4190,0.3150,0.2180,0.0000,0.0000,1.4360,1.0000,1.7800,9.1190,8.1790,0.0000,0.0000,0.0000,70.0352,0.0000,4391.0000,1755.0000,0.0000,25.0000,41.0000,24.0000,15.0000
2.5500,0.6280,0.4410,0.3330,0.1690,0.0000,0.0000,1.4810,1.0000,1.7800,9.1190,8.1790,0.0000,0.0000,0.0000,70.0352,0.0000,4391.0000,1755.0000,0.0000,25.0000,41.0000,24.0000,15.0000
2.4440,0.7310,0.3890,0.3650,0.1730,0.0000,0.0000,1.3240,1.0000,1.7800,9.1190,8.1790,0.0000,0.0000,0.0000,70.0353,0.0000,4391.0000,1755.0000,0.0000,25.0000,41.0000,24.0000,15.0000
2.4660,0.6410,0.4150,0.4310,0.1650,0.0000,0.0000,1.4100,1.0000,1.7800,9.1190,8.1790,0.0000,0.0000,0.0000,70.0360,0.0000,4391.0000,1755.0000,0.0000,25.0000,42.0000,24.0000,15.0000
2.1420,0.6290,0.3680,0.3850,0.1590,0.0000,0.0000,1.1450,1.0000,1.7800,9.1190,8.1790,0.0000,0.0000,0.0000,70.0360,0.0000,4391.0000,1755.0000,0.0000,25.0000,42.0000,24.0000,15.0000
2.1700,0.5150,0.3780,0.3140,0.1760,0.0000,0.0000,1.2770,1.0000,1.7800,9.1190,8.1790,0.0000,0.0000,0.0000,70.0360,0.0000,4391.0000,1755.0000,0.0000,25.0000,42.0000,24.0000,15.0000
2.3700,0.5270,0.3610,0.3250,0.1540,0.0000,0.0000,1.4820,1.0000,1.7800,9.1190,8.1790,0.0000,0.0000,0.0000,70.0360,0.0000,4391.0000,1755.0000,0.0000,25.0000,42.0000,24.0000,15.0000
2.4470,0.6700,0.4920,0.4610,0.2650,0.0000,0.0000,1.2850,1.0000,1.7800,9.1190,8.1790,0.0000,0.0000,0.0000,70.0562,0.0000,4393.0000,1755.0000,0.0000,25.0000,42.0000,24.0000,15.0000
2.4190,0.6650,0.4310,0.3160,0.2190,0.0000,0.0000,1.3230,1.0000,1.7800,9.1190,8.1790,0.0000,0.0000,0.0000,70.0562,0.0000,4393.0000,1755.0000,0.0000,25.0000,42.0000,24.0000,15.0000
2.3190,0.6220,0.4210,0.3400,0.1710,0.0000,0.0000,1.2760,1.0000,1.7800,9.1190,8.1790,0.0000,0.0000,0.0000,70.0563,0.0000,4393.0000,1755.0000,0.0000,25.0000,42.0000,24.0000,15.0000
2.1730,0.5850,0.3910,0.3730,0.1930,0.0000,0.0000,1.1970,1.0000,1.7800,9.1190,8.1790,0.0000,0.0000,0.0000,70.0563,0.0000,4393.0000,1755.0000,0.0000,25.0000,42.0000,24.0000,15.0000
2.0310,0.6130,0.3350,0.3180,0.1400,0.0000,0.0000,1.0830,1.0000,1.7800,9.1190,8.1790,0.0000,0.0000,0.0000,70.0563,0.0000,4393.0000,1755.0000,0.0000,25.0000,42.0000,24.0000,15.0000
