frame_ms,scripts_physics_ms,scripts_process_ms,guard_ai_ms,guard_presentation_ms,render_cpu_ms,render_gpu_ms,other_ms,physics_ticks,process_max1s_ms,physics_max1s_ms,navigation_max1s_ms,draw_calls,objects,primitives,static_mem_mb,video_mem_mb,object_count,node_count,orphan_nodes,physics_active,collision_pairs,nav_agents,guards_moving
4.3450,0.2510,0.2740,0.1270,0.0800,0.0000,0.0000,3.8200,1.0000,0.0000,0.0000,0.0000,0.0000,0.0000,0.0000,66.8168,0.0000,3385.0000,1131.0000,0.0000,9.0000,15.0000,8.0000,5.0000
1.0420,0.2940,0.1910,0.1390,0.0480,0.0000,0.0000,0.5570,1.0000,0.0000,0.0000,0.0000,0.0000,0.0000,0.0000,66.8168,0.0000,3385.0000,1131.0000,0.0000,9.0000,15.0000,8.0000,5.0000
1.0450,0.2390,0.1760,0.1250,0.0460,0.0000,0.0000,0.6300,1.0000,0.0000,0.0000,0.0000,0.0000,0.0000,0.0000,66.8168,0.0000,3385.0000,1131.0000,0.0000,9.0000,15.0000,8.0000,5.0000
0.9880,0.2230,0.1950,0.1180,0.0530,0.0000,0.0000,0.5700,1.0000,0.0000,0.0000,0.0000,0.0000,0.0000,0.0000,66.8168,0.0000,3385.0000,1131.0000,0.0000,9.0000,15.0000,8.0000,5.0000
0.9300,0.2340,0.1730,0.1250,0.0470,0.0000,0.0000,0.5230,1.0000,0.0000,0.0000,0.0000,0.0000,0.0000,0.0000,66.8168,0.0000,3385.0000,1131.0000,0.0000,9.0000,15.0000,8.0000,5.0000
0.9540,0.2170,0.1790,0.1160,0.0580,0.0000,0.0000,0.5580,1.0000,0.0000,0.0000,0.0000,0.0000,0.0000,0.0000,66.8168,0.0000,3385.0000,1131.0000,0.0000,9.0000,15.0000,8.0000,5.0000
1.1050,0.2300,0.1620,0.1210,0.0450,0.0000,0.0000,0.7130,1.0000,0.0000,0.0000,0.0000,0.0000,0.0000,0.0000,66.8168,0.0000,3385.0000,1131.0000,0.0000,9.0000,15.0000,8.0000,5.0000
0.9920,0.2190,0.1830,0.1170,0.0460,0.0000,0.0000,0.5900,1.0000,0.0000,0.0000,0.0000,0.0000,0.0000,0.0000,66.8168,0.0000,3385.0000,1131.0000,0.0000,9.0000,15.0000,8.0000,5.0000
0.9170,0.2350,0.1740,0.1220,0.0460,0.0000,0.0000,0.5080,1.0000,0.0000,0.0000,0.0000,0.0000,0.0000,0.0000,66.8168,0.0000,3385.0000,1131.0000,0.0000,9.0000,15.0000,8.0000,5.0000
1.1830,0.2180,0.2330,0.1150,0.1080,0.0000,0.0000,0.7320,1.0000,0.0000,0.0000,0.0000,0.0000,0.0000,0.0000,66.8577,0.0000,3389.0000,1131.0000,0.0000,9.0000,15.0000,8.0000,5.0000
1.0030,0.4200,0.1730,0.1760,0.0480,0.0000,0.0000,0.4100,1.0000,0.0000,0.0000,0.0000,0.0000,0.0000,0.0000,66.8577,0.0000,3389.0000,1131.0000,0.0000,9.0000,15.0000,8.0000,5.0000
0.9900,0.2250,0.1730,0.1190,0.0460,0.0000,0.0000,0.5920,1.0000,0.0000,0.0000,0.0000,0.0000,0.0000,0.0000,66.8579,0.0000,3389.0000,1131.0000,0.0000,9.0000,15.0000,8.0000,5.0000
0.9050,0.2820,0.1660,0.1710,0.0460,0.0000,0.0000,0.4570,1.0000,0.0000,0.0000,0.0000,0.0000,0.0000,0.0000,66.8579,0.0000,3389.0000,1131.0000,0.0000,9.0000,15.0000,8.0000,5.0000
0.9380,0.2180,0.1770,0.1140,0.0450,0.0000,0.0000,0.5430,1.0000,0.0000,0.0000,0.0000,0.0000,0.0000,0.0000,66.8579,0.0000,3389.0000,1131.0000,0.0000,9.0000,15.0000,8.0000,5.0000
0.9340,0.2300,0.1770,0.1260,0.0580,0.0000,0.0000,0.5270,1.0000,0.0000,0.0000,0.0000,0.0000,0.0000,0.0000,66.8579,0.0000,3389.0000,1131.0000,0.0000,9.0000,15.0000,8.0000,5.0000
1.0330,0.2210,0.1630,0.1200,0.0440,0.0000,0.0000,0.6490,1.0000,0.0000,0.0000,0.0000,0.0000,0.0000,0.0000,66.8579,0.0000,3389.0000,1131.0000,0.0000,9.0000,15.0000,8.0000,5.0000
0.9240,0.2240,0.1660,0.1180,0.0470,0.0000,0.0000,0.5340,1.0000,0.0000,0.0000,0.0000,0.0000,0.0000,0.0000,66.8579,0.0000,3389.0000,1131.0000,0.0000,9.0000,15.0000,8.0000,5.0000
0.9670,0.2230,0.1840,0.1230,0.0730,0.0000,0.0000,0.5600,1.0000,0.0000,0.0000,0.0000,0.0000,0.0000,0.0000,66.8682,0.0000,3390.0000,1131.0000,0.0000,9.0000,15.0000,8.0000,5.0000
0.9950,0.2540,0.1830,0.1190,0.0700,0.0000,0.0000,0.5580,1.0000,0.0000,0.0000,0.0000,0.0000,0.0000,0.0000,66.8784,0.0000,3391.0000,1131.0000,0.0000,9.0000,15.0000,8.0000,5.0000
1.0010,0.2520,0.1900,0.1180,0.0460,0.0000,0.0000,0.5590,1.0000,0.0000,0.0000,0.0000,0.0000,0.0000,0.0000,66.8785,0.0000,3391.0000,1131.0000,0.0000,9.0000,15.0000,8.0000,5.0000
1.0400,0.2240,0.1570,0.1220,0.0460,0.0000,0.0000,0.6590,1.0000,0.0000,0.0000,0.0000,0.0000,0.0000,0.0000,66.8785,0.0000,3391.0000,1131.0000,0.0000,9.0000,15.0000,8.0000,5.0000
0.8790,0.2250,0.1620,0.1170,0.0450,0.0000,0.0000,0.4920,1.0000,0.0000,0.0000,0.0000,0.0000,0.0000,0.0000,66.8785,0.0000,3391.0000,1131.0000,0.0000,9.0000,15.0000,8.0000,5.0000
0.8900,0.2170,0.1600,0.1200,0.0450,0.0000,0.0000,0.5130,1.0000,0.0000,0.0000,0.0000,0.0000,0.0000,0.0000,66.8785,0.0000,3391.0000,1131.0000,0.0000,9.0000,15.0000,8.0000,5.0000
1.1500,0.2290,0.2110,0.1190,0.0770,0.0000,0.0000,0.7100,1.0000,0.0000,0.0000,0.0000,0.0000,0.0000,0.0000,66.8884,0.0000,3392.0000,1131.0000,0.0000,9.0000,15.0000,8.0000,5.0000
1.0120,0.3290,0.1880,0.1350,0.0500,0.0000,0.0000,0.4950,1.0000,0.0000,0.0000,0.0000,0.0000,0.0000,0.0000,66.8884,0.0000,3392.0000,1131.0000,0.0000,9.0000,15.0000,8.0000,5.0000
0.9380,0.2330,0.1630,0.1250,0.0460,0.0000,0.0000,0.5420,1.0000,0.0000,0.0000,0.0000,0.0000,0.0000,0.0000,66.8884,0.0000,3392.0000,1131.0000,0.0000,9.0000,15.0000,8.0000,5.0000
0.9270,0.2310,0.1600,0.1180,0.0450,0.0000,0.0000,0.5360,1.0000,0.0000,0.0000,0.0000,0.0000,0.0000,0.0000,66.8877,0.0000,3392.0000,1131.0000,0.0000,9.0000,14.0000,8.0000,5.0000
0.9120,0.2270,0.1810,0.1170,0.0450,0.0000,0.0000,0.5040,1.0000,0.0000,0.0000,0.0000,0.0000,0.0000,0.0000,66.8877,0.0000,3392.0000,1131.0000,0.0000,9.0000,14.0000,8.0000,5.0000
0.8780,0.2370,0.1810,0.1250,0.0690,0.0000,0.0000,0.4600,1.0000,0.0000,0.0000,0.0000,0.0000,0.0000,0.0000,66.8870,0.0000,3392.0000,1131.0000,0.0000,9.0000,13.0000,8.0000,5.0000
0.8980,0.2150,0.1570,0.1150,0.0440,0.0000,0.0000,0.5260,1.0000,0.0000,0.0000,0.0000,0.0000,0.0000,0.0000,66.8863,0.0000,3392.0000,1131.0000,0.0000,9.0000,12.0000,8.0000,5.0000
0.8920,0.2210,0.1570,0.1190,0.0450,0.0000,0.0000,0.5140,1.0000,0.0000,0.0000,0.0000,0.0000,0.0000,0.0000,66.8863,0.0000,3392.0000,1131.0000,0.0000,9.0000,12.0000,8.0000,5.0000
0.9880,0.2470,0.1560,0.1200,0.0450,0.0000,0.0000,0.5850,1.0000,0.0000,0.0000,0.0000,0.0000,0.0000,0.0000,66.8870,0.0000,3392.0000,1131.0000,0.0000,9.0000,13.0000,8.0000,5.0000
1.1580,0.2600,0.2140,0.1630,0.0940,0.0000,0.0000,0.6840,1.0000,0.0000,0.0000,0.0000,0.0000,0.0000,0.0000,66.9076,0.0000,3394.0000,1131.0000,0.0000,9.0000,13.0000,8.0000,5.0000
0.9800,0.3550,0.1780,0.1330,0.0490,0.0000,0.0000,0.4470,1.0000,0.0000,0.0000,0.0000,0.0000,0.0000,0.0000,66.9076,0.0000,3394.0000,1131.0000,0.0000,9.0000,13.0000,8.0000,5.0000
0.8490,0.2250,0.1620,0.1190,0.0460,0.0000,0.0000,0.4620,1.0000,0.0000,0.0000,0.0000,0.0000,0.0000,0.0000,66.9070,0.0000,3394.0000,1131.0000,0.0000,9.0000,12.0000,8.0000,5.0000
1.3250,0.2480,0.3450,0.1170,0.0600,0.0000,0.0000,0.7320,1.0000,0.0000,0.0000,0.0000,0.0000,0.0000,0.0000,66.9070,0.0000,3394.0000,1131.0000,0.0000,9.0000,12.0000,8.0000,5.0000
1.0830,0.4010,0.2240,0.2370,0.0870,0.0000,0.0000,0.4580,1.0000,0.0000,0.0000,0.0000,0.0000,0.0000,0.0000,66.9070,0.0000,3394.0000,1131.0000,0.0000,9.0000,12.0000,8.0000,5.0000
1.0130,0.2670,0.2220,0.1300,0.0550,0.0000,0.0000,0.5240,1.0000,0.0000,0.0000,0.0000,0.0000,0.0000,0.0000,66.9070,0.0000,3394.0000,1131.0000,0.0000,9.0000,12.0000,8.0000,5.0000
0.9950,0.2530,0.2000,0.1300,0.0460,0.0000,0.0000,0.5420,1.0000,0.0000,0.0000,0.0000,0.0000,0.0000,0.0000,66.9070,0.0000,3394.0000,1131.0000,0.0000,9.0000,12.0000,8.0000,5.0000
0.9690,0.2510,0.1980,0.1440,0.0500,0.0000,0.0000,0.5200,1.0000,0.0000,0.0000,0.0000,0.0000,0.0000,0.0000,66.9070,0.0000,3394.0000,1131.0000,0.0000,9.0000,12.0000,8.0000,5.0000
1.1470,0.2430,0.2320,0.1290,0.1100,0.0000,0.0000,0.6720,1.0000,0.0000,0.0000,0.0000,0.0000,0.0000,0.0000,66.9272,0.0000,3396.0000,1131.0000,0.0000,9.0000,12.0000,8.0000,5.0000
1.1030,0.3200,0.2120,0.1330,0.0820,0.0000,0.0000,0.5710,1.0000,0.0000,0.0000,0.0000,0.0000,0.0000,0.0000,66.9474,0.0000,3398.0000,1131.0000,0.0000,9.0000,12.0000,8.0000,5.0000
1.0500,0.2910,0.1710,0.1190,0.0450,0.0000,0.0000,0.5880,1.0000,0.0000,0.0000,0.0000,0.0000,0.0000,0.0000,66.9475,0.0000,3398.0000,1131.0000,0.0000,9.0000,12.0000,8.0000,5.0000
1.0530,0.2330,0.1750,0.1260,0.0490,0.0000,0.0000,0.6450,1.0000,0.0000,0.0000,0.0000,0.0000,0.0000,0.0000,66.9481,0.0000,3398.0000,1131.0000,0.0000,9.0000,12.0000,8.0000,6.0000
1.1670,0.2760,0.1890,0.1690,0.0620,0.0000,0.0000,0.7020,1.0000,0.0000,0.0000,0.0000,0.0000,0.0000,0.0000,66.9481,0.0000,3398.0000,1131.0000,0.0000,9.0000,12.0000,8.0000,6.0000
0.9890,0.3080,0.1950,0.1720,0.0530,0.0000,0.0000,0.4860,1.0000,0.0000,0.0000,0.0000,0.0000,0.0000,0.0000,66.9481,0.0000,3398.0000,1131.0000,0.0000,9.0000,12.0000,8.0000,6.0000
1.2270,0.2770,0.2180,0.1710,0.0760,0.0000,0.0000,0.7320,1.0000,0.0000,0.0000,0.0000,0.0000,0.0000,0.0000,66.9588,0.0000,3399.0000,1131.0000,0.0000,9.0000,12.0000,8.0000,6.0000
1.1980,0.3240,0.2070,0.1820,0.0500,0.0000,0.0000,0.6670,1.0000,0.0000,0.0000,0.0000,0.0000,0.0000,0.0000,66.9581,0.0000,3399.0000,1131.0000,0.0000,9.0000,11.0000,8.0000,6.0000
1.0470,0.2470,0.2250,0.1250,0.0820,0.0000,0.0000,0.5750,1.0000,0.0000,0.0000,0.0000,0.0000,0.0000,0.0000,66.9582,0.0000,3399.0000,1131.0000,0.0000,9.0000,11.0000,8.0000,6.0000
1.0480,0.2520,0.2040,0.1400,0.0850,0.0000,0.0000,0.5920,1.0000,0.0000,0.0000,0.0000,0.0000,0.0000,0.0000,66.9582,0.0000,3399.0000,1131.0000,0.0000,9.0000,11.0000,8.0000,6.0000
1.0310,0.2450,0.2270,0.1370,0.0540,0.0000,0.0000,0.5590,1.0000,0.0000,0.0000,0.0000,0.0000,0.0000,0.0000,66.9582,0.0000,3399.0000,1131.0000,0.0000,9.0000,11.0000,8.0000,6.0000
0.9310,0.2550,0.1910,0.1310,0.0480,0.0000,0.0000,0.4850,1.0000,0.0000,0.0000,0.0000,0.0000,0.0000,0.0000,66.9582,0.0000,3399.0000,1131.0000,0.0000,9.0000,11.0000,8.0000,6.0000
0.9890,0.2430,0.2070,0.1240,0.0780,0.0000,0.0000,0.5390,1.0000,0.0000,0.0000,0.0000,0.0000,0.0000,0.0000,66.9582,0.0000,3399.0000,1131.0000,0.0000,9.0000,11.0000,8.0000,6.0000
0.9370,0.2420,0.1890,0.1360,0.0740,0.0000,0.0000,0.5060,1.0000,0.0000,0.0000,0.0000,0.0000,0.0000,0.0000,66.9582,0.0000,3399.0000,1131.0000,0.0000,9.0000,11.0000,8.0000,6.0000
0.9070,0.2380,0.1590,0.1340,0.0470,0.0000,0.0000,0.5100,1.0000,0.0000,0.0000,0.0000,0.0000,0.0000,0.0000,66.9582,0.0000,3399.0000,1131.0000,0.0000,9.0000,11.0000,8.0000,6.0000
1.0430,0.2590,0.2010,0.1210,0.0870,0.0000,0.0000,0.5830,1.0000,0.0000,0.0000,0.0000,0.0000,0.0000,0.0000,66.9890,0.0000,3402.0000,1131.0000,0.0000,9.0000,11.0000,8.0000,6.0000
0.9950,0.3230,0.1650,0.1180,0.0470,0.0000,0.0000,0.5070,1.0000,0.0000,0.0000,0.0000,0.0000,0.0000,0.0000,66.9890,0.0000,3402.0000,1131.0000,0.0000,9.0000,11.0000,8.0000,6.0000
0.8810,0.2040,0.1600,0.1020,0.0460,0.0000,0.0000,0.5170,1.0000,0.0000,0.0000,0.0000,0.0000,0.0000,0.0000,66.9892,0.0000,3402.0000,1131.0000,0.0000,9.0000,11.0000,8.0000,6.0000
0.8320,0.2020,0.1550,0.1020,0.0460,0.0000,0.0000,0.4750,1.0000,0.0000,0.0000,0.0000,0.0000,0.0000,0.0000,66.9892,0.0000,3402.0000,1131.0000,0.0000,9.0000,11.0000,8.0000,6.0000
2.3430,0.2310,0.1610,0.1010,0.0450,0.0000,0.0000,1.9510,1.0000,0.0000,0.0000,0.0000,0.0000,0.0000,0.0000,66.9892,0.0000,3402.0000,1131.0000,0.0000,9.0000,11.0000,8.0000,6.0000
1.0610,0.1950,0.1800,0.1010,0.0470,0.0000,0.0000,0.6860,1.0000,0.0000,0.0000,0.0000,0.0000,0.0000,0.0000,66.7556,0.0000,3380.0000,1131.0000,0.0000,9.0000,11.0000,8.0000,6.0000
1.1410,0.2600,0.2010,0.1510,0.0760,0.0000,0.0000,0.6800,1.0000,0.0000,0.0000,0.0000,0.0000,0.0000,0.0000,66.7541,0.0000,3380.0000,1131.0000,0.0000,9.0000,11.0000,8.0000,5.0000
1.3990,0.3200,0.4740,0.2000,0.3210,0.0000,0.0000,0.6050,1.0000,0.0000,0.0000,0.0000,0.0000,0.0000,0.0000,66.7863,0.0000,3387.0000,1131.0000,0.0000,9.0000,11.0000,8.0000,5.0000
1.0890,0.3010,0.2280,0.1160,0.0800,0.0000,0.0000,0.5600,1.0000,0.0000,0.0000,0.0000,0.0000,0.0000,0.0000,66.7973,0.0000,3388.0000,1131.0000,0.0000,9.0000,12.0000,8.0000,5.0000
1.0180,0.2960,0.1730,0.1560,0.0460,0.0000,0.0000,0.5490,1.0000,0.0000,0.0000,0.0000,0.0000,0.0000,0.0000,66.7974,0.0000,3388.0000,1131.0000,0.0000,9.0000,12.0000,8.0000,5.0000
0.9460,0.2790,0.1840,0.1750,0.0500,0.0000,0.0000,0.4830,1.0000,0.0000,0.0000,0.0000,0.0000,0.0000,0.0000,66.7974,0.0000,3388.0000,1131.0000,0.0000,9.0000,12.0000,8.0000,5.0000
0.8780,0.2550,0.1650,0.1460,0.0450,0.0000,0.0000,0.4580,1.0000,0.0000,0.0000,0.0000,0.0000,0.0000,0.0000,66.7968,0.0000,3388.0000,1131.0000,0.0000,9.0000,11.0000,8.0000,5.0000
1.0760,0.2050,0.2330,0.1030,0.0880,0.0000,0.0000,0.6380,1.0000,0.0000,0.0000,0.0000,0.0000,0.0000,0.0000,66.8170,0.0000,3390.0000,1131.0000,0.0000,9.0000,11.0000,8.0000,5.0000
0.9670,0.3240,0.1690,0.1560,0.0450,0.0000,0.0000,0.4740,1.0000,0.0000,0.0000,0.0000,0.0000,0.0000,0.0000,66.8170,0.0000,3390.0000,1131.0000,0.0000,9.0000,11.0000,8.0000,5.0000
0.9410,0.2110,0.1990,0.1020,0.0510,0.0000,0.0000,0.5310,1.0000,0.0000,0.0000,0.0000,0.0000,0.0000,0.0000,66.8171,0.0000,3390.0000,1131.0000,0.0000,9.0000,11.0000,8.0000,5.0000
0.9090,0.2130,0.1710,0.1070,0.0470,0.0000,0.0000,0.5250,1.0000,0.0000,0.0000,0.0000,0.0000,0.0000,0.0000,66.8171,0.0000,3390.0000,1131.0000,0.0000,9.0000,11.0000,8.0000,5.0000
1.0000,0.1990,0.1670,0.0990,0.0460,0.0000,0.0000,0.6340,1.0000,0.0000,0.0000,0.0000,0.0000,0.0000,0.0000,66.8171,0.0000,3390.0000,1131.0000,0.0000,9.0000,11.0000,8.0000,5.0000
0.9430,0.2180,0.1650,0.1070,0.0460,0.0000,0.0000,0.5600,1.0000,0.0000,0.0000,0.0000,0.0000,0.0000,0.0000,66.8178,0.0000,3390.0000,1131.0000,0.0000,9.0000,12.0000,8.0000,5.0000
1.0280,0.2020,0.1780,0.0970,0.0470,0.0000,0.0000,0.6480,1.0000,0.0000,0.0000,0.0000,0.0000,0.0000,0.0000,66.8178,0.0000,3390.0000,1131.0000,0.0000,9.0000,12.0000,8.0000,5.0000
1.0800,0.2210,0.2010,0.1070,0.0740,0.0000,0.0000,0.6580,1.0000,0.0000,0.0000,0.0000,0.0000,0.0000,0.0000,66.8280,0.0000,3391.0000,1131.0000,0.0000,9.0000,12.0000,8.0000,5.0000
1.0650,0.2520,0.2020,0.1080,0.0490,0.0000,0.0000,0.6110,1.0000,0.0000,0.0000,0.0000,0.0000,0.0000,0.0000,66.8273,0.0000,3391.0000,1131.0000,0.0000,9.0000,11.0000,8.0000,5.0000
1.0240,0.2510,0.1840,0.1190,0.0490,0.0000,0.0000,0.5890,1.0000,0.0000,0.0000,0.0000,0.0000,0.0000,0.0000,66.8274,0.0000,3391.0000,1131.0000,0.0000,9.0000,11.0000,8.0000,5.0000
1.0120,0.2340,0.1960,0.1260,0.0470,0.0000,0.0000,0.5820,1.0000,0.0000,0.0000,0.0000,0.0000,0.0000,0.0000,66.8274,0.0000,3391.0000,1131.0000,0.0000,9.0000,11.0000,8.0000,5.0000
1.1040,0.2290,0.2300,0.1110,0.0780,0.0000,0.0000,0.6450,1.0000,0.0000,0.0000,0.0000,0.0000,0.0000,0.0000,66.8377,0.0000,3392.0000,1131.0000,0.0000,9.0000,11.0000,8.0000,5.0000
0.9540,0.2940,0.1740,0.1530,0.0450,0.0000,0.0000,0.4860,1.0000,0.0000,0.0000,0.0000,0.0000,0.0000,0.0000,66.8377,0.0000,3392.0000,1131.0000,0.0000,9.0000,11.0000,8.0000,5.0000
0.9450,0.2760,0.1690,0.1600,0.0450,0.0000,0.0000,0.5000,1.0000,0.0000,0.0000,0.0000,0.0000,0.0000,0.0000,66.8377,0.0000,3392.0000,1131.0000,0.0000,9.0000,11.0000,8.0000,4.0000
0.9660,0.2050,0.1860,0.1050,0.0480,0.0000,0.0000,0.5750,1.0000,0.0000,0.0000,0.0000,0.0000,0.0000,0.0000,66.8377,0.0000,3392.0000,1131.0000,0.0000,9.0000,11.0000,8.0000,4.0000
0.9630,0.2280,0.2020,0.1210,0.0550,0.0000,0.0000,0.5330,1.0000,0.0000,0.0000,0.0000,0.0000,0.0000,0.0000,66.8377,0.0000,3392.0000,1131.0000,0.0000,9.0000,11.0000,8.0000,4.0000
0.9770,0.2020,0.1790,0.0990,0.0470,0.0000,0.0000,0.5960,1.0000,0.0000,0.0000,0.0000,0.0000,0.0000,0.0000,66.8361,0.0000,3388.0000,1131.0000,0.0000,9.0000,12.0000,8.0000,4.0000
0.9980,0.2100,0.1820,0.1030,0.0490,0.0000,0.0000,0.6060,1.0000,0.0000,0.0000,0.0000,0.0000,0.0000,0.0000,66.8361,0.0000,3388.0000,1131.0000,0.0000,9.0000,12.0000,8.0000,4.0000
1.0650,0.2050,0.2050,0.1010,0.0860,0.0000,0.0000,0.6550,1.0000,0.0000,0.0000,0.0000,0.0000,0.0000,0.0000,66.8464,0.0000,3389.0000,1131.0000,0.0000,9.0000,12.0000,8.0000,4.0000
1.0040,0.2390,0.2150,0.1010,0.0750,0.0000,0.0000,0.5500,1.0000,0.0000,0.0000,0.0000,0.0000,0.0000,0.0000,66.8562,0.0000,3390.0000,1131.0000,0.0000,9.0000,12.0000,8.0000,4.0000
1.1520,0.2420,0.2040,0.1020,0.0710,0.0000,0.0000,0.7060,1.0000,0.0000,0.0000,0.0000,0.0000,0.0000,0.0000,66.8665,0.0000,3391.0000,1131.0000,0.0000,9.0000,12.0000,8.0000,4.0000
1.0480,0.3780,0.1950,0.2320,0.0510,0.0000,0.0000,0.4750,1.0000,0.0000,0.0000,0.0000,0.0000,0.0000,0.0000,66.8666,0.0000,3391.0000,1131.0000,0.0000,9.0000,12.0000,8.0000,4.0000
0.9590,0.3330,0.1790,0.1630,0.0480,0.0000,0.0000,0.4470,1.0000,0.0000,0.0000,0.0000,0.0000,0.0000,0.0000,66.8666,0.0000,3391.0000,1131.0000,0.0000,9.0000,12.0000,8.0000,4.0000
0.9630,0.2630,0.1770,0.1050,0.0500,0.0000,0.0000,0.5230,1.0000,0.0000,0.0000,0.0000,0.0000,0.0000,0.0000,66.8653,0.0000,3390.0000,1131.0000,0.0000,9.0000,12.0000,8.0000,4.0000
0.8900,0.2560,0.1660,0.1490,0.0460,0.0000,0.0000,0.4680,1.0000,0.0000,0.0000,0.0000,0.0000,0.0000,0.0000,66.8653,0.0000,3390.0000,1131.0000,0.0000,9.0000,12.0000,8.0000,4.0000
1.1340,0.2580,0.2250,0.1520,0.0860,0.0000,0.0000,0.6510,1.0000,0.0000,0.0000,0.0000,0.0000,0.0000,0.0000,66.8851,0.0000,3392.0000,1131.0000,0.0000,9.0000,12.0000,8.0000,4.0000
0.9870,0.3300,0.1790,0.1590,0.0480,0.0000,0.0000,0.4780,1.0000,0.0000,0.0000,0.0000,0.0000,0.0000,0.0000,66.8851,0.0000,3392.0000,1131.0000,0.0000,9.0000,12.0000,8.0000,4.0000
0.9360,0.2650,0.1780,0.1550,0.0480,0.0000,0.0000,0.4930,1.0000,0.0000,0.0000,0.0000,0.0000,0.0000,0.0000,66.8852,0.0000,3392.0000,1131.0000,0.0000,9.0000,12.0000,8.0000,4.0000
0.8790,0.2560,0.1630,0.1500,0.0470,0.0000,0.0000,0.4600,1.0000,0.0000,0.0000,0.0000,0.0000,0.0000,0.0000,66.8852,0.0000,3392.0000,1131.0000,0.0000,9.0000,12.0000,8.0000,4.0000
1.0920,0.1940,0.1830,0.0960,0.0480,0.0000,0.0000,0.7150,1.0000,0.0000,0.0000,0.0000,0.0000,0.0000,0.0000,66.8852,0.0000,3392.0000,1131.0000,0.0000,9.0000,12.0000,8.0000,4.0000
0.9800,0.2100,0.2090,0.1040,0.0520,0.0000,0.0000,0.5610,1.0000,0.0000,0.0000,0.0000,0.0000,0.0000,0.0000,66.8852,0.0000,3392.0000,1131.0000,0.0000,9.0000,12.0000,8.0000,4.0000
0.8860,0.2750,0.1890,0.1630,0.0540,0.0000,0.0000,0.4220,1.0000,0.0000,0.0000,0.0000,0.0000,0.0000,0.0000,66.8852,0.0000,3392.0000,1131.0000,0.0000,9.0000,12.0000,8.0000,4.0000
0.8410,0.2230,0.1770,0.1080,0.0570,0.0000,0.0000,0.4410,1.0000,0.0000,0.0000,0.0000,0.0000,0.0000,0.0000,66.8852,0.0000,3392.0000,1131.0000,0.0000,9.0000,12.0000,8.0000,4.0000
0.8830,0.2080,0.1710,0.1060,0.0470,0.0000,0.0000,0.5040,1.0000,0.0000,0.0000,0.0000,0.0000,0.0000,0.0000,66.8852,0.0000,3392.0000,1131.0000,0.0000,9.0000,12.0000,8.0000,4.0000
1.0980,0.2030,0.2840,0.0990,0.0710,0.0000,0.0000,0.6110,1.0000,0.0000,0.0000,0.0000,0.0000,0.0000,0.0000,66.8852,0.0000,3392.0000,1131.0000,0.0000,9.0000,12.0000,8.0000,4.0000
1.0220,0.2480,0.1850,0.1200,0.0500,0.0000,0.0000,0.5890,1.0000,0.0000,0.0000,0.0000,0.0000,0.0000,0.0000,66.8852,0.0000,3392.0000,1131.0000,0.0000,9.0000,12.0000,8.0000,4.0000
1.1050,0.2240,0.2170,0.1100,0.0830,0.0000,0.0000,0.6640,1.0000,0.0000,0.0000,0.0000,0.0000,0.0000,0.0000,66.8956,0.0000,3393.0000,1131.0000,0.0000,9.0000,12.0000,8.0000,5.0000
0.9090,0.3270,0.1770,0.1670,0.0500,0.0000,0.0000,0.4050,1.0000,0.0000,0.0000,0.0000,0.0000,0.0000,0.0000,66.8956,0.0000,3393.0000,1131.0000,0.0000,9.0000,12.0000,8.0000,5.0000
0.9540,0.2070,0.2680,0.1030,0.0690,0.0000,0.0000,0.4790,1.0000,0.0000,0.0000,0.0000,0.0000,0.0000,0.0000,66.8957,0.0000,3393.0000,1131.0000,0.0000,9.0000,12.0000,8.0000,5.0000
0.8680,0.2160,0.1850,0.1050,0.0510,0.0000,0.0000,0.4670,1.0000,0.0000,0.0000,0.0000,0.0000,0.0000,0.0000,66.8957,0.0000,3393.0000,1131.0000,0.0000,9.0000,12.0000,8.0000,5.0000
0.8370,0.2160,0.1930,0.1060,0.0490,0.0000,0.0000,0.4280,1.0000,0.0000,0.0000,0.0000,0.0000,0.0000,0.0000,66.8964,0.0000,3393.0000,1131.0000,0.0000,9.0000,13.0000,8.0000,5.0000
0.8050,0.2200,0.1590,0.1160,0.0450,0.0000,0.0000,0.4260,1.0000,0.0000,0.0000,0.0000,0.0000,0.0000,0.0000,66.8964,0.0000,3393.0000,1131.0000,0.0000,9.0000,13.0000,8.0000,5.0000
0.9910,0.2060,0.2210,0.1020,0.0950,0.0000,0.0000,0.5640,1.0000,0.0000,0.0000,0.0000,0.0000,0.0000,0.0000,66.9071,0.0000,3394.0000,1131.0000,0.0000,9.0000,13.0000,8.0000,5.0000
0.9080,0.3190,0.1940,0.1430,0.0740,0.0000,0.0000,0.3950,1.0000,0.0000,0.0000,0.0000,0.0000,0.0000,0.0000,66.9174,0.0000,3395.0000,1131.0000,0.0000,9.0000,13.0000,8.0000,5.0000
0.8010,0.2740,0.1650,0.1030,0.0470,0.0000,0.0000,0.3620,1.0000,0.0000,0.0000,0.0000,0.0000,0.0000,0.0000,66.9174,0.0000,3395.0000,1131.0000,0.0000,9.0000,13.0000,8.0000,5.0000
0.9190,0.1970,0.1690,0.0980,0.0580,0.0000,0.0000,0.5530,1.0000,0.0000,0.0000,0.0000,0.0000,0.0000,0.0000,66.9175,0.0000,3395.0000,1131.0000,0.0000,9.0000,13.0000,8.0000,5.0000
1.7270,0.2000,0.2600,0.1030,0.0640,0.0000,0.0000,1.2670,1.0000,0.0000,0.0000,0.0000,0.0000,0.0000,0.0000,66.9175,0.0000,3395.0000,1131.0000,0.0000,9.0000,13.0000,8.0000,5.0000
1.6290,0.2690,0.3560,0.1320,0.1220,0.0000,0.0000,1.0040,1.0000,0.0000,0.0000,0.0000,0.0000,0.0000,0.0000,66.9377,0.0000,3397.0000,1131.0000,0.0000,9.0000,13.0000,8.0000,4.0000
1.5660,0.5010,0.3640,0.2410,0.1290,0.0000,0.0000,0.7010,1.0000,0.0000,0.0000,0.0000,0.0000,0.0000,0.0000,66.9479,0.0000,3398.0000,1131.0000,0.0000,9.0000,13.0000,8.0000,4.0000
1.1180,0.4080,0.2720,0.1860,0.0640,0.0000,0.0000,0.4380,1.0000,0.0000,0.0000,0.0000,0.0000,0.0000,0.0000,66.9481,0.0000,3398.0000,1131.0000,0.0000,9.0000,13.0000,8.0000,4.0000
1.0500,0.2450,0.2200,0.1180,0.0570,0.0000,0.0000,0.5850,1.0000,0.0000,0.0000,0.0000,0.0000,0.0000,0.0000,66.9481,0.0000,3398.0000,1131.0000,0.0000,9.0000,13.0000,8.0000,4.0000
1.1040,0.2550,0.2060,0.1220,0.0570,0.0000,0.0000,0.6430,1.0000,0.0000,0.0000,0.0000,0.0000,0.0000,0.0000,66.9481,0.0000,3398.0000,1131.0000,0.0000,9.0000,13.0000,8.0000,4.0000
1.1240,0.3000,0.2210,0.1610,0.0570,0.0000,0.0000,0.6030,1.0000,0.0000,0.0000,0.0000,0.0000,0.0000,0.0000,66.9481,0.0000,3398.0000,1131.0000,0.0000,9.0000,13.0000,8.0000,4.0000
1.0050,0.3730,0.2100,0.2420,0.0590,0.0000,0.0000,0.4220,1.0000,0.0000,0.0000,0.0000,0.0000,0.0000,0.0000,66.9481,0.0000,3398.0000,1131.0000,0.0000,9.0000,13.0000,8.0000,4.0000
0.9910,0.2880,0.2000,0.1160,0.0540,0.0000,0.0000,0.5030,1.0000,0.0000,0.0000,0.0000,0.0000,0.0000,0.0000,66.9481,0.0000,3398.0000,1131.0000,0.0000,9.0000,13.0000,8.0000,4.0000
0.9960,0.2910,0.1830,0.1210,0.0520,0.0000,0.0000,0.5220,1.0000,0.0000,0.0000,0.0000,0.0000,0.0000,0.0000,66.9482,0.0000,3398.0000,1131.0000,0.0000,9.0000,13.0000,8.0000,5.0000
1.0640,0.3220,0.1930,0.1650,0.0550,0.0000,0.0000,0.5490,1.0000,0.0000,0.0000,0.0000,0.0000,0.0000,0.0000,66.9482,0.0000,3398.0000,1131.0000,0.0000,9.0000,13.0000,8.0000,5.0000
0.9470,0.3450,0.1880,0.1760,0.0540,0.0000,0.0000,0.4140,1.0000,0.0000,0.0000,0.0000,0.0000,0.0000,0.0000,66.9482,0.0000,3398.0000,1131.0000,0.0000,9.0000,13.0000,8.0000,5.0000
1.0890,0.2740,0.2160,0.1140,0.0810,0.0000,0.0000,0.5990,1.0000,0.0000,0.0000,0.0000,0.0000,0.0000,0.0000,66.9592,0.0000,3399.0000,1131.0000,0.0000,9.0000,14.0000,8.0000,5.0000
1.0260,0.3540,0.1870,0.1370,0.0530,0.0000,0.0000,0.4850,1.0000,0.0000,0.0000,0.0000,0.0000,0.0000,0.0000,66.9592,0.0000,3399.0000,1131.0000,0.0000,9.0000,14.0000,8.0000,5.0000
1.0670,0.2850,0.2460,0.1280,0.0630,0.0000,0.0000,0.5360,1.0000,0.0000,0.0000,0.0000,0.0000,0.0000,0.0000,66.9593,0.0000,3399.0000,1131.0000,0.0000,9.0000,14.0000,8.0000,5.0000
1.6390,0.2630,0.2330,0.1170,0.0830,0.0000,0.0000,1.1430,1.0000,0.0000,0.0000,0.0000,0.0000,0.0000,0.0000,66.9695,0.0000,3400.0000,1131.0000,0.0000,9.0000,14.0000,8.0000,5.0000
1.2300,0.6090,0.2340,0.4180,0.0710,0.0000,0.0000,0.3870,1.0000,0.0000,0.0000,0.0000,0.0000,0.0000,0.0000,66.9695,0.0000,3400.0000,1131.0000,0.0000,9.0000,14.0000,8.0000,5.0000
1.3360,0.3230,0.2140,0.1890,0.0600,0.0000,0.0000,0.7990,1.0000,0.0000,0.0000,0.0000,0.0000,0.0000,0.0000,66.9696,0.0000,3400.0000,1131.0000,0.0000,9.0000,14.0000,8.0000,5.0000
1.1650,0.4620,0.2580,0.2550,0.0610,0.0000,0.0000,0.4450,1.0000,0.0000,0.0000,0.0000,0.0000,0.0000,0.0000,66.9696,0.0000,3400.0000,1131.0000,0.0000,9.0000,14.0000,8.0000,5.0000
1.3310,0.2940,0.2850,0.1370,0.1030,0.0000,0.0000,0.7520,1.0000,0.0000,0.0000,0.0000,0.0000,0.0000,0.0000,66.9898,0.0000,3402.0000,1131.0000,0.0000,9.0000,14.0000,8.0000,5.0000
1.4060,0.3810,0.2410,0.1620,0.0630,0.0000,0.0000,0.7840,1.0000,0.0000,0.0000,0.0000,0.0000,0.0000,0.0000,66.9898,0.0000,3402.0000,1131.0000,0.0000,9.0000,14.0000,8.0000,5.0000
1.3170,0.4200,0.2810,0.2210,0.1070,0.0000,0.0000,0.6160,1.0000,0.0000,0.0000,0.0000,0.0000,0.0000,0.0000,66.9899,0.0000,3402.0000,1131.0000,0.0000,9.0000,14.0000,8.0000,5.0000
1.2200,0.2990,0.2400,0.1410,0.0680,0.0000,0.0000,0.6810,1.0000,0.0000,0.0000,0.0000,0.0000,0.0000,0.0000,66.9899,0.0000,3402.0000,1131.0000,0.0000,9.0000,14.0000,8.0000,5.0000
1.1760,0.2890,0.2160,0.1310,0.0580,0.0000,0.0000,0.6710,1.0000,0.0000,0.0000,0.0000,0.0000,0.0000,0.0000,66.9899,0.0000,3402.0000,1131.0000,0.0000,9.0000,14.0000,8.0000,5.0000
1.1620,0.3590,0.2220,0.2210,0.0570,0.0000,0.0000,0.5810,1.0000,0.0000,0.0000,0.0000,0.0000,0.0000,0.0000,66.9899,0.0000,3402.0000,1131.0000,0.0000,9.0000,14.0000,8.0000,5.0000
1.1240,0.3260,0.2320,0.1460,0.0930,0.0000,0.0000,0.5660,1.0000,0.0000,0.0000,0.0000,0.0000,0.0000,0.0000,67.0002,0.0000,3403.0000,1131.0000,0.0000,9.0000,14.0000,8.0000,5.0000
1.1210,0.3090,0.2630,0.1280,0.1120,0.0000,0.0000,0.5490,1.0000,0.0000,0.0000,0.0000,0.0000,0.0000,0.0000,67.0104,0.0000,3404.0000,1131.0000,0.0000,9.0000,14.0000,8.0000,5.0000
1.2260,0.2920,0.2620,0.1280,0.0900,0.0000,0.0000,0.6720,1.0000,0.0000,0.0000,0.0000,0.0000,0.0000,0.0000,67.0105,0.0000,3404.0000,1131.0000,0.0000,9.0000,14.0000,8.0000,5.0000
1.3310,0.3300,0.2360,0.1310,0.0590,0.0000,0.0000,0.7650,1.0000,0.0000,0.0000,0.0000,0.0000,0.0000,0.0000,67.0097,0.0000,3404.0000,1131.0000,0.0000,9.0000,13.0000,8.0000,6.0000
1.3360,0.4540,0.2240,0.2590,0.0680,0.0000,0.0000,0.6580,1.0000,0.0000,0.0000,0.0000,0.0000,0.0000,0.0000,67.0097,0.0000,3404.0000,1131.0000,0.0000,9.0000,13.0000,8.0000,6.0000
1.4800,0.3630,0.5500,0.1810,0.0810,0.0000,0.0000,0.5670,1.0000,0.0000,0.0000,0.0000,0.0000,0.0000,0.0000,67.0097,0.0000,3404.0000,1131.0000,0.0000,9.0000,13.0000,8.0000,6.0000
1.1700,0.2830,0.2230,0.1300,0.0680,0.0000,0.0000,0.6640,1.0000,0.0000,0.0000,0.0000,0.0000,0.0000,0.0000,67.0097,0.0000,3404.0000,1131.0000,0.0000,9.0000,13.0000,8.0000,6.0000
2.0500,0.3190,0.2190,0.1850,0.0580,0.0000,0.0000,1.5120,1.0000,0.0000,0.0000,0.0000,0.0000,0.0000,0.0000,67.0097,0.0000,3404.0000,1131.0000,0.0000,9.0000,13.0000,8.0000,6.0000
1.4140,0.3220,0.2970,0.1410,0.1040,0.0000,0.0000,0.7950,1.0000,0.0000,0.0000,0.0000,0.0000,0.0000,0.0000,66.7339,0.0000,3377.0000,1131.0000,0.0000,9.0000,13.0000,8.0000,6.0000
1.0080,0.4400,0.2600,0.1960,0.0680,0.0000,0.0000,0.3080,1.0000,0.0000,0.0000,0.0000,0.0000,0.0000,0.0000,66.7337,0.0000,3377.0000,1131.0000,0.0000,9.0000,13.0000,8.0000,5.0000
1.0850,0.2590,0.2850,0.1380,0.0900,0.0000,0.0000,0.5410,1.0000,0.0000,0.0000,0.0000,0.0000,0.0000,0.0000,66.7441,0.0000,3378.0000,1131.0000,0.0000,9.0000,13.0000,8.0000,5.0000
1.0750,0.3280,0.2470,0.1530,0.0580,0.0000,0.0000,0.5000,1.0000,0.0000,0.0000,0.0000,0.0000,0.0000,0.0000,66.7441,0.0000,3378.0000,1131.0000,0.0000,9.0000,13.0000,8.0000,5.0000
0.9920,0.2540,0.2030,0.1350,0.0560,0.0000,0.0000,0.5350,1.0000,0.0000,0.0000,0.0000,0.0000,0.0000,0.0000,66.7441,0.0000,3378.0000,1131.0000,0.0000,9.0000,13.0000,8.0000,5.0000
0.9170,0.2800,0.2080,0.1530,0.0660,0.0000,0.0000,0.4290,1.0000,0.0000,0.0000,0.0000,0.0000,0.0000,0.0000,66.7441,0.0000,3378.0000,1131.0000,0.0000,9.0000,13.0000,8.0000,5.0000
0.9910,0.2390,0.2070,0.1130,0.0640,0.0000,0.0000,0.5450,1.0000,0.0000,0.0000,0.0000,0.0000,0.0000,0.0000,66.7448,0.0000,3378.0000,1131.0000,0.0000,9.0000,14.0000,8.0000,5.0000
0.9740,0.2760,0.2550,0.1520,0.0670,0.0000,0.0000,0.4430,1.0000,0.0000,0.0000,0.0000,0.0000,0.0000,0.0000,66.7448,0.0000,3378.0000,1131.0000,0.0000,9.0000,14.0000,8.0000,5.0000
0.8970,0.2340,0.2240,0.1170,0.0540,0.0000,0.0000,0.4390,1.0000,0.0000,0.0000,0.0000,0.0000,0.0000,0.0000,66.7448,0.0000,3378.0000,1131.0000,0.0000,9.0000,14.0000,8.0000,5.0000
1.0000,0.2310,0.2470,0.1170,0.0890,0.0000,0.0000,0.5220,1.0000,0.0000,0.0000,0.0000,0.0000,0.0000,0.0000,66.7546,0.0000,3379.0000,1131.0000,0.0000,9.0000,14.0000,8.0000,5.0000
0.9690,0.3120,0.2260,0.1490,0.0580,0.0000,0.0000,0.4310,1.0000,0.0000,0.0000,0.0000,0.0000,0.0000,0.0000,66.7546,0.0000,3379.0000,1131.0000,0.0000,9.0000,14.0000,8.0000,5.0000
1.1360,0.2430,0.2410,0.1210,0.1000,0.0000,0.0000,0.6520,1.0000,0.0000,0.0000,0.0000,0.0000,0.0000,0.0000,66.7547,0.0000,3379.0000,1131.0000,0.0000,9.0000,14.0000,8.0000,5.0000
1.3990,0.2560,0.2350,0.1280,0.0650,0.0000,0.0000,0.9080,1.0000,0.0000,0.0000,0.0000,0.0000,0.0000,0.0000,66.7547,0.0000,3379.0000,1131.0000,0.0000,9.0000,14.0000,8.0000,5.0000
1.1410,0.3190,0.2320,0.1710,0.0610,0.0000,0.0000,0.5900,1.0000,0.0000,0.0000,0.0000,0.0000,0.0000,0.0000,66.7547,0.0000,3379.0000,1131.0000,0.0000,9.0000,14.0000,8.0000,5.0000
1.1380,0.3130,0.2470,0.1880,0.0940,0.0000,0.0000,0.5780,1.0000,0.0000,0.0000,0.0000,0.0000,0.0000,0.0000,66.7540,0.0000,3379.0000,1131.0000,0.0000,9.0000,13.0000,8.0000,5.0000
1.3120,0.3770,0.2590,0.2020,0.0960,0.0000,0.0000,0.6760,1.0000,0.0000,0.0000,0.0000,0.0000,0.0000,0.0000,66.7743,0.0000,3381.0000,1131.0000,0.0000,9.0000,13.0000,8.0000,5.0000
1.3070,0.3600,0.2760,0.1400,0.1080,0.0000,0.0000,0.6710,1.0000,0.0000,0.0000,0.0000,0.0000,0.0000,0.0000,66.7946,0.0000,3383.0000,1131.0000,0.0000,9.0000,13.0000,8.0000,5.0000
1.0940,0.3410,0.2040,0.1350,0.0540,0.0000,0.0000,0.5490,1.0000,0.0000,0.0000,0.0000,0.0000,0.0000,0.0000,66.7947,0.0000,3383.0000,1131.0000,0.0000,9.0000,13.0000,8.0000,5.0000
1.6170,0.2630,0.2480,0.1250,0.1050,0.0000,0.0000,1.1060,1.0000,0.0000,0.0000,0.0000,0.0000,0.0000,0.0000,66.8157,0.0000,3385.0000,1131.0000,0.0000,9.0000,14.0000,8.0000,5.0000
1.1820,0.3890,0.2470,0.1270,0.0590,0.0000,0.0000,0.5460,1.0000,0.0000,0.0000,0.0000,0.0000,0.0000,0.0000,66.8157,0.0000,3385.0000,1131.0000,0.0000,9.0000,14.0000,8.0000,5.0000
1.1270,0.2660,0.2230,0.1220,0.0600,0.0000,0.0000,0.6380,1.0000,0.0000,0.0000,0.0000,0.0000,0.0000,0.0000,66.8158,0.0000,3385.0000,1131.0000,0.0000,9.0000,14.0000,8.0000,5.0000
1.0240,0.2660,0.1920,0.1430,0.0530,0.0000,0.0000,0.5660,1.0000,0.0000,0.0000,0.0000,0.0000,0.0000,0.0000,66.8158,0.0000,3385.0000,1131.0000,0.0000,9.0000,14.0000,8.0000,5.0000
1.0700,0.2650,0.1900,0.1320,0.0530,0.0000,0.0000,0.6150,1.0000,0.0000,0.0000,0.0000,0.0000,0.0000,0.0000,66.8158,0.0000,3385.0000,1131.0000,0.0000,9.0000,14.0000,8.0000,5.0000
1.0760,0.2720,0.2170,0.1370,0.0650,0.0000,0.0000,0.5870,1.0000,0.0000,0.0000,0.0000,0.0000,0.0000,0.0000,66.8158,0.0000,3385.0000,1131.0000,0.0000,9.0000,14.0000,8.0000,5.0000
1.1070,0.3030,0.1870,0.1850,0.0520,0.0000,0.0000,0.6170,1.0000,0.0000,0.0000,0.0000,0.0000,0.0000,0.0000,66.8158,0.0000,3385.0000,1131.0000,0.0000,9.0000,14.0000,8.0000,5.0000
1.1610,0.3630,0.2510,0.2010,0.1050,0.0000,0.0000,0.5470,1.0000,0.0000,0.0000,0.0000,0.0000,0.0000,0.0000,66.8265,0.0000,3386.0000,1131.0000,0.0000,9.0000,14.0000,8.0000,5.0000
1.0280,0.3020,0.2120,0.1260,0.0550,0.0000,0.0000,0.5140,1.0000,0.0000,0.0000,0.0000,0.0000,0.0000,0.0000,66.8265,0.0000,3386.0000,1131.0000,0.0000,9.0000,14.0000,8.0000,5.0000
1.0420,0.2610,0.1860,0.1220,0.0520,0.0000,0.0000,0.5950,1.0000,0.0000,0.0000,0.0000,0.0000,0.0000,0.0000,66.8266,0.0000,3386.0000,1131.0000,0.0000,9.0000,14.0000,8.0000,5.0000
1.0670,0.2720,0.2300,0.1460,0.0930,0.0000,0.0000,0.5650,1.0000,0.0000,0.0000,0.0000,0.0000,0.0000,0.0000,66.8259,0.0000,3386.0000,1131.0000,0.0000,9.0000,13.0000,8.0000,5.0000
1.0610,0.2420,0.2460,0.1220,0.0570,0.0000,0.0000,0.5730,1.0000,0.0000,0.0000,0.0000,0.0000,0.0000,0.0000,66.8259,0.0000,3386.0000,1131.0000,0.0000,9.0000,13.0000,8.0000,5.0000
1.0810,0.2670,0.2140,0.1360,0.0530,0.0000,0.0000,0.6000,1.0000,0.0000,0.0000,0.0000,0.0000,0.0000,0.0000,66.8259,0.0000,3386.0000,1131.0000,0.0000,9.0000,13.0000,8.0000,5.0000
1.2570,0.2770,0.2070,0.1420,0.0630,0.0000,0.0000,0.7730,1.0000,0.0000,0.0000,0.0000,0.0000,0.0000,0.0000,66.8266,0.0000,3386.0000,1131.0000,0.0000,9.0000,14.0000,8.0000,5.0000
1.1630,0.2410,0.2230,0.1220,0.0840,0.0000,0.0000,0.6990,1.0000,0.0000,0.0000,0.0000,0.0000,0.0000,0.0000,66.8368,0.0000,3387.0000,1131.0000,0.0000,9.0000,14.0000,8.0000,5.0000
1.0720,0.3880,0.2180,0.2070,0.0710,0.0000,0.0000,0.4660,1.0000,0.0000,0.0000,0.0000,0.0000,0.0000,0.0000,66.8368,0.0000,3387.0000,1131.0000,0.0000,9.0000,14.0000,8.0000,5.0000
1.0580,0.2870,0.1940,0.1690,0.0520,0.0000,0.0000,0.5770,1.0000,0.0000,0.0000,0.0000,0.0000,0.0000,0.0000,66.8362,0.0000,3387.0000,1131.0000,0.0000,9.0000,13.0000,8.0000,5.0000
1.0650,0.2920,0.2160,0.1390,0.0640,0.0000,0.0000,0.5570,1.0000,0.0000,0.0000,0.0000,0.0000,0.0000,0.0000,66.8362,0.0000,3387.0000,1131.0000,0.0000,9.0000,13.0000,8.0000,5.0000
1.1420,0.3190,0.2540,0.1680,0.1020,0.0000,0.0000,0.5690,1.0000,0.0000,0.0000,0.0000,0.0000,0.0000,0.0000,66.8465,0.0000,3388.0000,1131.0000,0.0000,9.0000,13.0000,8.0000,5.0000
1.1320,0.2980,0.2000,0.1340,0.0530,0.0000,0.0000,0.6340,1.0000,0.0000,0.0000,0.0000,0.0000,0.0000,0.0000,66.8465,0.0000,3388.0000,1131.0000,0.0000,9.0000,13.0000,8.0000,5.0000
1.1030,0.2530,0.2440,0.1370,0.0850,0.0000,0.0000,0.6060,1.0000,0.0000,0.0000,0.0000,0.0000,0.0000,0.0000,66.8568,0.0000,3389.0000,1131.0000,0.0000,9.0000,13.0000,8.0000,5.0000
1.1660,0.3110,0.2650,0.1390,0.0860,0.0000,0.0000,0.5900,1.0000,0.0000,0.0000,0.0000,0.0000,0.0000,0.0000,66.8666,0.0000,3390.0000,1131.0000,0.0000,9.0000,13.0000,8.0000,5.0000
1.0230,0.3140,0.1950,0.1470,0.0530,0.0000,0.0000,0.5140,1.0000,0.0000,0.0000,0.0000,0.0000,0.0000,0.0000,66.8667,0.0000,3390.0000,1131.0000,0.0000,9.0000,13.0000,8.0000,5.0000
0.9560,0.2750,0.1890,0.1470,0.0530,0.0000,0.0000,0.4920,1.0000,0.0000,0.0000,0.0000,0.0000,0.0000,0.0000,66.8667,0.0000,3390.0000,1131.0000,0.0000,9.0000,13.0000,8.0000,5.0000
0.9860,0.2430,0.2060,0.1310,0.0610,0.0000,0.0000,0.5370,1.0000,0.0000,0.0000,0.0000,0.0000,0.0000,0.0000,66.8667,0.0000,3390.0000,1131.0000,0.0000,9.0000,13.0000,8.0000,5.0000
1.0850,0.2510,0.2320,0.1340,0.0550,0.0000,0.0000,0.6020,1.0000,0.0000,0.0000,0.0000,0.0000,0.0000,0.0000,66.8667,0.0000,3390.0000,1131.0000,0.0000,9.0000,13.0000,8.0000,5.0000
1.4260,0.2740,0.4490,0.1540,0.3150,0.0000,0.0000,0.7030,1.0000,0.0000,0.0000,0.0000,0.0000,0.0000,0.0000,66.8851,0.0000,3392.0000,1131.0000,0.0000,9.0000,13.0000,8.0000,5.0000
1.1650,0.3720,0.2190,0.1330,0.0620,0.0000,0.0000,0.5740,1.0000,0.0000,0.0000,0.0000,0.0000,0.0000,0.0000,66.8851,0.0000,3392.0000,1131.0000,0.0000,9.0000,13.0000,8.0000,5.0000
1.1300,0.2780,0.2330,0.1380,0.0890,0.0000,0.0000,0.6190,1.0000,0.0000,0.0000,0.0000,0.0000,0.0000,0.0000,66.8851,0.0000,3392.0000,1131.0000,0.0000,9.0000,13.0000,8.0000,5.0000
1.0920,0.2620,0.2360,0.1390,0.0540,0.0000,0.0000,0.5940,1.0000,0.0000,0.0000,0.0000,0.0000,0.0000,0.0000,66.8851,0.0000,3392.0000,1131.0000,0.0000,9.0000,13.0000,8.0000,5.0000
1.2030,0.2740,0.2350,0.1400,0.0950,0.0000,0.0000,0.6940,1.0000,0.0000,0.0000,0.0000,0.0000,0.0000,0.0000,66.9053,0.0000,3394.0000,1131.0000,0.0000,9.0000,13.0000,8.0000,5.0000
1.0530,0.3510,0.2100,0.1350,0.0540,0.0000,0.0000,0.4920,1.0000,0.0000,0.0000,0.0000,0.0000,0.0000,0.0000,66.9053,0.0000,3394.0000,1131.0000,0.0000,9.0000,13.0000,8.0000,5.0000
1.0270,0.2760,0.1960,0.1250,0.0530,0.0000,0.0000,0.5550,1.0000,0.0000,0.0000,0.0000,0.0000,0.0000,0.0000,66.9054,0.0000,3394.0000,1131.0000,0.0000,9.0000,13.0000,8.0000,5.0000
1.0340,0.2740,0.2150,0.1430,0.0630,0.0000,0.0000,0.5450,1.0000,0.0000,0.0000,0.0000,0.0000,0.0000,0.0000,66.9054,0.0000,3394.0000,1131.0000,0.0000,9.0000,13.0000,8.0000,5.0000
0.9770,0.3090,0.1840,0.1700,0.0520,0.0000,0.0000,0.4840,1.0000,0.0000,0.0000,0.0000,0.0000,0.0000,0.0000,66.9054,0.0000,3394.0000,1131.0000,0.0000,9.0000,13.0000,8.0000,5.0000
1.1020,0.2510,0.2080,0.1170,0.0540,0.0000,0.0000,0.6430,1.0000,0.0000,0.0000,0.0000,0.0000,0.0000,0.0000,66.9054,0.0000,3394.0000,1131.0000,0.0000,9.0000,13.0000,8.0000,5.0000
1.1880,0.3120,0.2200,0.1770,0.0850,0.0000,0.0000,0.6560,1.0000,0.0000,0.0000,0.0000,0.0000,0.0000,0.0000,66.9157,0.0000,3395.0000,1131.0000,0.0000,9.0000,13.0000,8.0000,5.0000
1.1520,0.3560,0.2400,0.1370,0.0930,0.0000,0.0000,0.5560,1.0000,0.0000,0.0000,0.0000,0.0000,0.0000,0.0000,66.9260,0.0000,3396.0000,1131.0000,0.0000,9.0000,13.0000,8.0000,5.0000
1.0750,0.2880,0.1900,0.1250,0.0540,0.0000,0.0000,0.5970,1.0000,0.0000,0.0000,0.0000,0.0000,0.0000,0.0000,66.9260,0.0000,3396.0000,1131.0000,0.0000,9.0000,13.0000,8.0000,5.0000
1.2370,0.2630,0.2630,0.1430,0.0640,0.0000,0.0000,0.7110,1.0000,0.0000,0.0000,0.0000,0.0000,0.0000,0.0000,66.9261,0.0000,3396.0000,1131.0000,0.0000,9.0000,13.0000,8.0000,5.0000
1.0560,0.2780,0.2160,0.1270,0.0590,0.0000,0.0000,0.5620,1.0000,0.0000,0.0000,0.0000,0.0000,0.0000,0.0000,66.9261,0.0000,3396.0000,1131.0000,0.0000,9.0000,13.0000,8.0000,5.0000
0.9780,0.2650,0.1900,0.1410,0.0520,0.0000,0.0000,0.5230,1.0000,0.0000,0.0000,0.0000,0.0000,0.0000,0.0000,66.9261,0.0000,3396.0000,1131.0000,0.0000,9.0000,13.0000,8.0000,5.0000
0.9860,0.2580,0.2030,0.1370,0.0550,0.0000,0.0000,0.5250,1.0000,0.0000,0.0000,0.0000,0.0000,0.0000,0.0000,66.9261,0.0000,3396.0000,1131.0000,0.0000,9.0000,13.0000,8.0000,5.0000
1.1740,0.2320,0.2680,0.1170,0.0940,0.0000,0.0000,0.6740,1.0000,0.0000,0.0000,0.0000,0.0000,0.0000,0.0000,66.9357,0.0000,3397.0000,1131.0000,0.0000,9.0000,12.0000,8.0000,5.0000
1.1010,0.3270,0.2350,0.1270,0.0860,0.0000,0.0000,0.5390,1.0000,0.0000,0.0000,0.0000,0.0000,0.0000,0.0000,66.9464,0.0000,3398.0000,1131.0000,0.0000,9.0000,12.0000,8.0000,5.0000
1.0010,0.3560,0.1870,0.1770,0.0520,0.0000,0.0000,0.4580,1.0000,0.0000,0.0000,0.0000,0.0000,0.0000,0.0000,66.9464,0.0000,3398.0000,1131.0000,0.0000,9.0000,12.0000,8.0000,5.0000
1.0670,0.2790,0.1930,0.1580,0.0520,0.0000,0.0000,0.5950,1.0000,0.0000,0.0000,0.0000,0.0000,0.0000,0.0000,66.9465,0.0000,3398.0000,1131.0000,0.0000,9.0000,12.0000,8.0000,5.0000
1.0500,0.3010,0.2000,0.1860,0.0550,0.0000,0.0000,0.5490,1.0000,0.0000,0.0000,0.0000,0.0000,0.0000,0.0000,66.9465,0.0000,3398.0000,1131.0000,0.0000,9.0000,12.0000,8.0000,5.0000
0.9420,0.3160,0.1860,0.1860,0.0530,0.0000,0.0000,0.4400,1.0000,0.0000,0.0000,0.0000,0.0000,0.0000,0.0000,66.9465,0.0000,3398.0000,1131.0000,0.0000,9.0000,12.0000,8.0000,5.0000
0.9390,0.2710,0.1790,0.1560,0.0510,0.0000,0.0000,0.4890,1.0000,0.0000,0.0000,0.0000,0.0000,0.0000,0.0000,66.9465,0.0000,3398.0000,1131.0000,0.0000,9.0000,12.0000,8.0000,5.0000
0.9760,0.2850,0.1760,0.1710,0.0490,0.0000,0.0000,0.5150,1.0000,0.0000,0.0000,0.0000,0.0000,0.0000,0.0000,66.9465,0.0000,3398.0000,1131.0000,0.0000,9.0000,12.0000,8.0000,5.0000
0.9700,0.2460,0.1860,0.1180,0.0530,0.0000,0.0000,0.5380,1.0000,0.0000,0.0000,0.0000,0.0000,0.0000,0.0000,66.9465,0.0000,3398.0000,1131.0000,0.0000,9.0000,12.0000,8.0000,5.0000
0.9390,0.2730,0.1770,0.1310,0.0500,0.0000,0.0000,0.4890,1.0000,0.0000,0.0000,0.0000,0.0000,0.0000,0.0000,66.9465,0.0000,3398.0000,1131.0000,0.0000,9.0000,12.0000,8.0000,5.0000
1.0340,0.2380,0.2240,0.1160,0.0830,0.0000,0.0000,0.5720,1.0000,0.0000,0.0000,0.0000,0.0000,0.0000,0.0000,66.9567,0.0000,3399.0000,1131.0000,0.0000,9.0000,12.0000,8.0000,5.0000
1.0340,0.2830,0.2070,0.1160,0.0780,0.0000,0.0000,0.5440,1.0000,0.0000,0.0000,0.0000,0.0000,0.0000,0.0000,66.9670,0.0000,3400.0000,1131.0000,0.0000,9.0000,12.0000,8.0000,4.0000
1.0570,0.2850,0.1870,0.1170,0.0550,0.0000,0.0000,0.5850,1.0000,0.0000,0.0000,0.0000,0.0000,0.0000,0.0000,66.9671,0.0000,3400.0000,1131.0000,0.0000,9.0000,12.0000,8.0000,4.0000
1.0130,0.2760,0.1910,0.1490,0.0540,0.0000,0.0000,0.5460,1.0000,0.0000,0.0000,0.0000,0.0000,0.0000,0.0000,66.9671,0.0000,3400.0000,1131.0000,0.0000,9.0000,12.0000,8.0000,4.0000
0.9710,0.3010,0.1850,0.1830,0.0540,0.0000,0.0000,0.4850,1.0000,0.0000,0.0000,0.0000,0.0000,0.0000,0.0000,66.9671,0.0000,3400.0000,1131.0000,0.0000,9.0000,12.0000,8.0000,4.0000
1.0310,0.2660,0.1780,0.1530,0.0510,0.0000,0.0000,0.5870,1.0000,0.0000,0.0000,0.0000,0.0000,0.0000,0.0000,66.9671,0.0000,3400.0000,1131.0000,0.0000,9.0000,12.0000,8.0000,4.0000
1.0250,0.2540,0.1890,0.1170,0.0550,0.0000,0.0000,0.5820,1.0000,0.0000,0.0000,0.0000,0.0000,0.0000,0.0000,66.9671,0.0000,3400.0000,1131.0000,0.0000,9.0000,12.0000,8.0000,4.0000
1.0840,0.3060,0.2230,0.1750,0.0920,0.0000,0.0000,0.5550,1.0000,0.0000,0.0000,0.0000,0.0000,0.0000,0.0000,66.9869,0.0000,3402.0000,1131.0000,0.0000,9.0000,12.0000,8.0000,4.0000
0.9270,0.3540,0.1840,0.1200,0.0520,0.0000,0.0000,0.3890,1.0000,0.0000,0.0000,0.0000,0.0000,0.0000,0.0000,66.9869,0.0000,3402.0000,1131.0000,0.0000,9.0000,12.0000,8.0000,4.0000
0.9850,0.2630,0.1770,0.1180,0.0510,0.0000,0.0000,0.5450,1.0000,0.0000,0.0000,0.0000,0.0000,0.0000,0.0000,66.9870,0.0000,3402.0000,1131.0000,0.0000,9.0000,12.0000,8.0000,4.0000
0.9370,0.2840,0.1810,0.1700,0.0510,0.0000,0.0000,0.4720,1.0000,0.0000,0.0000,0.0000,0.0000,0.0000,0.0000,66.9870,0.0000,3402.0000,1131.0000,0.0000,9.0000,12.0000,8.0000,4.0000
0.9130,0.2690,0.1810,0.1570,0.0520,0.0000,0.0000,0.4630,1.0000,0.0000,0.0000,0.0000,0.0000,0.0000,0.0000,66.9870,0.0000,3402.0000,1131.0000,0.0000,9.0000,12.0000,8.0000,4.0000
0.9730,0.2460,0.2000,0.1150,0.0550,0.0000,0.0000,0.5270,1.0000,0.0000,0.0000,0.0000,0.0000,0.0000,0.0000,66.9870,0.0000,3402.0000,1131.0000,0.0000,9.0000,12.0000,8.0000,4.0000
1.0490,0.2700,0.2160,0.1160,0.0840,0.0000,0.0000,0.5630,1.0000,0.0000,0.0000,0.0000,0.0000,0.0000,0.0000,66.9973,0.0000,3403.0000,1131.0000,0.0000,9.0000,12.0000,8.0000,4.0000
0.9830,0.2880,0.2050,0.1180,0.0690,0.0000,0.0000,0.4900,1.0000,0.0000,0.0000,0.0000,0.0000,0.0000,0.0000,66.9973,0.0000,3403.0000,1131.0000,0.0000,9.0000,12.0000,8.0000,4.0000
0.9400,0.2570,0.1830,0.1280,0.0510,0.0000,0.0000,0.5000,1.0000,0.0000,0.0000,0.0000,0.0000,0.0000,0.0000,66.9973,0.0000,3403.0000,1131.0000,0.0000,9.0000,12.0000,8.0000,4.0000
0.9290,0.2610,0.1900,0.1180,0.0530,0.0000,0.0000,0.4780,1.0000,0.0000,0.0000,0.0000,0.0000,0.0000,0.0000,66.9973,0.0000,3403.0000,1131.0000,0.0000,9.0000,12.0000,8.0000,3.0000
0.9930,0.2410,0.1860,0.1290,0.0550,0.0000,0.0000,0.5660,1.0000,0.0000,0.0000,0.0000,0.0000,0.0000,0.0000,66.7212,0.0000,3376.0000,1131.0000,0.0000,9.0000,12.0000,8.0000,3.0000
0.9650,0.2720,0.2260,0.1590,0.0550,0.0000,0.0000,0.4670,1.0000,0.0000,0.0000,0.0000,0.0000,0.0000,0.0000,66.7212,0.0000,3376.0000,1131.0000,0.0000,9.0000,12.0000,8.0000,3.0000
1.0370,0.2410,0.2200,0.1290,0.0920,0.0000,0.0000,0.5760,1.0000,0.0000,0.0000,0.0000,0.0000,0.0000,0.0000,66.7414,0.0000,3378.0000,1131.0000,0.0000,9.0000,12.0000,8.0000,3.0000
0.8780,0.3170,0.1830,0.1310,0.0510,0.0000,0.0000,0.3780,1.0000,0.0000,0.0000,0.0000,0.0000,0.0000,0.0000,66.7414,0.0000,3378.0000,1131.0000,0.0000,9.0000,12.0000,8.0000,3.0000
0.9350,0.2220,0.2010,0.1120,0.0570,0.0000,0.0000,0.5120,1.0000,0.0000,0.0000,0.0000,0.0000,0.0000,0.0000,66.7408,0.0000,3378.0000,1131.0000,0.0000,9.0000,11.0000,8.0000,3.0000
0.9880,0.2190,0.2440,0.1120,0.0900,0.0000,0.0000,0.5250,1.0000,0.0000,0.0000,0.0000,0.0000,0.0000,0.0000,66.7408,0.0000,3378.0000,1131.0000,0.0000,9.0000,11.0000,8.0000,3.0000
1.0330,0.2320,0.2480,0.1140,0.0960,0.0000,0.0000,0.5530,1.0000,0.0000,0.0000,0.0000,0.0000,0.0000,0.0000,66.7518,0.0000,3379.0000,1131.0000,0.0000,9.0000,12.0000,8.0000,3.0000
0.9130,0.2700,0.2110,0.1150,0.0530,0.0000,0.0000,0.4320,1.0000,0.0000,0.0000,0.0000,0.0000,0.0000,0.0000,66.7518,0.0000,3379.0000,1131.0000,0.0000,9.0000,12.0000,8.0000,3.0000
1.0020,0.2240,0.2030,0.1120,0.0530,0.0000,0.0000,0.5750,1.0000,0.0000,0.0000,0.0000,0.0000,0.0000,0.0000,66.7519,0.0000,3379.0000,1131.0000,0.0000,9.0000,12.0000,8.0000,3.0000
0.9810,0.2310,0.2130,0.1230,0.0540,0.0000,0.0000,0.5370,1.0000,0.0000,0.0000,0.0000,0.0000,0.0000,0.0000,66.7512,0.0000,3379.0000,1131.0000,0.0000,9.0000,11.0000,8.0000,3.0000
0.9000,0.2340,0.2070,0.1170,0.0800,0.0000,0.0000,0.4590,1.0000,0.0000,0.0000,0.0000,0.0000,0.0000,0.0000,66.7512,0.0000,3379.0000,1131.0000,0.0000,9.0000,11.0000,8.0000,3.0000
0.9040,0.2220,0.1790,0.1130,0.0520,0.0000,0.0000,0.5030,1.0000,0.0000,0.0000,0.0000,0.0000,0.0000,0.0000,66.7519,0.0000,3379.0000,1131.0000,0.0000,9.0000,12.0000,8.0000,3.0000
0.9010,0.2230,0.1840,0.1140,0.0520,0.0000,0.0000,0.4940,1.0000,0.0000,0.0000,0.0000,0.0000,0.0000,0.0000,66.7519,0.0000,3379.0000,1131.0000,0.0000,9.0000,12.0000,8.0000,3.0000
0.9620,0.2240,0.1710,0.1120,0.0500,0.0000,0.0000,0.5670,1.0000,0.0000,0.0000,0.0000,0.0000,0.0000,0.0000,66.7519,0.0000,3379.0000,1131.0000,0.0000,9.0000,12.0000,8.0000,3.0000
0.9100,0.3180,0.1770,0.1710,0.0520,0.0000,0.0000,0.4150,1.0000,0.0000,0.0000,0.0000,0.0000,0.0000,0.0000,66.7512,0.0000,3379.0000,1131.0000,0.0000,9.0000,11.0000,8.0000,3.0000
0.9580,0.2710,0.1910,0.1250,0.0520,0.0000,0.0000,0.4960,1.0000,0.0000,0.0000,0.0000,0.0000,0.0000,0.0000,66.7512,0.0000,3379.0000,1131.0000,0.0000,9.0000,11.0000,8.0000,3.0000
0.9350,0.2780,0.1750,0.1650,0.0500,0.0000,0.0000,0.4820,1.0000,0.0000,0.0000,0.0000,0.0000,0.0000,0.0000,66.7519,0.0000,3379.0000,1131.0000,0.0000,9.0000,12.0000,8.0000,3.0000
1.5940,0.2210,0.1720,0.1110,0.0500,0.0000,0.0000,1.2010,1.0000,0.0000,0.0000,0.0000,0.0000,0.0000,0.0000,66.7519,0.0000,3379.0000,1131.0000,0.0000,9.0000,12.0000,8.0000,3.0000
1.0930,0.7110,0.2500,0.1580,0.0600,0.0000,0.0000,0.1320,1.0000,0.0000,0.0000,0.0000,0.0000,0.0000,0.0000,66.7519,0.0000,3379.0000,1131.0000,0.0000,9.0000,12.0000,8.0000,3.0000
1.3280,0.2480,0.2980,0.1170,0.1060,0.0000,0.0000,0.7820,1.0000,0.0000,0.0000,0.0000,0.0000,0.0000,0.0000,66.7714,0.0000,3381.0000,1131.0000,0.0000,9.0000,11.0000,8.0000,3.0000
1.2510,0.3430,0.2280,0.1250,0.0840,0.0000,0.0000,0.6800,1.0000,0.0000,0.0000,0.0000,0.0000,0.0000,0.0000,66.7812,0.0000,3382.0000,1131.0000,0.0000,9.0000,11.0000,8.0000,3.0000
1.2330,0.4470,0.2260,0.2280,0.0690,0.0000,0.0000,0.5600,1.0000,0.0000,0.0000,0.0000,0.0000,0.0000,0.0000,66.7820,0.0000,3382.0000,1131.0000,0.0000,9.0000,12.0000,8.0000,3.0000
1.0370,0.2740,0.2450,0.1470,0.0930,0.0000,0.0000,0.5180,1.0000,0.0000,0.0000,0.0000,0.0000,0.0000,0.0000,66.7821,0.0000,3382.0000,1131.0000,0.0000,9.0000,12.0000,8.0000,3.0000
0.9720,0.2630,0.2380,0.1300,0.0570,0.0000,0.0000,0.4710,1.0000,0.0000,0.0000,0.0000,0.0000,0.0000,0.0000,66.7821,0.0000,3382.0000,1131.0000,0.0000,9.0000,12.0000,8.0000,3.0000
1.0900,0.2300,0.2310,0.1140,0.0550,0.0000,0.0000,0.6290,1.0000,0.0000,0.0000,0.0000,0.0000,0.0000,0.0000,66.7821,0.0000,3382.0000,1131.0000,0.0000,9.0000,12.0000,8.0000,3.0000
0.9970,0.2610,0.2300,0.1240,0.0560,0.0000,0.0000,0.5060,1.0000,0.0000,0.0000,0.0000,0.0000,0.0000,0.0000,66.7821,0.0000,3382.0000,1131.0000,0.0000,9.0000,12.0000,8.0000,3.0000
1.0370,0.2320,0.2520,0.1140,0.0660,0.0000,0.0000,0.5530,1.0000,4.0330,203.9790,1.5650,0.0000,0.0000,0.0000,66.7821,0.0000,3382.0000,1131.0000,0.0000,9.0000,12.0000,8.0000,3.0000
0.9700,0.2440,0.2300,0.1180,0.0550,0.0000,0.0000,0.4960,1.0000,4.0330,203.9790,1.5650,0.0000,0.0000,0.0000,66.7821,0.0000,3382.0000,1131.0000,0.0000,9.0000,12.0000,8.0000,3.0000
1.0170,0.2250,0.2590,0.1120,0.0930,0.0000,0.0000,0.5330,1.0000,4.0330,203.9790,1.5650,0.0000,0.0000,0.0000,66.7821,0.0000,3382.0000,1131.0000,0.0000,9.0000,12.0000,8.0000,3.0000
1.1210,0.2460,0.2460,0.1200,0.0840,0.0000,0.0000,0.6290,1.0000,4.0330,203.9790,1.5650,0.0000,0.0000,0.0000,66.7923,0.0000,3383.0000,1131.0000,0.0000,9.0000,12.0000,8.0000,3.0000
0.9950,0.2630,0.1930,0.1110,0.0520,0.0000,0.0000,0.5390,1.0000,4.0330,203.9790,1.5650,0.0000,0.0000,0.0000,66.7923,0.0000,3383.0000,1131.0000,0.0000,9.0000,12.0000,8.0000,3.0000
0.9300,0.2500,0.1930,0.1300,0.0540,0.0000,0.0000,0.4870,1.0000,4.0330,203.9790,1.5650,0.0000,0.0000,0.0000,66.7924,0.0000,3383.0000,1131.0000,0.0000,9.0000,12.0000,8.0000,3.0000
1.4540,0.2170,0.5010,0.1090,0.3250,0.0000,0.0000,0.7360,1.0000,4.0330,203.9790,1.5650,0.0000,0.0000,0.0000,66.8107,0.0000,3385.0000,1131.0000,0.0000,9.0000,12.0000,8.0000,3.0000
1.0810,0.3630,0.2020,0.1740,0.0520,0.0000,0.0000,0.5160,1.0000,4.0330,203.9790,1.5650,0.0000,0.0000,0.0000,66.8107,0.0000,3385.0000,1131.0000,0.0000,9.0000,12.0000,8.0000,3.0000
1.0550,0.2840,0.1990,0.1640,0.0560,0.0000,0.0000,0.5720,1.0000,4.0330,203.9790,1.5650,0.0000,0.0000,0.0000,66.8108,0.0000,3385.0000,1131.0000,0.0000,9.0000,12.0000,8.0000,3.0000
1.1070,0.2740,0.1770,0.1170,0.0510,0.0000,0.0000,0.6560,1.0000,4.0330,203.9790,1.5650,0.0000,0.0000,0.0000,66.8108,0.0000,3385.0000,1131.0000,0.0000,9.0000,12.0000,8.0000,3.0000
1.0800,0.3930,0.2150,0.1310,0.0550,0.0000,0.0000,0.4720,1.0000,4.0330,203.9790,1.5650,0.0000,0.0000,0.0000,66.8108,0.0000,3385.0000,1131.0000,0.0000,9.0000,12.0000,8.0000,3.0000
1.0160,0.2480,0.2470,0.1180,0.0880,0.0000,0.0000,0.5210,1.0000,4.0330,203.9790,1.5650,0.0000,0.0000,0.0000,66.8108,0.0000,3385.0000,1131.0000,0.0000,9.0000,12.0000,8.0000,3.0000
1.0980,0.2380,0.2500,0.1180,0.1170,0.0000,0.0000,0.6100,1.0000,4.0330,203.9790,1.5650,0.0000,0.0000,0.0000,66.8215,0.0000,3386.0000,1131.0000,0.0000,9.0000,12.0000,8.0000,3.0000
1.0610,0.2780,0.2360,0.1150,0.0570,0.0000,0.0000,0.5470,1.0000,4.0330,203.9790,1.5650,0.0000,0.0000,0.0000,66.8215,0.0000,3386.0000,1131.0000,0.0000,9.0000,12.0000,8.0000,3.0000
1.0110,0.2410,0.2110,0.1190,0.0530,0.0000,0.0000,0.5590,1.0000,4.0330,203.9790,1.5650,0.0000,0.0000,0.0000,66.8215,0.0000,3386.0000,1131.0000,0.0000,9.0000,12.0000,8.0000,3.0000
0.9810,0.2310,0.2280,0.1140,0.0560,0.0000,0.0000,0.5220,1.0000,4.0330,203.9790,1.5650,0.0000,0.0000,0.0000,66.8215,0.0000,3386.0000,1131.0000,0.0000,9.0000,12.0000,8.0000,3.0000
1.0450,0.2320,0.2380,0.1150,0.0840,0.0000,0.0000,0.5750,1.0000,4.0330,203.9790,1.5650,0.0000,0.0000,0.0000,66.8318,0.0000,3387.0000,1131.0000,0.0000,9.0000,12.0000,8.0000,3.0000
0.9630,0.2710,0.2450,0.1160,0.0580,0.0000,0.0000,0.4470,1.0000,4.0330,203.9790,1.5650,0.0000,0.0000,0.0000,66.8318,0.0000,3387.0000,1131.0000,0.0000,9.0000,12.0000,8.0000,3.0000
1.0020,0.2320,0.2270,0.1160,0.0660,0.0000,0.0000,0.5430,1.0000,4.0330,203.9790,1.5650,0.0000,0.0000,0.0000,66.8319,0.0000,3387.0000,1131.0000,0.0000,9.0000,12.0000,8.0000,3.0000
0.9930,0.2320,0.2100,0.1160,0.0520,0.0000,0.0000,0.5510,1.0000,4.0330,203.9790,1.5650,0.0000,0.0000,0.0000,66.8320,0.0000,3387.0000,1131.0000,0.0000,9.0000,12.0000,8.0000,4.0000
0.9250,0.2770,0.2150,0.1660,0.0570,0.0000,0.0000,0.4330,1.0000,4.0330,203.9790,1.5650,0.0000,0.0000,0.0000,66.8320,0.0000,3387.0000,1131.0000,0.0000,9.0000,12.0000,8.0000,4.0000
1.0610,0.2250,0.2180,0.1150,0.0630,0.0000,0.0000,0.6180,1.0000,4.0330,203.9790,1.5650,0.0000,0.0000,0.0000,66.8320,0.0000,3387.0000,1131.0000,0.0000,9.0000,12.0000,8.0000,4.0000
1.0050,0.2580,0.2270,0.1250,0.0580,0.0000,0.0000,0.5200,1.0000,4.0330,203.9790,1.5650,0.0000,0.0000,0.0000,66.8327,0.0000,3387.0000,1131.0000,0.0000,9.0000,13.0000,8.0000,4.0000
0.9240,0.2620,0.2130,0.1200,0.0540,0.0000,0.0000,0.4490,1.0000,4.0330,203.9790,1.5650,0.0000,0.0000,0.0000,66.8327,0.0000,3387.0000,1131.0000,0.0000,9.0000,13.0000,8.0000,4.0000
0.9040,0.2270,0.2050,0.1140,0.0800,0.0000,0.0000,0.4720,1.0000,4.0330,203.9790,1.5650,0.0000,0.0000,0.0000,66.8327,0.0000,3387.0000,1131.0000,0.0000,9.0000,13.0000,8.0000,4.0000
1.0500,0.2250,0.1880,0.1120,0.0500,0.0000,0.0000,0.6370,1.0000,4.0330,203.9790,1.5650,0.0000,0.0000,0.0000,66.8327,0.0000,3387.0000,1131.0000,0.0000,9.0000,13.0000,8.0000,4.0000
1.1840,0.2360,0.2630,0.1160,0.1290,0.0000,0.0000,0.6850,1.0000,4.0330,203.9790,1.5650,0.0000,0.0000,0.0000,66.8529,0.0000,3389.0000,1131.0000,0.0000,9.0000,13.0000,8.0000,4.0000
0.9470,0.3310,0.1950,0.1390,0.0550,0.0000,0.0000,0.4210,1.0000,4.0330,203.9790,1.5650,0.0000,0.0000,0.0000,66.8529,0.0000,3389.0000,1131.0000,0.0000,9.0000,13.0000,8.0000,4.0000
0.9320,0.2270,0.2050,0.1140,0.0520,0.0000,0.0000,0.5000,1.0000,4.0330,203.9790,1.5650,0.0000,0.0000,0.0000,66.8530,0.0000,3389.0000,1131.0000,0.0000,9.0000,13.0000,8.0000,4.0000
0.9960,0.2240,0.2040,0.1130,0.0530,0.0000,0.0000,0.5680,1.0000,4.0330,203.9790,1.5650,0.0000,0.0000,0.0000,66.8530,0.0000,3389.0000,1131.0000,0.0000,9.0000,13.0000,8.0000,4.0000
1.0010,0.2360,0.2390,0.1180,0.0850,0.0000,0.0000,0.5260,1.0000,4.0330,203.9790,1.5650,0.0000,0.0000,0.0000,66.8633,0.0000,3390.0000,1131.0000,0.0000,9.0000,13.0000,8.0000,4.0000
0.9070,0.2680,0.2050,0.1140,0.0540,0.0000,0.0000,0.4340,1.0000,4.0330,203.9790,1.5650,0.0000,0.0000,0.0000,66.8633,0.0000,3390.0000,1131.0000,0.0000,9.0000,13.0000,8.0000,4.0000
1.0260,0.2250,0.2460,0.1140,0.1090,0.0000,0.0000,0.5550,1.0000,4.0330,203.9790,1.5650,0.0000,0.0000,0.0000,66.8736,0.0000,3391.0000,1131.0000,0.0000,9.0000,13.0000,8.0000,4.0000
1.0030,0.2730,0.2210,0.1160,0.0870,0.0000,0.0000,0.5090,1.0000,4.0330,203.9790,1.5650,0.0000,0.0000,0.0000,66.8736,0.0000,3391.0000,1131.0000,0.0000,9.0000,13.0000,8.0000,3.0000
0.9620,0.2390,0.2190,0.1210,0.0890,0.0000,0.0000,0.5040,1.0000,4.0330,203.9790,1.5650,0.0000,0.0000,0.0000,66.8737,0.0000,3391.0000,1131.0000,0.0000,9.0000,13.0000,8.0000,3.0000
0.9810,0.2500,0.1940,0.1320,0.0510,0.0000,0.0000,0.5370,1.0000,4.0330,203.9790,1.5650,0.0000,0.0000,0.0000,66.8737,0.0000,3391.0000,1131.0000,0.0000,9.0000,13.0000,8.0000,3.0000
1.0330,0.2260,0.1910,0.1110,0.0520,0.0000,0.0000,0.6160,1.0000,4.0330,203.9790,1.5650,0.0000,0.0000,0.0000,66.8737,0.0000,3391.0000,1131.0000,0.0000,9.0000,13.0000,8.0000,3.0000
1.1370,0.2250,0.2720,0.1120,0.1060,0.0000,0.0000,0.6400,1.0000,4.0330,203.9790,1.5650,0.0000,0.0000,0.0000,66.8737,0.0000,3391.0000,1131.0000,0.0000,9.0000,13.0000,8.0000,3.0000
1.0790,0.2510,0.2320,0.1200,0.0610,0.0000,0.0000,0.5960,1.0000,4.0330,203.9790,1.5650,0.0000,0.0000,0.0000,66.8737,0.0000,3391.0000,1131.0000,0.0000,9.0000,13.0000,8.0000,3.0000
0.9530,0.2640,0.2000,0.1250,0.0590,0.0000,0.0000,0.4890,1.0000,4.0330,203.9790,1.5650,0.0000,0.0000,0.0000,66.8737,0.0000,3391.0000,1131.0000,0.0000,9.0000,13.0000,8.0000,3.0000
1.2070,0.2240,0.2650,0.1110,0.0640,0.0000,0.0000,0.7180,1.0000,4.0330,203.9790,1.5650,0.0000,0.0000,0.0000,66.8768,0.0000,3392.0000,1131.0000,0.0000,9.0000,13.0000,8.0000,3.0000
1.2420,0.3300,0.2120,0.1960,0.0550,0.0000,0.0000,0.7000,1.0000,4.0330,203.9790,1.5650,0.0000,0.0000,0.0000,66.8752,0.0000,3392.0000,1131.0000,0.0000,9.0000,13.0000,8.0000,4.0000
1.3360,0.3550,0.2840,0.2320,0.1290,0.0000,0.0000,0.6970,1.0000,4.0330,203.9790,1.5650,0.0000,0.0000,0.0000,66.9135,0.0000,3401.0000,1131.0000,0.0000,9.0000,13.0000,8.0000,4.0000
1.2320,0.4410,0.2430,0.1250,0.0590,0.0000,0.0000,0.5480,1.0000,4.0330,203.9790,1.5650,0.0000,0.0000,0.0000,66.9252,0.0000,3402.0000,1131.0000,0.0000,9.0000,13.0000,8.0000,4.0000
1.1010,0.2940,0.2600,0.1200,0.0620,0.0000,0.0000,0.5470,1.0000,4.0330,203.9790,1.5650,0.0000,0.0000,0.0000,66.9253,0.0000,3402.0000,1131.0000,0.0000,9.0000,13.0000,8.0000,4.0000
0.9890,0.2540,0.1950,0.1210,0.0550,0.0000,0.0000,0.5400,1.0000,4.0330,203.9790,1.5650,0.0000,0.0000,0.0000,66.9254,0.0000,3402.0000,1131.0000,0.0000,9.0000,13.0000,8.0000,4.0000
0.9920,0.2360,0.1900,0.1180,0.0550,0.0000,0.0000,0.5660,1.0000,4.0330,203.9790,1.5650,0.0000,0.0000,0.0000,66.9254,0.0000,3402.0000,1131.0000,0.0000,9.0000,13.0000,8.0000,4.0000
0.9720,0.2390,0.1910,0.1180,0.0550,0.0000,0.0000,0.5420,1.0000,4.0330,203.9790,1.5650,0.0000,0.0000,0.0000,66.9261,0.0000,3402.0000,1131.0000,0.0000,9.0000,14.0000,8.0000,4.0000
1.0380,0.2360,0.2280,0.1170,0.0600,0.0000,0.0000,0.5740,1.0000,4.0330,203.9790,1.5650,0.0000,0.0000,0.0000,66.9261,0.0000,3402.0000,1131.0000,0.0000,9.0000,14.0000,8.0000,4.0000
1.1850,0.2450,0.2370,0.1220,0.1020,0.0000,0.0000,0.7030,1.0000,4.0330,203.9790,1.5650,0.0000,0.0000,0.0000,66.9561,0.0000,3405.0000,1131.0000,0.0000,9.0000,14.0000,8.0000,3.0000
1.0500,0.3790,0.2040,0.1380,0.0600,0.0000,0.0000,0.4670,1.0000,4.0330,203.9790,1.5650,0.0000,0.0000,0.0000,66.9561,0.0000,3405.0000,1131.0000,0.0000,9.0000,14.0000,8.0000,3.0000
1.0380,0.2600,0.1930,0.1220,0.0570,0.0000,0.0000,0.5850,1.0000,4.0330,203.9790,1.5650,0.0000,0.0000,0.0000,66.9570,0.0000,3405.0000,1131.0000,0.0000,9.0000,15.0000,8.0000,3.0000
1.2160,0.2830,0.2440,0.1210,0.1060,0.0000,0.0000,0.6890,1.0000,4.0330,203.9790,1.5650,0.0000,0.0000,0.0000,66.9875,0.0000,3408.0000,1131.0000,0.0000,9.0000,15.0000,8.0000,3.0000
1.0200,0.4110,0.1950,0.1250,0.0570,0.0000,0.0000,0.4140,1.0000,4.0330,203.9790,1.5650,0.0000,0.0000,0.0000,66.9875,0.0000,3408.0000,1131.0000,0.0000,9.0000,15.0000,8.0000,3.0000
1.1230,0.2810,0.1920,0.1190,0.0550,0.0000,0.0000,0.6500,1.0000,4.0330,203.9790,1.5650,0.0000,0.0000,0.0000,66.9876,0.0000,3408.0000,1131.0000,0.0000,9.0000,15.0000,8.0000,3.0000
1.1870,0.2740,0.2000,0.1190,0.0560,0.0000,0.0000,0.7130,1.0000,4.0330,203.9790,1.5650,0.0000,0.0000,0.0000,66.9876,0.0000,3408.0000,1131.0000,0.0000,9.0000,15.0000,8.0000,3.0000
1.0630,0.3330,0.2260,0.1290,0.0570,0.0000,0.0000,0.5040,1.0000,4.0330,203.9790,1.5650,0.0000,0.0000,0.0000,66.9876,0.0000,3408.0000,1131.0000,0.0000,9.0000,15.0000,8.0000,3.0000
1.1200,0.2630,0.2200,0.1230,0.0550,0.0000,0.0000,0.6370,1.0000,4.0330,203.9790,1.5650,0.0000,0.0000,0.0000,66.9876,0.0000,3408.0000,1131.0000,0.0000,9.0000,15.0000,8.0000,3.0000
0.9840,0.2460,0.1920,0.1280,0.0550,0.0000,0.0000,0.5460,1.0000,4.0330,203.9790,1.5650,0.0000,0.0000,0.0000,66.9876,0.0000,3408.0000,1131.0000,0.0000,9.0000,15.0000,8.0000,3.0000
1.0610,0.2350,0.2210,0.1160,0.0560,0.0000,0.0000,0.6050,1.0000,4.0330,203.9790,1.5650,0.0000,0.0000,0.0000,66.9876,0.0000,3408.0000,1131.0000,0.0000,9.0000,15.0000,8.0000,3.0000
0.9690,0.2360,0.1860,0.1150,0.0530,0.0000,0.0000,0.5470,1.0000,4.0330,203.9790,1.5650,0.0000,0.0000,0.0000,66.9883,0.0000,3408.0000,1131.0000,0.0000,9.0000,16.0000,8.0000,3.0000
0.9140,0.2450,0.1860,0.1270,0.0530,0.0000,0.0000,0.4830,1.0000,4.0330,203.9790,1.5650,0.0000,0.0000,0.0000,66.9883,0.0000,3408.0000,1131.0000,0.0000,9.0000,16.0000,8.0000,3.0000
0.9280,0.2300,0.2050,0.1150,0.0520,0.0000,0.0000,0.4930,1.0000,4.0330,203.9790,1.5650,0.0000,0.0000,0.0000,66.9883,0.0000,3408.0000,1131.0000,0.0000,9.0000,16.0000,8.0000,3.0000
1.7170,0.2280,0.2060,0.1130,0.0530,0.0000,0.0000,1.2830,1.0000,4.0330,203.9790,1.5650,0.0000,0.0000,0.0000,66.9849,0.0000,3402.0000,1131.0000,0.0000,9.0000,16.0000,8.0000,3.0000
1.1200,0.3050,0.2350,0.1330,0.0590,0.0000,0.0000,0.5800,1.0000,4.0330,203.9790,1.5650,0.0000,0.0000,0.0000,66.6910,0.0000,3373.0000,1131.0000,0.0000,9.0000,16.0000,8.0000,3.0000
1.1100,0.2710,0.2160,0.1280,0.0570,0.0000,0.0000,0.6230,1.0000,4.0330,203.9790,1.5650,0.0000,0.0000,0.0000,66.6908,0.0000,3373.0000,1131.0000,0.0000,9.0000,16.0000,8.0000,3.0000
1.2050,0.2810,0.3140,0.1570,0.1060,0.0000,0.0000,0.6100,1.0000,4.0330,203.9790,1.5650,0.0000,0.0000,0.0000,66.6908,0.0000,3373.0000,1131.0000,0.0000,9.0000,16.0000,8.0000,3.0000
1.0900,0.2690,0.2350,0.1300,0.0880,0.0000,0.0000,0.5860,1.0000,4.0330,203.9790,1.5650,0.0000,0.0000,0.0000,66.7011,0.0000,3374.0000,1131.0000,0.0000,9.0000,16.0000,8.0000,2.0000
1.1660,0.2880,0.2020,0.1340,0.0580,0.0000,0.0000,0.6760,1.0000,4.0330,203.9790,1.5650,0.0000,0.0000,0.0000,66.7011,0.0000,3374.0000,1131.0000,0.0000,9.0000,16.0000,8.0000,3.0000
1.1560,0.3710,0.2060,0.2390,0.0640,0.0000,0.0000,0.5790,1.0000,4.0330,203.9790,1.5650,0.0000,0.0000,0.0000,66.6998,0.0000,3373.0000,1131.0000,0.0000,9.0000,16.0000,8.0000,4.0000
1.5940,0.3580,0.4960,0.2230,0.3520,0.0000,0.0000,0.7400,1.0000,4.0330,203.9790,1.5650,0.0000,0.0000,0.0000,66.7241,0.0000,3376.0000,1131.0000,0.0000,9.0000,16.0000,8.0000,4.0000
1.1720,0.3470,0.2130,0.1320,0.0620,0.0000,0.0000,0.6120,1.0000,4.0330,203.9790,1.5650,0.0000,0.0000,0.0000,66.7241,0.0000,3376.0000,1131.0000,0.0000,9.0000,16.0000,8.0000,4.0000
1.2830,0.2450,0.1920,0.1230,0.0560,0.0000,0.0000,0.8460,1.0000,4.0330,203.9790,1.5650,0.0000,0.0000,0.0000,66.7242,0.0000,3376.0000,1131.0000,0.0000,9.0000,16.0000,8.0000,4.0000
1.4840,0.2500,0.5800,0.1330,0.4080,0.0000,0.0000,0.6540,1.0000,4.0330,203.9790,1.5650,0.0000,0.0000,0.0000,66.7242,0.0000,3376.0000,1131.0000,0.0000,9.0000,16.0000,8.0000,4.0000
1.1390,0.2590,0.2350,0.1270,0.0670,0.0000,0.0000,0.6450,1.0000,4.0330,203.9790,1.5650,0.0000,0.0000,0.0000,66.7242,0.0000,3376.0000,1131.0000,0.0000,9.0000,16.0000,8.0000,4.0000
1.1180,0.2470,0.2160,0.1260,0.0590,0.0000,0.0000,0.6550,1.0000,4.0330,203.9790,1.5650,0.0000,0.0000,0.0000,66.7242,0.0000,3376.0000,1131.0000,0.0000,9.0000,16.0000,8.0000,4.0000
1.1340,0.2590,0.2210,0.1400,0.0630,0.0000,0.0000,0.6540,1.0000,4.0330,203.9790,1.5650,0.0000,0.0000,0.0000,66.7242,0.0000,3376.0000,1131.0000,0.0000,9.0000,16.0000,8.0000,4.0000
1.2060,0.2610,0.2490,0.1270,0.0640,0.0000,0.0000,0.6960,1.0000,4.0330,203.9790,1.5650,0.0000,0.0000,0.0000,66.7242,0.0000,3376.0000,1131.0000,0.0000,9.0000,16.0000,8.0000,4.0000
1.0960,0.3290,0.2240,0.1350,0.0730,0.0000,0.0000,0.5430,1.0000,4.0330,203.9790,1.5650,0.0000,0.0000,0.0000,66.7242,0.0000,3376.0000,1131.0000,0.0000,9.0000,16.0000,8.0000,4.0000
1.1250,0.2600,0.2150,0.1320,0.0600,0.0000,0.0000,0.6500,1.0000,4.0330,203.9790,1.5650,0.0000,0.0000,0.0000,66.7241,0.0000,3376.0000,1131.0000,0.0000,9.0000,16.0000,8.0000,4.0000
1.1160,0.2650,0.2460,0.1330,0.1030,0.0000,0.0000,0.6050,1.0000,4.0330,203.9790,1.5650,0.0000,0.0000,0.0000,66.7240,0.0000,3376.0000,1131.0000,0.0000,9.0000,16.0000,8.0000,4.0000
1.1660,0.2470,0.2480,0.1260,0.0620,0.0000,0.0000,0.6710,1.0000,4.0330,203.9790,1.5650,0.0000,0.0000,0.0000,66.7240,0.0000,3376.0000,1131.0000,0.0000,9.0000,16.0000,8.0000,4.0000
1.2640,0.2560,0.2120,0.1270,0.0630,0.0000,0.0000,0.7960,1.0000,4.0330,203.9790,1.5650,0.0000,0.0000,0.0000,66.7240,0.0000,3376.0000,1131.0000,0.0000,9.0000,16.0000,8.0000,4.0000
1.1520,0.3300,0.2140,0.1910,0.0590,0.0000,0.0000,0.6080,1.0000,4.0330,203.9790,1.5650,0.0000,0.0000,0.0000,66.7240,0.0000,3376.0000,1131.0000,0.0000,9.0000,16.0000,8.0000,4.0000
1.2330,0.2950,0.2240,0.1770,0.0870,0.0000,0.0000,0.7140,1.0000,4.0330,203.9790,1.5650,0.0000,0.0000,0.0000,66.7343,0.0000,3377.0000,1131.0000,0.0000,9.0000,16.0000,8.0000,4.0000
1.2240,0.3080,0.2160,0.1310,0.0590,0.0000,0.0000,0.7000,1.0000,4.0330,203.9790,1.5650,0.0000,0.0000,0.0000,66.7344,0.0000,3377.0000,1131.0000,0.0000,9.0000,16.0000,8.0000,4.0000
1.2340,0.2530,0.2900,0.1280,0.1110,0.0000,0.0000,0.6910,1.0000,4.0330,203.9790,1.5650,0.0000,0.0000,0.0000,66.7448,0.0000,3378.0000,1131.0000,0.0000,9.0000,16.0000,8.0000,4.0000
0.9980,0.2980,0.1940,0.1380,0.0530,0.0000,0.0000,0.5060,1.0000,4.0330,203.9790,1.5650,0.0000,0.0000,0.0000,66.7449,0.0000,3378.0000,1131.0000,0.0000,9.0000,16.0000,8.0000,4.0000
1.0660,0.2500,0.2150,0.1350,0.0820,0.0000,0.0000,0.6010,1.0000,4.0330,203.9790,1.5650,0.0000,0.0000,0.0000,66.7552,0.0000,3379.0000,1131.0000,0.0000,9.0000,16.0000,8.0000,4.0000
0.9970,0.2910,0.1870,0.1210,0.0520,0.0000,0.0000,0.5190,1.0000,4.0330,203.9790,1.5650,0.0000,0.0000,0.0000,66.7552,0.0000,3379.0000,1131.0000,0.0000,9.0000,16.0000,8.0000,4.0000
1.0120,0.2400,0.1870,0.1320,0.0520,0.0000,0.0000,0.5850,1.0000,4.0330,203.9790,1.5650,0.0000,0.0000,0.0000,66.7552,0.0000,3379.0000,1131.0000,0.0000,9.0000,16.0000,8.0000,4.0000
1.0370,0.2510,0.1910,0.1190,0.0520,0.0000,0.0000,0.5950,1.0000,4.0330,203.9790,1.5650,0.0000,0.0000,0.0000,66.7552,0.0000,3379.0000,1131.0000,0.0000,9.0000,16.0000,8.0000,4.0000
1.1520,0.2440,0.2150,0.1190,0.0840,0.0000,0.0000,0.6930,1.0000,4.0330,203.9790,1.5650,0.0000,0.0000,0.0000,66.7655,0.0000,3380.0000,1131.0000,0.0000,9.0000,16.0000,8.0000,4.0000
1.1940,0.3410,0.1870,0.1770,0.0520,0.0000,0.0000,0.6660,1.0000,4.0330,203.9790,1.5650,0.0000,0.0000,0.0000,66.7655,0.0000,3380.0000,1131.0000,0.0000,9.0000,16.0000,8.0000,4.0000
1.2400,0.3820,0.2480,0.1860,0.0580,0.0000,0.0000,0.6100,1.0000,4.0330,203.9790,1.5650,0.0000,0.0000,0.0000,66.7655,0.0000,3380.0000,1131.0000,0.0000,9.0000,16.0000,8.0000,5.0000
1.0750,0.2960,0.2510,0.1740,0.0630,0.0000,0.0000,0.5280,1.0000,4.0330,203.9790,1.5650,0.0000,0.0000,0.0000,66.7648,0.0000,3380.0000,1131.0000,0.0000,9.0000,15.0000,8.0000,5.0000
1.1380,0.2490,0.2080,0.1260,0.0560,0.0000,0.0000,0.6810,1.0000,4.0330,203.9790,1.5650,0.0000,0.0000,0.0000,66.7648,0.0000,3380.0000,1131.0000,0.0000,9.0000,15.0000,8.0000,5.0000
1.0090,0.2350,0.2240,0.1220,0.0550,0.0000,0.0000,0.5500,1.0000,4.0330,203.9790,1.5650,0.0000,0.0000,0.0000,66.7648,0.0000,3380.0000,1131.0000,0.0000,9.0000,15.0000,8.0000,5.0000
0.9690,0.2490,0.1840,0.1360,0.0530,0.0000,0.0000,0.5360,1.0000,4.0330,203.9790,1.5650,0.0000,0.0000,0.0000,66.7648,0.0000,3380.0000,1131.0000,0.0000,9.0000,15.0000,8.0000,5.0000
0.9440,0.2300,0.1840,0.1190,0.0520,0.0000,0.0000,0.5300,1.0000,4.0330,203.9790,1.5650,0.0000,0.0000,0.0000,66.7648,0.0000,3380.0000,1131.0000,0.0000,9.0000,15.0000,8.0000,5.0000
1.0390,0.2290,0.2110,0.1190,0.0840,0.0000,0.0000,0.5990,1.0000,4.0330,203.9790,1.5650,0.0000,0.0000,0.0000,66.7750,0.0000,3381.0000,1131.0000,0.0000,9.0000,15.0000,8.0000,5.0000
0.9910,0.2680,0.2270,0.1190,0.0550,0.0000,0.0000,0.4960,1.0000,4.0330,203.9790,1.5650,0.0000,0.0000,0.0000,66.7750,0.0000,3381.0000,1131.0000,0.0000,9.0000,15.0000,8.0000,5.0000
0.9250,0.2330,0.1820,0.1230,0.0540,0.0000,0.0000,0.5100,1.0000,4.0330,203.9790,1.5650,0.0000,0.0000,0.0000,66.7751,0.0000,3381.0000,1131.0000,0.0000,9.0000,15.0000,8.0000,5.0000
0.9370,0.2300,0.1830,0.1210,0.0520,0.0000,0.0000,0.5240,1.0000,4.0330,203.9790,1.5650,0.0000,0.0000,0.0000,66.7751,0.0000,3381.0000,1131.0000,0.0000,9.0000,15.0000,8.0000,5.0000
0.9750,0.2250,0.2140,0.1170,0.0520,0.0000,0.0000,0.5360,1.0000,4.0330,203.9790,1.5650,0.0000,0.0000,0.0000,66.7751,0.0000,3381.0000,1131.0000,0.0000,9.0000,15.0000,8.0000,5.0000
1.0110,0.2250,0.2110,0.1170,0.0540,0.0000,0.0000,0.5750,1.0000,4.0330,203.9790,1.5650,0.0000,0.0000,0.0000,66.7751,0.0000,3381.0000,1131.0000,0.0000,9.0000,15.0000,8.0000,5.0000
1.1240,0.2450,0.2530,0.1250,0.0960,0.0000,0.0000,0.6260,1.0000,4.0330,203.9790,1.5650,0.0000,0.0000,0.0000,66.7953,0.0000,3383.0000,1131.0000,0.0000,9.0000,15.0000,8.0000,5.0000
1.0400,0.3150,0.2170,0.1230,0.0810,0.0000,0.0000,0.5080,1.0000,4.0330,203.9790,1.5650,0.0000,0.0000,0.0000,66.8051,0.0000,3384.0000,1131.0000,0.0000,9.0000,15.0000,8.0000,5.0000
1.0060,0.2800,0.1830,0.1250,0.0530,0.0000,0.0000,0.5430,1.0000,4.0330,203.9790,1.5650,0.0000,0.0000,0.0000,66.8052,0.0000,3384.0000,1131.0000,0.0000,9.0000,15.0000,8.0000,5.0000
1.1510,0.2480,0.2540,0.1390,0.0870,0.0000,0.0000,0.6490,1.0000,4.0330,203.9790,1.5650,0.0000,0.0000,0.0000,66.8160,0.0000,3385.0000,1131.0000,0.0000,9.0000,15.0000,8.0000,5.0000
1.0150,0.3000,0.1900,0.1410,0.0520,0.0000,0.0000,0.5250,1.0000,4.0330,203.9790,1.5650,0.0000,0.0000,0.0000,66.8160,0.0000,3385.0000,1131.0000,0.0000,9.0000,15.0000,8.0000,5.0000
0.9750,0.2470,0.1810,0.1350,0.0500,0.0000,0.0000,0.5470,1.0000,4.0330,203.9790,1.5650,0.0000,0.0000,0.0000,66.8160,0.0000,3385.0000,1131.0000,0.0000,9.0000,15.0000,8.0000,5.0000
1.0670,0.2430,0.2070,0.1350,0.0800,0.0000,0.0000,0.6170,1.0000,4.0330,203.9790,1.5650,0.0000,0.0000,0.0000,66.8263,0.0000,3386.0000,1131.0000,0.0000,9.0000,15.0000,8.0000,5.0000
1.0220,0.2920,0.2030,0.1230,0.0670,0.0000,0.0000,0.5270,1.0000,4.0330,203.9790,1.5650,0.0000,0.0000,0.0000,66.8263,0.0000,3386.0000,1131.0000,0.0000,9.0000,15.0000,8.0000,5.0000
1.0730,0.2560,0.1860,0.1230,0.0520,0.0000,0.0000,0.6310,1.0000,4.0330,203.9790,1.5650,0.0000,0.0000,0.0000,66.8264,0.0000,3386.0000,1131.0000,0.0000,9.0000,15.0000,8.0000,5.0000
1.0380,0.2580,0.1860,0.1220,0.0530,0.0000,0.0000,0.5940,1.0000,4.0330,203.9790,1.5650,0.0000,0.0000,0.0000,66.8264,0.0000,3386.0000,1131.0000,0.0000,9.0000,15.0000,8.0000,5.0000
1.0590,0.2960,0.1840,0.1800,0.0510,0.0000,0.0000,0.5790,1.0000,4.0330,203.9790,1.5650,0.0000,0.0000,0.0000,66.8264,0.0000,3386.0000,1131.0000,0.0000,9.0000,15.0000,8.0000,5.0000
1.0860,0.2830,0.1880,0.1690,0.0530,0.0000,0.0000,0.6150,1.0000,4.0330,203.9790,1.5650,0.0000,0.0000,0.0000,66.8264,0.0000,3386.0000,1131.0000,0.0000,9.0000,15.0000,8.0000,5.0000
1.0210,0.2800,0.1860,0.1260,0.0520,0.0000,0.0000,0.5550,1.0000,4.0330,203.9790,1.5650,0.0000,0.0000,0.0000,66.8264,0.0000,3386.0000,1131.0000,0.0000,9.0000,15.0000,8.0000,5.0000
0.9970,0.2770,0.1930,0.1230,0.0640,0.0000,0.0000,0.5270,1.0000,4.0330,203.9790,1.5650,0.0000,0.0000,0.0000,66.8264,0.0000,3386.0000,1131.0000,0.0000,9.0000,15.0000,8.0000,5.0000
1.1640,0.2400,0.1910,0.1190,0.0630,0.0000,0.0000,0.7330,1.0000,4.0330,203.9790,1.5650,0.0000,0.0000,0.0000,66.8264,0.0000,3386.0000,1131.0000,0.0000,9.0000,15.0000,8.0000,5.0000
1.0590,0.3330,0.1980,0.1280,0.0530,0.0000,0.0000,0.5280,1.0000,4.0330,203.9790,1.5650,0.0000,0.0000,0.0000,66.8264,0.0000,3386.0000,1131.0000,0.0000,9.0000,15.0000,8.0000,5.0000
1.1160,0.2410,0.2160,0.1210,0.0840,0.0000,0.0000,0.6590,1.0000,4.0330,203.9790,1.5650,0.0000,0.0000,0.0000,66.8264,0.0000,3386.0000,1131.0000,0.0000,9.0000,15.0000,8.0000,5.0000
1.1610,0.2410,0.2440,0.1230,0.0840,0.0000,0.0000,0.6760,1.0000,4.0330,203.9790,1.5650,0.0000,0.0000,0.0000,66.8362,0.0000,3387.0000,1131.0000,0.0000,9.0000,15.0000,8.0000,5.0000
1.1030,0.2790,0.2300,0.1220,0.0540,0.0000,0.0000,0.5940,1.0000,4.0330,203.9790,1.5650,0.0000,0.0000,0.0000,66.8362,0.0000,3387.0000,1131.0000,0.0000,9.0000,15.0000,8.0000,5.0000
1.1200,0.2360,0.1870,0.1200,0.0510,0.0000,0.0000,0.6970,1.0000,4.0330,203.9790,1.5650,0.0000,0.0000,0.0000,66.8362,0.0000,3387.0000,1131.0000,0.0000,9.0000,15.0000,8.0000,5.0000
1.6340,0.2630,0.2150,0.1380,0.0820,0.0000,0.0000,1.1560,1.0000,4.0330,203.9790,1.5650,0.0000,0.0000,0.0000,66.8465,0.0000,3388.0000,1131.0000,0.0000,9.0000,15.0000,8.0000,5.0000
1.2240,0.3480,0.2490,0.1780,0.0880,0.0000,0.0000,0.6270,1.0000,4.0330,203.9790,1.5650,0.0000,0.0000,0.0000,66.8465,0.0000,3388.0000,1131.0000,0.0000,9.0000,15.0000,8.0000,5.0000
1.0790,0.2630,0.1940,0.1430,0.0530,0.0000,0.0000,0.6220,1.0000,4.0330,203.9790,1.5650,0.0000,0.0000,0.0000,66.8466,0.0000,3388.0000,1131.0000,0.0000,9.0000,15.0000,8.0000,5.0000
1.0440,0.2560,0.1880,0.1420,0.0530,0.0000,0.0000,0.6000,1.0000,4.0330,203.9790,1.5650,0.0000,0.0000,0.0000,66.8466,0.0000,3388.0000,1131.0000,0.0000,9.0000,15.0000,8.0000,5.0000
1.2930,0.2500,0.2260,0.1360,0.0960,0.0000,0.0000,0.8170,1.0000,4.0330,203.9790,1.5650,0.0000,0.0000,0.0000,66.8673,0.0000,3390.0000,1131.0000,0.0000,9.0000,15.0000,8.0000,5.0000
1.0490,0.4800,0.2170,0.1930,0.0680,0.0000,0.0000,0.3520,1.0000,4.0330,203.9790,1.5650,0.0000,0.0000,0.0000,66.8681,0.0000,3390.0000,1131.0000,0.0000,9.0000,16.0000,8.0000,4.0000
1.2400,0.2540,0.2560,0.1260,0.1000,0.0000,0.0000,0.7300,1.0000,4.0330,203.9790,1.5650,0.0000,0.0000,0.0000,66.8885,0.0000,3392.0000,1131.0000,0.0000,9.0000,16.0000,8.0000,4.0000
0.9970,0.3380,0.2210,0.1310,0.0570,0.0000,0.0000,0.4380,1.0000,4.0330,203.9790,1.5650,0.0000,0.0000,0.0000,66.8886,0.0000,3392.0000,1131.0000,0.0000,9.0000,16.0000,8.0000,4.0000
1.1890,0.2390,0.3030,0.1180,0.1030,0.0000,0.0000,0.6470,1.0000,4.0330,203.9790,1.5650,0.0000,0.0000,0.0000,66.8887,0.0000,3392.0000,1131.0000,0.0000,9.0000,16.0000,8.0000,4.0000
0.9900,0.2650,0.1950,0.1290,0.0560,0.0000,0.0000,0.5300,1.0000,4.0330,203.9790,1.5650,0.0000,0.0000,0.0000,66.8887,0.0000,3392.0000,1131.0000,0.0000,9.0000,16.0000,8.0000,4.0000
1.0600,0.2360,0.1880,0.1180,0.0540,0.0000,0.0000,0.6360,1.0000,4.0330,203.9790,1.5650,0.0000,0.0000,0.0000,66.8880,0.0000,3392.0000,1131.0000,0.0000,9.0000,15.0000,8.0000,4.0000
0.9840,0.2350,0.1860,0.1180,0.0530,0.0000,0.0000,0.5630,1.0000,4.0330,203.9790,1.5650,0.0000,0.0000,0.0000,66.8880,0.0000,3392.0000,1131.0000,0.0000,9.0000,15.0000,8.0000,4.0000
1.0800,0.2350,0.2160,0.1200,0.0520,0.0000,0.0000,0.6290,1.0000,4.0330,203.9790,1.5650,0.0000,0.0000,0.0000,66.8880,0.0000,3392.0000,1131.0000,0.0000,9.0000,15.0000,8.0000,4.0000
0.9620,0.2330,0.1820,0.1170,0.0510,0.0000,0.0000,0.5470,1.0000,4.0330,203.9790,1.5650,0.0000,0.0000,0.0000,66.8880,0.0000,3392.0000,1131.0000,0.0000,9.0000,15.0000,8.0000,4.0000
0.9310,0.2500,0.1830,0.1340,0.0530,0.0000,0.0000,0.4980,1.0000,4.0330,203.9790,1.5650,0.0000,0.0000,0.0000,66.8880,0.0000,3392.0000,1131.0000,0.0000,9.0000,15.0000,8.0000,4.0000
0.9310,0.2300,0.1800,0.1190,0.0510,0.0000,0.0000,0.5210,1.0000,4.0330,203.9790,1.5650,0.0000,0.0000,0.0000,66.8880,0.0000,3392.0000,1131.0000,0.0000,9.0000,15.0000,8.0000,4.0000
1.0510,0.2260,0.2250,0.1160,0.0560,0.0000,0.0000,0.6000,1.0000,4.0330,203.9790,1.5650,0.0000,0.0000,0.0000,66.8880,0.0000,3392.0000,1131.0000,0.0000,9.0000,15.0000,8.0000,4.0000
0.9470,0.2430,0.1950,0.1240,0.0540,0.0000,0.0000,0.5090,1.0000,4.0330,203.9790,1.5650,0.0000,0.0000,0.0000,66.8880,0.0000,3392.0000,1131.0000,0.0000,9.0000,15.0000,8.0000,4.0000
1.0860,0.2340,0.2200,0.1180,0.0860,0.0000,0.0000,0.6320,1.0000,4.0330,203.9790,1.5650,0.0000,0.0000,0.0000,66.8983,0.0000,3393.0000,1131.0000,0.0000,9.0000,15.0000,8.0000,4.0000
0.9550,0.2800,0.1880,0.1200,0.0520,0.0000,0.0000,0.4870,1.0000,4.0330,203.9790,1.5650,0.0000,0.0000,0.0000,66.8983,0.0000,3393.0000,1131.0000,0.0000,9.0000,15.0000,8.0000,4.0000
1.1450,0.2320,0.2620,0.1160,0.0970,0.0000,0.0000,0.6510,1.0000,4.0330,203.9790,1.5650,0.0000,0.0000,0.0000,66.9181,0.0000,3395.0000,1131.0000,0.0000,9.0000,15.0000,8.0000,4.0000
0.9970,0.3340,0.1890,0.1360,0.0530,0.0000,0.0000,0.4740,1.0000,4.0330,203.9790,1.5650,0.0000,0.0000,0.0000,66.9181,0.0000,3395.0000,1131.0000,0.0000,9.0000,15.0000,8.0000,4.0000
1.6440,0.2450,0.1840,0.1330,0.0510,0.0000,0.0000,1.2150,1.0000,4.0330,203.9790,1.5650,0.0000,0.0000,0.0000,66.9182,0.0000,3395.0000,1131.0000,0.0000,9.0000,15.0000,8.0000,4.0000
1.1400,0.2500,0.2460,0.1330,0.0580,0.0000,0.0000,0.6440,1.0000,4.0330,203.9790,1.5650,0.0000,0.0000,0.0000,66.7281,0.0000,3376.0000,1131.0000,0.0000,9.0000,15.0000,8.0000,4.0000
1.0670,0.2630,0.2250,0.1290,0.0630,0.0000,0.0000,0.5790,1.0000,4.0330,203.9790,1.5650,0.0000,0.0000,0.0000,66.7281,0.0000,3376.0000,1131.0000,0.0000,9.0000,15.0000,8.0000,4.0000
0.9500,0.2590,0.1890,0.1230,0.0510,0.0000,0.0000,0.5020,1.0000,4.0330,203.9790,1.5650,0.0000,0.0000,0.0000,66.7281,0.0000,3376.0000,1131.0000,0.0000,9.0000,15.0000,8.0000,4.0000
0.9810,0.2320,0.1890,0.1210,0.0510,0.0000,0.0000,0.5600,1.0000,4.0330,203.9790,1.5650,0.0000,0.0000,0.0000,66.7281,0.0000,3376.0000,1131.0000,0.0000,9.0000,15.0000,8.0000,4.0000
1.1200,0.2350,0.2770,0.1210,0.1220,0.0000,0.0000,0.6080,1.0000,4.0330,203.9790,1.5650,0.0000,0.0000,0.0000,66.7379,0.0000,3377.0000,1131.0000,0.0000,9.0000,15.0000,8.0000,4.0000
0.9520,0.2800,0.1850,0.1200,0.0520,0.0000,0.0000,0.4870,1.0000,4.0330,203.9790,1.5650,0.0000,0.0000,0.0000,66.7379,0.0000,3377.0000,1131.0000,0.0000,9.0000,15.0000,8.0000,4.0000
1.0390,0.2270,0.2120,0.1140,0.0830,0.0000,0.0000,0.6000,1.0000,4.0330,203.9790,1.5650,0.0000,0.0000,0.0000,66.7487,0.0000,3378.0000,1131.0000,0.0000,9.0000,15.0000,8.0000,4.0000
0.9790,0.2710,0.1820,0.1170,0.0510,0.0000,0.0000,0.5260,1.0000,4.0330,203.9790,1.5650,0.0000,0.0000,0.0000,66.7487,0.0000,3378.0000,1131.0000,0.0000,9.0000,15.0000,8.0000,4.0000
1.0120,0.2360,0.2270,0.1240,0.0550,0.0000,0.0000,0.5490,1.0000,4.0330,203.9790,1.5650,0.0000,0.0000,0.0000,66.7487,0.0000,3378.0000,1131.0000,0.0000,9.0000,15.0000,8.0000,4.0000
0.9340,0.2340,0.1800,0.1170,0.0510,0.0000,0.0000,0.5200,1.0000,4.0330,203.9790,1.5650,0.0000,0.0000,0.0000,66.7487,0.0000,3378.0000,1131.0000,0.0000,9.0000,15.0000,8.0000,4.0000
0.9460,0.2300,0.1830,0.1170,0.0510,0.0000,0.0000,0.5330,1.0000,4.0330,203.9790,1.5650,0.0000,0.0000,0.0000,66.7487,0.0000,3378.0000,1131.0000,0.0000,9.0000,15.0000,8.0000,4.0000
1.0040,0.2240,0.2030,0.1140,0.0500,0.0000,0.0000,0.5770,1.0000,4.0330,203.9790,1.5650,0.0000,0.0000,0.0000,66.7487,0.0000,3378.0000,1131.0000,0.0000,9.0000,15.0000,8.0000,4.0000
1.0180,0.2500,0.2520,0.1190,0.0870,0.0000,0.0000,0.5160,1.0000,4.0330,203.9790,1.5650,0.0000,0.0000,0.0000,66.7487,0.0000,3378.0000,1131.0000,0.0000,9.0000,15.0000,8.0000,4.0000
1.5050,0.2300,0.4730,0.1150,0.3140,0.0000,0.0000,0.8020,1.0000,4.0330,203.9790,1.5650,0.0000,0.0000,0.0000,66.7627,0.0000,3380.0000,1131.0000,0.0000,9.0000,15.0000,8.0000,4.0000
1.0810,0.3620,0.2010,0.1760,0.0550,0.0000,0.0000,0.5180,1.0000,4.0330,203.9790,1.5650,0.0000,0.0000,0.0000,66.7627,0.0000,3380.0000,1131.0000,0.0000,9.0000,15.0000,8.0000,4.0000
1.0910,0.2770,0.1860,0.1220,0.0520,0.0000,0.0000,0.6280,1.0000,4.0330,203.9790,1.5650,0.0000,0.0000,0.0000,66.7628,0.0000,3380.0000,1131.0000,0.0000,9.0000,15.0000,8.0000,4.0000
1.0140,0.3230,0.2030,0.1730,0.0540,0.0000,0.0000,0.4880,1.0000,4.0330,203.9790,1.5650,0.0000,0.0000,0.0000,66.7628,0.0000,3380.0000,1131.0000,0.0000,9.0000,15.0000,8.0000,4.0000
0.9710,0.2390,0.1960,0.1180,0.0530,0.0000,0.0000,0.5360,1.0000,4.0330,203.9790,1.5650,0.0000,0.0000,0.0000,66.7628,0.0000,3380.0000,1131.0000,0.0000,9.0000,15.0000,8.0000,4.0000
0.9640,0.2320,0.1950,0.1160,0.0630,0.0000,0.0000,0.5370,1.0000,4.0330,203.9790,1.5650,0.0000,0.0000,0.0000,66.7628,0.0000,3380.0000,1131.0000,0.0000,9.0000,15.0000,8.0000,4.0000
1.1410,0.2320,0.1910,0.1160,0.0640,0.0000,0.0000,0.7180,1.0000,4.0330,203.9790,1.5650,0.0000,0.0000,0.0000,66.7635,0.0000,3380.0000,1131.0000,0.0000,9.0000,16.0000,8.0000,4.0000
1.1260,0.2780,0.2350,0.1610,0.0850,0.0000,0.0000,0.6130,1.0000,4.0330,203.9790,1.5650,0.0000,0.0000,0.0000,66.7737,0.0000,3381.0000,1131.0000,0.0000,9.0000,16.0000,8.0000,4.0000
0.9800,0.2830,0.2140,0.1220,0.0540,0.0000,0.0000,0.4830,1.0000,4.0330,203.9790,1.5650,0.0000,0.0000,0.0000,66.7737,0.0000,3381.0000,1131.0000,0.0000,9.0000,16.0000,8.0000,4.0000
1.0170,0.2320,0.2080,0.1170,0.0800,0.0000,0.0000,0.5770,1.0000,4.0330,203.9790,1.5650,0.0000,0.0000,0.0000,66.7738,0.0000,3381.0000,1131.0000,0.0000,9.0000,16.0000,8.0000,4.0000
0.9970,0.2270,0.2060,0.1140,0.0530,0.0000,0.0000,0.5640,1.0000,4.0330,203.9790,1.5650,0.0000,0.0000,0.0000,66.7738,0.0000,3381.0000,1131.0000,0.0000,9.0000,16.0000,8.0000,4.0000
0.9600,0.2310,0.2090,0.1170,0.0540,0.0000,0.0000,0.5200,1.0000,4.0330,203.9790,1.5650,0.0000,0.0000,0.0000,66.7738,0.0000,3381.0000,1131.0000,0.0000,9.0000,16.0000,8.0000,4.0000
0.9490,0.2240,0.2070,0.1130,0.0810,0.0000,0.0000,0.5180,1.0000,4.0330,203.9790,1.5650,0.0000,0.0000,0.0000,66.7738,0.0000,3381.0000,1131.0000,0.0000,9.0000,16.0000,8.0000,4.0000
0.9620,0.2320,0.2020,0.1160,0.0520,0.0000,0.0000,0.5280,1.0000,4.0330,203.9790,1.5650,0.0000,0.0000,0.0000,66.7738,0.0000,3381.0000,1131.0000,0.0000,9.0000,16.0000,8.0000,4.0000
1.1660,0.2300,0.2390,0.1160,0.0840,0.0000,0.0000,0.6970,1.0000,4.0330,203.9790,1.5650,0.0000,0.0000,0.0000,66.7836,0.0000,3382.0000,1131.0000,0.0000,9.0000,16.0000,8.0000,4.0000
1.0160,0.2850,0.2130,0.1200,0.0540,0.0000,0.0000,0.5180,1.0000,4.0330,203.9790,1.5650,0.0000,0.0000,0.0000,66.7829,0.0000,3382.0000,1131.0000,0.0000,9.0000,15.0000,8.0000,4.0000
1.0840,0.2320,0.2400,0.1180,0.0830,0.0000,0.0000,0.6120,1.0000,4.0330,203.9790,1.5650,0.0000,0.0000,0.0000,66.7937,0.0000,3383.0000,1131.0000,0.0000,9.0000,15.0000,8.0000,4.0000
0.9960,0.2890,0.1930,0.1320,0.0540,0.0000,0.0000,0.5140,1.0000,4.0330,203.9790,1.5650,0.0000,0.0000,0.0000,66.7937,0.0000,3383.0000,1131.0000,0.0000,9.0000,15.0000,8.0000,4.0000
1.2620,0.2300,0.2810,0.1160,0.1140,0.0000,0.0000,0.7510,1.0000,4.0330,203.9790,1.5650,0.0000,0.0000,0.0000,66.8135,0.0000,3385.0000,1131.0000,0.0000,9.0000,15.0000,8.0000,4.0000
1.0700,0.3610,0.2160,0.1610,0.0570,0.0000,0.0000,0.4930,1.0000,4.0330,203.9790,1.5650,0.0000,0.0000,0.0000,66.8135,0.0000,3385.0000,1131.0000,0.0000,9.0000,15.0000,8.0000,4.0000
1.0240,0.2530,0.1940,0.1170,0.0520,0.0000,0.0000,0.5770,1.0000,4.0330,203.9790,1.5650,0.0000,0.0000,0.0000,66.8136,0.0000,3385.0000,1131.0000,0.0000,9.0000,15.0000,8.0000,4.0000
1.0660,0.3050,0.1870,0.1690,0.0530,0.0000,0.0000,0.5740,1.0000,4.0330,203.9790,1.5650,0.0000,0.0000,0.0000,66.8136,0.0000,3385.0000,1131.0000,0.0000,9.0000,15.0000,8.0000,4.0000
1.0320,0.2400,0.1940,0.1120,0.0530,0.0000,0.0000,0.5980,1.0000,4.0330,203.9790,1.5650,0.0000,0.0000,0.0000,66.8136,0.0000,3385.0000,1131.0000,0.0000,9.0000,15.0000,8.0000,4.0000
1.0270,0.2970,0.1850,0.1760,0.0510,0.0000,0.0000,0.5450,1.0000,4.0330,203.9790,1.5650,0.0000,0.0000,0.0000,66.8136,0.0000,3385.0000,1131.0000,0.0000,9.0000,15.0000,8.0000,4.0000
0.9540,0.2760,0.1800,0.1620,0.0510,0.0000,0.0000,0.4980,1.0000,4.0330,203.9790,1.5650,0.0000,0.0000,0.0000,66.8136,0.0000,3385.0000,1131.0000,0.0000,9.0000,15.0000,8.0000,4.0000
1.2900,0.2660,0.1790,0.1540,0.0510,0.0000,0.0000,0.8450,1.0000,4.0330,203.9790,1.5650,0.0000,0.0000,0.0000,66.8136,0.0000,3385.0000,1131.0000,0.0000,9.0000,15.0000,8.0000,4.0000
1.3770,0.3670,0.3260,0.2450,0.1200,0.0000,0.0000,0.6840,1.0000,4.0330,203.9790,1.5650,0.0000,0.0000,0.0000,66.8136,0.0000,3385.0000,1131.0000,0.0000,9.0000,15.0000,8.0000,4.0000
1.1030,0.3650,0.2170,0.2130,0.0570,0.0000,0.0000,0.5210,1.0000,4.0330,203.9790,1.5650,0.0000,0.0000,0.0000,66.8136,0.0000,3385.0000,1131.0000,0.0000,9.0000,15.0000,8.0000,4.0000
1.0800,0.2730,0.2100,0.1430,0.0570,0.0000,0.0000,0.5970,1.0000,4.0330,203.9790,1.5650,0.0000,0.0000,0.0000,66.8136,0.0000,3385.0000,1131.0000,0.0000,9.0000,15.0000,8.0000,4.0000
1.0640,0.2580,0.2030,0.1220,0.0550,0.0000,0.0000,0.6030,1.0000,4.0330,203.9790,1.5650,0.0000,0.0000,0.0000,66.8136,0.0000,3385.0000,1131.0000,0.0000,9.0000,15.0000,8.0000,4.0000
1.1520,0.2640,0.2400,0.1210,0.0900,0.0000,0.0000,0.6480,1.0000,4.0330,203.9790,1.5650,0.0000,0.0000,0.0000,66.8239,0.0000,3386.0000,1131.0000,0.0000,9.0000,15.0000,8.0000,4.0000
1.0790,0.3360,0.2040,0.1230,0.0550,0.0000,0.0000,0.5390,1.0000,4.0330,203.9790,1.5650,0.0000,0.0000,0.0000,66.8239,0.0000,3386.0000,1131.0000,0.0000,9.0000,15.0000,8.0000,4.0000
1.1450,0.3090,0.2110,0.1290,0.0580,0.0000,0.0000,0.6250,1.0000,4.0330,203.9790,1.5650,0.0000,0.0000,0.0000,66.8239,0.0000,3386.0000,1131.0000,0.0000,9.0000,15.0000,8.0000,4.0000
1.0550,0.2920,0.1970,0.1240,0.0550,0.0000,0.0000,0.5660,1.0000,4.0330,203.9790,1.5650,0.0000,0.0000,0.0000,66.8239,0.0000,3386.0000,1131.0000,0.0000,9.0000,15.0000,8.0000,4.0000
0.9870,0.2400,0.1890,0.1200,0.0530,0.0000,0.0000,0.5580,1.0000,4.0330,203.9790,1.5650,0.0000,0.0000,0.0000,66.8239,0.0000,3386.0000,1131.0000,0.0000,9.0000,15.0000,8.0000,4.0000
1.0170,0.2370,0.1870,0.1200,0.0520,0.0000,0.0000,0.5930,1.0000,4.0330,203.9790,1.5650,0.0000,0.0000,0.0000,66.8239,0.0000,3386.0000,1131.0000,0.0000,9.0000,15.0000,8.0000,4.0000
1.1970,0.2400,0.2540,0.1200,0.1140,0.0000,0.0000,0.7030,1.0000,4.0330,203.9790,1.5650,0.0000,0.0000,0.0000,66.8342,0.0000,3387.0000,1131.0000,0.0000,9.0000,15.0000,8.0000,4.0000
1.1180,0.2950,0.2560,0.1250,0.0890,0.0000,0.0000,0.5670,1.0000,4.0330,203.9790,1.5650,0.0000,0.0000,0.0000,66.8449,0.0000,3388.0000,1131.0000,0.0000,9.0000,15.0000,8.0000,4.0000
1.0100,0.2960,0.1970,0.1350,0.0550,0.0000,0.0000,0.5170,1.0000,4.0330,203.9790,1.5650,0.0000,0.0000,0.0000,66.8450,0.0000,3388.0000,1131.0000,0.0000,9.0000,15.0000,8.0000,4.0000
1.1550,0.2570,0.2240,0.1370,0.0840,0.0000,0.0000,0.6740,1.0000,4.0330,203.9790,1.5650,0.0000,0.0000,0.0000,66.8553,0.0000,3389.0000,1131.0000,0.0000,9.0000,15.0000,8.0000,4.0000
1.0080,0.3080,0.2030,0.1470,0.0550,0.0000,0.0000,0.4970,1.0000,4.0330,203.9790,1.5650,0.0000,0.0000,0.0000,66.8553,0.0000,3389.0000,1131.0000,0.0000,9.0000,15.0000,8.0000,4.0000
1.0090,0.2560,0.1890,0.1230,0.0530,0.0000,0.0000,0.5640,1.0000,4.0330,203.9790,1.5650,0.0000,0.0000,0.0000,66.8553,0.0000,3389.0000,1131.0000,0.0000,9.0000,15.0000,8.0000,3.0000
0.9850,0.2580,0.1960,0.1230,0.0580,0.0000,0.0000,0.5310,1.0000,4.0330,203.9790,1.5650,0.0000,0.0000,0.0000,66.8553,0.0000,3389.0000,1131.0000,0.0000,9.0000,15.0000,8.0000,3.0000
1.0090,0.2570,0.1900,0.1260,0.0540,0.0000,0.0000,0.5620,1.0000,4.0330,203.9790,1.5650,0.0000,0.0000,0.0000,66.8553,0.0000,3389.0000,1131.0000,0.0000,9.0000,15.0000,8.0000,3.0000
1.0080,0.2440,0.1930,0.1170,0.0550,0.0000,0.0000,0.5710,1.0000,4.0330,203.9790,1.5650,0.0000,0.0000,0.0000,66.8553,0.0000,3389.0000,1131.0000,0.0000,9.0000,15.0000,8.0000,3.0000
0.9860,0.2550,0.1920,0.1210,0.0550,0.0000,0.0000,0.5390,1.0000,4.0330,203.9790,1.5650,0.0000,0.0000,0.0000,66.8553,0.0000,3389.0000,1131.0000,0.0000,9.0000,15.0000,8.0000,3.0000
0.9800,0.2570,0.1870,0.1160,0.0530,0.0000,0.0000,0.5360,1.0000,4.0330,203.9790,1.5650,0.0000,0.0000,0.0000,66.8553,0.0000,3389.0000,1131.0000,0.0000,9.0000,15.0000,8.0000,3.0000
1.0060,0.2500,0.1860,0.1180,0.0540,0.0000,0.0000,0.5700,1.0000,4.0330,203.9790,1.5650,0.0000,0.0000,0.0000,66.8560,0.0000,3389.0000,1131.0000,0.0000,9.0000,16.0000,8.0000,3.0000
0.9960,0.2440,0.1920,0.1160,0.0550,0.0000,0.0000,0.5600,1.0000,4.0330,203.9790,1.5650,0.0000,0.0000,0.0000,66.8560,0.0000,3389.0000,1131.0000,0.0000,9.0000,16.0000,8.0000,3.0000
1.0160,0.2520,0.1870,0.1190,0.0540,0.0000,0.0000,0.5770,1.0000,4.0330,203.9790,1.5650,0.0000,0.0000,0.0000,66.8560,0.0000,3389.0000,1131.0000,0.0000,9.0000,16.0000,8.0000,3.0000
0.9730,0.2500,0.1880,0.1200,0.0540,0.0000,0.0000,0.5350,1.0000,4.0330,203.9790,1.5650,0.0000,0.0000,0.0000,66.8560,0.0000,3389.0000,1131.0000,0.0000,9.0000,16.0000,8.0000,3.0000
1.0510,0.2440,0.1860,0.1160,0.0530,0.0000,0.0000,0.6210,1.0000,4.0330,203.9790,1.5650,0.0000,0.0000,0.0000,66.8560,0.0000,3389.0000,1131.0000,0.0000,9.0000,16.0000,8.0000,3.0000
1.0030,0.2460,0.1930,0.1180,0.0560,0.0000,0.0000,0.5640,1.0000,4.0330,203.9790,1.5650,0.0000,0.0000,0.0000,66.8560,0.0000,3389.0000,1131.0000,0.0000,9.0000,16.0000,8.0000,3.0000
1.1720,0.2540,0.2190,0.1210,0.0880,0.0000,0.0000,0.6990,1.0000,4.0330,203.9790,1.5650,0.0000,0.0000,0.0000,66.8659,0.0000,3390.0000,1131.0000,0.0000,9.0000,16.0000,8.0000,3.0000
1.1820,0.3530,0.1960,0.1780,0.0550,0.0000,0.0000,0.6330,1.0000,4.0330,203.9790,1.5650,0.0000,0.0000,0.0000,66.8660,0.0000,3390.0000,1131.0000,0.0000,9.0000,16.0000,8.0000,4.0000
1.1820,0.3690,0.2310,0.2090,0.0630,0.0000,0.0000,0.5820,1.0000,4.0330,203.9790,1.5650,0.0000,0.0000,0.0000,66.8661,0.0000,3390.0000,1131.0000,0.0000,9.0000,16.0000,8.0000,4.0000
1.0870,0.2970,0.2270,0.1260,0.0870,0.0000,0.0000,0.5630,1.0000,4.0330,203.9790,1.5650,0.0000,0.0000,0.0000,66.8661,0.0000,3390.0000,1131.0000,0.0000,9.0000,16.0000,8.0000,4.0000
1.0090,0.2420,0.2200,0.1200,0.0560,0.0000,0.0000,0.5470,1.0000,4.0330,203.9790,1.5650,0.0000,0.0000,0.0000,66.8661,0.0000,3390.0000,1131.0000,0.0000,9.0000,16.0000,8.0000,4.0000
1.0140,0.2410,0.2160,0.1200,0.0550,0.0000,0.0000,0.5570,1.0000,4.0330,203.9790,1.5650,0.0000,0.0000,0.0000,66.8661,0.0000,3390.0000,1131.0000,0.0000,9.0000,16.0000,8.0000,4.0000
1.0680,0.2460,0.2710,0.1210,0.1010,0.0000,0.0000,0.5510,1.0000,4.0330,203.9790,1.5650,0.0000,0.0000,0.0000,66.8661,0.0000,3390.0000,1131.0000,0.0000,9.0000,16.0000,8.0000,4.0000
1.1860,0.2500,0.2390,0.1240,0.1000,0.0000,0.0000,0.6970,1.0000,4.0330,203.9790,1.5650,0.0000,0.0000,0.0000,66.8867,0.0000,3392.0000,1131.0000,0.0000,9.0000,16.0000,8.0000,4.0000
1.0010,0.3420,0.2020,0.1390,0.0560,0.0000,0.0000,0.4570,1.0000,4.0330,203.9790,1.5650,0.0000,0.0000,0.0000,66.8867,0.0000,3392.0000,1131.0000,0.0000,9.0000,16.0000,8.0000,4.0000
1.3440,0.2550,0.2780,0.1350,0.1110,0.0000,0.0000,0.8110,1.0000,4.0330,203.9790,1.5650,0.0000,0.0000,0.0000,66.9070,0.0000,3394.0000,1131.0000,0.0000,9.0000,16.0000,8.0000,4.0000
1.1640,0.4180,0.2580,0.1890,0.1030,0.0000,0.0000,0.4880,1.0000,4.0330,203.9790,1.5650,0.0000,0.0000,0.0000,66.9174,0.0000,3395.0000,1131.0000,0.0000,9.0000,16.0000,8.0000,4.0000
1.0500,0.3050,0.2210,0.1270,0.0560,0.0000,0.0000,0.5240,1.0000,4.0330,203.9790,1.5650,0.0000,0.0000,0.0000,66.9176,0.0000,3395.0000,1131.0000,0.0000,9.0000,16.0000,8.0000,4.0000
1.0160,0.2520,0.1950,0.1240,0.0550,0.0000,0.0000,0.5690,1.0000,4.0330,203.9790,1.5650,0.0000,0.0000,0.0000,66.9176,0.0000,3395.0000,1131.0000,0.0000,9.0000,16.0000,8.0000,4.0000
1.0840,0.2440,0.1900,0.1210,0.0550,0.0000,0.0000,0.6500,1.0000,4.0330,203.9790,1.5650,0.0000,0.0000,0.0000,66.9176,0.0000,3395.0000,1131.0000,0.0000,9.0000,16.0000,8.0000,4.0000
1.1550,0.2510,0.2830,0.1220,0.0660,0.0000,0.0000,0.6210,1.0000,4.0330,203.9790,1.5650,0.0000,0.0000,0.0000,66.9176,0.0000,3395.0000,1131.0000,0.0000,9.0000,16.0000,8.0000,4.0000
1.0770,0.2630,0.2110,0.1220,0.0560,0.0000,0.0000,0.6030,1.0000,4.0330,203.9790,1.5650,0.0000,0.0000,0.0000,66.9176,0.0000,3395.0000,1131.0000,0.0000,9.0000,16.0000,8.0000,4.0000
1.1330,0.2540,0.2020,0.1250,0.0560,0.0000,0.0000,0.6770,1.0000,4.0330,203.9790,1.5650,0.0000,0.0000,0.0000,66.9176,0.0000,3395.0000,1131.0000,0.0000,9.0000,16.0000,8.0000,4.0000
1.1020,0.2840,0.2320,0.1690,0.0590,0.0000,0.0000,0.5860,1.0000,4.0330,203.9790,1.5650,0.0000,0.0000,0.0000,66.9176,0.0000,3395.0000,1131.0000,0.0000,9.0000,16.0000,8.0000,4.0000
1.0220,0.2810,0.2030,0.1250,0.0540,0.0000,0.0000,0.5380,1.0000,4.0330,203.9790,1.5650,0.0000,0.0000,0.0000,66.9176,0.0000,3395.0000,1131.0000,0.0000,9.0000,16.0000,8.0000,4.0000
1.0760,0.2340,0.2050,0.1150,0.0550,0.0000,0.0000,0.6370,1.0000,4.0330,203.9790,1.5650,0.0000,0.0000,0.0000,66.9176,0.0000,3395.0000,1131.0000,0.0000,9.0000,16.0000,8.0000,4.0000
2.4490,0.3170,0.1970,0.1790,0.0540,0.0000,0.0000,1.9350,1.0000,4.0330,203.9790,1.5650,0.0000,0.0000,0.0000,66.9183,0.0000,3395.0000,1131.0000,0.0000,9.0000,17.0000,8.0000,4.0000
1.1050,0.2870,0.2540,0.1650,0.0610,0.0000,0.0000,0.5640,1.0000,4.0330,203.9790,1.5650,0.0000,0.0000,0.0000,66.7038,0.0000,3374.0000,1131.0000,0.0000,9.0000,18.0000,8.0000,4.0000
1.0070,0.2600,0.2210,0.1260,0.0560,0.0000,0.0000,0.5260,1.0000,4.0330,203.9790,1.5650,0.0000,0.0000,0.0000,66.7036,0.0000,3374.0000,1131.0000,0.0000,9.0000,18.0000,8.0000,4.0000
1.2250,0.2390,0.3010,0.1210,0.0990,0.0000,0.0000,0.6850,1.0000,4.0330,203.9790,1.5650,0.0000,0.0000,0.0000,66.7239,0.0000,3376.0000,1131.0000,0.0000,9.0000,18.0000,8.0000,4.0000
0.9810,0.3330,0.1950,0.1370,0.0530,0.0000,0.0000,0.4530,1.0000,4.0330,203.9790,1.5650,0.0000,0.0000,0.0000,66.7239,0.0000,3376.0000,1131.0000,0.0000,9.0000,18.0000,8.0000,4.0000
0.9570,0.2450,0.1880,0.1350,0.0510,0.0000,0.0000,0.5240,1.0000,4.0330,203.9790,1.5650,0.0000,0.0000,0.0000,66.7234,0.0000,3376.0000,1131.0000,0.0000,9.0000,17.0000,8.0000,4.0000
1.1490,0.2410,0.1880,0.1320,0.0520,0.0000,0.0000,0.7200,1.0000,4.0330,203.9790,1.5650,0.0000,0.0000,0.0000,66.7234,0.0000,3376.0000,1131.0000,0.0000,9.0000,17.0000,8.0000,4.0000
1.0800,0.2950,0.2240,0.1430,0.0590,0.0000,0.0000,0.5610,1.0000,4.0330,203.9790,1.5650,0.0000,0.0000,0.0000,66.7234,0.0000,3376.0000,1131.0000,0.0000,9.0000,17.0000,8.0000,4.0000
1.0090,0.2960,0.1940,0.1720,0.0530,0.0000,0.0000,0.5190,1.0000,4.0330,203.9790,1.5650,0.0000,0.0000,0.0000,66.7234,0.0000,3376.0000,1131.0000,0.0000,9.0000,17.0000,8.0000,4.0000
0.9890,0.2820,0.1870,0.1680,0.0520,0.0000,0.0000,0.5200,1.0000,4.0330,203.9790,1.5650,0.0000,0.0000,0.0000,66.7234,0.0000,3376.0000,1131.0000,0.0000,9.0000,17.0000,8.0000,4.0000
1.1040,0.2760,0.2150,0.1620,0.0840,0.0000,0.0000,0.6130,1.0000,4.0330,203.9790,1.5650,0.0000,0.0000,0.0000,66.7332,0.0000,3377.0000,1131.0000,0.0000,9.0000,17.0000,8.0000,4.0000
0.9910,0.3250,0.1930,0.1690,0.0530,0.0000,0.0000,0.4730,1.0000,4.0330,203.9790,1.5650,0.0000,0.0000,0.0000,66.7332,0.0000,3377.0000,1131.0000,0.0000,9.0000,17.0000,8.0000,4.0000
1.0730,0.2760,0.2180,0.1260,0.0830,0.0000,0.0000,0.5790,1.0000,4.0330,203.9790,1.5650,0.0000,0.0000,0.0000,66.7439,0.0000,3378.0000,1131.0000,0.0000,9.0000,17.0000,8.0000,3.0000
1.0090,0.3200,0.2040,0.1240,0.0690,0.0000,0.0000,0.4850,1.0000,4.0330,203.9790,1.5650,0.0000,0.0000,0.0000,66.7439,0.0000,3378.0000,1131.0000,0.0000,9.0000,17.0000,8.0000,3.0000
1.1740,0.2870,0.2420,0.1340,0.1090,0.0000,0.0000,0.6450,1.0000,4.0330,203.9790,1.5650,0.0000,0.0000,0.0000,66.7643,0.0000,3380.0000,1131.0000,0.0000,9.0000,17.0000,8.0000,3.0000
1.0030,0.3650,0.2080,0.1200,0.0570,0.0000,0.0000,0.4300,1.0000,4.0330,203.9790,1.5650,0.0000,0.0000,0.0000,66.7644,0.0000,3380.0000,1131.0000,0.0000,9.0000,17.0000,8.0000,3.0000
0.9760,0.2380,0.1890,0.1190,0.0560,0.0000,0.0000,0.5490,1.0000,4.0330,203.9790,1.5650,0.0000,0.0000,0.0000,66.7645,0.0000,3380.0000,1131.0000,0.0000,9.0000,17.0000,8.0000,3.0000
1.0260,0.2350,0.1960,0.1170,0.0540,0.0000,0.0000,0.5950,1.0000,4.0330,203.9790,1.5650,0.0000,0.0000,0.0000,66.7645,0.0000,3380.0000,1131.0000,0.0000,9.0000,17.0000,8.0000,3.0000
1.0750,0.2370,0.1900,0.1190,0.0530,0.0000,0.0000,0.6480,1.0000,4.0330,203.9790,1.5650,0.0000,0.0000,0.0000,66.7645,0.0000,3380.0000,1131.0000,0.0000,9.0000,17.0000,8.0000,3.0000
1.0030,0.2390,0.1850,0.1160,0.0540,0.0000,0.0000,0.5790,1.0000,4.0330,203.9790,1.5650,0.0000,0.0000,0.0000,66.7645,0.0000,3380.0000,1131.0000,0.0000,9.0000,17.0000,8.0000,3.0000
0.9350,0.2300,0.1790,0.1150,0.0520,0.0000,0.0000,0.5260,1.0000,4.0330,203.9790,1.5650,0.0000,0.0000,0.0000,66.7638,0.0000,3380.0000,1131.0000,0.0000,9.0000,16.0000,8.0000,3.0000
0.9580,0.2270,0.1800,0.1150,0.0520,0.0000,0.0000,0.5510,1.0000,4.0330,203.9790,1.5650,0.0000,0.0000,0.0000,66.7638,0.0000,3380.0000,1131.0000,0.0000,9.0000,16.0000,8.0000,3.0000
1.0830,0.2280,0.1930,0.1150,0.0510,0.0000,0.0000,0.6620,1.0000,4.0330,203.9790,1.5650,0.0000,0.0000,0.0000,66.7638,0.0000,3380.0000,1131.0000,0.0000,9.0000,16.0000,8.0000,3.0000
1.0250,0.3190,0.1890,0.1630,0.0530,0.0000,0.0000,0.5170,1.0000,4.0330,203.9790,1.5650,0.0000,0.0000,0.0000,66.7638,0.0000,3380.0000,1131.0000,0.0000,9.0000,16.0000,8.0000,3.0000
0.9410,0.2290,0.1820,0.1160,0.0530,0.0000,0.0000,0.5300,1.0000,4.0330,203.9790,1.5650,0.0000,0.0000,0.0000,66.7638,0.0000,3380.0000,1131.0000,0.0000,9.0000,16.0000,8.0000,2.0000
0.9670,0.2350,0.1870,0.1200,0.0570,0.0000,0.0000,0.5450,1.0000,4.0330,203.9790,1.5650,0.0000,0.0000,0.0000,66.7645,0.0000,3380.0000,1131.0000,0.0000,9.0000,17.0000,8.0000,2.0000
1.0680,0.2410,0.1920,0.1280,0.0540,0.0000,0.0000,0.6350,1.0000,4.0330,203.9790,1.5650,0.0000,0.0000,0.0000,66.7645,0.0000,3380.0000,1131.0000,0.0000,9.0000,17.0000,8.0000,2.0000
0.9430,0.2690,0.1890,0.1150,0.0570,0.0000,0.0000,0.4850,1.0000,4.0330,203.9790,1.5650,0.0000,0.0000,0.0000,66.7645,0.0000,3380.0000,1131.0000,0.0000,9.0000,17.0000,8.0000,2.0000
0.9490,0.2250,0.1880,0.1120,0.0560,0.0000,0.0000,0.5360,1.0000,4.0330,203.9790,1.5650,0.0000,0.0000,0.0000,66.7645,0.0000,3380.0000,1131.0000,0.0000,9.0000,17.0000,8.0000,2.0000
1.2820,0.2240,0.1900,0.1130,0.0520,0.0000,0.0000,0.8680,1.0000,4.0330,203.9790,1.5650,0.0000,0.0000,0.0000,66.7645,0.0000,3380.0000,1131.0000,0.0000,9.0000,17.0000,8.0000,2.0000
1.6980,0.2290,0.3850,0.1130,0.0950,0.0000,0.0000,1.0840,1.0000,4.0330,203.9790,1.5650,0.0000,0.0000,0.0000,66.7638,0.0000,3380.0000,1131.0000,0.0000,9.0000,16.0000,8.0000,2.0000
1.4720,0.4280,0.2870,0.2380,0.0790,0.0000,0.0000,0.7570,1.0000,4.0330,203.9790,1.5650,0.0000,0.0000,0.0000,66.7638,0.0000,3380.0000,1131.0000,0.0000,9.0000,16.0000,8.0000,2.0000
1.4740,0.3430,0.2760,0.1690,0.0830,0.0000,0.0000,0.8550,1.0000,4.0330,203.9790,1.5650,0.0000,0.0000,0.0000,66.7638,0.0000,3380.0000,1131.0000,0.0000,9.0000,16.0000,8.0000,2.0000
1.4210,0.4040,0.2810,0.2290,0.0840,0.0000,0.0000,0.7360,1.0000,4.0330,203.9790,1.5650,0.0000,0.0000,0.0000,66.7638,0.0000,3380.0000,1131.0000,0.0000,9.0000,16.0000,8.0000,2.0000
1.2870,0.3280,0.2430,0.1580,0.0620,0.0000,0.0000,0.7160,1.0000,4.0330,203.9790,1.5650,0.0000,0.0000,0.0000,66.7638,0.0000,3380.0000,1131.0000,0.0000,9.0000,16.0000,8.0000,2.0000
1.3050,0.3310,0.2680,0.1520,0.0950,0.0000,0.0000,0.7060,1.0000,4.0330,203.9790,1.5650,0.0000,0.0000,0.0000,66.7736,0.0000,3381.0000,1131.0000,0.0000,9.0000,16.0000,8.0000,2.0000
1.0570,0.3990,0.2170,0.1810,0.0540,0.0000,0.0000,0.4410,1.0000,4.0330,203.9790,1.5650,0.0000,0.0000,0.0000,66.7736,0.0000,3381.0000,1131.0000,0.0000,9.0000,16.0000,8.0000,2.0000
1.1610,0.2460,0.2530,0.1160,0.0890,0.0000,0.0000,0.6620,1.0000,4.0330,203.9790,1.5650,0.0000,0.0000,0.0000,66.7844,0.0000,3382.0000,1131.0000,0.0000,9.0000,16.0000,8.0000,2.0000
1.1430,0.3080,0.2600,0.1420,0.0670,0.0000,0.0000,0.5750,1.0000,4.0330,203.9790,1.5650,0.0000,0.0000,0.0000,66.7844,0.0000,3382.0000,1131.0000,0.0000,9.0000,16.0000,8.0000,2.0000
1.1120,0.2440,0.2820,0.1130,0.0660,0.0000,0.0000,0.5860,1.0000,4.0330,203.9790,1.5650,0.0000,0.0000,0.0000,66.7844,0.0000,3382.0000,1131.0000,0.0000,9.0000,16.0000,8.0000,2.0000
1.0080,0.2580,0.2000,0.1350,0.0530,0.0000,0.0000,0.5500,1.0000,4.0330,203.9790,1.5650,0.0000,0.0000,0.0000,66.7837,0.0000,3382.0000,1131.0000,0.0000,9.0000,15.0000,8.0000,2.0000
1.1400,0.2300,0.2330,0.1130,0.0860,0.0000,0.0000,0.6770,1.0000,4.0330,203.9790,1.5650,0.0000,0.0000,0.0000,66.7953,0.0000,3383.0000,1131.0000,0.0000,9.0000,15.0000,8.0000,2.0000
1.0680,0.2940,0.1970,0.1350,0.0520,0.0000,0.0000,0.5770,1.0000,4.0330,203.9790,1.5650,0.0000,0.0000,0.0000,66.7953,0.0000,3383.0000,1131.0000,0.0000,9.0000,15.0000,8.0000,2.0000
1.0470,0.2620,0.2160,0.1240,0.0570,0.0000,0.0000,0.5690,1.0000,4.0330,203.9790,1.5650,0.0000,0.0000,0.0000,66.7954,0.0000,3383.0000,1131.0000,0.0000,9.0000,15.0000,8.0000,2.0000
1.0570,0.2820,0.1980,0.1610,0.0540,0.0000,0.0000,0.5770,1.0000,4.0330,203.9790,1.5650,0.0000,0.0000,0.0000,66.7954,0.0000,3383.0000,1131.0000,0.0000,9.0000,15.0000,8.0000,2.0000
1.0820,0.3050,0.2000,0.1820,0.0560,0.0000,0.0000,0.5770,1.0000,4.0330,203.9790,1.5650,0.0000,0.0000,0.0000,66.7979,0.0000,3384.0000,1131.0000,0.0000,9.0000,15.0000,8.0000,2.0000
1.1850,0.3110,0.1920,0.1910,0.0540,0.0000,0.0000,0.6820,1.0000,4.0330,203.9790,1.5650,0.0000,0.0000,0.0000,66.7977,0.0000,3384.0000,1131.0000,0.0000,9.0000,15.0000,8.0000,3.0000
1.3220,0.3990,0.2820,0.2390,0.1190,0.0000,0.0000,0.6410,1.0000,4.0330,203.9790,1.5650,0.0000,0.0000,0.0000,66.8105,0.0000,3387.0000,1131.0000,0.0000,9.0000,15.0000,8.0000,3.0000
1.2840,0.3110,0.2480,0.1200,0.0640,0.0000,0.0000,0.7250,1.0000,4.0330,203.9790,1.5650,0.0000,0.0000,0.0000,66.8105,0.0000,3387.0000,1131.0000,0.0000,9.0000,15.0000,8.0000,3.0000
1.3490,0.3120,0.2190,0.1330,0.0570,0.0000,0.0000,0.8180,1.0000,4.0330,203.9790,1.5650,0.0000,0.0000,0.0000,66.8106,0.0000,3387.0000,1131.0000,0.0000,9.0000,15.0000,8.0000,3.0000
1.1520,0.3150,0.2350,0.1810,0.0610,0.0000,0.0000,0.6020,1.0000,4.0330,203.9790,1.5650,0.0000,0.0000,0.0000,66.8106,0.0000,3387.0000,1131.0000,0.0000,9.0000,15.0000,8.0000,3.0000
1.0640,0.2570,0.2020,0.1190,0.0550,0.0000,0.0000,0.6050,1.0000,4.0330,203.9790,1.5650,0.0000,0.0000,0.0000,66.8106,0.0000,3387.0000,1131.0000,0.0000,9.0000,15.0000,8.0000,3.0000
1.0430,0.2620,0.2230,0.1250,0.0830,0.0000,0.0000,0.5580,1.0000,4.0330,203.9790,1.5650,0.0000,0.0000,0.0000,66.8106,0.0000,3387.0000,1131.0000,0.0000,9.0000,15.0000,8.0000,3.0000
1.2970,0.2390,0.3150,0.1160,0.1310,0.0000,0.0000,0.7430,1.0000,4.0330,203.9790,1.5650,0.0000,0.0000,0.0000,66.8208,0.0000,3388.0000,1131.0000,0.0000,9.0000,15.0000,8.0000,3.0000
1.0710,0.3180,0.2270,0.1410,0.0600,0.0000,0.0000,0.5260,1.0000,4.0330,203.9790,1.5650,0.0000,0.0000,0.0000,66.8208,0.0000,3388.0000,1131.0000,0.0000,9.0000,15.0000,8.0000,3.0000
1.0310,0.2560,0.2000,0.1160,0.0540,0.0000,0.0000,0.5750,1.0000,4.0330,203.9790,1.5650,0.0000,0.0000,0.0000,66.8209,0.0000,3388.0000,1131.0000,0.0000,9.0000,15.0000,8.0000,3.0000
1.0280,0.2630,0.1870,0.1220,0.0520,0.0000,0.0000,0.5780,1.0000,4.0330,203.9790,1.5650,0.0000,0.0000,0.0000,66.8209,0.0000,3388.0000,1131.0000,0.0000,9.0000,15.0000,8.0000,3.0000
1.0540,0.2430,0.2030,0.1130,0.0540,0.0000,0.0000,0.6080,1.0000,4.0330,203.9790,1.5650,0.0000,0.0000,0.0000,66.8202,0.0000,3388.0000,1131.0000,0.0000,9.0000,14.0000,8.0000,3.0000
1.0910,0.3020,0.2240,0.1740,0.0850,0.0000,0.0000,0.5650,1.0000,4.0330,203.9790,1.5650,0.0000,0.0000,0.0000,66.8304,0.0000,3389.0000,1131.0000,0.0000,9.0000,14.0000,8.0000,3.0000
1.0420,0.3210,0.1950,0.1640,0.0520,0.0000,0.0000,0.5260,1.0000,4.0330,203.9790,1.5650,0.0000,0.0000,0.0000,66.8304,0.0000,3389.0000,1131.0000,0.0000,9.0000,14.0000,8.0000,3.0000
1.1740,0.2960,0.2330,0.1240,0.0950,0.0000,0.0000,0.6450,1.0000,4.0330,203.9790,1.5650,0.0000,0.0000,0.0000,66.8408,0.0000,3390.0000,1131.0000,0.0000,9.0000,14.0000,8.0000,3.0000
1.1150,0.3690,0.2190,0.1220,0.0570,0.0000,0.0000,0.5270,1.0000,4.0330,203.9790,1.5650,0.0000,0.0000,0.0000,66.8408,0.0000,3390.0000,1131.0000,0.0000,9.0000,14.0000,8.0000,3.0000
1.0240,0.2500,0.1910,0.1230,0.0510,0.0000,0.0000,0.5830,1.0000,4.0330,203.9790,1.5650,0.0000,0.0000,0.0000,66.8408,0.0000,3390.0000,1131.0000,0.0000,9.0000,14.0000,8.0000,3.0000
1.0800,0.2420,0.2440,0.1180,0.0910,0.0000,0.0000,0.5940,1.0000,4.0330,203.9790,1.5650,0.0000,0.0000,0.0000,66.8408,0.0000,3390.0000,1131.0000,0.0000,9.0000,14.0000,8.0000,3.0000
1.1850,0.2710,0.2250,0.1450,0.0540,0.0000,0.0000,0.6890,1.0000,4.0330,203.9790,1.5650,0.0000,0.0000,0.0000,66.8408,0.0000,3390.0000,1131.0000,0.0000,9.0000,14.0000,8.0000,3.0000
1.1530,0.2910,0.2250,0.1470,0.0590,0.0000,0.0000,0.6370,1.0000,4.0330,203.9790,1.5650,0.0000,0.0000,0.0000,66.8408,0.0000,3390.0000,1131.0000,0.0000,9.0000,14.0000,8.0000,3.0000
1.3300,0.2680,0.2130,0.1410,0.0690,0.0000,0.0000,0.8490,1.0000,4.0330,203.9790,1.5650,0.0000,0.0000,0.0000,66.8408,0.0000,3390.0000,1131.0000,0.0000,9.0000,14.0000,8.0000,3.0000
1.1760,0.3240,0.2280,0.1800,0.0610,0.0000,0.0000,0.6240,1.0000,4.0330,203.9790,1.5650,0.0000,0.0000,0.0000,66.8408,0.0000,3390.0000,1131.0000,0.0000,9.0000,14.0000,8.0000,3.0000
1.0980,0.3420,0.2180,0.1450,0.0570,0.0000,0.0000,0.5380,1.0000,4.0330,203.9790,1.5650,0.0000,0.0000,0.0000,66.8397,0.0000,3388.0000,1131.0000,0.0000,9.0000,14.0000,8.0000,3.0000
1.0930,0.2500,0.2210,0.1230,0.0860,0.0000,0.0000,0.6220,1.0000,4.0330,203.9790,1.5650,0.0000,0.0000,0.0000,66.8397,0.0000,3388.0000,1131.0000,0.0000,9.0000,14.0000,8.0000,3.0000
1.2060,0.2420,0.2950,0.1190,0.0640,0.0000,0.0000,0.6690,1.0000,4.0330,203.9790,1.5650,0.0000,0.0000,0.0000,66.8404,0.0000,3388.0000,1131.0000,0.0000,9.0000,15.0000,8.0000,3.0000
1.1980,0.2930,0.2480,0.1550,0.0900,0.0000,0.0000,0.6570,1.0000,4.0330,203.9790,1.5650,0.0000,0.0000,0.0000,66.8506,0.0000,3389.0000,1131.0000,0.0000,9.0000,15.0000,8.0000,3.0000
1.0080,0.3060,0.1980,0.1260,0.0540,0.0000,0.0000,0.5040,1.0000,4.0330,203.9790,1.5650,0.0000,0.0000,0.0000,66.8506,0.0000,3389.0000,1131.0000,0.0000,9.0000,15.0000,8.0000,3.0000
0.9900,0.2810,0.1860,0.1580,0.0510,0.0000,0.0000,0.5230,1.0000,4.0330,203.9790,1.5650,0.0000,0.0000,0.0000,66.8507,0.0000,3389.0000,1131.0000,0.0000,9.0000,15.0000,8.0000,3.0000
1.0890,0.2400,0.1830,0.1180,0.0520,0.0000,0.0000,0.6660,1.0000,4.0330,203.9790,1.5650,0.0000,0.0000,0.0000,66.8494,0.0000,3388.0000,1131.0000,0.0000,9.0000,15.0000,8.0000,3.0000
1.2020,0.3390,0.2190,0.2040,0.0580,0.0000,0.0000,0.6440,1.0000,4.0330,203.9790,1.5650,0.0000,0.0000,0.0000,66.8494,0.0000,3388.0000,1131.0000,0.0000,9.0000,15.0000,8.0000,3.0000
1.1190,0.2920,0.2070,0.1250,0.0560,0.0000,0.0000,0.6200,1.0000,4.0330,203.9790,1.5650,0.0000,0.0000,0.0000,66.8494,0.0000,3388.0000,1131.0000,0.0000,9.0000,15.0000,8.0000,3.0000
1.2130,0.2440,0.2750,0.1190,0.1040,0.0000,0.0000,0.6940,1.0000,4.0330,203.9790,1.5650,0.0000,0.0000,0.0000,66.8494,0.0000,3388.0000,1131.0000,0.0000,9.0000,15.0000,8.0000,3.0000
1.0610,0.2660,0.2670,0.1310,0.0900,0.0000,0.0000,0.5280,1.0000,4.0330,203.9790,1.5650,0.0000,0.0000,0.0000,66.8494,0.0000,3388.0000,1131.0000,0.0000,9.0000,15.0000,8.0000,3.0000
0.9860,0.2440,0.1950,0.1210,0.0530,0.0000,0.0000,0.5470,1.0000,4.0330,203.9790,1.5650,0.0000,0.0000,0.0000,66.8494,0.0000,3388.0000,1131.0000,0.0000,9.0000,15.0000,8.0000,3.0000
0.9870,0.2300,0.1930,0.1170,0.0530,0.0000,0.0000,0.5640,1.0000,4.0330,203.9790,1.5650,0.0000,0.0000,0.0000,66.8494,0.0000,3388.0000,1131.0000,0.0000,9.0000,15.0000,8.0000,3.0000
1.1470,0.2300,0.2520,0.1170,0.0930,0.0000,0.0000,0.6650,1.0000,4.0330,203.9790,1.5650,0.0000,0.0000,0.0000,66.8696,0.0000,3390.0000,1131.0000,0.0000,9.0000,15.0000,8.0000,3.0000
1.0890,0.3310,0.2250,0.1380,0.0540,0.0000,0.0000,0.5330,1.0000,4.0330,203.9790,1.5650,0.0000,0.0000,0.0000,66.8696,0.0000,3390.0000,1131.0000,0.0000,9.0000,15.0000,8.0000,3.0000
1.1430,0.2480,0.2400,0.1330,0.0880,0.0000,0.0000,0.6550,1.0000,4.0330,203.9790,1.5650,0.0000,0.0000,0.0000,66.8795,0.0000,3391.0000,1131.0000,0.0000,9.0000,15.0000,8.0000,3.0000
2.0200,0.2920,0.1970,0.1210,0.0540,0.0000,0.0000,1.5310,1.0000,4.0330,203.9790,1.5650,0.0000,0.0000,0.0000,66.8795,0.0000,3391.0000,1131.0000,0.0000,9.0000,15.0000,8.0000,3.0000
1.2240,0.2950,0.2240,0.1630,0.0560,0.0000,0.0000,0.7050,1.0000,4.0330,203.9790,1.5650,0.0000,0.0000,0.0000,66.6999,0.0000,3373.0000,1131.0000,0.0000,9.0000,15.0000,8.0000,3.0000
1.0550,0.3230,0.2160,0.1310,0.0550,0.0000,0.0000,0.5160,1.0000,4.0330,203.9790,1.5650,0.0000,0.0000,0.0000,66.6998,0.0000,3373.0000,1131.0000,0.0000,9.0000,15.0000,8.0000,3.0000
1.2870,0.2420,0.2460,0.1190,0.0840,0.0000,0.0000,0.7990,1.0000,4.0330,203.9790,1.5650,0.0000,0.0000,0.0000,66.7114,0.0000,3374.0000,1131.0000,0.0000,9.0000,15.0000,8.0000,3.0000
1.1030,0.2980,0.2650,0.1250,0.0890,0.0000,0.0000,0.5400,1.0000,4.0330,203.9790,1.5650,0.0000,0.0000,0.0000,66.7114,0.0000,3374.0000,1131.0000,0.0000,9.0000,15.0000,8.0000,3.0000
1.5300,0.2440,0.4980,0.1200,0.3410,0.0000,0.0000,0.7880,1.0000,4.0330,203.9790,1.5650,0.0000,0.0000,0.0000,66.7355,0.0000,3377.0000,1131.0000,0.0000,9.0000,15.0000,8.0000,3.0000
1.0940,0.4150,0.2300,0.1440,0.0660,0.0000,0.0000,0.4490,1.0000,4.0330,203.9790,1.5650,0.0000,0.0000,0.0000,66.7358,0.0000,3378.0000,1131.0000,0.0000,9.0000,15.0000,8.0000,3.0000
1.4380,0.2480,0.2210,0.1240,0.0630,0.0000,0.0000,0.9690,1.0000,4.0330,203.9790,1.5650,0.0000,0.0000,0.0000,66.7359,0.0000,3378.0000,1131.0000,0.0000,9.0000,15.0000,8.0000,3.0000
1.1100,0.2630,0.2320,0.1260,0.0670,0.0000,0.0000,0.6150,1.0000,4.0330,203.9790,1.5650,0.0000,0.0000,0.0000,66.7359,0.0000,3378.0000,1131.0000,0.0000,9.0000,15.0000,8.0000,3.0000
1.1830,0.2630,0.1970,0.1390,0.0540,0.0000,0.0000,0.7230,1.0000,4.0330,203.9790,1.5650,0.0000,0.0000,0.0000,66.7359,0.0000,3378.0000,1131.0000,0.0000,9.0000,15.0000,8.0000,3.0000
1.1980,0.2520,0.2280,0.1240,0.0610,0.0000,0.0000,0.7180,1.0000,4.0330,203.9790,1.5650,0.0000,0.0000,0.0000,66.7359,0.0000,3378.0000,1131.0000,0.0000,9.0000,15.0000,8.0000,3.0000
1.0710,0.3890,0.2200,0.1870,0.0580,0.0000,0.0000,0.4620,1.0000,4.0330,203.9790,1.5650,0.0000,0.0000,0.0000,66.7359,0.0000,3378.0000,1131.0000,0.0000,9.0000,15.0000,8.0000,3.0000
1.0860,0.2510,0.2070,0.1260,0.0560,0.0000,0.0000,0.6280,1.0000,4.0330,203.9790,1.5650,0.0000,0.0000,0.0000,66.7359,0.0000,3378.0000,1131.0000,0.0000,9.0000,15.0000,8.0000,3.0000
1.0460,0.2380,0.1850,0.1190,0.0520,0.0000,0.0000,0.6230,1.0000,4.0330,203.9790,1.5650,0.0000,0.0000,0.0000,66.7359,0.0000,3378.0000,1131.0000,0.0000,9.0000,15.0000,8.0000,3.0000
0.9960,0.2330,0.2090,0.1160,0.0790,0.0000,0.0000,0.5540,1.0000,4.0330,203.9790,1.5650,0.0000,0.0000,0.0000,66.7359,0.0000,3378.0000,1131.0000,0.0000,9.0000,15.0000,8.0000,3.0000
0.9450,0.2330,0.2050,0.1170,0.0520,0.0000,0.0000,0.5070,1.0000,4.0330,203.9790,1.5650,0.0000,0.0000,0.0000,66.7359,0.0000,3378.0000,1131.0000,0.0000,9.0000,15.0000,8.0000,3.0000
0.9500,0.2280,0.1780,0.1160,0.0510,0.0000,0.0000,0.5440,1.0000,4.0330,203.9790,1.5650,0.0000,0.0000,0.0000,66.7359,0.0000,3378.0000,1131.0000,0.0000,9.0000,15.0000,8.0000,3.0000
1.0130,0.2290,0.1920,0.1150,0.0520,0.0000,0.0000,0.5920,1.0000,4.0330,203.9790,1.5650,0.0000,0.0000,0.0000,66.7359,0.0000,3378.0000,1131.0000,0.0000,9.0000,15.0000,8.0000,3.0000
1.0230,0.2300,0.1920,0.1160,0.0530,0.0000,0.0000,0.6010,1.0000,4.0330,203.9790,1.5650,0.0000,0.0000,0.0000,66.7359,0.0000,3378.0000,1131.0000,0.0000,9.0000,15.0000,8.0000,3.0000
1.2530,0.2830,0.1970,0.1210,0.0690,0.0000,0.0000,0.7730,1.0000,4.0330,203.9790,1.5650,0.0000,0.0000,0.0000,66.7359,0.0000,3378.0000,1131.0000,0.0000,9.0000,15.0000,8.0000,3.0000
1.4030,0.2710,0.2530,0.1300,0.0890,0.0000,0.0000,0.8790,1.0000,4.0330,203.9790,1.5650,0.0000,0.0000,0.0000,66.7462,0.0000,3379.0000,1131.0000,0.0000,9.0000,15.0000,8.0000,3.0000
1.1660,0.3050,0.2220,0.1450,0.0580,0.0000,0.0000,0.6390,1.0000,4.0330,203.9790,1.5650,0.0000,0.0000,0.0000,66.7462,0.0000,3379.0000,1131.0000,0.0000,9.0000,15.0000,8.0000,3.0000
1.1860,0.3440,0.2510,0.1740,0.1080,0.0000,0.0000,0.5910,1.0000,4.0330,203.9790,1.5650,0.0000,0.0000,0.0000,66.7664,0.0000,3381.0000,1131.0000,0.0000,9.0000,15.0000,8.0000,3.0000
1.2010,0.3290,0.3210,0.1250,0.1550,0.0000,0.0000,0.5510,1.0000,4.0330,203.9790,1.5650,0.0000,0.0000,0.0000,66.7767,0.0000,3382.0000,1131.0000,0.0000,9.0000,15.0000,8.0000,3.0000
1.1130,0.2770,0.2320,0.1150,0.0550,0.0000,0.0000,0.6040,1.0000,4.0330,203.9790,1.5650,0.0000,0.0000,0.0000,66.7768,0.0000,3382.0000,1131.0000,0.0000,9.0000,15.0000,8.0000,3.0000
1.0920,0.2580,0.2220,0.1400,0.0530,0.0000,0.0000,0.6120,1.0000,4.0330,203.9790,1.5650,0.0000,0.0000,0.0000,66.7769,0.0000,3382.0000,1131.0000,0.0000,9.0000,15.0000,8.0000,3.0000
0.9940,0.2510,0.2000,0.1310,0.0540,0.0000,0.0000,0.5430,1.0000,4.0330,203.9790,1.5650,0.0000,0.0000,0.0000,66.7769,0.0000,3382.0000,1131.0000,0.0000,9.0000,15.0000,8.0000,3.0000
1.0100,0.2520,0.1800,0.1350,0.0520,0.0000,0.0000,0.5780,1.0000,4.0330,203.9790,1.5650,0.0000,0.0000,0.0000,66.7769,0.0000,3382.0000,1131.0000,0.0000,9.0000,15.0000,8.0000,3.0000
0.9410,0.2420,0.1810,0.1330,0.0510,0.0000,0.0000,0.5180,1.0000,4.0330,203.9790,1.5650,0.0000,0.0000,0.0000,66.7769,0.0000,3382.0000,1131.0000,0.0000,9.0000,15.0000,8.0000,3.0000
1.2010,0.2350,0.3290,0.1260,0.0640,0.0000,0.0000,0.6370,1.0000,4.0330,203.9790,1.5650,0.0000,0.0000,0.0000,66.7769,0.0000,3382.0000,1131.0000,0.0000,9.0000,15.0000,8.0000,3.0000
1.0880,0.2720,0.2060,0.1290,0.0560,0.0000,0.0000,0.6100,1.0000,4.0330,203.9790,1.5650,0.0000,0.0000,0.0000,66.7769,0.0000,3382.0000,1131.0000,0.0000,9.0000,15.0000,8.0000,3.0000
1.1390,0.2880,0.1900,0.1630,0.0530,0.0000,0.0000,0.6610,1.0000,4.0330,203.9790,1.5650,0.0000,0.0000,0.0000,66.7769,0.0000,3382.0000,1131.0000,0.0000,9.0000,15.0000,8.0000,3.0000
1.1550,0.3290,0.2300,0.2100,0.0680,0.0000,0.0000,0.5960,1.0000,4.0330,203.9790,1.5650,0.0000,0.0000,0.0000,66.7769,0.0000,3382.0000,1131.0000,0.0000,9.0000,15.0000,8.0000,3.0000
1.1470,0.3180,0.2120,0.1300,0.0540,0.0000,0.0000,0.6170,1.0000,4.0330,203.9790,1.5650,0.0000,0.0000,0.0000,66.7769,0.0000,3382.0000,1131.0000,0.0000,9.0000,15.0000,8.0000,3.0000
1.2690,0.2530,0.2280,0.1230,0.0840,0.0000,0.0000,0.7880,1.0000,4.0330,203.9790,1.5650,0.0000,0.0000,0.0000,66.7769,0.0000,3382.0000,1131.0000,0.0000,9.0000,15.0000,8.0000,3.0000
1.1740,0.3060,0.2230,0.1370,0.0570,0.0000,0.0000,0.6450,1.0000,4.0330,203.9790,1.5650,0.0000,0.0000,0.0000,66.7769,0.0000,3382.0000,1131.0000,0.0000,9.0000,15.0000,8.0000,3.0000
1.0160,0.2700,0.2030,0.1420,0.0550,0.0000,0.0000,0.5430,1.0000,4.0330,203.9790,1.5650,0.0000,0.0000,0.0000,66.7769,0.0000,3382.0000,1131.0000,0.0000,9.0000,15.0000,8.0000,3.0000
1.0280,0.2490,0.1960,0.1140,0.0530,0.0000,0.0000,0.5830,1.0000,4.0330,203.9790,1.5650,0.0000,0.0000,0.0000,66.7769,0.0000,3382.0000,1131.0000,0.0000,9.0000,15.0000,8.0000,3.0000
1.2970,0.2610,0.2560,0.1230,0.0710,0.0000,0.0000,0.7800,1.0000,4.0330,203.9790,1.5650,0.0000,0.0000,0.0000,66.7769,0.0000,3382.0000,1131.0000,0.0000,9.0000,15.0000,8.0000,3.0000
1.2600,0.3720,0.2520,0.1400,0.0600,0.0000,0.0000,0.6360,1.0000,4.0330,203.9790,1.5650,0.0000,0.0000,0.0000,66.7769,0.0000,3382.0000,1131.0000,0.0000,9.0000,15.0000,8.0000,3.0000
1.1170,0.2670,0.2330,0.1270,0.0560,0.0000,0.0000,0.6170,1.0000,4.0330,203.9790,1.5650,0.0000,0.0000,0.0000,66.7769,0.0000,3382.0000,1131.0000,0.0000,9.0000,15.0000,8.0000,3.0000
1.2500,0.2400,0.2410,0.1180,0.0870,0.0000,0.0000,0.7690,1.0000,4.0330,203.9790,1.5650,0.0000,0.0000,0.0000,66.7864,0.0000,3383.0000,1131.0000,0.0000,9.0000,14.0000,8.0000,3.0000
1.0850,0.3230,0.2120,0.1430,0.0540,0.0000,0.0000,0.5500,1.0000,4.0330,203.9790,1.5650,0.0000,0.0000,0.0000,66.7864,0.0000,3383.0000,1131.0000,0.0000,9.0000,14.0000,8.0000,3.0000
2.6300,0.2670,0.2300,0.1260,0.0860,0.0000,0.0000,2.1330,1.0000,4.0330,203.9790,1.5650,0.0000,0.0000,0.0000,66.7968,0.0000,3384.0000,1131.0000,0.0000,9.0000,14.0000,8.0000,3.0000
1.3470,0.3280,0.2730,0.1640,0.0690,0.0000,0.0000,0.7460,1.0000,4.0330,203.9790,1.5650,0.0000,0.0000,0.0000,66.7968,0.0000,3384.0000,1131.0000,0.0000,9.0000,14.0000,8.0000,3.0000
1.1860,0.2840,0.2590,0.1510,0.0910,0.0000,0.0000,0.6430,1.0000,4.0330,203.9790,1.5650,0.0000,0.0000,0.0000,66.8071,0.0000,3385.0000,1131.0000,0.0000,9.0000,14.0000,8.0000,3.0000
1.0650,0.3400,0.1880,0.1760,0.0510,0.0000,0.0000,0.5370,1.0000,4.0330,203.9790,1.5650,0.0000,0.0000,0.0000,66.8071,0.0000,3385.0000,1131.0000,0.0000,9.0000,14.0000,8.0000,3.0000
1.0970,0.2940,0.2160,0.1160,0.0670,0.0000,0.0000,0.5870,1.0000,4.0330,203.9790,1.5650,0.0000,0.0000,0.0000,66.8071,0.0000,3385.0000,1131.0000,0.0000,9.0000,14.0000,8.0000,3.0000
1.0140,0.2620,0.1970,0.1200,0.0530,0.0000,0.0000,0.5550,1.0000,4.0330,203.9790,1.5650,0.0000,0.0000,0.0000,66.8071,0.0000,3385.0000,1131.0000,0.0000,9.0000,14.0000,8.0000,3.0000
0.9690,0.2710,0.1930,0.1160,0.0510,0.0000,0.0000,0.5050,1.0000,4.0330,203.9790,1.5650,0.0000,0.0000,0.0000,66.8071,0.0000,3385.0000,1131.0000,0.0000,9.0000,14.0000,8.0000,3.0000
1.0050,0.2290,0.1910,0.1130,0.0520,0.0000,0.0000,0.5850,1.0000,4.0330,203.9790,1.5650,0.0000,0.0000,0.0000,66.8071,0.0000,3385.0000,1131.0000,0.0000,9.0000,14.0000,8.0000,4.0000
0.9900,0.2860,0.2000,0.1680,0.0590,0.0000,0.0000,0.5040,1.0000,4.0330,203.9790,1.5650,0.0000,0.0000,0.0000,66.8071,0.0000,3385.0000,1131.0000,0.0000,9.0000,14.0000,8.0000,4.0000
1.0260,0.2320,0.1930,0.1140,0.0540,0.0000,0.0000,0.6010,1.0000,4.0330,203.9790,1.5650,0.0000,0.0000,0.0000,66.8071,0.0000,3385.0000,1131.0000,0.0000,9.0000,14.0000,8.0000,4.0000
1.0080,0.2830,0.1970,0.1210,0.0530,0.0000,0.0000,0.5280,1.0000,4.0330,203.9790,1.5650,0.0000,0.0000,0.0000,66.8071,0.0000,3385.0000,1131.0000,0.0000,9.0000,14.0000,8.0000,4.0000
0.9340,0.2270,0.1890,0.1130,0.0510,0.0000,0.0000,0.5180,1.0000,4.0330,203.9790,1.5650,0.0000,0.0000,0.0000,66.8071,0.0000,3385.0000,1131.0000,0.0000,9.0000,14.0000,8.0000,4.0000
0.9260,0.2270,0.1850,0.1160,0.0630,0.0000,0.0000,0.5140,1.0000,4.0330,203.9790,1.5650,0.0000,0.0000,0.0000,66.8071,0.0000,3385.0000,1131.0000,0.0000,9.0000,14.0000,8.0000,4.0000
1.0560,0.2550,0.1760,0.1140,0.0510,0.0000,0.0000,0.6250,1.0000,4.0330,203.9790,1.5650,0.0000,0.0000,0.0000,66.8071,0.0000,3385.0000,1131.0000,0.0000,9.0000,14.0000,8.0000,4.0000
0.9630,0.3200,0.1950,0.1700,0.0630,0.0000,0.0000,0.4480,1.0000,4.0330,203.9790,1.5650,0.0000,0.0000,0.0000,66.8071,0.0000,3385.0000,1131.0000,0.0000,9.0000,14.0000,8.0000,4.0000
0.9920,0.2630,0.1980,0.1190,0.0540,0.0000,0.0000,0.5310,1.0000,4.0330,203.9790,1.5650,0.0000,0.0000,0.0000,66.8071,0.0000,3385.0000,1131.0000,0.0000,9.0000,14.0000,8.0000,4.0000
1.0390,0.2820,0.2210,0.1200,0.0920,0.0000,0.0000,0.5360,1.0000,4.0330,203.9790,1.5650,0.0000,0.0000,0.0000,66.8174,0.0000,3386.0000,1131.0000,0.0000,9.0000,14.0000,8.0000,4.0000
1.0130,0.3080,0.1920,0.1190,0.0610,0.0000,0.0000,0.5130,1.0000,4.0330,203.9790,1.5650,0.0000,0.0000,0.0000,66.8174,0.0000,3386.0000,1131.0000,0.0000,9.0000,14.0000,8.0000,4.0000
0.9370,0.3130,0.1920,0.1580,0.0630,0.0000,0.0000,0.4320,1.0000,4.0330,203.9790,1.5650,0.0000,0.0000,0.0000,66.8174,0.0000,3386.0000,1131.0000,0.0000,9.0000,14.0000,8.0000,4.0000
1.0180,0.2590,0.1740,0.1160,0.0500,0.0000,0.0000,0.5850,1.0000,4.0330,203.9790,1.5650,0.0000,0.0000,0.0000,66.8174,0.0000,3386.0000,1131.0000,0.0000,9.0000,14.0000,8.0000,4.0000
0.9840,0.2570,0.1730,0.1180,0.0510,0.0000,0.0000,0.5540,1.0000,4.0330,203.9790,1.5650,0.0000,0.0000,0.0000,66.8174,0.0000,3386.0000,1131.0000,0.0000,9.0000,14.0000,8.0000,4.0000
1.0560,0.2590,0.2030,0.1150,0.0820,0.0000,0.0000,0.5940,1.0000,4.0330,203.9790,1.5650,0.0000,0.0000,0.0000,66.8277,0.0000,3387.0000,1131.0000,0.0000,9.0000,14.0000,8.0000,4.0000
0.9390,0.3460,0.1910,0.1590,0.0640,0.0000,0.0000,0.4020,1.0000,4.0330,203.9790,1.5650,0.0000,0.0000,0.0000,66.8277,0.0000,3387.0000,1131.0000,0.0000,9.0000,14.0000,8.0000,4.0000
1.0270,0.2620,0.2140,0.1190,0.0900,0.0000,0.0000,0.5510,1.0000,4.0330,203.9790,1.5650,0.0000,0.0000,0.0000,66.8380,0.0000,3388.0000,1131.0000,0.0000,9.0000,14.0000,8.0000,4.0000
0.9270,0.3030,0.1820,0.1170,0.0510,0.0000,0.0000,0.4420,1.0000,4.0330,203.9790,1.5650,0.0000,0.0000,0.0000,66.8380,0.0000,3388.0000,1131.0000,0.0000,9.0000,14.0000,8.0000,4.0000
1.0510,0.2560,0.2020,0.1130,0.0790,0.0000,0.0000,0.5930,1.0000,4.0330,203.9790,1.5650,0.0000,0.0000,0.0000,66.8483,0.0000,3389.0000,1131.0000,0.0000,9.0000,14.0000,8.0000,4.0000
0.9380,0.3570,0.1810,0.1720,0.0500,0.0000,0.0000,0.4000,1.0000,4.0330,203.9790,1.5650,0.0000,0.0000,0.0000,66.8483,0.0000,3389.0000,1131.0000,0.0000,9.0000,14.0000,8.0000,4.0000
0.9450,0.2550,0.1740,0.1140,0.0490,0.0000,0.0000,0.5160,1.0000,4.0330,203.9790,1.5650,0.0000,0.0000,0.0000,66.8484,0.0000,3389.0000,1131.0000,0.0000,9.0000,14.0000,8.0000,4.0000
0.9400,0.2740,0.1830,0.1680,0.0510,0.0000,0.0000,0.4830,1.0000,4.0330,203.9790,1.5650,0.0000,0.0000,0.0000,66.8484,0.0000,3389.0000,1131.0000,0.0000,9.0000,14.0000,8.0000,4.0000
0.9300,0.2700,0.1740,0.1620,0.0480,0.0000,0.0000,0.4860,1.0000,4.0330,203.9790,1.5650,0.0000,0.0000,0.0000,66.8484,0.0000,3389.0000,1131.0000,0.0000,9.0000,14.0000,8.0000,4.0000
0.9750,0.2290,0.1970,0.1140,0.0540,0.0000,0.0000,0.5490,1.0000,4.0330,203.9790,1.5650,0.0000,0.0000,0.0000,66.8484,0.0000,3389.0000,1131.0000,0.0000,9.0000,14.0000,8.0000,4.0000
1.1830,0.2340,0.1960,0.1150,0.0660,0.0000,0.0000,0.7530,1.0000,4.0330,203.9790,1.5650,0.0000,0.0000,0.0000,66.8491,0.0000,3389.0000,1131.0000,0.0000,9.0000,15.0000,8.0000,4.0000
1.0400,0.3160,0.2050,0.1800,0.0550,0.0000,0.0000,0.5190,1.0000,4.0330,203.9790,1.5650,0.0000,0.0000,0.0000,66.8491,0.0000,3389.0000,1131.0000,0.0000,9.0000,15.0000,8.0000,4.0000
1.0530,0.3060,0.1830,0.1880,0.0500,0.0000,0.0000,0.5640,1.0000,4.0330,203.9790,1.5650,0.0000,0.0000,0.0000,66.8498,0.0000,3389.0000,1131.0000,0.0000,9.0000,16.0000,8.0000,4.0000
1.0950,0.3270,0.2330,0.1690,0.1020,0.0000,0.0000,0.5350,1.0000,4.0330,203.9790,1.5650,0.0000,0.0000,0.0000,66.8700,0.0000,3391.0000,1131.0000,0.0000,9.0000,16.0000,8.0000,4.0000
0.9550,0.3480,0.1940,0.1200,0.0510,0.0000,0.0000,0.4130,1.0000,4.0330,203.9790,1.5650,0.0000,0.0000,0.0000,66.8700,0.0000,3391.0000,1131.0000,0.0000,9.0000,16.0000,8.0000,4.0000
0.9730,0.2380,0.1880,0.1240,0.0610,0.0000,0.0000,0.5470,1.0000,4.0330,203.9790,1.5650,0.0000,0.0000,0.0000,66.8708,0.0000,3391.0000,1131.0000,0.0000,9.0000,17.0000,8.0000,4.0000
1.1030,0.2640,0.2150,0.1190,0.0640,0.0000,0.0000,0.6240,1.0000,4.0330,203.9790,1.5650,0.0000,0.0000,0.0000,66.8708,0.0000,3391.0000,1131.0000,0.0000,9.0000,17.0000,8.0000,4.0000
1.0890,0.3470,0.2050,0.1240,0.0550,0.0000,0.0000,0.5370,1.0000,4.0330,203.9790,1.5650,0.0000,0.0000,0.0000,66.8708,0.0000,3391.0000,1131.0000,0.0000,9.0000,17.0000,8.0000,4.0000
0.9930,0.2380,0.1820,0.1210,0.0500,0.0000,0.0000,0.5730,1.0000,4.0330,203.9790,1.5650,0.0000,0.0000,0.0000,66.8708,0.0000,3391.0000,1131.0000,0.0000,9.0000,17.0000,8.0000,4.0000
1.1530,0.2310,0.2150,0.1210,0.0540,0.0000,0.0000,0.7070,1.0000,4.0330,203.9790,1.5650,0.0000,0.0000,0.0000,66.8708,0.0000,3391.0000,1131.0000,0.0000,9.0000,17.0000,8.0000,4.0000
2.7620,0.2640,0.2250,0.1360,0.0550,0.0000,0.0000,2.2730,1.0000,4.0330,203.9790,1.5650,0.0000,0.0000,0.0000,66.8708,0.0000,3391.0000,1131.0000,0.0000,9.0000,17.0000,8.0000,3.0000
1.0540,0.2400,0.2390,0.1210,0.0730,0.0000,0.0000,0.5750,1.0000,4.0330,203.9790,1.5650,0.0000,0.0000,0.0000,66.6855,0.0000,3373.0000,1131.0000,0.0000,9.0000,18.0000,8.0000,3.0000
0.9250,0.2350,0.1760,0.1230,0.0570,0.0000,0.0000,0.5140,1.0000,4.0330,203.9790,1.5650,0.0000,0.0000,0.0000,66.6854,0.0000,3373.0000,1131.0000,0.0000,9.0000,18.0000,8.0000,3.0000
0.9430,0.2360,0.1920,0.0980,0.0720,0.0000,0.0000,0.5150,1.0000,4.0330,203.9790,1.5650,0.0000,0.0000,0.0000,66.6956,0.0000,3374.0000,1131.0000,0.0000,9.0000,18.0000,8.0000,3.0000
0.8490,0.2320,0.1540,0.1000,0.0430,0.0000,0.0000,0.4630,1.0000,4.0330,203.9790,1.5650,0.0000,0.0000,0.0000,66.6956,0.0000,3374.0000,1131.0000,0.0000,9.0000,18.0000,8.0000,3.0000
0.8270,0.2420,0.1690,0.1470,0.0460,0.0000,0.0000,0.4160,1.0000,4.0330,203.9790,1.5650,0.0000,0.0000,0.0000,66.6957,0.0000,3374.0000,1131.0000,0.0000,9.0000,18.0000,8.0000,3.0000
0.9830,0.2040,0.1490,0.1120,0.0420,0.0000,0.0000,0.6300,1.0000,4.0330,203.9790,1.5650,0.0000,0.0000,0.0000,66.6957,0.0000,3374.0000,1131.0000,0.0000,9.0000,18.0000,8.0000,3.0000
1.0270,0.1780,0.2140,0.0930,0.0750,0.0000,0.0000,0.6350,1.0000,4.0330,203.9790,1.5650,0.0000,0.0000,0.0000,66.7060,0.0000,3375.0000,1131.0000,0.0000,9.0000,18.0000,8.0000,3.0000
1.0360,0.2850,0.1740,0.1290,0.0470,0.0000,0.0000,0.5770,1.0000,4.0330,203.9790,1.5650,0.0000,0.0000,0.0000,66.7059,0.0000,3375.0000,1131.0000,0.0000,9.0000,17.0000,8.0000,4.0000
0.8810,0.3010,0.1830,0.2080,0.0530,0.0000,0.0000,0.3970,1.0000,4.0330,203.9790,1.5650,0.0000,0.0000,0.0000,66.7059,0.0000,3375.0000,1131.0000,0.0000,9.0000,17.0000,8.0000,4.0000
0.8100,0.1990,0.1650,0.0990,0.0460,0.0000,0.0000,0.4460,1.0000,4.0330,203.9790,1.5650,0.0000,0.0000,0.0000,66.7059,0.0000,3375.0000,1131.0000,0.0000,9.0000,17.0000,8.0000,4.0000
0.9390,0.1850,0.2530,0.0980,0.1030,0.0000,0.0000,0.5010,1.0000,4.0330,203.9790,1.5650,0.0000,0.0000,0.0000,66.7162,0.0000,3376.0000,1131.0000,0.0000,9.0000,17.0000,8.0000,4.0000
0.7960,0.2260,0.1790,0.1020,0.0450,0.0000,0.0000,0.3910,1.0000,4.0330,203.9790,1.5650,0.0000,0.0000,0.0000,66.7162,0.0000,3376.0000,1131.0000,0.0000,9.0000,17.0000,8.0000,4.0000
0.7860,0.1930,0.1560,0.0950,0.0530,0.0000,0.0000,0.4370,1.0000,4.0330,203.9790,1.5650,0.0000,0.0000,0.0000,66.7169,0.0000,3376.0000,1131.0000,0.0000,9.0000,18.0000,8.0000,4.0000
0.7740,0.1870,0.1480,0.0970,0.0440,0.0000,0.0000,0.4390,1.0000,4.0330,203.9790,1.5650,0.0000,0.0000,0.0000,66.7169,0.0000,3376.0000,1131.0000,0.0000,9.0000,18.0000,8.0000,4.0000
0.7640,0.1890,0.1500,0.0940,0.0440,0.0000,0.0000,0.4250,1.0000,4.0330,203.9790,1.5650,0.0000,0.0000,0.0000,66.7169,0.0000,3376.0000,1131.0000,0.0000,9.0000,18.0000,8.0000,4.0000
0.8130,0.1760,0.1830,0.0940,0.0470,0.0000,0.0000,0.4540,1.0000,4.0330,203.9790,1.5650,0.0000,0.0000,0.0000,66.7169,0.0000,3376.0000,1131.0000,0.0000,9.0000,18.0000,8.0000,4.0000
1.1990,0.1820,0.1760,0.0950,0.0710,0.0000,0.0000,0.8410,1.0000,4.0330,203.9790,1.5650,0.0000,0.0000,0.0000,66.7169,0.0000,3376.0000,1131.0000,0.0000,9.0000,18.0000,8.0000,4.0000
0.8370,0.1820,0.1720,0.0960,0.0460,0.0000,0.0000,0.4830,1.0000,4.0330,203.9790,1.5650,0.0000,0.0000,0.0000,66.7169,0.0000,3376.0000,1131.0000,0.0000,9.0000,18.0000,8.0000,4.0000
0.7980,0.1930,0.1910,0.1010,0.0610,0.0000,0.0000,0.4140,1.0000,4.0330,203.9790,1.5650,0.0000,0.0000,0.0000,66.7169,0.0000,3376.0000,1131.0000,0.0000,9.0000,18.0000,8.0000,4.0000
0.8290,0.1840,0.1450,0.0960,0.0410,0.0000,0.0000,0.5000,1.0000,4.0330,203.9790,1.5650,0.0000,0.0000,0.0000,66.7169,0.0000,3376.0000,1131.0000,0.0000,9.0000,18.0000,8.0000,4.0000
0.7860,0.2550,0.1490,0.1390,0.0440,0.0000,0.0000,0.3820,1.0000,4.0330,203.9790,1.5650,0.0000,0.0000,0.0000,66.7169,0.0000,3376.0000,1131.0000,0.0000,9.0000,18.0000,8.0000,4.0000
0.7870,0.2280,0.1480,0.1310,0.0430,0.0000,0.0000,0.4110,1.0000,4.0330,203.9790,1.5650,0.0000,0.0000,0.0000,66.7169,0.0000,3376.0000,1131.0000,0.0000,9.0000,18.0000,8.0000,4.0000
0.7420,0.1850,0.1460,0.1020,0.0430,0.0000,0.0000,0.4110,1.0000,4.0330,203.9790,1.5650,0.0000,0.0000,0.0000,66.7169,0.0000,3376.0000,1131.0000,0.0000,9.0000,18.0000,8.0000,4.0000
0.8830,0.1770,0.1480,0.0950,0.0400,0.0000,0.0000,0.5580,1.0000,4.0330,203.9790,1.5650,0.0000,0.0000,0.0000,66.7169,0.0000,3376.0000,1131.0000,0.0000,9.0000,18.0000,8.0000,4.0000
0.8660,0.1820,0.1630,0.0970,0.0540,0.0000,0.0000,0.5210,1.0000,4.0330,203.9790,1.5650,0.0000,0.0000,0.0000,66.7169,0.0000,3376.0000,1131.0000,0.0000,9.0000,18.0000,8.0000,4.0000
0.9510,0.2270,0.1730,0.1040,0.0680,0.0000,0.0000,0.5510,1.0000,4.0330,203.9790,1.5650,0.0000,0.0000,0.0000,66.7267,0.0000,3377.0000,1131.0000,0.0000,9.0000,18.0000,8.0000,5.0000
0.8390,0.3190,0.1590,0.1630,0.0490,0.0000,0.0000,0.3610,1.0000,4.0330,203.9790,1.5650,0.0000,0.0000,0.0000,66.7267,0.0000,3377.0000,1131.0000,0.0000,9.0000,18.0000,8.0000,5.0000
0.9030,0.2410,0.1910,0.1410,0.0550,0.0000,0.0000,0.4710,1.0000,4.0330,203.9790,1.5650,0.0000,0.0000,0.0000,66.7268,0.0000,3377.0000,1131.0000,0.0000,9.0000,18.0000,8.0000,5.0000
0.9540,0.2130,0.1940,0.1140,0.0700,0.0000,0.0000,0.5470,1.0000,4.0330,203.9790,1.5650,0.0000,0.0000,0.0000,66.7371,0.0000,3378.0000,1131.0000,0.0000,9.0000,18.0000,8.0000,5.0000
0.9570,0.2370,0.2030,0.1120,0.0840,0.0000,0.0000,0.5170,1.0000,4.0330,203.9790,1.5650,0.0000,0.0000,0.0000,66.7566,0.0000,3380.0000,1131.0000,0.0000,9.0000,17.0000,8.0000,5.0000
0.8620,0.2720,0.1810,0.1170,0.0670,0.0000,0.0000,0.4090,1.0000,4.0330,203.9790,1.5650,0.0000,0.0000,0.0000,66.7675,0.0000,3381.0000,1131.0000,0.0000,9.0000,17.0000,8.0000,5.0000
0.8470,0.2140,0.1750,0.0940,0.0450,0.0000,0.0000,0.4580,1.0000,4.0330,203.9790,1.5650,0.0000,0.0000,0.0000,66.7676,0.0000,3381.0000,1131.0000,0.0000,9.0000,17.0000,8.0000,5.0000
0.9070,0.1960,0.2200,0.1010,0.0510,0.0000,0.0000,0.4910,1.0000,4.0330,203.9790,1.5650,0.0000,0.0000,0.0000,66.7677,0.0000,3381.0000,1131.0000,0.0000,9.0000,17.0000,8.0000,5.0000
0.9390,0.2100,0.1730,0.1090,0.0450,0.0000,0.0000,0.5560,1.0000,4.0330,203.9790,1.5650,0.0000,0.0000,0.0000,66.7670,0.0000,3381.0000,1131.0000,0.0000,9.0000,16.0000,8.0000,5.0000
0.8340,0.2020,0.1750,0.1010,0.0470,0.0000,0.0000,0.4570,1.0000,4.0330,203.9790,1.5650,0.0000,0.0000,0.0000,66.7670,0.0000,3381.0000,1131.0000,0.0000,9.0000,16.0000,8.0000,5.0000
0.8170,0.1920,0.1500,0.0990,0.0420,0.0000,0.0000,0.4750,1.0000,4.0330,203.9790,1.5650,0.0000,0.0000,0.0000,66.7670,0.0000,3381.0000,1131.0000,0.0000,9.0000,16.0000,8.0000,5.0000
0.8630,0.2310,0.1730,0.1370,0.0590,0.0000,0.0000,0.4590,1.0000,4.0330,203.9790,1.5650,0.0000,0.0000,0.0000,66.7670,0.0000,3381.0000,1131.0000,0.0000,9.0000,16.0000,8.0000,5.0000
0.8170,0.2110,0.1530,0.1130,0.0440,0.0000,0.0000,0.4530,1.0000,4.0330,203.9790,1.5650,0.0000,0.0000,0.0000,66.7670,0.0000,3381.0000,1131.0000,0.0000,9.0000,16.0000,8.0000,5.0000
0.8510,0.2160,0.1940,0.1030,0.0450,0.0000,0.0000,0.4410,1.0000,4.0330,203.9790,1.5650,0.0000,0.0000,0.0000,66.7670,0.0000,3381.0000,1131.0000,0.0000,9.0000,16.0000,8.0000,5.0000
0.7820,0.1880,0.1840,0.0960,0.0450,0.0000,0.0000,0.4100,1.0000,4.0330,203.9790,1.5650,0.0000,0.0000,0.0000,66.7670,0.0000,3381.0000,1131.0000,0.0000,9.0000,16.0000,8.0000,5.0000
0.7700,0.1830,0.1400,0.0960,0.0410,0.0000,0.0000,0.4470,1.0000,4.0330,203.9790,1.5650,0.0000,0.0000,0.0000,66.7670,0.0000,3381.0000,1131.0000,0.0000,9.0000,16.0000,8.0000,5.0000
1.0300,0.1890,0.1540,0.0970,0.0510,0.0000,0.0000,0.6870,1.0000,4.0330,203.9790,1.5650,0.0000,0.0000,0.0000,66.7663,0.0000,3381.0000,1131.0000,0.0000,9.0000,15.0000,8.0000,5.0000
0.8770,0.2440,0.1660,0.1080,0.0460,0.0000,0.0000,0.4670,1.0000,4.0330,203.9790,1.5650,0.0000,0.0000,0.0000,66.7663,0.0000,3381.0000,1131.0000,0.0000,9.0000,15.0000,8.0000,5.0000
0.7930,0.2480,0.1540,0.1450,0.0440,0.0000,0.0000,0.3910,1.0000,4.0330,203.9790,1.5650,0.0000,0.0000,0.0000,66.7663,0.0000,3381.0000,1131.0000,0.0000,9.0000,15.0000,8.0000,5.0000
0.7420,0.1920,0.1450,0.1070,0.0420,0.0000,0.0000,0.4050,1.0000,4.0330,203.9790,1.5650,0.0000,0.0000,0.0000,66.7663,0.0000,3381.0000,1131.0000,0.0000,9.0000,15.0000,8.0000,5.0000
0.7480,0.1780,0.1670,0.0950,0.0420,0.0000,0.0000,0.4030,1.0000,4.0330,203.9790,1.5650,0.0000,0.0000,0.0000,66.7663,0.0000,3381.0000,1131.0000,0.0000,9.0000,15.0000,8.0000,5.0000
0.9440,0.1810,0.2130,0.0950,0.1000,0.0000,0.0000,0.5500,1.0000,4.0330,203.9790,1.5650,0.0000,0.0000,0.0000,66.7765,0.0000,3382.0000,1131.0000,0.0000,9.0000,15.0000,8.0000,5.0000
0.8370,0.2430,0.1560,0.1050,0.0430,0.0000,0.0000,0.4380,1.0000,4.0330,203.9790,1.5650,0.0000,0.0000,0.0000,66.7765,0.0000,3382.0000,1131.0000,0.0000,9.0000,15.0000,8.0000,5.0000
0.9480,0.2530,0.1880,0.1330,0.0800,0.0000,0.0000,0.5070,1.0000,4.0330,203.9790,1.5650,0.0000,0.0000,0.0000,66.8082,0.0000,3385.0000,1131.0000,0.0000,9.0000,16.0000,8.0000,5.0000
1.3450,0.3330,0.1830,0.1360,0.0470,0.0000,0.0000,0.8290,1.0000,4.0330,203.9790,1.5650,0.0000,0.0000,0.0000,66.8082,0.0000,3385.0000,1131.0000,0.0000,9.0000,16.0000,8.0000,5.0000
0.9240,0.2090,0.2020,0.1030,0.0480,0.0000,0.0000,0.5130,1.0000,4.0330,203.9790,1.5650,0.0000,0.0000,0.0000,66.8084,0.0000,3385.0000,1131.0000,0.0000,9.0000,16.0000,8.0000,5.0000
0.9090,0.1990,0.1780,0.0990,0.0450,0.0000,0.0000,0.5320,1.0000,4.0330,203.9790,1.5650,0.0000,0.0000,0.0000,66.8084,0.0000,3385.0000,1131.0000,0.0000,9.0000,16.0000,8.0000,5.0000
0.9130,0.2490,0.1850,0.1130,0.0690,0.0000,0.0000,0.4790,1.0000,4.0330,203.9790,1.5650,0.0000,0.0000,0.0000,66.8186,0.0000,3386.0000,1131.0000,0.0000,9.0000,16.0000,8.0000,5.0000
0.9400,0.2590,0.1780,0.1000,0.0660,0.0000,0.0000,0.5030,1.0000,4.0330,203.9790,1.5650,0.0000,0.0000,0.0000,66.8282,0.0000,3387.0000,1131.0000,0.0000,9.0000,15.0000,8.0000,5.0000
0.9930,0.2810,0.1670,0.1410,0.0450,0.0000,0.0000,0.5450,1.0000,4.0330,203.9790,1.5650,0.0000,0.0000,0.0000,66.8283,0.0000,3387.0000,1131.0000,0.0000,9.0000,15.0000,8.0000,5.0000
1.4390,0.3260,0.1750,0.2270,0.0460,0.0000,0.0000,0.9380,1.0000,4.0330,203.9790,1.5650,0.0000,0.0000,0.0000,66.8283,0.0000,3387.0000,1131.0000,0.0000,9.0000,15.0000,8.0000,5.0000
0.9140,0.7340,0.2160,0.6230,0.0530,0.0000,0.0000,0.0000,1.0000,4.0330,203.9790,1.5650,0.0000,0.0000,0.0000,66.8290,0.0000,3387.0000,1131.0000,0.0000,9.0000,16.0000,8.0000,5.0000
0.8400,0.2080,0.1760,0.1030,0.0460,0.0000,0.0000,0.4560,1.0000,4.0330,203.9790,1.5650,0.0000,0.0000,0.0000,66.8290,0.0000,3387.0000,1131.0000,0.0000,9.0000,16.0000,8.0000,5.0000
0.8180,0.1920,0.1490,0.0990,0.0420,0.0000,0.0000,0.4770,1.0000,4.0330,203.9790,1.5650,0.0000,0.0000,0.0000,66.8290,0.0000,3387.0000,1131.0000,0.0000,9.0000,16.0000,8.0000,5.0000
0.8570,0.2320,0.1650,0.0990,0.0450,0.0000,0.0000,0.4600,1.0000,4.0330,203.9790,1.5650,0.0000,0.0000,0.0000,66.8290,0.0000,3387.0000,1131.0000,0.0000,9.0000,16.0000,8.0000,5.0000
0.8390,0.2030,0.1520,0.1110,0.0420,0.0000,0.0000,0.4840,1.0000,4.0330,203.9790,1.5650,0.0000,0.0000,0.0000,66.8285,0.0000,3387.0000,1131.0000,0.0000,9.0000,15.0000,8.0000,6.0000
0.8120,0.2400,0.1570,0.1520,0.0470,0.0000,0.0000,0.4150,1.0000,4.0330,203.9790,1.5650,0.0000,0.0000,0.0000,66.8285,0.0000,3387.0000,1131.0000,0.0000,9.0000,15.0000,8.0000,6.0000
0.9220,0.1890,0.1720,0.0990,0.0430,0.0000,0.0000,0.5610,1.0000,4.0330,203.9790,1.5650,0.0000,0.0000,0.0000,66.8285,0.0000,3387.0000,1131.0000,0.0000,9.0000,15.0000,8.0000,6.0000
0.9520,0.2750,0.2140,0.1230,0.0540,0.0000,0.0000,0.4630,1.0000,4.0330,203.9790,1.5650,0.0000,0.0000,0.0000,66.8285,0.0000,3387.0000,1131.0000,0.0000,9.0000,15.0000,8.0000,6.0000
1.0200,0.2160,0.2550,0.1040,0.1200,0.0000,0.0000,0.5490,1.0000,4.0330,203.9790,1.5650,0.0000,0.0000,0.0000,66.8487,0.0000,3389.0000,1131.0000,0.0000,9.0000,15.0000,8.0000,6.0000
0.9300,0.2710,0.2300,0.1040,0.1040,0.0000,0.0000,0.4290,1.0000,4.0330,203.9790,1.5650,0.0000,0.0000,0.0000,66.8690,0.0000,3391.0000,1131.0000,0.0000,9.0000,15.0000,8.0000,6.0000
0.7920,0.2590,0.1610,0.1000,0.0440,0.0000,0.0000,0.3720,1.0000,4.0330,203.9790,1.5650,0.0000,0.0000,0.0000,66.8691,0.0000,3391.0000,1131.0000,0.0000,9.0000,15.0000,8.0000,6.0000
0.7890,0.1900,0.1480,0.0980,0.0420,0.0000,0.0000,0.4510,1.0000,4.0330,203.9790,1.5650,0.0000,0.0000,0.0000,66.8692,0.0000,3391.0000,1131.0000,0.0000,9.0000,15.0000,8.0000,6.0000
0.7610,0.2390,0.1460,0.1400,0.0420,0.0000,0.0000,0.3760,1.0000,4.0330,203.9790,1.5650,0.0000,0.0000,0.0000,66.8692,0.0000,3391.0000,1131.0000,0.0000,9.0000,15.0000,8.0000,6.0000
0.7880,0.1780,0.1780,0.0940,0.0450,0.0000,0.0000,0.4320,1.0000,4.0330,203.9790,1.5650,0.0000,0.0000,0.0000,66.8692,0.0000,3391.0000,1131.0000,0.0000,9.0000,15.0000,8.0000,6.0000
0.7480,0.1880,0.1660,0.0990,0.0640,0.0000,0.0000,0.3940,1.0000,4.0330,203.9790,1.5650,0.0000,0.0000,0.0000,66.8692,0.0000,3391.0000,1131.0000,0.0000,9.0000,15.0000,8.0000,6.0000
0.9240,0.1870,0.1780,0.0990,0.0790,0.0000,0.0000,0.5590,1.0000,4.0330,203.9790,1.5650,0.0000,0.0000,0.0000,66.8992,0.0000,3394.0000,1131.0000,0.0000,9.0000,15.0000,8.0000,6.0000
0.7890,0.3220,0.1440,0.1010,0.0410,0.0000,0.0000,0.3230,1.0000,4.0330,203.9790,1.5650,0.0000,0.0000,0.0000,66.8992,0.0000,3394.0000,1131.0000,0.0000,9.0000,15.0000,8.0000,5.0000
0.7760,0.2440,0.1500,0.1450,0.0460,0.0000,0.0000,0.3820,1.0000,4.0330,203.9790,1.5650,0.0000,0.0000,0.0000,66.8994,0.0000,3394.0000,1131.0000,0.0000,9.0000,15.0000,8.0000,5.0000
0.7750,0.1880,0.1770,0.1040,0.0440,0.0000,0.0000,0.4100,1.0000,4.0330,203.9790,1.5650,0.0000,0.0000,0.0000,66.8987,0.0000,3394.0000,1131.0000,0.0000,9.0000,14.0000,8.0000,5.0000
0.8290,0.1850,0.1920,0.0970,0.0700,0.0000,0.0000,0.4520,1.0000,4.0330,203.9790,1.5650,0.0000,0.0000,0.0000,66.9089,0.0000,3395.0000,1131.0000,0.0000,9.0000,14.0000,8.0000,5.0000
0.8520,0.2190,0.1780,0.0970,0.0750,0.0000,0.0000,0.4550,1.0000,4.0330,203.9790,1.5650,0.0000,0.0000,0.0000,66.9192,0.0000,3396.0000,1131.0000,0.0000,9.0000,14.0000,8.0000,5.0000
0.8290,0.2230,0.1450,0.0990,0.0410,0.0000,0.0000,0.4610,1.0000,4.0330,203.9790,1.5650,0.0000,0.0000,0.0000,66.9193,0.0000,3396.0000,1131.0000,0.0000,9.0000,14.0000,8.0000,5.0000
0.9260,0.2280,0.1610,0.1410,0.0450,0.0000,0.0000,0.5370,1.0000,4.0330,203.9790,1.5650,0.0000,0.0000,0.0000,66.9193,0.0000,3396.0000,1131.0000,0.0000,9.0000,14.0000,8.0000,5.0000
0.8540,0.2050,0.1650,0.1070,0.0450,0.0000,0.0000,0.4840,1.0000,4.0330,203.9790,1.5650,0.0000,0.0000,0.0000,66.9193,0.0000,3396.0000,1131.0000,0.0000,9.0000,14.0000,8.0000,5.0000
0.8980,0.2050,0.1810,0.1160,0.0550,0.0000,0.0000,0.5120,1.0000,4.0330,203.9790,1.5650,0.0000,0.0000,0.0000,66.9193,0.0000,3396.0000,1131.0000,0.0000,9.0000,14.0000,8.0000,5.0000
0.9110,0.2110,0.1670,0.1110,0.0450,0.0000,0.0000,0.5330,1.0000,4.0330,203.9790,1.5650,0.0000,0.0000,0.0000,66.9193,0.0000,3396.0000,1131.0000,0.0000,9.0000,14.0000,8.0000,5.0000
0.9400,0.2370,0.2080,0.1190,0.0740,0.0000,0.0000,0.4950,1.0000,4.0330,203.9790,1.5650,0.0000,0.0000,0.0000,66.9296,0.0000,3397.0000,1131.0000,0.0000,9.0000,14.0000,8.0000,5.0000
0.8340,0.2310,0.1840,0.1030,0.0450,0.0000,0.0000,0.4190,1.0000,4.0330,203.9790,1.5650,0.0000,0.0000,0.0000,66.9296,0.0000,3397.0000,1131.0000,0.0000,9.0000,14.0000,8.0000,5.0000
0.7830,0.1950,0.1610,0.1010,0.0430,0.0000,0.0000,0.4270,1.0000,4.0330,203.9790,1.5650,0.0000,0.0000,0.0000,66.9296,0.0000,3397.0000,1131.0000,0.0000,9.0000,14.0000,8.0000,5.0000
0.7700,0.1900,0.1430,0.1000,0.0410,0.0000,0.0000,0.4370,1.0000,4.0330,203.9790,1.5650,0.0000,0.0000,0.0000,66.9296,0.0000,3397.0000,1131.0000,0.0000,9.0000,14.0000,8.0000,5.0000
0.7890,0.2360,0.1460,0.1400,0.0430,0.0000,0.0000,0.4070,1.0000,4.0330,203.9790,1.5650,0.0000,0.0000,0.0000,66.9296,0.0000,3397.0000,1131.0000,0.0000,9.0000,14.0000,8.0000,5.0000
0.7620,0.1780,0.1460,0.0930,0.0420,0.0000,0.0000,0.4380,1.0000,4.0330,203.9790,1.5650,0.0000,0.0000,0.0000,66.9296,0.0000,3397.0000,1131.0000,0.0000,9.0000,14.0000,8.0000,5.0000
0.8880,0.1800,0.1930,0.0950,0.0910,0.0000,0.0000,0.5150,1.0000,4.0330,203.9790,1.5650,0.0000,0.0000,0.0000,66.9399,0.0000,3398.0000,1131.0000,0.0000,9.0000,14.0000,8.0000,5.0000
1.0200,0.2280,0.1590,0.0990,0.0420,0.0000,0.0000,0.6330,1.0000,4.0330,203.9790,1.5650,0.0000,0.0000,0.0000,66.9398,0.0000,3398.0000,1131.0000,0.0000,9.0000,14.0000,8.0000,6.0000
0.8320,0.2460,0.1770,0.1560,0.0500,0.0000,0.0000,0.4090,1.0000,4.0330,203.9790,1.5650,0.0000,0.0000,0.0000,66.9398,0.0000,3398.0000,1131.0000,0.0000,9.0000,14.0000,8.0000,6.0000
0.7870,0.2010,0.1510,0.1040,0.0420,0.0000,0.0000,0.4350,1.0000,4.0330,203.9790,1.5650,0.0000,0.0000,0.0000,66.9398,0.0000,3398.0000,1131.0000,0.0000,9.0000,14.0000,8.0000,6.0000
0.7640,0.2200,0.1450,0.1010,0.0410,0.0000,0.0000,0.3990,1.0000,4.0330,203.9790,1.5650,0.0000,0.0000,0.0000,66.9398,0.0000,3398.0000,1131.0000,0.0000,9.0000,14.0000,8.0000,6.0000
0.7760,0.1930,0.1520,0.1090,0.0430,0.0000,0.0000,0.4310,1.0000,4.0330,203.9790,1.5650,0.0000,0.0000,0.0000,66.9398,0.0000,3398.0000,1131.0000,0.0000,9.0000,14.0000,8.0000,6.0000
0.8630,0.1850,0.1920,0.0990,0.0670,0.0000,0.0000,0.4860,1.0000,4.0330,203.9790,1.5650,0.0000,0.0000,0.0000,66.9501,0.0000,3399.0000,1131.0000,0.0000,9.0000,14.0000,8.0000,6.0000
0.9630,0.2190,0.1570,0.0960,0.0420,0.0000,0.0000,0.5870,1.0000,4.0330,203.9790,1.5650,0.0000,0.0000,0.0000,66.9501,0.0000,3399.0000,1131.0000,0.0000,9.0000,14.0000,8.0000,6.0000
0.9960,0.2340,0.2540,0.1140,0.1170,0.0000,0.0000,0.5080,1.0000,4.0330,203.9790,1.5650,0.0000,0.0000,0.0000,66.9705,0.0000,3401.0000,1131.0000,0.0000,9.0000,14.0000,8.0000,6.0000
1.0270,0.2730,0.2130,0.1000,0.0490,0.0000,0.0000,0.5410,1.0000,4.0330,203.9790,1.5650,0.0000,0.0000,0.0000,66.9823,0.0000,3402.0000,1131.0000,0.0000,9.0000,14.0000,8.0000,6.0000
0.9460,0.3280,0.2520,0.1110,0.1150,0.0000,0.0000,0.3660,1.0000,4.0330,203.9790,1.5650,0.0000,0.0000,0.0000,66.9927,0.0000,3403.0000,1131.0000,0.0000,9.0000,14.0000,8.0000,6.0000
0.9760,0.2410,0.2250,0.1010,0.0980,0.0000,0.0000,0.5100,1.0000,4.0330,203.9790,1.5650,0.0000,0.0000,0.0000,67.0130,0.0000,3405.0000,1131.0000,0.0000,9.0000,14.0000,8.0000,6.0000
0.8830,0.2790,0.1940,0.1060,0.0790,0.0000,0.0000,0.4100,1.0000,4.0330,203.9790,1.5650,0.0000,0.0000,0.0000,67.0234,0.0000,3406.0000,1131.0000,0.0000,9.0000,14.0000,8.0000,6.0000
0.8970,0.2350,0.1790,0.0970,0.0450,0.0000,0.0000,0.4830,1.0000,4.0330,203.9790,1.5650,0.0000,0.0000,0.0000,67.0235,0.0000,3406.0000,1131.0000,0.0000,9.0000,14.0000,8.0000,6.0000
0.8810,0.3000,0.1580,0.1530,0.0440,0.0000,0.0000,0.4230,1.0000,4.0330,203.9790,1.5650,0.0000,0.0000,0.0000,67.0236,0.0000,3406.0000,1131.0000,0.0000,9.0000,14.0000,8.0000,6.0000
0.7510,0.2410,0.1490,0.1360,0.0420,0.0000,0.0000,0.3610,1.0000,4.0330,203.9790,1.5650,0.0000,0.0000,0.0000,67.0236,0.0000,3406.0000,1131.0000,0.0000,9.0000,14.0000,8.0000,6.0000
0.9150,0.1950,0.1810,0.1060,0.0760,0.0000,0.0000,0.5390,1.0000,4.0330,203.9790,1.5650,0.0000,0.0000,0.0000,67.0356,0.0000,3407.0000,1131.0000,0.0000,9.0000,14.0000,8.0000,5.0000
1.3190,0.2350,0.1960,0.1010,0.0830,0.0000,0.0000,0.8880,1.0000,4.0330,203.9790,1.5650,0.0000,0.0000,0.0000,67.0356,0.0000,3407.0000,1131.0000,0.0000,9.0000,14.0000,8.0000,5.0000
0.8700,0.2430,0.1820,0.1360,0.0480,0.0000,0.0000,0.4450,1.0000,4.0330,203.9790,1.5650,0.0000,0.0000,0.0000,67.0357,0.0000,3407.0000,1131.0000,0.0000,9.0000,14.0000,8.0000,5.0000
0.8220,0.2220,0.1560,0.1200,0.0450,0.0000,0.0000,0.4440,1.0000,4.0330,203.9790,1.5650,0.0000,0.0000,0.0000,66.7336,0.0000,3378.0000,1131.0000,0.0000,9.0000,14.0000,8.0000,5.0000
0.7380,0.1890,0.1500,0.0950,0.0430,0.0000,0.0000,0.3990,1.0000,4.0330,203.9790,1.5650,0.0000,0.0000,0.0000,66.7336,0.0000,3378.0000,1131.0000,0.0000,9.0000,14.0000,8.0000,5.0000
1.1240,0.1890,0.4420,0.0970,0.0610,0.0000,0.0000,0.4930,1.0000,4.0330,203.9790,1.5650,0.0000,0.0000,0.0000,66.7336,0.0000,3378.0000,1131.0000,0.0000,9.0000,14.0000,8.0000,5.0000
0.9140,0.2000,0.2180,0.0980,0.0500,0.0000,0.0000,0.4960,1.0000,4.0330,203.9790,1.5650,0.0000,0.0000,0.0000,66.7336,0.0000,3378.0000,1131.0000,0.0000,9.0000,14.0000,8.0000,5.0000
0.9590,0.2150,0.2370,0.1040,0.1090,0.0000,0.0000,0.5070,1.0000,4.0330,203.9790,1.5650,0.0000,0.0000,0.0000,66.7439,0.0000,3379.0000,1131.0000,0.0000,9.0000,14.0000,8.0000,5.0000
0.8570,0.2420,0.1780,0.1030,0.0450,0.0000,0.0000,0.4370,1.0000,4.0330,203.9790,1.5650,0.0000,0.0000,0.0000,66.7439,0.0000,3379.0000,1131.0000,0.0000,9.0000,14.0000,8.0000,5.0000
0.8100,0.2010,0.1550,0.1020,0.0440,0.0000,0.0000,0.4540,1.0000,4.0330,203.9790,1.5650,0.0000,0.0000,0.0000,66.7439,0.0000,3379.0000,1131.0000,0.0000,9.0000,14.0000,8.0000,5.0000
0.7880,0.2180,0.1460,0.0970,0.0420,0.0000,0.0000,0.4240,1.0000,4.0330,203.9790,1.5650,0.0000,0.0000,0.0000,66.7439,0.0000,3379.0000,1131.0000,0.0000,9.0000,14.0000,8.0000,5.0000
0.7370,0.1960,0.1490,0.1090,0.0430,0.0000,0.0000,0.3920,1.0000,4.0330,203.9790,1.5650,0.0000,0.0000,0.0000,66.7439,0.0000,3379.0000,1131.0000,0.0000,9.0000,14.0000,8.0000,5.0000
0.8040,0.1860,0.1680,0.0970,0.0430,0.0000,0.0000,0.4500,1.0000,4.0330,203.9790,1.5650,0.0000,0.0000,0.0000,66.7461,0.0000,3380.0000,1131.0000,0.0000,9.0000,14.0000,8.0000,5.0000
0.9800,0.2100,0.1810,0.1180,0.0670,0.0000,0.0000,0.5890,1.0000,4.0330,203.9790,1.5650,0.0000,0.0000,0.0000,66.7559,0.0000,3381.0000,1131.0000,0.0000,9.0000,14.0000,8.0000,6.0000
1.0100,0.2840,0.2030,0.1520,0.0830,0.0000,0.0000,0.5230,1.0000,4.0330,203.9790,1.5650,0.0000,0.0000,0.0000,66.7687,0.0000,3384.0000,1131.0000,0.0000,9.0000,14.0000,8.0000,6.0000
1.0310,0.2400,0.2440,0.1020,0.1080,0.0000,0.0000,0.5470,1.0000,4.0330,203.9790,1.5650,0.0000,0.0000,0.0000,66.7790,0.0000,3385.0000,1131.0000,0.0000,9.0000,14.0000,8.0000,6.0000
0.8880,0.2570,0.1700,0.1090,0.0440,0.0000,0.0000,0.4610,1.0000,4.0330,203.9790,1.5650,0.0000,0.0000,0.0000,66.7791,0.0000,3385.0000,1131.0000,0.0000,9.0000,14.0000,8.0000,6.0000
0.9510,0.2260,0.2060,0.1110,0.0890,0.0000,0.0000,0.5190,1.0000,4.0330,203.9790,1.5650,0.0000,0.0000,0.0000,66.7989,0.0000,3387.0000,1131.0000,0.0000,9.0000,14.0000,8.0000,6.0000
0.8670,0.2740,0.1740,0.1040,0.0650,0.0000,0.0000,0.4190,1.0000,4.0330,203.9790,1.5650,0.0000,0.0000,0.0000,66.8092,0.0000,3388.0000,1131.0000,0.0000,9.0000,14.0000,8.0000,6.0000
0.9180,0.2370,0.1480,0.1020,0.0430,0.0000,0.0000,0.5330,1.0000,4.0330,203.9790,1.5650,0.0000,0.0000,0.0000,66.8093,0.0000,3388.0000,1131.0000,0.0000,9.0000,14.0000,8.0000,6.0000
0.8500,0.2650,0.1640,0.1500,0.0440,0.0000,0.0000,0.4210,1.0000,4.0330,203.9790,1.5650,0.0000,0.0000,0.0000,66.8094,0.0000,3388.0000,1131.0000,0.0000,9.0000,14.0000,8.0000,6.0000
0.9580,0.2260,0.1510,0.1140,0.0430,0.0000,0.0000,0.5810,1.0000,4.0330,203.9790,1.5650,0.0000,0.0000,0.0000,66.8094,0.0000,3388.0000,1131.0000,0.0000,9.0000,14.0000,8.0000,6.0000
0.8370,0.2030,0.1620,0.1120,0.0440,0.0000,0.0000,0.4720,1.0000,4.0330,203.9790,1.5650,0.0000,0.0000,0.0000,66.8094,0.0000,3388.0000,1131.0000,0.0000,9.0000,14.0000,8.0000,6.0000
0.8540,0.2140,0.1510,0.1160,0.0430,0.0000,0.0000,0.4890,1.0000,4.0330,203.9790,1.5650,0.0000,0.0000,0.0000,66.8094,0.0000,3388.0000,1131.0000,0.0000,9.0000,14.0000,8.0000,5.0000
0.9210,0.2100,0.1740,0.1170,0.0470,0.0000,0.0000,0.5370,1.0000,4.0330,203.9790,1.5650,0.0000,0.0000,0.0000,66.8094,0.0000,3388.0000,1131.0000,0.0000,9.0000,14.0000,8.0000,5.0000
0.8950,0.2250,0.1790,0.1290,0.0710,0.0000,0.0000,0.4910,1.0000,4.0330,203.9790,1.5650,0.0000,0.0000,0.0000,66.8094,0.0000,3388.0000,1131.0000,0.0000,9.0000,14.0000,8.0000,5.0000
2.8700,0.2130,0.1550,0.1140,0.0530,0.0000,0.0000,2.5020,1.0000,4.0330,203.9790,1.5650,0.0000,0.0000,0.0000,66.8094,0.0000,3388.0000,1131.0000,0.0000,9.0000,14.0000,8.0000,5.0000
1.4920,2.1530,0.3960,2.0530,0.1100,0.0000,0.0000,0.0000,1.0000,4.0330,203.9790,1.5650,0.0000,0.0000,0.0000,66.8094,0.0000,3388.0000,1131.0000,0.0000,9.0000,14.0000,8.0000,5.0000
1.1920,0.3370,0.2500,0.1680,0.0660,0.0000,0.0000,0.6050,1.0000,4.0330,203.9790,1.5650,0.0000,0.0000,0.0000,66.8094,0.0000,3388.0000,1131.0000,0.0000,9.0000,14.0000,8.0000,5.0000
1.2190,0.3210,0.2100,0.1720,0.0580,0.0000,0.0000,0.6880,1.0000,4.0330,203.9790,1.5650,0.0000,0.0000,0.0000,66.8094,0.0000,3388.0000,1131.0000,0.0000,9.0000,14.0000,8.0000,5.0000
1.3140,0.3970,0.2920,0.2170,0.1200,0.0000,0.0000,0.6250,1.0000,4.0330,203.9790,1.5650,0.0000,0.0000,0.0000,66.8303,0.0000,3390.0000,1131.0000,0.0000,9.0000,14.0000,8.0000,5.0000
1.1030,0.3910,0.2450,0.1680,0.0600,0.0000,0.0000,0.4670,1.0000,4.0330,203.9790,1.5650,0.0000,0.0000,0.0000,66.8303,0.0000,3390.0000,1131.0000,0.0000,9.0000,14.0000,8.0000,5.0000
1.1440,0.2890,0.2380,0.1500,0.0590,0.0000,0.0000,0.6170,1.0000,4.0330,203.9790,1.5650,0.0000,0.0000,0.0000,66.8304,0.0000,3390.0000,1131.0000,0.0000,9.0000,14.0000,8.0000,5.0000
2.5380,0.2640,0.2680,0.1390,0.0620,0.0000,0.0000,2.0060,1.0000,4.0330,203.9790,1.5650,0.0000,0.0000,0.0000,66.8304,0.0000,3390.0000,1131.0000,0.0000,9.0000,14.0000,8.0000,5.0000
1.3390,0.3100,0.2590,0.1710,0.0640,0.0000,0.0000,0.7700,1.0000,4.0330,203.9790,1.5650,0.0000,0.0000,0.0000,66.8304,0.0000,3390.0000,1131.0000,0.0000,9.0000,14.0000,8.0000,5.0000
1.2610,0.3070,0.3260,0.1630,0.0700,0.0000,0.0000,0.6280,1.0000,4.0330,203.9790,1.5650,0.0000,0.0000,0.0000,66.8293,0.0000,3388.0000,1131.0000,0.0000,9.0000,14.0000,8.0000,5.0000
1.1050,0.2950,0.2100,0.1600,0.0580,0.0000,0.0000,0.6000,1.0000,4.0330,203.9790,1.5650,0.0000,0.0000,0.0000,66.8293,0.0000,3388.0000,1131.0000,0.0000,9.0000,14.0000,8.0000,5.0000
1.1250,0.3070,0.2250,0.1830,0.0600,0.0000,0.0000,0.5930,1.0000,4.0330,203.9790,1.5650,0.0000,0.0000,0.0000,66.8293,0.0000,3388.0000,1131.0000,0.0000,9.0000,14.0000,8.0000,5.0000
1.4400,0.3410,0.2390,0.2150,0.0870,0.0000,0.0000,0.8600,1.0000,4.0330,203.9790,1.5650,0.0000,0.0000,0.0000,66.8395,0.0000,3389.0000,1131.0000,0.0000,9.0000,14.0000,8.0000,5.0000
1.2980,0.4050,0.2510,0.1530,0.0600,0.0000,0.0000,0.6420,1.0000,4.0330,203.9790,1.5650,0.0000,0.0000,0.0000,66.8395,0.0000,3389.0000,1131.0000,0.0000,9.0000,14.0000,8.0000,5.0000
1.3260,0.3250,0.2840,0.1560,0.0950,0.0000,0.0000,0.7170,1.0000,4.0330,203.9790,1.5650,0.0000,0.0000,0.0000,66.8499,0.0000,3390.0000,1131.0000,0.0000,9.0000,14.0000,8.0000,5.0000
1.3410,0.3990,0.2330,0.2140,0.0850,0.0000,0.0000,0.7090,1.0000,4.0330,203.9790,1.5650,0.0000,0.0000,0.0000,66.8601,0.0000,3391.0000,1131.0000,0.0000,9.0000,14.0000,8.0000,5.0000
1.0890,0.3910,0.2390,0.1570,0.0590,0.0000,0.0000,0.4590,1.0000,4.0330,203.9790,1.5650,0.0000,0.0000,0.0000,66.8589,0.0000,3390.0000,1131.0000,0.0000,9.0000,14.0000,8.0000,5.0000
1.1380,0.2720,0.2240,0.1430,0.0560,0.0000,0.0000,0.6420,1.0000,4.0330,203.9790,1.5650,0.0000,0.0000,0.0000,66.8590,0.0000,3390.0000,1131.0000,0.0000,9.0000,14.0000,8.0000,5.0000
1.2680,0.2650,0.1920,0.1440,0.0530,0.0000,0.0000,0.8110,1.0000,4.0330,203.9790,1.5650,0.0000,0.0000,0.0000,66.8590,0.0000,3390.0000,1131.0000,0.0000,9.0000,14.0000,8.0000,5.0000
1.1720,0.2880,0.2310,0.1430,0.0590,0.0000,0.0000,0.6530,1.0000,4.0330,203.9790,1.5650,0.0000,0.0000,0.0000,66.8590,0.0000,3390.0000,1131.0000,0.0000,9.0000,14.0000,8.0000,5.0000
1.1350,0.3230,0.2150,0.1950,0.0550,0.0000,0.0000,0.5970,1.0000,4.0330,203.9790,1.5650,0.0000,0.0000,0.0000,66.8590,0.0000,3390.0000,1131.0000,0.0000,9.0000,14.0000,8.0000,5.0000
1.1330,0.3080,0.2220,0.1440,0.0650,0.0000,0.0000,0.6030,1.0000,4.0330,203.9790,1.5650,0.0000,0.0000,0.0000,66.8590,0.0000,3390.0000,1131.0000,0.0000,9.0000,14.0000,8.0000,5.0000
1.3820,0.2630,0.3170,0.1410,0.1070,0.0000,0.0000,0.8020,1.0000,4.0330,203.9790,1.5650,0.0000,0.0000,0.0000,66.8692,0.0000,3391.0000,1131.0000,0.0000,9.0000,14.0000,8.0000,5.0000
1.1440,0.3220,0.2030,0.1470,0.0570,0.0000,0.0000,0.6190,1.0000,4.0330,203.9790,1.5650,0.0000,0.0000,0.0000,66.8692,0.0000,3391.0000,1131.0000,0.0000,9.0000,14.0000,8.0000,5.0000
1.0460,0.2670,0.1930,0.1530,0.0540,0.0000,0.0000,0.5860,1.0000,4.0330,203.9790,1.5650,0.0000,0.0000,0.0000,66.8693,0.0000,3391.0000,1131.0000,0.0000,9.0000,14.0000,8.0000,5.0000
1.2270,0.2630,0.1930,0.1370,0.0540,0.0000,0.0000,0.7710,1.0000,4.0330,203.9790,1.5650,0.0000,0.0000,0.0000,66.8693,0.0000,3391.0000,1131.0000,0.0000,9.0000,14.0000,8.0000,5.0000
1.1730,0.3700,0.2320,0.2050,0.0720,0.0000,0.0000,0.5710,1.0000,4.0330,203.9790,1.5650,0.0000,0.0000,0.0000,66.8693,0.0000,3391.0000,1131.0000,0.0000,9.0000,14.0000,8.0000,5.0000
1.3290,0.2710,0.2810,0.1450,0.1290,0.0000,0.0000,0.7770,1.0000,4.0330,203.9790,1.5650,0.0000,0.0000,0.0000,66.8895,0.0000,3393.0000,1131.0000,0.0000,9.0000,14.0000,8.0000,5.0000
1.2320,0.3420,0.2030,0.1440,0.0550,0.0000,0.0000,0.6870,1.0000,4.0330,203.9790,1.5650,0.0000,0.0000,0.0000,66.8895,0.0000,3393.0000,1131.0000,0.0000,9.0000,14.0000,8.0000,5.0000
1.2160,0.2570,0.2290,0.1420,0.0590,0.0000,0.0000,0.7300,1.0000,4.0330,203.9790,1.5650,0.0000,0.0000,0.0000,66.8896,0.0000,3393.0000,1131.0000,0.0000,9.0000,14.0000,8.0000,4.0000
1.1550,0.3420,0.2040,0.2140,0.0590,0.0000,0.0000,0.6090,1.0000,4.0330,203.9790,1.5650,0.0000,0.0000,0.0000,66.8896,0.0000,3393.0000,1131.0000,0.0000,9.0000,14.0000,8.0000,4.0000
1.3850,0.3050,0.2270,0.1520,0.0670,0.0000,0.0000,0.8530,1.0000,4.0330,203.9790,1.5650,0.0000,0.0000,0.0000,66.8896,0.0000,3393.0000,1131.0000,0.0000,9.0000,14.0000,8.0000,5.0000
1.1850,0.3590,0.2410,0.2370,0.0660,0.0000,0.0000,0.5850,1.0000,4.0330,203.9790,1.5650,0.0000,0.0000,0.0000,66.8896,0.0000,3393.0000,1131.0000,0.0000,9.0000,14.0000,8.0000,5.0000
1.1000,0.2720,0.1990,0.1520,0.0580,0.0000,0.0000,0.6290,1.0000,4.0330,203.9790,1.5650,0.0000,0.0000,0.0000,66.8896,0.0000,3393.0000,1131.0000,0.0000,9.0000,14.0000,8.0000,5.0000
1.4070,0.2670,0.1970,0.1510,0.0570,0.0000,0.0000,0.9430,1.0000,4.0330,203.9790,1.5650,0.0000,0.0000,0.0000,66.8896,0.0000,3393.0000,1131.0000,0.0000,9.0000,14.0000,8.0000,5.0000
1.3520,0.5530,0.2970,0.4230,0.1230,0.0000,0.0000,0.5020,1.0000,4.0330,203.9790,1.5650,0.0000,0.0000,0.0000,66.8896,0.0000,3393.0000,1131.0000,0.0000,9.0000,14.0000,8.0000,5.0000
1.1690,0.2790,0.2210,0.1410,0.0620,0.0000,0.0000,0.6690,1.0000,4.0330,203.9790,1.5650,0.0000,0.0000,0.0000,66.8896,0.0000,3393.0000,1131.0000,0.0000,9.0000,14.0000,8.0000,5.0000
1.2200,0.2810,0.1990,0.1600,0.0550,0.0000,0.0000,0.7400,1.0000,4.0330,203.9790,1.5650,0.0000,0.0000,0.0000,66.8896,0.0000,3393.0000,1131.0000,0.0000,9.0000,14.0000,8.0000,5.0000
1.2530,0.4180,0.2620,0.2790,0.1060,0.0000,0.0000,0.5730,1.0000,4.0330,203.9790,1.5650,0.0000,0.0000,0.0000,66.8994,0.0000,3394.0000,1131.0000,0.0000,9.0000,14.0000,8.0000,5.0000
1.3520,0.3520,0.2720,0.1380,0.1270,0.0000,0.0000,0.7280,1.0000,4.0330,203.9790,1.5650,0.0000,0.0000,0.0000,66.9097,0.0000,3395.0000,1131.0000,0.0000,9.0000,14.0000,8.0000,5.0000
1.4710,0.3150,0.3140,0.1450,0.1270,0.0000,0.0000,0.8420,1.0000,4.0330,203.9790,1.5650,0.0000,0.0000,0.0000,66.9304,0.0000,3397.0000,1131.0000,0.0000,9.0000,14.0000,8.0000,5.0000
1.2360,0.4500,0.2540,0.2290,0.0640,0.0000,0.0000,0.5320,1.0000,4.0330,203.9790,1.5650,0.0000,0.0000,0.0000,66.9305,0.0000,3397.0000,1131.0000,0.0000,9.0000,14.0000,8.0000,5.0000
1.2960,0.3250,0.2450,0.1500,0.0940,0.0000,0.0000,0.7260,1.0000,4.0330,203.9790,1.5650,0.0000,0.0000,0.0000,66.9306,0.0000,3397.0000,1131.0000,0.0000,9.0000,14.0000,8.0000,5.0000
1.3760,0.3280,0.2750,0.1900,0.0720,0.0000,0.0000,0.7730,1.0000,4.0330,203.9790,1.5650,0.0000,0.0000,0.0000,66.9306,0.0000,3397.0000,1131.0000,0.0000,9.0000,14.0000,8.0000,5.0000
1.1690,0.3650,0.2290,0.2190,0.0610,0.0000,0.0000,0.5750,1.0000,4.0330,203.9790,1.5650,0.0000,0.0000,0.0000,66.9306,0.0000,3397.0000,1131.0000,0.0000,9.0000,14.0000,8.0000,5.0000
1.2120,0.3630,0.2120,0.1920,0.0560,0.0000,0.0000,0.6370,1.0000,4.0330,203.9790,1.5650,0.0000,0.0000,0.0000,66.9306,0.0000,3397.0000,1131.0000,0.0000,9.0000,14.0000,8.0000,5.0000
1.2610,0.2910,0.2510,0.1460,0.0610,0.0000,0.0000,0.7190,1.0000,4.0330,203.9790,1.5650,0.0000,0.0000,0.0000,66.9306,0.0000,3397.0000,1131.0000,0.0000,9.0000,14.0000,8.0000,5.0000
1.2270,0.2850,0.2300,0.1620,0.0590,0.0000,0.0000,0.7120,1.0000,4.0330,203.9790,1.5650,0.0000,0.0000,0.0000,66.9306,0.0000,3397.0000,1131.0000,0.0000,9.0000,14.0000,8.0000,5.0000
1.1950,0.2980,0.2400,0.1700,0.0850,0.0000,0.0000,0.6570,1.0000,4.0330,203.9790,1.5650,0.0000,0.0000,0.0000,66.9409,0.0000,3398.0000,1131.0000,0.0000,9.0000,14.0000,8.0000,5.0000
1.1960,0.3580,0.2350,0.1460,0.0700,0.0000,0.0000,0.6030,1.0000,4.0330,203.9790,1.5650,0.0000,0.0000,0.0000,66.9410,0.0000,3398.0000,1131.0000,0.0000,9.0000,14.0000,8.0000,5.0000
1.1710,0.2930,0.2900,0.1510,0.1260,0.0000,0.0000,0.5880,1.0000,4.0330,203.9790,1.5650,0.0000,0.0000,0.0000,66.9513,0.0000,3399.0000,1131.0000,0.0000,9.0000,14.0000,8.0000,5.0000
1.0970,0.3020,0.2870,0.1360,0.0940,0.0000,0.0000,0.5080,1.0000,4.0330,203.9790,1.5650,0.0000,0.0000,0.0000,66.9513,0.0000,3399.0000,1131.0000,0.0000,9.0000,14.0000,8.0000,5.0000
0.9940,0.2700,0.1980,0.1430,0.0530,0.0000,0.0000,0.5260,1.0000,4.0330,203.9790,1.5650,0.0000,0.0000,0.0000,66.9514,0.0000,3399.0000,1131.0000,0.0000,9.0000,14.0000,8.0000,5.0000
1.0340,0.2560,0.2130,0.1340,0.0570,0.0000,0.0000,0.5650,1.0000,4.0330,203.9790,1.5650,0.0000,0.0000,0.0000,66.9513,0.0000,3399.0000,1131.0000,0.0000,9.0000,14.0000,8.0000,5.0000
0.9360,0.2650,0.1910,0.1430,0.0520,0.0000,0.0000,0.4800,1.0000,4.0330,203.9790,1.5650,0.0000,0.0000,0.0000,66.9512,0.0000,3399.0000,1131.0000,0.0000,9.0000,14.0000,8.0000,5.0000
1.0630,0.2480,0.2240,0.1350,0.0550,0.0000,0.0000,0.5910,1.0000,4.0330,203.9790,1.5650,0.0000,0.0000,0.0000,66.9512,0.0000,3399.0000,1131.0000,0.0000,9.0000,14.0000,8.0000,5.0000
0.9240,0.2560,0.1870,0.1390,0.0510,0.0000,0.0000,0.4810,1.0000,4.0330,203.9790,1.5650,0.0000,0.0000,0.0000,66.9512,0.0000,3399.0000,1131.0000,0.0000,9.0000,14.0000,8.0000,5.0000
1.0270,0.2500,0.2420,0.1370,0.0540,0.0000,0.0000,0.5350,1.0000,4.0330,203.9790,1.5650,0.0000,0.0000,0.0000,66.7444,0.0000,3379.0000,1131.0000,0.0000,9.0000,14.0000,8.0000,5.0000
1.1580,0.2680,0.2260,0.1440,0.0870,0.0000,0.0000,0.6640,1.0000,4.0330,203.9790,1.5650,0.0000,0.0000,0.0000,66.7441,0.0000,3379.0000,1131.0000,0.0000,9.0000,14.0000,8.0000,5.0000
1.0880,0.3350,0.2070,0.1770,0.0550,0.0000,0.0000,0.5460,1.0000,4.0330,203.9790,1.5650,0.0000,0.0000,0.0000,66.7440,0.0000,3379.0000,1131.0000,0.0000,9.0000,14.0000,8.0000,5.0000
1.0030,0.2710,0.1990,0.1560,0.0560,0.0000,0.0000,0.5330,1.0000,4.0330,203.9790,1.5650,0.0000,0.0000,0.0000,66.7441,0.0000,3379.0000,1131.0000,0.0000,9.0000,14.0000,8.0000,5.0000
1.1970,0.2630,0.2300,0.1540,0.0940,0.0000,0.0000,0.7040,1.0000,4.0330,203.9790,1.5650,0.0000,0.0000,0.0000,66.7648,0.0000,3381.0000,1131.0000,0.0000,9.0000,14.0000,8.0000,5.0000
1.0910,0.4010,0.2100,0.1950,0.0570,0.0000,0.0000,0.4800,1.0000,4.0330,203.9790,1.5650,0.0000,0.0000,0.0000,66.7649,0.0000,3381.0000,1131.0000,0.0000,9.0000,14.0000,8.0000,5.0000
1.0730,0.3520,0.1960,0.2350,0.0550,0.0000,0.0000,0.5250,1.0000,4.0330,203.9790,1.5650,0.0000,0.0000,0.0000,66.7650,0.0000,3381.0000,1131.0000,0.0000,9.0000,14.0000,8.0000,5.0000
1.2070,0.3000,0.1980,0.1460,0.0640,0.0000,0.0000,0.7090,1.0000,4.0330,203.9790,1.5650,0.0000,0.0000,0.0000,66.7650,0.0000,3381.0000,1131.0000,0.0000,9.0000,14.0000,8.0000,5.0000
1.1780,0.4070,0.2540,0.1590,0.1010,0.0000,0.0000,0.5170,1.0000,4.0330,203.9790,1.5650,0.0000,0.0000,0.0000,66.7650,0.0000,3381.0000,1131.0000,0.0000,9.0000,14.0000,8.0000,5.0000
1.1370,0.2770,0.2400,0.1470,0.0580,0.0000,0.0000,0.6200,1.0000,4.0330,203.9790,1.5650,0.0000,0.0000,0.0000,66.7650,0.0000,3381.0000,1131.0000,0.0000,9.0000,14.0000,8.0000,5.0000
1.1300,0.2600,0.1910,0.1430,0.0540,0.0000,0.0000,0.6790,1.0000,4.0330,203.9790,1.5650,0.0000,0.0000,0.0000,66.7650,0.0000,3381.0000,1131.0000,0.0000,9.0000,14.0000,8.0000,5.0000
1.2480,0.2760,0.2320,0.1610,0.0960,0.0000,0.0000,0.7400,1.0000,4.0330,203.9790,1.5650,0.0000,0.0000,0.0000,66.7852,0.0000,3383.0000,1131.0000,0.0000,9.0000,14.0000,8.0000,5.0000
1.1010,0.4150,0.1980,0.2060,0.0560,0.0000,0.0000,0.4880,1.0000,4.0330,203.9790,1.5650,0.0000,0.0000,0.0000,66.7852,0.0000,3383.0000,1131.0000,0.0000,9.0000,14.0000,8.0000,5.0000
1.2380,0.3400,0.3090,0.1850,0.0600,0.0000,0.0000,0.5890,1.0000,4.0330,203.9790,1.5650,0.0000,0.0000,0.0000,66.7853,0.0000,3383.0000,1131.0000,0.0000,9.0000,14.0000,8.0000,5.0000
1.1530,0.2690,0.2510,0.1450,0.0900,0.0000,0.0000,0.6330,1.0000,4.0330,203.9790,1.5650,0.0000,0.0000,0.0000,66.7956,0.0000,3384.0000,1131.0000,0.0000,9.0000,14.0000,8.0000,5.0000
1.0990,0.2930,0.1930,0.1370,0.0540,0.0000,0.0000,0.6130,1.0000,4.0330,203.9790,1.5650,0.0000,0.0000,0.0000,66.7956,0.0000,3384.0000,1131.0000,0.0000,9.0000,14.0000,8.0000,5.0000
1.2480,0.2560,0.2570,0.1390,0.0870,0.0000,0.0000,0.7350,1.0000,4.0330,203.9790,1.5650,0.0000,0.0000,0.0000,66.8059,0.0000,3385.0000,1131.0000,0.0000,9.0000,14.0000,8.0000,5.0000
1.0340,0.3130,0.1920,0.1560,0.0540,0.0000,0.0000,0.5290,1.0000,4.0330,203.9790,1.5650,0.0000,0.0000,0.0000,66.8059,0.0000,3385.0000,1131.0000,0.0000,9.0000,14.0000,8.0000,5.0000
1.0840,0.3010,0.1900,0.1760,0.0530,0.0000,0.0000,0.5930,1.0000,4.0330,203.9790,1.5650,0.0000,0.0000,0.0000,66.8060,0.0000,3385.0000,1131.0000,0.0000,9.0000,14.0000,8.0000,5.0000
1.1820,0.3210,0.2220,0.1890,0.0850,0.0000,0.0000,0.6390,1.0000,4.0330,203.9790,1.5650,0.0000,0.0000,0.0000,66.8169,0.0000,3386.0000,1131.0000,0.0000,9.0000,15.0000,8.0000,5.0000
1.0840,0.3890,0.2070,0.1870,0.0550,0.0000,0.0000,0.4880,1.0000,4.0330,203.9790,1.5650,0.0000,0.0000,0.0000,66.8169,0.0000,3386.0000,1131.0000,0.0000,9.0000,15.0000,8.0000,5.0000
1.3100,0.2590,0.2030,0.1390,0.0530,0.0000,0.0000,0.8480,1.0000,4.0330,203.9790,1.5650,0.0000,0.0000,0.0000,66.8170,0.0000,3386.0000,1131.0000,0.0000,9.0000,15.0000,8.0000,5.0000
1.0970,0.2840,0.2000,0.1510,0.0560,0.0000,0.0000,0.6130,1.0000,4.0330,203.9790,1.5650,0.0000,0.0000,0.0000,66.8170,0.0000,3386.0000,1131.0000,0.0000,9.0000,15.0000,8.0000,5.0000
1.1570,0.2490,0.1960,0.1370,0.0530,0.0000,0.0000,0.7120,1.0000,4.0330,203.9790,1.5650,0.0000,0.0000,0.0000,66.8170,0.0000,3386.0000,1131.0000,0.0000,9.0000,15.0000,8.0000,5.0000
1.0620,0.2650,0.1870,0.1530,0.0520,0.0000,0.0000,0.6100,1.0000,4.0330,203.9790,1.5650,0.0000,0.0000,0.0000,66.8177,0.0000,3386.0000,1131.0000,0.0000,9.0000,16.0000,8.0000,5.0000
1.0160,0.2600,0.1870,0.1370,0.0510,0.0000,0.0000,0.5690,1.0000,4.0330,203.9790,1.5650,0.0000,0.0000,0.0000,66.8177,0.0000,3386.0000,1131.0000,0.0000,9.0000,16.0000,8.0000,5.0000
1.2720,0.3120,0.1880,0.1850,0.0530,0.0000,0.0000,0.7720,1.0000,4.0330,203.9790,1.5650,0.0000,0.0000,0.0000,66.8177,0.0000,3386.0000,1131.0000,0.0000,9.0000,16.0000,8.0000,5.0000
1.2960,0.3390,0.2500,0.1970,0.0890,0.0000,0.0000,0.7070,1.0000,4.0330,203.9790,1.5650,0.0000,0.0000,0.0000,66.8279,0.0000,3387.0000,1131.0000,0.0000,9.0000,16.0000,8.0000,5.0000
1.2050,0.3240,0.2730,0.1630,0.0640,0.0000,0.0000,0.6080,1.0000,4.0330,203.9790,1.5650,0.0000,0.0000,0.0000,66.8279,0.0000,3387.0000,1131.0000,0.0000,9.0000,16.0000,8.0000,5.0000
1.1680,0.2730,0.2020,0.1460,0.0560,0.0000,0.0000,0.6930,1.0000,4.0330,203.9790,1.5650,0.0000,0.0000,0.0000,66.8280,0.0000,3387.0000,1131.0000,0.0000,9.0000,16.0000,8.0000,5.0000
1.2830,0.2690,0.2370,0.1550,0.0620,0.0000,0.0000,0.7770,1.0000,4.0330,203.9790,1.5650,0.0000,0.0000,0.0000,66.8280,0.0000,3387.0000,1131.0000,0.0000,9.0000,16.0000,8.0000,5.0000
1.3540,0.3520,0.2910,0.2240,0.0810,0.0000,0.0000,0.7110,1.0000,4.0330,203.9790,1.5650,0.0000,0.0000,0.0000,66.8280,0.0000,3387.0000,1131.0000,0.0000,9.0000,16.0000,8.0000,5.0000
2.2120,0.3110,0.4260,0.1720,0.1620,0.0000,0.0000,1.4750,1.0000,4.0330,203.9790,1.5650,0.0000,0.0000,0.0000,66.8280,0.0000,3387.0000,1131.0000,0.0000,9.0000,16.0000,8.0000,5.0000
1.3320,0.4680,0.2860,0.2960,0.0830,0.0000,0.0000,0.5780,1.0000,4.0330,203.9790,1.5650,0.0000,0.0000,0.0000,66.8280,0.0000,3387.0000,1131.0000,0.0000,9.0000,16.0000,8.0000,5.0000
1.3680,0.4140,0.3510,0.2390,0.1400,0.0000,0.0000,0.6030,1.0000,4.0330,203.9790,1.5650,0.0000,0.0000,0.0000,66.8280,0.0000,3387.0000,1131.0000,0.0000,9.0000,16.0000,8.0000,5.0000
1.1870,0.3160,0.3160,0.1590,0.1070,0.0000,0.0000,0.5550,1.0000,4.0330,203.9790,1.5650,0.0000,0.0000,0.0000,66.8290,0.0000,3387.0000,1131.0000,0.0000,9.0000,17.0000,8.0000,5.0000
1.0440,0.2880,0.2090,0.1500,0.0570,0.0000,0.0000,0.5470,1.0000,4.0330,203.9790,1.5650,0.0000,0.0000,0.0000,66.8290,0.0000,3387.0000,1131.0000,0.0000,9.0000,17.0000,8.0000,5.0000
1.2230,0.2670,0.2500,0.1450,0.1060,0.0000,0.0000,0.7060,1.0000,4.0330,203.9790,1.5650,0.0000,0.0000,0.0000,66.8596,0.0000,3390.0000,1131.0000,0.0000,9.0000,17.0000,8.0000,5.0000
1.0680,0.3960,0.2060,0.1460,0.0570,0.0000,0.0000,0.4660,1.0000,4.0330,203.9790,1.5650,0.0000,0.0000,0.0000,66.8596,0.0000,3390.0000,1131.0000,0.0000,9.0000,17.0000,8.0000,5.0000
1.1940,0.3360,0.2310,0.1960,0.0850,0.0000,0.0000,0.6270,1.0000,4.0330,203.9790,1.5650,0.0000,0.0000,0.0000,66.8700,0.0000,3391.0000,1131.0000,0.0000,9.0000,17.0000,8.0000,5.0000
1.1010,0.3500,0.2080,0.1460,0.0650,0.0000,0.0000,0.5430,1.0000,4.0330,203.9790,1.5650,0.0000,0.0000,0.0000,66.8700,0.0000,3391.0000,1131.0000,0.0000,9.0000,17.0000,8.0000,5.0000
1.2270,0.3120,0.2360,0.1470,0.0880,0.0000,0.0000,0.6790,1.0000,4.0330,203.9790,1.5650,0.0000,0.0000,0.0000,66.8799,0.0000,3392.0000,1131.0000,0.0000,9.0000,17.0000,8.0000,5.0000
1.1980,0.3490,0.3220,0.1820,0.0660,0.0000,0.0000,0.5270,1.0000,4.0330,203.9790,1.5650,0.0000,0.0000,0.0000,66.8799,0.0000,3392.0000,1131.0000,0.0000,9.0000,17.0000,8.0000,5.0000
1.1850,0.2870,0.2080,0.1500,0.0580,0.0000,0.0000,0.6900,1.0000,4.0330,203.9790,1.5650,0.0000,0.0000,0.0000,66.8800,0.0000,3392.0000,1131.0000,0.0000,9.0000,17.0000,8.0000,5.0000
1.0140,0.2880,0.1970,0.1640,0.0550,0.0000,0.0000,0.5290,1.0000,4.0330,203.9790,1.5650,0.0000,0.0000,0.0000,66.8800,0.0000,3392.0000,1131.0000,0.0000,9.0000,17.0000,8.0000,5.0000
1.0200,0.2770,0.1900,0.1400,0.0520,0.0000,0.0000,0.5530,1.0000,4.0330,203.9790,1.5650,0.0000,0.0000,0.0000,66.8800,0.0000,3392.0000,1131.0000,0.0000,9.0000,17.0000,8.0000,5.0000
1.0100,0.2730,0.1970,0.1430,0.0550,0.0000,0.0000,0.5400,1.0000,4.0330,203.9790,1.5650,0.0000,0.0000,0.0000,66.8800,0.0000,3392.0000,1131.0000,0.0000,9.0000,17.0000,8.0000,5.0000
0.9750,0.3180,0.1880,0.1860,0.0540,0.0000,0.0000,0.4690,1.0000,4.0330,203.9790,1.5650,0.0000,0.0000,0.0000,66.8800,0.0000,3392.0000,1131.0000,0.0000,9.0000,17.0000,8.0000,5.0000
1.0050,0.2730,0.2010,0.1410,0.0540,0.0000,0.0000,0.5310,1.0000,4.0330,203.9790,1.5650,0.0000,0.0000,0.0000,66.8800,0.0000,3392.0000,1131.0000,0.0000,9.0000,17.0000,8.0000,5.0000
1.0780,0.2740,0.1870,0.1410,0.0530,0.0000,0.0000,0.6170,1.0000,4.0330,203.9790,1.5650,0.0000,0.0000,0.0000,66.8807,0.0000,3392.0000,1131.0000,0.0000,9.0000,18.0000,8.0000,5.0000
1.2230,0.4160,0.2570,0.1900,0.1040,0.0000,0.0000,0.5500,1.0000,4.0330,203.9790,1.5650,0.0000,0.0000,0.0000,66.9025,0.0000,3394.0000,1131.0000,0.0000,9.0000,18.0000,8.0000,5.0000
1.0060,0.3990,0.2070,0.1450,0.0660,0.0000,0.0000,0.4000,1.0000,4.0330,203.9790,1.5650,0.0000,0.0000,0.0000,66.9025,0.0000,3394.0000,1131.0000,0.0000,9.0000,18.0000,8.0000,5.0000
0.9760,0.2660,0.1960,0.1420,0.0650,0.0000,0.0000,0.5140,1.0000,4.0330,203.9790,1.5650,0.0000,0.0000,0.0000,66.9026,0.0000,3394.0000,1131.0000,0.0000,9.0000,18.0000,8.0000,5.0000
1.0640,0.2600,0.2190,0.1360,0.0660,0.0000,0.0000,0.5850,1.0000,4.0330,203.9790,1.5650,0.0000,0.0000,0.0000,66.9026,0.0000,3394.0000,1131.0000,0.0000,9.0000,18.0000,8.0000,5.0000
1.1570,0.3140,0.2060,0.1500,0.0550,0.0000,0.0000,0.6370,1.0000,4.0330,203.9790,1.5650,0.0000,0.0000,0.0000,66.9026,0.0000,3394.0000,1131.0000,0.0000,9.0000,18.0000,8.0000,5.0000
1.3750,0.2730,0.3120,0.1450,0.1140,0.0000,0.0000,0.7900,1.0000,4.0330,203.9790,1.5650,0.0000,0.0000,0.0000,66.9229,0.0000,3396.0000,1131.0000,0.0000,9.0000,18.0000,8.0000,5.0000
1.1810,0.4170,0.2220,0.1680,0.0580,0.0000,0.0000,0.5420,1.0000,4.0330,203.9790,1.5650,0.0000,0.0000,0.0000,66.9229,0.0000,3396.0000,1131.0000,0.0000,9.0000,18.0000,8.0000,5.0000
1.1530,0.2910,0.2210,0.1640,0.0610,0.0000,0.0000,0.6410,1.0000,4.0330,203.9790,1.5650,0.0000,0.0000,0.0000,66.9230,0.0000,3396.0000,1131.0000,0.0000,9.0000,18.0000,8.0000,5.0000
1.2400,0.3400,0.2470,0.2060,0.0740,0.0000,0.0000,0.6530,1.0000,4.0330,203.9790,1.5650,0.0000,0.0000,0.0000,66.9230,0.0000,3396.0000,1131.0000,0.0000,9.0000,18.0000,8.0000,5.0000
1.1610,0.3260,0.2840,0.1740,0.1130,0.0000,0.0000,0.5510,1.0000,4.0330,203.9790,1.5650,0.0000,0.0000,0.0000,66.9230,0.0000,3396.0000,1131.0000,0.0000,9.0000,18.0000,8.0000,5.0000
1.3380,0.2820,0.3290,0.1450,0.1450,0.0000,0.0000,0.7270,1.0000,4.0330,203.9790,1.5650,0.0000,0.0000,0.0000,66.9449,0.0000,3398.0000,1131.0000,0.0000,9.0000,18.0000,8.0000,5.0000
1.0870,0.3880,0.1980,0.1660,0.0540,0.0000,0.0000,0.5010,1.0000,4.0330,203.9790,1.5650,0.0000,0.0000,0.0000,66.9442,0.0000,3398.0000,1131.0000,0.0000,9.0000,17.0000,8.0000,5.0000
1.4150,0.2930,0.2650,0.1450,0.1090,0.0000,0.0000,0.8570,1.0000,4.0330,203.9790,1.5650,0.0000,0.0000,0.0000,66.9646,0.0000,3400.0000,1131.0000,0.0000,9.0000,17.0000,8.0000,6.0000
1.4090,0.5020,0.4710,0.2440,0.1220,0.0000,0.0000,0.4360,1.0000,4.0330,203.9790,1.5650,0.0000,0.0000,0.0000,66.9639,0.0000,3400.0000,1131.0000,0.0000,9.0000,16.0000,8.0000,6.0000
1.1270,0.3120,0.2220,0.1690,0.0600,0.0000,0.0000,0.5930,1.0000,4.0330,203.9790,1.5650,0.0000,0.0000,0.0000,66.9640,0.0000,3400.0000,1131.0000,0.0000,9.0000,16.0000,8.0000,6.0000
1.1170,0.2900,0.2220,0.1630,0.0600,0.0000,0.0000,0.6050,1.0000,4.0330,203.9790,1.5650,0.0000,0.0000,0.0000,66.9640,0.0000,3400.0000,1131.0000,0.0000,9.0000,16.0000,8.0000,6.0000
1.1460,0.3500,0.2100,0.2080,0.0580,0.0000,0.0000,0.5860,1.0000,4.0330,203.9790,1.5650,0.0000,0.0000,0.0000,66.9640,0.0000,3400.0000,1131.0000,0.0000,9.0000,16.0000,8.0000,5.0000
1.0440,0.3610,0.2210,0.2410,0.0740,0.0000,0.0000,0.4620,1.0000,4.0330,203.9790,1.5650,0.0000,0.0000,0.0000,66.9640,0.0000,3400.0000,1131.0000,0.0000,9.0000,16.0000,8.0000,5.0000
1.3010,0.2740,0.2090,0.1460,0.0700,0.0000,0.0000,0.8180,1.0000,4.0330,203.9790,1.5650,0.0000,0.0000,0.0000,66.9640,0.0000,3400.0000,1131.0000,0.0000,9.0000,16.0000,8.0000,5.0000
1.3190,0.3500,0.2830,0.1920,0.0650,0.0000,0.0000,0.6860,1.0000,4.0330,203.9790,1.5650,0.0000,0.0000,0.0000,66.9640,0.0000,3400.0000,1131.0000,0.0000,9.0000,16.0000,8.0000,5.0000
1.1400,0.3550,0.2380,0.1930,0.0640,0.0000,0.0000,0.5470,1.0000,4.0330,203.9790,1.5650,0.0000,0.0000,0.0000,66.9640,0.0000,3400.0000,1131.0000,0.0000,9.0000,16.0000,8.0000,5.0000
1.2140,0.3460,0.2560,0.1980,0.0640,0.0000,0.0000,0.6120,1.0000,4.0330,203.9790,1.5650,0.0000,0.0000,0.0000,66.9640,0.0000,3400.0000,1131.0000,0.0000,9.0000,16.0000,8.0000,5.0000
1.1340,0.3700,0.2370,0.1780,0.0740,0.0000,0.0000,0.5270,1.0000,4.0330,203.9790,1.5650,0.0000,0.0000,0.0000,66.9640,0.0000,3400.0000,1131.0000,0.0000,9.0000,16.0000,8.0000,5.0000
1.3950,0.2870,0.3710,0.1440,0.1610,0.0000,0.0000,0.7370,1.0000,4.0330,203.9790,1.5650,0.0000,0.0000,0.0000,66.9743,0.0000,3401.0000,1131.0000,0.0000,9.0000,16.0000,8.0000,5.0000
1.2360,0.3400,0.2150,0.1510,0.0590,0.0000,0.0000,0.6810,1.0000,4.0330,203.9790,1.5650,0.0000,0.0000,0.0000,66.9743,0.0000,3401.0000,1131.0000,0.0000,9.0000,16.0000,8.0000,5.0000
1.3180,0.3840,0.2820,0.2570,0.0990,0.0000,0.0000,0.6520,1.0000,4.0330,203.9790,1.5650,0.0000,0.0000,0.0000,66.9846,0.0000,3402.0000,1131.0000,0.0000,9.0000,16.0000,8.0000,5.0000
1.2000,0.3960,0.2310,0.1420,0.0620,0.0000,0.0000,0.5730,1.0000,4.0330,203.9790,1.5650,0.0000,0.0000,0.0000,66.9853,0.0000,3402.0000,1131.0000,0.0000,9.0000,17.0000,8.0000,5.0000
1.1420,0.2870,0.2530,0.1290,0.0670,0.0000,0.0000,0.6020,1.0000,4.0330,203.9790,1.5650,0.0000,0.0000,0.0000,66.9854,0.0000,3402.0000,1131.0000,0.0000,9.0000,17.0000,8.0000,5.0000
1.0950,0.2980,0.2300,0.1400,0.0650,0.0000,0.0000,0.5670,1.0000,4.0330,203.9790,1.5650,0.0000,0.0000,0.0000,66.9854,0.0000,3402.0000,1131.0000,0.0000,9.0000,17.0000,8.0000,5.0000
1.1210,0.2560,0.2300,0.1270,0.0880,0.0000,0.0000,0.6350,1.0000,4.0330,203.9790,1.5650,0.0000,0.0000,0.0000,66.9961,0.0000,3403.0000,1131.0000,0.0000,9.0000,17.0000,8.0000,5.0000
1.7130,0.2970,0.2060,0.1380,0.0560,0.0000,0.0000,1.2100,1.0000,4.0330,203.9790,1.5650,0.0000,0.0000,0.0000,66.9959,0.0000,3403.0000,1131.0000,0.0000,9.0000,17.0000,8.0000,4.0000
1.1570,0.2670,0.2660,0.1400,0.0660,0.0000,0.0000,0.6240,1.0000,4.0330,203.9790,1.5650,0.0000,0.0000,0.0000,66.7397,0.0000,3378.0000,1131.0000,0.0000,9.0000,17.0000,8.0000,4.0000
0.9830,0.2670,0.2000,0.1400,0.0570,0.0000,0.0000,0.5160,1.0000,4.0330,203.9790,1.5650,0.0000,0.0000,0.0000,66.7397,0.0000,3378.0000,1131.0000,0.0000,9.0000,17.0000,8.0000,4.0000
1.0070,0.2310,0.2250,0.1170,0.0550,0.0000,0.0000,0.5510,1.0000,4.0330,203.9790,1.5650,0.0000,0.0000,0.0000,66.7397,0.0000,3378.0000,1131.0000,0.0000,9.0000,17.0000,8.0000,4.0000
1.0710,0.2340,0.2200,0.1180,0.0860,0.0000,0.0000,0.6170,1.0000,4.0330,203.9790,1.5650,0.0000,0.0000,0.0000,66.7500,0.0000,3379.0000,1131.0000,0.0000,9.0000,17.0000,8.0000,4.0000
1.1980,0.2910,0.2240,0.1330,0.0860,0.0000,0.0000,0.6830,1.0000,4.0330,203.9790,1.5650,0.0000,0.0000,0.0000,66.7603,0.0000,3380.0000,1131.0000,0.0000,9.0000,17.0000,8.0000,4.0000
1.1930,0.2890,0.1970,0.1350,0.0550,0.0000,0.0000,0.7070,1.0000,4.0330,203.9790,1.5650,0.0000,0.0000,0.0000,66.7603,0.0000,3380.0000,1131.0000,0.0000,9.0000,17.0000,8.0000,4.0000
1.1250,0.3230,0.2040,0.1950,0.0560,0.0000,0.0000,0.5980,1.0000,4.0330,203.9790,1.5650,0.0000,0.0000,0.0000,66.7604,0.0000,3380.0000,1131.0000,0.0000,9.0000,17.0000,8.0000,4.0000
1.0950,0.2830,0.2040,0.1240,0.0570,0.0000,0.0000,0.6080,1.0000,4.0330,203.9790,1.5650,0.0000,0.0000,0.0000,66.7604,0.0000,3380.0000,1131.0000,0.0000,9.0000,17.0000,8.0000,4.0000
1.0780,0.2360,0.1880,0.1190,0.0540,0.0000,0.0000,0.6540,1.0000,4.0330,203.9790,1.5650,0.0000,0.0000,0.0000,66.7604,0.0000,3380.0000,1131.0000,0.0000,9.0000,17.0000,8.0000,4.0000
1.1480,0.2330,0.2200,0.1170,0.0580,0.0000,0.0000,0.6950,1.0000,4.0330,203.9790,1.5650,0.0000,0.0000,0.0000,66.7604,0.0000,3380.0000,1131.0000,0.0000,9.0000,17.0000,8.0000,4.0000
1.1420,0.2400,0.2010,0.1200,0.0570,0.0000,0.0000,0.7010,1.0000,4.0330,203.9790,1.5650,0.0000,0.0000,0.0000,66.7597,0.0000,3380.0000,1131.0000,0.0000,9.0000,16.0000,8.0000,4.0000
1.0560,0.2340,0.1870,0.1200,0.0530,0.0000,0.0000,0.6350,1.0000,4.0330,203.9790,1.5650,0.0000,0.0000,0.0000,66.7597,0.0000,3380.0000,1131.0000,0.0000,9.0000,16.0000,8.0000,4.0000
1.0940,0.2280,0.1860,0.1200,0.0540,0.0000,0.0000,0.6800,1.0000,4.0330,203.9790,1.5650,0.0000,0.0000,0.0000,66.7597,0.0000,3380.0000,1131.0000,0.0000,9.0000,16.0000,8.0000,4.0000
1.1180,0.2370,0.1930,0.1300,0.0550,0.0000,0.0000,0.6880,1.0000,4.0330,203.9790,1.5650,0.0000,0.0000,0.0000,66.7600,0.0000,3380.0000,1131.0000,0.0000,9.0000,16.0000,8.0000,5.0000
1.0830,0.3150,0.1940,0.1860,0.0590,0.0000,0.0000,0.5740,1.0000,4.0330,203.9790,1.5650,0.0000,0.0000,0.0000,66.7600,0.0000,3380.0000,1131.0000,0.0000,9.0000,16.0000,8.0000,5.0000
1.2410,0.2880,0.2270,0.1720,0.0950,0.0000,0.0000,0.7260,1.0000,4.0330,203.9790,1.5650,0.0000,0.0000,0.0000,66.7803,0.0000,3382.0000,1131.0000,0.0000,9.0000,16.0000,8.0000,5.0000
1.1460,0.3700,0.2380,0.1350,0.0670,0.0000,0.0000,0.5380,1.0000,4.0330,203.9790,1.5650,0.0000,0.0000,0.0000,66.7803,0.0000,3382.0000,1131.0000,0.0000,9.0000,16.0000,8.0000,5.0000
1.1350,0.2710,0.2220,0.1440,0.0560,0.0000,0.0000,0.6420,1.0000,4.0330,203.9790,1.5650,0.0000,0.0000,0.0000,66.7804,0.0000,3382.0000,1131.0000,0.0000,9.0000,16.0000,8.0000,5.0000
1.2720,0.2660,0.1950,0.1500,0.0550,0.0000,0.0000,0.8110,1.0000,4.0330,203.9790,1.5650,0.0000,0.0000,0.0000,66.7807,0.0000,3383.0000,1131.0000,0.0000,9.0000,16.0000,8.0000,5.0000
1.3520,0.2920,0.2400,0.1780,0.0630,0.0000,0.0000,0.8200,1.0000,4.0330,203.9790,1.5650,0.0000,0.0000,0.0000,66.7807,0.0000,3383.0000,1131.0000,0.0000,9.0000,16.0000,8.0000,5.0000
1.2780,0.3870,0.2320,0.2420,0.0610,0.0000,0.0000,0.6590,1.0000,4.0330,203.9790,1.5650,0.0000,0.0000,0.0000,66.7807,0.0000,3383.0000,1131.0000,0.0000,9.0000,16.0000,8.0000,5.0000
1.3710,0.2870,0.2240,0.1600,0.0570,0.0000,0.0000,0.8600,1.0000,4.0330,203.9790,1.5650,0.0000,0.0000,0.0000,66.7807,0.0000,3383.0000,1131.0000,0.0000,9.0000,16.0000,8.0000,5.0000
1.5370,0.3440,0.2670,0.1750,0.0950,0.0000,0.0000,0.9260,1.0000,4.0330,203.9790,1.5650,0.0000,0.0000,0.0000,66.7905,0.0000,3384.0000,1131.0000,0.0000,9.0000,16.0000,8.0000,5.0000
1.6260,0.4830,0.3100,0.2300,0.1150,0.0000,0.0000,0.8330,1.0000,4.0330,203.9790,1.5650,0.0000,0.0000,0.0000,66.8107,0.0000,3386.0000,1131.0000,0.0000,9.0000,16.0000,8.0000,5.0000
1.4200,0.3740,0.2560,0.1640,0.0650,0.0000,0.0000,0.7900,1.0000,4.0330,203.9790,1.5650,0.0000,0.0000,0.0000,66.8108,0.0000,3386.0000,1131.0000,0.0000,9.0000,16.0000,8.0000,5.0000
1.2540,0.3770,0.2430,0.1870,0.0620,0.0000,0.0000,0.6340,1.0000,4.0330,203.9790,1.5650,0.0000,0.0000,0.0000,66.8109,0.0000,3386.0000,1131.0000,0.0000,9.0000,16.0000,8.0000,5.0000
1.1350,0.2920,0.2060,0.1630,0.0580,0.0000,0.0000,0.6370,1.0000,4.0330,203.9790,1.5650,0.0000,0.0000,0.0000,66.8109,0.0000,3386.0000,1131.0000,0.0000,9.0000,16.0000,8.0000,5.0000
1.3250,0.3010,0.2370,0.1840,0.0960,0.0000,0.0000,0.7870,1.0000,4.0330,203.9790,1.5650,0.0000,0.0000,0.0000,66.8314,0.0000,3388.0000,1131.0000,0.0000,9.0000,16.0000,8.0000,5.0000
1.5240,0.4350,0.2790,0.2240,0.0670,0.0000,0.0000,0.8100,1.0000,4.0330,203.9790,1.5650,0.0000,0.0000,0.0000,66.8314,0.0000,3388.0000,1131.0000,0.0000,9.0000,16.0000,8.0000,5.0000
1.2940,0.3080,0.2210,0.1650,0.0580,0.0000,0.0000,0.7650,1.0000,4.0330,203.9790,1.5650,0.0000,0.0000,0.0000,66.8316,0.0000,3388.0000,1131.0000,0.0000,9.0000,16.0000,8.0000,5.0000
1.3220,0.3010,0.2410,0.1690,0.0600,0.0000,0.0000,0.7800,1.0000,4.0330,203.9790,1.5650,0.0000,0.0000,0.0000,66.8316,0.0000,3388.0000,1131.0000,0.0000,9.0000,16.0000,8.0000,5.0000
1.3420,0.3290,0.2320,0.1290,0.0580,0.0000,0.0000,0.7810,1.0000,4.0330,203.9790,1.5650,0.0000,0.0000,0.0000,66.8316,0.0000,3388.0000,1131.0000,0.0000,9.0000,16.0000,8.0000,5.0000
1.3930,0.2570,0.3430,0.1240,0.0670,0.0000,0.0000,0.7930,1.0000,4.0330,203.9790,1.5650,0.0000,0.0000,0.0000,66.8316,0.0000,3388.0000,1131.0000,0.0000,9.0000,16.0000,8.0000,5.0000
1.2170,0.2860,0.2330,0.1380,0.0600,0.0000,0.0000,0.6980,1.0000,4.0330,203.9790,1.5650,0.0000,0.0000,0.0000,66.8316,0.0000,3388.0000,1131.0000,0.0000,9.0000,16.0000,8.0000,5.0000
1.8620,0.3230,0.2350,0.1310,0.0630,0.0000,0.0000,1.3040,1.0000,4.0330,203.9790,1.5650,0.0000,0.0000,0.0000,66.8316,0.0000,3388.0000,1131.0000,0.0000,9.0000,16.0000,8.0000,5.0000
1.1820,0.2770,0.2430,0.1340,0.0600,0.0000,0.0000,0.6620,1.0000,4.0330,203.9790,1.5650,0.0000,0.0000,0.0000,66.8323,0.0000,3388.0000,1131.0000,0.0000,9.0000,17.0000,8.0000,5.0000
2.2940,0.2970,0.2080,0.1470,0.0540,0.0000,0.0000,1.7890,1.0000,4.0330,203.9790,1.5650,0.0000,0.0000,0.0000,66.8323,0.0000,3388.0000,1131.0000,0.0000,9.0000,17.0000,8.0000,5.0000
1.2640,0.9100,0.2530,0.1390,0.0650,0.0000,0.0000,0.1010,1.0000,4.0330,203.9790,1.5650,0.0000,0.0000,0.0000,66.8323,0.0000,3388.0000,1131.0000,0.0000,9.0000,17.0000,8.0000,5.0000
1.4750,0.3030,0.3030,0.1630,0.0690,0.0000,0.0000,0.8690,1.0000,4.0330,203.9790,1.5650,0.0000,0.0000,0.0000,66.8323,0.0000,3388.0000,1131.0000,0.0000,9.0000,17.0000,8.0000,5.0000
1.3690,0.4000,0.2950,0.1730,0.1190,0.0000,0.0000,0.6740,1.0000,4.0330,203.9790,1.5650,0.0000,0.0000,0.0000,66.8330,0.0000,3388.0000,1131.0000,0.0000,9.0000,18.0000,8.0000,5.0000
1.1150,0.3040,0.2210,0.1510,0.0590,0.0000,0.0000,0.5900,1.0000,4.0330,203.9790,1.5650,0.0000,0.0000,0.0000,66.8330,0.0000,3388.0000,1131.0000,0.0000,9.0000,18.0000,8.0000,5.0000
1.1310,0.2680,0.2310,0.1430,0.0840,0.0000,0.0000,0.6320,1.0000,4.0330,203.9790,1.5650,0.0000,0.0000,0.0000,66.8437,0.0000,3389.0000,1131.0000,0.0000,9.0000,18.0000,8.0000,5.0000
1.1800,0.3040,0.2040,0.1260,0.0550,0.0000,0.0000,0.6720,1.0000,4.0330,203.9790,1.5650,0.0000,0.0000,0.0000,66.8430,0.0000,3389.0000,1131.0000,0.0000,9.0000,17.0000,8.0000,5.0000
1.0720,0.3080,0.2110,0.1850,0.0640,0.0000,0.0000,0.5530,1.0000,4.0330,203.9790,1.5650,0.0000,0.0000,0.0000,66.8431,0.0000,3389.0000,1131.0000,0.0000,9.0000,17.0000,8.0000,5.0000
1.0110,0.3230,0.2140,0.1320,0.0540,0.0000,0.0000,0.4740,1.0000,4.0330,203.9790,1.5650,0.0000,0.0000,0.0000,66.8431,0.0000,3389.0000,1131.0000,0.0000,9.0000,17.0000,8.0000,5.0000
1.1210,0.2410,0.2380,0.1180,0.0840,0.0000,0.0000,0.6420,1.0000,4.0330,203.9790,1.5650,0.0000,0.0000,0.0000,66.8533,0.0000,3390.0000,1131.0000,0.0000,9.0000,17.0000,8.0000,5.0000
1.0570,0.2920,0.1950,0.1240,0.0530,0.0000,0.0000,0.5700,1.0000,4.0330,203.9790,1.5650,0.0000,0.0000,0.0000,66.8533,0.0000,3390.0000,1131.0000,0.0000,9.0000,17.0000,8.0000,5.0000
1.0690,0.2420,0.2190,0.1190,0.0840,0.0000,0.0000,0.6080,1.0000,4.0330,203.9790,1.5650,0.0000,0.0000,0.0000,66.8534,0.0000,3390.0000,1131.0000,0.0000,9.0000,17.0000,8.0000,5.0000
1.0360,0.2540,0.2410,0.1230,0.0850,0.0000,0.0000,0.5410,1.0000,4.0330,203.9790,1.5650,0.0000,0.0000,0.0000,66.8636,0.0000,3391.0000,1131.0000,0.0000,9.0000,17.0000,8.0000,5.0000
1.1680,0.2700,0.2560,0.1170,0.0760,0.0000,0.0000,0.6420,1.0000,4.0330,203.9790,1.5650,0.0000,0.0000,0.0000,66.8636,0.0000,3391.0000,1131.0000,0.0000,9.0000,17.0000,8.0000,5.0000
1.1810,0.2600,0.3060,0.1300,0.1080,0.0000,0.0000,0.6150,1.0000,4.0330,203.9790,1.5650,0.0000,0.0000,0.0000,66.8733,0.0000,3392.0000,1131.0000,0.0000,9.0000,16.0000,8.0000,5.0000
1.2590,0.2980,0.2320,0.1250,0.0930,0.0000,0.0000,0.7290,1.0000,4.0330,203.9790,1.5650,0.0000,0.0000,0.0000,66.8935,0.0000,3394.0000,1131.0000,0.0000,9.0000,16.0000,8.0000,5.0000
1.2710,0.4160,0.2100,0.1330,0.0580,0.0000,0.0000,0.6450,1.0000,4.0330,203.9790,1.5650,0.0000,0.0000,0.0000,66.8935,0.0000,3394.0000,1131.0000,0.0000,9.0000,16.0000,8.0000,5.0000
1.1930,0.2940,0.2550,0.1270,0.0920,0.0000,0.0000,0.6440,1.0000,4.0330,203.9790,1.5650,0.0000,0.0000,0.0000,66.8936,0.0000,3394.0000,1131.0000,0.0000,9.0000,16.0000,8.0000,5.0000
1.3450,0.2710,0.2020,0.1350,0.0530,0.0000,0.0000,0.8720,1.0000,4.0330,203.9790,1.5650,0.0000,0.0000,0.0000,66.8936,0.0000,3394.0000,1131.0000,0.0000,9.0000,16.0000,8.0000,5.0000
1.0840,0.2440,0.2110,0.1260,0.0550,0.0000,0.0000,0.6290,1.0000,4.0330,203.9790,1.5650,0.0000,0.0000,0.0000,66.8936,0.0000,3394.0000,1131.0000,0.0000,9.0000,16.0000,8.0000,5.0000
1.1860,0.3020,0.1970,0.1700,0.0530,0.0000,0.0000,0.6870,1.0000,4.0330,203.9790,1.5650,0.0000,0.0000,0.0000,66.8936,0.0000,3394.0000,1131.0000,0.0000,9.0000,16.0000,8.0000,5.0000
1.0480,0.3040,0.2140,0.1830,0.0710,0.0000,0.0000,0.5300,1.0000,4.0330,203.9790,1.5650,0.0000,0.0000,0.0000,66.8943,0.0000,3394.0000,1131.0000,0.0000,9.0000,17.0000,8.0000,5.0000
1.0310,0.2520,0.2140,0.1250,0.0590,0.0000,0.0000,0.5650,1.0000,4.0330,203.9790,1.5650,0.0000,0.0000,0.0000,66.8943,0.0000,3394.0000,1131.0000,0.0000,9.0000,17.0000,8.0000,5.0000
0.9670,0.2560,0.1990,0.1300,0.0520,0.0000,0.0000,0.5120,1.0000,4.0330,203.9790,1.5650,0.0000,0.0000,0.0000,66.8943,0.0000,3394.0000,1131.0000,0.0000,9.0000,17.0000,8.0000,5.0000
1.0630,0.2400,0.1950,0.1220,0.0520,0.0000,0.0000,0.6280,1.0000,4.0330,203.9790,1.5650,0.0000,0.0000,0.0000,66.8943,0.0000,3394.0000,1131.0000,0.0000,9.0000,17.0000,8.0000,5.0000
1.0120,0.2840,0.1990,0.1290,0.0530,0.0000,0.0000,0.5290,1.0000,4.0330,203.9790,1.5650,0.0000,0.0000,0.0000,66.8943,0.0000,3394.0000,1131.0000,0.0000,9.0000,17.0000,8.0000,5.0000
0.9670,0.2380,0.1910,0.1210,0.0510,0.0000,0.0000,0.5380,1.0000,4.0330,203.9790,1.5650,0.0000,0.0000,0.0000,66.8943,0.0000,3394.0000,1131.0000,0.0000,9.0000,17.0000,8.0000,5.0000
1.0430,0.2370,0.1940,0.1220,0.0530,0.0000,0.0000,0.6120,1.0000,4.0330,203.9790,1.5650,0.0000,0.0000,0.0000,66.8936,0.0000,3394.0000,1131.0000,0.0000,9.0000,16.0000,8.0000,5.0000
1.3480,0.2360,0.2330,0.1210,0.0830,0.0000,0.0000,0.8790,1.0000,4.0330,203.9790,1.5650,0.0000,0.0000,0.0000,66.9039,0.0000,3395.0000,1131.0000,0.0000,9.0000,16.0000,8.0000,5.0000
1.1220,0.3160,0.2200,0.1330,0.0590,0.0000,0.0000,0.5860,1.0000,4.0330,203.9790,1.5650,0.0000,0.0000,0.0000,66.9039,0.0000,3395.0000,1131.0000,0.0000,9.0000,16.0000,8.0000,5.0000
0.9820,0.2690,0.1970,0.1430,0.0550,0.0000,0.0000,0.5160,1.0000,4.0330,203.9790,1.5650,0.0000,0.0000,0.0000,66.9040,0.0000,3395.0000,1131.0000,0.0000,9.0000,16.0000,8.0000,5.0000
0.9330,0.2510,0.1860,0.1390,0.0520,0.0000,0.0000,0.4960,1.0000,4.0330,203.9790,1.5650,0.0000,0.0000,0.0000,66.9040,0.0000,3395.0000,1131.0000,0.0000,9.0000,16.0000,8.0000,5.0000
1.1370,0.2490,0.2620,0.1380,0.0950,0.0000,0.0000,0.6260,1.0000,4.0330,203.9790,1.5650,0.0000,0.0000,0.0000,66.9237,0.0000,3397.0000,1131.0000,0.0000,9.0000,16.0000,8.0000,5.0000
0.9790,0.3340,0.1870,0.1240,0.0510,0.0000,0.0000,0.4580,1.0000,4.0330,203.9790,1.5650,0.0000,0.0000,0.0000,66.9237,0.0000,3397.0000,1131.0000,0.0000,9.0000,16.0000,8.0000,5.0000
1.0410,0.2460,0.1800,0.1360,0.0510,0.0000,0.0000,0.6150,1.0000,4.0330,203.9790,1.5650,0.0000,0.0000,0.0000,66.9238,0.0000,3397.0000,1131.0000,0.0000,9.0000,16.0000,8.0000,5.0000
1.2030,0.2710,0.2290,0.1470,0.0840,0.0000,0.0000,0.7030,1.0000,4.0330,203.9790,1.5650,0.0000,0.0000,0.0000,66.9344,0.0000,3398.0000,1131.0000,0.0000,9.0000,17.0000,8.0000,5.0000
1.2110,0.3680,0.2740,0.1830,0.0860,0.0000,0.0000,0.5690,1.0000,4.0330,203.9790,1.5650,0.0000,0.0000,0.0000,66.9344,0.0000,3398.0000,1131.0000,0.0000,9.0000,17.0000,8.0000,5.0000
1.3030,0.3190,0.3370,0.1310,0.1440,0.0000,0.0000,0.6470,1.0000,4.0330,203.9790,1.5650,0.0000,0.0000,0.0000,66.9551,0.0000,3400.0000,1131.0000,0.0000,9.0000,17.0000,8.0000,5.0000
1.0040,0.3370,0.2100,0.1280,0.0530,0.0000,0.0000,0.4570,1.0000,4.0330,203.9790,1.5650,0.0000,0.0000,0.0000,66.9551,0.0000,3400.0000,1131.0000,0.0000,9.0000,17.0000,8.0000,5.0000
1.5090,0.2510,0.2630,0.1250,0.0800,0.0000,0.0000,0.9950,1.0000,4.0330,203.9790,1.5650,0.0000,0.0000,0.0000,66.9552,0.0000,3400.0000,1131.0000,0.0000,9.0000,17.0000,8.0000,5.0000
1.1040,0.2970,0.2410,0.1360,0.0710,0.0000,0.0000,0.5660,1.0000,4.0330,203.9790,1.5650,0.0000,0.0000,0.0000,66.9552,0.0000,3400.0000,1131.0000,0.0000,9.0000,17.0000,8.0000,5.0000
1.2940,0.3000,0.2310,0.1270,0.0910,0.0000,0.0000,0.7630,1.0000,4.0330,203.9790,1.5650,0.0000,0.0000,0.0000,66.9648,0.0000,3401.0000,1131.0000,0.0000,9.0000,16.0000,8.0000,5.0000
1.1580,0.2870,0.2940,0.1200,0.0990,0.0000,0.0000,0.5770,1.0000,4.0330,203.9790,1.5650,0.0000,0.0000,0.0000,66.7280,0.0000,3378.0000,1131.0000,0.0000,9.0000,16.0000,8.0000,5.0000
0.9260,0.2630,0.1940,0.1300,0.0540,0.0000,0.0000,0.4690,1.0000,4.0330,203.9790,1.5650,0.0000,0.0000,0.0000,66.7280,0.0000,3378.0000,1131.0000,0.0000,9.0000,16.0000,8.0000,5.0000
0.9280,0.2340,0.2100,0.1190,0.0520,0.0000,0.0000,0.4840,1.0000,4.0330,203.9790,1.5650,0.0000,0.0000,0.0000,66.7280,0.0000,3378.0000,1131.0000,0.0000,9.0000,16.0000,8.0000,5.0000
1.0270,0.2310,0.2070,0.1210,0.0530,0.0000,0.0000,0.5890,1.0000,4.0330,203.9790,1.5650,0.0000,0.0000,0.0000,66.7280,0.0000,3378.0000,1131.0000,0.0000,9.0000,16.0000,8.0000,5.0000
0.9980,0.2320,0.2470,0.1210,0.0870,0.0000,0.0000,0.5190,1.0000,4.0330,203.9790,1.5650,0.0000,0.0000,0.0000,66.7280,0.0000,3378.0000,1131.0000,0.0000,9.0000,16.0000,8.0000,5.0000
0.9680,0.2370,0.2040,0.1210,0.0510,0.0000,0.0000,0.5270,1.0000,4.0330,203.9790,1.5650,0.0000,0.0000,0.0000,66.7274,0.0000,3378.0000,1131.0000,0.0000,9.0000,15.0000,8.0000,5.0000
0.9220,0.2290,0.2030,0.1190,0.0510,0.0000,0.0000,0.4900,1.0000,4.0330,203.9790,1.5650,0.0000,0.0000,0.0000,66.7274,0.0000,3378.0000,1131.0000,0.0000,9.0000,15.0000,8.0000,5.0000
1.0250,0.2320,0.2040,0.1200,0.0820,0.0000,0.0000,0.5890,1.0000,4.0330,203.9790,1.5650,0.0000,0.0000,0.0000,66.7274,0.0000,3378.0000,1131.0000,0.0000,9.0000,15.0000,8.0000,5.0000
1.1390,0.2560,0.2400,0.1470,0.0600,0.0000,0.0000,0.6430,1.0000,4.0330,203.9790,1.5650,0.0000,0.0000,0.0000,66.7274,0.0000,3378.0000,1131.0000,0.0000,9.0000,15.0000,8.0000,5.0000
1.1460,0.2630,0.2460,0.1310,0.0870,0.0000,0.0000,0.6370,1.0000,4.0330,203.9790,1.5650,0.0000,0.0000,0.0000,66.7376,0.0000,3379.0000,1131.0000,0.0000,9.0000,15.0000,8.0000,5.0000
1.0960,0.3000,0.2200,0.1390,0.0560,0.0000,0.0000,0.5760,1.0000,4.0330,203.9790,1.5650,0.0000,0.0000,0.0000,66.7399,0.0000,3380.0000,1131.0000,0.0000,9.0000,15.0000,8.0000,5.0000
1.0370,0.2850,0.1920,0.1610,0.0540,0.0000,0.0000,0.5600,1.0000,4.0330,203.9790,1.5650,0.0000,0.0000,0.0000,66.7400,0.0000,3380.0000,1131.0000,0.0000,9.0000,15.0000,8.0000,5.0000
0.9790,0.2800,0.1930,0.1280,0.0540,0.0000,0.0000,0.5060,1.0000,4.0330,203.9790,1.5650,0.0000,0.0000,0.0000,66.7400,0.0000,3380.0000,1131.0000,0.0000,9.0000,15.0000,8.0000,5.0000
1.0350,0.2560,0.2130,0.1240,0.0820,0.0000,0.0000,0.5660,1.0000,4.0330,203.9790,1.5650,0.0000,0.0000,0.0000,66.7503,0.0000,3381.0000,1131.0000,0.0000,9.0000,15.0000,8.0000,5.0000
0.9590,0.2920,0.1820,0.1230,0.0510,0.0000,0.0000,0.4850,1.0000,4.0330,203.9790,1.5650,0.0000,0.0000,0.0000,66.7496,0.0000,3381.0000,1131.0000,0.0000,9.0000,14.0000,8.0000,5.0000
1.1370,0.2490,0.2020,0.1240,0.0690,0.0000,0.0000,0.6860,1.0000,4.0330,203.9790,1.5650,0.0000,0.0000,0.0000,66.7496,0.0000,3381.0000,1131.0000,0.0000,9.0000,14.0000,8.0000,5.0000
1.1310,0.2770,0.2440,0.1320,0.0900,0.0000,0.0000,0.6100,1.0000,4.0330,203.9790,1.5650,0.0000,0.0000,0.0000,66.7599,0.0000,3382.0000,1131.0000,0.0000,9.0000,14.0000,8.0000,5.0000
0.9990,0.3410,0.1880,0.1320,0.0520,0.0000,0.0000,0.4700,1.0000,4.0330,203.9790,1.5650,0.0000,0.0000,0.0000,66.7599,0.0000,3382.0000,1131.0000,0.0000,9.0000,14.0000,8.0000,5.0000
1.0860,0.2740,0.2090,0.1230,0.0800,0.0000,0.0000,0.6030,1.0000,4.0330,203.9790,1.5650,0.0000,0.0000,0.0000,66.7702,0.0000,3383.0000,1131.0000,0.0000,9.0000,14.0000,8.0000,5.0000
1.0710,0.3220,0.2170,0.1250,0.0570,0.0000,0.0000,0.5320,1.0000,4.0330,203.9790,1.5650,0.0000,0.0000,0.0000,66.7702,0.0000,3383.0000,1131.0000,0.0000,9.0000,14.0000,8.0000,5.0000
1.0400,0.3010,0.1950,0.1280,0.0520,0.0000,0.0000,0.5440,1.0000,4.0330,203.9790,1.5650,0.0000,0.0000,0.0000,66.7703,0.0000,3383.0000,1131.0000,0.0000,9.0000,14.0000,8.0000,5.0000
0.9510,0.2420,0.1970,0.1200,0.0510,0.0000,0.0000,0.5120,1.0000,4.0330,203.9790,1.5650,0.0000,0.0000,0.0000,66.7703,0.0000,3383.0000,1131.0000,0.0000,9.0000,14.0000,8.0000,5.0000
0.9710,0.2370,0.1870,0.1210,0.0500,0.0000,0.0000,0.5470,1.0000,4.0330,203.9790,1.5650,0.0000,0.0000,0.0000,66.7703,0.0000,3383.0000,1131.0000,0.0000,9.0000,14.0000,8.0000,5.0000
1.0600,0.2370,0.2140,0.1200,0.0800,0.0000,0.0000,0.6090,1.0000,4.0330,203.9790,1.5650,0.0000,0.0000,0.0000,66.7805,0.0000,3384.0000,1131.0000,0.0000,9.0000,14.0000,8.0000,5.0000
0.9470,0.3220,0.1970,0.1230,0.0530,0.0000,0.0000,0.4280,1.0000,4.0330,203.9790,1.5650,0.0000,0.0000,0.0000,66.7805,0.0000,3384.0000,1131.0000,0.0000,9.0000,14.0000,8.0000,5.0000
0.9260,0.2360,0.1890,0.1210,0.0510,0.0000,0.0000,0.5010,1.0000,4.0330,203.9790,1.5650,0.0000,0.0000,0.0000,66.7806,0.0000,3384.0000,1131.0000,0.0000,9.0000,14.0000,8.0000,5.0000
0.9840,0.2350,0.1720,0.1190,0.0480,0.0000,0.0000,0.5770,1.0000,4.0330,203.9790,1.5650,0.0000,0.0000,0.0000,66.7806,0.0000,3384.0000,1131.0000,0.0000,9.0000,14.0000,8.0000,5.0000
0.9880,0.2660,0.1720,0.1210,0.0490,0.0000,0.0000,0.5500,1.0000,4.0330,203.9790,1.5650,0.0000,0.0000,0.0000,66.7806,0.0000,3384.0000,1131.0000,0.0000,9.0000,14.0000,8.0000,5.0000
0.9250,0.3190,0.1790,0.1730,0.0520,0.0000,0.0000,0.4270,1.0000,4.0330,203.9790,1.5650,0.0000,0.0000,0.0000,66.7806,0.0000,3384.0000,1131.0000,0.0000,9.0000,14.0000,8.0000,5.0000
1.0200,0.2670,0.1880,0.1200,0.0610,0.0000,0.0000,0.5650,1.0000,4.0330,203.9790,1.5650,0.0000,0.0000,0.0000,66.7806,0.0000,3384.0000,1131.0000,0.0000,9.0000,14.0000,8.0000,5.0000
0.9320,0.2960,0.1870,0.1260,0.0520,0.0000,0.0000,0.4490,1.0000,4.0330,203.9790,1.5650,0.0000,0.0000,0.0000,66.7806,0.0000,3384.0000,1131.0000,0.0000,9.0000,14.0000,8.0000,5.0000
0.9730,0.2700,0.1730,0.1580,0.0490,0.0000,0.0000,0.5300,1.0000,4.0330,203.9790,1.5650,0.0000,0.0000,0.0000,66.7806,0.0000,3384.0000,1131.0000,0.0000,9.0000,14.0000,8.0000,5.0000
1.0820,0.2890,0.2160,0.1720,0.0890,0.0000,0.0000,0.5770,1.0000,4.0330,203.9790,1.5650,0.0000,0.0000,0.0000,66.8008,0.0000,3386.0000,1131.0000,0.0000,9.0000,14.0000,8.0000,5.0000
0.9290,0.3590,0.1770,0.1260,0.0490,0.0000,0.0000,0.3930,1.0000,4.0330,203.9790,1.5650,0.0000,0.0000,0.0000,66.8015,0.0000,3386.0000,1131.0000,0.0000,9.0000,15.0000,8.0000,5.0000
0.9120,0.2770,0.1730,0.1660,0.0500,0.0000,0.0000,0.4620,1.0000,4.0330,203.9790,1.5650,0.0000,0.0000,0.0000,66.8016,0.0000,3386.0000,1131.0000,0.0000,9.0000,15.0000,8.0000,5.0000
1.4270,0.2430,0.4370,0.1160,0.3140,0.0000,0.0000,0.7470,1.0000,4.0330,203.9790,1.5650,0.0000,0.0000,0.0000,66.8199,0.0000,3388.0000,1131.0000,0.0000,9.0000,15.0000,8.0000,5.0000
1.0720,0.4630,0.2420,0.1900,0.0850,0.0000,0.0000,0.3670,1.0000,4.0330,203.9790,1.5650,0.0000,0.0000,0.0000,66.8302,0.0000,3389.0000,1131.0000,0.0000,9.0000,15.0000,8.0000,5.0000
0.9280,0.2860,0.2120,0.1240,0.0810,0.0000,0.0000,0.4300,1.0000,4.0330,203.9790,1.5650,0.0000,0.0000,0.0000,66.8303,0.0000,3389.0000,1131.0000,0.0000,9.0000,15.0000,8.0000,5.0000
1.2220,0.2370,0.1900,0.1200,0.0500,0.0000,0.0000,0.7950,1.0000,4.0330,203.9790,1.5650,0.0000,0.0000,0.0000,66.8303,0.0000,3389.0000,1131.0000,0.0000,9.0000,15.0000,8.0000,5.0000
1.6180,0.2390,0.3700,0.1200,0.1140,0.0000,0.0000,1.0090,1.0000,4.0330,203.9790,1.5650,0.0000,0.0000,0.0000,66.8505,0.0000,3391.0000,1131.0000,0.0000,9.0000,15.0000,8.0000,5.0000
1.4800,0.5510,0.2370,0.1700,0.0580,0.0000,0.0000,0.6920,1.0000,4.0330,203.9790,1.5650,0.0000,0.0000,0.0000,66.8493,0.0000,3390.0000,1131.0000,0.0000,9.0000,15.0000,8.0000,5.0000
1.5770,0.2740,0.2730,0.1350,0.1020,0.0000,0.0000,1.0300,1.0000,4.0330,203.9790,1.5650,0.0000,0.0000,0.0000,66.8596,0.0000,3391.0000,1131.0000,0.0000,9.0000,15.0000,8.0000,5.0000
1.0390,0.6710,0.2390,0.1980,0.0600,0.0000,0.0000,0.1290,1.0000,4.0330,203.9790,1.5650,0.0000,0.0000,0.0000,66.8596,0.0000,3391.0000,1131.0000,0.0000,9.0000,15.0000,8.0000,5.0000
1.1430,0.2530,0.1980,0.1260,0.0530,0.0000,0.0000,0.6920,1.0000,4.0330,203.9790,1.5650,0.0000,0.0000,0.0000,66.8598,0.0000,3391.0000,1131.0000,0.0000,9.0000,15.0000,8.0000,6.0000
1.5040,0.2940,0.2840,0.1720,0.0740,0.0000,0.0000,0.9260,1.0000,4.0330,203.9790,1.5650,0.0000,0.0000,0.0000,66.8598,0.0000,3391.0000,1131.0000,0.0000,9.0000,15.0000,8.0000,5.0000
1.0930,0.2820,0.2140,0.1500,0.0610,0.0000,0.0000,0.5970,1.0000,4.0330,203.9790,1.5650,0.0000,0.0000,0.0000,66.8598,0.0000,3391.0000,1131.0000,0.0000,9.0000,15.0000,8.0000,5.0000
0.9900,0.3520,0.1950,0.2030,0.0570,0.0000,0.0000,0.4430,1.0000,4.0330,203.9790,1.5650,0.0000,0.0000,0.0000,66.8598,0.0000,3391.0000,1131.0000,0.0000,9.0000,15.0000,8.0000,5.0000
0.9990,0.2950,0.1920,0.1740,0.0550,0.0000,0.0000,0.5120,1.0000,4.0330,203.9790,1.5650,0.0000,0.0000,0.0000,66.8598,0.0000,3391.0000,1131.0000,0.0000,9.0000,15.0000,8.0000,5.0000
2.4430,0.3130,0.1890,0.1860,0.0560,0.0000,0.0000,1.9410,1.0000,4.0330,203.9790,1.5650,0.0000,0.0000,0.0000,66.8598,0.0000,3391.0000,1131.0000,0.0000,9.0000,15.0000,8.0000,5.0000
1.1470,1.6860,0.2800,1.5700,0.0710,0.0000,0.0000,0.0000,1.0000,4.0330,203.9790,1.5650,0.0000,0.0000,0.0000,66.8598,0.0000,3391.0000,1131.0000,0.0000,9.0000,15.0000,8.0000,5.0000
1.4440,0.2620,0.2060,0.1280,0.0580,0.0000,0.0000,0.9760,1.0000,4.0330,203.9790,1.5650,0.0000,0.0000,0.0000,66.8598,0.0000,3391.0000,1131.0000,0.0000,9.0000,15.0000,8.0000,5.0000
1.0800,0.5690,0.2180,0.1470,0.0590,0.0000,0.0000,0.2930,1.0000,4.0330,203.9790,1.5650,0.0000,0.0000,0.0000,66.8598,0.0000,3391.0000,1131.0000,0.0000,9.0000,15.0000,8.0000,5.0000
1.3880,0.2950,0.2210,0.1290,0.0600,0.0000,0.0000,0.8720,1.0000,4.0330,203.9790,1.5650,0.0000,0.0000,0.0000,66.8598,0.0000,3391.0000,1131.0000,0.0000,9.0000,15.0000,8.0000,5.0000
1.0520,0.6070,0.2580,0.4230,0.0630,0.0000,0.0000,0.1870,1.0000,4.0330,203.9790,1.5650,0.0000,0.0000,0.0000,66.8598,0.0000,3391.0000,1131.0000,0.0000,9.0000,15.0000,8.0000,5.0000
1.1500,0.2530,0.2890,0.1250,0.0630,0.0000,0.0000,0.6080,1.0000,4.0330,203.9790,1.5650,0.0000,0.0000,0.0000,66.8598,0.0000,3391.0000,1131.0000,0.0000,9.0000,15.0000,8.0000,5.0000
1.1750,0.2450,0.2660,0.1240,0.0960,0.0000,0.0000,0.6640,1.0000,4.0330,203.9790,1.5650,0.0000,0.0000,0.0000,66.8701,0.0000,3392.0000,1131.0000,0.0000,9.0000,15.0000,8.0000,5.0000
2.1540,0.3150,0.2100,0.1280,0.0570,0.0000,0.0000,1.6290,1.0000,4.0330,203.9790,1.5650,0.0000,0.0000,0.0000,66.8701,0.0000,3392.0000,1131.0000,0.0000,9.0000,15.0000,8.0000,5.0000
3.2200,0.2530,0.2440,0.1230,0.0630,0.0000,0.0000,2.7230,1.0000,4.0330,203.9790,1.5650,0.0000,0.0000,0.0000,66.8701,0.0000,3392.0000,1131.0000,0.0000,9.0000,15.0000,8.0000,5.0000
1.3480,0.9980,0.2670,0.1380,0.0660,0.0000,0.0000,0.0830,1.0000,4.0330,203.9790,1.5650,0.0000,0.0000,0.0000,66.8701,0.0000,3392.0000,1131.0000,0.0000,9.0000,15.0000,8.0000,4.0000
1.5090,0.3580,0.3130,0.2090,0.1330,0.0000,0.0000,0.8380,1.0000,4.0330,203.9790,1.5650,0.0000,0.0000,0.0000,66.8804,0.0000,3393.0000,1131.0000,0.0000,9.0000,15.0000,8.0000,4.0000
1.0900,0.4530,0.2310,0.2330,0.0600,0.0000,0.0000,0.4060,1.0000,4.0330,203.9790,1.5650,0.0000,0.0000,0.0000,66.8804,0.0000,3393.0000,1131.0000,0.0000,9.0000,15.0000,8.0000,4.0000
1.0740,0.3110,0.2280,0.1290,0.0650,0.0000,0.0000,0.5350,1.0000,4.0330,203.9790,1.5650,0.0000,0.0000,0.0000,66.8805,0.0000,3393.0000,1131.0000,0.0000,9.0000,15.0000,8.0000,4.0000
1.1840,0.2930,0.2520,0.1250,0.0610,0.0000,0.0000,0.6390,1.0000,4.0330,203.9790,1.5650,0.0000,0.0000,0.0000,66.8805,0.0000,3393.0000,1131.0000,0.0000,9.0000,15.0000,8.0000,4.0000
1.0590,0.3300,0.2450,0.1730,0.0590,0.0000,0.0000,0.4840,1.0000,4.0330,203.9790,1.5650,0.0000,0.0000,0.0000,66.8805,0.0000,3393.0000,1131.0000,0.0000,9.0000,15.0000,8.0000,4.0000
1.1480,0.2430,0.2790,0.1190,0.0950,0.0000,0.0000,0.6260,1.0000,4.0330,203.9790,1.5650,0.0000,0.0000,0.0000,66.8907,0.0000,3394.0000,1131.0000,0.0000,9.0000,15.0000,8.0000,4.0000
1.1100,0.2870,0.2620,0.1240,0.0880,0.0000,0.0000,0.5610,1.0000,4.0330,203.9790,1.5650,0.0000,0.0000,0.0000,66.9010,0.0000,3395.0000,1131.0000,0.0000,9.0000,15.0000,8.0000,4.0000
0.9240,0.2920,0.1950,0.1350,0.0530,0.0000,0.0000,0.4370,1.0000,4.0330,203.9790,1.5650,0.0000,0.0000,0.0000,66.9010,0.0000,3395.0000,1131.0000,0.0000,9.0000,15.0000,8.0000,4.0000
1.0200,0.2280,0.1850,0.1170,0.0520,0.0000,0.0000,0.6070,1.0000,4.0330,203.9790,1.5650,0.0000,0.0000,0.0000,66.9011,0.0000,3395.0000,1131.0000,0.0000,9.0000,15.0000,8.0000,4.0000
0.9030,0.2280,0.1850,0.1160,0.0560,0.0000,0.0000,0.4900,1.0000,4.0330,203.9790,1.5650,0.0000,0.0000,0.0000,66.9011,0.0000,3395.0000,1131.0000,0.0000,9.0000,15.0000,8.0000,4.0000
1.0930,0.2270,0.2250,0.1150,0.0550,0.0000,0.0000,0.6410,1.0000,4.0330,203.9790,1.5650,0.0000,0.0000,0.0000,66.9011,0.0000,3395.0000,1131.0000,0.0000,9.0000,15.0000,8.0000,4.0000
1.4730,0.2330,0.4340,0.1180,0.0610,0.0000,0.0000,0.8060,1.0000,4.0330,203.9790,1.5650,0.0000,0.0000,0.0000,66.9189,0.0000,3397.0000,1131.0000,0.0000,9.0000,15.0000,8.0000,4.0000
1.1080,0.4320,0.2380,0.1760,0.0700,0.0000,0.0000,0.4380,1.0000,4.0330,203.9790,1.5650,0.0000,0.0000,0.0000,66.9189,0.0000,3397.0000,1131.0000,0.0000,9.0000,15.0000,8.0000,4.0000
1.0320,0.2640,0.2150,0.1260,0.0580,0.0000,0.0000,0.5530,1.0000,4.0330,203.9790,1.5650,0.0000,0.0000,0.0000,66.9189,0.0000,3397.0000,1131.0000,0.0000,9.0000,15.0000,8.0000,4.0000
1.0260,0.2510,0.2070,0.1230,0.0550,0.0000,0.0000,0.5680,1.0000,4.0330,203.9790,1.5650,0.0000,0.0000,0.0000,66.9189,0.0000,3397.0000,1131.0000,0.0000,9.0000,15.0000,8.0000,4.0000
1.0290,0.2820,0.2140,0.1350,0.0570,0.0000,0.0000,0.5330,1.0000,4.0330,203.9790,1.5650,0.0000,0.0000,0.0000,66.9189,0.0000,3397.0000,1131.0000,0.0000,9.0000,15.0000,8.0000,4.0000
0.9570,0.2520,0.2300,0.1240,0.0810,0.0000,0.0000,0.4750,1.0000,4.0330,203.9790,1.5650,0.0000,0.0000,0.0000,66.9189,0.0000,3397.0000,1131.0000,0.0000,9.0000,15.0000,8.0000,4.0000
1.0000,0.2380,0.1960,0.1190,0.0520,0.0000,0.0000,0.5660,1.0000,4.0330,203.9790,1.5650,0.0000,0.0000,0.0000,66.9189,0.0000,3397.0000,1131.0000,0.0000,9.0000,15.0000,8.0000,4.0000
0.9980,0.2450,0.1960,0.1230,0.0530,0.0000,0.0000,0.5570,1.0000,4.0330,203.9790,1.5650,0.0000,0.0000,0.0000,66.9189,0.0000,3397.0000,1131.0000,0.0000,9.0000,15.0000,8.0000,4.0000
1.1270,0.2800,0.2750,0.1420,0.1170,0.0000,0.0000,0.5720,1.0000,4.0330,203.9790,1.5650,0.0000,0.0000,0.0000,66.9292,0.0000,3398.0000,1131.0000,0.0000,9.0000,15.0000,8.0000,4.0000
1.1080,0.2940,0.2270,0.1260,0.0570,0.0000,0.0000,0.5870,1.0000,4.0330,203.9790,1.5650,0.0000,0.0000,0.0000,66.9292,0.0000,3398.0000,1131.0000,0.0000,9.0000,15.0000,8.0000,4.0000
2.1430,0.2370,0.2560,0.1200,0.0580,0.0000,0.0000,1.6500,1.0000,4.0330,203.9790,1.5650,0.0000,0.0000,0.0000,66.9293,0.0000,3398.0000,1131.0000,0.0000,9.0000,15.0000,8.0000,4.0000
1.2230,0.2420,0.2730,0.1230,0.0630,0.0000,0.0000,0.7080,1.0000,4.0330,203.9790,1.5650,0.0000,0.0000,0.0000,66.7141,0.0000,3377.0000,1131.0000,0.0000,9.0000,15.0000,8.0000,4.0000
1.2870,0.2970,0.2540,0.1410,0.0980,0.0000,0.0000,0.7360,1.0000,4.0330,203.9790,1.5650,0.0000,0.0000,0.0000,66.7341,0.0000,3379.0000,1131.0000,0.0000,9.0000,15.0000,8.0000,4.0000
1.1800,0.4290,0.2170,0.1790,0.0570,0.0000,0.0000,0.5340,1.0000,4.0330,203.9790,1.5650,0.0000,0.0000,0.0000,66.7341,0.0000,3379.0000,1131.0000,0.0000,9.0000,15.0000,8.0000,4.0000
0.9760,0.2490,0.2260,0.1240,0.0860,0.0000,0.0000,0.5010,1.0000,4.0330,203.9790,1.5650,0.0000,0.0000,0.0000,66.7342,0.0000,3379.0000,1131.0000,0.0000,9.0000,15.0000,8.0000,4.0000
1.0760,0.2400,0.1840,0.1240,0.0510,0.0000,0.0000,0.6520,1.0000,4.0330,203.9790,1.5650,0.0000,0.0000,0.0000,66.7342,0.0000,3379.0000,1131.0000,0.0000,9.0000,15.0000,8.0000,4.0000
1.1610,0.2890,0.2520,0.1340,0.0640,0.0000,0.0000,0.6200,1.0000,4.0330,203.9790,1.5650,0.0000,0.0000,0.0000,66.7342,0.0000,3379.0000,1131.0000,0.0000,9.0000,15.0000,8.0000,4.0000
1.2310,0.3050,0.2750,0.1480,0.1030,0.0000,0.0000,0.6510,1.0000,4.0330,203.9790,1.5650,0.0000,0.0000,0.0000,66.7539,0.0000,3381.0000,1131.0000,0.0000,9.0000,15.0000,8.0000,4.0000
1.4430,0.3470,0.2380,0.1290,0.0910,0.0000,0.0000,0.8580,1.0000,4.0330,203.9790,1.5650,0.0000,0.0000,0.0000,66.7742,0.0000,3383.0000,1131.0000,0.0000,9.0000,15.0000,8.0000,4.0000
1.2710,0.3920,0.3230,0.1880,0.1210,0.0000,0.0000,0.5560,1.0000,4.0330,203.9790,1.5650,0.0000,0.0000,0.0000,66.7744,0.0000,3383.0000,1131.0000,0.0000,9.0000,15.0000,8.0000,4.0000
2.0320,0.3090,0.8470,0.1440,0.1510,0.0000,0.0000,0.8760,1.0000,4.0330,203.9790,1.5650,0.0000,0.0000,0.0000,66.7745,0.0000,3383.0000,1131.0000,0.0000,9.0000,15.0000,8.0000,4.0000
1.2810,0.3020,0.2840,0.1460,0.0810,0.0000,0.0000,0.6950,1.0000,4.0330,203.9790,1.5650,0.0000,0.0000,0.0000,66.7745,0.0000,3383.0000,1131.0000,0.0000,9.0000,15.0000,8.0000,4.0000
1.0640,0.2920,0.2230,0.1560,0.0600,0.0000,0.0000,0.5490,1.0000,4.0330,203.9790,1.5650,0.0000,0.0000,0.0000,66.7745,0.0000,3383.0000,1131.0000,0.0000,9.0000,15.0000,8.0000,4.0000
1.0290,0.2720,0.2030,0.1310,0.0570,0.0000,0.0000,0.5540,1.0000,4.0330,203.9790,1.5650,0.0000,0.0000,0.0000,66.7745,0.0000,3383.0000,1131.0000,0.0000,9.0000,15.0000,8.0000,4.0000
0.9910,0.2980,0.1980,0.1750,0.0550,0.0000,0.0000,0.4950,1.0000,4.0330,203.9790,1.5650,0.0000,0.0000,0.0000,66.7745,0.0000,3383.0000,1131.0000,0.0000,9.0000,15.0000,8.0000,4.0000
1.1370,0.2940,0.1890,0.1710,0.0530,0.0000,0.0000,0.6540,1.0000,4.0330,203.9790,1.5650,0.0000,0.0000,0.0000,66.7745,0.0000,3383.0000,1131.0000,0.0000,9.0000,15.0000,8.0000,4.0000
1.0000,0.2880,0.1990,0.1720,0.0550,0.0000,0.0000,0.5130,1.0000,4.0330,203.9790,1.5650,0.0000,0.0000,0.0000,66.7745,0.0000,3383.0000,1131.0000,0.0000,9.0000,15.0000,8.0000,4.0000
0.9730,0.2870,0.1880,0.1290,0.0530,0.0000,0.0000,0.4980,1.0000,4.0330,203.9790,1.5650,0.0000,0.0000,0.0000,66.7745,0.0000,3383.0000,1131.0000,0.0000,9.0000,15.0000,8.0000,4.0000
0.9570,0.2850,0.1880,0.1280,0.0530,0.0000,0.0000,0.4840,1.0000,4.0330,203.9790,1.5650,0.0000,0.0000,0.0000,66.7745,0.0000,3383.0000,1131.0000,0.0000,9.0000,15.0000,8.0000,4.0000
0.9970,0.2770,0.1860,0.1660,0.0520,0.0000,0.0000,0.5340,1.0000,4.0330,203.9790,1.5650,0.0000,0.0000,0.0000,66.7745,0.0000,3383.0000,1131.0000,0.0000,9.0000,15.0000,8.0000,4.0000
1.0490,0.2860,0.1900,0.1750,0.0530,0.0000,0.0000,0.5730,1.0000,4.0330,203.9790,1.5650,0.0000,0.0000,0.0000,66.7745,0.0000,3383.0000,1131.0000,0.0000,9.0000,15.0000,8.0000,4.0000
1.1960,0.2930,0.2230,0.1790,0.0870,0.0000,0.0000,0.6800,1.0000,4.0330,203.9790,1.5650,0.0000,0.0000,0.0000,66.7841,0.0000,3384.0000,1131.0000,0.0000,9.0000,14.0000,8.0000,4.0000
1.2630,0.3230,0.2590,0.1260,0.0680,0.0000,0.0000,0.6810,1.0000,4.0330,203.9790,1.5650,0.0000,0.0000,0.0000,66.7841,0.0000,3384.0000,1131.0000,0.0000,9.0000,14.0000,8.0000,4.0000
1.2830,0.2670,0.3140,0.1320,0.0660,0.0000,0.0000,0.7020,1.0000,4.0330,203.9790,1.5650,0.0000,0.0000,0.0000,66.7841,0.0000,3384.0000,1131.0000,0.0000,9.0000,14.0000,8.0000,4.0000
1.0220,0.2780,0.2100,0.1480,0.0580,0.0000,0.0000,0.5340,1.0000,4.0330,203.9790,1.5650,0.0000,0.0000,0.0000,66.7841,0.0000,3384.0000,1131.0000,0.0000,9.0000,14.0000,8.0000,4.0000
1.0640,0.2650,0.2290,0.1270,0.0880,0.0000,0.0000,0.5700,1.0000,4.0330,203.9790,1.5650,0.0000,0.0000,0.0000,66.7944,0.0000,3385.0000,1131.0000,0.0000,9.0000,14.0000,8.0000,3.0000
0.9820,0.2970,0.2010,0.1270,0.0590,0.0000,0.0000,0.4840,1.0000,4.0330,203.9790,1.5650,0.0000,0.0000,0.0000,66.7944,0.0000,3385.0000,1131.0000,0.0000,9.0000,14.0000,8.0000,3.0000
1.0410,0.2590,0.1950,0.1340,0.0540,0.0000,0.0000,0.5870,1.0000,4.0330,203.9790,1.5650,0.0000,0.0000,0.0000,66.7945,0.0000,3385.0000,1131.0000,0.0000,9.0000,14.0000,8.0000,3.0000
0.9460,0.2500,0.1930,0.1200,0.0550,0.0000,0.0000,0.5030,1.0000,4.0330,203.9790,1.5650,0.0000,0.0000,0.0000,66.7945,0.0000,3385.0000,1131.0000,0.0000,9.0000,14.0000,8.0000,3.0000
0.9300,0.2480,0.1890,0.1220,0.0530,0.0000,0.0000,0.4930,1.0000,4.0330,203.9790,1.5650,0.0000,0.0000,0.0000,66.7945,0.0000,3385.0000,1131.0000,0.0000,9.0000,14.0000,8.0000,3.0000
0.9260,0.2420,0.1890,0.1190,0.0540,0.0000,0.0000,0.4950,1.0000,4.0330,203.9790,1.5650,0.0000,0.0000,0.0000,66.7945,0.0000,3385.0000,1131.0000,0.0000,9.0000,14.0000,8.0000,3.0000
1.0800,0.2430,0.2580,0.1360,0.0880,0.0000,0.0000,0.5790,1.0000,4.0330,203.9790,1.5650,0.0000,0.0000,0.0000,66.8047,0.0000,3386.0000,1131.0000,0.0000,9.0000,14.0000,8.0000,3.0000
0.9270,0.2910,0.1920,0.1240,0.0540,0.0000,0.0000,0.4440,1.0000,4.0330,203.9790,1.5650,0.0000,0.0000,0.0000,66.8047,0.0000,3386.0000,1131.0000,0.0000,9.0000,14.0000,8.0000,3.0000
0.9650,0.2420,0.1870,0.1340,0.0530,0.0000,0.0000,0.5360,1.0000,4.0330,203.9790,1.5650,0.0000,0.0000,0.0000,66.8048,0.0000,3386.0000,1131.0000,0.0000,9.0000,14.0000,8.0000,3.0000
0.8870,0.2380,0.1860,0.1320,0.0540,0.0000,0.0000,0.4630,1.0000,4.0330,203.9790,1.5650,0.0000,0.0000,0.0000,66.8048,0.0000,3386.0000,1131.0000,0.0000,9.0000,14.0000,8.0000,3.0000
0.9920,0.2240,0.2560,0.1170,0.0580,0.0000,0.0000,0.5120,1.0000,4.0330,203.9790,1.5650,0.0000,0.0000,0.0000,66.8048,0.0000,3386.0000,1131.0000,0.0000,9.0000,14.0000,8.0000,3.0000
0.9290,0.2370,0.2140,0.1220,0.0540,0.0000,0.0000,0.4780,1.0000,4.0330,203.9790,1.5650,0.0000,0.0000,0.0000,66.8048,0.0000,3386.0000,1131.0000,0.0000,9.0000,14.0000,8.0000,3.0000
0.9390,0.2270,0.2120,0.1180,0.0560,0.0000,0.0000,0.5000,1.0000,4.0330,203.9790,1.5650,0.0000,0.0000,0.0000,66.8048,0.0000,3386.0000,1131.0000,0.0000,9.0000,14.0000,8.0000,3.0000
0.9200,0.2300,0.2140,0.1220,0.0820,0.0000,0.0000,0.4760,1.0000,4.0330,203.9790,1.5650,0.0000,0.0000,0.0000,66.8048,0.0000,3386.0000,1131.0000,0.0000,9.0000,14.0000,8.0000,3.0000
0.9980,0.2260,0.1870,0.1180,0.0510,0.0000,0.0000,0.5850,1.0000,4.0330,203.9790,1.5650,0.0000,0.0000,0.0000,66.8048,0.0000,3386.0000,1131.0000,0.0000,9.0000,14.0000,8.0000,3.0000
2.0820,0.2390,0.1970,0.1230,0.0560,0.0000,0.0000,1.6460,1.0000,4.0330,203.9790,1.5650,0.0000,0.0000,0.0000,66.8055,0.0000,3386.0000,1131.0000,0.0000,9.0000,15.0000,8.0000,4.0000
2.1600,0.9390,0.4770,0.2160,0.0730,0.0000,0.0000,0.7440,1.0000,4.0330,203.9790,1.5650,0.0000,0.0000,0.0000,66.8055,0.0000,3386.0000,1131.0000,0.0000,9.0000,15.0000,8.0000,4.0000
1.1580,0.2880,0.2470,0.1300,0.0650,0.0000,0.0000,0.6230,1.0000,4.0330,203.9790,1.5650,0.0000,0.0000,0.0000,66.8055,0.0000,3386.0000,1131.0000,0.0000,9.0000,15.0000,8.0000,4.0000
1.1810,0.2800,0.2130,0.1530,0.0590,0.0000,0.0000,0.6880,1.0000,4.0330,203.9790,1.5650,0.0000,0.0000,0.0000,66.8055,0.0000,3386.0000,1131.0000,0.0000,9.0000,15.0000,8.0000,4.0000
1.3010,0.2670,0.2780,0.1450,0.1040,0.0000,0.0000,0.7560,1.0000,4.0330,203.9790,1.5650,0.0000,0.0000,0.0000,66.8257,0.0000,3388.0000,1131.0000,0.0000,9.0000,15.0000,8.0000,4.0000
1.0120,0.4410,0.2260,0.1810,0.0600,0.0000,0.0000,0.3450,1.0000,4.0330,203.9790,1.5650,0.0000,0.0000,0.0000,66.8257,0.0000,3388.0000,1131.0000,0.0000,9.0000,15.0000,8.0000,4.0000
0.9580,0.2460,0.2110,0.1240,0.0570,0.0000,0.0000,0.5010,1.0000,4.0330,203.9790,1.5650,0.0000,0.0000,0.0000,66.8258,0.0000,3388.0000,1131.0000,0.0000,9.0000,15.0000,8.0000,4.0000
0.9380,0.2420,0.2010,0.1220,0.0550,0.0000,0.0000,0.4950,1.0000,4.0330,203.9790,1.5650,0.0000,0.0000,0.0000,66.8258,0.0000,3388.0000,1131.0000,0.0000,9.0000,15.0000,8.0000,4.0000
1.0780,0.2360,0.2320,0.1200,0.1000,0.0000,0.0000,0.6100,1.0000,4.0330,203.9790,1.5650,0.0000,0.0000,0.0000,66.8361,0.0000,3389.0000,1131.0000,0.0000,9.0000,15.0000,8.0000,4.0000
0.9480,0.3590,0.2080,0.1270,0.0560,0.0000,0.0000,0.3810,1.0000,4.0330,203.9790,1.5650,0.0000,0.0000,0.0000,66.8361,0.0000,3389.0000,1131.0000,0.0000,9.0000,15.0000,8.0000,4.0000
0.9530,0.2370,0.1970,0.1200,0.0660,0.0000,0.0000,0.5190,1.0000,4.0330,203.9790,1.5650,0.0000,0.0000,0.0000,66.8361,0.0000,3389.0000,1131.0000,0.0000,9.0000,15.0000,8.0000,4.0000
0.9870,0.2680,0.1950,0.1220,0.0650,0.0000,0.0000,0.5240,1.0000,4.0330,203.9790,1.5650,0.0000,0.0000,0.0000,66.8361,0.0000,3389.0000,1131.0000,0.0000,9.0000,15.0000,8.0000,4.0000
1.2090,0.2810,0.2640,0.1360,0.1040,0.0000,0.0000,0.6640,1.0000,4.0330,203.9790,1.5650,0.0000,0.0000,0.0000,66.8361,0.0000,3389.0000,1131.0000,0.0000,9.0000,15.0000,8.0000,4.0000
1.0360,0.3390,0.2110,0.1490,0.0560,0.0000,0.0000,0.4860,1.0000,4.0330,203.9790,1.5650,0.0000,0.0000,0.0000,66.8361,0.0000,3389.0000,1131.0000,0.0000,9.0000,15.0000,8.0000,4.0000
0.9510,0.2500,0.2010,0.1280,0.0570,0.0000,0.0000,0.5000,1.0000,4.0330,203.9790,1.5650,0.0000,0.0000,0.0000,66.8361,0.0000,3389.0000,1131.0000,0.0000,9.0000,15.0000,8.0000,4.0000
0.9760,0.2320,0.1930,0.1180,0.0540,0.0000,0.0000,0.5510,1.0000,4.0330,203.9790,1.5650,0.0000,0.0000,0.0000,66.8361,0.0000,3389.0000,1131.0000,0.0000,9.0000,15.0000,8.0000,4.0000
1.1120,0.2360,0.2420,0.1190,0.0860,0.0000,0.0000,0.6340,1.0000,4.0330,203.9790,1.5650,0.0000,0.0000,0.0000,66.8464,0.0000,3390.0000,1131.0000,0.0000,9.0000,15.0000,8.0000,4.0000
1.0650,0.2890,0.2280,0.1260,0.0870,0.0000,0.0000,0.5480,1.0000,4.0330,203.9790,1.5650,0.0000,0.0000,0.0000,66.8464,0.0000,3390.0000,1131.0000,0.0000,9.0000,15.0000,8.0000,4.0000
1.0390,0.2360,0.2600,0.1200,0.0890,0.0000,0.0000,0.5430,1.0000,4.0330,203.9790,1.5650,0.0000,0.0000,0.0000,66.8568,0.0000,3391.0000,1131.0000,0.0000,9.0000,15.0000,8.0000,4.0000
1.0960,0.2760,0.2180,0.1220,0.0530,0.0000,0.0000,0.6020,1.0000,4.0330,203.9790,1.5650,0.0000,0.0000,0.0000,66.8569,0.0000,3391.0000,1131.0000,0.0000,9.0000,15.0000,8.0000,4.0000
1.0170,0.2400,0.2500,0.1230,0.0570,0.0000,0.0000,0.5270,1.0000,4.0330,203.9790,1.5650,0.0000,0.0000,0.0000,66.8569,0.0000,3391.0000,1131.0000,0.0000,9.0000,15.0000,8.0000,4.0000
0.9530,0.2350,0.1920,0.1200,0.0520,0.0000,0.0000,0.5260,1.0000,4.0330,203.9790,1.5650,0.0000,0.0000,0.0000,66.8569,0.0000,3391.0000,1131.0000,0.0000,9.0000,15.0000,8.0000,4.0000
0.9570,0.2300,0.2270,0.1180,0.0550,0.0000,0.0000,0.5000,1.0000,4.0330,203.9790,1.5650,0.0000,0.0000,0.0000,66.8569,0.0000,3391.0000,1131.0000,0.0000,9.0000,15.0000,8.0000,4.0000
0.9550,0.2320,0.2160,0.1190,0.0520,0.0000,0.0000,0.5070,1.0000,4.0330,203.9790,1.5650,0.0000,0.0000,0.0000,66.8569,0.0000,3391.0000,1131.0000,0.0000,9.0000,15.0000,8.0000,4.0000
1.0710,0.2310,0.2290,0.1160,0.0560,0.0000,0.0000,0.6110,1.0000,4.0330,203.9790,1.5650,0.0000,0.0000,0.0000,66.8569,0.0000,3391.0000,1131.0000,0.0000,9.0000,15.0000,8.0000,4.0000
1.1050,0.2400,0.2140,0.1210,0.0520,0.0000,0.0000,0.6510,1.0000,4.0330,203.9790,1.5650,0.0000,0.0000,0.0000,66.8569,0.0000,3391.0000,1131.0000,0.0000,9.0000,15.0000,8.0000,4.0000
1.0430,0.2750,0.2260,0.1550,0.0590,0.0000,0.0000,0.5420,1.0000,4.0330,203.9790,1.5650,0.0000,0.0000,0.0000,66.8569,0.0000,3391.0000,1131.0000,0.0000,9.0000,15.0000,8.0000,4.0000
1.2280,0.2660,0.2240,0.1440,0.0850,0.0000,0.0000,0.7380,1.0000,4.0330,203.9790,1.5650,0.0000,0.0000,0.0000,66.8672,0.0000,3392.0000,1131.0000,0.0000,9.0000,15.0000,8.0000,4.0000
1.0060,0.2950,0.2050,0.1400,0.0550,0.0000,0.0000,0.5060,1.0000,4.0330,203.9790,1.5650,0.0000,0.0000,0.0000,66.8672,0.0000,3392.0000,1131.0000,0.0000,9.0000,15.0000,8.0000,4.0000
0.9380,0.2400,0.1940,0.1230,0.0530,0.0000,0.0000,0.5040,1.0000,4.0330,203.9790,1.5650,0.0000,0.0000,0.0000,66.8672,0.0000,3392.0000,1131.0000,0.0000,9.0000,15.0000,8.0000,4.0000
0.9050,0.2290,0.1830,0.1190,0.0510,0.0000,0.0000,0.4930,1.0000,4.0330,203.9790,1.5650,0.0000,0.0000,0.0000,66.8672,0.0000,3392.0000,1131.0000,0.0000,9.0000,15.0000,8.0000,4.0000
1.0770,0.2410,0.2150,0.1170,0.0820,0.0000,0.0000,0.6210,1.0000,4.0330,203.9790,1.5650,0.0000,0.0000,0.0000,66.8775,0.0000,3393.0000,1131.0000,0.0000,9.0000,15.0000,8.0000,4.0000
0.9640,0.3040,0.2000,0.1230,0.0550,0.0000,0.0000,0.4600,1.0000,4.0330,203.9790,1.5650,0.0000,0.0000,0.0000,66.8775,0.0000,3393.0000,1131.0000,0.0000,9.0000,15.0000,8.0000,4.0000
1.2950,0.2510,0.2470,0.1230,0.0630,0.0000,0.0000,0.7970,1.0000,4.0330,203.9790,1.5650,0.0000,0.0000,0.0000,66.8776,0.0000,3393.0000,1131.0000,0.0000,9.0000,15.0000,8.0000,4.0000
1.1870,0.3080,0.2160,0.1310,0.0670,0.0000,0.0000,0.6630,1.0000,4.0330,203.9790,1.5650,0.0000,0.0000,0.0000,66.8776,0.0000,3393.0000,1131.0000,0.0000,9.0000,15.0000,8.0000,4.0000
1.0990,0.2750,0.2160,0.1260,0.0580,0.0000,0.0000,0.6080,1.0000,4.0330,203.9790,1.5650,0.0000,0.0000,0.0000,66.8776,0.0000,3393.0000,1131.0000,0.0000,9.0000,15.0000,8.0000,4.0000
1.0650,0.2630,0.2450,0.1290,0.0990,0.0000,0.0000,0.5570,1.0000,4.0330,203.9790,1.5650,0.0000,0.0000,0.0000,66.8776,0.0000,3393.0000,1131.0000,0.0000,9.0000,15.0000,8.0000,4.0000
0.9800,0.2530,0.2320,0.1280,0.0580,0.0000,0.0000,0.4950,1.0000,4.0330,203.9790,1.5650,0.0000,0.0000,0.0000,66.8776,0.0000,3393.0000,1131.0000,0.0000,9.0000,15.0000,8.0000,4.0000
1.0120,0.2360,0.2240,0.1210,0.0540,0.0000,0.0000,0.5520,1.0000,1.1210,2.6830,1.8350,0.0000,0.0000,0.0000,66.8776,0.0000,3393.0000,1131.0000,0.0000,9.0000,15.0000,8.0000,4.0000
1.0260,0.2380,0.2270,0.1180,0.0560,0.0000,0.0000,0.5610,1.0000,1.1210,2.6830,1.8350,0.0000,0.0000,0.0000,66.8776,0.0000,3393.0000,1131.0000,0.0000,9.0000,15.0000,8.0000,4.0000
0.9870,0.2430,0.2260,0.1250,0.0540,0.0000,0.0000,0.5180,1.0000,1.1210,2.6830,1.8350,0.0000,0.0000,0.0000,66.8776,0.0000,3393.0000,1131.0000,0.0000,9.0000,15.0000,8.0000,4.0000
1.1090,0.2320,0.2710,0.1170,0.0990,0.0000,0.0000,0.6060,1.0000,1.1210,2.6830,1.8350,0.0000,0.0000,0.0000,66.8979,0.0000,3395.0000,1131.0000,0.0000,9.0000,15.0000,8.0000,4.0000
0.9820,0.3230,0.2260,0.1270,0.0530,0.0000,0.0000,0.4330,1.0000,1.1210,2.6830,1.8350,0.0000,0.0000,0.0000,66.8972,0.0000,3395.0000,1131.0000,0.0000,9.0000,14.0000,8.0000,4.0000
1.0020,0.2350,0.2630,0.1180,0.0590,0.0000,0.0000,0.5040,1.0000,1.1210,2.6830,1.8350,0.0000,0.0000,0.0000,66.8973,0.0000,3395.0000,1131.0000,0.0000,9.0000,14.0000,8.0000,4.0000
0.9960,0.2380,0.2190,0.1210,0.0520,0.0000,0.0000,0.5390,1.0000,1.1210,2.6830,1.8350,0.0000,0.0000,0.0000,66.8973,0.0000,3395.0000,1131.0000,0.0000,9.0000,14.0000,8.0000,4.0000
2.4240,0.2390,0.2270,0.1190,0.0550,0.0000,0.0000,1.9580,1.0000,1.1210,2.6830,1.8350,0.0000,0.0000,0.0000,66.8973,0.0000,3395.0000,1131.0000,0.0000,9.0000,14.0000,8.0000,4.0000
1.1360,0.2320,0.2160,0.1190,0.0560,0.0000,0.0000,0.6880,1.0000,1.1210,2.6830,1.8350,0.0000,0.0000,0.0000,66.7238,0.0000,3378.0000,1131.0000,0.0000,9.0000,14.0000,8.0000,5.0000
1.0090,0.3650,0.2220,0.2330,0.0750,0.0000,0.0000,0.4220,1.0000,1.1210,2.6830,1.8350,0.0000,0.0000,0.0000,66.7238,0.0000,3378.0000,1131.0000,0.0000,9.0000,14.0000,8.0000,5.0000
1.0720,0.2810,0.2110,0.1200,0.0690,0.0000,0.0000,0.5800,1.0000,1.1210,2.6830,1.8350,0.0000,0.0000,0.0000,66.7238,0.0000,3378.0000,1131.0000,0.0000,9.0000,14.0000,8.0000,5.0000
1.7580,0.2980,0.7040,0.1290,0.1050,0.0000,0.0000,0.7560,1.0000,1.1210,2.6830,1.8350,0.0000,0.0000,0.0000,66.7238,0.0000,3378.0000,1131.0000,0.0000,9.0000,14.0000,8.0000,5.0000
1.2130,0.3060,0.2510,0.1610,0.0960,0.0000,0.0000,0.6560,1.0000,1.1210,2.6830,1.8350,0.0000,0.0000,0.0000,66.7443,0.0000,3380.0000,1131.0000,0.0000,9.0000,14.0000,8.0000,5.0000
1.0160,0.3670,0.2480,0.1270,0.0710,0.0000,0.0000,0.4010,1.0000,1.1210,2.6830,1.8350,0.0000,0.0000,0.0000,66.7443,0.0000,3380.0000,1131.0000,0.0000,9.0000,14.0000,8.0000,5.0000
1.0620,0.2440,0.1870,0.1230,0.0540,0.0000,0.0000,0.6310,1.0000,1.1210,2.6830,1.8350,0.0000,0.0000,0.0000,66.7444,0.0000,3380.0000,1131.0000,0.0000,9.0000,14.0000,8.0000,5.0000
1.0100,0.3210,0.2010,0.1710,0.0540,0.0000,0.0000,0.4880,1.0000,1.1210,2.6830,1.8350,0.0000,0.0000,0.0000,66.7444,0.0000,3380.0000,1131.0000,0.0000,9.0000,14.0000,8.0000,5.0000
1.1130,0.2400,0.2370,0.1220,0.0950,0.0000,0.0000,0.6360,1.0000,1.1210,2.6830,1.8350,0.0000,0.0000,0.0000,66.7647,0.0000,3382.0000,1131.0000,0.0000,9.0000,14.0000,8.0000,5.0000
1.0330,0.3140,0.2050,0.1210,0.0540,0.0000,0.0000,0.5140,1.0000,1.1210,2.6830,1.8350,0.0000,0.0000,0.0000,66.7647,0.0000,3382.0000,1131.0000,0.0000,9.0000,14.0000,8.0000,5.0000
0.9680,0.2290,0.2130,0.1170,0.0830,0.0000,0.0000,0.5260,1.0000,1.1210,2.6830,1.8350,0.0000,0.0000,0.0000,66.7648,0.0000,3382.0000,1131.0000,0.0000,9.0000,14.0000,8.0000,5.0000
0.9210,0.2370,0.1990,0.1220,0.0530,0.0000,0.0000,0.4850,1.0000,1.1210,2.6830,1.8350,0.0000,0.0000,0.0000,66.7648,0.0000,3382.0000,1131.0000,0.0000,9.0000,14.0000,8.0000,5.0000
0.9870,0.2290,0.1960,0.1180,0.0530,0.0000,0.0000,0.5620,1.0000,1.1210,2.6830,1.8350,0.0000,0.0000,0.0000,66.7648,0.0000,3382.0000,1131.0000,0.0000,9.0000,14.0000,8.0000,5.0000
0.9190,0.2310,0.1940,0.1180,0.0530,0.0000,0.0000,0.4940,1.0000,1.1210,2.6830,1.8350,0.0000,0.0000,0.0000,66.7648,0.0000,3382.0000,1131.0000,0.0000,9.0000,14.0000,8.0000,5.0000
1.1860,0.2300,0.2200,0.1170,0.0950,0.0000,0.0000,0.7360,1.0000,1.1210,2.6830,1.8350,0.0000,0.0000,0.0000,66.7752,0.0000,3383.0000,1131.0000,0.0000,9.0000,14.0000,8.0000,6.0000
1.0940,0.4090,0.2870,0.2180,0.1250,0.0000,0.0000,0.3980,1.0000,1.1210,2.6830,1.8350,0.0000,0.0000,0.0000,66.7752,0.0000,3383.0000,1131.0000,0.0000,9.0000,14.0000,8.0000,6.0000
0.9870,0.2490,0.2430,0.1230,0.0610,0.0000,0.0000,0.4950,1.0000,1.1210,2.6830,1.8350,0.0000,0.0000,0.0000,66.7752,0.0000,3383.0000,1131.0000,0.0000,9.0000,14.0000,8.0000,6.0000
1.0100,0.2360,0.2130,0.1210,0.0530,0.0000,0.0000,0.5610,1.0000,1.1210,2.6830,1.8350,0.0000,0.0000,0.0000,66.7752,0.0000,3383.0000,1131.0000,0.0000,9.0000,14.0000,8.0000,6.0000
1.4290,0.2330,0.3990,0.1190,0.1100,0.0000,0.0000,0.7970,1.0000,1.1210,2.6830,1.8350,0.0000,0.0000,0.0000,66.7951,0.0000,3385.0000,1131.0000,0.0000,9.0000,13.0000,8.0000,6.0000
0.9920,0.3580,0.1980,0.1490,0.0560,0.0000,0.0000,0.4360,1.0000,1.1210,2.6830,1.8350,0.0000,0.0000,0.0000,66.7951,0.0000,3385.0000,1131.0000,0.0000,9.0000,13.0000,8.0000,6.0000
0.9340,0.2520,0.1860,0.1210,0.0520,0.0000,0.0000,0.4960,1.0000,1.1210,2.6830,1.8350,0.0000,0.0000,0.0000,66.7959,0.0000,3385.0000,1131.0000,0.0000,9.0000,14.0000,8.0000,6.0000
1.0230,0.2410,0.1810,0.1320,0.0520,0.0000,0.0000,0.6010,1.0000,1.1210,2.6830,1.8350,0.0000,0.0000,0.0000,66.7959,0.0000,3385.0000,1131.0000,0.0000,9.0000,14.0000,8.0000,6.0000
1.0140,0.2620,0.1900,0.1550,0.0520,0.0000,0.0000,0.5620,1.0000,1.1210,2.6830,1.8350,0.0000,0.0000,0.0000,66.7959,0.0000,3385.0000,1131.0000,0.0000,9.0000,14.0000,8.0000,6.0000
0.9040,0.2430,0.1820,0.1340,0.0520,0.0000,0.0000,0.4790,1.0000,1.1210,2.6830,1.8350,0.0000,0.0000,0.0000,66.7959,0.0000,3385.0000,1131.0000,0.0000,9.0000,14.0000,8.0000,6.0000
1.0810,0.2400,0.1810,0.1320,0.0520,0.0000,0.0000,0.6600,1.0000,1.1210,2.6830,1.8350,0.0000,0.0000,0.0000,66.7959,0.0000,3385.0000,1131.0000,0.0000,9.0000,14.0000,8.0000,6.0000
1.1140,0.2240,0.2340,0.1180,0.0600,0.0000,0.0000,0.6560,1.0000,1.1210,2.6830,1.8350,0.0000,0.0000,0.0000,66.7959,0.0000,3385.0000,1131.0000,0.0000,9.0000,14.0000,8.0000,6.0000
1.0140,0.2670,0.2010,0.1290,0.0530,0.0000,0.0000,0.5460,1.0000,1.1210,2.6830,1.8350,0.0000,0.0000,0.0000,66.7959,0.0000,3385.0000,1131.0000,0.0000,9.0000,14.0000,8.0000,6.0000
1.2410,0.3170,0.2480,0.1780,0.1040,0.0000,0.0000,0.6760,1.0000,1.1210,2.6830,1.8350,0.0000,0.0000,0.0000,66.8264,0.0000,3388.0000,1131.0000,0.0000,9.0000,14.0000,8.0000,6.0000
1.0970,0.4080,0.2030,0.1260,0.0660,0.0000,0.0000,0.4860,1.0000,1.1210,2.6830,1.8350,0.0000,0.0000,0.0000,66.8265,0.0000,3388.0000,1131.0000,0.0000,9.0000,14.0000,8.0000,6.0000
1.1180,0.2680,0.2120,0.1310,0.0560,0.0000,0.0000,0.6380,1.0000,1.1210,2.6830,1.8350,0.0000,0.0000,0.0000,66.8267,0.0000,3388.0000,1131.0000,0.0000,9.0000,14.0000,8.0000,6.0000
0.9510,0.2620,0.2260,0.1300,0.0580,0.0000,0.0000,0.4630,1.0000,1.1210,2.6830,1.8350,0.0000,0.0000,0.0000,66.8267,0.0000,3388.0000,1131.0000,0.0000,9.0000,14.0000,8.0000,6.0000
1.1030,0.2420,0.2510,0.1210,0.1140,0.0000,0.0000,0.6100,1.0000,1.1210,2.6830,1.8350,0.0000,0.0000,0.0000,66.8365,0.0000,3389.0000,1131.0000,0.0000,9.0000,14.0000,8.0000,6.0000
1.1000,0.2740,0.2130,0.1200,0.0530,0.0000,0.0000,0.6130,1.0000,1.1210,2.6830,1.8350,0.0000,0.0000,0.0000,66.8365,0.0000,3389.0000,1131.0000,0.0000,9.0000,14.0000,8.0000,6.0000
1.1110,0.2550,0.2430,0.1330,0.0570,0.0000,0.0000,0.6130,1.0000,1.1210,2.6830,1.8350,0.0000,0.0000,0.0000,66.8365,0.0000,3389.0000,1131.0000,0.0000,9.0000,14.0000,8.0000,6.0000
0.9630,0.2520,0.1970,0.1230,0.0530,0.0000,0.0000,0.5140,1.0000,1.1210,2.6830,1.8350,0.0000,0.0000,0.0000,66.8365,0.0000,3389.0000,1131.0000,0.0000,9.0000,14.0000,8.0000,6.0000
1.0240,0.2320,0.2010,0.1190,0.0520,0.0000,0.0000,0.5910,1.0000,1.1210,2.6830,1.8350,0.0000,0.0000,0.0000,66.8365,0.0000,3389.0000,1131.0000,0.0000,9.0000,14.0000,8.0000,6.0000
0.9550,0.2740,0.1950,0.1620,0.0540,0.0000,0.0000,0.4860,1.0000,1.1210,2.6830,1.8350,0.0000,0.0000,0.0000,66.8365,0.0000,3389.0000,1131.0000,0.0000,9.0000,14.0000,8.0000,5.0000
1.0030,0.2440,0.2200,0.1380,0.0570,0.0000,0.0000,0.5390,1.0000,1.1210,2.6830,1.8350,0.0000,0.0000,0.0000,66.8365,0.0000,3389.0000,1131.0000,0.0000,9.0000,14.0000,8.0000,5.0000
1.1150,0.2770,0.1970,0.1530,0.0560,0.0000,0.0000,0.6410,1.0000,1.1210,2.6830,1.8350,0.0000,0.0000,0.0000,66.8365,0.0000,3389.0000,1131.0000,0.0000,9.0000,14.0000,8.0000,5.0000
1.0050,0.2460,0.2000,0.1190,0.0610,0.0000,0.0000,0.5590,1.0000,1.1210,2.6830,1.8350,0.0000,0.0000,0.0000,66.8365,0.0000,3389.0000,1131.0000,0.0000,9.0000,14.0000,8.0000,5.0000
0.9750,0.2430,0.2000,0.1300,0.0550,0.0000,0.0000,0.5320,1.0000,1.1210,2.6830,1.8350,0.0000,0.0000,0.0000,66.8358,0.0000,3389.0000,1131.0000,0.0000,9.0000,13.0000,8.0000,5.0000
1.1380,0.2700,0.2340,0.1600,0.0960,0.0000,0.0000,0.6340,1.0000,1.1210,2.6830,1.8350,0.0000,0.0000,0.0000,66.8568,0.0000,3391.0000,1131.0000,0.0000,9.0000,13.0000,8.0000,5.0000
1.1400,0.3490,0.2270,0.1350,0.0570,0.0000,0.0000,0.5640,1.0000,1.1210,2.6830,1.8350,0.0000,0.0000,0.0000,66.8688,0.0000,3392.0000,1131.0000,0.0000,9.0000,13.0000,8.0000,5.0000
1.1100,0.3490,0.2310,0.1810,0.0710,0.0000,0.0000,0.5300,1.0000,1.1210,2.6830,1.8350,0.0000,0.0000,0.0000,66.8689,0.0000,3392.0000,1131.0000,0.0000,9.0000,13.0000,8.0000,5.0000
1.0090,0.2980,0.1940,0.1750,0.0540,0.0000,0.0000,0.5170,1.0000,1.1210,2.6830,1.8350,0.0000,0.0000,0.0000,66.8689,0.0000,3392.0000,1131.0000,0.0000,9.0000,13.0000,8.0000,5.0000
0.9800,0.3290,0.1940,0.1650,0.0550,0.0000,0.0000,0.4570,1.0000,1.1210,2.6830,1.8350,0.0000,0.0000,0.0000,66.8689,0.0000,3392.0000,1131.0000,0.0000,9.0000,13.0000,8.0000,5.0000
0.9760,0.2660,0.1940,0.1170,0.0560,0.0000,0.0000,0.5160,1.0000,1.1210,2.6830,1.8350,0.0000,0.0000,0.0000,66.8689,0.0000,3392.0000,1131.0000,0.0000,9.0000,13.0000,8.0000,5.0000
0.9500,0.2890,0.1780,0.1330,0.0510,0.0000,0.0000,0.4830,1.0000,1.1210,2.6830,1.8350,0.0000,0.0000,0.0000,66.8682,0.0000,3392.0000,1131.0000,0.0000,9.0000,12.0000,8.0000,5.0000
1.0630,0.2980,0.1920,0.1800,0.0580,0.0000,0.0000,0.5730,1.0000,1.1210,2.6830,1.8350,0.0000,0.0000,0.0000,66.8682,0.0000,3392.0000,1131.0000,0.0000,9.0000,12.0000,8.0000,5.0000
1.1200,0.2790,0.2100,0.1660,0.0670,0.0000,0.0000,0.6310,1.0000,1.1210,2.6830,1.8350,0.0000,0.0000,0.0000,66.8682,0.0000,3392.0000,1131.0000,0.0000,9.0000,12.0000,8.0000,5.0000
1.2440,0.2910,0.2640,0.1320,0.1210,0.0000,0.0000,0.6890,1.0000,1.1210,2.6830,1.8350,0.0000,0.0000,0.0000,66.8994,0.0000,3395.0000,1131.0000,0.0000,9.0000,13.0000,8.0000,5.0000
0.9790,0.3690,0.2180,0.1360,0.0560,0.0000,0.0000,0.3920,1.0000,1.1210,2.6830,1.8350,0.0000,0.0000,0.0000,66.8994,0.0000,3395.0000,1131.0000,0.0000,9.0000,13.0000,8.0000,5.0000
0.9850,0.2470,0.2190,0.1220,0.0540,0.0000,0.0000,0.5190,1.0000,1.1210,2.6830,1.8350,0.0000,0.0000,0.0000,66.8995,0.0000,3395.0000,1131.0000,0.0000,9.0000,13.0000,8.0000,5.0000
0.9320,0.2340,0.2240,0.1180,0.0940,0.0000,0.0000,0.4740,1.0000,1.1210,2.6830,1.8350,0.0000,0.0000,0.0000,66.8988,0.0000,3395.0000,1131.0000,0.0000,9.0000,12.0000,8.0000,5.0000
1.0870,0.2290,0.2620,0.1170,0.1160,0.0000,0.0000,0.5960,1.0000,1.1210,2.6830,1.8350,0.0000,0.0000,0.0000,66.9091,0.0000,3396.0000,1131.0000,0.0000,9.0000,12.0000,8.0000,5.0000
1.5300,0.2860,0.4350,0.1280,0.0690,0.0000,0.0000,0.8090,1.0000,1.1210,2.6830,1.8350,0.0000,0.0000,0.0000,66.9091,0.0000,3396.0000,1131.0000,0.0000,9.0000,12.0000,8.0000,5.0000
1.0620,0.2900,0.2200,0.1370,0.0640,0.0000,0.0000,0.5520,1.0000,1.1210,2.6830,1.8350,0.0000,0.0000,0.0000,66.9091,0.0000,3396.0000,1131.0000,0.0000,9.0000,12.0000,8.0000,5.0000
1.0280,0.3240,0.2010,0.1850,0.0640,0.0000,0.0000,0.5030,1.0000,1.1210,2.6830,1.8350,0.0000,0.0000,0.0000,66.9091,0.0000,3396.0000,1131.0000,0.0000,9.0000,12.0000,8.0000,5.0000
1.1380,0.2990,0.1930,0.1790,0.0530,0.0000,0.0000,0.6460,1.0000,1.1210,2.6830,1.8350,0.0000,0.0000,0.0000,66.9091,0.0000,3396.0000,1131.0000,0.0000,9.0000,12.0000,8.0000,5.0000
1.1820,0.4070,0.2480,0.1500,0.0650,0.0000,0.0000,0.5270,1.0000,1.1210,2.6830,1.8350,0.0000,0.0000,0.0000,66.9091,0.0000,3396.0000,1131.0000,0.0000,9.0000,12.0000,8.0000,5.0000
1.0350,0.3190,0.2390,0.1360,0.0860,0.0000,0.0000,0.4770,1.0000,1.1210,2.6830,1.8350,0.0000,0.0000,0.0000,66.9091,0.0000,3396.0000,1131.0000,0.0000,9.0000,12.0000,8.0000,5.0000
1.0950,0.2660,0.2180,0.1330,0.0850,0.0000,0.0000,0.6110,1.0000,1.1210,2.6830,1.8350,0.0000,0.0000,0.0000,66.9089,0.0000,3396.0000,1131.0000,0.0000,9.0000,12.0000,8.0000,6.0000
1.6390,0.3180,0.2860,0.1910,0.0720,0.0000,0.0000,1.0350,1.0000,1.1210,2.6830,1.8350,0.0000,0.0000,0.0000,66.9208,0.0000,3397.0000,1131.0000,0.0000,9.0000,12.0000,8.0000,6.0000
1.2120,0.2930,0.2740,0.1220,0.0640,0.0000,0.0000,0.6450,1.0000,1.1210,2.6830,1.8350,0.0000,0.0000,0.0000,66.9208,0.0000,3397.0000,1131.0000,0.0000,9.0000,12.0000,8.0000,6.0000
1.3030,0.2870,0.2930,0.1360,0.1410,0.0000,0.0000,0.7230,1.0000,1.1210,2.6830,1.8350,0.0000,0.0000,0.0000,66.9409,0.0000,3399.0000,1131.0000,0.0000,9.0000,12.0000,8.0000,6.0000
0.9850,0.3340,0.2050,0.1220,0.0550,0.0000,0.0000,0.4460,1.0000,1.1210,2.6830,1.8350,0.0000,0.0000,0.0000,66.9409,0.0000,3399.0000,1131.0000,0.0000,9.0000,12.0000,8.0000,6.0000
1.1670,0.2440,0.2560,0.1190,0.0850,0.0000,0.0000,0.6670,1.0000,1.1210,2.6830,1.8350,0.0000,0.0000,0.0000,66.9513,0.0000,3400.0000,1131.0000,0.0000,9.0000,12.0000,8.0000,6.0000
1.0990,0.3170,0.1940,0.1400,0.0530,0.0000,0.0000,0.5880,1.0000,1.1210,2.6830,1.8350,0.0000,0.0000,0.0000,66.9513,0.0000,3400.0000,1131.0000,0.0000,9.0000,12.0000,8.0000,6.0000
1.2090,0.2730,0.2030,0.1430,0.0560,0.0000,0.0000,0.7330,1.0000,1.1210,2.6830,1.8350,0.0000,0.0000,0.0000,66.9513,0.0000,3400.0000,1131.0000,0.0000,9.0000,12.0000,8.0000,6.0000
1.0260,0.3150,0.1870,0.1810,0.0530,0.0000,0.0000,0.5240,1.0000,1.1210,2.6830,1.8350,0.0000,0.0000,0.0000,66.9523,0.0000,3400.0000,1131.0000,0.0000,9.0000,13.0000,8.0000,6.0000
0.9940,0.3470,0.1850,0.1900,0.0530,0.0000,0.0000,0.4620,1.0000,1.1210,2.6830,1.8350,0.0000,0.0000,0.0000,66.9523,0.0000,3400.0000,1131.0000,0.0000,9.0000,13.0000,8.0000,6.0000
0.9170,0.2850,0.1790,0.1230,0.0510,0.0000,0.0000,0.4530,1.0000,1.1210,2.6830,1.8350,0.0000,0.0000,0.0000,66.9523,0.0000,3400.0000,1131.0000,0.0000,9.0000,13.0000,8.0000,6.0000
0.9120,0.2680,0.1770,0.1180,0.0500,0.0000,0.0000,0.4670,1.0000,1.1210,2.6830,1.8350,0.0000,0.0000,0.0000,66.9523,0.0000,3400.0000,1131.0000,0.0000,9.0000,13.0000,8.0000,6.0000
1.0980,0.2790,0.2220,0.1670,0.0930,0.0000,0.0000,0.5970,1.0000,1.1210,2.6830,1.8350,0.0000,0.0000,0.0000,66.9733,0.0000,3402.0000,1131.0000,0.0000,9.0000,13.0000,8.0000,6.0000
0.8970,0.3990,0.1830,0.1660,0.0520,0.0000,0.0000,0.3150,1.0000,1.1210,2.6830,1.8350,0.0000,0.0000,0.0000,66.9733,0.0000,3402.0000,1131.0000,0.0000,9.0000,13.0000,8.0000,6.0000
0.9140,0.2720,0.1760,0.1620,0.0510,0.0000,0.0000,0.4660,1.0000,1.1210,2.6830,1.8350,0.0000,0.0000,0.0000,66.9734,0.0000,3402.0000,1131.0000,0.0000,9.0000,13.0000,8.0000,6.0000
0.9110,0.2320,0.1800,0.1140,0.0520,0.0000,0.0000,0.4990,1.0000,1.1210,2.6830,1.8350,0.0000,0.0000,0.0000,66.9734,0.0000,3402.0000,1131.0000,0.0000,9.0000,13.0000,8.0000,6.0000
1.0450,0.2400,0.2080,0.1330,0.0810,0.0000,0.0000,0.5970,1.0000,1.1210,2.6830,1.8350,0.0000,0.0000,0.0000,66.9837,0.0000,3403.0000,1131.0000,0.0000,9.0000,13.0000,8.0000,6.0000
0.9180,0.2970,0.1870,0.1290,0.0510,0.0000,0.0000,0.4340,1.0000,1.1210,2.6830,1.8350,0.0000,0.0000,0.0000,66.9837,0.0000,3403.0000,1131.0000,0.0000,9.0000,13.0000,8.0000,6.0000
0.9720,0.2440,0.1770,0.1330,0.0490,0.0000,0.0000,0.5510,1.0000,1.1210,2.6830,1.8350,0.0000,0.0000,0.0000,66.9837,0.0000,3403.0000,1131.0000,0.0000,9.0000,13.0000,8.0000,6.0000
0.8440,0.2250,0.1790,0.1160,0.0490,0.0000,0.0000,0.4400,1.0000,1.1210,2.6830,1.8350,0.0000,0.0000,0.0000,66.9837,0.0000,3403.0000,1131.0000,0.0000,9.0000,13.0000,8.0000,6.0000
0.9610,0.2240,0.1760,0.1160,0.0480,0.0000,0.0000,0.5610,1.0000,1.1210,2.6830,1.8350,0.0000,0.0000,0.0000,66.9844,0.0000,3403.0000,1131.0000,0.0000,9.0000,14.0000,8.0000,6.0000
0.9310,0.2210,0.2340,0.1150,0.0830,0.0000,0.0000,0.4760,1.0000,1.1210,2.6830,1.8350,0.0000,0.0000,0.0000,66.9844,0.0000,3403.0000,1131.0000,0.0000,9.0000,14.0000,8.0000,6.0000
0.9610,0.2320,0.2100,0.1190,0.0500,0.0000,0.0000,0.5190,1.0000,1.1210,2.6830,1.8350,0.0000,0.0000,0.0000,66.9844,0.0000,3403.0000,1131.0000,0.0000,9.0000,14.0000,8.0000,6.0000
1.0770,0.2330,0.2020,0.1190,0.0780,0.0000,0.0000,0.6420,1.0000,1.1210,2.6830,1.8350,0.0000,0.0000,0.0000,66.9866,0.0000,3404.0000,1131.0000,0.0000,9.0000,14.0000,8.0000,6.0000
3.1600,0.2930,0.6370,0.1720,0.0770,0.0000,0.0000,2.2300,1.0000,1.1210,2.6830,1.8350,0.0000,0.0000,0.0000,66.9857,0.0000,3404.0000,1131.0000,0.0000,9.0000,14.0000,8.0000,6.0000
1.6910,0.6850,0.5750,0.4360,0.4000,0.0000,0.0000,0.4310,1.0000,1.1210,2.6830,1.8350,0.0000,0.0000,0.0000,66.7586,0.0000,3384.0000,1131.0000,0.0000,9.0000,14.0000,8.0000,6.0000
1.5540,0.3520,0.3880,0.1370,0.1560,0.0000,0.0000,0.8140,1.0000,1.1210,2.6830,1.8350,0.0000,0.0000,0.0000,66.7990,0.0000,3388.0000,1131.0000,0.0000,9.0000,14.0000,8.0000,6.0000
1.4700,0.4430,0.2150,0.1510,0.0620,0.0000,0.0000,0.8120,1.0000,1.1210,2.6830,1.8350,0.0000,0.0000,0.0000,66.7991,0.0000,3388.0000,1131.0000,0.0000,9.0000,14.0000,8.0000,6.0000
1.2640,0.3160,0.3320,0.1290,0.0990,0.0000,0.0000,0.6160,1.0000,1.1210,2.6830,1.8350,0.0000,0.0000,0.0000,66.8096,0.0000,3389.0000,1131.0000,0.0000,9.0000,14.0000,8.0000,6.0000
1.1990,0.3000,0.2430,0.1290,0.0560,0.0000,0.0000,0.6560,1.0000,1.1210,2.6830,1.8350,0.0000,0.0000,0.0000,66.8096,0.0000,3389.0000,1131.0000,0.0000,9.0000,14.0000,8.0000,6.0000
1.0990,0.2670,0.2270,0.1410,0.0580,0.0000,0.0000,0.6050,1.0000,1.1210,2.6830,1.8350,0.0000,0.0000,0.0000,66.8096,0.0000,3389.0000,1131.0000,0.0000,9.0000,14.0000,8.0000,6.0000
1.4570,0.2730,0.2060,0.1300,0.0530,0.0000,0.0000,0.9780,1.0000,1.1210,2.6830,1.8350,0.0000,0.0000,0.0000,66.8096,0.0000,3389.0000,1131.0000,0.0000,9.0000,14.0000,8.0000,6.0000
1.9710,0.6400,1.0190,0.5130,0.8170,0.0000,0.0000,0.3120,1.0000,1.1210,2.6830,1.8350,0.0000,0.0000,0.0000,66.8089,0.0000,3389.0000,1131.0000,0.0000,9.0000,13.0000,8.0000,6.0000
1.1740,0.2870,0.2740,0.1340,0.1240,0.0000,0.0000,0.6130,1.0000,1.1210,2.6830,1.8350,0.0000,0.0000,0.0000,66.8192,0.0000,3390.0000,1131.0000,0.0000,9.0000,13.0000,8.0000,6.0000
1.1290,0.2880,0.2340,0.1220,0.0550,0.0000,0.0000,0.6070,1.0000,1.1210,2.6830,1.8350,0.0000,0.0000,0.0000,66.8192,0.0000,3390.0000,1131.0000,0.0000,9.0000,13.0000,8.0000,6.0000
1.1690,0.2560,0.2360,0.1270,0.0560,0.0000,0.0000,0.6770,1.0000,1.1210,2.6830,1.8350,0.0000,0.0000,0.0000,66.8192,0.0000,3390.0000,1131.0000,0.0000,9.0000,13.0000,8.0000,6.0000
1.5920,0.2590,0.5330,0.1390,0.1010,0.0000,0.0000,0.8000,1.0000,1.1210,2.6830,1.8350,0.0000,0.0000,0.0000,66.8192,0.0000,3390.0000,1131.0000,0.0000,9.0000,13.0000,8.0000,6.0000
1.9020,0.2880,0.2400,0.1400,0.0590,0.0000,0.0000,1.3740,1.0000,1.1210,2.6830,1.8350,0.0000,0.0000,0.0000,66.8192,0.0000,3390.0000,1131.0000,0.0000,9.0000,13.0000,8.0000,6.0000
1.1920,0.2550,0.2960,0.1290,0.1200,0.0000,0.0000,0.6410,1.0000,1.1210,2.6830,1.8350,0.0000,0.0000,0.0000,66.8192,0.0000,3390.0000,1131.0000,0.0000,9.0000,13.0000,8.0000,6.0000
3.7850,0.2740,0.2770,0.1340,0.1010,0.0000,0.0000,3.2340,1.0000,1.1210,2.6830,1.8350,0.0000,0.0000,0.0000,66.8390,0.0000,3392.0000,1131.0000,0.0000,9.0000,13.0000,8.0000,6.0000
1.2700,0.3550,0.3290,0.1450,0.1420,0.0000,0.0000,0.5860,1.0000,1.1210,2.6830,1.8350,0.0000,0.0000,0.0000,66.8390,0.0000,3392.0000,1131.0000,0.0000,9.0000,13.0000,8.0000,6.0000
1.1010,0.2960,0.2280,0.1420,0.0620,0.0000,0.0000,0.5770,1.0000,1.1210,2.6830,1.8350,0.0000,0.0000,0.0000,66.8391,0.0000,3392.0000,1131.0000,0.0000,9.0000,13.0000,8.0000,6.0000
3.3470,0.2560,0.2510,0.1270,0.0600,0.0000,0.0000,2.8400,1.0000,1.1210,2.6830,1.8350,0.0000,0.0000,0.0000,66.8391,0.0000,3392.0000,1131.0000,0.0000,9.0000,13.0000,8.0000,7.0000
1.4150,0.3650,0.3140,0.2320,0.1080,0.0000,0.0000,0.7360,1.0000,1.1210,2.6830,1.8350,0.0000,0.0000,0.0000,66.8391,0.0000,3392.0000,1131.0000,0.0000,9.0000,13.0000,8.0000,7.0000
3.2820,0.3970,0.2730,0.1730,0.0710,0.0000,0.0000,2.6120,1.0000,1.1210,2.6830,1.8350,0.0000,0.0000,0.0000,66.8391,0.0000,3392.0000,1131.0000,0.0000,9.0000,13.0000,8.0000,7.0000
1.7780,0.3100,0.3670,0.1600,0.1370,0.0000,0.0000,1.1010,1.0000,1.1210,2.6830,1.8350,0.0000,0.0000,0.0000,66.8391,0.0000,3392.0000,1131.0000,0.0000,9.0000,13.0000,8.0000,7.0000
1.5400,0.4370,0.3260,0.1890,0.0840,0.0000,0.0000,0.7770,1.0000,1.1210,2.6830,1.8350,0.0000,0.0000,0.0000,66.8379,0.0000,3390.0000,1131.0000,0.0000,9.0000,13.0000,8.0000,7.0000
1.6790,0.4080,0.3390,0.1970,0.0900,0.0000,0.0000,0.9320,1.0000,1.1210,2.6830,1.8350,0.0000,0.0000,0.0000,66.8379,0.0000,3390.0000,1131.0000,0.0000,9.0000,13.0000,8.0000,7.0000
1.5310,0.3860,0.3270,0.1830,0.0880,0.0000,0.0000,0.8180,1.0000,1.1210,2.6830,1.8350,0.0000,0.0000,0.0000,66.8386,0.0000,3390.0000,1131.0000,0.0000,9.0000,14.0000,8.0000,7.0000
2.0550,0.4270,0.4570,0.1900,0.2040,0.0000,0.0000,1.1710,1.0000,1.1210,2.6830,1.8350,0.0000,0.0000,0.0000,66.8591,0.0000,3392.0000,1131.0000,0.0000,9.0000,14.0000,8.0000,7.0000
1.6000,0.6660,0.3780,0.3480,0.0930,0.0000,0.0000,0.5560,1.0000,1.1210,2.6830,1.8350,0.0000,0.0000,0.0000,66.8598,0.0000,3392.0000,1131.0000,0.0000,9.0000,15.0000,8.0000,7.0000
1.7860,0.4000,0.3840,0.2100,0.1610,0.0000,0.0000,1.0020,1.0000,1.1210,2.6830,1.8350,0.0000,0.0000,0.0000,66.8908,0.0000,3395.0000,1131.0000,0.0000,9.0000,15.0000,8.0000,7.0000
1.6190,0.5570,0.3260,0.1900,0.0840,0.0000,0.0000,0.7360,1.0000,1.1210,2.6830,1.8350,0.0000,0.0000,0.0000,66.8916,0.0000,3395.0000,1131.0000,0.0000,9.0000,16.0000,8.0000,7.0000
1.8130,0.4300,0.4260,0.1910,0.1390,0.0000,0.0000,0.9570,1.0000,1.1210,2.6830,1.8350,0.0000,0.0000,0.0000,66.9012,0.0000,3395.0000,1131.0000,0.0000,9.0000,16.0000,8.0000,7.0000
1.6860,0.4580,0.3430,0.1910,0.0890,0.0000,0.0000,0.8850,1.0000,1.1210,2.6830,1.8350,0.0000,0.0000,0.0000,66.9012,0.0000,3395.0000,1131.0000,0.0000,9.0000,16.0000,8.0000,7.0000
1.5720,0.3960,0.3190,0.1970,0.0880,0.0000,0.0000,0.8570,1.0000,1.1210,2.6830,1.8350,0.0000,0.0000,0.0000,66.9012,0.0000,3395.0000,1131.0000,0.0000,9.0000,16.0000,8.0000,7.0000
1.6500,0.4230,0.3520,0.1850,0.0850,0.0000,0.0000,0.8750,1.0000,1.1210,2.6830,1.8350,0.0000,0.0000,0.0000,66.9012,0.0000,3395.0000,1131.0000,0.0000,9.0000,16.0000,8.0000,7.0000
1.6780,0.3990,0.3410,0.2190,0.0870,0.0000,0.0000,0.9380,1.0000,1.1210,2.6830,1.8350,0.0000,0.0000,0.0000,66.9005,0.0000,3395.0000,1131.0000,0.0000,9.0000,15.0000,8.0000,7.0000
1.5020,0.3720,0.3220,0.1780,0.0850,0.0000,0.0000,0.8080,1.0000,1.1210,2.6830,1.8350,0.0000,0.0000,0.0000,66.9005,0.0000,3395.0000,1131.0000,0.0000,9.0000,15.0000,8.0000,7.0000
1.7430,0.4250,0.4200,0.1880,0.1450,0.0000,0.0000,0.8980,1.0000,1.1210,2.6830,1.8350,0.0000,0.0000,0.0000,66.8998,0.0000,3395.0000,1131.0000,0.0000,9.0000,14.0000,8.0000,7.0000
1.7610,0.4330,0.3750,0.2250,0.1030,0.0000,0.0000,0.9530,1.0000,1.1210,2.6830,1.8350,0.0000,0.0000,0.0000,66.9116,0.0000,3396.0000,1131.0000,0.0000,9.0000,14.0000,8.0000,7.0000
1.7460,0.4480,0.3480,0.1940,0.0930,0.0000,0.0000,0.9500,1.0000,1.1210,2.6830,1.8350,0.0000,0.0000,0.0000,66.9116,0.0000,3396.0000,1131.0000,0.0000,9.0000,14.0000,8.0000,7.0000
1.6860,0.5050,0.4050,0.1990,0.1340,0.0000,0.0000,0.7760,1.0000,1.1210,2.6830,1.8350,0.0000,0.0000,0.0000,66.9218,0.0000,3397.0000,1131.0000,0.0000,9.0000,14.0000,8.0000,7.0000
1.5550,0.5040,0.3310,0.2480,0.0870,0.0000,0.0000,0.7200,1.0000,1.1210,2.6830,1.8350,0.0000,0.0000,0.0000,66.9218,0.0000,3397.0000,1131.0000,0.0000,9.0000,14.0000,8.0000,7.0000
1.6900,0.3730,0.3320,0.1810,0.0870,0.0000,0.0000,0.9850,1.0000,1.1210,2.6830,1.8350,0.0000,0.0000,0.0000,66.9219,0.0000,3397.0000,1131.0000,0.0000,9.0000,14.0000,8.0000,7.0000
1.8160,0.4530,0.4100,0.2000,0.0950,0.0000,0.0000,0.9530,1.0000,1.1210,2.6830,1.8350,0.0000,0.0000,0.0000,66.9219,0.0000,3397.0000,1131.0000,0.0000,9.0000,14.0000,8.0000,7.0000
1.7130,0.4710,0.4020,0.2570,0.1380,0.0000,0.0000,0.8400,1.0000,1.1210,2.6830,1.8350,0.0000,0.0000,0.0000,66.9219,0.0000,3397.0000,1131.0000,0.0000,9.0000,14.0000,8.0000,7.0000
1.5390,0.3960,0.3210,0.2020,0.0860,0.0000,0.0000,0.8220,1.0000,1.1210,2.6830,1.8350,0.0000,0.0000,0.0000,66.9219,0.0000,3397.0000,1131.0000,0.0000,9.0000,14.0000,8.0000,7.0000
1.6300,0.3840,0.3640,0.1850,0.0870,0.0000,0.0000,0.8820,1.0000,1.1210,2.6830,1.8350,0.0000,0.0000,0.0000,66.9219,0.0000,3397.0000,1131.0000,0.0000,9.0000,14.0000,8.0000,7.0000
1.8100,0.4020,0.4050,0.1850,0.1520,0.0000,0.0000,1.0030,1.0000,1.1210,2.6830,1.8350,0.0000,0.0000,0.0000,66.9417,0.0000,3399.0000,1131.0000,0.0000,9.0000,14.0000,8.0000,7.0000
1.5640,0.5010,0.3170,0.2020,0.0810,0.0000,0.0000,0.7460,1.0000,1.1210,2.6830,1.8350,0.0000,0.0000,0.0000,66.9417,0.0000,3399.0000,1131.0000,0.0000,9.0000,14.0000,8.0000,7.0000
1.6150,0.3660,0.3740,0.1680,0.0830,0.0000,0.0000,0.8750,1.0000,1.1210,2.6830,1.8350,0.0000,0.0000,0.0000,66.9418,0.0000,3399.0000,1131.0000,0.0000,9.0000,14.0000,8.0000,7.0000
1.6460,0.3860,0.3600,0.1830,0.1490,0.0000,0.0000,0.9000,1.0000,1.1210,2.6830,1.8350,0.0000,0.0000,0.0000,66.9623,0.0000,3401.0000,1131.0000,0.0000,9.0000,14.0000,8.0000,7.0000
1.3410,0.4660,0.3060,0.1780,0.0810,0.0000,0.0000,0.5690,1.0000,1.1210,2.6830,1.8350,0.0000,0.0000,0.0000,66.9623,0.0000,3401.0000,1131.0000,0.0000,9.0000,14.0000,8.0000,7.0000
1.2990,0.3680,0.2850,0.2140,0.1200,0.0000,0.0000,0.6460,1.0000,1.1210,2.6830,1.8350,0.0000,0.0000,0.0000,66.9930,0.0000,3404.0000,1131.0000,0.0000,9.0000,14.0000,8.0000,7.0000
1.1550,0.3930,0.2690,0.1310,0.0980,0.0000,0.0000,0.4930,1.0000,1.1210,2.6830,1.8350,0.0000,0.0000,0.0000,66.9930,0.0000,3404.0000,1131.0000,0.0000,9.0000,14.0000,8.0000,7.0000
1.1430,0.2740,0.2350,0.1310,0.0560,0.0000,0.0000,0.6340,1.0000,1.1210,2.6830,1.8350,0.0000,0.0000,0.0000,66.9932,0.0000,3404.0000,1131.0000,0.0000,9.0000,14.0000,8.0000,7.0000
1.0870,0.2530,0.2370,0.1240,0.0530,0.0000,0.0000,0.5970,1.0000,1.1210,2.6830,1.8350,0.0000,0.0000,0.0000,66.9932,0.0000,3404.0000,1131.0000,0.0000,9.0000,14.0000,8.0000,7.0000
1.0650,0.2640,0.1990,0.1410,0.0550,0.0000,0.0000,0.6020,1.0000,1.1210,2.6830,1.8350,0.0000,0.0000,0.0000,66.9932,0.0000,3404.0000,1131.0000,0.0000,9.0000,14.0000,8.0000,7.0000
1.0150,0.3170,0.2200,0.1500,0.0580,0.0000,0.0000,0.4780,1.0000,1.1210,2.6830,1.8350,0.0000,0.0000,0.0000,66.9932,0.0000,3404.0000,1131.0000,0.0000,9.0000,14.0000,8.0000,7.0000
1.0170,0.2740,0.2020,0.1280,0.0560,0.0000,0.0000,0.5410,1.0000,1.1210,2.6830,1.8350,0.0000,0.0000,0.0000,66.9932,0.0000,3404.0000,1131.0000,0.0000,9.0000,14.0000,8.0000,7.0000
0.9670,0.2910,0.1950,0.1330,0.0530,0.0000,0.0000,0.4810,1.0000,1.1210,2.6830,1.8350,0.0000,0.0000,0.0000,66.9932,0.0000,3404.0000,1131.0000,0.0000,9.0000,14.0000,8.0000,7.0000
1.0210,0.2590,0.1880,0.1240,0.0520,0.0000,0.0000,0.5740,1.0000,1.1210,2.6830,1.8350,0.0000,0.0000,0.0000,66.9932,0.0000,3404.0000,1131.0000,0.0000,9.0000,14.0000,8.0000,7.0000
1.2660,0.2970,0.2120,0.1320,0.0550,0.0000,0.0000,0.7570,1.0000,1.1210,2.6830,1.8350,0.0000,0.0000,0.0000,66.9932,0.0000,3404.0000,1131.0000,0.0000,9.0000,14.0000,8.0000,7.0000
1.0860,0.4110,0.2350,0.2660,0.0690,0.0000,0.0000,0.4400,1.0000,1.1210,2.6830,1.8350,0.0000,0.0000,0.0000,66.9931,0.0000,3404.0000,1131.0000,0.0000,9.0000,14.0000,8.0000,7.0000
1.0850,0.3530,0.2440,0.1310,0.0880,0.0000,0.0000,0.4880,1.0000,1.1210,2.6830,1.8350,0.0000,0.0000,0.0000,67.0026,0.0000,3405.0000,1131.0000,0.0000,9.0000,13.0000,8.0000,7.0000
0.9940,0.2990,0.2040,0.1260,0.0520,0.0000,0.0000,0.4910,1.0000,1.1210,2.6830,1.8350,0.0000,0.0000,0.0000,66.7692,0.0000,3382.0000,1131.0000,0.0000,9.0000,13.0000,8.0000,7.0000
1.2510,0.2470,0.3410,0.1240,0.1380,0.0000,0.0000,0.6630,1.0000,1.1210,2.6830,1.8350,0.0000,0.0000,0.0000,66.7795,0.0000,3383.0000,1131.0000,0.0000,9.0000,13.0000,8.0000,7.0000
1.0530,0.3120,0.2720,0.1250,0.0910,0.0000,0.0000,0.4690,1.0000,1.1210,2.6830,1.8350,0.0000,0.0000,0.0000,66.7795,0.0000,3383.0000,1131.0000,0.0000,9.0000,13.0000,8.0000,7.0000
1.1860,0.2640,0.2170,0.1300,0.0690,0.0000,0.0000,0.7050,1.0000,1.1210,2.6830,1.8350,0.0000,0.0000,0.0000,66.7796,0.0000,3383.0000,1131.0000,0.0000,9.0000,13.0000,8.0000,7.0000
1.0320,0.2910,0.2170,0.1630,0.0570,0.0000,0.0000,0.5240,1.0000,1.1210,2.6830,1.8350,0.0000,0.0000,0.0000,66.7796,0.0000,3383.0000,1131.0000,0.0000,9.0000,13.0000,8.0000,6.0000
0.9890,0.2710,0.1980,0.1430,0.0580,0.0000,0.0000,0.5200,1.0000,1.1210,2.6830,1.8350,0.0000,0.0000,0.0000,66.7796,0.0000,3383.0000,1131.0000,0.0000,9.0000,13.0000,8.0000,6.0000
0.9950,0.2560,0.1910,0.1390,0.0540,0.0000,0.0000,0.5480,1.0000,1.1210,2.6830,1.8350,0.0000,0.0000,0.0000,66.7796,0.0000,3383.0000,1131.0000,0.0000,9.0000,13.0000,8.0000,6.0000
1.2740,0.2520,0.3070,0.1380,0.0860,0.0000,0.0000,0.7150,1.0000,1.1210,2.6830,1.8350,0.0000,0.0000,0.0000,66.7796,0.0000,3383.0000,1131.0000,0.0000,9.0000,13.0000,8.0000,6.0000
1.0840,0.3440,0.2210,0.1970,0.0570,0.0000,0.0000,0.5190,1.0000,1.1210,2.6830,1.8350,0.0000,0.0000,0.0000,66.7789,0.0000,3383.0000,1131.0000,0.0000,9.0000,12.0000,8.0000,6.0000
1.2760,0.3090,0.2650,0.1350,0.1110,0.0000,0.0000,0.7020,1.0000,1.1210,2.6830,1.8350,0.0000,0.0000,0.0000,66.7994,0.0000,3385.0000,1131.0000,0.0000,9.0000,12.0000,8.0000,6.0000
1.0320,0.4030,0.2530,0.1410,0.0610,0.0000,0.0000,0.3760,1.0000,1.1210,2.6830,1.8350,0.0000,0.0000,0.0000,66.7994,0.0000,3385.0000,1131.0000,0.0000,9.0000,12.0000,8.0000,6.0000
1.2610,0.2510,0.2770,0.1240,0.0930,0.0000,0.0000,0.7330,1.0000,1.1210,2.6830,1.8350,0.0000,0.0000,0.0000,66.8198,0.0000,3387.0000,1131.0000,0.0000,9.0000,12.0000,8.0000,8.0000
1.1020,0.3970,0.2110,0.1900,0.0600,0.0000,0.0000,0.4940,1.0000,1.1210,2.6830,1.8350,0.0000,0.0000,0.0000,66.8198,0.0000,3387.0000,1131.0000,0.0000,9.0000,12.0000,8.0000,8.0000
1.2120,0.2870,0.2430,0.1620,0.0940,0.0000,0.0000,0.6820,1.0000,1.1210,2.6830,1.8350,0.0000,0.0000,0.0000,66.8407,0.0000,3389.0000,1131.0000,0.0000,9.0000,12.0000,8.0000,8.0000
1.0150,0.4370,0.2100,0.2140,0.0590,0.0000,0.0000,0.3680,1.0000,1.1210,2.6830,1.8350,0.0000,0.0000,0.0000,66.8409,0.0000,3389.0000,1131.0000,0.0000,9.0000,12.0000,8.0000,8.0000
1.0510,0.2920,0.2130,0.1710,0.0660,0.0000,0.0000,0.5460,1.0000,1.1210,2.6830,1.8350,0.0000,0.0000,0.0000,66.8410,0.0000,3389.0000,1131.0000,0.0000,9.0000,12.0000,8.0000,8.0000
1.0690,0.3130,0.1970,0.1320,0.0560,0.0000,0.0000,0.5590,1.0000,1.1210,2.6830,1.8350,0.0000,0.0000,0.0000,66.8410,0.0000,3389.0000,1131.0000,0.0000,9.0000,12.0000,8.0000,8.0000
1.0060,0.3320,0.2190,0.1740,0.0700,0.0000,0.0000,0.4550,1.0000,1.1210,2.6830,1.8350,0.0000,0.0000,0.0000,66.8410,0.0000,3389.0000,1131.0000,0.0000,9.0000,12.0000,8.0000,8.0000
1.0000,0.3030,0.1970,0.1300,0.0660,0.0000,0.0000,0.5000,1.0000,1.1210,2.6830,1.8350,0.0000,0.0000,0.0000,66.8410,0.0000,3389.0000,1131.0000,0.0000,9.0000,12.0000,8.0000,8.0000
1.1580,0.2800,0.2500,0.1270,0.1010,0.0000,0.0000,0.6280,1.0000,1.1210,2.6830,1.8350,0.0000,0.0000,0.0000,66.8513,0.0000,3390.0000,1131.0000,0.0000,9.0000,12.0000,8.0000,8.0000
1.0170,0.2950,0.1900,0.1290,0.0540,0.0000,0.0000,0.5320,1.0000,1.1210,2.6830,1.8350,0.0000,0.0000,0.0000,66.8520,0.0000,3390.0000,1131.0000,0.0000,9.0000,13.0000,8.0000,7.0000
0.9510,0.2610,0.1900,0.1320,0.0590,0.0000,0.0000,0.5000,1.0000,1.1210,2.6830,1.8350,0.0000,0.0000,0.0000,66.8521,0.0000,3390.0000,1131.0000,0.0000,9.0000,13.0000,8.0000,7.0000
1.0390,0.2490,0.2340,0.1300,0.0870,0.0000,0.0000,0.5560,1.0000,1.1210,2.6830,1.8350,0.0000,0.0000,0.0000,66.8623,0.0000,3391.0000,1131.0000,0.0000,9.0000,13.0000,8.0000,7.0000
0.9590,0.2910,0.1860,0.1280,0.0530,0.0000,0.0000,0.4820,1.0000,1.1210,2.6830,1.8350,0.0000,0.0000,0.0000,66.8623,0.0000,3391.0000,1131.0000,0.0000,9.0000,13.0000,8.0000,7.0000
0.9560,0.2400,0.1960,0.1220,0.0540,0.0000,0.0000,0.5200,1.0000,1.1210,2.6830,1.8350,0.0000,0.0000,0.0000,66.8624,0.0000,3391.0000,1131.0000,0.0000,9.0000,13.0000,8.0000,7.0000
0.9160,0.2860,0.1950,0.1270,0.0540,0.0000,0.0000,0.4350,1.0000,1.1210,2.6830,1.8350,0.0000,0.0000,0.0000,66.8624,0.0000,3391.0000,1131.0000,0.0000,9.0000,13.0000,8.0000,7.0000
1.0380,0.2420,0.2290,0.1230,0.1040,0.0000,0.0000,0.5670,1.0000,1.1210,2.6830,1.8350,0.0000,0.0000,0.0000,66.8826,0.0000,3393.0000,1131.0000,0.0000,9.0000,13.0000,8.0000,7.0000
0.9380,0.3550,0.1970,0.1250,0.0530,0.0000,0.0000,0.3860,1.0000,1.1210,2.6830,1.8350,0.0000,0.0000,0.0000,66.8826,0.0000,3393.0000,1131.0000,0.0000,9.0000,13.0000,8.0000,7.0000
1.0050,0.2770,0.2070,0.1300,0.0660,0.0000,0.0000,0.5210,1.0000,1.1210,2.6830,1.8350,0.0000,0.0000,0.0000,66.8827,0.0000,3393.0000,1131.0000,0.0000,9.0000,13.0000,8.0000,7.0000
0.9540,0.3330,0.1990,0.1830,0.0650,0.0000,0.0000,0.4220,1.0000,1.1210,2.6830,1.8350,0.0000,0.0000,0.0000,66.8827,0.0000,3393.0000,1131.0000,0.0000,9.0000,13.0000,8.0000,7.0000
0.9470,0.2940,0.1930,0.1330,0.0550,0.0000,0.0000,0.4600,1.0000,1.1210,2.6830,1.8350,0.0000,0.0000,0.0000,66.8827,0.0000,3393.0000,1131.0000,0.0000,9.0000,13.0000,8.0000,7.0000
1.1070,0.2780,0.1890,0.1240,0.0540,0.0000,0.0000,0.6400,1.0000,1.1210,2.6830,1.8350,0.0000,0.0000,0.0000,66.8827,0.0000,3393.0000,1131.0000,0.0000,9.0000,13.0000,8.0000,7.0000
1.3220,0.2890,0.2820,0.1780,0.1520,0.0000,0.0000,0.7510,1.0000,1.1210,2.6830,1.8350,0.0000,0.0000,0.0000,66.9231,0.0000,3397.0000,1131.0000,0.0000,9.0000,13.0000,8.0000,7.0000
1.1790,0.4630,0.2360,0.1310,0.0570,0.0000,0.0000,0.4800,1.0000,1.1210,2.6830,1.8350,0.0000,0.0000,0.0000,66.9231,0.0000,3397.0000,1131.0000,0.0000,9.0000,13.0000,8.0000,7.0000
1.2120,0.2800,0.2430,0.1240,0.0970,0.0000,0.0000,0.6890,1.0000,1.1210,2.6830,1.8350,0.0000,0.0000,0.0000,66.9535,0.0000,3400.0000,1131.0000,0.0000,9.0000,13.0000,8.0000,7.0000
1.0010,0.3760,0.2010,0.1240,0.0540,0.0000,0.0000,0.4240,1.0000,1.1210,2.6830,1.8350,0.0000,0.0000,0.0000,66.9535,0.0000,3400.0000,1131.0000,0.0000,9.0000,13.0000,8.0000,7.0000
1.0840,0.2520,0.2440,0.1210,0.0930,0.0000,0.0000,0.5880,1.0000,1.1210,2.6830,1.8350,0.0000,0.0000,0.0000,66.9640,0.0000,3401.0000,1131.0000,0.0000,9.0000,13.0000,8.0000,6.0000
1.0140,0.3530,0.2030,0.1840,0.0570,0.0000,0.0000,0.4580,1.0000,1.1210,2.6830,1.8350,0.0000,0.0000,0.0000,66.9640,0.0000,3401.0000,1131.0000,0.0000,9.0000,13.0000,8.0000,6.0000
1.0230,0.3080,0.1960,0.1910,0.0570,0.0000,0.0000,0.5190,1.0000,1.1210,2.6830,1.8350,0.0000,0.0000,0.0000,66.9633,0.0000,3401.0000,1131.0000,0.0000,9.0000,12.0000,8.0000,6.0000
1.0990,0.3010,0.2140,0.1830,0.0570,0.0000,0.0000,0.5840,1.0000,1.1210,2.6830,1.8350,0.0000,0.0000,0.0000,66.9633,0.0000,3401.0000,1131.0000,0.0000,9.0000,12.0000,8.0000,6.0000
1.2490,0.3200,0.2970,0.1930,0.0920,0.0000,0.0000,0.6320,1.0000,1.1210,2.6830,1.8350,0.0000,0.0000,0.0000,66.9633,0.0000,3401.0000,1131.0000,0.0000,9.0000,12.0000,8.0000,6.0000
1.1150,0.3060,0.2150,0.1380,0.0580,0.0000,0.0000,0.5940,1.0000,1.1210,2.6830,1.8350,0.0000,0.0000,0.0000,66.9633,0.0000,3401.0000,1131.0000,0.0000,9.0000,12.0000,8.0000,6.0000
1.0600,0.2620,0.2270,0.1290,0.0580,0.0000,0.0000,0.5710,1.0000,1.1210,2.6830,1.8350,0.0000,0.0000,0.0000,66.9633,0.0000,3401.0000,1131.0000,0.0000,9.0000,12.0000,8.0000,6.0000
1.0060,0.2460,0.2560,0.1230,0.0920,0.0000,0.0000,0.5040,1.0000,1.1210,2.6830,1.8350,0.0000,0.0000,0.0000,66.9633,0.0000,3401.0000,1131.0000,0.0000,9.0000,12.0000,8.0000,6.0000
0.9320,0.2440,0.2160,0.1230,0.0550,0.0000,0.0000,0.4720,1.0000,1.1210,2.6830,1.8350,0.0000,0.0000,0.0000,66.9633,0.0000,3401.0000,1131.0000,0.0000,9.0000,12.0000,8.0000,6.0000
1.1520,0.2430,0.2550,0.1230,0.0990,0.0000,0.0000,0.6540,1.0000,1.1210,2.6830,1.8350,0.0000,0.0000,0.0000,66.9840,0.0000,3403.0000,1131.0000,0.0000,9.0000,12.0000,8.0000,6.0000
0.9640,0.3200,0.2010,0.1230,0.0550,0.0000,0.0000,0.4430,1.0000,1.1210,2.6830,1.8350,0.0000,0.0000,0.0000,66.9840,0.0000,3403.0000,1131.0000,0.0000,9.0000,12.0000,8.0000,6.0000
1.3980,0.2350,0.2550,0.1190,0.0960,0.0000,0.0000,0.9080,1.0000,1.1210,2.6830,1.8350,0.0000,0.0000,0.0000,66.9841,0.0000,3403.0000,1131.0000,0.0000,9.0000,12.0000,8.0000,6.0000
1.1910,0.2940,0.2190,0.1330,0.0600,0.0000,0.0000,0.6780,1.0000,1.1210,2.6830,1.8350,0.0000,0.0000,0.0000,66.9841,0.0000,3403.0000,1131.0000,0.0000,9.0000,12.0000,8.0000,6.0000
1.0830,0.3080,0.2420,0.1790,0.0620,0.0000,0.0000,0.5330,1.0000,1.1210,2.6830,1.8350,0.0000,0.0000,0.0000,66.9841,0.0000,3403.0000,1131.0000,0.0000,9.0000,12.0000,8.0000,6.0000
1.0500,0.2770,0.2290,0.1350,0.0580,0.0000,0.0000,0.5440,1.0000,1.1210,2.6830,1.8350,0.0000,0.0000,0.0000,66.9841,0.0000,3403.0000,1131.0000,0.0000,9.0000,12.0000,8.0000,6.0000
1.0720,0.3010,0.2070,0.1280,0.0550,0.0000,0.0000,0.5640,1.0000,1.1210,2.6830,1.8350,0.0000,0.0000,0.0000,66.9841,0.0000,3403.0000,1131.0000,0.0000,9.0000,12.0000,8.0000,6.0000
1.1690,0.2480,0.2910,0.1230,0.0690,0.0000,0.0000,0.6300,1.0000,1.1210,2.6830,1.8350,0.0000,0.0000,0.0000,66.9841,0.0000,3403.0000,1131.0000,0.0000,9.0000,12.0000,8.0000,6.0000
0.9840,0.2890,0.2330,0.1510,0.0560,0.0000,0.0000,0.4620,1.0000,1.1210,2.6830,1.8350,0.0000,0.0000,0.0000,66.9841,0.0000,3403.0000,1131.0000,0.0000,9.0000,12.0000,8.0000,6.0000
0.9860,0.2440,0.2520,0.1250,0.0890,0.0000,0.0000,0.4900,1.0000,1.1210,2.6830,1.8350,0.0000,0.0000,0.0000,66.9841,0.0000,3403.0000,1131.0000,0.0000,9.0000,12.0000,8.0000,6.0000
1.5360,0.2410,0.2500,0.1200,0.0920,0.0000,0.0000,1.0450,1.0000,1.1210,2.6830,1.8350,0.0000,0.0000,0.0000,67.0046,0.0000,3405.0000,1131.0000,0.0000,9.0000,12.0000,8.0000,6.0000
1.3080,0.6160,0.4370,0.2310,0.1260,0.0000,0.0000,0.2550,1.0000,1.1210,2.6830,1.8350,0.0000,0.0000,0.0000,67.0046,0.0000,3405.0000,1131.0000,0.0000,9.0000,12.0000,8.0000,6.0000
1.3020,0.2690,0.3020,0.1250,0.1370,0.0000,0.0000,0.7310,1.0000,1.1210,2.6830,1.8350,0.0000,0.0000,0.0000,67.0253,0.0000,3407.0000,1131.0000,0.0000,9.0000,12.0000,8.0000,6.0000
0.9520,0.3610,0.2000,0.1320,0.0560,0.0000,0.0000,0.3910,1.0000,1.1210,2.6830,1.8350,0.0000,0.0000,0.0000,67.0253,0.0000,3407.0000,1131.0000,0.0000,9.0000,12.0000,8.0000,6.0000
1.1780,0.2440,0.2520,0.1190,0.0980,0.0000,0.0000,0.6820,1.0000,1.1210,2.6830,1.8350,0.0000,0.0000,0.0000,67.0356,0.0000,3408.0000,1131.0000,0.0000,9.0000,12.0000,8.0000,6.0000
1.6790,0.3100,0.2930,0.1390,0.0810,0.0000,0.0000,1.0760,1.0000,1.1210,2.6830,1.8350,0.0000,0.0000,0.0000,67.0356,0.0000,3408.0000,1131.0000,0.0000,9.0000,12.0000,8.0000,6.0000
1.5030,0.5210,0.3600,0.2690,0.0860,0.0000,0.0000,0.6220,1.0000,1.1210,2.6830,1.8350,0.0000,0.0000,0.0000,67.0357,0.0000,3408.0000,1131.0000,0.0000,9.0000,12.0000,8.0000,6.0000
1.1270,0.3680,0.2230,0.1670,0.0570,0.0000,0.0000,0.5360,1.0000,1.1210,2.6830,1.8350,0.0000,0.0000,0.0000,67.0357,0.0000,3408.0000,1131.0000,0.0000,9.0000,12.0000,8.0000,6.0000
1.0900,0.3100,0.2050,0.1780,0.0550,0.0000,0.0000,0.5750,1.0000,1.1210,2.6830,1.8350,0.0000,0.0000,0.0000,67.0357,0.0000,3408.0000,1131.0000,0.0000,9.0000,12.0000,8.0000,6.0000
1.0700,0.3450,0.2080,0.1760,0.0670,0.0000,0.0000,0.5170,1.0000,1.1210,2.6830,1.8350,0.0000,0.0000,0.0000,67.0357,0.0000,3408.0000,1131.0000,0.0000,9.0000,12.0000,8.0000,6.0000
1.1400,0.2990,0.2430,0.1260,0.0580,0.0000,0.0000,0.5980,1.0000,1.1210,2.6830,1.8350,0.0000,0.0000,0.0000,67.0357,0.0000,3408.0000,1131.0000,0.0000,9.0000,12.0000,8.0000,6.0000
1.0230,0.2670,0.2320,0.1300,0.0870,0.0000,0.0000,0.5240,1.0000,1.1210,2.6830,1.8350,0.0000,0.0000,0.0000,67.0357,0.0000,3408.0000,1131.0000,0.0000,9.0000,12.0000,8.0000,6.0000
1.0070,0.2490,0.2350,0.1230,0.0840,0.0000,0.0000,0.5230,1.0000,1.1210,2.6830,1.8350,0.0000,0.0000,0.0000,67.0357,0.0000,3408.0000,1131.0000,0.0000,9.0000,12.0000,8.0000,6.0000
1.0990,0.2500,0.2590,0.1230,0.1230,0.0000,0.0000,0.5900,1.0000,1.1210,2.6830,1.8350,0.0000,0.0000,0.0000,67.0455,0.0000,3409.0000,1131.0000,0.0000,9.0000,12.0000,8.0000,6.0000
1.0460,0.3030,0.2700,0.1340,0.0610,0.0000,0.0000,0.4730,1.0000,1.1210,2.6830,1.8350,0.0000,0.0000,0.0000,67.0455,0.0000,3409.0000,1131.0000,0.0000,9.0000,12.0000,8.0000,6.0000
0.9480,0.2580,0.2270,0.1280,0.0540,0.0000,0.0000,0.4630,1.0000,1.1210,2.6830,1.8350,0.0000,0.0000,0.0000,67.0456,0.0000,3409.0000,1131.0000,0.0000,9.0000,12.0000,8.0000,6.0000
0.9700,0.2380,0.2140,0.1180,0.0520,0.0000,0.0000,0.5180,1.0000,1.1210,2.6830,1.8350,0.0000,0.0000,0.0000,67.0456,0.0000,3409.0000,1131.0000,0.0000,9.0000,12.0000,8.0000,6.0000
1.0230,0.2430,0.2120,0.1200,0.0520,0.0000,0.0000,0.5680,1.0000,1.1210,2.6830,1.8350,0.0000,0.0000,0.0000,67.0456,0.0000,3409.0000,1131.0000,0.0000,9.0000,12.0000,8.0000,6.0000
1.0590,0.2350,0.2720,0.1180,0.0610,0.0000,0.0000,0.5520,1.0000,1.1210,2.6830,1.8350,0.0000,0.0000,0.0000,67.0456,0.0000,3409.0000,1131.0000,0.0000,9.0000,12.0000,8.0000,6.0000
0.9460,0.2620,0.2260,0.1290,0.0550,0.0000,0.0000,0.4580,1.0000,1.1210,2.6830,1.8350,0.0000,0.0000,0.0000,67.0456,0.0000,3409.0000,1131.0000,0.0000,9.0000,12.0000,8.0000,5.0000
0.9740,0.2430,0.2160,0.1230,0.0570,0.0000,0.0000,0.5150,1.0000,1.1210,2.6830,1.8350,0.0000,0.0000,0.0000,67.0456,0.0000,3409.0000,1131.0000,0.0000,9.0000,12.0000,8.0000,5.0000
1.2310,0.2570,0.2600,0.1340,0.0780,0.0000,0.0000,0.7140,1.0000,1.1210,2.6830,1.8350,0.0000,0.0000,0.0000,67.0456,0.0000,3409.0000,1131.0000,0.0000,9.0000,12.0000,8.0000,5.0000
1.0280,0.3290,0.2230,0.1590,0.0570,0.0000,0.0000,0.4760,1.0000,1.1210,2.6830,1.8350,0.0000,0.0000,0.0000,67.0456,0.0000,3409.0000,1131.0000,0.0000,9.0000,12.0000,8.0000,5.0000
1.1430,0.2720,0.2490,0.1460,0.1020,0.0000,0.0000,0.6220,1.0000,1.1210,2.6830,1.8350,0.0000,0.0000,0.0000,67.0563,0.0000,3410.0000,1131.0000,0.0000,9.0000,12.0000,8.0000,5.0000
1.1500,0.2980,0.2310,0.1140,0.0750,0.0000,0.0000,0.6210,1.0000,1.1210,2.6830,1.8350,0.0000,0.0000,0.0000,67.0563,0.0000,3410.0000,1131.0000,0.0000,9.0000,12.0000,8.0000,5.0000
1.5390,0.3500,0.3370,0.1870,0.1610,0.0000,0.0000,0.8520,1.0000,1.1210,2.6830,1.8350,0.0000,0.0000,0.0000,67.0868,0.0000,3413.0000,1131.0000,0.0000,9.0000,12.0000,8.0000,5.0000
1.1460,0.4120,0.2370,0.1250,0.0600,0.0000,0.0000,0.4970,1.0000,1.1210,2.6830,1.8350,0.0000,0.0000,0.0000,67.0868,0.0000,3413.0000,1131.0000,0.0000,9.0000,12.0000,8.0000,5.0000
1.1410,0.2910,0.2720,0.1380,0.0950,0.0000,0.0000,0.5780,1.0000,1.1210,2.6830,1.8350,0.0000,0.0000,0.0000,67.0972,0.0000,3414.0000,1131.0000,0.0000,9.0000,12.0000,8.0000,5.0000
2.5800,0.3220,0.2660,0.1200,0.0790,0.0000,0.0000,1.9920,1.0000,1.1210,2.6830,1.8350,0.0000,0.0000,0.0000,67.0972,0.0000,3414.0000,1131.0000,0.0000,9.0000,12.0000,8.0000,5.0000
1.1630,0.3430,0.2650,0.1940,0.0620,0.0000,0.0000,0.5550,1.0000,1.1210,2.6830,1.8350,0.0000,0.0000,0.0000,66.7775,0.0000,3383.0000,1131.0000,0.0000,9.0000,12.0000,8.0000,5.0000
1.2150,0.2580,0.2470,0.1170,0.0650,0.0000,0.0000,0.7100,1.0000,1.1210,2.6830,1.8350,0.0000,0.0000,0.0000,66.7775,0.0000,3383.0000,1131.0000,0.0000,9.0000,12.0000,8.0000,5.0000
1.0460,0.2830,0.2180,0.1460,0.0590,0.0000,0.0000,0.5450,1.0000,1.1210,2.6830,1.8350,0.0000,0.0000,0.0000,66.7775,0.0000,3383.0000,1131.0000,0.0000,9.0000,12.0000,8.0000,5.0000
1.0050,0.2730,0.2010,0.1280,0.0570,0.0000,0.0000,0.5310,1.0000,1.1210,2.6830,1.8350,0.0000,0.0000,0.0000,66.7775,0.0000,3383.0000,1131.0000,0.0000,9.0000,12.0000,8.0000,5.0000
0.9690,0.2640,0.1960,0.1240,0.0560,0.0000,0.0000,0.5090,1.0000,1.1210,2.6830,1.8350,0.0000,0.0000,0.0000,66.7775,0.0000,3383.0000,1131.0000,0.0000,9.0000,12.0000,8.0000,5.0000
0.9510,0.2530,0.1900,0.1210,0.0550,0.0000,0.0000,0.5080,1.0000,1.1210,2.6830,1.8350,0.0000,0.0000,0.0000,66.7775,0.0000,3383.0000,1131.0000,0.0000,9.0000,12.0000,8.0000,5.0000
1.0070,0.2540,0.1880,0.1230,0.0520,0.0000,0.0000,0.5650,1.0000,1.1210,2.6830,1.8350,0.0000,0.0000,0.0000,66.7775,0.0000,3383.0000,1131.0000,0.0000,9.0000,12.0000,8.0000,5.0000
1.1550,0.2810,0.2580,0.1630,0.0930,0.0000,0.0000,0.6160,1.0000,1.1210,2.6830,1.8350,0.0000,0.0000,0.0000,66.7878,0.0000,3384.0000,1131.0000,0.0000,9.0000,12.0000,8.0000,5.0000
0.9900,0.3580,0.2000,0.1750,0.0550,0.0000,0.0000,0.4320,1.0000,1.1210,2.6830,1.8350,0.0000,0.0000,0.0000,66.7878,0.0000,3384.0000,1131.0000,0.0000,9.0000,12.0000,8.0000,5.0000
1.1200,0.2890,0.2180,0.1670,0.0760,0.0000,0.0000,0.6130,1.0000,1.1210,2.6830,1.8350,0.0000,0.0000,0.0000,66.7879,0.0000,3384.0000,1131.0000,0.0000,9.0000,12.0000,8.0000,5.0000
1.0720,0.3240,0.2390,0.1870,0.0740,0.0000,0.0000,0.5090,1.0000,1.1210,2.6830,1.8350,0.0000,0.0000,0.0000,66.7879,0.0000,3384.0000,1131.0000,0.0000,9.0000,12.0000,8.0000,5.0000
1.0880,0.3050,0.2030,0.1360,0.0630,0.0000,0.0000,0.5800,1.0000,1.1210,2.6830,1.8350,0.0000,0.0000,0.0000,66.7879,0.0000,3384.0000,1131.0000,0.0000,9.0000,12.0000,8.0000,5.0000
0.9950,0.3550,0.2080,0.1820,0.0540,0.0000,0.0000,0.4320,1.0000,1.1210,2.6830,1.8350,0.0000,0.0000,0.0000,66.7879,0.0000,3384.0000,1131.0000,0.0000,9.0000,12.0000,8.0000,5.0000
0.9530,0.2670,0.1970,0.1300,0.0540,0.0000,0.0000,0.4890,1.0000,1.1210,2.6830,1.8350,0.0000,0.0000,0.0000,66.7879,0.0000,3384.0000,1131.0000,0.0000,9.0000,12.0000,8.0000,5.0000
0.9570,0.2430,0.2150,0.1190,0.0660,0.0000,0.0000,0.4990,1.0000,1.1210,2.6830,1.8350,0.0000,0.0000,0.0000,66.7879,0.0000,3384.0000,1131.0000,0.0000,9.0000,12.0000,8.0000,5.0000
1.0000,0.2720,0.1780,0.1190,0.0520,0.0000,0.0000,0.5500,1.0000,1.1210,2.6830,1.8350,0.0000,0.0000,0.0000,66.7879,0.0000,3384.0000,1131.0000,0.0000,9.0000,12.0000,8.0000,5.0000
0.9360,0.3350,0.1900,0.1820,0.0530,0.0000,0.0000,0.4110,1.0000,1.1210,2.6830,1.8350,0.0000,0.0000,0.0000,66.7879,0.0000,3384.0000,1131.0000,0.0000,9.0000,12.0000,8.0000,5.0000
1.0230,0.2760,0.2110,0.1190,0.0820,0.0000,0.0000,0.5360,1.0000,1.1210,2.6830,1.8350,0.0000,0.0000,0.0000,66.7981,0.0000,3385.0000,1131.0000,0.0000,9.0000,12.0000,8.0000,5.0000
0.9360,0.3220,0.1860,0.1220,0.0540,0.0000,0.0000,0.4280,1.0000,1.1210,2.6830,1.8350,0.0000,0.0000,0.0000,66.7981,0.0000,3385.0000,1131.0000,0.0000,9.0000,12.0000,8.0000,5.0000
1.2040,0.2750,0.2190,0.1600,0.0900,0.0000,0.0000,0.7100,1.0000,1.1210,2.6830,1.8350,0.0000,0.0000,0.0000,66.8187,0.0000,3387.0000,1131.0000,0.0000,9.0000,12.0000,8.0000,5.0000
0.9680,0.4160,0.2070,0.1720,0.0560,0.0000,0.0000,0.3450,1.0000,1.1210,2.6830,1.8350,0.0000,0.0000,0.0000,66.8187,0.0000,3387.0000,1131.0000,0.0000,9.0000,12.0000,8.0000,5.0000
1.1590,0.2490,0.2430,0.1230,0.1110,0.0000,0.0000,0.6670,1.0000,1.1210,2.6830,1.8350,0.0000,0.0000,0.0000,66.8390,0.0000,3389.0000,1131.0000,0.0000,9.0000,12.0000,8.0000,5.0000
0.9690,0.3260,0.1900,0.1230,0.0540,0.0000,0.0000,0.4530,1.0000,1.1210,2.6830,1.8350,0.0000,0.0000,0.0000,66.8390,0.0000,3389.0000,1131.0000,0.0000,9.0000,12.0000,8.0000,4.0000
1.0210,0.2430,0.2050,0.1210,0.0580,0.0000,0.0000,0.5730,1.0000,1.1210,2.6830,1.8350,0.0000,0.0000,0.0000,66.8392,0.0000,3389.0000,1131.0000,0.0000,9.0000,12.0000,8.0000,4.0000
1.0750,0.2670,0.1910,0.1360,0.0560,0.0000,0.0000,0.6170,1.0000,1.1210,2.6830,1.8350,0.0000,0.0000,0.0000,66.8392,0.0000,3389.0000,1131.0000,0.0000,9.0000,12.0000,8.0000,4.0000
1.0500,0.2750,0.2630,0.1300,0.1150,0.0000,0.0000,0.5120,1.0000,1.1210,2.6830,1.8350,0.0000,0.0000,0.0000,66.8392,0.0000,3389.0000,1131.0000,0.0000,9.0000,12.0000,8.0000,4.0000
0.9520,0.2590,0.2290,0.1260,0.0580,0.0000,0.0000,0.4640,1.0000,1.1210,2.6830,1.8350,0.0000,0.0000,0.0000,66.8392,0.0000,3389.0000,1131.0000,0.0000,9.0000,12.0000,8.0000,4.0000
0.9700,0.2460,0.2160,0.1230,0.0860,0.0000,0.0000,0.5080,1.0000,1.1210,2.6830,1.8350,0.0000,0.0000,0.0000,66.8392,0.0000,3389.0000,1131.0000,0.0000,9.0000,12.0000,8.0000,4.0000
0.9020,0.2420,0.1830,0.1200,0.0520,0.0000,0.0000,0.4770,1.0000,1.1210,2.6830,1.8350,0.0000,0.0000,0.0000,66.8392,0.0000,3389.0000,1131.0000,0.0000,9.0000,12.0000,8.0000,4.0000
0.9440,0.2350,0.1960,0.1160,0.0520,0.0000,0.0000,0.5130,1.0000,1.1210,2.6830,1.8350,0.0000,0.0000,0.0000,66.8392,0.0000,3389.0000,1131.0000,0.0000,9.0000,12.0000,8.0000,4.0000
1.0340,0.2400,0.2330,0.1190,0.0870,0.0000,0.0000,0.5610,1.0000,1.1210,2.6830,1.8350,0.0000,0.0000,0.0000,66.8490,0.0000,3390.0000,1131.0000,0.0000,9.0000,12.0000,8.0000,4.0000
0.9810,0.2840,0.1990,0.1190,0.0540,0.0000,0.0000,0.4980,1.0000,1.1210,2.6830,1.8350,0.0000,0.0000,0.0000,66.8490,0.0000,3390.0000,1131.0000,0.0000,9.0000,12.0000,8.0000,4.0000
0.9320,0.2840,0.1970,0.1230,0.0540,0.0000,0.0000,0.4510,1.0000,1.1210,2.6830,1.8350,0.0000,0.0000,0.0000,66.8490,0.0000,3390.0000,1131.0000,0.0000,9.0000,12.0000,8.0000,4.0000
0.9250,0.2390,0.1890,0.1190,0.0640,0.0000,0.0000,0.4970,1.0000,1.1210,2.6830,1.8350,0.0000,0.0000,0.0000,66.8490,0.0000,3390.0000,1131.0000,0.0000,9.0000,12.0000,8.0000,4.0000
0.9210,0.2700,0.1770,0.1200,0.0520,0.0000,0.0000,0.4740,1.0000,1.1210,2.6830,1.8350,0.0000,0.0000,0.0000,66.8490,0.0000,3390.0000,1131.0000,0.0000,9.0000,12.0000,8.0000,4.0000
1.3660,0.2750,0.1780,0.1600,0.0530,0.0000,0.0000,0.9130,1.0000,1.1210,2.6830,1.8350,0.0000,0.0000,0.0000,66.8490,0.0000,3390.0000,1131.0000,0.0000,9.0000,12.0000,8.0000,4.0000
1.3910,0.2810,0.3000,0.1680,0.1250,0.0000,0.0000,0.8100,1.0000,1.1210,2.6830,1.8350,0.0000,0.0000,0.0000,66.8490,0.0000,3390.0000,1131.0000,0.0000,9.0000,12.0000,8.0000,4.0000
1.3420,0.3820,0.2830,0.1930,0.0680,0.0000,0.0000,0.6770,1.0000,1.1210,2.6830,1.8350,0.0000,0.0000,0.0000,66.8490,0.0000,3390.0000,1131.0000,0.0000,9.0000,12.0000,8.0000,4.0000
1.1380,0.3500,0.2570,0.1910,0.0710,0.0000,0.0000,0.5310,1.0000,1.1210,2.6830,1.8350,0.0000,0.0000,0.0000,66.8490,0.0000,3390.0000,1131.0000,0.0000,9.0000,12.0000,8.0000,4.0000
1.0960,0.3060,0.2130,0.1290,0.0540,0.0000,0.0000,0.5770,1.0000,1.1210,2.6830,1.8350,0.0000,0.0000,0.0000,66.8490,0.0000,3390.0000,1131.0000,0.0000,9.0000,12.0000,8.0000,4.0000
1.2420,0.2530,0.3260,0.1170,0.1510,0.0000,0.0000,0.6630,1.0000,1.1210,2.6830,1.8350,0.0000,0.0000,0.0000,66.8692,0.0000,3392.0000,1131.0000,0.0000,9.0000,12.0000,8.0000,4.0000
0.9780,0.3370,0.2090,0.1250,0.0570,0.0000,0.0000,0.4320,1.0000,1.1210,2.6830,1.8350,0.0000,0.0000,0.0000,66.8692,0.0000,3392.0000,1131.0000,0.0000,9.0000,12.0000,8.0000,4.0000
1.2440,0.2470,0.2900,0.1200,0.0930,0.0000,0.0000,0.7070,1.0000,1.1210,2.6830,1.8350,0.0000,0.0000,0.0000,66.8796,0.0000,3393.0000,1131.0000,0.0000,9.0000,12.0000,8.0000,4.0000
1.1250,0.3220,0.1990,0.1550,0.0530,0.0000,0.0000,0.6040,1.0000,1.1210,2.6830,1.8350,0.0000,0.0000,0.0000,66.8796,0.0000,3393.0000,1131.0000,0.0000,9.0000,12.0000,8.0000,4.0000
1.2100,0.2920,0.2480,0.1220,0.0900,0.0000,0.0000,0.6700,1.0000,1.1210,2.6830,1.8350,0.0000,0.0000,0.0000,66.8899,0.0000,3394.0000,1131.0000,0.0000,9.0000,12.0000,8.0000,4.0000
1.2270,0.3450,0.2250,0.1220,0.0830,0.0000,0.0000,0.6570,1.0000,1.1210,2.6830,1.8350,0.0000,0.0000,0.0000,66.8899,0.0000,3394.0000,1131.0000,0.0000,9.0000,12.0000,8.0000,4.0000
1.2720,0.3350,0.2630,0.1360,0.1100,0.0000,0.0000,0.6740,1.0000,1.1210,2.6830,1.8350,0.0000,0.0000,0.0000,66.8900,0.0000,3394.0000,1131.0000,0.0000,9.0000,12.0000,8.0000,4.0000
1.4470,0.3390,0.3070,0.1620,0.0850,0.0000,0.0000,0.8010,1.0000,1.1210,2.6830,1.8350,0.0000,0.0000,0.0000,66.8900,0.0000,3394.0000,1131.0000,0.0000,9.0000,12.0000,8.0000,4.0000
1.6090,0.3610,0.3000,0.1900,0.0990,0.0000,0.0000,0.9480,1.0000,1.1210,2.6830,1.8350,0.0000,0.0000,0.0000,66.8900,0.0000,3394.0000,1131.0000,0.0000,9.0000,12.0000,8.0000,4.0000
1.6630,0.3900,0.3440,0.1740,0.0940,0.0000,0.0000,0.9290,1.0000,1.1210,2.6830,1.8350,0.0000,0.0000,0.0000,66.8900,0.0000,3394.0000,1131.0000,0.0000,9.0000,12.0000,8.0000,4.0000
1.2050,0.4860,0.3400,0.2040,0.0700,0.0000,0.0000,0.3790,1.0000,1.1210,2.6830,1.8350,0.0000,0.0000,0.0000,66.8900,0.0000,3394.0000,1131.0000,0.0000,9.0000,12.0000,8.0000,4.0000
1.2080,0.2720,0.2680,0.1310,0.0640,0.0000,0.0000,0.6680,1.0000,1.1210,2.6830,1.8350,0.0000,0.0000,0.0000,66.8898,0.0000,3394.0000,1131.0000,0.0000,9.0000,12.0000,8.0000,4.0000
1.1760,0.3380,0.2480,0.2050,0.0710,0.0000,0.0000,0.5900,1.0000,1.1210,2.6830,1.8350,0.0000,0.0000,0.0000,66.8898,0.0000,3394.0000,1131.0000,0.0000,9.0000,12.0000,8.0000,4.0000
1.1980,0.3460,0.2650,0.1910,0.1070,0.0000,0.0000,0.5870,1.0000,1.1210,2.6830,1.8350,0.0000,0.0000,0.0000,66.9100,0.0000,3396.0000,1131.0000,0.0000,9.0000,12.0000,8.0000,4.0000
1.1630,0.3930,0.2300,0.1350,0.0710,0.0000,0.0000,0.5400,1.0000,1.1210,2.6830,1.8350,0.0000,0.0000,0.0000,66.9093,0.0000,3396.0000,1131.0000,0.0000,9.0000,11.0000,8.0000,4.0000
1.0890,0.3110,0.2380,0.1310,0.0900,0.0000,0.0000,0.5400,1.0000,1.1210,2.6830,1.8350,0.0000,0.0000,0.0000,66.9197,0.0000,3397.0000,1131.0000,0.0000,9.0000,11.0000,8.0000,4.0000
1.0210,0.2980,0.2470,0.1250,0.1050,0.0000,0.0000,0.4760,1.0000,1.1210,2.6830,1.8350,0.0000,0.0000,0.0000,66.9197,0.0000,3397.0000,1131.0000,0.0000,9.0000,11.0000,8.0000,4.0000
0.9600,0.2490,0.2200,0.1230,0.0850,0.0000,0.0000,0.4910,1.0000,1.1210,2.6830,1.8350,0.0000,0.0000,0.0000,66.9197,0.0000,3397.0000,1131.0000,0.0000,9.0000,11.0000,8.0000,4.0000
1.0140,0.2470,0.1850,0.1240,0.0530,0.0000,0.0000,0.5820,1.0000,1.1210,2.6830,1.8350,0.0000,0.0000,0.0000,66.9197,0.0000,3397.0000,1131.0000,0.0000,9.0000,11.0000,8.0000,4.0000
0.9430,0.2560,0.2290,0.1240,0.0900,0.0000,0.0000,0.4580,1.0000,1.1210,2.6830,1.8350,0.0000,0.0000,0.0000,66.9197,0.0000,3397.0000,1131.0000,0.0000,9.0000,11.0000,8.0000,4.0000
1.0230,0.2440,0.1870,0.1220,0.0530,0.0000,0.0000,0.5920,1.0000,1.1210,2.6830,1.8350,0.0000,0.0000,0.0000,66.9197,0.0000,3397.0000,1131.0000,0.0000,9.0000,11.0000,8.0000,4.0000
0.9690,0.2390,0.1860,0.1180,0.0550,0.0000,0.0000,0.5440,1.0000,1.1210,2.6830,1.8350,0.0000,0.0000,0.0000,66.9197,0.0000,3397.0000,1131.0000,0.0000,9.0000,11.0000,8.0000,4.0000
1.0050,0.2390,0.1930,0.1180,0.0570,0.0000,0.0000,0.5730,1.0000,1.1210,2.6830,1.8350,0.0000,0.0000,0.0000,66.9204,0.0000,3397.0000,1131.0000,0.0000,9.0000,12.0000,8.0000,4.0000
0.9400,0.2520,0.1880,0.1250,0.0550,0.0000,0.0000,0.5000,1.0000,1.1210,2.6830,1.8350,0.0000,0.0000,0.0000,66.9204,0.0000,3397.0000,1131.0000,0.0000,9.0000,12.0000,8.0000,4.0000
0.9430,0.2410,0.2020,0.1200,0.0560,0.0000,0.0000,0.5000,1.0000,1.1210,2.6830,1.8350,0.0000,0.0000,0.0000,66.9204,0.0000,3397.0000,1131.0000,0.0000,9.0000,12.0000,8.0000,4.0000
1.0410,0.2440,0.2280,0.1220,0.0880,0.0000,0.0000,0.5690,1.0000,1.1210,2.6830,1.8350,0.0000,0.0000,0.0000,66.9300,0.0000,3398.0000,1131.0000,0.0000,9.0000,11.0000,8.0000,4.0000
0.9950,0.2920,0.2060,0.1210,0.0550,0.0000,0.0000,0.4970,1.0000,1.1210,2.6830,1.8350,0.0000,0.0000,0.0000,66.9300,0.0000,3398.0000,1131.0000,0.0000,9.0000,11.0000,8.0000,4.0000
1.0440,0.2830,0.2320,0.1210,0.0850,0.0000,0.0000,0.5290,1.0000,1.1210,2.6830,1.8350,0.0000,0.0000,0.0000,66.9398,0.0000,3399.0000,1131.0000,0.0000,9.0000,11.0000,8.0000,4.0000
0.9340,0.2900,0.1990,0.1230,0.0520,0.0000,0.0000,0.4450,1.0000,1.1210,2.6830,1.8350,0.0000,0.0000,0.0000,66.9398,0.0000,3399.0000,1131.0000,0.0000,9.0000,11.0000,8.0000,4.0000
0.9730,0.2400,0.2110,0.1190,0.0570,0.0000,0.0000,0.5220,1.0000,1.1210,2.6830,1.8350,0.0000,0.0000,0.0000,66.9399,0.0000,3399.0000,1131.0000,0.0000,9.0000,11.0000,8.0000,4.0000
0.9750,0.2490,0.1970,0.1220,0.0530,0.0000,0.0000,0.5290,1.0000,1.1210,2.6830,1.8350,0.0000,0.0000,0.0000,66.9399,0.0000,3399.0000,1131.0000,0.0000,9.0000,11.0000,8.0000,4.0000
0.9820,0.2880,0.1970,0.1250,0.0650,0.0000,0.0000,0.4970,1.0000,1.1210,2.6830,1.8350,0.0000,0.0000,0.0000,66.9399,0.0000,3399.0000,1131.0000,0.0000,9.0000,11.0000,8.0000,4.0000
0.9330,0.2760,0.1920,0.1210,0.0640,0.0000,0.0000,0.4650,1.0000,1.1210,2.6830,1.8350,0.0000,0.0000,0.0000,66.9399,0.0000,3399.0000,1131.0000,0.0000,9.0000,11.0000,8.0000,4.0000
1.3740,0.2790,0.1800,0.1250,0.0500,0.0000,0.0000,0.9150,1.0000,1.1210,2.6830,1.8350,0.0000,0.0000,0.0000,66.9399,0.0000,3399.0000,1131.0000,0.0000,9.0000,11.0000,8.0000,4.0000
1.9320,0.2870,0.4700,0.1240,0.1110,0.0000,0.0000,1.1750,1.0000,1.1210,2.6830,1.8350,0.0000,0.0000,0.0000,66.9400,0.0000,3399.0000,1131.0000,0.0000,9.0000,11.0000,8.0000,5.0000
1.7620,0.5890,0.3820,0.2950,0.1030,0.0000,0.0000,0.7910,1.0000,1.1210,2.6830,1.8350,0.0000,0.0000,0.0000,66.9400,0.0000,3399.0000,1131.0000,0.0000,9.0000,11.0000,8.0000,5.0000
1.8770,0.4960,0.4610,0.2690,0.2040,0.0000,0.0000,0.9200,1.0000,1.1210,2.6830,1.8350,0.0000,0.0000,0.0000,66.9508,0.0000,3400.0000,1131.0000,0.0000,9.0000,11.0000,8.0000,5.0000
1.6020,0.4690,0.3390,0.2150,0.1040,0.0000,0.0000,0.7940,1.0000,1.1210,2.6830,1.8350,0.0000,0.0000,0.0000,66.9508,0.0000,3400.0000,1131.0000,0.0000,9.0000,11.0000,8.0000,5.0000
1.7560,0.3870,0.3790,0.1850,0.1330,0.0000,0.0000,0.9900,1.0000,1.1210,2.6830,1.8350,0.0000,0.0000,0.0000,66.9615,0.0000,3401.0000,1131.0000,0.0000,9.0000,11.0000,8.0000,5.0000
1.5560,0.5630,0.3760,0.1940,0.0910,0.0000,0.0000,0.6170,1.0000,1.1210,2.6830,1.8350,0.0000,0.0000,0.0000,66.9615,0.0000,3401.0000,1131.0000,0.0000,9.0000,11.0000,8.0000,5.0000
1.1880,0.3630,0.2430,0.1880,0.0630,0.0000,0.0000,0.5820,1.0000,1.1210,2.6830,1.8350,0.0000,0.0000,0.0000,66.9616,0.0000,3401.0000,1131.0000,0.0000,9.0000,11.0000,8.0000,4.0000
2.9160,0.3720,0.2680,0.1760,0.0700,0.0000,0.0000,2.2760,1.0000,1.1210,2.6830,1.8350,0.0000,0.0000,0.0000,66.9616,0.0000,3401.0000,1131.0000,0.0000,9.0000,11.0000,8.0000,4.0000
1.7990,0.4050,0.3610,0.2020,0.0980,0.0000,0.0000,1.0330,1.0000,1.1210,2.6830,1.8350,0.0000,0.0000,0.0000,66.7667,0.0000,3382.0000,1131.0000,0.0000,9.0000,11.0000,8.0000,4.0000
1.6590,0.4330,0.3330,0.1980,0.0910,0.0000,0.0000,0.8930,1.0000,1.1210,2.6830,1.8350,0.0000,0.0000,0.0000,66.7666,0.0000,3382.0000,1131.0000,0.0000,9.0000,11.0000,8.0000,4.0000
1.6330,0.4740,0.3690,0.1890,0.0940,0.0000,0.0000,0.7900,1.0000,1.1210,2.6830,1.8350,0.0000,0.0000,0.0000,66.7666,0.0000,3382.0000,1131.0000,0.0000,9.0000,11.0000,8.0000,4.0000
1.6920,0.4670,0.3730,0.2590,0.1050,0.0000,0.0000,0.8520,1.0000,1.1210,2.6830,1.8350,0.0000,0.0000,0.0000,66.7666,0.0000,3382.0000,1131.0000,0.0000,9.0000,11.0000,8.0000,4.0000
1.5500,0.4210,0.3220,0.2010,0.0900,0.0000,0.0000,0.8070,1.0000,1.1210,2.6830,1.8350,0.0000,0.0000,0.0000,66.7666,0.0000,3382.0000,1131.0000,0.0000,9.0000,11.0000,8.0000,4.0000
1.8170,0.4690,0.3860,0.2140,0.1330,0.0000,0.0000,0.9620,1.0000,1.1210,2.6830,1.8350,0.0000,0.0000,0.0000,66.7769,0.0000,3383.0000,1131.0000,0.0000,9.0000,11.0000,8.0000,4.0000
3.0210,0.5020,0.4500,0.2490,0.2060,0.0000,0.0000,2.0690,1.0000,1.1210,2.6830,1.8350,0.0000,0.0000,0.0000,66.7971,0.0000,3385.0000,1131.0000,0.0000,9.0000,11.0000,8.0000,4.0000
1.7300,0.4880,0.4310,0.2150,0.1510,0.0000,0.0000,0.8110,1.0000,1.1210,2.6830,1.8350,0.0000,0.0000,0.0000,66.7971,0.0000,3385.0000,1131.0000,0.0000,9.0000,11.0000,8.0000,4.0000
1.6950,0.3970,0.3710,0.2010,0.1520,0.0000,0.0000,0.9270,1.0000,1.1210,2.6830,1.8350,0.0000,0.0000,0.0000,66.8075,0.0000,3386.0000,1131.0000,0.0000,9.0000,11.0000,8.0000,4.0000
1.3770,0.4250,0.2990,0.1810,0.0840,0.0000,0.0000,0.6530,1.0000,1.1210,2.6830,1.8350,0.0000,0.0000,0.0000,66.8075,0.0000,3386.0000,1131.0000,0.0000,9.0000,11.0000,8.0000,4.0000
1.6140,0.4150,0.3880,0.2270,0.1130,0.0000,0.0000,0.8110,1.0000,1.1210,2.6830,1.8350,0.0000,0.0000,0.0000,66.8076,0.0000,3386.0000,1131.0000,0.0000,9.0000,11.0000,8.0000,4.0000
1.6730,0.3710,0.3220,0.1730,0.0920,0.0000,0.0000,0.9800,1.0000,1.1210,2.6830,1.8350,0.0000,0.0000,0.0000,66.8097,0.0000,3387.0000,1131.0000,0.0000,9.0000,11.0000,8.0000,4.0000
1.8070,0.4970,0.4190,0.2390,0.1540,0.0000,0.0000,0.8910,1.0000,1.1210,2.6830,1.8350,0.0000,0.0000,0.0000,66.8094,0.0000,3387.0000,1131.0000,0.0000,9.0000,11.0000,8.0000,4.0000
2.5840,0.5810,1.2380,0.3780,0.9760,0.0000,0.0000,0.7650,1.0000,1.1210,2.6830,1.8350,0.0000,0.0000,0.0000,66.8289,0.0000,3391.0000,1131.0000,0.0000,9.0000,11.0000,8.0000,4.0000
1.4600,0.3590,0.3220,0.1400,0.0900,0.0000,0.0000,0.7790,1.0000,1.1210,2.6830,1.8350,0.0000,0.0000,0.0000,66.8289,0.0000,3391.0000,1131.0000,0.0000,9.0000,11.0000,8.0000,4.0000
1.1650,0.4130,0.2270,0.1740,0.0620,0.0000,0.0000,0.5250,1.0000,1.1210,2.6830,1.8350,0.0000,0.0000,0.0000,66.8290,0.0000,3391.0000,1131.0000,0.0000,9.0000,11.0000,8.0000,4.0000
1.2090,0.2880,0.2740,0.1430,0.1050,0.0000,0.0000,0.6470,1.0000,1.1210,2.6830,1.8350,0.0000,0.0000,0.0000,66.8290,0.0000,3391.0000,1131.0000,0.0000,9.0000,11.0000,8.0000,4.0000
1.3120,0.2870,0.2640,0.1310,0.0600,0.0000,0.0000,0.7610,1.0000,1.1210,2.6830,1.8350,0.0000,0.0000,0.0000,66.8290,0.0000,3391.0000,1131.0000,0.0000,9.0000,11.0000,8.0000,4.0000
1.0820,0.2580,0.2210,0.1250,0.0580,0.0000,0.0000,0.6030,1.0000,1.1210,2.6830,1.8350,0.0000,0.0000,0.0000,66.8290,0.0000,3391.0000,1131.0000,0.0000,9.0000,11.0000,8.0000,4.0000
1.3570,0.2570,0.2440,0.1220,0.0930,0.0000,0.0000,0.8560,1.0000,1.1210,2.6830,1.8350,0.0000,0.0000,0.0000,66.8492,0.0000,3393.0000,1131.0000,0.0000,9.0000,11.0000,8.0000,4.0000
1.3530,0.4010,0.3870,0.1310,0.1980,0.0000,0.0000,0.5650,1.0000,1.1210,2.6830,1.8350,0.0000,0.0000,0.0000,66.8492,0.0000,3393.0000,1131.0000,0.0000,9.0000,11.0000,8.0000,4.0000
1.0160,0.2640,0.2270,0.1220,0.0690,0.0000,0.0000,0.5250,1.0000,1.1210,2.6830,1.8350,0.0000,0.0000,0.0000,66.8493,0.0000,3393.0000,1131.0000,0.0000,9.0000,11.0000,8.0000,4.0000
1.0210,0.2630,0.2130,0.1350,0.0670,0.0000,0.0000,0.5450,1.0000,1.1210,2.6830,1.8350,0.0000,0.0000,0.0000,66.8493,0.0000,3393.0000,1131.0000,0.0000,9.0000,11.0000,8.0000,4.0000
0.9950,0.2540,0.2200,0.1230,0.0680,0.0000,0.0000,0.5210,1.0000,1.1210,2.6830,1.8350,0.0000,0.0000,0.0000,66.8493,0.0000,3393.0000,1131.0000,0.0000,9.0000,11.0000,8.0000,4.0000
1.3370,0.2480,0.2400,0.1210,0.0660,0.0000,0.0000,0.8490,1.0000,1.1210,2.6830,1.8350,0.0000,0.0000,0.0000,66.8493,0.0000,3393.0000,1131.0000,0.0000,9.0000,11.0000,8.0000,4.0000
1.1750,0.4580,0.2610,0.2310,0.0930,0.0000,0.0000,0.4560,1.0000,1.1210,2.6830,1.8350,0.0000,0.0000,0.0000,66.8596,0.0000,3394.0000,1131.0000,0.0000,9.0000,11.0000,8.0000,4.0000
1.0480,0.3690,0.2050,0.1400,0.0570,0.0000,0.0000,0.4740,1.0000,1.1210,2.6830,1.8350,0.0000,0.0000,0.0000,66.8596,0.0000,3394.0000,1131.0000,0.0000,9.0000,11.0000,8.0000,4.0000
1.3310,0.2820,0.1980,0.1460,0.0550,0.0000,0.0000,0.8510,1.0000,1.1210,2.6830,1.8350,0.0000,0.0000,0.0000,66.8596,0.0000,3394.0000,1131.0000,0.0000,9.0000,11.0000,8.0000,4.0000
1.6370,0.4890,0.3290,0.3210,0.1410,0.0000,0.0000,0.8190,1.0000,1.1210,2.6830,1.8350,0.0000,0.0000,0.0000,66.8699,0.0000,3395.0000,1131.0000,0.0000,9.0000,11.0000,8.0000,4.0000
1.2050,0.4370,0.2280,0.2390,0.0580,0.0000,0.0000,0.5400,1.0000,1.1210,2.6830,1.8350,0.0000,0.0000,0.0000,66.8699,0.0000,3395.0000,1131.0000,0.0000,9.0000,11.0000,8.0000,4.0000
1.2220,0.2900,0.2440,0.1330,0.0610,0.0000,0.0000,0.6880,1.0000,1.1210,2.6830,1.8350,0.0000,0.0000,0.0000,66.8698,0.0000,3395.0000,1131.0000,0.0000,9.0000,11.0000,8.0000,5.0000
1.4310,0.3650,0.3870,0.1960,0.1440,0.0000,0.0000,0.6790,1.0000,1.1210,2.6830,1.8350,0.0000,0.0000,0.0000,66.8900,0.0000,3397.0000,1131.0000,0.0000,9.0000,11.0000,8.0000,5.0000
1.1760,0.4210,0.2520,0.2000,0.0630,0.0000,0.0000,0.5030,1.0000,1.1210,2.6830,1.8350,0.0000,0.0000,0.0000,66.8900,0.0000,3397.0000,1131.0000,0.0000,9.0000,11.0000,8.0000,5.0000
1.1570,0.3420,0.2250,0.1440,0.0590,0.0000,0.0000,0.5900,1.0000,1.1210,2.6830,1.8350,0.0000,0.0000,0.0000,66.8901,0.0000,3397.0000,1131.0000,0.0000,9.0000,11.0000,8.0000,5.0000
1.2850,0.2770,0.2480,0.1220,0.0940,0.0000,0.0000,0.7600,1.0000,1.1210,2.6830,1.8350,0.0000,0.0000,0.0000,66.8889,0.0000,3395.0000,1131.0000,0.0000,9.0000,11.0000,8.0000,5.0000
1.0850,0.2950,0.2340,0.1490,0.0730,0.0000,0.0000,0.5560,1.0000,1.1210,2.6830,1.8350,0.0000,0.0000,0.0000,66.8889,0.0000,3395.0000,1131.0000,0.0000,9.0000,11.0000,8.0000,5.0000
3.0790,0.2750,0.3060,0.1360,0.1440,0.0000,0.0000,2.4980,1.0000,1.1210,2.6830,1.8350,0.0000,0.0000,0.0000,66.8889,0.0000,3395.0000,1131.0000,0.0000,9.0000,11.0000,8.0000,5.0000
1.3180,0.2650,0.2890,0.1240,0.0740,0.0000,0.0000,0.7640,1.0000,1.1210,2.6830,1.8350,0.0000,0.0000,0.0000,66.8889,0.0000,3395.0000,1131.0000,0.0000,9.0000,11.0000,8.0000,5.0000
1.3320,0.3530,0.2530,0.1480,0.0630,0.0000,0.0000,0.7260,1.0000,1.1210,2.6830,1.8350,0.0000,0.0000,0.0000,66.8889,0.0000,3395.0000,1131.0000,0.0000,9.0000,11.0000,8.0000,5.0000
1.1780,0.3340,0.2830,0.1490,0.0660,0.0000,0.0000,0.5610,1.0000,1.1210,2.6830,1.8350,0.0000,0.0000,0.0000,66.8889,0.0000,3395.0000,1131.0000,0.0000,9.0000,11.0000,8.0000,5.0000
1.0020,0.2940,0.2160,0.1480,0.0610,0.0000,0.0000,0.4920,1.0000,1.1210,2.6830,1.8350,0.0000,0.0000,0.0000,66.8889,0.0000,3395.0000,1131.0000,0.0000,9.0000,11.0000,8.0000,5.0000
0.9960,0.2750,0.2030,0.1430,0.0580,0.0000,0.0000,0.5180,1.0000,1.1210,2.6830,1.8350,0.0000,0.0000,0.0000,66.8884,0.0000,3394.0000,1131.0000,0.0000,9.0000,12.0000,8.0000,5.0000
1.2010,0.2700,0.2810,0.1410,0.1020,0.0000,0.0000,0.6500,1.0000,1.1210,2.6830,1.8350,0.0000,0.0000,0.0000,66.9084,0.0000,3396.0000,1131.0000,0.0000,9.0000,12.0000,8.0000,5.0000
1.1590,0.3560,0.2370,0.1270,0.0870,0.0000,0.0000,0.5660,1.0000,1.1210,2.6830,1.8350,0.0000,0.0000,0.0000,66.9187,0.0000,3397.0000,1131.0000,0.0000,9.0000,12.0000,8.0000,5.0000
0.9980,0.3550,0.2020,0.1860,0.0580,0.0000,0.0000,0.4410,1.0000,1.1210,2.6830,1.8350,0.0000,0.0000,0.0000,66.9188,0.0000,3397.0000,1131.0000,0.0000,9.0000,12.0000,8.0000,5.0000
1.0510,0.2890,0.1960,0.1670,0.0560,0.0000,0.0000,0.5660,1.0000,1.1210,2.6830,1.8350,0.0000,0.0000,0.0000,66.9189,0.0000,3397.0000,1131.0000,0.0000,9.0000,12.0000,8.0000,5.0000
0.9880,0.3500,0.1970,0.1890,0.0560,0.0000,0.0000,0.4410,1.0000,1.1210,2.6830,1.8350,0.0000,0.0000,0.0000,66.9189,0.0000,3397.0000,1131.0000,0.0000,9.0000,12.0000,8.0000,5.0000
0.9660,0.2910,0.1920,0.1280,0.0540,0.0000,0.0000,0.4830,1.0000,1.1210,2.6830,1.8350,0.0000,0.0000,0.0000,66.9189,0.0000,3397.0000,1131.0000,0.0000,9.0000,12.0000,8.0000,5.0000
0.9560,0.2880,0.1900,0.1280,0.0540,0.0000,0.0000,0.4780,1.0000,1.1210,2.6830,1.8350,0.0000,0.0000,0.0000,66.9189,0.0000,3397.0000,1131.0000,0.0000,9.0000,12.0000,8.0000,5.0000
1.0030,0.2850,0.1860,0.1660,0.0540,0.0000,0.0000,0.5320,1.0000,1.1210,2.6830,1.8350,0.0000,0.0000,0.0000,66.9189,0.0000,3397.0000,1131.0000,0.0000,9.0000,12.0000,8.0000,5.0000
1.2640,0.2930,0.3720,0.1760,0.0670,0.0000,0.0000,0.5990,1.0000,1.1210,2.6830,1.8350,0.0000,0.0000,0.0000,66.9189,0.0000,3397.0000,1131.0000,0.0000,9.0000,12.0000,8.0000,5.0000
1.1310,0.2850,0.2590,0.1370,0.0920,0.0000,0.0000,0.5870,1.0000,1.1210,2.6830,1.8350,0.0000,0.0000,0.0000,66.9291,0.0000,3398.0000,1131.0000,0.0000,9.0000,12.0000,8.0000,5.0000
0.9860,0.3040,0.2310,0.1330,0.0880,0.0000,0.0000,0.4510,1.0000,1.1210,2.6830,1.8350,0.0000,0.0000,0.0000,66.9291,0.0000,3398.0000,1131.0000,0.0000,9.0000,12.0000,8.0000,5.0000
1.1610,0.2490,0.2200,0.1250,0.0820,0.0000,0.0000,0.6920,1.0000,1.1210,2.6830,1.8350,0.0000,0.0000,0.0000,66.9292,0.0000,3398.0000,1131.0000,0.0000,9.0000,12.0000,8.0000,5.0000
4.0100,0.3790,0.3080,0.2460,0.1030,0.0000,0.0000,3.3230,1.0000,1.1210,2.6830,1.8350,0.0000,0.0000,0.0000,66.9399,0.0000,3399.0000,1131.0000,0.0000,9.0000,12.0000,8.0000,5.0000
2.6700,2.9910,0.3520,2.8110,0.0950,0.0000,0.0000,0.0000,1.0000,1.1210,2.6830,1.8350,0.0000,0.0000,0.0000,66.9399,0.0000,3399.0000,1131.0000,0.0000,9.0000,12.0000,8.0000,5.0000
1.8890,0.4580,0.4780,0.2660,0.1480,0.0000,0.0000,0.9530,1.0000,1.1210,2.6830,1.8350,0.0000,0.0000,0.0000,66.9400,0.0000,3399.0000,1131.0000,0.0000,9.0000,12.0000,8.0000,5.0000
1.6730,0.4060,0.3290,0.1960,0.0860,0.0000,0.0000,0.9380,1.0000,1.1210,2.6830,1.8350,0.0000,0.0000,0.0000,66.9400,0.0000,3399.0000,1131.0000,0.0000,9.0000,12.0000,8.0000,5.0000
1.6190,0.3880,0.3240,0.1870,0.0880,0.0000,0.0000,0.9070,1.0000,1.1210,2.6830,1.8350,0.0000,0.0000,0.0000,66.9400,0.0000,3399.0000,1131.0000,0.0000,9.0000,12.0000,8.0000,5.0000
1.6950,0.4870,0.3570,0.2400,0.0900,0.0000,0.0000,0.8510,1.0000,1.1210,2.6830,1.8350,0.0000,0.0000,0.0000,66.9399,0.0000,3399.0000,1131.0000,0.0000,9.0000,12.0000,8.0000,6.0000
1.6190,0.5480,0.3290,0.3550,0.0930,0.0000,0.0000,0.7420,1.0000,1.1210,2.6830,1.8350,0.0000,0.0000,0.0000,66.9399,0.0000,3399.0000,1131.0000,0.0000,9.0000,12.0000,8.0000,6.0000
1.7320,0.3840,0.3840,0.1860,0.1360,0.0000,0.0000,0.9640,1.0000,1.1210,2.6830,1.8350,0.0000,0.0000,0.0000,66.9501,0.0000,3400.0000,1131.0000,0.0000,9.0000,12.0000,8.0000,6.0000
2.6820,0.4810,0.3870,0.1870,0.0940,0.0000,0.0000,1.8140,1.0000,1.1210,2.6830,1.8350,0.0000,0.0000,0.0000,66.9505,0.0000,3400.0000,1131.0000,0.0000,9.0000,12.0000,8.0000,7.0000
2.0700,0.5370,0.3500,0.3170,0.0950,0.0000,0.0000,1.1830,1.0000,1.1210,2.6830,1.8350,0.0000,0.0000,0.0000,66.7223,0.0000,3378.0000,1131.0000,0.0000,9.0000,12.0000,8.0000,7.0000
1.9560,0.4440,0.4130,0.2210,0.1470,0.0000,0.0000,1.0990,1.0000,1.1210,2.6830,1.8350,0.0000,0.0000,0.0000,66.7221,0.0000,3378.0000,1131.0000,0.0000,9.0000,12.0000,8.0000,7.0000
1.7790,0.5450,0.4990,0.3520,0.2360,0.0000,0.0000,0.7350,1.0000,1.1210,2.6830,1.8350,0.0000,0.0000,0.0000,66.7427,0.0000,3380.0000,1131.0000,0.0000,9.0000,12.0000,8.0000,7.0000
1.6220,0.4750,0.2770,0.2030,0.0680,0.0000,0.0000,0.8700,1.0000,1.1210,2.6830,1.8350,0.0000,0.0000,0.0000,66.7427,0.0000,3380.0000,1131.0000,0.0000,9.0000,12.0000,8.0000,7.0000
1.7600,0.3690,0.4050,0.1660,0.1000,0.0000,0.0000,0.9860,1.0000,1.1210,2.6830,1.8350,0.0000,0.0000,0.0000,66.7428,0.0000,3380.0000,1131.0000,0.0000,9.0000,12.0000,8.0000,7.0000
1.7400,0.4610,0.3560,0.2560,0.0930,0.0000,0.0000,0.9230,1.0000,1.1210,2.6830,1.8350,0.0000,0.0000,0.0000,66.7428,0.0000,3380.0000,1131.0000,0.0000,9.0000,12.0000,8.0000,7.0000
1.7120,0.4410,0.3510,0.2630,0.0920,0.0000,0.0000,0.9200,1.0000,1.1210,2.6830,1.8350,0.0000,0.0000,0.0000,66.7428,0.0000,3380.0000,1131.0000,0.0000,9.0000,12.0000,8.0000,7.0000
1.5680,0.3860,0.3110,0.1940,0.0880,0.0000,0.0000,0.8710,1.0000,1.1210,2.6830,1.8350,0.0000,0.0000,0.0000,66.7428,0.0000,3380.0000,1131.0000,0.0000,9.0000,12.0000,8.0000,7.0000
1.7120,0.4400,0.3630,0.1940,0.0930,0.0000,0.0000,0.9090,1.0000,1.1210,2.6830,1.8350,0.0000,0.0000,0.0000,66.7428,0.0000,3380.0000,1131.0000,0.0000,9.0000,12.0000,8.0000,7.0000
1.6710,0.4080,0.3600,0.2150,0.1060,0.0000,0.0000,0.9030,1.0000,1.1210,2.6830,1.8350,0.0000,0.0000,0.0000,66.7428,0.0000,3380.0000,1131.0000,0.0000,9.0000,12.0000,8.0000,7.0000
1.8470,0.3830,0.4180,0.1940,0.0890,0.0000,0.0000,1.0460,1.0000,1.1210,2.6830,1.8350,0.0000,0.0000,0.0000,66.7428,0.0000,3380.0000,1131.0000,0.0000,9.0000,12.0000,8.0000,7.0000
1.7450,0.5080,0.4370,0.2020,0.1490,0.0000,0.0000,0.8000,1.0000,1.1210,2.6830,1.8350,0.0000,0.0000,0.0000,66.7631,0.0000,3382.0000,1131.0000,0.0000,9.0000,12.0000,8.0000,7.0000
1.5430,0.5160,0.3520,0.1930,0.0910,0.0000,0.0000,0.6750,1.0000,1.1210,2.6830,1.8350,0.0000,0.0000,0.0000,66.7631,0.0000,3382.0000,1131.0000,0.0000,9.0000,12.0000,8.0000,7.0000
1.6220,0.4000,0.3120,0.2150,0.0840,0.0000,0.0000,0.9100,1.0000,1.1210,2.6830,1.8350,0.0000,0.0000,0.0000,66.7632,0.0000,3382.0000,1131.0000,0.0000,9.0000,12.0000,8.0000,7.0000
1.8170,0.4820,0.4000,0.2020,0.1340,0.0000,0.0000,0.9350,1.0000,1.1210,2.6830,1.8350,0.0000,0.0000,0.0000,66.7731,0.0000,3383.0000,1131.0000,0.0000,9.0000,12.0000,8.0000,7.0000
1.7960,0.5110,0.4120,0.2640,0.1360,0.0000,0.0000,0.8730,1.0000,1.1210,2.6830,1.8350,0.0000,0.0000,0.0000,66.7833,0.0000,3384.0000,1131.0000,0.0000,9.0000,12.0000,8.0000,7.0000
1.8850,0.4400,0.3930,0.2050,0.1470,0.0000,0.0000,1.0520,1.0000,1.1210,2.6830,1.8350,0.0000,0.0000,0.0000,66.8027,0.0000,3386.0000,1131.0000,0.0000,9.0000,12.0000,8.0000,7.0000
1.7180,0.4620,0.3400,0.1920,0.0980,0.0000,0.0000,0.9160,1.0000,1.1210,2.6830,1.8350,0.0000,0.0000,0.0000,66.8028,0.0000,3386.0000,1131.0000,0.0000,9.0000,12.0000,8.0000,7.0000
1.6500,0.3760,0.3220,0.1830,0.0850,0.0000,0.0000,0.9520,1.0000,1.1210,2.6830,1.8350,0.0000,0.0000,0.0000,66.8029,0.0000,3386.0000,1131.0000,0.0000,9.0000,12.0000,8.0000,7.0000
1.9730,0.4420,0.4270,0.1910,0.1460,0.0000,0.0000,1.1040,1.0000,1.1210,2.6830,1.8350,0.0000,0.0000,0.0000,66.8232,0.0000,3388.0000,1131.0000,0.0000,9.0000,12.0000,8.0000,7.0000
1.8170,0.5660,0.4510,0.2730,0.1450,0.0000,0.0000,0.8000,1.0000,1.1210,2.6830,1.8350,0.0000,0.0000,0.0000,66.8232,0.0000,3388.0000,1131.0000,0.0000,9.0000,12.0000,8.0000,7.0000
1.7940,0.4930,0.3590,0.2590,0.0900,0.0000,0.0000,0.9420,1.0000,1.1210,2.6830,1.8350,0.0000,0.0000,0.0000,66.8233,0.0000,3388.0000,1131.0000,0.0000,9.0000,12.0000,8.0000,7.0000
1.8180,0.3780,0.3470,0.1820,0.0910,0.0000,0.0000,1.0930,1.0000,1.1210,2.6830,1.8350,0.0000,0.0000,0.0000,66.8233,0.0000,3388.0000,1131.0000,0.0000,9.0000,12.0000,8.0000,7.0000
1.6960,0.4560,0.3110,0.2010,0.0860,0.0000,0.0000,0.9290,1.0000,1.1210,2.6830,1.8350,0.0000,0.0000,0.0000,66.8233,0.0000,3388.0000,1131.0000,0.0000,9.0000,12.0000,8.0000,7.0000
1.8190,0.4660,0.3760,0.2010,0.0900,0.0000,0.0000,0.9770,1.0000,1.1210,2.6830,1.8350,0.0000,0.0000,0.0000,66.8233,0.0000,3388.0000,1131.0000,0.0000,9.0000,12.0000,8.0000,7.0000
1.9480,0.4690,0.4710,0.2530,0.2080,0.0000,0.0000,1.0080,1.0000,1.1210,2.6830,1.8350,0.0000,0.0000,0.0000,66.8443,0.0000,3390.0000,1131.0000,0.0000,9.0000,12.0000,8.0000,7.0000
1.9120,0.5620,0.4170,0.2580,0.1520,0.0000,0.0000,0.9330,1.0000,1.1210,2.6830,1.8350,0.0000,0.0000,0.0000,66.8443,0.0000,3390.0000,1131.0000,0.0000,9.0000,12.0000,8.0000,7.0000
1.7720,0.4470,0.3870,0.2550,0.1000,0.0000,0.0000,0.9380,1.0000,1.1210,2.6830,1.8350,0.0000,0.0000,0.0000,66.8444,0.0000,3390.0000,1131.0000,0.0000,9.0000,12.0000,8.0000,7.0000
1.8250,0.3880,0.3210,0.1940,0.0860,0.0000,0.0000,1.1160,1.0000,1.1210,2.6830,1.8350,0.0000,0.0000,0.0000,66.8444,0.0000,3390.0000,1131.0000,0.0000,9.0000,12.0000,8.0000,7.0000
1.7550,0.4150,0.3440,0.2040,0.0930,0.0000,0.0000,0.9960,1.0000,1.1210,2.6830,1.8350,0.0000,0.0000,0.0000,66.8444,0.0000,3390.0000,1131.0000,0.0000,9.0000,12.0000,8.0000,7.0000
1.9220,0.4590,0.3410,0.2000,0.0890,0.0000,0.0000,1.1220,1.0000,1.1210,2.6830,1.8350,0.0000,0.0000,0.0000,66.8437,0.0000,3390.0000,1131.0000,0.0000,9.0000,11.0000,8.0000,7.0000
1.9150,0.4840,0.4710,0.2640,0.1040,0.0000,0.0000,0.9600,1.0000,1.1210,2.6830,1.8350,0.0000,0.0000,0.0000,66.8437,0.0000,3390.0000,1131.0000,0.0000,9.0000,11.0000,8.0000,7.0000
1.7590,0.5000,0.3800,0.2780,0.0960,0.0000,0.0000,0.8790,1.0000,1.1210,2.6830,1.8350,0.0000,0.0000,0.0000,66.8437,0.0000,3390.0000,1131.0000,0.0000,9.0000,11.0000,8.0000,7.0000
1.8410,0.4240,0.3510,0.2260,0.0870,0.0000,0.0000,1.0660,1.0000,1.1210,2.6830,1.8350,0.0000,0.0000,0.0000,66.8437,0.0000,3390.0000,1131.0000,0.0000,9.0000,11.0000,8.0000,7.0000
1.8690,0.3830,0.4170,0.1830,0.1740,0.0000,0.0000,1.0690,1.0000,1.1210,2.6830,1.8350,0.0000,0.0000,0.0000,66.8643,0.0000,3392.0000,1131.0000,0.0000,9.0000,11.0000,8.0000,7.0000
1.6780,0.4920,0.3350,0.1950,0.0940,0.0000,0.0000,0.8510,1.0000,1.1210,2.6830,1.8350,0.0000,0.0000,0.0000,66.8643,0.0000,3392.0000,1131.0000,0.0000,9.0000,11.0000,8.0000,7.0000
1.6090,0.5240,0.3700,0.2060,0.0860,0.0000,0.0000,0.7150,1.0000,1.1210,2.6830,1.8350,0.0000,0.0000,0.0000,66.8644,0.0000,3392.0000,1131.0000,0.0000,9.0000,11.0000,8.0000,7.0000
1.8300,0.4700,0.3900,0.2570,0.1320,0.0000,0.0000,0.9700,1.0000,1.1210,2.6830,1.8350,0.0000,0.0000,0.0000,66.8746,0.0000,3393.0000,1131.0000,0.0000,9.0000,11.0000,8.0000,7.0000
1.7860,0.4440,0.3810,0.1990,0.1350,0.0000,0.0000,0.9610,1.0000,1.1210,2.6830,1.8350,0.0000,0.0000,0.0000,66.8853,0.0000,3394.0000,1131.0000,0.0000,9.0000,11.0000,8.0000,7.0000
1.5560,0.4460,0.3200,0.1950,0.0860,0.0000,0.0000,0.7900,1.0000,1.1210,2.6830,1.8350,0.0000,0.0000,0.0000,66.8854,0.0000,3394.0000,1131.0000,0.0000,9.0000,11.0000,8.0000,7.0000
1.7340,0.4460,0.4200,0.2530,0.1460,0.0000,0.0000,0.8680,1.0000,1.1210,2.6830,1.8350,0.0000,0.0000,0.0000,66.8855,0.0000,3394.0000,1131.0000,0.0000,9.0000,11.0000,8.0000,7.0000
1.6660,0.4060,0.3580,0.2130,0.1070,0.0000,0.0000,0.9020,1.0000,1.1210,2.6830,1.8350,0.0000,0.0000,0.0000,66.8855,0.0000,3394.0000,1131.0000,0.0000,9.0000,11.0000,8.0000,7.0000
1.8320,0.3890,0.3750,0.1890,0.1270,0.0000,0.0000,1.0680,1.0000,1.1210,2.6830,1.8350,0.0000,0.0000,0.0000,66.8964,0.0000,3395.0000,1131.0000,0.0000,9.0000,12.0000,8.0000,7.0000
1.7870,0.5700,0.5090,0.2010,0.1060,0.0000,0.0000,0.7080,1.0000,1.1210,2.6830,1.8350,0.0000,0.0000,0.0000,66.8964,0.0000,3395.0000,1131.0000,0.0000,9.0000,12.0000,8.0000,6.0000
1.7420,0.4700,0.4100,0.2540,0.1510,0.0000,0.0000,0.8620,1.0000,1.1210,2.6830,1.8350,0.0000,0.0000,0.0000,66.8965,0.0000,3395.0000,1131.0000,0.0000,9.0000,12.0000,8.0000,6.0000
1.8490,0.4350,0.3530,0.2380,0.1100,0.0000,0.0000,1.0610,1.0000,1.1210,2.6830,1.8350,0.0000,0.0000,0.0000,66.8965,0.0000,3395.0000,1131.0000,0.0000,9.0000,12.0000,8.0000,6.0000
1.8710,0.3800,0.3420,0.1830,0.0970,0.0000,0.0000,1.1490,1.0000,1.1210,2.6830,1.8350,0.0000,0.0000,0.0000,66.8965,0.0000,3395.0000,1131.0000,0.0000,9.0000,12.0000,8.0000,6.0000
1.8160,0.4060,0.3530,0.1920,0.0960,0.0000,0.0000,1.0570,1.0000,1.1210,2.6830,1.8350,0.0000,0.0000,0.0000,66.8965,0.0000,3395.0000,1131.0000,0.0000,9.0000,12.0000,8.0000,6.0000
1.9890,0.4440,0.4120,0.1880,0.1540,0.0000,0.0000,1.1330,1.0000,1.1210,2.6830,1.8350,0.0000,0.0000,0.0000,66.9167,0.0000,3397.0000,1131.0000,0.0000,9.0000,12.0000,8.0000,6.0000
1.7660,0.5660,0.3980,0.2010,0.1000,0.0000,0.0000,0.8020,1.0000,1.1210,2.6830,1.8350,0.0000,0.0000,0.0000,66.9167,0.0000,3397.0000,1131.0000,0.0000,9.0000,12.0000,8.0000,6.0000
1.6770,0.4920,0.4090,0.2710,0.1030,0.0000,0.0000,0.7760,1.0000,1.1210,2.6830,1.8350,0.0000,0.0000,0.0000,66.9175,0.0000,3397.0000,1131.0000,0.0000,9.0000,13.0000,8.0000,6.0000
1.7440,0.3960,0.3610,0.2060,0.1220,0.0000,0.0000,0.9870,1.0000,1.1210,2.6830,1.8350,0.0000,0.0000,0.0000,66.9175,0.0000,3397.0000,1131.0000,0.0000,9.0000,13.0000,8.0000,6.0000
3.5710,0.4000,0.3750,0.1930,0.1360,0.0000,0.0000,2.7960,1.0000,1.1210,2.6830,1.8350,0.0000,0.0000,0.0000,66.9278,0.0000,3398.0000,1131.0000,0.0000,9.0000,13.0000,8.0000,5.0000
1.7390,0.5340,0.4080,0.2070,0.1040,0.0000,0.0000,0.7970,1.0000,1.1210,2.6830,1.8350,0.0000,0.0000,0.0000,66.7027,0.0000,3376.0000,1131.0000,0.0000,9.0000,13.0000,8.0000,5.0000
1.7090,0.4330,0.3480,0.2300,0.1090,0.0000,0.0000,0.9280,1.0000,1.1210,2.6830,1.8350,0.0000,0.0000,0.0000,66.7027,0.0000,3376.0000,1131.0000,0.0000,9.0000,13.0000,8.0000,5.0000
1.7340,0.3790,0.3500,0.1830,0.0970,0.0000,0.0000,1.0050,1.0000,1.1210,2.6830,1.8350,0.0000,0.0000,0.0000,66.7028,0.0000,3376.0000,1131.0000,0.0000,9.0000,13.0000,8.0000,5.0000
1.7580,0.4500,0.3870,0.1900,0.0980,0.0000,0.0000,0.9210,1.0000,1.1210,2.6830,1.8350,0.0000,0.0000,0.0000,66.7028,0.0000,3376.0000,1131.0000,0.0000,9.0000,13.0000,8.0000,5.0000
2.0880,0.4850,0.5360,0.2670,0.2670,0.0000,0.0000,1.0670,1.0000,1.1210,2.6830,1.8350,0.0000,0.0000,0.0000,66.7126,0.0000,3377.0000,1131.0000,0.0000,9.0000,13.0000,8.0000,5.0000
1.7540,0.5040,0.4020,0.2430,0.1020,0.0000,0.0000,0.8480,1.0000,1.1210,2.6830,1.8350,0.0000,0.0000,0.0000,66.7126,0.0000,3377.0000,1131.0000,0.0000,9.0000,13.0000,8.0000,5.0000
1.7740,0.3970,0.3550,0.2100,0.0960,0.0000,0.0000,1.0220,1.0000,1.1210,2.6830,1.8350,0.0000,0.0000,0.0000,66.7127,0.0000,3377.0000,1131.0000,0.0000,9.0000,13.0000,8.0000,5.0000
1.6130,0.3830,0.3270,0.1870,0.0900,0.0000,0.0000,0.9030,1.0000,1.1210,2.6830,1.8350,0.0000,0.0000,0.0000,66.7127,0.0000,3377.0000,1131.0000,0.0000,9.0000,13.0000,8.0000,5.0000
1.8670,0.4160,0.4320,0.1830,0.1550,0.0000,0.0000,1.0190,1.0000,1.1210,2.6830,1.8350,0.0000,0.0000,0.0000,66.7330,0.0000,3379.0000,1131.0000,0.0000,9.0000,13.0000,8.0000,5.0000
1.5190,0.6190,0.3600,0.3010,0.0870,0.0000,0.0000,0.5400,1.0000,1.1210,2.6830,1.8350,0.0000,0.0000,0.0000,66.7330,0.0000,3379.0000,1131.0000,0.0000,9.0000,13.0000,8.0000,5.0000
1.7350,0.3090,0.3310,0.1650,0.0920,0.0000,0.0000,1.0950,1.0000,1.1210,2.6830,1.8350,0.0000,0.0000,0.0000,66.7331,0.0000,3379.0000,1131.0000,0.0000,9.0000,13.0000,8.0000,5.0000
1.8470,0.4610,0.3960,0.1940,0.0980,0.0000,0.0000,0.9900,1.0000,1.1210,2.6830,1.8350,0.0000,0.0000,0.0000,66.7331,0.0000,3379.0000,1131.0000,0.0000,9.0000,13.0000,8.0000,5.0000
1.8710,0.4700,0.4290,0.1970,0.1410,0.0000,0.0000,0.9720,1.0000,1.1210,2.6830,1.8350,0.0000,0.0000,0.0000,66.7434,0.0000,3380.0000,1131.0000,0.0000,9.0000,13.0000,8.0000,5.0000
1.9090,0.5150,0.4800,0.2620,0.1570,0.0000,0.0000,0.9140,1.0000,1.1210,2.6830,1.8350,0.0000,0.0000,0.0000,66.7434,0.0000,3380.0000,1131.0000,0.0000,9.0000,13.0000,8.0000,5.0000
1.8890,0.4150,0.4180,0.2150,0.1560,0.0000,0.0000,1.0560,1.0000,1.1210,2.6830,1.8350,0.0000,0.0000,0.0000,66.7428,0.0000,3380.0000,1131.0000,0.0000,9.0000,12.0000,8.0000,5.0000
1.8110,0.4130,0.3630,0.2140,0.0950,0.0000,0.0000,1.0350,1.0000,1.1210,2.6830,1.8350,0.0000,0.0000,0.0000,66.7428,0.0000,3380.0000,1131.0000,0.0000,9.0000,12.0000,8.0000,5.0000
1.8100,0.4050,0.3320,0.2100,0.0900,0.0000,0.0000,1.0730,1.0000,1.1210,2.6830,1.8350,0.0000,0.0000,0.0000,66.7428,0.0000,3380.0000,1131.0000,0.0000,9.0000,12.0000,8.0000,5.0000
1.7920,0.3990,0.3780,0.1980,0.1360,0.0000,0.0000,1.0150,1.0000,1.1210,2.6830,1.8350,0.0000,0.0000,0.0000,66.7530,0.0000,3381.0000,1131.0000,0.0000,9.0000,12.0000,8.0000,5.0000
1.8670,0.5410,0.4080,0.1990,0.1330,0.0000,0.0000,0.9180,1.0000,1.1210,2.6830,1.8350,0.0000,0.0000,0.0000,66.7633,0.0000,3382.0000,1131.0000,0.0000,9.0000,12.0000,8.0000,5.0000
1.7710,0.5220,0.3670,0.2560,0.0880,0.0000,0.0000,0.8820,1.0000,1.1210,2.6830,1.8350,0.0000,0.0000,0.0000,66.7634,0.0000,3382.0000,1131.0000,0.0000,9.0000,12.0000,8.0000,5.0000
1.7090,0.4360,0.3670,0.2110,0.0960,0.0000,0.0000,0.9060,1.0000,1.1210,2.6830,1.8350,0.0000,0.0000,0.0000,66.7634,0.0000,3382.0000,1131.0000,0.0000,9.0000,12.0000,8.0000,5.0000
1.8840,0.3810,0.3430,0.1880,0.0950,0.0000,0.0000,1.1600,1.0000,1.1210,2.6830,1.8350,0.0000,0.0000,0.0000,66.7634,0.0000,3382.0000,1131.0000,0.0000,9.0000,12.0000,8.0000,5.0000
1.7810,0.3860,0.3500,0.1840,0.0960,0.0000,0.0000,1.0450,1.0000,1.1210,2.6830,1.8350,0.0000,0.0000,0.0000,66.7634,0.0000,3382.0000,1131.0000,0.0000,9.0000,12.0000,8.0000,5.0000
1.7880,0.4530,0.3880,0.1900,0.0970,0.0000,0.0000,0.9470,1.0000,1.1210,2.6830,1.8350,0.0000,0.0000,0.0000,66.7634,0.0000,3382.0000,1131.0000,0.0000,9.0000,12.0000,8.0000,5.0000
1.7440,0.4780,0.4520,0.2630,0.1530,0.0000,0.0000,0.8140,1.0000,1.1210,2.6830,1.8350,0.0000,0.0000,0.0000,66.7634,0.0000,3382.0000,1131.0000,0.0000,9.0000,12.0000,8.0000,5.0000
1.6710,0.3770,0.3540,0.1950,0.1070,0.0000,0.0000,0.9400,1.0000,1.1210,2.6830,1.8350,0.0000,0.0000,0.0000,66.7634,0.0000,3382.0000,1131.0000,0.0000,9.0000,12.0000,8.0000,5.0000
1.7010,0.3650,0.3270,0.1780,0.0890,0.0000,0.0000,1.0090,1.0000,1.1210,2.6830,1.8350,0.0000,0.0000,0.0000,66.7634,0.0000,3382.0000,1131.0000,0.0000,9.0000,12.0000,8.0000,4.0000
1.7200,0.5120,0.4000,0.2630,0.1330,0.0000,0.0000,0.8080,1.0000,1.1210,2.6830,1.8350,0.0000,0.0000,0.0000,66.7737,0.0000,3383.0000,1131.0000,0.0000,9.0000,12.0000,8.0000,4.0000
1.8280,0.4990,0.3350,0.2650,0.0880,0.0000,0.0000,0.9940,1.0000,1.1210,2.6830,1.8350,0.0000,0.0000,0.0000,66.7737,0.0000,3383.0000,1131.0000,0.0000,9.0000,12.0000,8.0000,4.0000
1.0540,0.3720,0.2010,0.1790,0.0520,0.0000,0.0000,0.4810,1.0000,1.1210,2.6830,1.8350,0.0000,0.0000,0.0000,66.7737,0.0000,3383.0000,1131.0000,0.0000,9.0000,12.0000,8.0000,4.0000
0.9250,0.2930,0.1800,0.1680,0.0500,0.0000,0.0000,0.4520,1.0000,1.1210,2.6830,1.8350,0.0000,0.0000,0.0000,66.7737,0.0000,3383.0000,1131.0000,0.0000,9.0000,12.0000,8.0000,4.0000
0.9900,0.2520,0.1960,0.1410,0.0790,0.0000,0.0000,0.5420,1.0000,1.1210,2.6830,1.8350,0.0000,0.0000,0.0000,66.7844,0.0000,3384.0000,1131.0000,0.0000,9.0000,12.0000,8.0000,4.0000
0.9890,0.2800,0.2270,0.1370,0.0540,0.0000,0.0000,0.4820,1.0000,1.1210,2.6830,1.8350,0.0000,0.0000,0.0000,66.7844,0.0000,3384.0000,1131.0000,0.0000,9.0000,12.0000,8.0000,4.0000
1.0130,0.2870,0.1730,0.1690,0.0470,0.0000,0.0000,0.5530,1.0000,1.1210,2.6830,1.8350,0.0000,0.0000,0.0000,66.7845,0.0000,3384.0000,1131.0000,0.0000,9.0000,12.0000,8.0000,4.0000
0.9280,0.2120,0.1740,0.1150,0.0460,0.0000,0.0000,0.5420,1.0000,1.1210,2.6830,1.8350,0.0000,0.0000,0.0000,66.7845,0.0000,3384.0000,1131.0000,0.0000,9.0000,12.0000,8.0000,4.0000
1.0690,0.2100,0.1980,0.1120,0.0820,0.0000,0.0000,0.6610,1.0000,1.1210,2.6830,1.8350,0.0000,0.0000,0.0000,66.8150,0.0000,3387.0000,1131.0000,0.0000,9.0000,12.0000,8.0000,4.0000
0.9610,0.3040,0.1760,0.0970,0.0480,0.0000,0.0000,0.4810,1.0000,1.1210,2.6830,1.8350,0.0000,0.0000,0.0000,66.8150,0.0000,3387.0000,1131.0000,0.0000,9.0000,12.0000,8.0000,4.0000
0.9770,0.2170,0.1730,0.1220,0.0420,0.0000,0.0000,0.5870,1.0000,1.1210,2.6830,1.8350,0.0000,0.0000,0.0000,66.8151,0.0000,3387.0000,1131.0000,0.0000,9.0000,12.0000,8.0000,4.0000
0.9340,0.2260,0.1780,0.1190,0.0530,0.0000,0.0000,0.5300,1.0000,1.1210,2.6830,1.8350,0.0000,0.0000,0.0000,66.8151,0.0000,3387.0000,1131.0000,0.0000,9.0000,12.0000,8.0000,4.0000
0.8610,0.2230,0.1650,0.1140,0.0510,0.0000,0.0000,0.4730,1.0000,1.1210,2.6830,1.8350,0.0000,0.0000,0.0000,66.8151,0.0000,3387.0000,1131.0000,0.0000,9.0000,12.0000,8.0000,4.0000
0.8500,0.1970,0.1680,0.0970,0.0450,0.0000,0.0000,0.4850,1.0000,1.1210,2.6830,1.8350,0.0000,0.0000,0.0000,66.8151,0.0000,3387.0000,1131.0000,0.0000,9.0000,12.0000,8.0000,4.0000
0.8900,0.2120,0.2320,0.1130,0.0770,0.0000,0.0000,0.4460,1.0000,1.1210,2.6830,1.8350,0.0000,0.0000,0.0000,66.8151,0.0000,3387.0000,1131.0000,0.0000,9.0000,12.0000,8.0000,4.0000
0.8680,0.1960,0.1650,0.0980,0.0420,0.0000,0.0000,0.5070,1.0000,1.1210,2.6830,1.8350,0.0000,0.0000,0.0000,66.8144,0.0000,3387.0000,1131.0000,0.0000,9.0000,11.0000,8.0000,4.0000
0.8650,0.1950,0.1760,0.0970,0.0560,0.0000,0.0000,0.4940,1.0000,1.1210,2.6830,1.8350,0.0000,0.0000,0.0000,66.8144,0.0000,3387.0000,1131.0000,0.0000,9.0000,11.0000,8.0000,4.0000
0.8200,0.1980,0.1470,0.1000,0.0410,0.0000,0.0000,0.4750,1.0000,1.1210,2.6830,1.8350,0.0000,0.0000,0.0000,66.8144,0.0000,3387.0000,1131.0000,0.0000,9.0000,11.0000,8.0000,4.0000
0.9030,0.2300,0.1510,0.1410,0.0420,0.0000,0.0000,0.5220,1.0000,1.1210,2.6830,1.8350,0.0000,0.0000,0.0000,66.8144,0.0000,3387.0000,1131.0000,0.0000,9.0000,11.0000,8.0000,4.0000
0.8100,0.1980,0.1530,0.1120,0.0430,0.0000,0.0000,0.4590,1.0000,1.1210,2.6830,1.8350,0.0000,0.0000,0.0000,66.8144,0.0000,3387.0000,1131.0000,0.0000,9.0000,11.0000,8.0000,4.0000
0.8360,0.1820,0.1520,0.0950,0.0430,0.0000,0.0000,0.5020,1.0000,1.1210,2.6830,1.8350,0.0000,0.0000,0.0000,66.8144,0.0000,3387.0000,1131.0000,0.0000,9.0000,11.0000,8.0000,4.0000
0.8410,0.1830,0.1700,0.0950,0.0420,0.0000,0.0000,0.4880,1.0000,1.1210,2.6830,1.8350,0.0000,0.0000,0.0000,66.8144,0.0000,3387.0000,1131.0000,0.0000,9.0000,11.0000,8.0000,4.0000
0.8400,0.1850,0.1560,0.0950,0.0420,0.0000,0.0000,0.4990,1.0000,1.1210,2.6830,1.8350,0.0000,0.0000,0.0000,66.8144,0.0000,3387.0000,1131.0000,0.0000,9.0000,11.0000,8.0000,4.0000
0.9850,0.1870,0.1800,0.0960,0.0740,0.0000,0.0000,0.6180,1.0000,1.1210,2.6830,1.8350,0.0000,0.0000,0.0000,66.8347,0.0000,3389.0000,1131.0000,0.0000,9.0000,11.0000,8.0000,4.0000
0.8810,0.3220,0.1540,0.1320,0.0430,0.0000,0.0000,0.4050,1.0000,1.1210,2.6830,1.8350,0.0000,0.0000,0.0000,66.8348,0.0000,3389.0000,1131.0000,0.0000,9.0000,11.0000,8.0000,5.0000
0.9190,0.2760,0.1540,0.1530,0.0450,0.0000,0.0000,0.4890,1.0000,1.1210,2.6830,1.8350,0.0000,0.0000,0.0000,66.8349,0.0000,3389.0000,1131.0000,0.0000,9.0000,11.0000,8.0000,5.0000
0.9620,0.2960,0.1980,0.1570,0.0710,0.0000,0.0000,0.4680,1.0000,1.1210,2.6830,1.8350,0.0000,0.0000,0.0000,66.8452,0.0000,3390.0000,1131.0000,0.0000,9.0000,11.0000,8.0000,5.0000
1.0020,0.2980,0.1960,0.1520,0.0740,0.0000,0.0000,0.5080,1.0000,1.1210,2.6830,1.8350,0.0000,0.0000,0.0000,66.8557,0.0000,3391.0000,1131.0000,0.0000,9.0000,12.0000,8.0000,5.0000
0.9230,0.2390,0.1670,0.0980,0.0460,0.0000,0.0000,0.5170,1.0000,1.1210,2.6830,1.8350,0.0000,0.0000,0.0000,66.8557,0.0000,3391.0000,1131.0000,0.0000,9.0000,12.0000,8.0000,5.0000
1.0280,0.2190,0.2180,0.1010,0.0850,0.0000,0.0000,0.5910,1.0000,1.1210,2.6830,1.8350,0.0000,0.0000,0.0000,66.8761,0.0000,3393.0000,1131.0000,0.0000,9.0000,12.0000,8.0000,5.0000
0.9240,0.2850,0.1630,0.1060,0.0440,0.0000,0.0000,0.4760,1.0000,1.1210,2.6830,1.8350,0.0000,0.0000,0.0000,66.8762,0.0000,3393.0000,1131.0000,0.0000,9.0000,12.0000,8.0000,5.0000
1.1500,0.1960,0.2010,0.0970,0.0780,0.0000,0.0000,0.7530,1.0000,1.1210,2.6830,1.8350,0.0000,0.0000,0.0000,66.8965,0.0000,3395.0000,1131.0000,0.0000,9.0000,12.0000,8.0000,5.0000
1.2230,0.2750,0.3340,0.1150,0.0540,0.0000,0.0000,0.6140,1.0000,1.1210,2.6830,1.8350,0.0000,0.0000,0.0000,66.8965,0.0000,3395.0000,1131.0000,0.0000,9.0000,12.0000,8.0000,5.0000
1.4050,0.2650,0.2460,0.1110,0.0900,0.0000,0.0000,0.8940,1.0000,1.1210,2.6830,1.8350,0.0000,0.0000,0.0000,66.8964,0.0000,3395.0000,1131.0000,0.0000,9.0000,12.0000,8.0000,6.0000
0.9730,0.3840,0.1940,0.1610,0.0530,0.0000,0.0000,0.3950,1.0000,1.1210,2.6830,1.8350,0.0000,0.0000,0.0000,66.8964,0.0000,3395.0000,1131.0000,0.0000,9.0000,12.0000,8.0000,6.0000
0.9410,0.1990,0.2220,0.0980,0.0750,0.0000,0.0000,0.5200,1.0000,1.1210,2.6830,1.8350,0.0000,0.0000,0.0000,66.8964,0.0000,3395.0000,1131.0000,0.0000,9.0000,12.0000,8.0000,6.0000
0.8540,0.2220,0.1900,0.1080,0.0470,0.0000,0.0000,0.4420,1.0000,1.1210,2.6830,1.8350,0.0000,0.0000,0.0000,66.8964,0.0000,3395.0000,1131.0000,0.0000,9.0000,12.0000,8.0000,6.0000
1.0330,0.1980,0.1700,0.0990,0.0440,0.0000,0.0000,0.6650,1.0000,1.1210,2.6830,1.8350,0.0000,0.0000,0.0000,66.8964,0.0000,3395.0000,1131.0000,0.0000,9.0000,12.0000,8.0000,6.0000
1.0250,0.3090,0.2330,0.2080,0.0890,0.0000,0.0000,0.4830,1.0000,1.1210,2.6830,1.8350,0.0000,0.0000,0.0000,66.8964,0.0000,3395.0000,1131.0000,0.0000,9.0000,12.0000,8.0000,6.0000
0.9600,0.2190,0.2020,0.1070,0.0790,0.0000,0.0000,0.5390,1.0000,1.1210,2.6830,1.8350,0.0000,0.0000,0.0000,66.8964,0.0000,3395.0000,1131.0000,0.0000,9.0000,12.0000,8.0000,6.0000
0.9570,0.2040,0.1780,0.0990,0.0460,0.0000,0.0000,0.5750,1.0000,1.1210,2.6830,1.8350,0.0000,0.0000,0.0000,66.8964,0.0000,3395.0000,1131.0000,0.0000,9.0000,12.0000,8.0000,6.0000
0.9950,0.2120,0.2020,0.1060,0.0780,0.0000,0.0000,0.5810,1.0000,1.1210,2.6830,1.8350,0.0000,0.0000,0.0000,66.9166,0.0000,3397.0000,1131.0000,0.0000,9.0000,12.0000,8.0000,6.0000
0.8850,0.2620,0.1820,0.0990,0.0470,0.0000,0.0000,0.4410,1.0000,1.1210,2.6830,1.8350,0.0000,0.0000,0.0000,66.9166,0.0000,3397.0000,1131.0000,0.0000,9.0000,12.0000,8.0000,6.0000
0.9560,0.2020,0.1540,0.1030,0.0470,0.0000,0.0000,0.6000,1.0000,1.1210,2.6830,1.8350,0.0000,0.0000,0.0000,66.9167,0.0000,3397.0000,1131.0000,0.0000,9.0000,12.0000,8.0000,6.0000
1.3590,0.2940,0.3030,0.1610,0.1260,0.0000,0.0000,0.7620,1.0000,1.1210,2.6830,1.8350,0.0000,0.0000,0.0000,66.9277,0.0000,3398.0000,1131.0000,0.0000,9.0000,13.0000,8.0000,6.0000
2.2200,0.3250,0.2430,0.1400,0.0530,0.0000,0.0000,1.6520,1.0000,1.1210,2.6830,1.8350,0.0000,0.0000,0.0000,66.9277,0.0000,3398.0000,1131.0000,0.0000,9.0000,13.0000,8.0000,6.0000
1.2180,0.2260,0.2200,0.1140,0.0760,0.0000,0.0000,0.7720,1.0000,1.1210,2.6830,1.8350,0.0000,0.0000,0.0000,66.7296,0.0000,3378.0000,1131.0000,0.0000,9.0000,13.0000,8.0000,6.0000
0.9700,0.2770,0.1860,0.1190,0.0460,0.0000,0.0000,0.5070,1.0000,1.1210,2.6830,1.8350,0.0000,0.0000,0.0000,66.7296,0.0000,3378.0000,1131.0000,0.0000,9.0000,13.0000,8.0000,6.0000
1.1970,0.2190,0.2480,0.1030,0.0530,0.0000,0.0000,0.7300,1.0000,1.1210,2.6830,1.8350,0.0000,0.0000,0.0000,66.7296,0.0000,3378.0000,1131.0000,0.0000,9.0000,13.0000,8.0000,6.0000
1.1140,0.2630,0.2750,0.1120,0.0520,0.0000,0.0000,0.5760,1.0000,1.1210,2.6830,1.8350,0.0000,0.0000,0.0000,66.7296,0.0000,3378.0000,1131.0000,0.0000,9.0000,13.0000,8.0000,6.0000
1.3320,0.2700,0.4730,0.1110,0.3290,0.0000,0.0000,0.5890,1.0000,1.1210,2.6830,1.8350,0.0000,0.0000,0.0000,66.7436,0.0000,3380.0000,1131.0000,0.0000,9.0000,13.0000,8.0000,6.0000
1.2340,0.2440,0.1780,0.1040,0.0490,0.0000,0.0000,0.8120,1.0000,1.1210,2.6830,1.8350,0.0000,0.0000,0.0000,66.7436,0.0000,3380.0000,1131.0000,0.0000,9.0000,13.0000,8.0000,6.0000
1.3740,0.2280,0.2030,0.1100,0.0700,0.0000,0.0000,0.9430,1.0000,1.1210,2.6830,1.8350,0.0000,0.0000,0.0000,66.7540,0.0000,3381.0000,1131.0000,0.0000,9.0000,13.0000,8.0000,6.0000
1.0450,0.2480,0.2460,0.1150,0.0730,0.0000,0.0000,0.5510,1.0000,1.1210,2.6830,1.8350,0.0000,0.0000,0.0000,66.7540,0.0000,3381.0000,1131.0000,0.0000,9.0000,13.0000,8.0000,6.0000
0.9720,0.2300,0.2190,0.1130,0.0830,0.0000,0.0000,0.5230,1.0000,1.1210,2.6830,1.8350,0.0000,0.0000,0.0000,66.7643,0.0000,3382.0000,1131.0000,0.0000,9.0000,13.0000,8.0000,6.0000
0.9040,0.2410,0.1680,0.1050,0.0500,0.0000,0.0000,0.4950,1.0000,1.1210,2.6830,1.8350,0.0000,0.0000,0.0000,66.7643,0.0000,3382.0000,1131.0000,0.0000,9.0000,13.0000,8.0000,6.0000
1.0750,0.2390,0.2210,0.1030,0.0580,0.0000,0.0000,0.6150,1.0000,1.1210,2.6830,1.8350,0.0000,0.0000,0.0000,66.7643,0.0000,3382.0000,1131.0000,0.0000,9.0000,13.0000,8.0000,6.0000
1.0050,0.3080,0.1960,0.1530,0.0480,0.0000,0.0000,0.5010,1.0000,1.1210,2.6830,1.8350,0.0000,0.0000,0.0000,66.7643,0.0000,3382.0000,1131.0000,0.0000,9.0000,13.0000,8.0000,6.0000
0.9260,0.2190,0.1740,0.1040,0.0450,0.0000,0.0000,0.5330,1.0000,1.1210,2.6830,1.8350,0.0000,0.0000,0.0000,66.7643,0.0000,3382.0000,1131.0000,0.0000,9.0000,13.0000,8.0000,6.0000
0.8670,0.2390,0.1560,0.1070,0.0440,0.0000,0.0000,0.4720,1.0000,1.1210,2.6830,1.8350,0.0000,0.0000,0.0000,66.7643,0.0000,3382.0000,1131.0000,0.0000,9.0000,13.0000,8.0000,6.0000
0.9380,0.2390,0.1530,0.1450,0.0430,0.0000,0.0000,0.5460,1.0000,1.1210,2.6830,1.8350,0.0000,0.0000,0.0000,66.7643,0.0000,3382.0000,1131.0000,0.0000,9.0000,13.0000,8.0000,6.0000
0.9020,0.2030,0.1570,0.1130,0.0440,0.0000,0.0000,0.5420,1.0000,1.1210,2.6830,1.8350,0.0000,0.0000,0.0000,66.7643,0.0000,3382.0000,1131.0000,0.0000,9.0000,13.0000,8.0000,6.0000
0.9440,0.1900,0.1770,0.0970,0.0690,0.0000,0.0000,0.5770,1.0000,1.1210,2.6830,1.8350,0.0000,0.0000,0.0000,66.7746,0.0000,3383.0000,1131.0000,0.0000,9.0000,13.0000,8.0000,6.0000
0.8300,0.2250,0.1510,0.1020,0.0420,0.0000,0.0000,0.4540,1.0000,1.1210,2.6830,1.8350,0.0000,0.0000,0.0000,66.7746,0.0000,3383.0000,1131.0000,0.0000,9.0000,13.0000,8.0000,6.0000
0.9390,0.1830,0.1760,0.0970,0.0670,0.0000,0.0000,0.5800,1.0000,1.1210,2.6830,1.8350,0.0000,0.0000,0.0000,66.7849,0.0000,3384.0000,1131.0000,0.0000,9.0000,13.0000,8.0000,6.0000
0.9510,0.2270,0.1810,0.1000,0.0440,0.0000,0.0000,0.5430,1.0000,1.1210,2.6830,1.8350,0.0000,0.0000,0.0000,66.7849,0.0000,3384.0000,1131.0000,0.0000,9.0000,13.0000,8.0000,6.0000
1.0490,0.2180,0.2240,0.1060,0.0500,0.0000,0.0000,0.6070,1.0000,1.1210,2.6830,1.8350,0.0000,0.0000,0.0000,66.7850,0.0000,3384.0000,1131.0000,0.0000,9.0000,13.0000,8.0000,6.0000
0.9310,0.2280,0.1900,0.1170,0.0440,0.0000,0.0000,0.5130,1.0000,1.1210,2.6830,1.8350,0.0000,0.0000,0.0000,66.7850,0.0000,3384.0000,1131.0000,0.0000,9.0000,13.0000,8.0000,6.0000
1.3300,0.2060,0.1840,0.1030,0.0450,0.0000,0.0000,0.9400,1.0000,1.1210,2.6830,1.8350,0.0000,0.0000,0.0000,66.7850,0.0000,3384.0000,1131.0000,0.0000,9.0000,13.0000,8.0000,6.0000
1.1340,0.2350,0.2270,0.1310,0.0740,0.0000,0.0000,0.6720,1.0000,1.1210,2.6830,1.8350,0.0000,0.0000,0.0000,66.7952,0.0000,3385.0000,1131.0000,0.0000,9.0000,13.0000,8.0000,6.0000
1.0090,0.2650,0.1760,0.1210,0.0470,0.0000,0.0000,0.5680,1.0000,1.1210,2.6830,1.8350,0.0000,0.0000,0.0000,66.7952,0.0000,3385.0000,1131.0000,0.0000,9.0000,13.0000,8.0000,6.0000
0.8570,0.2200,0.1720,0.1240,0.0460,0.0000,0.0000,0.4650,1.0000,1.1210,2.6830,1.8350,0.0000,0.0000,0.0000,66.7953,0.0000,3385.0000,1131.0000,0.0000,9.0000,13.0000,8.0000,6.0000
0.9300,0.1990,0.1630,0.1080,0.0430,0.0000,0.0000,0.5680,1.0000,1.1210,2.6830,1.8350,0.0000,0.0000,0.0000,66.7953,0.0000,3385.0000,1131.0000,0.0000,9.0000,13.0000,8.0000,6.0000
1.1350,0.2500,0.2030,0.1480,0.0780,0.0000,0.0000,0.6820,1.0000,1.1210,2.6830,1.8350,0.0000,0.0000,0.0000,66.8157,0.0000,3387.0000,1131.0000,0.0000,9.0000,13.0000,8.0000,7.0000
0.9810,0.3730,0.1840,0.2030,0.0520,0.0000,0.0000,0.4240,1.0000,1.1210,2.6830,1.8350,0.0000,0.0000,0.0000,66.8157,0.0000,3387.0000,1131.0000,0.0000,9.0000,13.0000,8.0000,7.0000
1.1020,0.2320,0.1950,0.1140,0.0710,0.0000,0.0000,0.6750,1.0000,1.1210,2.6830,1.8350,0.0000,0.0000,0.0000,66.8268,0.0000,3388.0000,1131.0000,0.0000,9.0000,14.0000,8.0000,7.0000
1.0220,0.2980,0.1990,0.1410,0.0570,0.0000,0.0000,0.5250,1.0000,1.1210,2.6830,1.8350,0.0000,0.0000,0.0000,66.8268,0.0000,3388.0000,1131.0000,0.0000,9.0000,14.0000,8.0000,7.0000
0.9860,0.2330,0.2010,0.1230,0.0790,0.0000,0.0000,0.5520,1.0000,1.1210,2.6830,1.8350,0.0000,0.0000,0.0000,66.8366,0.0000,3389.0000,1131.0000,0.0000,9.0000,14.0000,8.0000,7.0000
0.9120,0.2950,0.1690,0.1520,0.0450,0.0000,0.0000,0.4480,1.0000,1.1210,2.6830,1.8350,0.0000,0.0000,0.0000,66.8359,0.0000,3389.0000,1131.0000,0.0000,9.0000,13.0000,8.0000,7.0000
0.9510,0.2080,0.1640,0.1120,0.0460,0.0000,0.0000,0.5790,1.0000,1.1210,2.6830,1.8350,0.0000,0.0000,0.0000,66.8360,0.0000,3389.0000,1131.0000,0.0000,9.0000,13.0000,8.0000,7.0000
1.0740,0.2510,0.2200,0.1240,0.0910,0.0000,0.0000,0.6030,1.0000,1.1210,2.6830,1.8350,0.0000,0.0000,0.0000,66.8562,0.0000,3391.0000,1131.0000,0.0000,9.0000,13.0000,8.0000,7.0000
0.9270,0.2980,0.1660,0.1230,0.0450,0.0000,0.0000,0.4630,1.0000,1.1210,2.6830,1.8350,0.0000,0.0000,0.0000,66.8569,0.0000,3391.0000,1131.0000,0.0000,9.0000,14.0000,8.0000,7.0000
0.8680,0.2390,0.1720,0.1330,0.0460,0.0000,0.0000,0.4570,1.0000,1.1210,2.6830,1.8350,0.0000,0.0000,0.0000,66.8563,0.0000,3391.0000,1131.0000,0.0000,9.0000,13.0000,8.0000,7.0000
0.9100,0.2060,0.1710,0.1110,0.0450,0.0000,0.0000,0.5330,1.0000,1.1210,2.6830,1.8350,0.0000,0.0000,0.0000,66.8563,0.0000,3391.0000,1131.0000,0.0000,9.0000,13.0000,8.0000,7.0000
0.9270,0.2010,0.1570,0.1100,0.0440,0.0000,0.0000,0.5690,1.0000,1.1210,2.6830,1.8350,0.0000,0.0000,0.0000,66.8563,0.0000,3391.0000,1131.0000,0.0000,9.0000,13.0000,8.0000,7.0000
0.9220,0.2120,0.1800,0.0990,0.0450,0.0000,0.0000,0.5300,1.0000,1.1210,2.6830,1.8350,0.0000,0.0000,0.0000,66.8570,0.0000,3391.0000,1131.0000,0.0000,9.0000,14.0000,8.0000,7.0000
1.1490,0.2050,0.1780,0.1020,0.0680,0.0000,0.0000,0.7660,1.0000,1.1210,2.6830,1.8350,0.0000,0.0000,0.0000,66.8570,0.0000,3391.0000,1131.0000,0.0000,9.0000,14.0000,8.0000,7.0000
7.1760,0.1940,1.6060,0.1010,0.1600,0.0000,0.0000,5.3760,1.0000,1.1210,2.6830,1.8350,0.0000,0.0000,0.0000,66.8673,0.0000,3392.0000,1131.0000,0.0000,9.0000,14.0000,8.0000,7.0000
1.2090,1.1790,0.2670,0.9760,0.0630,0.0000,0.0000,0.0000,1.0000,1.1210,2.6830,1.8350,0.0000,0.0000,0.0000,66.8666,0.0000,3392.0000,1131.0000,0.0000,9.0000,13.0000,8.0000,7.0000
1.0570,0.2900,0.2250,0.1370,0.0590,0.0000,0.0000,0.5420,1.0000,1.1210,2.6830,1.8350,0.0000,0.0000,0.0000,66.8666,0.0000,3392.0000,1131.0000,0.0000,9.0000,13.0000,8.0000,7.0000
0.9940,0.3040,0.1940,0.1790,0.0540,0.0000,0.0000,0.4960,1.0000,1.1210,2.6830,1.8350,0.0000,0.0000,0.0000,66.8666,0.0000,3392.0000,1131.0000,0.0000,9.0000,13.0000,8.0000,7.0000
1.0230,0.2900,0.1930,0.1720,0.0530,0.0000,0.0000,0.5400,1.0000,1.1210,2.6830,1.8350,0.0000,0.0000,0.0000,66.8666,0.0000,3392.0000,1131.0000,0.0000,9.0000,13.0000,8.0000,7.0000
1.0850,0.2900,0.2190,0.1720,0.0830,0.0000,0.0000,0.5760,1.0000,1.1210,2.6830,1.8350,0.0000,0.0000,0.0000,66.8769,0.0000,3393.0000,1131.0000,0.0000,9.0000,13.0000,8.0000,7.0000
1.0110,0.3250,0.2040,0.1250,0.0650,0.0000,0.0000,0.4820,1.0000,1.1210,2.6830,1.8350,0.0000,0.0000,0.0000,66.8769,0.0000,3393.0000,1131.0000,0.0000,9.0000,13.0000,8.0000,7.0000
1.0180,0.2860,0.1970,0.1280,0.0650,0.0000,0.0000,0.5350,1.0000,1.1210,2.6830,1.8350,0.0000,0.0000,0.0000,66.8770,0.0000,3393.0000,1131.0000,0.0000,9.0000,13.0000,8.0000,7.0000
1.0530,0.3410,0.2330,0.1880,0.0990,0.0000,0.0000,0.4790,1.0000,1.1210,2.6830,1.8350,0.0000,0.0000,0.0000,66.8873,0.0000,3394.0000,1131.0000,0.0000,9.0000,13.0000,8.0000,7.0000
1.1100,0.2950,0.2320,0.1260,0.0840,0.0000,0.0000,0.5830,1.0000,1.1210,2.6830,1.8350,0.0000,0.0000,0.0000,66.8976,0.0000,3395.0000,1131.0000,0.0000,9.0000,13.0000,8.0000,7.0000
1.4680,0.2950,0.2790,0.1270,0.1040,0.0000,0.0000,0.8940,1.0000,1.1210,2.6830,1.8350,0.0000,0.0000,0.0000,66.8977,0.0000,3395.0000,1131.0000,0.0000,9.0000,13.0000,8.0000,7.0000
1.9540,0.2710,0.3580,0.1330,0.1330,0.0000,0.0000,1.3250,1.0000,1.1210,2.6830,1.8350,0.0000,0.0000,0.0000,66.9187,0.0000,3397.0000,1131.0000,0.0000,9.0000,13.0000,8.0000,7.0000
1.2740,0.6110,0.2590,0.2090,0.0630,0.0000,0.0000,0.4040,1.0000,1.1210,2.6830,1.8350,0.0000,0.0000,0.0000,66.9180,0.0000,3397.0000,1131.0000,0.0000,9.0000,12.0000,8.0000,7.0000
1.2580,0.2810,0.2500,0.1330,0.0890,0.0000,0.0000,0.7270,1.0000,1.1210,2.6830,1.8350,0.0000,0.0000,0.0000,66.9284,0.0000,3398.0000,1131.0000,0.0000,9.0000,12.0000,8.0000,7.0000
1.1280,0.3930,0.2140,0.1810,0.0560,0.0000,0.0000,0.5210,1.0000,1.1210,2.6830,1.8350,0.0000,0.0000,0.0000,66.9284,0.0000,3398.0000,1131.0000,0.0000,9.0000,12.0000,8.0000,7.0000
1.1690,0.2620,0.2550,0.1340,0.0640,0.0000,0.0000,0.6520,1.0000,1.1210,2.6830,1.8350,0.0000,0.0000,0.0000,66.9285,0.0000,3398.0000,1131.0000,0.0000,9.0000,12.0000,8.0000,7.0000
1.1280,0.2650,0.2030,0.1310,0.0550,0.0000,0.0000,0.6600,1.0000,1.1210,2.6830,1.8350,0.0000,0.0000,0.0000,66.9285,0.0000,3398.0000,1131.0000,0.0000,9.0000,12.0000,8.0000,7.0000
1.1260,0.2430,0.2240,0.1250,0.0540,0.0000,0.0000,0.6590,1.0000,1.1210,2.6830,1.8350,0.0000,0.0000,0.0000,66.9285,0.0000,3398.0000,1131.0000,0.0000,9.0000,12.0000,8.0000,7.0000
1.1680,0.2630,0.2130,0.1420,0.0700,0.0000,0.0000,0.6920,1.0000,1.1210,2.6830,1.8350,0.0000,0.0000,0.0000,66.9285,0.0000,3398.0000,1131.0000,0.0000,9.0000,12.0000,8.0000,7.0000
1.1030,0.2820,0.2090,0.1350,0.0550,0.0000,0.0000,0.6120,1.0000,1.1210,2.6830,1.8350,0.0000,0.0000,0.0000,66.9285,0.0000,3398.0000,1131.0000,0.0000,9.0000,12.0000,8.0000,7.0000
1.0720,0.3040,0.1890,0.1800,0.0540,0.0000,0.0000,0.5790,1.0000,1.1210,2.6830,1.8350,0.0000,0.0000,0.0000,66.9285,0.0000,3398.0000,1131.0000,0.0000,9.0000,12.0000,8.0000,7.0000
1.1850,0.3350,0.1960,0.1800,0.0620,0.0000,0.0000,0.6540,1.0000,1.1210,2.6830,1.8350,0.0000,0.0000,0.0000,66.9321,0.0000,3399.0000,1131.0000,0.0000,9.0000,12.0000,8.0000,7.0000
1.3570,0.3100,0.1910,0.1820,0.0530,0.0000,0.0000,0.8560,1.0000,1.1210,2.6830,1.8350,0.0000,0.0000,0.0000,66.9310,0.0000,3399.0000,1131.0000,0.0000,9.0000,12.0000,8.0000,7.0000
1.7860,0.4320,0.5420,0.2780,0.3690,0.0000,0.0000,0.8120,1.0000,1.1210,2.6830,1.8350,0.0000,0.0000,0.0000,66.9858,0.0000,3410.0000,1131.0000,0.0000,9.0000,12.0000,8.0000,7.0000
1.2200,0.5650,0.2430,0.1370,0.0580,0.0000,0.0000,0.4120,1.0000,1.1210,2.6830,1.8350,0.0000,0.0000,0.0000,66.9858,0.0000,3410.0000,1131.0000,0.0000,9.0000,12.0000,8.0000,7.0000
1.1570,0.2550,0.2030,0.1220,0.0540,0.0000,0.0000,0.6990,1.0000,1.1210,2.6830,1.8350,0.0000,0.0000,0.0000,66.9884,0.0000,3410.0000,1131.0000,0.0000,9.0000,15.0000,8.0000,7.0000
1.1480,0.2790,0.1980,0.1500,0.0530,0.0000,0.0000,0.6710,1.0000,1.1210,2.6830,1.8350,0.0000,0.0000,0.0000,66.9884,0.0000,3410.0000,1131.0000,0.0000,9.0000,15.0000,8.0000,7.0000
1.4150,0.2760,0.2810,0.1230,0.0990,0.0000,0.0000,0.8580,1.0000,1.1210,2.6830,1.8350,0.0000,0.0000,0.0000,67.0091,0.0000,3412.0000,1131.0000,0.0000,9.0000,15.0000,8.0000,7.0000
1.2320,0.4520,0.2670,0.1480,0.0620,0.0000,0.0000,0.5130,1.0000,1.1210,2.6830,1.8350,0.0000,0.0000,0.0000,67.0084,0.0000,3412.0000,1131.0000,0.0000,9.0000,14.0000,8.0000,7.0000
1.2400,0.2630,0.2360,0.1310,0.0850,0.0000,0.0000,0.7410,1.0000,1.1210,2.6830,1.8350,0.0000,0.0000,0.0000,67.0187,0.0000,3413.0000,1131.0000,0.0000,9.0000,14.0000,8.0000,7.0000
1.0620,0.3050,0.2000,0.1420,0.0540,0.0000,0.0000,0.5570,1.0000,1.1210,2.6830,1.8350,0.0000,0.0000,0.0000,67.0194,0.0000,3413.0000,1131.0000,0.0000,9.0000,15.0000,8.0000,7.0000
1.2290,0.2950,0.2320,0.1710,0.0920,0.0000,0.0000,0.7020,1.0000,1.1210,2.6830,1.8350,0.0000,0.0000,0.0000,67.0405,0.0000,3415.0000,1131.0000,0.0000,9.0000,16.0000,8.0000,7.0000
1.1980,0.3780,0.2320,0.1310,0.0820,0.0000,0.0000,0.5880,1.0000,1.1210,2.6830,1.8350,0.0000,0.0000,0.0000,67.0508,0.0000,3416.0000,1131.0000,0.0000,9.0000,16.0000,8.0000,7.0000
1.2930,0.2980,0.2620,0.1290,0.1230,0.0000,0.0000,0.7330,1.0000,1.1210,2.6830,1.8350,0.0000,0.0000,0.0000,67.0711,0.0000,3418.0000,1131.0000,0.0000,9.0000,16.0000,8.0000,7.0000
1.1170,0.3360,0.1930,0.1270,0.0530,0.0000,0.0000,0.5880,1.0000,1.1210,2.6830,1.8350,0.0000,0.0000,0.0000,67.0704,0.0000,3418.0000,1131.0000,0.0000,9.0000,15.0000,8.0000,8.0000
1.0830,0.3250,0.2040,0.1920,0.0590,0.0000,0.0000,0.5540,1.0000,1.1210,2.6830,1.8350,0.0000,0.0000,0.0000,67.0705,0.0000,3418.0000,1131.0000,0.0000,9.0000,15.0000,8.0000,8.0000
1.2060,0.2630,0.2350,0.1270,0.0940,0.0000,0.0000,0.7080,1.0000,1.1210,2.6830,1.8350,0.0000,0.0000,0.0000,67.0907,0.0000,3420.0000,1131.0000,0.0000,9.0000,15.0000,8.0000,8.0000
0.9970,0.4370,0.1960,0.2320,0.0550,0.0000,0.0000,0.3640,1.0000,1.1210,2.6830,1.8350,0.0000,0.0000,0.0000,67.0914,0.0000,3420.0000,1131.0000,0.0000,9.0000,16.0000,8.0000,8.0000
1.0190,0.2970,0.1930,0.1310,0.0530,0.0000,0.0000,0.5290,1.0000,1.1210,2.6830,1.8350,0.0000,0.0000,0.0000,67.0914,0.0000,3420.0000,1131.0000,0.0000,9.0000,16.0000,8.0000,8.0000
1.0500,0.2940,0.1930,0.1290,0.0540,0.0000,0.0000,0.5630,1.0000,1.1210,2.6830,1.8350,0.0000,0.0000,0.0000,66.7503,0.0000,3387.0000,1131.0000,0.0000,9.0000,16.0000,8.0000,8.0000
1.0460,0.2910,0.2000,0.1280,0.0650,0.0000,0.0000,0.5550,1.0000,1.1210,2.6830,1.8350,0.0000,0.0000,0.0000,66.7496,0.0000,3387.0000,1131.0000,0.0000,9.0000,15.0000,8.0000,8.0000
0.9860,0.2950,0.1980,0.1340,0.0540,0.0000,0.0000,0.4930,1.0000,1.1210,2.6830,1.8350,0.0000,0.0000,0.0000,66.7496,0.0000,3387.0000,1131.0000,0.0000,9.0000,15.0000,8.0000,8.0000
0.9950,0.2460,0.1960,0.1240,0.0530,0.0000,0.0000,0.5530,1.0000,1.1210,2.6830,1.8350,0.0000,0.0000,0.0000,66.7496,0.0000,3387.0000,1131.0000,0.0000,9.0000,15.0000,8.0000,8.0000
1.1650,0.2560,0.2360,0.1300,0.0940,0.0000,0.0000,0.6730,1.0000,1.1210,2.6830,1.8350,0.0000,0.0000,0.0000,66.7694,0.0000,3389.0000,1131.0000,0.0000,9.0000,15.0000,8.0000,8.0000
2.2930,0.3390,0.1960,0.1320,0.0540,0.0000,0.0000,1.7580,1.0000,1.1210,2.6830,1.8350,0.0000,0.0000,0.0000,66.7660,0.0000,3383.0000,1131.0000,0.0000,9.0000,15.0000,8.0000,8.0000
1.0770,0.2570,0.2260,0.1310,0.0610,0.0000,0.0000,0.5940,1.0000,1.1210,2.6830,1.8350,0.0000,0.0000,0.0000,66.7668,0.0000,3383.0000,1131.0000,0.0000,9.0000,16.0000,8.0000,8.0000
1.1410,0.2830,0.2290,0.1510,0.0860,0.0000,0.0000,0.6290,1.0000,1.1210,2.6830,1.8350,0.0000,0.0000,0.0000,66.7770,0.0000,3384.0000,1131.0000,0.0000,9.0000,16.0000,8.0000,8.0000
1.0940,0.3130,0.2280,0.1300,0.0840,0.0000,0.0000,0.5530,1.0000,1.1210,2.6830,1.8350,0.0000,0.0000,0.0000,66.7873,0.0000,3385.0000,1131.0000,0.0000,9.0000,16.0000,8.0000,8.0000
1.0480,0.3600,0.1900,0.1830,0.0540,0.0000,0.0000,0.4980,1.0000,1.1210,2.6830,1.8350,0.0000,0.0000,0.0000,66.7874,0.0000,3385.0000,1131.0000,0.0000,9.0000,16.0000,8.0000,8.0000
1.1420,0.2960,0.2220,0.1760,0.0850,0.0000,0.0000,0.6240,1.0000,1.1210,2.6830,1.8350,0.0000,0.0000,0.0000,66.7970,0.0000,3386.0000,1131.0000,0.0000,9.0000,15.0000,8.0000,8.0000
1.0510,0.3310,0.1970,0.1300,0.0620,0.0000,0.0000,0.5230,1.0000,1.1210,2.6830,1.8350,0.0000,0.0000,0.0000,66.7970,0.0000,3386.0000,1131.0000,0.0000,9.0000,15.0000,8.0000,8.0000
1.2300,0.3560,0.2360,0.1890,0.0840,0.0000,0.0000,0.6380,1.0000,1.1210,2.6830,1.8350,0.0000,0.0000,0.0000,66.8060,0.0000,3386.0000,1131.0000,0.0000,9.0000,15.0000,8.0000,8.0000
1.0570,0.3130,0.2250,0.1270,0.0550,0.0000,0.0000,0.5190,1.0000,1.1210,2.6830,1.8350,0.0000,0.0000,0.0000,66.8060,0.0000,3386.0000,1131.0000,0.0000,9.0000,15.0000,8.0000,8.0000
1.0170,0.2480,0.2150,0.1270,0.0520,0.0000,0.0000,0.5540,1.0000,1.1210,2.6830,1.8350,0.0000,0.0000,0.0000,66.8061,0.0000,3386.0000,1131.0000,0.0000,9.0000,15.0000,8.0000,7.0000
1.3170,0.2470,0.2860,0.1300,0.1280,0.0000,0.0000,0.7840,1.0000,1.1210,2.6830,1.8350,0.0000,0.0000,0.0000,66.8171,0.0000,3387.0000,1131.0000,0.0000,9.0000,16.0000,8.0000,7.0000
1.3050,0.3130,0.2700,0.1490,0.0960,0.0000,0.0000,0.7220,1.0000,1.1210,2.6830,1.8350,0.0000,0.0000,0.0000,66.8266,0.0000,3388.0000,1131.0000,0.0000,9.0000,15.0000,8.0000,7.0000
1.1810,0.3750,0.2250,0.2030,0.0700,0.0000,0.0000,0.5810,1.0000,1.1210,2.6830,1.8350,0.0000,0.0000,0.0000,66.8267,0.0000,3388.0000,1131.0000,0.0000,9.0000,15.0000,8.0000,7.0000
1.1120,0.2660,0.2040,0.1330,0.0610,0.0000,0.0000,0.6420,1.0000,1.1210,2.6830,1.8350,0.0000,0.0000,0.0000,66.8268,0.0000,3388.0000,1131.0000,0.0000,9.0000,15.0000,8.0000,6.0000
1.0790,0.2570,0.2440,0.1270,0.0640,0.0000,0.0000,0.5780,1.0000,1.1210,2.6830,1.8350,0.0000,0.0000,0.0000,66.8268,0.0000,3388.0000,1131.0000,0.0000,9.0000,15.0000,8.0000,6.0000
1.1640,0.2540,0.2530,0.1270,0.0870,0.0000,0.0000,0.6570,1.0000,1.1210,2.6830,1.8350,0.0000,0.0000,0.0000,66.8370,0.0000,3389.0000,1131.0000,0.0000,9.0000,15.0000,8.0000,6.0000
1.1130,0.2960,0.2110,0.1250,0.0590,0.0000,0.0000,0.6060,1.0000,1.1210,2.6830,1.8350,0.0000,0.0000,0.0000,66.8377,0.0000,3389.0000,1131.0000,0.0000,9.0000,16.0000,8.0000,6.0000
1.1230,0.2730,0.2030,0.1580,0.0590,0.0000,0.0000,0.6470,1.0000,1.1210,2.6830,1.8350,0.0000,0.0000,0.0000,66.8378,0.0000,3389.0000,1131.0000,0.0000,9.0000,16.0000,8.0000,7.0000
1.1660,0.2720,0.2370,0.1590,0.0680,0.0000,0.0000,0.6570,1.0000,1.1210,2.6830,1.8350,0.0000,0.0000,0.0000,66.8378,0.0000,3389.0000,1131.0000,0.0000,9.0000,16.0000,8.0000,7.0000
1.0930,0.3220,0.1990,0.1960,0.0590,0.0000,0.0000,0.5720,1.0000,1.1210,2.6830,1.8350,0.0000,0.0000,0.0000,66.8385,0.0000,3389.0000,1131.0000,0.0000,9.0000,17.0000,8.0000,7.0000
1.1750,0.2820,0.2030,0.1270,0.0700,0.0000,0.0000,0.6900,1.0000,1.1210,2.6830,1.8350,0.0000,0.0000,0.0000,66.8385,0.0000,3389.0000,1131.0000,0.0000,9.0000,17.0000,8.0000,7.0000
1.1640,0.2950,0.2560,0.1320,0.1150,0.0000,0.0000,0.6130,1.0000,1.1210,2.6830,1.8350,0.0000,0.0000,0.0000,66.8488,0.0000,3390.0000,1131.0000,0.0000,9.0000,17.0000,8.0000,7.0000
1.0510,0.2840,0.2340,0.1250,0.0590,0.0000,0.0000,0.5330,1.0000,1.1210,2.6830,1.8350,0.0000,0.0000,0.0000,66.8488,0.0000,3390.0000,1131.0000,0.0000,9.0000,17.0000,8.0000,7.0000
0.9960,0.2460,0.2210,0.1280,0.0560,0.0000,0.0000,0.5290,1.0000,1.1210,2.6830,1.8350,0.0000,0.0000,0.0000,66.8488,0.0000,3390.0000,1131.0000,0.0000,9.0000,17.0000,8.0000,7.0000
1.1800,0.2370,0.2490,0.1240,0.0900,0.0000,0.0000,0.6940,1.0000,1.1210,2.6830,1.8350,0.0000,0.0000,0.0000,66.8488,0.0000,3390.0000,1131.0000,0.0000,9.0000,17.0000,8.0000,7.0000
1.2310,0.2420,0.2320,0.1240,0.0870,0.0000,0.0000,0.7570,1.0000,1.1210,2.6830,1.8350,0.0000,0.0000,0.0000,66.8598,0.0000,3391.0000,1131.0000,0.0000,9.0000,18.0000,8.0000,7.0000
1.0530,0.3120,0.1960,0.1310,0.0550,0.0000,0.0000,0.5450,1.0000,1.1210,2.6830,1.8350,0.0000,0.0000,0.0000,66.8591,0.0000,3391.0000,1131.0000,0.0000,9.0000,17.0000,8.0000,7.0000
1.2330,0.3050,0.2490,0.1840,0.0950,0.0000,0.0000,0.6790,1.0000,1.1210,2.6830,1.8350,0.0000,0.0000,0.0000,66.8695,0.0000,3392.0000,1131.0000,0.0000,9.0000,17.0000,8.0000,7.0000
1.2890,0.3850,0.2440,0.1720,0.0880,0.0000,0.0000,0.6600,1.0000,1.1210,2.6830,1.8350,0.0000,0.0000,0.0000,66.8797,0.0000,3393.0000,1131.0000,0.0000,9.0000,17.0000,8.0000,7.0000
1.1100,0.3520,0.2580,0.1780,0.0610,0.0000,0.0000,0.5000,1.0000,1.1210,2.6830,1.8350,0.0000,0.0000,0.0000,66.8798,0.0000,3393.0000,1131.0000,0.0000,9.0000,17.0000,8.0000,7.0000
1.0770,0.2620,0.1980,0.1330,0.0540,0.0000,0.0000,0.6170,1.0000,1.1210,2.6830,1.8350,0.0000,0.0000,0.0000,66.8798,0.0000,3393.0000,1131.0000,0.0000,9.0000,17.0000,8.0000,7.0000
1.1870,0.2410,0.2000,0.1220,0.0540,0.0000,0.0000,0.7460,1.0000,1.1210,2.6830,1.8350,0.0000,0.0000,0.0000,66.8798,0.0000,3393.0000,1131.0000,0.0000,9.0000,17.0000,8.0000,7.0000
1.2720,0.2540,0.2410,0.1390,0.0630,0.0000,0.0000,0.7770,1.0000,1.1210,2.6830,1.8350,0.0000,0.0000,0.0000,66.8798,0.0000,3393.0000,1131.0000,0.0000,9.0000,17.0000,8.0000,7.0000
1.2550,0.3350,0.2600,0.2020,0.0930,0.0000,0.0000,0.6600,1.0000,1.1210,2.6830,1.8350,0.0000,0.0000,0.0000,66.8896,0.0000,3394.0000,1131.0000,0.0000,9.0000,17.0000,8.0000,7.0000
1.4760,0.2940,0.3320,0.1230,0.1400,0.0000,0.0000,0.8500,1.0000,1.1210,2.6830,1.8350,0.0000,0.0000,0.0000,66.9113,0.0000,3396.0000,1131.0000,0.0000,9.0000,19.0000,8.0000,7.0000
1.2200,0.3780,0.2110,0.1500,0.0550,0.0000,0.0000,0.6310,1.0000,1.1210,2.6830,1.8350,0.0000,0.0000,0.0000,66.9113,0.0000,3396.0000,1131.0000,0.0000,9.0000,19.0000,8.0000,7.0000
1.1460,0.3110,0.2020,0.1860,0.0650,0.0000,0.0000,0.6330,1.0000,1.1210,2.6830,1.8350,0.0000,0.0000,0.0000,66.9100,0.0000,3396.0000,1131.0000,0.0000,9.0000,17.0000,8.0000,7.0000
