frame_ms,scripts_physics_ms,scripts_process_ms,guard_ai_ms,guard_presentation_ms,render_cpu_ms,render_gpu_ms,other_ms,physics_ticks,process_max1s_ms,physics_max1s_ms,navigation_max1s_ms,draw_calls,objects,primitives,static_mem_mb,video_mem_mb,object_count,node_count,orphan_nodes,physics_active,collision_pairs,nav_agents,guards_moving
4.6770,0.3210,0.2850,0.1490,0.0640,0.0000,0.0000,4.0710,1.0000,0.0000,0.0000,0.0000,0.0000,0.0000,0.0000,66.8991,0.0000,3393.0000,1131.0000,0.0000,9.0000,15.0000,8.0000,5.0000
1.3370,0.2820,0.3260,0.1460,0.0770,0.0000,0.0000,0.7290,1.0000,0.0000,0.0000,0.0000,0.0000,0.0000,0.0000,66.8991,0.0000,3393.0000,1131.0000,0.0000,9.0000,15.0000,8.0000,5.0000
1.1660,0.3020,0.2260,0.1640,0.0580,0.0000,0.0000,0.6380,1.0000,0.0000,0.0000,0.0000,0.0000,0.0000,0.0000,66.8991,0.0000,3393.0000,1131.0000,0.0000,9.0000,15.0000,8.0000,5.0000
1.2780,0.3500,0.2590,0.2020,0.0730,0.0000,0.0000,0.6690,1.0000,0.0000,0.0000,0.0000,0.0000,0.0000,0.0000,66.8991,0.0000,3393.0000,1131.0000,0.0000,9.0000,15.0000,8.0000,5.0000
1.3850,0.3870,0.2630,0.1850,0.0770,0.0000,0.0000,0.7350,1.0000,0.0000,0.0000,0.0000,0.0000,0.0000,0.0000,66.8991,0.0000,3393.0000,1131.0000,0.0000,9.0000,15.0000,8.0000,5.0000
1.2980,0.3520,0.2640,0.1740,0.0610,0.0000,0.0000,0.6820,1.0000,0.0000,0.0000,0.0000,0.0000,0.0000,0.0000,66.7415,0.0000,3377.0000,1131.0000,0.0000,9.0000,15.0000,8.0000,5.0000
1.1970,0.3080,0.2330,0.1740,0.0680,0.0000,0.0000,0.6560,1.0000,0.0000,0.0000,0.0000,0.0000,0.0000,0.0000,66.7415,0.0000,3377.0000,1131.0000,0.0000,9.0000,15.0000,8.0000,5.0000
1.2300,0.3480,0.2320,0.2210,0.0680,0.0000,0.0000,0.6500,1.0000,0.0000,0.0000,0.0000,0.0000,0.0000,0.0000,66.7415,0.0000,3377.0000,1131.0000,0.0000,9.0000,15.0000,8.0000,5.0000
1.7580,0.3620,0.5620,0.1570,0.4020,0.0000,0.0000,0.8340,1.0000,0.0000,0.0000,0.0000,0.0000,0.0000,0.0000,66.7858,0.0000,3382.0000,1131.0000,0.0000,9.0000,15.0000,8.0000,5.0000
1.2010,0.5200,0.2360,0.2100,0.0660,0.0000,0.0000,0.4450,1.0000,0.0000,0.0000,0.0000,0.0000,0.0000,0.0000,66.7858,0.0000,3382.0000,1131.0000,0.0000,9.0000,15.0000,8.0000,5.0000
1.3080,0.2990,0.2690,0.1530,0.1050,0.0000,0.0000,0.7400,1.0000,0.0000,0.0000,0.0000,0.0000,0.0000,0.0000,66.7860,0.0000,3382.0000,1131.0000,0.0000,9.0000,15.0000,8.0000,5.0000
1.1840,0.2960,0.2270,0.1530,0.0600,0.0000,0.0000,0.6610,1.0000,0.0000,0.0000,0.0000,0.0000,0.0000,0.0000,66.7860,0.0000,3382.0000,1131.0000,0.0000,9.0000,15.0000,8.0000,5.0000
1.1360,0.2890,0.2200,0.1620,0.0570,0.0000,0.0000,0.6270,1.0000,0.0000,0.0000,0.0000,0.0000,0.0000,0.0000,66.7860,0.0000,3382.0000,1131.0000,0.0000,9.0000,15.0000,8.0000,5.0000
1.2430,0.2870,0.2210,0.1470,0.0580,0.0000,0.0000,0.7350,1.0000,0.0000,0.0000,0.0000,0.0000,0.0000,0.0000,66.7860,0.0000,3382.0000,1131.0000,0.0000,9.0000,15.0000,8.0000,5.0000
1.1690,0.4410,0.2340,0.3120,0.0590,0.0000,0.0000,0.4940,1.0000,0.0000,0.0000,0.0000,0.0000,0.0000,0.0000,66.7860,0.0000,3382.0000,1131.0000,0.0000,9.0000,15.0000,8.0000,5.0000
1.2120,0.2840,0.2650,0.1480,0.1030,0.0000,0.0000,0.6630,1.0000,0.0000,0.0000,0.0000,0.0000,0.0000,0.0000,66.7860,0.0000,3382.0000,1131.0000,0.0000,9.0000,15.0000,8.0000,5.0000
1.2780,0.2860,0.2570,0.1520,0.0910,0.0000,0.0000,0.7350,1.0000,0.0000,0.0000,0.0000,0.0000,0.0000,0.0000,66.7963,0.0000,3383.0000,1131.0000,0.0000,9.0000,15.0000,8.0000,5.0000
1.2820,0.3330,0.2610,0.1620,0.0910,0.0000,0.0000,0.6880,1.0000,0.0000,0.0000,0.0000,0.0000,0.0000,0.0000,66.8061,0.0000,3384.0000,1131.0000,0.0000,9.0000,15.0000,8.0000,5.0000
1.1740,0.3950,0.2380,0.2230,0.0700,0.0000,0.0000,0.5410,1.0000,0.0000,0.0000,0.0000,0.0000,0.0000,0.0000,66.8062,0.0000,3384.0000,1131.0000,0.0000,9.0000,15.0000,8.0000,5.0000
1.1950,0.2910,0.2730,0.1500,0.0970,0.0000,0.0000,0.6310,1.0000,0.0000,0.0000,0.0000,0.0000,0.0000,0.0000,66.8062,0.0000,3384.0000,1131.0000,0.0000,9.0000,15.0000,8.0000,5.0000
1.3050,0.2840,0.3140,0.1500,0.0780,0.0000,0.0000,0.7070,1.0000,0.0000,0.0000,0.0000,0.0000,0.0000,0.0000,66.8062,0.0000,3384.0000,1131.0000,0.0000,9.0000,15.0000,8.0000,5.0000
1.1390,0.3120,0.2230,0.1620,0.0590,0.0000,0.0000,0.6040,1.0000,0.0000,0.0000,0.0000,0.0000,0.0000,0.0000,66.8062,0.0000,3384.0000,1131.0000,0.0000,9.0000,15.0000,8.0000,5.0000
1.2460,0.2900,0.2540,0.1500,0.0920,0.0000,0.0000,0.7020,1.0000,0.0000,0.0000,0.0000,0.0000,0.0000,0.0000,66.8169,0.0000,3385.0000,1131.0000,0.0000,9.0000,15.0000,8.0000,5.0000
1.2290,0.3830,0.2320,0.1460,0.0590,0.0000,0.0000,0.6140,1.0000,0.0000,0.0000,0.0000,0.0000,0.0000,0.0000,66.8169,0.0000,3385.0000,1131.0000,0.0000,9.0000,15.0000,8.0000,5.0000
1.1830,0.3610,0.2640,0.1520,0.0600,0.0000,0.0000,0.5580,1.0000,0.0000,0.0000,0.0000,0.0000,0.0000,0.0000,66.8170,0.0000,3385.0000,1131.0000,0.0000,9.0000,15.0000,8.0000,5.0000
1.1670,0.2760,0.2220,0.1460,0.0590,0.0000,0.0000,0.6690,1.0000,0.0000,0.0000,0.0000,0.0000,0.0000,0.0000,66.8163,0.0000,3385.0000,1131.0000,0.0000,9.0000,14.0000,8.0000,5.0000
1.1960,0.2740,0.2200,0.1460,0.0580,0.0000,0.0000,0.7020,1.0000,0.0000,0.0000,0.0000,0.0000,0.0000,0.0000,66.8163,0.0000,3385.0000,1131.0000,0.0000,9.0000,14.0000,8.0000,5.0000
1.1790,0.3010,0.2250,0.1450,0.0590,0.0000,0.0000,0.6530,1.0000,0.0000,0.0000,0.0000,0.0000,0.0000,0.0000,66.8163,0.0000,3385.0000,1131.0000,0.0000,9.0000,14.0000,8.0000,5.0000
1.1870,0.3540,0.2330,0.1650,0.0680,0.0000,0.0000,0.6000,1.0000,0.0000,0.0000,0.0000,0.0000,0.0000,0.0000,66.8156,0.0000,3385.0000,1131.0000,0.0000,9.0000,13.0000,8.0000,5.0000
1.1970,0.2860,0.2610,0.1500,0.1000,0.0000,0.0000,0.6500,1.0000,0.0000,0.0000,0.0000,0.0000,0.0000,0.0000,66.8149,0.0000,3385.0000,1131.0000,0.0000,9.0000,12.0000,8.0000,5.0000
1.2810,0.2840,0.3280,0.1480,0.0750,0.0000,0.0000,0.6690,1.0000,0.0000,0.0000,0.0000,0.0000,0.0000,0.0000,66.8149,0.0000,3385.0000,1131.0000,0.0000,9.0000,12.0000,8.0000,5.0000
1.3240,0.2950,0.2660,0.1600,0.0990,0.0000,0.0000,0.7630,1.0000,0.0000,0.0000,0.0000,0.0000,0.0000,0.0000,66.8350,0.0000,3387.0000,1131.0000,0.0000,9.0000,12.0000,8.0000,5.0000
1.1600,0.4430,0.2350,0.2160,0.0700,0.0000,0.0000,0.4820,1.0000,0.0000,0.0000,0.0000,0.0000,0.0000,0.0000,66.8357,0.0000,3387.0000,1131.0000,0.0000,9.0000,13.0000,8.0000,5.0000
1.2430,0.2880,0.2330,0.1490,0.0590,0.0000,0.0000,0.7220,1.0000,0.0000,0.0000,0.0000,0.0000,0.0000,0.0000,66.8358,0.0000,3387.0000,1131.0000,0.0000,9.0000,13.0000,8.0000,5.0000
1.2340,0.2940,0.2450,0.1510,0.0670,0.0000,0.0000,0.6950,1.0000,0.0000,0.0000,0.0000,0.0000,0.0000,0.0000,66.8358,0.0000,3387.0000,1131.0000,0.0000,9.0000,13.0000,8.0000,5.0000
1.1350,0.2850,0.2230,0.1520,0.0580,0.0000,0.0000,0.6270,1.0000,0.0000,0.0000,0.0000,0.0000,0.0000,0.0000,66.8351,0.0000,3387.0000,1131.0000,0.0000,9.0000,12.0000,8.0000,5.0000
1.2330,0.2910,0.2220,0.1490,0.0580,0.0000,0.0000,0.7200,1.0000,0.0000,0.0000,0.0000,0.0000,0.0000,0.0000,66.8351,0.0000,3387.0000,1131.0000,0.0000,9.0000,12.0000,8.0000,5.0000
1.1620,0.4370,0.2340,0.3050,0.0680,0.0000,0.0000,0.4910,1.0000,0.0000,0.0000,0.0000,0.0000,0.0000,0.0000,66.8351,0.0000,3387.0000,1131.0000,0.0000,9.0000,12.0000,8.0000,5.0000
1.1600,0.2900,0.2660,0.1490,0.0920,0.0000,0.0000,0.6040,1.0000,0.0000,0.0000,0.0000,0.0000,0.0000,0.0000,66.8351,0.0000,3387.0000,1131.0000,0.0000,9.0000,12.0000,8.0000,5.0000
1.4680,0.2840,0.3830,0.1480,0.1050,0.0000,0.0000,0.8010,1.0000,0.0000,0.0000,0.0000,0.0000,0.0000,0.0000,66.8553,0.0000,3389.0000,1131.0000,0.0000,9.0000,12.0000,8.0000,5.0000
1.3220,0.3740,0.2700,0.1590,0.0980,0.0000,0.0000,0.6780,1.0000,0.0000,0.0000,0.0000,0.0000,0.0000,0.0000,66.8755,0.0000,3391.0000,1131.0000,0.0000,9.0000,12.0000,8.0000,5.0000
1.1890,0.4390,0.2360,0.1570,0.0590,0.0000,0.0000,0.5140,1.0000,0.0000,0.0000,0.0000,0.0000,0.0000,0.0000,66.8756,0.0000,3391.0000,1131.0000,0.0000,9.0000,12.0000,8.0000,5.0000
1.2180,0.3040,0.2660,0.1690,0.0610,0.0000,0.0000,0.6480,1.0000,0.0000,0.0000,0.0000,0.0000,0.0000,0.0000,66.8757,0.0000,3391.0000,1131.0000,0.0000,9.0000,12.0000,8.0000,5.0000
1.2080,0.2960,0.2820,0.1510,0.0610,0.0000,0.0000,0.6300,1.0000,0.0000,0.0000,0.0000,0.0000,0.0000,0.0000,66.8757,0.0000,3391.0000,1131.0000,0.0000,9.0000,12.0000,8.0000,5.0000
1.8100,0.2860,0.2340,0.1550,0.0590,0.0000,0.0000,1.2900,1.0000,0.0000,0.0000,0.0000,0.0000,0.0000,0.0000,66.8762,0.0000,3391.0000,1131.0000,0.0000,9.0000,12.0000,8.0000,6.0000
3.6420,0.4350,0.2720,0.2920,0.0940,0.0000,0.0000,2.9350,1.0000,0.0000,0.0000,0.0000,0.0000,0.0000,0.0000,66.8870,0.0000,3392.0000,1131.0000,0.0000,9.0000,12.0000,8.0000,6.0000
1.2670,0.3390,0.2920,0.1530,0.0680,0.0000,0.0000,0.6360,1.0000,0.0000,0.0000,0.0000,0.0000,0.0000,0.0000,66.8870,0.0000,3392.0000,1131.0000,0.0000,9.0000,12.0000,8.0000,6.0000
1.2800,0.2900,0.3030,0.1550,0.0770,0.0000,0.0000,0.6870,1.0000,0.0000,0.0000,0.0000,0.0000,0.0000,0.0000,66.8870,0.0000,3392.0000,1131.0000,0.0000,9.0000,12.0000,8.0000,6.0000
1.2140,0.2990,0.2470,0.1630,0.0620,0.0000,0.0000,0.6680,1.0000,0.0000,0.0000,0.0000,0.0000,0.0000,0.0000,66.8863,0.0000,3392.0000,1131.0000,0.0000,9.0000,11.0000,8.0000,6.0000
1.2740,0.3660,0.2530,0.2330,0.0690,0.0000,0.0000,0.6550,1.0000,0.0000,0.0000,0.0000,0.0000,0.0000,0.0000,66.8863,0.0000,3392.0000,1131.0000,0.0000,9.0000,11.0000,8.0000,6.0000
1.3280,0.3120,0.3830,0.1690,0.1150,0.0000,0.0000,0.6330,1.0000,0.0000,0.0000,0.0000,0.0000,0.0000,0.0000,66.8863,0.0000,3392.0000,1131.0000,0.0000,9.0000,11.0000,8.0000,6.0000
1.5030,0.2910,0.2310,0.1520,0.0590,0.0000,0.0000,0.9810,1.0000,0.0000,0.0000,0.0000,0.0000,0.0000,0.0000,66.8863,0.0000,3392.0000,1131.0000,0.0000,9.0000,11.0000,8.0000,6.0000
1.2320,0.6770,0.2540,0.1810,0.0620,0.0000,0.0000,0.3010,1.0000,0.0000,0.0000,0.0000,0.0000,0.0000,0.0000,66.8863,0.0000,3392.0000,1131.0000,0.0000,9.0000,11.0000,8.0000,6.0000
1.2450,0.3100,0.3180,0.1690,0.1070,0.0000,0.0000,0.6170,1.0000,0.0000,0.0000,0.0000,0.0000,0.0000,0.0000,66.8863,0.0000,3392.0000,1131.0000,0.0000,9.0000,11.0000,8.0000,6.0000
1.3690,0.2900,0.2770,0.1510,0.1080,0.0000,0.0000,0.8020,1.0000,0.0000,0.0000,0.0000,0.0000,0.0000,0.0000,66.9171,0.0000,3395.0000,1131.0000,0.0000,9.0000,11.0000,8.0000,6.0000
1.1730,0.4920,0.2350,0.2270,0.0600,0.0000,0.0000,0.4460,1.0000,0.0000,0.0000,0.0000,0.0000,0.0000,0.0000,66.9171,0.0000,3395.0000,1131.0000,0.0000,9.0000,11.0000,8.0000,6.0000
1.2180,0.3490,0.2490,0.1580,0.0590,0.0000,0.0000,0.6200,1.0000,0.0000,0.0000,0.0000,0.0000,0.0000,0.0000,66.9173,0.0000,3395.0000,1131.0000,0.0000,9.0000,11.0000,8.0000,6.0000
1.1830,0.2920,0.2670,0.1340,0.0620,0.0000,0.0000,0.6240,1.0000,0.0000,0.0000,0.0000,0.0000,0.0000,0.0000,66.9173,0.0000,3395.0000,1131.0000,0.0000,9.0000,11.0000,8.0000,6.0000
1.1270,0.2710,0.2260,0.1320,0.0630,0.0000,0.0000,0.6300,1.0000,0.0000,0.0000,0.0000,0.0000,0.0000,0.0000,66.9173,0.0000,3395.0000,1131.0000,0.0000,9.0000,11.0000,8.0000,6.0000
1.3530,0.2570,0.2260,0.1300,0.0610,0.0000,0.0000,0.8700,1.0000,0.0000,0.0000,0.0000,0.0000,0.0000,0.0000,66.9173,0.0000,3395.0000,1131.0000,0.0000,9.0000,11.0000,8.0000,6.0000
1.3800,0.2680,0.2910,0.1440,0.0660,0.0000,0.0000,0.8210,1.0000,0.0000,0.0000,0.0000,0.0000,0.0000,0.0000,66.9198,0.0000,3396.0000,1131.0000,0.0000,9.0000,11.0000,8.0000,6.0000
1.2880,0.3760,0.2690,0.2240,0.0620,0.0000,0.0000,0.6430,1.0000,0.0000,0.0000,0.0000,0.0000,0.0000,0.0000,66.9184,0.0000,3396.0000,1131.0000,0.0000,9.0000,11.0000,8.0000,6.0000
1.6380,0.3720,0.5660,0.2340,0.4140,0.0000,0.0000,0.7000,1.0000,0.0000,0.0000,0.0000,0.0000,0.0000,0.0000,66.9609,0.0000,3404.0000,1131.0000,0.0000,9.0000,11.0000,8.0000,5.0000
1.0650,0.4500,0.2520,0.1310,0.0630,0.0000,0.0000,0.3630,1.0000,0.0000,0.0000,0.0000,0.0000,0.0000,0.0000,66.9616,0.0000,3404.0000,1131.0000,0.0000,9.0000,12.0000,8.0000,5.0000
0.9770,0.2760,0.2230,0.1460,0.0550,0.0000,0.0000,0.4780,1.0000,0.0000,0.0000,0.0000,0.0000,0.0000,0.0000,66.9618,0.0000,3404.0000,1131.0000,0.0000,9.0000,12.0000,8.0000,5.0000
1.1760,0.2500,0.2650,0.1240,0.0770,0.0000,0.0000,0.6610,1.0000,0.0000,0.0000,0.0000,0.0000,0.0000,0.0000,66.9618,0.0000,3404.0000,1131.0000,0.0000,9.0000,12.0000,8.0000,5.0000
1.2720,0.2800,0.3040,0.1330,0.1030,0.0000,0.0000,0.6880,1.0000,0.0000,0.0000,0.0000,0.0000,0.0000,0.0000,66.9813,0.0000,3406.0000,1131.0000,0.0000,9.0000,11.0000,8.0000,5.0000
1.0030,0.3570,0.2060,0.1290,0.0570,0.0000,0.0000,0.4400,1.0000,0.0000,0.0000,0.0000,0.0000,0.0000,0.0000,66.9813,0.0000,3406.0000,1131.0000,0.0000,9.0000,11.0000,8.0000,5.0000
1.4740,0.3070,0.2520,0.1680,0.0600,0.0000,0.0000,0.9150,1.0000,0.0000,0.0000,0.0000,0.0000,0.0000,0.0000,66.9814,0.0000,3406.0000,1131.0000,0.0000,9.0000,11.0000,8.0000,5.0000
1.4050,0.3250,0.2740,0.1240,0.0670,0.0000,0.0000,0.8060,1.0000,0.0000,0.0000,0.0000,0.0000,0.0000,0.0000,66.9814,0.0000,3406.0000,1131.0000,0.0000,9.0000,11.0000,8.0000,5.0000
1.0470,0.4260,0.2230,0.1460,0.0570,0.0000,0.0000,0.3980,1.0000,0.0000,0.0000,0.0000,0.0000,0.0000,0.0000,66.9814,0.0000,3406.0000,1131.0000,0.0000,9.0000,11.0000,8.0000,5.0000
1.0320,0.2700,0.2130,0.1220,0.0570,0.0000,0.0000,0.5490,1.0000,0.0000,0.0000,0.0000,0.0000,0.0000,0.0000,66.9814,0.0000,3406.0000,1131.0000,0.0000,9.0000,11.0000,8.0000,5.0000
1.0570,0.2630,0.1870,0.1240,0.0510,0.0000,0.0000,0.6070,1.0000,0.0000,0.0000,0.0000,0.0000,0.0000,0.0000,66.9821,0.0000,3406.0000,1131.0000,0.0000,9.0000,12.0000,8.0000,5.0000
1.1160,0.2830,0.2450,0.1220,0.0880,0.0000,0.0000,0.5880,1.0000,0.0000,0.0000,0.0000,0.0000,0.0000,0.0000,66.9924,0.0000,3407.0000,1131.0000,0.0000,9.0000,12.0000,8.0000,5.0000
1.1890,0.3380,0.1870,0.1700,0.0520,0.0000,0.0000,0.6640,1.0000,0.0000,0.0000,0.0000,0.0000,0.0000,0.0000,66.9924,0.0000,3407.0000,1131.0000,0.0000,9.0000,12.0000,8.0000,5.0000
1.1460,0.3270,0.2260,0.1500,0.0560,0.0000,0.0000,0.5930,1.0000,0.0000,0.0000,0.0000,0.0000,0.0000,0.0000,66.9917,0.0000,3407.0000,1131.0000,0.0000,9.0000,11.0000,8.0000,5.0000
1.2620,0.2710,0.2830,0.1270,0.0950,0.0000,0.0000,0.7080,1.0000,0.0000,0.0000,0.0000,0.0000,0.0000,0.0000,66.9917,0.0000,3407.0000,1131.0000,0.0000,9.0000,11.0000,8.0000,5.0000
1.3550,0.2970,0.2400,0.1550,0.0900,0.0000,0.0000,0.8180,1.0000,0.0000,0.0000,0.0000,0.0000,0.0000,0.0000,67.0020,0.0000,3408.0000,1131.0000,0.0000,9.0000,11.0000,8.0000,5.0000
1.3950,0.5590,0.3350,0.3700,0.1010,0.0000,0.0000,0.5010,1.0000,0.0000,0.0000,0.0000,0.0000,0.0000,0.0000,66.7444,0.0000,3383.0000,1131.0000,0.0000,9.0000,11.0000,8.0000,5.0000
1.1680,0.2840,0.2360,0.1310,0.0880,0.0000,0.0000,0.6480,1.0000,0.0000,0.0000,0.0000,0.0000,0.0000,0.0000,66.7443,0.0000,3383.0000,1131.0000,0.0000,9.0000,11.0000,8.0000,4.0000
1.0950,0.2610,0.2270,0.1290,0.0590,0.0000,0.0000,0.6070,1.0000,0.0000,0.0000,0.0000,0.0000,0.0000,0.0000,66.7443,0.0000,3383.0000,1131.0000,0.0000,9.0000,11.0000,8.0000,4.0000
1.0380,0.2680,0.2020,0.1410,0.0600,0.0000,0.0000,0.5680,1.0000,0.0000,0.0000,0.0000,0.0000,0.0000,0.0000,66.7443,0.0000,3383.0000,1131.0000,0.0000,9.0000,11.0000,8.0000,4.0000
1.0630,0.2440,0.1940,0.1220,0.0540,0.0000,0.0000,0.6250,1.0000,0.0000,0.0000,0.0000,0.0000,0.0000,0.0000,66.7443,0.0000,3383.0000,1131.0000,0.0000,9.0000,11.0000,8.0000,4.0000
1.2770,0.2540,0.2260,0.1330,0.0560,0.0000,0.0000,0.7970,1.0000,0.0000,0.0000,0.0000,0.0000,0.0000,0.0000,66.7427,0.0000,3379.0000,1131.0000,0.0000,9.0000,12.0000,8.0000,4.0000
1.3940,0.3090,0.2690,0.1280,0.1020,0.0000,0.0000,0.8160,1.0000,0.0000,0.0000,0.0000,0.0000,0.0000,0.0000,66.7530,0.0000,3380.0000,1131.0000,0.0000,9.0000,12.0000,8.0000,4.0000
1.2340,0.3240,0.2870,0.1300,0.1380,0.0000,0.0000,0.6230,1.0000,0.0000,0.0000,0.0000,0.0000,0.0000,0.0000,66.7632,0.0000,3381.0000,1131.0000,0.0000,9.0000,12.0000,8.0000,4.0000
1.2900,0.3190,0.3530,0.1350,0.0930,0.0000,0.0000,0.6180,1.0000,0.0000,0.0000,0.0000,0.0000,0.0000,0.0000,66.7736,0.0000,3382.0000,1131.0000,0.0000,9.0000,12.0000,8.0000,4.0000
1.0330,0.3280,0.2120,0.1400,0.0570,0.0000,0.0000,0.4930,1.0000,0.0000,0.0000,0.0000,0.0000,0.0000,0.0000,66.7736,0.0000,3382.0000,1131.0000,0.0000,9.0000,12.0000,8.0000,4.0000
0.9640,0.3090,0.1900,0.1800,0.0550,0.0000,0.0000,0.4650,1.0000,0.0000,0.0000,0.0000,0.0000,0.0000,0.0000,66.7737,0.0000,3382.0000,1131.0000,0.0000,9.0000,12.0000,8.0000,4.0000
1.0270,0.2890,0.1850,0.1700,0.0540,0.0000,0.0000,0.5530,1.0000,0.0000,0.0000,0.0000,0.0000,0.0000,0.0000,66.7737,0.0000,3382.0000,1131.0000,0.0000,9.0000,12.0000,8.0000,4.0000
1.1130,0.3010,0.1890,0.1780,0.0540,0.0000,0.0000,0.6230,1.0000,0.0000,0.0000,0.0000,0.0000,0.0000,0.0000,66.7717,0.0000,3381.0000,1131.0000,0.0000,9.0000,11.0000,8.0000,4.0000
1.2470,0.3890,0.2590,0.1310,0.1090,0.0000,0.0000,0.5990,1.0000,0.0000,0.0000,0.0000,0.0000,0.0000,0.0000,66.7915,0.0000,3383.0000,1131.0000,0.0000,9.0000,11.0000,8.0000,4.0000
1.0750,0.3840,0.1980,0.1350,0.0560,0.0000,0.0000,0.4930,1.0000,0.0000,0.0000,0.0000,0.0000,0.0000,0.0000,66.7922,0.0000,3383.0000,1131.0000,0.0000,9.0000,12.0000,8.0000,4.0000
1.0610,0.2450,0.2150,0.1240,0.0860,0.0000,0.0000,0.6010,1.0000,0.0000,0.0000,0.0000,0.0000,0.0000,0.0000,66.7923,0.0000,3383.0000,1131.0000,0.0000,9.0000,12.0000,8.0000,4.0000
0.9820,0.2440,0.2060,0.1210,0.0540,0.0000,0.0000,0.5320,1.0000,0.0000,0.0000,0.0000,0.0000,0.0000,0.0000,66.7923,0.0000,3383.0000,1131.0000,0.0000,9.0000,12.0000,8.0000,4.0000
1.0340,0.2300,0.2050,0.1160,0.0760,0.0000,0.0000,0.5990,1.0000,0.0000,0.0000,0.0000,0.0000,0.0000,0.0000,66.7916,0.0000,3383.0000,1131.0000,0.0000,9.0000,11.0000,8.0000,4.0000
1.0690,0.2360,0.2110,0.1180,0.0530,0.0000,0.0000,0.6220,1.0000,0.0000,0.0000,0.0000,0.0000,0.0000,0.0000,66.7916,0.0000,3383.0000,1131.0000,0.0000,9.0000,11.0000,8.0000,4.0000
1.2730,0.2700,0.2960,0.1360,0.0650,0.0000,0.0000,0.7070,1.0000,0.0000,0.0000,0.0000,0.0000,0.0000,0.0000,66.7923,0.0000,3383.0000,1131.0000,0.0000,9.0000,12.0000,8.0000,4.0000
1.2660,0.2800,0.3090,0.1420,0.0720,0.0000,0.0000,0.6770,1.0000,0.0000,0.0000,0.0000,0.0000,0.0000,0.0000,66.7923,0.0000,3383.0000,1131.0000,0.0000,9.0000,12.0000,8.0000,4.0000
1.0150,0.3300,0.2050,0.1960,0.0560,0.0000,0.0000,0.4800,1.0000,0.0000,0.0000,0.0000,0.0000,0.0000,0.0000,66.7923,0.0000,3383.0000,1131.0000,0.0000,9.0000,12.0000,8.0000,4.0000
1.0080,0.2880,0.1880,0.1250,0.0530,0.0000,0.0000,0.5320,1.0000,0.0000,0.0000,0.0000,0.0000,0.0000,0.0000,66.7923,0.0000,3383.0000,1131.0000,0.0000,9.0000,12.0000,8.0000,4.0000
0.9640,0.3250,0.1900,0.1710,0.0540,0.0000,0.0000,0.4490,1.0000,0.0000,0.0000,0.0000,0.0000,0.0000,0.0000,66.7923,0.0000,3383.0000,1131.0000,0.0000,9.0000,12.0000,8.0000,4.0000
1.0420,0.2780,0.2120,0.1220,0.0820,0.0000,0.0000,0.5520,1.0000,0.0000,0.0000,0.0000,0.0000,0.0000,0.0000,66.8032,0.0000,3384.0000,1131.0000,0.0000,9.0000,13.0000,8.0000,4.0000
0.9690,0.3160,0.1910,0.1200,0.0570,0.0000,0.0000,0.4620,1.0000,0.0000,0.0000,0.0000,0.0000,0.0000,0.0000,66.8032,0.0000,3384.0000,1131.0000,0.0000,9.0000,13.0000,8.0000,4.0000
1.0490,0.2800,0.1810,0.1210,0.0500,0.0000,0.0000,0.5880,1.0000,0.0000,0.0000,0.0000,0.0000,0.0000,0.0000,66.8034,0.0000,3384.0000,1131.0000,0.0000,9.0000,13.0000,8.0000,5.0000
0.9770,0.3710,0.2070,0.2590,0.0700,0.0000,0.0000,0.3990,1.0000,0.0000,0.0000,0.0000,0.0000,0.0000,0.0000,66.8027,0.0000,3384.0000,1131.0000,0.0000,9.0000,12.0000,8.0000,5.0000
0.9380,0.2780,0.1820,0.1200,0.0530,0.0000,0.0000,0.4780,1.0000,0.0000,0.0000,0.0000,0.0000,0.0000,0.0000,66.8020,0.0000,3384.0000,1131.0000,0.0000,9.0000,11.0000,8.0000,5.0000
0.9340,0.2700,0.1780,0.1190,0.0530,0.0000,0.0000,0.4860,1.0000,0.0000,0.0000,0.0000,0.0000,0.0000,0.0000,66.8027,0.0000,3384.0000,1131.0000,0.0000,9.0000,12.0000,8.0000,5.0000
1.1050,0.2770,0.2080,0.1650,0.0820,0.0000,0.0000,0.6200,1.0000,0.0000,0.0000,0.0000,0.0000,0.0000,0.0000,66.8136,0.0000,3385.0000,1131.0000,0.0000,9.0000,13.0000,8.0000,5.0000
1.0520,0.3860,0.2230,0.1790,0.0850,0.0000,0.0000,0.4430,1.0000,0.0000,0.0000,0.0000,0.0000,0.0000,0.0000,66.8239,0.0000,3386.0000,1131.0000,0.0000,9.0000,13.0000,8.0000,5.0000
0.9390,0.3190,0.1950,0.1230,0.0640,0.0000,0.0000,0.4250,1.0000,0.0000,0.0000,0.0000,0.0000,0.0000,0.0000,66.8233,0.0000,3386.0000,1131.0000,0.0000,9.0000,12.0000,8.0000,5.0000
1.0320,0.2670,0.1820,0.1200,0.0520,0.0000,0.0000,0.5830,1.0000,0.0000,0.0000,0.0000,0.0000,0.0000,0.0000,66.8233,0.0000,3386.0000,1131.0000,0.0000,9.0000,12.0000,8.0000,5.0000
1.2400,0.2880,0.2410,0.1740,0.0730,0.0000,0.0000,0.7110,1.0000,0.0000,0.0000,0.0000,0.0000,0.0000,0.0000,66.8240,0.0000,3386.0000,1131.0000,0.0000,9.0000,13.0000,8.0000,5.0000
1.2340,0.3100,0.2890,0.1280,0.1430,0.0000,0.0000,0.6350,1.0000,0.0000,0.0000,0.0000,0.0000,0.0000,0.0000,66.8442,0.0000,3388.0000,1131.0000,0.0000,9.0000,13.0000,8.0000,5.0000
1.1370,0.3410,0.2360,0.1300,0.0930,0.0000,0.0000,0.5600,1.0000,0.0000,0.0000,0.0000,0.0000,0.0000,0.0000,66.8546,0.0000,3389.0000,1131.0000,0.0000,9.0000,13.0000,8.0000,4.0000
1.0650,0.3090,0.2130,0.1380,0.0680,0.0000,0.0000,0.5430,1.0000,0.0000,0.0000,0.0000,0.0000,0.0000,0.0000,66.8541,0.0000,3389.0000,1131.0000,0.0000,9.0000,12.0000,8.0000,4.0000
1.0340,0.2700,0.2100,0.1410,0.0650,0.0000,0.0000,0.5540,1.0000,0.0000,0.0000,0.0000,0.0000,0.0000,0.0000,66.8541,0.0000,3389.0000,1131.0000,0.0000,9.0000,12.0000,8.0000,4.0000
1.3100,0.2470,0.2690,0.1330,0.0730,0.0000,0.0000,0.7940,1.0000,0.0000,0.0000,0.0000,0.0000,0.0000,0.0000,66.8548,0.0000,3389.0000,1131.0000,0.0000,9.0000,13.0000,8.0000,4.0000
1.0730,0.3580,0.2250,0.1940,0.0710,0.0000,0.0000,0.4900,1.0000,0.0000,0.0000,0.0000,0.0000,0.0000,0.0000,66.8548,0.0000,3389.0000,1131.0000,0.0000,9.0000,13.0000,8.0000,4.0000
1.1010,0.2890,0.2000,0.1230,0.0560,0.0000,0.0000,0.6120,1.0000,0.0000,0.0000,0.0000,0.0000,0.0000,0.0000,66.8548,0.0000,3389.0000,1131.0000,0.0000,9.0000,13.0000,8.0000,4.0000
1.2010,0.3010,0.2870,0.1290,0.0930,0.0000,0.0000,0.6130,1.0000,0.0000,0.0000,0.0000,0.0000,0.0000,0.0000,66.8541,0.0000,3389.0000,1131.0000,0.0000,9.0000,12.0000,8.0000,4.0000
1.2560,0.2640,0.2680,0.1300,0.0600,0.0000,0.0000,0.7240,1.0000,0.0000,0.0000,0.0000,0.0000,0.0000,0.0000,66.8541,0.0000,3389.0000,1131.0000,0.0000,9.0000,12.0000,8.0000,4.0000
1.2240,0.3320,0.2290,0.1480,0.0670,0.0000,0.0000,0.6630,1.0000,0.0000,0.0000,0.0000,0.0000,0.0000,0.0000,66.8548,0.0000,3389.0000,1131.0000,0.0000,9.0000,13.0000,8.0000,4.0000
1.1170,0.2610,0.2220,0.1170,0.0600,0.0000,0.0000,0.6340,1.0000,0.0000,0.0000,0.0000,0.0000,0.0000,0.0000,66.8549,0.0000,3389.0000,1131.0000,0.0000,9.0000,13.0000,8.0000,5.0000
1.1940,0.3500,0.2440,0.2230,0.1010,0.0000,0.0000,0.6000,1.0000,0.0000,0.0000,0.0000,0.0000,0.0000,0.0000,66.8652,0.0000,3390.0000,1131.0000,0.0000,9.0000,13.0000,8.0000,5.0000
0.9910,0.2920,0.2060,0.1220,0.0560,0.0000,0.0000,0.4930,1.0000,0.0000,0.0000,0.0000,0.0000,0.0000,0.0000,66.8645,0.0000,3390.0000,1131.0000,0.0000,9.0000,12.0000,8.0000,5.0000
1.2130,0.2420,0.2260,0.1210,0.0620,0.0000,0.0000,0.7450,1.0000,0.0000,0.0000,0.0000,0.0000,0.0000,0.0000,66.8653,0.0000,3390.0000,1131.0000,0.0000,9.0000,13.0000,8.0000,5.0000
1.0950,0.2540,0.2480,0.1250,0.0880,0.0000,0.0000,0.5930,1.0000,0.0000,0.0000,0.0000,0.0000,0.0000,0.0000,66.8762,0.0000,3391.0000,1131.0000,0.0000,9.0000,14.0000,8.0000,5.0000
0.9520,0.2770,0.1900,0.1190,0.0540,0.0000,0.0000,0.4850,1.0000,0.0000,0.0000,0.0000,0.0000,0.0000,0.0000,66.8762,0.0000,3391.0000,1131.0000,0.0000,9.0000,14.0000,8.0000,5.0000
1.3150,0.2320,0.2080,0.1180,0.0530,0.0000,0.0000,0.8750,1.0000,0.0000,0.0000,0.0000,0.0000,0.0000,0.0000,66.8763,0.0000,3391.0000,1131.0000,0.0000,9.0000,14.0000,8.0000,5.0000
1.0450,0.2690,0.2170,0.1290,0.0580,0.0000,0.0000,0.5590,1.0000,0.0000,0.0000,0.0000,0.0000,0.0000,0.0000,66.8756,0.0000,3391.0000,1131.0000,0.0000,9.0000,13.0000,8.0000,5.0000
1.1310,0.2650,0.2280,0.1240,0.0920,0.0000,0.0000,0.6380,1.0000,0.0000,0.0000,0.0000,0.0000,0.0000,0.0000,66.8958,0.0000,3393.0000,1131.0000,0.0000,9.0000,13.0000,8.0000,5.0000
0.9700,0.3700,0.1830,0.1700,0.0520,0.0000,0.0000,0.4170,1.0000,0.0000,0.0000,0.0000,0.0000,0.0000,0.0000,66.8965,0.0000,3393.0000,1131.0000,0.0000,9.0000,14.0000,8.0000,5.0000
0.9740,0.2780,0.1770,0.1610,0.0510,0.0000,0.0000,0.5190,1.0000,0.0000,0.0000,0.0000,0.0000,0.0000,0.0000,66.8966,0.0000,3393.0000,1131.0000,0.0000,9.0000,14.0000,8.0000,5.0000
1.0320,0.2800,0.1820,0.1670,0.0520,0.0000,0.0000,0.5700,1.0000,0.0000,0.0000,0.0000,0.0000,0.0000,0.0000,66.8966,0.0000,3393.0000,1131.0000,0.0000,9.0000,14.0000,8.0000,5.0000
0.9690,0.2880,0.1790,0.1690,0.0510,0.0000,0.0000,0.5020,1.0000,0.0000,0.0000,0.0000,0.0000,0.0000,0.0000,66.8959,0.0000,3393.0000,1131.0000,0.0000,9.0000,13.0000,8.0000,5.0000
0.9580,0.2980,0.1800,0.1820,0.0510,0.0000,0.0000,0.4800,1.0000,0.0000,0.0000,0.0000,0.0000,0.0000,0.0000,66.8959,0.0000,3393.0000,1131.0000,0.0000,9.0000,13.0000,8.0000,5.0000
1.2440,0.2800,0.2880,0.1640,0.0910,0.0000,0.0000,0.6760,1.0000,0.0000,0.0000,0.0000,0.0000,0.0000,0.0000,66.9069,0.0000,3394.0000,1131.0000,0.0000,9.0000,14.0000,8.0000,5.0000
1.1240,0.4120,0.2440,0.1850,0.0900,0.0000,0.0000,0.4680,1.0000,0.0000,0.0000,0.0000,0.0000,0.0000,0.0000,66.9167,0.0000,3395.0000,1131.0000,0.0000,9.0000,14.0000,8.0000,5.0000
1.1210,0.2980,0.2100,0.1240,0.0610,0.0000,0.0000,0.6130,1.0000,0.0000,0.0000,0.0000,0.0000,0.0000,0.0000,66.9167,0.0000,3395.0000,1131.0000,0.0000,9.0000,14.0000,8.0000,5.0000
0.9980,0.2410,0.2110,0.1200,0.0790,0.0000,0.0000,0.5460,1.0000,0.0000,0.0000,0.0000,0.0000,0.0000,0.0000,66.9159,0.0000,3395.0000,1131.0000,0.0000,9.0000,13.0000,8.0000,6.0000
1.0840,0.2860,0.2140,0.1680,0.0840,0.0000,0.0000,0.5840,1.0000,0.0000,0.0000,0.0000,0.0000,0.0000,0.0000,66.9159,0.0000,3395.0000,1131.0000,0.0000,9.0000,13.0000,8.0000,6.0000
1.0780,0.2890,0.2660,0.1590,0.0610,0.0000,0.0000,0.5230,1.0000,0.0000,0.0000,0.0000,0.0000,0.0000,0.0000,66.9159,0.0000,3395.0000,1131.0000,0.0000,9.0000,13.0000,8.0000,6.0000
1.0960,0.2600,0.1960,0.1290,0.0550,0.0000,0.0000,0.6400,1.0000,0.0000,0.0000,0.0000,0.0000,0.0000,0.0000,66.9159,0.0000,3395.0000,1131.0000,0.0000,9.0000,13.0000,8.0000,6.0000
1.0540,0.3460,0.2140,0.1410,0.0590,0.0000,0.0000,0.4940,1.0000,0.0000,0.0000,0.0000,0.0000,0.0000,0.0000,66.9159,0.0000,3395.0000,1131.0000,0.0000,9.0000,13.0000,8.0000,6.0000
1.1170,0.2780,0.2290,0.1550,0.0850,0.0000,0.0000,0.6100,1.0000,0.0000,0.0000,0.0000,0.0000,0.0000,0.0000,66.9255,0.0000,3396.0000,1131.0000,0.0000,9.0000,12.0000,8.0000,6.0000
0.9720,0.3020,0.1910,0.1250,0.0530,0.0000,0.0000,0.4790,1.0000,0.0000,0.0000,0.0000,0.0000,0.0000,0.0000,66.9255,0.0000,3396.0000,1131.0000,0.0000,9.0000,12.0000,8.0000,5.0000
1.1300,0.2540,0.2220,0.1250,0.0880,0.0000,0.0000,0.6540,1.0000,0.0000,0.0000,0.0000,0.0000,0.0000,0.0000,66.9365,0.0000,3397.0000,1131.0000,0.0000,9.0000,13.0000,8.0000,5.0000
1.2120,0.3080,0.1950,0.1370,0.0550,0.0000,0.0000,0.7090,1.0000,0.0000,0.0000,0.0000,0.0000,0.0000,0.0000,66.9365,0.0000,3397.0000,1131.0000,0.0000,9.0000,13.0000,8.0000,5.0000
1.0140,0.2960,0.2260,0.1770,0.0570,0.0000,0.0000,0.4920,1.0000,0.0000,0.0000,0.0000,0.0000,0.0000,0.0000,66.9366,0.0000,3397.0000,1131.0000,0.0000,9.0000,13.0000,8.0000,5.0000
0.9640,0.2480,0.1950,0.1240,0.0650,0.0000,0.0000,0.5210,1.0000,0.0000,0.0000,0.0000,0.0000,0.0000,0.0000,66.9359,0.0000,3397.0000,1131.0000,0.0000,9.0000,12.0000,8.0000,5.0000
1.0170,0.2810,0.1940,0.1300,0.0660,0.0000,0.0000,0.5420,1.0000,0.0000,0.0000,0.0000,0.0000,0.0000,0.0000,66.9366,0.0000,3397.0000,1131.0000,0.0000,9.0000,13.0000,8.0000,5.0000
1.0420,0.2780,0.2060,0.1210,0.0770,0.0000,0.0000,0.5580,1.0000,0.0000,0.0000,0.0000,0.0000,0.0000,0.0000,66.9373,0.0000,3397.0000,1131.0000,0.0000,9.0000,14.0000,8.0000,5.0000
0.9520,0.3140,0.1920,0.1560,0.0540,0.0000,0.0000,0.4460,1.0000,0.0000,0.0000,0.0000,0.0000,0.0000,0.0000,66.9373,0.0000,3397.0000,1131.0000,0.0000,9.0000,14.0000,8.0000,5.0000
1.0470,0.2480,0.2260,0.1200,0.0980,0.0000,0.0000,0.5730,1.0000,0.0000,0.0000,0.0000,0.0000,0.0000,0.0000,66.9475,0.0000,3398.0000,1131.0000,0.0000,9.0000,14.0000,8.0000,5.0000
0.9450,0.2860,0.1960,0.1200,0.0540,0.0000,0.0000,0.4630,1.0000,0.0000,0.0000,0.0000,0.0000,0.0000,0.0000,66.9468,0.0000,3398.0000,1131.0000,0.0000,9.0000,13.0000,8.0000,5.0000
0.9980,0.2380,0.1880,0.1200,0.0630,0.0000,0.0000,0.5720,1.0000,0.0000,0.0000,0.0000,0.0000,0.0000,0.0000,66.9469,0.0000,3398.0000,1131.0000,0.0000,9.0000,13.0000,8.0000,5.0000
0.9690,0.3360,0.1930,0.1850,0.0640,0.0000,0.0000,0.4400,1.0000,0.0000,0.0000,0.0000,0.0000,0.0000,0.0000,66.9476,0.0000,3398.0000,1131.0000,0.0000,9.0000,14.0000,8.0000,5.0000
0.9510,0.2910,0.1780,0.1220,0.0510,0.0000,0.0000,0.4820,1.0000,0.0000,0.0000,0.0000,0.0000,0.0000,0.0000,66.9476,0.0000,3398.0000,1131.0000,0.0000,9.0000,14.0000,8.0000,5.0000
0.9420,0.2760,0.1740,0.1210,0.0510,0.0000,0.0000,0.4920,1.0000,0.0000,0.0000,0.0000,0.0000,0.0000,0.0000,66.9469,0.0000,3398.0000,1131.0000,0.0000,9.0000,13.0000,8.0000,5.0000
1.1330,0.2840,0.2160,0.1720,0.0900,0.0000,0.0000,0.6330,1.0000,0.0000,0.0000,0.0000,0.0000,0.0000,0.0000,66.9665,0.0000,3400.0000,1131.0000,0.0000,9.0000,12.0000,8.0000,5.0000
1.1120,0.4180,0.2370,0.1750,0.1040,0.0000,0.0000,0.4570,1.0000,0.0000,0.0000,0.0000,0.0000,0.0000,0.0000,66.9872,0.0000,3402.0000,1131.0000,0.0000,9.0000,12.0000,8.0000,5.0000
0.9760,0.3310,0.2010,0.1230,0.0530,0.0000,0.0000,0.4440,1.0000,0.0000,0.0000,0.0000,0.0000,0.0000,0.0000,66.9880,0.0000,3402.0000,1131.0000,0.0000,9.0000,13.0000,8.0000,5.0000
1.2470,0.2450,0.2270,0.1220,0.0890,0.0000,0.0000,0.7750,1.0000,0.0000,0.0000,0.0000,0.0000,0.0000,0.0000,67.0090,0.0000,3404.0000,1131.0000,0.0000,9.0000,14.0000,8.0000,5.0000
1.1520,0.4420,0.3050,0.1320,0.1020,0.0000,0.0000,0.4050,1.0000,0.0000,0.0000,0.0000,0.0000,0.0000,0.0000,67.0088,0.0000,3404.0000,1131.0000,0.0000,9.0000,14.0000,8.0000,5.0000
1.2330,0.2620,0.2100,0.1250,0.0620,0.0000,0.0000,0.7610,1.0000,0.0000,0.0000,0.0000,0.0000,0.0000,0.0000,66.7220,0.0000,3376.0000,1131.0000,0.0000,9.0000,13.0000,8.0000,5.0000
1.0370,0.3500,0.2040,0.1290,0.0530,0.0000,0.0000,0.4830,1.0000,0.0000,0.0000,0.0000,0.0000,0.0000,0.0000,66.7220,0.0000,3376.0000,1131.0000,0.0000,9.0000,13.0000,8.0000,5.0000
1.0790,0.2630,0.2060,0.1210,0.0560,0.0000,0.0000,0.6100,1.0000,0.0000,0.0000,0.0000,0.0000,0.0000,0.0000,66.7227,0.0000,3376.0000,1131.0000,0.0000,9.0000,14.0000,8.0000,5.0000
1.0960,0.2560,0.1790,0.1210,0.0500,0.0000,0.0000,0.6610,1.0000,0.0000,0.0000,0.0000,0.0000,0.0000,0.0000,66.7227,0.0000,3376.0000,1131.0000,0.0000,9.0000,14.0000,8.0000,5.0000
1.0610,0.2970,0.2280,0.1260,0.0580,0.0000,0.0000,0.5360,1.0000,0.0000,0.0000,0.0000,0.0000,0.0000,0.0000,66.7227,0.0000,3376.0000,1131.0000,0.0000,9.0000,14.0000,8.0000,5.0000
1.3390,0.2910,0.3270,0.1290,0.1940,0.0000,0.0000,0.7210,1.0000,0.0000,0.0000,0.0000,0.0000,0.0000,0.0000,66.7323,0.0000,3377.0000,1131.0000,0.0000,9.0000,13.0000,8.0000,5.0000
1.2080,0.3020,0.3030,0.1270,0.1060,0.0000,0.0000,0.6030,1.0000,0.0000,0.0000,0.0000,0.0000,0.0000,0.0000,66.7323,0.0000,3377.0000,1131.0000,0.0000,9.0000,13.0000,8.0000,5.0000
0.9800,0.3020,0.2140,0.1540,0.0550,0.0000,0.0000,0.4640,1.0000,0.0000,0.0000,0.0000,0.0000,0.0000,0.0000,66.7331,0.0000,3377.0000,1131.0000,0.0000,9.0000,14.0000,8.0000,5.0000
0.9090,0.2500,0.1810,0.1330,0.0520,0.0000,0.0000,0.4780,1.0000,0.0000,0.0000,0.0000,0.0000,0.0000,0.0000,66.7331,0.0000,3377.0000,1131.0000,0.0000,9.0000,14.0000,8.0000,5.0000
0.9770,0.2280,0.1810,0.1170,0.0510,0.0000,0.0000,0.5680,1.0000,0.0000,0.0000,0.0000,0.0000,0.0000,0.0000,66.7331,0.0000,3377.0000,1131.0000,0.0000,9.0000,14.0000,8.0000,5.0000
0.9860,0.2290,0.2400,0.1160,0.0880,0.0000,0.0000,0.5170,1.0000,0.0000,0.0000,0.0000,0.0000,0.0000,0.0000,66.7317,0.0000,3377.0000,1131.0000,0.0000,9.0000,12.0000,8.0000,5.0000
0.9260,0.2340,0.2040,0.1200,0.0500,0.0000,0.0000,0.4880,1.0000,0.0000,0.0000,0.0000,0.0000,0.0000,0.0000,66.7317,0.0000,3377.0000,1131.0000,0.0000,9.0000,12.0000,8.0000,5.0000
1.0170,0.2310,0.2300,0.1210,0.0820,0.0000,0.0000,0.5560,1.0000,0.0000,0.0000,0.0000,0.0000,0.0000,0.0000,66.7426,0.0000,3378.0000,1131.0000,0.0000,9.0000,13.0000,8.0000,5.0000
0.9250,0.2790,0.2050,0.1230,0.0520,0.0000,0.0000,0.4410,1.0000,0.0000,0.0000,0.0000,0.0000,0.0000,0.0000,66.7433,0.0000,3378.0000,1131.0000,0.0000,9.0000,14.0000,8.0000,5.0000
1.2700,0.2300,0.2750,0.1180,0.1090,0.0000,0.0000,0.7650,1.0000,0.0000,0.0000,0.0000,0.0000,0.0000,0.0000,66.7434,0.0000,3378.0000,1131.0000,0.0000,9.0000,14.0000,8.0000,5.0000
1.5300,0.2690,0.3700,0.1290,0.1180,0.0000,0.0000,0.8910,1.0000,0.0000,0.0000,0.0000,0.0000,0.0000,0.0000,66.7427,0.0000,3378.0000,1131.0000,0.0000,9.0000,13.0000,8.0000,5.0000
1.2310,0.5180,0.2520,0.1360,0.0890,0.0000,0.0000,0.4610,1.0000,0.0000,0.0000,0.0000,0.0000,0.0000,0.0000,66.7523,0.0000,3379.0000,1131.0000,0.0000,9.0000,12.0000,8.0000,5.0000
1.1240,0.3250,0.2710,0.1550,0.0680,0.0000,0.0000,0.5280,1.0000,0.0000,0.0000,0.0000,0.0000,0.0000,0.0000,66.7530,0.0000,3379.0000,1131.0000,0.0000,9.0000,13.0000,8.0000,5.0000
1.3180,0.2630,0.3710,0.1290,0.0920,0.0000,0.0000,0.6840,1.0000,0.0000,0.0000,0.0000,0.0000,0.0000,0.0000,66.7633,0.0000,3380.0000,1131.0000,0.0000,9.0000,13.0000,8.0000,5.0000
1.1210,0.3680,0.2450,0.1310,0.0890,0.0000,0.0000,0.5080,1.0000,0.0000,0.0000,0.0000,0.0000,0.0000,0.0000,66.7735,0.0000,3381.0000,1131.0000,0.0000,9.0000,13.0000,8.0000,5.0000
0.9840,0.3440,0.1940,0.1790,0.0540,0.0000,0.0000,0.4460,1.0000,0.0000,0.0000,0.0000,0.0000,0.0000,0.0000,66.7729,0.0000,3381.0000,1131.0000,0.0000,9.0000,12.0000,8.0000,5.0000
0.9710,0.2910,0.1910,0.1740,0.0530,0.0000,0.0000,0.4890,1.0000,0.0000,0.0000,0.0000,0.0000,0.0000,0.0000,66.7730,0.0000,3381.0000,1131.0000,0.0000,9.0000,12.0000,8.0000,5.0000
0.9490,0.2850,0.1850,0.1710,0.0520,0.0000,0.0000,0.4790,1.0000,0.0000,0.0000,0.0000,0.0000,0.0000,0.0000,66.7737,0.0000,3381.0000,1131.0000,0.0000,9.0000,13.0000,8.0000,5.0000
1.1080,0.2350,0.2160,0.1180,0.0570,0.0000,0.0000,0.6570,1.0000,0.0000,0.0000,0.0000,0.0000,0.0000,0.0000,66.7737,0.0000,3381.0000,1131.0000,0.0000,9.0000,13.0000,8.0000,5.0000
1.5820,0.3170,0.4760,0.1920,0.3320,0.0000,0.0000,0.7890,1.0000,0.0000,0.0000,0.0000,0.0000,0.0000,0.0000,66.7920,0.0000,3383.0000,1131.0000,0.0000,9.0000,13.0000,8.0000,5.0000
1.0900,0.3870,0.2250,0.1270,0.0590,0.0000,0.0000,0.4780,1.0000,0.0000,0.0000,0.0000,0.0000,0.0000,0.0000,66.7913,0.0000,3383.0000,1131.0000,0.0000,9.0000,12.0000,8.0000,5.0000
0.9800,0.2750,0.1970,0.1450,0.0530,0.0000,0.0000,0.5080,1.0000,0.0000,0.0000,0.0000,0.0000,0.0000,0.0000,66.7914,0.0000,3383.0000,1131.0000,0.0000,9.0000,12.0000,8.0000,5.0000
1.0100,0.2300,0.1980,0.1140,0.0560,0.0000,0.0000,0.5820,1.0000,0.0000,0.0000,0.0000,0.0000,0.0000,0.0000,66.7921,0.0000,3383.0000,1131.0000,0.0000,9.0000,13.0000,8.0000,5.0000
1.3160,0.2540,0.2710,0.1270,0.0920,0.0000,0.0000,0.7910,1.0000,0.0000,0.0000,0.0000,0.0000,0.0000,0.0000,66.8123,0.0000,3385.0000,1131.0000,0.0000,9.0000,13.0000,8.0000,5.0000
1.0500,0.3460,0.2170,0.1200,0.0630,0.0000,0.0000,0.4870,1.0000,0.0000,0.0000,0.0000,0.0000,0.0000,0.0000,66.8123,0.0000,3385.0000,1131.0000,0.0000,9.0000,13.0000,8.0000,5.0000
1.0850,0.2980,0.1870,0.1740,0.0500,0.0000,0.0000,0.6000,1.0000,0.0000,0.0000,0.0000,0.0000,0.0000,0.0000,66.8117,0.0000,3385.0000,1131.0000,0.0000,9.0000,12.0000,8.0000,5.0000
1.2570,0.2840,0.2830,0.1680,0.1360,0.0000,0.0000,0.6900,1.0000,0.0000,0.0000,0.0000,0.0000,0.0000,0.0000,66.8117,0.0000,3385.0000,1131.0000,0.0000,9.0000,12.0000,8.0000,5.0000
1.4060,0.2780,0.2580,0.1320,0.1190,0.0000,0.0000,0.8700,1.0000,0.0000,0.0000,0.0000,0.0000,0.0000,0.0000,66.8124,0.0000,3385.0000,1131.0000,0.0000,9.0000,13.0000,8.0000,5.0000
1.1870,0.3280,0.2230,0.1580,0.0590,0.0000,0.0000,0.6360,1.0000,0.0000,0.0000,0.0000,0.0000,0.0000,0.0000,66.8124,0.0000,3385.0000,1131.0000,0.0000,9.0000,13.0000,8.0000,5.0000
1.7030,0.2650,0.2710,0.1260,0.0900,0.0000,0.0000,1.1670,1.0000,0.0000,0.0000,0.0000,0.0000,0.0000,0.0000,66.8226,0.0000,3386.0000,1131.0000,0.0000,9.0000,13.0000,8.0000,5.0000
1.4070,0.6160,0.2770,0.2410,0.0970,0.0000,0.0000,0.5140,1.0000,0.0000,0.0000,0.0000,0.0000,0.0000,0.0000,66.8322,0.0000,3387.0000,1131.0000,0.0000,9.0000,12.0000,8.0000,5.0000
1.2010,0.3170,0.2480,0.1280,0.0830,0.0000,0.0000,0.6360,1.0000,0.0000,0.0000,0.0000,0.0000,0.0000,0.0000,66.8323,0.0000,3387.0000,1131.0000,0.0000,9.0000,12.0000,8.0000,5.0000
1.2040,0.2780,0.2130,0.1320,0.0570,0.0000,0.0000,0.7130,1.0000,0.0000,0.0000,0.0000,0.0000,0.0000,0.0000,66.8330,0.0000,3387.0000,1131.0000,0.0000,9.0000,13.0000,8.0000,5.0000
1.0590,0.2720,0.2360,0.1380,0.0560,0.0000,0.0000,0.5510,1.0000,0.0000,0.0000,0.0000,0.0000,0.0000,0.0000,66.8330,0.0000,3387.0000,1131.0000,0.0000,9.0000,13.0000,8.0000,5.0000
1.0380,0.2580,0.2240,0.1260,0.0550,0.0000,0.0000,0.5560,1.0000,0.0000,0.0000,0.0000,0.0000,0.0000,0.0000,66.8330,0.0000,3387.0000,1131.0000,0.0000,9.0000,13.0000,8.0000,5.0000
0.9930,0.2720,0.2020,0.1250,0.0540,0.0000,0.0000,0.5190,1.0000,0.0000,0.0000,0.0000,0.0000,0.0000,0.0000,66.8323,0.0000,3387.0000,1131.0000,0.0000,9.0000,12.0000,8.0000,5.0000
1.1850,0.2420,0.2590,0.1290,0.0840,0.0000,0.0000,0.6840,1.0000,0.0000,0.0000,0.0000,0.0000,0.0000,0.0000,66.8419,0.0000,3388.0000,1131.0000,0.0000,9.0000,11.0000,8.0000,5.0000
1.1250,0.3200,0.2260,0.1490,0.0910,0.0000,0.0000,0.5790,1.0000,0.0000,0.0000,0.0000,0.0000,0.0000,0.0000,66.8529,0.0000,3389.0000,1131.0000,0.0000,9.0000,12.0000,8.0000,5.0000
1.1520,0.3190,0.1950,0.1360,0.0510,0.0000,0.0000,0.6380,1.0000,0.0000,0.0000,0.0000,0.0000,0.0000,0.0000,66.8529,0.0000,3389.0000,1131.0000,0.0000,9.0000,12.0000,8.0000,5.0000
1.8070,0.2550,0.3380,0.1310,0.0870,0.0000,0.0000,1.2140,1.0000,0.0000,0.0000,0.0000,0.0000,0.0000,0.0000,66.8530,0.0000,3389.0000,1131.0000,0.0000,9.0000,12.0000,8.0000,5.0000
1.4010,0.3820,0.3130,0.1920,0.0870,0.0000,0.0000,0.7060,1.0000,0.0000,0.0000,0.0000,0.0000,0.0000,0.0000,66.8523,0.0000,3389.0000,1131.0000,0.0000,9.0000,11.0000,8.0000,5.0000
1.4970,0.3710,0.5590,0.1520,0.0750,0.0000,0.0000,0.5670,1.0000,0.0000,0.0000,0.0000,0.0000,0.0000,0.0000,66.8523,0.0000,3389.0000,1131.0000,0.0000,9.0000,11.0000,8.0000,5.0000
1.1170,0.2990,0.2230,0.1450,0.0590,0.0000,0.0000,0.5950,1.0000,0.0000,0.0000,0.0000,0.0000,0.0000,0.0000,66.8530,0.0000,3389.0000,1131.0000,0.0000,9.0000,12.0000,8.0000,5.0000
1.0420,0.2760,0.2100,0.1360,0.0550,0.0000,0.0000,0.5560,1.0000,0.0000,0.0000,0.0000,0.0000,0.0000,0.0000,66.8530,0.0000,3389.0000,1131.0000,0.0000,9.0000,12.0000,8.0000,5.0000
1.0850,0.2580,0.2100,0.1250,0.0630,0.0000,0.0000,0.6170,1.0000,0.0000,0.0000,0.0000,0.0000,0.0000,0.0000,66.8530,0.0000,3389.0000,1131.0000,0.0000,9.0000,12.0000,8.0000,5.0000
1.0990,0.3120,0.1890,0.1770,0.0510,0.0000,0.0000,0.5980,1.0000,0.0000,0.0000,0.0000,0.0000,0.0000,0.0000,66.8523,0.0000,3389.0000,1131.0000,0.0000,9.0000,11.0000,8.0000,5.0000
1.1930,0.3090,0.2320,0.1900,0.0860,0.0000,0.0000,0.6520,1.0000,0.0000,0.0000,0.0000,0.0000,0.0000,0.0000,66.8625,0.0000,3390.0000,1131.0000,0.0000,9.0000,11.0000,8.0000,5.0000
1.3020,0.3380,0.2500,0.1240,0.0850,0.0000,0.0000,0.7140,1.0000,0.0000,0.0000,0.0000,0.0000,0.0000,0.0000,66.8735,0.0000,3391.0000,1131.0000,0.0000,9.0000,12.0000,8.0000,4.0000
1.3120,0.4100,0.2140,0.1400,0.0680,0.0000,0.0000,0.6880,1.0000,0.0000,0.0000,0.0000,0.0000,0.0000,0.0000,66.8736,0.0000,3391.0000,1131.0000,0.0000,9.0000,12.0000,8.0000,4.0000
1.2980,0.2900,0.2010,0.1630,0.0570,0.0000,0.0000,0.8070,1.0000,0.0000,0.0000,0.0000,0.0000,0.0000,0.0000,66.8736,0.0000,3391.0000,1131.0000,0.0000,9.0000,12.0000,8.0000,4.0000
1.3200,0.3430,0.2580,0.2000,0.0700,0.0000,0.0000,0.7190,1.0000,0.0000,0.0000,0.0000,0.0000,0.0000,0.0000,66.8729,0.0000,3391.0000,1131.0000,0.0000,9.0000,11.0000,8.0000,4.0000
1.4230,0.3090,0.3100,0.1560,0.0660,0.0000,0.0000,0.8040,1.0000,0.0000,0.0000,0.0000,0.0000,0.0000,0.0000,66.8729,0.0000,3391.0000,1131.0000,0.0000,9.0000,11.0000,8.0000,4.0000
1.1720,0.4030,0.2210,0.1420,0.0590,0.0000,0.0000,0.5480,1.0000,0.0000,0.0000,0.0000,0.0000,0.0000,0.0000,66.8736,0.0000,3391.0000,1131.0000,0.0000,9.0000,12.0000,8.0000,4.0000
2.4180,0.3740,0.2970,0.1270,0.1090,0.0000,0.0000,1.7470,1.0000,0.0000,0.0000,0.0000,0.0000,0.0000,0.0000,66.8934,0.0000,3393.0000,1131.0000,0.0000,9.0000,12.0000,8.0000,4.0000
1.2870,0.3670,0.3370,0.1480,0.0700,0.0000,0.0000,0.5830,1.0000,0.0000,0.0000,0.0000,0.0000,0.0000,0.0000,66.8934,0.0000,3393.0000,1131.0000,0.0000,9.0000,12.0000,8.0000,4.0000
1.1570,0.2900,0.2330,0.1470,0.0600,0.0000,0.0000,0.6340,1.0000,0.0000,0.0000,0.0000,0.0000,0.0000,0.0000,66.8928,0.0000,3393.0000,1131.0000,0.0000,9.0000,11.0000,8.0000,4.0000
1.1390,0.2550,0.2220,0.1190,0.0570,0.0000,0.0000,0.6620,1.0000,0.0000,0.0000,0.0000,0.0000,0.0000,0.0000,66.8928,0.0000,3393.0000,1131.0000,0.0000,9.0000,11.0000,8.0000,4.0000
1.1420,0.3310,0.2170,0.1300,0.0610,0.0000,0.0000,0.5940,1.0000,0.0000,0.0000,0.0000,0.0000,0.0000,0.0000,66.8935,0.0000,3393.0000,1131.0000,0.0000,9.0000,12.0000,8.0000,4.0000
1.1010,0.3530,0.2230,0.1230,0.0590,0.0000,0.0000,0.5250,1.0000,0.0000,0.0000,0.0000,0.0000,0.0000,0.0000,66.8935,0.0000,3393.0000,1131.0000,0.0000,9.0000,12.0000,8.0000,4.0000
1.3390,0.2590,0.2950,0.1230,0.1400,0.0000,0.0000,0.7850,1.0000,0.0000,0.0000,0.0000,0.0000,0.0000,0.0000,66.9038,0.0000,3394.0000,1131.0000,0.0000,9.0000,12.0000,8.0000,4.0000
1.2320,0.3940,0.2200,0.1310,0.0580,0.0000,0.0000,0.6180,1.0000,0.0000,0.0000,0.0000,0.0000,0.0000,0.0000,66.9031,0.0000,3394.0000,1131.0000,0.0000,9.0000,11.0000,8.0000,4.0000
1.1080,0.2880,0.2180,0.1630,0.0590,0.0000,0.0000,0.6020,1.0000,0.0000,0.0000,0.0000,0.0000,0.0000,0.0000,66.9031,0.0000,3394.0000,1131.0000,0.0000,9.0000,11.0000,8.0000,4.0000
1.1350,0.3170,0.2200,0.1940,0.0600,0.0000,0.0000,0.5980,1.0000,0.0000,0.0000,0.0000,0.0000,0.0000,0.0000,66.9038,0.0000,3394.0000,1131.0000,0.0000,9.0000,12.0000,8.0000,4.0000
1.1080,0.3170,0.2320,0.1260,0.0580,0.0000,0.0000,0.5590,1.0000,0.0000,0.0000,0.0000,0.0000,0.0000,0.0000,66.9038,0.0000,3394.0000,1131.0000,0.0000,9.0000,12.0000,8.0000,4.0000
2.5460,0.2550,0.2130,0.1240,0.0550,0.0000,0.0000,2.0780,1.0000,0.0000,0.0000,0.0000,0.0000,0.0000,0.0000,66.9038,0.0000,3394.0000,1131.0000,0.0000,9.0000,12.0000,8.0000,3.0000
1.3870,0.3230,0.3000,0.1490,0.1110,0.0000,0.0000,0.7640,1.0000,0.0000,0.0000,0.0000,0.0000,0.0000,0.0000,66.9233,0.0000,3396.0000,1131.0000,0.0000,9.0000,11.0000,8.0000,3.0000
1.3600,0.4260,0.2560,0.1480,0.0630,0.0000,0.0000,0.6780,1.0000,0.0000,0.0000,0.0000,0.0000,0.0000,0.0000,66.9233,0.0000,3396.0000,1131.0000,0.0000,9.0000,11.0000,8.0000,3.0000
1.1170,0.2820,0.2340,0.1310,0.0630,0.0000,0.0000,0.6010,1.0000,0.0000,0.0000,0.0000,0.0000,0.0000,0.0000,66.9241,0.0000,3396.0000,1131.0000,0.0000,9.0000,12.0000,8.0000,3.0000
1.0750,0.2550,0.2180,0.1260,0.0590,0.0000,0.0000,0.6020,1.0000,0.0000,0.0000,0.0000,0.0000,0.0000,0.0000,66.9241,0.0000,3396.0000,1131.0000,0.0000,9.0000,12.0000,8.0000,3.0000
1.2090,0.2630,0.2420,0.1370,0.0880,0.0000,0.0000,0.7040,1.0000,0.0000,0.0000,0.0000,0.0000,0.0000,0.0000,66.9344,0.0000,3397.0000,1131.0000,0.0000,9.0000,12.0000,8.0000,3.0000
1.1350,0.3140,0.2340,0.1320,0.0600,0.0000,0.0000,0.5870,1.0000,0.0000,0.0000,0.0000,0.0000,0.0000,0.0000,66.9337,0.0000,3397.0000,1131.0000,0.0000,9.0000,11.0000,8.0000,3.0000
2.8220,0.3140,0.2080,0.1350,0.0560,0.0000,0.0000,2.3000,1.0000,0.0000,0.0000,0.0000,0.0000,0.0000,0.0000,66.9338,0.0000,3397.0000,1131.0000,0.0000,9.0000,11.0000,8.0000,3.0000
1.2080,0.3470,0.2350,0.1580,0.0590,0.0000,0.0000,0.6260,1.0000,0.0000,0.0000,0.0000,0.0000,0.0000,0.0000,66.6995,0.0000,3374.0000,1131.0000,0.0000,9.0000,12.0000,8.0000,3.0000
1.1280,0.3440,0.2210,0.1370,0.0680,0.0000,0.0000,0.5630,1.0000,0.0000,0.0000,0.0000,0.0000,0.0000,0.0000,66.6994,0.0000,3374.0000,1131.0000,0.0000,9.0000,12.0000,8.0000,3.0000
1.1620,0.2680,0.2320,0.1290,0.0610,0.0000,0.0000,0.6620,1.0000,0.0000,0.0000,0.0000,0.0000,0.0000,0.0000,66.6994,0.0000,3374.0000,1131.0000,0.0000,9.0000,12.0000,8.0000,3.0000
1.1700,0.2930,0.2800,0.1240,0.0760,0.0000,0.0000,0.5970,1.0000,0.0000,0.0000,0.0000,0.0000,0.0000,0.0000,66.6987,0.0000,3374.0000,1131.0000,0.0000,9.0000,11.0000,8.0000,3.0000
1.1020,0.2580,0.2160,0.1260,0.0600,0.0000,0.0000,0.6280,1.0000,0.0000,0.0000,0.0000,0.0000,0.0000,0.0000,66.6987,0.0000,3374.0000,1131.0000,0.0000,9.0000,11.0000,8.0000,3.0000
1.1600,0.2450,0.2180,0.1240,0.0580,0.0000,0.0000,0.6970,1.0000,0.0000,0.0000,0.0000,0.0000,0.0000,0.0000,66.6994,0.0000,3374.0000,1131.0000,0.0000,9.0000,12.0000,8.0000,3.0000
1.3020,0.2570,0.2260,0.1340,0.0600,0.0000,0.0000,0.8190,1.0000,0.0000,0.0000,0.0000,0.0000,0.0000,0.0000,66.6994,0.0000,3374.0000,1131.0000,0.0000,9.0000,12.0000,8.0000,3.0000
1.3450,0.3260,0.2600,0.1810,0.0760,0.0000,0.0000,0.7590,1.0000,0.0000,0.0000,0.0000,0.0000,0.0000,0.0000,66.6994,0.0000,3374.0000,1131.0000,0.0000,9.0000,12.0000,8.0000,3.0000
1.1760,0.3100,0.2680,0.1420,0.0610,0.0000,0.0000,0.5980,1.0000,0.0000,0.0000,0.0000,0.0000,0.0000,0.0000,66.6987,0.0000,3374.0000,1131.0000,0.0000,9.0000,11.0000,8.0000,3.0000
1.2110,0.2810,0.2400,0.1560,0.0600,0.0000,0.0000,0.6900,1.0000,0.0000,0.0000,0.0000,0.0000,0.0000,0.0000,66.6987,0.0000,3374.0000,1131.0000,0.0000,9.0000,11.0000,8.0000,3.0000
1.3770,0.2990,0.3110,0.1660,0.1170,0.0000,0.0000,0.7670,1.0000,0.0000,0.0000,0.0000,0.0000,0.0000,0.0000,66.7196,0.0000,3376.0000,1131.0000,0.0000,9.0000,12.0000,8.0000,3.0000
1.3270,0.4000,0.2660,0.1240,0.0880,0.0000,0.0000,0.6610,1.0000,0.0000,0.0000,0.0000,0.0000,0.0000,0.0000,66.7299,0.0000,3377.0000,1131.0000,0.0000,9.0000,12.0000,8.0000,3.0000
1.2500,0.3240,0.2570,0.1310,0.0630,0.0000,0.0000,0.6690,1.0000,0.0000,0.0000,0.0000,0.0000,0.0000,0.0000,66.7300,0.0000,3377.0000,1131.0000,0.0000,9.0000,12.0000,8.0000,3.0000
1.0800,0.2660,0.2230,0.1400,0.0580,0.0000,0.0000,0.5910,1.0000,0.0000,0.0000,0.0000,0.0000,0.0000,0.0000,66.7293,0.0000,3377.0000,1131.0000,0.0000,9.0000,11.0000,8.0000,3.0000
0.9610,0.2640,0.1980,0.1270,0.0540,0.0000,0.0000,0.4990,1.0000,0.0000,0.0000,0.0000,0.0000,0.0000,0.0000,66.7293,0.0000,3377.0000,1131.0000,0.0000,9.0000,11.0000,8.0000,3.0000
0.9970,0.2470,0.1870,0.1180,0.0520,0.0000,0.0000,0.5630,1.0000,0.0000,0.0000,0.0000,0.0000,0.0000,0.0000,66.7300,0.0000,3377.0000,1131.0000,0.0000,9.0000,12.0000,8.0000,3.0000
1.1690,0.2490,0.2440,0.1210,0.0600,0.0000,0.0000,0.6760,1.0000,0.0000,0.0000,0.0000,0.0000,0.0000,0.0000,66.7300,0.0000,3377.0000,1131.0000,0.0000,9.0000,12.0000,8.0000,3.0000
1.1690,0.3220,0.2050,0.2010,0.0540,0.0000,0.0000,0.6420,1.0000,0.0000,0.0000,0.0000,0.0000,0.0000,0.0000,66.7300,0.0000,3377.0000,1131.0000,0.0000,9.0000,12.0000,8.0000,3.0000
1.1270,0.3080,0.2230,0.1300,0.0530,0.0000,0.0000,0.5960,1.0000,0.0000,0.0000,0.0000,0.0000,0.0000,0.0000,66.7300,0.0000,3377.0000,1131.0000,0.0000,9.0000,12.0000,8.0000,3.0000
1.3290,0.2480,0.2600,0.1230,0.0960,0.0000,0.0000,0.8210,1.0000,0.0000,0.0000,0.0000,0.0000,0.0000,0.0000,66.7300,0.0000,3377.0000,1131.0000,0.0000,9.0000,12.0000,8.0000,3.0000
1.1990,0.2750,0.2850,0.1400,0.0900,0.0000,0.0000,0.6390,1.0000,3.9610,213.2530,2.6430,0.0000,0.0000,0.0000,66.7403,0.0000,3378.0000,1131.0000,0.0000,9.0000,12.0000,8.0000,3.0000
1.0900,0.3010,0.2230,0.1250,0.0580,0.0000,0.0000,0.5660,1.0000,3.9610,213.2530,2.6430,0.0000,0.0000,0.0000,66.7403,0.0000,3378.0000,1131.0000,0.0000,9.0000,12.0000,8.0000,3.0000
1.0420,0.3190,0.1920,0.1810,0.0530,0.0000,0.0000,0.5310,1.0000,3.9610,213.2530,2.6430,0.0000,0.0000,0.0000,66.7403,0.0000,3378.0000,1131.0000,0.0000,9.0000,12.0000,8.0000,3.0000
2.0720,0.2890,0.5020,0.1740,0.3410,0.0000,0.0000,1.2810,1.0000,3.9610,213.2530,2.6430,0.0000,0.0000,0.0000,66.7587,0.0000,3380.0000,1131.0000,0.0000,9.0000,12.0000,8.0000,3.0000
1.1560,0.5500,0.2490,0.3620,0.0710,0.0000,0.0000,0.3570,1.0000,3.9610,213.2530,2.6430,0.0000,0.0000,0.0000,66.7587,0.0000,3380.0000,1131.0000,0.0000,9.0000,12.0000,8.0000,3.0000
1.1940,0.2850,0.2260,0.1320,0.0690,0.0000,0.0000,0.6830,1.0000,3.9610,213.2530,2.6430,0.0000,0.0000,0.0000,66.7587,0.0000,3380.0000,1131.0000,0.0000,9.0000,12.0000,8.0000,3.0000
1.4670,0.2780,0.4010,0.1270,0.1500,0.0000,0.0000,0.7880,1.0000,3.9610,213.2530,2.6430,0.0000,0.0000,0.0000,66.7587,0.0000,3380.0000,1131.0000,0.0000,9.0000,12.0000,8.0000,3.0000
1.1200,0.3190,0.2230,0.1670,0.0580,0.0000,0.0000,0.5780,1.0000,3.9610,213.2530,2.6430,0.0000,0.0000,0.0000,66.7587,0.0000,3380.0000,1131.0000,0.0000,9.0000,12.0000,8.0000,3.0000
1.0890,0.3310,0.2100,0.2030,0.0550,0.0000,0.0000,0.5480,1.0000,3.9610,213.2530,2.6430,0.0000,0.0000,0.0000,66.7587,0.0000,3380.0000,1131.0000,0.0000,9.0000,12.0000,8.0000,3.0000
1.3290,0.3090,0.3240,0.1890,0.1040,0.0000,0.0000,0.6960,1.0000,3.9610,213.2530,2.6430,0.0000,0.0000,0.0000,66.7690,0.0000,3381.0000,1131.0000,0.0000,9.0000,12.0000,8.0000,3.0000
1.0640,0.3260,0.2570,0.1260,0.0660,0.0000,0.0000,0.4810,1.0000,3.9610,213.2530,2.6430,0.0000,0.0000,0.0000,66.7690,0.0000,3381.0000,1131.0000,0.0000,9.0000,12.0000,8.0000,3.0000
0.9750,0.2510,0.2270,0.1240,0.0560,0.0000,0.0000,0.4970,1.0000,3.9610,213.2530,2.6430,0.0000,0.0000,0.0000,66.7691,0.0000,3381.0000,1131.0000,0.0000,9.0000,12.0000,8.0000,3.0000
1.1180,0.2330,0.2380,0.1180,0.0720,0.0000,0.0000,0.6470,1.0000,3.9610,213.2530,2.6430,0.0000,0.0000,0.0000,66.7691,0.0000,3381.0000,1131.0000,0.0000,9.0000,12.0000,8.0000,3.0000
1.2890,0.2680,0.3650,0.1270,0.1210,0.0000,0.0000,0.6560,1.0000,3.9610,213.2530,2.6430,0.0000,0.0000,0.0000,66.7793,0.0000,3382.0000,1131.0000,0.0000,9.0000,12.0000,8.0000,3.0000
0.9910,0.3040,0.2050,0.1250,0.0540,0.0000,0.0000,0.4820,1.0000,3.9610,213.2530,2.6430,0.0000,0.0000,0.0000,66.7793,0.0000,3382.0000,1131.0000,0.0000,9.0000,12.0000,8.0000,3.0000
0.9630,0.2520,0.1840,0.1190,0.0520,0.0000,0.0000,0.5270,1.0000,3.9610,213.2530,2.6430,0.0000,0.0000,0.0000,66.7794,0.0000,3382.0000,1131.0000,0.0000,9.0000,12.0000,8.0000,3.0000
1.0140,0.2410,0.1810,0.1160,0.0510,0.0000,0.0000,0.5920,1.0000,3.9610,213.2530,2.6430,0.0000,0.0000,0.0000,66.7795,0.0000,3382.0000,1131.0000,0.0000,9.0000,12.0000,8.0000,4.0000
0.9770,0.3110,0.1970,0.1840,0.0580,0.0000,0.0000,0.4690,1.0000,3.9610,213.2530,2.6430,0.0000,0.0000,0.0000,66.7795,0.0000,3382.0000,1131.0000,0.0000,9.0000,12.0000,8.0000,4.0000
1.2280,0.2540,0.1970,0.1200,0.0550,0.0000,0.0000,0.7770,1.0000,3.9610,213.2530,2.6430,0.0000,0.0000,0.0000,66.7795,0.0000,3382.0000,1131.0000,0.0000,9.0000,12.0000,8.0000,4.0000
1.1010,0.3910,0.2200,0.1930,0.0600,0.0000,0.0000,0.4900,1.0000,3.9610,213.2530,2.6430,0.0000,0.0000,0.0000,66.7802,0.0000,3382.0000,1131.0000,0.0000,9.0000,13.0000,8.0000,4.0000
1.1170,0.2910,0.2090,0.1200,0.0700,0.0000,0.0000,0.6170,1.0000,3.9610,213.2530,2.6430,0.0000,0.0000,0.0000,66.7802,0.0000,3382.0000,1131.0000,0.0000,9.0000,13.0000,8.0000,4.0000
1.2220,0.3360,0.2570,0.1560,0.0760,0.0000,0.0000,0.6290,1.0000,3.9610,213.2530,2.6430,0.0000,0.0000,0.0000,66.7802,0.0000,3382.0000,1131.0000,0.0000,9.0000,13.0000,8.0000,4.0000
1.4680,0.2730,0.2470,0.1230,0.0590,0.0000,0.0000,0.9480,1.0000,3.9610,213.2530,2.6430,0.0000,0.0000,0.0000,66.7802,0.0000,3382.0000,1131.0000,0.0000,9.0000,13.0000,8.0000,4.0000
1.3580,0.5840,0.2570,0.1320,0.0960,0.0000,0.0000,0.5170,1.0000,3.9610,213.2530,2.6430,0.0000,0.0000,0.0000,66.8004,0.0000,3384.0000,1131.0000,0.0000,9.0000,13.0000,8.0000,4.0000
1.0700,0.4450,0.2120,0.1320,0.0570,0.0000,0.0000,0.4130,1.0000,3.9610,213.2530,2.6430,0.0000,0.0000,0.0000,66.8004,0.0000,3384.0000,1131.0000,0.0000,9.0000,13.0000,8.0000,4.0000
1.0400,0.2380,0.2340,0.1190,0.0910,0.0000,0.0000,0.5680,1.0000,3.9610,213.2530,2.6430,0.0000,0.0000,0.0000,66.8005,0.0000,3384.0000,1131.0000,0.0000,9.0000,13.0000,8.0000,4.0000
0.9930,0.2500,0.2160,0.1260,0.0790,0.0000,0.0000,0.5270,1.0000,3.9610,213.2530,2.6430,0.0000,0.0000,0.0000,66.8005,0.0000,3384.0000,1131.0000,0.0000,9.0000,13.0000,8.0000,4.0000
1.1080,0.2330,0.2230,0.1170,0.0860,0.0000,0.0000,0.6520,1.0000,3.9610,213.2530,2.6430,0.0000,0.0000,0.0000,66.8005,0.0000,3384.0000,1131.0000,0.0000,9.0000,13.0000,8.0000,4.0000
1.1840,0.2560,0.2580,0.1280,0.0870,0.0000,0.0000,0.6700,1.0000,3.9610,213.2530,2.6430,0.0000,0.0000,0.0000,66.8108,0.0000,3385.0000,1131.0000,0.0000,9.0000,13.0000,8.0000,4.0000
1.1500,0.2760,0.2390,0.1160,0.0920,0.0000,0.0000,0.6350,1.0000,3.9610,213.2530,2.6430,0.0000,0.0000,0.0000,66.8211,0.0000,3386.0000,1131.0000,0.0000,9.0000,13.0000,8.0000,4.0000
1.0080,0.3060,0.1920,0.1260,0.0500,0.0000,0.0000,0.5100,1.0000,3.9610,213.2530,2.6430,0.0000,0.0000,0.0000,66.8211,0.0000,3386.0000,1131.0000,0.0000,9.0000,13.0000,8.0000,4.0000
1.0050,0.2520,0.2010,0.1200,0.0570,0.0000,0.0000,0.5520,1.0000,3.9610,213.2530,2.6430,0.0000,0.0000,0.0000,66.8212,0.0000,3386.0000,1131.0000,0.0000,9.0000,13.0000,8.0000,4.0000
0.9720,0.2600,0.1820,0.1230,0.0520,0.0000,0.0000,0.5300,1.0000,3.9610,213.2530,2.6430,0.0000,0.0000,0.0000,66.8212,0.0000,3386.0000,1131.0000,0.0000,9.0000,13.0000,8.0000,3.0000
1.1460,0.2480,0.1860,0.1220,0.0560,0.0000,0.0000,0.7120,1.0000,3.9610,213.2530,2.6430,0.0000,0.0000,0.0000,66.8212,0.0000,3386.0000,1131.0000,0.0000,9.0000,13.0000,8.0000,3.0000
1.1200,0.3640,0.2140,0.2010,0.0590,0.0000,0.0000,0.5420,1.0000,3.9610,213.2530,2.6430,0.0000,0.0000,0.0000,66.8212,0.0000,3386.0000,1131.0000,0.0000,9.0000,13.0000,8.0000,3.0000
1.0160,0.3530,0.1980,0.1850,0.0570,0.0000,0.0000,0.4650,1.0000,3.9610,213.2530,2.6430,0.0000,0.0000,0.0000,66.8212,0.0000,3386.0000,1131.0000,0.0000,9.0000,13.0000,8.0000,3.0000
0.9820,0.2760,0.1860,0.1190,0.0540,0.0000,0.0000,0.5200,1.0000,3.9610,213.2530,2.6430,0.0000,0.0000,0.0000,66.8212,0.0000,3386.0000,1131.0000,0.0000,9.0000,13.0000,8.0000,3.0000
1.0210,0.2780,0.1810,0.1220,0.0530,0.0000,0.0000,0.5620,1.0000,3.9610,213.2530,2.6430,0.0000,0.0000,0.0000,66.8212,0.0000,3386.0000,1131.0000,0.0000,9.0000,13.0000,8.0000,3.0000
1.3830,0.2710,0.2130,0.1210,0.0800,0.0000,0.0000,0.8990,1.0000,3.9610,213.2530,2.6430,0.0000,0.0000,0.0000,66.8243,0.0000,3387.0000,1131.0000,0.0000,9.0000,13.0000,8.0000,3.0000
1.4110,0.3880,0.2620,0.2160,0.0610,0.0000,0.0000,0.7610,1.0000,3.9610,213.2530,2.6430,0.0000,0.0000,0.0000,66.8228,0.0000,3387.0000,1131.0000,0.0000,9.0000,13.0000,8.0000,4.0000
1.3410,0.3690,0.2840,0.2410,0.1280,0.0000,0.0000,0.6880,1.0000,3.9610,213.2530,2.6430,0.0000,0.0000,0.0000,66.8611,0.0000,3396.0000,1131.0000,0.0000,9.0000,13.0000,8.0000,4.0000
1.3140,0.4360,0.2570,0.1220,0.0630,0.0000,0.0000,0.6210,1.0000,3.9610,213.2530,2.6430,0.0000,0.0000,0.0000,66.8728,0.0000,3397.0000,1131.0000,0.0000,9.0000,13.0000,8.0000,4.0000
1.8670,0.3270,0.4240,0.1300,0.2560,0.0000,0.0000,1.1160,1.0000,3.9610,213.2530,2.6430,0.0000,0.0000,0.0000,66.8730,0.0000,3397.0000,1131.0000,0.0000,9.0000,13.0000,8.0000,4.0000
1.2120,0.5500,0.2900,0.3990,0.0630,0.0000,0.0000,0.3720,1.0000,3.9610,213.2530,2.6430,0.0000,0.0000,0.0000,66.8730,0.0000,3397.0000,1131.0000,0.0000,9.0000,13.0000,8.0000,4.0000
1.1890,0.2580,0.2550,0.1230,0.0620,0.0000,0.0000,0.6760,1.0000,3.9610,213.2530,2.6430,0.0000,0.0000,0.0000,66.8737,0.0000,3397.0000,1131.0000,0.0000,9.0000,14.0000,8.0000,4.0000
1.0660,0.2820,0.1990,0.1400,0.0560,0.0000,0.0000,0.5850,1.0000,3.9610,213.2530,2.6430,0.0000,0.0000,0.0000,66.8744,0.0000,3397.0000,1131.0000,0.0000,9.0000,15.0000,8.0000,4.0000
1.1890,0.2590,0.2460,0.1180,0.0900,0.0000,0.0000,0.6840,1.0000,3.9610,213.2530,2.6430,0.0000,0.0000,0.0000,66.8840,0.0000,3398.0000,1131.0000,0.0000,9.0000,14.0000,8.0000,4.0000
1.3120,0.3440,0.2510,0.1390,0.1050,0.0000,0.0000,0.7170,1.0000,3.9610,213.2530,2.6430,0.0000,0.0000,0.0000,66.9042,0.0000,3400.0000,1131.0000,0.0000,9.0000,14.0000,8.0000,3.0000
1.1720,0.3990,0.2680,0.1310,0.1210,0.0000,0.0000,0.5050,1.0000,3.9610,213.2530,2.6430,0.0000,0.0000,0.0000,66.9146,0.0000,3401.0000,1131.0000,0.0000,9.0000,14.0000,8.0000,3.0000
1.2230,0.2850,0.2420,0.1200,0.0950,0.0000,0.0000,0.6960,1.0000,3.9610,213.2530,2.6430,0.0000,0.0000,0.0000,66.9356,0.0000,3403.0000,1131.0000,0.0000,9.0000,15.0000,8.0000,3.0000
1.1110,0.3480,0.1940,0.1400,0.0520,0.0000,0.0000,0.5690,1.0000,3.9610,213.2530,2.6430,0.0000,0.0000,0.0000,66.9356,0.0000,3403.0000,1131.0000,0.0000,9.0000,15.0000,8.0000,3.0000
1.0990,0.2760,0.2150,0.1180,0.0590,0.0000,0.0000,0.6080,1.0000,3.9610,213.2530,2.6430,0.0000,0.0000,0.0000,66.9357,0.0000,3403.0000,1131.0000,0.0000,9.0000,15.0000,8.0000,3.0000
1.0540,0.3030,0.1870,0.1760,0.0520,0.0000,0.0000,0.5640,1.0000,3.9610,213.2530,2.6430,0.0000,0.0000,0.0000,66.9357,0.0000,3403.0000,1131.0000,0.0000,9.0000,15.0000,8.0000,3.0000
1.0790,0.2880,0.2000,0.1640,0.0560,0.0000,0.0000,0.5910,1.0000,3.9610,213.2530,2.6430,0.0000,0.0000,0.0000,66.9357,0.0000,3403.0000,1131.0000,0.0000,9.0000,15.0000,8.0000,3.0000
1.0830,0.2830,0.2130,0.1200,0.0650,0.0000,0.0000,0.5870,1.0000,3.9610,213.2530,2.6430,0.0000,0.0000,0.0000,66.9357,0.0000,3403.0000,1131.0000,0.0000,9.0000,15.0000,8.0000,3.0000
1.0550,0.2830,0.2030,0.1200,0.0540,0.0000,0.0000,0.5690,1.0000,3.9610,213.2530,2.6430,0.0000,0.0000,0.0000,66.9357,0.0000,3403.0000,1131.0000,0.0000,9.0000,15.0000,8.0000,3.0000
0.9970,0.2600,0.2020,0.1350,0.0540,0.0000,0.0000,0.5350,1.0000,3.9610,213.2530,2.6430,0.0000,0.0000,0.0000,66.9357,0.0000,3403.0000,1131.0000,0.0000,9.0000,15.0000,8.0000,3.0000
1.0280,0.2370,0.1940,0.1160,0.0510,0.0000,0.0000,0.5970,1.0000,3.9610,213.2530,2.6430,0.0000,0.0000,0.0000,66.9357,0.0000,3403.0000,1131.0000,0.0000,9.0000,15.0000,8.0000,3.0000
2.4330,0.2330,0.2230,0.1150,0.0590,0.0000,0.0000,1.9770,1.0000,3.9610,213.2530,2.6430,0.0000,0.0000,0.0000,66.9364,0.0000,3403.0000,1131.0000,0.0000,9.0000,16.0000,8.0000,3.0000
1.1030,0.2640,0.2130,0.1260,0.0590,0.0000,0.0000,0.6260,1.0000,3.9610,213.2530,2.6430,0.0000,0.0000,0.0000,66.6983,0.0000,3380.0000,1131.0000,0.0000,9.0000,16.0000,8.0000,3.0000
1.4130,0.2710,0.4220,0.1230,0.0650,0.0000,0.0000,0.7200,1.0000,3.9610,213.2530,2.6430,0.0000,0.0000,0.0000,66.6981,0.0000,3380.0000,1131.0000,0.0000,9.0000,16.0000,8.0000,3.0000
1.6590,0.3590,0.6810,0.1320,0.2680,0.0000,0.0000,0.6190,1.0000,3.9610,213.2530,2.6430,0.0000,0.0000,0.0000,66.6947,0.0000,3374.0000,1131.0000,0.0000,9.0000,16.0000,8.0000,3.0000
1.1110,0.2910,0.2090,0.1340,0.0560,0.0000,0.0000,0.6110,1.0000,3.9610,213.2530,2.6430,0.0000,0.0000,0.0000,66.6947,0.0000,3374.0000,1131.0000,0.0000,9.0000,16.0000,8.0000,3.0000
1.1010,0.3160,0.1980,0.1910,0.0540,0.0000,0.0000,0.5870,1.0000,3.9610,213.2530,2.6430,0.0000,0.0000,0.0000,66.6947,0.0000,3374.0000,1131.0000,0.0000,9.0000,16.0000,8.0000,3.0000
1.1530,0.3370,0.2360,0.1720,0.0980,0.0000,0.0000,0.5800,1.0000,3.9610,213.2530,2.6430,0.0000,0.0000,0.0000,66.7050,0.0000,3375.0000,1131.0000,0.0000,9.0000,16.0000,8.0000,3.0000
1.1280,0.2980,0.2050,0.1250,0.0540,0.0000,0.0000,0.6250,1.0000,3.9610,213.2530,2.6430,0.0000,0.0000,0.0000,66.7050,0.0000,3375.0000,1131.0000,0.0000,9.0000,16.0000,8.0000,3.0000
1.2500,0.3190,0.2660,0.2010,0.1250,0.0000,0.0000,0.6650,1.0000,3.9610,213.2530,2.6430,0.0000,0.0000,0.0000,66.7152,0.0000,3376.0000,1131.0000,0.0000,9.0000,16.0000,8.0000,4.0000
1.1920,0.3540,0.2740,0.1840,0.0910,0.0000,0.0000,0.5640,1.0000,3.9610,213.2530,2.6430,0.0000,0.0000,0.0000,66.7242,0.0000,3376.0000,1131.0000,0.0000,9.0000,16.0000,8.0000,4.0000
1.0280,0.3050,0.2170,0.1220,0.0610,0.0000,0.0000,0.5060,1.0000,3.9610,213.2530,2.6430,0.0000,0.0000,0.0000,66.7242,0.0000,3376.0000,1131.0000,0.0000,9.0000,16.0000,8.0000,4.0000
1.5900,0.2540,0.4300,0.1230,0.2800,0.0000,0.0000,0.9060,1.0000,3.9610,213.2530,2.6430,0.0000,0.0000,0.0000,66.7243,0.0000,3376.0000,1131.0000,0.0000,9.0000,16.0000,8.0000,4.0000
1.5300,0.2740,0.5500,0.1340,0.0740,0.0000,0.0000,0.7060,1.0000,3.9610,213.2530,2.6430,0.0000,0.0000,0.0000,66.7243,0.0000,3376.0000,1131.0000,0.0000,9.0000,16.0000,8.0000,4.0000
1.1280,0.2700,0.2440,0.1250,0.0630,0.0000,0.0000,0.6140,1.0000,3.9610,213.2530,2.6430,0.0000,0.0000,0.0000,66.7243,0.0000,3376.0000,1131.0000,0.0000,9.0000,16.0000,8.0000,4.0000
1.0480,0.2970,0.2020,0.1320,0.0680,0.0000,0.0000,0.5490,1.0000,3.9610,213.2530,2.6430,0.0000,0.0000,0.0000,66.7243,0.0000,3376.0000,1131.0000,0.0000,9.0000,16.0000,8.0000,4.0000
1.0540,0.2810,0.2010,0.1240,0.0670,0.0000,0.0000,0.5720,1.0000,3.9610,213.2530,2.6430,0.0000,0.0000,0.0000,66.7243,0.0000,3376.0000,1131.0000,0.0000,9.0000,16.0000,8.0000,4.0000
1.0290,0.2830,0.2090,0.1270,0.0570,0.0000,0.0000,0.5370,1.0000,3.9610,213.2530,2.6430,0.0000,0.0000,0.0000,66.7243,0.0000,3376.0000,1131.0000,0.0000,9.0000,16.0000,8.0000,4.0000
1.0620,0.2430,0.2040,0.1220,0.0570,0.0000,0.0000,0.6150,1.0000,3.9610,213.2530,2.6430,0.0000,0.0000,0.0000,66.7243,0.0000,3376.0000,1131.0000,0.0000,9.0000,16.0000,8.0000,4.0000
0.9900,0.2580,0.1920,0.1430,0.0550,0.0000,0.0000,0.5400,1.0000,3.9610,213.2530,2.6430,0.0000,0.0000,0.0000,66.7243,0.0000,3376.0000,1131.0000,0.0000,9.0000,16.0000,8.0000,4.0000
1.2600,0.2300,0.1910,0.1180,0.0540,0.0000,0.0000,0.8390,1.0000,3.9610,213.2530,2.6430,0.0000,0.0000,0.0000,66.7242,0.0000,3376.0000,1131.0000,0.0000,9.0000,16.0000,8.0000,4.0000
1.2140,0.2350,0.2480,0.1210,0.0660,0.0000,0.0000,0.7310,1.0000,3.9610,213.2530,2.6430,0.0000,0.0000,0.0000,66.7241,0.0000,3376.0000,1131.0000,0.0000,9.0000,16.0000,8.0000,4.0000
1.0240,0.2730,0.2020,0.1480,0.0580,0.0000,0.0000,0.5490,1.0000,3.9610,213.2530,2.6430,0.0000,0.0000,0.0000,66.7241,0.0000,3376.0000,1131.0000,0.0000,9.0000,16.0000,8.0000,4.0000
1.0170,0.2450,0.1880,0.1350,0.0560,0.0000,0.0000,0.5840,1.0000,3.9610,213.2530,2.6430,0.0000,0.0000,0.0000,66.7241,0.0000,3376.0000,1131.0000,0.0000,9.0000,16.0000,8.0000,4.0000
1.0980,0.2370,0.2200,0.1320,0.0850,0.0000,0.0000,0.6410,1.0000,3.9610,213.2530,2.6430,0.0000,0.0000,0.0000,66.7340,0.0000,3377.0000,1131.0000,0.0000,9.0000,16.0000,8.0000,4.0000
1.0270,0.2970,0.1830,0.1240,0.0500,0.0000,0.0000,0.5470,1.0000,3.9610,213.2530,2.6430,0.0000,0.0000,0.0000,66.7341,0.0000,3377.0000,1131.0000,0.0000,9.0000,16.0000,8.0000,4.0000
0.9700,0.2440,0.1800,0.1210,0.0510,0.0000,0.0000,0.5460,1.0000,3.9610,213.2530,2.6430,0.0000,0.0000,0.0000,66.7341,0.0000,3377.0000,1131.0000,0.0000,9.0000,16.0000,8.0000,4.0000
1.2540,0.2720,0.2350,0.1610,0.0930,0.0000,0.0000,0.7470,1.0000,3.9610,213.2530,2.6430,0.0000,0.0000,0.0000,66.7548,0.0000,3379.0000,1131.0000,0.0000,9.0000,16.0000,8.0000,4.0000
1.0430,0.4230,0.2040,0.1780,0.0630,0.0000,0.0000,0.4160,1.0000,3.9610,213.2530,2.6430,0.0000,0.0000,0.0000,66.7548,0.0000,3379.0000,1131.0000,0.0000,9.0000,16.0000,8.0000,4.0000
1.0280,0.2450,0.2050,0.1230,0.0510,0.0000,0.0000,0.5780,1.0000,3.9610,213.2530,2.6430,0.0000,0.0000,0.0000,66.7549,0.0000,3379.0000,1131.0000,0.0000,9.0000,16.0000,8.0000,4.0000
1.0010,0.2570,0.1960,0.1390,0.0500,0.0000,0.0000,0.5480,1.0000,3.9610,213.2530,2.6430,0.0000,0.0000,0.0000,66.7549,0.0000,3379.0000,1131.0000,0.0000,9.0000,16.0000,8.0000,4.0000
1.0550,0.2330,0.1930,0.1190,0.0510,0.0000,0.0000,0.6290,1.0000,3.9610,213.2530,2.6430,0.0000,0.0000,0.0000,66.7549,0.0000,3379.0000,1131.0000,0.0000,9.0000,16.0000,8.0000,4.0000
1.1200,0.3010,0.2250,0.1250,0.0810,0.0000,0.0000,0.5940,1.0000,3.9610,213.2530,2.6430,0.0000,0.0000,0.0000,66.7652,0.0000,3380.0000,1131.0000,0.0000,9.0000,16.0000,8.0000,4.0000
1.0580,0.2780,0.2120,0.1210,0.0790,0.0000,0.0000,0.5680,1.0000,3.9610,213.2530,2.6430,0.0000,0.0000,0.0000,66.7652,0.0000,3380.0000,1131.0000,0.0000,9.0000,16.0000,8.0000,4.0000
1.3720,0.2350,0.2090,0.1200,0.0510,0.0000,0.0000,0.9280,1.0000,3.9610,213.2530,2.6430,0.0000,0.0000,0.0000,66.7652,0.0000,3380.0000,1131.0000,0.0000,9.0000,16.0000,8.0000,4.0000
1.7170,0.3140,0.3440,0.2030,0.0950,0.0000,0.0000,1.0590,1.0000,3.9610,213.2530,2.6430,0.0000,0.0000,0.0000,66.7645,0.0000,3380.0000,1131.0000,0.0000,9.0000,15.0000,8.0000,4.0000
1.2530,0.4860,0.2360,0.2690,0.0620,0.0000,0.0000,0.5310,1.0000,3.9610,213.2530,2.6430,0.0000,0.0000,0.0000,66.7645,0.0000,3380.0000,1131.0000,0.0000,9.0000,15.0000,8.0000,5.0000
1.0490,0.3260,0.2020,0.1960,0.0580,0.0000,0.0000,0.5210,1.0000,3.9610,213.2530,2.6430,0.0000,0.0000,0.0000,66.7645,0.0000,3380.0000,1131.0000,0.0000,9.0000,15.0000,8.0000,5.0000
1.0610,0.2580,0.1930,0.1240,0.0550,0.0000,0.0000,0.6100,1.0000,3.9610,213.2530,2.6430,0.0000,0.0000,0.0000,66.7645,0.0000,3380.0000,1131.0000,0.0000,9.0000,15.0000,8.0000,5.0000
0.9770,0.2540,0.1860,0.1240,0.0530,0.0000,0.0000,0.5370,1.0000,3.9610,213.2530,2.6430,0.0000,0.0000,0.0000,66.7645,0.0000,3380.0000,1131.0000,0.0000,9.0000,15.0000,8.0000,5.0000
1.1460,0.2750,0.2250,0.1580,0.0860,0.0000,0.0000,0.6460,1.0000,3.9610,213.2530,2.6430,0.0000,0.0000,0.0000,66.7752,0.0000,3381.0000,1131.0000,0.0000,9.0000,15.0000,8.0000,5.0000
1.1280,0.3560,0.2190,0.1980,0.0590,0.0000,0.0000,0.5530,1.0000,3.9610,213.2530,2.6430,0.0000,0.0000,0.0000,66.7752,0.0000,3381.0000,1131.0000,0.0000,9.0000,15.0000,8.0000,5.0000
0.9960,0.3480,0.2040,0.1790,0.0560,0.0000,0.0000,0.4440,1.0000,3.9610,213.2530,2.6430,0.0000,0.0000,0.0000,66.7752,0.0000,3381.0000,1131.0000,0.0000,9.0000,15.0000,8.0000,5.0000
0.9790,0.2420,0.2040,0.1210,0.0700,0.0000,0.0000,0.5330,1.0000,3.9610,213.2530,2.6430,0.0000,0.0000,0.0000,66.7752,0.0000,3381.0000,1131.0000,0.0000,9.0000,15.0000,8.0000,5.0000
1.1210,0.2390,0.1930,0.1230,0.0630,0.0000,0.0000,0.6890,1.0000,3.9610,213.2530,2.6430,0.0000,0.0000,0.0000,66.7752,0.0000,3381.0000,1131.0000,0.0000,9.0000,15.0000,8.0000,5.0000
1.2610,0.2650,0.2660,0.1170,0.0950,0.0000,0.0000,0.7300,1.0000,3.9610,213.2530,2.6430,0.0000,0.0000,0.0000,66.7954,0.0000,3383.0000,1131.0000,0.0000,9.0000,15.0000,8.0000,5.0000
1.2120,0.3360,0.2330,0.1270,0.0650,0.0000,0.0000,0.6430,1.0000,3.9610,213.2530,2.6430,0.0000,0.0000,0.0000,66.7954,0.0000,3383.0000,1131.0000,0.0000,9.0000,15.0000,8.0000,5.0000
1.2980,0.2760,0.3140,0.1410,0.0980,0.0000,0.0000,0.7080,1.0000,3.9610,213.2530,2.6430,0.0000,0.0000,0.0000,66.8058,0.0000,3384.0000,1131.0000,0.0000,9.0000,15.0000,8.0000,5.0000
1.3460,0.3740,0.2470,0.1770,0.0670,0.0000,0.0000,0.7250,1.0000,3.9610,213.2530,2.6430,0.0000,0.0000,0.0000,66.8058,0.0000,3384.0000,1131.0000,0.0000,9.0000,15.0000,8.0000,5.0000
1.4960,0.3850,0.2910,0.1700,0.0760,0.0000,0.0000,0.8200,1.0000,3.9610,213.2530,2.6430,0.0000,0.0000,0.0000,66.8059,0.0000,3384.0000,1131.0000,0.0000,9.0000,15.0000,8.0000,5.0000
1.2930,0.3230,0.3000,0.1590,0.1150,0.0000,0.0000,0.6700,1.0000,3.9610,213.2530,2.6430,0.0000,0.0000,0.0000,66.8161,0.0000,3385.0000,1131.0000,0.0000,9.0000,15.0000,8.0000,5.0000
1.1520,0.3540,0.2300,0.1340,0.0590,0.0000,0.0000,0.5680,1.0000,3.9610,213.2530,2.6430,0.0000,0.0000,0.0000,66.8161,0.0000,3385.0000,1131.0000,0.0000,9.0000,15.0000,8.0000,5.0000
1.1380,0.3020,0.2610,0.1310,0.1170,0.0000,0.0000,0.5750,1.0000,3.9610,213.2530,2.6430,0.0000,0.0000,0.0000,66.8264,0.0000,3386.0000,1131.0000,0.0000,9.0000,15.0000,8.0000,5.0000
1.0390,0.2910,0.2210,0.1270,0.0540,0.0000,0.0000,0.5270,1.0000,3.9610,213.2530,2.6430,0.0000,0.0000,0.0000,66.8264,0.0000,3386.0000,1131.0000,0.0000,9.0000,15.0000,8.0000,5.0000
1.0010,0.2410,0.2180,0.1210,0.0530,0.0000,0.0000,0.5420,1.0000,3.9610,213.2530,2.6430,0.0000,0.0000,0.0000,66.8265,0.0000,3386.0000,1131.0000,0.0000,9.0000,15.0000,8.0000,5.0000
1.0380,0.2400,0.2500,0.1250,0.0870,0.0000,0.0000,0.5480,1.0000,3.9610,213.2530,2.6430,0.0000,0.0000,0.0000,66.8265,0.0000,3386.0000,1131.0000,0.0000,9.0000,15.0000,8.0000,5.0000
0.9760,0.2410,0.2110,0.1250,0.0510,0.0000,0.0000,0.5240,1.0000,3.9610,213.2530,2.6430,0.0000,0.0000,0.0000,66.8265,0.0000,3386.0000,1131.0000,0.0000,9.0000,15.0000,8.0000,5.0000
1.0180,0.2260,0.2100,0.1160,0.0520,0.0000,0.0000,0.5820,1.0000,3.9610,213.2530,2.6430,0.0000,0.0000,0.0000,66.8265,0.0000,3386.0000,1131.0000,0.0000,9.0000,15.0000,8.0000,5.0000
1.0310,0.2340,0.2090,0.1230,0.0510,0.0000,0.0000,0.5880,1.0000,3.9610,213.2530,2.6430,0.0000,0.0000,0.0000,66.8265,0.0000,3386.0000,1131.0000,0.0000,9.0000,15.0000,8.0000,5.0000
1.0860,0.2510,0.2220,0.1200,0.0540,0.0000,0.0000,0.6130,1.0000,3.9610,213.2530,2.6430,0.0000,0.0000,0.0000,66.8265,0.0000,3386.0000,1131.0000,0.0000,9.0000,15.0000,8.0000,5.0000
1.0000,0.2370,0.1860,0.1200,0.0520,0.0000,0.0000,0.5770,1.0000,3.9610,213.2530,2.6430,0.0000,0.0000,0.0000,66.8265,0.0000,3386.0000,1131.0000,0.0000,9.0000,15.0000,8.0000,5.0000
1.2490,0.2310,0.1840,0.1200,0.0520,0.0000,0.0000,0.8340,1.0000,3.9610,213.2530,2.6430,0.0000,0.0000,0.0000,66.8265,0.0000,3386.0000,1131.0000,0.0000,9.0000,15.0000,8.0000,5.0000
1.2220,0.4140,0.2170,0.2910,0.0570,0.0000,0.0000,0.5910,1.0000,3.9610,213.2530,2.6430,0.0000,0.0000,0.0000,66.8265,0.0000,3386.0000,1131.0000,0.0000,9.0000,15.0000,8.0000,5.0000
1.2120,0.3090,0.2460,0.1840,0.1040,0.0000,0.0000,0.6570,1.0000,3.9610,213.2530,2.6430,0.0000,0.0000,0.0000,66.8363,0.0000,3387.0000,1131.0000,0.0000,9.0000,15.0000,8.0000,5.0000
1.0740,0.3050,0.1930,0.1300,0.0530,0.0000,0.0000,0.5760,1.0000,3.9610,213.2530,2.6430,0.0000,0.0000,0.0000,66.8363,0.0000,3387.0000,1131.0000,0.0000,9.0000,15.0000,8.0000,5.0000
1.3550,0.2460,0.2600,0.1240,0.1250,0.0000,0.0000,0.8490,1.0000,3.9610,213.2530,2.6430,0.0000,0.0000,0.0000,66.8466,0.0000,3388.0000,1131.0000,0.0000,9.0000,15.0000,8.0000,5.0000
1.1540,0.3070,0.2210,0.1280,0.0580,0.0000,0.0000,0.6260,1.0000,3.9610,213.2530,2.6430,0.0000,0.0000,0.0000,66.8466,0.0000,3388.0000,1131.0000,0.0000,9.0000,15.0000,8.0000,5.0000
1.1070,0.2660,0.2000,0.1280,0.0520,0.0000,0.0000,0.6410,1.0000,3.9610,213.2530,2.6430,0.0000,0.0000,0.0000,66.8467,0.0000,3388.0000,1131.0000,0.0000,9.0000,15.0000,8.0000,5.0000
1.1350,0.2960,0.1850,0.1780,0.0510,0.0000,0.0000,0.6540,1.0000,3.9610,213.2530,2.6430,0.0000,0.0000,0.0000,66.8467,0.0000,3388.0000,1131.0000,0.0000,9.0000,15.0000,8.0000,5.0000
1.1720,0.3090,0.2230,0.1940,0.0580,0.0000,0.0000,0.6400,1.0000,3.9610,213.2530,2.6430,0.0000,0.0000,0.0000,66.8467,0.0000,3388.0000,1131.0000,0.0000,9.0000,15.0000,8.0000,5.0000
1.2810,0.3100,0.2790,0.1320,0.1330,0.0000,0.0000,0.6920,1.0000,3.9610,213.2530,2.6430,0.0000,0.0000,0.0000,66.8675,0.0000,3390.0000,1131.0000,0.0000,9.0000,15.0000,8.0000,5.0000
1.0770,0.3320,0.1930,0.1290,0.0520,0.0000,0.0000,0.5520,1.0000,3.9610,213.2530,2.6430,0.0000,0.0000,0.0000,66.8675,0.0000,3390.0000,1131.0000,0.0000,9.0000,15.0000,8.0000,5.0000
0.9880,0.2390,0.1880,0.1210,0.0510,0.0000,0.0000,0.5610,1.0000,3.9610,213.2530,2.6430,0.0000,0.0000,0.0000,66.8683,0.0000,3390.0000,1131.0000,0.0000,9.0000,16.0000,8.0000,4.0000
1.8980,0.2510,0.8240,0.1340,0.6360,0.0000,0.0000,0.8230,1.0000,3.9610,213.2530,2.6430,0.0000,0.0000,0.0000,66.8887,0.0000,3392.0000,1131.0000,0.0000,9.0000,16.0000,8.0000,4.0000
1.0920,0.3580,0.2110,0.1280,0.0560,0.0000,0.0000,0.5230,1.0000,3.9610,213.2530,2.6430,0.0000,0.0000,0.0000,66.8887,0.0000,3392.0000,1131.0000,0.0000,9.0000,16.0000,8.0000,4.0000
2.8600,0.2470,0.1950,0.1210,0.0530,0.0000,0.0000,2.4180,1.0000,3.9610,213.2530,2.6430,0.0000,0.0000,0.0000,66.8888,0.0000,3392.0000,1131.0000,0.0000,9.0000,16.0000,8.0000,4.0000
1.1860,2.0280,0.2770,0.9700,0.0610,0.0000,0.0000,0.0000,1.0000,3.9610,213.2530,2.6430,0.0000,0.0000,0.0000,66.8888,0.0000,3392.0000,1131.0000,0.0000,9.0000,16.0000,8.0000,4.0000
1.1990,0.2800,0.2110,0.1450,0.0560,0.0000,0.0000,0.7080,1.0000,3.9610,213.2530,2.6430,0.0000,0.0000,0.0000,66.8888,0.0000,3392.0000,1131.0000,0.0000,9.0000,16.0000,8.0000,4.0000
1.0780,0.2720,0.2090,0.1540,0.0600,0.0000,0.0000,0.5970,1.0000,3.9610,213.2530,2.6430,0.0000,0.0000,0.0000,66.8888,0.0000,3392.0000,1131.0000,0.0000,9.0000,16.0000,8.0000,4.0000
0.9940,0.3060,0.1880,0.1770,0.0520,0.0000,0.0000,0.5000,1.0000,3.9610,213.2530,2.6430,0.0000,0.0000,0.0000,66.8881,0.0000,3392.0000,1131.0000,0.0000,9.0000,15.0000,8.0000,4.0000
2.3620,0.2840,0.2510,0.1660,0.0740,0.0000,0.0000,1.8270,1.0000,3.9610,213.2530,2.6430,0.0000,0.0000,0.0000,66.8881,0.0000,3392.0000,1131.0000,0.0000,9.0000,15.0000,8.0000,4.0000
1.6170,0.3070,0.2980,0.1330,0.0660,0.0000,0.0000,1.0120,1.0000,3.9610,213.2530,2.6430,0.0000,0.0000,0.0000,66.7320,0.0000,3377.0000,1131.0000,0.0000,9.0000,15.0000,8.0000,4.0000
1.2820,0.5650,0.2430,0.4260,0.0620,0.0000,0.0000,0.4740,1.0000,3.9610,213.2530,2.6430,0.0000,0.0000,0.0000,66.7320,0.0000,3377.0000,1131.0000,0.0000,9.0000,15.0000,8.0000,4.0000
1.3700,0.3280,0.3530,0.1330,0.1610,0.0000,0.0000,0.6890,1.0000,3.9610,213.2530,2.6430,0.0000,0.0000,0.0000,66.7422,0.0000,3378.0000,1131.0000,0.0000,9.0000,15.0000,8.0000,4.0000
1.1830,0.3130,0.2510,0.1310,0.0720,0.0000,0.0000,0.6190,1.0000,3.9610,213.2530,2.6430,0.0000,0.0000,0.0000,66.7422,0.0000,3378.0000,1131.0000,0.0000,9.0000,15.0000,8.0000,4.0000
1.1700,0.2990,0.2290,0.1450,0.0610,0.0000,0.0000,0.6420,1.0000,3.9610,213.2530,2.6430,0.0000,0.0000,0.0000,66.7423,0.0000,3378.0000,1131.0000,0.0000,9.0000,15.0000,8.0000,4.0000
1.5160,0.3270,0.2710,0.1920,0.1010,0.0000,0.0000,0.9180,1.0000,3.9610,213.2530,2.6430,0.0000,0.0000,0.0000,66.7625,0.0000,3380.0000,1131.0000,0.0000,9.0000,15.0000,8.0000,4.0000
1.5290,0.5430,0.3300,0.1790,0.0830,0.0000,0.0000,0.6560,1.0000,3.9610,213.2530,2.6430,0.0000,0.0000,0.0000,66.7625,0.0000,3380.0000,1131.0000,0.0000,9.0000,15.0000,8.0000,4.0000
1.2630,0.3710,0.2540,0.1770,0.0610,0.0000,0.0000,0.6380,1.0000,3.9610,213.2530,2.6430,0.0000,0.0000,0.0000,66.7626,0.0000,3380.0000,1131.0000,0.0000,9.0000,15.0000,8.0000,4.0000
1.3880,0.2960,0.2250,0.1350,0.0580,0.0000,0.0000,0.8670,1.0000,3.9610,213.2530,2.6430,0.0000,0.0000,0.0000,66.7626,0.0000,3380.0000,1131.0000,0.0000,9.0000,15.0000,8.0000,4.0000
1.4190,0.3580,0.2310,0.2170,0.0590,0.0000,0.0000,0.8300,1.0000,3.9610,213.2530,2.6430,0.0000,0.0000,0.0000,66.7626,0.0000,3380.0000,1131.0000,0.0000,9.0000,15.0000,8.0000,4.0000
1.2130,0.4350,0.2480,0.2280,0.0700,0.0000,0.0000,0.5300,1.0000,3.9610,213.2530,2.6430,0.0000,0.0000,0.0000,66.7626,0.0000,3380.0000,1131.0000,0.0000,9.0000,15.0000,8.0000,4.0000
1.2690,0.2840,0.2710,0.1360,0.1040,0.0000,0.0000,0.7140,1.0000,3.9610,213.2530,2.6430,0.0000,0.0000,0.0000,66.7626,0.0000,3380.0000,1131.0000,0.0000,9.0000,15.0000,8.0000,4.0000
1.3170,0.3160,0.2620,0.1320,0.0940,0.0000,0.0000,0.7390,1.0000,3.9610,213.2530,2.6430,0.0000,0.0000,0.0000,66.7724,0.0000,3381.0000,1131.0000,0.0000,9.0000,15.0000,8.0000,4.0000
1.1910,0.3940,0.2320,0.1470,0.0580,0.0000,0.0000,0.5650,1.0000,3.9610,213.2530,2.6430,0.0000,0.0000,0.0000,66.7724,0.0000,3381.0000,1131.0000,0.0000,9.0000,15.0000,8.0000,4.0000
1.2240,0.3460,0.2150,0.2060,0.0580,0.0000,0.0000,0.6630,1.0000,3.9610,213.2530,2.6430,0.0000,0.0000,0.0000,66.7725,0.0000,3381.0000,1131.0000,0.0000,9.0000,15.0000,8.0000,4.0000
1.2590,0.3150,0.3120,0.1340,0.1330,0.0000,0.0000,0.6320,1.0000,3.9610,213.2530,2.6430,0.0000,0.0000,0.0000,66.7827,0.0000,3382.0000,1131.0000,0.0000,9.0000,15.0000,8.0000,4.0000
1.1780,0.3240,0.2390,0.1310,0.0610,0.0000,0.0000,0.6150,1.0000,3.9610,213.2530,2.6430,0.0000,0.0000,0.0000,66.7827,0.0000,3382.0000,1131.0000,0.0000,9.0000,15.0000,8.0000,4.0000
1.1110,0.2680,0.2140,0.1390,0.0570,0.0000,0.0000,0.6290,1.0000,3.9610,213.2530,2.6430,0.0000,0.0000,0.0000,66.7828,0.0000,3382.0000,1131.0000,0.0000,9.0000,15.0000,8.0000,4.0000
1.0800,0.2610,0.2140,0.1380,0.0570,0.0000,0.0000,0.6050,1.0000,3.9610,213.2530,2.6430,0.0000,0.0000,0.0000,66.7828,0.0000,3382.0000,1131.0000,0.0000,9.0000,15.0000,8.0000,4.0000
1.0450,0.3150,0.2040,0.1770,0.0550,0.0000,0.0000,0.5260,1.0000,3.9610,213.2530,2.6430,0.0000,0.0000,0.0000,66.7828,0.0000,3382.0000,1131.0000,0.0000,9.0000,15.0000,8.0000,4.0000
1.1300,0.3050,0.2210,0.1810,0.0840,0.0000,0.0000,0.6040,1.0000,3.9610,213.2530,2.6430,0.0000,0.0000,0.0000,66.7935,0.0000,3383.0000,1131.0000,0.0000,9.0000,15.0000,8.0000,4.0000
1.3250,0.3310,0.1970,0.1260,0.0530,0.0000,0.0000,0.7970,1.0000,3.9610,213.2530,2.6430,0.0000,0.0000,0.0000,66.7935,0.0000,3383.0000,1131.0000,0.0000,9.0000,15.0000,8.0000,4.0000
1.5140,0.4000,0.3280,0.1790,0.0790,0.0000,0.0000,0.7860,1.0000,3.9610,213.2530,2.6430,0.0000,0.0000,0.0000,66.7936,0.0000,3383.0000,1131.0000,0.0000,9.0000,15.0000,8.0000,4.0000
1.5770,0.3920,0.3030,0.1940,0.0810,0.0000,0.0000,0.8820,1.0000,3.9610,213.2530,2.6430,0.0000,0.0000,0.0000,66.7936,0.0000,3383.0000,1131.0000,0.0000,9.0000,15.0000,8.0000,4.0000
1.5630,0.3680,0.3870,0.1730,0.0880,0.0000,0.0000,0.8080,1.0000,3.9610,213.2530,2.6430,0.0000,0.0000,0.0000,66.7936,0.0000,3383.0000,1131.0000,0.0000,9.0000,15.0000,8.0000,4.0000
1.5800,0.4340,0.2950,0.2390,0.0800,0.0000,0.0000,0.8510,1.0000,3.9610,213.2530,2.6430,0.0000,0.0000,0.0000,66.7936,0.0000,3383.0000,1131.0000,0.0000,9.0000,15.0000,8.0000,4.0000
1.6580,0.3630,0.3260,0.1780,0.1020,0.0000,0.0000,0.9690,1.0000,3.9610,213.2530,2.6430,0.0000,0.0000,0.0000,66.7936,0.0000,3383.0000,1131.0000,0.0000,9.0000,15.0000,8.0000,4.0000
1.5510,0.5070,0.3500,0.2560,0.0860,0.0000,0.0000,0.6940,1.0000,3.9610,213.2530,2.6430,0.0000,0.0000,0.0000,66.7936,0.0000,3383.0000,1131.0000,0.0000,9.0000,15.0000,8.0000,4.0000
1.6390,0.3750,0.3470,0.1930,0.1200,0.0000,0.0000,0.9170,1.0000,3.9610,213.2530,2.6430,0.0000,0.0000,0.0000,66.8038,0.0000,3384.0000,1131.0000,0.0000,9.0000,15.0000,8.0000,4.0000
1.2750,0.4150,0.3290,0.1760,0.0650,0.0000,0.0000,0.5310,1.0000,3.9610,213.2530,2.6430,0.0000,0.0000,0.0000,66.8038,0.0000,3384.0000,1131.0000,0.0000,9.0000,15.0000,8.0000,4.0000
1.1610,0.2890,0.2230,0.1490,0.0590,0.0000,0.0000,0.6490,1.0000,3.9610,213.2530,2.6430,0.0000,0.0000,0.0000,66.8039,0.0000,3384.0000,1131.0000,0.0000,9.0000,15.0000,8.0000,4.0000
1.6190,0.2800,0.2410,0.1390,0.0590,0.0000,0.0000,1.0980,1.0000,3.9610,213.2530,2.6430,0.0000,0.0000,0.0000,66.8039,0.0000,3384.0000,1131.0000,0.0000,9.0000,15.0000,8.0000,4.0000
1.7910,0.7250,0.2780,0.1450,0.0630,0.0000,0.0000,0.7880,1.0000,3.9610,213.2530,2.6430,0.0000,0.0000,0.0000,66.8039,0.0000,3384.0000,1131.0000,0.0000,9.0000,15.0000,8.0000,4.0000
1.1760,0.3130,0.2760,0.1270,0.1040,0.0000,0.0000,0.5870,1.0000,3.9610,213.2530,2.6430,0.0000,0.0000,0.0000,66.8039,0.0000,3384.0000,1131.0000,0.0000,9.0000,15.0000,8.0000,4.0000
1.0790,0.2580,0.2290,0.1270,0.0550,0.0000,0.0000,0.5920,1.0000,3.9610,213.2530,2.6430,0.0000,0.0000,0.0000,66.8039,0.0000,3384.0000,1131.0000,0.0000,9.0000,15.0000,8.0000,4.0000
1.1530,0.2450,0.2570,0.1250,0.0840,0.0000,0.0000,0.6510,1.0000,3.9610,213.2530,2.6430,0.0000,0.0000,0.0000,66.8141,0.0000,3385.0000,1131.0000,0.0000,9.0000,15.0000,8.0000,4.0000
1.0120,0.2980,0.1890,0.1380,0.0510,0.0000,0.0000,0.5250,1.0000,3.9610,213.2530,2.6430,0.0000,0.0000,0.0000,66.8141,0.0000,3385.0000,1131.0000,0.0000,9.0000,15.0000,8.0000,4.0000
1.0000,0.2520,0.1830,0.1340,0.0500,0.0000,0.0000,0.5650,1.0000,3.9610,213.2530,2.6430,0.0000,0.0000,0.0000,66.8142,0.0000,3385.0000,1131.0000,0.0000,9.0000,15.0000,8.0000,4.0000
1.3460,0.2460,0.2350,0.1330,0.0990,0.0000,0.0000,0.8650,1.0000,3.9610,213.2530,2.6430,0.0000,0.0000,0.0000,66.8447,0.0000,3388.0000,1131.0000,0.0000,9.0000,15.0000,8.0000,4.0000
1.3630,0.4360,0.2070,0.1810,0.0640,0.0000,0.0000,0.7200,1.0000,3.9610,213.2530,2.6430,0.0000,0.0000,0.0000,66.8447,0.0000,3388.0000,1131.0000,0.0000,9.0000,15.0000,8.0000,4.0000
1.1260,0.5090,0.2660,0.1380,0.0590,0.0000,0.0000,0.3510,1.0000,3.9610,213.2530,2.6430,0.0000,0.0000,0.0000,66.8448,0.0000,3388.0000,1131.0000,0.0000,9.0000,15.0000,8.0000,4.0000
1.0060,0.2570,0.1980,0.1250,0.0540,0.0000,0.0000,0.5510,1.0000,3.9610,213.2530,2.6430,0.0000,0.0000,0.0000,66.8448,0.0000,3388.0000,1131.0000,0.0000,9.0000,15.0000,8.0000,4.0000
1.0110,0.2390,0.2240,0.1220,0.0520,0.0000,0.0000,0.5480,1.0000,3.9610,213.2530,2.6430,0.0000,0.0000,0.0000,66.8448,0.0000,3388.0000,1131.0000,0.0000,9.0000,15.0000,8.0000,4.0000
0.9320,0.2360,0.1840,0.1190,0.0500,0.0000,0.0000,0.5120,1.0000,3.9610,213.2530,2.6430,0.0000,0.0000,0.0000,66.8448,0.0000,3388.0000,1131.0000,0.0000,9.0000,15.0000,8.0000,4.0000
0.9480,0.2300,0.1830,0.1170,0.0510,0.0000,0.0000,0.5350,1.0000,3.9610,213.2530,2.6430,0.0000,0.0000,0.0000,66.8448,0.0000,3388.0000,1131.0000,0.0000,9.0000,15.0000,8.0000,4.0000
0.9470,0.2290,0.2060,0.1160,0.0510,0.0000,0.0000,0.5120,1.0000,3.9610,213.2530,2.6430,0.0000,0.0000,0.0000,66.8448,0.0000,3388.0000,1131.0000,0.0000,9.0000,15.0000,8.0000,4.0000
0.9940,0.2260,0.2040,0.1150,0.0500,0.0000,0.0000,0.5640,1.0000,3.9610,213.2530,2.6430,0.0000,0.0000,0.0000,66.8448,0.0000,3388.0000,1131.0000,0.0000,9.0000,15.0000,8.0000,4.0000
0.9470,0.2320,0.2070,0.1190,0.0510,0.0000,0.0000,0.5080,1.0000,3.9610,213.2530,2.6430,0.0000,0.0000,0.0000,66.8448,0.0000,3388.0000,1131.0000,0.0000,9.0000,15.0000,8.0000,4.0000
0.9670,0.2290,0.2180,0.1170,0.0860,0.0000,0.0000,0.5200,1.0000,3.9610,213.2530,2.6430,0.0000,0.0000,0.0000,66.8448,0.0000,3388.0000,1131.0000,0.0000,9.0000,15.0000,8.0000,4.0000
0.9570,0.2320,0.1770,0.1170,0.0500,0.0000,0.0000,0.5480,1.0000,3.9610,213.2530,2.6430,0.0000,0.0000,0.0000,66.8448,0.0000,3388.0000,1131.0000,0.0000,9.0000,15.0000,8.0000,4.0000
1.0690,0.2330,0.1820,0.1190,0.0500,0.0000,0.0000,0.6540,1.0000,3.9610,213.2530,2.6430,0.0000,0.0000,0.0000,66.8448,0.0000,3388.0000,1131.0000,0.0000,9.0000,15.0000,8.0000,4.0000
1.1130,0.2350,0.2450,0.1180,0.1170,0.0000,0.0000,0.6330,1.0000,3.9610,213.2530,2.6430,0.0000,0.0000,0.0000,66.8551,0.0000,3389.0000,1131.0000,0.0000,9.0000,15.0000,8.0000,4.0000
1.0010,0.2730,0.2200,0.1180,0.0530,0.0000,0.0000,0.5080,1.0000,3.9610,213.2530,2.6430,0.0000,0.0000,0.0000,66.8551,0.0000,3389.0000,1131.0000,0.0000,9.0000,15.0000,8.0000,4.0000
0.9550,0.2300,0.2050,0.1160,0.0520,0.0000,0.0000,0.5200,1.0000,3.9610,213.2530,2.6430,0.0000,0.0000,0.0000,66.8552,0.0000,3389.0000,1131.0000,0.0000,9.0000,15.0000,8.0000,4.0000
0.9860,0.2300,0.2070,0.1170,0.0520,0.0000,0.0000,0.5490,1.0000,3.9610,213.2530,2.6430,0.0000,0.0000,0.0000,66.8552,0.0000,3389.0000,1131.0000,0.0000,9.0000,15.0000,8.0000,4.0000
0.9420,0.2320,0.2040,0.1170,0.0510,0.0000,0.0000,0.5060,1.0000,3.9610,213.2530,2.6430,0.0000,0.0000,0.0000,66.8552,0.0000,3389.0000,1131.0000,0.0000,9.0000,15.0000,8.0000,4.0000
1.0490,0.2280,0.2370,0.1170,0.1110,0.0000,0.0000,0.5840,1.0000,3.9610,213.2530,2.6430,0.0000,0.0000,0.0000,66.8654,0.0000,3390.0000,1131.0000,0.0000,9.0000,15.0000,8.0000,4.0000
0.9610,0.2770,0.2110,0.1200,0.0540,0.0000,0.0000,0.4730,1.0000,3.9610,213.2530,2.6430,0.0000,0.0000,0.0000,66.8654,0.0000,3390.0000,1131.0000,0.0000,9.0000,15.0000,8.0000,4.0000
1.1130,0.2310,0.2430,0.1170,0.1150,0.0000,0.0000,0.6390,1.0000,3.9610,213.2530,2.6430,0.0000,0.0000,0.0000,66.8764,0.0000,3391.0000,1131.0000,0.0000,9.0000,16.0000,8.0000,4.0000
1.1000,0.2800,0.2200,0.1200,0.0520,0.0000,0.0000,0.6000,1.0000,3.9610,213.2530,2.6430,0.0000,0.0000,0.0000,66.8764,0.0000,3391.0000,1131.0000,0.0000,9.0000,16.0000,8.0000,4.0000
1.3390,0.2900,0.2100,0.1390,0.0590,0.0000,0.0000,0.8390,1.0000,3.9610,213.2530,2.6430,0.0000,0.0000,0.0000,66.8765,0.0000,3391.0000,1131.0000,0.0000,9.0000,16.0000,8.0000,4.0000
1.3920,0.4210,0.2530,0.2330,0.0910,0.0000,0.0000,0.7180,1.0000,3.9610,213.2530,2.6430,0.0000,0.0000,0.0000,66.8868,0.0000,3392.0000,1131.0000,0.0000,9.0000,16.0000,8.0000,4.0000
1.0550,0.4980,0.2400,0.1680,0.0870,0.0000,0.0000,0.3170,1.0000,3.9610,213.2530,2.6430,0.0000,0.0000,0.0000,66.8868,0.0000,3392.0000,1131.0000,0.0000,9.0000,16.0000,8.0000,4.0000
1.0040,0.2490,0.2200,0.1220,0.0810,0.0000,0.0000,0.5350,1.0000,3.9610,213.2530,2.6430,0.0000,0.0000,0.0000,66.8868,0.0000,3392.0000,1131.0000,0.0000,9.0000,16.0000,8.0000,3.0000
0.9890,0.2500,0.2190,0.1260,0.0850,0.0000,0.0000,0.5200,1.0000,3.9610,213.2530,2.6430,0.0000,0.0000,0.0000,66.8868,0.0000,3392.0000,1131.0000,0.0000,9.0000,16.0000,8.0000,3.0000
1.0240,0.2450,0.2250,0.1250,0.0860,0.0000,0.0000,0.5540,1.0000,3.9610,213.2530,2.6430,0.0000,0.0000,0.0000,66.8868,0.0000,3392.0000,1131.0000,0.0000,9.0000,16.0000,8.0000,3.0000
1.0450,0.2460,0.2150,0.1240,0.0830,0.0000,0.0000,0.5840,1.0000,3.9610,213.2530,2.6430,0.0000,0.0000,0.0000,66.8868,0.0000,3392.0000,1131.0000,0.0000,9.0000,16.0000,8.0000,3.0000
1.0380,0.2870,0.2380,0.1330,0.0590,0.0000,0.0000,0.5130,1.0000,3.9610,213.2530,2.6430,0.0000,0.0000,0.0000,66.8868,0.0000,3392.0000,1131.0000,0.0000,9.0000,16.0000,8.0000,3.0000
1.0090,0.2460,0.2140,0.1220,0.0540,0.0000,0.0000,0.5490,1.0000,3.9610,213.2530,2.6430,0.0000,0.0000,0.0000,66.8868,0.0000,3392.0000,1131.0000,0.0000,9.0000,16.0000,8.0000,3.0000
1.0060,0.2300,0.2440,0.1150,0.0880,0.0000,0.0000,0.5320,1.0000,3.9610,213.2530,2.6430,0.0000,0.0000,0.0000,66.8868,0.0000,3392.0000,1131.0000,0.0000,9.0000,16.0000,8.0000,3.0000
0.9570,0.2330,0.2150,0.1160,0.0540,0.0000,0.0000,0.5090,1.0000,3.9610,213.2530,2.6430,0.0000,0.0000,0.0000,66.8875,0.0000,3392.0000,1131.0000,0.0000,9.0000,17.0000,8.0000,3.0000
1.0280,0.2320,0.2190,0.1170,0.0540,0.0000,0.0000,0.5770,1.0000,3.9610,213.2530,2.6430,0.0000,0.0000,0.0000,66.8875,0.0000,3392.0000,1131.0000,0.0000,9.0000,17.0000,8.0000,3.0000
1.0700,0.2610,0.2560,0.1450,0.0600,0.0000,0.0000,0.5530,1.0000,3.9610,213.2530,2.6430,0.0000,0.0000,0.0000,66.8875,0.0000,3392.0000,1131.0000,0.0000,9.0000,17.0000,8.0000,3.0000
1.0550,0.2510,0.2380,0.1250,0.0570,0.0000,0.0000,0.5660,1.0000,3.9610,213.2530,2.6430,0.0000,0.0000,0.0000,66.8875,0.0000,3392.0000,1131.0000,0.0000,9.0000,17.0000,8.0000,3.0000
1.0470,0.2410,0.2180,0.1190,0.0840,0.0000,0.0000,0.5880,1.0000,3.9610,213.2530,2.6430,0.0000,0.0000,0.0000,66.8978,0.0000,3393.0000,1131.0000,0.0000,9.0000,17.0000,8.0000,3.0000
1.0500,0.2900,0.1840,0.1320,0.0510,0.0000,0.0000,0.5760,1.0000,3.9610,213.2530,2.6430,0.0000,0.0000,0.0000,66.8978,0.0000,3393.0000,1131.0000,0.0000,9.0000,17.0000,8.0000,3.0000
1.3920,0.2890,0.2850,0.1370,0.0780,0.0000,0.0000,0.8180,1.0000,3.9610,213.2530,2.6430,0.0000,0.0000,0.0000,66.8980,0.0000,3393.0000,1131.0000,0.0000,9.0000,17.0000,8.0000,4.0000
2.4360,0.4040,0.2340,0.2550,0.0760,0.0000,0.0000,1.7980,1.0000,3.9610,213.2530,2.6430,0.0000,0.0000,0.0000,66.8980,0.0000,3393.0000,1131.0000,0.0000,9.0000,17.0000,8.0000,4.0000
1.7820,0.2500,0.2930,0.1230,0.0770,0.0000,0.0000,1.2390,1.0000,3.9610,213.2530,2.6430,0.0000,0.0000,0.0000,66.7029,0.0000,3374.0000,1131.0000,0.0000,9.0000,17.0000,8.0000,4.0000
1.6330,0.5200,0.3750,0.3270,0.0930,0.0000,0.0000,0.7380,1.0000,3.9610,213.2530,2.6430,0.0000,0.0000,0.0000,66.7027,0.0000,3374.0000,1131.0000,0.0000,9.0000,17.0000,8.0000,4.0000
1.6670,0.3940,0.3430,0.2060,0.1100,0.0000,0.0000,0.9300,1.0000,3.9610,213.2530,2.6430,0.0000,0.0000,0.0000,66.7027,0.0000,3374.0000,1131.0000,0.0000,9.0000,17.0000,8.0000,4.0000
1.8500,0.3840,0.4430,0.1890,0.1550,0.0000,0.0000,1.0230,1.0000,3.9610,213.2530,2.6430,0.0000,0.0000,0.0000,66.7229,0.0000,3376.0000,1131.0000,0.0000,9.0000,17.0000,8.0000,4.0000
1.5950,0.5390,0.3600,0.1940,0.0910,0.0000,0.0000,0.6960,1.0000,3.9610,213.2530,2.6430,0.0000,0.0000,0.0000,66.7229,0.0000,3376.0000,1131.0000,0.0000,9.0000,17.0000,8.0000,4.0000
1.6560,0.4470,0.2960,0.2390,0.0750,0.0000,0.0000,0.9130,1.0000,3.9610,213.2530,2.6430,0.0000,0.0000,0.0000,66.7230,0.0000,3376.0000,1131.0000,0.0000,9.0000,17.0000,8.0000,4.0000
1.9050,0.3850,0.4070,0.1850,0.1640,0.0000,0.0000,1.1130,1.0000,3.9610,213.2530,2.6430,0.0000,0.0000,0.0000,66.7499,0.0000,3378.0000,1131.0000,0.0000,9.0000,17.0000,8.0000,4.0000
1.5750,0.5640,0.3100,0.1800,0.0850,0.0000,0.0000,0.7010,1.0000,3.9610,213.2530,2.6430,0.0000,0.0000,0.0000,66.7499,0.0000,3378.0000,1131.0000,0.0000,9.0000,17.0000,8.0000,4.0000
2.2450,0.5050,0.6970,0.3110,0.1120,0.0000,0.0000,1.0430,1.0000,3.9610,213.2530,2.6430,0.0000,0.0000,0.0000,66.7501,0.0000,3378.0000,1131.0000,0.0000,9.0000,17.0000,8.0000,4.0000
1.7520,0.4770,0.3860,0.2060,0.0990,0.0000,0.0000,0.8890,1.0000,3.9610,213.2530,2.6430,0.0000,0.0000,0.0000,66.7501,0.0000,3378.0000,1131.0000,0.0000,9.0000,17.0000,8.0000,4.0000
1.6660,0.4830,0.3980,0.2610,0.1470,0.0000,0.0000,0.7850,1.0000,3.9610,213.2530,2.6430,0.0000,0.0000,0.0000,66.7494,0.0000,3378.0000,1131.0000,0.0000,9.0000,16.0000,8.0000,4.0000
1.7150,0.3960,0.3360,0.2030,0.0970,0.0000,0.0000,0.9830,1.0000,3.9610,213.2530,2.6430,0.0000,0.0000,0.0000,66.7494,0.0000,3378.0000,1131.0000,0.0000,9.0000,16.0000,8.0000,4.0000
1.7160,0.3930,0.3920,0.1970,0.0990,0.0000,0.0000,0.9310,1.0000,3.9610,213.2530,2.6430,0.0000,0.0000,0.0000,66.7494,0.0000,3378.0000,1131.0000,0.0000,9.0000,16.0000,8.0000,4.0000
1.5850,0.4080,0.3710,0.1730,0.0930,0.0000,0.0000,0.8060,1.0000,3.9610,213.2530,2.6430,0.0000,0.0000,0.0000,66.7494,0.0000,3378.0000,1131.0000,0.0000,9.0000,16.0000,8.0000,4.0000
1.5750,0.3710,0.3020,0.1900,0.0820,0.0000,0.0000,0.9020,1.0000,3.9610,213.2530,2.6430,0.0000,0.0000,0.0000,66.7494,0.0000,3378.0000,1131.0000,0.0000,9.0000,16.0000,8.0000,4.0000
1.6250,0.4760,0.3420,0.1770,0.0820,0.0000,0.0000,0.8070,1.0000,3.9610,213.2530,2.6430,0.0000,0.0000,0.0000,66.7494,0.0000,3378.0000,1131.0000,0.0000,9.0000,16.0000,8.0000,4.0000
1.8440,0.3850,0.3480,0.1840,0.0910,0.0000,0.0000,1.1110,1.0000,3.9610,213.2530,2.6430,0.0000,0.0000,0.0000,66.7494,0.0000,3378.0000,1131.0000,0.0000,9.0000,16.0000,8.0000,4.0000
1.8280,0.4750,0.3430,0.2100,0.1010,0.0000,0.0000,1.0100,1.0000,3.9610,213.2530,2.6430,0.0000,0.0000,0.0000,66.7501,0.0000,3378.0000,1131.0000,0.0000,9.0000,17.0000,8.0000,4.0000
1.5950,0.3840,0.3360,0.1830,0.0920,0.0000,0.0000,0.8750,1.0000,3.9610,213.2530,2.6430,0.0000,0.0000,0.0000,66.7508,0.0000,3378.0000,1131.0000,0.0000,9.0000,18.0000,8.0000,4.0000
1.7690,0.4310,0.4230,0.1760,0.1800,0.0000,0.0000,0.9150,1.0000,3.9610,213.2530,2.6430,0.0000,0.0000,0.0000,66.7710,0.0000,3380.0000,1131.0000,0.0000,9.0000,18.0000,8.0000,4.0000
1.5100,0.5250,0.3220,0.2440,0.0910,0.0000,0.0000,0.6630,1.0000,3.9610,213.2530,2.6430,0.0000,0.0000,0.0000,66.7710,0.0000,3380.0000,1131.0000,0.0000,9.0000,18.0000,8.0000,4.0000
1.4110,0.3550,0.2920,0.1760,0.0800,0.0000,0.0000,0.7640,1.0000,3.9610,213.2530,2.6430,0.0000,0.0000,0.0000,66.7711,0.0000,3380.0000,1131.0000,0.0000,9.0000,18.0000,8.0000,4.0000
1.5270,0.4160,0.2920,0.2350,0.0880,0.0000,0.0000,0.8190,1.0000,3.9610,213.2530,2.6430,0.0000,0.0000,0.0000,66.7711,0.0000,3380.0000,1131.0000,0.0000,9.0000,18.0000,8.0000,4.0000
1.5310,0.3460,0.3040,0.1720,0.0840,0.0000,0.0000,0.8810,1.0000,3.9610,213.2530,2.6430,0.0000,0.0000,0.0000,66.7704,0.0000,3380.0000,1131.0000,0.0000,9.0000,17.0000,8.0000,4.0000
1.6610,0.4580,0.3480,0.2530,0.0860,0.0000,0.0000,0.8550,1.0000,3.9610,213.2530,2.6430,0.0000,0.0000,0.0000,66.7704,0.0000,3380.0000,1131.0000,0.0000,9.0000,17.0000,8.0000,4.0000
1.4660,0.3960,0.3170,0.1970,0.0840,0.0000,0.0000,0.7530,1.0000,3.9610,213.2530,2.6430,0.0000,0.0000,0.0000,66.7704,0.0000,3380.0000,1131.0000,0.0000,9.0000,17.0000,8.0000,4.0000
2.0490,0.4110,0.7430,0.1650,0.5130,0.0000,0.0000,0.8950,1.0000,3.9610,213.2530,2.6430,0.0000,0.0000,0.0000,66.7844,0.0000,3382.0000,1131.0000,0.0000,9.0000,17.0000,8.0000,4.0000
1.5380,0.5620,0.3560,0.2720,0.1310,0.0000,0.0000,0.6200,1.0000,3.9610,213.2530,2.6430,0.0000,0.0000,0.0000,66.7844,0.0000,3382.0000,1131.0000,0.0000,9.0000,17.0000,8.0000,4.0000
1.4600,0.3720,0.3010,0.1920,0.0790,0.0000,0.0000,0.7870,1.0000,3.9610,213.2530,2.6430,0.0000,0.0000,0.0000,66.7845,0.0000,3382.0000,1131.0000,0.0000,9.0000,17.0000,8.0000,4.0000
1.6820,0.3990,0.3770,0.1770,0.1630,0.0000,0.0000,0.9060,1.0000,3.9610,213.2530,2.6430,0.0000,0.0000,0.0000,66.7947,0.0000,3383.0000,1131.0000,0.0000,9.0000,17.0000,8.0000,4.0000
1.5950,0.4010,0.3490,0.1850,0.1380,0.0000,0.0000,0.8450,1.0000,3.9610,213.2530,2.6430,0.0000,0.0000,0.0000,66.8146,0.0000,3385.0000,1131.0000,0.0000,9.0000,17.0000,8.0000,3.0000
1.5530,0.4400,0.3190,0.1750,0.0850,0.0000,0.0000,0.7940,1.0000,3.9610,213.2530,2.6430,0.0000,0.0000,0.0000,66.8147,0.0000,3385.0000,1131.0000,0.0000,9.0000,17.0000,8.0000,3.0000
1.5620,0.4420,0.2900,0.2590,0.0790,0.0000,0.0000,0.8300,1.0000,3.9610,213.2530,2.6430,0.0000,0.0000,0.0000,66.8148,0.0000,3385.0000,1131.0000,0.0000,9.0000,17.0000,8.0000,3.0000
1.5340,0.3480,0.3170,0.1650,0.0850,0.0000,0.0000,0.8690,1.0000,3.9610,213.2530,2.6430,0.0000,0.0000,0.0000,66.8148,0.0000,3385.0000,1131.0000,0.0000,9.0000,17.0000,8.0000,3.0000
1.6660,0.4070,0.3770,0.2230,0.1310,0.0000,0.0000,0.8820,1.0000,3.9610,213.2530,2.6430,0.0000,0.0000,0.0000,66.8148,0.0000,3385.0000,1131.0000,0.0000,9.0000,17.0000,8.0000,3.0000
1.6060,0.3910,0.3100,0.1930,0.0840,0.0000,0.0000,0.9050,1.0000,3.9610,213.2530,2.6430,0.0000,0.0000,0.0000,66.8148,0.0000,3385.0000,1131.0000,0.0000,9.0000,17.0000,8.0000,3.0000
1.7900,0.3920,0.3660,0.1700,0.0920,0.0000,0.0000,1.0320,1.0000,3.9610,213.2530,2.6430,0.0000,0.0000,0.0000,66.8148,0.0000,3385.0000,1131.0000,0.0000,9.0000,17.0000,8.0000,3.0000
1.6540,0.4760,0.3620,0.2640,0.1350,0.0000,0.0000,0.8160,1.0000,3.9610,213.2530,2.6430,0.0000,0.0000,0.0000,66.8141,0.0000,3385.0000,1131.0000,0.0000,9.0000,16.0000,8.0000,3.0000
1.5320,0.3820,0.3000,0.1830,0.0800,0.0000,0.0000,0.8500,1.0000,3.9610,213.2530,2.6430,0.0000,0.0000,0.0000,66.8141,0.0000,3385.0000,1131.0000,0.0000,9.0000,16.0000,8.0000,3.0000
1.5740,0.3460,0.3870,0.1660,0.0840,0.0000,0.0000,0.8410,1.0000,3.9610,213.2530,2.6430,0.0000,0.0000,0.0000,66.8141,0.0000,3385.0000,1131.0000,0.0000,9.0000,16.0000,8.0000,3.0000
1.6180,0.4340,0.3110,0.2260,0.0970,0.0000,0.0000,0.8730,1.0000,3.9610,213.2530,2.6430,0.0000,0.0000,0.0000,66.8141,0.0000,3385.0000,1131.0000,0.0000,9.0000,16.0000,8.0000,2.0000
1.5580,0.3610,0.3060,0.1710,0.0870,0.0000,0.0000,0.8910,1.0000,3.9610,213.2530,2.6430,0.0000,0.0000,0.0000,66.8141,0.0000,3385.0000,1131.0000,0.0000,9.0000,16.0000,8.0000,2.0000
1.5460,0.5010,0.3600,0.3180,0.1260,0.0000,0.0000,0.6850,1.0000,3.9610,213.2530,2.6430,0.0000,0.0000,0.0000,66.8148,0.0000,3385.0000,1131.0000,0.0000,9.0000,17.0000,8.0000,2.0000
1.4900,0.3600,0.3070,0.1730,0.0850,0.0000,0.0000,0.8230,1.0000,3.9610,213.2530,2.6430,0.0000,0.0000,0.0000,66.8148,0.0000,3385.0000,1131.0000,0.0000,9.0000,17.0000,8.0000,2.0000
1.6750,0.3940,0.3760,0.1650,0.1390,0.0000,0.0000,0.9050,1.0000,3.9610,213.2530,2.6430,0.0000,0.0000,0.0000,66.8148,0.0000,3385.0000,1131.0000,0.0000,9.0000,17.0000,8.0000,2.0000
1.5970,0.3780,0.2740,0.1870,0.0780,0.0000,0.0000,0.9450,1.0000,3.9610,213.2530,2.6430,0.0000,0.0000,0.0000,66.8148,0.0000,3385.0000,1131.0000,0.0000,9.0000,17.0000,8.0000,2.0000
1.7660,0.4010,0.3280,0.1650,0.0980,0.0000,0.0000,1.0370,1.0000,3.9610,213.2530,2.6430,0.0000,0.0000,0.0000,66.8148,0.0000,3385.0000,1131.0000,0.0000,9.0000,17.0000,8.0000,2.0000
1.7090,0.4430,0.3680,0.2420,0.1430,0.0000,0.0000,0.8980,1.0000,3.9610,213.2530,2.6430,0.0000,0.0000,0.0000,66.8148,0.0000,3385.0000,1131.0000,0.0000,9.0000,17.0000,8.0000,2.0000
1.6300,0.3770,0.3140,0.1890,0.0940,0.0000,0.0000,0.9390,1.0000,3.9610,213.2530,2.6430,0.0000,0.0000,0.0000,66.8148,0.0000,3385.0000,1131.0000,0.0000,9.0000,17.0000,8.0000,2.0000
1.6940,0.3490,0.3550,0.1670,0.0890,0.0000,0.0000,0.9900,1.0000,3.9610,213.2530,2.6430,0.0000,0.0000,0.0000,66.8148,0.0000,3385.0000,1131.0000,0.0000,9.0000,17.0000,8.0000,2.0000
1.6040,0.4090,0.3410,0.2290,0.0870,0.0000,0.0000,0.8540,1.0000,3.9610,213.2530,2.6430,0.0000,0.0000,0.0000,66.8148,0.0000,3385.0000,1131.0000,0.0000,9.0000,17.0000,8.0000,2.0000
1.5350,0.3650,0.2980,0.1830,0.0820,0.0000,0.0000,0.8720,1.0000,3.9610,213.2530,2.6430,0.0000,0.0000,0.0000,66.8148,0.0000,3385.0000,1131.0000,0.0000,9.0000,17.0000,8.0000,2.0000
1.6430,0.4040,0.3880,0.1670,0.1290,0.0000,0.0000,0.8510,1.0000,3.9610,213.2530,2.6430,0.0000,0.0000,0.0000,66.8251,0.0000,3386.0000,1131.0000,0.0000,9.0000,17.0000,8.0000,2.0000
1.6080,0.4620,0.3350,0.2290,0.1190,0.0000,0.0000,0.8110,1.0000,3.9610,213.2530,2.6430,0.0000,0.0000,0.0000,66.8353,0.0000,3387.0000,1131.0000,0.0000,9.0000,17.0000,8.0000,2.0000
1.4720,0.3900,0.3050,0.1640,0.0830,0.0000,0.0000,0.7770,1.0000,3.9610,213.2530,2.6430,0.0000,0.0000,0.0000,66.8354,0.0000,3387.0000,1131.0000,0.0000,9.0000,17.0000,8.0000,2.0000
1.6670,0.3930,0.3130,0.2200,0.0850,0.0000,0.0000,0.9610,1.0000,3.9610,213.2530,2.6430,0.0000,0.0000,0.0000,66.8355,0.0000,3387.0000,1131.0000,0.0000,9.0000,17.0000,8.0000,2.0000
1.7330,0.3490,0.3720,0.1660,0.1570,0.0000,0.0000,1.0120,1.0000,3.9610,213.2530,2.6430,0.0000,0.0000,0.0000,66.8353,0.0000,3387.0000,1131.0000,0.0000,9.0000,17.0000,8.0000,2.0000
1.8720,0.4550,0.3740,0.1770,0.1290,0.0000,0.0000,1.0430,1.0000,3.9610,213.2530,2.6430,0.0000,0.0000,0.0000,66.7096,0.0000,3374.0000,1131.0000,0.0000,9.0000,16.0000,8.0000,2.0000
2.3980,0.5370,0.3630,0.2250,0.1010,0.0000,0.0000,1.4980,1.0000,3.9610,213.2530,2.6430,0.0000,0.0000,0.0000,66.7096,0.0000,3374.0000,1131.0000,0.0000,9.0000,16.0000,8.0000,2.0000
1.7020,0.5180,0.3200,0.2760,0.0850,0.0000,0.0000,0.8640,1.0000,3.9610,213.2530,2.6430,0.0000,0.0000,0.0000,66.7096,0.0000,3374.0000,1131.0000,0.0000,9.0000,16.0000,8.0000,2.0000
1.6670,0.3860,0.3030,0.1700,0.0790,0.0000,0.0000,0.9780,1.0000,3.9610,213.2530,2.6430,0.0000,0.0000,0.0000,66.7096,0.0000,3374.0000,1131.0000,0.0000,9.0000,16.0000,8.0000,2.0000
1.4790,0.4730,0.3010,0.2250,0.0830,0.0000,0.0000,0.7050,1.0000,3.9610,213.2530,2.6430,0.0000,0.0000,0.0000,66.7096,0.0000,3374.0000,1131.0000,0.0000,9.0000,16.0000,8.0000,2.0000
1.7250,0.3470,0.3290,0.1730,0.0930,0.0000,0.0000,1.0490,1.0000,3.9610,213.2530,2.6430,0.0000,0.0000,0.0000,66.7121,0.0000,3375.0000,1131.0000,0.0000,9.0000,16.0000,8.0000,2.0000
2.0720,0.4680,0.4730,0.2270,0.0940,0.0000,0.0000,1.1310,1.0000,3.9610,213.2530,2.6430,0.0000,0.0000,0.0000,66.7119,0.0000,3375.0000,1131.0000,0.0000,9.0000,16.0000,8.0000,3.0000
1.8910,0.5730,0.4580,0.3500,0.1790,0.0000,0.0000,0.8600,1.0000,3.9610,213.2530,2.6430,0.0000,0.0000,0.0000,66.7240,0.0000,3378.0000,1131.0000,0.0000,9.0000,15.0000,8.0000,3.0000
1.7540,0.4770,0.4110,0.1770,0.1390,0.0000,0.0000,0.8660,1.0000,3.9610,213.2530,2.6430,0.0000,0.0000,0.0000,66.7240,0.0000,3378.0000,1131.0000,0.0000,9.0000,15.0000,8.0000,3.0000
1.6450,0.4550,0.3200,0.2470,0.0860,0.0000,0.0000,0.8700,1.0000,3.9610,213.2530,2.6430,0.0000,0.0000,0.0000,66.7241,0.0000,3378.0000,1131.0000,0.0000,9.0000,15.0000,8.0000,3.0000
1.5840,0.3580,0.3190,0.1730,0.0870,0.0000,0.0000,0.9070,1.0000,3.9610,213.2530,2.6430,0.0000,0.0000,0.0000,66.7241,0.0000,3378.0000,1131.0000,0.0000,9.0000,15.0000,8.0000,3.0000
1.6600,0.4800,0.3750,0.1880,0.0920,0.0000,0.0000,0.8050,1.0000,3.9610,213.2530,2.6430,0.0000,0.0000,0.0000,66.7241,0.0000,3378.0000,1131.0000,0.0000,9.0000,15.0000,8.0000,3.0000
1.2690,0.4190,0.2370,0.2120,0.0610,0.0000,0.0000,0.6130,1.0000,3.9610,213.2530,2.6430,0.0000,0.0000,0.0000,66.7241,0.0000,3378.0000,1131.0000,0.0000,9.0000,15.0000,8.0000,3.0000
1.5560,0.3310,0.5720,0.1230,0.4160,0.0000,0.0000,0.6530,1.0000,3.9610,213.2530,2.6430,0.0000,0.0000,0.0000,66.7381,0.0000,3380.0000,1131.0000,0.0000,9.0000,15.0000,8.0000,3.0000
1.0750,0.3200,0.2070,0.1280,0.0550,0.0000,0.0000,0.5480,1.0000,3.9610,213.2530,2.6430,0.0000,0.0000,0.0000,66.7381,0.0000,3380.0000,1131.0000,0.0000,9.0000,15.0000,8.0000,3.0000
1.0840,0.2580,0.2030,0.1180,0.0560,0.0000,0.0000,0.6230,1.0000,3.9610,213.2530,2.6430,0.0000,0.0000,0.0000,66.7381,0.0000,3380.0000,1131.0000,0.0000,9.0000,15.0000,8.0000,3.0000
1.2980,0.3160,0.2040,0.1970,0.0550,0.0000,0.0000,0.7780,1.0000,3.9610,213.2530,2.6430,0.0000,0.0000,0.0000,66.7374,0.0000,3380.0000,1131.0000,0.0000,9.0000,14.0000,8.0000,3.0000
1.1300,0.4700,0.2310,0.2640,0.0600,0.0000,0.0000,0.4290,1.0000,3.9610,213.2530,2.6430,0.0000,0.0000,0.0000,66.7374,0.0000,3380.0000,1131.0000,0.0000,9.0000,14.0000,8.0000,3.0000
1.0790,0.2490,0.2520,0.1230,0.0880,0.0000,0.0000,0.5780,1.0000,3.9610,213.2530,2.6430,0.0000,0.0000,0.0000,66.7477,0.0000,3381.0000,1131.0000,0.0000,9.0000,14.0000,8.0000,3.0000
1.3100,0.2820,0.2510,0.1210,0.0830,0.0000,0.0000,0.7770,1.0000,3.9610,213.2530,2.6430,0.0000,0.0000,0.0000,66.7580,0.0000,3382.0000,1131.0000,0.0000,9.0000,14.0000,8.0000,3.0000
1.0730,0.2760,0.2040,0.1200,0.0550,0.0000,0.0000,0.5930,1.0000,3.9610,213.2530,2.6430,0.0000,0.0000,0.0000,66.7580,0.0000,3382.0000,1131.0000,0.0000,9.0000,14.0000,8.0000,3.0000
0.9760,0.2570,0.1910,0.1260,0.0520,0.0000,0.0000,0.5280,1.0000,3.9610,213.2530,2.6430,0.0000,0.0000,0.0000,66.7581,0.0000,3382.0000,1131.0000,0.0000,9.0000,14.0000,8.0000,3.0000
0.9940,0.2490,0.1860,0.1190,0.0520,0.0000,0.0000,0.5590,1.0000,3.9610,213.2530,2.6430,0.0000,0.0000,0.0000,66.7581,0.0000,3382.0000,1131.0000,0.0000,9.0000,14.0000,8.0000,3.0000
1.1580,0.2480,0.1810,0.1190,0.0510,0.0000,0.0000,0.7290,1.0000,3.9610,213.2530,2.6430,0.0000,0.0000,0.0000,66.7581,0.0000,3382.0000,1131.0000,0.0000,9.0000,14.0000,8.0000,3.0000
0.9890,0.2440,0.1910,0.1200,0.0520,0.0000,0.0000,0.5540,1.0000,3.9610,213.2530,2.6430,0.0000,0.0000,0.0000,66.7581,0.0000,3382.0000,1131.0000,0.0000,9.0000,14.0000,8.0000,3.0000
1.0760,0.2780,0.2320,0.1610,0.0710,0.0000,0.0000,0.5660,1.0000,3.9610,213.2530,2.6430,0.0000,0.0000,0.0000,66.7581,0.0000,3382.0000,1131.0000,0.0000,9.0000,14.0000,8.0000,3.0000
1.0490,0.2860,0.1950,0.1210,0.0540,0.0000,0.0000,0.5680,1.0000,3.9610,213.2530,2.6430,0.0000,0.0000,0.0000,66.7581,0.0000,3382.0000,1131.0000,0.0000,9.0000,14.0000,8.0000,3.0000
1.1860,0.3090,0.2030,0.1340,0.0660,0.0000,0.0000,0.6740,1.0000,3.9610,213.2530,2.6430,0.0000,0.0000,0.0000,66.7588,0.0000,3382.0000,1131.0000,0.0000,9.0000,15.0000,8.0000,3.0000
1.2210,0.3260,0.2090,0.1260,0.0520,0.0000,0.0000,0.6860,1.0000,3.9610,213.2530,2.6430,0.0000,0.0000,0.0000,66.7576,0.0000,3380.0000,1131.0000,0.0000,9.0000,15.0000,8.0000,3.0000
1.3510,0.2500,0.2210,0.1220,0.0540,0.0000,0.0000,0.8800,1.0000,3.9610,213.2530,2.6430,0.0000,0.0000,0.0000,66.7576,0.0000,3380.0000,1131.0000,0.0000,9.0000,15.0000,8.0000,3.0000
1.1110,0.3310,0.1950,0.1930,0.0520,0.0000,0.0000,0.5850,1.0000,3.9610,213.2530,2.6430,0.0000,0.0000,0.0000,66.7576,0.0000,3380.0000,1131.0000,0.0000,9.0000,15.0000,8.0000,3.0000
1.1730,0.2820,0.2290,0.1190,0.0860,0.0000,0.0000,0.6620,1.0000,3.9610,213.2530,2.6430,0.0000,0.0000,0.0000,66.7674,0.0000,3381.0000,1131.0000,0.0000,9.0000,15.0000,8.0000,3.0000
1.1090,0.3510,0.2080,0.1300,0.0530,0.0000,0.0000,0.5500,1.0000,3.9610,213.2530,2.6430,0.0000,0.0000,0.0000,66.7674,0.0000,3381.0000,1131.0000,0.0000,9.0000,15.0000,8.0000,3.0000
1.2780,0.2580,0.2160,0.1340,0.0540,0.0000,0.0000,0.8040,1.0000,3.9610,213.2530,2.6430,0.0000,0.0000,0.0000,66.7675,0.0000,3381.0000,1131.0000,0.0000,9.0000,15.0000,8.0000,3.0000
1.1760,0.2630,0.2350,0.1330,0.0580,0.0000,0.0000,0.6780,1.0000,3.9610,213.2530,2.6430,0.0000,0.0000,0.0000,66.7662,0.0000,3380.0000,1131.0000,0.0000,9.0000,15.0000,8.0000,3.0000
1.1250,0.2820,0.2290,0.1370,0.0680,0.0000,0.0000,0.6140,1.0000,3.9610,213.2530,2.6430,0.0000,0.0000,0.0000,66.7662,0.0000,3380.0000,1131.0000,0.0000,9.0000,15.0000,8.0000,3.0000
1.0660,0.2850,0.1940,0.1510,0.0520,0.0000,0.0000,0.5870,1.0000,3.9610,213.2530,2.6430,0.0000,0.0000,0.0000,66.7662,0.0000,3380.0000,1131.0000,0.0000,9.0000,15.0000,8.0000,3.0000
1.1340,0.3230,0.2030,0.1970,0.0650,0.0000,0.0000,0.6080,1.0000,3.9610,213.2530,2.6430,0.0000,0.0000,0.0000,66.7662,0.0000,3380.0000,1131.0000,0.0000,9.0000,15.0000,8.0000,3.0000
1.0530,0.3220,0.2080,0.1960,0.0540,0.0000,0.0000,0.5230,1.0000,3.9610,213.2530,2.6430,0.0000,0.0000,0.0000,66.7662,0.0000,3380.0000,1131.0000,0.0000,9.0000,15.0000,8.0000,3.0000
1.0470,0.2960,0.2130,0.1260,0.0670,0.0000,0.0000,0.5380,1.0000,3.9610,213.2530,2.6430,0.0000,0.0000,0.0000,66.7662,0.0000,3380.0000,1131.0000,0.0000,9.0000,15.0000,8.0000,3.0000
1.1770,0.3190,0.2050,0.1480,0.0540,0.0000,0.0000,0.6530,1.0000,3.9610,213.2530,2.6430,0.0000,0.0000,0.0000,66.7662,0.0000,3380.0000,1131.0000,0.0000,9.0000,15.0000,8.0000,3.0000
1.4370,0.3700,0.3040,0.1990,0.1300,0.0000,0.0000,0.7630,1.0000,3.9610,213.2530,2.6430,0.0000,0.0000,0.0000,66.7864,0.0000,3382.0000,1131.0000,0.0000,9.0000,15.0000,8.0000,3.0000
1.3770,0.3760,0.2990,0.1570,0.1020,0.0000,0.0000,0.7020,1.0000,3.9610,213.2530,2.6430,0.0000,0.0000,0.0000,66.7967,0.0000,3383.0000,1131.0000,0.0000,9.0000,15.0000,8.0000,3.0000
1.2490,0.4280,0.2680,0.1710,0.0750,0.0000,0.0000,0.5530,1.0000,3.9610,213.2530,2.6430,0.0000,0.0000,0.0000,66.7968,0.0000,3383.0000,1131.0000,0.0000,9.0000,15.0000,8.0000,3.0000
1.2700,0.3010,0.3320,0.1560,0.1160,0.0000,0.0000,0.6370,1.0000,3.9610,213.2530,2.6430,0.0000,0.0000,0.0000,66.7969,0.0000,3383.0000,1131.0000,0.0000,9.0000,15.0000,8.0000,3.0000
1.0960,0.2640,0.2270,0.1220,0.0570,0.0000,0.0000,0.6050,1.0000,3.9610,213.2530,2.6430,0.0000,0.0000,0.0000,66.7969,0.0000,3383.0000,1131.0000,0.0000,9.0000,15.0000,8.0000,3.0000
1.2440,0.2650,0.2400,0.1390,0.0830,0.0000,0.0000,0.7390,1.0000,3.9610,213.2530,2.6430,0.0000,0.0000,0.0000,66.8085,0.0000,3384.0000,1131.0000,0.0000,9.0000,15.0000,8.0000,3.0000
1.2000,0.2930,0.2320,0.1190,0.0720,0.0000,0.0000,0.6750,1.0000,3.9610,213.2530,2.6430,0.0000,0.0000,0.0000,66.8085,0.0000,3384.0000,1131.0000,0.0000,9.0000,15.0000,8.0000,3.0000
1.1380,0.3770,0.2300,0.1890,0.0570,0.0000,0.0000,0.5310,1.0000,3.9610,213.2530,2.6430,0.0000,0.0000,0.0000,66.8085,0.0000,3384.0000,1131.0000,0.0000,9.0000,15.0000,8.0000,3.0000
1.1940,0.2580,0.2690,0.1200,0.1310,0.0000,0.0000,0.6670,1.0000,3.9610,213.2530,2.6430,0.0000,0.0000,0.0000,66.8287,0.0000,3386.0000,1131.0000,0.0000,9.0000,15.0000,8.0000,3.0000
1.1800,0.3490,0.2370,0.1260,0.0540,0.0000,0.0000,0.5940,1.0000,3.9610,213.2530,2.6430,0.0000,0.0000,0.0000,66.8291,0.0000,3387.0000,1131.0000,0.0000,9.0000,15.0000,8.0000,3.0000
1.1290,0.2470,0.2090,0.1180,0.0540,0.0000,0.0000,0.6730,1.0000,3.9610,213.2530,2.6430,0.0000,0.0000,0.0000,66.8292,0.0000,3387.0000,1131.0000,0.0000,9.0000,15.0000,8.0000,3.0000
1.1450,0.2650,0.1990,0.1250,0.0610,0.0000,0.0000,0.6810,1.0000,3.9610,213.2530,2.6430,0.0000,0.0000,0.0000,66.8292,0.0000,3387.0000,1131.0000,0.0000,9.0000,15.0000,8.0000,3.0000
1.2250,0.2980,0.2330,0.1850,0.0690,0.0000,0.0000,0.6940,1.0000,3.9610,213.2530,2.6430,0.0000,0.0000,0.0000,66.8292,0.0000,3387.0000,1131.0000,0.0000,9.0000,15.0000,8.0000,3.0000
1.2280,0.3320,0.2360,0.1570,0.0580,0.0000,0.0000,0.6600,1.0000,3.9610,213.2530,2.6430,0.0000,0.0000,0.0000,66.8292,0.0000,3387.0000,1131.0000,0.0000,9.0000,15.0000,8.0000,3.0000
1.2190,0.3010,0.2810,0.1310,0.0790,0.0000,0.0000,0.6370,1.0000,3.9610,213.2530,2.6430,0.0000,0.0000,0.0000,66.8292,0.0000,3387.0000,1131.0000,0.0000,9.0000,15.0000,8.0000,3.0000
1.1810,0.2760,0.2680,0.1410,0.0760,0.0000,0.0000,0.6370,1.0000,3.9610,213.2530,2.6430,0.0000,0.0000,0.0000,66.8292,0.0000,3387.0000,1131.0000,0.0000,9.0000,15.0000,8.0000,3.0000
1.3140,0.2610,0.2390,0.1250,0.0590,0.0000,0.0000,0.8140,1.0000,3.9610,213.2530,2.6430,0.0000,0.0000,0.0000,66.8292,0.0000,3387.0000,1131.0000,0.0000,9.0000,15.0000,8.0000,3.0000
1.1070,0.3340,0.2360,0.2090,0.0590,0.0000,0.0000,0.5370,1.0000,3.9610,213.2530,2.6430,0.0000,0.0000,0.0000,66.8292,0.0000,3387.0000,1131.0000,0.0000,9.0000,15.0000,8.0000,3.0000
1.0940,0.2560,0.2070,0.1270,0.0540,0.0000,0.0000,0.6310,1.0000,3.9610,213.2530,2.6430,0.0000,0.0000,0.0000,66.8292,0.0000,3387.0000,1131.0000,0.0000,9.0000,15.0000,8.0000,3.0000
1.1790,0.2450,0.2560,0.1220,0.1030,0.0000,0.0000,0.6780,1.0000,3.9610,213.2530,2.6430,0.0000,0.0000,0.0000,66.8292,0.0000,3387.0000,1131.0000,0.0000,9.0000,15.0000,8.0000,3.0000
1.1380,0.2650,0.2920,0.1280,0.0620,0.0000,0.0000,0.5810,1.0000,3.9610,213.2530,2.6430,0.0000,0.0000,0.0000,66.8292,0.0000,3387.0000,1131.0000,0.0000,9.0000,15.0000,8.0000,3.0000
1.0010,0.2630,0.2000,0.1370,0.0550,0.0000,0.0000,0.5380,1.0000,3.9610,213.2530,2.6430,0.0000,0.0000,0.0000,66.8292,0.0000,3387.0000,1131.0000,0.0000,9.0000,15.0000,8.0000,3.0000
1.5220,0.2830,0.2660,0.1690,0.0780,0.0000,0.0000,0.9730,1.0000,3.9610,213.2530,2.6430,0.0000,0.0000,0.0000,66.8292,0.0000,3387.0000,1131.0000,0.0000,9.0000,15.0000,8.0000,3.0000
3.9940,0.6080,0.2640,0.1780,0.0850,0.0000,0.0000,3.1220,1.0000,3.9610,213.2530,2.6430,0.0000,0.0000,0.0000,66.8395,0.0000,3388.0000,1131.0000,0.0000,9.0000,15.0000,8.0000,3.0000
2.9840,0.2940,0.2500,0.1200,0.0850,0.0000,0.0000,2.4400,1.0000,3.9610,213.2530,2.6430,0.0000,0.0000,0.0000,66.8597,0.0000,3390.0000,1131.0000,0.0000,9.0000,15.0000,8.0000,3.0000
1.3060,0.2960,0.2900,0.1080,0.0810,0.0000,0.0000,0.7200,1.0000,3.9610,213.2530,2.6430,0.0000,0.0000,0.0000,66.8597,0.0000,3390.0000,1131.0000,0.0000,9.0000,15.0000,8.0000,3.0000
1.3030,0.2690,0.3660,0.1260,0.1140,0.0000,0.0000,0.6680,1.0000,3.9610,213.2530,2.6430,0.0000,0.0000,0.0000,66.8701,0.0000,3391.0000,1131.0000,0.0000,9.0000,15.0000,8.0000,3.0000
1.9400,0.3090,0.2590,0.1320,0.0660,0.0000,0.0000,1.3720,1.0000,3.9610,213.2530,2.6430,0.0000,0.0000,0.0000,66.8701,0.0000,3391.0000,1131.0000,0.0000,9.0000,15.0000,8.0000,3.0000
1.2230,0.3370,0.2520,0.2040,0.0560,0.0000,0.0000,0.6340,1.0000,3.9610,213.2530,2.6430,0.0000,0.0000,0.0000,66.6798,0.0000,3372.0000,1131.0000,0.0000,9.0000,15.0000,8.0000,3.0000
1.0670,0.2680,0.2270,0.1240,0.0590,0.0000,0.0000,0.5720,1.0000,3.9610,213.2530,2.6430,0.0000,0.0000,0.0000,66.6790,0.0000,3372.0000,1131.0000,0.0000,9.0000,14.0000,8.0000,3.0000
1.0540,0.2880,0.1900,0.1720,0.0520,0.0000,0.0000,0.5760,1.0000,3.9610,213.2530,2.6430,0.0000,0.0000,0.0000,66.6797,0.0000,3372.0000,1131.0000,0.0000,9.0000,15.0000,8.0000,3.0000
1.0990,0.2910,0.2110,0.1770,0.0550,0.0000,0.0000,0.5970,1.0000,3.9610,213.2530,2.6430,0.0000,0.0000,0.0000,66.6797,0.0000,3372.0000,1131.0000,0.0000,9.0000,15.0000,8.0000,3.0000
1.1730,0.3180,0.2040,0.1400,0.0540,0.0000,0.0000,0.6510,1.0000,3.9610,213.2530,2.6430,0.0000,0.0000,0.0000,66.6797,0.0000,3372.0000,1131.0000,0.0000,9.0000,15.0000,8.0000,3.0000
1.1000,0.3450,0.2670,0.1260,0.1090,0.0000,0.0000,0.4880,1.0000,3.9610,213.2530,2.6430,0.0000,0.0000,0.0000,66.6797,0.0000,3372.0000,1131.0000,0.0000,9.0000,15.0000,8.0000,3.0000
1.1100,0.2540,0.2350,0.1270,0.0570,0.0000,0.0000,0.6210,1.0000,3.9610,213.2530,2.6430,0.0000,0.0000,0.0000,66.6797,0.0000,3372.0000,1131.0000,0.0000,9.0000,15.0000,8.0000,3.0000
1.1770,0.2380,0.2570,0.1180,0.0720,0.0000,0.0000,0.6820,1.0000,3.9610,213.2530,2.6430,0.0000,0.0000,0.0000,66.6797,0.0000,3372.0000,1131.0000,0.0000,9.0000,15.0000,8.0000,3.0000
1.0840,0.2540,0.2100,0.1290,0.0550,0.0000,0.0000,0.6200,1.0000,3.9610,213.2530,2.6430,0.0000,0.0000,0.0000,66.6797,0.0000,3372.0000,1131.0000,0.0000,9.0000,15.0000,8.0000,3.0000
1.0050,0.2500,0.2240,0.1230,0.0810,0.0000,0.0000,0.5310,1.0000,3.9610,213.2530,2.6430,0.0000,0.0000,0.0000,66.6797,0.0000,3372.0000,1131.0000,0.0000,9.0000,15.0000,8.0000,3.0000
1.3090,0.2320,0.3620,0.1210,0.0640,0.0000,0.0000,0.7150,1.0000,3.9610,213.2530,2.6430,0.0000,0.0000,0.0000,66.6797,0.0000,3372.0000,1131.0000,0.0000,9.0000,15.0000,8.0000,3.0000
1.2630,0.2960,0.2420,0.1310,0.0590,0.0000,0.0000,0.7250,1.0000,3.9610,213.2530,2.6430,0.0000,0.0000,0.0000,66.6797,0.0000,3372.0000,1131.0000,0.0000,9.0000,15.0000,8.0000,3.0000
1.2500,0.3500,0.2720,0.1440,0.0630,0.0000,0.0000,0.6280,1.0000,3.9610,213.2530,2.6430,0.0000,0.0000,0.0000,66.6797,0.0000,3372.0000,1131.0000,0.0000,9.0000,15.0000,8.0000,3.0000
1.5170,0.2510,0.2790,0.1250,0.0750,0.0000,0.0000,0.9870,1.0000,3.9610,213.2530,2.6430,0.0000,0.0000,0.0000,66.6797,0.0000,3372.0000,1131.0000,0.0000,9.0000,15.0000,8.0000,3.0000
1.6660,0.3080,0.2250,0.1510,0.0560,0.0000,0.0000,1.1330,1.0000,3.9610,213.2530,2.6430,0.0000,0.0000,0.0000,66.6797,0.0000,3372.0000,1131.0000,0.0000,9.0000,15.0000,8.0000,3.0000
2.4180,0.2830,0.2150,0.1290,0.0540,0.0000,0.0000,1.9200,1.0000,3.9610,213.2530,2.6430,0.0000,0.0000,0.0000,66.6797,0.0000,3372.0000,1131.0000,0.0000,9.0000,15.0000,8.0000,3.0000
2.8490,0.2750,0.2630,0.1260,0.0920,0.0000,0.0000,2.3110,1.0000,3.9610,213.2530,2.6430,0.0000,0.0000,0.0000,66.6892,0.0000,3373.0000,1131.0000,0.0000,9.0000,14.0000,8.0000,3.0000
2.3750,0.3390,0.2330,0.1310,0.0600,0.0000,0.0000,1.8030,1.0000,3.9610,213.2530,2.6430,0.0000,0.0000,0.0000,66.6892,0.0000,3373.0000,1131.0000,0.0000,9.0000,14.0000,8.0000,3.0000
3.3560,0.7050,1.1690,0.1480,0.8990,0.0000,0.0000,1.4820,1.0000,3.9610,213.2530,2.6430,0.0000,0.0000,0.0000,66.7033,0.0000,3375.0000,1131.0000,0.0000,9.0000,14.0000,8.0000,3.0000
3.1640,0.4350,0.8060,0.1900,0.1650,0.0000,0.0000,1.9230,1.0000,3.9610,213.2530,2.6430,0.0000,0.0000,0.0000,66.7136,0.0000,3376.0000,1131.0000,0.0000,9.0000,14.0000,8.0000,3.0000
2.7610,0.5090,0.6410,0.1960,0.0860,0.0000,0.0000,1.6110,1.0000,3.9610,213.2530,2.6430,0.0000,0.0000,0.0000,66.7136,0.0000,3376.0000,1131.0000,0.0000,9.0000,14.0000,8.0000,3.0000
2.8040,0.4170,0.6060,0.2130,0.0900,0.0000,0.0000,1.7810,1.0000,3.9610,213.2530,2.6430,0.0000,0.0000,0.0000,66.7137,0.0000,3376.0000,1131.0000,0.0000,9.0000,14.0000,8.0000,3.0000
1.7310,0.4610,0.3440,0.2460,0.0860,0.0000,0.0000,0.9260,1.0000,3.9610,213.2530,2.6430,0.0000,0.0000,0.0000,66.7137,0.0000,3376.0000,1131.0000,0.0000,9.0000,14.0000,8.0000,3.0000
1.6520,0.4090,0.3430,0.2350,0.0880,0.0000,0.0000,0.9000,1.0000,3.9610,213.2530,2.6430,0.0000,0.0000,0.0000,66.7137,0.0000,3376.0000,1131.0000,0.0000,9.0000,14.0000,8.0000,3.0000
1.7860,0.3200,0.3160,0.1510,0.0860,0.0000,0.0000,1.1500,1.0000,3.9610,213.2530,2.6430,0.0000,0.0000,0.0000,66.7137,0.0000,3376.0000,1131.0000,0.0000,9.0000,14.0000,8.0000,3.0000
1.7520,0.3740,0.3210,0.1750,0.0760,0.0000,0.0000,1.0570,1.0000,3.9610,213.2530,2.6430,0.0000,0.0000,0.0000,66.7137,0.0000,3376.0000,1131.0000,0.0000,9.0000,14.0000,8.0000,3.0000
1.8520,0.3890,0.4210,0.1710,0.0900,0.0000,0.0000,1.0420,1.0000,3.9610,213.2530,2.6430,0.0000,0.0000,0.0000,66.7136,0.0000,3376.0000,1131.0000,0.0000,9.0000,14.0000,8.0000,4.0000
1.7560,0.4850,0.3820,0.3200,0.0950,0.0000,0.0000,0.8890,1.0000,3.9610,213.2530,2.6430,0.0000,0.0000,0.0000,66.7136,0.0000,3376.0000,1131.0000,0.0000,9.0000,14.0000,8.0000,4.0000
1.7570,0.3490,0.3090,0.1720,0.0870,0.0000,0.0000,1.0990,1.0000,3.9610,213.2530,2.6430,0.0000,0.0000,0.0000,66.7136,0.0000,3376.0000,1131.0000,0.0000,9.0000,14.0000,8.0000,4.0000
1.7850,0.3540,0.3210,0.1730,0.0860,0.0000,0.0000,1.1100,1.0000,3.9610,213.2530,2.6430,0.0000,0.0000,0.0000,66.7136,0.0000,3376.0000,1131.0000,0.0000,9.0000,14.0000,8.0000,4.0000
1.6820,0.4520,0.3260,0.1980,0.0870,0.0000,0.0000,0.9040,1.0000,3.9610,213.2530,2.6430,0.0000,0.0000,0.0000,66.7136,0.0000,3376.0000,1131.0000,0.0000,9.0000,14.0000,8.0000,4.0000
1.7670,0.5020,0.3670,0.3150,0.0900,0.0000,0.0000,0.8980,1.0000,3.9610,213.2530,2.6430,0.0000,0.0000,0.0000,66.7136,0.0000,3376.0000,1131.0000,0.0000,9.0000,14.0000,8.0000,4.0000
1.8550,0.3620,0.3170,0.1800,0.0840,0.0000,0.0000,1.1760,1.0000,3.9610,213.2530,2.6430,0.0000,0.0000,0.0000,66.7136,0.0000,3376.0000,1131.0000,0.0000,9.0000,14.0000,8.0000,4.0000
1.6980,0.3910,0.3260,0.1990,0.0870,0.0000,0.0000,0.9810,1.0000,3.9610,213.2530,2.6430,0.0000,0.0000,0.0000,66.7136,0.0000,3376.0000,1131.0000,0.0000,9.0000,14.0000,8.0000,4.0000
1.7760,0.3840,0.3850,0.1770,0.1300,0.0000,0.0000,1.0070,1.0000,3.9610,213.2530,2.6430,0.0000,0.0000,0.0000,66.7235,0.0000,3377.0000,1131.0000,0.0000,9.0000,14.0000,8.0000,4.0000
1.7870,0.4890,0.4420,0.2000,0.1110,0.0000,0.0000,0.8560,1.0000,3.9610,213.2530,2.6430,0.0000,0.0000,0.0000,66.7235,0.0000,3377.0000,1131.0000,0.0000,9.0000,14.0000,8.0000,4.0000
1.7800,0.4380,0.3780,0.2550,0.1430,0.0000,0.0000,0.9640,1.0000,3.9610,213.2530,2.6430,0.0000,0.0000,0.0000,66.7235,0.0000,3377.0000,1131.0000,0.0000,9.0000,14.0000,8.0000,4.0000
1.7740,0.3490,0.3230,0.1720,0.0870,0.0000,0.0000,1.1020,1.0000,3.9610,213.2530,2.6430,0.0000,0.0000,0.0000,66.7235,0.0000,3377.0000,1131.0000,0.0000,9.0000,14.0000,8.0000,4.0000
1.8270,0.4010,0.3750,0.1850,0.1260,0.0000,0.0000,1.0510,1.0000,3.9610,213.2530,2.6430,0.0000,0.0000,0.0000,66.7338,0.0000,3378.0000,1131.0000,0.0000,9.0000,14.0000,8.0000,4.0000
1.6870,0.4760,0.3330,0.1900,0.0850,0.0000,0.0000,0.8780,1.0000,3.9610,213.2530,2.6430,0.0000,0.0000,0.0000,66.7338,0.0000,3378.0000,1131.0000,0.0000,9.0000,14.0000,8.0000,4.0000
1.7200,0.4940,0.3780,0.3170,0.1420,0.0000,0.0000,0.8480,1.0000,3.9610,213.2530,2.6430,0.0000,0.0000,0.0000,66.7338,0.0000,3378.0000,1131.0000,0.0000,9.0000,14.0000,8.0000,4.0000
1.9490,0.3590,0.3550,0.1800,0.1250,0.0000,0.0000,1.2350,1.0000,3.9610,213.2530,2.6430,0.0000,0.0000,0.0000,66.7441,0.0000,3379.0000,1131.0000,0.0000,9.0000,14.0000,8.0000,4.0000
1.8650,0.4410,0.3730,0.1870,0.1510,0.0000,0.0000,1.0510,1.0000,3.9610,213.2530,2.6430,0.0000,0.0000,0.0000,66.7544,0.0000,3380.0000,1131.0000,0.0000,9.0000,14.0000,8.0000,4.0000
1.7700,0.4370,0.3250,0.1820,0.0840,0.0000,0.0000,1.0080,1.0000,3.9610,213.2530,2.6430,0.0000,0.0000,0.0000,66.7544,0.0000,3380.0000,1131.0000,0.0000,9.0000,14.0000,8.0000,4.0000
1.9200,0.4430,0.3860,0.1980,0.0870,0.0000,0.0000,1.0910,1.0000,3.9610,213.2530,2.6430,0.0000,0.0000,0.0000,66.7545,0.0000,3380.0000,1131.0000,0.0000,9.0000,14.0000,8.0000,4.0000
1.3120,0.5570,0.2870,0.1640,0.0630,0.0000,0.0000,0.4680,1.0000,3.9610,213.2530,2.6430,0.0000,0.0000,0.0000,66.7545,0.0000,3380.0000,1131.0000,0.0000,9.0000,14.0000,8.0000,4.0000
1.3310,0.2540,0.2620,0.1280,0.0620,0.0000,0.0000,0.8150,1.0000,3.9610,213.2530,2.6430,0.0000,0.0000,0.0000,66.7545,0.0000,3380.0000,1131.0000,0.0000,9.0000,14.0000,8.0000,4.0000
1.1430,0.3340,0.2210,0.2060,0.0600,0.0000,0.0000,0.5880,1.0000,3.9610,213.2530,2.6430,0.0000,0.0000,0.0000,66.7545,0.0000,3380.0000,1131.0000,0.0000,9.0000,14.0000,8.0000,4.0000
1.1790,0.2770,0.2210,0.1520,0.0580,0.0000,0.0000,0.6810,1.0000,3.9610,213.2530,2.6430,0.0000,0.0000,0.0000,66.7545,0.0000,3380.0000,1131.0000,0.0000,9.0000,14.0000,8.0000,4.0000
1.0870,0.2640,0.2290,0.1260,0.0560,0.0000,0.0000,0.5940,1.0000,3.9610,213.2530,2.6430,0.0000,0.0000,0.0000,66.7545,0.0000,3380.0000,1131.0000,0.0000,9.0000,14.0000,8.0000,4.0000
1.1600,0.2390,0.2480,0.1230,0.0840,0.0000,0.0000,0.6730,1.0000,3.9610,213.2530,2.6430,0.0000,0.0000,0.0000,66.7545,0.0000,3380.0000,1131.0000,0.0000,9.0000,14.0000,8.0000,4.0000
0.9990,0.2420,0.2010,0.1240,0.0530,0.0000,0.0000,0.5560,1.0000,3.9610,213.2530,2.6430,0.0000,0.0000,0.0000,66.7545,0.0000,3380.0000,1131.0000,0.0000,9.0000,14.0000,8.0000,4.0000
1.2550,0.2320,0.2380,0.1210,0.0940,0.0000,0.0000,0.7850,1.0000,3.9610,213.2530,2.6430,0.0000,0.0000,0.0000,66.7765,0.0000,3382.0000,1131.0000,0.0000,9.0000,16.0000,8.0000,4.0000
1.1820,0.3100,0.2150,0.1200,0.0540,0.0000,0.0000,0.6570,1.0000,3.9610,213.2530,2.6430,0.0000,0.0000,0.0000,66.7765,0.0000,3382.0000,1131.0000,0.0000,9.0000,16.0000,8.0000,4.0000
1.0840,0.2960,0.1930,0.1740,0.0540,0.0000,0.0000,0.5950,1.0000,3.9610,213.2530,2.6430,0.0000,0.0000,0.0000,66.7766,0.0000,3382.0000,1131.0000,0.0000,9.0000,16.0000,8.0000,4.0000
1.0060,0.2800,0.1870,0.1370,0.0510,0.0000,0.0000,0.5390,1.0000,3.9610,213.2530,2.6430,0.0000,0.0000,0.0000,66.7773,0.0000,3382.0000,1131.0000,0.0000,9.0000,17.0000,8.0000,4.0000
1.0450,0.2410,0.1800,0.1310,0.0500,0.0000,0.0000,0.6240,1.0000,3.9610,213.2530,2.6430,0.0000,0.0000,0.0000,66.7773,0.0000,3382.0000,1131.0000,0.0000,9.0000,17.0000,8.0000,4.0000
1.0410,0.2450,0.2000,0.1330,0.0520,0.0000,0.0000,0.5960,1.0000,3.9610,213.2530,2.6430,0.0000,0.0000,0.0000,66.7773,0.0000,3382.0000,1131.0000,0.0000,9.0000,17.0000,8.0000,4.0000
1.0230,0.2860,0.1800,0.1210,0.0510,0.0000,0.0000,0.5570,1.0000,3.9610,213.2530,2.6430,0.0000,0.0000,0.0000,66.7772,0.0000,3382.0000,1131.0000,0.0000,9.0000,17.0000,8.0000,3.0000
1.0740,0.2480,0.1870,0.1220,0.0570,0.0000,0.0000,0.6390,1.0000,3.9610,213.2530,2.6430,0.0000,0.0000,0.0000,66.6612,0.0000,3371.0000,1131.0000,0.0000,9.0000,17.0000,8.0000,3.0000
1.0610,0.2600,0.2150,0.1350,0.0870,0.0000,0.0000,0.5860,1.0000,3.9610,213.2530,2.6430,0.0000,0.0000,0.0000,66.6612,0.0000,3371.0000,1131.0000,0.0000,9.0000,17.0000,8.0000,3.0000
1.1890,0.2300,0.2870,0.1200,0.1210,0.0000,0.0000,0.6720,1.0000,3.9610,213.2530,2.6430,0.0000,0.0000,0.0000,66.6722,0.0000,3372.0000,1131.0000,0.0000,9.0000,18.0000,8.0000,3.0000
1.0050,0.2790,0.2000,0.1230,0.0660,0.0000,0.0000,0.5260,1.0000,3.9610,213.2530,2.6430,0.0000,0.0000,0.0000,66.6722,0.0000,3372.0000,1131.0000,0.0000,9.0000,18.0000,8.0000,3.0000
1.0430,0.2310,0.1940,0.1210,0.0640,0.0000,0.0000,0.6180,1.0000,3.9610,213.2530,2.6430,0.0000,0.0000,0.0000,66.6723,0.0000,3372.0000,1131.0000,0.0000,9.0000,18.0000,8.0000,3.0000
1.1710,0.2220,0.1910,0.1170,0.0520,0.0000,0.0000,0.7580,1.0000,3.9610,213.2530,2.6430,0.0000,0.0000,0.0000,66.6723,0.0000,3372.0000,1131.0000,0.0000,9.0000,18.0000,8.0000,3.0000
1.1520,0.2450,0.2270,0.1390,0.0860,0.0000,0.0000,0.6800,1.0000,3.9610,213.2530,2.6430,0.0000,0.0000,0.0000,66.6826,0.0000,3373.0000,1131.0000,0.0000,9.0000,18.0000,8.0000,3.0000
1.0730,0.3280,0.2030,0.1800,0.0590,0.0000,0.0000,0.5420,1.0000,3.9610,213.2530,2.6430,0.0000,0.0000,0.0000,66.6826,0.0000,3373.0000,1131.0000,0.0000,9.0000,18.0000,8.0000,3.0000
1.2390,0.2750,0.1850,0.1700,0.0530,0.0000,0.0000,0.7790,1.0000,3.9610,213.2530,2.6430,0.0000,0.0000,0.0000,66.6824,0.0000,3373.0000,1131.0000,0.0000,9.0000,17.0000,8.0000,4.0000
1.1360,0.3940,0.1990,0.2490,0.0610,0.0000,0.0000,0.5430,1.0000,3.9610,213.2530,2.6430,0.0000,0.0000,0.0000,66.6824,0.0000,3373.0000,1131.0000,0.0000,9.0000,17.0000,8.0000,4.0000
1.1890,0.2750,0.2290,0.1260,0.0580,0.0000,0.0000,0.6850,1.0000,3.9610,213.2530,2.6430,0.0000,0.0000,0.0000,66.6824,0.0000,3373.0000,1131.0000,0.0000,9.0000,17.0000,8.0000,4.0000
1.1660,0.2320,0.2340,0.1220,0.1010,0.0000,0.0000,0.7000,1.0000,3.9610,213.2530,2.6430,0.0000,0.0000,0.0000,66.6922,0.0000,3374.0000,1131.0000,0.0000,9.0000,17.0000,8.0000,4.0000
1.0710,0.2720,0.1870,0.1220,0.0550,0.0000,0.0000,0.6120,1.0000,3.9610,213.2530,2.6430,0.0000,0.0000,0.0000,66.6922,0.0000,3374.0000,1131.0000,0.0000,9.0000,17.0000,8.0000,4.0000
1.0540,0.2240,0.1850,0.1200,0.0550,0.0000,0.0000,0.6450,1.0000,3.9610,213.2530,2.6430,0.0000,0.0000,0.0000,66.6929,0.0000,3374.0000,1131.0000,0.0000,9.0000,18.0000,8.0000,4.0000
1.4110,0.2280,0.1850,0.1220,0.0540,0.0000,0.0000,0.9980,1.0000,3.9610,213.2530,2.6430,0.0000,0.0000,0.0000,66.6929,0.0000,3374.0000,1131.0000,0.0000,9.0000,18.0000,8.0000,4.0000
1.2490,0.3060,0.2760,0.1890,0.0740,0.0000,0.0000,0.6670,1.0000,3.9610,213.2530,2.6430,0.0000,0.0000,0.0000,66.6929,0.0000,3374.0000,1131.0000,0.0000,9.0000,18.0000,8.0000,4.0000
1.1080,0.2580,0.2470,0.1300,0.0690,0.0000,0.0000,0.6030,1.0000,3.9610,213.2530,2.6430,0.0000,0.0000,0.0000,66.6929,0.0000,3374.0000,1131.0000,0.0000,9.0000,18.0000,8.0000,4.0000
1.0460,0.2400,0.2080,0.1240,0.0550,0.0000,0.0000,0.5980,1.0000,3.9610,213.2530,2.6430,0.0000,0.0000,0.0000,66.6929,0.0000,3374.0000,1131.0000,0.0000,9.0000,18.0000,8.0000,4.0000
1.2670,0.2450,0.3290,0.1240,0.0640,0.0000,0.0000,0.6930,1.0000,3.9610,213.2530,2.6430,0.0000,0.0000,0.0000,66.6929,0.0000,3374.0000,1131.0000,0.0000,9.0000,18.0000,8.0000,4.0000
1.1620,0.3130,0.2110,0.1900,0.0580,0.0000,0.0000,0.6380,1.0000,3.9610,213.2530,2.6430,0.0000,0.0000,0.0000,66.6929,0.0000,3374.0000,1131.0000,0.0000,9.0000,18.0000,8.0000,4.0000
1.0550,0.3560,0.1920,0.2010,0.0550,0.0000,0.0000,0.5070,1.0000,3.9610,213.2530,2.6430,0.0000,0.0000,0.0000,66.6929,0.0000,3374.0000,1131.0000,0.0000,9.0000,18.0000,8.0000,4.0000
1.0870,0.2450,0.1860,0.1360,0.0540,0.0000,0.0000,0.6560,1.0000,3.9610,213.2530,2.6430,0.0000,0.0000,0.0000,66.6929,0.0000,3374.0000,1131.0000,0.0000,9.0000,18.0000,8.0000,4.0000
1.1010,0.2390,0.1970,0.1320,0.0660,0.0000,0.0000,0.6650,1.0000,3.9610,213.2530,2.6430,0.0000,0.0000,0.0000,66.6929,0.0000,3374.0000,1131.0000,0.0000,9.0000,18.0000,8.0000,4.0000
1.0880,0.2520,0.2140,0.1250,0.0560,0.0000,0.0000,0.6220,1.0000,3.9610,213.2530,2.6430,0.0000,0.0000,0.0000,66.6929,0.0000,3374.0000,1131.0000,0.0000,9.0000,18.0000,8.0000,4.0000
1.0320,0.2430,0.2100,0.1250,0.0530,0.0000,0.0000,0.5790,1.0000,3.9610,213.2530,2.6430,0.0000,0.0000,0.0000,66.6929,0.0000,3374.0000,1131.0000,0.0000,9.0000,18.0000,8.0000,4.0000
1.4400,0.2230,0.2490,0.1180,0.1160,0.0000,0.0000,0.9680,1.0000,3.9610,213.2530,2.6430,0.0000,0.0000,0.0000,66.7032,0.0000,3375.0000,1131.0000,0.0000,9.0000,18.0000,8.0000,4.0000
1.1880,0.2740,0.2160,0.1230,0.0820,0.0000,0.0000,0.6980,1.0000,3.9610,213.2530,2.6430,0.0000,0.0000,0.0000,66.7032,0.0000,3375.0000,1131.0000,0.0000,9.0000,18.0000,8.0000,5.0000
1.2360,0.3860,0.2330,0.2780,0.0610,0.0000,0.0000,0.6170,1.0000,3.9610,213.2530,2.6430,0.0000,0.0000,0.0000,66.7033,0.0000,3375.0000,1131.0000,0.0000,9.0000,18.0000,8.0000,5.0000
1.2360,0.2820,0.2960,0.1570,0.0850,0.0000,0.0000,0.6580,1.0000,3.9610,213.2530,2.6430,0.0000,0.0000,0.0000,66.7033,0.0000,3375.0000,1131.0000,0.0000,9.0000,18.0000,8.0000,5.0000
1.2420,0.2800,0.2680,0.1450,0.1070,0.0000,0.0000,0.6940,1.0000,3.9610,213.2530,2.6430,0.0000,0.0000,0.0000,66.7333,0.0000,3378.0000,1131.0000,0.0000,9.0000,18.0000,8.0000,5.0000
1.0600,0.3570,0.2110,0.1250,0.0570,0.0000,0.0000,0.4920,1.0000,3.9610,213.2530,2.6430,0.0000,0.0000,0.0000,66.7326,0.0000,3378.0000,1131.0000,0.0000,9.0000,17.0000,8.0000,5.0000
1.1880,0.3040,0.2360,0.1900,0.0870,0.0000,0.0000,0.6480,1.0000,3.9610,213.2530,2.6430,0.0000,0.0000,0.0000,66.7436,0.0000,3379.0000,1131.0000,0.0000,9.0000,17.0000,8.0000,5.0000
1.1850,0.3950,0.2070,0.1590,0.0590,0.0000,0.0000,0.5830,1.0000,3.9610,213.2530,2.6430,0.0000,0.0000,0.0000,66.7436,0.0000,3379.0000,1131.0000,0.0000,9.0000,17.0000,8.0000,5.0000
1.1450,0.2590,0.2040,0.1380,0.0560,0.0000,0.0000,0.6820,1.0000,3.9610,213.2530,2.6430,0.0000,0.0000,0.0000,66.7437,0.0000,3379.0000,1131.0000,0.0000,9.0000,17.0000,8.0000,5.0000
1.0420,0.2610,0.2440,0.1320,0.0610,0.0000,0.0000,0.5370,1.0000,3.9610,213.2530,2.6430,0.0000,0.0000,0.0000,66.7437,0.0000,3379.0000,1131.0000,0.0000,9.0000,17.0000,8.0000,5.0000
1.2440,0.2450,0.2490,0.1270,0.0610,0.0000,0.0000,0.7500,1.0000,3.9610,213.2530,2.6430,0.0000,0.0000,0.0000,66.7430,0.0000,3379.0000,1131.0000,0.0000,9.0000,16.0000,8.0000,5.0000
1.1530,0.2330,0.2190,0.1200,0.0580,0.0000,0.0000,0.7010,1.0000,3.9610,213.2530,2.6430,0.0000,0.0000,0.0000,66.7430,0.0000,3379.0000,1131.0000,0.0000,9.0000,16.0000,8.0000,5.0000
1.0260,0.2360,0.1920,0.1230,0.0560,0.0000,0.0000,0.5980,1.0000,3.9610,213.2530,2.6430,0.0000,0.0000,0.0000,66.7430,0.0000,3379.0000,1131.0000,0.0000,9.0000,16.0000,8.0000,5.0000
0.9990,0.2310,0.1840,0.1220,0.0520,0.0000,0.0000,0.5840,1.0000,3.9610,213.2530,2.6430,0.0000,0.0000,0.0000,66.7430,0.0000,3379.0000,1131.0000,0.0000,9.0000,16.0000,8.0000,5.0000
0.9630,0.2230,0.1810,0.1170,0.0520,0.0000,0.0000,0.5590,1.0000,3.9610,213.2530,2.6430,0.0000,0.0000,0.0000,66.7430,0.0000,3379.0000,1131.0000,0.0000,9.0000,16.0000,8.0000,5.0000
1.0200,0.2200,0.1790,0.1190,0.0530,0.0000,0.0000,0.6210,1.0000,3.9610,213.2530,2.6430,0.0000,0.0000,0.0000,66.7430,0.0000,3379.0000,1131.0000,0.0000,9.0000,16.0000,8.0000,5.0000
0.9410,0.2160,0.1800,0.1170,0.0520,0.0000,0.0000,0.5450,1.0000,3.9610,213.2530,2.6430,0.0000,0.0000,0.0000,66.7430,0.0000,3379.0000,1131.0000,0.0000,9.0000,16.0000,8.0000,5.0000
1.0250,0.2160,0.1760,0.1170,0.0510,0.0000,0.0000,0.6330,1.0000,3.9610,213.2530,2.6430,0.0000,0.0000,0.0000,66.7430,0.0000,3379.0000,1131.0000,0.0000,9.0000,16.0000,8.0000,5.0000
0.9770,0.2190,0.1780,0.1180,0.0510,0.0000,0.0000,0.5800,1.0000,3.9610,213.2530,2.6430,0.0000,0.0000,0.0000,66.7423,0.0000,3379.0000,1131.0000,0.0000,9.0000,15.0000,8.0000,5.0000
1.0500,0.2140,0.1750,0.1160,0.0510,0.0000,0.0000,0.6610,1.0000,3.9610,213.2530,2.6430,0.0000,0.0000,0.0000,66.7423,0.0000,3379.0000,1131.0000,0.0000,9.0000,15.0000,8.0000,5.0000
0.9790,0.2130,0.1970,0.1150,0.0550,0.0000,0.0000,0.5690,1.0000,3.9610,213.2530,2.6430,0.0000,0.0000,0.0000,66.7423,0.0000,3379.0000,1131.0000,0.0000,9.0000,15.0000,8.0000,5.0000
0.8890,0.2700,0.1740,0.1640,0.0490,0.0000,0.0000,0.4450,1.0000,3.9610,213.2530,2.6430,0.0000,0.0000,0.0000,66.7423,0.0000,3379.0000,1131.0000,0.0000,9.0000,15.0000,8.0000,5.0000
0.9860,0.2180,0.2140,0.1150,0.0810,0.0000,0.0000,0.5540,1.0000,3.9610,213.2530,2.6430,0.0000,0.0000,0.0000,66.7526,0.0000,3380.0000,1131.0000,0.0000,9.0000,15.0000,8.0000,5.0000
1.1930,0.2620,0.2410,0.1200,0.0990,0.0000,0.0000,0.6900,1.0000,3.9610,213.2530,2.6430,0.0000,0.0000,0.0000,66.7831,0.0000,3383.0000,1131.0000,0.0000,9.0000,15.0000,8.0000,5.0000
1.0510,0.4050,0.1850,0.1200,0.0520,0.0000,0.0000,0.4610,1.0000,3.9610,213.2530,2.6430,0.0000,0.0000,0.0000,66.7832,0.0000,3383.0000,1131.0000,0.0000,9.0000,15.0000,8.0000,5.0000
0.9230,0.2940,0.1790,0.1740,0.0500,0.0000,0.0000,0.4500,1.0000,3.9610,213.2530,2.6430,0.0000,0.0000,0.0000,66.7844,0.0000,3383.0000,1131.0000,0.0000,9.0000,16.0000,8.0000,5.0000
0.8830,0.2680,0.1770,0.1680,0.0500,0.0000,0.0000,0.4380,1.0000,3.9610,213.2530,2.6430,0.0000,0.0000,0.0000,66.7844,0.0000,3383.0000,1131.0000,0.0000,9.0000,16.0000,8.0000,5.0000
1.0910,0.2170,0.2080,0.1140,0.0810,0.0000,0.0000,0.6660,1.0000,3.9610,213.2530,2.6430,0.0000,0.0000,0.0000,66.7947,0.0000,3384.0000,1131.0000,0.0000,9.0000,16.0000,8.0000,5.0000
1.0730,0.2910,0.1900,0.1220,0.0530,0.0000,0.0000,0.5920,1.0000,3.9610,213.2530,2.6430,0.0000,0.0000,0.0000,66.7947,0.0000,3384.0000,1131.0000,0.0000,9.0000,16.0000,8.0000,5.0000
1.0780,0.3310,0.2250,0.2060,0.0840,0.0000,0.0000,0.5220,1.0000,3.9610,213.2530,2.6430,0.0000,0.0000,0.0000,66.8050,0.0000,3385.0000,1131.0000,0.0000,9.0000,16.0000,8.0000,5.0000
1.0810,0.3330,0.1930,0.1340,0.0530,0.0000,0.0000,0.5550,1.0000,3.9610,213.2530,2.6430,0.0000,0.0000,0.0000,66.8043,0.0000,3385.0000,1131.0000,0.0000,9.0000,15.0000,8.0000,5.0000
1.3840,0.2760,0.2580,0.1350,0.1000,0.0000,0.0000,0.8500,1.0000,3.9610,213.2530,2.6430,0.0000,0.0000,0.0000,66.8050,0.0000,3385.0000,1131.0000,0.0000,9.0000,16.0000,8.0000,5.0000
1.1160,0.3310,0.2530,0.1470,0.0590,0.0000,0.0000,0.5320,1.0000,3.9610,213.2530,2.6430,0.0000,0.0000,0.0000,66.8050,0.0000,3385.0000,1131.0000,0.0000,9.0000,16.0000,8.0000,5.0000
1.2930,0.2580,0.2190,0.1260,0.0670,0.0000,0.0000,0.8160,1.0000,3.9610,213.2530,2.6430,0.0000,0.0000,0.0000,66.8050,0.0000,3385.0000,1131.0000,0.0000,9.0000,16.0000,8.0000,5.0000
1.2040,0.2860,0.2260,0.1650,0.0660,0.0000,0.0000,0.6920,1.0000,3.9610,213.2530,2.6430,0.0000,0.0000,0.0000,66.8050,0.0000,3385.0000,1131.0000,0.0000,9.0000,16.0000,8.0000,5.0000
1.1820,0.3070,0.1930,0.1860,0.0520,0.0000,0.0000,0.6820,1.0000,3.9610,213.2530,2.6430,0.0000,0.0000,0.0000,66.8045,0.0000,3385.0000,1131.0000,0.0000,9.0000,15.0000,8.0000,6.0000
1.2100,0.3710,0.2070,0.2130,0.0580,0.0000,0.0000,0.6320,1.0000,3.9610,213.2530,2.6430,0.0000,0.0000,0.0000,66.8045,0.0000,3385.0000,1131.0000,0.0000,9.0000,15.0000,8.0000,6.0000
1.1930,0.2700,0.2140,0.1350,0.0540,0.0000,0.0000,0.7090,1.0000,3.9610,213.2530,2.6430,0.0000,0.0000,0.0000,66.8045,0.0000,3385.0000,1131.0000,0.0000,9.0000,15.0000,8.0000,6.0000
1.0890,0.2490,0.2100,0.1330,0.0560,0.0000,0.0000,0.6300,1.0000,3.9610,213.2530,2.6430,0.0000,0.0000,0.0000,66.8045,0.0000,3385.0000,1131.0000,0.0000,9.0000,15.0000,8.0000,6.0000
0.9520,0.2500,0.1930,0.1310,0.0530,0.0000,0.0000,0.5090,1.0000,3.9610,213.2530,2.6430,0.0000,0.0000,0.0000,66.8045,0.0000,3385.0000,1131.0000,0.0000,9.0000,15.0000,8.0000,6.0000
1.1230,0.2350,0.2370,0.1320,0.0920,0.0000,0.0000,0.6510,1.0000,3.9610,213.2530,2.6430,0.0000,0.0000,0.0000,66.8248,0.0000,3387.0000,1131.0000,0.0000,9.0000,15.0000,8.0000,6.0000
1.1470,0.3190,0.2300,0.1260,0.0980,0.0000,0.0000,0.5980,1.0000,3.9610,213.2530,2.6430,0.0000,0.0000,0.0000,66.8450,0.0000,3389.0000,1131.0000,0.0000,9.0000,15.0000,8.0000,6.0000
1.0230,0.3580,0.2050,0.1710,0.0560,0.0000,0.0000,0.4600,1.0000,3.9610,213.2530,2.6430,0.0000,0.0000,0.0000,66.8451,0.0000,3389.0000,1131.0000,0.0000,9.0000,15.0000,8.0000,6.0000
1.0300,0.2890,0.2040,0.1380,0.0700,0.0000,0.0000,0.5370,1.0000,3.9610,213.2530,2.6430,0.0000,0.0000,0.0000,66.8452,0.0000,3389.0000,1131.0000,0.0000,9.0000,15.0000,8.0000,6.0000
1.0420,0.2860,0.1850,0.1380,0.0530,0.0000,0.0000,0.5710,1.0000,3.9610,213.2530,2.6430,0.0000,0.0000,0.0000,66.8452,0.0000,3389.0000,1131.0000,0.0000,9.0000,15.0000,8.0000,6.0000
1.1620,0.2800,0.2220,0.1270,0.0660,0.0000,0.0000,0.6600,1.0000,3.9610,213.2530,2.6430,0.0000,0.0000,0.0000,66.8452,0.0000,3389.0000,1131.0000,0.0000,9.0000,15.0000,8.0000,6.0000
2.3800,0.3280,0.2870,0.1630,0.1530,0.0000,0.0000,1.7650,1.0000,3.9610,213.2530,2.6430,0.0000,0.0000,0.0000,66.8753,0.0000,3392.0000,1131.0000,0.0000,9.0000,15.0000,8.0000,6.0000
1.3820,0.4520,0.2850,0.1780,0.0790,0.0000,0.0000,0.6450,1.0000,3.9610,213.2530,2.6430,0.0000,0.0000,0.0000,66.8754,0.0000,3392.0000,1131.0000,0.0000,9.0000,15.0000,8.0000,6.0000
1.0670,0.3160,0.2270,0.1730,0.0660,0.0000,0.0000,0.5240,1.0000,3.9610,213.2530,2.6430,0.0000,0.0000,0.0000,66.8755,0.0000,3392.0000,1131.0000,0.0000,9.0000,15.0000,8.0000,6.0000
1.2570,0.2910,0.2340,0.1330,0.0740,0.0000,0.0000,0.7320,1.0000,3.9610,213.2530,2.6430,0.0000,0.0000,0.0000,66.8755,0.0000,3392.0000,1131.0000,0.0000,9.0000,15.0000,8.0000,5.0000
1.3120,0.3010,0.2910,0.1480,0.1400,0.0000,0.0000,0.7200,1.0000,3.9610,213.2530,2.6430,0.0000,0.0000,0.0000,66.8858,0.0000,3393.0000,1131.0000,0.0000,9.0000,15.0000,8.0000,5.0000
1.1790,0.3470,0.2400,0.1600,0.0620,0.0000,0.0000,0.5920,1.0000,3.9610,213.2530,2.6430,0.0000,0.0000,0.0000,66.8858,0.0000,3393.0000,1131.0000,0.0000,9.0000,15.0000,8.0000,5.0000
1.2040,0.2570,0.2540,0.1280,0.0920,0.0000,0.0000,0.6930,1.0000,3.9610,213.2530,2.6430,0.0000,0.0000,0.0000,66.8966,0.0000,3394.0000,1131.0000,0.0000,9.0000,15.0000,8.0000,5.0000
1.2690,0.3530,0.2060,0.1900,0.0570,0.0000,0.0000,0.7100,1.0000,3.9610,213.2530,2.6430,0.0000,0.0000,0.0000,66.8959,0.0000,3394.0000,1131.0000,0.0000,9.0000,14.0000,8.0000,5.0000
1.4070,0.3110,0.2740,0.1310,0.1130,0.0000,0.0000,0.8220,1.0000,3.9610,213.2530,2.6430,0.0000,0.0000,0.0000,66.8959,0.0000,3394.0000,1131.0000,0.0000,9.0000,14.0000,8.0000,5.0000
1.1610,0.2820,0.2560,0.1310,0.0640,0.0000,0.0000,0.6230,1.0000,3.9610,213.2530,2.6430,0.0000,0.0000,0.0000,66.8959,0.0000,3394.0000,1131.0000,0.0000,9.0000,14.0000,8.0000,5.0000
1.3710,0.2560,0.2500,0.1310,0.0750,0.0000,0.0000,0.8650,1.0000,3.9610,213.2530,2.6430,0.0000,0.0000,0.0000,66.8959,0.0000,3394.0000,1131.0000,0.0000,9.0000,14.0000,8.0000,5.0000
1.2130,0.3280,0.2290,0.2040,0.0600,0.0000,0.0000,0.6560,1.0000,3.9610,213.2530,2.6430,0.0000,0.0000,0.0000,66.6828,0.0000,3373.0000,1131.0000,0.0000,9.0000,14.0000,8.0000,5.0000
1.4170,0.2640,0.3310,0.1300,0.1260,0.0000,0.0000,0.8220,1.0000,3.9610,213.2530,2.6430,0.0000,0.0000,0.0000,66.6931,0.0000,3374.0000,1131.0000,0.0000,9.0000,14.0000,8.0000,5.0000
1.1910,0.3600,0.2520,0.1640,0.0620,0.0000,0.0000,0.5790,1.0000,3.9610,213.2530,2.6430,0.0000,0.0000,0.0000,66.6931,0.0000,3374.0000,1131.0000,0.0000,9.0000,14.0000,8.0000,5.0000
1.1670,0.3100,0.2220,0.1920,0.0750,0.0000,0.0000,0.6350,1.0000,3.9610,213.2530,2.6430,0.0000,0.0000,0.0000,66.6931,0.0000,3374.0000,1131.0000,0.0000,9.0000,14.0000,8.0000,5.0000
1.1740,0.3180,0.2030,0.1460,0.0550,0.0000,0.0000,0.6530,1.0000,3.9610,213.2530,2.6430,0.0000,0.0000,0.0000,66.6931,0.0000,3374.0000,1131.0000,0.0000,9.0000,14.0000,8.0000,5.0000
1.1780,0.2990,0.2750,0.1480,0.0770,0.0000,0.0000,0.6040,1.0000,3.9610,213.2530,2.6430,0.0000,0.0000,0.0000,66.6931,0.0000,3374.0000,1131.0000,0.0000,9.0000,14.0000,8.0000,5.0000
1.1840,0.2890,0.2110,0.1440,0.0680,0.0000,0.0000,0.6840,1.0000,3.9610,213.2530,2.6430,0.0000,0.0000,0.0000,66.6931,0.0000,3374.0000,1131.0000,0.0000,9.0000,14.0000,8.0000,5.0000
1.1920,0.2550,0.2390,0.1250,0.0870,0.0000,0.0000,0.6980,1.0000,3.9610,213.2530,2.6430,0.0000,0.0000,0.0000,66.7034,0.0000,3375.0000,1131.0000,0.0000,9.0000,14.0000,8.0000,5.0000
1.1240,0.3370,0.1890,0.1810,0.0520,0.0000,0.0000,0.5980,1.0000,3.9610,213.2530,2.6430,0.0000,0.0000,0.0000,66.7033,0.0000,3375.0000,1131.0000,0.0000,9.0000,14.0000,8.0000,6.0000
0.9710,0.3550,0.1920,0.2460,0.0580,0.0000,0.0000,0.4240,1.0000,3.9610,213.2530,2.6430,0.0000,0.0000,0.0000,66.7033,0.0000,3375.0000,1131.0000,0.0000,9.0000,14.0000,8.0000,6.0000
1.0020,0.2760,0.1990,0.1260,0.0540,0.0000,0.0000,0.5270,1.0000,3.9610,213.2530,2.6430,0.0000,0.0000,0.0000,66.7033,0.0000,3375.0000,1131.0000,0.0000,9.0000,14.0000,8.0000,6.0000
1.0190,0.3250,0.1800,0.1810,0.0530,0.0000,0.0000,0.5140,1.0000,3.9610,213.2530,2.6430,0.0000,0.0000,0.0000,66.7033,0.0000,3375.0000,1131.0000,0.0000,9.0000,14.0000,8.0000,6.0000
1.0850,0.2690,0.2210,0.1240,0.0900,0.0000,0.0000,0.5950,1.0000,3.9610,213.2530,2.6430,0.0000,0.0000,0.0000,66.7132,0.0000,3376.0000,1131.0000,0.0000,9.0000,14.0000,8.0000,6.0000
0.9570,0.3570,0.1880,0.1550,0.0540,0.0000,0.0000,0.4120,1.0000,3.9610,213.2530,2.6430,0.0000,0.0000,0.0000,66.7132,0.0000,3376.0000,1131.0000,0.0000,9.0000,14.0000,8.0000,6.0000
1.2550,0.2420,0.2510,0.1330,0.1070,0.0000,0.0000,0.7620,1.0000,3.9610,213.2530,2.6430,0.0000,0.0000,0.0000,66.7336,0.0000,3378.0000,1131.0000,0.0000,9.0000,14.0000,8.0000,6.0000
1.0390,0.4180,0.2220,0.1510,0.0560,0.0000,0.0000,0.3990,1.0000,3.9610,213.2530,2.6430,0.0000,0.0000,0.0000,66.7337,0.0000,3378.0000,1131.0000,0.0000,9.0000,14.0000,8.0000,6.0000
1.3570,0.2400,0.2740,0.1250,0.0730,0.0000,0.0000,0.8430,1.0000,3.9610,213.2530,2.6430,0.0000,0.0000,0.0000,66.7558,0.0000,3380.0000,1131.0000,0.0000,9.0000,14.0000,8.0000,6.0000
1.0510,0.3440,0.2020,0.1260,0.0550,0.0000,0.0000,0.5050,1.0000,3.9610,213.2530,2.6430,0.0000,0.0000,0.0000,66.7558,0.0000,3380.0000,1131.0000,0.0000,9.0000,14.0000,8.0000,6.0000
1.1410,0.2730,0.2340,0.1300,0.0960,0.0000,0.0000,0.6340,1.0000,3.9610,213.2530,2.6430,0.0000,0.0000,0.0000,66.7762,0.0000,3382.0000,1131.0000,0.0000,9.0000,14.0000,8.0000,6.0000
1.6990,0.3830,0.2320,0.1840,0.0840,0.0000,0.0000,1.0840,1.0000,3.9610,213.2530,2.6430,0.0000,0.0000,0.0000,66.7865,0.0000,3383.0000,1131.0000,0.0000,9.0000,14.0000,8.0000,6.0000
1.1850,0.3350,0.2670,0.1270,0.0720,0.0000,0.0000,0.5830,1.0000,3.9610,213.2530,2.6430,0.0000,0.0000,0.0000,66.7866,0.0000,3383.0000,1131.0000,0.0000,9.0000,14.0000,8.0000,6.0000
1.1800,0.2810,0.2020,0.1340,0.0570,0.0000,0.0000,0.6970,1.0000,3.9610,213.2530,2.6430,0.0000,0.0000,0.0000,66.7867,0.0000,3383.0000,1131.0000,0.0000,9.0000,14.0000,8.0000,6.0000
1.5170,0.4020,0.4630,0.2470,0.3250,0.0000,0.0000,0.6520,1.0000,3.9610,213.2530,2.6430,0.0000,0.0000,0.0000,66.8050,0.0000,3385.0000,1131.0000,0.0000,9.0000,14.0000,8.0000,6.0000
1.1040,0.4570,0.2530,0.1400,0.0680,0.0000,0.0000,0.3940,1.0000,3.9610,213.2530,2.6430,0.0000,0.0000,0.0000,66.8050,0.0000,3385.0000,1131.0000,0.0000,9.0000,14.0000,8.0000,5.0000
1.0970,0.2540,0.2680,0.1290,0.0650,0.0000,0.0000,0.5750,1.0000,3.9610,213.2530,2.6430,0.0000,0.0000,0.0000,66.8051,0.0000,3385.0000,1131.0000,0.0000,9.0000,14.0000,8.0000,5.0000
1.0150,0.2580,0.2150,0.1340,0.0550,0.0000,0.0000,0.5420,1.0000,3.9610,213.2530,2.6430,0.0000,0.0000,0.0000,66.8051,0.0000,3385.0000,1131.0000,0.0000,9.0000,14.0000,8.0000,5.0000
2.5460,0.2440,0.2270,0.1230,0.0590,0.0000,0.0000,2.0750,1.0000,3.9610,213.2530,2.6430,0.0000,0.0000,0.0000,66.8051,0.0000,3385.0000,1131.0000,0.0000,9.0000,14.0000,8.0000,5.0000
1.1490,1.5590,0.2550,1.4370,0.0880,0.0000,0.0000,0.0000,1.0000,3.9610,213.2530,2.6430,0.0000,0.0000,0.0000,66.8051,0.0000,3385.0000,1131.0000,0.0000,9.0000,14.0000,8.0000,5.0000
1.0020,0.2480,0.2030,0.1140,0.0460,0.0000,0.0000,0.5510,1.0000,3.9610,213.2530,2.6430,0.0000,0.0000,0.0000,66.8051,0.0000,3385.0000,1131.0000,0.0000,9.0000,14.0000,8.0000,5.0000
0.9570,0.2280,0.1990,0.1040,0.0470,0.0000,0.0000,0.5300,1.0000,3.9610,213.2530,2.6430,0.0000,0.0000,0.0000,66.8051,0.0000,3385.0000,1131.0000,0.0000,9.0000,14.0000,8.0000,5.0000
0.9710,0.2150,0.2070,0.1020,0.0750,0.0000,0.0000,0.5490,1.0000,3.9610,213.2530,2.6430,0.0000,0.0000,0.0000,66.8153,0.0000,3386.0000,1131.0000,0.0000,9.0000,14.0000,8.0000,5.0000
1.0220,0.2440,0.1900,0.1000,0.0740,0.0000,0.0000,0.5880,1.0000,3.9610,213.2530,2.6430,0.0000,0.0000,0.0000,66.8153,0.0000,3386.0000,1131.0000,0.0000,9.0000,14.0000,8.0000,5.0000
0.9120,0.2180,0.1760,0.1150,0.0450,0.0000,0.0000,0.5180,1.0000,3.9610,213.2530,2.6430,0.0000,0.0000,0.0000,66.8154,0.0000,3386.0000,1131.0000,0.0000,9.0000,14.0000,8.0000,5.0000
0.8720,0.2030,0.1550,0.1090,0.0420,0.0000,0.0000,0.5140,1.0000,3.9610,213.2530,2.6430,0.0000,0.0000,0.0000,66.8154,0.0000,3386.0000,1131.0000,0.0000,9.0000,14.0000,8.0000,5.0000
0.8800,0.2180,0.1650,0.1120,0.0460,0.0000,0.0000,0.4970,1.0000,3.9610,213.2530,2.6430,0.0000,0.0000,0.0000,66.8154,0.0000,3386.0000,1131.0000,0.0000,9.0000,14.0000,8.0000,5.0000
1.0340,0.2730,0.1750,0.1440,0.0680,0.0000,0.0000,0.5860,1.0000,3.9610,213.2530,2.6430,0.0000,0.0000,0.0000,66.8278,0.0000,3388.0000,1131.0000,0.0000,9.0000,14.0000,8.0000,5.0000
0.9690,0.2870,0.1520,0.1220,0.0430,0.0000,0.0000,0.5300,1.0000,3.9610,213.2530,2.6430,0.0000,0.0000,0.0000,66.8274,0.0000,3388.0000,1131.0000,0.0000,9.0000,14.0000,8.0000,6.0000
1.0000,0.2810,0.1990,0.1890,0.0900,0.0000,0.0000,0.5200,1.0000,3.9610,213.2530,2.6430,0.0000,0.0000,0.0000,66.8505,0.0000,3392.0000,1131.0000,0.0000,9.0000,14.0000,8.0000,6.0000
0.9240,0.3050,0.1500,0.1040,0.0420,0.0000,0.0000,0.4690,1.0000,3.9610,213.2530,2.6430,0.0000,0.0000,0.0000,66.8505,0.0000,3392.0000,1131.0000,0.0000,9.0000,14.0000,8.0000,6.0000
1.0970,0.2330,0.1920,0.1380,0.0750,0.0000,0.0000,0.6720,1.0000,3.9610,213.2530,2.6430,0.0000,0.0000,0.0000,66.8708,0.0000,3394.0000,1131.0000,0.0000,9.0000,14.0000,8.0000,6.0000
1.0560,0.2940,0.1690,0.1040,0.0520,0.0000,0.0000,0.5930,1.0000,3.9610,213.2530,2.6430,0.0000,0.0000,0.0000,66.8708,0.0000,3394.0000,1131.0000,0.0000,9.0000,14.0000,8.0000,6.0000
0.9650,0.2230,0.1840,0.1070,0.0670,0.0000,0.0000,0.5580,1.0000,3.9610,213.2530,2.6430,0.0000,0.0000,0.0000,66.8812,0.0000,3395.0000,1131.0000,0.0000,9.0000,14.0000,8.0000,6.0000
0.9430,0.2730,0.1710,0.1000,0.0470,0.0000,0.0000,0.4990,1.0000,3.9610,213.2530,2.6430,0.0000,0.0000,0.0000,66.8812,0.0000,3395.0000,1131.0000,0.0000,9.0000,14.0000,8.0000,6.0000
0.8760,0.2980,0.1540,0.1600,0.0410,0.0000,0.0000,0.4240,1.0000,3.9610,213.2530,2.6430,0.0000,0.0000,0.0000,66.8813,0.0000,3395.0000,1131.0000,0.0000,9.0000,14.0000,8.0000,6.0000
0.8970,0.2540,0.1550,0.1590,0.0430,0.0000,0.0000,0.4880,1.0000,3.9610,213.2530,2.6430,0.0000,0.0000,0.0000,66.8813,0.0000,3395.0000,1131.0000,0.0000,9.0000,14.0000,8.0000,6.0000
0.8690,0.2160,0.1590,0.1160,0.0420,0.0000,0.0000,0.4940,1.0000,3.9610,213.2530,2.6430,0.0000,0.0000,0.0000,66.8813,0.0000,3395.0000,1131.0000,0.0000,9.0000,14.0000,8.0000,6.0000
0.8180,0.2030,0.1400,0.1100,0.0390,0.0000,0.0000,0.4750,1.0000,3.9610,213.2530,2.6430,0.0000,0.0000,0.0000,66.8813,0.0000,3395.0000,1131.0000,0.0000,9.0000,14.0000,8.0000,6.0000
0.9310,0.2010,0.2140,0.1090,0.1090,0.0000,0.0000,0.5160,1.0000,3.9610,213.2530,2.6430,0.0000,0.0000,0.0000,66.8813,0.0000,3395.0000,1131.0000,0.0000,9.0000,14.0000,8.0000,5.0000
0.8970,0.2230,0.1800,0.1170,0.0460,0.0000,0.0000,0.4940,1.0000,3.9610,213.2530,2.6430,0.0000,0.0000,0.0000,66.8813,0.0000,3395.0000,1131.0000,0.0000,9.0000,14.0000,8.0000,5.0000
0.8600,0.2300,0.1470,0.1230,0.0410,0.0000,0.0000,0.4830,1.0000,3.9610,213.2530,2.6430,0.0000,0.0000,0.0000,66.8813,0.0000,3395.0000,1131.0000,0.0000,9.0000,14.0000,8.0000,5.0000
0.8340,0.2150,0.1430,0.1210,0.0420,0.0000,0.0000,0.4760,1.0000,3.9610,213.2530,2.6430,0.0000,0.0000,0.0000,66.8813,0.0000,3395.0000,1131.0000,0.0000,9.0000,14.0000,8.0000,5.0000
0.8870,0.2330,0.1450,0.1100,0.0410,0.0000,0.0000,0.5090,1.0000,3.9610,213.2530,2.6430,0.0000,0.0000,0.0000,66.8813,0.0000,3395.0000,1131.0000,0.0000,9.0000,14.0000,8.0000,5.0000
0.8400,0.2440,0.1700,0.1520,0.0670,0.0000,0.0000,0.4260,1.0000,3.9610,213.2530,2.6430,0.0000,0.0000,0.0000,66.8915,0.0000,3396.0000,1131.0000,0.0000,9.0000,14.0000,8.0000,5.0000
0.9280,0.2360,0.1820,0.1090,0.0660,0.0000,0.0000,0.5100,1.0000,3.9610,213.2530,2.6430,0.0000,0.0000,0.0000,66.9023,0.0000,3397.0000,1131.0000,0.0000,9.0000,14.0000,8.0000,5.0000
0.9030,0.2360,0.1470,0.1110,0.0420,0.0000,0.0000,0.5200,1.0000,3.9610,213.2530,2.6430,0.0000,0.0000,0.0000,66.9023,0.0000,3397.0000,1131.0000,0.0000,9.0000,14.0000,8.0000,5.0000
0.8590,0.2010,0.1490,0.1100,0.0430,0.0000,0.0000,0.5090,1.0000,3.9610,213.2530,2.6430,0.0000,0.0000,0.0000,66.9024,0.0000,3397.0000,1131.0000,0.0000,9.0000,14.0000,8.0000,5.0000
0.8890,0.2020,0.1660,0.1100,0.0420,0.0000,0.0000,0.5210,1.0000,3.9610,213.2530,2.6430,0.0000,0.0000,0.0000,66.9024,0.0000,3397.0000,1131.0000,0.0000,9.0000,14.0000,8.0000,5.0000
0.9240,0.2150,0.1420,0.1100,0.0410,0.0000,0.0000,0.5670,1.0000,3.9610,213.2530,2.6430,0.0000,0.0000,0.0000,66.9024,0.0000,3397.0000,1131.0000,0.0000,9.0000,14.0000,8.0000,5.0000
0.8690,0.2080,0.1610,0.1180,0.0440,0.0000,0.0000,0.5000,1.0000,3.9610,213.2530,2.6430,0.0000,0.0000,0.0000,66.9012,0.0000,3395.0000,1131.0000,0.0000,9.0000,14.0000,8.0000,5.0000
0.8080,0.2020,0.1450,0.1080,0.0410,0.0000,0.0000,0.4610,1.0000,3.9610,213.2530,2.6430,0.0000,0.0000,0.0000,66.9012,0.0000,3395.0000,1131.0000,0.0000,9.0000,14.0000,8.0000,5.0000
1.1630,0.2290,0.1860,0.1420,0.0830,0.0000,0.0000,0.7480,1.0000,3.9610,213.2530,2.6430,0.0000,0.0000,0.0000,66.9115,0.0000,3396.0000,1131.0000,0.0000,9.0000,14.0000,8.0000,5.0000
0.9130,0.3610,0.1730,0.1790,0.0440,0.0000,0.0000,0.3790,1.0000,3.9610,213.2530,2.6430,0.0000,0.0000,0.0000,66.9115,0.0000,3396.0000,1131.0000,0.0000,9.0000,14.0000,8.0000,5.0000
0.9450,0.2710,0.1970,0.1140,0.0720,0.0000,0.0000,0.4770,1.0000,3.9610,213.2530,2.6430,0.0000,0.0000,0.0000,66.9218,0.0000,3397.0000,1131.0000,0.0000,9.0000,14.0000,8.0000,5.0000
0.9300,0.2860,0.1530,0.1170,0.0410,0.0000,0.0000,0.4910,1.0000,3.9610,213.2530,2.6430,0.0000,0.0000,0.0000,66.9218,0.0000,3397.0000,1131.0000,0.0000,9.0000,14.0000,8.0000,5.0000
0.9590,0.2120,0.2050,0.1130,0.0810,0.0000,0.0000,0.5420,1.0000,3.9610,213.2530,2.6430,0.0000,0.0000,0.0000,66.9321,0.0000,3398.0000,1131.0000,0.0000,9.0000,14.0000,8.0000,5.0000
0.8840,0.3130,0.1760,0.1710,0.0490,0.0000,0.0000,0.3950,1.0000,3.9610,213.2530,2.6430,0.0000,0.0000,0.0000,66.9308,0.0000,3397.0000,1131.0000,0.0000,9.0000,14.0000,8.0000,5.0000
0.9640,0.2110,0.1820,0.1110,0.0450,0.0000,0.0000,0.5710,1.0000,3.9610,213.2530,2.6430,0.0000,0.0000,0.0000,66.9309,0.0000,3397.0000,1131.0000,0.0000,9.0000,14.0000,8.0000,5.0000
0.8630,0.2250,0.1760,0.1200,0.0540,0.0000,0.0000,0.4620,1.0000,3.9610,213.2530,2.6430,0.0000,0.0000,0.0000,66.9309,0.0000,3397.0000,1131.0000,0.0000,9.0000,14.0000,8.0000,5.0000
0.8130,0.2130,0.1570,0.1110,0.0420,0.0000,0.0000,0.4430,1.0000,3.9610,213.2530,2.6430,0.0000,0.0000,0.0000,66.9309,0.0000,3397.0000,1131.0000,0.0000,9.0000,14.0000,8.0000,5.0000
1.2730,0.2070,0.1860,0.1100,0.0700,0.0000,0.0000,0.8800,1.0000,3.9610,213.2530,2.6430,0.0000,0.0000,0.0000,66.9309,0.0000,3397.0000,1131.0000,0.0000,9.0000,14.0000,8.0000,5.0000
1.2280,0.2220,0.2160,0.1150,0.0820,0.0000,0.0000,0.7900,1.0000,3.9610,213.2530,2.6430,0.0000,0.0000,0.0000,66.9412,0.0000,3398.0000,1131.0000,0.0000,9.0000,14.0000,8.0000,5.0000
0.8710,0.2610,0.1810,0.1280,0.0470,0.0000,0.0000,0.4290,1.0000,3.9610,213.2530,2.6430,0.0000,0.0000,0.0000,66.9412,0.0000,3398.0000,1131.0000,0.0000,9.0000,14.0000,8.0000,5.0000
0.9230,0.2120,0.1720,0.1130,0.0430,0.0000,0.0000,0.5390,1.0000,3.9610,213.2530,2.6430,0.0000,0.0000,0.0000,66.9412,0.0000,3398.0000,1131.0000,0.0000,9.0000,14.0000,8.0000,5.0000
0.8450,0.2060,0.1750,0.1100,0.0540,0.0000,0.0000,0.4640,1.0000,3.9610,213.2530,2.6430,0.0000,0.0000,0.0000,66.9412,0.0000,3398.0000,1131.0000,0.0000,9.0000,14.0000,8.0000,5.0000
0.8220,0.2070,0.1570,0.1120,0.0440,0.0000,0.0000,0.4580,1.0000,3.9610,213.2530,2.6430,0.0000,0.0000,0.0000,66.9412,0.0000,3398.0000,1131.0000,0.0000,9.0000,14.0000,8.0000,5.0000
0.8250,0.2190,0.1620,0.1090,0.0440,0.0000,0.0000,0.4440,1.0000,3.9610,213.2530,2.6430,0.0000,0.0000,0.0000,66.9412,0.0000,3398.0000,1131.0000,0.0000,9.0000,14.0000,8.0000,5.0000
0.8910,0.2210,0.1760,0.1250,0.0720,0.0000,0.0000,0.4940,1.0000,3.9610,213.2530,2.6430,0.0000,0.0000,0.0000,66.9614,0.0000,3400.0000,1131.0000,0.0000,9.0000,14.0000,8.0000,5.0000
0.8210,0.3010,0.1510,0.1130,0.0410,0.0000,0.0000,0.3690,1.0000,3.9610,213.2530,2.6430,0.0000,0.0000,0.0000,66.9614,0.0000,3400.0000,1131.0000,0.0000,9.0000,14.0000,8.0000,4.0000
0.7960,0.2400,0.1560,0.1530,0.0450,0.0000,0.0000,0.4000,1.0000,3.9610,213.2530,2.6430,0.0000,0.0000,0.0000,66.9615,0.0000,3400.0000,1131.0000,0.0000,9.0000,14.0000,8.0000,4.0000
0.7400,0.2060,0.1470,0.1160,0.0420,0.0000,0.0000,0.3870,1.0000,3.9610,213.2530,2.6430,0.0000,0.0000,0.0000,66.9615,0.0000,3400.0000,1131.0000,0.0000,9.0000,14.0000,8.0000,4.0000
0.8270,0.1950,0.1640,0.1060,0.0650,0.0000,0.0000,0.4680,1.0000,3.9610,213.2530,2.6430,0.0000,0.0000,0.0000,66.9615,0.0000,3400.0000,1131.0000,0.0000,9.0000,14.0000,8.0000,5.0000
0.7880,0.2680,0.1530,0.1810,0.0470,0.0000,0.0000,0.3670,1.0000,3.9610,213.2530,2.6430,0.0000,0.0000,0.0000,66.9615,0.0000,3400.0000,1131.0000,0.0000,9.0000,14.0000,8.0000,5.0000
0.8350,0.2080,0.1490,0.1110,0.0440,0.0000,0.0000,0.4780,1.0000,3.9610,213.2530,2.6430,0.0000,0.0000,0.0000,66.9615,0.0000,3400.0000,1131.0000,0.0000,9.0000,14.0000,8.0000,5.0000
0.7670,0.2450,0.1550,0.1520,0.0440,0.0000,0.0000,0.3670,1.0000,3.9610,213.2530,2.6430,0.0000,0.0000,0.0000,66.9615,0.0000,3400.0000,1131.0000,0.0000,9.0000,14.0000,8.0000,5.0000
0.7480,0.1980,0.1460,0.1090,0.0430,0.0000,0.0000,0.4040,1.0000,3.9610,213.2530,2.6430,0.0000,0.0000,0.0000,66.9615,0.0000,3400.0000,1131.0000,0.0000,9.0000,14.0000,8.0000,5.0000
0.7790,0.1980,0.1700,0.1070,0.0680,0.0000,0.0000,0.4110,1.0000,3.9610,213.2530,2.6430,0.0000,0.0000,0.0000,66.9615,0.0000,3400.0000,1131.0000,0.0000,9.0000,14.0000,8.0000,5.0000
0.7740,0.2100,0.1530,0.1200,0.0440,0.0000,0.0000,0.4110,1.0000,3.9610,213.2530,2.6430,0.0000,0.0000,0.0000,66.9615,0.0000,3400.0000,1131.0000,0.0000,9.0000,14.0000,8.0000,5.0000
0.9140,0.2310,0.1800,0.1100,0.0740,0.0000,0.0000,0.5030,1.0000,3.9610,213.2530,2.6430,0.0000,0.0000,0.0000,66.9821,0.0000,3402.0000,1131.0000,0.0000,9.0000,14.0000,8.0000,5.0000
1.0630,0.3120,0.2380,0.1570,0.1040,0.0000,0.0000,0.5130,1.0000,3.9610,213.2530,2.6430,0.0000,0.0000,0.0000,67.0023,0.0000,3404.0000,1131.0000,0.0000,9.0000,14.0000,8.0000,5.0000
0.8190,0.3590,0.1660,0.1720,0.0440,0.0000,0.0000,0.2940,1.0000,3.9610,213.2530,2.6430,0.0000,0.0000,0.0000,67.0024,0.0000,3404.0000,1131.0000,0.0000,9.0000,14.0000,8.0000,5.0000
0.9230,0.2010,0.1690,0.1070,0.0550,0.0000,0.0000,0.5530,1.0000,3.9610,213.2530,2.6430,0.0000,0.0000,0.0000,67.0025,0.0000,3404.0000,1131.0000,0.0000,9.0000,14.0000,8.0000,5.0000
0.8010,0.2140,0.1560,0.1140,0.0440,0.0000,0.0000,0.4310,1.0000,3.9610,213.2530,2.6430,0.0000,0.0000,0.0000,67.0025,0.0000,3404.0000,1131.0000,0.0000,9.0000,14.0000,8.0000,5.0000
1.0230,0.2080,0.1690,0.1140,0.0440,0.0000,0.0000,0.6460,1.0000,3.9610,213.2530,2.6430,0.0000,0.0000,0.0000,67.0025,0.0000,3404.0000,1131.0000,0.0000,9.0000,14.0000,8.0000,5.0000
0.8110,0.2180,0.1910,0.1130,0.0450,0.0000,0.0000,0.4020,1.0000,3.9610,213.2530,2.6430,0.0000,0.0000,0.0000,67.0025,0.0000,3404.0000,1131.0000,0.0000,9.0000,14.0000,8.0000,5.0000
0.8490,0.2200,0.1720,0.1130,0.0660,0.0000,0.0000,0.4570,1.0000,3.9610,213.2530,2.6430,0.0000,0.0000,0.0000,67.0129,0.0000,3405.0000,1131.0000,0.0000,9.0000,14.0000,8.0000,5.0000
0.8330,0.2570,0.1500,0.1260,0.0420,0.0000,0.0000,0.4260,1.0000,3.9610,213.2530,2.6430,0.0000,0.0000,0.0000,66.7445,0.0000,3379.0000,1131.0000,0.0000,9.0000,14.0000,8.0000,5.0000
1.0570,0.2350,0.2130,0.1100,0.0620,0.0000,0.0000,0.6090,1.0000,3.9610,213.2530,2.6430,0.0000,0.0000,0.0000,66.7446,0.0000,3379.0000,1131.0000,0.0000,9.0000,14.0000,8.0000,5.0000
1.1430,0.3370,0.2340,0.2250,0.0650,0.0000,0.0000,0.5720,1.0000,3.9610,213.2530,2.6430,0.0000,0.0000,0.0000,66.7446,0.0000,3379.0000,1131.0000,0.0000,9.0000,14.0000,8.0000,5.0000
1.0870,0.3400,0.2210,0.1550,0.0610,0.0000,0.0000,0.5260,1.0000,3.9610,213.2530,2.6430,0.0000,0.0000,0.0000,66.7446,0.0000,3379.0000,1131.0000,0.0000,9.0000,14.0000,8.0000,5.0000
1.3220,0.2800,0.3060,0.1550,0.1320,0.0000,0.0000,0.7360,1.0000,3.9610,213.2530,2.6430,0.0000,0.0000,0.0000,66.7548,0.0000,3380.0000,1131.0000,0.0000,9.0000,14.0000,8.0000,5.0000
1.1830,0.3760,0.2980,0.1690,0.0800,0.0000,0.0000,0.5090,1.0000,3.9610,213.2530,2.6430,0.0000,0.0000,0.0000,66.7548,0.0000,3380.0000,1131.0000,0.0000,9.0000,14.0000,8.0000,5.0000
0.8590,0.2930,0.1880,0.1410,0.0480,0.0000,0.0000,0.3780,1.0000,3.9610,213.2530,2.6430,0.0000,0.0000,0.0000,66.7549,0.0000,3380.0000,1131.0000,0.0000,9.0000,14.0000,8.0000,5.0000
0.7800,0.2160,0.1570,0.1150,0.0430,0.0000,0.0000,0.4070,1.0000,3.9610,213.2530,2.6430,0.0000,0.0000,0.0000,66.7548,0.0000,3380.0000,1131.0000,0.0000,9.0000,14.0000,8.0000,5.0000
0.8110,0.2040,0.1710,0.1100,0.0630,0.0000,0.0000,0.4360,1.0000,3.9610,213.2530,2.6430,0.0000,0.0000,0.0000,66.7547,0.0000,3380.0000,1131.0000,0.0000,9.0000,14.0000,8.0000,5.0000
0.9410,0.2140,0.1910,0.1210,0.0460,0.0000,0.0000,0.5360,1.0000,3.9610,213.2530,2.6430,0.0000,0.0000,0.0000,66.7547,0.0000,3380.0000,1131.0000,0.0000,9.0000,14.0000,8.0000,5.0000
0.8260,0.2710,0.1620,0.1280,0.0440,0.0000,0.0000,0.3930,1.0000,3.9610,213.2530,2.6430,0.0000,0.0000,0.0000,66.7547,0.0000,3380.0000,1131.0000,0.0000,9.0000,14.0000,8.0000,5.0000
0.8670,0.2400,0.1750,0.1130,0.0670,0.0000,0.0000,0.4520,1.0000,3.9610,213.2530,2.6430,0.0000,0.0000,0.0000,66.7649,0.0000,3381.0000,1131.0000,0.0000,9.0000,14.0000,8.0000,5.0000
0.7980,0.2810,0.1640,0.1580,0.0420,0.0000,0.0000,0.3530,1.0000,3.9610,213.2530,2.6430,0.0000,0.0000,0.0000,66.7649,0.0000,3381.0000,1131.0000,0.0000,9.0000,14.0000,8.0000,5.0000
0.8140,0.2130,0.1470,0.1240,0.0410,0.0000,0.0000,0.4540,1.0000,3.9610,213.2530,2.6430,0.0000,0.0000,0.0000,66.7650,0.0000,3381.0000,1131.0000,0.0000,9.0000,14.0000,8.0000,5.0000
0.8920,0.2260,0.2010,0.1360,0.0470,0.0000,0.0000,0.4650,1.0000,3.9610,213.2530,2.6430,0.0000,0.0000,0.0000,66.7650,0.0000,3381.0000,1131.0000,0.0000,9.0000,14.0000,8.0000,5.0000
0.9570,0.2210,0.2220,0.1160,0.1070,0.0000,0.0000,0.5140,1.0000,3.9610,213.2530,2.6430,0.0000,0.0000,0.0000,66.7852,0.0000,3383.0000,1131.0000,0.0000,9.0000,14.0000,8.0000,5.0000
1.0300,0.2830,0.2490,0.1130,0.0930,0.0000,0.0000,0.4980,1.0000,3.9610,213.2530,2.6430,0.0000,0.0000,0.0000,66.7852,0.0000,3383.0000,1131.0000,0.0000,9.0000,14.0000,8.0000,5.0000
0.8790,0.2370,0.1570,0.1140,0.0420,0.0000,0.0000,0.4850,1.0000,3.9610,213.2530,2.6430,0.0000,0.0000,0.0000,66.7853,0.0000,3383.0000,1131.0000,0.0000,9.0000,14.0000,8.0000,5.0000
0.9490,0.2350,0.1790,0.1340,0.0480,0.0000,0.0000,0.5350,1.0000,3.9610,213.2530,2.6430,0.0000,0.0000,0.0000,66.7853,0.0000,3383.0000,1131.0000,0.0000,9.0000,14.0000,8.0000,5.0000
0.8960,0.2820,0.1600,0.1390,0.0440,0.0000,0.0000,0.4540,1.0000,3.9610,213.2530,2.6430,0.0000,0.0000,0.0000,66.7853,0.0000,3383.0000,1131.0000,0.0000,9.0000,14.0000,8.0000,5.0000
1.0890,0.2520,0.1610,0.1120,0.0440,0.0000,0.0000,0.6760,1.0000,3.9610,213.2530,2.6430,0.0000,0.0000,0.0000,66.7853,0.0000,3383.0000,1131.0000,0.0000,9.0000,14.0000,8.0000,5.0000
1.1080,0.2870,0.1960,0.1890,0.0740,0.0000,0.0000,0.6250,1.0000,3.9610,213.2530,2.6430,0.0000,0.0000,0.0000,66.8055,0.0000,3385.0000,1131.0000,0.0000,9.0000,14.0000,8.0000,5.0000
1.0600,0.2930,0.2100,0.1210,0.0720,0.0000,0.0000,0.5570,1.0000,3.9610,213.2530,2.6430,0.0000,0.0000,0.0000,66.8158,0.0000,3386.0000,1131.0000,0.0000,9.0000,14.0000,8.0000,5.0000
0.8350,0.2770,0.1650,0.1220,0.0450,0.0000,0.0000,0.3930,1.0000,3.9610,213.2530,2.6430,0.0000,0.0000,0.0000,66.8159,0.0000,3386.0000,1131.0000,0.0000,9.0000,14.0000,8.0000,5.0000
0.7910,0.2200,0.1500,0.1220,0.0420,0.0000,0.0000,0.4210,1.0000,3.9610,213.2530,2.6430,0.0000,0.0000,0.0000,66.8160,0.0000,3386.0000,1131.0000,0.0000,9.0000,14.0000,8.0000,5.0000
0.7720,0.2430,0.1470,0.1150,0.0400,0.0000,0.0000,0.3820,1.0000,3.9610,213.2530,2.6430,0.0000,0.0000,0.0000,66.8160,0.0000,3386.0000,1131.0000,0.0000,9.0000,14.0000,8.0000,5.0000
0.8890,0.2010,0.2160,0.1110,0.0500,0.0000,0.0000,0.4720,1.0000,3.9610,213.2530,2.6430,0.0000,0.0000,0.0000,66.8160,0.0000,3386.0000,1131.0000,0.0000,9.0000,14.0000,8.0000,5.0000
1.0080,0.2190,0.2240,0.1150,0.0740,0.0000,0.0000,0.5650,1.0000,3.9610,213.2530,2.6430,0.0000,0.0000,0.0000,66.8262,0.0000,3387.0000,1131.0000,0.0000,9.0000,14.0000,8.0000,5.0000
0.8350,0.2880,0.1740,0.1260,0.0450,0.0000,0.0000,0.3730,1.0000,3.9610,213.2530,2.6430,0.0000,0.0000,0.0000,66.8262,0.0000,3387.0000,1131.0000,0.0000,9.0000,14.0000,8.0000,5.0000
0.8710,0.2180,0.2030,0.1150,0.0680,0.0000,0.0000,0.4500,1.0000,3.9610,213.2530,2.6430,0.0000,0.0000,0.0000,66.8365,0.0000,3388.0000,1131.0000,0.0000,9.0000,14.0000,8.0000,5.0000
1.0910,0.2510,0.1510,0.1120,0.0420,0.0000,0.0000,0.6890,1.0000,3.9610,213.2530,2.6430,0.0000,0.0000,0.0000,66.8372,0.0000,3388.0000,1131.0000,0.0000,9.0000,15.0000,8.0000,5.0000
1.2750,0.2210,0.3330,0.1230,0.0670,0.0000,0.0000,0.7210,1.0000,3.9610,213.2530,2.6430,0.0000,0.0000,0.0000,66.8373,0.0000,3388.0000,1131.0000,0.0000,9.0000,15.0000,8.0000,5.0000
1.0790,0.3210,0.2230,0.1760,0.0600,0.0000,0.0000,0.5350,1.0000,3.9610,213.2530,2.6430,0.0000,0.0000,0.0000,66.8373,0.0000,3388.0000,1131.0000,0.0000,9.0000,15.0000,8.0000,5.0000
1.0040,0.2840,0.1960,0.1590,0.0540,0.0000,0.0000,0.5240,1.0000,3.9610,213.2530,2.6430,0.0000,0.0000,0.0000,66.8373,0.0000,3388.0000,1131.0000,0.0000,9.0000,15.0000,8.0000,5.0000
1.0110,0.2880,0.1900,0.1580,0.0520,0.0000,0.0000,0.5330,1.0000,3.9610,213.2530,2.6430,0.0000,0.0000,0.0000,66.8373,0.0000,3388.0000,1131.0000,0.0000,9.0000,15.0000,8.0000,5.0000
1.0130,0.2620,0.1980,0.1510,0.0550,0.0000,0.0000,0.5530,1.0000,3.9610,213.2530,2.6430,0.0000,0.0000,0.0000,66.8380,0.0000,3388.0000,1131.0000,0.0000,9.0000,16.0000,8.0000,5.0000
1.0830,0.2730,0.2290,0.1420,0.0640,0.0000,0.0000,0.5810,1.0000,3.9610,213.2530,2.6430,0.0000,0.0000,0.0000,66.8380,0.0000,3388.0000,1131.0000,0.0000,9.0000,16.0000,8.0000,5.0000
0.9610,0.3340,0.1870,0.1950,0.0520,0.0000,0.0000,0.4400,1.0000,3.9610,213.2530,2.6430,0.0000,0.0000,0.0000,66.8380,0.0000,3388.0000,1131.0000,0.0000,9.0000,16.0000,8.0000,5.0000
1.0790,0.3050,0.2110,0.1750,0.0820,0.0000,0.0000,0.5630,1.0000,3.9610,213.2530,2.6430,0.0000,0.0000,0.0000,66.8483,0.0000,3389.0000,1131.0000,0.0000,9.0000,16.0000,8.0000,5.0000
0.9990,0.3770,0.1930,0.1960,0.0530,0.0000,0.0000,0.4290,1.0000,3.9610,213.2530,2.6430,0.0000,0.0000,0.0000,66.8483,0.0000,3389.0000,1131.0000,0.0000,9.0000,16.0000,8.0000,5.0000
0.9700,0.3080,0.1810,0.1930,0.0510,0.0000,0.0000,0.4810,1.0000,3.9610,213.2530,2.6430,0.0000,0.0000,0.0000,66.8483,0.0000,3389.0000,1131.0000,0.0000,9.0000,16.0000,8.0000,5.0000
0.9370,0.3050,0.1790,0.1910,0.0520,0.0000,0.0000,0.4530,1.0000,3.9610,213.2530,2.6430,0.0000,0.0000,0.0000,66.8483,0.0000,3389.0000,1131.0000,0.0000,9.0000,16.0000,8.0000,5.0000
0.9720,0.2600,0.1790,0.1360,0.0500,0.0000,0.0000,0.5330,1.0000,3.9610,213.2530,2.6430,0.0000,0.0000,0.0000,66.8483,0.0000,3389.0000,1131.0000,0.0000,9.0000,16.0000,8.0000,5.0000
0.9560,0.2600,0.1820,0.1380,0.0520,0.0000,0.0000,0.5140,1.0000,3.9610,213.2530,2.6430,0.0000,0.0000,0.0000,66.8483,0.0000,3389.0000,1131.0000,0.0000,9.0000,16.0000,8.0000,5.0000
0.9310,0.2670,0.1770,0.1440,0.0500,0.0000,0.0000,0.4870,1.0000,3.9610,213.2530,2.6430,0.0000,0.0000,0.0000,66.8483,0.0000,3389.0000,1131.0000,0.0000,9.0000,16.0000,8.0000,5.0000
1.0940,0.2600,0.2170,0.1490,0.0890,0.0000,0.0000,0.6170,1.0000,3.9610,213.2530,2.6430,0.0000,0.0000,0.0000,66.8686,0.0000,3391.0000,1131.0000,0.0000,9.0000,16.0000,8.0000,5.0000
0.9920,0.3490,0.1870,0.1410,0.0530,0.0000,0.0000,0.4560,1.0000,3.9610,213.2530,2.6430,0.0000,0.0000,0.0000,66.8697,0.0000,3391.0000,1131.0000,0.0000,9.0000,17.0000,8.0000,5.0000
1.0930,0.2630,0.2170,0.1520,0.0830,0.0000,0.0000,0.6130,1.0000,3.9610,213.2530,2.6430,0.0000,0.0000,0.0000,66.8800,0.0000,3392.0000,1131.0000,0.0000,9.0000,17.0000,8.0000,5.0000
0.9760,0.3080,0.1840,0.1380,0.0510,0.0000,0.0000,0.4840,1.0000,3.9610,213.2530,2.6430,0.0000,0.0000,0.0000,66.8800,0.0000,3392.0000,1131.0000,0.0000,9.0000,17.0000,8.0000,5.0000
0.9410,0.2680,0.1850,0.1390,0.0520,0.0000,0.0000,0.4880,1.0000,3.9610,213.2530,2.6430,0.0000,0.0000,0.0000,66.8801,0.0000,3392.0000,1131.0000,0.0000,9.0000,17.0000,8.0000,5.0000
1.1550,0.2630,0.2070,0.1370,0.0800,0.0000,0.0000,0.6850,1.0000,3.9610,213.2530,2.6430,0.0000,0.0000,0.0000,66.8899,0.0000,3393.0000,1131.0000,0.0000,9.0000,17.0000,8.0000,5.0000
1.0870,0.3220,0.2180,0.1380,0.0820,0.0000,0.0000,0.5470,1.0000,3.9610,213.2530,2.6430,0.0000,0.0000,0.0000,66.9002,0.0000,3394.0000,1131.0000,0.0000,9.0000,17.0000,8.0000,5.0000
0.9820,0.3510,0.1830,0.1480,0.0520,0.0000,0.0000,0.4480,1.0000,3.9610,213.2530,2.6430,0.0000,0.0000,0.0000,66.9002,0.0000,3394.0000,1131.0000,0.0000,9.0000,17.0000,8.0000,5.0000
0.9680,0.2960,0.1790,0.1430,0.0500,0.0000,0.0000,0.4930,1.0000,3.9610,213.2530,2.6430,0.0000,0.0000,0.0000,66.9003,0.0000,3394.0000,1131.0000,0.0000,9.0000,17.0000,8.0000,5.0000
0.9880,0.2910,0.1790,0.1790,0.0500,0.0000,0.0000,0.5180,1.0000,3.9610,213.2530,2.6430,0.0000,0.0000,0.0000,66.9003,0.0000,3394.0000,1131.0000,0.0000,9.0000,17.0000,8.0000,5.0000
0.9610,0.3010,0.1860,0.1870,0.0520,0.0000,0.0000,0.4740,1.0000,3.9610,213.2530,2.6430,0.0000,0.0000,0.0000,66.9003,0.0000,3394.0000,1131.0000,0.0000,9.0000,17.0000,8.0000,5.0000
1.0040,0.2950,0.1750,0.1840,0.0490,0.0000,0.0000,0.5340,1.0000,3.9610,213.2530,2.6430,0.0000,0.0000,0.0000,66.9003,0.0000,3394.0000,1131.0000,0.0000,9.0000,17.0000,8.0000,5.0000
0.9540,0.3210,0.1780,0.2010,0.0510,0.0000,0.0000,0.4550,1.0000,3.9610,213.2530,2.6430,0.0000,0.0000,0.0000,66.9003,0.0000,3394.0000,1131.0000,0.0000,9.0000,17.0000,8.0000,5.0000
1.0130,0.3070,0.1810,0.1940,0.0510,0.0000,0.0000,0.5250,1.0000,3.9610,213.2530,2.6430,0.0000,0.0000,0.0000,66.9003,0.0000,3394.0000,1131.0000,0.0000,9.0000,17.0000,8.0000,5.0000
0.9910,0.2650,0.1880,0.1400,0.0530,0.0000,0.0000,0.5380,1.0000,3.9610,213.2530,2.6430,0.0000,0.0000,0.0000,66.9003,0.0000,3394.0000,1131.0000,0.0000,9.0000,17.0000,8.0000,5.0000
1.0830,0.3240,0.2090,0.1930,0.0830,0.0000,0.0000,0.5500,1.0000,3.9610,213.2530,2.6430,0.0000,0.0000,0.0000,66.9126,0.0000,3395.0000,1131.0000,0.0000,9.0000,18.0000,8.0000,5.0000
1.0720,0.3610,0.2190,0.1950,0.0830,0.0000,0.0000,0.4920,1.0000,3.9610,213.2530,2.6430,0.0000,0.0000,0.0000,66.9229,0.0000,3396.0000,1131.0000,0.0000,9.0000,18.0000,8.0000,5.0000
1.0180,0.3360,0.1800,0.1410,0.0500,0.0000,0.0000,0.5020,1.0000,3.9610,213.2530,2.6430,0.0000,0.0000,0.0000,66.9229,0.0000,3396.0000,1131.0000,0.0000,9.0000,18.0000,8.0000,5.0000
0.9920,0.3560,0.1790,0.2040,0.0510,0.0000,0.0000,0.4570,1.0000,3.9610,213.2530,2.6430,0.0000,0.0000,0.0000,66.9230,0.0000,3396.0000,1131.0000,0.0000,9.0000,18.0000,8.0000,5.0000
0.9600,0.2930,0.1820,0.1430,0.0520,0.0000,0.0000,0.4850,1.0000,3.9610,213.2530,2.6430,0.0000,0.0000,0.0000,66.9230,0.0000,3396.0000,1131.0000,0.0000,9.0000,18.0000,8.0000,5.0000
1.1910,0.2890,0.2170,0.1380,0.0900,0.0000,0.0000,0.6850,1.0000,3.9610,213.2530,2.6430,0.0000,0.0000,0.0000,66.9432,0.0000,3398.0000,1131.0000,0.0000,9.0000,18.0000,8.0000,5.0000
1.1720,0.4160,0.2280,0.1740,0.0580,0.0000,0.0000,0.5280,1.0000,3.9610,213.2530,2.6430,0.0000,0.0000,0.0000,66.9432,0.0000,3398.0000,1131.0000,0.0000,9.0000,18.0000,8.0000,5.0000
1.0390,0.2900,0.2230,0.1480,0.0550,0.0000,0.0000,0.5260,1.0000,3.9610,213.2530,2.6430,0.0000,0.0000,0.0000,66.9433,0.0000,3398.0000,1131.0000,0.0000,9.0000,18.0000,8.0000,5.0000
1.2150,0.2660,0.2640,0.1400,0.0910,0.0000,0.0000,0.6850,1.0000,3.9610,213.2530,2.6430,0.0000,0.0000,0.0000,66.9536,0.0000,3399.0000,1131.0000,0.0000,9.0000,18.0000,8.0000,5.0000
1.1740,0.3290,0.2120,0.1490,0.0560,0.0000,0.0000,0.6330,1.0000,3.9610,213.2530,2.6430,0.0000,0.0000,0.0000,66.9536,0.0000,3399.0000,1131.0000,0.0000,9.0000,18.0000,8.0000,5.0000
1.1790,0.3100,0.2380,0.1840,0.0850,0.0000,0.0000,0.6310,1.0000,3.9610,213.2530,2.6430,0.0000,0.0000,0.0000,66.9652,0.0000,3400.0000,1131.0000,0.0000,9.0000,18.0000,8.0000,5.0000
1.0730,0.3840,0.1920,0.1980,0.0510,0.0000,0.0000,0.4970,1.0000,3.9610,213.2530,2.6430,0.0000,0.0000,0.0000,66.9652,0.0000,3400.0000,1131.0000,0.0000,9.0000,18.0000,8.0000,5.0000
1.0740,0.3200,0.1850,0.1480,0.0520,0.0000,0.0000,0.5690,1.0000,3.9610,213.2530,2.6430,0.0000,0.0000,0.0000,66.9646,0.0000,3400.0000,1131.0000,0.0000,9.0000,17.0000,8.0000,5.0000
1.1660,0.2990,0.2380,0.1380,0.1060,0.0000,0.0000,0.6290,1.0000,3.9610,213.2530,2.6430,0.0000,0.0000,0.0000,66.9848,0.0000,3402.0000,1131.0000,0.0000,9.0000,17.0000,8.0000,5.0000
1.0690,0.3850,0.1880,0.1410,0.0520,0.0000,0.0000,0.4960,1.0000,3.9610,213.2530,2.6430,0.0000,0.0000,0.0000,66.9842,0.0000,3402.0000,1131.0000,0.0000,9.0000,16.0000,8.0000,6.0000
1.0030,0.3060,0.2220,0.1860,0.0840,0.0000,0.0000,0.4750,1.0000,3.9610,213.2530,2.6430,0.0000,0.0000,0.0000,66.9844,0.0000,3402.0000,1131.0000,0.0000,9.0000,16.0000,8.0000,6.0000
0.9580,0.2630,0.2140,0.1400,0.0810,0.0000,0.0000,0.4810,1.0000,3.9610,213.2530,2.6430,0.0000,0.0000,0.0000,66.9844,0.0000,3402.0000,1131.0000,0.0000,9.0000,16.0000,8.0000,6.0000
0.9990,0.2540,0.1790,0.1360,0.0510,0.0000,0.0000,0.5660,1.0000,3.9610,213.2530,2.6430,0.0000,0.0000,0.0000,66.9844,0.0000,3402.0000,1131.0000,0.0000,9.0000,16.0000,8.0000,5.0000
1.0120,0.2640,0.1890,0.1420,0.0590,0.0000,0.0000,0.5590,1.0000,3.9610,213.2530,2.6430,0.0000,0.0000,0.0000,66.9844,0.0000,3402.0000,1131.0000,0.0000,9.0000,16.0000,8.0000,5.0000
0.9640,0.2630,0.2170,0.1440,0.0840,0.0000,0.0000,0.4840,1.0000,3.9610,213.2530,2.6430,0.0000,0.0000,0.0000,66.9844,0.0000,3402.0000,1131.0000,0.0000,9.0000,16.0000,8.0000,5.0000
1.0320,0.2590,0.1820,0.1400,0.0520,0.0000,0.0000,0.5910,1.0000,3.9610,213.2530,2.6430,0.0000,0.0000,0.0000,66.9844,0.0000,3402.0000,1131.0000,0.0000,9.0000,16.0000,8.0000,5.0000
1.0760,0.2490,0.1790,0.1320,0.0520,0.0000,0.0000,0.6480,1.0000,3.9610,213.2530,2.6430,0.0000,0.0000,0.0000,66.9844,0.0000,3402.0000,1131.0000,0.0000,9.0000,16.0000,8.0000,5.0000
1.0380,0.2580,0.2360,0.1380,0.0630,0.0000,0.0000,0.5440,1.0000,3.9610,213.2530,2.6430,0.0000,0.0000,0.0000,66.9844,0.0000,3402.0000,1131.0000,0.0000,9.0000,16.0000,8.0000,5.0000
1.0870,0.2710,0.2240,0.1420,0.0560,0.0000,0.0000,0.5920,1.0000,3.9610,213.2530,2.6430,0.0000,0.0000,0.0000,66.9844,0.0000,3402.0000,1131.0000,0.0000,9.0000,16.0000,8.0000,5.0000
1.0990,0.2700,0.2240,0.1360,0.0860,0.0000,0.0000,0.6050,1.0000,3.9610,213.2530,2.6430,0.0000,0.0000,0.0000,66.9946,0.0000,3403.0000,1131.0000,0.0000,9.0000,16.0000,8.0000,5.0000
1.2070,0.3150,0.3350,0.1540,0.1190,0.0000,0.0000,0.5570,1.0000,3.9610,213.2530,2.6430,0.0000,0.0000,0.0000,67.0053,0.0000,3404.0000,1131.0000,0.0000,9.0000,16.0000,8.0000,5.0000
0.9690,0.3230,0.1950,0.1440,0.0550,0.0000,0.0000,0.4510,1.0000,3.9610,213.2530,2.6430,0.0000,0.0000,0.0000,67.0054,0.0000,3404.0000,1131.0000,0.0000,9.0000,16.0000,8.0000,5.0000
0.9420,0.2520,0.1850,0.1240,0.0530,0.0000,0.0000,0.5050,1.0000,3.9610,213.2530,2.6430,0.0000,0.0000,0.0000,67.0054,0.0000,3404.0000,1131.0000,0.0000,9.0000,16.0000,8.0000,5.0000
1.0140,0.2470,0.1840,0.1200,0.0530,0.0000,0.0000,0.5830,1.0000,3.9610,213.2530,2.6430,0.0000,0.0000,0.0000,67.0061,0.0000,3404.0000,1131.0000,0.0000,9.0000,17.0000,8.0000,5.0000
0.9880,0.2680,0.1930,0.1560,0.0550,0.0000,0.0000,0.5270,1.0000,3.9610,213.2530,2.6430,0.0000,0.0000,0.0000,67.0061,0.0000,3404.0000,1131.0000,0.0000,9.0000,17.0000,8.0000,5.0000
1.1210,0.2500,0.2300,0.1360,0.0970,0.0000,0.0000,0.6410,1.0000,3.9610,213.2530,2.6430,0.0000,0.0000,0.0000,67.0160,0.0000,3405.0000,1131.0000,0.0000,9.0000,17.0000,8.0000,5.0000
1.8960,0.3000,0.2230,0.1230,0.0880,0.0000,0.0000,1.3730,1.0000,3.9610,213.2530,2.6430,0.0000,0.0000,0.0000,67.0262,0.0000,3406.0000,1131.0000,0.0000,9.0000,17.0000,8.0000,5.0000
1.2370,0.3510,0.2290,0.1830,0.0590,0.0000,0.0000,0.6570,1.0000,3.9610,213.2530,2.6430,0.0000,0.0000,0.0000,67.0262,0.0000,3406.0000,1131.0000,0.0000,9.0000,17.0000,8.0000,4.0000
1.2060,0.2760,0.2260,0.1300,0.0620,0.0000,0.0000,0.7040,1.0000,3.9610,213.2530,2.6430,0.0000,0.0000,0.0000,66.7465,0.0000,3378.0000,1131.0000,0.0000,9.0000,17.0000,8.0000,4.0000
1.0740,0.3340,0.2050,0.1440,0.0560,0.0000,0.0000,0.5350,1.0000,3.9610,213.2530,2.6430,0.0000,0.0000,0.0000,66.7465,0.0000,3378.0000,1131.0000,0.0000,9.0000,17.0000,8.0000,4.0000
1.6480,0.2410,0.1870,0.1210,0.0530,0.0000,0.0000,1.2200,1.0000,3.9610,213.2530,2.6430,0.0000,0.0000,0.0000,66.7465,0.0000,3378.0000,1131.0000,0.0000,9.0000,17.0000,8.0000,4.0000
1.2680,0.2420,0.2480,0.1210,0.0880,0.0000,0.0000,0.7780,1.0000,3.9610,213.2530,2.6430,0.0000,0.0000,0.0000,66.7567,0.0000,3379.0000,1131.0000,0.0000,9.0000,17.0000,8.0000,4.0000
1.0600,0.3640,0.2110,0.1330,0.0550,0.0000,0.0000,0.4850,1.0000,3.9610,213.2530,2.6430,0.0000,0.0000,0.0000,66.7567,0.0000,3379.0000,1131.0000,0.0000,9.0000,17.0000,8.0000,4.0000
1.0220,0.2420,0.1970,0.1210,0.0520,0.0000,0.0000,0.5830,1.0000,3.9610,213.2530,2.6430,0.0000,0.0000,0.0000,66.7568,0.0000,3379.0000,1131.0000,0.0000,9.0000,17.0000,8.0000,4.0000
0.9690,0.2390,0.1860,0.1200,0.0520,0.0000,0.0000,0.5440,1.0000,3.9610,213.2530,2.6430,0.0000,0.0000,0.0000,66.7568,0.0000,3379.0000,1131.0000,0.0000,9.0000,17.0000,8.0000,4.0000
1.0320,0.2340,0.1940,0.1180,0.0530,0.0000,0.0000,0.6040,1.0000,3.9610,213.2530,2.6430,0.0000,0.0000,0.0000,66.7568,0.0000,3379.0000,1131.0000,0.0000,9.0000,17.0000,8.0000,4.0000
0.9900,0.2470,0.1950,0.1240,0.0540,0.0000,0.0000,0.5480,1.0000,3.9610,213.2530,2.6430,0.0000,0.0000,0.0000,66.7568,0.0000,3379.0000,1131.0000,0.0000,9.0000,17.0000,8.0000,4.0000
1.0040,0.2400,0.1910,0.1240,0.0520,0.0000,0.0000,0.5730,1.0000,3.9610,213.2530,2.6430,0.0000,0.0000,0.0000,66.7568,0.0000,3379.0000,1131.0000,0.0000,9.0000,17.0000,8.0000,4.0000
0.9420,0.2430,0.1820,0.1210,0.0530,0.0000,0.0000,0.5170,1.0000,3.9610,213.2530,2.6430,0.0000,0.0000,0.0000,66.7561,0.0000,3379.0000,1131.0000,0.0000,9.0000,16.0000,8.0000,4.0000
1.0130,0.2340,0.1900,0.1210,0.0530,0.0000,0.0000,0.5890,1.0000,3.9610,213.2530,2.6430,0.0000,0.0000,0.0000,66.7565,0.0000,3379.0000,1131.0000,0.0000,9.0000,16.0000,8.0000,5.0000
0.9520,0.3040,0.2000,0.1870,0.0560,0.0000,0.0000,0.4480,1.0000,3.9610,213.2530,2.6430,0.0000,0.0000,0.0000,66.7565,0.0000,3379.0000,1131.0000,0.0000,9.0000,16.0000,8.0000,5.0000
1.0340,0.2370,0.2290,0.1210,0.0550,0.0000,0.0000,0.5680,1.0000,3.9610,213.2530,2.6430,0.0000,0.0000,0.0000,66.7565,0.0000,3379.0000,1131.0000,0.0000,9.0000,16.0000,8.0000,5.0000
1.1620,0.2850,0.2590,0.1240,0.0970,0.0000,0.0000,0.6180,1.0000,3.9610,213.2530,2.6430,0.0000,0.0000,0.0000,66.7767,0.0000,3381.0000,1131.0000,0.0000,9.0000,16.0000,8.0000,5.0000
0.9940,0.3380,0.2230,0.1360,0.0570,0.0000,0.0000,0.4330,1.0000,3.9610,213.2530,2.6430,0.0000,0.0000,0.0000,66.7767,0.0000,3381.0000,1131.0000,0.0000,9.0000,16.0000,8.0000,5.0000
1.0340,0.2690,0.2130,0.1520,0.0810,0.0000,0.0000,0.5520,1.0000,3.9610,213.2530,2.6430,0.0000,0.0000,0.0000,66.7768,0.0000,3381.0000,1131.0000,0.0000,9.0000,16.0000,8.0000,5.0000
1.1730,0.2640,0.2190,0.1470,0.0550,0.0000,0.0000,0.6900,1.0000,3.9610,213.2530,2.6430,0.0000,0.0000,0.0000,66.7771,0.0000,3382.0000,1131.0000,0.0000,9.0000,16.0000,8.0000,5.0000
1.0340,0.2720,0.1880,0.1520,0.0530,0.0000,0.0000,0.5740,1.0000,3.9610,213.2530,2.6430,0.0000,0.0000,0.0000,66.7771,0.0000,3382.0000,1131.0000,0.0000,9.0000,16.0000,8.0000,5.0000
1.0030,0.2600,0.1830,0.1480,0.0520,0.0000,0.0000,0.5600,1.0000,3.9610,213.2530,2.6430,0.0000,0.0000,0.0000,66.7771,0.0000,3382.0000,1131.0000,0.0000,9.0000,16.0000,8.0000,5.0000
1.2650,0.2570,0.2080,0.1480,0.0810,0.0000,0.0000,0.8000,1.0000,3.9610,213.2530,2.6430,0.0000,0.0000,0.0000,66.7874,0.0000,3383.0000,1131.0000,0.0000,9.0000,16.0000,8.0000,5.0000
1.2260,0.3230,0.2290,0.1680,0.0920,0.0000,0.0000,0.6740,1.0000,3.9610,213.2530,2.6430,0.0000,0.0000,0.0000,66.8076,0.0000,3385.0000,1131.0000,0.0000,9.0000,16.0000,8.0000,5.0000
1.0960,0.3960,0.2060,0.1560,0.0650,0.0000,0.0000,0.4940,1.0000,3.9610,213.2530,2.6430,0.0000,0.0000,0.0000,66.8077,0.0000,3385.0000,1131.0000,0.0000,9.0000,16.0000,8.0000,5.0000
1.1720,0.3200,0.2230,0.1570,0.0830,0.0000,0.0000,0.6290,1.0000,3.9610,213.2530,2.6430,0.0000,0.0000,0.0000,66.8176,0.0000,3386.0000,1131.0000,0.0000,9.0000,16.0000,8.0000,5.0000
1.0660,0.3150,0.2110,0.1520,0.0800,0.0000,0.0000,0.5400,1.0000,3.9610,213.2530,2.6430,0.0000,0.0000,0.0000,66.8176,0.0000,3386.0000,1131.0000,0.0000,9.0000,16.0000,8.0000,5.0000
1.0080,0.2640,0.2130,0.1480,0.0530,0.0000,0.0000,0.5310,1.0000,3.9610,213.2530,2.6430,0.0000,0.0000,0.0000,66.8176,0.0000,3386.0000,1131.0000,0.0000,9.0000,16.0000,8.0000,5.0000
1.1290,0.2530,0.2340,0.1420,0.0810,0.0000,0.0000,0.6420,1.0000,3.9610,213.2530,2.6430,0.0000,0.0000,0.0000,66.8283,0.0000,3387.0000,1131.0000,0.0000,9.0000,16.0000,8.0000,5.0000
1.0340,0.3020,0.1940,0.1480,0.0540,0.0000,0.0000,0.5380,1.0000,3.9610,213.2530,2.6430,0.0000,0.0000,0.0000,66.8283,0.0000,3387.0000,1131.0000,0.0000,9.0000,16.0000,8.0000,5.0000
1.1090,0.2510,0.2220,0.1370,0.0500,0.0000,0.0000,0.6360,1.0000,3.9610,213.2530,2.6430,0.0000,0.0000,0.0000,66.8284,0.0000,3387.0000,1131.0000,0.0000,9.0000,16.0000,8.0000,5.0000
1.0380,0.2870,0.1970,0.1750,0.0540,0.0000,0.0000,0.5540,1.0000,3.9610,213.2530,2.6430,0.0000,0.0000,0.0000,66.8284,0.0000,3387.0000,1131.0000,0.0000,9.0000,16.0000,8.0000,5.0000
1.0180,0.2500,0.1830,0.1360,0.0500,0.0000,0.0000,0.5850,1.0000,3.9610,213.2530,2.6430,0.0000,0.0000,0.0000,66.8284,0.0000,3387.0000,1131.0000,0.0000,9.0000,16.0000,8.0000,5.0000
1.0100,0.2470,0.1790,0.1350,0.0500,0.0000,0.0000,0.5840,1.0000,3.9610,213.2530,2.6430,0.0000,0.0000,0.0000,66.8284,0.0000,3387.0000,1131.0000,0.0000,9.0000,16.0000,8.0000,5.0000
0.9720,0.2640,0.1880,0.1360,0.0530,0.0000,0.0000,0.5200,1.0000,3.9610,213.2530,2.6430,0.0000,0.0000,0.0000,66.8284,0.0000,3387.0000,1131.0000,0.0000,9.0000,16.0000,8.0000,5.0000
0.9420,0.2540,0.1810,0.1260,0.0510,0.0000,0.0000,0.5070,1.0000,3.9610,213.2530,2.6430,0.0000,0.0000,0.0000,66.8284,0.0000,3387.0000,1131.0000,0.0000,9.0000,16.0000,8.0000,5.0000
0.9160,0.2470,0.1850,0.1370,0.0530,0.0000,0.0000,0.4840,1.0000,3.9610,213.2530,2.6430,0.0000,0.0000,0.0000,66.8291,0.0000,3387.0000,1131.0000,0.0000,9.0000,17.0000,8.0000,5.0000
1.0010,0.2410,0.1750,0.1330,0.0500,0.0000,0.0000,0.5850,1.0000,3.9610,213.2530,2.6430,0.0000,0.0000,0.0000,66.8291,0.0000,3387.0000,1131.0000,0.0000,9.0000,17.0000,8.0000,5.0000
0.9880,0.2290,0.2220,0.1190,0.0520,0.0000,0.0000,0.5370,1.0000,3.9610,213.2530,2.6430,0.0000,0.0000,0.0000,66.8291,0.0000,3387.0000,1131.0000,0.0000,9.0000,17.0000,8.0000,5.0000
0.9330,0.2340,0.1820,0.1210,0.0500,0.0000,0.0000,0.5170,1.0000,3.9610,213.2530,2.6430,0.0000,0.0000,0.0000,66.8291,0.0000,3387.0000,1131.0000,0.0000,9.0000,17.0000,8.0000,5.0000
0.9240,0.2320,0.1790,0.1200,0.0500,0.0000,0.0000,0.5130,1.0000,3.9610,213.2530,2.6430,0.0000,0.0000,0.0000,66.8298,0.0000,3387.0000,1131.0000,0.0000,9.0000,18.0000,8.0000,5.0000
0.9930,0.2290,0.1960,0.1180,0.0500,0.0000,0.0000,0.5680,1.0000,3.9610,213.2530,2.6430,0.0000,0.0000,0.0000,66.8298,0.0000,3387.0000,1131.0000,0.0000,9.0000,18.0000,8.0000,5.0000
1.0810,0.2300,0.2700,0.1190,0.1180,0.0000,0.0000,0.5810,1.0000,3.9610,213.2530,2.6430,0.0000,0.0000,0.0000,66.8401,0.0000,3388.0000,1131.0000,0.0000,9.0000,18.0000,8.0000,5.0000
1.0600,0.2880,0.1820,0.1280,0.0510,0.0000,0.0000,0.5900,1.0000,3.9610,213.2530,2.6430,0.0000,0.0000,0.0000,66.8401,0.0000,3388.0000,1131.0000,0.0000,9.0000,18.0000,8.0000,5.0000
0.9140,0.2640,0.1790,0.1420,0.0500,0.0000,0.0000,0.4710,1.0000,3.9610,213.2530,2.6430,0.0000,0.0000,0.0000,66.8402,0.0000,3388.0000,1131.0000,0.0000,9.0000,18.0000,8.0000,5.0000
1.3870,0.2300,0.4650,0.1180,0.3090,0.0000,0.0000,0.6920,1.0000,3.9610,213.2530,2.6430,0.0000,0.0000,0.0000,66.8542,0.0000,3390.0000,1131.0000,0.0000,9.0000,18.0000,8.0000,5.0000
0.9900,0.3080,0.1920,0.1240,0.0520,0.0000,0.0000,0.4900,1.0000,3.9610,213.2530,2.6430,0.0000,0.0000,0.0000,66.8535,0.0000,3390.0000,1131.0000,0.0000,9.0000,17.0000,8.0000,5.0000
0.9380,0.2840,0.1810,0.1690,0.0490,0.0000,0.0000,0.4730,1.0000,3.9610,213.2530,2.6430,0.0000,0.0000,0.0000,66.8535,0.0000,3390.0000,1131.0000,0.0000,9.0000,17.0000,8.0000,5.0000
1.0670,0.2480,0.2130,0.1260,0.0800,0.0000,0.0000,0.6060,1.0000,3.9610,213.2530,2.6430,0.0000,0.0000,0.0000,66.8638,0.0000,3391.0000,1131.0000,0.0000,9.0000,17.0000,8.0000,5.0000
1.1410,0.3390,0.2110,0.1710,0.0850,0.0000,0.0000,0.5910,1.0000,3.9610,213.2530,2.6430,0.0000,0.0000,0.0000,66.8840,0.0000,3393.0000,1131.0000,0.0000,9.0000,17.0000,8.0000,5.0000
0.9890,0.3560,0.1810,0.1670,0.0510,0.0000,0.0000,0.4520,1.0000,3.9610,213.2530,2.6430,0.0000,0.0000,0.0000,66.8841,0.0000,3393.0000,1131.0000,0.0000,9.0000,17.0000,8.0000,5.0000
1.0840,0.2740,0.2010,0.1230,0.0780,0.0000,0.0000,0.6090,1.0000,3.9610,213.2530,2.6430,0.0000,0.0000,0.0000,66.8940,0.0000,3394.0000,1131.0000,0.0000,9.0000,17.0000,8.0000,5.0000
0.9440,0.3180,0.1890,0.1210,0.0620,0.0000,0.0000,0.4370,1.0000,3.9610,213.2530,2.6430,0.0000,0.0000,0.0000,66.8940,0.0000,3394.0000,1131.0000,0.0000,9.0000,17.0000,8.0000,5.0000
1.0020,0.2750,0.1720,0.1230,0.0490,0.0000,0.0000,0.5550,1.0000,3.9610,213.2530,2.6430,0.0000,0.0000,0.0000,66.8940,0.0000,3394.0000,1131.0000,0.0000,9.0000,17.0000,8.0000,5.0000
0.9630,0.3230,0.1900,0.1740,0.0500,0.0000,0.0000,0.4500,1.0000,3.9610,213.2530,2.6430,0.0000,0.0000,0.0000,66.8934,0.0000,3394.0000,1131.0000,0.0000,9.0000,16.0000,8.0000,5.0000
0.9070,0.2660,0.1700,0.1200,0.0480,0.0000,0.0000,0.4710,1.0000,3.9610,213.2530,2.6430,0.0000,0.0000,0.0000,66.8934,0.0000,3394.0000,1131.0000,0.0000,9.0000,16.0000,8.0000,5.0000
0.9100,0.2710,0.1670,0.1650,0.0460,0.0000,0.0000,0.4720,1.0000,3.9610,213.2530,2.6430,0.0000,0.0000,0.0000,66.8934,0.0000,3394.0000,1131.0000,0.0000,9.0000,16.0000,8.0000,5.0000
1.0480,0.2350,0.1740,0.1130,0.0500,0.0000,0.0000,0.6390,1.0000,3.9610,213.2530,2.6430,0.0000,0.0000,0.0000,66.8934,0.0000,3394.0000,1131.0000,0.0000,9.0000,16.0000,8.0000,5.0000
0.9700,0.2360,0.1830,0.1170,0.0500,0.0000,0.0000,0.5510,1.0000,3.9610,213.2530,2.6430,0.0000,0.0000,0.0000,66.8934,0.0000,3394.0000,1131.0000,0.0000,9.0000,16.0000,8.0000,5.0000
0.9030,0.2420,0.1720,0.1200,0.0480,0.0000,0.0000,0.4890,1.0000,3.9610,213.2530,2.6430,0.0000,0.0000,0.0000,66.8934,0.0000,3394.0000,1131.0000,0.0000,9.0000,16.0000,8.0000,5.0000
0.8930,0.2320,0.1780,0.1160,0.0500,0.0000,0.0000,0.4830,1.0000,3.9610,213.2530,2.6430,0.0000,0.0000,0.0000,66.8934,0.0000,3394.0000,1131.0000,0.0000,9.0000,16.0000,8.0000,5.0000
0.8400,0.2320,0.1670,0.1280,0.0470,0.0000,0.0000,0.4410,1.0000,3.9610,213.2530,2.6430,0.0000,0.0000,0.0000,66.8934,0.0000,3394.0000,1131.0000,0.0000,9.0000,16.0000,8.0000,5.0000
0.9230,0.2130,0.2270,0.1110,0.0820,0.0000,0.0000,0.4830,1.0000,3.9610,213.2530,2.6430,0.0000,0.0000,0.0000,66.8940,0.0000,3394.0000,1131.0000,0.0000,9.0000,17.0000,8.0000,5.0000
0.9820,0.2230,0.2110,0.1160,0.0490,0.0000,0.0000,0.5480,1.0000,3.9610,213.2530,2.6430,0.0000,0.0000,0.0000,66.8940,0.0000,3394.0000,1131.0000,0.0000,9.0000,17.0000,8.0000,5.0000
0.8930,0.2270,0.1980,0.1180,0.0500,0.0000,0.0000,0.4680,1.0000,3.9610,213.2530,2.6430,0.0000,0.0000,0.0000,66.8940,0.0000,3394.0000,1131.0000,0.0000,9.0000,17.0000,8.0000,5.0000
1.0130,0.2220,0.1970,0.1140,0.0750,0.0000,0.0000,0.5940,1.0000,3.9610,213.2530,2.6430,0.0000,0.0000,0.0000,66.9036,0.0000,3395.0000,1131.0000,0.0000,9.0000,16.0000,8.0000,5.0000
0.9920,0.2740,0.1820,0.1250,0.0500,0.0000,0.0000,0.5360,1.0000,3.9610,213.2530,2.6430,0.0000,0.0000,0.0000,66.9036,0.0000,3395.0000,1131.0000,0.0000,9.0000,16.0000,8.0000,5.0000
0.9000,0.2330,0.1750,0.1190,0.0490,0.0000,0.0000,0.4920,1.0000,3.9610,213.2530,2.6430,0.0000,0.0000,0.0000,66.9037,0.0000,3395.0000,1131.0000,0.0000,9.0000,16.0000,8.0000,5.0000
1.1400,0.2260,0.2230,0.1190,0.0890,0.0000,0.0000,0.6910,1.0000,3.9610,213.2530,2.6430,0.0000,0.0000,0.0000,66.9234,0.0000,3397.0000,1131.0000,0.0000,9.0000,16.0000,8.0000,5.0000
0.9590,0.3050,0.1800,0.1180,0.0500,0.0000,0.0000,0.4740,1.0000,3.9610,213.2530,2.6430,0.0000,0.0000,0.0000,66.9234,0.0000,3397.0000,1131.0000,0.0000,9.0000,16.0000,8.0000,5.0000
1.0560,0.2430,0.2030,0.1340,0.0540,0.0000,0.0000,0.6100,1.0000,3.9610,213.2530,2.6430,0.0000,0.0000,0.0000,66.9235,0.0000,3397.0000,1131.0000,0.0000,9.0000,16.0000,8.0000,5.0000
1.0760,0.2440,0.2380,0.1240,0.1100,0.0000,0.0000,0.5940,1.0000,3.9610,213.2530,2.6430,0.0000,0.0000,0.0000,66.9343,0.0000,3398.0000,1131.0000,0.0000,9.0000,16.0000,8.0000,5.0000
1.0260,0.2640,0.2040,0.1160,0.0500,0.0000,0.0000,0.5580,1.0000,3.9610,213.2530,2.6430,0.0000,0.0000,0.0000,66.9343,0.0000,3398.0000,1131.0000,0.0000,9.0000,16.0000,8.0000,5.0000
1.0830,0.2280,0.2000,0.1180,0.0490,0.0000,0.0000,0.6550,1.0000,3.9610,213.2530,2.6430,0.0000,0.0000,0.0000,66.9343,0.0000,3398.0000,1131.0000,0.0000,9.0000,16.0000,8.0000,5.0000
1.2650,0.2210,0.2540,0.1160,0.0910,0.0000,0.0000,0.7900,1.0000,3.9610,213.2530,2.6430,0.0000,0.0000,0.0000,66.9552,0.0000,3400.0000,1131.0000,0.0000,9.0000,17.0000,8.0000,5.0000
1.0080,0.3220,0.1830,0.1340,0.0500,0.0000,0.0000,0.5030,1.0000,3.9610,213.2530,2.6430,0.0000,0.0000,0.0000,66.9545,0.0000,3400.0000,1131.0000,0.0000,9.0000,16.0000,8.0000,5.0000
1.0890,0.2630,0.2220,0.1400,0.0850,0.0000,0.0000,0.6040,1.0000,3.9610,213.2530,2.6430,0.0000,0.0000,0.0000,66.9649,0.0000,3401.0000,1131.0000,0.0000,9.0000,16.0000,8.0000,5.0000
1.0000,0.3540,0.1920,0.1700,0.0560,0.0000,0.0000,0.4540,1.0000,3.9610,213.2530,2.6430,0.0000,0.0000,0.0000,66.9649,0.0000,3401.0000,1131.0000,0.0000,9.0000,16.0000,8.0000,5.0000
0.8960,0.2900,0.1760,0.1730,0.0490,0.0000,0.0000,0.4300,1.0000,3.9610,213.2530,2.6430,0.0000,0.0000,0.0000,66.9650,0.0000,3401.0000,1131.0000,0.0000,9.0000,16.0000,8.0000,5.0000
0.8930,0.2370,0.1720,0.1160,0.0470,0.0000,0.0000,0.4840,1.0000,3.9610,213.2530,2.6430,0.0000,0.0000,0.0000,66.9650,0.0000,3401.0000,1131.0000,0.0000,9.0000,16.0000,8.0000,5.0000
1.3470,0.2310,0.1850,0.1280,0.0610,0.0000,0.0000,0.9310,1.0000,3.9610,213.2530,2.6430,0.0000,0.0000,0.0000,66.9650,0.0000,3401.0000,1131.0000,0.0000,9.0000,16.0000,8.0000,5.0000
1.0430,0.3270,0.2100,0.1870,0.0610,0.0000,0.0000,0.5060,1.0000,3.9610,213.2530,2.6430,0.0000,0.0000,0.0000,66.9650,0.0000,3401.0000,1131.0000,0.0000,9.0000,16.0000,8.0000,5.0000
0.9940,0.3360,0.2110,0.1730,0.0640,0.0000,0.0000,0.4470,1.0000,3.9610,213.2530,2.6430,0.0000,0.0000,0.0000,66.9650,0.0000,3401.0000,1131.0000,0.0000,9.0000,16.0000,8.0000,5.0000
0.9570,0.2680,0.1890,0.1160,0.0600,0.0000,0.0000,0.5000,1.0000,3.9610,213.2530,2.6430,0.0000,0.0000,0.0000,66.9650,0.0000,3401.0000,1131.0000,0.0000,9.0000,16.0000,8.0000,5.0000
0.9460,0.2790,0.1890,0.1200,0.0500,0.0000,0.0000,0.4780,1.0000,3.9610,213.2530,2.6430,0.0000,0.0000,0.0000,66.9650,0.0000,3401.0000,1131.0000,0.0000,9.0000,16.0000,8.0000,5.0000
1.1670,0.2730,0.2610,0.1200,0.1160,0.0000,0.0000,0.6330,1.0000,3.9610,213.2530,2.6430,0.0000,0.0000,0.0000,66.9650,0.0000,3401.0000,1131.0000,0.0000,9.0000,16.0000,8.0000,5.0000
1.0520,0.3480,0.2090,0.1800,0.0560,0.0000,0.0000,0.4950,1.0000,3.9610,213.2530,2.6430,0.0000,0.0000,0.0000,66.9643,0.0000,3401.0000,1131.0000,0.0000,9.0000,15.0000,8.0000,5.0000
0.9760,0.2470,0.2210,0.1190,0.0550,0.0000,0.0000,0.5080,1.0000,3.9610,213.2530,2.6430,0.0000,0.0000,0.0000,66.9643,0.0000,3401.0000,1131.0000,0.0000,9.0000,15.0000,8.0000,5.0000
1.1160,0.2410,0.2240,0.1220,0.0820,0.0000,0.0000,0.6510,1.0000,3.9610,213.2530,2.6430,0.0000,0.0000,0.0000,66.9745,0.0000,3402.0000,1131.0000,0.0000,9.0000,15.0000,8.0000,5.0000
1.1020,0.2750,0.1960,0.1150,0.0510,0.0000,0.0000,0.6310,1.0000,3.9610,213.2530,2.6430,0.0000,0.0000,0.0000,66.9768,0.0000,3403.0000,1131.0000,0.0000,9.0000,15.0000,8.0000,5.0000
2.2160,0.2530,0.2190,0.1320,0.0530,0.0000,0.0000,1.7440,1.0000,3.9610,213.2530,2.6430,0.0000,0.0000,0.0000,66.9769,0.0000,3403.0000,1131.0000,0.0000,9.0000,15.0000,8.0000,5.0000
1.2060,0.2670,0.2500,0.1260,0.0890,0.0000,0.0000,0.6890,1.0000,3.9610,213.2530,2.6430,0.0000,0.0000,0.0000,66.7395,0.0000,3380.0000,1131.0000,0.0000,9.0000,15.0000,8.0000,5.0000
0.9410,0.3280,0.1920,0.1250,0.0520,0.0000,0.0000,0.4210,1.0000,3.9610,213.2530,2.6430,0.0000,0.0000,0.0000,66.7388,0.0000,3380.0000,1131.0000,0.0000,9.0000,14.0000,8.0000,5.0000
0.8940,0.2480,0.1730,0.1190,0.0480,0.0000,0.0000,0.4730,1.0000,3.9610,213.2530,2.6430,0.0000,0.0000,0.0000,66.7388,0.0000,3380.0000,1131.0000,0.0000,9.0000,14.0000,8.0000,5.0000
1.0060,0.2380,0.2160,0.1270,0.0810,0.0000,0.0000,0.5520,1.0000,3.9610,213.2530,2.6430,0.0000,0.0000,0.0000,66.7487,0.0000,3381.0000,1131.0000,0.0000,9.0000,14.0000,8.0000,5.0000
0.8960,0.2900,0.1790,0.1360,0.0510,0.0000,0.0000,0.4270,1.0000,3.9610,213.2530,2.6430,0.0000,0.0000,0.0000,66.7487,0.0000,3381.0000,1131.0000,0.0000,9.0000,14.0000,8.0000,5.0000
0.9330,0.2480,0.2060,0.1370,0.0510,0.0000,0.0000,0.4790,1.0000,3.9610,213.2530,2.6430,0.0000,0.0000,0.0000,66.7487,0.0000,3381.0000,1131.0000,0.0000,9.0000,14.0000,8.0000,5.0000
0.9770,0.2290,0.2280,0.1150,0.0760,0.0000,0.0000,0.5200,1.0000,3.9610,213.2530,2.6430,0.0000,0.0000,0.0000,66.7590,0.0000,3382.0000,1131.0000,0.0000,9.0000,14.0000,8.0000,5.0000
0.8790,0.2660,0.2050,0.1150,0.0480,0.0000,0.0000,0.4080,1.0000,3.9610,213.2530,2.6430,0.0000,0.0000,0.0000,66.7590,0.0000,3382.0000,1131.0000,0.0000,9.0000,14.0000,8.0000,5.0000
0.8720,0.2210,0.1670,0.1130,0.0470,0.0000,0.0000,0.4840,1.0000,3.9610,213.2530,2.6430,0.0000,0.0000,0.0000,66.7590,0.0000,3382.0000,1131.0000,0.0000,9.0000,14.0000,8.0000,5.0000
1.0200,0.2270,0.2090,0.1170,0.0780,0.0000,0.0000,0.5840,1.0000,3.9610,213.2530,2.6430,0.0000,0.0000,0.0000,66.7693,0.0000,3383.0000,1131.0000,0.0000,9.0000,14.0000,8.0000,5.0000
0.9250,0.3150,0.1840,0.1220,0.0500,0.0000,0.0000,0.4260,1.0000,3.9610,213.2530,2.6430,0.0000,0.0000,0.0000,66.7693,0.0000,3383.0000,1131.0000,0.0000,9.0000,14.0000,8.0000,5.0000
0.9000,0.2280,0.1960,0.1150,0.0500,0.0000,0.0000,0.4760,1.0000,3.9610,213.2530,2.6430,0.0000,0.0000,0.0000,66.7694,0.0000,3383.0000,1131.0000,0.0000,9.0000,14.0000,8.0000,5.0000
0.8880,0.2560,0.1670,0.1150,0.0480,0.0000,0.0000,0.4650,1.0000,3.9610,213.2530,2.6430,0.0000,0.0000,0.0000,66.7694,0.0000,3383.0000,1131.0000,0.0000,9.0000,14.0000,8.0000,5.0000
0.9590,0.2630,0.1670,0.1560,0.0470,0.0000,0.0000,0.5290,1.0000,3.9610,213.2530,2.6430,0.0000,0.0000,0.0000,66.7694,0.0000,3383.0000,1131.0000,0.0000,9.0000,14.0000,8.0000,5.0000
0.8820,0.2660,0.1750,0.1560,0.0500,0.0000,0.0000,0.4410,1.0000,3.9610,213.2530,2.6430,0.0000,0.0000,0.0000,66.7694,0.0000,3383.0000,1131.0000,0.0000,9.0000,14.0000,8.0000,5.0000
0.8560,0.2370,0.1690,0.1150,0.0480,0.0000,0.0000,0.4500,1.0000,3.9610,213.2530,2.6430,0.0000,0.0000,0.0000,66.7694,0.0000,3383.0000,1131.0000,0.0000,9.0000,14.0000,8.0000,5.0000
0.8470,0.2310,0.1690,0.1270,0.0480,0.0000,0.0000,0.4470,1.0000,3.9610,213.2530,2.6430,0.0000,0.0000,0.0000,66.7694,0.0000,3383.0000,1131.0000,0.0000,9.0000,14.0000,8.0000,5.0000
0.8670,0.2190,0.1920,0.1130,0.0480,0.0000,0.0000,0.4560,1.0000,3.9610,213.2530,2.6430,0.0000,0.0000,0.0000,66.7694,0.0000,3383.0000,1131.0000,0.0000,9.0000,14.0000,8.0000,5.0000
0.8950,0.2180,0.1670,0.1130,0.0480,0.0000,0.0000,0.5100,1.0000,3.9610,213.2530,2.6430,0.0000,0.0000,0.0000,66.7694,0.0000,3383.0000,1131.0000,0.0000,9.0000,14.0000,8.0000,5.0000
0.8810,0.2330,0.1790,0.1160,0.0480,0.0000,0.0000,0.4690,1.0000,3.9610,213.2530,2.6430,0.0000,0.0000,0.0000,66.7694,0.0000,3383.0000,1131.0000,0.0000,9.0000,14.0000,8.0000,5.0000
1.0590,0.2300,0.2250,0.1170,0.1040,0.0000,0.0000,0.6040,1.0000,3.9610,213.2530,2.6430,0.0000,0.0000,0.0000,66.7907,0.0000,3385.0000,1131.0000,0.0000,9.0000,15.0000,8.0000,5.0000
1.3170,0.3190,0.4840,0.1200,0.3450,0.0000,0.0000,0.5140,1.0000,3.9610,213.2530,2.6430,0.0000,0.0000,0.0000,66.8091,0.0000,3387.0000,1131.0000,0.0000,9.0000,15.0000,8.0000,5.0000
1.2070,0.2920,0.2540,0.1230,0.0560,0.0000,0.0000,0.6610,1.0000,3.9610,213.2530,2.6430,0.0000,0.0000,0.0000,66.8092,0.0000,3387.0000,1131.0000,0.0000,9.0000,15.0000,8.0000,5.0000
1.0620,0.2380,0.2200,0.1210,0.0810,0.0000,0.0000,0.6040,1.0000,3.9610,213.2530,2.6430,0.0000,0.0000,0.0000,66.8195,0.0000,3388.0000,1131.0000,0.0000,9.0000,15.0000,8.0000,5.0000
1.0920,0.2880,0.1890,0.1210,0.0510,0.0000,0.0000,0.6150,1.0000,3.9610,213.2530,2.6430,0.0000,0.0000,0.0000,66.8195,0.0000,3388.0000,1131.0000,0.0000,9.0000,15.0000,8.0000,5.0000
1.0390,0.2360,0.1810,0.1280,0.0510,0.0000,0.0000,0.6220,1.0000,3.9610,213.2530,2.6430,0.0000,0.0000,0.0000,66.8196,0.0000,3388.0000,1131.0000,0.0000,9.0000,15.0000,8.0000,5.0000
1.1110,0.2430,0.2170,0.1190,0.0870,0.0000,0.0000,0.6510,1.0000,3.9610,213.2530,2.6430,0.0000,0.0000,0.0000,66.8398,0.0000,3390.0000,1131.0000,0.0000,9.0000,15.0000,8.0000,5.0000
1.0050,0.3550,0.1760,0.1650,0.0490,0.0000,0.0000,0.4740,1.0000,3.9610,213.2530,2.6430,0.0000,0.0000,0.0000,66.8398,0.0000,3390.0000,1131.0000,0.0000,9.0000,15.0000,8.0000,5.0000
1.0070,0.2720,0.1730,0.1620,0.0480,0.0000,0.0000,0.5620,1.0000,3.9610,213.2530,2.6430,0.0000,0.0000,0.0000,66.8386,0.0000,3389.0000,1131.0000,0.0000,9.0000,15.0000,8.0000,5.0000
1.0890,0.2720,0.2070,0.1600,0.0770,0.0000,0.0000,0.6100,1.0000,3.9610,213.2530,2.6430,0.0000,0.0000,0.0000,66.8489,0.0000,3390.0000,1131.0000,0.0000,9.0000,15.0000,8.0000,5.0000
0.9250,0.3690,0.1920,0.1650,0.0620,0.0000,0.0000,0.3640,1.0000,3.9610,213.2530,2.6430,0.0000,0.0000,0.0000,66.8489,0.0000,3390.0000,1131.0000,0.0000,9.0000,15.0000,8.0000,5.0000
0.9680,0.2550,0.1730,0.1160,0.0490,0.0000,0.0000,0.5400,1.0000,3.9610,213.2530,2.6430,0.0000,0.0000,0.0000,66.8489,0.0000,3390.0000,1131.0000,0.0000,9.0000,15.0000,8.0000,5.0000
1.0300,0.2700,0.1720,0.1650,0.0490,0.0000,0.0000,0.5880,1.0000,3.9610,213.2530,2.6430,0.0000,0.0000,0.0000,66.8491,0.0000,3390.0000,1131.0000,0.0000,9.0000,15.0000,8.0000,5.0000
1.0250,0.3170,0.1940,0.2130,0.0570,0.0000,0.0000,0.5140,1.0000,3.9610,213.2530,2.6430,0.0000,0.0000,0.0000,66.8491,0.0000,3390.0000,1131.0000,0.0000,9.0000,15.0000,8.0000,5.0000
0.9870,0.3290,0.1810,0.1810,0.0530,0.0000,0.0000,0.4770,1.0000,3.9610,213.2530,2.6430,0.0000,0.0000,0.0000,66.8491,0.0000,3390.0000,1131.0000,0.0000,9.0000,15.0000,8.0000,5.0000
0.9700,0.2610,0.1860,0.1170,0.0520,0.0000,0.0000,0.5230,1.0000,3.9610,213.2530,2.6430,0.0000,0.0000,0.0000,66.8491,0.0000,3390.0000,1131.0000,0.0000,9.0000,15.0000,8.0000,5.0000
1.0180,0.2640,0.1710,0.1200,0.0510,0.0000,0.0000,0.5830,1.0000,3.9610,213.2530,2.6430,0.0000,0.0000,0.0000,66.8491,0.0000,3390.0000,1131.0000,0.0000,9.0000,15.0000,8.0000,5.0000
0.9850,0.2700,0.1740,0.1660,0.0510,0.0000,0.0000,0.5410,1.0000,3.9610,213.2530,2.6430,0.0000,0.0000,0.0000,66.8491,0.0000,3390.0000,1131.0000,0.0000,9.0000,15.0000,8.0000,5.0000
0.9400,0.2650,0.1760,0.1590,0.0520,0.0000,0.0000,0.4990,1.0000,3.9610,213.2530,2.6430,0.0000,0.0000,0.0000,66.8491,0.0000,3390.0000,1131.0000,0.0000,9.0000,15.0000,8.0000,5.0000
0.9760,0.2670,0.1710,0.1620,0.0510,0.0000,0.0000,0.5380,1.0000,3.9610,213.2530,2.6430,0.0000,0.0000,0.0000,66.8491,0.0000,3390.0000,1131.0000,0.0000,9.0000,15.0000,8.0000,5.0000
1.0540,0.2730,0.1740,0.1660,0.0520,0.0000,0.0000,0.6070,1.0000,3.9610,213.2530,2.6430,0.0000,0.0000,0.0000,66.8491,0.0000,3390.0000,1131.0000,0.0000,9.0000,15.0000,8.0000,5.0000
1.0480,0.3120,0.1850,0.1820,0.0610,0.0000,0.0000,0.5510,1.0000,3.9610,213.2530,2.6430,0.0000,0.0000,0.0000,66.8491,0.0000,3390.0000,1131.0000,0.0000,9.0000,15.0000,8.0000,5.0000
0.9630,0.2700,0.1780,0.1640,0.0530,0.0000,0.0000,0.5150,1.0000,3.9610,213.2530,2.6430,0.0000,0.0000,0.0000,66.8491,0.0000,3390.0000,1131.0000,0.0000,9.0000,15.0000,8.0000,5.0000
1.0770,0.2620,0.2010,0.1580,0.0790,0.0000,0.0000,0.6140,1.0000,3.9610,213.2530,2.6430,0.0000,0.0000,0.0000,66.8593,0.0000,3391.0000,1131.0000,0.0000,9.0000,15.0000,8.0000,5.0000
0.9500,0.3020,0.1760,0.1200,0.0510,0.0000,0.0000,0.4720,1.0000,3.9610,213.2530,2.6430,0.0000,0.0000,0.0000,66.8593,0.0000,3391.0000,1131.0000,0.0000,9.0000,15.0000,8.0000,5.0000
1.0050,0.2610,0.1730,0.1190,0.0520,0.0000,0.0000,0.5710,1.0000,3.9610,213.2530,2.6430,0.0000,0.0000,0.0000,66.8594,0.0000,3391.0000,1131.0000,0.0000,9.0000,15.0000,8.0000,5.0000
1.0440,0.2660,0.1990,0.1600,0.0790,0.0000,0.0000,0.5790,1.0000,3.9610,213.2530,2.6430,0.0000,0.0000,0.0000,66.8696,0.0000,3392.0000,1131.0000,0.0000,9.0000,15.0000,8.0000,5.0000
0.9520,0.3060,0.1750,0.1190,0.0510,0.0000,0.0000,0.4710,1.0000,3.9610,213.2530,2.6430,0.0000,0.0000,0.0000,66.8696,0.0000,3392.0000,1131.0000,0.0000,9.0000,15.0000,8.0000,4.0000
0.9450,0.2620,0.1740,0.1220,0.0530,0.0000,0.0000,0.5090,1.0000,3.9610,213.2530,2.6430,0.0000,0.0000,0.0000,66.8697,0.0000,3392.0000,1131.0000,0.0000,9.0000,15.0000,8.0000,4.0000
0.9730,0.2830,0.1700,0.1750,0.0500,0.0000,0.0000,0.5200,1.0000,3.9610,213.2530,2.6430,0.0000,0.0000,0.0000,66.8697,0.0000,3392.0000,1131.0000,0.0000,9.0000,15.0000,8.0000,4.0000
0.9380,0.2670,0.1730,0.1600,0.0500,0.0000,0.0000,0.4980,1.0000,3.9610,213.2530,2.6430,0.0000,0.0000,0.0000,66.8697,0.0000,3392.0000,1131.0000,0.0000,9.0000,15.0000,8.0000,4.0000
1.0030,0.2210,0.1720,0.1130,0.0510,0.0000,0.0000,0.6100,1.0000,3.9610,213.2530,2.6430,0.0000,0.0000,0.0000,66.8697,0.0000,3392.0000,1131.0000,0.0000,9.0000,15.0000,8.0000,4.0000
1.0380,0.2390,0.1980,0.1130,0.0780,0.0000,0.0000,0.6010,1.0000,3.9610,213.2530,2.6430,0.0000,0.0000,0.0000,66.8800,0.0000,3393.0000,1131.0000,0.0000,9.0000,15.0000,8.0000,4.0000
1.1090,0.3290,0.2090,0.1700,0.0790,0.0000,0.0000,0.5710,1.0000,3.9610,213.2530,2.6430,0.0000,0.0000,0.0000,66.8898,0.0000,3394.0000,1131.0000,0.0000,9.0000,15.0000,8.0000,4.0000
0.9780,0.3110,0.1790,0.1610,0.0510,0.0000,0.0000,0.4880,1.0000,3.9610,213.2530,2.6430,0.0000,0.0000,0.0000,66.8898,0.0000,3394.0000,1131.0000,0.0000,9.0000,15.0000,8.0000,4.0000
1.0310,0.2670,0.1730,0.1580,0.0510,0.0000,0.0000,0.5910,1.0000,3.9610,213.2530,2.6430,0.0000,0.0000,0.0000,66.8899,0.0000,3394.0000,1131.0000,0.0000,9.0000,15.0000,8.0000,4.0000
0.9220,0.2760,0.1720,0.1670,0.0510,0.0000,0.0000,0.4740,1.0000,3.9610,213.2530,2.6430,0.0000,0.0000,0.0000,66.8899,0.0000,3394.0000,1131.0000,0.0000,9.0000,15.0000,8.0000,4.0000
0.9490,0.2610,0.1690,0.1540,0.0480,0.0000,0.0000,0.5190,1.0000,3.9610,213.2530,2.6430,0.0000,0.0000,0.0000,66.8899,0.0000,3394.0000,1131.0000,0.0000,9.0000,15.0000,8.0000,4.0000
1.3540,0.2640,0.4370,0.1580,0.0620,0.0000,0.0000,0.6530,1.0000,3.9610,213.2530,2.6430,0.0000,0.0000,0.0000,66.9077,0.0000,3396.0000,1131.0000,0.0000,9.0000,15.0000,8.0000,4.0000
0.9740,0.2970,0.1980,0.1250,0.0530,0.0000,0.0000,0.4790,1.0000,3.9610,213.2530,2.6430,0.0000,0.0000,0.0000,66.9077,0.0000,3396.0000,1131.0000,0.0000,9.0000,15.0000,8.0000,4.0000
1.1220,0.2310,0.1860,0.1170,0.0500,0.0000,0.0000,0.7050,1.0000,3.9610,213.2530,2.6430,0.0000,0.0000,0.0000,66.9077,0.0000,3396.0000,1131.0000,0.0000,9.0000,15.0000,8.0000,4.0000
1.0930,0.2460,0.2140,0.1350,0.0800,0.0000,0.0000,0.6330,1.0000,3.9610,213.2530,2.6430,0.0000,0.0000,0.0000,66.9077,0.0000,3396.0000,1131.0000,0.0000,9.0000,15.0000,8.0000,4.0000
0.9410,0.2300,0.2040,0.1170,0.0530,0.0000,0.0000,0.5070,1.0000,3.9610,213.2530,2.6430,0.0000,0.0000,0.0000,66.9077,0.0000,3396.0000,1131.0000,0.0000,9.0000,15.0000,8.0000,4.0000
1.0080,0.2240,0.2070,0.1150,0.0510,0.0000,0.0000,0.5770,1.0000,3.9610,213.2530,2.6430,0.0000,0.0000,0.0000,66.9077,0.0000,3396.0000,1131.0000,0.0000,9.0000,15.0000,8.0000,4.0000
1.0040,0.2410,0.1980,0.1190,0.0510,0.0000,0.0000,0.5650,1.0000,3.9610,213.2530,2.6430,0.0000,0.0000,0.0000,66.9077,0.0000,3396.0000,1131.0000,0.0000,9.0000,15.0000,8.0000,4.0000
0.9680,0.2210,0.1920,0.1150,0.0500,0.0000,0.0000,0.5550,1.0000,3.9610,213.2530,2.6430,0.0000,0.0000,0.0000,66.9077,0.0000,3396.0000,1131.0000,0.0000,9.0000,15.0000,8.0000,4.0000
1.0440,0.2250,0.2290,0.1160,0.1090,0.0000,0.0000,0.5900,1.0000,3.9610,213.2530,2.6430,0.0000,0.0000,0.0000,66.9184,0.0000,3397.0000,1131.0000,0.0000,9.0000,15.0000,8.0000,4.0000
1.0040,0.2710,0.1980,0.1180,0.0500,0.0000,0.0000,0.5350,1.0000,3.9610,213.2530,2.6430,0.0000,0.0000,0.0000,66.9184,0.0000,3397.0000,1131.0000,0.0000,9.0000,15.0000,8.0000,4.0000
1.0250,0.2240,0.1990,0.1170,0.0490,0.0000,0.0000,0.6020,1.0000,3.9610,213.2530,2.6430,0.0000,0.0000,0.0000,66.9185,0.0000,3397.0000,1131.0000,0.0000,9.0000,15.0000,8.0000,4.0000
1.1970,0.2180,0.2710,0.1130,0.1240,0.0000,0.0000,0.7080,1.0000,3.9610,213.2530,2.6430,0.0000,0.0000,0.0000,66.9392,0.0000,3399.0000,1131.0000,0.0000,9.0000,15.0000,8.0000,4.0000
0.9430,0.3120,0.1790,0.1220,0.0500,0.0000,0.0000,0.4520,1.0000,3.9610,213.2530,2.6430,0.0000,0.0000,0.0000,66.9392,0.0000,3399.0000,1131.0000,0.0000,9.0000,15.0000,8.0000,4.0000
1.0300,0.2220,0.1760,0.1150,0.0490,0.0000,0.0000,0.6320,1.0000,3.9610,213.2530,2.6430,0.0000,0.0000,0.0000,66.9393,0.0000,3399.0000,1131.0000,0.0000,9.0000,15.0000,8.0000,4.0000
1.0190,0.2170,0.1820,0.1120,0.0490,0.0000,0.0000,0.6200,1.0000,3.9610,213.2530,2.6430,0.0000,0.0000,0.0000,66.9393,0.0000,3399.0000,1131.0000,0.0000,9.0000,15.0000,8.0000,4.0000
1.0030,0.2220,0.2110,0.1130,0.0500,0.0000,0.0000,0.5700,1.0000,3.9610,213.2530,2.6430,0.0000,0.0000,0.0000,66.9393,0.0000,3399.0000,1131.0000,0.0000,9.0000,15.0000,8.0000,4.0000
0.9050,0.2270,0.1690,0.1170,0.0480,0.0000,0.0000,0.5090,1.0000,3.9610,213.2530,2.6430,0.0000,0.0000,0.0000,66.9393,0.0000,3399.0000,1131.0000,0.0000,9.0000,15.0000,8.0000,4.0000
1.2190,0.2150,0.2050,0.1120,0.0860,0.0000,0.0000,0.7990,1.0000,3.9610,213.2530,2.6430,0.0000,0.0000,0.0000,66.9590,0.0000,3401.0000,1131.0000,0.0000,9.0000,15.0000,8.0000,4.0000
1.2710,0.3010,0.2330,0.1160,0.0850,0.0000,0.0000,0.7370,1.0000,3.9610,213.2530,2.6430,0.0000,0.0000,0.0000,66.9792,0.0000,3403.0000,1131.0000,0.0000,9.0000,15.0000,8.0000,4.0000
1.1170,0.4180,0.1970,0.1860,0.0530,0.0000,0.0000,0.5020,1.0000,3.9610,213.2530,2.6430,0.0000,0.0000,0.0000,66.9794,0.0000,3403.0000,1131.0000,0.0000,9.0000,15.0000,8.0000,4.0000
1.0910,0.2700,0.2010,0.1170,0.0490,0.0000,0.0000,0.6200,1.0000,3.9610,213.2530,2.6430,0.0000,0.0000,0.0000,66.9795,0.0000,3403.0000,1131.0000,0.0000,9.0000,15.0000,8.0000,4.0000
1.0560,0.2630,0.2010,0.1380,0.0500,0.0000,0.0000,0.5920,1.0000,3.9610,213.2530,2.6430,0.0000,0.0000,0.0000,66.9795,0.0000,3403.0000,1131.0000,0.0000,9.0000,15.0000,8.0000,4.0000
1.0870,0.2410,0.1920,0.1260,0.0500,0.0000,0.0000,0.6540,1.0000,1.9280,3.3730,2.6930,0.0000,0.0000,0.0000,66.9795,0.0000,3403.0000,1131.0000,0.0000,9.0000,15.0000,8.0000,4.0000
1.0060,0.2460,0.1990,0.1230,0.0750,0.0000,0.0000,0.5610,1.0000,1.9280,3.3730,2.6930,0.0000,0.0000,0.0000,66.9795,0.0000,3403.0000,1131.0000,0.0000,9.0000,15.0000,8.0000,4.0000
0.9630,0.2240,0.1930,0.1130,0.0500,0.0000,0.0000,0.5460,1.0000,1.9280,3.3730,2.6930,0.0000,0.0000,0.0000,66.9795,0.0000,3403.0000,1131.0000,0.0000,9.0000,15.0000,8.0000,4.0000
0.9100,0.2210,0.1970,0.1140,0.0780,0.0000,0.0000,0.4920,1.0000,1.9280,3.3730,2.6930,0.0000,0.0000,0.0000,66.9795,0.0000,3403.0000,1131.0000,0.0000,9.0000,15.0000,8.0000,4.0000
0.9780,0.2210,0.1810,0.1140,0.0470,0.0000,0.0000,0.5760,1.0000,1.9280,3.3730,2.6930,0.0000,0.0000,0.0000,66.9795,0.0000,3403.0000,1131.0000,0.0000,9.0000,15.0000,8.0000,4.0000
0.9840,0.2710,0.1800,0.1190,0.0490,0.0000,0.0000,0.5330,1.0000,1.9280,3.3730,2.6930,0.0000,0.0000,0.0000,66.9795,0.0000,3403.0000,1131.0000,0.0000,9.0000,15.0000,8.0000,4.0000
0.9560,0.2240,0.1830,0.1150,0.0480,0.0000,0.0000,0.5490,1.0000,1.9280,3.3730,2.6930,0.0000,0.0000,0.0000,66.9795,0.0000,3403.0000,1131.0000,0.0000,9.0000,15.0000,8.0000,4.0000
1.0330,0.2410,0.1840,0.1160,0.0490,0.0000,0.0000,0.6080,1.0000,1.9280,3.3730,2.6930,0.0000,0.0000,0.0000,66.9795,0.0000,3403.0000,1131.0000,0.0000,9.0000,15.0000,8.0000,4.0000
1.0590,0.2280,0.1860,0.1160,0.0510,0.0000,0.0000,0.6450,1.0000,1.9280,3.3730,2.6930,0.0000,0.0000,0.0000,66.9795,0.0000,3403.0000,1131.0000,0.0000,9.0000,15.0000,8.0000,4.0000
1.1600,0.3010,0.2120,0.1410,0.0790,0.0000,0.0000,0.6470,1.0000,1.9280,3.3730,2.6930,0.0000,0.0000,0.0000,66.9890,0.0000,3404.0000,1131.0000,0.0000,9.0000,14.0000,8.0000,4.0000
1.0080,0.2750,0.2030,0.1210,0.0510,0.0000,0.0000,0.5300,1.0000,1.9280,3.3730,2.6930,0.0000,0.0000,0.0000,66.9890,0.0000,3404.0000,1131.0000,0.0000,9.0000,14.0000,8.0000,4.0000
2.4640,0.2250,0.2220,0.1160,0.0500,0.0000,0.0000,2.0170,1.0000,1.9280,3.3730,2.6930,0.0000,0.0000,0.0000,66.9891,0.0000,3404.0000,1131.0000,0.0000,9.0000,14.0000,8.0000,4.0000
1.2880,0.2260,0.2640,0.1170,0.0860,0.0000,0.0000,0.7980,1.0000,1.9280,3.3730,2.6930,0.0000,0.0000,0.0000,66.7253,0.0000,3378.0000,1131.0000,0.0000,9.0000,14.0000,8.0000,3.0000
1.0520,0.3390,0.2160,0.1250,0.0590,0.0000,0.0000,0.4970,1.0000,1.9280,3.3730,2.6930,0.0000,0.0000,0.0000,66.7252,0.0000,3378.0000,1131.0000,0.0000,9.0000,14.0000,8.0000,3.0000
1.0450,0.2460,0.1950,0.1300,0.0520,0.0000,0.0000,0.6040,1.0000,1.9280,3.3730,2.6930,0.0000,0.0000,0.0000,66.7252,0.0000,3378.0000,1131.0000,0.0000,9.0000,14.0000,8.0000,3.0000
1.0980,0.2390,0.2010,0.1160,0.0570,0.0000,0.0000,0.6580,1.0000,1.9280,3.3730,2.6930,0.0000,0.0000,0.0000,66.7252,0.0000,3378.0000,1131.0000,0.0000,9.0000,14.0000,8.0000,3.0000
1.0400,0.2260,0.2040,0.1170,0.0800,0.0000,0.0000,0.6100,1.0000,1.9280,3.3730,2.6930,0.0000,0.0000,0.0000,66.7252,0.0000,3378.0000,1131.0000,0.0000,9.0000,14.0000,8.0000,3.0000
1.1910,0.2240,0.2750,0.1140,0.0750,0.0000,0.0000,0.6920,1.0000,1.9280,3.3730,2.6930,0.0000,0.0000,0.0000,66.7252,0.0000,3378.0000,1131.0000,0.0000,9.0000,14.0000,8.0000,3.0000
1.0170,0.2440,0.2310,0.1230,0.0540,0.0000,0.0000,0.5420,1.0000,1.9280,3.3730,2.6930,0.0000,0.0000,0.0000,66.7252,0.0000,3378.0000,1131.0000,0.0000,9.0000,14.0000,8.0000,3.0000
1.1510,0.2380,0.2390,0.1270,0.0850,0.0000,0.0000,0.6740,1.0000,1.9280,3.3730,2.6930,0.0000,0.0000,0.0000,66.7350,0.0000,3379.0000,1131.0000,0.0000,9.0000,14.0000,8.0000,3.0000
1.0400,0.2750,0.1790,0.1290,0.0490,0.0000,0.0000,0.5860,1.0000,1.9280,3.3730,2.6930,0.0000,0.0000,0.0000,66.7350,0.0000,3379.0000,1131.0000,0.0000,9.0000,14.0000,8.0000,3.0000
0.9780,0.2350,0.1810,0.1280,0.0510,0.0000,0.0000,0.5620,1.0000,1.9280,3.3730,2.6930,0.0000,0.0000,0.0000,66.7351,0.0000,3379.0000,1131.0000,0.0000,9.0000,14.0000,8.0000,3.0000
0.9440,0.2360,0.1780,0.1130,0.0510,0.0000,0.0000,0.5300,1.0000,1.9280,3.3730,2.6930,0.0000,0.0000,0.0000,66.7351,0.0000,3379.0000,1131.0000,0.0000,9.0000,14.0000,8.0000,3.0000
0.9930,0.2260,0.1720,0.1290,0.0500,0.0000,0.0000,0.5950,1.0000,1.9280,3.3730,2.6930,0.0000,0.0000,0.0000,66.7351,0.0000,3379.0000,1131.0000,0.0000,9.0000,14.0000,8.0000,3.0000
1.0190,0.2290,0.1960,0.1300,0.0520,0.0000,0.0000,0.5940,1.0000,1.9280,3.3730,2.6930,0.0000,0.0000,0.0000,66.7351,0.0000,3379.0000,1131.0000,0.0000,9.0000,14.0000,8.0000,3.0000
0.9340,0.2290,0.1710,0.1260,0.0470,0.0000,0.0000,0.5340,1.0000,1.9280,3.3730,2.6930,0.0000,0.0000,0.0000,66.7351,0.0000,3379.0000,1131.0000,0.0000,9.0000,14.0000,8.0000,3.0000
1.0720,0.2250,0.1850,0.1250,0.0590,0.0000,0.0000,0.6620,1.0000,1.9280,3.3730,2.6930,0.0000,0.0000,0.0000,66.7351,0.0000,3379.0000,1131.0000,0.0000,9.0000,14.0000,8.0000,3.0000
1.0400,0.2320,0.1850,0.1260,0.0620,0.0000,0.0000,0.6230,1.0000,1.9280,3.3730,2.6930,0.0000,0.0000,0.0000,66.7351,0.0000,3379.0000,1131.0000,0.0000,9.0000,14.0000,8.0000,3.0000
1.0720,0.2550,0.1680,0.1280,0.0480,0.0000,0.0000,0.6490,1.0000,1.9280,3.3730,2.6930,0.0000,0.0000,0.0000,66.7358,0.0000,3379.0000,1131.0000,0.0000,9.0000,15.0000,8.0000,4.0000
0.9810,0.3100,0.1850,0.2070,0.0570,0.0000,0.0000,0.4860,1.0000,1.9280,3.3730,2.6930,0.0000,0.0000,0.0000,66.7358,0.0000,3379.0000,1131.0000,0.0000,9.0000,15.0000,8.0000,4.0000
0.9760,0.2350,0.1780,0.1130,0.0520,0.0000,0.0000,0.5630,1.0000,1.9280,3.3730,2.6930,0.0000,0.0000,0.0000,66.7358,0.0000,3379.0000,1131.0000,0.0000,9.0000,15.0000,8.0000,4.0000
1.0320,0.2330,0.1750,0.1140,0.0510,0.0000,0.0000,0.6240,1.0000,1.9280,3.3730,2.6930,0.0000,0.0000,0.0000,66.7358,0.0000,3379.0000,1131.0000,0.0000,9.0000,15.0000,8.0000,4.0000
1.1120,0.2430,0.2220,0.1290,0.0900,0.0000,0.0000,0.6470,1.0000,1.9280,3.3730,2.6930,0.0000,0.0000,0.0000,66.7560,0.0000,3381.0000,1131.0000,0.0000,9.0000,15.0000,8.0000,4.0000
1.0150,0.3550,0.1810,0.1720,0.0510,0.0000,0.0000,0.4790,1.0000,1.9280,3.3730,2.6930,0.0000,0.0000,0.0000,66.7560,0.0000,3381.0000,1131.0000,0.0000,9.0000,15.0000,8.0000,4.0000
0.9540,0.2780,0.1730,0.1720,0.0500,0.0000,0.0000,0.5030,1.0000,1.9280,3.3730,2.6930,0.0000,0.0000,0.0000,66.7561,0.0000,3381.0000,1131.0000,0.0000,9.0000,15.0000,8.0000,4.0000
1.1090,0.2670,0.2080,0.1650,0.0800,0.0000,0.0000,0.6340,1.0000,1.9280,3.3730,2.6930,0.0000,0.0000,0.0000,66.7664,0.0000,3382.0000,1131.0000,0.0000,9.0000,15.0000,8.0000,4.0000
0.9520,0.3110,0.1730,0.1640,0.0510,0.0000,0.0000,0.4680,1.0000,1.9280,3.3730,2.6930,0.0000,0.0000,0.0000,66.7664,0.0000,3382.0000,1131.0000,0.0000,9.0000,15.0000,8.0000,4.0000
1.4060,0.2580,0.1710,0.1560,0.0500,0.0000,0.0000,0.9770,1.0000,1.9280,3.3730,2.6930,0.0000,0.0000,0.0000,66.7664,0.0000,3382.0000,1131.0000,0.0000,9.0000,15.0000,8.0000,4.0000
1.2280,0.4170,0.2840,0.1470,0.0770,0.0000,0.0000,0.5270,1.0000,1.9280,3.3730,2.6930,0.0000,0.0000,0.0000,66.7664,0.0000,3382.0000,1131.0000,0.0000,9.0000,15.0000,8.0000,4.0000
1.1130,0.2620,0.2020,0.1270,0.0580,0.0000,0.0000,0.6490,1.0000,1.9280,3.3730,2.6930,0.0000,0.0000,0.0000,66.7664,0.0000,3382.0000,1131.0000,0.0000,9.0000,15.0000,8.0000,4.0000
1.0750,0.2490,0.1860,0.1350,0.0530,0.0000,0.0000,0.6400,1.0000,1.9280,3.3730,2.6930,0.0000,0.0000,0.0000,66.7664,0.0000,3382.0000,1131.0000,0.0000,9.0000,15.0000,8.0000,4.0000
0.9680,0.2330,0.1870,0.1290,0.0530,0.0000,0.0000,0.5480,1.0000,1.9280,3.3730,2.6930,0.0000,0.0000,0.0000,66.7664,0.0000,3382.0000,1131.0000,0.0000,9.0000,15.0000,8.0000,4.0000
1.0670,0.2360,0.1740,0.1160,0.0500,0.0000,0.0000,0.6570,1.0000,1.9280,3.3730,2.6930,0.0000,0.0000,0.0000,66.7664,0.0000,3382.0000,1131.0000,0.0000,9.0000,15.0000,8.0000,4.0000
0.9950,0.2300,0.1920,0.1290,0.0520,0.0000,0.0000,0.5730,1.0000,1.9280,3.3730,2.6930,0.0000,0.0000,0.0000,66.7664,0.0000,3382.0000,1131.0000,0.0000,9.0000,15.0000,8.0000,4.0000
1.1930,0.2360,0.2030,0.1190,0.0770,0.0000,0.0000,0.7540,1.0000,1.9280,3.3730,2.6930,0.0000,0.0000,0.0000,66.7767,0.0000,3383.0000,1131.0000,0.0000,9.0000,15.0000,8.0000,4.0000
1.1440,0.4210,0.2160,0.2280,0.0670,0.0000,0.0000,0.5070,1.0000,1.9280,3.3730,2.6930,0.0000,0.0000,0.0000,66.7767,0.0000,3383.0000,1131.0000,0.0000,9.0000,15.0000,8.0000,4.0000
1.2590,0.3120,0.2450,0.1220,0.0840,0.0000,0.0000,0.7020,1.0000,1.9280,3.3730,2.6930,0.0000,0.0000,0.0000,66.7871,0.0000,3384.0000,1131.0000,0.0000,9.0000,15.0000,8.0000,4.0000
1.1630,0.2910,0.2230,0.1270,0.0530,0.0000,0.0000,0.6490,1.0000,1.9280,3.3730,2.6930,0.0000,0.0000,0.0000,66.7872,0.0000,3384.0000,1131.0000,0.0000,9.0000,15.0000,8.0000,4.0000
1.1710,0.2890,0.2720,0.1510,0.0650,0.0000,0.0000,0.6100,1.0000,1.9280,3.3730,2.6930,0.0000,0.0000,0.0000,66.7872,0.0000,3384.0000,1131.0000,0.0000,9.0000,15.0000,8.0000,4.0000
1.0700,0.2550,0.2090,0.1360,0.0540,0.0000,0.0000,0.6060,1.0000,1.9280,3.3730,2.6930,0.0000,0.0000,0.0000,66.7872,0.0000,3384.0000,1131.0000,0.0000,9.0000,15.0000,8.0000,4.0000
1.0120,0.2400,0.1770,0.1180,0.0490,0.0000,0.0000,0.5950,1.0000,1.9280,3.3730,2.6930,0.0000,0.0000,0.0000,66.7872,0.0000,3384.0000,1131.0000,0.0000,9.0000,15.0000,8.0000,4.0000
0.9860,0.2480,0.1760,0.1310,0.0490,0.0000,0.0000,0.5620,1.0000,1.9280,3.3730,2.6930,0.0000,0.0000,0.0000,66.7872,0.0000,3384.0000,1131.0000,0.0000,9.0000,15.0000,8.0000,4.0000
0.9790,0.2360,0.1880,0.1170,0.0510,0.0000,0.0000,0.5550,1.0000,1.9280,3.3730,2.6930,0.0000,0.0000,0.0000,66.7872,0.0000,3384.0000,1131.0000,0.0000,9.0000,15.0000,8.0000,4.0000
1.0270,0.2380,0.1760,0.1170,0.0500,0.0000,0.0000,0.6130,1.0000,1.9280,3.3730,2.6930,0.0000,0.0000,0.0000,66.7872,0.0000,3384.0000,1131.0000,0.0000,9.0000,15.0000,8.0000,4.0000
0.9980,0.2390,0.1750,0.1180,0.0500,0.0000,0.0000,0.5840,1.0000,1.9280,3.3730,2.6930,0.0000,0.0000,0.0000,66.7872,0.0000,3384.0000,1131.0000,0.0000,9.0000,15.0000,8.0000,4.0000
1.1600,0.2330,0.2020,0.1150,0.0790,0.0000,0.0000,0.7250,1.0000,1.9280,3.3730,2.6930,0.0000,0.0000,0.0000,66.7975,0.0000,3385.0000,1131.0000,0.0000,9.0000,15.0000,8.0000,4.0000
1.0090,0.3390,0.1880,0.1780,0.0510,0.0000,0.0000,0.4820,1.0000,1.9280,3.3730,2.6930,0.0000,0.0000,0.0000,66.7975,0.0000,3385.0000,1131.0000,0.0000,9.0000,15.0000,8.0000,4.0000
0.9850,0.2730,0.1770,0.1250,0.0500,0.0000,0.0000,0.5350,1.0000,1.9280,3.3730,2.6930,0.0000,0.0000,0.0000,66.7975,0.0000,3385.0000,1131.0000,0.0000,9.0000,15.0000,8.0000,4.0000
1.0550,0.2640,0.2020,0.1550,0.0790,0.0000,0.0000,0.5890,1.0000,1.9280,3.3730,2.6930,0.0000,0.0000,0.0000,66.8078,0.0000,3386.0000,1131.0000,0.0000,9.0000,15.0000,8.0000,4.0000
0.9890,0.3180,0.1940,0.1220,0.0620,0.0000,0.0000,0.4770,1.0000,1.9280,3.3730,2.6930,0.0000,0.0000,0.0000,66.8078,0.0000,3386.0000,1131.0000,0.0000,9.0000,15.0000,8.0000,4.0000
0.9720,0.3150,0.1780,0.1680,0.0490,0.0000,0.0000,0.4790,1.0000,1.9280,3.3730,2.6930,0.0000,0.0000,0.0000,66.8079,0.0000,3386.0000,1131.0000,0.0000,9.0000,15.0000,8.0000,4.0000
0.9620,0.2680,0.1740,0.1210,0.0490,0.0000,0.0000,0.5200,1.0000,1.9280,3.3730,2.6930,0.0000,0.0000,0.0000,66.8079,0.0000,3386.0000,1131.0000,0.0000,9.0000,15.0000,8.0000,4.0000
1.0180,0.2660,0.1730,0.1610,0.0500,0.0000,0.0000,0.5790,1.0000,1.9280,3.3730,2.6930,0.0000,0.0000,0.0000,66.8079,0.0000,3386.0000,1131.0000,0.0000,9.0000,15.0000,8.0000,4.0000
0.9750,0.2770,0.1830,0.1700,0.0490,0.0000,0.0000,0.5150,1.0000,1.9280,3.3730,2.6930,0.0000,0.0000,0.0000,66.8079,0.0000,3386.0000,1131.0000,0.0000,9.0000,15.0000,8.0000,4.0000
0.9500,0.2720,0.1750,0.1650,0.0490,0.0000,0.0000,0.5030,1.0000,1.9280,3.3730,2.6930,0.0000,0.0000,0.0000,66.8079,0.0000,3386.0000,1131.0000,0.0000,9.0000,15.0000,8.0000,4.0000
0.9640,0.2760,0.1700,0.1690,0.0480,0.0000,0.0000,0.5180,1.0000,1.9280,3.3730,2.6930,0.0000,0.0000,0.0000,66.8079,0.0000,3386.0000,1131.0000,0.0000,9.0000,15.0000,8.0000,4.0000
0.9580,0.2230,0.1910,0.1140,0.0510,0.0000,0.0000,0.5440,1.0000,1.9280,3.3730,2.6930,0.0000,0.0000,0.0000,66.8079,0.0000,3386.0000,1131.0000,0.0000,9.0000,15.0000,8.0000,4.0000
0.9450,0.2280,0.1710,0.1180,0.0480,0.0000,0.0000,0.5460,1.0000,1.9280,3.3730,2.6930,0.0000,0.0000,0.0000,66.8079,0.0000,3386.0000,1131.0000,0.0000,9.0000,15.0000,8.0000,4.0000
0.9600,0.2310,0.1740,0.1140,0.0490,0.0000,0.0000,0.5550,1.0000,1.9280,3.3730,2.6930,0.0000,0.0000,0.0000,66.8079,0.0000,3386.0000,1131.0000,0.0000,9.0000,15.0000,8.0000,4.0000
1.1050,0.2350,0.2120,0.1320,0.0880,0.0000,0.0000,0.6580,1.0000,1.9280,3.3730,2.6930,0.0000,0.0000,0.0000,66.8282,0.0000,3388.0000,1131.0000,0.0000,9.0000,15.0000,8.0000,4.0000
0.9470,0.3270,0.1790,0.1210,0.0510,0.0000,0.0000,0.4410,1.0000,1.9280,3.3730,2.6930,0.0000,0.0000,0.0000,66.8282,0.0000,3388.0000,1131.0000,0.0000,9.0000,15.0000,8.0000,4.0000
1.0180,0.2430,0.1720,0.1180,0.0490,0.0000,0.0000,0.6030,1.0000,1.9280,3.3730,2.6930,0.0000,0.0000,0.0000,66.8283,0.0000,3388.0000,1131.0000,0.0000,9.0000,15.0000,8.0000,4.0000
1.0050,0.2360,0.1760,0.1310,0.0500,0.0000,0.0000,0.5930,1.0000,1.9280,3.3730,2.6930,0.0000,0.0000,0.0000,66.8283,0.0000,3388.0000,1131.0000,0.0000,9.0000,15.0000,8.0000,4.0000
0.9300,0.2570,0.1760,0.1210,0.0500,0.0000,0.0000,0.4970,1.0000,1.9280,3.3730,2.6930,0.0000,0.0000,0.0000,66.8283,0.0000,3388.0000,1131.0000,0.0000,9.0000,15.0000,8.0000,4.0000
1.0660,0.2320,0.1720,0.1160,0.0490,0.0000,0.0000,0.6620,1.0000,1.9280,3.3730,2.6930,0.0000,0.0000,0.0000,66.8276,0.0000,3388.0000,1131.0000,0.0000,9.0000,14.0000,8.0000,5.0000
1.1810,0.2880,0.1810,0.1810,0.0550,0.0000,0.0000,0.7120,1.0000,1.9280,3.3730,2.6930,0.0000,0.0000,0.0000,66.8276,0.0000,3388.0000,1131.0000,0.0000,9.0000,14.0000,8.0000,5.0000
1.3110,0.2600,0.2620,0.1200,0.0960,0.0000,0.0000,0.7890,1.0000,1.9280,3.3730,2.6930,0.0000,0.0000,0.0000,66.8379,0.0000,3389.0000,1131.0000,0.0000,9.0000,14.0000,8.0000,5.0000
1.1540,0.3980,0.2630,0.1260,0.1090,0.0000,0.0000,0.4930,1.0000,1.9280,3.3730,2.6930,0.0000,0.0000,0.0000,66.8379,0.0000,3389.0000,1131.0000,0.0000,9.0000,14.0000,8.0000,5.0000
1.3660,0.2560,0.2540,0.1280,0.0870,0.0000,0.0000,0.8560,1.0000,1.9280,3.3730,2.6930,0.0000,0.0000,0.0000,66.8482,0.0000,3390.0000,1131.0000,0.0000,9.0000,14.0000,8.0000,5.0000
1.1370,0.3620,0.2190,0.1500,0.0590,0.0000,0.0000,0.5560,1.0000,1.9280,3.3730,2.6930,0.0000,0.0000,0.0000,66.8482,0.0000,3390.0000,1131.0000,0.0000,9.0000,14.0000,8.0000,5.0000
1.0420,0.3140,0.1900,0.1860,0.0540,0.0000,0.0000,0.5380,1.0000,1.9280,3.3730,2.6930,0.0000,0.0000,0.0000,66.8483,0.0000,3390.0000,1131.0000,0.0000,9.0000,14.0000,8.0000,5.0000
1.2570,0.2820,0.2220,0.1650,0.0930,0.0000,0.0000,0.7530,1.0000,1.9280,3.3730,2.6930,0.0000,0.0000,0.0000,66.8689,0.0000,3392.0000,1131.0000,0.0000,9.0000,14.0000,8.0000,5.0000
1.1470,0.4000,0.2510,0.1670,0.0960,0.0000,0.0000,0.4960,1.0000,1.9280,3.3730,2.6930,0.0000,0.0000,0.0000,66.8689,0.0000,3392.0000,1131.0000,0.0000,9.0000,14.0000,8.0000,5.0000
1.0680,0.2510,0.2370,0.1200,0.0580,0.0000,0.0000,0.5800,1.0000,1.9280,3.3730,2.6930,0.0000,0.0000,0.0000,66.8690,0.0000,3392.0000,1131.0000,0.0000,9.0000,14.0000,8.0000,5.0000
1.0720,0.2420,0.2120,0.1220,0.0520,0.0000,0.0000,0.6180,1.0000,1.9280,3.3730,2.6930,0.0000,0.0000,0.0000,66.8690,0.0000,3392.0000,1131.0000,0.0000,9.0000,14.0000,8.0000,5.0000
1.0040,0.2340,0.1830,0.1200,0.0510,0.0000,0.0000,0.5870,1.0000,1.9280,3.3730,2.6930,0.0000,0.0000,0.0000,66.8690,0.0000,3392.0000,1131.0000,0.0000,9.0000,14.0000,8.0000,5.0000
1.1570,0.2220,0.2540,0.1160,0.0970,0.0000,0.0000,0.6810,1.0000,1.9280,3.3730,2.6930,0.0000,0.0000,0.0000,66.8793,0.0000,3393.0000,1131.0000,0.0000,9.0000,14.0000,8.0000,5.0000
0.9390,0.2900,0.1830,0.1360,0.0500,0.0000,0.0000,0.4660,1.0000,1.9280,3.3730,2.6930,0.0000,0.0000,0.0000,66.8793,0.0000,3393.0000,1131.0000,0.0000,9.0000,14.0000,8.0000,5.0000
0.9690,0.2410,0.1790,0.1330,0.0510,0.0000,0.0000,0.5490,1.0000,1.9280,3.3730,2.6930,0.0000,0.0000,0.0000,66.8794,0.0000,3393.0000,1131.0000,0.0000,9.0000,14.0000,8.0000,5.0000
1.0200,0.2210,0.1740,0.1160,0.0490,0.0000,0.0000,0.6250,1.0000,1.9280,3.3730,2.6930,0.0000,0.0000,0.0000,66.8795,0.0000,3393.0000,1131.0000,0.0000,9.0000,14.0000,8.0000,6.0000
1.1120,0.2680,0.1910,0.1660,0.0570,0.0000,0.0000,0.6530,1.0000,1.9280,3.3730,2.6930,0.0000,0.0000,0.0000,66.8795,0.0000,3393.0000,1131.0000,0.0000,9.0000,14.0000,8.0000,6.0000
1.1440,0.2460,0.2200,0.1350,0.0860,0.0000,0.0000,0.6780,1.0000,1.9280,3.3730,2.6930,0.0000,0.0000,0.0000,66.8898,0.0000,3394.0000,1131.0000,0.0000,9.0000,14.0000,8.0000,6.0000
1.1240,0.2860,0.2170,0.1230,0.0810,0.0000,0.0000,0.6210,1.0000,1.9280,3.3730,2.6930,0.0000,0.0000,0.0000,66.8989,0.0000,3395.0000,1131.0000,0.0000,9.0000,13.0000,8.0000,6.0000
1.0450,0.3490,0.2100,0.1760,0.0730,0.0000,0.0000,0.4860,1.0000,1.9280,3.3730,2.6930,0.0000,0.0000,0.0000,66.8990,0.0000,3395.0000,1131.0000,0.0000,9.0000,13.0000,8.0000,6.0000
1.0200,0.3240,0.1940,0.1710,0.0630,0.0000,0.0000,0.5020,1.0000,1.9280,3.3730,2.6930,0.0000,0.0000,0.0000,66.8997,0.0000,3395.0000,1131.0000,0.0000,9.0000,14.0000,8.0000,6.0000
0.9870,0.3030,0.1970,0.1530,0.0620,0.0000,0.0000,0.4870,1.0000,1.9280,3.3730,2.6930,0.0000,0.0000,0.0000,66.8997,0.0000,3395.0000,1131.0000,0.0000,9.0000,14.0000,8.0000,6.0000
0.9740,0.2580,0.1850,0.1170,0.0610,0.0000,0.0000,0.5310,1.0000,1.9280,3.3730,2.6930,0.0000,0.0000,0.0000,66.8997,0.0000,3395.0000,1131.0000,0.0000,9.0000,14.0000,8.0000,6.0000
0.9710,0.2570,0.1750,0.1180,0.0500,0.0000,0.0000,0.5390,1.0000,1.9280,3.3730,2.6930,0.0000,0.0000,0.0000,66.8997,0.0000,3395.0000,1131.0000,0.0000,9.0000,14.0000,8.0000,6.0000
0.9730,0.3100,0.1730,0.1680,0.0500,0.0000,0.0000,0.4900,1.0000,1.9280,3.3730,2.6930,0.0000,0.0000,0.0000,66.8997,0.0000,3395.0000,1131.0000,0.0000,9.0000,14.0000,8.0000,6.0000
1.1190,0.2730,0.2330,0.1220,0.1030,0.0000,0.0000,0.6130,1.0000,1.9280,3.3730,2.6930,0.0000,0.0000,0.0000,66.9200,0.0000,3397.0000,1131.0000,0.0000,9.0000,14.0000,8.0000,6.0000
0.9660,0.3920,0.1950,0.1240,0.0520,0.0000,0.0000,0.3790,1.0000,1.9280,3.3730,2.6930,0.0000,0.0000,0.0000,66.9201,0.0000,3397.0000,1131.0000,0.0000,9.0000,14.0000,8.0000,6.0000
1.0550,0.2750,0.2190,0.1200,0.0920,0.0000,0.0000,0.5610,1.0000,1.9280,3.3730,2.6930,0.0000,0.0000,0.0000,66.9304,0.0000,3398.0000,1131.0000,0.0000,9.0000,14.0000,8.0000,6.0000
1.1320,0.3570,0.1890,0.1260,0.0520,0.0000,0.0000,0.5860,1.0000,1.9280,3.3730,2.6930,0.0000,0.0000,0.0000,66.7319,0.0000,3378.0000,1131.0000,0.0000,9.0000,14.0000,8.0000,6.0000
0.9800,0.2390,0.1820,0.1200,0.0520,0.0000,0.0000,0.5590,1.0000,1.9280,3.3730,2.6930,0.0000,0.0000,0.0000,66.7319,0.0000,3378.0000,1131.0000,0.0000,9.0000,14.0000,8.0000,6.0000
1.5680,0.2280,0.4660,0.1190,0.3420,0.0000,0.0000,0.8740,1.0000,1.9280,3.3730,2.6930,0.0000,0.0000,0.0000,66.7459,0.0000,3380.0000,1131.0000,0.0000,9.0000,14.0000,8.0000,6.0000
1.0960,0.2890,0.2160,0.1280,0.0550,0.0000,0.0000,0.5910,1.0000,1.9280,3.3730,2.6930,0.0000,0.0000,0.0000,66.7459,0.0000,3380.0000,1131.0000,0.0000,9.0000,14.0000,8.0000,6.0000
1.0640,0.2570,0.1970,0.1250,0.0540,0.0000,0.0000,0.6100,1.0000,1.9280,3.3730,2.6930,0.0000,0.0000,0.0000,66.7460,0.0000,3380.0000,1131.0000,0.0000,9.0000,14.0000,8.0000,6.0000
0.9920,0.3010,0.1780,0.1850,0.0510,0.0000,0.0000,0.5130,1.0000,1.9280,3.3730,2.6930,0.0000,0.0000,0.0000,66.7460,0.0000,3380.0000,1131.0000,0.0000,9.0000,14.0000,8.0000,6.0000
0.9380,0.2750,0.1700,0.1660,0.0490,0.0000,0.0000,0.4930,1.0000,1.9280,3.3730,2.6930,0.0000,0.0000,0.0000,66.7460,0.0000,3380.0000,1131.0000,0.0000,9.0000,14.0000,8.0000,6.0000
1.0460,0.2720,0.1760,0.1670,0.0490,0.0000,0.0000,0.5980,1.0000,1.9280,3.3730,2.6930,0.0000,0.0000,0.0000,66.7460,0.0000,3380.0000,1131.0000,0.0000,9.0000,14.0000,8.0000,6.0000
0.8980,0.2250,0.1710,0.1180,0.0490,0.0000,0.0000,0.5020,1.0000,1.9280,3.3730,2.6930,0.0000,0.0000,0.0000,66.7460,0.0000,3380.0000,1131.0000,0.0000,9.0000,14.0000,8.0000,6.0000
0.8840,0.2770,0.1680,0.1700,0.0480,0.0000,0.0000,0.4390,1.0000,1.9280,3.3730,2.6930,0.0000,0.0000,0.0000,66.7460,0.0000,3380.0000,1131.0000,0.0000,9.0000,14.0000,8.0000,5.0000
0.9440,0.2310,0.1720,0.1180,0.0520,0.0000,0.0000,0.5410,1.0000,1.9280,3.3730,2.6930,0.0000,0.0000,0.0000,66.7460,0.0000,3380.0000,1131.0000,0.0000,9.0000,14.0000,8.0000,5.0000
1.0100,0.2570,0.2060,0.1560,0.0540,0.0000,0.0000,0.5470,1.0000,1.9280,3.3730,2.6930,0.0000,0.0000,0.0000,66.7460,0.0000,3380.0000,1131.0000,0.0000,9.0000,14.0000,8.0000,5.0000
0.9980,0.2360,0.2090,0.1300,0.0800,0.0000,0.0000,0.5530,1.0000,1.9280,3.3730,2.6930,0.0000,0.0000,0.0000,66.7562,0.0000,3381.0000,1131.0000,0.0000,9.0000,14.0000,8.0000,5.0000
0.9550,0.2840,0.2040,0.1380,0.0780,0.0000,0.0000,0.4670,1.0000,1.9280,3.3730,2.6930,0.0000,0.0000,0.0000,66.7665,0.0000,3382.0000,1131.0000,0.0000,9.0000,14.0000,8.0000,5.0000
1.1590,0.2770,0.2000,0.1350,0.0510,0.0000,0.0000,0.6820,1.0000,1.9280,3.3730,2.6930,0.0000,0.0000,0.0000,66.7785,0.0000,3383.0000,1131.0000,0.0000,9.0000,14.0000,8.0000,5.0000
0.9340,0.3150,0.1960,0.1480,0.0530,0.0000,0.0000,0.4230,1.0000,1.9280,3.3730,2.6930,0.0000,0.0000,0.0000,66.7779,0.0000,3383.0000,1131.0000,0.0000,9.0000,13.0000,8.0000,5.0000
0.9610,0.2420,0.1740,0.1180,0.0510,0.0000,0.0000,0.5450,1.0000,1.9280,3.3730,2.6930,0.0000,0.0000,0.0000,66.7779,0.0000,3383.0000,1131.0000,0.0000,9.0000,13.0000,8.0000,5.0000
0.8960,0.2470,0.1780,0.1450,0.0510,0.0000,0.0000,0.4710,1.0000,1.9280,3.3730,2.6930,0.0000,0.0000,0.0000,66.7779,0.0000,3383.0000,1131.0000,0.0000,9.0000,13.0000,8.0000,5.0000
0.8420,0.2290,0.1710,0.1260,0.0500,0.0000,0.0000,0.4420,1.0000,1.9280,3.3730,2.6930,0.0000,0.0000,0.0000,66.7779,0.0000,3383.0000,1131.0000,0.0000,9.0000,13.0000,8.0000,5.0000
0.9150,0.2210,0.2040,0.1160,0.0520,0.0000,0.0000,0.4900,1.0000,1.9280,3.3730,2.6930,0.0000,0.0000,0.0000,66.7779,0.0000,3383.0000,1131.0000,0.0000,9.0000,13.0000,8.0000,5.0000
0.9780,0.2290,0.2370,0.1190,0.1130,0.0000,0.0000,0.5120,1.0000,1.9280,3.3730,2.6930,0.0000,0.0000,0.0000,66.7881,0.0000,3384.0000,1131.0000,0.0000,9.0000,13.0000,8.0000,5.0000
0.9610,0.2720,0.2100,0.1210,0.0810,0.0000,0.0000,0.4790,1.0000,1.9280,3.3730,2.6930,0.0000,0.0000,0.0000,66.7881,0.0000,3384.0000,1131.0000,0.0000,9.0000,13.0000,8.0000,5.0000
1.1260,0.2470,0.2470,0.1230,0.1210,0.0000,0.0000,0.6320,1.0000,1.9280,3.3730,2.6930,0.0000,0.0000,0.0000,66.8073,0.0000,3386.0000,1131.0000,0.0000,9.0000,12.0000,8.0000,5.0000
1.0110,0.3090,0.2670,0.1200,0.0880,0.0000,0.0000,0.4350,1.0000,1.9280,3.3730,2.6930,0.0000,0.0000,0.0000,66.8073,0.0000,3386.0000,1131.0000,0.0000,9.0000,12.0000,8.0000,5.0000
0.9040,0.2590,0.2060,0.1240,0.0530,0.0000,0.0000,0.4390,1.0000,1.9280,3.3730,2.6930,0.0000,0.0000,0.0000,66.8074,0.0000,3386.0000,1131.0000,0.0000,9.0000,12.0000,8.0000,5.0000
1.1740,0.2260,0.2530,0.1180,0.1240,0.0000,0.0000,0.6950,1.0000,1.9280,3.3730,2.6930,0.0000,0.0000,0.0000,66.8176,0.0000,3387.0000,1131.0000,0.0000,9.0000,12.0000,8.0000,5.0000
0.9460,0.2980,0.1860,0.1460,0.0500,0.0000,0.0000,0.4620,1.0000,1.9280,3.3730,2.6930,0.0000,0.0000,0.0000,66.8176,0.0000,3387.0000,1131.0000,0.0000,9.0000,12.0000,8.0000,5.0000
0.9660,0.2380,0.2340,0.1180,0.0800,0.0000,0.0000,0.4940,1.0000,1.9280,3.3730,2.6930,0.0000,0.0000,0.0000,66.8177,0.0000,3387.0000,1131.0000,0.0000,9.0000,12.0000,8.0000,5.0000
0.9220,0.2490,0.2230,0.1340,0.0500,0.0000,0.0000,0.4500,1.0000,1.9280,3.3730,2.6930,0.0000,0.0000,0.0000,66.8177,0.0000,3387.0000,1131.0000,0.0000,9.0000,12.0000,8.0000,5.0000
0.8650,0.2280,0.2010,0.1180,0.0810,0.0000,0.0000,0.4360,1.0000,1.9280,3.3730,2.6930,0.0000,0.0000,0.0000,66.8177,0.0000,3387.0000,1131.0000,0.0000,9.0000,12.0000,8.0000,5.0000
0.8710,0.2240,0.1790,0.1170,0.0480,0.0000,0.0000,0.4680,1.0000,1.9280,3.3730,2.6930,0.0000,0.0000,0.0000,66.8177,0.0000,3387.0000,1131.0000,0.0000,9.0000,12.0000,8.0000,5.0000
0.9400,0.2310,0.1930,0.1190,0.0750,0.0000,0.0000,0.5160,1.0000,1.9280,3.3730,2.6930,0.0000,0.0000,0.0000,66.8177,0.0000,3387.0000,1131.0000,0.0000,9.0000,12.0000,8.0000,5.0000
0.9540,0.3180,0.1720,0.1710,0.0490,0.0000,0.0000,0.4640,1.0000,1.9280,3.3730,2.6930,0.0000,0.0000,0.0000,66.8174,0.0000,3387.0000,1131.0000,0.0000,9.0000,12.0000,8.0000,6.0000
1.0030,0.3240,0.1830,0.2190,0.0540,0.0000,0.0000,0.4960,1.0000,1.9280,3.3730,2.6930,0.0000,0.0000,0.0000,66.8174,0.0000,3387.0000,1131.0000,0.0000,9.0000,12.0000,8.0000,6.0000
1.0000,0.2990,0.2060,0.1730,0.0540,0.0000,0.0000,0.4950,1.0000,1.9280,3.3730,2.6930,0.0000,0.0000,0.0000,66.8294,0.0000,3388.0000,1131.0000,0.0000,9.0000,12.0000,8.0000,6.0000
1.0510,0.3190,0.2090,0.1260,0.0830,0.0000,0.0000,0.5230,1.0000,1.9280,3.3730,2.6930,0.0000,0.0000,0.0000,66.8397,0.0000,3389.0000,1131.0000,0.0000,9.0000,12.0000,8.0000,6.0000
1.0110,0.3680,0.2150,0.1800,0.0820,0.0000,0.0000,0.4280,1.0000,1.9280,3.3730,2.6930,0.0000,0.0000,0.0000,66.8499,0.0000,3390.0000,1131.0000,0.0000,9.0000,12.0000,8.0000,6.0000
0.9050,0.3150,0.1810,0.1230,0.0520,0.0000,0.0000,0.4090,1.0000,1.9280,3.3730,2.6930,0.0000,0.0000,0.0000,66.8500,0.0000,3390.0000,1131.0000,0.0000,9.0000,12.0000,8.0000,6.0000
1.0340,0.2660,0.2080,0.1260,0.0830,0.0000,0.0000,0.5600,1.0000,1.9280,3.3730,2.6930,0.0000,0.0000,0.0000,66.8607,0.0000,3391.0000,1131.0000,0.0000,9.0000,12.0000,8.0000,6.0000
1.0500,0.3260,0.1810,0.1270,0.0530,0.0000,0.0000,0.5430,1.0000,1.9280,3.3730,2.6930,0.0000,0.0000,0.0000,66.8607,0.0000,3391.0000,1131.0000,0.0000,9.0000,12.0000,8.0000,6.0000
1.0930,0.2930,0.2290,0.1830,0.0700,0.0000,0.0000,0.5710,1.0000,1.9280,3.3730,2.6930,0.0000,0.0000,0.0000,66.8608,0.0000,3391.0000,1131.0000,0.0000,9.0000,12.0000,8.0000,6.0000
1.1020,0.3200,0.2130,0.1390,0.0550,0.0000,0.0000,0.5690,1.0000,1.9280,3.3730,2.6930,0.0000,0.0000,0.0000,66.8618,0.0000,3391.0000,1131.0000,0.0000,9.0000,13.0000,8.0000,6.0000
1.0350,0.2550,0.2120,0.1270,0.0560,0.0000,0.0000,0.5680,1.0000,1.9280,3.3730,2.6930,0.0000,0.0000,0.0000,66.8618,0.0000,3391.0000,1131.0000,0.0000,9.0000,13.0000,8.0000,6.0000
1.2460,0.2880,0.2280,0.1530,0.0840,0.0000,0.0000,0.7300,1.0000,1.9280,3.3730,2.6930,0.0000,0.0000,0.0000,66.8720,0.0000,3392.0000,1131.0000,0.0000,9.0000,13.0000,8.0000,6.0000
1.0800,0.2990,0.2140,0.1260,0.0590,0.0000,0.0000,0.5670,1.0000,1.9280,3.3730,2.6930,0.0000,0.0000,0.0000,66.8720,0.0000,3392.0000,1131.0000,0.0000,9.0000,13.0000,8.0000,6.0000
1.0260,0.2360,0.2210,0.1210,0.0840,0.0000,0.0000,0.5690,1.0000,1.9280,3.3730,2.6930,0.0000,0.0000,0.0000,66.8819,0.0000,3393.0000,1131.0000,0.0000,9.0000,13.0000,8.0000,6.0000
0.9090,0.2950,0.1930,0.1380,0.0550,0.0000,0.0000,0.4210,1.0000,1.9280,3.3730,2.6930,0.0000,0.0000,0.0000,66.8819,0.0000,3393.0000,1131.0000,0.0000,9.0000,13.0000,8.0000,6.0000
1.0970,0.2280,0.2460,0.1180,0.0550,0.0000,0.0000,0.6230,1.0000,1.9280,3.3730,2.6930,0.0000,0.0000,0.0000,66.8820,0.0000,3393.0000,1131.0000,0.0000,9.0000,13.0000,8.0000,6.0000
1.1050,0.2450,0.2550,0.1250,0.0870,0.0000,0.0000,0.6050,1.0000,1.9280,3.3730,2.6930,0.0000,0.0000,0.0000,66.8922,0.0000,3394.0000,1131.0000,0.0000,9.0000,13.0000,8.0000,6.0000
0.9960,0.3030,0.1890,0.1440,0.0520,0.0000,0.0000,0.5040,1.0000,1.9280,3.3730,2.6930,0.0000,0.0000,0.0000,66.8922,0.0000,3394.0000,1131.0000,0.0000,9.0000,13.0000,8.0000,6.0000
1.0160,0.2560,0.1960,0.1400,0.0530,0.0000,0.0000,0.5640,1.0000,1.9280,3.3730,2.6930,0.0000,0.0000,0.0000,66.8923,0.0000,3394.0000,1131.0000,0.0000,9.0000,13.0000,8.0000,6.0000
0.9800,0.2650,0.1920,0.1530,0.0520,0.0000,0.0000,0.5230,1.0000,1.9280,3.3730,2.6930,0.0000,0.0000,0.0000,66.8923,0.0000,3394.0000,1131.0000,0.0000,9.0000,13.0000,8.0000,6.0000
0.9570,0.2620,0.1950,0.1430,0.0550,0.0000,0.0000,0.5000,1.0000,1.9280,3.3730,2.6930,0.0000,0.0000,0.0000,66.8923,0.0000,3394.0000,1131.0000,0.0000,9.0000,13.0000,8.0000,6.0000
0.9520,0.2560,0.1850,0.1410,0.0510,0.0000,0.0000,0.5110,1.0000,1.9280,3.3730,2.6930,0.0000,0.0000,0.0000,66.8923,0.0000,3394.0000,1131.0000,0.0000,9.0000,13.0000,8.0000,6.0000
0.8900,0.2430,0.1830,0.1350,0.0500,0.0000,0.0000,0.4640,1.0000,1.9280,3.3730,2.6930,0.0000,0.0000,0.0000,66.8930,0.0000,3394.0000,1131.0000,0.0000,9.0000,14.0000,8.0000,6.0000
0.9510,0.2350,0.2130,0.1230,0.0530,0.0000,0.0000,0.5030,1.0000,1.9280,3.3730,2.6930,0.0000,0.0000,0.0000,66.8930,0.0000,3394.0000,1131.0000,0.0000,9.0000,14.0000,8.0000,6.0000
1.0060,0.2350,0.2020,0.1230,0.0510,0.0000,0.0000,0.5690,1.0000,1.9280,3.3730,2.6930,0.0000,0.0000,0.0000,66.8951,0.0000,3395.0000,1131.0000,0.0000,9.0000,14.0000,8.0000,6.0000
0.9960,0.2860,0.2090,0.1750,0.0520,0.0000,0.0000,0.5010,1.0000,1.9280,3.3730,2.6930,0.0000,0.0000,0.0000,66.8942,0.0000,3395.0000,1131.0000,0.0000,9.0000,14.0000,8.0000,6.0000
1.6930,0.3020,0.6000,0.1840,0.3590,0.0000,0.0000,0.7910,1.0000,1.9280,3.3730,2.6930,0.0000,0.0000,0.0000,66.9344,0.0000,3401.0000,1131.0000,0.0000,9.0000,14.0000,8.0000,6.0000
1.1830,0.5270,0.2520,0.1950,0.0890,0.0000,0.0000,0.4040,1.0000,1.9280,3.3730,2.6930,0.0000,0.0000,0.0000,66.9546,0.0000,3403.0000,1131.0000,0.0000,9.0000,14.0000,8.0000,6.0000
0.9840,0.3440,0.2300,0.1350,0.0860,0.0000,0.0000,0.4100,1.0000,1.9280,3.3730,2.6930,0.0000,0.0000,0.0000,66.9548,0.0000,3403.0000,1131.0000,0.0000,9.0000,14.0000,8.0000,6.0000
1.1070,0.2460,0.2550,0.1250,0.1170,0.0000,0.0000,0.6060,1.0000,1.9280,3.3730,2.6930,0.0000,0.0000,0.0000,66.9651,0.0000,3404.0000,1131.0000,0.0000,9.0000,14.0000,8.0000,6.0000
1.1890,0.2950,0.2770,0.1300,0.0910,0.0000,0.0000,0.6170,1.0000,1.9280,3.3730,2.6930,0.0000,0.0000,0.0000,66.9651,0.0000,3404.0000,1131.0000,0.0000,9.0000,14.0000,8.0000,6.0000
1.0850,0.2510,0.1920,0.1220,0.0510,0.0000,0.0000,0.6420,1.0000,1.9280,3.3730,2.6930,0.0000,0.0000,0.0000,66.9652,0.0000,3404.0000,1131.0000,0.0000,9.0000,14.0000,8.0000,6.0000
1.0240,0.2760,0.1870,0.1460,0.0510,0.0000,0.0000,0.5610,1.0000,1.9280,3.3730,2.6930,0.0000,0.0000,0.0000,66.9652,0.0000,3404.0000,1131.0000,0.0000,9.0000,14.0000,8.0000,6.0000
1.0370,0.2520,0.1870,0.1390,0.0510,0.0000,0.0000,0.5980,1.0000,1.9280,3.3730,2.6930,0.0000,0.0000,0.0000,66.9645,0.0000,3404.0000,1131.0000,0.0000,9.0000,13.0000,8.0000,6.0000
1.0850,0.2480,0.2130,0.1360,0.0820,0.0000,0.0000,0.6240,1.0000,1.9280,3.3730,2.6930,0.0000,0.0000,0.0000,66.9748,0.0000,3405.0000,1131.0000,0.0000,9.0000,13.0000,8.0000,6.0000
1.0460,0.3050,0.1920,0.1270,0.0550,0.0000,0.0000,0.5490,1.0000,1.9280,3.3730,2.6930,0.0000,0.0000,0.0000,66.9748,0.0000,3405.0000,1131.0000,0.0000,9.0000,13.0000,8.0000,6.0000
1.1380,0.3170,0.1980,0.1760,0.0530,0.0000,0.0000,0.6230,1.0000,1.9280,3.3730,2.6930,0.0000,0.0000,0.0000,66.9748,0.0000,3405.0000,1131.0000,0.0000,9.0000,13.0000,8.0000,6.0000
1.1330,0.3610,0.2380,0.2070,0.0850,0.0000,0.0000,0.5340,1.0000,1.9280,3.3730,2.6930,0.0000,0.0000,0.0000,66.9748,0.0000,3405.0000,1131.0000,0.0000,9.0000,13.0000,8.0000,6.0000
1.0480,0.3670,0.2140,0.1370,0.0540,0.0000,0.0000,0.4670,1.0000,1.9280,3.3730,2.6930,0.0000,0.0000,0.0000,66.9748,0.0000,3405.0000,1131.0000,0.0000,9.0000,13.0000,8.0000,6.0000
1.2200,0.2490,0.2380,0.1240,0.0920,0.0000,0.0000,0.7330,1.0000,1.9280,3.3730,2.6930,0.0000,0.0000,0.0000,66.9950,0.0000,3407.0000,1131.0000,0.0000,9.0000,13.0000,8.0000,6.0000
1.0280,0.3320,0.2340,0.1280,0.0680,0.0000,0.0000,0.4620,1.0000,1.9280,3.3730,2.6930,0.0000,0.0000,0.0000,66.9950,0.0000,3407.0000,1131.0000,0.0000,9.0000,13.0000,8.0000,6.0000
1.0100,0.2440,0.2580,0.1250,0.0980,0.0000,0.0000,0.5080,1.0000,1.9280,3.3730,2.6930,0.0000,0.0000,0.0000,66.9951,0.0000,3407.0000,1131.0000,0.0000,9.0000,13.0000,8.0000,6.0000
0.9340,0.2440,0.2080,0.1250,0.0510,0.0000,0.0000,0.4820,1.0000,1.9280,3.3730,2.6930,0.0000,0.0000,0.0000,66.9951,0.0000,3407.0000,1131.0000,0.0000,9.0000,13.0000,8.0000,6.0000
1.0160,0.2370,0.2140,0.1210,0.0530,0.0000,0.0000,0.5650,1.0000,1.9280,3.3730,2.6930,0.0000,0.0000,0.0000,66.9951,0.0000,3407.0000,1131.0000,0.0000,9.0000,13.0000,8.0000,7.0000
0.9280,0.3120,0.2190,0.1960,0.0590,0.0000,0.0000,0.3970,1.0000,1.9280,3.3730,2.6930,0.0000,0.0000,0.0000,66.9951,0.0000,3407.0000,1131.0000,0.0000,9.0000,13.0000,8.0000,7.0000
0.9660,0.2390,0.2110,0.1210,0.0830,0.0000,0.0000,0.5160,1.0000,1.9280,3.3730,2.6930,0.0000,0.0000,0.0000,66.9951,0.0000,3407.0000,1131.0000,0.0000,9.0000,13.0000,8.0000,7.0000
0.9240,0.2440,0.1850,0.1230,0.0520,0.0000,0.0000,0.4950,1.0000,1.9280,3.3730,2.6930,0.0000,0.0000,0.0000,66.9951,0.0000,3407.0000,1131.0000,0.0000,9.0000,13.0000,8.0000,7.0000
0.9620,0.2430,0.1970,0.1240,0.0530,0.0000,0.0000,0.5220,1.0000,1.9280,3.3730,2.6930,0.0000,0.0000,0.0000,66.9939,0.0000,3405.0000,1131.0000,0.0000,9.0000,13.0000,8.0000,7.0000
0.9250,0.2420,0.1940,0.1230,0.0520,0.0000,0.0000,0.4890,1.0000,1.9280,3.3730,2.6930,0.0000,0.0000,0.0000,66.9939,0.0000,3405.0000,1131.0000,0.0000,9.0000,13.0000,8.0000,7.0000
1.1320,0.2430,0.2310,0.1250,0.0920,0.0000,0.0000,0.6580,1.0000,1.9280,3.3730,2.6930,0.0000,0.0000,0.0000,67.0147,0.0000,3407.0000,1131.0000,0.0000,9.0000,14.0000,8.0000,7.0000
1.2440,0.3840,0.2730,0.1290,0.1360,0.0000,0.0000,0.5870,1.0000,1.9280,3.3730,2.6930,0.0000,0.0000,0.0000,67.0358,0.0000,3409.0000,1131.0000,0.0000,9.0000,14.0000,8.0000,7.0000
1.0110,0.3320,0.2110,0.1250,0.0540,0.0000,0.0000,0.4680,1.0000,1.9280,3.3730,2.6930,0.0000,0.0000,0.0000,67.0366,0.0000,3409.0000,1131.0000,0.0000,9.0000,15.0000,8.0000,7.0000
1.2610,0.2620,0.2530,0.1280,0.1130,0.0000,0.0000,0.7460,1.0000,1.9280,3.3730,2.6930,0.0000,0.0000,0.0000,67.0573,0.0000,3411.0000,1131.0000,0.0000,9.0000,15.0000,8.0000,7.0000
0.9770,0.3490,0.2050,0.1440,0.0680,0.0000,0.0000,0.4230,1.0000,1.9280,3.3730,2.6930,0.0000,0.0000,0.0000,67.0580,0.0000,3411.0000,1131.0000,0.0000,9.0000,16.0000,8.0000,7.0000
1.1220,0.2570,0.2220,0.1220,0.0740,0.0000,0.0000,0.6430,1.0000,1.9280,3.3730,2.6930,0.0000,0.0000,0.0000,67.0561,0.0000,3410.0000,1131.0000,0.0000,9.0000,15.0000,8.0000,7.0000
1.0900,0.3430,0.2070,0.1860,0.0570,0.0000,0.0000,0.5400,1.0000,1.9280,3.3730,2.6930,0.0000,0.0000,0.0000,67.0561,0.0000,3410.0000,1131.0000,0.0000,9.0000,15.0000,8.0000,7.0000
1.1410,0.3300,0.2140,0.2080,0.0550,0.0000,0.0000,0.5970,1.0000,1.9280,3.3730,2.6930,0.0000,0.0000,0.0000,67.0561,0.0000,3410.0000,1131.0000,0.0000,9.0000,15.0000,8.0000,7.0000
2.4690,0.3900,0.2150,0.1750,0.0610,0.0000,0.0000,1.8640,1.0000,1.9280,3.3730,2.6930,0.0000,0.0000,0.0000,67.0561,0.0000,3410.0000,1131.0000,0.0000,9.0000,15.0000,8.0000,7.0000
1.0940,0.2420,0.2300,0.1190,0.0600,0.0000,0.0000,0.6220,1.0000,1.9280,3.3730,2.6930,0.0000,0.0000,0.0000,66.7572,0.0000,3381.0000,1131.0000,0.0000,9.0000,15.0000,8.0000,7.0000
1.0160,0.2870,0.1980,0.1500,0.0520,0.0000,0.0000,0.5310,1.0000,1.9280,3.3730,2.6930,0.0000,0.0000,0.0000,66.7572,0.0000,3381.0000,1131.0000,0.0000,9.0000,15.0000,8.0000,7.0000
0.9920,0.2620,0.2180,0.1440,0.0550,0.0000,0.0000,0.5120,1.0000,1.9280,3.3730,2.6930,0.0000,0.0000,0.0000,66.7565,0.0000,3381.0000,1131.0000,0.0000,9.0000,14.0000,8.0000,7.0000
1.2800,0.2630,0.2090,0.1360,0.0510,0.0000,0.0000,0.8080,1.0000,1.9280,3.3730,2.6930,0.0000,0.0000,0.0000,66.7682,0.0000,3382.0000,1131.0000,0.0000,9.0000,14.0000,8.0000,7.0000
1.2460,0.2990,0.2580,0.1390,0.0880,0.0000,0.0000,0.6890,1.0000,1.9280,3.3730,2.6930,0.0000,0.0000,0.0000,66.7785,0.0000,3383.0000,1131.0000,0.0000,9.0000,14.0000,8.0000,7.0000
0.9870,0.4190,0.2110,0.1330,0.0550,0.0000,0.0000,0.3570,1.0000,1.9280,3.3730,2.6930,0.0000,0.0000,0.0000,66.7785,0.0000,3383.0000,1131.0000,0.0000,9.0000,14.0000,8.0000,7.0000
0.9380,0.2420,0.2050,0.1230,0.0540,0.0000,0.0000,0.4910,1.0000,1.9280,3.3730,2.6930,0.0000,0.0000,0.0000,66.7785,0.0000,3383.0000,1131.0000,0.0000,9.0000,14.0000,8.0000,7.0000
1.0950,0.2390,0.2360,0.1220,0.0610,0.0000,0.0000,0.6200,1.0000,1.9280,3.3730,2.6930,0.0000,0.0000,0.0000,66.7785,0.0000,3383.0000,1131.0000,0.0000,9.0000,14.0000,8.0000,7.0000
1.1860,0.2780,0.2250,0.1350,0.0680,0.0000,0.0000,0.6830,1.0000,1.9280,3.3730,2.6930,0.0000,0.0000,0.0000,66.7785,0.0000,3383.0000,1131.0000,0.0000,9.0000,14.0000,8.0000,7.0000
1.0270,0.3540,0.2480,0.1330,0.0570,0.0000,0.0000,0.4250,1.0000,1.9280,3.3730,2.6930,0.0000,0.0000,0.0000,66.7785,0.0000,3383.0000,1131.0000,0.0000,9.0000,14.0000,8.0000,7.0000
0.9860,0.2410,0.2230,0.1210,0.0520,0.0000,0.0000,0.5220,1.0000,1.9280,3.3730,2.6930,0.0000,0.0000,0.0000,66.7785,0.0000,3383.0000,1131.0000,0.0000,9.0000,14.0000,8.0000,7.0000
0.9290,0.2490,0.2150,0.1280,0.0520,0.0000,0.0000,0.4650,1.0000,1.9280,3.3730,2.6930,0.0000,0.0000,0.0000,66.7785,0.0000,3383.0000,1131.0000,0.0000,9.0000,14.0000,8.0000,7.0000
1.1100,0.2380,0.2520,0.1240,0.1240,0.0000,0.0000,0.6200,1.0000,1.9280,3.3730,2.6930,0.0000,0.0000,0.0000,66.7983,0.0000,3385.0000,1131.0000,0.0000,9.0000,14.0000,8.0000,7.0000
1.0120,0.3240,0.2140,0.1250,0.0520,0.0000,0.0000,0.4740,1.0000,1.9280,3.3730,2.6930,0.0000,0.0000,0.0000,66.7983,0.0000,3385.0000,1131.0000,0.0000,9.0000,14.0000,8.0000,7.0000
1.1230,0.2610,0.2750,0.1290,0.0870,0.0000,0.0000,0.5870,1.0000,1.9280,3.3730,2.6930,0.0000,0.0000,0.0000,66.8087,0.0000,3386.0000,1131.0000,0.0000,9.0000,14.0000,8.0000,7.0000
1.1230,0.3060,0.2250,0.1420,0.0870,0.0000,0.0000,0.5920,1.0000,1.9280,3.3730,2.6930,0.0000,0.0000,0.0000,66.8292,0.0000,3388.0000,1131.0000,0.0000,9.0000,14.0000,8.0000,7.0000
0.9360,0.3550,0.1910,0.1640,0.0520,0.0000,0.0000,0.3900,1.0000,1.9280,3.3730,2.6930,0.0000,0.0000,0.0000,66.8293,0.0000,3388.0000,1131.0000,0.0000,9.0000,14.0000,8.0000,7.0000
1.0820,0.2490,0.2160,0.1390,0.0870,0.0000,0.0000,0.6170,1.0000,1.9280,3.3730,2.6930,0.0000,0.0000,0.0000,66.8497,0.0000,3390.0000,1131.0000,0.0000,9.0000,14.0000,8.0000,7.0000
0.9570,0.3510,0.1850,0.1290,0.0510,0.0000,0.0000,0.4210,1.0000,1.9280,3.3730,2.6930,0.0000,0.0000,0.0000,66.8497,0.0000,3390.0000,1131.0000,0.0000,9.0000,14.0000,8.0000,7.0000
0.9490,0.2460,0.1760,0.1360,0.0500,0.0000,0.0000,0.5270,1.0000,1.9280,3.3730,2.6930,0.0000,0.0000,0.0000,66.8498,0.0000,3390.0000,1131.0000,0.0000,9.0000,14.0000,8.0000,7.0000
0.9340,0.2410,0.2100,0.1320,0.0500,0.0000,0.0000,0.4830,1.0000,1.9280,3.3730,2.6930,0.0000,0.0000,0.0000,66.8498,0.0000,3390.0000,1131.0000,0.0000,9.0000,14.0000,8.0000,7.0000
0.8770,0.2460,0.1770,0.1340,0.0500,0.0000,0.0000,0.4540,1.0000,1.9280,3.3730,2.6930,0.0000,0.0000,0.0000,66.8498,0.0000,3390.0000,1131.0000,0.0000,9.0000,14.0000,8.0000,7.0000
0.9210,0.2330,0.1990,0.1210,0.0500,0.0000,0.0000,0.4890,1.0000,1.9280,3.3730,2.6930,0.0000,0.0000,0.0000,66.8498,0.0000,3390.0000,1131.0000,0.0000,9.0000,14.0000,8.0000,7.0000
0.8870,0.2300,0.2000,0.1230,0.0780,0.0000,0.0000,0.4570,1.0000,1.9280,3.3730,2.6930,0.0000,0.0000,0.0000,66.8498,0.0000,3390.0000,1131.0000,0.0000,9.0000,14.0000,8.0000,7.0000
1.0430,0.2300,0.1700,0.1180,0.0480,0.0000,0.0000,0.6430,1.0000,1.9280,3.3730,2.6930,0.0000,0.0000,0.0000,66.8498,0.0000,3390.0000,1131.0000,0.0000,9.0000,14.0000,8.0000,7.0000
1.0200,0.2820,0.2240,0.1240,0.0860,0.0000,0.0000,0.5140,1.0000,1.9280,3.3730,2.6930,0.0000,0.0000,0.0000,66.8498,0.0000,3390.0000,1131.0000,0.0000,9.0000,14.0000,8.0000,7.0000
0.9950,0.2660,0.2110,0.1420,0.0800,0.0000,0.0000,0.5180,1.0000,1.9280,3.3730,2.6930,0.0000,0.0000,0.0000,66.8498,0.0000,3390.0000,1131.0000,0.0000,9.0000,14.0000,8.0000,7.0000
1.0270,0.2420,0.2350,0.1270,0.1120,0.0000,0.0000,0.5500,1.0000,1.9280,3.3730,2.6930,0.0000,0.0000,0.0000,66.8601,0.0000,3391.0000,1131.0000,0.0000,9.0000,14.0000,8.0000,7.0000
1.3810,0.2810,0.2110,0.1230,0.0820,0.0000,0.0000,0.8890,1.0000,1.9280,3.3730,2.6930,0.0000,0.0000,0.0000,66.8594,0.0000,3391.0000,1131.0000,0.0000,9.0000,13.0000,8.0000,7.0000
1.3900,0.2400,0.3010,0.1230,0.0720,0.0000,0.0000,0.8490,1.0000,1.9280,3.3730,2.6930,0.0000,0.0000,0.0000,66.8595,0.0000,3391.0000,1131.0000,0.0000,9.0000,13.0000,8.0000,7.0000
1.1400,0.3780,0.2530,0.1620,0.0870,0.0000,0.0000,0.5090,1.0000,1.9280,3.3730,2.6930,0.0000,0.0000,0.0000,66.8697,0.0000,3392.0000,1131.0000,0.0000,9.0000,13.0000,8.0000,7.0000
1.1160,0.2920,0.2020,0.1240,0.0520,0.0000,0.0000,0.6220,1.0000,1.9280,3.3730,2.6930,0.0000,0.0000,0.0000,66.8697,0.0000,3392.0000,1131.0000,0.0000,9.0000,13.0000,8.0000,7.0000
0.9690,0.2950,0.2260,0.1370,0.0540,0.0000,0.0000,0.4480,1.0000,1.9280,3.3730,2.6930,0.0000,0.0000,0.0000,66.8698,0.0000,3392.0000,1131.0000,0.0000,9.0000,13.0000,8.0000,7.0000
1.1170,0.2480,0.2260,0.1280,0.0830,0.0000,0.0000,0.6430,1.0000,1.9280,3.3730,2.6930,0.0000,0.0000,0.0000,66.8698,0.0000,3392.0000,1131.0000,0.0000,9.0000,13.0000,8.0000,7.0000
1.0290,0.2520,0.2190,0.1270,0.0520,0.0000,0.0000,0.5580,1.0000,1.9280,3.3730,2.6930,0.0000,0.0000,0.0000,66.8698,0.0000,3392.0000,1131.0000,0.0000,9.0000,13.0000,8.0000,6.0000
1.1920,0.2640,0.2800,0.1270,0.0610,0.0000,0.0000,0.6480,1.0000,1.9280,3.3730,2.6930,0.0000,0.0000,0.0000,66.8698,0.0000,3392.0000,1131.0000,0.0000,9.0000,13.0000,8.0000,6.0000
1.0380,0.2810,0.2100,0.1480,0.0690,0.0000,0.0000,0.5470,1.0000,1.9280,3.3730,2.6930,0.0000,0.0000,0.0000,66.8698,0.0000,3392.0000,1131.0000,0.0000,9.0000,13.0000,8.0000,6.0000
1.1310,0.2720,0.2330,0.1420,0.0930,0.0000,0.0000,0.6260,1.0000,1.9280,3.3730,2.6930,0.0000,0.0000,0.0000,66.8794,0.0000,3393.0000,1131.0000,0.0000,9.0000,12.0000,8.0000,6.0000
1.4090,0.3030,0.3240,0.1270,0.1200,0.0000,0.0000,0.7820,1.0000,1.9280,3.3730,2.6930,0.0000,0.0000,0.0000,66.8999,0.0000,3395.0000,1131.0000,0.0000,9.0000,12.0000,8.0000,6.0000
1.0790,0.4640,0.2220,0.1390,0.0570,0.0000,0.0000,0.3930,1.0000,1.9280,3.3730,2.6930,0.0000,0.0000,0.0000,66.8999,0.0000,3395.0000,1131.0000,0.0000,9.0000,12.0000,8.0000,6.0000
1.1730,0.2680,0.2800,0.1250,0.0930,0.0000,0.0000,0.6250,1.0000,1.9280,3.3730,2.6930,0.0000,0.0000,0.0000,66.9103,0.0000,3396.0000,1131.0000,0.0000,9.0000,12.0000,8.0000,6.0000
1.2800,0.3090,0.2140,0.1390,0.0650,0.0000,0.0000,0.7570,1.0000,1.9280,3.3730,2.6930,0.0000,0.0000,0.0000,66.9105,0.0000,3396.0000,1131.0000,0.0000,9.0000,12.0000,8.0000,8.0000
1.2980,0.3590,0.2820,0.2200,0.1070,0.0000,0.0000,0.6570,1.0000,1.9280,3.3730,2.6930,0.0000,0.0000,0.0000,66.9309,0.0000,3398.0000,1131.0000,0.0000,9.0000,12.0000,8.0000,8.0000
1.0990,0.3910,0.2340,0.1300,0.0660,0.0000,0.0000,0.4740,1.0000,1.9280,3.3730,2.6930,0.0000,0.0000,0.0000,66.9311,0.0000,3398.0000,1131.0000,0.0000,9.0000,12.0000,8.0000,8.0000
1.1070,0.2660,0.2170,0.1280,0.0660,0.0000,0.0000,0.6240,1.0000,1.9280,3.3730,2.6930,0.0000,0.0000,0.0000,66.9312,0.0000,3398.0000,1131.0000,0.0000,9.0000,12.0000,8.0000,8.0000
1.1200,0.2630,0.2560,0.1370,0.1030,0.0000,0.0000,0.6010,1.0000,1.9280,3.3730,2.6930,0.0000,0.0000,0.0000,66.9312,0.0000,3398.0000,1131.0000,0.0000,9.0000,12.0000,8.0000,8.0000
0.9950,0.2590,0.2350,0.1280,0.0550,0.0000,0.0000,0.5010,1.0000,1.9280,3.3730,2.6930,0.0000,0.0000,0.0000,66.9312,0.0000,3398.0000,1131.0000,0.0000,9.0000,12.0000,8.0000,8.0000
1.4040,0.2470,0.2370,0.1260,0.0560,0.0000,0.0000,0.9200,1.0000,1.9280,3.3730,2.6930,0.0000,0.0000,0.0000,66.9312,0.0000,3398.0000,1131.0000,0.0000,9.0000,12.0000,8.0000,8.0000
1.1400,0.2420,0.2440,0.1230,0.0870,0.0000,0.0000,0.6540,1.0000,1.9280,3.3730,2.6930,0.0000,0.0000,0.0000,66.9415,0.0000,3399.0000,1131.0000,0.0000,9.0000,12.0000,8.0000,8.0000
1.0640,0.3500,0.2090,0.1820,0.0570,0.0000,0.0000,0.5050,1.0000,1.9280,3.3730,2.6930,0.0000,0.0000,0.0000,66.9415,0.0000,3399.0000,1131.0000,0.0000,9.0000,12.0000,8.0000,7.0000
1.1790,0.3090,0.2680,0.1390,0.1100,0.0000,0.0000,0.6020,1.0000,1.9280,3.3730,2.6930,0.0000,0.0000,0.0000,66.9518,0.0000,3400.0000,1131.0000,0.0000,9.0000,12.0000,8.0000,7.0000
1.0210,0.3280,0.2250,0.1360,0.0610,0.0000,0.0000,0.4680,1.0000,1.9280,3.3730,2.6930,0.0000,0.0000,0.0000,66.9518,0.0000,3400.0000,1131.0000,0.0000,9.0000,12.0000,8.0000,7.0000
1.0450,0.2590,0.2320,0.1300,0.0570,0.0000,0.0000,0.5540,1.0000,1.9280,3.3730,2.6930,0.0000,0.0000,0.0000,66.9526,0.0000,3400.0000,1131.0000,0.0000,9.0000,13.0000,8.0000,7.0000
0.9250,0.2570,0.1920,0.1250,0.0560,0.0000,0.0000,0.4760,1.0000,1.9280,3.3730,2.6930,0.0000,0.0000,0.0000,66.9526,0.0000,3400.0000,1131.0000,0.0000,9.0000,13.0000,8.0000,7.0000
1.0560,0.2430,0.2350,0.1220,0.0940,0.0000,0.0000,0.5780,1.0000,1.9280,3.3730,2.6930,0.0000,0.0000,0.0000,66.9728,0.0000,3402.0000,1131.0000,0.0000,9.0000,13.0000,8.0000,7.0000
0.9270,0.3260,0.2010,0.1240,0.0550,0.0000,0.0000,0.4000,1.0000,1.9280,3.3730,2.6930,0.0000,0.0000,0.0000,66.9728,0.0000,3402.0000,1131.0000,0.0000,9.0000,13.0000,8.0000,7.0000
1.4040,0.2420,0.1980,0.1220,0.0550,0.0000,0.0000,0.9640,1.0000,1.9280,3.3730,2.6930,0.0000,0.0000,0.0000,66.9729,0.0000,3402.0000,1131.0000,0.0000,9.0000,13.0000,8.0000,7.0000
1.0140,0.3690,0.2210,0.1640,0.0600,0.0000,0.0000,0.4240,1.0000,1.9280,3.3730,2.6930,0.0000,0.0000,0.0000,66.9729,0.0000,3402.0000,1131.0000,0.0000,9.0000,13.0000,8.0000,7.0000
0.9070,0.2760,0.1890,0.1470,0.0530,0.0000,0.0000,0.4420,1.0000,1.9280,3.3730,2.6930,0.0000,0.0000,0.0000,66.9729,0.0000,3402.0000,1131.0000,0.0000,9.0000,13.0000,8.0000,7.0000
1.0110,0.2370,0.2160,0.1210,0.0540,0.0000,0.0000,0.5580,1.0000,1.9280,3.3730,2.6930,0.0000,0.0000,0.0000,66.9729,0.0000,3402.0000,1131.0000,0.0000,9.0000,13.0000,8.0000,7.0000
1.2100,0.3250,0.3000,0.1980,0.1010,0.0000,0.0000,0.5850,1.0000,1.9280,3.3730,2.6930,0.0000,0.0000,0.0000,66.9931,0.0000,3404.0000,1131.0000,0.0000,9.0000,13.0000,8.0000,7.0000
1.2000,0.3510,0.2450,0.1290,0.1060,0.0000,0.0000,0.6040,1.0000,1.9280,3.3730,2.6930,0.0000,0.0000,0.0000,67.0332,0.0000,3408.0000,1131.0000,0.0000,9.0000,13.0000,8.0000,7.0000
0.9500,0.4780,0.1900,0.1780,0.0530,0.0000,0.0000,0.2820,1.0000,1.9280,3.3730,2.6930,0.0000,0.0000,0.0000,67.0334,0.0000,3408.0000,1131.0000,0.0000,9.0000,13.0000,8.0000,7.0000
1.0410,0.2980,0.2130,0.1790,0.0810,0.0000,0.0000,0.5300,1.0000,1.9280,3.3730,2.6930,0.0000,0.0000,0.0000,67.0438,0.0000,3409.0000,1131.0000,0.0000,9.0000,13.0000,8.0000,7.0000
0.9440,0.3330,0.1910,0.1760,0.0540,0.0000,0.0000,0.4200,1.0000,1.9280,3.3730,2.6930,0.0000,0.0000,0.0000,67.0438,0.0000,3409.0000,1131.0000,0.0000,9.0000,13.0000,8.0000,7.0000
1.0580,0.2950,0.2280,0.1760,0.0980,0.0000,0.0000,0.5350,1.0000,1.9280,3.3730,2.6930,0.0000,0.0000,0.0000,67.0546,0.0000,3410.0000,1131.0000,0.0000,9.0000,13.0000,8.0000,7.0000
0.9350,0.3440,0.1870,0.1780,0.0500,0.0000,0.0000,0.4040,1.0000,1.9280,3.3730,2.6930,0.0000,0.0000,0.0000,67.0546,0.0000,3410.0000,1131.0000,0.0000,9.0000,13.0000,8.0000,6.0000
0.9540,0.2880,0.1850,0.1710,0.0540,0.0000,0.0000,0.4810,1.0000,1.9280,3.3730,2.6930,0.0000,0.0000,0.0000,67.0547,0.0000,3410.0000,1131.0000,0.0000,9.0000,13.0000,8.0000,6.0000
0.9170,0.2660,0.1850,0.1290,0.0520,0.0000,0.0000,0.4660,1.0000,1.9280,3.3730,2.6930,0.0000,0.0000,0.0000,67.0540,0.0000,3410.0000,1131.0000,0.0000,9.0000,12.0000,8.0000,6.0000
0.9000,0.2500,0.1830,0.1220,0.0520,0.0000,0.0000,0.4670,1.0000,1.9280,3.3730,2.6930,0.0000,0.0000,0.0000,67.0540,0.0000,3410.0000,1131.0000,0.0000,9.0000,12.0000,8.0000,6.0000
0.8910,0.2450,0.1800,0.1320,0.0520,0.0000,0.0000,0.4660,1.0000,1.9280,3.3730,2.6930,0.0000,0.0000,0.0000,67.0540,0.0000,3410.0000,1131.0000,0.0000,9.0000,12.0000,8.0000,6.0000
0.9720,0.2290,0.1850,0.1180,0.0530,0.0000,0.0000,0.5580,1.0000,1.9280,3.3730,2.6930,0.0000,0.0000,0.0000,67.0540,0.0000,3410.0000,1131.0000,0.0000,9.0000,12.0000,8.0000,6.0000
0.9790,0.2370,0.2590,0.1220,0.0950,0.0000,0.0000,0.4830,1.0000,1.9280,3.3730,2.6930,0.0000,0.0000,0.0000,67.0540,0.0000,3410.0000,1131.0000,0.0000,9.0000,12.0000,8.0000,6.0000
1.1050,0.2430,0.2620,0.1230,0.1060,0.0000,0.0000,0.6000,1.0000,1.9280,3.3730,2.6930,0.0000,0.0000,0.0000,67.0742,0.0000,3412.0000,1131.0000,0.0000,9.0000,12.0000,8.0000,6.0000
0.9060,0.3300,0.1920,0.1240,0.0530,0.0000,0.0000,0.3840,1.0000,1.9280,3.3730,2.6930,0.0000,0.0000,0.0000,67.0742,0.0000,3412.0000,1131.0000,0.0000,9.0000,12.0000,8.0000,6.0000
0.9170,0.2350,0.2050,0.1200,0.0520,0.0000,0.0000,0.4770,1.0000,1.9280,3.3730,2.6930,0.0000,0.0000,0.0000,67.0743,0.0000,3412.0000,1131.0000,0.0000,9.0000,12.0000,8.0000,6.0000
0.9630,0.2350,0.2060,0.1210,0.0530,0.0000,0.0000,0.5220,1.0000,1.9280,3.3730,2.6930,0.0000,0.0000,0.0000,67.0743,0.0000,3412.0000,1131.0000,0.0000,9.0000,12.0000,8.0000,6.0000
0.9210,0.2420,0.2110,0.1230,0.0840,0.0000,0.0000,0.4680,1.0000,1.9280,3.3730,2.6930,0.0000,0.0000,0.0000,67.0743,0.0000,3412.0000,1131.0000,0.0000,9.0000,12.0000,8.0000,6.0000
0.9000,0.2410,0.1820,0.1220,0.0520,0.0000,0.0000,0.4770,1.0000,1.9280,3.3730,2.6930,0.0000,0.0000,0.0000,67.0743,0.0000,3412.0000,1131.0000,0.0000,9.0000,12.0000,8.0000,6.0000
0.8970,0.2370,0.1890,0.1210,0.0510,0.0000,0.0000,0.4710,1.0000,1.9280,3.3730,2.6930,0.0000,0.0000,0.0000,67.0743,0.0000,3412.0000,1131.0000,0.0000,9.0000,12.0000,8.0000,6.0000
0.9850,0.2400,0.1730,0.1230,0.0500,0.0000,0.0000,0.5720,1.0000,1.9280,3.3730,2.6930,0.0000,0.0000,0.0000,67.0743,0.0000,3412.0000,1131.0000,0.0000,9.0000,12.0000,8.0000,6.0000
0.9010,0.3290,0.1790,0.1760,0.0520,0.0000,0.0000,0.3930,1.0000,1.9280,3.3730,2.6930,0.0000,0.0000,0.0000,67.0743,0.0000,3412.0000,1131.0000,0.0000,9.0000,12.0000,8.0000,6.0000
0.9330,0.2790,0.1740,0.1270,0.0500,0.0000,0.0000,0.4800,1.0000,1.9280,3.3730,2.6930,0.0000,0.0000,0.0000,67.0743,0.0000,3412.0000,1131.0000,0.0000,9.0000,12.0000,8.0000,6.0000
1.0140,0.2850,0.2180,0.1690,0.0910,0.0000,0.0000,0.5110,1.0000,1.9280,3.3730,2.6930,0.0000,0.0000,0.0000,67.0846,0.0000,3413.0000,1131.0000,0.0000,9.0000,12.0000,8.0000,6.0000
1.1260,0.3360,0.2300,0.1720,0.0980,0.0000,0.0000,0.5600,1.0000,1.9280,3.3730,2.6930,0.0000,0.0000,0.0000,67.1051,0.0000,3415.0000,1131.0000,0.0000,9.0000,12.0000,8.0000,6.0000
0.9240,0.4220,0.1910,0.1750,0.0540,0.0000,0.0000,0.3110,1.0000,1.9280,3.3730,2.6930,0.0000,0.0000,0.0000,67.1051,0.0000,3415.0000,1131.0000,0.0000,9.0000,12.0000,8.0000,6.0000
1.0260,0.2840,0.2230,0.1220,0.0910,0.0000,0.0000,0.5190,1.0000,1.9280,3.3730,2.6930,0.0000,0.0000,0.0000,67.1155,0.0000,3416.0000,1131.0000,0.0000,9.0000,12.0000,8.0000,6.0000
0.9160,0.3340,0.1820,0.1270,0.0510,0.0000,0.0000,0.4000,1.0000,1.9280,3.3730,2.6930,0.0000,0.0000,0.0000,67.1155,0.0000,3416.0000,1131.0000,0.0000,9.0000,12.0000,8.0000,6.0000
1.9960,0.2840,0.2200,0.1690,0.0820,0.0000,0.0000,1.4920,1.0000,1.9280,3.3730,2.6930,0.0000,0.0000,0.0000,67.1254,0.0000,3417.0000,1131.0000,0.0000,9.0000,12.0000,8.0000,6.0000
1.1280,0.3860,0.2450,0.2100,0.0580,0.0000,0.0000,0.4970,1.0000,1.9280,3.3730,2.6930,0.0000,0.0000,0.0000,66.7855,0.0000,3383.0000,1131.0000,0.0000,9.0000,12.0000,8.0000,6.0000
1.0610,0.3200,0.1950,0.1290,0.0530,0.0000,0.0000,0.5460,1.0000,1.9280,3.3730,2.6930,0.0000,0.0000,0.0000,66.7855,0.0000,3383.0000,1131.0000,0.0000,9.0000,12.0000,8.0000,6.0000
1.1420,0.2870,0.2370,0.1220,0.0630,0.0000,0.0000,0.6180,1.0000,1.9280,3.3730,2.6930,0.0000,0.0000,0.0000,66.7855,0.0000,3383.0000,1131.0000,0.0000,9.0000,12.0000,8.0000,6.0000
1.1810,0.2980,0.2230,0.1270,0.0540,0.0000,0.0000,0.6600,1.0000,1.9280,3.3730,2.6930,0.0000,0.0000,0.0000,66.7855,0.0000,3383.0000,1131.0000,0.0000,9.0000,12.0000,8.0000,6.0000
1.0620,0.2530,0.2410,0.1220,0.0570,0.0000,0.0000,0.5680,1.0000,1.9280,3.3730,2.6930,0.0000,0.0000,0.0000,66.7855,0.0000,3383.0000,1131.0000,0.0000,9.0000,12.0000,8.0000,6.0000
1.4600,0.2670,0.4050,0.1270,0.0620,0.0000,0.0000,0.7880,1.0000,1.9280,3.3730,2.6930,0.0000,0.0000,0.0000,66.7855,0.0000,3383.0000,1131.0000,0.0000,9.0000,12.0000,8.0000,6.0000
1.2950,0.4060,0.2510,0.1930,0.0710,0.0000,0.0000,0.6380,1.0000,1.9280,3.3730,2.6930,0.0000,0.0000,0.0000,66.7855,0.0000,3383.0000,1131.0000,0.0000,9.0000,12.0000,8.0000,6.0000
1.4870,0.2860,0.3750,0.1300,0.1380,0.0000,0.0000,0.8260,1.0000,1.9280,3.3730,2.6930,0.0000,0.0000,0.0000,66.7958,0.0000,3384.0000,1131.0000,0.0000,9.0000,12.0000,8.0000,6.0000
1.4410,0.4270,0.3550,0.1880,0.1490,0.0000,0.0000,0.6590,1.0000,1.9280,3.3730,2.6930,0.0000,0.0000,0.0000,66.7958,0.0000,3384.0000,1131.0000,0.0000,9.0000,12.0000,8.0000,6.0000
1.3260,0.3490,0.2420,0.2070,0.0590,0.0000,0.0000,0.7350,1.0000,1.9280,3.3730,2.6930,0.0000,0.0000,0.0000,66.7958,0.0000,3384.0000,1131.0000,0.0000,9.0000,12.0000,8.0000,6.0000
1.3630,0.4670,0.3360,0.1390,0.0630,0.0000,0.0000,0.5600,1.0000,1.9280,3.3730,2.6930,0.0000,0.0000,0.0000,66.7958,0.0000,3384.0000,1131.0000,0.0000,9.0000,12.0000,8.0000,6.0000
1.1590,0.3050,0.2320,0.1460,0.0600,0.0000,0.0000,0.6220,1.0000,1.9280,3.3730,2.6930,0.0000,0.0000,0.0000,66.7958,0.0000,3384.0000,1131.0000,0.0000,9.0000,12.0000,8.0000,6.0000
1.2950,0.3450,0.2180,0.2110,0.0570,0.0000,0.0000,0.7320,1.0000,1.9280,3.3730,2.6930,0.0000,0.0000,0.0000,66.7958,0.0000,3384.0000,1131.0000,0.0000,9.0000,12.0000,8.0000,6.0000
1.2250,0.5330,0.2640,0.1420,0.1050,0.0000,0.0000,0.4280,1.0000,1.9280,3.3730,2.6930,0.0000,0.0000,0.0000,66.7958,0.0000,3384.0000,1131.0000,0.0000,9.0000,12.0000,8.0000,6.0000
1.2900,0.2800,0.2850,0.1350,0.0610,0.0000,0.0000,0.7250,1.0000,1.9280,3.3730,2.6930,0.0000,0.0000,0.0000,66.7958,0.0000,3384.0000,1131.0000,0.0000,9.0000,12.0000,8.0000,5.0000
1.1490,0.2850,0.2220,0.1380,0.0600,0.0000,0.0000,0.6420,1.0000,1.9280,3.3730,2.6930,0.0000,0.0000,0.0000,66.7958,0.0000,3384.0000,1131.0000,0.0000,9.0000,12.0000,8.0000,5.0000
1.5350,0.3900,0.3180,0.2490,0.1020,0.0000,0.0000,0.8270,1.0000,1.9280,3.3730,2.6930,0.0000,0.0000,0.0000,66.7958,0.0000,3384.0000,1131.0000,0.0000,9.0000,12.0000,8.0000,5.0000
1.9150,0.2790,0.6190,0.1290,0.4280,0.0000,0.0000,1.0170,1.0000,1.9280,3.3730,2.6930,0.0000,0.0000,0.0000,66.8099,0.0000,3386.0000,1131.0000,0.0000,9.0000,12.0000,8.0000,5.0000
1.5400,0.5950,0.4030,0.3190,0.1870,0.0000,0.0000,0.5420,1.0000,1.9280,3.3730,2.6930,0.0000,0.0000,0.0000,66.8201,0.0000,3387.0000,1131.0000,0.0000,9.0000,12.0000,8.0000,5.0000
1.3290,0.5130,0.2350,0.3310,0.0650,0.0000,0.0000,0.5810,1.0000,1.9280,3.3730,2.6930,0.0000,0.0000,0.0000,66.8202,0.0000,3387.0000,1131.0000,0.0000,9.0000,12.0000,8.0000,5.0000
1.4430,0.2900,0.3270,0.1360,0.1510,0.0000,0.0000,0.8260,1.0000,1.9280,3.3730,2.6930,0.0000,0.0000,0.0000,66.8404,0.0000,3389.0000,1131.0000,0.0000,9.0000,12.0000,8.0000,5.0000
1.2510,0.3660,0.2190,0.1440,0.0600,0.0000,0.0000,0.6660,1.0000,1.9280,3.3730,2.6930,0.0000,0.0000,0.0000,66.8404,0.0000,3389.0000,1131.0000,0.0000,9.0000,12.0000,8.0000,5.0000
1.5150,0.2680,0.2750,0.1260,0.1000,0.0000,0.0000,0.9720,1.0000,1.9280,3.3730,2.6930,0.0000,0.0000,0.0000,66.8508,0.0000,3390.0000,1131.0000,0.0000,9.0000,12.0000,8.0000,5.0000
1.7100,0.4540,0.2960,0.1330,0.0650,0.0000,0.0000,0.9600,1.0000,1.9280,3.3730,2.6930,0.0000,0.0000,0.0000,66.8508,0.0000,3390.0000,1131.0000,0.0000,9.0000,12.0000,8.0000,5.0000
1.4790,0.5830,0.3370,0.4260,0.1030,0.0000,0.0000,0.5590,1.0000,1.9280,3.3730,2.6930,0.0000,0.0000,0.0000,66.8509,0.0000,3390.0000,1131.0000,0.0000,9.0000,12.0000,8.0000,5.0000
1.5410,0.3820,0.4110,0.1500,0.0700,0.0000,0.0000,0.7480,1.0000,1.9280,3.3730,2.6930,0.0000,0.0000,0.0000,66.8509,0.0000,3390.0000,1131.0000,0.0000,9.0000,12.0000,8.0000,5.0000
1.1400,0.3880,0.3290,0.2440,0.1010,0.0000,0.0000,0.4230,1.0000,1.9280,3.3730,2.6930,0.0000,0.0000,0.0000,66.8509,0.0000,3390.0000,1131.0000,0.0000,9.0000,12.0000,8.0000,5.0000
0.9900,0.2730,0.2370,0.1320,0.0610,0.0000,0.0000,0.4800,1.0000,1.9280,3.3730,2.6930,0.0000,0.0000,0.0000,66.8509,0.0000,3390.0000,1131.0000,0.0000,9.0000,12.0000,8.0000,5.0000
0.9730,0.2520,0.2240,0.1230,0.0860,0.0000,0.0000,0.4970,1.0000,1.9280,3.3730,2.6930,0.0000,0.0000,0.0000,66.8509,0.0000,3390.0000,1131.0000,0.0000,9.0000,12.0000,8.0000,5.0000
0.9920,0.2480,0.2170,0.1240,0.0810,0.0000,0.0000,0.5270,1.0000,1.9280,3.3730,2.6930,0.0000,0.0000,0.0000,66.8509,0.0000,3390.0000,1131.0000,0.0000,9.0000,12.0000,8.0000,5.0000
1.3020,0.2530,0.2520,0.1250,0.1160,0.0000,0.0000,0.7970,1.0000,1.9280,3.3730,2.6930,0.0000,0.0000,0.0000,66.8611,0.0000,3391.0000,1131.0000,0.0000,9.0000,12.0000,8.0000,5.0000
1.0210,0.2900,0.2030,0.1240,0.0550,0.0000,0.0000,0.5280,1.0000,1.9280,3.3730,2.6930,0.0000,0.0000,0.0000,66.8611,0.0000,3391.0000,1131.0000,0.0000,9.0000,12.0000,8.0000,5.0000
0.9570,0.2450,0.1870,0.1230,0.0520,0.0000,0.0000,0.5250,1.0000,1.9280,3.3730,2.6930,0.0000,0.0000,0.0000,66.8612,0.0000,3391.0000,1131.0000,0.0000,9.0000,12.0000,8.0000,5.0000
0.9880,0.2710,0.2310,0.1530,0.0550,0.0000,0.0000,0.4860,1.0000,1.9280,3.3730,2.6930,0.0000,0.0000,0.0000,66.8612,0.0000,3391.0000,1131.0000,0.0000,9.0000,12.0000,8.0000,5.0000
0.8890,0.2570,0.1870,0.1380,0.0530,0.0000,0.0000,0.4450,1.0000,1.9280,3.3730,2.6930,0.0000,0.0000,0.0000,66.8612,0.0000,3391.0000,1131.0000,0.0000,9.0000,12.0000,8.0000,5.0000
0.9080,0.2370,0.2120,0.1210,0.0530,0.0000,0.0000,0.4590,1.0000,1.9280,3.3730,2.6930,0.0000,0.0000,0.0000,66.8612,0.0000,3391.0000,1131.0000,0.0000,9.0000,12.0000,8.0000,5.0000
0.8900,0.2350,0.2090,0.1200,0.0820,0.0000,0.0000,0.4460,1.0000,1.9280,3.3730,2.6930,0.0000,0.0000,0.0000,66.8612,0.0000,3391.0000,1131.0000,0.0000,9.0000,12.0000,8.0000,5.0000
0.9610,0.2380,0.1790,0.1200,0.0510,0.0000,0.0000,0.5440,1.0000,1.9280,3.3730,2.6930,0.0000,0.0000,0.0000,66.8612,0.0000,3391.0000,1131.0000,0.0000,9.0000,12.0000,8.0000,5.0000
0.9150,0.2490,0.1960,0.1230,0.0530,0.0000,0.0000,0.4700,1.0000,1.9280,3.3730,2.6930,0.0000,0.0000,0.0000,66.8612,0.0000,3391.0000,1131.0000,0.0000,9.0000,12.0000,8.0000,5.0000
0.9090,0.2380,0.1940,0.1200,0.0520,0.0000,0.0000,0.4770,1.0000,1.9280,3.3730,2.6930,0.0000,0.0000,0.0000,66.8612,0.0000,3391.0000,1131.0000,0.0000,9.0000,12.0000,8.0000,5.0000
1.0110,0.2430,0.2250,0.1200,0.0960,0.0000,0.0000,0.5430,1.0000,1.9280,3.3730,2.6930,0.0000,0.0000,0.0000,66.8715,0.0000,3392.0000,1131.0000,0.0000,9.0000,12.0000,8.0000,5.0000
1.0670,0.3240,0.2220,0.1240,0.0920,0.0000,0.0000,0.5210,1.0000,1.9280,3.3730,2.6930,0.0000,0.0000,0.0000,66.8817,0.0000,3393.0000,1131.0000,0.0000,9.0000,12.0000,8.0000,5.0000
0.9280,0.3640,0.2000,0.1260,0.0530,0.0000,0.0000,0.3640,1.0000,1.9280,3.3730,2.6930,0.0000,0.0000,0.0000,66.8818,0.0000,3393.0000,1131.0000,0.0000,9.0000,12.0000,8.0000,5.0000
1.0820,0.2470,0.2340,0.1230,0.1040,0.0000,0.0000,0.6010,1.0000,1.9280,3.3730,2.6930,0.0000,0.0000,0.0000,66.8921,0.0000,3394.0000,1131.0000,0.0000,9.0000,12.0000,8.0000,5.0000
0.9540,0.3270,0.2030,0.1210,0.0540,0.0000,0.0000,0.4240,1.0000,1.9280,3.3730,2.6930,0.0000,0.0000,0.0000,66.8921,0.0000,3394.0000,1131.0000,0.0000,9.0000,12.0000,8.0000,5.0000
1.2060,0.2440,0.2330,0.1210,0.1040,0.0000,0.0000,0.7290,1.0000,1.9280,3.3730,2.6930,0.0000,0.0000,0.0000,66.9124,0.0000,3396.0000,1131.0000,0.0000,9.0000,12.0000,8.0000,5.0000
1.0580,0.3810,0.2650,0.1360,0.1060,0.0000,0.0000,0.4120,1.0000,1.9280,3.3730,2.6930,0.0000,0.0000,0.0000,66.9124,0.0000,3396.0000,1131.0000,0.0000,9.0000,12.0000,8.0000,4.0000
0.9840,0.2600,0.2300,0.1280,0.0900,0.0000,0.0000,0.4940,1.0000,1.9280,3.3730,2.6930,0.0000,0.0000,0.0000,66.9125,0.0000,3396.0000,1131.0000,0.0000,9.0000,12.0000,8.0000,4.0000
0.9330,0.2620,0.2200,0.1350,0.0870,0.0000,0.0000,0.4510,1.0000,1.9280,3.3730,2.6930,0.0000,0.0000,0.0000,66.9125,0.0000,3396.0000,1131.0000,0.0000,9.0000,12.0000,8.0000,4.0000
0.9780,0.2370,0.1840,0.1180,0.0510,0.0000,0.0000,0.5570,1.0000,1.9280,3.3730,2.6930,0.0000,0.0000,0.0000,66.9125,0.0000,3396.0000,1131.0000,0.0000,9.0000,12.0000,8.0000,4.0000
1.1410,0.2550,0.1980,0.1250,0.0550,0.0000,0.0000,0.6880,1.0000,1.9280,3.3730,2.6930,0.0000,0.0000,0.0000,66.9125,0.0000,3396.0000,1131.0000,0.0000,9.0000,12.0000,8.0000,4.0000
1.2000,0.2380,0.2630,0.1180,0.0630,0.0000,0.0000,0.6990,1.0000,1.9280,3.3730,2.6930,0.0000,0.0000,0.0000,66.9125,0.0000,3396.0000,1131.0000,0.0000,9.0000,12.0000,8.0000,4.0000
1.2600,0.2670,0.2000,0.1300,0.0570,0.0000,0.0000,0.7930,1.0000,1.9280,3.3730,2.6930,0.0000,0.0000,0.0000,66.9125,0.0000,3396.0000,1131.0000,0.0000,9.0000,12.0000,8.0000,4.0000
1.2190,0.2740,0.2570,0.1460,0.0910,0.0000,0.0000,0.6880,1.0000,1.9280,3.3730,2.6930,0.0000,0.0000,0.0000,66.9227,0.0000,3397.0000,1131.0000,0.0000,9.0000,12.0000,8.0000,4.0000
1.1010,0.3870,0.2370,0.1510,0.0710,0.0000,0.0000,0.4770,1.0000,1.9280,3.3730,2.6930,0.0000,0.0000,0.0000,66.9227,0.0000,3397.0000,1131.0000,0.0000,9.0000,12.0000,8.0000,4.0000
1.0640,0.2780,0.2200,0.1340,0.0610,0.0000,0.0000,0.5660,1.0000,1.9280,3.3730,2.6930,0.0000,0.0000,0.0000,66.9228,0.0000,3397.0000,1131.0000,0.0000,9.0000,12.0000,8.0000,4.0000
1.0030,0.2590,0.2040,0.1250,0.0540,0.0000,0.0000,0.5400,1.0000,1.9280,3.3730,2.6930,0.0000,0.0000,0.0000,66.9228,0.0000,3397.0000,1131.0000,0.0000,9.0000,12.0000,8.0000,4.0000
1.0630,0.2570,0.2000,0.1260,0.0540,0.0000,0.0000,0.6060,1.0000,1.9280,3.3730,2.6930,0.0000,0.0000,0.0000,66.9228,0.0000,3397.0000,1131.0000,0.0000,9.0000,12.0000,8.0000,4.0000
1.1060,0.2940,0.2740,0.1310,0.1090,0.0000,0.0000,0.5380,1.0000,1.9280,3.3730,2.6930,0.0000,0.0000,0.0000,66.9228,0.0000,3397.0000,1131.0000,0.0000,9.0000,12.0000,8.0000,4.0000
1.0290,0.2790,0.2470,0.1440,0.0590,0.0000,0.0000,0.5030,1.0000,1.9280,3.3730,2.6930,0.0000,0.0000,0.0000,66.9228,0.0000,3397.0000,1131.0000,0.0000,9.0000,12.0000,8.0000,4.0000
1.1810,0.2530,0.2160,0.1200,0.0560,0.0000,0.0000,0.7120,1.0000,1.9280,3.3730,2.6930,0.0000,0.0000,0.0000,66.9228,0.0000,3397.0000,1131.0000,0.0000,9.0000,12.0000,8.0000,4.0000
1.1780,0.2820,0.2560,0.1420,0.0640,0.0000,0.0000,0.6400,1.0000,1.9280,3.3730,2.6930,0.0000,0.0000,0.0000,66.9228,0.0000,3397.0000,1131.0000,0.0000,9.0000,12.0000,8.0000,4.0000
1.1160,0.2840,0.2270,0.1400,0.0600,0.0000,0.0000,0.6050,1.0000,1.9280,3.3730,2.6930,0.0000,0.0000,0.0000,66.9228,0.0000,3397.0000,1131.0000,0.0000,9.0000,12.0000,8.0000,4.0000
1.2260,0.2710,0.2500,0.1260,0.0970,0.0000,0.0000,0.7050,1.0000,1.9280,3.3730,2.6930,0.0000,0.0000,0.0000,66.9430,0.0000,3399.0000,1131.0000,0.0000,9.0000,12.0000,8.0000,4.0000
1.0540,0.4360,0.2150,0.1740,0.0580,0.0000,0.0000,0.4030,1.0000,1.9280,3.3730,2.6930,0.0000,0.0000,0.0000,66.9430,0.0000,3399.0000,1131.0000,0.0000,9.0000,12.0000,8.0000,4.0000
1.1080,0.3000,0.2200,0.1500,0.0570,0.0000,0.0000,0.5880,1.0000,1.9280,3.3730,2.6930,0.0000,0.0000,0.0000,66.9431,0.0000,3399.0000,1131.0000,0.0000,9.0000,12.0000,8.0000,4.0000
1.0730,0.2640,0.2640,0.1290,0.1190,0.0000,0.0000,0.5450,1.0000,1.9280,3.3730,2.6930,0.0000,0.0000,0.0000,66.9534,0.0000,3400.0000,1131.0000,0.0000,9.0000,12.0000,8.0000,4.0000
0.9860,0.2930,0.2190,0.1250,0.0540,0.0000,0.0000,0.4740,1.0000,1.9280,3.3730,2.6930,0.0000,0.0000,0.0000,66.9534,0.0000,3400.0000,1131.0000,0.0000,9.0000,12.0000,8.0000,4.0000
1.0320,0.2460,0.2500,0.1210,0.1140,0.0000,0.0000,0.5360,1.0000,1.9280,3.3730,2.6930,0.0000,0.0000,0.0000,66.9637,0.0000,3401.0000,1131.0000,0.0000,9.0000,12.0000,8.0000,4.0000
0.9430,0.2800,0.2160,0.1190,0.0530,0.0000,0.0000,0.4470,1.0000,1.9280,3.3730,2.6930,0.0000,0.0000,0.0000,66.9637,0.0000,3401.0000,1131.0000,0.0000,9.0000,12.0000,8.0000,4.0000
0.9110,0.2360,0.2120,0.1180,0.0830,0.0000,0.0000,0.4630,1.0000,1.9280,3.3730,2.6930,0.0000,0.0000,0.0000,66.9638,0.0000,3401.0000,1131.0000,0.0000,9.0000,12.0000,8.0000,4.0000
1.1920,0.2430,0.1920,0.1210,0.0530,0.0000,0.0000,0.7570,1.0000,1.9280,3.3730,2.6930,0.0000,0.0000,0.0000,66.9638,0.0000,3401.0000,1131.0000,0.0000,9.0000,12.0000,8.0000,4.0000
1.2690,0.2480,0.2610,0.1210,0.0600,0.0000,0.0000,0.7600,1.0000,1.9280,3.3730,2.6930,0.0000,0.0000,0.0000,66.9638,0.0000,3401.0000,1131.0000,0.0000,9.0000,12.0000,8.0000,4.0000
1.1220,0.2740,0.2290,0.1360,0.0590,0.0000,0.0000,0.6190,1.0000,1.9280,3.3730,2.6930,0.0000,0.0000,0.0000,66.9638,0.0000,3401.0000,1131.0000,0.0000,9.0000,12.0000,8.0000,4.0000
1.0300,0.2740,0.2090,0.1280,0.0560,0.0000,0.0000,0.5470,1.0000,1.9280,3.3730,2.6930,0.0000,0.0000,0.0000,66.9638,0.0000,3401.0000,1131.0000,0.0000,9.0000,12.0000,8.0000,4.0000
1.3290,0.2650,0.1950,0.1260,0.0540,0.0000,0.0000,0.8690,1.0000,1.9280,3.3730,2.6930,0.0000,0.0000,0.0000,66.9635,0.0000,3401.0000,1131.0000,0.0000,9.0000,12.0000,8.0000,4.0000
1.4030,0.3840,0.2970,0.2360,0.1100,0.0000,0.0000,0.7220,1.0000,1.9280,3.3730,2.6930,0.0000,0.0000,0.0000,66.9837,0.0000,3403.0000,1131.0000,0.0000,9.0000,12.0000,8.0000,4.0000
1.3580,0.3640,0.2070,0.1400,0.0590,0.0000,0.0000,0.7870,1.0000,1.9280,3.3730,2.6930,0.0000,0.0000,0.0000,66.9837,0.0000,3403.0000,1131.0000,0.0000,9.0000,12.0000,8.0000,4.0000
1.1010,0.3170,0.2270,0.1650,0.0540,0.0000,0.0000,0.5570,1.0000,1.9280,3.3730,2.6930,0.0000,0.0000,0.0000,66.9832,0.0000,3403.0000,1131.0000,0.0000,9.0000,11.0000,8.0000,4.0000
2.1620,0.3360,0.2620,0.1330,0.0960,0.0000,0.0000,1.5640,1.0000,1.9280,3.3730,2.6930,0.0000,0.0000,0.0000,66.9930,0.0000,3404.0000,1131.0000,0.0000,9.0000,11.0000,8.0000,4.0000
1.1020,0.3320,0.2060,0.1470,0.0500,0.0000,0.0000,0.5640,1.0000,1.9280,3.3730,2.6930,0.0000,0.0000,0.0000,66.7728,0.0000,3382.0000,1131.0000,0.0000,9.0000,11.0000,8.0000,4.0000
1.0020,0.2700,0.2360,0.1130,0.0930,0.0000,0.0000,0.4960,1.0000,1.9280,3.3730,2.6930,0.0000,0.0000,0.0000,66.7729,0.0000,3382.0000,1131.0000,0.0000,9.0000,11.0000,8.0000,4.0000
0.9880,0.2260,0.2360,0.1020,0.0930,0.0000,0.0000,0.5260,1.0000,1.9280,3.3730,2.6930,0.0000,0.0000,0.0000,66.7729,0.0000,3382.0000,1131.0000,0.0000,9.0000,11.0000,8.0000,4.0000
0.9670,0.2390,0.1900,0.1070,0.0500,0.0000,0.0000,0.5380,1.0000,1.9280,3.3730,2.6930,0.0000,0.0000,0.0000,66.7729,0.0000,3382.0000,1131.0000,0.0000,9.0000,11.0000,8.0000,4.0000
1.0220,0.2230,0.1990,0.0980,0.0600,0.0000,0.0000,0.6000,1.0000,1.9280,3.3730,2.6930,0.0000,0.0000,0.0000,66.7729,0.0000,3382.0000,1131.0000,0.0000,9.0000,11.0000,8.0000,4.0000
0.9710,0.2530,0.2350,0.1060,0.0830,0.0000,0.0000,0.4830,1.0000,1.9280,3.3730,2.6930,0.0000,0.0000,0.0000,66.7729,0.0000,3382.0000,1131.0000,0.0000,9.0000,11.0000,8.0000,4.0000
0.9600,0.2240,0.1930,0.0980,0.0500,0.0000,0.0000,0.5430,1.0000,1.9280,3.3730,2.6930,0.0000,0.0000,0.0000,66.7736,0.0000,3382.0000,1131.0000,0.0000,9.0000,12.0000,8.0000,4.0000
0.9580,0.2250,0.1870,0.1150,0.0500,0.0000,0.0000,0.5460,1.0000,1.9280,3.3730,2.6930,0.0000,0.0000,0.0000,66.7736,0.0000,3382.0000,1131.0000,0.0000,9.0000,12.0000,8.0000,4.0000
1.0420,0.2460,0.2310,0.1310,0.0770,0.0000,0.0000,0.5650,1.0000,1.9280,3.3730,2.6930,0.0000,0.0000,0.0000,66.7736,0.0000,3382.0000,1131.0000,0.0000,9.0000,12.0000,8.0000,4.0000
1.0350,0.2970,0.2230,0.1030,0.0780,0.0000,0.0000,0.5150,1.0000,1.9280,3.3730,2.6930,0.0000,0.0000,0.0000,66.7831,0.0000,3383.0000,1131.0000,0.0000,9.0000,11.0000,8.0000,4.0000
1.0430,0.2620,0.1810,0.1060,0.0500,0.0000,0.0000,0.6000,1.0000,1.9280,3.3730,2.6930,0.0000,0.0000,0.0000,66.7831,0.0000,3383.0000,1131.0000,0.0000,9.0000,11.0000,8.0000,4.0000
1.0930,0.2300,0.2590,0.1150,0.1130,0.0000,0.0000,0.6040,1.0000,1.9280,3.3730,2.6930,0.0000,0.0000,0.0000,66.7935,0.0000,3384.0000,1131.0000,0.0000,9.0000,11.0000,8.0000,4.0000
0.8910,0.2780,0.1940,0.1130,0.0460,0.0000,0.0000,0.4190,1.0000,1.9280,3.3730,2.6930,0.0000,0.0000,0.0000,66.7935,0.0000,3384.0000,1131.0000,0.0000,9.0000,11.0000,8.0000,4.0000
0.8200,0.2190,0.1680,0.0980,0.0440,0.0000,0.0000,0.4330,1.0000,1.9280,3.3730,2.6930,0.0000,0.0000,0.0000,66.7935,0.0000,3384.0000,1131.0000,0.0000,9.0000,11.0000,8.0000,4.0000
0.8040,0.2120,0.1540,0.1080,0.0400,0.0000,0.0000,0.4380,1.0000,1.9280,3.3730,2.6930,0.0000,0.0000,0.0000,66.7935,0.0000,3384.0000,1131.0000,0.0000,9.0000,11.0000,8.0000,4.0000
0.8720,0.2400,0.1600,0.1020,0.0420,0.0000,0.0000,0.4720,1.0000,1.9280,3.3730,2.6930,0.0000,0.0000,0.0000,66.7935,0.0000,3384.0000,1131.0000,0.0000,9.0000,11.0000,8.0000,4.0000
0.7940,0.3040,0.1720,0.1940,0.0430,0.0000,0.0000,0.3180,1.0000,1.9280,3.3730,2.6930,0.0000,0.0000,0.0000,66.7935,0.0000,3384.0000,1131.0000,0.0000,9.0000,11.0000,8.0000,4.0000
0.9570,0.1930,0.2030,0.0970,0.0590,0.0000,0.0000,0.5610,1.0000,1.9280,3.3730,2.6930,0.0000,0.0000,0.0000,66.7935,0.0000,3384.0000,1131.0000,0.0000,9.0000,11.0000,8.0000,4.0000
0.9080,0.2520,0.1770,0.1240,0.0450,0.0000,0.0000,0.4790,1.0000,1.9280,3.3730,2.6930,0.0000,0.0000,0.0000,66.7935,0.0000,3384.0000,1131.0000,0.0000,9.0000,11.0000,8.0000,4.0000
1.0030,0.2350,0.2410,0.1000,0.0760,0.0000,0.0000,0.5270,1.0000,1.9280,3.3730,2.6930,0.0000,0.0000,0.0000,66.8039,0.0000,3385.0000,1131.0000,0.0000,9.0000,11.0000,8.0000,5.0000
0.8560,0.2880,0.1940,0.1460,0.0490,0.0000,0.0000,0.3740,1.0000,1.9280,3.3730,2.6930,0.0000,0.0000,0.0000,66.8039,0.0000,3385.0000,1131.0000,0.0000,9.0000,11.0000,8.0000,5.0000
1.0310,0.2180,0.1620,0.0970,0.0440,0.0000,0.0000,0.6510,1.0000,1.9280,3.3730,2.6930,0.0000,0.0000,0.0000,66.8040,0.0000,3385.0000,1131.0000,0.0000,9.0000,11.0000,8.0000,5.0000
1.0760,0.2750,0.2720,0.1270,0.1330,0.0000,0.0000,0.5290,1.0000,1.9280,3.3730,2.6930,0.0000,0.0000,0.0000,66.8142,0.0000,3386.0000,1131.0000,0.0000,9.0000,11.0000,8.0000,5.0000
2.3620,0.2560,0.2290,0.1000,0.0530,0.0000,0.0000,1.8770,1.0000,1.9280,3.3730,2.6930,0.0000,0.0000,0.0000,66.8142,0.0000,3386.0000,1131.0000,0.0000,9.0000,11.0000,8.0000,5.0000
1.1750,0.2230,0.2200,0.1100,0.0530,0.0000,0.0000,0.7320,1.0000,1.9280,3.3730,2.6930,0.0000,0.0000,0.0000,66.8143,0.0000,3386.0000,1131.0000,0.0000,9.0000,11.0000,8.0000,4.0000
0.9810,0.2290,0.2130,0.1130,0.0530,0.0000,0.0000,0.5390,1.0000,1.9280,3.3730,2.6930,0.0000,0.0000,0.0000,66.8143,0.0000,3386.0000,1131.0000,0.0000,9.0000,11.0000,8.0000,4.0000
0.8510,0.2910,0.1850,0.1800,0.0500,0.0000,0.0000,0.3750,1.0000,1.9280,3.3730,2.6930,0.0000,0.0000,0.0000,66.8143,0.0000,3386.0000,1131.0000,0.0000,9.0000,11.0000,8.0000,4.0000
0.8510,0.2130,0.1710,0.1020,0.0440,0.0000,0.0000,0.4670,1.0000,1.9280,3.3730,2.6930,0.0000,0.0000,0.0000,66.8143,0.0000,3386.0000,1131.0000,0.0000,9.0000,11.0000,8.0000,4.0000
0.9510,0.2310,0.2040,0.1270,0.0570,0.0000,0.0000,0.5160,1.0000,1.9280,3.3730,2.6930,0.0000,0.0000,0.0000,66.8143,0.0000,3386.0000,1131.0000,0.0000,9.0000,11.0000,8.0000,4.0000
0.9330,0.2100,0.1880,0.1020,0.0500,0.0000,0.0000,0.5350,1.0000,1.9280,3.3730,2.6930,0.0000,0.0000,0.0000,66.8143,0.0000,3386.0000,1131.0000,0.0000,9.0000,11.0000,8.0000,4.0000
1.0800,0.2450,0.2210,0.1200,0.0760,0.0000,0.0000,0.6140,1.0000,1.9280,3.3730,2.6930,0.0000,0.0000,0.0000,66.8241,0.0000,3387.0000,1131.0000,0.0000,9.0000,11.0000,8.0000,4.0000
0.9370,0.2520,0.1960,0.1060,0.0510,0.0000,0.0000,0.4890,1.0000,1.9280,3.3730,2.6930,0.0000,0.0000,0.0000,66.8241,0.0000,3387.0000,1131.0000,0.0000,9.0000,11.0000,8.0000,4.0000
1.2500,0.2090,0.3260,0.0970,0.1090,0.0000,0.0000,0.7150,1.0000,1.9280,3.3730,2.6930,0.0000,0.0000,0.0000,66.8448,0.0000,3389.0000,1131.0000,0.0000,9.0000,11.0000,8.0000,4.0000
0.9990,0.3020,0.2280,0.1140,0.0640,0.0000,0.0000,0.4690,1.0000,1.9280,3.3730,2.6930,0.0000,0.0000,0.0000,66.8448,0.0000,3389.0000,1131.0000,0.0000,9.0000,11.0000,8.0000,4.0000
0.9990,0.2240,0.2420,0.1070,0.0820,0.0000,0.0000,0.5330,1.0000,1.9280,3.3730,2.6930,0.0000,0.0000,0.0000,66.8552,0.0000,3390.0000,1131.0000,0.0000,9.0000,11.0000,8.0000,4.0000
1.0160,0.2410,0.2130,0.1010,0.0560,0.0000,0.0000,0.5620,1.0000,1.9280,3.3730,2.6930,0.0000,0.0000,0.0000,66.8552,0.0000,3390.0000,1131.0000,0.0000,9.0000,11.0000,8.0000,4.0000
0.9350,0.2200,0.2190,0.1060,0.0510,0.0000,0.0000,0.4960,1.0000,1.9280,3.3730,2.6930,0.0000,0.0000,0.0000,66.8553,0.0000,3390.0000,1131.0000,0.0000,9.0000,11.0000,8.0000,4.0000
1.0730,0.2120,0.2110,0.1040,0.0540,0.0000,0.0000,0.6500,1.0000,1.9280,3.3730,2.6930,0.0000,0.0000,0.0000,66.8574,0.0000,3391.0000,1131.0000,0.0000,9.0000,11.0000,8.0000,4.0000
1.0000,0.2480,0.2000,0.1270,0.0500,0.0000,0.0000,0.5520,1.0000,1.9280,3.3730,2.6930,0.0000,0.0000,0.0000,66.8571,0.0000,3391.0000,1131.0000,0.0000,9.0000,11.0000,8.0000,4.0000
1.3370,0.2720,0.4430,0.1580,0.2920,0.0000,0.0000,0.6220,1.0000,1.9280,3.3730,2.6930,0.0000,0.0000,0.0000,66.8766,0.0000,3395.0000,1131.0000,0.0000,9.0000,11.0000,8.0000,4.0000
1.0080,0.3940,0.2060,0.1310,0.0540,0.0000,0.0000,0.4080,1.0000,1.9280,3.3730,2.6930,0.0000,0.0000,0.0000,66.8766,0.0000,3395.0000,1131.0000,0.0000,9.0000,11.0000,8.0000,4.0000
0.9920,0.2520,0.2030,0.1270,0.0510,0.0000,0.0000,0.5370,1.0000,1.9280,3.3730,2.6930,0.0000,0.0000,0.0000,66.8767,0.0000,3395.0000,1131.0000,0.0000,9.0000,11.0000,8.0000,4.0000
0.9900,0.2360,0.2000,0.1080,0.0490,0.0000,0.0000,0.5540,1.0000,1.9280,3.3730,2.6930,0.0000,0.0000,0.0000,66.8767,0.0000,3395.0000,1131.0000,0.0000,9.0000,11.0000,8.0000,4.0000
1.0000,0.2370,0.2010,0.1150,0.0500,0.0000,0.0000,0.5620,1.0000,1.9280,3.3730,2.6930,0.0000,0.0000,0.0000,66.8767,0.0000,3395.0000,1131.0000,0.0000,9.0000,11.0000,8.0000,4.0000
0.9720,0.3140,0.2160,0.1390,0.0520,0.0000,0.0000,0.4420,1.0000,1.9280,3.3730,2.6930,0.0000,0.0000,0.0000,66.8767,0.0000,3395.0000,1131.0000,0.0000,9.0000,11.0000,8.0000,4.0000
1.3130,0.2230,0.4570,0.1030,0.3090,0.0000,0.0000,0.6330,1.0000,1.9280,3.3730,2.6930,0.0000,0.0000,0.0000,66.9006,0.0000,3398.0000,1131.0000,0.0000,9.0000,11.0000,8.0000,4.0000
0.9940,0.2920,0.2230,0.1000,0.0480,0.0000,0.0000,0.4790,1.0000,1.9280,3.3730,2.6930,0.0000,0.0000,0.0000,66.9006,0.0000,3398.0000,1131.0000,0.0000,9.0000,11.0000,8.0000,4.0000
1.0050,0.2190,0.2180,0.1030,0.0470,0.0000,0.0000,0.5680,1.0000,1.9280,3.3730,2.6930,0.0000,0.0000,0.0000,66.9008,0.0000,3398.0000,1131.0000,0.0000,9.0000,11.0000,8.0000,4.0000
1.0760,0.2270,0.2300,0.1050,0.0520,0.0000,0.0000,0.6190,1.0000,1.9280,3.3730,2.6930,0.0000,0.0000,0.0000,66.9008,0.0000,3398.0000,1131.0000,0.0000,9.0000,11.0000,8.0000,4.0000
0.9740,0.2440,0.2200,0.1270,0.0490,0.0000,0.0000,0.5100,1.0000,1.9280,3.3730,2.6930,0.0000,0.0000,0.0000,66.9008,0.0000,3398.0000,1131.0000,0.0000,9.0000,11.0000,8.0000,4.0000
0.9450,0.2190,0.2110,0.1030,0.0480,0.0000,0.0000,0.5150,1.0000,1.9280,3.3730,2.6930,0.0000,0.0000,0.0000,66.9008,0.0000,3398.0000,1131.0000,0.0000,9.0000,11.0000,8.0000,4.0000
1.0940,0.2140,0.3010,0.1030,0.1210,0.0000,0.0000,0.5790,1.0000,1.9280,3.3730,2.6930,0.0000,0.0000,0.0000,66.9110,0.0000,3399.0000,1131.0000,0.0000,9.0000,11.0000,8.0000,4.0000
0.9410,0.2510,0.1940,0.1030,0.0480,0.0000,0.0000,0.4960,1.0000,1.9280,3.3730,2.6930,0.0000,0.0000,0.0000,66.9110,0.0000,3399.0000,1131.0000,0.0000,9.0000,11.0000,8.0000,4.0000
1.0740,0.2110,0.2460,0.1010,0.0760,0.0000,0.0000,0.6170,1.0000,1.9280,3.3730,2.6930,0.0000,0.0000,0.0000,66.9213,0.0000,3400.0000,1131.0000,0.0000,9.0000,11.0000,8.0000,4.0000
0.9450,0.2940,0.1940,0.1450,0.0480,0.0000,0.0000,0.4570,1.0000,1.9280,3.3730,2.6930,0.0000,0.0000,0.0000,66.9213,0.0000,3400.0000,1131.0000,0.0000,9.0000,11.0000,8.0000,4.0000
1.0240,0.2160,0.2640,0.1020,0.1000,0.0000,0.0000,0.5440,1.0000,1.9280,3.3730,2.6930,0.0000,0.0000,0.0000,66.9214,0.0000,3400.0000,1131.0000,0.0000,9.0000,11.0000,8.0000,4.0000
1.0010,0.2210,0.2170,0.1030,0.0500,0.0000,0.0000,0.5630,1.0000,1.9280,3.3730,2.6930,0.0000,0.0000,0.0000,66.9212,0.0000,3400.0000,1131.0000,0.0000,9.0000,11.0000,8.0000,5.0000
1.0920,0.2550,0.2490,0.1430,0.0860,0.0000,0.0000,0.5880,1.0000,1.9280,3.3730,2.6930,0.0000,0.0000,0.0000,66.9414,0.0000,3402.0000,1131.0000,0.0000,9.0000,11.0000,8.0000,5.0000
0.9520,0.2780,0.2060,0.1040,0.0510,0.0000,0.0000,0.4680,1.0000,1.9280,3.3730,2.6930,0.0000,0.0000,0.0000,66.9414,0.0000,3402.0000,1131.0000,0.0000,9.0000,11.0000,8.0000,5.0000
1.0290,0.2140,0.2470,0.1030,0.0630,0.0000,0.0000,0.5680,1.0000,1.9280,3.3730,2.6930,0.0000,0.0000,0.0000,66.9415,0.0000,3402.0000,1131.0000,0.0000,9.0000,11.0000,8.0000,5.0000
0.9270,0.2200,0.1860,0.1050,0.0500,0.0000,0.0000,0.5210,1.0000,1.9280,3.3730,2.6930,0.0000,0.0000,0.0000,66.9404,0.0000,3400.0000,1131.0000,0.0000,9.0000,11.0000,8.0000,5.0000
0.9630,0.2160,0.2320,0.1050,0.0490,0.0000,0.0000,0.5150,1.0000,1.9280,3.3730,2.6930,0.0000,0.0000,0.0000,66.9404,0.0000,3400.0000,1131.0000,0.0000,9.0000,11.0000,8.0000,5.0000
0.9490,0.2160,0.2180,0.1030,0.0490,0.0000,0.0000,0.5150,1.0000,1.9280,3.3730,2.6930,0.0000,0.0000,0.0000,66.9404,0.0000,3400.0000,1131.0000,0.0000,9.0000,11.0000,8.0000,5.0000
1.0850,0.2160,0.2340,0.1050,0.0510,0.0000,0.0000,0.6350,1.0000,1.9280,3.3730,2.6930,0.0000,0.0000,0.0000,66.9404,0.0000,3400.0000,1131.0000,0.0000,9.0000,11.0000,8.0000,5.0000
0.9810,0.2290,0.2150,0.1070,0.0490,0.0000,0.0000,0.5370,1.0000,1.9280,3.3730,2.6930,0.0000,0.0000,0.0000,66.9404,0.0000,3400.0000,1131.0000,0.0000,9.0000,11.0000,8.0000,5.0000
0.9500,0.2390,0.2170,0.1050,0.0500,0.0000,0.0000,0.4940,1.0000,1.9280,3.3730,2.6930,0.0000,0.0000,0.0000,66.9404,0.0000,3400.0000,1131.0000,0.0000,9.0000,11.0000,8.0000,5.0000
0.9740,0.2190,0.2240,0.1050,0.0510,0.0000,0.0000,0.5310,1.0000,1.9280,3.3730,2.6930,0.0000,0.0000,0.0000,66.9404,0.0000,3400.0000,1131.0000,0.0000,9.0000,11.0000,8.0000,5.0000
1.1160,0.2220,0.2590,0.1060,0.0890,0.0000,0.0000,0.6350,1.0000,1.9280,3.3730,2.6930,0.0000,0.0000,0.0000,66.9501,0.0000,3400.0000,1131.0000,0.0000,9.0000,12.0000,8.0000,5.0000
1.0550,0.2800,0.2200,0.1090,0.0770,0.0000,0.0000,0.5550,1.0000,1.9280,3.3730,2.6930,0.0000,0.0000,0.0000,66.9599,0.0000,3401.0000,1131.0000,0.0000,9.0000,12.0000,8.0000,5.0000
1.0300,0.2610,0.2120,0.1170,0.0750,0.0000,0.0000,0.5570,1.0000,1.9280,3.3730,2.6930,0.0000,0.0000,0.0000,66.9702,0.0000,3402.0000,1131.0000,0.0000,9.0000,12.0000,8.0000,5.0000
0.9360,0.2470,0.2000,0.1060,0.0510,0.0000,0.0000,0.4890,1.0000,1.9280,3.3730,2.6930,0.0000,0.0000,0.0000,66.9703,0.0000,3402.0000,1131.0000,0.0000,9.0000,12.0000,8.0000,5.0000
1.0850,0.2120,0.2540,0.1030,0.0530,0.0000,0.0000,0.6190,1.0000,1.9280,3.3730,2.6930,0.0000,0.0000,0.0000,66.9703,0.0000,3402.0000,1131.0000,0.0000,9.0000,12.0000,8.0000,5.0000
0.9470,0.2210,0.1900,0.1060,0.0470,0.0000,0.0000,0.5360,1.0000,1.9280,3.3730,2.6930,0.0000,0.0000,0.0000,66.9703,0.0000,3402.0000,1131.0000,0.0000,9.0000,12.0000,8.0000,5.0000
0.9200,0.2160,0.1840,0.1060,0.0450,0.0000,0.0000,0.5200,1.0000,1.9280,3.3730,2.6930,0.0000,0.0000,0.0000,66.9703,0.0000,3402.0000,1131.0000,0.0000,9.0000,12.0000,8.0000,5.0000
0.9370,0.2140,0.2090,0.1050,0.0470,0.0000,0.0000,0.5140,1.0000,1.9280,3.3730,2.6930,0.0000,0.0000,0.0000,66.9703,0.0000,3402.0000,1131.0000,0.0000,9.0000,12.0000,8.0000,5.0000
1.0010,0.2130,0.2210,0.1020,0.0480,0.0000,0.0000,0.5670,1.0000,1.9280,3.3730,2.6930,0.0000,0.0000,0.0000,66.9703,0.0000,3402.0000,1131.0000,0.0000,9.0000,12.0000,8.0000,5.0000
1.0310,0.2220,0.2510,0.1050,0.0770,0.0000,0.0000,0.5580,1.0000,1.9280,3.3730,2.6930,0.0000,0.0000,0.0000,66.9810,0.0000,3403.0000,1131.0000,0.0000,9.0000,12.0000,8.0000,5.0000
0.9620,0.2500,0.2250,0.1050,0.0490,0.0000,0.0000,0.4870,1.0000,1.9280,3.3730,2.6930,0.0000,0.0000,0.0000,66.9810,0.0000,3403.0000,1131.0000,0.0000,9.0000,12.0000,8.0000,5.0000
0.9670,0.2130,0.2210,0.1030,0.0480,0.0000,0.0000,0.5330,1.0000,1.9280,3.3730,2.6930,0.0000,0.0000,0.0000,66.9811,0.0000,3403.0000,1131.0000,0.0000,9.0000,12.0000,8.0000,5.0000
1.0240,0.2170,0.2210,0.1050,0.0560,0.0000,0.0000,0.5860,1.0000,1.9280,3.3730,2.6930,0.0000,0.0000,0.0000,66.9811,0.0000,3403.0000,1131.0000,0.0000,9.0000,12.0000,8.0000,5.0000
1.0750,0.2260,0.2790,0.1070,0.0800,0.0000,0.0000,0.5700,1.0000,1.9280,3.3730,2.6930,0.0000,0.0000,0.0000,66.9913,0.0000,3404.0000,1131.0000,0.0000,9.0000,12.0000,8.0000,5.0000
0.9760,0.2490,0.2220,0.1050,0.0490,0.0000,0.0000,0.5050,1.0000,1.9280,3.3730,2.6930,0.0000,0.0000,0.0000,66.9913,0.0000,3404.0000,1131.0000,0.0000,9.0000,12.0000,8.0000,5.0000
0.9660,0.2290,0.2210,0.1090,0.0470,0.0000,0.0000,0.5160,1.0000,1.9280,3.3730,2.6930,0.0000,0.0000,0.0000,66.9914,0.0000,3404.0000,1131.0000,0.0000,9.0000,12.0000,8.0000,5.0000
1.0090,0.2460,0.2260,0.1070,0.0490,0.0000,0.0000,0.5370,1.0000,1.9280,3.3730,2.6930,0.0000,0.0000,0.0000,66.9914,0.0000,3404.0000,1131.0000,0.0000,9.0000,12.0000,8.0000,5.0000
0.9660,0.2220,0.2260,0.1040,0.0500,0.0000,0.0000,0.5180,1.0000,1.9280,3.3730,2.6930,0.0000,0.0000,0.0000,66.9914,0.0000,3404.0000,1131.0000,0.0000,9.0000,12.0000,8.0000,5.0000
1.0410,0.2210,0.2380,0.1070,0.0700,0.0000,0.0000,0.5820,1.0000,1.9280,3.3730,2.6930,0.0000,0.0000,0.0000,66.9913,0.0000,3404.0000,1131.0000,0.0000,9.0000,12.0000,8.0000,6.0000
0.9810,0.2710,0.2250,0.1600,0.0520,0.0000,0.0000,0.4850,1.0000,1.9280,3.3730,2.6930,0.0000,0.0000,0.0000,66.9913,0.0000,3404.0000,1131.0000,0.0000,9.0000,12.0000,8.0000,6.0000
1.2970,0.2200,0.3090,0.1050,0.1300,0.0000,0.0000,0.7680,1.0000,1.9280,3.3730,2.6930,0.0000,0.0000,0.0000,67.0016,0.0000,3405.0000,1131.0000,0.0000,9.0000,12.0000,8.0000,6.0000
1.6620,0.4150,0.2060,0.1160,0.0510,0.0000,0.0000,1.0410,1.0000,1.9280,3.3730,2.6930,0.0000,0.0000,0.0000,67.0019,0.0000,3405.0000,1131.0000,0.0000,9.0000,12.0000,8.0000,7.0000
1.4150,0.2890,0.2590,0.1570,0.0600,0.0000,0.0000,0.8670,1.0000,1.9280,3.3730,2.6930,0.0000,0.0000,0.0000,67.0019,0.0000,3405.0000,1131.0000,0.0000,9.0000,12.0000,8.0000,7.0000
1.1690,0.2540,0.2690,0.1140,0.0950,0.0000,0.0000,0.6460,1.0000,1.9280,3.3730,2.6930,0.0000,0.0000,0.0000,67.0120,0.0000,3406.0000,1131.0000,0.0000,9.0000,12.0000,8.0000,7.0000
1.0940,0.3700,0.2390,0.1980,0.0900,0.0000,0.0000,0.4850,1.0000,1.9280,3.3730,2.6930,0.0000,0.0000,0.0000,67.0215,0.0000,3407.0000,1131.0000,0.0000,9.0000,12.0000,8.0000,7.0000
0.9880,0.3100,0.1910,0.1100,0.0510,0.0000,0.0000,0.4870,1.0000,1.9280,3.3730,2.6930,0.0000,0.0000,0.0000,66.7418,0.0000,3379.0000,1131.0000,0.0000,9.0000,12.0000,8.0000,7.0000
0.9960,0.2820,0.1900,0.1150,0.0500,0.0000,0.0000,0.5240,1.0000,1.9280,3.3730,2.6930,0.0000,0.0000,0.0000,66.7418,0.0000,3379.0000,1131.0000,0.0000,9.0000,12.0000,8.0000,7.0000
0.9560,0.3370,0.1930,0.1820,0.0500,0.0000,0.0000,0.4260,1.0000,1.9280,3.3730,2.6930,0.0000,0.0000,0.0000,66.7418,0.0000,3379.0000,1131.0000,0.0000,9.0000,12.0000,8.0000,7.0000
0.9620,0.2750,0.1910,0.1200,0.0490,0.0000,0.0000,0.4960,1.0000,1.9280,3.3730,2.6930,0.0000,0.0000,0.0000,66.7418,0.0000,3379.0000,1131.0000,0.0000,9.0000,12.0000,8.0000,7.0000
0.9490,0.2760,0.1880,0.1710,0.0490,0.0000,0.0000,0.4850,1.0000,1.9280,3.3730,2.6930,0.0000,0.0000,0.0000,66.7418,0.0000,3379.0000,1131.0000,0.0000,9.0000,12.0000,8.0000,7.0000
1.0550,0.2800,0.1920,0.1770,0.0490,0.0000,0.0000,0.5830,1.0000,1.9280,3.3730,2.6930,0.0000,0.0000,0.0000,66.7418,0.0000,3379.0000,1131.0000,0.0000,9.0000,12.0000,8.0000,7.0000
0.9610,0.2640,0.1970,0.1540,0.0500,0.0000,0.0000,0.5000,1.0000,1.9280,3.3730,2.6930,0.0000,0.0000,0.0000,66.7418,0.0000,3379.0000,1131.0000,0.0000,9.0000,12.0000,8.0000,7.0000
1.0780,0.2830,0.2250,0.1810,0.0840,0.0000,0.0000,0.5700,1.0000,1.9280,3.3730,2.6930,0.0000,0.0000,0.0000,66.7621,0.0000,3381.0000,1131.0000,0.0000,9.0000,12.0000,8.0000,7.0000
0.9510,0.3520,0.1900,0.1200,0.0500,0.0000,0.0000,0.4090,1.0000,1.9280,3.3730,2.6930,0.0000,0.0000,0.0000,66.7622,0.0000,3381.0000,1131.0000,0.0000,9.0000,12.0000,8.0000,7.0000
0.9740,0.2780,0.1900,0.1760,0.0480,0.0000,0.0000,0.5060,1.0000,1.9280,3.3730,2.6930,0.0000,0.0000,0.0000,66.7623,0.0000,3381.0000,1131.0000,0.0000,9.0000,12.0000,8.0000,7.0000
1.1680,0.2780,0.1930,0.1740,0.0480,0.0000,0.0000,0.6970,1.0000,1.9280,3.3730,2.6930,0.0000,0.0000,0.0000,66.7623,0.0000,3381.0000,1131.0000,0.0000,9.0000,12.0000,8.0000,7.0000
1.6630,0.2110,0.5220,0.1070,0.3480,0.0000,0.0000,0.9300,1.0000,1.9280,3.3730,2.6930,0.0000,0.0000,0.0000,66.7866,0.0000,3384.0000,1131.0000,0.0000,9.0000,12.0000,8.0000,7.0000
0.9310,0.5360,0.1920,0.1410,0.0470,0.0000,0.0000,0.2030,1.0000,1.9280,3.3730,2.6930,0.0000,0.0000,0.0000,66.7866,0.0000,3384.0000,1131.0000,0.0000,9.0000,12.0000,8.0000,7.0000
1.0070,0.2500,0.2100,0.1120,0.0770,0.0000,0.0000,0.5470,1.0000,1.9280,3.3730,2.6930,0.0000,0.0000,0.0000,66.8064,0.0000,3386.0000,1131.0000,0.0000,9.0000,12.0000,8.0000,7.0000
1.0590,0.2670,0.2270,0.1020,0.1060,0.0000,0.0000,0.5650,1.0000,1.9280,3.3730,2.6930,0.0000,0.0000,0.0000,66.8268,0.0000,3388.0000,1131.0000,0.0000,9.0000,12.0000,8.0000,7.0000
0.9000,0.2820,0.1840,0.1080,0.0450,0.0000,0.0000,0.4340,1.0000,1.9280,3.3730,2.6930,0.0000,0.0000,0.0000,66.8269,0.0000,3388.0000,1131.0000,0.0000,9.0000,12.0000,8.0000,7.0000
0.8930,0.2230,0.1940,0.1040,0.0540,0.0000,0.0000,0.4760,1.0000,1.9280,3.3730,2.6930,0.0000,0.0000,0.0000,66.8270,0.0000,3388.0000,1131.0000,0.0000,9.0000,12.0000,8.0000,7.0000
0.8540,0.2530,0.1980,0.1470,0.0450,0.0000,0.0000,0.4030,1.0000,1.9280,3.3730,2.6930,0.0000,0.0000,0.0000,66.8270,0.0000,3388.0000,1131.0000,0.0000,9.0000,12.0000,8.0000,7.0000
0.8180,0.2010,0.1820,0.1030,0.0670,0.0000,0.0000,0.4350,1.0000,1.9280,3.3730,2.6930,0.0000,0.0000,0.0000,66.8270,0.0000,3388.0000,1131.0000,0.0000,9.0000,12.0000,8.0000,7.0000
0.9450,0.2120,0.1690,0.1000,0.0450,0.0000,0.0000,0.5640,1.0000,1.9280,3.3730,2.6930,0.0000,0.0000,0.0000,66.8270,0.0000,3388.0000,1131.0000,0.0000,9.0000,12.0000,8.0000,7.0000
0.7840,0.2200,0.1490,0.1060,0.0400,0.0000,0.0000,0.4150,1.0000,1.9280,3.3730,2.6930,0.0000,0.0000,0.0000,66.8270,0.0000,3388.0000,1131.0000,0.0000,9.0000,12.0000,8.0000,7.0000
1.0560,0.2270,0.1860,0.1020,0.0660,0.0000,0.0000,0.6430,1.0000,1.9280,3.3730,2.6930,0.0000,0.0000,0.0000,66.8373,0.0000,3389.0000,1131.0000,0.0000,9.0000,12.0000,8.0000,7.0000
1.0820,0.3220,0.2490,0.1950,0.0790,0.0000,0.0000,0.5110,1.0000,1.9280,3.3730,2.6930,0.0000,0.0000,0.0000,66.8476,0.0000,3390.0000,1131.0000,0.0000,9.0000,12.0000,8.0000,7.0000
1.0530,0.2880,0.1880,0.1040,0.0560,0.0000,0.0000,0.5770,1.0000,1.9280,3.3730,2.6930,0.0000,0.0000,0.0000,66.8476,0.0000,3390.0000,1131.0000,0.0000,9.0000,12.0000,8.0000,7.0000
0.8900,0.2700,0.1790,0.1100,0.0530,0.0000,0.0000,0.4410,1.0000,1.9280,3.3730,2.6930,0.0000,0.0000,0.0000,66.8477,0.0000,3390.0000,1131.0000,0.0000,9.0000,12.0000,8.0000,7.0000
0.8790,0.2420,0.1620,0.1000,0.0440,0.0000,0.0000,0.4750,1.0000,1.9280,3.3730,2.6930,0.0000,0.0000,0.0000,66.8477,0.0000,3390.0000,1131.0000,0.0000,9.0000,12.0000,8.0000,7.0000
0.8660,0.2600,0.1660,0.1610,0.0440,0.0000,0.0000,0.4400,1.0000,1.9280,3.3730,2.6930,0.0000,0.0000,0.0000,66.8477,0.0000,3390.0000,1131.0000,0.0000,9.0000,12.0000,8.0000,7.0000
0.8020,0.1990,0.1670,0.1010,0.0420,0.0000,0.0000,0.4360,1.0000,1.9280,3.3730,2.6930,0.0000,0.0000,0.0000,66.8470,0.0000,3390.0000,1131.0000,0.0000,9.0000,11.0000,8.0000,7.0000
0.9320,0.1960,0.1680,0.1000,0.0450,0.0000,0.0000,0.5680,1.0000,1.9280,3.3730,2.6930,0.0000,0.0000,0.0000,66.8470,0.0000,3390.0000,1131.0000,0.0000,9.0000,11.0000,8.0000,7.0000
0.9410,0.2070,0.1920,0.1070,0.0510,0.0000,0.0000,0.5420,1.0000,1.9280,3.3730,2.6930,0.0000,0.0000,0.0000,66.8470,0.0000,3390.0000,1131.0000,0.0000,9.0000,11.0000,8.0000,7.0000
1.1630,0.2040,0.3060,0.1020,0.1320,0.0000,0.0000,0.6530,1.0000,1.9280,3.3730,2.6930,0.0000,0.0000,0.0000,66.8572,0.0000,3391.0000,1131.0000,0.0000,9.0000,11.0000,8.0000,7.0000
1.0260,0.2600,0.2280,0.1140,0.0870,0.0000,0.0000,0.5380,1.0000,1.9280,3.3730,2.6930,0.0000,0.0000,0.0000,66.8671,0.0000,3392.0000,1131.0000,0.0000,9.0000,11.0000,8.0000,7.0000
0.9780,0.2350,0.1970,0.1000,0.0550,0.0000,0.0000,0.5460,1.0000,1.9280,3.3730,2.6930,0.0000,0.0000,0.0000,66.8671,0.0000,3392.0000,1131.0000,0.0000,9.0000,11.0000,8.0000,7.0000
0.9920,0.2410,0.1890,0.1330,0.0470,0.0000,0.0000,0.5620,1.0000,1.9280,3.3730,2.6930,0.0000,0.0000,0.0000,66.8672,0.0000,3392.0000,1131.0000,0.0000,9.0000,11.0000,8.0000,7.0000
1.1530,0.2200,0.2970,0.1030,0.1020,0.0000,0.0000,0.6360,1.0000,1.9280,3.3730,2.6930,0.0000,0.0000,0.0000,66.8881,0.0000,3394.0000,1131.0000,0.0000,9.0000,11.0000,8.0000,7.0000
1.0530,0.2850,0.2310,0.1090,0.0660,0.0000,0.0000,0.5370,1.0000,1.9280,3.3730,2.6930,0.0000,0.0000,0.0000,66.8881,0.0000,3394.0000,1131.0000,0.0000,9.0000,11.0000,8.0000,7.0000
0.9940,0.2160,0.1950,0.1040,0.0460,0.0000,0.0000,0.5830,1.0000,1.9280,3.3730,2.6930,0.0000,0.0000,0.0000,66.8883,0.0000,3394.0000,1131.0000,0.0000,9.0000,11.0000,8.0000,7.0000
1.0360,0.2150,0.2230,0.1080,0.0740,0.0000,0.0000,0.5980,1.0000,1.9280,3.3730,2.6930,0.0000,0.0000,0.0000,66.8985,0.0000,3395.0000,1131.0000,0.0000,9.0000,11.0000,8.0000,7.0000
0.9460,0.2470,0.1910,0.1070,0.0460,0.0000,0.0000,0.5080,1.0000,1.9280,3.3730,2.6930,0.0000,0.0000,0.0000,66.8985,0.0000,3395.0000,1131.0000,0.0000,9.0000,11.0000,8.0000,7.0000
0.9400,0.2150,0.1980,0.1080,0.0460,0.0000,0.0000,0.5270,1.0000,1.9280,3.3730,2.6930,0.0000,0.0000,0.0000,66.8993,0.0000,3395.0000,1131.0000,0.0000,9.0000,12.0000,8.0000,7.0000
0.9760,0.2160,0.2010,0.1090,0.0470,0.0000,0.0000,0.5590,1.0000,1.9280,3.3730,2.6930,0.0000,0.0000,0.0000,66.8993,0.0000,3395.0000,1131.0000,0.0000,9.0000,12.0000,8.0000,6.0000
0.9810,0.2160,0.2160,0.1090,0.0540,0.0000,0.0000,0.5490,1.0000,1.9280,3.3730,2.6930,0.0000,0.0000,0.0000,66.8993,0.0000,3395.0000,1131.0000,0.0000,9.0000,12.0000,8.0000,6.0000
1.0050,0.2220,0.2110,0.1180,0.0490,0.0000,0.0000,0.5720,1.0000,1.9280,3.3730,2.6930,0.0000,0.0000,0.0000,66.8993,0.0000,3395.0000,1131.0000,0.0000,9.0000,12.0000,8.0000,6.0000
0.9390,0.2140,0.2040,0.1070,0.0490,0.0000,0.0000,0.5210,1.0000,1.9280,3.3730,2.6930,0.0000,0.0000,0.0000,66.8993,0.0000,3395.0000,1131.0000,0.0000,9.0000,12.0000,8.0000,6.0000
0.9160,0.2190,0.2000,0.1160,0.0570,0.0000,0.0000,0.4970,1.0000,1.9280,3.3730,2.6930,0.0000,0.0000,0.0000,66.8993,0.0000,3395.0000,1131.0000,0.0000,9.0000,12.0000,8.0000,6.0000
1.0820,0.2100,0.2280,0.1050,0.0830,0.0000,0.0000,0.6440,1.0000,1.9280,3.3730,2.6930,0.0000,0.0000,0.0000,66.9190,0.0000,3397.0000,1131.0000,0.0000,9.0000,12.0000,8.0000,6.0000
0.9950,0.2790,0.2420,0.1100,0.0550,0.0000,0.0000,0.4740,1.0000,1.9280,3.3730,2.6930,0.0000,0.0000,0.0000,66.9190,0.0000,3397.0000,1131.0000,0.0000,9.0000,12.0000,8.0000,6.0000
0.9600,0.2190,0.2020,0.1110,0.0580,0.0000,0.0000,0.5390,1.0000,1.9280,3.3730,2.6930,0.0000,0.0000,0.0000,66.9198,0.0000,3397.0000,1131.0000,0.0000,9.0000,13.0000,8.0000,6.0000
0.9190,0.2130,0.1970,0.1060,0.0490,0.0000,0.0000,0.5090,1.0000,1.9280,3.3730,2.6930,0.0000,0.0000,0.0000,66.9198,0.0000,3397.0000,1131.0000,0.0000,9.0000,13.0000,8.0000,6.0000
1.0040,0.2120,0.2410,0.1050,0.0770,0.0000,0.0000,0.5510,1.0000,1.9280,3.3730,2.6930,0.0000,0.0000,0.0000,66.9305,0.0000,3398.0000,1131.0000,0.0000,9.0000,13.0000,8.0000,6.0000
1.0070,0.2420,0.2450,0.1050,0.0650,0.0000,0.0000,0.5200,1.0000,1.9280,3.3730,2.6930,0.0000,0.0000,0.0000,66.9305,0.0000,3398.0000,1131.0000,0.0000,9.0000,13.0000,8.0000,5.0000
1.0120,0.2220,0.2240,0.1090,0.0670,0.0000,0.0000,0.5660,1.0000,1.9280,3.3730,2.6930,0.0000,0.0000,0.0000,66.9308,0.0000,3398.0000,1131.0000,0.0000,9.0000,13.0000,8.0000,5.0000
0.9410,0.2310,0.1950,0.1230,0.0510,0.0000,0.0000,0.5150,1.0000,1.9280,3.3730,2.6930,0.0000,0.0000,0.0000,66.9308,0.0000,3398.0000,1131.0000,0.0000,9.0000,13.0000,8.0000,5.0000
1.0410,0.2110,0.2460,0.1040,0.0760,0.0000,0.0000,0.5840,1.0000,1.9280,3.3730,2.6930,0.0000,0.0000,0.0000,66.9411,0.0000,3399.0000,1131.0000,0.0000,9.0000,13.0000,8.0000,5.0000
1.1110,0.2560,0.2500,0.1170,0.0670,0.0000,0.0000,0.6050,1.0000,1.9280,3.3730,2.6930,0.0000,0.0000,0.0000,66.9411,0.0000,3399.0000,1131.0000,0.0000,9.0000,13.0000,8.0000,5.0000
1.0870,0.2590,0.2010,0.1250,0.0600,0.0000,0.0000,0.6270,1.0000,1.9280,3.3730,2.6930,0.0000,0.0000,0.0000,66.9411,0.0000,3399.0000,1131.0000,0.0000,9.0000,13.0000,8.0000,5.0000
0.9890,0.3010,0.2130,0.1470,0.0510,0.0000,0.0000,0.4750,1.0000,1.9280,3.3730,2.6930,0.0000,0.0000,0.0000,66.9411,0.0000,3399.0000,1131.0000,0.0000,9.0000,13.0000,8.0000,5.0000
1.1520,0.2160,0.2320,0.1070,0.0840,0.0000,0.0000,0.7040,1.0000,1.9280,3.3730,2.6930,0.0000,0.0000,0.0000,66.9613,0.0000,3401.0000,1131.0000,0.0000,9.0000,13.0000,8.0000,5.0000
0.9820,0.2930,0.1980,0.1220,0.0490,0.0000,0.0000,0.4910,1.0000,1.9280,3.3730,2.6930,0.0000,0.0000,0.0000,66.9613,0.0000,3401.0000,1131.0000,0.0000,9.0000,13.0000,8.0000,5.0000
1.0120,0.2350,0.2210,0.1280,0.0590,0.0000,0.0000,0.5560,1.0000,1.9280,3.3730,2.6930,0.0000,0.0000,0.0000,66.9614,0.0000,3401.0000,1131.0000,0.0000,9.0000,13.0000,8.0000,5.0000
1.0430,0.2470,0.2180,0.1240,0.0760,0.0000,0.0000,0.5780,1.0000,1.9280,3.3730,2.6930,0.0000,0.0000,0.0000,66.9717,0.0000,3402.0000,1131.0000,0.0000,9.0000,13.0000,8.0000,5.0000
0.9390,0.3180,0.1920,0.1650,0.0490,0.0000,0.0000,0.4290,1.0000,1.9280,3.3730,2.6930,0.0000,0.0000,0.0000,66.9717,0.0000,3402.0000,1131.0000,0.0000,9.0000,13.0000,8.0000,5.0000
1.5800,0.2090,0.6530,0.1020,0.0650,0.0000,0.0000,0.7180,1.0000,1.9280,3.3730,2.6930,0.0000,0.0000,0.0000,66.9718,0.0000,3402.0000,1131.0000,0.0000,9.0000,13.0000,8.0000,5.0000
1.1070,0.2370,0.2400,0.1090,0.0510,0.0000,0.0000,0.6300,1.0000,1.9280,3.3730,2.6930,0.0000,0.0000,0.0000,66.9718,0.0000,3402.0000,1131.0000,0.0000,9.0000,13.0000,8.0000,5.0000
0.9310,0.2350,0.1820,0.1250,0.0490,0.0000,0.0000,0.5140,1.0000,1.9280,3.3730,2.6930,0.0000,0.0000,0.0000,66.9711,0.0000,3402.0000,1131.0000,0.0000,9.0000,12.0000,8.0000,5.0000
1.0670,0.2130,0.2080,0.1010,0.0630,0.0000,0.0000,0.6460,1.0000,1.9280,3.3730,2.6930,0.0000,0.0000,0.0000,66.9711,0.0000,3402.0000,1131.0000,0.0000,9.0000,12.0000,8.0000,5.0000
0.9230,0.2770,0.2160,0.1210,0.0480,0.0000,0.0000,0.4300,1.0000,1.9280,3.3730,2.6930,0.0000,0.0000,0.0000,66.9711,0.0000,3402.0000,1131.0000,0.0000,9.0000,12.0000,8.0000,5.0000
0.9860,0.2390,0.2320,0.1060,0.0760,0.0000,0.0000,0.5150,1.0000,1.9280,3.3730,2.6930,0.0000,0.0000,0.0000,66.9813,0.0000,3403.0000,1131.0000,0.0000,9.0000,12.0000,8.0000,5.0000
1.1180,0.2800,0.2190,0.1190,0.0730,0.0000,0.0000,0.6190,1.0000,1.9280,3.3730,2.6930,0.0000,0.0000,0.0000,66.9916,0.0000,3404.0000,1131.0000,0.0000,9.0000,12.0000,8.0000,5.0000
1.4450,0.2580,0.2540,0.1110,0.0690,0.0000,0.0000,0.9330,1.0000,1.9280,3.3730,2.6930,0.0000,0.0000,0.0000,66.9917,0.0000,3404.0000,1131.0000,0.0000,9.0000,12.0000,8.0000,5.0000
1.0520,0.2450,0.2050,0.1120,0.0500,0.0000,0.0000,0.6020,1.0000,1.9280,3.3730,2.6930,0.0000,0.0000,0.0000,66.9917,0.0000,3404.0000,1131.0000,0.0000,9.0000,12.0000,8.0000,5.0000
0.9000,0.2760,0.1720,0.1680,0.0440,0.0000,0.0000,0.4520,1.0000,1.9280,3.3730,2.6930,0.0000,0.0000,0.0000,66.9917,0.0000,3404.0000,1131.0000,0.0000,9.0000,12.0000,8.0000,5.0000
0.9380,0.2780,0.1750,0.1780,0.0450,0.0000,0.0000,0.4850,1.0000,1.9280,3.3730,2.6930,0.0000,0.0000,0.0000,66.9917,0.0000,3404.0000,1131.0000,0.0000,9.0000,12.0000,8.0000,5.0000
0.8850,0.2720,0.1870,0.1530,0.0470,0.0000,0.0000,0.4260,1.0000,1.9280,3.3730,2.6930,0.0000,0.0000,0.0000,66.9917,0.0000,3404.0000,1131.0000,0.0000,9.0000,12.0000,8.0000,5.0000
1.1430,0.2120,0.3900,0.1070,0.2550,0.0000,0.0000,0.5410,1.0000,1.9280,3.3730,2.6930,0.0000,0.0000,0.0000,66.9917,0.0000,3404.0000,1131.0000,0.0000,9.0000,12.0000,8.0000,5.0000
0.8420,0.2790,0.1720,0.1610,0.0450,0.0000,0.0000,0.3910,1.0000,1.9280,3.3730,2.6930,0.0000,0.0000,0.0000,66.9917,0.0000,3404.0000,1131.0000,0.0000,9.0000,12.0000,8.0000,5.0000
1.0250,0.2010,0.2020,0.0990,0.0710,0.0000,0.0000,0.6220,1.0000,1.9280,3.3730,2.6930,0.0000,0.0000,0.0000,67.0020,0.0000,3405.0000,1131.0000,0.0000,9.0000,12.0000,8.0000,4.0000
0.9830,0.2560,0.1930,0.1050,0.0520,0.0000,0.0000,0.5340,1.0000,1.9280,3.3730,2.6930,0.0000,0.0000,0.0000,67.0020,0.0000,3405.0000,1131.0000,0.0000,9.0000,12.0000,8.0000,4.0000
0.9130,0.2290,0.1870,0.1150,0.0500,0.0000,0.0000,0.4970,1.0000,1.9280,3.3730,2.6930,0.0000,0.0000,0.0000,67.0020,0.0000,3405.0000,1131.0000,0.0000,9.0000,12.0000,8.0000,4.0000
0.8750,0.2370,0.2100,0.1220,0.0560,0.0000,0.0000,0.4280,1.0000,1.9280,3.3730,2.6930,0.0000,0.0000,0.0000,67.0020,0.0000,3405.0000,1131.0000,0.0000,9.0000,12.0000,8.0000,4.0000
1.2410,0.2130,0.2230,0.1020,0.0760,0.0000,0.0000,0.8050,1.0000,1.9280,3.3730,2.6930,0.0000,0.0000,0.0000,67.0119,0.0000,3406.0000,1131.0000,0.0000,9.0000,12.0000,8.0000,4.0000
1.0200,0.2940,0.2170,0.1060,0.0650,0.0000,0.0000,0.5090,1.0000,1.9280,3.3730,2.6930,0.0000,0.0000,0.0000,67.0119,0.0000,3406.0000,1131.0000,0.0000,9.0000,12.0000,8.0000,4.0000
0.8960,0.2120,0.2000,0.1100,0.0600,0.0000,0.0000,0.4840,1.0000,1.9280,3.3730,2.6930,0.0000,0.0000,0.0000,67.0119,0.0000,3406.0000,1131.0000,0.0000,9.0000,12.0000,8.0000,4.0000
0.9190,0.2230,0.1990,0.1050,0.0820,0.0000,0.0000,0.4970,1.0000,1.9280,3.3730,2.6930,0.0000,0.0000,0.0000,67.0226,0.0000,3407.0000,1131.0000,0.0000,9.0000,12.0000,8.0000,4.0000
0.9130,0.2290,0.1790,0.0940,0.0460,0.0000,0.0000,0.5050,1.0000,1.9280,3.3730,2.6930,0.0000,0.0000,0.0000,67.0226,0.0000,3407.0000,1131.0000,0.0000,9.0000,12.0000,8.0000,4.0000
1.1310,0.2070,0.2430,0.1030,0.1210,0.0000,0.0000,0.6810,1.0000,1.9280,3.3730,2.6930,0.0000,0.0000,0.0000,67.0429,0.0000,3409.0000,1131.0000,0.0000,9.0000,12.0000,8.0000,4.0000
0.8330,0.2940,0.1740,0.1130,0.0530,0.0000,0.0000,0.3650,1.0000,1.9280,3.3730,2.6930,0.0000,0.0000,0.0000,67.0429,0.0000,3409.0000,1131.0000,0.0000,9.0000,12.0000,8.0000,4.0000
0.9130,0.1960,0.2070,0.0940,0.0530,0.0000,0.0000,0.5100,1.0000,1.9280,3.3730,2.6930,0.0000,0.0000,0.0000,67.0430,0.0000,3409.0000,1131.0000,0.0000,9.0000,12.0000,8.0000,4.0000
0.9860,0.2200,0.1830,0.1160,0.0690,0.0000,0.0000,0.5830,1.0000,1.9280,3.3730,2.6930,0.0000,0.0000,0.0000,67.0430,0.0000,3409.0000,1131.0000,0.0000,9.0000,12.0000,8.0000,4.0000
1.3620,0.2690,0.2300,0.1030,0.0620,0.0000,0.0000,0.8630,1.0000,1.9280,3.3730,2.6930,0.0000,0.0000,0.0000,67.0430,0.0000,3409.0000,1131.0000,0.0000,9.0000,12.0000,8.0000,4.0000
0.9670,0.2540,0.2070,0.1140,0.0620,0.0000,0.0000,0.5060,1.0000,1.9280,3.3730,2.6930,0.0000,0.0000,0.0000,67.0430,0.0000,3409.0000,1131.0000,0.0000,9.0000,12.0000,8.0000,4.0000
2.1320,0.2400,0.1890,0.1310,0.0490,0.0000,0.0000,1.7030,1.0000,1.9280,3.3730,2.6930,0.0000,0.0000,0.0000,67.0430,0.0000,3409.0000,1131.0000,0.0000,9.0000,12.0000,8.0000,4.0000
0.9920,0.2140,0.1970,0.1010,0.0470,0.0000,0.0000,0.5810,1.0000,1.9280,3.3730,2.6930,0.0000,0.0000,0.0000,66.7234,0.0000,3378.0000,1131.0000,0.0000,9.0000,11.0000,8.0000,4.0000
0.9360,0.2140,0.2020,0.0980,0.0480,0.0000,0.0000,0.5200,1.0000,1.9280,3.3730,2.6930,0.0000,0.0000,0.0000,66.7234,0.0000,3378.0000,1131.0000,0.0000,9.0000,11.0000,8.0000,4.0000
0.9780,0.2170,0.1810,0.1110,0.0440,0.0000,0.0000,0.5800,1.0000,1.9280,3.3730,2.6930,0.0000,0.0000,0.0000,66.7234,0.0000,3378.0000,1131.0000,0.0000,9.0000,11.0000,8.0000,4.0000
0.9810,0.2100,0.1980,0.1080,0.0470,0.0000,0.0000,0.5730,1.0000,1.9280,3.3730,2.6930,0.0000,0.0000,0.0000,66.7234,0.0000,3378.0000,1131.0000,0.0000,9.0000,11.0000,8.0000,4.0000
0.9490,0.2370,0.1790,0.1230,0.0440,0.0000,0.0000,0.5330,1.0000,1.9280,3.3730,2.6930,0.0000,0.0000,0.0000,66.7234,0.0000,3378.0000,1131.0000,0.0000,9.0000,11.0000,8.0000,4.0000
0.8310,0.1940,0.1920,0.0960,0.0480,0.0000,0.0000,0.4450,1.0000,1.9280,3.3730,2.6930,0.0000,0.0000,0.0000,66.7234,0.0000,3378.0000,1131.0000,0.0000,9.0000,11.0000,8.0000,4.0000
0.8440,0.1990,0.1770,0.1000,0.0430,0.0000,0.0000,0.4680,1.0000,1.9280,3.3730,2.6930,0.0000,0.0000,0.0000,66.7234,0.0000,3378.0000,1131.0000,0.0000,9.0000,11.0000,8.0000,4.0000
1.0490,0.2030,0.2330,0.0970,0.1050,0.0000,0.0000,0.6130,1.0000,1.9280,3.3730,2.6930,0.0000,0.0000,0.0000,66.7436,0.0000,3380.0000,1131.0000,0.0000,9.0000,11.0000,8.0000,4.0000
0.8630,0.2830,0.1820,0.1040,0.0460,0.0000,0.0000,0.3980,1.0000,1.9280,3.3730,2.6930,0.0000,0.0000,0.0000,66.7436,0.0000,3380.0000,1131.0000,0.0000,9.0000,11.0000,8.0000,4.0000
0.9020,0.2100,0.1600,0.1030,0.0420,0.0000,0.0000,0.5320,1.0000,1.9280,3.3730,2.6930,0.0000,0.0000,0.0000,66.7438,0.0000,3380.0000,1131.0000,0.0000,9.0000,11.0000,8.0000,5.0000
0.8440,0.2670,0.1840,0.1660,0.0510,0.0000,0.0000,0.3930,1.0000,1.9280,3.3730,2.6930,0.0000,0.0000,0.0000,66.7438,0.0000,3380.0000,1131.0000,0.0000,9.0000,11.0000,8.0000,5.0000
0.9880,0.1980,0.1870,0.1000,0.0750,0.0000,0.0000,0.6030,1.0000,1.9280,3.3730,2.6930,0.0000,0.0000,0.0000,66.7644,0.0000,3382.0000,1131.0000,0.0000,9.0000,11.0000,8.0000,5.0000
1.0260,0.3400,0.2650,0.1180,0.1250,0.0000,0.0000,0.4210,1.0000,1.9280,3.3730,2.6930,0.0000,0.0000,0.0000,66.7651,0.0000,3382.0000,1131.0000,0.0000,9.0000,12.0000,8.0000,5.0000
1.0950,0.3070,0.2280,0.1580,0.0860,0.0000,0.0000,0.5600,1.0000,1.9280,3.3730,2.6930,0.0000,0.0000,0.0000,66.7850,0.0000,3384.0000,1131.0000,0.0000,9.0000,12.0000,8.0000,5.0000
1.0920,0.3010,0.2320,0.1000,0.0850,0.0000,0.0000,0.5590,1.0000,1.9280,3.3730,2.6930,0.0000,0.0000,0.0000,66.8053,0.0000,3386.0000,1131.0000,0.0000,9.0000,12.0000,8.0000,5.0000
0.9750,0.2940,0.1990,0.1150,0.0520,0.0000,0.0000,0.4820,1.0000,1.9280,3.3730,2.6930,0.0000,0.0000,0.0000,66.8054,0.0000,3386.0000,1131.0000,0.0000,9.0000,12.0000,8.0000,5.0000
0.9990,0.2250,0.1940,0.1150,0.0490,0.0000,0.0000,0.5800,1.0000,1.9280,3.3730,2.6930,0.0000,0.0000,0.0000,66.8055,0.0000,3386.0000,1131.0000,0.0000,9.0000,12.0000,8.0000,5.0000
0.9450,0.2880,0.1880,0.1190,0.0500,0.0000,0.0000,0.4690,1.0000,1.9280,3.3730,2.6930,0.0000,0.0000,0.0000,66.8055,0.0000,3386.0000,1131.0000,0.0000,9.0000,12.0000,8.0000,5.0000
0.9380,0.2240,0.1980,0.1120,0.0530,0.0000,0.0000,0.5160,1.0000,1.9280,3.3730,2.6930,0.0000,0.0000,0.0000,66.8055,0.0000,3386.0000,1131.0000,0.0000,9.0000,12.0000,8.0000,5.0000
0.9670,0.2210,0.1800,0.1050,0.0480,0.0000,0.0000,0.5660,1.0000,1.9280,3.3730,2.6930,0.0000,0.0000,0.0000,66.8053,0.0000,3386.0000,1131.0000,0.0000,9.0000,12.0000,8.0000,6.0000
0.9930,0.3040,0.1990,0.1520,0.0660,0.0000,0.0000,0.4900,1.0000,1.9280,3.3730,2.6930,0.0000,0.0000,0.0000,66.8053,0.0000,3386.0000,1131.0000,0.0000,9.0000,12.0000,8.0000,6.0000
0.9850,0.3220,0.1940,0.1700,0.0510,0.0000,0.0000,0.4690,1.0000,1.9280,3.3730,2.6930,0.0000,0.0000,0.0000,66.8053,0.0000,3386.0000,1131.0000,0.0000,9.0000,12.0000,8.0000,6.0000
0.9590,0.2850,0.1920,0.1170,0.0500,0.0000,0.0000,0.4820,1.0000,1.9280,3.3730,2.6930,0.0000,0.0000,0.0000,66.8053,0.0000,3386.0000,1131.0000,0.0000,9.0000,12.0000,8.0000,6.0000
0.9740,0.2670,0.1890,0.1210,0.0490,0.0000,0.0000,0.5180,1.0000,1.9280,3.3730,2.6930,0.0000,0.0000,0.0000,66.8053,0.0000,3386.0000,1131.0000,0.0000,9.0000,12.0000,8.0000,6.0000
1.0090,0.2840,0.2080,0.1790,0.0680,0.0000,0.0000,0.5170,1.0000,1.9280,3.3730,2.6930,0.0000,0.0000,0.0000,66.8053,0.0000,3386.0000,1131.0000,0.0000,9.0000,12.0000,8.0000,6.0000
0.9630,0.2690,0.1910,0.1620,0.0480,0.0000,0.0000,0.5030,1.0000,1.9280,3.3730,2.6930,0.0000,0.0000,0.0000,66.8053,0.0000,3386.0000,1131.0000,0.0000,9.0000,12.0000,8.0000,6.0000
1.0960,0.2850,0.2280,0.1780,0.0840,0.0000,0.0000,0.5830,1.0000,1.9280,3.3730,2.6930,0.0000,0.0000,0.0000,66.8256,0.0000,3388.0000,1131.0000,0.0000,9.0000,12.0000,8.0000,6.0000
0.9830,0.3380,0.2070,0.1240,0.0500,0.0000,0.0000,0.4380,1.0000,1.9280,3.3730,2.6930,0.0000,0.0000,0.0000,66.8256,0.0000,3388.0000,1131.0000,0.0000,9.0000,12.0000,8.0000,6.0000
0.9910,0.2690,0.1890,0.1160,0.0480,0.0000,0.0000,0.5330,1.0000,1.9280,3.3730,2.6930,0.0000,0.0000,0.0000,66.8257,0.0000,3388.0000,1131.0000,0.0000,9.0000,12.0000,8.0000,6.0000
1.0690,0.2720,0.2430,0.1690,0.0850,0.0000,0.0000,0.5540,1.0000,1.9280,3.3730,2.6930,0.0000,0.0000,0.0000,66.8364,0.0000,3389.0000,1131.0000,0.0000,9.0000,12.0000,8.0000,6.0000
1.0610,0.3210,0.2360,0.1260,0.0850,0.0000,0.0000,0.5040,1.0000,1.9280,3.3730,2.6930,0.0000,0.0000,0.0000,66.8473,0.0000,3390.0000,1131.0000,0.0000,9.0000,13.0000,8.0000,6.0000
0.9390,0.3190,0.1880,0.1120,0.0510,0.0000,0.0000,0.4320,1.0000,1.9280,3.3730,2.6930,0.0000,0.0000,0.0000,66.8474,0.0000,3390.0000,1131.0000,0.0000,9.0000,13.0000,8.0000,6.0000
0.9880,0.2760,0.1820,0.1060,0.0480,0.0000,0.0000,0.5300,1.0000,1.9280,3.3730,2.6930,0.0000,0.0000,0.0000,66.8474,0.0000,3390.0000,1131.0000,0.0000,9.0000,13.0000,8.0000,6.0000
0.9450,0.3190,0.1970,0.1680,0.0500,0.0000,0.0000,0.4290,1.0000,1.9280,3.3730,2.6930,0.0000,0.0000,0.0000,66.8474,0.0000,3390.0000,1131.0000,0.0000,9.0000,13.0000,8.0000,6.0000
1.0290,0.2580,0.2200,0.1070,0.0760,0.0000,0.0000,0.5510,1.0000,1.9280,3.3730,2.6930,0.0000,0.0000,0.0000,66.8577,0.0000,3391.0000,1131.0000,0.0000,9.0000,13.0000,8.0000,6.0000
0.9790,0.3000,0.1990,0.1100,0.0490,0.0000,0.0000,0.4800,1.0000,1.9280,3.3730,2.6930,0.0000,0.0000,0.0000,66.8577,0.0000,3391.0000,1131.0000,0.0000,9.0000,13.0000,8.0000,6.0000
1.1600,0.2790,0.2220,0.1150,0.0750,0.0000,0.0000,0.6590,1.0000,1.9280,3.3730,2.6930,0.0000,0.0000,0.0000,66.8676,0.0000,3392.0000,1131.0000,0.0000,9.0000,13.0000,8.0000,6.0000
1.0690,0.4310,0.2390,0.2410,0.0820,0.0000,0.0000,0.3990,1.0000,1.9280,3.3730,2.6930,0.0000,0.0000,0.0000,66.8778,0.0000,3393.0000,1131.0000,0.0000,9.0000,13.0000,8.0000,6.0000
1.0040,0.2610,0.2130,0.1170,0.0510,0.0000,0.0000,0.5300,1.0000,1.9280,3.3730,2.6930,0.0000,0.0000,0.0000,66.8779,0.0000,3393.0000,1131.0000,0.0000,9.0000,13.0000,8.0000,6.0000
0.9880,0.2400,0.2080,0.1240,0.0610,0.0000,0.0000,0.5400,1.0000,1.9280,3.3730,2.6930,0.0000,0.0000,0.0000,66.8780,0.0000,3393.0000,1131.0000,0.0000,9.0000,13.0000,8.0000,6.0000
1.0650,0.2440,0.2310,0.1250,0.0500,0.0000,0.0000,0.5900,1.0000,1.9280,3.3730,2.6930,0.0000,0.0000,0.0000,66.8780,0.0000,3393.0000,1131.0000,0.0000,9.0000,13.0000,8.0000,6.0000
1.9780,0.2600,0.2050,0.1180,0.0480,0.0000,0.0000,1.5130,1.0000,1.9280,3.3730,2.6930,0.0000,0.0000,0.0000,66.8780,0.0000,3393.0000,1131.0000,0.0000,9.0000,13.0000,8.0000,6.0000
4.7780,0.2250,0.2720,0.1060,0.0940,0.0000,0.0000,4.2810,1.0000,1.9280,3.3730,2.6930,0.0000,0.0000,0.0000,66.8780,0.0000,3393.0000,1131.0000,0.0000,9.0000,13.0000,8.0000,6.0000
1.1100,0.2520,0.2070,0.1190,0.0480,0.0000,0.0000,0.6510,1.0000,1.9280,3.3730,2.6930,0.0000,0.0000,0.0000,66.8780,0.0000,3393.0000,1131.0000,0.0000,9.0000,13.0000,8.0000,6.0000
1.0620,0.3810,0.2100,0.1960,0.0590,0.0000,0.0000,0.4710,1.0000,1.9280,3.3730,2.6930,0.0000,0.0000,0.0000,66.8780,0.0000,3393.0000,1131.0000,0.0000,9.0000,13.0000,8.0000,6.0000
1.0190,0.2620,0.2010,0.1240,0.0500,0.0000,0.0000,0.5560,1.0000,1.9280,3.3730,2.6930,0.0000,0.0000,0.0000,66.8780,0.0000,3393.0000,1131.0000,0.0000,9.0000,13.0000,8.0000,6.0000
1.0060,0.2340,0.2050,0.1190,0.0570,0.0000,0.0000,0.5670,1.0000,1.9280,3.3730,2.6930,0.0000,0.0000,0.0000,66.8780,0.0000,3393.0000,1131.0000,0.0000,9.0000,13.0000,8.0000,6.0000
1.1290,0.2320,0.2160,0.1190,0.0760,0.0000,0.0000,0.6810,1.0000,1.9280,3.3730,2.6930,0.0000,0.0000,0.0000,66.8882,0.0000,3394.0000,1131.0000,0.0000,9.0000,13.0000,8.0000,6.0000
1.0010,0.2950,0.2350,0.1120,0.0530,0.0000,0.0000,0.4710,1.0000,1.9280,3.3730,2.6930,0.0000,0.0000,0.0000,66.8882,0.0000,3394.0000,1131.0000,0.0000,9.0000,13.0000,8.0000,6.0000
1.1090,0.2350,0.2670,0.1130,0.0880,0.0000,0.0000,0.6070,1.0000,1.9280,3.3730,2.6930,0.0000,0.0000,0.0000,66.8990,0.0000,3395.0000,1131.0000,0.0000,9.0000,13.0000,8.0000,6.0000
1.0250,0.2560,0.2270,0.1090,0.0500,0.0000,0.0000,0.5420,1.0000,1.9280,3.3730,2.6930,0.0000,0.0000,0.0000,66.8990,0.0000,3395.0000,1131.0000,0.0000,9.0000,13.0000,8.0000,6.0000
1.0830,0.2460,0.2550,0.1220,0.0610,0.0000,0.0000,0.5820,1.0000,1.9280,3.3730,2.6930,0.0000,0.0000,0.0000,66.8990,0.0000,3395.0000,1131.0000,0.0000,9.0000,13.0000,8.0000,6.0000
0.9560,0.2300,0.1870,0.1080,0.0470,0.0000,0.0000,0.5390,1.0000,1.9280,3.3730,2.6930,0.0000,0.0000,0.0000,66.8990,0.0000,3395.0000,1131.0000,0.0000,9.0000,13.0000,8.0000,6.0000
1.0670,0.2260,0.2100,0.1180,0.0740,0.0000,0.0000,0.6310,1.0000,1.9280,3.3730,2.6930,0.0000,0.0000,0.0000,66.9093,0.0000,3396.0000,1131.0000,0.0000,9.0000,13.0000,8.0000,6.0000
1.0520,0.2640,0.2000,0.1150,0.0620,0.0000,0.0000,0.5880,1.0000,1.9280,3.3730,2.6930,0.0000,0.0000,0.0000,66.9093,0.0000,3396.0000,1131.0000,0.0000,9.0000,13.0000,8.0000,6.0000
1.2840,0.3010,0.2360,0.1660,0.0500,0.0000,0.0000,0.7470,1.0000,1.9280,3.3730,2.6930,0.0000,0.0000,0.0000,66.9094,0.0000,3396.0000,1131.0000,0.0000,9.0000,13.0000,8.0000,6.0000
1.0240,0.2880,0.2100,0.1510,0.0510,0.0000,0.0000,0.5260,1.0000,1.9280,3.3730,2.6930,0.0000,0.0000,0.0000,66.9094,0.0000,3396.0000,1131.0000,0.0000,9.0000,13.0000,8.0000,6.0000
1.0610,0.2810,0.2240,0.1760,0.0810,0.0000,0.0000,0.5560,1.0000,1.9280,3.3730,2.6930,0.0000,0.0000,0.0000,66.9296,0.0000,3398.0000,1131.0000,0.0000,9.0000,13.0000,8.0000,6.0000
1.1210,0.3340,0.1860,0.1060,0.0480,0.0000,0.0000,0.6010,1.0000,1.9280,3.3730,2.6930,0.0000,0.0000,0.0000,66.9298,0.0000,3398.0000,1131.0000,0.0000,9.0000,13.0000,8.0000,7.0000
1.0640,0.4460,0.2420,0.3430,0.0820,0.0000,0.0000,0.3760,1.0000,1.9280,3.3730,2.6930,0.0000,0.0000,0.0000,66.9401,0.0000,3399.0000,1131.0000,0.0000,9.0000,13.0000,8.0000,7.0000
1.0130,0.2640,0.2190,0.1170,0.0750,0.0000,0.0000,0.5300,1.0000,1.9280,3.3730,2.6930,0.0000,0.0000,0.0000,66.9511,0.0000,3400.0000,1131.0000,0.0000,9.0000,14.0000,8.0000,7.0000
0.9700,0.2570,0.1870,0.1140,0.0490,0.0000,0.0000,0.5260,1.0000,1.9280,3.3730,2.6930,0.0000,0.0000,0.0000,66.9512,0.0000,3400.0000,1131.0000,0.0000,9.0000,14.0000,8.0000,7.0000
1.0500,0.2370,0.1880,0.1200,0.0490,0.0000,0.0000,0.6250,1.0000,1.9280,3.3730,2.6930,0.0000,0.0000,0.0000,66.9512,0.0000,3400.0000,1131.0000,0.0000,9.0000,14.0000,8.0000,7.0000
0.9880,0.3660,0.2110,0.1640,0.0560,0.0000,0.0000,0.4110,1.0000,1.9280,3.3730,2.6930,0.0000,0.0000,0.0000,66.9505,0.0000,3400.0000,1131.0000,0.0000,9.0000,13.0000,8.0000,7.0000
0.9680,0.2460,0.2060,0.1200,0.0540,0.0000,0.0000,0.5160,1.0000,1.9280,3.3730,2.6930,0.0000,0.0000,0.0000,66.9505,0.0000,3400.0000,1131.0000,0.0000,9.0000,13.0000,8.0000,7.0000
1.0710,0.2310,0.2400,0.1200,0.0920,0.0000,0.0000,0.6000,1.0000,1.9280,3.3730,2.6930,0.0000,0.0000,0.0000,66.9707,0.0000,3402.0000,1131.0000,0.0000,9.0000,13.0000,8.0000,7.0000
1.0330,0.2880,0.2060,0.1060,0.0570,0.0000,0.0000,0.5390,1.0000,1.9280,3.3730,2.6930,0.0000,0.0000,0.0000,66.9714,0.0000,3402.0000,1131.0000,0.0000,9.0000,14.0000,8.0000,7.0000
0.9900,0.2520,0.2320,0.1110,0.0840,0.0000,0.0000,0.5060,1.0000,1.9280,3.3730,2.6930,0.0000,0.0000,0.0000,66.9708,0.0000,3402.0000,1131.0000,0.0000,9.0000,13.0000,8.0000,7.0000
0.9540,0.2280,0.1940,0.1080,0.0480,0.0000,0.0000,0.5320,1.0000,1.9280,3.3730,2.6930,0.0000,0.0000,0.0000,66.9708,0.0000,3402.0000,1131.0000,0.0000,9.0000,13.0000,8.0000,7.0000
0.9740,0.2280,0.1950,0.1090,0.0490,0.0000,0.0000,0.5510,1.0000,1.9280,3.3730,2.6930,0.0000,0.0000,0.0000,66.9708,0.0000,3402.0000,1131.0000,0.0000,9.0000,13.0000,8.0000,7.0000
1.0280,0.2410,0.1940,0.1190,0.0490,0.0000,0.0000,0.5930,1.0000,1.9280,3.3730,2.6930,0.0000,0.0000,0.0000,66.9715,0.0000,3402.0000,1131.0000,0.0000,9.0000,14.0000,8.0000,7.0000
0.9720,0.3300,0.1920,0.1390,0.0500,0.0000,0.0000,0.4500,1.0000,1.9280,3.3730,2.6930,0.0000,0.0000,0.0000,66.9715,0.0000,3402.0000,1131.0000,0.0000,9.0000,14.0000,8.0000,7.0000
1.0220,0.2330,0.2240,0.1200,0.0780,0.0000,0.0000,0.5650,1.0000,1.9280,3.3730,2.6930,0.0000,0.0000,0.0000,66.9818,0.0000,3403.0000,1131.0000,0.0000,9.0000,14.0000,8.0000,7.0000
0.9410,0.2610,0.1890,0.1060,0.0480,0.0000,0.0000,0.4910,1.0000,1.9280,3.3730,2.6930,0.0000,0.0000,0.0000,66.9811,0.0000,3403.0000,1131.0000,0.0000,9.0000,13.0000,8.0000,7.0000
1.0140,0.2290,0.2030,0.1170,0.0480,0.0000,0.0000,0.5820,1.0000,1.9280,3.3730,2.6930,0.0000,0.0000,0.0000,66.9812,0.0000,3403.0000,1131.0000,0.0000,9.0000,13.0000,8.0000,7.0000
0.9320,0.3070,0.1870,0.1200,0.0470,0.0000,0.0000,0.4380,1.0000,1.9280,3.3730,2.6930,0.0000,0.0000,0.0000,66.9812,0.0000,3403.0000,1131.0000,0.0000,9.0000,13.0000,8.0000,7.0000
1.0230,0.2250,0.2110,0.1140,0.0760,0.0000,0.0000,0.5870,1.0000,1.9280,3.3730,2.6930,0.0000,0.0000,0.0000,66.9914,0.0000,3404.0000,1131.0000,0.0000,9.0000,13.0000,8.0000,7.0000
0.9380,0.2770,0.1830,0.1180,0.0490,0.0000,0.0000,0.4780,1.0000,1.9280,3.3730,2.6930,0.0000,0.0000,0.0000,66.9914,0.0000,3404.0000,1131.0000,0.0000,9.0000,13.0000,8.0000,7.0000
0.9930,0.2370,0.1950,0.1220,0.0470,0.0000,0.0000,0.5610,1.0000,1.9280,3.3730,2.6930,0.0000,0.0000,0.0000,66.9915,0.0000,3404.0000,1131.0000,0.0000,9.0000,13.0000,8.0000,7.0000
0.9440,0.3270,0.1890,0.1750,0.0480,0.0000,0.0000,0.4280,1.0000,1.9280,3.3730,2.6930,0.0000,0.0000,0.0000,66.9915,0.0000,3404.0000,1131.0000,0.0000,9.0000,13.0000,8.0000,7.0000
1.5320,0.2690,0.2170,0.1100,0.0820,0.0000,0.0000,1.0460,1.0000,1.9280,3.3730,2.6930,0.0000,0.0000,0.0000,67.0121,0.0000,3406.0000,1131.0000,0.0000,9.0000,13.0000,8.0000,7.0000
0.9390,0.2910,0.1890,0.1010,0.0460,0.0000,0.0000,0.4590,1.0000,1.9280,3.3730,2.6930,0.0000,0.0000,0.0000,67.0122,0.0000,3406.0000,1131.0000,0.0000,9.0000,13.0000,8.0000,7.0000
1.1070,0.2180,0.2700,0.1070,0.0900,0.0000,0.0000,0.6190,1.0000,1.9280,3.3730,2.6930,0.0000,0.0000,0.0000,67.0218,0.0000,3407.0000,1131.0000,0.0000,9.0000,12.0000,8.0000,7.0000
1.1030,0.2450,0.2310,0.1000,0.0880,0.0000,0.0000,0.6270,1.0000,1.9280,3.3730,2.6930,0.0000,0.0000,0.0000,67.0419,0.0000,3409.0000,1131.0000,0.0000,9.0000,12.0000,8.0000,7.0000
0.9320,0.3150,0.1990,0.1350,0.0480,0.0000,0.0000,0.4180,1.0000,1.9280,3.3730,2.6930,0.0000,0.0000,0.0000,67.0420,0.0000,3409.0000,1131.0000,0.0000,9.0000,12.0000,8.0000,7.0000
0.9670,0.2020,0.1950,0.1000,0.0580,0.0000,0.0000,0.5700,1.0000,1.9280,3.3730,2.6930,0.0000,0.0000,0.0000,67.0421,0.0000,3409.0000,1131.0000,0.0000,9.0000,12.0000,8.0000,7.0000
2.2790,0.2220,0.2460,0.1070,0.0500,0.0000,0.0000,1.8110,1.0000,1.9280,3.3730,2.6930,0.0000,0.0000,0.0000,67.0421,0.0000,3409.0000,1131.0000,0.0000,9.0000,12.0000,8.0000,7.0000
1.1410,0.2150,0.2310,0.1030,0.0530,0.0000,0.0000,0.6950,1.0000,1.9280,3.3730,2.6930,0.0000,0.0000,0.0000,66.7293,0.0000,3378.0000,1131.0000,0.0000,9.0000,12.0000,8.0000,7.0000
1.7080,0.3190,0.5620,0.1390,0.3980,0.0000,0.0000,0.8270,1.0000,1.9280,3.3730,2.6930,0.0000,0.0000,0.0000,66.7293,0.0000,3378.0000,1131.0000,0.0000,9.0000,12.0000,8.0000,7.0000
1.0370,0.2810,0.2140,0.1300,0.0490,0.0000,0.0000,0.5420,1.0000,1.9280,3.3730,2.6930,0.0000,0.0000,0.0000,66.7293,0.0000,3378.0000,1131.0000,0.0000,9.0000,12.0000,8.0000,7.0000
1.0070,0.2440,0.2130,0.1250,0.0540,0.0000,0.0000,0.5500,1.0000,1.9280,3.3730,2.6930,0.0000,0.0000,0.0000,66.7293,0.0000,3378.0000,1131.0000,0.0000,9.0000,12.0000,8.0000,7.0000
1.0560,0.2390,0.2200,0.1190,0.0510,0.0000,0.0000,0.5970,1.0000,1.9280,3.3730,2.6930,0.0000,0.0000,0.0000,66.7293,0.0000,3378.0000,1131.0000,0.0000,9.0000,12.0000,8.0000,7.0000
0.9660,0.2560,0.1910,0.1250,0.0470,0.0000,0.0000,0.5190,1.0000,1.9280,3.3730,2.6930,0.0000,0.0000,0.0000,66.7293,0.0000,3378.0000,1131.0000,0.0000,9.0000,12.0000,8.0000,7.0000
1.0300,0.2110,0.1870,0.1060,0.0460,0.0000,0.0000,0.6320,1.0000,1.9280,3.3730,2.6930,0.0000,0.0000,0.0000,66.7329,0.0000,3379.0000,1131.0000,0.0000,9.0000,12.0000,8.0000,7.0000
1.2570,0.2720,0.1890,0.1570,0.0470,0.0000,0.0000,0.7960,1.0000,1.9280,3.3730,2.6930,0.0000,0.0000,0.0000,66.7318,0.0000,3379.0000,1131.0000,0.0000,9.0000,12.0000,8.0000,7.0000
1.7250,0.4310,0.7030,0.2960,0.5640,0.0000,0.0000,0.5910,1.0000,1.9280,3.3730,2.6930,0.0000,0.0000,0.0000,66.7913,0.0000,3391.0000,1131.0000,0.0000,9.0000,13.0000,8.0000,7.0000
1.0140,0.3980,0.1950,0.1230,0.0490,0.0000,0.0000,0.4210,1.0000,1.9280,3.3730,2.6930,0.0000,0.0000,0.0000,66.7913,0.0000,3391.0000,1131.0000,0.0000,9.0000,13.0000,8.0000,7.0000
0.9930,0.2360,0.1980,0.1230,0.0460,0.0000,0.0000,0.5590,1.0000,1.9280,3.3730,2.6930,0.0000,0.0000,0.0000,66.7929,0.0000,3391.0000,1131.0000,0.0000,9.0000,15.0000,8.0000,7.0000
1.4760,0.2200,0.2290,0.1000,0.0810,0.0000,0.0000,1.0270,1.0000,1.9280,3.3730,2.6930,0.0000,0.0000,0.0000,66.8132,0.0000,3393.0000,1131.0000,0.0000,9.0000,15.0000,8.0000,7.0000
1.0600,0.3580,0.2430,0.1830,0.0890,0.0000,0.0000,0.4590,1.0000,1.9280,3.3730,2.6930,0.0000,0.0000,0.0000,66.8132,0.0000,3393.0000,1131.0000,0.0000,9.0000,15.0000,8.0000,7.0000
0.9680,0.2360,0.2070,0.1110,0.0710,0.0000,0.0000,0.5250,1.0000,1.9280,3.3730,2.6930,0.0000,0.0000,0.0000,66.8126,0.0000,3393.0000,1131.0000,0.0000,9.0000,14.0000,8.0000,7.0000
1.0740,0.2340,0.2210,0.1030,0.1010,0.0000,0.0000,0.6190,1.0000,1.9280,3.3730,2.6930,0.0000,0.0000,0.0000,66.8228,0.0000,3394.0000,1131.0000,0.0000,9.0000,14.0000,8.0000,7.0000
1.0230,0.2930,0.2090,0.1200,0.0500,0.0000,0.0000,0.5210,1.0000,1.9280,3.3730,2.6930,0.0000,0.0000,0.0000,66.8235,0.0000,3394.0000,1131.0000,0.0000,9.0000,15.0000,8.0000,7.0000
1.2120,0.2080,0.2520,0.1000,0.0980,0.0000,0.0000,0.7520,1.0000,1.9280,3.3730,2.6930,0.0000,0.0000,0.0000,66.8546,0.0000,3397.0000,1131.0000,0.0000,9.0000,15.0000,8.0000,7.0000
1.0580,0.3370,0.2110,0.1250,0.0900,0.0000,0.0000,0.5100,1.0000,1.9280,3.3730,2.6930,0.0000,0.0000,0.0000,66.8749,0.0000,3399.0000,1131.0000,0.0000,9.0000,15.0000,8.0000,7.0000
0.9440,0.2610,0.1740,0.0980,0.0420,0.0000,0.0000,0.5090,1.0000,1.9280,3.3730,2.6930,0.0000,0.0000,0.0000,66.8750,0.0000,3399.0000,1131.0000,0.0000,9.0000,15.0000,8.0000,7.0000
1.1550,0.2130,0.2450,0.1050,0.0880,0.0000,0.0000,0.6970,1.0000,1.9280,3.3730,2.6930,0.0000,0.0000,0.0000,66.8953,0.0000,3401.0000,1131.0000,0.0000,9.0000,15.0000,8.0000,8.0000
0.9970,0.3190,0.1800,0.1380,0.0460,0.0000,0.0000,0.4980,1.0000,1.9280,3.3730,2.6930,0.0000,0.0000,0.0000,66.8953,0.0000,3401.0000,1131.0000,0.0000,9.0000,15.0000,8.0000,8.0000
0.8860,0.2320,0.1660,0.1240,0.0430,0.0000,0.0000,0.4880,1.0000,1.9280,3.3730,2.6930,0.0000,0.0000,0.0000,66.8961,0.0000,3401.0000,1131.0000,0.0000,9.0000,16.0000,8.0000,8.0000
0.9490,0.1930,0.1720,0.0970,0.0540,0.0000,0.0000,0.5840,1.0000,1.9280,3.3730,2.6930,0.0000,0.0000,0.0000,66.8961,0.0000,3401.0000,1131.0000,0.0000,9.0000,16.0000,8.0000,8.0000
0.9970,0.2360,0.2180,0.1260,0.0560,0.0000,0.0000,0.5430,1.0000,1.9280,3.3730,2.6930,0.0000,0.0000,0.0000,66.8961,0.0000,3401.0000,1131.0000,0.0000,9.0000,16.0000,8.0000,8.0000
0.8870,0.2190,0.1570,0.0980,0.0420,0.0000,0.0000,0.5110,1.0000,1.9280,3.3730,2.6930,0.0000,0.0000,0.0000,66.8954,0.0000,3401.0000,1131.0000,0.0000,9.0000,15.0000,8.0000,8.0000
0.9460,0.2020,0.1830,0.1000,0.0440,0.0000,0.0000,0.5610,1.0000,1.9280,3.3730,2.6930,0.0000,0.0000,0.0000,66.8954,0.0000,3401.0000,1131.0000,0.0000,9.0000,15.0000,8.0000,8.0000
0.9680,0.2060,0.1790,0.1020,0.0420,0.0000,0.0000,0.5830,1.0000,1.9280,3.3730,2.6930,0.0000,0.0000,0.0000,66.8954,0.0000,3401.0000,1131.0000,0.0000,9.0000,15.0000,8.0000,8.0000
0.9310,0.2020,0.1900,0.0980,0.0440,0.0000,0.0000,0.5390,1.0000,1.9280,3.3730,2.6930,0.0000,0.0000,0.0000,66.8961,0.0000,3401.0000,1131.0000,0.0000,9.0000,16.0000,8.0000,8.0000
1.0110,0.2080,0.2070,0.1040,0.1010,0.0000,0.0000,0.5960,1.0000,1.9280,3.3730,2.6930,0.0000,0.0000,0.0000,66.9158,0.0000,3403.0000,1131.0000,0.0000,9.0000,16.0000,8.0000,8.0000
0.9050,0.2840,0.1850,0.1040,0.0670,0.0000,0.0000,0.4360,1.0000,1.9280,3.3730,2.6930,0.0000,0.0000,0.0000,66.9124,0.0000,3397.0000,1131.0000,0.0000,9.0000,16.0000,8.0000,8.0000
1.0070,0.2340,0.1710,0.1070,0.0650,0.0000,0.0000,0.6020,1.0000,1.9280,3.3730,2.6930,0.0000,0.0000,0.0000,66.9228,0.0000,3398.0000,1131.0000,0.0000,9.0000,16.0000,8.0000,8.0000
0.9300,0.2460,0.1540,0.1120,0.0420,0.0000,0.0000,0.5300,1.0000,1.9280,3.3730,2.6930,0.0000,0.0000,0.0000,66.9228,0.0000,3398.0000,1131.0000,0.0000,9.0000,16.0000,8.0000,8.0000
1.1680,0.2460,0.1780,0.1140,0.0670,0.0000,0.0000,0.7440,1.0000,1.9280,3.3730,2.6930,0.0000,0.0000,0.0000,66.9331,0.0000,3399.0000,1131.0000,0.0000,9.0000,16.0000,8.0000,8.0000
0.9140,0.2440,0.2230,0.1110,0.0500,0.0000,0.0000,0.4470,1.0000,1.9280,3.3730,2.6930,0.0000,0.0000,0.0000,66.9331,0.0000,3399.0000,1131.0000,0.0000,9.0000,16.0000,8.0000,8.0000
0.9660,0.2220,0.1880,0.1070,0.0690,0.0000,0.0000,0.5560,1.0000,1.9280,3.3730,2.6930,0.0000,0.0000,0.0000,66.9427,0.0000,3400.0000,1131.0000,0.0000,9.0000,15.0000,8.0000,8.0000
1.1810,0.2540,0.1920,0.1070,0.0670,0.0000,0.0000,0.7350,1.0000,1.9280,3.3730,2.6930,0.0000,0.0000,0.0000,66.9530,0.0000,3401.0000,1131.0000,0.0000,9.0000,15.0000,8.0000,8.0000
0.9160,0.2800,0.1900,0.1050,0.0430,0.0000,0.0000,0.4460,1.0000,1.9280,3.3730,2.6930,0.0000,0.0000,0.0000,66.9518,0.0000,3400.0000,1131.0000,0.0000,9.0000,15.0000,8.0000,8.0000
0.8530,0.2360,0.1530,0.1050,0.0410,0.0000,0.0000,0.4640,1.0000,1.9280,3.3730,2.6930,0.0000,0.0000,0.0000,66.9518,0.0000,3400.0000,1131.0000,0.0000,9.0000,15.0000,8.0000,7.0000
0.8730,0.2100,0.1540,0.1170,0.0450,0.0000,0.0000,0.5090,1.0000,1.9280,3.3730,2.6930,0.0000,0.0000,0.0000,66.9518,0.0000,3400.0000,1131.0000,0.0000,9.0000,15.0000,8.0000,7.0000
1.0460,0.2220,0.1840,0.1080,0.0750,0.0000,0.0000,0.6400,1.0000,1.9280,3.3730,2.6930,0.0000,0.0000,0.0000,66.9731,0.0000,3402.0000,1131.0000,0.0000,9.0000,16.0000,8.0000,7.0000
0.8580,0.3490,0.1610,0.1450,0.0450,0.0000,0.0000,0.3480,1.0000,1.9280,3.3730,2.6930,0.0000,0.0000,0.0000,66.9731,0.0000,3402.0000,1131.0000,0.0000,9.0000,16.0000,8.0000,6.0000
0.9070,0.2430,0.1870,0.1110,0.0760,0.0000,0.0000,0.4770,1.0000,1.9280,3.3730,2.6930,0.0000,0.0000,0.0000,66.9725,0.0000,3402.0000,1131.0000,0.0000,9.0000,15.0000,8.0000,6.0000
0.9410,0.2490,0.1940,0.1550,0.0780,0.0000,0.0000,0.4980,1.0000,1.9280,3.3730,2.6930,0.0000,0.0000,0.0000,66.9828,0.0000,3403.0000,1131.0000,0.0000,9.0000,15.0000,8.0000,6.0000
0.9750,0.2330,0.1760,0.1020,0.0470,0.0000,0.0000,0.5660,1.0000,1.9280,3.3730,2.6930,0.0000,0.0000,0.0000,66.9828,0.0000,3403.0000,1131.0000,0.0000,9.0000,15.0000,8.0000,6.0000
0.8660,0.2360,0.1730,0.1210,0.0450,0.0000,0.0000,0.4570,1.0000,1.9280,3.3730,2.6930,0.0000,0.0000,0.0000,66.9828,0.0000,3403.0000,1131.0000,0.0000,9.0000,15.0000,8.0000,6.0000
0.8520,0.2130,0.1740,0.1040,0.0540,0.0000,0.0000,0.4650,1.0000,1.9280,3.3730,2.6930,0.0000,0.0000,0.0000,66.9835,0.0000,3403.0000,1131.0000,0.0000,9.0000,16.0000,8.0000,7.0000
0.8730,0.2080,0.1590,0.1140,0.0470,0.0000,0.0000,0.5060,1.0000,1.9280,3.3730,2.6930,0.0000,0.0000,0.0000,66.9836,0.0000,3403.0000,1131.0000,0.0000,9.0000,16.0000,8.0000,7.0000
0.8690,0.2070,0.1740,0.1070,0.0670,0.0000,0.0000,0.4880,1.0000,1.9280,3.3730,2.6930,0.0000,0.0000,0.0000,66.9836,0.0000,3403.0000,1131.0000,0.0000,9.0000,16.0000,8.0000,7.0000
0.9000,0.2100,0.1610,0.1030,0.0440,0.0000,0.0000,0.5290,1.0000,1.9280,3.3730,2.6930,0.0000,0.0000,0.0000,66.9843,0.0000,3403.0000,1131.0000,0.0000,9.0000,17.0000,8.0000,7.0000
0.8980,0.2560,0.1820,0.1160,0.0690,0.0000,0.0000,0.4600,1.0000,1.9280,3.3730,2.6930,0.0000,0.0000,0.0000,66.9945,0.0000,3404.0000,1131.0000,0.0000,9.0000,17.0000,8.0000,7.0000
0.8910,0.2330,0.1520,0.1020,0.0440,0.0000,0.0000,0.5060,1.0000,1.9280,3.3730,2.6930,0.0000,0.0000,0.0000,66.9945,0.0000,3404.0000,1131.0000,0.0000,9.0000,17.0000,8.0000,7.0000
0.8420,0.2340,0.1810,0.1420,0.0580,0.0000,0.0000,0.4270,1.0000,1.9280,3.3730,2.6930,0.0000,0.0000,0.0000,66.9946,0.0000,3404.0000,1131.0000,0.0000,9.0000,17.0000,8.0000,7.0000
1.1940,0.1940,0.1820,0.1010,0.0440,0.0000,0.0000,0.8180,1.0000,1.9280,3.3730,2.6930,0.0000,0.0000,0.0000,66.9946,0.0000,3404.0000,1131.0000,0.0000,9.0000,17.0000,8.0000,7.0000
1.1260,0.2170,0.2380,0.1090,0.0820,0.0000,0.0000,0.6710,1.0000,1.9280,3.3730,2.6930,0.0000,0.0000,0.0000,67.0048,0.0000,3405.0000,1131.0000,0.0000,9.0000,17.0000,8.0000,7.0000
1.0580,0.3100,0.2140,0.1060,0.0520,0.0000,0.0000,0.5340,1.0000,1.9280,3.3730,2.6930,0.0000,0.0000,0.0000,67.0056,0.0000,3405.0000,1131.0000,0.0000,9.0000,18.0000,8.0000,7.0000
1.0040,0.2210,0.1720,0.1060,0.0440,0.0000,0.0000,0.6110,1.0000,1.9280,3.3730,2.6930,0.0000,0.0000,0.0000,67.0049,0.0000,3405.0000,1131.0000,0.0000,9.0000,17.0000,8.0000,7.0000
1.0170,0.2370,0.2030,0.1230,0.0540,0.0000,0.0000,0.5770,1.0000,1.9280,3.3730,2.6930,0.0000,0.0000,0.0000,67.0049,0.0000,3405.0000,1131.0000,0.0000,9.0000,17.0000,8.0000,7.0000
1.0180,0.2640,0.1960,0.1140,0.0740,0.0000,0.0000,0.5580,1.0000,1.9280,3.3730,2.6930,0.0000,0.0000,0.0000,67.0152,0.0000,3406.0000,1131.0000,0.0000,9.0000,17.0000,8.0000,7.0000
1.2400,0.2730,0.2190,0.1150,0.0940,0.0000,0.0000,0.7480,1.0000,1.9280,3.3730,2.6930,0.0000,0.0000,0.0000,67.0255,0.0000,3407.0000,1131.0000,0.0000,9.0000,17.0000,8.0000,7.0000
1.0460,0.3480,0.2160,0.1400,0.0470,0.0000,0.0000,0.4820,1.0000,1.9280,3.3730,2.6930,0.0000,0.0000,0.0000,67.0255,0.0000,3407.0000,1131.0000,0.0000,9.0000,17.0000,8.0000,7.0000
1.0660,0.2580,0.2340,0.1190,0.0500,0.0000,0.0000,0.5740,1.0000,1.9280,3.3730,2.6930,0.0000,0.0000,0.0000,67.0256,0.0000,3407.0000,1131.0000,0.0000,9.0000,17.0000,8.0000,7.0000
0.9680,0.2150,0.1600,0.1060,0.0430,0.0000,0.0000,0.5930,1.0000,1.9280,3.3730,2.6930,0.0000,0.0000,0.0000,67.0256,0.0000,3407.0000,1131.0000,0.0000,9.0000,17.0000,8.0000,7.0000
1.2320,0.2210,0.2320,0.1020,0.1020,0.0000,0.0000,0.7790,1.0000,1.9280,3.3730,2.6930,0.0000,0.0000,0.0000,67.0556,0.0000,3410.0000,1131.0000,0.0000,9.0000,17.0000,8.0000,7.0000
1.1210,0.3200,0.1880,0.1080,0.0440,0.0000,0.0000,0.6130,1.0000,1.9280,3.3730,2.6930,0.0000,0.0000,0.0000,67.0570,0.0000,3410.0000,1131.0000,0.0000,9.0000,19.0000,8.0000,7.0000
1.0440,0.2330,0.1730,0.1030,0.0440,0.0000,0.0000,0.6380,1.0000,1.9280,3.3730,2.6930,0.0000,0.0000,0.0000,67.0572,0.0000,3410.0000,1131.0000,0.0000,9.0000,19.0000,8.0000,7.0000
1.0850,0.2090,0.1840,0.1060,0.0680,0.0000,0.0000,0.6920,1.0000,1.9280,3.3730,2.6930,0.0000,0.0000,0.0000,67.0656,0.0000,3411.0000,1131.0000,0.0000,9.0000,17.0000,8.0000,7.0000
