frame_ms,scripts_physics_ms,scripts_process_ms,guard_ai_ms,guard_presentation_ms,render_cpu_ms,render_gpu_ms,other_ms,physics_ticks,process_max1s_ms,physics_max1s_ms,navigation_max1s_ms,draw_calls,objects,primitives,static_mem_mb,video_mem_mb,object_count,node_count,orphan_nodes,physics_active,collision_pairs,nav_agents,guards_moving
5.8480,0.6250,0.4500,0.4220,0.1750,0.0000,0.0000,4.7730,1.0000,4.7810,216.1740,2.1780,0.0000,0.0000,0.0000,69.9361,0.0000,4389.0000,1755.0000,0.0000,25.0000,35.0000,24.0000,7.0000
2.0680,0.5970,0.4330,0.4030,0.1570,0.0000,0.0000,1.0380,1.0000,4.7810,216.1740,2.1780,0.0000,0.0000,0.0000,69.9361,0.0000,4389.0000,1755.0000,0.0000,25.0000,35.0000,24.0000,7.0000
2.2040,0.6050,0.3990,0.4190,0.1890,0.0000,0.0000,1.2000,1.0000,4.7810,216.1740,2.1780,0.0000,0.0000,0.0000,69.9464,0.0000,4390.0000,1755.0000,0.0000,25.0000,35.0000,24.0000,7.0000
2.0710,0.6330,0.3590,0.3590,0.1560,0.0000,0.0000,1.0790,1.0000,4.7810,216.1740,2.1780,0.0000,0.0000,0.0000,69.9464,0.0000,4390.0000,1755.0000,0.0000,25.0000,35.0000,24.0000,7.0000
1.9470,0.5900,0.3430,0.3530,0.1500,0.0000,0.0000,1.0140,1.0000,4.7810,216.1740,2.1780,0.0000,0.0000,0.0000,69.9465,0.0000,4390.0000,1755.0000,0.0000,25.0000,35.0000,24.0000,7.0000
2.2640,0.5900,0.3550,0.3500,0.1530,0.0000,0.0000,1.3190,1.0000,4.7810,216.1740,2.1780,0.0000,0.0000,0.0000,69.9461,0.0000,4390.0000,1755.0000,0.0000,25.0000,35.0000,24.0000,6.0000
2.1430,0.8740,0.3570,0.6330,0.1550,0.0000,0.0000,0.9120,1.0000,4.7810,216.1740,2.1780,0.0000,0.0000,0.0000,69.6583,0.0000,4362.0000,1755.0000,0.0000,25.0000,35.0000,24.0000,7.0000
1.8500,0.5960,0.3750,0.4180,0.1890,0.0000,0.0000,0.8790,1.0000,4.7810,216.1740,2.1780,0.0000,0.0000,0.0000,69.6582,0.0000,4362.0000,1755.0000,0.0000,25.0000,35.0000,24.0000,7.0000
1.9650,0.4970,0.3600,0.3320,0.1590,0.0000,0.0000,1.1080,1.0000,4.7810,216.1740,2.1780,0.0000,0.0000,0.0000,69.6575,0.0000,4362.0000,1755.0000,0.0000,25.0000,34.0000,24.0000,7.0000
2.1450,0.5150,0.4010,0.3340,0.2100,0.0000,0.0000,1.2290,1.0000,4.7810,216.1740,2.1780,0.0000,0.0000,0.0000,69.6987,0.0000,4366.0000,1755.0000,0.0000,25.0000,35.0000,24.0000,7.0000
1.8940,0.6800,0.3400,0.3370,0.1530,0.0000,0.0000,0.8740,1.0000,4.7810,216.1740,2.1780,0.0000,0.0000,0.0000,69.6987,0.0000,4366.0000,1755.0000,0.0000,25.0000,35.0000,24.0000,7.0000
1.8920,0.5040,0.3360,0.3370,0.1470,0.0000,0.0000,1.0520,1.0000,4.7810,216.1740,2.1780,0.0000,0.0000,0.0000,69.6989,0.0000,4366.0000,1755.0000,0.0000,25.0000,35.0000,24.0000,7.0000
1.9450,0.5200,0.3320,0.3370,0.1490,0.0000,0.0000,1.0930,1.0000,4.7810,216.1740,2.1780,0.0000,0.0000,0.0000,69.6989,0.0000,4366.0000,1755.0000,0.0000,25.0000,35.0000,24.0000,7.0000
2.0620,0.5260,0.3840,0.3570,0.1940,0.0000,0.0000,1.1520,1.0000,4.7810,216.1740,2.1780,0.0000,0.0000,0.0000,69.7193,0.0000,4368.0000,1755.0000,0.0000,25.0000,35.0000,24.0000,7.0000
1.8240,0.6000,0.3320,0.3360,0.1490,0.0000,0.0000,0.8920,1.0000,4.7810,216.1740,2.1780,0.0000,0.0000,0.0000,69.7193,0.0000,4368.0000,1755.0000,0.0000,25.0000,35.0000,24.0000,7.0000
1.8920,0.5190,0.3540,0.3500,0.1510,0.0000,0.0000,1.0190,1.0000,4.7810,216.1740,2.1780,0.0000,0.0000,0.0000,69.7187,0.0000,4368.0000,1755.0000,0.0000,25.0000,34.0000,24.0000,7.0000
1.9850,0.5900,0.4050,0.3770,0.1750,0.0000,0.0000,0.9900,1.0000,4.7810,216.1740,2.1780,0.0000,0.0000,0.0000,69.7187,0.0000,4368.0000,1755.0000,0.0000,25.0000,34.0000,24.0000,7.0000
1.9070,0.5980,0.3660,0.3620,0.1560,0.0000,0.0000,0.9430,1.0000,4.7810,216.1740,2.1780,0.0000,0.0000,0.0000,69.7187,0.0000,4368.0000,1755.0000,0.0000,25.0000,34.0000,24.0000,7.0000
2.1450,0.5660,0.3980,0.4030,0.2080,0.0000,0.0000,1.1810,1.0000,4.7810,216.1740,2.1780,0.0000,0.0000,0.0000,69.7291,0.0000,4369.0000,1755.0000,0.0000,25.0000,34.0000,24.0000,8.0000
2.0930,0.6560,0.3970,0.4520,0.1900,0.0000,0.0000,1.0400,1.0000,4.7810,216.1740,2.1780,0.0000,0.0000,0.0000,69.7394,0.0000,4370.0000,1755.0000,0.0000,25.0000,34.0000,24.0000,8.0000
1.9960,0.6080,0.3460,0.3520,0.1550,0.0000,0.0000,1.0420,1.0000,4.7810,216.1740,2.1780,0.0000,0.0000,0.0000,69.7387,0.0000,4370.0000,1755.0000,0.0000,25.0000,33.0000,24.0000,8.0000
2.0070,0.5660,0.3790,0.3480,0.1850,0.0000,0.0000,1.0620,1.0000,4.7810,216.1740,2.1780,0.0000,0.0000,0.0000,69.7491,0.0000,4371.0000,1755.0000,0.0000,25.0000,33.0000,24.0000,8.0000
1.8840,0.6100,0.3470,0.3520,0.1520,0.0000,0.0000,0.9270,1.0000,4.7810,216.1740,2.1780,0.0000,0.0000,0.0000,69.7499,0.0000,4371.0000,1755.0000,0.0000,25.0000,34.0000,24.0000,8.0000
1.8450,0.5640,0.3560,0.3520,0.1510,0.0000,0.0000,0.9250,1.0000,4.7810,216.1740,2.1780,0.0000,0.0000,0.0000,69.7499,0.0000,4371.0000,1755.0000,0.0000,25.0000,34.0000,24.0000,8.0000
2.3330,0.5670,0.4890,0.4040,0.2980,0.0000,0.0000,1.2770,1.0000,4.7810,216.1740,2.1780,0.0000,0.0000,0.0000,69.7602,0.0000,4372.0000,1755.0000,0.0000,25.0000,34.0000,24.0000,9.0000
1.9900,0.6670,0.4080,0.3510,0.1940,0.0000,0.0000,0.9150,1.0000,4.7810,216.1740,2.1780,0.0000,0.0000,0.0000,69.7705,0.0000,4373.0000,1755.0000,0.0000,25.0000,34.0000,24.0000,9.0000
1.8570,0.5680,0.3410,0.3400,0.1490,0.0000,0.0000,0.9480,1.0000,4.7810,216.1740,2.1780,0.0000,0.0000,0.0000,69.7698,0.0000,4373.0000,1755.0000,0.0000,25.0000,33.0000,24.0000,9.0000
1.9340,0.5710,0.3500,0.3540,0.1490,0.0000,0.0000,1.0130,1.0000,4.7810,216.1740,2.1780,0.0000,0.0000,0.0000,69.7699,0.0000,4373.0000,1755.0000,0.0000,25.0000,33.0000,24.0000,9.0000
1.8750,0.5640,0.3460,0.4020,0.1500,0.0000,0.0000,0.9650,1.0000,4.7810,216.1740,2.1780,0.0000,0.0000,0.0000,69.7692,0.0000,4373.0000,1755.0000,0.0000,25.0000,32.0000,24.0000,9.0000
1.9140,0.5690,0.4350,0.4080,0.1790,0.0000,0.0000,0.9100,1.0000,4.7810,216.1740,2.1780,0.0000,0.0000,0.0000,69.7699,0.0000,4373.0000,1755.0000,0.0000,25.0000,33.0000,24.0000,9.0000
1.9170,0.5800,0.3850,0.4110,0.1670,0.0000,0.0000,0.9520,1.0000,4.7810,216.1740,2.1780,0.0000,0.0000,0.0000,69.7699,0.0000,4373.0000,1755.0000,0.0000,25.0000,33.0000,24.0000,9.0000
2.2600,0.5570,0.4230,0.3930,0.2030,0.0000,0.0000,1.2800,1.0000,4.7810,216.1740,2.1780,0.0000,0.0000,0.0000,69.7699,0.0000,4373.0000,1755.0000,0.0000,25.0000,33.0000,24.0000,9.0000
2.4630,0.5590,0.6670,0.3900,0.2570,0.0000,0.0000,1.2370,1.0000,4.7810,216.1740,2.1780,0.0000,0.0000,0.0000,69.7904,0.0000,4375.0000,1755.0000,0.0000,25.0000,33.0000,24.0000,9.0000
1.8590,0.6180,0.3550,0.3430,0.1550,0.0000,0.0000,0.8860,1.0000,4.7810,216.1740,2.1780,0.0000,0.0000,0.0000,69.7904,0.0000,4375.0000,1755.0000,0.0000,25.0000,33.0000,24.0000,9.0000
1.9080,0.5340,0.3410,0.3420,0.1520,0.0000,0.0000,1.0330,1.0000,4.7810,216.1740,2.1780,0.0000,0.0000,0.0000,69.7905,0.0000,4375.0000,1755.0000,0.0000,25.0000,33.0000,24.0000,9.0000
1.8690,0.5430,0.3440,0.3710,0.1500,0.0000,0.0000,0.9820,1.0000,4.7810,216.1740,2.1780,0.0000,0.0000,0.0000,69.7905,0.0000,4375.0000,1755.0000,0.0000,25.0000,33.0000,24.0000,9.0000
2.0430,0.5740,0.3610,0.3580,0.1560,0.0000,0.0000,1.1080,1.0000,4.7810,216.1740,2.1780,0.0000,0.0000,0.0000,69.7905,0.0000,4375.0000,1755.0000,0.0000,25.0000,33.0000,24.0000,9.0000
2.1860,0.6080,0.4040,0.4400,0.1860,0.0000,0.0000,1.1740,1.0000,4.7810,216.1740,2.1780,0.0000,0.0000,0.0000,69.8008,0.0000,4376.0000,1755.0000,0.0000,25.0000,33.0000,24.0000,9.0000
3.5240,0.6190,1.2610,0.3400,1.0620,0.0000,0.0000,1.6440,1.0000,4.7810,216.1740,2.1780,0.0000,0.0000,0.0000,69.8015,0.0000,4376.0000,1755.0000,0.0000,25.0000,34.0000,24.0000,9.0000
2.0600,1.1780,0.4450,0.9270,0.1720,0.0000,0.0000,0.4370,1.0000,4.7810,216.1740,2.1780,0.0000,0.0000,0.0000,69.8022,0.0000,4376.0000,1755.0000,0.0000,25.0000,35.0000,24.0000,9.0000
1.9480,0.5850,0.4270,0.4100,0.1730,0.0000,0.0000,0.9360,1.0000,4.7810,216.1740,2.1780,0.0000,0.0000,0.0000,69.8022,0.0000,4376.0000,1755.0000,0.0000,25.0000,35.0000,24.0000,9.0000
2.0160,0.6010,0.4320,0.4290,0.2100,0.0000,0.0000,0.9830,1.0000,4.7810,216.1740,2.1780,0.0000,0.0000,0.0000,69.8225,0.0000,4378.0000,1755.0000,0.0000,25.0000,35.0000,24.0000,9.0000
1.9740,0.6570,0.4380,0.4070,0.1710,0.0000,0.0000,0.8790,1.0000,4.7810,216.1740,2.1780,0.0000,0.0000,0.0000,69.8233,0.0000,4378.0000,1755.0000,0.0000,25.0000,36.0000,24.0000,9.0000
1.9370,0.5610,0.3870,0.3950,0.1670,0.0000,0.0000,0.9890,1.0000,4.7810,216.1740,2.1780,0.0000,0.0000,0.0000,69.8241,0.0000,4378.0000,1755.0000,0.0000,25.0000,36.0000,24.0000,11.0000
2.1520,0.6710,0.4780,0.5020,0.2570,0.0000,0.0000,1.0030,1.0000,4.7810,216.1740,2.1780,0.0000,0.0000,0.0000,69.8444,0.0000,4380.0000,1755.0000,0.0000,25.0000,36.0000,24.0000,11.0000
2.0520,0.6660,0.3660,0.4120,0.1720,0.0000,0.0000,1.0200,1.0000,4.7810,216.1740,2.1780,0.0000,0.0000,0.0000,69.8444,0.0000,4380.0000,1755.0000,0.0000,25.0000,36.0000,24.0000,12.0000
1.9150,0.6490,0.4130,0.4610,0.1660,0.0000,0.0000,0.8530,1.0000,4.7810,216.1740,2.1780,0.0000,0.0000,0.0000,69.8446,0.0000,4380.0000,1755.0000,0.0000,25.0000,36.0000,24.0000,12.0000
2.1310,0.5810,0.4840,0.4120,0.2640,0.0000,0.0000,1.0660,1.0000,4.7810,216.1740,2.1780,0.0000,0.0000,0.0000,69.8649,0.0000,4382.0000,1755.0000,0.0000,25.0000,36.0000,24.0000,12.0000
2.0730,0.6830,0.4240,0.3600,0.2040,0.0000,0.0000,0.9660,1.0000,4.7810,216.1740,2.1780,0.0000,0.0000,0.0000,69.8852,0.0000,4384.0000,1755.0000,0.0000,25.0000,36.0000,24.0000,12.0000
1.8410,0.6680,0.3640,0.3610,0.1560,0.0000,0.0000,0.8090,1.0000,4.7810,216.1740,2.1780,0.0000,0.0000,0.0000,69.8854,0.0000,4384.0000,1755.0000,0.0000,25.0000,36.0000,24.0000,12.0000
1.9630,0.5890,0.3930,0.3650,0.1550,0.0000,0.0000,0.9810,1.0000,4.7810,216.1740,2.1780,0.0000,0.0000,0.0000,69.8855,0.0000,4384.0000,1755.0000,0.0000,25.0000,36.0000,24.0000,12.0000
1.9310,0.5890,0.3810,0.4120,0.1650,0.0000,0.0000,0.9610,1.0000,4.7810,216.1740,2.1780,0.0000,0.0000,0.0000,69.8855,0.0000,4384.0000,1755.0000,0.0000,25.0000,36.0000,24.0000,12.0000
2.2140,0.5890,0.4710,0.4100,0.2170,0.0000,0.0000,1.1540,1.0000,4.7810,216.1740,2.1780,0.0000,0.0000,0.0000,69.6895,0.0000,4365.0000,1755.0000,0.0000,25.0000,36.0000,24.0000,12.0000
1.8870,0.6680,0.3430,0.3600,0.1450,0.0000,0.0000,0.8760,1.0000,4.7810,216.1740,2.1780,0.0000,0.0000,0.0000,69.6886,0.0000,4365.0000,1755.0000,0.0000,25.0000,35.0000,24.0000,12.0000
2.0300,0.5930,0.4020,0.4280,0.1600,0.0000,0.0000,1.0350,1.0000,4.7810,216.1740,2.1780,0.0000,0.0000,0.0000,69.6887,0.0000,4365.0000,1755.0000,0.0000,25.0000,35.0000,24.0000,12.0000
2.2090,0.6110,0.4190,0.4440,0.2130,0.0000,0.0000,1.1790,1.0000,4.7810,216.1740,2.1780,0.0000,0.0000,0.0000,69.7300,0.0000,4369.0000,1755.0000,0.0000,25.0000,35.0000,24.0000,12.0000
1.8550,0.7120,0.3510,0.3330,0.1560,0.0000,0.0000,0.7920,1.0000,4.7810,216.1740,2.1780,0.0000,0.0000,0.0000,69.7309,0.0000,4369.0000,1755.0000,0.0000,25.0000,36.0000,24.0000,12.0000
1.7970,0.5540,0.3560,0.3370,0.1550,0.0000,0.0000,0.8870,1.0000,4.7810,216.1740,2.1780,0.0000,0.0000,0.0000,69.7311,0.0000,4369.0000,1755.0000,0.0000,25.0000,36.0000,24.0000,12.0000
1.8720,0.5690,0.4180,0.4000,0.1690,0.0000,0.0000,0.8850,1.0000,4.7810,216.1740,2.1780,0.0000,0.0000,0.0000,69.7311,0.0000,4369.0000,1755.0000,0.0000,25.0000,36.0000,24.0000,12.0000
1.9970,0.5420,0.3720,0.3730,0.1900,0.0000,0.0000,1.0830,1.0000,4.7810,216.1740,2.1780,0.0000,0.0000,0.0000,69.7311,0.0000,4369.0000,1755.0000,0.0000,25.0000,36.0000,24.0000,13.0000
2.3760,0.6150,0.5660,0.4370,0.3790,0.0000,0.0000,1.1950,1.0000,4.7810,216.1740,2.1780,0.0000,0.0000,0.0000,69.7552,0.0000,4372.0000,1755.0000,0.0000,25.0000,36.0000,24.0000,13.0000
2.4110,0.6840,0.4070,0.3750,0.1660,0.0000,0.0000,1.3200,1.0000,4.7810,216.1740,2.1780,0.0000,0.0000,0.0000,69.7541,0.0000,4372.0000,1755.0000,0.0000,25.0000,36.0000,24.0000,14.0000
2.4990,0.6850,0.8030,0.4350,0.6030,0.0000,0.0000,1.0110,1.0000,4.7810,216.1740,2.1780,0.0000,0.0000,0.0000,69.7867,0.0000,4379.0000,1755.0000,0.0000,25.0000,36.0000,24.0000,14.0000
2.5230,0.6700,0.3680,0.3410,0.1560,0.0000,0.0000,1.4850,1.0000,4.7810,216.1740,2.1780,0.0000,0.0000,0.0000,69.7868,0.0000,4379.0000,1755.0000,0.0000,25.0000,36.0000,24.0000,14.0000
2.0590,0.6370,0.3800,0.4540,0.1890,0.0000,0.0000,1.0420,1.0000,4.7810,216.1740,2.1780,0.0000,0.0000,0.0000,69.7972,0.0000,4380.0000,1755.0000,0.0000,25.0000,36.0000,24.0000,14.0000
1.9310,0.5530,0.4130,0.3260,0.1990,0.0000,0.0000,0.9650,1.0000,4.7810,216.1740,2.1780,0.0000,0.0000,0.0000,69.7972,0.0000,4380.0000,1755.0000,0.0000,25.0000,36.0000,24.0000,14.0000
1.8910,0.5090,0.3360,0.3230,0.1500,0.0000,0.0000,1.0460,1.0000,4.7810,216.1740,2.1780,0.0000,0.0000,0.0000,69.7971,0.0000,4380.0000,1755.0000,0.0000,25.0000,36.0000,24.0000,15.0000
2.1400,0.5550,0.3720,0.3720,0.1870,0.0000,0.0000,1.2130,1.0000,4.7810,216.1740,2.1780,0.0000,0.0000,0.0000,69.8074,0.0000,4381.0000,1755.0000,0.0000,25.0000,36.0000,24.0000,15.0000
1.8570,0.5480,0.3400,0.3200,0.1530,0.0000,0.0000,0.9690,1.0000,4.7810,216.1740,2.1780,0.0000,0.0000,0.0000,69.8074,0.0000,4381.0000,1755.0000,0.0000,25.0000,36.0000,24.0000,15.0000
2.8820,0.5030,0.3430,0.3230,0.1560,0.0000,0.0000,2.0360,1.0000,4.7810,216.1740,2.1780,0.0000,0.0000,0.0000,69.8074,0.0000,4381.0000,1755.0000,0.0000,25.0000,36.0000,24.0000,15.0000
5.3450,0.5260,0.4170,0.3260,0.1980,0.0000,0.0000,4.4020,1.0000,4.7810,216.1740,2.1780,0.0000,0.0000,0.0000,69.8177,0.0000,4382.0000,1755.0000,0.0000,25.0000,36.0000,24.0000,15.0000
3.1330,3.3220,0.6760,0.3790,0.3560,0.0000,0.0000,0.0000,1.0000,4.7810,216.1740,2.1780,0.0000,0.0000,0.0000,69.8280,0.0000,4383.0000,1755.0000,0.0000,25.0000,36.0000,24.0000,15.0000
2.9120,0.9580,0.5690,0.5650,0.2380,0.0000,0.0000,1.3850,1.0000,4.7810,216.1740,2.1780,0.0000,0.0000,0.0000,69.8280,0.0000,4383.0000,1755.0000,0.0000,25.0000,36.0000,24.0000,15.0000
2.8020,0.8700,0.5750,0.4860,0.2580,0.0000,0.0000,1.3570,1.0000,4.7810,216.1740,2.1780,0.0000,0.0000,0.0000,69.8274,0.0000,4383.0000,1755.0000,0.0000,25.0000,35.0000,24.0000,15.0000
2.8870,0.8000,0.6200,0.4860,0.3510,0.0000,0.0000,1.4670,1.0000,4.7810,216.1740,2.1780,0.0000,0.0000,0.0000,69.8377,0.0000,4384.0000,1755.0000,0.0000,25.0000,35.0000,24.0000,15.0000
3.1370,0.8690,0.5730,0.5030,0.3010,0.0000,0.0000,1.6950,1.0000,4.7810,216.1740,2.1780,0.0000,0.0000,0.0000,69.8377,0.0000,4384.0000,1755.0000,0.0000,25.0000,35.0000,24.0000,14.0000
2.9960,0.8610,0.6420,0.5810,0.3720,0.0000,0.0000,1.4930,1.0000,4.7810,216.1740,2.1780,0.0000,0.0000,0.0000,69.8584,0.0000,4386.0000,1755.0000,0.0000,25.0000,35.0000,24.0000,14.0000
2.8410,0.9560,0.5640,0.4910,0.2940,0.0000,0.0000,1.3210,1.0000,4.7810,216.1740,2.1780,0.0000,0.0000,0.0000,69.8586,0.0000,4386.0000,1755.0000,0.0000,25.0000,35.0000,24.0000,14.0000
3.1140,0.8350,0.6540,0.5720,0.3800,0.0000,0.0000,1.6250,1.0000,4.7810,216.1740,2.1780,0.0000,0.0000,0.0000,69.8895,0.0000,4389.0000,1755.0000,0.0000,25.0000,35.0000,24.0000,14.0000
2.9480,0.9620,0.6610,0.5000,0.3620,0.0000,0.0000,1.3250,1.0000,4.7810,216.1740,2.1780,0.0000,0.0000,0.0000,69.8902,0.0000,4389.0000,1755.0000,0.0000,25.0000,36.0000,24.0000,14.0000
2.9620,0.8090,0.6240,0.5440,0.3560,0.0000,0.0000,1.5290,1.0000,4.7810,216.1740,2.1780,0.0000,0.0000,0.0000,69.9106,0.0000,4391.0000,1755.0000,0.0000,25.0000,36.0000,24.0000,14.0000
2.8520,0.9610,0.5540,0.5580,0.2880,0.0000,0.0000,1.3370,1.0000,4.7810,216.1740,2.1780,0.0000,0.0000,0.0000,69.9107,0.0000,4391.0000,1755.0000,0.0000,25.0000,36.0000,24.0000,14.0000
2.6330,0.8250,0.4940,0.5590,0.2220,0.0000,0.0000,1.3140,1.0000,4.7810,216.1740,2.1780,0.0000,0.0000,0.0000,69.9108,0.0000,4391.0000,1755.0000,0.0000,25.0000,36.0000,24.0000,14.0000
2.8450,0.8350,0.6130,0.5640,0.2900,0.0000,0.0000,1.3970,1.0000,4.7810,216.1740,2.1780,0.0000,0.0000,0.0000,69.9300,0.0000,4389.0000,1755.0000,0.0000,25.0000,37.0000,24.0000,14.0000
2.7350,0.9150,0.5700,0.5260,0.2450,0.0000,0.0000,1.2500,1.0000,4.7810,216.1740,2.1780,0.0000,0.0000,0.0000,69.9307,0.0000,4389.0000,1755.0000,0.0000,25.0000,38.0000,24.0000,13.0000
1.9150,0.7800,0.3900,0.3500,0.1680,0.0000,0.0000,0.7450,1.0000,4.7810,216.1740,2.1780,0.0000,0.0000,0.0000,69.9308,0.0000,4389.0000,1755.0000,0.0000,25.0000,38.0000,24.0000,13.0000
2.0090,0.5490,0.3930,0.3520,0.1930,0.0000,0.0000,1.0670,1.0000,4.7810,216.1740,2.1780,0.0000,0.0000,0.0000,69.9397,0.0000,4390.0000,1755.0000,0.0000,25.0000,36.0000,24.0000,13.0000
2.0210,0.6000,0.3710,0.3500,0.1800,0.0000,0.0000,1.0500,1.0000,4.7810,216.1740,2.1780,0.0000,0.0000,0.0000,69.9507,0.0000,4391.0000,1755.0000,0.0000,25.0000,37.0000,24.0000,13.0000
1.9730,0.5850,0.3640,0.3240,0.1620,0.0000,0.0000,1.0240,1.0000,4.7810,216.1740,2.1780,0.0000,0.0000,0.0000,69.9507,0.0000,4391.0000,1755.0000,0.0000,25.0000,37.0000,24.0000,13.0000
1.8930,0.5430,0.3540,0.3310,0.1570,0.0000,0.0000,0.9960,1.0000,4.7810,216.1740,2.1780,0.0000,0.0000,0.0000,69.9501,0.0000,4391.0000,1755.0000,0.0000,25.0000,36.0000,24.0000,13.0000
2.1340,0.5420,0.3900,0.3340,0.1890,0.0000,0.0000,1.2020,1.0000,4.7810,216.1740,2.1780,0.0000,0.0000,0.0000,69.9590,0.0000,4391.0000,1755.0000,0.0000,25.0000,36.0000,24.0000,13.0000
1.9950,0.6080,0.3550,0.3350,0.1570,0.0000,0.0000,1.0320,1.0000,4.7810,216.1740,2.1780,0.0000,0.0000,0.0000,69.7412,0.0000,4370.0000,1755.0000,0.0000,25.0000,36.0000,24.0000,12.0000
2.1120,0.5490,0.3990,0.3370,0.2020,0.0000,0.0000,1.1640,1.0000,4.7810,216.1740,2.1780,0.0000,0.0000,0.0000,69.7613,0.0000,4372.0000,1755.0000,0.0000,25.0000,36.0000,24.0000,11.0000
3.1280,0.6110,0.3930,0.3430,0.1960,0.0000,0.0000,2.1240,1.0000,4.7810,216.1740,2.1780,0.0000,0.0000,0.0000,69.7722,0.0000,4373.0000,1755.0000,0.0000,25.0000,37.0000,24.0000,11.0000
2.2000,0.5670,0.5450,0.3430,0.3290,0.0000,0.0000,1.0880,1.0000,4.7810,216.1740,2.1780,0.0000,0.0000,0.0000,69.7917,0.0000,4375.0000,1755.0000,0.0000,25.0000,36.0000,24.0000,11.0000
2.0590,0.6800,0.4070,0.4080,0.1750,0.0000,0.0000,0.9720,1.0000,4.7810,216.1740,2.1780,0.0000,0.0000,0.0000,69.7918,0.0000,4375.0000,1755.0000,0.0000,25.0000,36.0000,24.0000,11.0000
1.9680,0.5630,0.4380,0.3800,0.1710,0.0000,0.0000,0.9670,1.0000,4.7810,216.1740,2.1780,0.0000,0.0000,0.0000,69.7919,0.0000,4375.0000,1755.0000,0.0000,25.0000,36.0000,24.0000,11.0000
1.8830,0.5830,0.3950,0.4040,0.1750,0.0000,0.0000,0.9050,1.0000,4.7810,216.1740,2.1780,0.0000,0.0000,0.0000,69.7919,0.0000,4375.0000,1755.0000,0.0000,25.0000,36.0000,24.0000,11.0000
1.9330,0.5650,0.4560,0.3830,0.2630,0.0000,0.0000,0.9120,1.0000,4.7810,216.1740,2.1780,0.0000,0.0000,0.0000,69.7919,0.0000,4375.0000,1755.0000,0.0000,25.0000,36.0000,24.0000,11.0000
2.0030,0.5620,0.4280,0.3810,0.2360,0.0000,0.0000,1.0130,1.0000,4.7810,216.1740,2.1780,0.0000,0.0000,0.0000,69.8022,0.0000,4376.0000,1755.0000,0.0000,25.0000,36.0000,24.0000,11.0000
2.4600,0.5960,0.7450,0.3770,0.5550,0.0000,0.0000,1.1190,1.0000,4.7810,216.1740,2.1780,0.0000,0.0000,0.0000,69.8015,0.0000,4376.0000,1755.0000,0.0000,25.0000,35.0000,24.0000,11.0000
2.1460,0.6070,0.4250,0.3480,0.2050,0.0000,0.0000,1.1140,1.0000,4.7810,216.1740,2.1780,0.0000,0.0000,0.0000,69.8218,0.0000,4378.0000,1755.0000,0.0000,25.0000,35.0000,24.0000,11.0000
2.0210,0.6480,0.3380,0.3220,0.1490,0.0000,0.0000,1.0350,1.0000,4.7810,216.1740,2.1780,0.0000,0.0000,0.0000,69.8220,0.0000,4378.0000,1755.0000,0.0000,25.0000,35.0000,24.0000,12.0000
2.0130,0.6680,0.3770,0.3900,0.1870,0.0000,0.0000,0.9680,1.0000,4.7810,216.1740,2.1780,0.0000,0.0000,0.0000,69.8328,0.0000,4379.0000,1755.0000,0.0000,25.0000,35.0000,24.0000,12.0000
2.0090,0.5630,0.3750,0.3180,0.1900,0.0000,0.0000,1.0710,1.0000,4.7810,216.1740,2.1780,0.0000,0.0000,0.0000,69.8538,0.0000,4381.0000,1755.0000,0.0000,25.0000,36.0000,24.0000,12.0000
2.0450,0.6060,0.3500,0.3200,0.1570,0.0000,0.0000,1.0890,1.0000,4.7810,216.1740,2.1780,0.0000,0.0000,0.0000,69.8531,0.0000,4381.0000,1755.0000,0.0000,25.0000,35.0000,24.0000,12.0000
2.0120,0.5210,0.3960,0.3260,0.2030,0.0000,0.0000,1.0950,1.0000,4.7810,216.1740,2.1780,0.0000,0.0000,0.0000,69.8735,0.0000,4383.0000,1755.0000,0.0000,25.0000,35.0000,24.0000,12.0000
1.8290,0.5930,0.3220,0.3180,0.1430,0.0000,0.0000,0.9140,1.0000,4.7810,216.1740,2.1780,0.0000,0.0000,0.0000,69.8743,0.0000,4383.0000,1755.0000,0.0000,25.0000,36.0000,24.0000,12.0000
1.9500,0.5140,0.3470,0.3150,0.1510,0.0000,0.0000,1.0890,1.0000,4.7810,216.1740,2.1780,0.0000,0.0000,0.0000,69.8744,0.0000,4383.0000,1755.0000,0.0000,25.0000,36.0000,24.0000,12.0000
1.8210,0.5720,0.3560,0.3470,0.1510,0.0000,0.0000,0.8930,1.0000,4.7810,216.1740,2.1780,0.0000,0.0000,0.0000,69.8744,0.0000,4383.0000,1755.0000,0.0000,25.0000,36.0000,24.0000,12.0000
2.1200,0.5690,0.4360,0.3440,0.1970,0.0000,0.0000,1.1150,1.0000,4.7810,216.1740,2.1780,0.0000,0.0000,0.0000,69.8949,0.0000,4385.0000,1755.0000,0.0000,25.0000,36.0000,24.0000,12.0000
1.8700,0.6490,0.3530,0.3390,0.1510,0.0000,0.0000,0.8680,1.0000,4.7810,216.1740,2.1780,0.0000,0.0000,0.0000,69.8949,0.0000,4385.0000,1755.0000,0.0000,25.0000,36.0000,24.0000,12.0000
2.1110,0.5670,0.4500,0.3940,0.2000,0.0000,0.0000,1.0940,1.0000,4.7810,216.1740,2.1780,0.0000,0.0000,0.0000,69.9148,0.0000,4387.0000,1755.0000,0.0000,25.0000,36.0000,24.0000,12.0000
1.9090,0.6500,0.3920,0.3410,0.1870,0.0000,0.0000,0.8670,1.0000,4.7810,216.1740,2.1780,0.0000,0.0000,0.0000,69.9251,0.0000,4388.0000,1755.0000,0.0000,25.0000,36.0000,24.0000,12.0000
1.8920,0.6050,0.3970,0.3360,0.1560,0.0000,0.0000,0.8900,1.0000,4.7810,216.1740,2.1780,0.0000,0.0000,0.0000,69.9252,0.0000,4388.0000,1755.0000,0.0000,25.0000,36.0000,24.0000,12.0000
1.9290,0.5790,0.3990,0.4040,0.1690,0.0000,0.0000,0.9510,1.0000,4.7810,216.1740,2.1780,0.0000,0.0000,0.0000,69.9252,0.0000,4388.0000,1755.0000,0.0000,25.0000,36.0000,24.0000,12.0000
2.2230,0.5490,0.4730,0.3730,0.2530,0.0000,0.0000,1.2010,1.0000,4.7810,216.1740,2.1780,0.0000,0.0000,0.0000,69.9459,0.0000,4390.0000,1755.0000,0.0000,25.0000,36.0000,24.0000,12.0000
2.0210,0.6580,0.3970,0.3940,0.1880,0.0000,0.0000,0.9660,1.0000,4.7810,216.1740,2.1780,0.0000,0.0000,0.0000,69.9562,0.0000,4391.0000,1755.0000,0.0000,25.0000,36.0000,24.0000,12.0000
1.9080,0.6030,0.3950,0.3350,0.1530,0.0000,0.0000,0.9100,1.0000,4.7810,216.1740,2.1780,0.0000,0.0000,0.0000,69.9563,0.0000,4391.0000,1755.0000,0.0000,25.0000,36.0000,24.0000,12.0000
1.8630,0.5660,0.3560,0.3930,0.1510,0.0000,0.0000,0.9410,1.0000,4.7810,216.1740,2.1780,0.0000,0.0000,0.0000,69.9564,0.0000,4391.0000,1755.0000,0.0000,25.0000,36.0000,24.0000,11.0000
1.9100,0.5930,0.4260,0.4130,0.2080,0.0000,0.0000,0.8910,1.0000,4.7810,216.1740,2.1780,0.0000,0.0000,0.0000,69.9564,0.0000,4391.0000,1755.0000,0.0000,25.0000,36.0000,24.0000,11.0000
2.1870,0.5500,0.3780,0.3720,0.1890,0.0000,0.0000,1.2590,1.0000,4.7810,216.1740,2.1780,0.0000,0.0000,0.0000,69.9574,0.0000,4391.0000,1755.0000,0.0000,25.0000,36.0000,24.0000,11.0000
2.0400,0.8940,0.4810,0.7150,0.2060,0.0000,0.0000,0.6650,1.0000,4.7810,216.1740,2.1780,0.0000,0.0000,0.0000,69.9777,0.0000,4393.0000,1755.0000,0.0000,25.0000,36.0000,24.0000,11.0000
1.8980,0.6500,0.3630,0.3370,0.1540,0.0000,0.0000,0.8850,1.0000,4.7810,216.1740,2.1780,0.0000,0.0000,0.0000,69.9778,0.0000,4393.0000,1755.0000,0.0000,25.0000,36.0000,24.0000,11.0000
2.0140,0.5810,0.4710,0.3990,0.2100,0.0000,0.0000,0.9620,1.0000,4.7810,216.1740,2.1780,0.0000,0.0000,0.0000,69.9881,0.0000,4394.0000,1755.0000,0.0000,25.0000,36.0000,24.0000,11.0000
1.9460,0.6270,0.3880,0.4040,0.1660,0.0000,0.0000,0.9310,1.0000,4.7810,216.1740,2.1780,0.0000,0.0000,0.0000,69.9881,0.0000,4394.0000,1755.0000,0.0000,25.0000,36.0000,24.0000,11.0000
2.0660,0.5700,0.4620,0.3890,0.2390,0.0000,0.0000,1.0340,1.0000,4.7810,216.1740,2.1780,0.0000,0.0000,0.0000,69.9985,0.0000,4395.0000,1755.0000,0.0000,25.0000,36.0000,24.0000,11.0000
1.9930,0.6150,0.4290,0.3910,0.2050,0.0000,0.0000,0.9490,1.0000,4.7810,216.1740,2.1780,0.0000,0.0000,0.0000,70.0094,0.0000,4396.0000,1755.0000,0.0000,25.0000,37.0000,24.0000,11.0000
2.1890,0.6210,0.4980,0.4000,0.2270,0.0000,0.0000,1.0700,1.0000,4.7810,216.1740,2.1780,0.0000,0.0000,0.0000,70.0318,0.0000,4398.0000,1755.0000,0.0000,25.0000,36.0000,24.0000,11.0000
1.9130,0.7210,0.3590,0.3330,0.1510,0.0000,0.0000,0.8330,1.0000,4.7810,216.1740,2.1780,0.0000,0.0000,0.0000,70.0319,0.0000,4398.0000,1755.0000,0.0000,25.0000,36.0000,24.0000,11.0000
2.1910,0.5680,0.4290,0.3880,0.1890,0.0000,0.0000,1.1940,1.0000,4.7810,216.1740,2.1780,0.0000,0.0000,0.0000,70.0423,0.0000,4399.0000,1755.0000,0.0000,25.0000,36.0000,24.0000,11.0000
1.8390,0.6080,0.3470,0.3350,0.1520,0.0000,0.0000,0.8840,1.0000,4.7810,216.1740,2.1780,0.0000,0.0000,0.0000,70.0423,0.0000,4399.0000,1755.0000,0.0000,25.0000,36.0000,24.0000,11.0000
1.9900,0.5730,0.4000,0.3400,0.1530,0.0000,0.0000,1.0170,1.0000,4.7810,216.1740,2.1780,0.0000,0.0000,0.0000,70.0424,0.0000,4399.0000,1755.0000,0.0000,25.0000,36.0000,24.0000,11.0000
2.0770,0.5790,0.4060,0.3430,0.1970,0.0000,0.0000,1.0920,1.0000,4.7810,216.1740,2.1780,0.0000,0.0000,0.0000,70.0626,0.0000,4401.0000,1755.0000,0.0000,25.0000,36.0000,24.0000,11.0000
2.0550,0.6460,0.3980,0.3350,0.1890,0.0000,0.0000,1.0110,1.0000,4.7810,216.1740,2.1780,0.0000,0.0000,0.0000,70.0722,0.0000,4402.0000,1755.0000,0.0000,25.0000,35.0000,24.0000,11.0000
1.8310,0.6070,0.3590,0.3330,0.1520,0.0000,0.0000,0.8650,1.0000,4.7810,216.1740,2.1780,0.0000,0.0000,0.0000,70.0730,0.0000,4402.0000,1755.0000,0.0000,25.0000,36.0000,24.0000,11.0000
2.8800,0.5690,0.3940,0.3380,0.1520,0.0000,0.0000,1.9170,1.0000,4.7810,216.1740,2.1780,0.0000,0.0000,0.0000,70.0730,0.0000,4402.0000,1755.0000,0.0000,25.0000,36.0000,24.0000,11.0000
2.0810,0.5930,0.4090,0.3950,0.1690,0.0000,0.0000,1.0790,1.0000,4.7810,216.1740,2.1780,0.0000,0.0000,0.0000,69.7519,0.0000,4371.0000,1755.0000,0.0000,25.0000,36.0000,24.0000,11.0000
1.9050,0.6510,0.3890,0.4570,0.1660,0.0000,0.0000,0.8650,1.0000,4.7810,216.1740,2.1780,0.0000,0.0000,0.0000,69.7517,0.0000,4371.0000,1755.0000,0.0000,25.0000,36.0000,24.0000,11.0000
2.2540,0.5780,0.4400,0.4050,0.2190,0.0000,0.0000,1.2360,1.0000,4.7810,216.1740,2.1780,0.0000,0.0000,0.0000,69.7830,0.0000,4374.0000,1755.0000,0.0000,25.0000,37.0000,24.0000,11.0000
2.0010,0.7520,0.4020,0.4490,0.1940,0.0000,0.0000,0.8470,1.0000,4.7810,216.1740,2.1780,0.0000,0.0000,0.0000,69.8033,0.0000,4376.0000,1755.0000,0.0000,25.0000,37.0000,24.0000,11.0000
2.0650,0.6460,0.3580,0.3330,0.1500,0.0000,0.0000,1.0610,1.0000,4.7810,216.1740,2.1780,0.0000,0.0000,0.0000,69.8035,0.0000,4376.0000,1755.0000,0.0000,25.0000,37.0000,24.0000,11.0000
1.9390,0.6280,0.3620,0.4570,0.1520,0.0000,0.0000,0.9490,1.0000,4.7810,216.1740,2.1780,0.0000,0.0000,0.0000,69.8036,0.0000,4376.0000,1755.0000,0.0000,25.0000,37.0000,24.0000,10.0000
1.8920,0.5830,0.3580,0.3520,0.1530,0.0000,0.0000,0.9510,1.0000,4.7810,216.1740,2.1780,0.0000,0.0000,0.0000,69.8036,0.0000,4376.0000,1755.0000,0.0000,25.0000,37.0000,24.0000,8.0000
1.9000,0.6170,0.3660,0.4430,0.1600,0.0000,0.0000,0.9170,1.0000,4.7810,216.1740,2.1780,0.0000,0.0000,0.0000,69.8036,0.0000,4376.0000,1755.0000,0.0000,25.0000,37.0000,24.0000,9.0000
1.9610,0.5770,0.3950,0.4040,0.1760,0.0000,0.0000,0.9890,1.0000,4.7810,216.1740,2.1780,0.0000,0.0000,0.0000,69.8037,0.0000,4376.0000,1755.0000,0.0000,25.0000,37.0000,24.0000,9.0000
1.9580,0.6380,0.4320,0.4420,0.2070,0.0000,0.0000,0.8880,1.0000,4.7810,216.1740,2.1780,0.0000,0.0000,0.0000,69.8140,0.0000,4377.0000,1755.0000,0.0000,25.0000,37.0000,24.0000,8.0000
2.0270,0.6110,0.4320,0.3900,0.2110,0.0000,0.0000,0.9840,1.0000,4.7810,216.1740,2.1780,0.0000,0.0000,0.0000,69.8242,0.0000,4378.0000,1755.0000,0.0000,25.0000,37.0000,24.0000,8.0000
1.9110,0.6620,0.4020,0.4410,0.1760,0.0000,0.0000,0.8470,1.0000,4.7810,216.1740,2.1780,0.0000,0.0000,0.0000,69.8243,0.0000,4378.0000,1755.0000,0.0000,25.0000,37.0000,24.0000,8.0000
2.0410,0.5550,0.4150,0.3780,0.2290,0.0000,0.0000,1.0710,1.0000,4.7810,216.1740,2.1780,0.0000,0.0000,0.0000,69.8346,0.0000,4379.0000,1755.0000,0.0000,25.0000,37.0000,24.0000,9.0000
1.9340,0.6630,0.4280,0.4460,0.2120,0.0000,0.0000,0.8430,1.0000,4.7810,216.1740,2.1780,0.0000,0.0000,0.0000,69.8449,0.0000,4380.0000,1755.0000,0.0000,25.0000,37.0000,24.0000,9.0000
2.7700,0.5900,0.3850,0.3730,0.1980,0.0000,0.0000,1.7950,1.0000,4.7810,216.1740,2.1780,0.0000,0.0000,0.0000,69.8449,0.0000,4380.0000,1755.0000,0.0000,25.0000,37.0000,24.0000,9.0000
2.0580,0.4900,0.3440,0.3140,0.1520,0.0000,0.0000,1.2240,1.0000,4.7810,216.1740,2.1780,0.0000,0.0000,0.0000,69.8444,0.0000,4380.0000,1755.0000,0.0000,25.0000,36.0000,24.0000,10.0000
2.6540,0.5610,0.3580,0.3770,0.1610,0.0000,0.0000,1.7350,1.0000,4.7810,216.1740,2.1780,0.0000,0.0000,0.0000,69.8436,0.0000,4380.0000,1755.0000,0.0000,25.0000,35.0000,24.0000,10.0000
2.1320,0.5450,0.4180,0.3640,0.1740,0.0000,0.0000,1.1690,1.0000,4.7810,216.1740,2.1780,0.0000,0.0000,0.0000,69.8438,0.0000,4380.0000,1755.0000,0.0000,25.0000,35.0000,24.0000,10.0000
2.1090,0.5520,0.3850,0.3430,0.1940,0.0000,0.0000,1.1720,1.0000,4.7810,216.1740,2.1780,0.0000,0.0000,0.0000,69.8540,0.0000,4381.0000,1755.0000,0.0000,25.0000,35.0000,24.0000,10.0000
2.0290,0.5690,0.3740,0.3200,0.1890,0.0000,0.0000,1.0860,1.0000,4.7810,216.1740,2.1780,0.0000,0.0000,0.0000,69.8650,0.0000,4382.0000,1755.0000,0.0000,25.0000,36.0000,24.0000,10.0000
2.0000,0.5590,0.3570,0.3150,0.1620,0.0000,0.0000,1.0840,1.0000,4.7810,216.1740,2.1780,0.0000,0.0000,0.0000,69.8650,0.0000,4382.0000,1755.0000,0.0000,25.0000,36.0000,24.0000,10.0000
1.9570,0.5180,0.3550,0.3230,0.1610,0.0000,0.0000,1.0840,1.0000,4.7810,216.1740,2.1780,0.0000,0.0000,0.0000,69.8651,0.0000,4382.0000,1755.0000,0.0000,25.0000,36.0000,24.0000,10.0000
1.9660,0.5240,0.3460,0.3270,0.1550,0.0000,0.0000,1.0960,1.0000,4.7810,216.1740,2.1780,0.0000,0.0000,0.0000,69.8651,0.0000,4382.0000,1755.0000,0.0000,25.0000,36.0000,24.0000,10.0000
1.9290,0.5330,0.3710,0.3350,0.1590,0.0000,0.0000,1.0250,1.0000,4.7810,216.1740,2.1780,0.0000,0.0000,0.0000,69.8651,0.0000,4382.0000,1755.0000,0.0000,25.0000,36.0000,24.0000,10.0000
2.0530,0.5240,0.3620,0.3240,0.1650,0.0000,0.0000,1.1670,1.0000,4.7810,216.1740,2.1780,0.0000,0.0000,0.0000,69.8658,0.0000,4382.0000,1755.0000,0.0000,25.0000,37.0000,24.0000,10.0000
2.2590,0.5340,0.4160,0.3220,0.2180,0.0000,0.0000,1.3090,1.0000,4.7810,216.1740,2.1780,0.0000,0.0000,0.0000,69.9064,0.0000,4386.0000,1755.0000,0.0000,25.0000,37.0000,24.0000,10.0000
1.9170,0.7340,0.4010,0.3250,0.2000,0.0000,0.0000,0.7820,1.0000,4.7810,216.1740,2.1780,0.0000,0.0000,0.0000,69.9065,0.0000,4386.0000,1755.0000,0.0000,25.0000,37.0000,24.0000,10.0000
2.1250,0.5120,0.3890,0.3240,0.1970,0.0000,0.0000,1.2240,1.0000,4.7810,216.1740,2.1780,0.0000,0.0000,0.0000,69.9270,0.0000,4388.0000,1755.0000,0.0000,25.0000,37.0000,24.0000,10.0000
1.9690,0.6020,0.3910,0.3370,0.1950,0.0000,0.0000,0.9760,1.0000,4.7810,216.1740,2.1780,0.0000,0.0000,0.0000,69.9270,0.0000,4388.0000,1755.0000,0.0000,25.0000,37.0000,24.0000,9.0000
1.9380,0.4990,0.3870,0.3200,0.1970,0.0000,0.0000,1.0520,1.0000,4.7810,216.1740,2.1780,0.0000,0.0000,0.0000,69.9271,0.0000,4388.0000,1755.0000,0.0000,25.0000,37.0000,24.0000,9.0000
1.8650,0.5040,0.3440,0.3270,0.1520,0.0000,0.0000,1.0170,1.0000,4.7810,216.1740,2.1780,0.0000,0.0000,0.0000,69.9271,0.0000,4388.0000,1755.0000,0.0000,25.0000,37.0000,24.0000,9.0000
1.8780,0.4990,0.3450,0.3170,0.1530,0.0000,0.0000,1.0340,1.0000,4.7810,216.1740,2.1780,0.0000,0.0000,0.0000,69.9271,0.0000,4388.0000,1755.0000,0.0000,25.0000,37.0000,24.0000,9.0000
1.9000,0.5170,0.3460,0.3200,0.1550,0.0000,0.0000,1.0370,1.0000,4.7810,216.1740,2.1780,0.0000,0.0000,0.0000,69.9271,0.0000,4388.0000,1755.0000,0.0000,25.0000,37.0000,24.0000,9.0000
2.0980,0.5180,0.3930,0.3360,0.1980,0.0000,0.0000,1.1870,1.0000,4.7810,216.1740,2.1780,0.0000,0.0000,0.0000,69.9476,0.0000,4390.0000,1755.0000,0.0000,25.0000,37.0000,24.0000,9.0000
2.0730,0.6600,0.3800,0.3160,0.1660,0.0000,0.0000,1.0330,1.0000,4.7810,216.1740,2.1780,0.0000,0.0000,0.0000,69.9476,0.0000,4390.0000,1755.0000,0.0000,25.0000,37.0000,24.0000,9.0000
2.2300,0.5530,0.3960,0.3370,0.2000,0.0000,0.0000,1.2810,1.0000,4.7810,216.1740,2.1780,0.0000,0.0000,0.0000,69.9680,0.0000,4392.0000,1755.0000,0.0000,25.0000,37.0000,24.0000,9.0000
1.9570,0.6090,0.4000,0.3210,0.1980,0.0000,0.0000,0.9480,1.0000,4.7810,216.1740,2.1780,0.0000,0.0000,0.0000,69.9681,0.0000,4392.0000,1755.0000,0.0000,25.0000,37.0000,24.0000,9.0000
2.1030,0.5070,0.3500,0.3200,0.1540,0.0000,0.0000,1.2460,1.0000,4.7810,216.1740,2.1780,0.0000,0.0000,0.0000,69.9682,0.0000,4392.0000,1755.0000,0.0000,25.0000,37.0000,24.0000,9.0000
2.4560,0.5290,0.8200,0.3430,0.2610,0.0000,0.0000,1.1070,1.0000,4.7810,216.1740,2.1780,0.0000,0.0000,0.0000,69.9682,0.0000,4392.0000,1755.0000,0.0000,25.0000,37.0000,24.0000,9.0000
3.3670,0.6090,0.3610,0.3440,0.1500,0.0000,0.0000,2.3970,1.0000,4.7810,216.1740,2.1780,0.0000,0.0000,0.0000,69.9682,0.0000,4392.0000,1755.0000,0.0000,25.0000,37.0000,24.0000,9.0000
2.4380,1.0610,0.3850,0.3620,0.1580,0.0000,0.0000,0.9920,1.0000,4.7810,216.1740,2.1780,0.0000,0.0000,0.0000,69.9682,0.0000,4392.0000,1755.0000,0.0000,25.0000,37.0000,24.0000,9.0000
1.8380,0.5670,0.3790,0.3870,0.1550,0.0000,0.0000,0.8920,1.0000,4.7810,216.1740,2.1780,0.0000,0.0000,0.0000,69.9675,0.0000,4392.0000,1755.0000,0.0000,25.0000,36.0000,24.0000,9.0000
1.8970,0.5330,0.4100,0.3560,0.1740,0.0000,0.0000,0.9540,1.0000,4.7810,216.1740,2.1780,0.0000,0.0000,0.0000,69.9777,0.0000,4393.0000,1755.0000,0.0000,25.0000,36.0000,24.0000,10.0000
1.6910,0.5420,0.3720,0.3490,0.1930,0.0000,0.0000,0.7770,1.0000,4.7810,216.1740,2.1780,0.0000,0.0000,0.0000,69.9777,0.0000,4393.0000,1755.0000,0.0000,25.0000,36.0000,24.0000,9.0000
1.5740,0.4260,0.3040,0.2640,0.1330,0.0000,0.0000,0.8440,1.0000,4.7810,216.1740,2.1780,0.0000,0.0000,0.0000,69.9778,0.0000,4393.0000,1755.0000,0.0000,25.0000,36.0000,24.0000,10.0000
1.7660,0.4700,0.3990,0.2690,0.1680,0.0000,0.0000,0.8970,1.0000,4.7810,216.1740,2.1780,0.0000,0.0000,0.0000,69.9879,0.0000,4394.0000,1755.0000,0.0000,25.0000,36.0000,24.0000,10.0000
1.6660,0.5420,0.3510,0.3440,0.1840,0.0000,0.0000,0.7730,1.0000,4.7810,216.1740,2.1780,0.0000,0.0000,0.0000,69.9878,0.0000,4394.0000,1755.0000,0.0000,25.0000,36.0000,24.0000,10.0000
1.7420,0.4380,0.2930,0.2740,0.1290,0.0000,0.0000,1.0110,1.0000,4.7810,216.1740,2.1780,0.0000,0.0000,0.0000,69.7719,0.0000,4373.0000,1755.0000,0.0000,25.0000,36.0000,24.0000,10.0000
1.7730,0.4760,0.3410,0.2800,0.1740,0.0000,0.0000,0.9560,1.0000,4.7810,216.1740,2.1780,0.0000,0.0000,0.0000,69.8027,0.0000,4376.0000,1755.0000,0.0000,25.0000,36.0000,24.0000,10.0000
1.7570,0.5700,0.3420,0.2640,0.1330,0.0000,0.0000,0.8450,1.0000,4.7810,216.1740,2.1780,0.0000,0.0000,0.0000,69.8030,0.0000,4377.0000,1755.0000,0.0000,25.0000,36.0000,24.0000,10.0000
1.7390,0.4640,0.3660,0.3160,0.1860,0.0000,0.0000,0.9090,1.0000,4.7810,216.1740,2.1780,0.0000,0.0000,0.0000,69.8032,0.0000,4377.0000,1755.0000,0.0000,25.0000,36.0000,24.0000,9.0000
1.6680,0.4470,0.3200,0.2630,0.1360,0.0000,0.0000,0.9010,1.0000,4.7810,216.1740,2.1780,0.0000,0.0000,0.0000,69.8032,0.0000,4377.0000,1755.0000,0.0000,25.0000,36.0000,24.0000,8.0000
1.6590,0.4200,0.3290,0.2640,0.1350,0.0000,0.0000,0.9100,1.0000,4.7810,216.1740,2.1780,0.0000,0.0000,0.0000,69.8032,0.0000,4377.0000,1755.0000,0.0000,25.0000,36.0000,24.0000,8.0000
1.7540,0.4820,0.3790,0.3330,0.2140,0.0000,0.0000,0.8930,1.0000,4.7810,216.1740,2.1780,0.0000,0.0000,0.0000,69.8148,0.0000,4378.0000,1755.0000,0.0000,25.0000,36.0000,24.0000,8.0000
1.6760,0.4530,0.2960,0.2630,0.1300,0.0000,0.0000,0.9270,1.0000,4.7810,216.1740,2.1780,0.0000,0.0000,0.0000,69.8148,0.0000,4378.0000,1755.0000,0.0000,25.0000,36.0000,24.0000,8.0000
1.6130,0.4300,0.2960,0.2680,0.1310,0.0000,0.0000,0.8870,1.0000,4.7810,216.1740,2.1780,0.0000,0.0000,0.0000,69.8149,0.0000,4378.0000,1755.0000,0.0000,25.0000,36.0000,24.0000,8.0000
2.3350,0.4810,0.4130,0.3350,0.2220,0.0000,0.0000,1.4410,1.0000,4.7810,216.1740,2.1780,0.0000,0.0000,0.0000,69.8454,0.0000,4381.0000,1755.0000,0.0000,25.0000,36.0000,24.0000,8.0000
1.6130,0.5830,0.2910,0.3340,0.1260,0.0000,0.0000,0.7390,1.0000,4.7810,216.1740,2.1780,0.0000,0.0000,0.0000,69.8454,0.0000,4381.0000,1755.0000,0.0000,25.0000,36.0000,24.0000,8.0000
1.8330,0.4990,0.3770,0.3420,0.2150,0.0000,0.0000,0.9570,1.0000,4.7810,216.1740,2.1780,0.0000,0.0000,0.0000,69.8558,0.0000,4382.0000,1755.0000,0.0000,25.0000,36.0000,24.0000,8.0000
1.9260,0.4710,0.3440,0.2860,0.1510,0.0000,0.0000,1.1110,1.0000,4.7810,216.1740,2.1780,0.0000,0.0000,0.0000,69.8558,0.0000,4382.0000,1755.0000,0.0000,25.0000,36.0000,24.0000,9.0000
1.9200,0.4640,0.3150,0.3050,0.1370,0.0000,0.0000,1.1410,1.0000,4.7810,216.1740,2.1780,0.0000,0.0000,0.0000,69.8558,0.0000,4382.0000,1755.0000,0.0000,25.0000,36.0000,24.0000,9.0000
1.7180,0.4320,0.3220,0.2740,0.1380,0.0000,0.0000,0.9640,1.0000,4.7810,216.1740,2.1780,0.0000,0.0000,0.0000,69.8562,0.0000,4383.0000,1755.0000,0.0000,25.0000,36.0000,24.0000,8.0000
1.8090,0.4290,0.3050,0.2690,0.1350,0.0000,0.0000,1.0750,1.0000,4.7810,216.1740,2.1780,0.0000,0.0000,0.0000,69.8562,0.0000,4383.0000,1755.0000,0.0000,25.0000,36.0000,24.0000,8.0000
2.3300,0.4860,0.4580,0.3390,0.1990,0.0000,0.0000,1.3860,1.0000,4.7810,216.1740,2.1780,0.0000,0.0000,0.0000,69.8664,0.0000,4384.0000,1755.0000,0.0000,25.0000,36.0000,24.0000,8.0000
2.3870,0.6100,0.3970,0.4040,0.1800,0.0000,0.0000,1.3800,1.0000,4.7810,216.1740,2.1780,0.0000,0.0000,0.0000,69.8664,0.0000,4384.0000,1755.0000,0.0000,25.0000,36.0000,24.0000,8.0000
2.1100,0.5750,0.5360,0.3440,0.2860,0.0000,0.0000,0.9990,1.0000,4.7810,216.1740,2.1780,0.0000,0.0000,0.0000,69.8775,0.0000,4385.0000,1755.0000,0.0000,25.0000,37.0000,24.0000,8.0000
1.6980,0.5470,0.3610,0.3480,0.1710,0.0000,0.0000,0.7900,1.0000,4.7810,216.1740,2.1780,0.0000,0.0000,0.0000,69.8775,0.0000,4385.0000,1755.0000,0.0000,25.0000,37.0000,24.0000,8.0000
1.9910,0.4230,0.5070,0.2670,0.2900,0.0000,0.0000,1.0610,1.0000,4.7810,216.1740,2.1780,0.0000,0.0000,0.0000,69.8775,0.0000,4385.0000,1755.0000,0.0000,25.0000,37.0000,24.0000,8.0000
1.6290,0.4870,0.2830,0.2740,0.1220,0.0000,0.0000,0.8590,1.0000,4.7810,216.1740,2.1780,0.0000,0.0000,0.0000,69.8775,0.0000,4385.0000,1755.0000,0.0000,25.0000,37.0000,24.0000,8.0000
1.7200,0.4150,0.3400,0.2600,0.1340,0.0000,0.0000,0.9650,1.0000,4.7810,216.1740,2.1780,0.0000,0.0000,0.0000,69.8776,0.0000,4385.0000,1755.0000,0.0000,25.0000,37.0000,24.0000,9.0000
1.6460,0.5400,0.3490,0.3890,0.1700,0.0000,0.0000,0.7570,1.0000,4.7810,216.1740,2.1780,0.0000,0.0000,0.0000,69.8776,0.0000,4385.0000,1755.0000,0.0000,25.0000,37.0000,24.0000,9.0000
1.8630,0.4220,0.3350,0.2670,0.1690,0.0000,0.0000,1.1060,1.0000,4.7810,216.1740,2.1780,0.0000,0.0000,0.0000,69.8982,0.0000,4387.0000,1755.0000,0.0000,25.0000,37.0000,24.0000,9.0000
1.6310,0.4960,0.3030,0.2680,0.1310,0.0000,0.0000,0.8320,1.0000,4.7810,216.1740,2.1780,0.0000,0.0000,0.0000,69.8982,0.0000,4387.0000,1755.0000,0.0000,25.0000,37.0000,24.0000,9.0000
1.7950,0.4730,0.3260,0.2650,0.1320,0.0000,0.0000,0.9960,1.0000,4.7810,216.1740,2.1780,0.0000,0.0000,0.0000,69.8976,0.0000,4387.0000,1755.0000,0.0000,25.0000,36.0000,24.0000,9.0000
1.6970,0.4330,0.3480,0.2820,0.1840,0.0000,0.0000,0.9160,1.0000,4.7810,216.1740,2.1780,0.0000,0.0000,0.0000,69.8976,0.0000,4387.0000,1755.0000,0.0000,25.0000,36.0000,24.0000,9.0000
1.7170,0.4200,0.2960,0.2670,0.1310,0.0000,0.0000,1.0010,1.0000,4.7810,216.1740,2.1780,0.0000,0.0000,0.0000,69.8976,0.0000,4387.0000,1755.0000,0.0000,25.0000,36.0000,24.0000,10.0000
1.7070,0.4270,0.3090,0.2670,0.1380,0.0000,0.0000,0.9710,1.0000,4.7810,216.1740,2.1780,0.0000,0.0000,0.0000,69.8969,0.0000,4387.0000,1755.0000,0.0000,25.0000,35.0000,24.0000,9.0000
1.7600,0.4900,0.3710,0.3400,0.1400,0.0000,0.0000,0.8990,1.0000,4.7810,216.1740,2.1780,0.0000,0.0000,0.0000,69.8970,0.0000,4387.0000,1755.0000,0.0000,25.0000,35.0000,24.0000,9.0000
1.7790,0.4360,0.3030,0.2850,0.1310,0.0000,0.0000,1.0400,1.0000,4.7810,216.1740,2.1780,0.0000,0.0000,0.0000,69.8963,0.0000,4387.0000,1755.0000,0.0000,25.0000,34.0000,24.0000,9.0000
1.8110,0.4360,0.3420,0.2690,0.1750,0.0000,0.0000,1.0330,1.0000,4.7810,216.1740,2.1780,0.0000,0.0000,0.0000,69.9261,0.0000,4390.0000,1755.0000,0.0000,25.0000,33.0000,24.0000,10.0000
1.7680,0.5220,0.3040,0.2640,0.1360,0.0000,0.0000,0.9420,1.0000,4.7810,216.1740,2.1780,0.0000,0.0000,0.0000,69.9262,0.0000,4390.0000,1755.0000,0.0000,25.0000,33.0000,24.0000,9.0000
1.8460,0.5670,0.3590,0.2790,0.1770,0.0000,0.0000,0.9200,1.0000,4.7810,216.1740,2.1780,0.0000,0.0000,0.0000,69.9476,0.0000,4392.0000,1755.0000,0.0000,25.0000,34.0000,24.0000,10.0000
1.9860,0.5640,0.4050,0.3470,0.1630,0.0000,0.0000,1.0170,1.0000,4.7810,216.1740,2.1780,0.0000,0.0000,0.0000,69.9476,0.0000,4392.0000,1755.0000,0.0000,25.0000,34.0000,24.0000,9.0000
1.7700,0.5590,0.3970,0.3930,0.1510,0.0000,0.0000,0.8140,1.0000,4.7810,216.1740,2.1780,0.0000,0.0000,0.0000,69.9484,0.0000,4392.0000,1755.0000,0.0000,25.0000,35.0000,24.0000,9.0000
1.8990,0.4460,0.3320,0.2810,0.1630,0.0000,0.0000,1.1210,1.0000,4.7810,216.1740,2.1780,0.0000,0.0000,0.0000,69.9580,0.0000,4393.0000,1755.0000,0.0000,25.0000,34.0000,24.0000,9.0000
1.7440,0.4660,0.3150,0.2700,0.1340,0.0000,0.0000,0.9630,1.0000,4.7810,216.1740,2.1780,0.0000,0.0000,0.0000,69.9580,0.0000,4393.0000,1755.0000,0.0000,25.0000,34.0000,24.0000,8.0000
2.0180,0.4390,0.3060,0.2760,0.1350,0.0000,0.0000,1.2730,1.0000,4.7810,216.1740,2.1780,0.0000,0.0000,0.0000,69.9580,0.0000,4393.0000,1755.0000,0.0000,25.0000,34.0000,24.0000,8.0000
1.8470,0.5000,0.3250,0.3320,0.1360,0.0000,0.0000,1.0220,1.0000,4.7810,216.1740,2.1780,0.0000,0.0000,0.0000,69.9580,0.0000,4393.0000,1755.0000,0.0000,25.0000,34.0000,24.0000,8.0000
1.8880,0.5420,0.3460,0.2850,0.1700,0.0000,0.0000,1.0000,1.0000,4.7810,216.1740,2.1780,0.0000,0.0000,0.0000,69.9782,0.0000,4395.0000,1755.0000,0.0000,25.0000,34.0000,24.0000,8.0000
1.7330,0.5540,0.3720,0.3140,0.1360,0.0000,0.0000,0.8070,1.0000,4.7810,216.1740,2.1780,0.0000,0.0000,0.0000,69.9782,0.0000,4395.0000,1755.0000,0.0000,25.0000,34.0000,24.0000,8.0000
1.6400,0.4960,0.3490,0.3350,0.1840,0.0000,0.0000,0.7950,1.0000,4.7810,216.1740,2.1780,0.0000,0.0000,0.0000,69.9783,0.0000,4395.0000,1755.0000,0.0000,25.0000,34.0000,24.0000,8.0000
1.9310,0.4270,0.3390,0.2650,0.1690,0.0000,0.0000,1.1650,1.0000,4.7810,216.1740,2.1780,0.0000,0.0000,0.0000,69.9987,0.0000,4397.0000,1755.0000,0.0000,25.0000,34.0000,24.0000,8.0000
1.7440,0.5370,0.3010,0.2630,0.1300,0.0000,0.0000,0.9060,1.0000,4.7810,216.1740,2.1780,0.0000,0.0000,0.0000,69.9982,0.0000,4397.0000,1755.0000,0.0000,25.0000,33.0000,24.0000,7.0000
1.7440,0.5450,0.3210,0.3020,0.1380,0.0000,0.0000,0.8780,1.0000,4.7810,216.1740,2.1780,0.0000,0.0000,0.0000,69.9983,0.0000,4397.0000,1755.0000,0.0000,25.0000,33.0000,24.0000,7.0000
5.1240,0.5500,0.3820,0.3880,0.2010,0.0000,0.0000,4.1920,1.0000,4.7810,216.1740,2.1780,0.0000,0.0000,0.0000,70.0085,0.0000,4398.0000,1755.0000,0.0000,25.0000,33.0000,24.0000,7.0000
1.8290,0.5490,0.3930,0.3290,0.1500,0.0000,0.0000,0.8870,1.0000,4.7810,216.1740,2.1780,0.0000,0.0000,0.0000,70.0085,0.0000,4398.0000,1755.0000,0.0000,25.0000,33.0000,24.0000,7.0000
1.7010,0.5410,0.4310,0.3640,0.2430,0.0000,0.0000,0.7290,1.0000,4.7810,216.1740,2.1780,0.0000,0.0000,0.0000,70.0081,0.0000,4398.0000,1755.0000,0.0000,25.0000,33.0000,24.0000,7.0000
1.8960,0.4530,0.3270,0.2710,0.1380,0.0000,0.0000,1.1160,1.0000,4.7810,216.1740,2.1780,0.0000,0.0000,0.0000,69.7299,0.0000,4371.0000,1755.0000,0.0000,25.0000,33.0000,24.0000,7.0000
2.0330,0.4510,0.4980,0.2720,0.2340,0.0000,0.0000,1.0840,1.0000,4.7810,216.1740,2.1780,0.0000,0.0000,0.0000,69.7291,0.0000,4371.0000,1755.0000,0.0000,25.0000,32.0000,24.0000,6.0000
1.8900,0.4430,0.3820,0.2700,0.1830,0.0000,0.0000,1.0650,1.0000,4.7810,216.1740,2.1780,0.0000,0.0000,0.0000,69.7493,0.0000,4373.0000,1755.0000,0.0000,25.0000,32.0000,24.0000,6.0000
3.0850,0.5120,0.7780,0.2810,0.3830,0.0000,0.0000,1.7950,1.0000,4.7810,216.1740,2.1780,0.0000,0.0000,0.0000,69.7493,0.0000,4373.0000,1755.0000,0.0000,25.0000,32.0000,24.0000,6.0000
4.2500,1.2660,0.3020,1.0990,0.1310,0.0000,0.0000,2.6820,1.0000,4.7810,216.1740,2.1780,0.0000,0.0000,0.0000,69.7487,0.0000,4373.0000,1755.0000,0.0000,25.0000,31.0000,24.0000,6.0000
2.0810,0.4800,0.3470,0.2710,0.1780,0.0000,0.0000,1.2540,1.0000,4.7810,216.1740,2.1780,0.0000,0.0000,0.0000,69.7692,0.0000,4375.0000,1755.0000,0.0000,25.0000,31.0000,24.0000,6.0000
1.9420,0.4890,0.3880,0.2640,0.2160,0.0000,0.0000,1.0650,1.0000,4.7810,216.1740,2.1780,0.0000,0.0000,0.0000,69.7701,0.0000,4375.0000,1755.0000,0.0000,25.0000,32.0000,24.0000,8.0000
2.0270,0.5240,0.3390,0.3620,0.1720,0.0000,0.0000,1.1640,1.0000,4.7810,216.1740,2.1780,0.0000,0.0000,0.0000,69.7805,0.0000,4376.0000,1755.0000,0.0000,25.0000,32.0000,24.0000,8.0000
1.7760,0.4680,0.3330,0.2570,0.1520,0.0000,0.0000,0.9750,1.0000,4.7810,216.1740,2.1780,0.0000,0.0000,0.0000,69.7805,0.0000,4376.0000,1755.0000,0.0000,25.0000,32.0000,24.0000,8.0000
1.7660,0.4250,0.3010,0.2700,0.1320,0.0000,0.0000,1.0400,1.0000,4.7810,216.1740,2.1780,0.0000,0.0000,0.0000,69.7799,0.0000,4376.0000,1755.0000,0.0000,25.0000,31.0000,24.0000,8.0000
1.6470,0.4330,0.3110,0.2660,0.1370,0.0000,0.0000,0.9030,1.0000,4.7810,216.1740,2.1780,0.0000,0.0000,0.0000,69.7799,0.0000,4376.0000,1755.0000,0.0000,25.0000,31.0000,24.0000,8.0000
1.6160,0.4830,0.3390,0.3370,0.1640,0.0000,0.0000,0.7940,1.0000,4.7810,216.1740,2.1780,0.0000,0.0000,0.0000,69.7806,0.0000,4376.0000,1755.0000,0.0000,25.0000,32.0000,24.0000,8.0000
1.6710,0.4120,0.3230,0.2630,0.1540,0.0000,0.0000,0.9360,1.0000,4.7810,216.1740,2.1780,0.0000,0.0000,0.0000,69.7806,0.0000,4376.0000,1755.0000,0.0000,25.0000,32.0000,24.0000,8.0000
1.7500,0.4600,0.3570,0.2730,0.1630,0.0000,0.0000,0.9330,1.0000,4.7810,216.1740,2.1780,0.0000,0.0000,0.0000,69.7806,0.0000,4376.0000,1755.0000,0.0000,25.0000,32.0000,24.0000,8.0000
1.8800,0.5050,0.4260,0.3510,0.1630,0.0000,0.0000,0.9490,1.0000,4.7810,216.1740,2.1780,0.0000,0.0000,0.0000,69.7799,0.0000,4376.0000,1755.0000,0.0000,25.0000,31.0000,24.0000,8.0000
1.6770,0.5470,0.3620,0.3880,0.1680,0.0000,0.0000,0.7680,1.0000,4.7810,216.1740,2.1780,0.0000,0.0000,0.0000,69.7799,0.0000,4376.0000,1755.0000,0.0000,25.0000,31.0000,24.0000,8.0000
1.7020,0.4190,0.3060,0.2620,0.1340,0.0000,0.0000,0.9770,1.0000,4.7810,216.1740,2.1780,0.0000,0.0000,0.0000,69.7806,0.0000,4376.0000,1755.0000,0.0000,25.0000,32.0000,24.0000,8.0000
1.7250,0.4290,0.3370,0.2640,0.1640,0.0000,0.0000,0.9590,1.0000,4.7810,216.1740,2.1780,0.0000,0.0000,0.0000,69.7908,0.0000,4377.0000,1755.0000,0.0000,25.0000,32.0000,24.0000,8.0000
1.6440,0.5100,0.3390,0.3320,0.1340,0.0000,0.0000,0.7950,1.0000,4.7810,216.1740,2.1780,0.0000,0.0000,0.0000,69.7908,0.0000,4377.0000,1755.0000,0.0000,25.0000,32.0000,24.0000,8.0000
1.6210,0.4120,0.2950,0.2640,0.1290,0.0000,0.0000,0.9140,1.0000,4.7810,216.1740,2.1780,0.0000,0.0000,0.0000,69.7902,0.0000,4377.0000,1755.0000,0.0000,25.0000,31.0000,24.0000,9.0000
1.7170,0.4670,0.3440,0.2680,0.1780,0.0000,0.0000,0.9060,1.0000,4.7810,216.1740,2.1780,0.0000,0.0000,0.0000,69.8207,0.0000,4380.0000,1755.0000,0.0000,25.0000,31.0000,24.0000,8.0000
1.7190,0.5620,0.3500,0.3050,0.1410,0.0000,0.0000,0.8070,1.0000,4.7810,216.1740,2.1780,0.0000,0.0000,0.0000,69.8214,0.0000,4380.0000,1755.0000,0.0000,25.0000,32.0000,24.0000,8.0000
1.7470,0.4460,0.3490,0.2970,0.1620,0.0000,0.0000,0.9520,1.0000,4.7810,216.1740,2.1780,0.0000,0.0000,0.0000,69.8325,0.0000,4381.0000,1755.0000,0.0000,25.0000,33.0000,24.0000,7.0000
1.6360,0.4530,0.3030,0.2660,0.1340,0.0000,0.0000,0.8800,1.0000,4.7810,216.1740,2.1780,0.0000,0.0000,0.0000,69.8325,0.0000,4381.0000,1755.0000,0.0000,25.0000,33.0000,24.0000,7.0000
1.7360,0.4840,0.3960,0.2800,0.1420,0.0000,0.0000,0.8560,1.0000,4.7810,216.1740,2.1780,0.0000,0.0000,0.0000,69.8319,0.0000,4381.0000,1755.0000,0.0000,25.0000,32.0000,24.0000,7.0000
2.3210,0.4860,0.3940,0.3350,0.2230,0.0000,0.0000,1.4410,1.0000,4.7810,216.1740,2.1780,0.0000,0.0000,0.0000,69.8523,0.0000,4383.0000,1755.0000,0.0000,25.0000,32.0000,24.0000,7.0000
1.9190,0.5580,0.4340,0.2810,0.2210,0.0000,0.0000,0.9270,1.0000,4.7810,216.1740,2.1780,0.0000,0.0000,0.0000,69.8648,0.0000,4384.0000,1755.0000,0.0000,25.0000,33.0000,24.0000,7.0000
1.6310,0.5200,0.3470,0.3080,0.1360,0.0000,0.0000,0.7640,1.0000,4.7810,216.1740,2.1780,0.0000,0.0000,0.0000,69.8649,0.0000,4384.0000,1755.0000,0.0000,25.0000,33.0000,24.0000,7.0000
1.8150,0.4120,0.3350,0.2610,0.1680,0.0000,0.0000,1.0680,1.0000,4.7810,216.1740,2.1780,0.0000,0.0000,0.0000,69.8855,0.0000,4386.0000,1755.0000,0.0000,25.0000,33.0000,24.0000,7.0000
1.6060,0.4960,0.3000,0.2660,0.1320,0.0000,0.0000,0.8100,1.0000,4.7810,216.1740,2.1780,0.0000,0.0000,0.0000,69.8848,0.0000,4386.0000,1755.0000,0.0000,25.0000,32.0000,24.0000,9.0000
1.6150,0.5210,0.3360,0.3110,0.1370,0.0000,0.0000,0.7580,1.0000,4.7810,216.1740,2.1780,0.0000,0.0000,0.0000,69.8849,0.0000,4386.0000,1755.0000,0.0000,25.0000,32.0000,24.0000,9.0000
1.5820,0.4240,0.3010,0.2750,0.1330,0.0000,0.0000,0.8570,1.0000,4.7810,216.1740,2.1780,0.0000,0.0000,0.0000,69.8856,0.0000,4386.0000,1755.0000,0.0000,25.0000,33.0000,24.0000,9.0000
1.6290,0.4150,0.3260,0.2620,0.1600,0.0000,0.0000,0.8880,1.0000,4.7810,216.1740,2.1780,0.0000,0.0000,0.0000,69.8979,0.0000,4387.0000,1755.0000,0.0000,25.0000,33.0000,24.0000,9.0000
1.7020,0.5160,0.4340,0.3140,0.2190,0.0000,0.0000,0.7520,1.0000,4.7810,216.1740,2.1780,0.0000,0.0000,0.0000,69.8980,0.0000,4387.0000,1755.0000,0.0000,25.0000,33.0000,24.0000,9.0000
1.6370,0.4220,0.3020,0.2650,0.1310,0.0000,0.0000,0.9130,1.0000,4.7810,216.1740,2.1780,0.0000,0.0000,0.0000,69.8966,0.0000,4387.0000,1755.0000,0.0000,25.0000,31.0000,24.0000,9.0000
1.6650,0.4180,0.2980,0.2620,0.1340,0.0000,0.0000,0.9490,1.0000,4.7810,216.1740,2.1780,0.0000,0.0000,0.0000,69.8966,0.0000,4387.0000,1755.0000,0.0000,25.0000,31.0000,24.0000,9.0000
1.6380,0.5470,0.3560,0.3720,0.1700,0.0000,0.0000,0.7350,1.0000,4.7810,216.1740,2.1780,0.0000,0.0000,0.0000,69.8973,0.0000,4387.0000,1755.0000,0.0000,25.0000,32.0000,24.0000,9.0000
1.5840,0.4240,0.2960,0.2690,0.1300,0.0000,0.0000,0.8640,1.0000,4.7810,216.1740,2.1780,0.0000,0.0000,0.0000,69.8973,0.0000,4387.0000,1755.0000,0.0000,25.0000,32.0000,24.0000,9.0000
1.8710,0.4310,0.3920,0.2710,0.1790,0.0000,0.0000,1.0480,1.0000,4.7810,216.1740,2.1780,0.0000,0.0000,0.0000,69.9278,0.0000,4390.0000,1755.0000,0.0000,25.0000,32.0000,24.0000,9.0000
1.6280,0.5710,0.3420,0.3090,0.1340,0.0000,0.0000,0.7150,1.0000,4.7810,216.1740,2.1780,0.0000,0.0000,0.0000,69.9271,0.0000,4390.0000,1755.0000,0.0000,25.0000,31.0000,24.0000,9.0000
1.8390,0.4150,0.3450,0.2610,0.1780,0.0000,0.0000,1.0790,1.0000,4.7810,216.1740,2.1780,0.0000,0.0000,0.0000,69.9375,0.0000,4391.0000,1755.0000,0.0000,25.0000,31.0000,24.0000,9.0000
1.5870,0.4550,0.2960,0.2590,0.1310,0.0000,0.0000,0.8360,1.0000,4.7810,216.1740,2.1780,0.0000,0.0000,0.0000,69.9382,0.0000,4391.0000,1755.0000,0.0000,25.0000,32.0000,24.0000,9.0000
1.9190,0.4680,0.3380,0.2620,0.1340,0.0000,0.0000,1.1130,1.0000,4.7810,216.1740,2.1780,0.0000,0.0000,0.0000,69.9383,0.0000,4391.0000,1755.0000,0.0000,25.0000,32.0000,24.0000,9.0000
1.7740,0.6300,0.4080,0.4190,0.1710,0.0000,0.0000,0.7360,1.0000,4.7810,216.1740,2.1780,0.0000,0.0000,0.0000,69.9486,0.0000,4392.0000,1755.0000,0.0000,25.0000,32.0000,24.0000,9.0000
1.7180,0.5210,0.2990,0.3310,0.1310,0.0000,0.0000,0.8980,1.0000,4.7810,216.1740,2.1780,0.0000,0.0000,0.0000,69.9479,0.0000,4392.0000,1755.0000,0.0000,25.0000,31.0000,24.0000,9.0000
1.5540,0.4580,0.2870,0.2950,0.1250,0.0000,0.0000,0.8090,1.0000,4.7810,216.1740,2.1780,0.0000,0.0000,0.0000,69.9486,0.0000,4392.0000,1755.0000,0.0000,25.0000,32.0000,24.0000,9.0000
1.6370,0.4730,0.3450,0.2630,0.1320,0.0000,0.0000,0.8190,1.0000,4.7810,216.1740,2.1780,0.0000,0.0000,0.0000,69.9486,0.0000,4392.0000,1755.0000,0.0000,25.0000,32.0000,24.0000,9.0000
1.7270,0.4400,0.3480,0.2740,0.1800,0.0000,0.0000,0.9390,1.0000,4.7810,216.1740,2.1780,0.0000,0.0000,0.0000,69.9589,0.0000,4393.0000,1755.0000,0.0000,25.0000,32.0000,24.0000,9.0000
1.7180,0.4520,0.3300,0.2610,0.1590,0.0000,0.0000,0.9360,1.0000,4.7810,216.1740,2.1780,0.0000,0.0000,0.0000,69.9691,0.0000,4394.0000,1755.0000,0.0000,25.0000,32.0000,24.0000,9.0000
1.8220,0.5180,0.3910,0.2780,0.1400,0.0000,0.0000,0.9130,1.0000,4.7810,216.1740,2.1780,0.0000,0.0000,0.0000,69.9692,0.0000,4394.0000,1755.0000,0.0000,25.0000,32.0000,24.0000,9.0000
1.8950,0.5980,0.4120,0.4410,0.1880,0.0000,0.0000,0.8850,1.0000,4.7810,216.1740,2.1780,0.0000,0.0000,0.0000,69.9686,0.0000,4394.0000,1755.0000,0.0000,25.0000,31.0000,24.0000,8.0000
1.9600,0.5060,0.4070,0.3340,0.2350,0.0000,0.0000,1.0470,1.0000,4.7810,216.1740,2.1780,0.0000,0.0000,0.0000,69.9987,0.0000,4397.0000,1755.0000,0.0000,25.0000,31.0000,24.0000,8.0000
1.7410,0.6330,0.3030,0.3440,0.1390,0.0000,0.0000,0.8050,1.0000,4.7810,216.1740,2.1780,0.0000,0.0000,0.0000,69.7422,0.0000,4372.0000,1755.0000,0.0000,25.0000,31.0000,24.0000,8.0000
1.7430,0.4730,0.3410,0.2790,0.1610,0.0000,0.0000,0.9290,1.0000,4.7810,216.1740,2.1780,0.0000,0.0000,0.0000,69.7534,0.0000,4373.0000,1755.0000,0.0000,25.0000,32.0000,24.0000,8.0000
1.7720,0.4500,0.3080,0.2590,0.1330,0.0000,0.0000,1.0140,1.0000,4.7810,216.1740,2.1780,0.0000,0.0000,0.0000,69.7534,0.0000,4373.0000,1755.0000,0.0000,25.0000,32.0000,24.0000,8.0000
1.8130,0.4810,0.4000,0.3350,0.1550,0.0000,0.0000,0.9320,1.0000,4.7810,216.1740,2.1780,0.0000,0.0000,0.0000,69.7535,0.0000,4373.0000,1755.0000,0.0000,25.0000,32.0000,24.0000,8.0000
1.9700,0.4780,0.4300,0.3240,0.2460,0.0000,0.0000,1.0620,1.0000,4.7810,216.1740,2.1780,0.0000,0.0000,0.0000,69.7536,0.0000,4373.0000,1755.0000,0.0000,25.0000,32.0000,24.0000,9.0000
1.7120,0.6850,0.3940,0.4060,0.2200,0.0000,0.0000,0.6330,1.0000,4.7810,216.1740,2.1780,0.0000,0.0000,0.0000,69.7632,0.0000,4374.0000,1755.0000,0.0000,25.0000,31.0000,24.0000,9.0000
2.0320,0.4530,0.3540,0.2620,0.1820,0.0000,0.0000,1.2250,1.0000,4.7810,216.1740,2.1780,0.0000,0.0000,0.0000,69.7742,0.0000,4375.0000,1755.0000,0.0000,25.0000,32.0000,24.0000,9.0000
1.6510,0.6170,0.3150,0.3910,0.1360,0.0000,0.0000,0.7190,1.0000,4.7810,216.1740,2.1780,0.0000,0.0000,0.0000,69.7756,0.0000,4375.0000,1755.0000,0.0000,25.0000,34.0000,24.0000,8.0000
1.6290,0.4400,0.3040,0.2850,0.1350,0.0000,0.0000,0.8850,1.0000,4.7810,216.1740,2.1780,0.0000,0.0000,0.0000,69.7757,0.0000,4375.0000,1755.0000,0.0000,25.0000,34.0000,24.0000,8.0000
1.6010,0.5330,0.3530,0.3860,0.1860,0.0000,0.0000,0.7150,1.0000,4.7810,216.1740,2.1780,0.0000,0.0000,0.0000,69.7757,0.0000,4375.0000,1755.0000,0.0000,25.0000,34.0000,24.0000,8.0000
1.5470,0.4110,0.2990,0.2610,0.1330,0.0000,0.0000,0.8370,1.0000,4.7810,216.1740,2.1780,0.0000,0.0000,0.0000,69.7764,0.0000,4375.0000,1755.0000,0.0000,25.0000,35.0000,24.0000,8.0000
1.8460,0.4640,0.4080,0.2610,0.2030,0.0000,0.0000,0.9740,1.0000,4.7810,216.1740,2.1780,0.0000,0.0000,0.0000,69.7867,0.0000,4376.0000,1755.0000,0.0000,25.0000,35.0000,24.0000,8.0000
1.7390,0.5730,0.3690,0.3400,0.1920,0.0000,0.0000,0.7970,1.0000,4.7810,216.1740,2.1780,0.0000,0.0000,0.0000,69.7867,0.0000,4376.0000,1755.0000,0.0000,25.0000,35.0000,24.0000,8.0000
1.7920,0.4200,0.3150,0.2630,0.1350,0.0000,0.0000,1.0570,1.0000,4.7810,216.1740,2.1780,0.0000,0.0000,0.0000,69.7867,0.0000,4376.0000,1755.0000,0.0000,25.0000,35.0000,24.0000,8.0000
1.8720,0.4330,0.3310,0.2660,0.1620,0.0000,0.0000,1.1080,1.0000,4.7810,216.1740,2.1780,0.0000,0.0000,0.0000,69.8026,0.0000,4378.0000,1755.0000,0.0000,25.0000,35.0000,24.0000,8.0000
2.0000,0.6000,0.3040,0.3560,0.1340,0.0000,0.0000,1.0960,1.0000,4.7810,216.1740,2.1780,0.0000,0.0000,0.0000,69.7999,0.0000,4378.0000,1755.0000,0.0000,25.0000,35.0000,24.0000,11.0000
2.0750,0.7470,0.4000,0.5970,0.2270,0.0000,0.0000,0.9280,1.0000,4.7810,216.1740,2.1780,0.0000,0.0000,0.0000,69.8766,0.0000,4396.0000,1755.0000,0.0000,25.0000,35.0000,24.0000,11.0000
1.8190,0.7250,0.3410,0.2710,0.1380,0.0000,0.0000,0.7530,1.0000,4.7810,216.1740,2.1780,0.0000,0.0000,0.0000,69.8890,0.0000,4397.0000,1755.0000,0.0000,25.0000,36.0000,24.0000,11.0000
1.7500,0.5680,0.3130,0.2700,0.1380,0.0000,0.0000,0.8690,1.0000,4.7810,216.1740,2.1780,0.0000,0.0000,0.0000,69.8887,0.0000,4397.0000,1755.0000,0.0000,25.0000,35.0000,24.0000,11.0000
1.7880,0.4850,0.3900,0.3310,0.2200,0.0000,0.0000,0.9130,1.0000,4.7810,216.1740,2.1780,0.0000,0.0000,0.0000,69.8990,0.0000,4398.0000,1755.0000,0.0000,25.0000,35.0000,24.0000,11.0000
1.6710,0.4540,0.3040,0.2660,0.1340,0.0000,0.0000,0.9130,1.0000,4.7810,216.1740,2.1780,0.0000,0.0000,0.0000,69.9004,0.0000,4398.0000,1755.0000,0.0000,25.0000,37.0000,24.0000,11.0000
2.0920,0.4200,0.3080,0.2620,0.1340,0.0000,0.0000,1.3640,1.0000,4.7810,216.1740,2.1780,0.0000,0.0000,0.0000,69.9000,0.0000,4398.0000,1755.0000,0.0000,25.0000,36.0000,24.0000,11.0000
1.8220,0.8100,0.3610,0.6400,0.1740,0.0000,0.0000,0.6510,1.0000,4.7810,216.1740,2.1780,0.0000,0.0000,0.0000,69.9109,0.0000,4399.0000,1755.0000,0.0000,25.0000,37.0000,24.0000,10.0000
2.1250,0.4660,0.5590,0.2660,0.3750,0.0000,0.0000,1.1000,1.0000,4.7810,216.1740,2.1780,0.0000,0.0000,0.0000,69.9109,0.0000,4399.0000,1755.0000,0.0000,25.0000,37.0000,24.0000,10.0000
1.9150,0.4730,0.4360,0.2960,0.1510,0.0000,0.0000,1.0060,1.0000,4.7810,216.1740,2.1780,0.0000,0.0000,0.0000,69.9110,0.0000,4399.0000,1755.0000,0.0000,25.0000,37.0000,24.0000,10.0000
1.9390,0.4360,0.3560,0.2650,0.1840,0.0000,0.0000,1.1470,1.0000,4.7810,216.1740,2.1780,0.0000,0.0000,0.0000,69.9415,0.0000,4402.0000,1755.0000,0.0000,25.0000,37.0000,24.0000,10.0000
1.8650,0.5840,0.3400,0.2660,0.1690,0.0000,0.0000,0.9410,1.0000,4.7810,216.1740,2.1780,0.0000,0.0000,0.0000,69.9624,0.0000,4404.0000,1755.0000,0.0000,25.0000,38.0000,24.0000,10.0000
1.8340,0.5510,0.3400,0.2610,0.1480,0.0000,0.0000,0.9430,1.0000,4.7810,216.1740,2.1780,0.0000,0.0000,0.0000,69.9618,0.0000,4404.0000,1755.0000,0.0000,25.0000,37.0000,24.0000,9.0000
1.8730,0.4790,0.4200,0.3270,0.1910,0.0000,0.0000,0.9740,1.0000,4.7810,216.1740,2.1780,0.0000,0.0000,0.0000,69.9626,0.0000,4404.0000,1755.0000,0.0000,25.0000,38.0000,24.0000,9.0000
1.8320,0.4470,0.3860,0.2850,0.2170,0.0000,0.0000,0.9990,1.0000,4.7810,216.1740,2.1780,0.0000,0.0000,0.0000,69.9722,0.0000,4405.0000,1755.0000,0.0000,25.0000,37.0000,24.0000,8.0000
1.8320,0.4560,0.3090,0.2610,0.1370,0.0000,0.0000,1.0670,1.0000,4.7810,216.1740,2.1780,0.0000,0.0000,0.0000,69.9729,0.0000,4405.0000,1755.0000,0.0000,25.0000,38.0000,24.0000,8.0000
2.2980,0.4320,0.3460,0.2650,0.1460,0.0000,0.0000,1.5200,1.0000,4.7810,216.1740,2.1780,0.0000,0.0000,0.0000,69.9723,0.0000,4405.0000,1755.0000,0.0000,25.0000,37.0000,24.0000,8.0000
2.7130,0.4860,0.5820,0.3140,0.3380,0.0000,0.0000,1.6450,1.0000,4.7810,216.1740,2.1780,0.0000,0.0000,0.0000,70.0034,0.0000,4408.0000,1755.0000,0.0000,25.0000,38.0000,24.0000,8.0000
2.2250,0.7560,0.4070,0.3700,0.1920,0.0000,0.0000,1.0620,1.0000,4.7810,216.1740,2.1780,0.0000,0.0000,0.0000,70.0027,0.0000,4408.0000,1755.0000,0.0000,25.0000,37.0000,24.0000,8.0000
1.7630,0.5700,0.3140,0.3590,0.1370,0.0000,0.0000,0.8790,1.0000,4.7810,216.1740,2.1780,0.0000,0.0000,0.0000,70.0036,0.0000,4408.0000,1755.0000,0.0000,25.0000,38.0000,24.0000,8.0000
1.5340,0.4060,0.2850,0.2480,0.1230,0.0000,0.0000,0.8430,1.0000,4.7810,216.1740,2.1780,0.0000,0.0000,0.0000,70.0036,0.0000,4408.0000,1755.0000,0.0000,25.0000,38.0000,24.0000,8.0000
1.6000,0.4370,0.3610,0.2500,0.1610,0.0000,0.0000,0.8020,1.0000,4.7810,216.1740,2.1780,0.0000,0.0000,0.0000,70.0043,0.0000,4408.0000,1755.0000,0.0000,25.0000,39.0000,24.0000,8.0000
1.6860,0.4090,0.2780,0.2620,0.1230,0.0000,0.0000,0.9990,1.0000,4.7810,216.1740,2.1780,0.0000,0.0000,0.0000,69.9962,0.0000,4396.0000,1755.0000,0.0000,25.0000,37.0000,24.0000,9.0000
1.7640,0.4710,0.2850,0.3200,0.1300,0.0000,0.0000,1.0080,1.0000,4.7810,216.1740,2.1780,0.0000,0.0000,0.0000,69.9969,0.0000,4396.0000,1755.0000,0.0000,25.0000,38.0000,24.0000,9.0000
1.6640,0.6450,0.3280,0.4310,0.1260,0.0000,0.0000,0.6910,1.0000,4.7810,216.1740,2.1780,0.0000,0.0000,0.0000,69.9962,0.0000,4396.0000,1755.0000,0.0000,25.0000,37.0000,24.0000,9.0000
1.7090,0.4060,0.3830,0.2580,0.1340,0.0000,0.0000,0.9200,1.0000,4.7810,216.1740,2.1780,0.0000,0.0000,0.0000,69.9969,0.0000,4396.0000,1755.0000,0.0000,25.0000,38.0000,24.0000,9.0000
1.8270,0.4000,0.3170,0.2530,0.1630,0.0000,0.0000,1.1100,1.0000,4.7810,216.1740,2.1780,0.0000,0.0000,0.0000,69.9962,0.0000,4396.0000,1755.0000,0.0000,25.0000,37.0000,24.0000,9.0000
1.6640,0.4550,0.3170,0.2610,0.1530,0.0000,0.0000,0.8920,1.0000,4.7810,216.1740,2.1780,0.0000,0.0000,0.0000,70.0072,0.0000,4397.0000,1755.0000,0.0000,25.0000,38.0000,24.0000,9.0000
1.8070,0.5260,0.4190,0.3310,0.2430,0.0000,0.0000,0.8620,1.0000,4.7810,216.1740,2.1780,0.0000,0.0000,0.0000,70.0155,0.0000,4397.0000,1755.0000,0.0000,25.0000,37.0000,24.0000,9.0000
1.6800,0.4720,0.3360,0.2600,0.1580,0.0000,0.0000,0.8720,1.0000,4.7810,216.1740,2.1780,0.0000,0.0000,0.0000,70.0265,0.0000,4398.0000,1755.0000,0.0000,25.0000,38.0000,24.0000,9.0000
1.6510,0.4450,0.3080,0.2530,0.1460,0.0000,0.0000,0.8980,1.0000,4.7810,216.1740,2.1780,0.0000,0.0000,0.0000,70.0347,0.0000,4399.0000,1755.0000,0.0000,25.0000,35.0000,24.0000,9.0000
1.5100,0.5290,0.3070,0.2620,0.1210,0.0000,0.0000,0.6740,1.0000,4.7810,216.1740,2.1780,0.0000,0.0000,0.0000,70.0355,0.0000,4399.0000,1755.0000,0.0000,25.0000,36.0000,24.0000,9.0000
1.4910,0.4080,0.2710,0.2680,0.1180,0.0000,0.0000,0.8120,1.0000,4.7810,216.1740,2.1780,0.0000,0.0000,0.0000,70.0348,0.0000,4399.0000,1755.0000,0.0000,25.0000,35.0000,24.0000,9.0000
1.5340,0.4300,0.3270,0.2490,0.1500,0.0000,0.0000,0.7770,1.0000,4.7810,216.1740,2.1780,0.0000,0.0000,0.0000,70.0355,0.0000,4399.0000,1755.0000,0.0000,25.0000,36.0000,24.0000,9.0000
1.4930,0.4070,0.2680,0.2640,0.1180,0.0000,0.0000,0.8180,1.0000,4.7810,216.1740,2.1780,0.0000,0.0000,0.0000,70.0355,0.0000,4399.0000,1755.0000,0.0000,25.0000,36.0000,24.0000,9.0000
1.6900,0.4470,0.3250,0.2670,0.1460,0.0000,0.0000,0.9180,1.0000,4.7810,216.1740,2.1780,0.0000,0.0000,0.0000,70.0458,0.0000,4400.0000,1755.0000,0.0000,25.0000,36.0000,24.0000,9.0000
1.5330,0.4930,0.2860,0.3000,0.1220,0.0000,0.0000,0.7540,1.0000,4.7810,216.1740,2.1780,0.0000,0.0000,0.0000,70.0451,0.0000,4400.0000,1755.0000,0.0000,25.0000,35.0000,24.0000,9.0000
1.4850,0.3950,0.2750,0.2510,0.1170,0.0000,0.0000,0.8150,1.0000,4.7810,216.1740,2.1780,0.0000,0.0000,0.0000,70.0458,0.0000,4400.0000,1755.0000,0.0000,25.0000,36.0000,24.0000,9.0000
1.7760,0.4630,0.3050,0.3030,0.1440,0.0000,0.0000,1.0080,1.0000,4.7810,216.1740,2.1780,0.0000,0.0000,0.0000,69.7852,0.0000,4375.0000,1755.0000,0.0000,25.0000,36.0000,24.0000,9.0000
1.6690,0.4780,0.3040,0.2820,0.1440,0.0000,0.0000,0.8870,1.0000,4.7810,216.1740,2.1780,0.0000,0.0000,0.0000,69.7954,0.0000,4376.0000,1755.0000,0.0000,25.0000,36.0000,24.0000,9.0000
1.8150,0.4320,0.3200,0.2500,0.1490,0.0000,0.0000,1.0630,1.0000,4.7810,216.1740,2.1780,0.0000,0.0000,0.0000,69.8058,0.0000,4377.0000,1755.0000,0.0000,25.0000,36.0000,24.0000,9.0000
1.5790,0.5480,0.3300,0.3590,0.1270,0.0000,0.0000,0.7010,1.0000,4.7810,216.1740,2.1780,0.0000,0.0000,0.0000,69.8066,0.0000,4377.0000,1755.0000,0.0000,25.0000,37.0000,24.0000,9.0000
1.6670,0.4170,0.2750,0.2730,0.1190,0.0000,0.0000,0.9750,1.0000,4.7810,216.1740,2.1780,0.0000,0.0000,0.0000,69.8066,0.0000,4377.0000,1755.0000,0.0000,25.0000,37.0000,24.0000,9.0000
1.5300,0.4330,0.2690,0.2550,0.1160,0.0000,0.0000,0.8280,1.0000,4.7810,216.1740,2.1780,0.0000,0.0000,0.0000,69.8066,0.0000,4377.0000,1755.0000,0.0000,25.0000,37.0000,24.0000,9.0000
1.6620,0.4530,0.2880,0.3010,0.1280,0.0000,0.0000,0.9210,1.0000,4.7810,216.1740,2.1780,0.0000,0.0000,0.0000,69.8066,0.0000,4377.0000,1755.0000,0.0000,25.0000,37.0000,24.0000,9.0000
1.7570,0.4080,0.3130,0.2560,0.1570,0.0000,0.0000,1.0360,1.0000,4.7810,216.1740,2.1780,0.0000,0.0000,0.0000,69.8066,0.0000,4377.0000,1755.0000,0.0000,25.0000,37.0000,24.0000,9.0000
1.7700,0.4620,0.3390,0.2600,0.1560,0.0000,0.0000,0.9690,1.0000,4.7810,216.1740,2.1780,0.0000,0.0000,0.0000,69.8168,0.0000,4378.0000,1755.0000,0.0000,25.0000,37.0000,24.0000,10.0000
1.5670,0.5480,0.3140,0.3700,0.1250,0.0000,0.0000,0.7050,1.0000,4.7810,216.1740,2.1780,0.0000,0.0000,0.0000,69.8175,0.0000,4378.0000,1755.0000,0.0000,25.0000,38.0000,24.0000,10.0000
1.6730,0.4240,0.3020,0.2830,0.1480,0.0000,0.0000,0.9470,1.0000,4.7810,216.1740,2.1780,0.0000,0.0000,0.0000,69.8278,0.0000,4379.0000,1755.0000,0.0000,25.0000,38.0000,24.0000,10.0000
1.6460,0.4980,0.2860,0.3010,0.1220,0.0000,0.0000,0.8620,1.0000,4.7810,216.1740,2.1780,0.0000,0.0000,0.0000,69.8271,0.0000,4379.0000,1755.0000,0.0000,25.0000,37.0000,24.0000,10.0000
1.8740,0.5090,0.4260,0.3550,0.2510,0.0000,0.0000,0.9390,1.0000,4.7810,216.1740,2.1780,0.0000,0.0000,0.0000,69.8474,0.0000,4381.0000,1755.0000,0.0000,25.0000,37.0000,24.0000,10.0000
1.5030,0.5290,0.2940,0.2990,0.1230,0.0000,0.0000,0.6800,1.0000,4.7810,216.1740,2.1780,0.0000,0.0000,0.0000,69.8467,0.0000,4381.0000,1755.0000,0.0000,25.0000,36.0000,24.0000,10.0000
1.5510,0.3930,0.2730,0.2490,0.1200,0.0000,0.0000,0.8850,1.0000,4.7810,216.1740,2.1780,0.0000,0.0000,0.0000,69.8468,0.0000,4381.0000,1755.0000,0.0000,25.0000,36.0000,24.0000,10.0000
1.9700,0.4990,0.4510,0.3460,0.2200,0.0000,0.0000,1.0200,1.0000,4.7810,216.1740,2.1780,0.0000,0.0000,0.0000,69.8772,0.0000,4384.0000,1755.0000,0.0000,25.0000,36.0000,24.0000,11.0000
1.6770,0.6320,0.3540,0.3760,0.1830,0.0000,0.0000,0.6910,1.0000,4.7810,216.1740,2.1780,0.0000,0.0000,0.0000,69.8875,0.0000,4385.0000,1755.0000,0.0000,25.0000,36.0000,24.0000,11.0000
1.6280,0.4270,0.3220,0.2510,0.1520,0.0000,0.0000,0.8790,1.0000,4.7810,216.1740,2.1780,0.0000,0.0000,0.0000,69.8877,0.0000,4385.0000,1755.0000,0.0000,25.0000,36.0000,24.0000,11.0000
2.2700,0.4580,0.3020,0.2620,0.1220,0.0000,0.0000,1.5100,1.0000,4.7810,216.1740,2.1780,0.0000,0.0000,0.0000,69.8871,0.0000,4385.0000,1755.0000,0.0000,25.0000,35.0000,24.0000,11.0000
1.5060,0.4650,0.2730,0.2950,0.1170,0.0000,0.0000,0.7680,1.0000,4.7810,216.1740,2.1780,0.0000,0.0000,0.0000,69.8871,0.0000,4385.0000,1755.0000,0.0000,25.0000,35.0000,24.0000,11.0000
1.6660,0.4420,0.3510,0.2970,0.1870,0.0000,0.0000,0.8730,1.0000,4.7810,216.1740,2.1780,0.0000,0.0000,0.0000,69.8974,0.0000,4386.0000,1755.0000,0.0000,25.0000,35.0000,24.0000,11.0000
1.5280,0.4540,0.2720,0.2640,0.1190,0.0000,0.0000,0.8020,1.0000,4.7810,216.1740,2.1780,0.0000,0.0000,0.0000,69.8974,0.0000,4386.0000,1755.0000,0.0000,25.0000,35.0000,24.0000,11.0000
1.5920,0.4810,0.3290,0.2560,0.1490,0.0000,0.0000,0.7820,1.0000,4.7810,216.1740,2.1780,0.0000,0.0000,0.0000,69.9077,0.0000,4387.0000,1755.0000,0.0000,25.0000,35.0000,24.0000,11.0000
1.5920,0.4370,0.2820,0.2640,0.1300,0.0000,0.0000,0.8730,1.0000,4.7810,216.1740,2.1780,0.0000,0.0000,0.0000,69.9077,0.0000,4387.0000,1755.0000,0.0000,25.0000,35.0000,24.0000,11.0000
1.5250,0.4820,0.2820,0.3380,0.1210,0.0000,0.0000,0.7610,1.0000,4.7810,216.1740,2.1780,0.0000,0.0000,0.0000,69.9077,0.0000,4387.0000,1755.0000,0.0000,25.0000,35.0000,24.0000,11.0000
1.6790,0.4640,0.3060,0.3060,0.1480,0.0000,0.0000,0.9090,1.0000,4.7810,216.1740,2.1780,0.0000,0.0000,0.0000,69.9180,0.0000,4388.0000,1755.0000,0.0000,25.0000,35.0000,24.0000,11.0000
1.6530,0.4240,0.3200,0.2500,0.1550,0.0000,0.0000,0.9090,1.0000,4.7810,216.1740,2.1780,0.0000,0.0000,0.0000,69.9382,0.0000,4390.0000,1755.0000,0.0000,25.0000,35.0000,24.0000,11.0000
1.7660,0.5360,0.3450,0.2500,0.1680,0.0000,0.0000,0.8850,1.0000,4.7810,216.1740,2.1780,0.0000,0.0000,0.0000,69.9790,0.0000,4394.0000,1755.0000,0.0000,25.0000,35.0000,24.0000,11.0000
1.6490,0.6230,0.3440,0.2940,0.1820,0.0000,0.0000,0.6820,1.0000,4.7810,216.1740,2.1780,0.0000,0.0000,0.0000,69.9895,0.0000,4395.0000,1755.0000,0.0000,25.0000,35.0000,24.0000,11.0000
1.4540,0.4450,0.2730,0.2650,0.1200,0.0000,0.0000,0.7360,1.0000,4.7810,216.1740,2.1780,0.0000,0.0000,0.0000,69.9897,0.0000,4395.0000,1755.0000,0.0000,25.0000,35.0000,24.0000,11.0000
1.5970,0.4490,0.2980,0.2570,0.1200,0.0000,0.0000,0.8500,1.0000,4.7810,216.1740,2.1780,0.0000,0.0000,0.0000,69.9898,0.0000,4395.0000,1755.0000,0.0000,25.0000,35.0000,24.0000,11.0000
1.5370,0.4510,0.2810,0.2810,0.1200,0.0000,0.0000,0.8050,1.0000,4.7810,216.1740,2.1780,0.0000,0.0000,0.0000,69.9898,0.0000,4395.0000,1755.0000,0.0000,25.0000,35.0000,24.0000,11.0000
1.5560,0.4450,0.2960,0.2570,0.1170,0.0000,0.0000,0.8150,1.0000,4.7810,216.1740,2.1780,0.0000,0.0000,0.0000,69.9898,0.0000,4395.0000,1755.0000,0.0000,25.0000,35.0000,24.0000,11.0000
1.6230,0.4150,0.2910,0.2730,0.1290,0.0000,0.0000,0.9170,1.0000,4.7810,216.1740,2.1780,0.0000,0.0000,0.0000,69.9898,0.0000,4395.0000,1755.0000,0.0000,25.0000,35.0000,24.0000,11.0000
1.7470,0.4160,0.3090,0.2530,0.1460,0.0000,0.0000,1.0220,1.0000,4.7810,216.1740,2.1780,0.0000,0.0000,0.0000,70.0001,0.0000,4396.0000,1755.0000,0.0000,25.0000,35.0000,24.0000,11.0000
1.6310,0.4940,0.3230,0.2990,0.1440,0.0000,0.0000,0.8140,1.0000,4.7810,216.1740,2.1780,0.0000,0.0000,0.0000,70.0103,0.0000,4397.0000,1755.0000,0.0000,25.0000,35.0000,24.0000,11.0000
1.7030,0.4420,0.2810,0.2620,0.1290,0.0000,0.0000,0.9800,1.0000,4.7810,216.1740,2.1780,0.0000,0.0000,0.0000,70.0111,0.0000,4397.0000,1755.0000,0.0000,25.0000,36.0000,24.0000,11.0000
2.1730,0.4060,0.2710,0.2520,0.1180,0.0000,0.0000,1.4960,1.0000,4.7810,216.1740,2.1780,0.0000,0.0000,0.0000,70.0111,0.0000,4397.0000,1755.0000,0.0000,25.0000,36.0000,24.0000,11.0000
2.0040,0.9950,0.3210,0.2570,0.1540,0.0000,0.0000,0.6880,1.0000,4.7810,216.1740,2.1780,0.0000,0.0000,0.0000,70.0314,0.0000,4399.0000,1755.0000,0.0000,25.0000,36.0000,24.0000,11.0000
6.1080,0.4870,0.3360,0.2510,0.1680,0.0000,0.0000,5.2850,1.0000,4.7810,216.1740,2.1780,0.0000,0.0000,0.0000,70.0519,0.0000,4401.0000,1755.0000,0.0000,25.0000,36.0000,24.0000,12.0000
1.7210,0.5930,0.3020,0.3000,0.1440,0.0000,0.0000,0.8260,1.0000,4.7810,216.1740,2.1780,0.0000,0.0000,0.0000,70.0527,0.0000,4401.0000,1755.0000,0.0000,25.0000,37.0000,24.0000,11.0000
1.6370,0.4230,0.3100,0.2590,0.1520,0.0000,0.0000,0.9040,1.0000,4.7810,216.1740,2.1780,0.0000,0.0000,0.0000,70.0631,0.0000,4402.0000,1755.0000,0.0000,25.0000,37.0000,24.0000,11.0000
2.4440,0.4800,0.3130,0.2560,0.1280,0.0000,0.0000,1.6510,1.0000,4.7810,216.1740,2.1780,0.0000,0.0000,0.0000,70.0631,0.0000,4402.0000,1755.0000,0.0000,25.0000,37.0000,24.0000,11.0000
1.6530,0.6700,0.2990,0.3760,0.1260,0.0000,0.0000,0.6840,1.0000,4.7810,216.1740,2.1780,0.0000,0.0000,0.0000,70.0625,0.0000,4402.0000,1755.0000,0.0000,25.0000,36.0000,24.0000,11.0000
1.7540,0.4800,0.3480,0.2610,0.1650,0.0000,0.0000,0.9260,1.0000,4.7810,216.1740,2.1780,0.0000,0.0000,0.0000,70.0844,0.0000,4404.0000,1755.0000,0.0000,25.0000,36.0000,24.0000,11.0000
1.7900,0.5770,0.3520,0.3450,0.1850,0.0000,0.0000,0.8610,1.0000,4.7810,216.1740,2.1780,0.0000,0.0000,0.0000,70.0946,0.0000,4405.0000,1755.0000,0.0000,25.0000,36.0000,24.0000,11.0000
2.0530,0.4500,0.4890,0.2650,0.2100,0.0000,0.0000,1.1140,1.0000,4.7810,216.1740,2.1780,0.0000,0.0000,0.0000,70.1157,0.0000,4407.0000,1755.0000,0.0000,25.0000,37.0000,24.0000,11.0000
2.0810,0.4900,0.2950,0.2710,0.1340,0.0000,0.0000,1.2960,1.0000,4.7810,216.1740,2.1780,0.0000,0.0000,0.0000,70.1157,0.0000,4407.0000,1755.0000,0.0000,25.0000,37.0000,24.0000,11.0000
1.8370,0.8570,0.3750,0.6620,0.1980,0.0000,0.0000,0.6050,1.0000,4.7810,216.1740,2.1780,0.0000,0.0000,0.0000,70.1261,0.0000,4408.0000,1755.0000,0.0000,25.0000,37.0000,24.0000,11.0000
2.0210,0.5410,0.3180,0.2690,0.1540,0.0000,0.0000,1.1620,1.0000,4.7810,216.1740,2.1780,0.0000,0.0000,0.0000,70.1261,0.0000,4408.0000,1755.0000,0.0000,25.0000,37.0000,24.0000,11.0000
1.8550,0.5460,0.3090,0.3640,0.1570,0.0000,0.0000,1.0000,1.0000,4.7810,216.1740,2.1780,0.0000,0.0000,0.0000,70.1378,0.0000,4409.0000,1755.0000,0.0000,25.0000,37.0000,24.0000,11.0000
2.1660,0.4470,0.2840,0.2480,0.1210,0.0000,0.0000,1.4350,1.0000,4.7810,216.1740,2.1780,0.0000,0.0000,0.0000,70.1372,0.0000,4409.0000,1755.0000,0.0000,25.0000,36.0000,24.0000,11.0000
1.7900,0.9870,0.3300,0.7750,0.1620,0.0000,0.0000,0.4730,1.0000,4.7810,216.1740,2.1780,0.0000,0.0000,0.0000,70.1472,0.0000,4410.0000,1755.0000,0.0000,25.0000,36.0000,24.0000,11.0000
1.7130,0.4770,0.3700,0.2780,0.1290,0.0000,0.0000,0.8660,1.0000,4.7810,216.1740,2.1780,0.0000,0.0000,0.0000,70.1469,0.0000,4410.0000,1755.0000,0.0000,25.0000,36.0000,24.0000,11.0000
1.8050,0.4280,0.3050,0.2580,0.1280,0.0000,0.0000,1.0720,1.0000,4.7810,216.1740,2.1780,0.0000,0.0000,0.0000,69.8038,0.0000,4377.0000,1755.0000,0.0000,25.0000,36.0000,24.0000,10.0000
1.6530,0.4660,0.3630,0.3000,0.1670,0.0000,0.0000,0.8240,1.0000,4.7810,216.1740,2.1780,0.0000,0.0000,0.0000,69.8038,0.0000,4377.0000,1755.0000,0.0000,25.0000,36.0000,24.0000,10.0000
1.6300,0.4210,0.2780,0.2710,0.1190,0.0000,0.0000,0.9310,1.0000,4.7810,216.1740,2.1780,0.0000,0.0000,0.0000,69.8038,0.0000,4377.0000,1755.0000,0.0000,25.0000,36.0000,24.0000,10.0000
1.6460,0.4250,0.2840,0.2580,0.1230,0.0000,0.0000,0.9370,1.0000,4.7810,216.1740,2.1780,0.0000,0.0000,0.0000,69.8038,0.0000,4377.0000,1755.0000,0.0000,25.0000,36.0000,24.0000,10.0000
1.7460,0.5220,0.3680,0.3680,0.2020,0.0000,0.0000,0.8560,1.0000,4.7810,216.1740,2.1780,0.0000,0.0000,0.0000,69.8134,0.0000,4378.0000,1755.0000,0.0000,25.0000,35.0000,24.0000,9.0000
1.6910,0.4600,0.2960,0.2830,0.1360,0.0000,0.0000,0.9350,1.0000,4.7810,216.1740,2.1780,0.0000,0.0000,0.0000,69.8134,0.0000,4378.0000,1755.0000,0.0000,25.0000,35.0000,24.0000,9.0000
1.6620,0.4230,0.3140,0.2650,0.1580,0.0000,0.0000,0.9250,1.0000,4.7810,216.1740,2.1780,0.0000,0.0000,0.0000,69.8134,0.0000,4378.0000,1755.0000,0.0000,25.0000,35.0000,24.0000,9.0000
1.7320,0.4370,0.3510,0.2900,0.1560,0.0000,0.0000,0.9440,1.0000,4.7810,216.1740,2.1780,0.0000,0.0000,0.0000,69.8237,0.0000,4379.0000,1755.0000,0.0000,25.0000,35.0000,24.0000,9.0000
1.9700,0.4370,0.3310,0.2620,0.1760,0.0000,0.0000,1.2020,1.0000,4.7810,216.1740,2.1780,0.0000,0.0000,0.0000,69.8546,0.0000,4382.0000,1755.0000,0.0000,25.0000,35.0000,24.0000,9.0000
1.6680,0.6320,0.2840,0.3430,0.1310,0.0000,0.0000,0.7520,1.0000,4.7810,216.1740,2.1780,0.0000,0.0000,0.0000,69.8547,0.0000,4382.0000,1755.0000,0.0000,25.0000,35.0000,24.0000,9.0000
1.6730,0.4340,0.2900,0.2710,0.1230,0.0000,0.0000,0.9490,1.0000,4.7810,216.1740,2.1780,0.0000,0.0000,0.0000,69.8555,0.0000,4382.0000,1755.0000,0.0000,25.0000,36.0000,24.0000,9.0000
1.6240,0.5050,0.3000,0.3530,0.1220,0.0000,0.0000,0.8190,1.0000,4.7810,216.1740,2.1780,0.0000,0.0000,0.0000,69.8555,0.0000,4382.0000,1755.0000,0.0000,25.0000,36.0000,24.0000,10.0000
1.5960,0.4460,0.2870,0.2990,0.1370,0.0000,0.0000,0.8630,1.0000,4.7810,216.1740,2.1780,0.0000,0.0000,0.0000,69.8556,0.0000,4382.0000,1755.0000,0.0000,25.0000,36.0000,24.0000,9.0000
1.9140,0.3970,0.2780,0.2480,0.1250,0.0000,0.0000,1.2390,1.0000,4.7810,216.1740,2.1780,0.0000,0.0000,0.0000,69.8557,0.0000,4382.0000,1755.0000,0.0000,25.0000,36.0000,24.0000,10.0000
1.8260,0.6300,0.3590,0.4680,0.1800,0.0000,0.0000,0.8370,1.0000,4.7810,216.1740,2.1780,0.0000,0.0000,0.0000,69.8863,0.0000,4385.0000,1755.0000,0.0000,25.0000,36.0000,24.0000,10.0000
1.6360,0.5620,0.3470,0.2570,0.1590,0.0000,0.0000,0.7270,1.0000,4.7810,216.1740,2.1780,0.0000,0.0000,0.0000,69.8871,0.0000,4385.0000,1755.0000,0.0000,25.0000,37.0000,24.0000,10.0000
1.6680,0.4190,0.3100,0.2690,0.1460,0.0000,0.0000,0.9390,1.0000,4.7810,216.1740,2.1780,0.0000,0.0000,0.0000,69.8858,0.0000,4385.0000,1755.0000,0.0000,25.0000,35.0000,24.0000,10.0000
1.6970,0.4170,0.3100,0.2520,0.1560,0.0000,0.0000,0.9700,1.0000,4.7810,216.1740,2.1780,0.0000,0.0000,0.0000,69.9061,0.0000,4387.0000,1755.0000,0.0000,25.0000,35.0000,24.0000,10.0000
1.6670,0.5740,0.3360,0.3040,0.1500,0.0000,0.0000,0.7570,1.0000,4.7810,216.1740,2.1780,0.0000,0.0000,0.0000,69.9165,0.0000,4388.0000,1755.0000,0.0000,25.0000,35.0000,24.0000,11.0000
1.7620,0.4480,0.2910,0.2650,0.1390,0.0000,0.0000,1.0230,1.0000,4.7810,216.1740,2.1780,0.0000,0.0000,0.0000,69.9166,0.0000,4388.0000,1755.0000,0.0000,25.0000,35.0000,24.0000,10.0000
1.5820,0.4990,0.2650,0.3000,0.1180,0.0000,0.0000,0.8180,1.0000,4.7810,216.1740,2.1780,0.0000,0.0000,0.0000,69.9166,0.0000,4388.0000,1755.0000,0.0000,25.0000,35.0000,24.0000,10.0000
1.6490,0.4700,0.3340,0.2640,0.1310,0.0000,0.0000,0.8450,1.0000,4.7810,216.1740,2.1780,0.0000,0.0000,0.0000,69.9166,0.0000,4388.0000,1755.0000,0.0000,25.0000,35.0000,24.0000,10.0000
1.7020,0.4240,0.3010,0.2700,0.1500,0.0000,0.0000,0.9770,1.0000,4.7810,216.1740,2.1780,0.0000,0.0000,0.0000,69.9166,0.0000,4388.0000,1755.0000,0.0000,25.0000,35.0000,24.0000,9.0000
1.7160,0.4620,0.2970,0.2640,0.1300,0.0000,0.0000,0.9570,1.0000,4.7810,216.1740,2.1780,0.0000,0.0000,0.0000,69.9166,0.0000,4388.0000,1755.0000,0.0000,25.0000,35.0000,24.0000,9.0000
1.6120,0.4780,0.3200,0.2700,0.1260,0.0000,0.0000,0.8140,1.0000,4.7810,216.1740,2.1780,0.0000,0.0000,0.0000,69.9166,0.0000,4388.0000,1755.0000,0.0000,25.0000,35.0000,24.0000,9.0000
1.7130,0.4160,0.2850,0.2650,0.1330,0.0000,0.0000,1.0120,1.0000,4.7810,216.1740,2.1780,0.0000,0.0000,0.0000,69.9173,0.0000,4388.0000,1755.0000,0.0000,25.0000,36.0000,24.0000,9.0000
1.8590,0.4760,0.3280,0.2600,0.1550,0.0000,0.0000,1.0550,1.0000,4.7810,216.1740,2.1780,0.0000,0.0000,0.0000,69.9276,0.0000,4389.0000,1755.0000,0.0000,25.0000,36.0000,24.0000,9.0000
1.6680,0.5760,0.3150,0.3350,0.1500,0.0000,0.0000,0.7770,1.0000,4.7810,216.1740,2.1780,0.0000,0.0000,0.0000,69.9378,0.0000,4390.0000,1755.0000,0.0000,25.0000,36.0000,24.0000,9.0000
1.6050,0.4990,0.3030,0.3010,0.1490,0.0000,0.0000,0.8030,1.0000,4.7810,216.1740,2.1780,0.0000,0.0000,0.0000,69.9379,0.0000,4390.0000,1755.0000,0.0000,25.0000,36.0000,24.0000,9.0000
1.6310,0.3980,0.2660,0.2510,0.1170,0.0000,0.0000,0.9670,1.0000,4.7810,216.1740,2.1780,0.0000,0.0000,0.0000,69.9373,0.0000,4390.0000,1755.0000,0.0000,25.0000,35.0000,24.0000,9.0000
2.0330,0.4650,0.3360,0.2520,0.1780,0.0000,0.0000,1.2320,1.0000,4.7810,216.1740,2.1780,0.0000,0.0000,0.0000,69.9477,0.0000,4391.0000,1755.0000,0.0000,25.0000,35.0000,24.0000,9.0000
1.7150,0.7940,0.2890,0.5930,0.1410,0.0000,0.0000,0.6320,1.0000,4.7810,216.1740,2.1780,0.0000,0.0000,0.0000,69.9580,0.0000,4392.0000,1755.0000,0.0000,25.0000,35.0000,24.0000,9.0000
1.8110,0.5410,0.3450,0.3480,0.1890,0.0000,0.0000,0.9250,1.0000,4.7810,216.1740,2.1780,0.0000,0.0000,0.0000,69.9783,0.0000,4394.0000,1755.0000,0.0000,25.0000,35.0000,24.0000,9.0000
1.9770,0.6000,0.3190,0.3010,0.1620,0.0000,0.0000,1.0580,1.0000,4.7810,216.1740,2.1780,0.0000,0.0000,0.0000,69.9888,0.0000,4395.0000,1755.0000,0.0000,25.0000,35.0000,24.0000,9.0000
1.6980,0.5840,0.2950,0.3950,0.1330,0.0000,0.0000,0.8190,1.0000,4.7810,216.1740,2.1780,0.0000,0.0000,0.0000,69.9890,0.0000,4395.0000,1755.0000,0.0000,25.0000,35.0000,24.0000,9.0000
1.7990,0.4420,0.3120,0.2710,0.1240,0.0000,0.0000,1.0450,1.0000,4.7810,216.1740,2.1780,0.0000,0.0000,0.0000,69.9890,0.0000,4395.0000,1755.0000,0.0000,25.0000,35.0000,24.0000,9.0000
1.7450,0.4470,0.3360,0.2570,0.1610,0.0000,0.0000,0.9620,1.0000,4.7810,216.1740,2.1780,0.0000,0.0000,0.0000,70.0092,0.0000,4397.0000,1755.0000,0.0000,25.0000,35.0000,24.0000,9.0000
1.7300,0.5280,0.3300,0.2940,0.1760,0.0000,0.0000,0.8720,1.0000,4.7810,216.1740,2.1780,0.0000,0.0000,0.0000,70.0195,0.0000,4398.0000,1755.0000,0.0000,25.0000,35.0000,24.0000,9.0000
1.6010,0.4530,0.2770,0.2660,0.1290,0.0000,0.0000,0.8710,1.0000,4.7810,216.1740,2.1780,0.0000,0.0000,0.0000,70.0196,0.0000,4398.0000,1755.0000,0.0000,25.0000,35.0000,24.0000,9.0000
2.1100,0.4130,0.3610,0.2520,0.1530,0.0000,0.0000,1.3360,1.0000,4.7810,216.1740,2.1780,0.0000,0.0000,0.0000,70.0197,0.0000,4398.0000,1755.0000,0.0000,25.0000,35.0000,24.0000,9.0000
2.2180,0.6110,0.3870,0.3460,0.1930,0.0000,0.0000,1.2200,1.0000,4.7810,216.1740,2.1780,0.0000,0.0000,0.0000,70.0299,0.0000,4399.0000,1755.0000,0.0000,25.0000,35.0000,24.0000,9.0000
2.0330,0.5890,0.3720,0.3340,0.1720,0.0000,0.0000,1.0720,1.0000,4.7810,216.1740,2.1780,0.0000,0.0000,0.0000,70.0299,0.0000,4399.0000,1755.0000,0.0000,25.0000,35.0000,24.0000,9.0000
2.1070,0.5420,0.3640,0.3350,0.1670,0.0000,0.0000,1.2010,1.0000,4.7810,216.1740,2.1780,0.0000,0.0000,0.0000,70.0300,0.0000,4399.0000,1755.0000,0.0000,25.0000,35.0000,24.0000,9.0000
2.0850,0.5410,0.4100,0.3360,0.2010,0.0000,0.0000,1.1340,1.0000,4.7810,216.1740,2.1780,0.0000,0.0000,0.0000,70.0307,0.0000,4399.0000,1755.0000,0.0000,25.0000,36.0000,24.0000,9.0000
2.1760,0.5390,0.4540,0.3370,0.2470,0.0000,0.0000,1.1830,1.0000,4.7810,216.1740,2.1780,0.0000,0.0000,0.0000,70.0307,0.0000,4399.0000,1755.0000,0.0000,25.0000,36.0000,24.0000,10.0000
2.3290,0.5810,0.4460,0.3860,0.2130,0.0000,0.0000,1.3020,1.0000,4.7810,216.1740,2.1780,0.0000,0.0000,0.0000,70.0509,0.0000,4401.0000,1755.0000,0.0000,25.0000,36.0000,24.0000,10.0000
2.0740,0.6590,0.3620,0.3290,0.1590,0.0000,0.0000,1.0530,1.0000,4.7810,216.1740,2.1780,0.0000,0.0000,0.0000,70.0509,0.0000,4401.0000,1755.0000,0.0000,25.0000,36.0000,24.0000,10.0000
2.0630,0.5740,0.3670,0.3190,0.1670,0.0000,0.0000,1.1220,1.0000,4.7810,216.1740,2.1780,0.0000,0.0000,0.0000,70.0524,0.0000,4401.0000,1755.0000,0.0000,25.0000,38.0000,24.0000,10.0000
2.1070,0.5310,0.3540,0.3260,0.1610,0.0000,0.0000,1.2220,1.0000,4.7810,216.1740,2.1780,0.0000,0.0000,0.0000,70.0524,0.0000,4401.0000,1755.0000,0.0000,25.0000,38.0000,24.0000,10.0000
2.1670,0.5360,0.3670,0.3280,0.1730,0.0000,0.0000,1.2640,1.0000,4.7810,216.1740,2.1780,0.0000,0.0000,0.0000,70.0524,0.0000,4401.0000,1755.0000,0.0000,25.0000,38.0000,24.0000,10.0000
2.2220,0.5420,0.4640,0.3360,0.2560,0.0000,0.0000,1.2160,1.0000,4.7810,216.1740,2.1780,0.0000,0.0000,0.0000,70.0726,0.0000,4403.0000,1755.0000,0.0000,25.0000,38.0000,24.0000,10.0000
2.1410,0.6730,0.4090,0.3970,0.1630,0.0000,0.0000,1.0590,1.0000,4.7810,216.1740,2.1780,0.0000,0.0000,0.0000,70.0722,0.0000,4403.0000,1755.0000,0.0000,25.0000,38.0000,24.0000,10.0000
2.0940,0.6740,0.3660,0.4410,0.1650,0.0000,0.0000,1.0540,1.0000,4.7810,216.1740,2.1780,0.0000,0.0000,0.0000,69.8157,0.0000,4378.0000,1755.0000,0.0000,25.0000,38.0000,24.0000,10.0000
2.2680,0.5660,0.3930,0.3250,0.1980,0.0000,0.0000,1.3090,1.0000,4.7810,216.1740,2.1780,0.0000,0.0000,0.0000,69.8260,0.0000,4379.0000,1755.0000,0.0000,25.0000,38.0000,24.0000,10.0000
2.1390,0.6410,0.3880,0.3280,0.1910,0.0000,0.0000,1.1100,1.0000,4.7810,216.1740,2.1780,0.0000,0.0000,0.0000,69.8349,0.0000,4380.0000,1755.0000,0.0000,25.0000,36.0000,24.0000,10.0000
2.2260,0.5670,0.4130,0.3260,0.2210,0.0000,0.0000,1.2460,1.0000,4.7810,216.1740,2.1780,0.0000,0.0000,0.0000,69.8555,0.0000,4382.0000,1755.0000,0.0000,25.0000,36.0000,24.0000,10.0000
2.0440,0.6540,0.4020,0.3880,0.1940,0.0000,0.0000,0.9880,1.0000,4.7810,216.1740,2.1780,0.0000,0.0000,0.0000,69.8555,0.0000,4382.0000,1755.0000,0.0000,25.0000,36.0000,24.0000,10.0000
2.2070,0.5910,0.4750,0.3890,0.2490,0.0000,0.0000,1.1410,1.0000,4.7810,216.1740,2.1780,0.0000,0.0000,0.0000,69.8666,0.0000,4383.0000,1755.0000,0.0000,25.0000,37.0000,24.0000,10.0000
2.0070,0.6240,0.3640,0.3800,0.1660,0.0000,0.0000,1.0190,1.0000,4.7810,216.1740,2.1780,0.0000,0.0000,0.0000,69.8666,0.0000,4383.0000,1755.0000,0.0000,25.0000,37.0000,24.0000,10.0000
2.0380,0.5860,0.4040,0.3770,0.1720,0.0000,0.0000,1.0480,1.0000,4.7810,216.1740,2.1780,0.0000,0.0000,0.0000,69.8666,0.0000,4383.0000,1755.0000,0.0000,25.0000,37.0000,24.0000,10.0000
2.2280,0.5620,0.3960,0.3280,0.1950,0.0000,0.0000,1.2700,1.0000,4.7810,216.1740,2.1780,0.0000,0.0000,0.0000,69.8769,0.0000,4384.0000,1755.0000,0.0000,25.0000,37.0000,24.0000,10.0000
2.1380,0.6070,0.3680,0.3300,0.1670,0.0000,0.0000,1.1630,1.0000,4.7810,216.1740,2.1780,0.0000,0.0000,0.0000,69.8762,0.0000,4384.0000,1755.0000,0.0000,25.0000,36.0000,24.0000,10.0000
2.0580,0.5230,0.3640,0.3250,0.1600,0.0000,0.0000,1.1710,1.0000,4.7810,216.1740,2.1780,0.0000,0.0000,0.0000,69.8763,0.0000,4384.0000,1755.0000,0.0000,25.0000,36.0000,24.0000,10.0000
2.1360,0.5350,0.4030,0.3350,0.2070,0.0000,0.0000,1.1980,1.0000,4.7810,216.1740,2.1780,0.0000,0.0000,0.0000,69.8865,0.0000,4385.0000,1755.0000,0.0000,25.0000,36.0000,24.0000,10.0000
2.0770,0.6180,0.3700,0.3880,0.1620,0.0000,0.0000,1.0890,1.0000,4.7810,216.1740,2.1780,0.0000,0.0000,0.0000,69.8865,0.0000,4385.0000,1755.0000,0.0000,25.0000,36.0000,24.0000,10.0000
2.1070,0.5260,0.4200,0.3320,0.2090,0.0000,0.0000,1.1610,1.0000,4.7810,216.1740,2.1780,0.0000,0.0000,0.0000,69.8866,0.0000,4385.0000,1755.0000,0.0000,25.0000,36.0000,24.0000,10.0000
2.1200,0.5700,0.4010,0.3720,0.1700,0.0000,0.0000,1.1490,1.0000,4.7810,216.1740,2.1780,0.0000,0.0000,0.0000,69.8866,0.0000,4385.0000,1755.0000,0.0000,25.0000,36.0000,24.0000,10.0000
2.0810,0.6300,0.3990,0.4410,0.1650,0.0000,0.0000,1.0520,1.0000,4.7810,216.1740,2.1780,0.0000,0.0000,0.0000,69.8866,0.0000,4385.0000,1755.0000,0.0000,25.0000,36.0000,24.0000,10.0000
2.0810,0.5860,0.3680,0.3730,0.1650,0.0000,0.0000,1.1270,1.0000,4.7810,216.1740,2.1780,0.0000,0.0000,0.0000,69.8866,0.0000,4385.0000,1755.0000,0.0000,25.0000,36.0000,24.0000,10.0000
2.0090,0.6370,0.3620,0.4330,0.1620,0.0000,0.0000,1.0100,1.0000,4.7810,216.1740,2.1780,0.0000,0.0000,0.0000,69.8866,0.0000,4385.0000,1755.0000,0.0000,25.0000,36.0000,24.0000,10.0000
2.0100,0.5710,0.3540,0.3350,0.1600,0.0000,0.0000,1.0850,1.0000,4.7810,216.1740,2.1780,0.0000,0.0000,0.0000,69.8866,0.0000,4385.0000,1755.0000,0.0000,25.0000,36.0000,24.0000,11.0000
1.9370,0.6090,0.3560,0.3750,0.1630,0.0000,0.0000,0.9720,1.0000,4.7810,216.1740,2.1780,0.0000,0.0000,0.0000,69.8873,0.0000,4385.0000,1755.0000,0.0000,25.0000,37.0000,24.0000,9.0000
2.1140,0.5610,0.3720,0.3280,0.1710,0.0000,0.0000,1.1810,1.0000,4.7810,216.1740,2.1780,0.0000,0.0000,0.0000,69.8873,0.0000,4385.0000,1755.0000,0.0000,25.0000,37.0000,24.0000,10.0000
2.1060,0.6320,0.4020,0.3970,0.2080,0.0000,0.0000,1.0720,1.0000,4.7810,216.1740,2.1780,0.0000,0.0000,0.0000,69.9071,0.0000,4387.0000,1755.0000,0.0000,25.0000,36.0000,24.0000,9.0000
2.0830,0.6400,0.3600,0.3270,0.1640,0.0000,0.0000,1.0830,1.0000,4.7810,216.1740,2.1780,0.0000,0.0000,0.0000,69.9071,0.0000,4387.0000,1755.0000,0.0000,25.0000,36.0000,24.0000,9.0000
2.0240,0.6160,0.3560,0.3320,0.1640,0.0000,0.0000,1.0520,1.0000,4.7810,216.1740,2.1780,0.0000,0.0000,0.0000,69.9072,0.0000,4387.0000,1755.0000,0.0000,25.0000,36.0000,24.0000,10.0000
2.1050,0.5230,0.3590,0.3240,0.1660,0.0000,0.0000,1.2230,1.0000,4.7810,216.1740,2.1780,0.0000,0.0000,0.0000,69.9072,0.0000,4387.0000,1755.0000,0.0000,25.0000,36.0000,24.0000,9.0000
2.2380,0.5290,0.4240,0.3240,0.2280,0.0000,0.0000,1.2850,1.0000,4.7810,216.1740,2.1780,0.0000,0.0000,0.0000,69.9274,0.0000,4389.0000,1755.0000,0.0000,25.0000,36.0000,24.0000,10.0000
2.2260,0.6040,0.4990,0.3360,0.2900,0.0000,0.0000,1.1230,1.0000,4.7810,216.1740,2.1780,0.0000,0.0000,0.0000,69.9378,0.0000,4390.0000,1755.0000,0.0000,25.0000,36.0000,24.0000,9.0000
2.1990,0.6190,0.4730,0.3780,0.2400,0.0000,0.0000,1.1070,1.0000,4.7810,216.1740,2.1780,0.0000,0.0000,0.0000,69.9489,0.0000,4391.0000,1755.0000,0.0000,25.0000,37.0000,24.0000,9.0000
2.0690,0.6100,0.3700,0.3270,0.1680,0.0000,0.0000,1.0890,1.0000,4.7810,216.1740,2.1780,0.0000,0.0000,0.0000,69.9483,0.0000,4391.0000,1755.0000,0.0000,25.0000,36.0000,24.0000,9.0000
2.0810,0.5450,0.3740,0.3260,0.1660,0.0000,0.0000,1.1620,1.0000,4.5410,5.3840,4.5540,0.0000,0.0000,0.0000,69.9483,0.0000,4391.0000,1755.0000,0.0000,25.0000,36.0000,24.0000,10.0000
2.1700,0.5670,0.4100,0.3270,0.2090,0.0000,0.0000,1.1930,1.0000,4.5410,5.3840,4.5540,0.0000,0.0000,0.0000,69.9685,0.0000,4393.0000,1755.0000,0.0000,25.0000,36.0000,24.0000,9.0000
2.1460,0.6100,0.4140,0.3290,0.2170,0.0000,0.0000,1.1220,1.0000,4.5410,5.3840,4.5540,0.0000,0.0000,0.0000,69.9788,0.0000,4394.0000,1755.0000,0.0000,25.0000,36.0000,24.0000,9.0000
2.1940,0.5650,0.4440,0.3280,0.2350,0.0000,0.0000,1.1850,1.0000,4.5410,5.3840,4.5540,0.0000,0.0000,0.0000,69.9912,0.0000,4395.0000,1755.0000,0.0000,25.0000,36.0000,24.0000,10.0000
2.1740,0.5710,0.4080,0.3330,0.1750,0.0000,0.0000,1.1950,1.0000,4.5410,5.3840,4.5540,0.0000,0.0000,0.0000,69.9913,0.0000,4395.0000,1755.0000,0.0000,25.0000,36.0000,24.0000,9.0000
2.2520,0.6750,0.4480,0.4610,0.2190,0.0000,0.0000,1.1290,1.0000,4.5410,5.3840,4.5540,0.0000,0.0000,0.0000,70.0133,0.0000,4397.0000,1755.0000,0.0000,25.0000,36.0000,24.0000,9.0000
2.1250,0.6800,0.3610,0.3520,0.1670,0.0000,0.0000,1.0840,1.0000,4.5410,5.3840,4.5540,0.0000,0.0000,0.0000,70.0126,0.0000,4397.0000,1755.0000,0.0000,25.0000,35.0000,24.0000,9.0000
2.0820,0.6090,0.3590,0.3320,0.1610,0.0000,0.0000,1.1140,1.0000,4.5410,5.3840,4.5540,0.0000,0.0000,0.0000,70.0127,0.0000,4397.0000,1755.0000,0.0000,25.0000,35.0000,24.0000,9.0000
2.1700,0.5430,0.3560,0.3260,0.1630,0.0000,0.0000,1.2710,1.0000,4.5410,5.3840,4.5540,0.0000,0.0000,0.0000,70.0127,0.0000,4397.0000,1755.0000,0.0000,25.0000,35.0000,24.0000,8.0000
2.0880,0.5250,0.3820,0.3230,0.1730,0.0000,0.0000,1.1810,1.0000,4.5410,5.3840,4.5540,0.0000,0.0000,0.0000,70.0134,0.0000,4397.0000,1755.0000,0.0000,25.0000,36.0000,24.0000,8.0000
2.2460,0.5380,0.4790,0.3370,0.2500,0.0000,0.0000,1.2290,1.0000,4.5410,5.3840,4.5540,0.0000,0.0000,0.0000,70.0134,0.0000,4397.0000,1755.0000,0.0000,25.0000,36.0000,24.0000,8.0000
2.1350,0.6340,0.4030,0.4150,0.1730,0.0000,0.0000,1.0980,1.0000,4.5410,5.3840,4.5540,0.0000,0.0000,0.0000,70.0134,0.0000,4397.0000,1755.0000,0.0000,25.0000,36.0000,24.0000,9.0000
2.2480,0.5880,0.4380,0.3790,0.2020,0.0000,0.0000,1.2220,1.0000,4.5410,5.3840,4.5540,0.0000,0.0000,0.0000,70.0257,0.0000,4398.0000,1755.0000,0.0000,25.0000,36.0000,24.0000,8.0000
2.1800,0.6120,0.3720,0.3260,0.1720,0.0000,0.0000,1.1960,1.0000,4.5410,5.3840,4.5540,0.0000,0.0000,0.0000,70.0260,0.0000,4398.0000,1755.0000,0.0000,25.0000,36.0000,24.0000,9.0000
2.0840,0.5320,0.3760,0.3290,0.1780,0.0000,0.0000,1.1760,1.0000,4.5410,5.3840,4.5540,0.0000,0.0000,0.0000,70.0267,0.0000,4398.0000,1755.0000,0.0000,25.0000,37.0000,24.0000,9.0000
2.2130,0.5400,0.4180,0.3370,0.2110,0.0000,0.0000,1.2550,1.0000,4.5410,5.3840,4.5540,0.0000,0.0000,0.0000,70.0364,0.0000,4399.0000,1755.0000,0.0000,25.0000,37.0000,24.0000,9.0000
2.1380,0.6470,0.4100,0.4000,0.1670,0.0000,0.0000,1.0810,1.0000,4.5410,5.3840,4.5540,0.0000,0.0000,0.0000,69.7682,0.0000,4373.0000,1755.0000,0.0000,25.0000,37.0000,24.0000,8.0000
2.1450,0.5880,0.3990,0.3910,0.1700,0.0000,0.0000,1.1580,1.0000,4.5410,5.3840,4.5540,0.0000,0.0000,0.0000,69.7699,0.0000,4373.0000,1755.0000,0.0000,25.0000,39.0000,24.0000,9.0000
2.0160,0.6610,0.3670,0.4620,0.1730,0.0000,0.0000,0.9880,1.0000,4.5410,5.3840,4.5540,0.0000,0.0000,0.0000,69.7699,0.0000,4373.0000,1755.0000,0.0000,25.0000,39.0000,24.0000,9.0000
2.2880,0.5650,0.3920,0.3680,0.1930,0.0000,0.0000,1.3310,1.0000,4.5410,5.3840,4.5540,0.0000,0.0000,0.0000,69.7802,0.0000,4374.0000,1755.0000,0.0000,25.0000,39.0000,24.0000,8.0000
2.0730,0.6750,0.3930,0.3640,0.1970,0.0000,0.0000,1.0050,1.0000,4.5410,5.3840,4.5540,0.0000,0.0000,0.0000,69.7904,0.0000,4375.0000,1755.0000,0.0000,25.0000,39.0000,24.0000,7.0000
2.1010,0.5570,0.3740,0.3250,0.1790,0.0000,0.0000,1.1700,1.0000,4.5410,5.3840,4.5540,0.0000,0.0000,0.0000,69.7905,0.0000,4375.0000,1755.0000,0.0000,25.0000,39.0000,24.0000,8.0000
2.0330,0.5330,0.3830,0.3420,0.1870,0.0000,0.0000,1.1170,1.0000,4.5410,5.3840,4.5540,0.0000,0.0000,0.0000,69.7905,0.0000,4375.0000,1755.0000,0.0000,25.0000,39.0000,24.0000,8.0000
2.0550,0.5170,0.3730,0.3320,0.1810,0.0000,0.0000,1.1650,1.0000,4.5410,5.3840,4.5540,0.0000,0.0000,0.0000,69.7912,0.0000,4375.0000,1755.0000,0.0000,25.0000,40.0000,24.0000,8.0000
1.9850,0.5270,0.4280,0.3410,0.2100,0.0000,0.0000,1.0300,1.0000,4.5410,5.3840,4.5540,0.0000,0.0000,0.0000,69.7912,0.0000,4375.0000,1755.0000,0.0000,25.0000,40.0000,24.0000,8.0000
2.0960,0.5320,0.3660,0.3420,0.1580,0.0000,0.0000,1.1980,1.0000,4.5410,5.3840,4.5540,0.0000,0.0000,0.0000,69.7905,0.0000,4375.0000,1755.0000,0.0000,25.0000,39.0000,24.0000,9.0000
2.1380,0.5240,0.4420,0.3410,0.2380,0.0000,0.0000,1.1720,1.0000,4.5410,5.3840,4.5540,0.0000,0.0000,0.0000,69.8008,0.0000,4376.0000,1755.0000,0.0000,25.0000,39.0000,24.0000,9.0000
2.7310,0.6100,0.4830,0.3840,0.2510,0.0000,0.0000,1.6380,1.0000,4.5410,5.3840,4.5540,0.0000,0.0000,0.0000,69.8211,0.0000,4378.0000,1755.0000,0.0000,25.0000,39.0000,24.0000,9.0000
2.3090,1.0020,0.4720,0.7320,0.2590,0.0000,0.0000,0.8350,1.0000,4.5410,5.3840,4.5540,0.0000,0.0000,0.0000,69.8414,0.0000,4380.0000,1755.0000,0.0000,25.0000,39.0000,24.0000,8.0000
2.1150,0.7370,0.4480,0.4490,0.1990,0.0000,0.0000,0.9300,1.0000,4.5410,5.3840,4.5540,0.0000,0.0000,0.0000,69.8422,0.0000,4380.0000,1755.0000,0.0000,25.0000,40.0000,24.0000,7.0000
2.0260,0.5940,0.3740,0.3940,0.1640,0.0000,0.0000,1.0580,1.0000,4.5410,5.3840,4.5540,0.0000,0.0000,0.0000,69.8416,0.0000,4380.0000,1755.0000,0.0000,25.0000,39.0000,24.0000,7.0000
2.1110,0.6370,0.3640,0.4430,0.1580,0.0000,0.0000,1.1100,1.0000,4.5410,5.3840,4.5540,0.0000,0.0000,0.0000,69.8409,0.0000,4380.0000,1755.0000,0.0000,25.0000,38.0000,24.0000,8.0000
2.1060,0.6720,0.3570,0.4800,0.1610,0.0000,0.0000,1.0770,1.0000,4.5410,5.3840,4.5540,0.0000,0.0000,0.0000,69.8409,0.0000,4380.0000,1755.0000,0.0000,25.0000,38.0000,24.0000,8.0000
2.2450,0.6240,0.4690,0.3790,0.2230,0.0000,0.0000,1.1520,1.0000,4.5410,5.3840,4.5540,0.0000,0.0000,0.0000,69.8409,0.0000,4380.0000,1755.0000,0.0000,25.0000,38.0000,24.0000,8.0000
2.1450,0.5280,0.3780,0.3220,0.1840,0.0000,0.0000,1.2390,1.0000,4.5410,5.3840,4.5540,0.0000,0.0000,0.0000,69.8402,0.0000,4380.0000,1755.0000,0.0000,25.0000,37.0000,24.0000,9.0000
2.6570,0.5280,0.4600,0.3370,0.2440,0.0000,0.0000,1.6690,1.0000,4.5410,5.3840,4.5540,0.0000,0.0000,0.0000,69.8402,0.0000,4380.0000,1755.0000,0.0000,25.0000,37.0000,24.0000,10.0000
2.0430,0.7820,0.3850,0.5410,0.1670,0.0000,0.0000,0.8760,1.0000,4.5410,5.3840,4.5540,0.0000,0.0000,0.0000,69.8395,0.0000,4380.0000,1755.0000,0.0000,25.0000,36.0000,24.0000,7.0000
2.0030,0.5850,0.3840,0.3940,0.1940,0.0000,0.0000,1.0340,1.0000,4.5410,5.3840,4.5540,0.0000,0.0000,0.0000,69.8498,0.0000,4381.0000,1755.0000,0.0000,25.0000,36.0000,24.0000,8.0000
1.9740,0.5490,0.3800,0.3260,0.1910,0.0000,0.0000,1.0450,1.0000,4.5410,5.3840,4.5540,0.0000,0.0000,0.0000,69.8603,0.0000,4382.0000,1755.0000,0.0000,25.0000,36.0000,24.0000,9.0000
1.8600,0.5200,0.3380,0.3040,0.1540,0.0000,0.0000,1.0020,1.0000,4.5410,5.3840,4.5540,0.0000,0.0000,0.0000,69.8603,0.0000,4382.0000,1755.0000,0.0000,25.0000,36.0000,24.0000,8.0000
2.3710,0.5280,0.6480,0.3100,0.4600,0.0000,0.0000,1.1950,1.0000,4.5410,5.3840,4.5540,0.0000,0.0000,0.0000,69.8604,0.0000,4382.0000,1755.0000,0.0000,25.0000,36.0000,24.0000,8.0000
1.9870,0.5590,0.3640,0.3280,0.1680,0.0000,0.0000,1.0640,1.0000,4.5410,5.3840,4.5540,0.0000,0.0000,0.0000,69.8611,0.0000,4382.0000,1755.0000,0.0000,25.0000,37.0000,24.0000,8.0000
2.0620,0.4840,0.4030,0.3120,0.2060,0.0000,0.0000,1.1750,1.0000,4.5410,5.3840,4.5540,0.0000,0.0000,0.0000,69.8714,0.0000,4383.0000,1755.0000,0.0000,25.0000,37.0000,24.0000,9.0000
2.1970,0.5380,0.4030,0.3190,0.2130,0.0000,0.0000,1.2560,1.0000,4.5410,5.3840,4.5540,0.0000,0.0000,0.0000,69.8916,0.0000,4385.0000,1755.0000,0.0000,25.0000,37.0000,24.0000,9.0000
1.9280,0.5810,0.3830,0.3290,0.1860,0.0000,0.0000,0.9640,1.0000,4.5410,5.3840,4.5540,0.0000,0.0000,0.0000,69.8916,0.0000,4385.0000,1755.0000,0.0000,25.0000,37.0000,24.0000,8.0000
2.3260,0.5520,0.4480,0.3780,0.2480,0.0000,0.0000,1.3260,1.0000,4.5410,5.3840,4.5540,0.0000,0.0000,0.0000,69.9118,0.0000,4387.0000,1755.0000,0.0000,25.0000,36.0000,24.0000,10.0000
1.9770,0.7720,0.3620,0.4930,0.1590,0.0000,0.0000,0.8430,1.0000,4.5410,5.3840,4.5540,0.0000,0.0000,0.0000,69.9118,0.0000,4387.0000,1755.0000,0.0000,25.0000,36.0000,24.0000,10.0000
2.2650,0.5740,0.3800,0.3810,0.1880,0.0000,0.0000,1.3110,1.0000,4.5410,5.3840,4.5540,0.0000,0.0000,0.0000,69.9223,0.0000,4388.0000,1755.0000,0.0000,25.0000,36.0000,24.0000,9.0000
2.0730,0.6690,0.4490,0.3930,0.2080,0.0000,0.0000,0.9550,1.0000,4.5410,5.3840,4.5540,0.0000,0.0000,0.0000,69.9225,0.0000,4388.0000,1755.0000,0.0000,25.0000,36.0000,24.0000,9.0000
1.9980,0.5110,0.3550,0.3180,0.1620,0.0000,0.0000,1.1320,1.0000,4.5410,5.3840,4.5540,0.0000,0.0000,0.0000,69.9233,0.0000,4388.0000,1755.0000,0.0000,25.0000,37.0000,24.0000,8.0000
1.9080,0.6050,0.3640,0.3770,0.1620,0.0000,0.0000,0.9390,1.0000,4.5410,5.3840,4.5540,0.0000,0.0000,0.0000,69.9226,0.0000,4388.0000,1755.0000,0.0000,25.0000,36.0000,24.0000,10.0000
3.6060,0.5130,0.5390,0.3280,0.3480,0.0000,0.0000,2.5540,1.0000,4.5410,5.3840,4.5540,0.0000,0.0000,0.0000,69.9322,0.0000,4389.0000,1755.0000,0.0000,25.0000,35.0000,24.0000,10.0000
4.6810,1.4390,1.6010,1.1950,0.7860,0.0000,0.0000,1.6410,1.0000,4.5410,5.3840,4.5540,0.0000,0.0000,0.0000,69.9322,0.0000,4389.0000,1755.0000,0.0000,25.0000,35.0000,24.0000,10.0000
2.0410,0.8930,0.3790,0.4320,0.1680,0.0000,0.0000,0.7690,1.0000,4.5410,5.3840,4.5540,0.0000,0.0000,0.0000,69.9322,0.0000,4389.0000,1755.0000,0.0000,25.0000,35.0000,24.0000,10.0000
1.9350,0.5210,0.3570,0.3320,0.1520,0.0000,0.0000,1.0570,1.0000,4.5410,5.3840,4.5540,0.0000,0.0000,0.0000,69.9322,0.0000,4389.0000,1755.0000,0.0000,25.0000,35.0000,24.0000,10.0000
1.9060,0.5000,0.3620,0.3230,0.1760,0.0000,0.0000,1.0440,1.0000,4.5410,5.3840,4.5540,0.0000,0.0000,0.0000,69.9322,0.0000,4389.0000,1755.0000,0.0000,25.0000,35.0000,24.0000,10.0000
1.8210,0.5000,0.3320,0.3150,0.1500,0.0000,0.0000,0.9890,1.0000,4.5410,5.3840,4.5540,0.0000,0.0000,0.0000,69.9322,0.0000,4389.0000,1755.0000,0.0000,25.0000,35.0000,24.0000,11.0000
1.8120,0.4810,0.3320,0.3080,0.1500,0.0000,0.0000,0.9990,1.0000,4.5410,5.3840,4.5540,0.0000,0.0000,0.0000,69.9336,0.0000,4389.0000,1755.0000,0.0000,25.0000,37.0000,24.0000,11.0000
1.8190,0.5750,0.3410,0.3130,0.1500,0.0000,0.0000,0.9030,1.0000,4.5410,5.3840,4.5540,0.0000,0.0000,0.0000,69.9332,0.0000,4389.0000,1755.0000,0.0000,25.0000,37.0000,24.0000,11.0000
2.0210,0.5650,0.4030,0.3680,0.1860,0.0000,0.0000,1.0530,1.0000,4.5410,5.3840,4.5540,0.0000,0.0000,0.0000,69.7576,0.0000,4372.0000,1755.0000,0.0000,25.0000,37.0000,24.0000,11.0000
2.0400,0.6590,0.3900,0.4270,0.1840,0.0000,0.0000,0.9910,1.0000,4.5410,5.3840,4.5540,0.0000,0.0000,0.0000,69.7782,0.0000,4374.0000,1755.0000,0.0000,25.0000,37.0000,24.0000,9.0000
2.0590,0.6270,0.4130,0.3670,0.1980,0.0000,0.0000,1.0190,1.0000,4.5410,5.3840,4.5540,0.0000,0.0000,0.0000,69.7986,0.0000,4376.0000,1755.0000,0.0000,25.0000,37.0000,24.0000,9.0000
1.9310,0.6870,0.3920,0.4250,0.1820,0.0000,0.0000,0.8520,1.0000,4.5410,5.3840,4.5540,0.0000,0.0000,0.0000,69.8111,0.0000,4377.0000,1755.0000,0.0000,25.0000,37.0000,24.0000,8.0000
1.8880,0.5990,0.3660,0.3670,0.1540,0.0000,0.0000,0.9230,1.0000,4.5410,5.3840,4.5540,0.0000,0.0000,0.0000,69.8113,0.0000,4377.0000,1755.0000,0.0000,25.0000,37.0000,24.0000,8.0000
1.9300,0.6180,0.3710,0.4510,0.1540,0.0000,0.0000,0.9410,1.0000,4.5410,5.3840,4.5540,0.0000,0.0000,0.0000,69.8121,0.0000,4377.0000,1755.0000,0.0000,25.0000,38.0000,24.0000,8.0000
1.8720,0.5310,0.3750,0.3610,0.1840,0.0000,0.0000,0.9660,1.0000,4.5410,5.3840,4.5540,0.0000,0.0000,0.0000,69.8121,0.0000,4377.0000,1755.0000,0.0000,25.0000,38.0000,24.0000,9.0000
2.0410,0.5040,0.3790,0.3380,0.1870,0.0000,0.0000,1.1580,1.0000,4.5410,5.3840,4.5540,0.0000,0.0000,0.0000,69.8266,0.0000,4379.0000,1755.0000,0.0000,25.0000,38.0000,24.0000,9.0000
2.0340,0.5580,0.3800,0.3480,0.1830,0.0000,0.0000,1.0960,1.0000,4.5410,5.3840,4.5540,0.0000,0.0000,0.0000,69.8264,0.0000,4379.0000,1755.0000,0.0000,25.0000,38.0000,24.0000,10.0000
1.9720,0.5840,0.4280,0.3900,0.2410,0.0000,0.0000,0.9600,1.0000,4.5410,5.3840,4.5540,0.0000,0.0000,0.0000,69.8393,0.0000,4382.0000,1755.0000,0.0000,25.0000,38.0000,24.0000,9.0000
1.8830,0.5950,0.3810,0.3700,0.1920,0.0000,0.0000,0.9070,1.0000,4.5410,5.3840,4.5540,0.0000,0.0000,0.0000,69.8386,0.0000,4382.0000,1755.0000,0.0000,25.0000,37.0000,24.0000,9.0000
2.0190,0.4940,0.4050,0.3260,0.1650,0.0000,0.0000,1.1200,1.0000,4.5410,5.3840,4.5540,0.0000,0.0000,0.0000,69.8386,0.0000,4382.0000,1755.0000,0.0000,25.0000,37.0000,24.0000,9.0000
1.9950,0.5110,0.3920,0.3300,0.2070,0.0000,0.0000,1.0920,1.0000,4.5410,5.3840,4.5540,0.0000,0.0000,0.0000,69.8599,0.0000,4384.0000,1755.0000,0.0000,25.0000,38.0000,24.0000,8.0000
1.9270,0.5680,0.3480,0.3190,0.1650,0.0000,0.0000,1.0110,1.0000,4.5410,5.3840,4.5540,0.0000,0.0000,0.0000,69.8585,0.0000,4384.0000,1755.0000,0.0000,25.0000,36.0000,24.0000,6.0000
2.2110,0.5620,0.3580,0.3560,0.1700,0.0000,0.0000,1.2910,1.0000,4.5410,5.3840,4.5540,0.0000,0.0000,0.0000,69.8586,0.0000,4384.0000,1755.0000,0.0000,25.0000,36.0000,24.0000,6.0000
2.1630,0.5290,0.4360,0.3320,0.2310,0.0000,0.0000,1.1980,1.0000,4.5410,5.3840,4.5540,0.0000,0.0000,0.0000,69.8688,0.0000,4385.0000,1755.0000,0.0000,25.0000,36.0000,24.0000,7.0000
1.9950,0.6740,0.3960,0.3530,0.1620,0.0000,0.0000,0.9250,1.0000,4.5410,5.3840,4.5540,0.0000,0.0000,0.0000,69.8695,0.0000,4385.0000,1755.0000,0.0000,25.0000,37.0000,24.0000,7.0000
1.8710,0.6460,0.3880,0.4370,0.1580,0.0000,0.0000,0.8370,1.0000,4.5410,5.3840,4.5540,0.0000,0.0000,0.0000,69.8696,0.0000,4385.0000,1755.0000,0.0000,25.0000,37.0000,24.0000,7.0000
1.9720,0.5560,0.4020,0.3840,0.2060,0.0000,0.0000,1.0140,1.0000,4.5410,5.3840,4.5540,0.0000,0.0000,0.0000,69.8689,0.0000,4385.0000,1755.0000,0.0000,25.0000,36.0000,24.0000,7.0000
1.9210,0.4960,0.4010,0.3220,0.2030,0.0000,0.0000,1.0240,1.0000,4.5410,5.3840,4.5540,0.0000,0.0000,0.0000,69.8696,0.0000,4385.0000,1755.0000,0.0000,25.0000,37.0000,24.0000,8.0000
1.9670,0.4960,0.3510,0.3190,0.1530,0.0000,0.0000,1.1200,1.0000,4.5410,5.3840,4.5540,0.0000,0.0000,0.0000,69.8696,0.0000,4385.0000,1755.0000,0.0000,25.0000,37.0000,24.0000,8.0000
1.9040,0.4960,0.3460,0.3180,0.1590,0.0000,0.0000,1.0620,1.0000,4.5410,5.3840,4.5540,0.0000,0.0000,0.0000,69.8689,0.0000,4385.0000,1755.0000,0.0000,25.0000,36.0000,24.0000,8.0000
1.8770,0.4990,0.3490,0.3220,0.1610,0.0000,0.0000,1.0290,1.0000,4.5410,5.3840,4.5540,0.0000,0.0000,0.0000,69.8696,0.0000,4385.0000,1755.0000,0.0000,25.0000,37.0000,24.0000,9.0000
1.8560,0.4800,0.3360,0.3020,0.1510,0.0000,0.0000,1.0400,1.0000,4.5410,5.3840,4.5540,0.0000,0.0000,0.0000,69.8696,0.0000,4385.0000,1755.0000,0.0000,25.0000,37.0000,24.0000,7.0000
1.9490,0.4780,0.3660,0.3060,0.1860,0.0000,0.0000,1.1050,1.0000,4.5410,5.3840,4.5540,0.0000,0.0000,0.0000,69.8792,0.0000,4386.0000,1755.0000,0.0000,25.0000,36.0000,24.0000,7.0000
1.8990,0.5540,0.3370,0.2990,0.1500,0.0000,0.0000,1.0080,1.0000,4.5410,5.3840,4.5540,0.0000,0.0000,0.0000,69.8792,0.0000,4386.0000,1755.0000,0.0000,25.0000,36.0000,24.0000,8.0000
2.0600,0.5280,0.3770,0.3130,0.1960,0.0000,0.0000,1.1550,1.0000,4.5410,5.3840,4.5540,0.0000,0.0000,0.0000,69.8996,0.0000,4388.0000,1755.0000,0.0000,25.0000,36.0000,24.0000,8.0000
2.1740,0.5960,0.5780,0.2990,0.3890,0.0000,0.0000,1.0000,1.0000,4.5410,5.3840,4.5540,0.0000,0.0000,0.0000,69.8996,0.0000,4388.0000,1755.0000,0.0000,25.0000,36.0000,24.0000,8.0000
1.8060,0.4910,0.3300,0.3030,0.1480,0.0000,0.0000,0.9850,1.0000,4.5410,5.3840,4.5540,0.0000,0.0000,0.0000,69.8997,0.0000,4388.0000,1755.0000,0.0000,25.0000,36.0000,24.0000,8.0000
2.0410,0.5270,0.3350,0.3040,0.1500,0.0000,0.0000,1.1790,1.0000,4.5410,5.3840,4.5540,0.0000,0.0000,0.0000,69.8997,0.0000,4388.0000,1755.0000,0.0000,25.0000,36.0000,24.0000,9.0000
2.1080,0.5320,0.4000,0.3630,0.2010,0.0000,0.0000,1.1760,1.0000,4.5410,5.3840,4.5540,0.0000,0.0000,0.0000,69.9298,0.0000,4389.0000,1755.0000,0.0000,25.0000,37.0000,24.0000,9.0000
1.8040,0.6470,0.3380,0.3060,0.1500,0.0000,0.0000,0.8190,1.0000,4.5410,5.3840,4.5540,0.0000,0.0000,0.0000,69.9298,0.0000,4389.0000,1755.0000,0.0000,25.0000,37.0000,24.0000,9.0000
1.8720,0.5300,0.3290,0.3080,0.1480,0.0000,0.0000,1.0130,1.0000,4.5410,5.3840,4.5540,0.0000,0.0000,0.0000,69.9292,0.0000,4389.0000,1755.0000,0.0000,25.0000,36.0000,24.0000,9.0000
1.9370,0.5460,0.3880,0.3590,0.1490,0.0000,0.0000,1.0030,1.0000,4.5410,5.3840,4.5540,0.0000,0.0000,0.0000,69.9292,0.0000,4389.0000,1755.0000,0.0000,25.0000,36.0000,24.0000,9.0000
2.0370,0.5450,0.3560,0.3560,0.1480,0.0000,0.0000,1.1360,1.0000,4.5410,5.3840,4.5540,0.0000,0.0000,0.0000,69.9292,0.0000,4389.0000,1755.0000,0.0000,25.0000,36.0000,24.0000,9.0000
1.9900,0.5450,0.4450,0.3760,0.1850,0.0000,0.0000,1.0000,1.0000,4.5410,5.3840,4.5540,0.0000,0.0000,0.0000,69.9395,0.0000,4390.0000,1755.0000,0.0000,25.0000,36.0000,24.0000,9.0000
1.8700,0.5820,0.3640,0.3550,0.1480,0.0000,0.0000,0.9240,1.0000,4.5410,5.3840,4.5540,0.0000,0.0000,0.0000,69.9382,0.0000,4389.0000,1755.0000,0.0000,25.0000,36.0000,24.0000,8.0000
1.8800,0.5410,0.4170,0.3700,0.2310,0.0000,0.0000,0.9220,1.0000,4.5410,5.3840,4.5540,0.0000,0.0000,0.0000,69.9383,0.0000,4389.0000,1755.0000,0.0000,25.0000,36.0000,24.0000,8.0000
1.8840,0.5380,0.4060,0.3680,0.2180,0.0000,0.0000,0.9400,1.0000,4.5410,5.3840,4.5540,0.0000,0.0000,0.0000,69.9478,0.0000,4390.0000,1755.0000,0.0000,25.0000,35.0000,24.0000,8.0000
1.8320,0.5240,0.3370,0.3160,0.1600,0.0000,0.0000,0.9710,1.0000,4.5410,5.3840,4.5540,0.0000,0.0000,0.0000,69.9478,0.0000,4390.0000,1755.0000,0.0000,25.0000,35.0000,24.0000,8.0000
1.8020,0.4800,0.3200,0.3040,0.1430,0.0000,0.0000,1.0020,1.0000,4.5410,5.3840,4.5540,0.0000,0.0000,0.0000,69.9479,0.0000,4390.0000,1755.0000,0.0000,25.0000,35.0000,24.0000,8.0000
1.9870,0.5100,0.3350,0.2990,0.1580,0.0000,0.0000,1.1420,1.0000,4.5410,5.3840,4.5540,0.0000,0.0000,0.0000,69.9479,0.0000,4390.0000,1755.0000,0.0000,25.0000,35.0000,24.0000,9.0000
1.8560,0.5790,0.3450,0.3150,0.1490,0.0000,0.0000,0.9320,1.0000,4.5410,5.3840,4.5540,0.0000,0.0000,0.0000,69.9479,0.0000,4390.0000,1755.0000,0.0000,25.0000,35.0000,24.0000,9.0000
2.1620,0.5500,0.3920,0.3150,0.1960,0.0000,0.0000,1.2200,1.0000,4.5410,5.3840,4.5540,0.0000,0.0000,0.0000,69.9683,0.0000,4392.0000,1755.0000,0.0000,25.0000,35.0000,24.0000,9.0000
1.8400,0.7300,0.3440,0.4050,0.1500,0.0000,0.0000,0.7660,1.0000,4.5410,5.3840,4.5540,0.0000,0.0000,0.0000,69.9684,0.0000,4392.0000,1755.0000,0.0000,25.0000,35.0000,24.0000,9.0000
2.1710,0.5430,0.3900,0.3080,0.1930,0.0000,0.0000,1.2380,1.0000,4.5410,5.3840,4.5540,0.0000,0.0000,0.0000,69.9888,0.0000,4394.0000,1755.0000,0.0000,25.0000,35.0000,24.0000,7.0000
2.0620,0.7310,0.4170,0.4030,0.2000,0.0000,0.0000,0.9140,1.0000,4.5410,5.3840,4.5540,0.0000,0.0000,0.0000,69.9889,0.0000,4394.0000,1755.0000,0.0000,25.0000,35.0000,24.0000,7.0000
2.0410,0.5800,0.3710,0.3310,0.1790,0.0000,0.0000,1.0900,1.0000,4.5410,5.3840,4.5540,0.0000,0.0000,0.0000,69.9992,0.0000,4395.0000,1755.0000,0.0000,25.0000,35.0000,24.0000,6.0000
2.2960,0.6160,0.4200,0.3300,0.2210,0.0000,0.0000,1.2600,1.0000,4.5410,5.3840,4.5540,0.0000,0.0000,0.0000,69.7874,0.0000,4375.0000,1755.0000,0.0000,25.0000,35.0000,24.0000,7.0000
2.8220,0.6070,0.4540,0.3230,0.2440,0.0000,0.0000,1.7610,1.0000,4.5410,5.3840,4.5540,0.0000,0.0000,0.0000,69.7989,0.0000,4376.0000,1755.0000,0.0000,25.0000,35.0000,24.0000,7.0000
2.4070,0.9830,0.6040,0.6370,0.3330,0.0000,0.0000,0.8200,1.0000,4.5410,5.3840,4.5540,0.0000,0.0000,0.0000,69.7989,0.0000,4376.0000,1755.0000,0.0000,25.0000,35.0000,24.0000,7.0000
2.2940,0.6470,0.4350,0.4420,0.2040,0.0000,0.0000,1.2120,1.0000,4.5410,5.3840,4.5540,0.0000,0.0000,0.0000,69.8092,0.0000,4377.0000,1755.0000,0.0000,25.0000,35.0000,24.0000,8.0000
1.8460,0.6040,0.3390,0.3330,0.1520,0.0000,0.0000,0.9030,1.0000,4.5410,5.3840,4.5540,0.0000,0.0000,0.0000,69.8103,0.0000,4378.0000,1755.0000,0.0000,25.0000,36.0000,24.0000,8.0000
2.1750,0.5950,0.4370,0.4090,0.2050,0.0000,0.0000,1.1430,1.0000,4.5410,5.3840,4.5540,0.0000,0.0000,0.0000,69.8206,0.0000,4379.0000,1755.0000,0.0000,25.0000,36.0000,24.0000,8.0000
1.9200,0.6010,0.3360,0.3280,0.1480,0.0000,0.0000,0.9830,1.0000,4.5410,5.3840,4.5540,0.0000,0.0000,0.0000,69.8206,0.0000,4379.0000,1755.0000,0.0000,25.0000,36.0000,24.0000,8.0000
1.8780,0.5900,0.3630,0.4190,0.1670,0.0000,0.0000,0.9250,1.0000,4.5410,5.3840,4.5540,0.0000,0.0000,0.0000,69.8207,0.0000,4379.0000,1755.0000,0.0000,25.0000,36.0000,24.0000,8.0000
1.9130,0.5730,0.3800,0.3840,0.1600,0.0000,0.0000,0.9600,1.0000,4.5410,5.3840,4.5540,0.0000,0.0000,0.0000,69.8207,0.0000,4379.0000,1755.0000,0.0000,25.0000,36.0000,24.0000,7.0000
1.9000,0.6190,0.3780,0.4260,0.1660,0.0000,0.0000,0.9030,1.0000,4.5410,5.3840,4.5540,0.0000,0.0000,0.0000,69.8207,0.0000,4379.0000,1755.0000,0.0000,25.0000,36.0000,24.0000,7.0000
2.3380,0.5340,0.4560,0.3680,0.2610,0.0000,0.0000,1.3480,1.0000,4.5410,5.3840,4.5540,0.0000,0.0000,0.0000,69.8410,0.0000,4381.0000,1755.0000,0.0000,25.0000,36.0000,24.0000,6.0000
1.9090,0.7770,0.3600,0.4950,0.1580,0.0000,0.0000,0.7720,1.0000,4.5410,5.3840,4.5540,0.0000,0.0000,0.0000,69.8403,0.0000,4381.0000,1755.0000,0.0000,25.0000,35.0000,24.0000,5.0000
2.0020,0.5270,0.3630,0.3560,0.1540,0.0000,0.0000,1.1120,1.0000,4.5410,5.3840,4.5540,0.0000,0.0000,0.0000,69.8404,0.0000,4381.0000,1755.0000,0.0000,25.0000,35.0000,24.0000,6.0000
2.2190,0.6400,0.4000,0.4590,0.1990,0.0000,0.0000,1.1790,1.0000,4.5410,5.3840,4.5540,0.0000,0.0000,0.0000,69.8607,0.0000,4383.0000,1755.0000,0.0000,25.0000,35.0000,24.0000,6.0000
2.1050,0.7130,0.3880,0.4180,0.1810,0.0000,0.0000,1.0040,1.0000,4.5410,5.3840,4.5540,0.0000,0.0000,0.0000,69.8607,0.0000,4383.0000,1755.0000,0.0000,25.0000,35.0000,24.0000,6.0000
1.9390,0.6330,0.3740,0.3370,0.1590,0.0000,0.0000,0.9320,1.0000,4.5410,5.3840,4.5540,0.0000,0.0000,0.0000,69.8615,0.0000,4383.0000,1755.0000,0.0000,25.0000,36.0000,24.0000,6.0000
1.9250,0.4920,0.3390,0.3070,0.1480,0.0000,0.0000,1.0940,1.0000,4.5410,5.3840,4.5540,0.0000,0.0000,0.0000,69.8615,0.0000,4383.0000,1755.0000,0.0000,25.0000,36.0000,24.0000,6.0000
1.8950,0.5960,0.3520,0.3390,0.1530,0.0000,0.0000,0.9470,1.0000,4.5410,5.3840,4.5540,0.0000,0.0000,0.0000,69.8608,0.0000,4383.0000,1755.0000,0.0000,25.0000,35.0000,24.0000,6.0000
2.1200,0.6100,0.3790,0.3120,0.1820,0.0000,0.0000,1.1310,1.0000,4.5410,5.3840,4.5540,0.0000,0.0000,0.0000,69.8710,0.0000,4384.0000,1755.0000,0.0000,25.0000,35.0000,24.0000,6.0000
1.9690,0.6550,0.3220,0.3430,0.1410,0.0000,0.0000,0.9920,1.0000,4.5410,5.3840,4.5540,0.0000,0.0000,0.0000,69.8710,0.0000,4384.0000,1755.0000,0.0000,25.0000,35.0000,24.0000,7.0000
2.0490,0.5860,0.3490,0.3540,0.1520,0.0000,0.0000,1.1140,1.0000,4.5410,5.3840,4.5540,0.0000,0.0000,0.0000,69.8711,0.0000,4384.0000,1755.0000,0.0000,25.0000,35.0000,24.0000,7.0000
1.8310,0.6490,0.3490,0.3410,0.1470,0.0000,0.0000,0.8330,1.0000,4.5410,5.3840,4.5540,0.0000,0.0000,0.0000,69.8711,0.0000,4384.0000,1755.0000,0.0000,25.0000,35.0000,24.0000,8.0000
2.1510,0.5400,0.3900,0.3050,0.1960,0.0000,0.0000,1.2210,1.0000,4.5410,5.3840,4.5540,0.0000,0.0000,0.0000,69.8914,0.0000,4386.0000,1755.0000,0.0000,25.0000,35.0000,24.0000,8.0000
1.8360,0.7080,0.3490,0.3570,0.1490,0.0000,0.0000,0.7790,1.0000,4.5410,5.3840,4.5540,0.0000,0.0000,0.0000,69.8914,0.0000,4386.0000,1755.0000,0.0000,25.0000,35.0000,24.0000,7.0000
2.0290,0.5420,0.4360,0.3030,0.1610,0.0000,0.0000,1.0510,1.0000,4.5410,5.3840,4.5540,0.0000,0.0000,0.0000,69.8916,0.0000,4386.0000,1755.0000,0.0000,25.0000,35.0000,24.0000,7.0000
2.5050,0.6080,0.3560,0.3800,0.1510,0.0000,0.0000,1.5410,1.0000,4.5410,5.3840,4.5540,0.0000,0.0000,0.0000,69.8909,0.0000,4386.0000,1755.0000,0.0000,25.0000,34.0000,24.0000,7.0000
2.1490,0.6060,0.3590,0.4160,0.1630,0.0000,0.0000,1.1840,1.0000,4.5410,5.3840,4.5540,0.0000,0.0000,0.0000,69.8909,0.0000,4386.0000,1755.0000,0.0000,25.0000,34.0000,24.0000,7.0000
1.9370,0.7740,0.3950,0.3780,0.1890,0.0000,0.0000,0.7680,1.0000,4.5410,5.3840,4.5540,0.0000,0.0000,0.0000,69.8909,0.0000,4386.0000,1755.0000,0.0000,25.0000,34.0000,24.0000,7.0000
2.2090,0.5020,0.4080,0.3140,0.1910,0.0000,0.0000,1.2990,1.0000,4.5410,5.3840,4.5540,0.0000,0.0000,0.0000,69.8901,0.0000,4386.0000,1755.0000,0.0000,25.0000,34.0000,24.0000,8.0000
1.8270,0.8450,0.3740,0.6680,0.1520,0.0000,0.0000,0.6080,1.0000,4.5410,5.3840,4.5540,0.0000,0.0000,0.0000,69.8901,0.0000,4386.0000,1755.0000,0.0000,25.0000,34.0000,24.0000,8.0000
1.8860,0.5410,0.3780,0.3710,0.1870,0.0000,0.0000,0.9670,1.0000,4.5410,5.3840,4.5540,0.0000,0.0000,0.0000,69.8901,0.0000,4386.0000,1755.0000,0.0000,25.0000,34.0000,24.0000,8.0000
1.9760,0.4910,0.3860,0.3150,0.2030,0.0000,0.0000,1.0990,1.0000,4.5410,5.3840,4.5540,0.0000,0.0000,0.0000,69.9103,0.0000,4388.0000,1755.0000,0.0000,25.0000,34.0000,24.0000,5.0000
1.9320,0.5590,0.3340,0.3120,0.1590,0.0000,0.0000,1.0390,1.0000,4.5410,5.3840,4.5540,0.0000,0.0000,0.0000,69.9103,0.0000,4388.0000,1755.0000,0.0000,25.0000,34.0000,24.0000,6.0000
1.9700,0.4900,0.3710,0.3080,0.1990,0.0000,0.0000,1.1090,1.0000,4.5410,5.3840,4.5540,0.0000,0.0000,0.0000,69.9207,0.0000,4389.0000,1755.0000,0.0000,25.0000,34.0000,24.0000,6.0000
2.0170,0.5100,0.4260,0.2910,0.2000,0.0000,0.0000,1.0810,1.0000,4.5410,5.3840,4.5540,0.0000,0.0000,0.0000,69.9207,0.0000,4389.0000,1755.0000,0.0000,25.0000,34.0000,24.0000,6.0000
1.9480,0.4960,0.3590,0.3090,0.1620,0.0000,0.0000,1.0930,1.0000,4.5410,5.3840,4.5540,0.0000,0.0000,0.0000,69.9207,0.0000,4389.0000,1755.0000,0.0000,25.0000,34.0000,24.0000,6.0000
2.1120,0.4880,0.3870,0.2990,0.1950,0.0000,0.0000,1.2370,1.0000,4.5410,5.3840,4.5540,0.0000,0.0000,0.0000,69.9310,0.0000,4390.0000,1755.0000,0.0000,25.0000,34.0000,24.0000,4.0000
1.9450,0.5720,0.3700,0.3320,0.1710,0.0000,0.0000,1.0030,1.0000,4.5410,5.3840,4.5540,0.0000,0.0000,0.0000,69.9310,0.0000,4390.0000,1755.0000,0.0000,25.0000,34.0000,24.0000,5.0000
1.9730,0.5500,0.3810,0.3410,0.1850,0.0000,0.0000,1.0420,1.0000,4.5410,5.3840,4.5540,0.0000,0.0000,0.0000,69.9310,0.0000,4390.0000,1755.0000,0.0000,25.0000,34.0000,24.0000,5.0000
2.0530,0.5400,0.3530,0.3330,0.1620,0.0000,0.0000,1.1600,1.0000,4.5410,5.3840,4.5540,0.0000,0.0000,0.0000,69.9303,0.0000,4390.0000,1755.0000,0.0000,25.0000,33.0000,24.0000,6.0000
1.9860,0.5260,0.3620,0.3020,0.1650,0.0000,0.0000,1.0980,1.0000,4.5410,5.3840,4.5540,0.0000,0.0000,0.0000,69.9303,0.0000,4390.0000,1755.0000,0.0000,25.0000,33.0000,24.0000,6.0000
1.8740,0.5320,0.3580,0.3290,0.1630,0.0000,0.0000,0.9840,1.0000,4.5410,5.3840,4.5540,0.0000,0.0000,0.0000,69.9303,0.0000,4390.0000,1755.0000,0.0000,25.0000,33.0000,24.0000,6.0000
1.9710,0.4780,0.3260,0.3010,0.1440,0.0000,0.0000,1.1670,1.0000,4.5410,5.3840,4.5540,0.0000,0.0000,0.0000,69.9303,0.0000,4390.0000,1755.0000,0.0000,25.0000,33.0000,24.0000,6.0000
1.8630,0.6020,0.3390,0.3050,0.1470,0.0000,0.0000,0.9220,1.0000,4.5410,5.3840,4.5540,0.0000,0.0000,0.0000,69.9303,0.0000,4390.0000,1755.0000,0.0000,25.0000,33.0000,24.0000,6.0000
1.8880,0.4900,0.3410,0.3030,0.1480,0.0000,0.0000,1.0570,1.0000,4.5410,5.3840,4.5540,0.0000,0.0000,0.0000,69.9310,0.0000,4390.0000,1755.0000,0.0000,25.0000,34.0000,24.0000,5.0000
1.9620,0.5870,0.3760,0.3530,0.1830,0.0000,0.0000,0.9990,1.0000,4.5410,5.3840,4.5540,0.0000,0.0000,0.0000,69.9413,0.0000,4391.0000,1755.0000,0.0000,25.0000,34.0000,24.0000,4.0000
1.9480,0.5740,0.3530,0.3010,0.1540,0.0000,0.0000,1.0210,1.0000,4.5410,5.3840,4.5540,0.0000,0.0000,0.0000,69.7652,0.0000,4374.0000,1755.0000,0.0000,25.0000,34.0000,24.0000,5.0000
1.9770,0.6270,0.3960,0.4230,0.1580,0.0000,0.0000,0.9540,1.0000,4.5410,5.3840,4.5540,0.0000,0.0000,0.0000,69.7533,0.0000,4373.0000,1755.0000,0.0000,25.0000,34.0000,24.0000,5.0000
2.0130,0.5700,0.4380,0.3580,0.1820,0.0000,0.0000,1.0050,1.0000,4.5410,5.3840,4.5540,0.0000,0.0000,0.0000,69.7532,0.0000,4373.0000,1755.0000,0.0000,25.0000,34.0000,24.0000,5.0000
1.9110,0.6200,0.3960,0.4340,0.1570,0.0000,0.0000,0.8950,1.0000,4.5410,5.3840,4.5540,0.0000,0.0000,0.0000,69.7532,0.0000,4373.0000,1755.0000,0.0000,25.0000,34.0000,24.0000,6.0000
2.1000,0.5600,0.3840,0.3770,0.1560,0.0000,0.0000,1.1560,1.0000,4.5410,5.3840,4.5540,0.0000,0.0000,0.0000,69.7534,0.0000,4373.0000,1755.0000,0.0000,25.0000,34.0000,24.0000,8.0000
1.9450,0.7080,0.3520,0.5420,0.1560,0.0000,0.0000,0.8850,1.0000,4.5410,5.3840,4.5540,0.0000,0.0000,0.0000,69.7534,0.0000,4373.0000,1755.0000,0.0000,25.0000,34.0000,24.0000,8.0000
1.9550,0.5920,0.3940,0.4130,0.1630,0.0000,0.0000,0.9690,1.0000,4.5410,5.3840,4.5540,0.0000,0.0000,0.0000,69.7534,0.0000,4373.0000,1755.0000,0.0000,25.0000,34.0000,24.0000,8.0000
1.9030,0.6140,0.3950,0.4330,0.1590,0.0000,0.0000,0.8940,1.0000,4.5410,5.3840,4.5540,0.0000,0.0000,0.0000,69.7534,0.0000,4373.0000,1755.0000,0.0000,25.0000,34.0000,24.0000,9.0000
2.0440,0.5570,0.4240,0.3890,0.2350,0.0000,0.0000,1.0630,1.0000,4.5410,5.3840,4.5540,0.0000,0.0000,0.0000,69.7736,0.0000,4375.0000,1755.0000,0.0000,25.0000,34.0000,24.0000,9.0000
1.8720,0.6660,0.3680,0.4100,0.1530,0.0000,0.0000,0.8380,1.0000,4.5410,5.3840,4.5540,0.0000,0.0000,0.0000,69.7736,0.0000,4375.0000,1755.0000,0.0000,25.0000,34.0000,24.0000,9.0000
1.9060,0.4790,0.4170,0.3150,0.2240,0.0000,0.0000,1.0100,1.0000,4.5410,5.3840,4.5540,0.0000,0.0000,0.0000,69.7847,0.0000,4376.0000,1755.0000,0.0000,25.0000,35.0000,24.0000,7.0000
1.9200,0.5130,0.3750,0.3120,0.1830,0.0000,0.0000,1.0320,1.0000,4.5410,5.3840,4.5540,0.0000,0.0000,0.0000,69.7971,0.0000,4377.0000,1755.0000,0.0000,25.0000,35.0000,24.0000,6.0000
1.9220,0.5350,0.3710,0.3240,0.1710,0.0000,0.0000,1.0160,1.0000,4.5410,5.3840,4.5540,0.0000,0.0000,0.0000,69.7973,0.0000,4377.0000,1755.0000,0.0000,25.0000,35.0000,24.0000,7.0000
1.9730,0.5100,0.3680,0.3340,0.1790,0.0000,0.0000,1.0950,1.0000,4.5410,5.3840,4.5540,0.0000,0.0000,0.0000,69.7980,0.0000,4377.0000,1755.0000,0.0000,25.0000,36.0000,24.0000,7.0000
2.0130,0.5180,0.3970,0.3320,0.1990,0.0000,0.0000,1.0980,1.0000,4.5410,5.3840,4.5540,0.0000,0.0000,0.0000,69.8089,0.0000,4378.0000,1755.0000,0.0000,25.0000,35.0000,24.0000,7.0000
1.9020,0.5200,0.3320,0.3010,0.1510,0.0000,0.0000,1.0500,1.0000,4.5410,5.3840,4.5540,0.0000,0.0000,0.0000,69.8089,0.0000,4378.0000,1755.0000,0.0000,25.0000,35.0000,24.0000,9.0000
1.9850,0.4710,0.3700,0.3010,0.1920,0.0000,0.0000,1.1440,1.0000,4.5410,5.3840,4.5540,0.0000,0.0000,0.0000,69.8303,0.0000,4380.0000,1755.0000,0.0000,25.0000,36.0000,24.0000,9.0000
1.8480,0.5510,0.3360,0.3010,0.1510,0.0000,0.0000,0.9610,1.0000,4.5410,5.3840,4.5540,0.0000,0.0000,0.0000,69.8304,0.0000,4380.0000,1755.0000,0.0000,25.0000,36.0000,24.0000,9.0000
1.8710,0.5140,0.3970,0.3000,0.2170,0.0000,0.0000,0.9600,1.0000,4.5410,5.3840,4.5540,0.0000,0.0000,0.0000,69.8407,0.0000,4381.0000,1755.0000,0.0000,25.0000,36.0000,24.0000,9.0000
2.0850,0.5420,0.4010,0.2990,0.1830,0.0000,0.0000,1.1420,1.0000,4.5410,5.3840,4.5540,0.0000,0.0000,0.0000,69.8520,0.0000,4382.0000,1755.0000,0.0000,25.0000,37.0000,24.0000,10.0000
1.7760,0.6700,0.3350,0.4160,0.1500,0.0000,0.0000,0.7710,1.0000,4.5410,5.3840,4.5540,0.0000,0.0000,0.0000,69.8521,0.0000,4382.0000,1755.0000,0.0000,25.0000,37.0000,24.0000,9.0000
2.0530,0.5190,0.4160,0.3520,0.1620,0.0000,0.0000,1.1180,1.0000,4.5410,5.3840,4.5540,0.0000,0.0000,0.0000,69.8521,0.0000,4382.0000,1755.0000,0.0000,25.0000,37.0000,24.0000,9.0000
2.4230,0.6300,0.5190,0.3710,0.3020,0.0000,0.0000,1.2740,1.0000,4.5410,5.3840,4.5540,0.0000,0.0000,0.0000,69.8733,0.0000,4384.0000,1755.0000,0.0000,25.0000,36.0000,24.0000,9.0000
1.9880,0.8100,0.3260,0.3070,0.1440,0.0000,0.0000,0.8520,1.0000,4.5410,5.3840,4.5540,0.0000,0.0000,0.0000,69.8733,0.0000,4384.0000,1755.0000,0.0000,25.0000,36.0000,24.0000,9.0000
1.9950,0.4890,0.3470,0.3030,0.1520,0.0000,0.0000,1.1590,1.0000,4.5410,5.3840,4.5540,0.0000,0.0000,0.0000,69.8734,0.0000,4384.0000,1755.0000,0.0000,25.0000,36.0000,24.0000,9.0000
2.0750,0.4820,0.3900,0.2990,0.1940,0.0000,0.0000,1.2030,1.0000,4.5410,5.3840,4.5540,0.0000,0.0000,0.0000,69.8939,0.0000,4386.0000,1755.0000,0.0000,25.0000,36.0000,24.0000,10.0000
2.0160,0.5660,0.3870,0.3040,0.1980,0.0000,0.0000,1.0630,1.0000,4.5410,5.3840,4.5540,0.0000,0.0000,0.0000,69.9042,0.0000,4387.0000,1755.0000,0.0000,25.0000,36.0000,24.0000,9.0000
2.0530,0.5270,0.3660,0.3000,0.1730,0.0000,0.0000,1.1600,1.0000,4.5410,5.3840,4.5540,0.0000,0.0000,0.0000,69.9043,0.0000,4387.0000,1755.0000,0.0000,25.0000,36.0000,24.0000,9.0000
1.9440,0.5920,0.3590,0.3230,0.1650,0.0000,0.0000,0.9930,1.0000,4.5410,5.3840,4.5540,0.0000,0.0000,0.0000,69.9044,0.0000,4387.0000,1755.0000,0.0000,25.0000,36.0000,24.0000,9.0000
2.0040,0.4890,0.3960,0.3060,0.1740,0.0000,0.0000,1.1190,1.0000,4.5410,5.3840,4.5540,0.0000,0.0000,0.0000,69.9044,0.0000,4387.0000,1755.0000,0.0000,25.0000,36.0000,24.0000,9.0000
2.5320,0.5130,0.4670,0.3240,0.2500,0.0000,0.0000,1.5520,1.0000,4.5410,5.3840,4.5540,0.0000,0.0000,0.0000,69.9044,0.0000,4387.0000,1755.0000,0.0000,25.0000,36.0000,24.0000,9.0000
2.2370,0.6530,0.3600,0.4260,0.1570,0.0000,0.0000,1.2240,1.0000,4.5410,5.3840,4.5540,0.0000,0.0000,0.0000,69.9046,0.0000,4387.0000,1755.0000,0.0000,25.0000,36.0000,24.0000,10.0000
2.8390,0.8360,0.3820,0.3960,0.1640,0.0000,0.0000,1.6210,1.0000,4.5410,5.3840,4.5540,0.0000,0.0000,0.0000,69.9046,0.0000,4387.0000,1755.0000,0.0000,25.0000,36.0000,24.0000,9.0000
2.1790,0.8320,0.3950,0.5210,0.1930,0.0000,0.0000,0.9520,1.0000,4.5410,5.3840,4.5540,0.0000,0.0000,0.0000,69.9149,0.0000,4388.0000,1755.0000,0.0000,25.0000,36.0000,24.0000,8.0000
1.9850,0.6080,0.3650,0.3270,0.1620,0.0000,0.0000,1.0120,1.0000,4.5410,5.3840,4.5540,0.0000,0.0000,0.0000,69.9156,0.0000,4388.0000,1755.0000,0.0000,25.0000,37.0000,24.0000,9.0000
2.1730,0.5700,0.3890,0.3300,0.1910,0.0000,0.0000,1.2140,1.0000,4.5410,5.3840,4.5540,0.0000,0.0000,0.0000,69.9266,0.0000,4389.0000,1755.0000,0.0000,25.0000,36.0000,24.0000,9.0000
2.0950,0.5800,0.3820,0.3210,0.1770,0.0000,0.0000,1.1330,1.0000,4.5410,5.3840,4.5540,0.0000,0.0000,0.0000,69.9266,0.0000,4389.0000,1755.0000,0.0000,25.0000,36.0000,24.0000,10.0000
2.0910,0.5820,0.3870,0.3950,0.1790,0.0000,0.0000,1.1220,1.0000,4.5410,5.3840,4.5540,0.0000,0.0000,0.0000,69.9266,0.0000,4389.0000,1755.0000,0.0000,25.0000,36.0000,24.0000,10.0000
1.9990,0.5400,0.3770,0.3550,0.1590,0.0000,0.0000,1.0820,1.0000,4.5410,5.3840,4.5540,0.0000,0.0000,0.0000,69.9266,0.0000,4389.0000,1755.0000,0.0000,25.0000,36.0000,24.0000,10.0000
2.0640,0.5300,0.4000,0.3430,0.1940,0.0000,0.0000,1.1340,1.0000,4.5410,5.3840,4.5540,0.0000,0.0000,0.0000,69.9369,0.0000,4390.0000,1755.0000,0.0000,25.0000,36.0000,24.0000,10.0000
2.0830,0.5540,0.4060,0.3310,0.2010,0.0000,0.0000,1.1230,1.0000,4.5410,5.3840,4.5540,0.0000,0.0000,0.0000,69.9376,0.0000,4390.0000,1755.0000,0.0000,25.0000,37.0000,24.0000,10.0000
2.0810,0.5220,0.4280,0.3330,0.2150,0.0000,0.0000,1.1310,1.0000,4.5410,5.3840,4.5540,0.0000,0.0000,0.0000,69.9376,0.0000,4390.0000,1755.0000,0.0000,25.0000,37.0000,24.0000,9.0000
2.2060,0.6650,0.4450,0.4510,0.2150,0.0000,0.0000,1.0960,1.0000,4.5410,5.3840,4.5540,0.0000,0.0000,0.0000,69.9486,0.0000,4391.0000,1755.0000,0.0000,25.0000,38.0000,24.0000,8.0000
2.4670,0.6380,0.3710,0.3900,0.1680,0.0000,0.0000,1.4580,1.0000,4.5410,5.3840,4.5540,0.0000,0.0000,0.0000,69.9493,0.0000,4391.0000,1755.0000,0.0000,25.0000,39.0000,24.0000,10.0000
2.2460,0.7950,0.4260,0.5030,0.2170,0.0000,0.0000,1.0250,1.0000,4.5410,5.3840,4.5540,0.0000,0.0000,0.0000,69.9596,0.0000,4392.0000,1755.0000,0.0000,25.0000,39.0000,24.0000,11.0000
2.3180,0.6660,0.5280,0.4340,0.2750,0.0000,0.0000,1.1240,1.0000,4.5410,5.3840,4.5540,0.0000,0.0000,0.0000,69.9699,0.0000,4393.0000,1755.0000,0.0000,25.0000,39.0000,24.0000,11.0000
2.7980,0.6170,0.3980,0.3660,0.1870,0.0000,0.0000,1.7830,1.0000,4.5410,5.3840,4.5540,0.0000,0.0000,0.0000,69.9691,0.0000,4393.0000,1755.0000,0.0000,25.0000,38.0000,24.0000,11.0000
2.1970,0.6750,0.4990,0.4040,0.2220,0.0000,0.0000,1.0230,1.0000,4.5410,5.3840,4.5540,0.0000,0.0000,0.0000,69.7644,0.0000,4373.0000,1755.0000,0.0000,25.0000,38.0000,24.0000,11.0000
2.4400,0.6650,0.3720,0.3300,0.1870,0.0000,0.0000,1.4030,1.0000,4.5410,5.3840,4.5540,0.0000,0.0000,0.0000,69.7758,0.0000,4374.0000,1755.0000,0.0000,25.0000,39.0000,24.0000,12.0000
2.1500,0.7650,0.5260,0.4840,0.3290,0.0000,0.0000,0.8590,1.0000,4.5410,5.3840,4.5540,0.0000,0.0000,0.0000,69.7759,0.0000,4374.0000,1755.0000,0.0000,25.0000,39.0000,24.0000,11.0000
2.5180,0.6650,0.7250,0.4490,0.3110,0.0000,0.0000,1.1280,1.0000,4.5410,5.3840,4.5540,0.0000,0.0000,0.0000,69.7865,0.0000,4375.0000,1755.0000,0.0000,25.0000,39.0000,24.0000,13.0000
2.2660,0.8130,0.4530,0.4280,0.2460,0.0000,0.0000,1.0000,1.0000,4.5410,5.3840,4.5540,0.0000,0.0000,0.0000,69.8198,0.0000,4378.0000,1755.0000,0.0000,25.0000,39.0000,24.0000,12.0000
1.9940,0.7030,0.4160,0.3280,0.2140,0.0000,0.0000,0.8750,1.0000,4.5410,5.3840,4.5540,0.0000,0.0000,0.0000,69.8285,0.0000,4379.0000,1755.0000,0.0000,25.0000,40.0000,24.0000,13.0000
2.1590,0.5720,0.3680,0.3420,0.1770,0.0000,0.0000,1.2190,1.0000,4.5410,5.3840,4.5540,0.0000,0.0000,0.0000,69.8288,0.0000,4379.0000,1755.0000,0.0000,25.0000,40.0000,24.0000,14.0000
1.9380,0.8150,0.3800,0.4390,0.1660,0.0000,0.0000,0.7430,1.0000,4.5410,5.3840,4.5540,0.0000,0.0000,0.0000,69.8288,0.0000,4379.0000,1755.0000,0.0000,25.0000,40.0000,24.0000,13.0000
2.0380,0.5390,0.4360,0.3570,0.2340,0.0000,0.0000,1.0630,1.0000,4.5410,5.3840,4.5540,0.0000,0.0000,0.0000,69.8281,0.0000,4379.0000,1755.0000,0.0000,25.0000,39.0000,24.0000,13.0000
2.0520,0.5240,0.4200,0.3400,0.2040,0.0000,0.0000,1.1080,1.0000,4.5410,5.3840,4.5540,0.0000,0.0000,0.0000,69.8490,0.0000,4381.0000,1755.0000,0.0000,25.0000,40.0000,24.0000,13.0000
2.3300,0.6430,0.4740,0.3740,0.2580,0.0000,0.0000,1.2130,1.0000,4.5410,5.3840,4.5540,0.0000,0.0000,0.0000,69.8587,0.0000,4382.0000,1755.0000,0.0000,25.0000,39.0000,24.0000,13.0000
2.3370,0.6390,0.4170,0.4040,0.1680,0.0000,0.0000,1.2810,1.0000,4.5410,5.3840,4.5540,0.0000,0.0000,0.0000,69.8595,0.0000,4382.0000,1755.0000,0.0000,25.0000,40.0000,24.0000,13.0000
2.2560,0.6800,0.3660,0.4550,0.1570,0.0000,0.0000,1.2100,1.0000,4.5410,5.3840,4.5540,0.0000,0.0000,0.0000,69.8596,0.0000,4382.0000,1755.0000,0.0000,25.0000,40.0000,24.0000,13.0000
2.0770,0.5410,0.4800,0.3240,0.2080,0.0000,0.0000,1.0560,1.0000,4.5410,5.3840,4.5540,0.0000,0.0000,0.0000,69.8589,0.0000,4382.0000,1755.0000,0.0000,25.0000,39.0000,24.0000,13.0000
2.3670,0.5280,0.3860,0.3350,0.1800,0.0000,0.0000,1.4530,1.0000,4.5410,5.3840,4.5540,0.0000,0.0000,0.0000,69.8589,0.0000,4382.0000,1755.0000,0.0000,25.0000,39.0000,24.0000,13.0000
2.5580,0.7390,0.4580,0.4610,0.2350,0.0000,0.0000,1.3610,1.0000,4.5410,5.3840,4.5540,0.0000,0.0000,0.0000,69.9004,0.0000,4386.0000,1755.0000,0.0000,25.0000,40.0000,24.0000,13.0000
2.0500,0.8960,0.3640,0.4730,0.1710,0.0000,0.0000,0.7900,1.0000,4.5410,5.3840,4.5540,0.0000,0.0000,0.0000,69.9005,0.0000,4386.0000,1755.0000,0.0000,25.0000,40.0000,24.0000,13.0000
2.3920,0.5530,0.4500,0.3460,0.2210,0.0000,0.0000,1.3890,1.0000,4.5410,5.3840,4.5540,0.0000,0.0000,0.0000,69.9007,0.0000,4386.0000,1755.0000,0.0000,25.0000,40.0000,24.0000,13.0000
2.2770,0.7520,0.4210,0.4410,0.2040,0.0000,0.0000,1.1040,1.0000,4.5410,5.3840,4.5540,0.0000,0.0000,0.0000,69.9110,0.0000,4387.0000,1755.0000,0.0000,25.0000,40.0000,24.0000,13.0000
1.9550,0.6170,0.3520,0.3260,0.1540,0.0000,0.0000,0.9860,1.0000,4.5410,5.3840,4.5540,0.0000,0.0000,0.0000,69.9110,0.0000,4387.0000,1755.0000,0.0000,25.0000,40.0000,24.0000,13.0000
1.9120,0.6150,0.3370,0.3340,0.1500,0.0000,0.0000,0.9600,1.0000,4.5410,5.3840,4.5540,0.0000,0.0000,0.0000,69.9110,0.0000,4387.0000,1755.0000,0.0000,25.0000,40.0000,24.0000,13.0000
2.4560,0.5950,0.5540,0.3620,0.3170,0.0000,0.0000,1.3070,1.0000,4.5410,5.3840,4.5540,0.0000,0.0000,0.0000,69.9312,0.0000,4389.0000,1755.0000,0.0000,25.0000,40.0000,24.0000,13.0000
2.0910,0.6320,0.4560,0.3390,0.2390,0.0000,0.0000,1.0030,1.0000,4.5410,5.3840,4.5540,0.0000,0.0000,0.0000,69.9416,0.0000,4390.0000,1755.0000,0.0000,25.0000,40.0000,24.0000,13.0000
2.1490,0.5720,0.4380,0.3400,0.2310,0.0000,0.0000,1.1390,1.0000,4.5410,5.3840,4.5540,0.0000,0.0000,0.0000,69.9520,0.0000,4391.0000,1755.0000,0.0000,25.0000,40.0000,24.0000,13.0000
2.2040,0.6220,0.4750,0.3920,0.2110,0.0000,0.0000,1.1070,1.0000,4.5410,5.3840,4.5540,0.0000,0.0000,0.0000,69.9514,0.0000,4391.0000,1755.0000,0.0000,25.0000,39.0000,24.0000,13.0000
2.5860,0.6260,0.8410,0.4080,0.5950,0.0000,0.0000,1.1190,1.0000,4.5410,5.3840,4.5540,0.0000,0.0000,0.0000,69.9515,0.0000,4391.0000,1755.0000,0.0000,25.0000,39.0000,24.0000,13.0000
2.3590,0.5820,0.5080,0.3680,0.2680,0.0000,0.0000,1.2690,1.0000,4.5410,5.3840,4.5540,0.0000,0.0000,0.0000,69.9617,0.0000,4392.0000,1755.0000,0.0000,25.0000,39.0000,24.0000,13.0000
2.3110,0.7070,0.4400,0.4580,0.1950,0.0000,0.0000,1.1640,1.0000,4.5410,5.3840,4.5540,0.0000,0.0000,0.0000,69.9706,0.0000,4393.0000,1755.0000,0.0000,25.0000,37.0000,24.0000,13.0000
2.3340,0.6240,0.4090,0.3320,0.1990,0.0000,0.0000,1.3010,1.0000,4.5410,5.3840,4.5540,0.0000,0.0000,0.0000,69.9910,0.0000,4395.0000,1755.0000,0.0000,25.0000,37.0000,24.0000,13.0000
2.1560,0.6510,0.3720,0.3390,0.1560,0.0000,0.0000,1.1330,1.0000,4.5410,5.3840,4.5540,0.0000,0.0000,0.0000,69.9911,0.0000,4395.0000,1755.0000,0.0000,25.0000,37.0000,24.0000,13.0000
2.2170,0.6060,0.4680,0.4050,0.2010,0.0000,0.0000,1.1430,1.0000,4.5410,5.3840,4.5540,0.0000,0.0000,0.0000,69.9919,0.0000,4395.0000,1755.0000,0.0000,25.0000,38.0000,24.0000,13.0000
2.0020,0.6290,0.3910,0.4100,0.1540,0.0000,0.0000,0.9820,1.0000,4.5410,5.3840,4.5540,0.0000,0.0000,0.0000,69.9912,0.0000,4395.0000,1755.0000,0.0000,25.0000,37.0000,24.0000,13.0000
2.1640,0.6250,0.4580,0.4130,0.1870,0.0000,0.0000,1.0810,1.0000,4.5410,5.3840,4.5540,0.0000,0.0000,0.0000,70.0014,0.0000,4396.0000,1755.0000,0.0000,25.0000,37.0000,24.0000,13.0000
2.1780,0.6300,0.3800,0.3280,0.1860,0.0000,0.0000,1.1680,1.0000,4.5410,5.3840,4.5540,0.0000,0.0000,0.0000,70.0217,0.0000,4398.0000,1755.0000,0.0000,25.0000,37.0000,24.0000,13.0000
2.0100,0.6840,0.3540,0.3320,0.1490,0.0000,0.0000,0.9720,1.0000,4.5410,5.3840,4.5540,0.0000,0.0000,0.0000,70.0217,0.0000,4398.0000,1755.0000,0.0000,25.0000,37.0000,24.0000,13.0000
2.2590,0.5380,0.3800,0.3270,0.1850,0.0000,0.0000,1.3410,1.0000,4.5410,5.3840,4.5540,0.0000,0.0000,0.0000,70.0218,0.0000,4398.0000,1755.0000,0.0000,25.0000,37.0000,24.0000,13.0000
1.9820,0.6770,0.3570,0.3950,0.1480,0.0000,0.0000,0.9480,1.0000,4.5410,5.3840,4.5540,0.0000,0.0000,0.0000,70.0218,0.0000,4398.0000,1755.0000,0.0000,25.0000,37.0000,24.0000,13.0000
2.0530,0.5420,0.3710,0.3400,0.1460,0.0000,0.0000,1.1400,1.0000,4.5410,5.3840,4.5540,0.0000,0.0000,0.0000,70.0211,0.0000,4398.0000,1755.0000,0.0000,25.0000,36.0000,24.0000,13.0000
2.4090,0.5310,0.5650,0.3450,0.2250,0.0000,0.0000,1.3130,1.0000,4.5410,5.3840,4.5540,0.0000,0.0000,0.0000,70.0314,0.0000,4399.0000,1755.0000,0.0000,25.0000,36.0000,24.0000,13.0000
2.2000,0.6790,0.3580,0.3700,0.1510,0.0000,0.0000,1.1630,1.0000,4.5410,5.3840,4.5540,0.0000,0.0000,0.0000,70.0314,0.0000,4399.0000,1755.0000,0.0000,25.0000,36.0000,24.0000,13.0000
1.9700,0.6550,0.3460,0.3980,0.1480,0.0000,0.0000,0.9690,1.0000,4.5410,5.3840,4.5540,0.0000,0.0000,0.0000,70.0324,0.0000,4399.0000,1755.0000,0.0000,25.0000,37.0000,24.0000,13.0000
2.2720,0.6180,0.4570,0.3640,0.2080,0.0000,0.0000,1.1970,1.0000,4.5410,5.3840,4.5540,0.0000,0.0000,0.0000,70.0527,0.0000,4401.0000,1755.0000,0.0000,25.0000,37.0000,24.0000,13.0000
2.7860,0.6320,0.5520,0.3370,0.2890,0.0000,0.0000,1.6020,1.0000,4.5410,5.3840,4.5540,0.0000,0.0000,0.0000,70.0525,0.0000,4401.0000,1755.0000,0.0000,25.0000,37.0000,24.0000,13.0000
2.3790,0.8500,0.4640,0.5520,0.1960,0.0000,0.0000,1.0650,1.0000,4.5410,5.3840,4.5540,0.0000,0.0000,0.0000,69.8116,0.0000,4378.0000,1755.0000,0.0000,25.0000,37.0000,24.0000,13.0000
2.3600,0.6220,0.5010,0.3890,0.2820,0.0000,0.0000,1.2370,1.0000,4.5410,5.3840,4.5540,0.0000,0.0000,0.0000,69.8218,0.0000,4379.0000,1755.0000,0.0000,25.0000,37.0000,24.0000,13.0000
2.3540,0.7450,0.5030,0.4890,0.2230,0.0000,0.0000,1.1060,1.0000,4.5410,5.3840,4.5540,0.0000,0.0000,0.0000,69.8314,0.0000,4380.0000,1755.0000,0.0000,25.0000,36.0000,24.0000,13.0000
2.1540,0.6550,0.4230,0.3320,0.2070,0.0000,0.0000,1.0760,1.0000,4.5410,5.3840,4.5540,0.0000,0.0000,0.0000,69.8410,0.0000,4381.0000,1755.0000,0.0000,25.0000,35.0000,24.0000,13.0000
2.3710,0.5780,0.5440,0.3410,0.2680,0.0000,0.0000,1.2490,1.0000,4.5410,5.3840,4.5540,0.0000,0.0000,0.0000,69.8410,0.0000,4381.0000,1755.0000,0.0000,25.0000,35.0000,24.0000,13.0000
2.0670,0.6500,0.4560,0.3960,0.1660,0.0000,0.0000,0.9610,1.0000,4.5410,5.3840,4.5540,0.0000,0.0000,0.0000,69.8397,0.0000,4381.0000,1755.0000,0.0000,25.0000,33.0000,24.0000,13.0000
2.2380,0.5910,0.4710,0.3890,0.2370,0.0000,0.0000,1.1760,1.0000,4.5410,5.3840,4.5540,0.0000,0.0000,0.0000,69.8602,0.0000,4383.0000,1755.0000,0.0000,25.0000,33.0000,24.0000,13.0000
1.8690,0.6610,0.3510,0.3290,0.1520,0.0000,0.0000,0.8570,1.0000,4.5410,5.3840,4.5540,0.0000,0.0000,0.0000,69.8609,0.0000,4383.0000,1755.0000,0.0000,25.0000,34.0000,24.0000,13.0000
2.5240,0.5570,0.4390,0.3270,0.2220,0.0000,0.0000,1.5280,1.0000,4.5410,5.3840,4.5540,0.0000,0.0000,0.0000,69.8904,0.0000,4386.0000,1755.0000,0.0000,25.0000,33.0000,24.0000,13.0000
1.9770,1.0330,0.3730,0.6650,0.1520,0.0000,0.0000,0.5710,1.0000,4.5410,5.3840,4.5540,0.0000,0.0000,0.0000,69.8904,0.0000,4386.0000,1755.0000,0.0000,25.0000,33.0000,24.0000,13.0000
1.9520,0.5300,0.3730,0.3480,0.1540,0.0000,0.0000,1.0490,1.0000,4.5410,5.3840,4.5540,0.0000,0.0000,0.0000,69.8905,0.0000,4386.0000,1755.0000,0.0000,25.0000,33.0000,24.0000,13.0000
1.9440,0.5210,0.3580,0.3350,0.1620,0.0000,0.0000,1.0650,1.0000,4.5410,5.3840,4.5540,0.0000,0.0000,0.0000,69.8897,0.0000,4386.0000,1755.0000,0.0000,25.0000,32.0000,24.0000,13.0000
2.8340,0.5710,0.5530,0.3890,0.3100,0.0000,0.0000,1.7100,1.0000,4.5410,5.3840,4.5540,0.0000,0.0000,0.0000,69.9000,0.0000,4387.0000,1755.0000,0.0000,25.0000,32.0000,24.0000,14.0000
2.5810,0.9100,0.4900,0.5860,0.2280,0.0000,0.0000,1.1810,1.0000,4.5410,5.3840,4.5540,0.0000,0.0000,0.0000,69.9000,0.0000,4387.0000,1755.0000,0.0000,25.0000,32.0000,24.0000,14.0000
2.6460,0.7820,0.6000,0.5330,0.2570,0.0000,0.0000,1.2640,1.0000,4.5410,5.3840,4.5540,0.0000,0.0000,0.0000,69.9000,0.0000,4387.0000,1755.0000,0.0000,25.0000,32.0000,24.0000,14.0000
2.7600,0.7240,0.5330,0.4330,0.2700,0.0000,0.0000,1.5030,1.0000,4.5410,5.3840,4.5540,0.0000,0.0000,0.0000,69.9000,0.0000,4387.0000,1755.0000,0.0000,25.0000,32.0000,24.0000,14.0000
2.5410,0.8570,0.4840,0.5810,0.2260,0.0000,0.0000,1.2000,1.0000,4.5410,5.3840,4.5540,0.0000,0.0000,0.0000,69.9000,0.0000,4387.0000,1755.0000,0.0000,25.0000,32.0000,24.0000,14.0000
2.6970,0.7850,0.5630,0.5270,0.2230,0.0000,0.0000,1.3490,1.0000,4.5410,5.3840,4.5540,0.0000,0.0000,0.0000,69.8999,0.0000,4387.0000,1755.0000,0.0000,25.0000,32.0000,24.0000,15.0000
2.8990,0.8140,0.5880,0.5090,0.3180,0.0000,0.0000,1.4970,1.0000,4.5410,5.3840,4.5540,0.0000,0.0000,0.0000,69.9094,0.0000,4388.0000,1755.0000,0.0000,25.0000,31.0000,24.0000,15.0000
2.7260,0.8740,0.4680,0.5540,0.2260,0.0000,0.0000,1.3840,1.0000,4.5410,5.3840,4.5540,0.0000,0.0000,0.0000,69.9094,0.0000,4388.0000,1755.0000,0.0000,25.0000,31.0000,24.0000,15.0000
2.7180,0.9020,0.4550,0.6380,0.2090,0.0000,0.0000,1.3610,1.0000,4.5410,5.3840,4.5540,0.0000,0.0000,0.0000,69.9095,0.0000,4388.0000,1755.0000,0.0000,25.0000,31.0000,24.0000,15.0000
3.4130,0.8090,0.7060,0.5250,0.3600,0.0000,0.0000,1.8980,1.0000,4.5410,5.3840,4.5540,0.0000,0.0000,0.0000,69.9314,0.0000,4390.0000,1755.0000,0.0000,25.0000,31.0000,24.0000,15.0000
3.3020,1.0670,0.6010,0.6480,0.3260,0.0000,0.0000,1.6340,1.0000,4.5410,5.3840,4.5540,0.0000,0.0000,0.0000,69.9418,0.0000,4391.0000,1755.0000,0.0000,25.0000,31.0000,24.0000,15.0000
2.7670,1.0710,0.6240,0.7150,0.3100,0.0000,0.0000,1.0720,1.0000,4.5410,5.3840,4.5540,0.0000,0.0000,0.0000,69.9419,0.0000,4391.0000,1755.0000,0.0000,25.0000,31.0000,24.0000,15.0000
3.0680,0.6950,0.5630,0.3500,0.2960,0.0000,0.0000,1.8100,1.0000,4.5410,5.3840,4.5540,0.0000,0.0000,0.0000,69.9522,0.0000,4392.0000,1755.0000,0.0000,25.0000,31.0000,24.0000,14.0000
2.9880,0.9860,0.6920,0.4630,0.4210,0.0000,0.0000,1.3100,1.0000,4.5410,5.3840,4.5540,0.0000,0.0000,0.0000,69.9625,0.0000,4393.0000,1755.0000,0.0000,25.0000,31.0000,24.0000,13.0000
3.2060,0.8840,0.6930,0.4900,0.4340,0.0000,0.0000,1.6290,1.0000,4.5410,5.3840,4.5540,0.0000,0.0000,0.0000,69.9838,0.0000,4395.0000,1755.0000,0.0000,25.0000,32.0000,24.0000,13.0000
2.9810,1.0430,0.6090,0.5220,0.3310,0.0000,0.0000,1.3290,1.0000,4.5410,5.3840,4.5540,0.0000,0.0000,0.0000,69.9838,0.0000,4395.0000,1755.0000,0.0000,25.0000,32.0000,24.0000,13.0000
3.1370,0.8220,0.5900,0.4590,0.2920,0.0000,0.0000,1.7250,1.0000,4.5410,5.3840,4.5540,0.0000,0.0000,0.0000,69.9839,0.0000,4395.0000,1755.0000,0.0000,25.0000,32.0000,24.0000,13.0000
3.4850,0.8840,0.8140,0.5120,0.3760,0.0000,0.0000,1.7870,1.0000,4.5410,5.3840,4.5540,0.0000,0.0000,0.0000,70.0042,0.0000,4397.0000,1755.0000,0.0000,25.0000,32.0000,24.0000,13.0000
3.1540,1.0620,0.5210,0.6410,0.2560,0.0000,0.0000,1.5710,1.0000,4.5410,5.3840,4.5540,0.0000,0.0000,0.0000,70.0042,0.0000,4397.0000,1755.0000,0.0000,25.0000,32.0000,24.0000,13.0000
3.3980,0.9080,0.7430,0.5980,0.4500,0.0000,0.0000,1.7470,1.0000,4.5410,5.3840,4.5540,0.0000,0.0000,0.0000,70.0248,0.0000,4399.0000,1755.0000,0.0000,25.0000,32.0000,24.0000,13.0000
3.7210,1.1370,0.7140,0.5990,0.3830,0.0000,0.0000,1.8700,1.0000,4.5410,5.3840,4.5540,0.0000,0.0000,0.0000,70.0671,0.0000,4403.0000,1755.0000,0.0000,25.0000,32.0000,24.0000,13.0000
3.1120,1.3090,0.6460,0.7820,0.3160,0.0000,0.0000,1.1570,1.0000,4.5410,5.3840,4.5540,0.0000,0.0000,0.0000,70.0673,0.0000,4403.0000,1755.0000,0.0000,25.0000,32.0000,24.0000,13.0000
3.2260,0.9070,0.6860,0.5090,0.2690,0.0000,0.0000,1.6330,1.0000,4.5410,5.3840,4.5540,0.0000,0.0000,0.0000,70.0667,0.0000,4403.0000,1755.0000,0.0000,25.0000,31.0000,24.0000,12.0000
3.9130,0.9920,0.7960,0.5940,0.3760,0.0000,0.0000,2.1250,1.0000,4.5410,5.3840,4.5540,0.0000,0.0000,0.0000,69.8509,0.0000,4382.0000,1755.0000,0.0000,25.0000,31.0000,24.0000,12.0000
3.2900,1.2230,0.6720,0.7380,0.2640,0.0000,0.0000,1.3950,1.0000,4.5410,5.3840,4.5540,0.0000,0.0000,0.0000,69.8510,0.0000,4382.0000,1755.0000,0.0000,25.0000,31.0000,24.0000,12.0000
3.0520,0.9780,0.5920,0.6650,0.2760,0.0000,0.0000,1.4820,1.0000,4.5410,5.3840,4.5540,0.0000,0.0000,0.0000,69.8511,0.0000,4382.0000,1755.0000,0.0000,25.0000,31.0000,24.0000,12.0000
3.4120,0.8280,0.6870,0.5400,0.3640,0.0000,0.0000,1.8970,1.0000,4.5410,5.3840,4.5540,0.0000,0.0000,0.0000,69.8511,0.0000,4382.0000,1755.0000,0.0000,25.0000,31.0000,24.0000,12.0000
3.0700,0.9810,0.6050,0.6400,0.3130,0.0000,0.0000,1.4840,1.0000,4.5410,5.3840,4.5540,0.0000,0.0000,0.0000,69.8511,0.0000,4382.0000,1755.0000,0.0000,25.0000,31.0000,24.0000,11.0000
3.0310,0.8890,0.6330,0.5090,0.3130,0.0000,0.0000,1.5090,1.0000,4.5410,5.3840,4.5540,0.0000,0.0000,0.0000,69.8511,0.0000,4382.0000,1755.0000,0.0000,25.0000,31.0000,24.0000,11.0000
2.8360,0.7810,0.7220,0.4360,0.4470,0.0000,0.0000,1.3330,1.0000,4.5410,5.3840,4.5540,0.0000,0.0000,0.0000,69.8613,0.0000,4383.0000,1755.0000,0.0000,25.0000,31.0000,24.0000,11.0000
2.2520,0.7270,0.4010,0.3810,0.1780,0.0000,0.0000,1.1240,1.0000,4.5410,5.3840,4.5540,0.0000,0.0000,0.0000,69.8613,0.0000,4383.0000,1755.0000,0.0000,25.0000,31.0000,24.0000,11.0000
2.1730,0.5720,0.4290,0.3570,0.2240,0.0000,0.0000,1.1720,1.0000,4.5410,5.3840,4.5540,0.0000,0.0000,0.0000,69.8614,0.0000,4383.0000,1755.0000,0.0000,25.0000,31.0000,24.0000,11.0000
2.3130,0.6710,0.4580,0.4460,0.1920,0.0000,0.0000,1.1840,1.0000,4.5410,5.3840,4.5540,0.0000,0.0000,0.0000,69.8834,0.0000,4385.0000,1755.0000,0.0000,25.0000,31.0000,24.0000,11.0000
2.3790,0.7910,0.4240,0.4920,0.2220,0.0000,0.0000,1.1640,1.0000,4.5410,5.3840,4.5540,0.0000,0.0000,0.0000,69.8936,0.0000,4386.0000,1755.0000,0.0000,25.0000,31.0000,24.0000,11.0000
3.1660,0.6990,0.7410,0.3840,0.4080,0.0000,0.0000,1.7260,1.0000,4.5410,5.3840,4.5540,0.0000,0.0000,0.0000,69.8937,0.0000,4386.0000,1755.0000,0.0000,25.0000,31.0000,24.0000,11.0000
2.2360,0.8540,0.5110,0.4640,0.2910,0.0000,0.0000,0.8710,1.0000,4.5410,5.3840,4.5540,0.0000,0.0000,0.0000,69.9040,0.0000,4387.0000,1755.0000,0.0000,25.0000,31.0000,24.0000,11.0000
2.2460,0.7130,0.4350,0.4500,0.2050,0.0000,0.0000,1.0980,1.0000,4.5410,5.3840,4.5540,0.0000,0.0000,0.0000,69.9243,0.0000,4389.0000,1755.0000,0.0000,25.0000,31.0000,24.0000,11.0000
2.3090,0.7840,0.4550,0.4400,0.2330,0.0000,0.0000,1.0700,1.0000,4.5410,5.3840,4.5540,0.0000,0.0000,0.0000,69.9446,0.0000,4391.0000,1755.0000,0.0000,25.0000,31.0000,24.0000,11.0000
2.0460,0.7450,0.3660,0.3570,0.1670,0.0000,0.0000,0.9350,1.0000,4.5410,5.3840,4.5540,0.0000,0.0000,0.0000,69.9441,0.0000,4391.0000,1755.0000,0.0000,25.0000,30.0000,24.0000,11.0000
2.1540,0.5890,0.3930,0.3570,0.1940,0.0000,0.0000,1.1720,1.0000,4.5410,5.3840,4.5540,0.0000,0.0000,0.0000,69.9449,0.0000,4391.0000,1755.0000,0.0000,25.0000,31.0000,24.0000,11.0000
2.2180,0.6110,0.4570,0.4050,0.2400,0.0000,0.0000,1.1500,1.0000,4.5410,5.3840,4.5540,0.0000,0.0000,0.0000,69.9551,0.0000,4392.0000,1755.0000,0.0000,25.0000,31.0000,24.0000,11.0000
2.2200,0.7410,0.4190,0.4660,0.1590,0.0000,0.0000,1.0600,1.0000,4.5410,5.3840,4.5540,0.0000,0.0000,0.0000,69.9551,0.0000,4392.0000,1755.0000,0.0000,25.0000,31.0000,24.0000,11.0000
2.3390,0.7210,0.4560,0.4790,0.2360,0.0000,0.0000,1.1620,1.0000,4.5410,5.3840,4.5540,0.0000,0.0000,0.0000,69.9857,0.0000,4395.0000,1755.0000,0.0000,25.0000,31.0000,24.0000,11.0000
1.9480,0.7030,0.3600,0.3630,0.1670,0.0000,0.0000,0.8850,1.0000,4.5410,5.3840,4.5540,0.0000,0.0000,0.0000,69.9860,0.0000,4395.0000,1755.0000,0.0000,25.0000,31.0000,24.0000,12.0000
1.8670,0.5860,0.3410,0.3980,0.1510,0.0000,0.0000,0.9400,1.0000,4.5410,5.3840,4.5540,0.0000,0.0000,0.0000,69.9861,0.0000,4395.0000,1755.0000,0.0000,25.0000,31.0000,24.0000,12.0000
1.7810,0.5120,0.3450,0.3200,0.1490,0.0000,0.0000,0.9240,1.0000,4.5410,5.3840,4.5540,0.0000,0.0000,0.0000,69.9861,0.0000,4395.0000,1755.0000,0.0000,25.0000,31.0000,24.0000,12.0000
2.0120,0.5510,0.3390,0.3190,0.1490,0.0000,0.0000,1.1220,1.0000,4.5410,5.3840,4.5540,0.0000,0.0000,0.0000,69.9861,0.0000,4395.0000,1755.0000,0.0000,25.0000,31.0000,24.0000,12.0000
2.5250,0.6660,0.4760,0.4430,0.2430,0.0000,0.0000,1.3830,1.0000,4.5410,5.3840,4.5540,0.0000,0.0000,0.0000,70.0070,0.0000,4397.0000,1755.0000,0.0000,25.0000,32.0000,24.0000,12.0000
2.5940,0.7490,0.5470,0.4540,0.3160,0.0000,0.0000,1.2980,1.0000,4.5410,5.3840,4.5540,0.0000,0.0000,0.0000,70.0070,0.0000,4397.0000,1755.0000,0.0000,25.0000,32.0000,24.0000,14.0000
2.0190,0.9130,0.4080,0.6790,0.1900,0.0000,0.0000,0.6980,1.0000,4.5410,5.3840,4.5540,0.0000,0.0000,0.0000,70.0072,0.0000,4397.0000,1755.0000,0.0000,25.0000,32.0000,24.0000,15.0000
2.1990,0.6050,0.4190,0.3500,0.2130,0.0000,0.0000,1.1750,1.0000,4.5410,5.3840,4.5540,0.0000,0.0000,0.0000,70.0274,0.0000,4399.0000,1755.0000,0.0000,25.0000,32.0000,24.0000,15.0000
3.1840,0.7400,0.4110,0.3480,0.2050,0.0000,0.0000,2.0330,1.0000,4.5410,5.3840,4.5540,0.0000,0.0000,0.0000,70.0309,0.0000,4400.0000,1755.0000,0.0000,25.0000,32.0000,24.0000,13.0000
3.6770,1.2890,0.6590,1.0410,0.4250,0.0000,0.0000,1.7290,1.0000,4.5410,5.3840,4.5540,0.0000,0.0000,0.0000,70.0503,0.0000,4402.0000,1755.0000,0.0000,25.0000,32.0000,24.0000,14.0000
2.6950,1.5120,0.5750,1.0660,0.2760,0.0000,0.0000,0.6080,1.0000,4.5410,5.3840,4.5540,0.0000,0.0000,0.0000,70.0759,0.0000,4408.0000,1755.0000,0.0000,25.0000,32.0000,24.0000,14.0000
2.2860,0.7840,0.4350,0.4480,0.1930,0.0000,0.0000,1.0670,1.0000,4.5410,5.3840,4.5540,0.0000,0.0000,0.0000,70.0767,0.0000,4408.0000,1755.0000,0.0000,25.0000,33.0000,24.0000,14.0000
2.2510,0.6470,0.3640,0.3310,0.1610,0.0000,0.0000,1.2400,1.0000,4.5410,5.3840,4.5540,0.0000,0.0000,0.0000,70.0768,0.0000,4408.0000,1755.0000,0.0000,25.0000,33.0000,24.0000,14.0000
2.6680,0.5860,0.7820,0.3320,0.5530,0.0000,0.0000,1.3000,1.0000,4.5410,5.3840,4.5540,0.0000,0.0000,0.0000,70.0973,0.0000,4410.0000,1755.0000,0.0000,25.0000,33.0000,24.0000,14.0000
2.1960,0.6810,0.3780,0.3340,0.1640,0.0000,0.0000,1.1370,1.0000,4.5410,5.3840,4.5540,0.0000,0.0000,0.0000,70.0966,0.0000,4410.0000,1755.0000,0.0000,25.0000,32.0000,24.0000,14.0000
2.2690,0.5720,0.4290,0.3240,0.2190,0.0000,0.0000,1.2680,1.0000,4.5410,5.3840,4.5540,0.0000,0.0000,0.0000,70.1169,0.0000,4412.0000,1755.0000,0.0000,25.0000,32.0000,24.0000,14.0000
2.2970,0.6800,0.4430,0.3650,0.2340,0.0000,0.0000,1.1740,1.0000,4.5410,5.3840,4.5540,0.0000,0.0000,0.0000,70.1272,0.0000,4413.0000,1755.0000,0.0000,25.0000,32.0000,24.0000,13.0000
1.9900,0.7910,0.4250,0.5280,0.1870,0.0000,0.0000,0.7740,1.0000,4.5410,5.3840,4.5540,0.0000,0.0000,0.0000,70.1280,0.0000,4413.0000,1755.0000,0.0000,25.0000,33.0000,24.0000,13.0000
2.5350,0.6180,0.4630,0.3910,0.2030,0.0000,0.0000,1.4540,1.0000,4.5410,5.3840,4.5540,0.0000,0.0000,0.0000,70.1389,0.0000,4414.0000,1755.0000,0.0000,25.0000,34.0000,24.0000,13.0000
2.4480,0.6470,0.4110,0.3320,0.2150,0.0000,0.0000,1.3900,1.0000,4.5410,5.3840,4.5540,0.0000,0.0000,0.0000,69.8578,0.0000,4387.0000,1755.0000,0.0000,25.0000,34.0000,24.0000,13.0000
3.4900,0.7580,0.5490,0.4380,0.2390,0.0000,0.0000,2.1830,1.0000,4.5410,5.3840,4.5540,0.0000,0.0000,0.0000,69.8680,0.0000,4388.0000,1755.0000,0.0000,25.0000,34.0000,24.0000,13.0000
2.4620,1.5820,0.4450,0.3990,0.1940,0.0000,0.0000,0.4350,1.0000,4.5410,5.3840,4.5540,0.0000,0.0000,0.0000,69.8681,0.0000,4388.0000,1755.0000,0.0000,25.0000,34.0000,24.0000,13.0000
2.6880,0.7560,0.7990,0.4860,0.3370,0.0000,0.0000,1.1330,1.0000,4.5410,5.3840,4.5540,0.0000,0.0000,0.0000,69.8784,0.0000,4389.0000,1755.0000,0.0000,25.0000,34.0000,24.0000,13.0000
2.0500,0.6120,0.3680,0.3470,0.1700,0.0000,0.0000,1.0700,1.0000,4.5410,5.3840,4.5540,0.0000,0.0000,0.0000,69.8784,0.0000,4389.0000,1755.0000,0.0000,25.0000,34.0000,24.0000,13.0000
2.1320,0.5350,0.4900,0.3440,0.2480,0.0000,0.0000,1.1070,1.0000,4.5410,5.3840,4.5540,0.0000,0.0000,0.0000,69.8887,0.0000,4390.0000,1755.0000,0.0000,25.0000,34.0000,24.0000,13.0000
2.2140,0.6340,0.4060,0.3980,0.1950,0.0000,0.0000,1.1740,1.0000,4.5410,5.3840,4.5540,0.0000,0.0000,0.0000,69.8887,0.0000,4390.0000,1755.0000,0.0000,25.0000,34.0000,24.0000,13.0000
2.1330,0.6170,0.4470,0.4030,0.2000,0.0000,0.0000,1.0690,1.0000,4.5410,5.3840,4.5540,0.0000,0.0000,0.0000,69.8985,0.0000,4391.0000,1755.0000,0.0000,25.0000,33.0000,24.0000,13.0000
2.1410,0.6700,0.3820,0.3860,0.1880,0.0000,0.0000,1.0890,1.0000,4.5410,5.3840,4.5540,0.0000,0.0000,0.0000,69.9088,0.0000,4392.0000,1755.0000,0.0000,25.0000,33.0000,24.0000,13.0000
2.0680,0.6420,0.3840,0.3680,0.1650,0.0000,0.0000,1.0420,1.0000,4.5410,5.3840,4.5540,0.0000,0.0000,0.0000,69.9088,0.0000,4392.0000,1755.0000,0.0000,25.0000,33.0000,24.0000,13.0000
2.0100,0.5930,0.3280,0.3330,0.1450,0.0000,0.0000,1.0890,1.0000,4.5410,5.3840,4.5540,0.0000,0.0000,0.0000,69.9089,0.0000,4392.0000,1755.0000,0.0000,25.0000,33.0000,24.0000,13.0000
1.9090,0.6240,0.3380,0.3670,0.1480,0.0000,0.0000,0.9470,1.0000,4.5410,5.3840,4.5540,0.0000,0.0000,0.0000,69.9096,0.0000,4392.0000,1755.0000,0.0000,25.0000,34.0000,24.0000,13.0000
1.8710,0.6090,0.3250,0.3210,0.1440,0.0000,0.0000,0.9370,1.0000,4.5410,5.3840,4.5540,0.0000,0.0000,0.0000,69.9073,0.0000,4388.0000,1755.0000,0.0000,25.0000,34.0000,24.0000,13.0000
2.2300,0.5890,0.4240,0.3540,0.2040,0.0000,0.0000,1.2170,1.0000,4.5410,5.3840,4.5540,0.0000,0.0000,0.0000,69.9182,0.0000,4389.0000,1755.0000,0.0000,25.0000,35.0000,24.0000,13.0000
1.9010,0.6650,0.3490,0.3260,0.1510,0.0000,0.0000,0.8870,1.0000,4.5410,5.3840,4.5540,0.0000,0.0000,0.0000,69.9182,0.0000,4389.0000,1755.0000,0.0000,25.0000,35.0000,24.0000,13.0000
2.0940,0.5580,0.4430,0.3230,0.2040,0.0000,0.0000,1.0930,1.0000,4.5410,5.3840,4.5540,0.0000,0.0000,0.0000,69.9183,0.0000,4389.0000,1755.0000,0.0000,25.0000,35.0000,24.0000,13.0000
2.0820,0.5980,0.3560,0.3280,0.1530,0.0000,0.0000,1.1280,1.0000,4.5410,5.3840,4.5540,0.0000,0.0000,0.0000,69.9183,0.0000,4389.0000,1755.0000,0.0000,25.0000,35.0000,24.0000,13.0000
2.1290,0.6330,0.4290,0.4190,0.2300,0.0000,0.0000,1.0670,1.0000,4.5410,5.3840,4.5540,0.0000,0.0000,0.0000,69.9385,0.0000,4391.0000,1755.0000,0.0000,25.0000,35.0000,24.0000,13.0000
1.9220,0.6210,0.3880,0.3390,0.1990,0.0000,0.0000,0.9130,1.0000,4.5410,5.3840,4.5540,0.0000,0.0000,0.0000,69.9488,0.0000,4392.0000,1755.0000,0.0000,25.0000,35.0000,24.0000,13.0000
1.9580,0.5640,0.3800,0.3360,0.1940,0.0000,0.0000,1.0140,1.0000,4.5410,5.3840,4.5540,0.0000,0.0000,0.0000,69.9579,0.0000,4392.0000,1755.0000,0.0000,25.0000,35.0000,24.0000,13.0000
1.8910,0.5710,0.3830,0.3330,0.1950,0.0000,0.0000,0.9370,1.0000,4.5410,5.3840,4.5540,0.0000,0.0000,0.0000,69.9682,0.0000,4393.0000,1755.0000,0.0000,25.0000,35.0000,24.0000,13.0000
1.8880,0.5520,0.3300,0.3240,0.1450,0.0000,0.0000,1.0060,1.0000,4.5410,5.3840,4.5540,0.0000,0.0000,0.0000,69.9676,0.0000,4393.0000,1755.0000,0.0000,25.0000,34.0000,24.0000,13.0000
2.1550,0.5920,0.4020,0.3210,0.1950,0.0000,0.0000,1.1610,1.0000,4.5410,5.3840,4.5540,0.0000,0.0000,0.0000,69.9881,0.0000,4395.0000,1755.0000,0.0000,25.0000,34.0000,24.0000,13.0000
2.0720,0.6930,0.3840,0.3440,0.1850,0.0000,0.0000,0.9950,1.0000,4.5410,5.3840,4.5540,0.0000,0.0000,0.0000,69.9984,0.0000,4396.0000,1755.0000,0.0000,25.0000,34.0000,24.0000,13.0000
1.9110,0.5580,0.3830,0.3190,0.1950,0.0000,0.0000,0.9700,1.0000,4.5410,5.3840,4.5540,0.0000,0.0000,0.0000,70.0088,0.0000,4397.0000,1755.0000,0.0000,25.0000,34.0000,24.0000,13.0000
2.3660,0.5490,0.3340,0.3200,0.1460,0.0000,0.0000,1.4830,1.0000,4.5410,5.3840,4.5540,0.0000,0.0000,0.0000,70.0088,0.0000,4397.0000,1755.0000,0.0000,25.0000,34.0000,24.0000,13.0000
2.1400,0.7050,0.4720,0.4290,0.2420,0.0000,0.0000,0.9630,1.0000,4.5410,5.3840,4.5540,0.0000,0.0000,0.0000,70.0178,0.0000,4398.0000,1755.0000,0.0000,25.0000,32.0000,24.0000,13.0000
2.0950,0.6820,0.4350,0.4160,0.1910,0.0000,0.0000,0.9780,1.0000,4.5410,5.3840,4.5540,0.0000,0.0000,0.0000,70.0178,0.0000,4398.0000,1755.0000,0.0000,25.0000,32.0000,24.0000,13.0000
1.9750,0.5910,0.3670,0.3840,0.1490,0.0000,0.0000,1.0170,1.0000,4.5410,5.3840,4.5540,0.0000,0.0000,0.0000,70.0178,0.0000,4398.0000,1755.0000,0.0000,25.0000,32.0000,24.0000,13.0000
1.9040,0.5810,0.4140,0.3840,0.1590,0.0000,0.0000,0.9090,1.0000,4.5410,5.3840,4.5540,0.0000,0.0000,0.0000,70.0178,0.0000,4398.0000,1755.0000,0.0000,25.0000,32.0000,24.0000,13.0000
2.1190,0.5700,0.4400,0.3720,0.2440,0.0000,0.0000,1.1090,1.0000,4.5410,5.3840,4.5540,0.0000,0.0000,0.0000,70.0178,0.0000,4398.0000,1755.0000,0.0000,25.0000,32.0000,24.0000,13.0000
1.9950,0.6100,0.4470,0.3960,0.1610,0.0000,0.0000,0.9380,1.0000,4.5410,5.3840,4.5540,0.0000,0.0000,0.0000,70.0178,0.0000,4398.0000,1755.0000,0.0000,25.0000,32.0000,24.0000,13.0000
2.0830,0.5820,0.4560,0.3830,0.2320,0.0000,0.0000,1.0450,1.0000,4.5410,5.3840,4.5540,0.0000,0.0000,0.0000,70.0281,0.0000,4399.0000,1755.0000,0.0000,25.0000,32.0000,24.0000,12.0000
1.9120,0.6340,0.4120,0.3880,0.1570,0.0000,0.0000,0.8660,1.0000,4.5410,5.3840,4.5540,0.0000,0.0000,0.0000,70.0281,0.0000,4399.0000,1755.0000,0.0000,25.0000,32.0000,24.0000,12.0000
1.8460,0.6060,0.3660,0.4040,0.1500,0.0000,0.0000,0.8740,1.0000,4.5410,5.3840,4.5540,0.0000,0.0000,0.0000,70.0288,0.0000,4399.0000,1755.0000,0.0000,25.0000,33.0000,24.0000,12.0000
1.9870,0.5660,0.4230,0.3740,0.2330,0.0000,0.0000,0.9980,1.0000,4.5410,5.3840,4.5540,0.0000,0.0000,0.0000,70.0288,0.0000,4399.0000,1755.0000,0.0000,25.0000,33.0000,24.0000,12.0000
2.1290,0.5930,0.4350,0.4010,0.2400,0.0000,0.0000,1.1010,1.0000,4.5410,5.3840,4.5540,0.0000,0.0000,0.0000,70.0494,0.0000,4401.0000,1755.0000,0.0000,25.0000,33.0000,24.0000,12.0000
1.9450,0.6730,0.4210,0.3860,0.1880,0.0000,0.0000,0.8510,1.0000,4.5410,5.3840,4.5540,0.0000,0.0000,0.0000,70.0494,0.0000,4401.0000,1755.0000,0.0000,25.0000,33.0000,24.0000,12.0000
1.8930,0.5710,0.3680,0.3730,0.1820,0.0000,0.0000,0.9540,1.0000,4.5410,5.3840,4.5540,0.0000,0.0000,0.0000,70.0495,0.0000,4401.0000,1755.0000,0.0000,25.0000,33.0000,24.0000,12.0000
2.0040,0.5540,0.4800,0.3720,0.2730,0.0000,0.0000,0.9700,1.0000,4.5410,5.3840,4.5540,0.0000,0.0000,0.0000,70.0495,0.0000,4401.0000,1755.0000,0.0000,25.0000,33.0000,24.0000,11.0000
2.1400,0.5790,0.4370,0.3900,0.2340,0.0000,0.0000,1.1240,1.0000,4.5410,5.3840,4.5540,0.0000,0.0000,0.0000,70.0598,0.0000,4402.0000,1755.0000,0.0000,25.0000,33.0000,24.0000,11.0000
2.2060,0.6880,0.4980,0.4620,0.2530,0.0000,0.0000,1.0200,1.0000,4.5410,5.3840,4.5540,0.0000,0.0000,0.0000,70.0800,0.0000,4404.0000,1755.0000,0.0000,25.0000,33.0000,24.0000,11.0000
2.0120,0.6720,0.3830,0.3870,0.1830,0.0000,0.0000,0.9570,1.0000,4.5410,5.3840,4.5540,0.0000,0.0000,0.0000,70.0903,0.0000,4405.0000,1755.0000,0.0000,25.0000,33.0000,24.0000,11.0000
1.9420,0.5980,0.4040,0.3110,0.1810,0.0000,0.0000,0.9400,1.0000,4.5410,5.3840,4.5540,0.0000,0.0000,0.0000,70.1007,0.0000,4406.0000,1755.0000,0.0000,25.0000,33.0000,24.0000,11.0000
1.8520,0.5880,0.3390,0.3150,0.1480,0.0000,0.0000,0.9250,1.0000,4.5410,5.3840,4.5540,0.0000,0.0000,0.0000,70.1004,0.0000,4406.0000,1755.0000,0.0000,25.0000,33.0000,24.0000,11.0000
2.2730,0.5910,0.4600,0.3750,0.2500,0.0000,0.0000,1.2220,1.0000,4.5410,5.3840,4.5540,0.0000,0.0000,0.0000,69.8279,0.0000,4380.0000,1755.0000,0.0000,25.0000,33.0000,24.0000,11.0000
1.8780,0.7290,0.3340,0.3370,0.1460,0.0000,0.0000,0.8150,1.0000,4.5410,5.3840,4.5540,0.0000,0.0000,0.0000,69.8279,0.0000,4380.0000,1755.0000,0.0000,25.0000,33.0000,24.0000,11.0000
2.1890,0.5360,0.4400,0.3660,0.1910,0.0000,0.0000,1.2130,1.0000,4.5410,5.3840,4.5540,0.0000,0.0000,0.0000,69.8484,0.0000,4382.0000,1755.0000,0.0000,25.0000,33.0000,24.0000,10.0000
1.9080,0.5920,0.3260,0.3100,0.1480,0.0000,0.0000,0.9900,1.0000,4.5410,5.3840,4.5540,0.0000,0.0000,0.0000,69.8484,0.0000,4382.0000,1755.0000,0.0000,25.0000,33.0000,24.0000,10.0000
1.9040,0.5280,0.3340,0.3580,0.1430,0.0000,0.0000,1.0420,1.0000,4.5410,5.3840,4.5540,0.0000,0.0000,0.0000,69.8486,0.0000,4382.0000,1755.0000,0.0000,25.0000,33.0000,24.0000,10.0000
2.0400,0.5450,0.3320,0.3640,0.1490,0.0000,0.0000,1.1630,1.0000,4.5410,5.3840,4.5540,0.0000,0.0000,0.0000,69.8486,0.0000,4382.0000,1755.0000,0.0000,25.0000,33.0000,24.0000,10.0000
2.2500,0.5560,0.3500,0.3690,0.1530,0.0000,0.0000,1.3440,1.0000,4.5410,5.3840,4.5540,0.0000,0.0000,0.0000,69.8486,0.0000,4382.0000,1755.0000,0.0000,25.0000,33.0000,24.0000,10.0000
2.0000,0.5750,0.3820,0.3140,0.1680,0.0000,0.0000,1.0430,1.0000,4.5410,5.3840,4.5540,0.0000,0.0000,0.0000,69.8486,0.0000,4382.0000,1755.0000,0.0000,25.0000,33.0000,24.0000,10.0000
1.8140,0.5090,0.3380,0.3120,0.1490,0.0000,0.0000,0.9670,1.0000,4.5410,5.3840,4.5540,0.0000,0.0000,0.0000,69.8493,0.0000,4382.0000,1755.0000,0.0000,25.0000,34.0000,24.0000,10.0000
3.7830,0.5360,0.3350,0.3140,0.1600,0.0000,0.0000,2.9120,1.0000,4.5410,5.3840,4.5540,0.0000,0.0000,0.0000,69.8595,0.0000,4383.0000,1755.0000,0.0000,25.0000,34.0000,24.0000,11.0000
1.6020,0.5340,0.3440,0.3400,0.1560,0.0000,0.0000,0.7240,1.0000,4.5410,5.3840,4.5540,0.0000,0.0000,0.0000,69.8691,0.0000,4384.0000,1755.0000,0.0000,25.0000,33.0000,24.0000,10.0000
1.6250,0.4460,0.2990,0.2700,0.1460,0.0000,0.0000,0.8800,1.0000,4.5410,5.3840,4.5540,0.0000,0.0000,0.0000,69.8690,0.0000,4384.0000,1755.0000,0.0000,25.0000,33.0000,24.0000,9.0000
1.5300,0.4780,0.2810,0.2870,0.1250,0.0000,0.0000,0.7710,1.0000,4.5410,5.3840,4.5540,0.0000,0.0000,0.0000,69.8690,0.0000,4384.0000,1755.0000,0.0000,25.0000,33.0000,24.0000,9.0000
1.5320,0.4540,0.2850,0.3160,0.1350,0.0000,0.0000,0.7930,1.0000,4.5410,5.3840,4.5540,0.0000,0.0000,0.0000,69.8690,0.0000,4384.0000,1755.0000,0.0000,25.0000,33.0000,24.0000,9.0000
2.4340,0.4300,0.7810,0.2850,0.1850,0.0000,0.0000,1.2230,1.0000,4.5410,5.3840,4.5540,0.0000,0.0000,0.0000,69.8895,0.0000,4386.0000,1755.0000,0.0000,25.0000,33.0000,24.0000,10.0000
2.1300,0.5190,0.4380,0.3010,0.2220,0.0000,0.0000,1.1730,1.0000,4.5410,5.3840,4.5540,0.0000,0.0000,0.0000,69.8895,0.0000,4386.0000,1755.0000,0.0000,25.0000,33.0000,24.0000,10.0000
2.0870,0.5460,0.4340,0.3500,0.2150,0.0000,0.0000,1.1070,1.0000,4.5410,5.3840,4.5540,0.0000,0.0000,0.0000,69.8896,0.0000,4386.0000,1755.0000,0.0000,25.0000,33.0000,24.0000,9.0000
2.1610,0.6230,0.4350,0.4140,0.1850,0.0000,0.0000,1.1030,1.0000,4.5410,5.3840,4.5540,0.0000,0.0000,0.0000,69.8898,0.0000,4386.0000,1755.0000,0.0000,25.0000,33.0000,24.0000,9.0000
2.3530,0.6610,0.3990,0.4500,0.2080,0.0000,0.0000,1.2930,1.0000,4.5410,5.3840,4.5540,0.0000,0.0000,0.0000,69.9000,0.0000,4387.0000,1755.0000,0.0000,25.0000,33.0000,24.0000,9.0000
2.2540,0.6820,0.3770,0.3380,0.1700,0.0000,0.0000,1.1950,1.0000,4.5410,5.3840,4.5540,0.0000,0.0000,0.0000,69.9000,0.0000,4387.0000,1755.0000,0.0000,25.0000,33.0000,24.0000,9.0000
2.0500,0.5360,0.4260,0.3320,0.2180,0.0000,0.0000,1.0880,1.0000,4.5410,5.3840,4.5540,0.0000,0.0000,0.0000,69.9001,0.0000,4387.0000,1755.0000,0.0000,25.0000,33.0000,24.0000,9.0000
2.3620,0.5390,0.5570,0.3420,0.3170,0.0000,0.0000,1.2660,1.0000,4.5410,5.3840,4.5540,0.0000,0.0000,0.0000,69.9204,0.0000,4389.0000,1755.0000,0.0000,25.0000,33.0000,24.0000,9.0000
3.0190,0.7420,0.3870,0.4530,0.1800,0.0000,0.0000,1.8900,1.0000,4.5410,5.3840,4.5540,0.0000,0.0000,0.0000,69.9198,0.0000,4389.0000,1755.0000,0.0000,25.0000,32.0000,24.0000,9.0000
1.7760,0.7050,0.3500,0.4490,0.1660,0.0000,0.0000,0.7210,1.0000,4.5410,5.3840,4.5540,0.0000,0.0000,0.0000,69.9404,0.0000,4391.0000,1755.0000,0.0000,25.0000,32.0000,24.0000,9.0000
2.0650,0.5540,0.3570,0.3270,0.1840,0.0000,0.0000,1.1540,1.0000,4.5410,5.3840,4.5540,0.0000,0.0000,0.0000,69.9404,0.0000,4391.0000,1755.0000,0.0000,25.0000,32.0000,24.0000,10.0000
1.5370,0.9540,0.3380,0.3230,0.1510,0.0000,0.0000,0.2450,1.0000,4.5410,5.3840,4.5540,0.0000,0.0000,0.0000,69.9515,0.0000,4392.0000,1755.0000,0.0000,25.0000,33.0000,24.0000,9.0000
1.8680,0.4520,0.3530,0.2750,0.1610,0.0000,0.0000,1.0630,1.0000,4.5410,5.3840,4.5540,0.0000,0.0000,0.0000,69.9515,0.0000,4392.0000,1755.0000,0.0000,25.0000,33.0000,24.0000,9.0000
1.5670,0.5180,0.3290,0.3220,0.1570,0.0000,0.0000,0.7200,1.0000,4.5410,5.3840,4.5540,0.0000,0.0000,0.0000,69.9717,0.0000,4394.0000,1755.0000,0.0000,25.0000,33.0000,24.0000,9.0000
1.7050,0.5310,0.3540,0.2560,0.1980,0.0000,0.0000,0.8200,1.0000,4.5410,5.3840,4.5540,0.0000,0.0000,0.0000,69.9717,0.0000,4394.0000,1755.0000,0.0000,25.0000,33.0000,24.0000,9.0000
1.9020,0.4650,0.3350,0.2730,0.1680,0.0000,0.0000,1.1020,1.0000,4.5410,5.3840,4.5540,0.0000,0.0000,0.0000,69.9718,0.0000,4394.0000,1755.0000,0.0000,25.0000,33.0000,24.0000,9.0000
1.8110,0.4540,0.2870,0.2550,0.1220,0.0000,0.0000,1.0700,1.0000,4.5410,5.3840,4.5540,0.0000,0.0000,0.0000,69.9718,0.0000,4394.0000,1755.0000,0.0000,25.0000,33.0000,24.0000,10.0000
1.9810,0.4600,0.4140,0.2960,0.1890,0.0000,0.0000,1.1070,1.0000,4.5410,5.3840,4.5540,0.0000,0.0000,0.0000,69.9718,0.0000,4394.0000,1755.0000,0.0000,25.0000,33.0000,24.0000,9.0000
1.7790,0.4760,0.3460,0.2880,0.1640,0.0000,0.0000,0.9570,1.0000,4.5410,5.3840,4.5540,0.0000,0.0000,0.0000,69.9814,0.0000,4395.0000,1755.0000,0.0000,25.0000,32.0000,24.0000,10.0000
1.8570,0.5030,0.3360,0.2750,0.1450,0.0000,0.0000,1.0180,1.0000,4.5410,5.3840,4.5540,0.0000,0.0000,0.0000,69.9814,0.0000,4395.0000,1755.0000,0.0000,25.0000,32.0000,24.0000,10.0000
1.9460,0.4650,0.3870,0.3010,0.1470,0.0000,0.0000,1.0940,1.0000,4.5410,5.3840,4.5540,0.0000,0.0000,0.0000,69.9815,0.0000,4395.0000,1755.0000,0.0000,25.0000,32.0000,24.0000,10.0000
1.6460,0.5210,0.3190,0.3360,0.1600,0.0000,0.0000,0.8060,1.0000,4.5410,5.3840,4.5540,0.0000,0.0000,0.0000,69.9815,0.0000,4395.0000,1755.0000,0.0000,25.0000,32.0000,24.0000,9.0000
1.5570,0.4180,0.3040,0.2540,0.1290,0.0000,0.0000,0.8350,1.0000,4.5410,5.3840,4.5540,0.0000,0.0000,0.0000,69.9822,0.0000,4395.0000,1755.0000,0.0000,25.0000,33.0000,24.0000,10.0000
1.6860,0.4340,0.3360,0.2670,0.1740,0.0000,0.0000,0.9160,1.0000,4.5410,5.3840,4.5540,0.0000,0.0000,0.0000,70.0024,0.0000,4397.0000,1755.0000,0.0000,25.0000,33.0000,24.0000,10.0000
1.6080,0.5380,0.2860,0.3260,0.1290,0.0000,0.0000,0.7840,1.0000,4.5410,5.3840,4.5540,0.0000,0.0000,0.0000,70.0024,0.0000,4397.0000,1755.0000,0.0000,25.0000,33.0000,24.0000,10.0000
1.5600,0.4420,0.2920,0.2760,0.1230,0.0000,0.0000,0.8260,1.0000,4.5410,5.3840,4.5540,0.0000,0.0000,0.0000,70.0032,0.0000,4397.0000,1755.0000,0.0000,25.0000,34.0000,24.0000,10.0000
1.5590,0.4410,0.3210,0.2970,0.1270,0.0000,0.0000,0.7970,1.0000,4.5410,5.3840,4.5540,0.0000,0.0000,0.0000,70.0039,0.0000,4397.0000,1755.0000,0.0000,25.0000,35.0000,24.0000,10.0000
1.6610,0.3990,0.3240,0.2500,0.1520,0.0000,0.0000,0.9380,1.0000,4.5410,5.3840,4.5540,0.0000,0.0000,0.0000,70.0135,0.0000,4398.0000,1755.0000,0.0000,25.0000,34.0000,24.0000,10.0000
1.4710,0.4930,0.2810,0.2870,0.1310,0.0000,0.0000,0.6970,1.0000,4.5410,5.3840,4.5540,0.0000,0.0000,0.0000,70.0135,0.0000,4398.0000,1755.0000,0.0000,25.0000,34.0000,24.0000,10.0000
1.6200,0.4260,0.3020,0.2830,0.1250,0.0000,0.0000,0.8920,1.0000,4.5410,5.3840,4.5540,0.0000,0.0000,0.0000,70.0142,0.0000,4398.0000,1755.0000,0.0000,25.0000,35.0000,24.0000,10.0000
1.5590,0.4310,0.3190,0.2560,0.1630,0.0000,0.0000,0.8090,1.0000,4.5410,5.3840,4.5540,0.0000,0.0000,0.0000,70.0245,0.0000,4399.0000,1755.0000,0.0000,25.0000,35.0000,24.0000,10.0000
1.6840,0.4810,0.3480,0.3050,0.1890,0.0000,0.0000,0.8550,1.0000,4.5410,5.3840,4.5540,0.0000,0.0000,0.0000,70.0347,0.0000,4400.0000,1755.0000,0.0000,25.0000,35.0000,24.0000,10.0000
1.7330,0.4410,0.3310,0.2560,0.1620,0.0000,0.0000,0.9610,1.0000,4.5410,5.3840,4.5540,0.0000,0.0000,0.0000,70.0553,0.0000,4402.0000,1755.0000,0.0000,25.0000,35.0000,24.0000,10.0000
1.5440,0.4960,0.3060,0.2680,0.1440,0.0000,0.0000,0.7420,1.0000,4.5410,5.3840,4.5540,0.0000,0.0000,0.0000,70.0554,0.0000,4402.0000,1755.0000,0.0000,25.0000,35.0000,24.0000,10.0000
1.7660,0.4620,0.3860,0.3150,0.2080,0.0000,0.0000,0.9180,1.0000,4.5410,5.3840,4.5540,0.0000,0.0000,0.0000,70.0761,0.0000,4404.0000,1755.0000,0.0000,25.0000,35.0000,24.0000,10.0000
1.5310,0.5230,0.3150,0.2860,0.1530,0.0000,0.0000,0.6930,1.0000,4.5410,5.3840,4.5540,0.0000,0.0000,0.0000,70.0756,0.0000,4404.0000,1755.0000,0.0000,25.0000,35.0000,24.0000,10.0000
1.8900,0.4410,0.3300,0.2740,0.1650,0.0000,0.0000,1.1190,1.0000,4.5410,5.3840,4.5540,0.0000,0.0000,0.0000,69.7648,0.0000,4374.0000,1755.0000,0.0000,25.0000,35.0000,24.0000,10.0000
1.8520,0.6100,0.3570,0.4310,0.1350,0.0000,0.0000,0.8850,1.0000,4.5410,5.3840,4.5540,0.0000,0.0000,0.0000,69.7657,0.0000,4374.0000,1755.0000,0.0000,25.0000,36.0000,24.0000,10.0000
1.6110,0.6340,0.3490,0.4820,0.1770,0.0000,0.0000,0.6280,1.0000,4.5410,5.3840,4.5540,0.0000,0.0000,0.0000,69.7658,0.0000,4374.0000,1755.0000,0.0000,25.0000,36.0000,24.0000,10.0000
1.5340,0.4040,0.2840,0.2550,0.1230,0.0000,0.0000,0.8460,1.0000,4.5410,5.3840,4.5540,0.0000,0.0000,0.0000,69.7658,0.0000,4374.0000,1755.0000,0.0000,25.0000,36.0000,24.0000,10.0000
1.5880,0.4740,0.3120,0.2680,0.1250,0.0000,0.0000,0.8020,1.0000,4.5410,5.3840,4.5540,0.0000,0.0000,0.0000,69.7644,0.0000,4374.0000,1755.0000,0.0000,25.0000,34.0000,24.0000,10.0000
1.7990,0.4660,0.3650,0.3130,0.2020,0.0000,0.0000,0.9680,1.0000,4.5410,5.3840,4.5540,0.0000,0.0000,0.0000,69.7643,0.0000,4374.0000,1755.0000,0.0000,25.0000,34.0000,24.0000,11.0000
1.6740,0.4750,0.3430,0.3100,0.1640,0.0000,0.0000,0.8560,1.0000,4.5410,5.3840,4.5540,0.0000,0.0000,0.0000,69.7846,0.0000,4376.0000,1755.0000,0.0000,25.0000,34.0000,24.0000,11.0000
1.7130,0.5310,0.3170,0.2700,0.1390,0.0000,0.0000,0.8650,1.0000,4.5410,5.3840,4.5540,0.0000,0.0000,0.0000,69.7846,0.0000,4376.0000,1755.0000,0.0000,25.0000,34.0000,24.0000,11.0000
1.4820,0.5020,0.2860,0.3600,0.1260,0.0000,0.0000,0.6940,1.0000,4.5410,5.3840,4.5540,0.0000,0.0000,0.0000,69.7854,0.0000,4376.0000,1755.0000,0.0000,25.0000,35.0000,24.0000,11.0000
1.5670,0.4060,0.2940,0.2530,0.1400,0.0000,0.0000,0.8670,1.0000,4.5410,5.3840,4.5540,0.0000,0.0000,0.0000,69.7854,0.0000,4376.0000,1755.0000,0.0000,25.0000,35.0000,24.0000,11.0000
1.5490,0.4490,0.2740,0.3090,0.1200,0.0000,0.0000,0.8260,1.0000,4.5410,5.3840,4.5540,0.0000,0.0000,0.0000,69.7854,0.0000,4376.0000,1755.0000,0.0000,25.0000,35.0000,24.0000,11.0000
1.5290,0.4170,0.2890,0.2600,0.1240,0.0000,0.0000,0.8230,1.0000,4.5410,5.3840,4.5540,0.0000,0.0000,0.0000,69.7854,0.0000,4376.0000,1755.0000,0.0000,25.0000,35.0000,24.0000,11.0000
1.5070,0.4500,0.3160,0.3080,0.1590,0.0000,0.0000,0.7410,1.0000,4.5410,5.3840,4.5540,0.0000,0.0000,0.0000,69.7854,0.0000,4376.0000,1755.0000,0.0000,25.0000,35.0000,24.0000,10.0000
1.6110,0.4060,0.3320,0.2600,0.1640,0.0000,0.0000,0.8730,1.0000,4.5410,5.3840,4.5540,0.0000,0.0000,0.0000,69.8067,0.0000,4378.0000,1755.0000,0.0000,25.0000,36.0000,24.0000,10.0000
1.7690,0.5130,0.3440,0.2680,0.1600,0.0000,0.0000,0.9120,1.0000,4.5410,5.3840,4.5540,0.0000,0.0000,0.0000,69.8269,0.0000,4380.0000,1755.0000,0.0000,25.0000,36.0000,24.0000,10.0000
1.6450,0.5450,0.3100,0.3380,0.1520,0.0000,0.0000,0.7900,1.0000,4.5410,5.3840,4.5540,0.0000,0.0000,0.0000,69.8379,0.0000,4381.0000,1755.0000,0.0000,25.0000,37.0000,24.0000,10.0000
1.5510,0.4480,0.3040,0.2570,0.1260,0.0000,0.0000,0.7990,1.0000,4.5410,5.3840,4.5540,0.0000,0.0000,0.0000,69.8382,0.0000,4381.0000,1755.0000,0.0000,25.0000,37.0000,24.0000,11.0000
1.6700,0.5050,0.3420,0.3220,0.1590,0.0000,0.0000,0.8230,1.0000,4.5410,5.3840,4.5540,0.0000,0.0000,0.0000,69.8485,0.0000,4382.0000,1755.0000,0.0000,25.0000,37.0000,24.0000,11.0000
1.7500,0.4550,0.3230,0.2810,0.1630,0.0000,0.0000,0.9720,1.0000,4.5410,5.3840,4.5540,0.0000,0.0000,0.0000,69.8687,0.0000,4384.0000,1755.0000,0.0000,25.0000,37.0000,24.0000,11.0000
1.7500,0.5320,0.3250,0.3050,0.1540,0.0000,0.0000,0.8930,1.0000,4.5410,5.3840,4.5540,0.0000,0.0000,0.0000,69.8886,0.0000,4386.0000,1755.0000,0.0000,25.0000,36.0000,24.0000,11.0000
1.5790,0.5420,0.3310,0.2840,0.1350,0.0000,0.0000,0.7060,1.0000,4.5410,5.3840,4.5540,0.0000,0.0000,0.0000,69.8887,0.0000,4386.0000,1755.0000,0.0000,25.0000,36.0000,24.0000,11.0000
1.6800,0.4760,0.3040,0.3090,0.1500,0.0000,0.0000,0.9000,1.0000,4.5410,5.3840,4.5540,0.0000,0.0000,0.0000,69.8991,0.0000,4387.0000,1755.0000,0.0000,25.0000,36.0000,24.0000,11.0000
1.7220,0.4990,0.3430,0.3120,0.1670,0.0000,0.0000,0.8800,1.0000,4.5410,5.3840,4.5540,0.0000,0.0000,0.0000,69.9108,0.0000,4388.0000,1755.0000,0.0000,25.0000,36.0000,24.0000,12.0000
1.5840,0.5460,0.2830,0.2910,0.1260,0.0000,0.0000,0.7550,1.0000,4.5410,5.3840,4.5540,0.0000,0.0000,0.0000,69.9108,0.0000,4388.0000,1755.0000,0.0000,25.0000,36.0000,24.0000,12.0000
1.7250,0.4810,0.2930,0.3130,0.1410,0.0000,0.0000,0.9510,1.0000,4.5410,5.3840,4.5540,0.0000,0.0000,0.0000,69.9109,0.0000,4388.0000,1755.0000,0.0000,25.0000,36.0000,24.0000,13.0000
1.8220,0.4620,0.3310,0.2800,0.1590,0.0000,0.0000,1.0290,1.0000,4.5410,5.3840,4.5540,0.0000,0.0000,0.0000,69.9201,0.0000,4389.0000,1755.0000,0.0000,25.0000,35.0000,24.0000,13.0000
5.7180,0.7440,0.3110,0.5250,0.1510,0.0000,0.0000,4.6630,1.0000,4.5410,5.3840,4.5540,0.0000,0.0000,0.0000,69.9201,0.0000,4389.0000,1755.0000,0.0000,25.0000,35.0000,24.0000,13.0000
2.3990,2.0350,0.5380,1.7540,0.2240,0.0000,0.0000,0.0000,1.0000,4.5410,5.3840,4.5540,0.0000,0.0000,0.0000,69.9202,0.0000,4389.0000,1755.0000,0.0000,25.0000,35.0000,24.0000,13.0000
2.4160,0.7290,0.4530,0.4620,0.2020,0.0000,0.0000,1.2340,1.0000,4.5410,5.3840,4.5540,0.0000,0.0000,0.0000,69.9202,0.0000,4389.0000,1755.0000,0.0000,25.0000,35.0000,24.0000,13.0000
2.6220,0.6650,0.5260,0.4130,0.2980,0.0000,0.0000,1.4310,1.0000,4.5410,5.3840,4.5540,0.0000,0.0000,0.0000,69.9311,0.0000,4390.0000,1755.0000,0.0000,25.0000,34.0000,24.0000,13.0000
2.6900,0.7970,0.4190,0.5270,0.2030,0.0000,0.0000,1.4740,1.0000,4.5410,5.3840,4.5540,0.0000,0.0000,0.0000,69.9311,0.0000,4390.0000,1755.0000,0.0000,25.0000,34.0000,24.0000,13.0000
2.6990,0.7510,0.5030,0.5220,0.2460,0.0000,0.0000,1.4450,1.0000,4.5410,5.3840,4.5540,0.0000,0.0000,0.0000,69.9414,0.0000,4391.0000,1755.0000,0.0000,25.0000,34.0000,24.0000,12.0000
2.4620,0.7090,0.4860,0.4100,0.2540,0.0000,0.0000,1.2670,1.0000,4.5410,5.3840,4.5540,0.0000,0.0000,0.0000,69.9414,0.0000,4391.0000,1755.0000,0.0000,25.0000,34.0000,24.0000,12.0000
2.5070,0.7110,0.4770,0.4910,0.2290,0.0000,0.0000,1.3190,1.0000,4.5410,5.3840,4.5540,0.0000,0.0000,0.0000,69.9415,0.0000,4391.0000,1755.0000,0.0000,25.0000,34.0000,24.0000,12.0000
2.6960,0.6650,0.5550,0.4300,0.2940,0.0000,0.0000,1.4760,1.0000,4.5410,5.3840,4.5540,0.0000,0.0000,0.0000,69.9518,0.0000,4392.0000,1755.0000,0.0000,25.0000,34.0000,24.0000,12.0000
2.5150,0.7760,0.4330,0.4160,0.2010,0.0000,0.0000,1.3060,1.0000,4.5410,5.3840,4.5540,0.0000,0.0000,0.0000,69.9518,0.0000,4392.0000,1755.0000,0.0000,25.0000,34.0000,24.0000,12.0000
2.4540,0.7470,0.4860,0.5170,0.2140,0.0000,0.0000,1.2210,1.0000,4.5410,5.3840,4.5540,0.0000,0.0000,0.0000,69.9518,0.0000,4392.0000,1755.0000,0.0000,25.0000,34.0000,24.0000,12.0000
2.5690,0.7270,0.4580,0.4670,0.2360,0.0000,0.0000,1.3840,1.0000,4.5410,5.3840,4.5540,0.0000,0.0000,0.0000,69.9620,0.0000,4393.0000,1755.0000,0.0000,25.0000,34.0000,24.0000,13.0000
2.6680,0.8080,0.5770,0.5360,0.2520,0.0000,0.0000,1.2830,1.0000,4.5410,5.3840,4.5540,0.0000,0.0000,0.0000,69.9823,0.0000,4395.0000,1755.0000,0.0000,25.0000,34.0000,24.0000,13.0000
2.5490,0.8550,0.4940,0.4580,0.2540,0.0000,0.0000,1.2000,1.0000,4.5410,5.3840,4.5540,0.0000,0.0000,0.0000,69.9831,0.0000,4395.0000,1755.0000,0.0000,25.0000,35.0000,24.0000,13.0000
2.5570,0.7740,0.5180,0.5460,0.2710,0.0000,0.0000,1.2650,1.0000,4.5410,5.3840,4.5540,0.0000,0.0000,0.0000,70.0141,0.0000,4398.0000,1755.0000,0.0000,25.0000,35.0000,24.0000,13.0000
2.5320,0.7920,0.5420,0.4120,0.3110,0.0000,0.0000,1.1980,1.0000,4.5410,5.3840,4.5540,0.0000,0.0000,0.0000,70.0148,0.0000,4398.0000,1755.0000,0.0000,25.0000,36.0000,24.0000,12.0000
2.9070,0.7230,0.4790,0.4990,0.2610,0.0000,0.0000,1.7050,1.0000,4.5410,5.3840,4.5540,0.0000,0.0000,0.0000,70.0553,0.0000,4402.0000,1755.0000,0.0000,25.0000,36.0000,24.0000,12.0000
2.5690,0.8950,0.4870,0.4740,0.2090,0.0000,0.0000,1.1870,1.0000,4.5410,5.3840,4.5540,0.0000,0.0000,0.0000,70.0553,0.0000,4402.0000,1755.0000,0.0000,25.0000,36.0000,24.0000,12.0000
2.7140,0.6970,0.6100,0.4540,0.3590,0.0000,0.0000,1.4070,1.0000,4.5410,5.3840,4.5540,0.0000,0.0000,0.0000,70.0756,0.0000,4404.0000,1755.0000,0.0000,25.0000,36.0000,24.0000,12.0000
2.4030,0.8190,0.4570,0.4390,0.2090,0.0000,0.0000,1.1270,1.0000,4.5410,5.3840,4.5540,0.0000,0.0000,0.0000,69.7674,0.0000,4374.0000,1755.0000,0.0000,25.0000,37.0000,24.0000,12.0000
2.4520,0.6730,0.4740,0.4470,0.2150,0.0000,0.0000,1.3050,1.0000,4.5410,5.3840,4.5540,0.0000,0.0000,0.0000,69.7675,0.0000,4374.0000,1755.0000,0.0000,25.0000,37.0000,24.0000,12.0000
2.4200,0.7340,0.4110,0.4730,0.1930,0.0000,0.0000,1.2750,1.0000,4.5410,5.3840,4.5540,0.0000,0.0000,0.0000,69.7675,0.0000,4374.0000,1755.0000,0.0000,25.0000,37.0000,24.0000,12.0000
2.7240,0.6650,0.5540,0.4210,0.3270,0.0000,0.0000,1.5050,1.0000,4.5410,5.3840,4.5540,0.0000,0.0000,0.0000,69.7982,0.0000,4377.0000,1755.0000,0.0000,25.0000,37.0000,24.0000,12.0000
2.5300,0.9000,0.4790,0.4800,0.2470,0.0000,0.0000,1.1510,1.0000,4.5410,5.3840,4.5540,0.0000,0.0000,0.0000,69.8185,0.0000,4379.0000,1755.0000,0.0000,25.0000,37.0000,24.0000,12.0000
2.6870,0.7830,0.5720,0.4670,0.2730,0.0000,0.0000,1.3320,1.0000,2.9020,2.8250,1.0890,0.0000,0.0000,0.0000,69.8304,0.0000,4380.0000,1755.0000,0.0000,25.0000,37.0000,24.0000,12.0000
2.3600,0.8130,0.4670,0.4100,0.2400,0.0000,0.0000,1.0800,1.0000,2.9020,2.8250,1.0890,0.0000,0.0000,0.0000,69.8306,0.0000,4380.0000,1755.0000,0.0000,25.0000,37.0000,24.0000,12.0000
2.4750,0.6850,0.4860,0.4640,0.2070,0.0000,0.0000,1.3040,1.0000,2.9020,2.8250,1.0890,0.0000,0.0000,0.0000,69.8306,0.0000,4380.0000,1755.0000,0.0000,25.0000,37.0000,24.0000,12.0000
2.4440,0.7100,0.4320,0.4300,0.2100,0.0000,0.0000,1.3020,1.0000,2.9020,2.8250,1.0890,0.0000,0.0000,0.0000,69.8306,0.0000,4380.0000,1755.0000,0.0000,25.0000,37.0000,24.0000,12.0000
2.4480,0.6950,0.4680,0.4560,0.2110,0.0000,0.0000,1.2850,1.0000,2.9020,2.8250,1.0890,0.0000,0.0000,0.0000,69.8313,0.0000,4380.0000,1755.0000,0.0000,25.0000,38.0000,24.0000,12.0000
2.4810,0.6810,0.4390,0.4160,0.2120,0.0000,0.0000,1.3610,1.0000,2.9020,2.8250,1.0890,0.0000,0.0000,0.0000,69.8313,0.0000,4380.0000,1755.0000,0.0000,25.0000,38.0000,24.0000,12.0000
2.4780,0.7280,0.4680,0.4710,0.2040,0.0000,0.0000,1.2820,1.0000,2.9020,2.8250,1.0890,0.0000,0.0000,0.0000,69.8313,0.0000,4380.0000,1755.0000,0.0000,25.0000,38.0000,24.0000,12.0000
2.3820,0.6820,0.4220,0.4650,0.1920,0.0000,0.0000,1.2780,1.0000,2.9020,2.8250,1.0890,0.0000,0.0000,0.0000,69.8306,0.0000,4380.0000,1755.0000,0.0000,25.0000,37.0000,24.0000,12.0000
2.5660,0.6660,0.4660,0.4070,0.2390,0.0000,0.0000,1.4340,1.0000,2.9020,2.8250,1.0890,0.0000,0.0000,0.0000,69.8306,0.0000,4380.0000,1755.0000,0.0000,25.0000,37.0000,24.0000,12.0000
2.3180,0.8040,0.4490,0.5600,0.2050,0.0000,0.0000,1.0650,1.0000,2.9020,2.8250,1.0890,0.0000,0.0000,0.0000,69.8306,0.0000,4380.0000,1755.0000,0.0000,25.0000,37.0000,24.0000,12.0000
2.5500,0.6460,0.5630,0.4110,0.3380,0.0000,0.0000,1.3410,1.0000,2.9020,2.8250,1.0890,0.0000,0.0000,0.0000,69.8416,0.0000,4381.0000,1755.0000,0.0000,25.0000,38.0000,24.0000,12.0000
2.5190,0.7870,0.4550,0.5150,0.2250,0.0000,0.0000,1.2770,1.0000,2.9020,2.8250,1.0890,0.0000,0.0000,0.0000,69.8519,0.0000,4382.0000,1755.0000,0.0000,25.0000,38.0000,24.0000,12.0000
2.6700,0.6920,0.5150,0.4010,0.2910,0.0000,0.0000,1.4630,1.0000,2.9020,2.8250,1.0890,0.0000,0.0000,0.0000,69.8721,0.0000,4384.0000,1755.0000,0.0000,25.0000,38.0000,24.0000,12.0000
2.8000,0.8140,0.5210,0.4190,0.2920,0.0000,0.0000,1.4650,1.0000,2.9020,2.8250,1.0890,0.0000,0.0000,0.0000,69.9122,0.0000,4388.0000,1755.0000,0.0000,25.0000,37.0000,24.0000,12.0000
2.4070,0.9150,0.4300,0.5060,0.1880,0.0000,0.0000,1.0620,1.0000,2.9020,2.8250,1.0890,0.0000,0.0000,0.0000,69.9123,0.0000,4388.0000,1755.0000,0.0000,25.0000,37.0000,24.0000,12.0000
2.5210,0.7530,0.5240,0.4550,0.2950,0.0000,0.0000,1.2440,1.0000,2.9020,2.8250,1.0890,0.0000,0.0000,0.0000,69.9338,0.0000,4390.0000,1755.0000,0.0000,25.0000,38.0000,24.0000,12.0000
2.4800,0.8010,0.4740,0.4880,0.2000,0.0000,0.0000,1.2050,1.0000,2.9020,2.8250,1.0890,0.0000,0.0000,0.0000,69.9338,0.0000,4390.0000,1755.0000,0.0000,25.0000,38.0000,24.0000,12.0000
2.4250,0.7350,0.4890,0.4100,0.2670,0.0000,0.0000,1.2010,1.0000,2.9020,2.8250,1.0890,0.0000,0.0000,0.0000,69.9435,0.0000,4391.0000,1755.0000,0.0000,25.0000,37.0000,24.0000,12.0000
2.5460,0.7680,0.5380,0.5000,0.2370,0.0000,0.0000,1.2400,1.0000,2.9020,2.8250,1.0890,0.0000,0.0000,0.0000,69.9537,0.0000,4392.0000,1755.0000,0.0000,25.0000,37.0000,24.0000,12.0000
2.4400,0.7540,0.4350,0.4210,0.2040,0.0000,0.0000,1.2510,1.0000,2.9020,2.8250,1.0890,0.0000,0.0000,0.0000,69.9538,0.0000,4392.0000,1755.0000,0.0000,25.0000,37.0000,24.0000,12.0000
2.4890,0.7840,0.4790,0.5440,0.1940,0.0000,0.0000,1.2260,1.0000,2.9020,2.8250,1.0890,0.0000,0.0000,0.0000,69.9538,0.0000,4392.0000,1755.0000,0.0000,25.0000,37.0000,24.0000,12.0000
2.7440,0.7260,0.4910,0.4580,0.2620,0.0000,0.0000,1.5270,1.0000,2.9020,2.8250,1.0890,0.0000,0.0000,0.0000,69.9740,0.0000,4395.0000,1755.0000,0.0000,25.0000,36.0000,24.0000,12.0000
2.6140,0.8630,0.4760,0.5460,0.2160,0.0000,0.0000,1.2750,1.0000,2.9020,2.8250,1.0890,0.0000,0.0000,0.0000,69.9740,0.0000,4395.0000,1755.0000,0.0000,25.0000,36.0000,24.0000,12.0000
2.6850,0.7240,0.4940,0.4760,0.2170,0.0000,0.0000,1.4670,1.0000,2.9020,2.8250,1.0890,0.0000,0.0000,0.0000,69.9741,0.0000,4395.0000,1755.0000,0.0000,25.0000,36.0000,24.0000,12.0000
2.2000,0.8140,0.3750,0.5830,0.1660,0.0000,0.0000,1.0110,1.0000,2.9020,2.8250,1.0890,0.0000,0.0000,0.0000,69.9741,0.0000,4395.0000,1755.0000,0.0000,25.0000,36.0000,24.0000,12.0000
2.0120,0.5800,0.3270,0.3660,0.1390,0.0000,0.0000,1.1050,1.0000,2.9020,2.8250,1.0890,0.0000,0.0000,0.0000,69.9734,0.0000,4395.0000,1755.0000,0.0000,25.0000,35.0000,24.0000,12.0000
2.1920,0.5340,0.4900,0.3330,0.2630,0.0000,0.0000,1.1680,1.0000,2.9020,2.8250,1.0890,0.0000,0.0000,0.0000,69.9734,0.0000,4395.0000,1755.0000,0.0000,25.0000,35.0000,24.0000,12.0000
2.0900,0.6630,0.3880,0.4620,0.1660,0.0000,0.0000,1.0390,1.0000,2.9020,2.8250,1.0890,0.0000,0.0000,0.0000,69.9734,0.0000,4395.0000,1755.0000,0.0000,25.0000,35.0000,24.0000,12.0000
2.0930,0.6000,0.4360,0.4160,0.1500,0.0000,0.0000,1.0570,1.0000,2.9020,2.8250,1.0890,0.0000,0.0000,0.0000,69.9734,0.0000,4395.0000,1755.0000,0.0000,25.0000,35.0000,24.0000,12.0000
1.8510,0.6510,0.3330,0.4430,0.1380,0.0000,0.0000,0.8670,1.0000,2.9020,2.8250,1.0890,0.0000,0.0000,0.0000,69.9734,0.0000,4395.0000,1755.0000,0.0000,25.0000,35.0000,24.0000,11.0000
1.9680,0.5780,0.4160,0.4100,0.1690,0.0000,0.0000,0.9740,1.0000,2.9020,2.8250,1.0890,0.0000,0.0000,0.0000,69.9734,0.0000,4395.0000,1755.0000,0.0000,25.0000,35.0000,24.0000,11.0000
1.9060,0.5830,0.4000,0.4040,0.1590,0.0000,0.0000,0.9230,1.0000,2.9020,2.8250,1.0890,0.0000,0.0000,0.0000,69.9734,0.0000,4395.0000,1755.0000,0.0000,25.0000,35.0000,24.0000,10.0000
1.9630,0.5580,0.4160,0.3880,0.2350,0.0000,0.0000,0.9890,1.0000,2.9020,2.8250,1.0890,0.0000,0.0000,0.0000,69.9727,0.0000,4395.0000,1755.0000,0.0000,25.0000,34.0000,24.0000,10.0000
3.0350,0.5810,0.4020,0.4030,0.2210,0.0000,0.0000,2.0520,1.0000,2.9020,2.8250,1.0890,0.0000,0.0000,0.0000,69.9830,0.0000,4396.0000,1755.0000,0.0000,25.0000,34.0000,24.0000,10.0000
2.0960,0.5170,0.4420,0.3030,0.1620,0.0000,0.0000,1.1370,1.0000,2.9020,2.8250,1.0890,0.0000,0.0000,0.0000,69.7743,0.0000,4376.0000,1755.0000,0.0000,25.0000,34.0000,24.0000,10.0000
1.9230,0.7000,0.4130,0.4660,0.1850,0.0000,0.0000,0.8100,1.0000,2.9020,2.8250,1.0890,0.0000,0.0000,0.0000,69.7838,0.0000,4377.0000,1755.0000,0.0000,25.0000,33.0000,24.0000,10.0000
1.8410,0.6590,0.4180,0.4330,0.1880,0.0000,0.0000,0.7640,1.0000,2.9020,2.8250,1.0890,0.0000,0.0000,0.0000,69.7941,0.0000,4378.0000,1755.0000,0.0000,25.0000,33.0000,24.0000,10.0000
2.0270,0.5880,0.4130,0.3600,0.2160,0.0000,0.0000,1.0260,1.0000,2.9020,2.8250,1.0890,0.0000,0.0000,0.0000,69.8044,0.0000,4379.0000,1755.0000,0.0000,25.0000,33.0000,24.0000,10.0000
2.3010,0.5770,0.4900,0.3630,0.2430,0.0000,0.0000,1.2340,1.0000,2.9020,2.8250,1.0890,0.0000,0.0000,0.0000,69.8353,0.0000,4382.0000,1755.0000,0.0000,25.0000,33.0000,24.0000,10.0000
2.0000,0.6900,0.3900,0.3790,0.1530,0.0000,0.0000,0.9200,1.0000,2.9020,2.8250,1.0890,0.0000,0.0000,0.0000,69.8353,0.0000,4382.0000,1755.0000,0.0000,25.0000,33.0000,24.0000,10.0000
1.9110,0.6930,0.4050,0.4800,0.1870,0.0000,0.0000,0.8130,1.0000,2.9020,2.8250,1.0890,0.0000,0.0000,0.0000,69.8451,0.0000,4383.0000,1755.0000,0.0000,25.0000,32.0000,24.0000,10.0000
1.8630,0.6060,0.3920,0.3750,0.1540,0.0000,0.0000,0.8650,1.0000,2.9020,2.8250,1.0890,0.0000,0.0000,0.0000,69.8451,0.0000,4383.0000,1755.0000,0.0000,25.0000,32.0000,24.0000,10.0000
1.7790,0.5890,0.3810,0.4080,0.1920,0.0000,0.0000,0.8090,1.0000,2.9020,2.8250,1.0890,0.0000,0.0000,0.0000,69.8451,0.0000,4383.0000,1755.0000,0.0000,25.0000,32.0000,24.0000,9.0000
1.9010,0.4990,0.3520,0.3310,0.1670,0.0000,0.0000,1.0500,1.0000,2.9020,2.8250,1.0890,0.0000,0.0000,0.0000,69.8451,0.0000,4383.0000,1755.0000,0.0000,25.0000,32.0000,24.0000,9.0000
2.0550,0.5330,0.4070,0.3570,0.2190,0.0000,0.0000,1.1150,1.0000,2.9020,2.8250,1.0890,0.0000,0.0000,0.0000,69.8757,0.0000,4386.0000,1755.0000,0.0000,25.0000,32.0000,24.0000,9.0000
1.8420,0.6340,0.3510,0.3320,0.1640,0.0000,0.0000,0.8570,1.0000,2.9020,2.8250,1.0890,0.0000,0.0000,0.0000,69.8758,0.0000,4386.0000,1755.0000,0.0000,25.0000,32.0000,24.0000,9.0000
1.7640,0.4970,0.3330,0.3170,0.1480,0.0000,0.0000,0.9340,1.0000,2.9020,2.8250,1.0890,0.0000,0.0000,0.0000,69.8759,0.0000,4386.0000,1755.0000,0.0000,25.0000,32.0000,24.0000,9.0000
1.7710,0.5370,0.3330,0.3160,0.1460,0.0000,0.0000,0.9010,1.0000,2.9020,2.8250,1.0890,0.0000,0.0000,0.0000,69.8759,0.0000,4386.0000,1755.0000,0.0000,25.0000,32.0000,24.0000,9.0000
1.8770,0.5650,0.4040,0.3750,0.1900,0.0000,0.0000,0.9080,1.0000,2.9020,2.8250,1.0890,0.0000,0.0000,0.0000,69.8759,0.0000,4386.0000,1755.0000,0.0000,25.0000,32.0000,24.0000,9.0000
1.8300,0.5870,0.3970,0.3510,0.1890,0.0000,0.0000,0.8460,1.0000,2.9020,2.8250,1.0890,0.0000,0.0000,0.0000,69.8759,0.0000,4386.0000,1755.0000,0.0000,25.0000,32.0000,24.0000,9.0000
1.8330,0.4990,0.3530,0.3270,0.1510,0.0000,0.0000,0.9810,1.0000,2.9020,2.8250,1.0890,0.0000,0.0000,0.0000,69.8759,0.0000,4386.0000,1755.0000,0.0000,25.0000,32.0000,24.0000,9.0000
1.8640,0.4980,0.3270,0.3230,0.1430,0.0000,0.0000,1.0390,1.0000,2.9020,2.8250,1.0890,0.0000,0.0000,0.0000,69.8759,0.0000,4386.0000,1755.0000,0.0000,25.0000,32.0000,24.0000,9.0000
1.9630,0.5640,0.3480,0.3880,0.1460,0.0000,0.0000,1.0510,1.0000,2.9020,2.8250,1.0890,0.0000,0.0000,0.0000,69.8759,0.0000,4386.0000,1755.0000,0.0000,25.0000,32.0000,24.0000,9.0000
1.8440,0.6560,0.3530,0.3800,0.1500,0.0000,0.0000,0.8350,1.0000,2.9020,2.8250,1.0890,0.0000,0.0000,0.0000,69.8759,0.0000,4386.0000,1755.0000,0.0000,25.0000,32.0000,24.0000,9.0000
1.8490,0.5330,0.3360,0.3120,0.1470,0.0000,0.0000,0.9800,1.0000,2.9020,2.8250,1.0890,0.0000,0.0000,0.0000,69.8759,0.0000,4386.0000,1755.0000,0.0000,25.0000,32.0000,24.0000,9.0000
1.9280,0.5960,0.3660,0.4220,0.1490,0.0000,0.0000,0.9660,1.0000,2.9020,2.8250,1.0890,0.0000,0.0000,0.0000,69.8759,0.0000,4386.0000,1755.0000,0.0000,25.0000,32.0000,24.0000,9.0000
2.0410,0.5510,0.4240,0.3680,0.1960,0.0000,0.0000,1.0660,1.0000,2.9020,2.8250,1.0890,0.0000,0.0000,0.0000,69.8968,0.0000,4388.0000,1755.0000,0.0000,25.0000,33.0000,24.0000,9.0000
1.7560,0.6930,0.3600,0.4250,0.1440,0.0000,0.0000,0.7030,1.0000,2.9020,2.8250,1.0890,0.0000,0.0000,0.0000,69.8968,0.0000,4388.0000,1755.0000,0.0000,25.0000,33.0000,24.0000,9.0000
1.8440,0.5670,0.3970,0.4020,0.2050,0.0000,0.0000,0.8800,1.0000,2.9020,2.8250,1.0890,0.0000,0.0000,0.0000,69.9072,0.0000,4389.0000,1755.0000,0.0000,25.0000,33.0000,24.0000,9.0000
2.0210,0.5260,0.4090,0.3180,0.2270,0.0000,0.0000,1.0860,1.0000,2.9020,2.8250,1.0890,0.0000,0.0000,0.0000,69.9377,0.0000,4392.0000,1755.0000,0.0000,25.0000,33.0000,24.0000,9.0000
1.8480,0.6560,0.3470,0.3570,0.1540,0.0000,0.0000,0.8450,1.0000,2.9020,2.8250,1.0890,0.0000,0.0000,0.0000,69.9377,0.0000,4392.0000,1755.0000,0.0000,25.0000,33.0000,24.0000,8.0000
1.9530,0.5630,0.4320,0.3700,0.2350,0.0000,0.0000,0.9580,1.0000,2.9020,2.8250,1.0890,0.0000,0.0000,0.0000,69.9584,0.0000,4394.0000,1755.0000,0.0000,25.0000,33.0000,24.0000,8.0000
1.8250,0.5710,0.3570,0.3110,0.1600,0.0000,0.0000,0.8970,1.0000,2.9020,2.8250,1.0890,0.0000,0.0000,0.0000,69.9584,0.0000,4394.0000,1755.0000,0.0000,25.0000,33.0000,24.0000,8.0000
2.0000,0.5850,0.3900,0.3660,0.1810,0.0000,0.0000,1.0250,1.0000,2.9020,2.8250,1.0890,0.0000,0.0000,0.0000,69.9688,0.0000,4395.0000,1755.0000,0.0000,25.0000,33.0000,24.0000,8.0000
1.7640,0.5790,0.3290,0.3250,0.1460,0.0000,0.0000,0.8560,1.0000,2.9020,2.8250,1.0890,0.0000,0.0000,0.0000,69.9688,0.0000,4395.0000,1755.0000,0.0000,25.0000,33.0000,24.0000,8.0000
1.7850,0.5480,0.4010,0.3670,0.1510,0.0000,0.0000,0.8360,1.0000,2.9020,2.8250,1.0890,0.0000,0.0000,0.0000,69.9689,0.0000,4395.0000,1755.0000,0.0000,25.0000,33.0000,24.0000,8.0000
1.9290,0.5460,0.4470,0.3590,0.2350,0.0000,0.0000,0.9360,1.0000,2.9020,2.8250,1.0890,0.0000,0.0000,0.0000,69.9689,0.0000,4395.0000,1755.0000,0.0000,25.0000,33.0000,24.0000,8.0000
2.1070,0.4990,0.4390,0.3210,0.2310,0.0000,0.0000,1.1690,1.0000,2.9020,2.8250,1.0890,0.0000,0.0000,0.0000,69.9894,0.0000,4397.0000,1755.0000,0.0000,25.0000,33.0000,24.0000,8.0000
1.7760,0.6620,0.3900,0.3750,0.1860,0.0000,0.0000,0.7240,1.0000,2.9020,2.8250,1.0890,0.0000,0.0000,0.0000,69.9894,0.0000,4397.0000,1755.0000,0.0000,25.0000,33.0000,24.0000,8.0000
1.9320,0.5000,0.3450,0.3210,0.1630,0.0000,0.0000,1.0870,1.0000,2.9020,2.8250,1.0890,0.0000,0.0000,0.0000,69.9894,0.0000,4397.0000,1755.0000,0.0000,25.0000,33.0000,24.0000,9.0000
1.8280,0.5930,0.3510,0.4060,0.1640,0.0000,0.0000,0.8840,1.0000,2.9020,2.8250,1.0890,0.0000,0.0000,0.0000,69.9894,0.0000,4397.0000,1755.0000,0.0000,25.0000,33.0000,24.0000,9.0000
1.7830,0.4840,0.3250,0.3040,0.1440,0.0000,0.0000,0.9740,1.0000,2.9020,2.8250,1.0890,0.0000,0.0000,0.0000,69.9894,0.0000,4397.0000,1755.0000,0.0000,25.0000,33.0000,24.0000,9.0000
1.7690,0.5770,0.3300,0.3510,0.1450,0.0000,0.0000,0.8620,1.0000,2.9020,2.8250,1.0890,0.0000,0.0000,0.0000,69.9894,0.0000,4397.0000,1755.0000,0.0000,25.0000,33.0000,24.0000,9.0000
1.7630,0.5720,0.3600,0.3730,0.1800,0.0000,0.0000,0.8310,1.0000,2.9020,2.8250,1.0890,0.0000,0.0000,0.0000,69.9894,0.0000,4397.0000,1755.0000,0.0000,25.0000,33.0000,24.0000,9.0000
1.7670,0.4940,0.3360,0.3200,0.1470,0.0000,0.0000,0.9370,1.0000,2.9020,2.8250,1.0890,0.0000,0.0000,0.0000,69.9894,0.0000,4397.0000,1755.0000,0.0000,25.0000,33.0000,24.0000,9.0000
1.7470,0.4930,0.3220,0.3150,0.1440,0.0000,0.0000,0.9320,1.0000,2.9020,2.8250,1.0890,0.0000,0.0000,0.0000,69.9894,0.0000,4397.0000,1755.0000,0.0000,25.0000,33.0000,24.0000,9.0000
1.7990,0.5200,0.3620,0.3050,0.1440,0.0000,0.0000,0.9170,1.0000,2.9020,2.8250,1.0890,0.0000,0.0000,0.0000,69.9894,0.0000,4397.0000,1755.0000,0.0000,25.0000,33.0000,24.0000,9.0000
1.7870,0.5490,0.3560,0.3520,0.1450,0.0000,0.0000,0.8820,1.0000,2.9020,2.8250,1.0890,0.0000,0.0000,0.0000,69.9887,0.0000,4397.0000,1755.0000,0.0000,25.0000,32.0000,24.0000,9.0000
1.8130,0.5280,0.3740,0.3570,0.1810,0.0000,0.0000,0.9110,1.0000,2.9020,2.8250,1.0890,0.0000,0.0000,0.0000,69.9887,0.0000,4397.0000,1755.0000,0.0000,25.0000,32.0000,24.0000,9.0000
1.8340,0.5090,0.3940,0.3130,0.2120,0.0000,0.0000,0.9310,1.0000,2.9020,2.8250,1.0890,0.0000,0.0000,0.0000,69.9989,0.0000,4398.0000,1755.0000,0.0000,25.0000,32.0000,24.0000,9.0000
1.7420,0.5300,0.3230,0.3130,0.1420,0.0000,0.0000,0.8890,1.0000,2.9020,2.8250,1.0890,0.0000,0.0000,0.0000,69.9989,0.0000,4398.0000,1755.0000,0.0000,25.0000,32.0000,24.0000,9.0000
1.8630,0.5800,0.3630,0.3200,0.1750,0.0000,0.0000,0.9200,1.0000,2.9020,2.8250,1.0890,0.0000,0.0000,0.0000,70.0088,0.0000,4399.0000,1755.0000,0.0000,25.0000,32.0000,24.0000,9.0000
1.9090,0.5670,0.4030,0.3500,0.1780,0.0000,0.0000,0.9390,1.0000,2.9020,2.8250,1.0890,0.0000,0.0000,0.0000,70.0191,0.0000,4400.0000,1755.0000,0.0000,25.0000,32.0000,24.0000,9.0000
3.4010,0.6440,0.3550,0.4130,0.1450,0.0000,0.0000,2.4020,1.0000,2.9020,2.8250,1.0890,0.0000,0.0000,0.0000,70.0191,0.0000,4400.0000,1755.0000,0.0000,25.0000,32.0000,24.0000,9.0000
2.2680,0.4910,0.4050,0.3150,0.1970,0.0000,0.0000,1.3720,1.0000,2.9020,2.8250,1.0890,0.0000,0.0000,0.0000,69.7345,0.0000,4373.0000,1755.0000,0.0000,25.0000,33.0000,24.0000,9.0000
1.9840,0.6640,0.3500,0.3550,0.1590,0.0000,0.0000,0.9700,1.0000,2.9020,2.8250,1.0890,0.0000,0.0000,0.0000,69.7336,0.0000,4373.0000,1755.0000,0.0000,25.0000,33.0000,24.0000,8.0000
2.2840,0.5630,0.4360,0.3880,0.2300,0.0000,0.0000,1.2850,1.0000,2.9020,2.8250,1.0890,0.0000,0.0000,0.0000,69.7668,0.0000,4378.0000,1755.0000,0.0000,25.0000,33.0000,24.0000,8.0000
1.8710,0.6680,0.3940,0.3660,0.1940,0.0000,0.0000,0.8090,1.0000,2.9020,2.8250,1.0890,0.0000,0.0000,0.0000,69.7662,0.0000,4378.0000,1755.0000,0.0000,25.0000,32.0000,24.0000,8.0000
1.8370,0.4960,0.3390,0.3210,0.1450,0.0000,0.0000,1.0020,1.0000,2.9020,2.8250,1.0890,0.0000,0.0000,0.0000,69.7663,0.0000,4378.0000,1755.0000,0.0000,25.0000,32.0000,24.0000,8.0000
1.7210,0.4850,0.3360,0.3170,0.1550,0.0000,0.0000,0.9000,1.0000,2.9020,2.8250,1.0890,0.0000,0.0000,0.0000,69.7663,0.0000,4378.0000,1755.0000,0.0000,25.0000,32.0000,24.0000,8.0000
2.0810,0.4640,0.3730,0.2980,0.1940,0.0000,0.0000,1.2440,1.0000,2.9020,2.8250,1.0890,0.0000,0.0000,0.0000,69.7969,0.0000,4381.0000,1755.0000,0.0000,25.0000,32.0000,24.0000,9.0000
2.0900,0.7120,0.3310,0.3680,0.1480,0.0000,0.0000,1.0470,1.0000,2.9020,2.8250,1.0890,0.0000,0.0000,0.0000,69.7957,0.0000,4381.0000,1755.0000,0.0000,25.0000,31.0000,24.0000,9.0000
1.9080,0.8440,0.3790,0.6050,0.1930,0.0000,0.0000,0.6850,1.0000,2.9020,2.8250,1.0890,0.0000,0.0000,0.0000,69.8064,0.0000,4382.0000,1755.0000,0.0000,25.0000,31.0000,24.0000,10.0000
1.9010,0.5600,0.3710,0.3520,0.1690,0.0000,0.0000,0.9700,1.0000,2.9020,2.8250,1.0890,0.0000,0.0000,0.0000,69.8064,0.0000,4382.0000,1755.0000,0.0000,25.0000,31.0000,24.0000,10.0000
1.7780,0.5170,0.3310,0.3020,0.1480,0.0000,0.0000,0.9300,1.0000,2.9020,2.8250,1.0890,0.0000,0.0000,0.0000,69.8072,0.0000,4382.0000,1755.0000,0.0000,25.0000,32.0000,24.0000,10.0000
1.8340,0.5150,0.3860,0.3530,0.1810,0.0000,0.0000,0.9330,1.0000,2.9020,2.8250,1.0890,0.0000,0.0000,0.0000,69.8181,0.0000,4383.0000,1755.0000,0.0000,25.0000,33.0000,24.0000,10.0000
1.8760,0.5660,0.4180,0.3520,0.2330,0.0000,0.0000,0.8920,1.0000,2.9020,2.8250,1.0890,0.0000,0.0000,0.0000,69.8181,0.0000,4383.0000,1755.0000,0.0000,25.0000,33.0000,24.0000,10.0000
1.9200,0.5550,0.4260,0.3760,0.2310,0.0000,0.0000,0.9390,1.0000,2.9020,2.8250,1.0890,0.0000,0.0000,0.0000,69.8385,0.0000,4385.0000,1755.0000,0.0000,25.0000,33.0000,24.0000,10.0000
1.8320,0.5580,0.3380,0.3160,0.1460,0.0000,0.0000,0.9360,1.0000,2.9020,2.8250,1.0890,0.0000,0.0000,0.0000,69.8386,0.0000,4385.0000,1755.0000,0.0000,25.0000,33.0000,24.0000,10.0000
1.8380,0.4880,0.3510,0.3180,0.1610,0.0000,0.0000,0.9990,1.0000,2.9020,2.8250,1.0890,0.0000,0.0000,0.0000,69.8387,0.0000,4385.0000,1755.0000,0.0000,25.0000,33.0000,24.0000,10.0000
1.7340,0.5180,0.3190,0.3460,0.1420,0.0000,0.0000,0.8970,1.0000,2.9020,2.8250,1.0890,0.0000,0.0000,0.0000,69.8387,0.0000,4385.0000,1755.0000,0.0000,25.0000,33.0000,24.0000,10.0000
2.1450,0.5500,0.3440,0.3400,0.1430,0.0000,0.0000,1.2510,1.0000,2.9020,2.8250,1.0890,0.0000,0.0000,0.0000,69.8387,0.0000,4385.0000,1755.0000,0.0000,25.0000,33.0000,24.0000,10.0000
1.7880,0.5710,0.3150,0.3850,0.1390,0.0000,0.0000,0.9020,1.0000,2.9020,2.8250,1.0890,0.0000,0.0000,0.0000,69.8387,0.0000,4385.0000,1755.0000,0.0000,25.0000,33.0000,24.0000,10.0000
1.8030,0.5840,0.3600,0.4200,0.1480,0.0000,0.0000,0.8590,1.0000,2.9020,2.8250,1.0890,0.0000,0.0000,0.0000,69.8393,0.0000,4385.0000,1755.0000,0.0000,25.0000,34.0000,24.0000,11.0000
1.9360,0.5910,0.4270,0.4080,0.2330,0.0000,0.0000,0.9180,1.0000,2.9020,2.8250,1.0890,0.0000,0.0000,0.0000,69.8595,0.0000,4387.0000,1755.0000,0.0000,25.0000,34.0000,24.0000,11.0000
1.8230,0.6090,0.4170,0.3680,0.2200,0.0000,0.0000,0.7970,1.0000,2.9020,2.8250,1.0890,0.0000,0.0000,0.0000,69.8697,0.0000,4388.0000,1755.0000,0.0000,25.0000,34.0000,24.0000,11.0000
1.8430,0.5190,0.3350,0.3160,0.1570,0.0000,0.0000,0.9890,1.0000,2.9020,2.8250,1.0890,0.0000,0.0000,0.0000,69.8699,0.0000,4388.0000,1755.0000,0.0000,25.0000,34.0000,24.0000,12.0000
2.1830,0.5480,0.4180,0.3760,0.2180,0.0000,0.0000,1.2170,1.0000,2.9020,2.8250,1.0890,0.0000,0.0000,0.0000,69.8993,0.0000,4389.0000,1755.0000,0.0000,25.0000,34.0000,24.0000,12.0000
1.8310,0.6140,0.3520,0.3160,0.1640,0.0000,0.0000,0.8650,1.0000,2.9020,2.8250,1.0890,0.0000,0.0000,0.0000,69.8994,0.0000,4389.0000,1755.0000,0.0000,25.0000,34.0000,24.0000,12.0000
1.9660,0.4760,0.3600,0.3030,0.1780,0.0000,0.0000,1.1300,1.0000,2.9020,2.8250,1.0890,0.0000,0.0000,0.0000,69.9098,0.0000,4390.0000,1755.0000,0.0000,25.0000,34.0000,24.0000,12.0000
1.7750,0.5220,0.3330,0.3050,0.1460,0.0000,0.0000,0.9200,1.0000,2.9020,2.8250,1.0890,0.0000,0.0000,0.0000,69.9105,0.0000,4390.0000,1755.0000,0.0000,25.0000,35.0000,24.0000,12.0000
1.7790,0.5210,0.3650,0.3060,0.1480,0.0000,0.0000,0.8930,1.0000,2.9020,2.8250,1.0890,0.0000,0.0000,0.0000,69.9106,0.0000,4390.0000,1755.0000,0.0000,25.0000,35.0000,24.0000,12.0000
1.7710,0.5280,0.3790,0.3600,0.1500,0.0000,0.0000,0.8640,1.0000,2.9020,2.8250,1.0890,0.0000,0.0000,0.0000,69.9106,0.0000,4390.0000,1755.0000,0.0000,25.0000,35.0000,24.0000,12.0000
1.9020,0.5440,0.3710,0.3760,0.1770,0.0000,0.0000,0.9870,1.0000,2.9020,2.8250,1.0890,0.0000,0.0000,0.0000,69.9208,0.0000,4391.0000,1755.0000,0.0000,25.0000,35.0000,24.0000,12.0000
1.7790,0.5280,0.3420,0.3180,0.1580,0.0000,0.0000,0.9090,1.0000,2.9020,2.8250,1.0890,0.0000,0.0000,0.0000,69.9195,0.0000,4390.0000,1755.0000,0.0000,25.0000,35.0000,24.0000,12.0000
2.0670,0.4660,0.3640,0.2980,0.1840,0.0000,0.0000,1.2370,1.0000,2.9020,2.8250,1.0890,0.0000,0.0000,0.0000,69.9399,0.0000,4392.0000,1755.0000,0.0000,25.0000,35.0000,24.0000,12.0000
1.7520,0.6630,0.3280,0.3010,0.1430,0.0000,0.0000,0.7610,1.0000,2.9020,2.8250,1.0890,0.0000,0.0000,0.0000,69.9393,0.0000,4392.0000,1755.0000,0.0000,25.0000,34.0000,24.0000,12.0000
1.7660,0.4670,0.3260,0.3000,0.1430,0.0000,0.0000,0.9730,1.0000,2.9020,2.8250,1.0890,0.0000,0.0000,0.0000,69.9394,0.0000,4392.0000,1755.0000,0.0000,25.0000,34.0000,24.0000,12.0000
1.9130,0.5810,0.4200,0.4190,0.2070,0.0000,0.0000,0.9120,1.0000,2.9020,2.8250,1.0890,0.0000,0.0000,0.0000,69.9599,0.0000,4394.0000,1755.0000,0.0000,25.0000,34.0000,24.0000,12.0000
1.8510,0.6140,0.3770,0.3590,0.1950,0.0000,0.0000,0.8600,1.0000,2.9020,2.8250,1.0890,0.0000,0.0000,0.0000,69.9599,0.0000,4394.0000,1755.0000,0.0000,25.0000,34.0000,24.0000,12.0000
1.8770,0.4710,0.4110,0.3100,0.2180,0.0000,0.0000,0.9950,1.0000,2.9020,2.8250,1.0890,0.0000,0.0000,0.0000,69.9703,0.0000,4395.0000,1755.0000,0.0000,25.0000,34.0000,24.0000,12.0000
1.7310,0.5130,0.3290,0.3070,0.1520,0.0000,0.0000,0.8890,1.0000,2.9020,2.8250,1.0890,0.0000,0.0000,0.0000,69.9703,0.0000,4395.0000,1755.0000,0.0000,25.0000,34.0000,24.0000,12.0000
2.0530,0.4610,0.3610,0.2980,0.1790,0.0000,0.0000,1.2310,1.0000,2.9020,2.8250,1.0890,0.0000,0.0000,0.0000,69.9806,0.0000,4396.0000,1755.0000,0.0000,25.0000,34.0000,24.0000,12.0000
1.7090,0.6370,0.3270,0.3540,0.1430,0.0000,0.0000,0.7450,1.0000,2.9020,2.8250,1.0890,0.0000,0.0000,0.0000,69.9806,0.0000,4396.0000,1755.0000,0.0000,25.0000,34.0000,24.0000,12.0000
2.0250,0.5170,0.3600,0.3040,0.1450,0.0000,0.0000,1.1480,1.0000,2.9020,2.8250,1.0890,0.0000,0.0000,0.0000,69.9807,0.0000,4396.0000,1755.0000,0.0000,25.0000,34.0000,24.0000,12.0000
3.9320,0.5460,0.3510,0.3650,0.1470,0.0000,0.0000,3.0350,1.0000,2.9020,2.8250,1.0890,0.0000,0.0000,0.0000,69.9807,0.0000,4396.0000,1755.0000,0.0000,25.0000,34.0000,24.0000,12.0000
1.8530,0.5560,0.3630,0.3720,0.1500,0.0000,0.0000,0.9340,1.0000,2.9020,2.8250,1.0890,0.0000,0.0000,0.0000,69.9807,0.0000,4396.0000,1755.0000,0.0000,25.0000,34.0000,24.0000,12.0000
1.9100,0.5610,0.4400,0.3720,0.2240,0.0000,0.0000,0.9090,1.0000,2.9020,2.8250,1.0890,0.0000,0.0000,0.0000,69.9909,0.0000,4397.0000,1755.0000,0.0000,25.0000,34.0000,24.0000,12.0000
1.8210,0.5770,0.4000,0.3550,0.2170,0.0000,0.0000,0.8440,1.0000,2.9020,2.8250,1.0890,0.0000,0.0000,0.0000,70.0012,0.0000,4398.0000,1755.0000,0.0000,25.0000,34.0000,24.0000,12.0000
1.9240,0.5190,0.3660,0.3140,0.1760,0.0000,0.0000,1.0390,1.0000,2.9020,2.8250,1.0890,0.0000,0.0000,0.0000,70.0109,0.0000,4399.0000,1755.0000,0.0000,25.0000,33.0000,24.0000,12.0000
2.0120,0.5330,0.3880,0.3180,0.2060,0.0000,0.0000,1.0910,1.0000,2.9020,2.8250,1.0890,0.0000,0.0000,0.0000,70.0316,0.0000,4401.0000,1755.0000,0.0000,25.0000,33.0000,24.0000,12.0000
1.7880,0.5620,0.3420,0.3150,0.1620,0.0000,0.0000,0.8840,1.0000,2.9020,2.8250,1.0890,0.0000,0.0000,0.0000,70.0316,0.0000,4401.0000,1755.0000,0.0000,25.0000,33.0000,24.0000,12.0000
1.8300,0.4990,0.3590,0.3070,0.1720,0.0000,0.0000,0.9720,1.0000,2.9020,2.8250,1.0890,0.0000,0.0000,0.0000,70.0419,0.0000,4402.0000,1755.0000,0.0000,25.0000,33.0000,24.0000,12.0000
1.8440,0.5740,0.3490,0.3040,0.1660,0.0000,0.0000,0.9210,1.0000,2.9020,2.8250,1.0890,0.0000,0.0000,0.0000,69.7638,0.0000,4375.0000,1755.0000,0.0000,25.0000,32.0000,24.0000,12.0000
2.2200,0.5900,0.3540,0.4180,0.1440,0.0000,0.0000,1.2760,1.0000,2.9020,2.8250,1.0890,0.0000,0.0000,0.0000,69.7638,0.0000,4375.0000,1755.0000,0.0000,25.0000,32.0000,24.0000,12.0000
1.8930,0.5850,0.3490,0.4070,0.1460,0.0000,0.0000,0.9590,1.0000,2.9020,2.8250,1.0890,0.0000,0.0000,0.0000,69.7638,0.0000,4375.0000,1755.0000,0.0000,25.0000,32.0000,24.0000,12.0000
1.9100,0.6510,0.3770,0.4310,0.1770,0.0000,0.0000,0.8820,1.0000,2.9020,2.8250,1.0890,0.0000,0.0000,0.0000,69.7741,0.0000,4376.0000,1755.0000,0.0000,25.0000,32.0000,24.0000,12.0000
2.0040,0.5490,0.3920,0.2980,0.1460,0.0000,0.0000,1.0630,1.0000,2.9020,2.8250,1.0890,0.0000,0.0000,0.0000,69.7741,0.0000,4376.0000,1755.0000,0.0000,25.0000,32.0000,24.0000,12.0000
1.9580,0.6900,0.4200,0.4980,0.1830,0.0000,0.0000,0.8480,1.0000,2.9020,2.8250,1.0890,0.0000,0.0000,0.0000,69.7844,0.0000,4377.0000,1755.0000,0.0000,25.0000,32.0000,24.0000,12.0000
1.8190,0.5860,0.3640,0.3780,0.1470,0.0000,0.0000,0.8690,1.0000,2.9020,2.8250,1.0890,0.0000,0.0000,0.0000,69.7844,0.0000,4377.0000,1755.0000,0.0000,25.0000,32.0000,24.0000,12.0000
1.7490,0.5770,0.3610,0.4040,0.1810,0.0000,0.0000,0.8110,1.0000,2.9020,2.8250,1.0890,0.0000,0.0000,0.0000,69.7845,0.0000,4377.0000,1755.0000,0.0000,25.0000,32.0000,24.0000,12.0000
1.8990,0.5250,0.3710,0.3290,0.1960,0.0000,0.0000,1.0030,1.0000,2.9020,2.8250,1.0890,0.0000,0.0000,0.0000,69.8048,0.0000,4379.0000,1755.0000,0.0000,25.0000,32.0000,24.0000,12.0000
1.7380,0.5580,0.3350,0.3170,0.1530,0.0000,0.0000,0.8450,1.0000,2.9020,2.8250,1.0890,0.0000,0.0000,0.0000,69.8048,0.0000,4379.0000,1755.0000,0.0000,25.0000,32.0000,24.0000,12.0000
1.7820,0.4620,0.3540,0.2960,0.1730,0.0000,0.0000,0.9660,1.0000,2.9020,2.8250,1.0890,0.0000,0.0000,0.0000,69.8145,0.0000,4380.0000,1755.0000,0.0000,25.0000,31.0000,24.0000,12.0000
2.1360,0.5480,0.6610,0.3010,0.1570,0.0000,0.0000,0.9270,1.0000,2.9020,2.8250,1.0890,0.0000,0.0000,0.0000,69.8324,0.0000,4382.0000,1755.0000,0.0000,25.0000,31.0000,24.0000,12.0000
1.8520,0.5600,0.3700,0.2990,0.1830,0.0000,0.0000,0.9220,1.0000,2.9020,2.8250,1.0890,0.0000,0.0000,0.0000,69.8527,0.0000,4384.0000,1755.0000,0.0000,25.0000,31.0000,24.0000,12.0000
1.7530,0.5870,0.3860,0.2980,0.1450,0.0000,0.0000,0.7800,1.0000,2.9020,2.8250,1.0890,0.0000,0.0000,0.0000,69.8535,0.0000,4384.0000,1755.0000,0.0000,25.0000,32.0000,24.0000,12.0000
1.7050,0.5450,0.3650,0.3640,0.1750,0.0000,0.0000,0.7950,1.0000,2.9020,2.8250,1.0890,0.0000,0.0000,0.0000,69.8536,0.0000,4384.0000,1755.0000,0.0000,25.0000,32.0000,24.0000,12.0000
1.8330,0.5010,0.3170,0.3360,0.1410,0.0000,0.0000,1.0150,1.0000,2.9020,2.8250,1.0890,0.0000,0.0000,0.0000,69.8536,0.0000,4384.0000,1755.0000,0.0000,25.0000,32.0000,24.0000,12.0000
1.7830,0.5620,0.3230,0.3280,0.1400,0.0000,0.0000,0.8980,1.0000,2.9020,2.8250,1.0890,0.0000,0.0000,0.0000,69.8529,0.0000,4384.0000,1755.0000,0.0000,25.0000,31.0000,24.0000,12.0000
2.1340,0.5550,0.4280,0.3450,0.2180,0.0000,0.0000,1.1510,1.0000,2.9020,2.8250,1.0890,0.0000,0.0000,0.0000,69.8631,0.0000,4385.0000,1755.0000,0.0000,25.0000,31.0000,24.0000,12.0000
1.8300,0.6460,0.3480,0.4350,0.1470,0.0000,0.0000,0.8360,1.0000,2.9020,2.8250,1.0890,0.0000,0.0000,0.0000,69.8631,0.0000,4385.0000,1755.0000,0.0000,25.0000,31.0000,24.0000,12.0000
2.4940,0.5480,0.4060,0.3790,0.1900,0.0000,0.0000,1.5400,1.0000,2.9020,2.8250,1.0890,0.0000,0.0000,0.0000,69.8937,0.0000,4388.0000,1755.0000,0.0000,25.0000,31.0000,24.0000,12.0000
2.7650,1.0420,0.5790,0.7530,0.3190,0.0000,0.0000,1.1440,1.0000,2.9020,2.8250,1.0890,0.0000,0.0000,0.0000,69.9142,0.0000,4390.0000,1755.0000,0.0000,25.0000,31.0000,24.0000,12.0000
2.3720,0.8680,0.4580,0.4510,0.1960,0.0000,0.0000,1.0460,1.0000,2.9020,2.8250,1.0890,0.0000,0.0000,0.0000,69.9144,0.0000,4390.0000,1755.0000,0.0000,25.0000,31.0000,24.0000,12.0000
2.5390,0.6980,0.5290,0.4590,0.2780,0.0000,0.0000,1.3120,1.0000,2.9020,2.8250,1.0890,0.0000,0.0000,0.0000,69.9247,0.0000,4391.0000,1755.0000,0.0000,25.0000,31.0000,24.0000,12.0000
2.2470,0.8320,0.4350,0.5450,0.1980,0.0000,0.0000,0.9800,1.0000,2.9020,2.8250,1.0890,0.0000,0.0000,0.0000,69.9247,0.0000,4391.0000,1755.0000,0.0000,25.0000,31.0000,24.0000,12.0000
2.3360,0.6660,0.4520,0.4320,0.2270,0.0000,0.0000,1.2180,1.0000,2.9020,2.8250,1.0890,0.0000,0.0000,0.0000,69.9248,0.0000,4391.0000,1755.0000,0.0000,25.0000,31.0000,24.0000,12.0000
2.2960,0.7410,0.4670,0.5000,0.2350,0.0000,0.0000,1.0880,1.0000,2.9020,2.8250,1.0890,0.0000,0.0000,0.0000,69.9248,0.0000,4391.0000,1755.0000,0.0000,25.0000,31.0000,24.0000,12.0000
2.5450,0.7300,0.5450,0.4870,0.2790,0.0000,0.0000,1.2700,1.0000,2.9020,2.8250,1.0890,0.0000,0.0000,0.0000,69.9467,0.0000,4393.0000,1755.0000,0.0000,25.0000,31.0000,24.0000,12.0000
2.3660,0.7800,0.4880,0.4490,0.2390,0.0000,0.0000,1.0980,1.0000,2.9020,2.8250,1.0890,0.0000,0.0000,0.0000,69.9460,0.0000,4393.0000,1755.0000,0.0000,25.0000,30.0000,24.0000,12.0000
2.4980,0.7900,0.5030,0.5520,0.2380,0.0000,0.0000,1.2050,1.0000,2.9020,2.8250,1.0890,0.0000,0.0000,0.0000,69.9564,0.0000,4394.0000,1755.0000,0.0000,25.0000,30.0000,24.0000,12.0000
2.4690,0.7580,0.4420,0.4430,0.2120,0.0000,0.0000,1.2690,1.0000,2.9020,2.8250,1.0890,0.0000,0.0000,0.0000,69.9564,0.0000,4394.0000,1755.0000,0.0000,25.0000,30.0000,24.0000,12.0000
2.4180,0.7060,0.4630,0.4780,0.1960,0.0000,0.0000,1.2490,1.0000,2.9020,2.8250,1.0890,0.0000,0.0000,0.0000,69.9564,0.0000,4394.0000,1755.0000,0.0000,25.0000,30.0000,24.0000,12.0000
2.4020,0.7170,0.4790,0.4490,0.2420,0.0000,0.0000,1.2060,1.0000,2.9020,2.8250,1.0890,0.0000,0.0000,0.0000,69.9667,0.0000,4395.0000,1755.0000,0.0000,25.0000,30.0000,24.0000,12.0000
2.4470,0.7370,0.4580,0.4650,0.2290,0.0000,0.0000,1.2520,1.0000,2.9020,2.8250,1.0890,0.0000,0.0000,0.0000,69.9667,0.0000,4395.0000,1755.0000,0.0000,25.0000,30.0000,24.0000,11.0000
2.5590,0.8090,0.4610,0.5450,0.2330,0.0000,0.0000,1.2890,1.0000,2.9020,2.8250,1.0890,0.0000,0.0000,0.0000,69.9770,0.0000,4396.0000,1755.0000,0.0000,25.0000,30.0000,24.0000,11.0000
2.0460,0.8550,0.4980,0.4380,0.2910,0.0000,0.0000,0.6930,1.0000,2.9020,2.8250,1.0890,0.0000,0.0000,0.0000,69.9770,0.0000,4396.0000,1755.0000,0.0000,25.0000,30.0000,24.0000,11.0000
2.4110,0.5820,0.5210,0.4080,0.2510,0.0000,0.0000,1.3080,1.0000,2.9020,2.8250,1.0890,0.0000,0.0000,0.0000,69.9873,0.0000,4397.0000,1755.0000,0.0000,25.0000,30.0000,24.0000,11.0000
2.3320,0.7340,0.4340,0.4200,0.1960,0.0000,0.0000,1.1640,1.0000,2.9020,2.8250,1.0890,0.0000,0.0000,0.0000,69.9880,0.0000,4397.0000,1755.0000,0.0000,25.0000,31.0000,24.0000,11.0000
2.3150,0.7070,0.4780,0.4740,0.2350,0.0000,0.0000,1.1300,1.0000,2.9020,2.8250,1.0890,0.0000,0.0000,0.0000,69.9881,0.0000,4397.0000,1755.0000,0.0000,25.0000,31.0000,24.0000,11.0000
2.2610,0.7890,0.4860,0.5630,0.2110,0.0000,0.0000,0.9860,1.0000,2.9020,2.8250,1.0890,0.0000,0.0000,0.0000,69.9881,0.0000,4397.0000,1755.0000,0.0000,25.0000,31.0000,24.0000,11.0000
2.2360,0.7170,0.4250,0.4850,0.1920,0.0000,0.0000,1.0940,1.0000,2.9020,2.8250,1.0890,0.0000,0.0000,0.0000,69.9881,0.0000,4397.0000,1755.0000,0.0000,25.0000,31.0000,24.0000,11.0000
2.3350,0.7210,0.4950,0.4230,0.2560,0.0000,0.0000,1.1190,1.0000,2.9020,2.8250,1.0890,0.0000,0.0000,0.0000,69.9983,0.0000,4398.0000,1755.0000,0.0000,25.0000,31.0000,24.0000,11.0000
2.3250,0.7310,0.5590,0.4660,0.2870,0.0000,0.0000,1.0350,1.0000,2.9020,2.8250,1.0890,0.0000,0.0000,0.0000,69.9983,0.0000,4398.0000,1755.0000,0.0000,25.0000,31.0000,24.0000,11.0000
3.2440,0.7170,0.4850,0.4740,0.2550,0.0000,0.0000,2.0420,1.0000,2.9020,2.8250,1.0890,0.0000,0.0000,0.0000,70.0290,0.0000,4401.0000,1755.0000,0.0000,25.0000,31.0000,24.0000,11.0000
2.5910,0.8320,0.5110,0.4450,0.2710,0.0000,0.0000,1.2480,1.0000,2.9020,2.8250,1.0890,0.0000,0.0000,0.0000,69.7923,0.0000,4378.0000,1755.0000,0.0000,25.0000,31.0000,24.0000,11.0000
2.3190,0.8670,0.5060,0.4910,0.2020,0.0000,0.0000,0.9460,1.0000,2.9020,2.8250,1.0890,0.0000,0.0000,0.0000,69.7922,0.0000,4378.0000,1755.0000,0.0000,25.0000,31.0000,24.0000,11.0000
2.5520,0.7140,0.5010,0.5010,0.2780,0.0000,0.0000,1.3370,1.0000,2.9020,2.8250,1.0890,0.0000,0.0000,0.0000,69.8127,0.0000,4380.0000,1755.0000,0.0000,25.0000,31.0000,24.0000,10.0000
2.3650,0.7500,0.4890,0.4340,0.2450,0.0000,0.0000,1.1260,1.0000,2.9020,2.8250,1.0890,0.0000,0.0000,0.0000,69.8127,0.0000,4380.0000,1755.0000,0.0000,25.0000,31.0000,24.0000,10.0000
2.4110,0.7340,0.4740,0.4980,0.2370,0.0000,0.0000,1.2030,1.0000,2.9020,2.8250,1.0890,0.0000,0.0000,0.0000,69.8245,0.0000,4381.0000,1755.0000,0.0000,25.0000,31.0000,24.0000,10.0000
1.7830,0.7640,0.3440,0.4410,0.1530,0.0000,0.0000,0.6750,1.0000,2.9020,2.8250,1.0890,0.0000,0.0000,0.0000,69.8246,0.0000,4381.0000,1755.0000,0.0000,25.0000,31.0000,24.0000,10.0000
1.9740,0.5060,0.3200,0.3230,0.1420,0.0000,0.0000,1.1480,1.0000,2.9020,2.8250,1.0890,0.0000,0.0000,0.0000,69.8246,0.0000,4381.0000,1755.0000,0.0000,25.0000,31.0000,24.0000,9.0000
2.2760,0.6940,0.4110,0.4700,0.1900,0.0000,0.0000,1.1710,1.0000,2.9020,2.8250,1.0890,0.0000,0.0000,0.0000,69.8246,0.0000,4381.0000,1755.0000,0.0000,25.0000,31.0000,24.0000,9.0000
2.1980,0.7420,0.5410,0.5320,0.2870,0.0000,0.0000,0.9150,1.0000,2.9020,2.8250,1.0890,0.0000,0.0000,0.0000,69.8349,0.0000,4382.0000,1755.0000,0.0000,25.0000,31.0000,24.0000,9.0000
2.3840,0.6490,0.5040,0.4310,0.1590,0.0000,0.0000,1.2310,1.0000,2.9020,2.8250,1.0890,0.0000,0.0000,0.0000,69.8349,0.0000,4382.0000,1755.0000,0.0000,25.0000,31.0000,24.0000,9.0000
2.4250,0.7400,0.4530,0.4830,0.2100,0.0000,0.0000,1.2320,1.0000,2.9020,2.8250,1.0890,0.0000,0.0000,0.0000,69.8350,0.0000,4382.0000,1755.0000,0.0000,25.0000,31.0000,24.0000,9.0000
2.5460,0.6890,0.5430,0.4590,0.2950,0.0000,0.0000,1.3140,1.0000,2.9020,2.8250,1.0890,0.0000,0.0000,0.0000,69.8452,0.0000,4383.0000,1755.0000,0.0000,25.0000,31.0000,24.0000,9.0000
2.5260,0.8550,0.4930,0.5700,0.2570,0.0000,0.0000,1.1780,1.0000,2.9020,2.8250,1.0890,0.0000,0.0000,0.0000,69.8655,0.0000,4385.0000,1755.0000,0.0000,25.0000,31.0000,24.0000,9.0000
2.5880,0.7720,0.5920,0.4510,0.3460,0.0000,0.0000,1.2240,1.0000,2.9020,2.8250,1.0890,0.0000,0.0000,0.0000,69.8859,0.0000,4387.0000,1755.0000,0.0000,25.0000,31.0000,24.0000,9.0000
2.3260,0.8280,0.4240,0.4900,0.2000,0.0000,0.0000,1.0740,1.0000,2.9020,2.8250,1.0890,0.0000,0.0000,0.0000,69.8860,0.0000,4387.0000,1755.0000,0.0000,25.0000,31.0000,24.0000,9.0000
2.4360,0.6940,0.5390,0.4560,0.2890,0.0000,0.0000,1.2030,1.0000,2.9020,2.8250,1.0890,0.0000,0.0000,0.0000,69.8963,0.0000,4388.0000,1755.0000,0.0000,25.0000,31.0000,24.0000,9.0000
2.4440,0.7590,0.4940,0.4750,0.2100,0.0000,0.0000,1.1910,1.0000,2.9020,2.8250,1.0890,0.0000,0.0000,0.0000,69.8963,0.0000,4388.0000,1755.0000,0.0000,25.0000,31.0000,24.0000,9.0000
2.3170,0.7370,0.4530,0.4310,0.2180,0.0000,0.0000,1.1270,1.0000,2.9020,2.8250,1.0890,0.0000,0.0000,0.0000,69.8964,0.0000,4388.0000,1755.0000,0.0000,25.0000,31.0000,24.0000,9.0000
2.5010,0.7160,0.5300,0.4840,0.2890,0.0000,0.0000,1.2550,1.0000,2.9020,2.8250,1.0890,0.0000,0.0000,0.0000,69.8964,0.0000,4388.0000,1755.0000,0.0000,25.0000,31.0000,24.0000,9.0000
2.2820,0.7140,0.4130,0.4730,0.2030,0.0000,0.0000,1.1550,1.0000,2.9020,2.8250,1.0890,0.0000,0.0000,0.0000,69.8964,0.0000,4388.0000,1755.0000,0.0000,25.0000,31.0000,24.0000,9.0000
2.4580,0.6510,0.5530,0.4190,0.2950,0.0000,0.0000,1.2540,1.0000,2.9020,2.8250,1.0890,0.0000,0.0000,0.0000,69.9166,0.0000,4390.0000,1755.0000,0.0000,25.0000,31.0000,24.0000,9.0000
2.3610,0.8080,0.4650,0.4830,0.2020,0.0000,0.0000,1.0880,1.0000,2.9020,2.8250,1.0890,0.0000,0.0000,0.0000,69.9166,0.0000,4390.0000,1755.0000,0.0000,25.0000,31.0000,24.0000,8.0000
2.3680,0.7630,0.4880,0.4390,0.2560,0.0000,0.0000,1.1170,1.0000,2.9020,2.8250,1.0890,0.0000,0.0000,0.0000,69.9270,0.0000,4391.0000,1755.0000,0.0000,25.0000,31.0000,24.0000,8.0000
2.6140,0.7550,0.6200,0.4790,0.3540,0.0000,0.0000,1.2390,1.0000,2.9020,2.8250,1.0890,0.0000,0.0000,0.0000,69.9576,0.0000,4394.0000,1755.0000,0.0000,25.0000,31.0000,24.0000,8.0000
2.2950,0.8400,0.4640,0.4490,0.2110,0.0000,0.0000,0.9910,1.0000,2.9020,2.8250,1.0890,0.0000,0.0000,0.0000,69.9577,0.0000,4394.0000,1755.0000,0.0000,25.0000,31.0000,24.0000,8.0000
2.2970,0.6710,0.4780,0.4330,0.2390,0.0000,0.0000,1.1480,1.0000,2.9020,2.8250,1.0890,0.0000,0.0000,0.0000,69.9579,0.0000,4394.0000,1755.0000,0.0000,25.0000,31.0000,24.0000,8.0000
2.4310,0.7390,0.4750,0.4890,0.2020,0.0000,0.0000,1.2170,1.0000,2.9020,2.8250,1.0890,0.0000,0.0000,0.0000,69.9579,0.0000,4394.0000,1755.0000,0.0000,25.0000,31.0000,24.0000,8.0000
2.2420,0.8510,0.4490,0.5910,0.2170,0.0000,0.0000,0.9420,1.0000,2.9020,2.8250,1.0890,0.0000,0.0000,0.0000,69.9579,0.0000,4394.0000,1755.0000,0.0000,25.0000,31.0000,24.0000,8.0000
2.3200,0.6590,0.4720,0.4280,0.2310,0.0000,0.0000,1.1890,1.0000,2.9020,2.8250,1.0890,0.0000,0.0000,0.0000,69.9579,0.0000,4394.0000,1755.0000,0.0000,25.0000,31.0000,24.0000,8.0000
2.5190,0.7260,0.4640,0.4940,0.2000,0.0000,0.0000,1.3290,1.0000,2.9020,2.8250,1.0890,0.0000,0.0000,0.0000,69.9579,0.0000,4394.0000,1755.0000,0.0000,25.0000,31.0000,24.0000,8.0000
2.2390,0.8140,0.4470,0.4260,0.2090,0.0000,0.0000,0.9780,1.0000,2.9020,2.8250,1.0890,0.0000,0.0000,0.0000,69.9579,0.0000,4394.0000,1755.0000,0.0000,25.0000,31.0000,24.0000,8.0000
2.3750,0.6610,0.4940,0.4310,0.2400,0.0000,0.0000,1.2200,1.0000,2.9020,2.8250,1.0890,0.0000,0.0000,0.0000,69.9579,0.0000,4394.0000,1755.0000,0.0000,25.0000,31.0000,24.0000,8.0000
2.2470,0.8040,0.4310,0.5430,0.1960,0.0000,0.0000,1.0120,1.0000,2.9020,2.8250,1.0890,0.0000,0.0000,0.0000,69.9579,0.0000,4394.0000,1755.0000,0.0000,25.0000,31.0000,24.0000,8.0000
2.4640,0.6910,0.4220,0.4250,0.1930,0.0000,0.0000,1.3510,1.0000,2.9020,2.8250,1.0890,0.0000,0.0000,0.0000,69.9579,0.0000,4394.0000,1755.0000,0.0000,25.0000,31.0000,24.0000,8.0000
2.7200,0.6930,0.5370,0.4560,0.2890,0.0000,0.0000,1.4900,1.0000,2.9020,2.8250,1.0890,0.0000,0.0000,0.0000,69.9681,0.0000,4395.0000,1755.0000,0.0000,25.0000,31.0000,24.0000,8.0000
2.4850,0.7680,0.4380,0.4840,0.2060,0.0000,0.0000,1.2790,1.0000,2.9020,2.8250,1.0890,0.0000,0.0000,0.0000,69.9681,0.0000,4395.0000,1755.0000,0.0000,25.0000,31.0000,24.0000,8.0000
2.5640,0.7130,0.5040,0.4850,0.2320,0.0000,0.0000,1.3470,1.0000,2.9020,2.8250,1.0890,0.0000,0.0000,0.0000,69.9785,0.0000,4396.0000,1755.0000,0.0000,25.0000,31.0000,24.0000,7.0000
2.6180,0.7730,0.5290,0.4230,0.2980,0.0000,0.0000,1.3160,1.0000,2.9020,2.8250,1.0890,0.0000,0.0000,0.0000,69.9987,0.0000,4398.0000,1755.0000,0.0000,25.0000,31.0000,24.0000,7.0000
2.6280,0.8210,0.4730,0.4970,0.2340,0.0000,0.0000,1.3340,1.0000,2.9020,2.8250,1.0890,0.0000,0.0000,0.0000,70.0090,0.0000,4399.0000,1755.0000,0.0000,25.0000,31.0000,24.0000,8.0000
2.4360,0.8960,0.4790,0.5630,0.2100,0.0000,0.0000,1.0610,1.0000,2.9020,2.8250,1.0890,0.0000,0.0000,0.0000,70.0090,0.0000,4399.0000,1755.0000,0.0000,25.0000,31.0000,24.0000,8.0000
2.4340,0.8250,0.4380,0.5430,0.2010,0.0000,0.0000,1.1710,1.0000,2.9020,2.8250,1.0890,0.0000,0.0000,0.0000,69.7922,0.0000,4378.0000,1755.0000,0.0000,25.0000,31.0000,24.0000,8.0000
2.4670,0.6650,0.5330,0.4250,0.2890,0.0000,0.0000,1.2690,1.0000,2.9020,2.8250,1.0890,0.0000,0.0000,0.0000,69.7922,0.0000,4378.0000,1755.0000,0.0000,25.0000,31.0000,24.0000,8.0000
2.5120,0.7180,0.4490,0.4780,0.2060,0.0000,0.0000,1.3450,1.0000,2.9020,2.8250,1.0890,0.0000,0.0000,0.0000,69.7929,0.0000,4378.0000,1755.0000,0.0000,25.0000,32.0000,24.0000,8.0000
2.5850,0.7190,0.5420,0.4480,0.2980,0.0000,0.0000,1.3240,1.0000,2.9020,2.8250,1.0890,0.0000,0.0000,0.0000,69.8032,0.0000,4379.0000,1755.0000,0.0000,25.0000,32.0000,24.0000,8.0000
2.4620,0.7690,0.4710,0.4770,0.2260,0.0000,0.0000,1.2220,1.0000,2.9020,2.8250,1.0890,0.0000,0.0000,0.0000,69.8032,0.0000,4379.0000,1755.0000,0.0000,25.0000,32.0000,24.0000,8.0000
2.4190,0.7080,0.4830,0.4390,0.2350,0.0000,0.0000,1.2280,1.0000,2.9020,2.8250,1.0890,0.0000,0.0000,0.0000,69.8032,0.0000,4379.0000,1755.0000,0.0000,25.0000,32.0000,24.0000,8.0000
2.6210,0.7420,0.5300,0.5170,0.2450,0.0000,0.0000,1.3490,1.0000,2.9020,2.8250,1.0890,0.0000,0.0000,0.0000,69.8135,0.0000,4380.0000,1755.0000,0.0000,25.0000,32.0000,24.0000,8.0000
2.6990,0.7300,0.4760,0.4550,0.2330,0.0000,0.0000,1.4930,1.0000,2.9020,2.8250,1.0890,0.0000,0.0000,0.0000,69.8135,0.0000,4380.0000,1755.0000,0.0000,25.0000,32.0000,24.0000,8.0000
1.9430,0.9740,0.3390,0.7100,0.1440,0.0000,0.0000,0.6300,1.0000,2.9020,2.8250,1.0890,0.0000,0.0000,0.0000,69.8135,0.0000,4380.0000,1755.0000,0.0000,25.0000,32.0000,24.0000,8.0000
1.9980,0.5300,0.3640,0.3380,0.1780,0.0000,0.0000,1.1040,1.0000,2.9020,2.8250,1.0890,0.0000,0.0000,0.0000,69.8239,0.0000,4381.0000,1755.0000,0.0000,25.0000,32.0000,24.0000,8.0000
1.9090,0.6380,0.3290,0.3300,0.1450,0.0000,0.0000,0.9420,1.0000,2.9020,2.8250,1.0890,0.0000,0.0000,0.0000,69.8240,0.0000,4381.0000,1755.0000,0.0000,25.0000,32.0000,24.0000,8.0000
2.0020,0.5360,0.3290,0.3190,0.1430,0.0000,0.0000,1.1370,1.0000,2.9020,2.8250,1.0890,0.0000,0.0000,0.0000,69.8240,0.0000,4381.0000,1755.0000,0.0000,25.0000,32.0000,24.0000,8.0000
2.0350,0.5840,0.3710,0.4210,0.1750,0.0000,0.0000,1.0800,1.0000,2.9020,2.8250,1.0890,0.0000,0.0000,0.0000,69.8343,0.0000,4382.0000,1755.0000,0.0000,25.0000,32.0000,24.0000,8.0000
2.1100,0.5750,0.3470,0.3200,0.1450,0.0000,0.0000,1.1880,1.0000,2.9020,2.8250,1.0890,0.0000,0.0000,0.0000,69.8343,0.0000,4382.0000,1755.0000,0.0000,25.0000,32.0000,24.0000,8.0000
1.8730,0.6140,0.3770,0.3290,0.1530,0.0000,0.0000,0.8820,1.0000,2.9020,2.8250,1.0890,0.0000,0.0000,0.0000,69.8343,0.0000,4382.0000,1755.0000,0.0000,25.0000,32.0000,24.0000,8.0000
1.7950,0.5020,0.3470,0.3200,0.1470,0.0000,0.0000,0.9460,1.0000,2.9020,2.8250,1.0890,0.0000,0.0000,0.0000,69.8343,0.0000,4382.0000,1755.0000,0.0000,25.0000,32.0000,24.0000,8.0000
1.8310,0.5860,0.3290,0.3720,0.1420,0.0000,0.0000,0.9160,1.0000,2.9020,2.8250,1.0890,0.0000,0.0000,0.0000,69.8343,0.0000,4382.0000,1755.0000,0.0000,25.0000,32.0000,24.0000,8.0000
2.1020,0.5540,0.3980,0.3680,0.1850,0.0000,0.0000,1.1500,1.0000,2.9020,2.8250,1.0890,0.0000,0.0000,0.0000,69.8546,0.0000,4384.0000,1755.0000,0.0000,25.0000,32.0000,24.0000,8.0000
1.8250,0.7010,0.3710,0.4240,0.1420,0.0000,0.0000,0.7530,1.0000,2.9020,2.8250,1.0890,0.0000,0.0000,0.0000,69.8546,0.0000,4384.0000,1755.0000,0.0000,25.0000,32.0000,24.0000,8.0000
2.1760,0.5580,0.5620,0.3910,0.2150,0.0000,0.0000,1.0560,1.0000,2.9020,2.8250,1.0890,0.0000,0.0000,0.0000,69.8649,0.0000,4385.0000,1755.0000,0.0000,25.0000,32.0000,24.0000,8.0000
1.8260,0.6790,0.3640,0.4470,0.1440,0.0000,0.0000,0.7830,1.0000,2.9020,2.8250,1.0890,0.0000,0.0000,0.0000,69.8649,0.0000,4385.0000,1755.0000,0.0000,25.0000,32.0000,24.0000,8.0000
1.9810,0.5620,0.4210,0.3910,0.2260,0.0000,0.0000,0.9980,1.0000,2.9020,2.8250,1.0890,0.0000,0.0000,0.0000,69.8852,0.0000,4387.0000,1755.0000,0.0000,25.0000,32.0000,24.0000,8.0000
1.7880,0.6920,0.3770,0.4460,0.1820,0.0000,0.0000,0.7190,1.0000,2.9020,2.8250,1.0890,0.0000,0.0000,0.0000,69.8852,0.0000,4387.0000,1755.0000,0.0000,25.0000,32.0000,24.0000,8.0000
2.0390,0.5070,0.3870,0.3390,0.1930,0.0000,0.0000,1.1450,1.0000,2.9020,2.8250,1.0890,0.0000,0.0000,0.0000,69.8954,0.0000,4388.0000,1755.0000,0.0000,25.0000,32.0000,24.0000,8.0000
1.8910,0.6200,0.3440,0.3770,0.1420,0.0000,0.0000,0.9270,1.0000,2.9020,2.8250,1.0890,0.0000,0.0000,0.0000,69.8954,0.0000,4388.0000,1755.0000,0.0000,25.0000,32.0000,24.0000,8.0000
1.8930,0.5190,0.3450,0.3330,0.1700,0.0000,0.0000,1.0290,1.0000,2.9020,2.8250,1.0890,0.0000,0.0000,0.0000,69.8955,0.0000,4388.0000,1755.0000,0.0000,25.0000,32.0000,24.0000,8.0000
1.8990,0.5150,0.3620,0.3370,0.1750,0.0000,0.0000,1.0220,1.0000,2.9020,2.8250,1.0890,0.0000,0.0000,0.0000,69.9064,0.0000,4389.0000,1755.0000,0.0000,25.0000,33.0000,24.0000,8.0000
1.8780,0.5260,0.3230,0.3130,0.1400,0.0000,0.0000,1.0290,1.0000,2.9020,2.8250,1.0890,0.0000,0.0000,0.0000,69.9064,0.0000,4389.0000,1755.0000,0.0000,25.0000,33.0000,24.0000,8.0000
2.0040,0.5410,0.3690,0.3240,0.1500,0.0000,0.0000,1.0940,1.0000,2.9020,2.8250,1.0890,0.0000,0.0000,0.0000,69.9065,0.0000,4389.0000,1755.0000,0.0000,25.0000,33.0000,24.0000,8.0000
1.9310,0.5690,0.3790,0.3260,0.1890,0.0000,0.0000,0.9830,1.0000,2.9020,2.8250,1.0890,0.0000,0.0000,0.0000,69.9168,0.0000,4390.0000,1755.0000,0.0000,25.0000,33.0000,24.0000,8.0000
1.8090,0.5860,0.3560,0.3240,0.1420,0.0000,0.0000,0.8670,1.0000,2.9020,2.8250,1.0890,0.0000,0.0000,0.0000,69.9154,0.0000,4390.0000,1755.0000,0.0000,25.0000,31.0000,24.0000,8.0000
1.7870,0.5650,0.3510,0.3800,0.1420,0.0000,0.0000,0.8710,1.0000,2.9020,2.8250,1.0890,0.0000,0.0000,0.0000,69.9161,0.0000,4390.0000,1755.0000,0.0000,25.0000,32.0000,24.0000,8.0000
1.9330,0.5520,0.3970,0.3850,0.2070,0.0000,0.0000,0.9840,1.0000,2.9020,2.8250,1.0890,0.0000,0.0000,0.0000,69.9264,0.0000,4391.0000,1755.0000,0.0000,25.0000,32.0000,24.0000,8.0000
1.7300,0.5660,0.3450,0.3350,0.1430,0.0000,0.0000,0.8190,1.0000,2.9020,2.8250,1.0890,0.0000,0.0000,0.0000,69.9264,0.0000,4391.0000,1755.0000,0.0000,25.0000,32.0000,24.0000,8.0000
1.8540,0.4870,0.3140,0.3140,0.1380,0.0000,0.0000,1.0530,1.0000,2.9020,2.8250,1.0890,0.0000,0.0000,0.0000,69.9264,0.0000,4391.0000,1755.0000,0.0000,25.0000,32.0000,24.0000,8.0000
1.9210,0.5810,0.3250,0.3270,0.1410,0.0000,0.0000,1.0150,1.0000,2.9020,2.8250,1.0890,0.0000,0.0000,0.0000,69.9264,0.0000,4391.0000,1755.0000,0.0000,25.0000,32.0000,24.0000,8.0000
1.7730,0.5860,0.3230,0.4150,0.1410,0.0000,0.0000,0.8640,1.0000,2.9020,2.8250,1.0890,0.0000,0.0000,0.0000,69.9264,0.0000,4391.0000,1755.0000,0.0000,25.0000,32.0000,24.0000,8.0000
1.7050,0.6160,0.3470,0.4310,0.1390,0.0000,0.0000,0.7420,1.0000,2.9020,2.8250,1.0890,0.0000,0.0000,0.0000,69.9264,0.0000,4391.0000,1755.0000,0.0000,25.0000,32.0000,24.0000,8.0000
1.8180,0.5360,0.3500,0.3700,0.1770,0.0000,0.0000,0.9320,1.0000,2.9020,2.8250,1.0890,0.0000,0.0000,0.0000,69.9264,0.0000,4391.0000,1755.0000,0.0000,25.0000,32.0000,24.0000,8.0000
1.9770,0.5160,0.3170,0.3440,0.1380,0.0000,0.0000,1.1440,1.0000,2.9020,2.8250,1.0890,0.0000,0.0000,0.0000,69.9264,0.0000,4391.0000,1755.0000,0.0000,25.0000,32.0000,24.0000,8.0000
1.9370,0.5590,0.3690,0.3350,0.1780,0.0000,0.0000,1.0090,1.0000,2.9020,2.8250,1.0890,0.0000,0.0000,0.0000,69.9377,0.0000,4392.0000,1755.0000,0.0000,25.0000,33.0000,24.0000,7.0000
1.7350,0.5390,0.3290,0.3190,0.1460,0.0000,0.0000,0.8670,1.0000,2.9020,2.8250,1.0890,0.0000,0.0000,0.0000,69.9377,0.0000,4392.0000,1755.0000,0.0000,25.0000,33.0000,24.0000,7.0000
1.8890,0.5480,0.3660,0.3330,0.1760,0.0000,0.0000,0.9750,1.0000,2.9020,2.8250,1.0890,0.0000,0.0000,0.0000,69.9480,0.0000,4393.0000,1755.0000,0.0000,25.0000,33.0000,24.0000,7.0000
1.8710,0.5960,0.3800,0.3690,0.1410,0.0000,0.0000,0.8950,1.0000,2.9020,2.8250,1.0890,0.0000,0.0000,0.0000,69.9480,0.0000,4393.0000,1755.0000,0.0000,25.0000,33.0000,24.0000,7.0000
1.9090,0.5690,0.4040,0.4020,0.1540,0.0000,0.0000,0.9360,1.0000,2.9020,2.8250,1.0890,0.0000,0.0000,0.0000,69.9481,0.0000,4393.0000,1755.0000,0.0000,25.0000,33.0000,24.0000,7.0000
1.9200,0.5650,0.4170,0.3900,0.2190,0.0000,0.0000,0.9380,1.0000,2.9020,2.8250,1.0890,0.0000,0.0000,0.0000,69.9481,0.0000,4393.0000,1755.0000,0.0000,25.0000,33.0000,24.0000,7.0000
1.7580,0.5520,0.3440,0.3450,0.1440,0.0000,0.0000,0.8620,1.0000,2.9020,2.8250,1.0890,0.0000,0.0000,0.0000,69.9481,0.0000,4393.0000,1755.0000,0.0000,25.0000,33.0000,24.0000,7.0000
1.9860,0.5040,0.3550,0.3300,0.1450,0.0000,0.0000,1.1270,1.0000,2.9020,2.8250,1.0890,0.0000,0.0000,0.0000,69.9477,0.0000,4393.0000,1755.0000,0.0000,25.0000,33.0000,24.0000,7.0000
2.0380,0.6300,0.3250,0.4030,0.1400,0.0000,0.0000,1.0830,1.0000,2.9020,2.8250,1.0890,0.0000,0.0000,0.0000,69.7327,0.0000,4372.0000,1755.0000,0.0000,25.0000,33.0000,24.0000,7.0000
2.1300,0.5440,0.4790,0.3330,0.2830,0.0000,0.0000,1.1070,1.0000,2.9020,2.8250,1.0890,0.0000,0.0000,0.0000,69.7530,0.0000,4374.0000,1755.0000,0.0000,25.0000,33.0000,24.0000,7.0000
2.0700,0.6200,0.3490,0.3350,0.1580,0.0000,0.0000,1.1010,1.0000,2.9020,2.8250,1.0890,0.0000,0.0000,0.0000,69.7530,0.0000,4374.0000,1755.0000,0.0000,25.0000,33.0000,24.0000,7.0000
2.0000,0.4810,0.3450,0.3120,0.1440,0.0000,0.0000,1.1740,1.0000,2.9020,2.8250,1.0890,0.0000,0.0000,0.0000,69.7532,0.0000,4374.0000,1755.0000,0.0000,25.0000,33.0000,24.0000,7.0000
1.8740,0.5550,0.3640,0.3450,0.1720,0.0000,0.0000,0.9550,1.0000,2.9020,2.8250,1.0890,0.0000,0.0000,0.0000,69.7634,0.0000,4375.0000,1755.0000,0.0000,25.0000,33.0000,24.0000,8.0000
1.8330,0.5490,0.3430,0.3390,0.1600,0.0000,0.0000,0.9410,1.0000,2.9020,2.8250,1.0890,0.0000,0.0000,0.0000,69.7634,0.0000,4375.0000,1755.0000,0.0000,25.0000,33.0000,24.0000,8.0000
2.0970,0.4990,0.3650,0.3260,0.1800,0.0000,0.0000,1.2330,1.0000,2.9020,2.8250,1.0890,0.0000,0.0000,0.0000,69.7737,0.0000,4376.0000,1755.0000,0.0000,25.0000,33.0000,24.0000,8.0000
2.3000,0.5500,0.3970,0.3250,0.1960,0.0000,0.0000,1.3530,1.0000,2.9020,2.8250,1.0890,0.0000,0.0000,0.0000,69.7840,0.0000,4377.0000,1755.0000,0.0000,25.0000,33.0000,24.0000,8.0000
2.1070,0.5730,0.4240,0.3390,0.2100,0.0000,0.0000,1.1100,1.0000,2.9020,2.8250,1.0890,0.0000,0.0000,0.0000,69.7841,0.0000,4377.0000,1755.0000,0.0000,25.0000,33.0000,24.0000,8.0000
1.8890,0.5890,0.4260,0.4000,0.1960,0.0000,0.0000,0.8740,1.0000,2.9020,2.8250,1.0890,0.0000,0.0000,0.0000,69.7841,0.0000,4377.0000,1755.0000,0.0000,25.0000,33.0000,24.0000,8.0000
1.8250,0.5710,0.3930,0.4030,0.1930,0.0000,0.0000,0.8610,1.0000,2.9020,2.8250,1.0890,0.0000,0.0000,0.0000,69.7841,0.0000,4377.0000,1755.0000,0.0000,25.0000,33.0000,24.0000,8.0000
1.8720,0.5190,0.3670,0.3520,0.1590,0.0000,0.0000,0.9860,1.0000,2.9020,2.8250,1.0890,0.0000,0.0000,0.0000,69.7841,0.0000,4377.0000,1755.0000,0.0000,25.0000,33.0000,24.0000,8.0000
2.1070,0.5270,0.3290,0.3410,0.1470,0.0000,0.0000,1.2510,1.0000,2.9020,2.8250,1.0890,0.0000,0.0000,0.0000,69.7848,0.0000,4377.0000,1755.0000,0.0000,25.0000,34.0000,24.0000,8.0000
2.7840,0.7200,0.4170,0.4760,0.1990,0.0000,0.0000,1.6470,1.0000,2.9020,2.8250,1.0890,0.0000,0.0000,0.0000,69.8063,0.0000,4379.0000,1755.0000,0.0000,25.0000,34.0000,24.0000,8.0000
2.0510,1.0360,0.3650,0.7460,0.1680,0.0000,0.0000,0.6500,1.0000,2.9020,2.8250,1.0890,0.0000,0.0000,0.0000,69.8064,0.0000,4379.0000,1755.0000,0.0000,25.0000,34.0000,24.0000,8.0000
2.2730,0.5310,0.4380,0.3370,0.2100,0.0000,0.0000,1.3040,1.0000,2.9020,2.8250,1.0890,0.0000,0.0000,0.0000,69.8168,0.0000,4380.0000,1755.0000,0.0000,25.0000,34.0000,24.0000,8.0000
1.9690,0.5860,0.4220,0.3590,0.2070,0.0000,0.0000,0.9610,1.0000,2.9020,2.8250,1.0890,0.0000,0.0000,0.0000,69.8168,0.0000,4380.0000,1755.0000,0.0000,25.0000,34.0000,24.0000,8.0000
1.9460,0.5280,0.3900,0.3530,0.1900,0.0000,0.0000,1.0280,1.0000,2.9020,2.8250,1.0890,0.0000,0.0000,0.0000,69.8370,0.0000,4382.0000,1755.0000,0.0000,25.0000,34.0000,24.0000,8.0000
2.2060,0.5840,0.5980,0.3400,0.2060,0.0000,0.0000,1.0240,1.0000,2.9020,2.8250,1.0890,0.0000,0.0000,0.0000,69.8490,0.0000,4383.0000,1755.0000,0.0000,25.0000,34.0000,24.0000,8.0000
1.9150,0.6150,0.3770,0.3970,0.1830,0.0000,0.0000,0.9230,1.0000,2.9020,2.8250,1.0890,0.0000,0.0000,0.0000,69.8491,0.0000,4383.0000,1755.0000,0.0000,25.0000,34.0000,24.0000,8.0000
1.8770,0.5090,0.3750,0.3420,0.1800,0.0000,0.0000,0.9930,1.0000,2.9020,2.8250,1.0890,0.0000,0.0000,0.0000,69.8484,0.0000,4383.0000,1755.0000,0.0000,25.0000,33.0000,24.0000,8.0000
2.2050,0.5380,0.3440,0.3710,0.1580,0.0000,0.0000,1.3230,1.0000,2.9020,2.8250,1.0890,0.0000,0.0000,0.0000,69.8484,0.0000,4383.0000,1755.0000,0.0000,25.0000,33.0000,24.0000,8.0000
1.8570,0.7250,0.3910,0.4040,0.1900,0.0000,0.0000,0.7410,1.0000,2.9020,2.8250,1.0890,0.0000,0.0000,0.0000,69.8484,0.0000,4383.0000,1755.0000,0.0000,25.0000,33.0000,24.0000,7.0000
1.8420,0.5260,0.3520,0.3520,0.1530,0.0000,0.0000,0.9640,1.0000,2.9020,2.8250,1.0890,0.0000,0.0000,0.0000,69.8484,0.0000,4383.0000,1755.0000,0.0000,25.0000,33.0000,24.0000,7.0000
2.0740,0.5330,0.4080,0.3640,0.2030,0.0000,0.0000,1.1330,1.0000,2.9020,2.8250,1.0890,0.0000,0.0000,0.0000,69.8687,0.0000,4385.0000,1755.0000,0.0000,25.0000,33.0000,24.0000,7.0000
1.9120,0.5920,0.3490,0.3420,0.1590,0.0000,0.0000,0.9710,1.0000,2.9020,2.8250,1.0890,0.0000,0.0000,0.0000,69.8688,0.0000,4385.0000,1755.0000,0.0000,25.0000,33.0000,24.0000,7.0000
1.8840,0.5000,0.3410,0.3310,0.1590,0.0000,0.0000,1.0430,1.0000,2.9020,2.8250,1.0890,0.0000,0.0000,0.0000,69.8689,0.0000,4385.0000,1755.0000,0.0000,25.0000,33.0000,24.0000,7.0000
1.9780,0.4990,0.3750,0.3300,0.1880,0.0000,0.0000,1.1040,1.0000,2.9020,2.8250,1.0890,0.0000,0.0000,0.0000,69.8891,0.0000,4387.0000,1755.0000,0.0000,25.0000,33.0000,24.0000,7.0000
1.7620,0.6050,0.3330,0.3330,0.1450,0.0000,0.0000,0.8240,1.0000,2.9020,2.8250,1.0890,0.0000,0.0000,0.0000,69.8891,0.0000,4387.0000,1755.0000,0.0000,25.0000,33.0000,24.0000,7.0000
1.9150,0.5450,0.3750,0.3290,0.1510,0.0000,0.0000,0.9950,1.0000,2.9020,2.8250,1.0890,0.0000,0.0000,0.0000,69.8892,0.0000,4387.0000,1755.0000,0.0000,25.0000,33.0000,24.0000,7.0000
1.9920,0.5650,0.3990,0.3810,0.1870,0.0000,0.0000,1.0280,1.0000,2.9020,2.8250,1.0890,0.0000,0.0000,0.0000,69.9095,0.0000,4389.0000,1755.0000,0.0000,25.0000,33.0000,24.0000,7.0000
2.0960,0.6510,0.4130,0.3860,0.1500,0.0000,0.0000,1.0320,1.0000,2.9020,2.8250,1.0890,0.0000,0.0000,0.0000,69.9096,0.0000,4389.0000,1755.0000,0.0000,25.0000,33.0000,24.0000,8.0000
1.8940,0.6560,0.3280,0.4700,0.1470,0.0000,0.0000,0.9100,1.0000,2.9020,2.8250,1.0890,0.0000,0.0000,0.0000,69.9097,0.0000,4389.0000,1755.0000,0.0000,25.0000,33.0000,24.0000,8.0000
1.9360,0.5690,0.4020,0.3870,0.1510,0.0000,0.0000,0.9650,1.0000,2.9020,2.8250,1.0890,0.0000,0.0000,0.0000,69.9090,0.0000,4389.0000,1755.0000,0.0000,25.0000,32.0000,24.0000,8.0000
1.8470,0.5830,0.3740,0.3990,0.1520,0.0000,0.0000,0.8900,1.0000,2.9020,2.8250,1.0890,0.0000,0.0000,0.0000,69.9083,0.0000,4389.0000,1755.0000,0.0000,25.0000,31.0000,24.0000,8.0000
2.3190,0.5640,0.4930,0.3980,0.2920,0.0000,0.0000,1.2620,1.0000,2.9020,2.8250,1.0890,0.0000,0.0000,0.0000,69.9390,0.0000,4392.0000,1755.0000,0.0000,25.0000,31.0000,24.0000,8.0000
1.9030,0.7470,0.3410,0.4080,0.1500,0.0000,0.0000,0.8150,1.0000,2.9020,2.8250,1.0890,0.0000,0.0000,0.0000,69.9391,0.0000,4392.0000,1755.0000,0.0000,25.0000,31.0000,24.0000,8.0000
1.9800,0.5990,0.4190,0.3980,0.1550,0.0000,0.0000,0.9620,1.0000,2.9020,2.8250,1.0890,0.0000,0.0000,0.0000,69.9399,0.0000,4392.0000,1755.0000,0.0000,25.0000,32.0000,24.0000,8.0000
2.0590,0.5850,0.4180,0.3940,0.1760,0.0000,0.0000,1.0560,1.0000,2.9020,2.8250,1.0890,0.0000,0.0000,0.0000,69.9622,0.0000,4394.0000,1755.0000,0.0000,25.0000,32.0000,24.0000,8.0000
2.0090,0.6820,0.3800,0.3920,0.1520,0.0000,0.0000,0.9470,1.0000,2.9020,2.8250,1.0890,0.0000,0.0000,0.0000,69.9622,0.0000,4394.0000,1755.0000,0.0000,25.0000,32.0000,24.0000,8.0000
2.0380,0.5840,0.3700,0.3920,0.1800,0.0000,0.0000,1.0840,1.0000,2.9020,2.8250,1.0890,0.0000,0.0000,0.0000,69.9734,0.0000,4395.0000,1755.0000,0.0000,25.0000,33.0000,24.0000,9.0000
1.9020,0.6840,0.3730,0.4510,0.1490,0.0000,0.0000,0.8450,1.0000,2.9020,2.8250,1.0890,0.0000,0.0000,0.0000,69.9734,0.0000,4395.0000,1755.0000,0.0000,25.0000,33.0000,24.0000,9.0000
1.9520,0.5900,0.3900,0.3920,0.1780,0.0000,0.0000,0.9720,1.0000,2.9020,2.8250,1.0890,0.0000,0.0000,0.0000,69.9837,0.0000,4396.0000,1755.0000,0.0000,25.0000,33.0000,24.0000,9.0000
1.9960,0.6430,0.4070,0.4060,0.1560,0.0000,0.0000,0.9460,1.0000,2.9020,2.8250,1.0890,0.0000,0.0000,0.0000,69.9837,0.0000,4396.0000,1755.0000,0.0000,25.0000,33.0000,24.0000,9.0000
1.9640,0.6110,0.3690,0.4160,0.1520,0.0000,0.0000,0.9840,1.0000,2.9020,2.8250,1.0890,0.0000,0.0000,0.0000,69.9833,0.0000,4396.0000,1755.0000,0.0000,25.0000,32.0000,24.0000,10.0000
1.9450,0.6590,0.4110,0.4870,0.1930,0.0000,0.0000,0.8750,1.0000,2.9020,2.8250,1.0890,0.0000,0.0000,0.0000,69.9833,0.0000,4396.0000,1755.0000,0.0000,25.0000,32.0000,24.0000,10.0000
2.4810,0.5850,0.4070,0.4090,0.1580,0.0000,0.0000,1.4890,1.0000,2.9020,2.8250,1.0890,0.0000,0.0000,0.0000,69.9828,0.0000,4396.0000,1755.0000,0.0000,25.0000,32.0000,24.0000,10.0000
2.4710,0.6770,0.4600,0.4150,0.2230,0.0000,0.0000,1.3340,1.0000,2.9020,2.8250,1.0890,0.0000,0.0000,0.0000,69.7774,0.0000,4376.0000,1755.0000,0.0000,25.0000,32.0000,24.0000,10.0000
2.1610,0.6190,0.4230,0.3780,0.2180,0.0000,0.0000,1.1190,1.0000,2.9020,2.8250,1.0890,0.0000,0.0000,0.0000,69.7781,0.0000,4376.0000,1755.0000,0.0000,25.0000,33.0000,24.0000,10.0000
2.0100,0.6540,0.4020,0.4710,0.1550,0.0000,0.0000,0.9540,1.0000,2.9020,2.8250,1.0890,0.0000,0.0000,0.0000,69.7781,0.0000,4376.0000,1755.0000,0.0000,25.0000,33.0000,24.0000,10.0000
2.5800,0.6090,0.5270,0.4230,0.2430,0.0000,0.0000,1.4440,1.0000,2.9020,2.8250,1.0890,0.0000,0.0000,0.0000,69.7884,0.0000,4377.0000,1755.0000,0.0000,25.0000,33.0000,24.0000,10.0000
2.1240,0.8020,0.3990,0.4360,0.1920,0.0000,0.0000,0.9230,1.0000,2.9020,2.8250,1.0890,0.0000,0.0000,0.0000,69.7884,0.0000,4377.0000,1755.0000,0.0000,25.0000,33.0000,24.0000,10.0000
2.3160,0.5720,0.4100,0.3830,0.1990,0.0000,0.0000,1.3340,1.0000,2.9020,2.8250,1.0890,0.0000,0.0000,0.0000,69.7894,0.0000,4377.0000,1755.0000,0.0000,25.0000,34.0000,24.0000,10.0000
2.7740,0.7540,0.5080,0.5180,0.2510,0.0000,0.0000,1.5120,1.0000,2.9020,2.8250,1.0890,0.0000,0.0000,0.0000,69.7997,0.0000,4378.0000,1755.0000,0.0000,25.0000,34.0000,24.0000,10.0000
2.5070,0.7460,0.4880,0.4590,0.2010,0.0000,0.0000,1.2730,1.0000,2.9020,2.8250,1.0890,0.0000,0.0000,0.0000,69.7997,0.0000,4378.0000,1755.0000,0.0000,25.0000,34.0000,24.0000,10.0000
2.5660,0.7030,0.4600,0.4970,0.2140,0.0000,0.0000,1.4030,1.0000,2.9020,2.8250,1.0890,0.0000,0.0000,0.0000,69.7999,0.0000,4378.0000,1755.0000,0.0000,25.0000,34.0000,24.0000,11.0000
2.7290,0.7370,0.5550,0.5250,0.2450,0.0000,0.0000,1.4370,1.0000,2.9020,2.8250,1.0890,0.0000,0.0000,0.0000,69.7999,0.0000,4378.0000,1755.0000,0.0000,25.0000,34.0000,24.0000,10.0000
2.9310,0.7480,0.5620,0.4720,0.2840,0.0000,0.0000,1.6210,1.0000,2.9020,2.8250,1.0890,0.0000,0.0000,0.0000,69.7999,0.0000,4378.0000,1755.0000,0.0000,25.0000,34.0000,24.0000,10.0000
3.0590,0.8470,0.6750,0.5830,0.4070,0.0000,0.0000,1.5370,1.0000,2.9020,2.8250,1.0890,0.0000,0.0000,0.0000,69.8102,0.0000,4379.0000,1755.0000,0.0000,25.0000,34.0000,24.0000,10.0000
2.9300,0.9640,0.5080,0.7120,0.2760,0.0000,0.0000,1.4580,1.0000,2.9020,2.8250,1.0890,0.0000,0.0000,0.0000,69.8207,0.0000,4380.0000,1755.0000,0.0000,25.0000,34.0000,24.0000,10.0000
3.0340,1.0260,0.4840,0.6840,0.2360,0.0000,0.0000,1.5240,1.0000,2.9020,2.8250,1.0890,0.0000,0.0000,0.0000,69.8247,0.0000,4381.0000,1755.0000,0.0000,25.0000,34.0000,24.0000,10.0000
3.0690,0.9170,0.5360,0.6430,0.2740,0.0000,0.0000,1.6160,1.0000,2.9020,2.8250,1.0890,0.0000,0.0000,0.0000,69.8220,0.0000,4381.0000,1755.0000,0.0000,25.0000,33.0000,24.0000,10.0000
3.4590,1.0270,0.8140,0.7490,0.4830,0.0000,0.0000,1.6180,1.0000,2.9020,2.8250,1.0890,0.0000,0.0000,0.0000,69.8805,0.0000,4392.0000,1755.0000,0.0000,25.0000,33.0000,24.0000,10.0000
3.3450,1.1640,0.5150,0.5850,0.2720,0.0000,0.0000,1.6660,1.0000,2.9020,2.8250,1.0890,0.0000,0.0000,0.0000,69.9003,0.0000,4394.0000,1755.0000,0.0000,25.0000,32.0000,24.0000,10.0000
2.8540,0.9610,0.5010,0.5880,0.2520,0.0000,0.0000,1.3920,1.0000,2.9020,2.8250,1.0890,0.0000,0.0000,0.0000,69.9013,0.0000,4394.0000,1755.0000,0.0000,25.0000,33.0000,24.0000,10.0000
2.8470,0.9080,0.5330,0.6500,0.2840,0.0000,0.0000,1.4060,1.0000,2.9020,2.8250,1.0890,0.0000,0.0000,0.0000,69.9117,0.0000,4395.0000,1755.0000,0.0000,25.0000,33.0000,24.0000,10.0000
4.6820,0.8710,0.4650,0.5640,0.2160,0.0000,0.0000,3.3460,1.0000,2.9020,2.8250,1.0890,0.0000,0.0000,0.0000,69.9117,0.0000,4395.0000,1755.0000,0.0000,25.0000,33.0000,24.0000,10.0000
4.1980,2.0360,1.2100,1.6010,0.6600,0.0000,0.0000,0.9520,1.0000,2.9020,2.8250,1.0890,0.0000,0.0000,0.0000,69.9110,0.0000,4395.0000,1755.0000,0.0000,25.0000,32.0000,24.0000,10.0000
2.7290,0.8250,0.5280,0.5020,0.2690,0.0000,0.0000,1.3760,1.0000,2.9020,2.8250,1.0890,0.0000,0.0000,0.0000,69.9213,0.0000,4396.0000,1755.0000,0.0000,25.0000,32.0000,24.0000,10.0000
2.8100,0.7220,0.6210,0.4330,0.2940,0.0000,0.0000,1.4670,1.0000,2.9020,2.8250,1.0890,0.0000,0.0000,0.0000,69.9213,0.0000,4396.0000,1755.0000,0.0000,25.0000,32.0000,24.0000,10.0000
3.1520,0.7850,0.6190,0.4790,0.3350,0.0000,0.0000,1.7480,1.0000,2.9020,2.8250,1.0890,0.0000,0.0000,0.0000,69.9309,0.0000,4397.0000,1755.0000,0.0000,25.0000,31.0000,24.0000,11.0000
3.6720,1.0420,0.9350,0.6430,0.3200,0.0000,0.0000,1.6950,1.0000,2.9020,2.8250,1.0890,0.0000,0.0000,0.0000,69.9413,0.0000,4398.0000,1755.0000,0.0000,25.0000,31.0000,24.0000,11.0000
2.8930,1.0070,0.5230,0.6760,0.2550,0.0000,0.0000,1.3630,1.0000,2.9020,2.8250,1.0890,0.0000,0.0000,0.0000,69.9414,0.0000,4398.0000,1755.0000,0.0000,25.0000,31.0000,24.0000,11.0000
3.0810,0.8600,0.5560,0.5820,0.2780,0.0000,0.0000,1.6650,1.0000,2.9020,2.8250,1.0890,0.0000,0.0000,0.0000,69.9415,0.0000,4398.0000,1755.0000,0.0000,25.0000,31.0000,24.0000,11.0000
3.2720,0.9280,0.5310,0.5760,0.2580,0.0000,0.0000,1.8130,1.0000,2.9020,2.8250,1.0890,0.0000,0.0000,0.0000,69.9415,0.0000,4398.0000,1755.0000,0.0000,25.0000,31.0000,24.0000,11.0000
4.8750,0.9010,0.6780,0.5940,0.3390,0.0000,0.0000,3.2960,1.0000,2.9020,2.8250,1.0890,0.0000,0.0000,0.0000,69.9415,0.0000,4398.0000,1755.0000,0.0000,25.0000,31.0000,24.0000,11.0000
3.1570,0.8250,0.8230,0.4730,0.4190,0.0000,0.0000,1.5090,1.0000,2.9020,2.8250,1.0890,0.0000,0.0000,0.0000,69.9517,0.0000,4399.0000,1755.0000,0.0000,25.0000,31.0000,24.0000,11.0000
2.1490,0.9050,0.3700,0.5030,0.1530,0.0000,0.0000,0.8740,1.0000,2.9020,2.8250,1.0890,0.0000,0.0000,0.0000,69.9517,0.0000,4399.0000,1755.0000,0.0000,25.0000,31.0000,24.0000,11.0000
2.6380,0.5630,0.5660,0.3670,0.2380,0.0000,0.0000,1.5090,1.0000,2.9020,2.8250,1.0890,0.0000,0.0000,0.0000,69.9515,0.0000,4399.0000,1755.0000,0.0000,25.0000,31.0000,24.0000,11.0000
3.0030,0.6970,0.5100,0.3830,0.2240,0.0000,0.0000,1.7960,1.0000,2.9020,2.8250,1.0890,0.0000,0.0000,0.0000,69.7859,0.0000,4383.0000,1755.0000,0.0000,25.0000,30.0000,24.0000,12.0000
2.9820,1.0010,0.5800,0.6740,0.2850,0.0000,0.0000,1.4010,1.0000,2.9020,2.8250,1.0890,0.0000,0.0000,0.0000,69.7859,0.0000,4383.0000,1755.0000,0.0000,25.0000,30.0000,24.0000,12.0000
2.5180,0.9090,0.6460,0.6560,0.3330,0.0000,0.0000,0.9630,1.0000,2.9020,2.8250,1.0890,0.0000,0.0000,0.0000,69.7969,0.0000,4384.0000,1755.0000,0.0000,25.0000,31.0000,24.0000,12.0000
2.2100,0.6890,0.4900,0.4320,0.2120,0.0000,0.0000,1.0310,1.0000,2.9020,2.8250,1.0890,0.0000,0.0000,0.0000,69.8072,0.0000,4385.0000,1755.0000,0.0000,25.0000,31.0000,24.0000,12.0000
2.0050,0.6390,0.3600,0.3550,0.1530,0.0000,0.0000,1.0060,1.0000,2.9020,2.8250,1.0890,0.0000,0.0000,0.0000,69.8030,0.0000,4379.0000,1755.0000,0.0000,25.0000,30.0000,24.0000,13.0000
2.1580,0.6330,0.4000,0.4070,0.2050,0.0000,0.0000,1.1250,1.0000,2.9020,2.8250,1.0890,0.0000,0.0000,0.0000,69.8031,0.0000,4379.0000,1755.0000,0.0000,25.0000,30.0000,24.0000,12.0000
1.9430,0.6810,0.3500,0.4160,0.1530,0.0000,0.0000,0.9120,1.0000,2.9020,2.8250,1.0890,0.0000,0.0000,0.0000,69.8038,0.0000,4379.0000,1755.0000,0.0000,25.0000,31.0000,24.0000,12.0000
2.0350,0.6020,0.3910,0.3700,0.1930,0.0000,0.0000,1.0420,1.0000,2.9020,2.8250,1.0890,0.0000,0.0000,0.0000,69.8147,0.0000,4380.0000,1755.0000,0.0000,25.0000,32.0000,24.0000,12.0000
2.0300,0.6220,0.3910,0.3500,0.1930,0.0000,0.0000,1.0170,1.0000,2.9020,2.8250,1.0890,0.0000,0.0000,0.0000,69.8250,0.0000,4381.0000,1755.0000,0.0000,25.0000,32.0000,24.0000,12.0000
2.1060,0.6240,0.4030,0.3470,0.2080,0.0000,0.0000,1.0790,1.0000,2.9020,2.8250,1.0890,0.0000,0.0000,0.0000,69.8560,0.0000,4384.0000,1755.0000,0.0000,25.0000,32.0000,24.0000,12.0000
2.0190,0.6590,0.3530,0.3470,0.1580,0.0000,0.0000,1.0070,1.0000,2.9020,2.8250,1.0890,0.0000,0.0000,0.0000,69.8568,0.0000,4384.0000,1755.0000,0.0000,25.0000,33.0000,24.0000,12.0000
2.1290,0.5470,0.4030,0.3620,0.2040,0.0000,0.0000,1.1790,1.0000,2.9020,2.8250,1.0890,0.0000,0.0000,0.0000,69.8659,0.0000,4384.0000,1755.0000,0.0000,25.0000,33.0000,24.0000,12.0000
1.9590,0.5860,0.3650,0.3570,0.1670,0.0000,0.0000,1.0080,1.0000,2.9020,2.8250,1.0890,0.0000,0.0000,0.0000,69.8659,0.0000,4384.0000,1755.0000,0.0000,25.0000,33.0000,24.0000,11.0000
2.0980,0.5490,0.4080,0.3690,0.2120,0.0000,0.0000,1.1410,1.0000,2.9020,2.8250,1.0890,0.0000,0.0000,0.0000,69.8762,0.0000,4385.0000,1755.0000,0.0000,25.0000,33.0000,24.0000,12.0000
2.1600,0.5820,0.3840,0.3630,0.1650,0.0000,0.0000,1.1940,1.0000,2.9020,2.8250,1.0890,0.0000,0.0000,0.0000,69.8762,0.0000,4385.0000,1755.0000,0.0000,25.0000,33.0000,24.0000,12.0000
2.0410,0.6100,0.4370,0.3880,0.2220,0.0000,0.0000,0.9940,1.0000,2.9020,2.8250,1.0890,0.0000,0.0000,0.0000,69.8770,0.0000,4385.0000,1755.0000,0.0000,25.0000,34.0000,24.0000,12.0000
2.1970,0.6120,0.4380,0.4290,0.2370,0.0000,0.0000,1.1470,1.0000,2.9020,2.8250,1.0890,0.0000,0.0000,0.0000,69.8872,0.0000,4386.0000,1755.0000,0.0000,25.0000,34.0000,24.0000,12.0000
2.1220,0.6890,0.3930,0.4540,0.1640,0.0000,0.0000,1.0400,1.0000,2.9020,2.8250,1.0890,0.0000,0.0000,0.0000,69.8872,0.0000,4386.0000,1755.0000,0.0000,25.0000,34.0000,24.0000,12.0000
2.6120,0.6910,0.3910,0.4340,0.1630,0.0000,0.0000,1.5300,1.0000,2.9020,2.8250,1.0890,0.0000,0.0000,0.0000,69.8990,0.0000,4387.0000,1755.0000,0.0000,25.0000,34.0000,24.0000,12.0000
2.9020,0.8830,0.5610,0.5010,0.2440,0.0000,0.0000,1.4580,1.0000,2.9020,2.8250,1.0890,0.0000,0.0000,0.0000,69.8997,0.0000,4387.0000,1755.0000,0.0000,25.0000,35.0000,24.0000,12.0000
3.5280,0.7820,0.6140,0.4830,0.3460,0.0000,0.0000,2.1320,1.0000,2.9020,2.8250,1.0890,0.0000,0.0000,0.0000,69.9295,0.0000,4390.0000,1755.0000,0.0000,25.0000,34.0000,24.0000,12.0000
2.6290,1.0340,0.4850,0.5990,0.2270,0.0000,0.0000,1.1100,1.0000,2.9020,2.8250,1.0890,0.0000,0.0000,0.0000,69.9295,0.0000,4390.0000,1755.0000,0.0000,25.0000,34.0000,24.0000,12.0000
2.7850,0.6630,0.5400,0.4380,0.2330,0.0000,0.0000,1.5820,1.0000,2.9020,2.8250,1.0890,0.0000,0.0000,0.0000,69.9303,0.0000,4390.0000,1755.0000,0.0000,25.0000,35.0000,24.0000,12.0000
3.0070,0.8550,0.6140,0.4910,0.3510,0.0000,0.0000,1.5380,1.0000,2.9020,2.8250,1.0890,0.0000,0.0000,0.0000,69.9507,0.0000,4392.0000,1755.0000,0.0000,25.0000,35.0000,24.0000,12.0000
2.8150,0.8880,0.6370,0.4850,0.3230,0.0000,0.0000,1.2900,1.0000,2.9020,2.8250,1.0890,0.0000,0.0000,0.0000,69.9500,0.0000,4392.0000,1755.0000,0.0000,25.0000,34.0000,24.0000,12.0000
4.3660,0.7190,0.6240,0.4260,0.3490,0.0000,0.0000,3.0230,1.0000,2.9020,2.8250,1.0890,0.0000,0.0000,0.0000,69.9703,0.0000,4394.0000,1755.0000,0.0000,25.0000,34.0000,24.0000,12.0000
3.2230,0.8370,0.6820,0.4980,0.3250,0.0000,0.0000,1.7040,1.0000,2.9020,2.8250,1.0890,0.0000,0.0000,0.0000,69.9813,0.0000,4395.0000,1755.0000,0.0000,25.0000,35.0000,24.0000,12.0000
3.1760,0.8660,0.5450,0.5150,0.2890,0.0000,0.0000,1.7650,1.0000,2.9020,2.8250,1.0890,0.0000,0.0000,0.0000,70.0023,0.0000,4397.0000,1755.0000,0.0000,25.0000,36.0000,24.0000,11.0000
2.7790,0.9070,0.5270,0.5440,0.2510,0.0000,0.0000,1.3450,1.0000,2.9020,2.8250,1.0890,0.0000,0.0000,0.0000,70.0017,0.0000,4397.0000,1755.0000,0.0000,25.0000,35.0000,24.0000,12.0000
2.9430,0.7450,0.4600,0.5030,0.1790,0.0000,0.0000,1.7380,1.0000,2.9020,2.8250,1.0890,0.0000,0.0000,0.0000,70.0018,0.0000,4397.0000,1755.0000,0.0000,25.0000,35.0000,24.0000,12.0000
7.4390,0.6490,1.4870,0.4420,1.2070,0.0000,0.0000,5.3030,1.0000,2.9020,2.8250,1.0890,0.0000,0.0000,0.0000,70.0025,0.0000,4397.0000,1755.0000,0.0000,25.0000,36.0000,24.0000,12.0000
2.5980,0.6030,0.4230,0.3870,0.1950,0.0000,0.0000,1.5720,1.0000,2.9020,2.8250,1.0890,0.0000,0.0000,0.0000,70.0025,0.0000,4397.0000,1755.0000,0.0000,25.0000,36.0000,24.0000,12.0000
3.0270,0.7870,0.6240,0.5100,0.3160,0.0000,0.0000,1.6160,1.0000,2.9020,2.8250,1.0890,0.0000,0.0000,0.0000,70.0220,0.0000,4399.0000,1755.0000,0.0000,25.0000,35.0000,24.0000,12.0000
2.5220,0.8000,0.4990,0.4500,0.2050,0.0000,0.0000,1.2230,1.0000,2.9020,2.8250,1.0890,0.0000,0.0000,0.0000,70.0227,0.0000,4399.0000,1755.0000,0.0000,25.0000,36.0000,24.0000,12.0000
2.8050,0.7160,0.6000,0.4540,0.2990,0.0000,0.0000,1.4890,1.0000,2.9020,2.8250,1.0890,0.0000,0.0000,0.0000,70.0231,0.0000,4399.0000,1755.0000,0.0000,25.0000,37.0000,24.0000,12.0000
2.8110,0.7880,0.4870,0.5350,0.2160,0.0000,0.0000,1.5360,1.0000,2.9020,2.8250,1.0890,0.0000,0.0000,0.0000,69.7707,0.0000,4375.0000,1755.0000,0.0000,25.0000,37.0000,24.0000,13.0000
2.5920,0.8010,0.4730,0.5500,0.2360,0.0000,0.0000,1.3180,1.0000,2.9020,2.8250,1.0890,0.0000,0.0000,0.0000,69.7903,0.0000,4377.0000,1755.0000,0.0000,25.0000,36.0000,24.0000,13.0000
2.4720,0.7260,0.5160,0.4110,0.2940,0.0000,0.0000,1.2300,1.0000,2.9020,2.8250,1.0890,0.0000,0.0000,0.0000,69.7904,0.0000,4377.0000,1755.0000,0.0000,25.0000,36.0000,24.0000,13.0000
2.7840,0.6570,0.4670,0.4360,0.2410,0.0000,0.0000,1.6600,1.0000,2.9020,2.8250,1.0890,0.0000,0.0000,0.0000,69.8014,0.0000,4378.0000,1755.0000,0.0000,25.0000,37.0000,24.0000,13.0000
2.5980,0.7380,0.5540,0.4310,0.2750,0.0000,0.0000,1.3060,1.0000,2.9020,2.8250,1.0890,0.0000,0.0000,0.0000,69.8118,0.0000,4379.0000,1755.0000,0.0000,25.0000,37.0000,24.0000,13.0000
2.2650,0.7430,0.6030,0.4250,0.3400,0.0000,0.0000,0.9190,1.0000,2.9020,2.8250,1.0890,0.0000,0.0000,0.0000,69.8215,0.0000,4380.0000,1755.0000,0.0000,25.0000,36.0000,24.0000,13.0000
1.6900,0.5930,0.3440,0.3740,0.1750,0.0000,0.0000,0.7530,1.0000,2.9020,2.8250,1.0890,0.0000,0.0000,0.0000,69.8215,0.0000,4380.0000,1755.0000,0.0000,25.0000,36.0000,24.0000,13.0000
1.7380,0.4500,0.2960,0.2940,0.1410,0.0000,0.0000,0.9920,1.0000,2.9020,2.8250,1.0890,0.0000,0.0000,0.0000,69.8216,0.0000,4380.0000,1755.0000,0.0000,25.0000,36.0000,24.0000,13.0000
1.7770,0.5640,0.3450,0.3330,0.1690,0.0000,0.0000,0.8680,1.0000,2.9020,2.8250,1.0890,0.0000,0.0000,0.0000,69.8529,0.0000,4383.0000,1755.0000,0.0000,25.0000,37.0000,24.0000,13.0000
1.7950,0.5820,0.3430,0.2970,0.1610,0.0000,0.0000,0.8700,1.0000,2.9020,2.8250,1.0890,0.0000,0.0000,0.0000,69.8732,0.0000,4385.0000,1755.0000,0.0000,25.0000,37.0000,24.0000,13.0000
1.8000,0.5840,0.4070,0.3630,0.2350,0.0000,0.0000,0.8090,1.0000,2.9020,2.8250,1.0890,0.0000,0.0000,0.0000,69.8837,0.0000,4386.0000,1755.0000,0.0000,25.0000,37.0000,24.0000,13.0000
1.7510,0.4970,0.3250,0.3130,0.1550,0.0000,0.0000,0.9290,1.0000,2.9020,2.8250,1.0890,0.0000,0.0000,0.0000,69.8934,0.0000,4387.0000,1755.0000,0.0000,25.0000,36.0000,24.0000,13.0000
1.7190,0.4780,0.3080,0.2780,0.1290,0.0000,0.0000,0.9330,1.0000,2.9020,2.8250,1.0890,0.0000,0.0000,0.0000,69.8934,0.0000,4387.0000,1755.0000,0.0000,25.0000,36.0000,24.0000,13.0000
1.7140,0.5270,0.3410,0.3200,0.1670,0.0000,0.0000,0.8460,1.0000,2.9020,2.8250,1.0890,0.0000,0.0000,0.0000,69.9045,0.0000,4388.0000,1755.0000,0.0000,25.0000,37.0000,24.0000,13.0000
2.0700,0.5100,0.3560,0.3290,0.1980,0.0000,0.0000,1.2040,1.0000,2.9020,2.8250,1.0890,0.0000,0.0000,0.0000,69.9255,0.0000,4390.0000,1755.0000,0.0000,25.0000,38.0000,24.0000,13.0000
1.9940,0.6950,0.3380,0.4070,0.1590,0.0000,0.0000,0.9610,1.0000,2.9020,2.8250,1.0890,0.0000,0.0000,0.0000,69.9259,0.0000,4390.0000,1755.0000,0.0000,25.0000,37.0000,24.0000,13.0000
1.9030,0.7860,0.4560,0.6280,0.2900,0.0000,0.0000,0.6610,1.0000,2.9020,2.8250,1.0890,0.0000,0.0000,0.0000,69.9464,0.0000,4392.0000,1755.0000,0.0000,25.0000,37.0000,24.0000,13.0000
1.5760,0.5450,0.2790,0.3280,0.1200,0.0000,0.0000,0.7520,1.0000,2.9020,2.8250,1.0890,0.0000,0.0000,0.0000,69.9473,0.0000,4392.0000,1755.0000,0.0000,25.0000,38.0000,24.0000,13.0000
1.6370,0.4380,0.2920,0.2770,0.1210,0.0000,0.0000,0.9070,1.0000,2.9020,2.8250,1.0890,0.0000,0.0000,0.0000,69.9474,0.0000,4392.0000,1755.0000,0.0000,25.0000,38.0000,24.0000,13.0000
1.6420,0.5290,0.3130,0.3830,0.1290,0.0000,0.0000,0.8000,1.0000,2.9020,2.8250,1.0890,0.0000,0.0000,0.0000,69.9474,0.0000,4392.0000,1755.0000,0.0000,25.0000,38.0000,24.0000,13.0000
1.6750,0.4180,0.3030,0.2720,0.1480,0.0000,0.0000,0.9540,1.0000,2.9020,2.8250,1.0890,0.0000,0.0000,0.0000,69.9576,0.0000,4393.0000,1755.0000,0.0000,25.0000,38.0000,24.0000,13.0000
1.6570,0.4690,0.3330,0.2720,0.1550,0.0000,0.0000,0.8550,1.0000,2.9020,2.8250,1.0890,0.0000,0.0000,0.0000,69.9665,0.0000,4394.0000,1755.0000,0.0000,25.0000,36.0000,24.0000,13.0000
1.6220,0.5070,0.3030,0.2880,0.1220,0.0000,0.0000,0.8120,1.0000,2.9020,2.8250,1.0890,0.0000,0.0000,0.0000,69.9673,0.0000,4394.0000,1755.0000,0.0000,25.0000,37.0000,24.0000,13.0000
1.5840,0.4200,0.2740,0.2740,0.1190,0.0000,0.0000,0.8900,1.0000,2.9020,2.8250,1.0890,0.0000,0.0000,0.0000,69.9682,0.0000,4394.0000,1755.0000,0.0000,25.0000,38.0000,24.0000,13.0000
1.6530,0.4730,0.3140,0.2910,0.1590,0.0000,0.0000,0.8660,1.0000,2.9020,2.8250,1.0890,0.0000,0.0000,0.0000,69.9771,0.0000,4395.0000,1755.0000,0.0000,25.0000,36.0000,24.0000,13.0000
1.6530,0.5090,0.3030,0.3210,0.1550,0.0000,0.0000,0.8410,1.0000,2.9020,2.8250,1.0890,0.0000,0.0000,0.0000,69.9778,0.0000,4395.0000,1755.0000,0.0000,25.0000,37.0000,24.0000,13.0000
1.6430,0.4310,0.3040,0.2810,0.1460,0.0000,0.0000,0.9080,1.0000,2.9020,2.8250,1.0890,0.0000,0.0000,0.0000,69.9881,0.0000,4396.0000,1755.0000,0.0000,25.0000,37.0000,24.0000,13.0000
1.7910,0.5070,0.3210,0.2840,0.1610,0.0000,0.0000,0.9630,1.0000,2.9020,2.8250,1.0890,0.0000,0.0000,0.0000,69.9984,0.0000,4397.0000,1755.0000,0.0000,25.0000,37.0000,24.0000,13.0000
1.8840,0.5120,0.4170,0.3180,0.2130,0.0000,0.0000,0.9550,1.0000,2.9020,2.8250,1.0890,0.0000,0.0000,0.0000,70.0194,0.0000,4399.0000,1755.0000,0.0000,25.0000,38.0000,24.0000,13.0000
1.8070,0.5480,0.3750,0.3290,0.2030,0.0000,0.0000,0.8840,1.0000,2.9020,2.8250,1.0890,0.0000,0.0000,0.0000,70.0298,0.0000,4400.0000,1755.0000,0.0000,25.0000,38.0000,24.0000,12.0000
1.8020,0.4700,0.3060,0.2800,0.1460,0.0000,0.0000,1.0260,1.0000,2.9020,2.8250,1.0890,0.0000,0.0000,0.0000,70.0299,0.0000,4400.0000,1755.0000,0.0000,25.0000,38.0000,24.0000,12.0000
1.8250,0.5420,0.3860,0.3570,0.1670,0.0000,0.0000,0.8970,1.0000,2.9020,2.8250,1.0890,0.0000,0.0000,0.0000,70.0409,0.0000,4401.0000,1755.0000,0.0000,25.0000,39.0000,24.0000,12.0000
1.6470,0.4840,0.2990,0.2880,0.1250,0.0000,0.0000,0.8640,1.0000,2.9020,2.8250,1.0890,0.0000,0.0000,0.0000,70.0409,0.0000,4401.0000,1755.0000,0.0000,25.0000,39.0000,24.0000,12.0000
1.6640,0.5290,0.3180,0.3780,0.1580,0.0000,0.0000,0.8170,1.0000,2.9020,2.8250,1.0890,0.0000,0.0000,0.0000,70.0403,0.0000,4401.0000,1755.0000,0.0000,25.0000,38.0000,24.0000,12.0000
1.7500,0.4560,0.3290,0.2800,0.1580,0.0000,0.0000,0.9650,1.0000,2.9020,2.8250,1.0890,0.0000,0.0000,0.0000,70.0615,0.0000,4403.0000,1755.0000,0.0000,25.0000,39.0000,24.0000,12.0000
1.6660,0.5080,0.2910,0.2760,0.1230,0.0000,0.0000,0.8670,1.0000,2.9020,2.8250,1.0890,0.0000,0.0000,0.0000,70.0615,0.0000,4403.0000,1755.0000,0.0000,25.0000,39.0000,24.0000,12.0000
1.7390,0.4790,0.3040,0.3320,0.1230,0.0000,0.0000,0.9560,1.0000,2.9020,2.8250,1.0890,0.0000,0.0000,0.0000,70.0616,0.0000,4403.0000,1755.0000,0.0000,25.0000,39.0000,24.0000,12.0000
2.0720,0.4740,0.4310,0.3220,0.2340,0.0000,0.0000,1.1670,1.0000,2.9020,2.8250,1.0890,0.0000,0.0000,0.0000,70.0929,0.0000,4406.0000,1755.0000,0.0000,25.0000,40.0000,24.0000,12.0000
1.6540,0.6140,0.2910,0.3460,0.1250,0.0000,0.0000,0.7490,1.0000,2.9020,2.8250,1.0890,0.0000,0.0000,0.0000,70.0929,0.0000,4406.0000,1755.0000,0.0000,25.0000,40.0000,24.0000,12.0000
1.8010,0.4590,0.3220,0.2830,0.1610,0.0000,0.0000,1.0200,1.0000,2.9020,2.8250,1.0890,0.0000,0.0000,0.0000,70.1034,0.0000,4407.0000,1755.0000,0.0000,25.0000,40.0000,24.0000,12.0000
1.7480,0.6100,0.3110,0.3430,0.1280,0.0000,0.0000,0.8270,1.0000,2.9020,2.8250,1.0890,0.0000,0.0000,0.0000,70.1041,0.0000,4407.0000,1755.0000,0.0000,25.0000,41.0000,24.0000,12.0000
1.7560,0.5730,0.3370,0.3820,0.1300,0.0000,0.0000,0.8460,1.0000,2.9020,2.8250,1.0890,0.0000,0.0000,0.0000,70.1041,0.0000,4407.0000,1755.0000,0.0000,25.0000,41.0000,24.0000,12.0000
1.7390,0.4720,0.3030,0.2990,0.1470,0.0000,0.0000,0.9640,1.0000,2.9020,2.8250,1.0890,0.0000,0.0000,0.0000,70.1144,0.0000,4408.0000,1755.0000,0.0000,25.0000,41.0000,24.0000,12.0000
1.7230,0.4750,0.3160,0.2700,0.1500,0.0000,0.0000,0.9320,1.0000,2.9020,2.8250,1.0890,0.0000,0.0000,0.0000,70.1253,0.0000,4409.0000,1755.0000,0.0000,25.0000,42.0000,24.0000,12.0000
2.3920,0.5230,0.3730,0.2850,0.1710,0.0000,0.0000,1.4960,1.0000,2.9020,2.8250,1.0890,0.0000,0.0000,0.0000,70.1359,0.0000,4410.0000,1755.0000,0.0000,25.0000,42.0000,24.0000,13.0000
1.6740,0.7770,0.3080,0.5020,0.1330,0.0000,0.0000,0.5890,1.0000,2.9020,2.8250,1.0890,0.0000,0.0000,0.0000,70.1352,0.0000,4410.0000,1755.0000,0.0000,25.0000,41.0000,24.0000,13.0000
1.6060,0.4630,0.3000,0.2910,0.1260,0.0000,0.0000,0.8430,1.0000,2.9020,2.8250,1.0890,0.0000,0.0000,0.0000,70.1353,0.0000,4410.0000,1755.0000,0.0000,25.0000,41.0000,24.0000,13.0000
1.7000,0.4860,0.3630,0.3300,0.2030,0.0000,0.0000,0.8510,1.0000,2.9020,2.8250,1.0890,0.0000,0.0000,0.0000,70.1455,0.0000,4411.0000,1755.0000,0.0000,25.0000,41.0000,24.0000,13.0000
1.6140,0.4670,0.2790,0.2750,0.1210,0.0000,0.0000,0.8680,1.0000,2.9020,2.8250,1.0890,0.0000,0.0000,0.0000,70.1448,0.0000,4411.0000,1755.0000,0.0000,25.0000,40.0000,24.0000,13.0000
1.5750,0.5270,0.2960,0.2900,0.1370,0.0000,0.0000,0.7520,1.0000,2.9020,2.8250,1.0890,0.0000,0.0000,0.0000,70.1456,0.0000,4411.0000,1755.0000,0.0000,25.0000,41.0000,24.0000,13.0000
1.7060,0.4960,0.3280,0.3410,0.1670,0.0000,0.0000,0.8820,1.0000,2.9020,2.8250,1.0890,0.0000,0.0000,0.0000,70.1557,0.0000,4412.0000,1755.0000,0.0000,25.0000,41.0000,24.0000,13.0000
1.6940,0.4920,0.3090,0.2780,0.1490,0.0000,0.0000,0.8930,1.0000,2.9020,2.8250,1.0890,0.0000,0.0000,0.0000,69.8229,0.0000,4380.0000,1755.0000,0.0000,25.0000,39.0000,24.0000,13.0000
1.6440,0.5260,0.2920,0.2890,0.1350,0.0000,0.0000,0.8260,1.0000,2.9020,2.8250,1.0890,0.0000,0.0000,0.0000,69.8243,0.0000,4380.0000,1755.0000,0.0000,25.0000,41.0000,24.0000,13.0000
1.7310,0.4710,0.3310,0.3230,0.1580,0.0000,0.0000,0.9290,1.0000,2.9020,2.8250,1.0890,0.0000,0.0000,0.0000,69.8243,0.0000,4380.0000,1755.0000,0.0000,25.0000,41.0000,24.0000,13.0000
1.6130,0.4510,0.3070,0.2850,0.1520,0.0000,0.0000,0.8550,1.0000,2.9020,2.8250,1.0890,0.0000,0.0000,0.0000,69.8332,0.0000,4381.0000,1755.0000,0.0000,25.0000,39.0000,24.0000,13.0000
1.6730,0.4770,0.2890,0.2920,0.1340,0.0000,0.0000,0.9070,1.0000,2.9020,2.8250,1.0890,0.0000,0.0000,0.0000,69.8339,0.0000,4381.0000,1755.0000,0.0000,25.0000,40.0000,24.0000,13.0000
1.5800,0.4720,0.3040,0.3270,0.1490,0.0000,0.0000,0.8040,1.0000,2.9020,2.8250,1.0890,0.0000,0.0000,0.0000,69.8346,0.0000,4381.0000,1755.0000,0.0000,25.0000,41.0000,24.0000,13.0000
1.7330,0.4350,0.3020,0.2720,0.1530,0.0000,0.0000,0.9960,1.0000,2.9020,2.8250,1.0890,0.0000,0.0000,0.0000,69.8644,0.0000,4384.0000,1755.0000,0.0000,25.0000,40.0000,24.0000,13.0000
1.6340,0.5870,0.3230,0.2920,0.1340,0.0000,0.0000,0.7240,1.0000,2.9020,2.8250,1.0890,0.0000,0.0000,0.0000,69.8651,0.0000,4384.0000,1755.0000,0.0000,25.0000,41.0000,24.0000,13.0000
1.7260,0.4740,0.3160,0.3280,0.1500,0.0000,0.0000,0.9360,1.0000,2.9020,2.8250,1.0890,0.0000,0.0000,0.0000,69.8756,0.0000,4385.0000,1755.0000,0.0000,25.0000,41.0000,24.0000,13.0000
1.7640,0.4880,0.3040,0.2950,0.1480,0.0000,0.0000,0.9720,1.0000,2.9020,2.8250,1.0890,0.0000,0.0000,0.0000,69.8851,0.0000,4386.0000,1755.0000,0.0000,25.0000,40.0000,24.0000,12.0000
1.7870,0.5960,0.3660,0.3370,0.1760,0.0000,0.0000,0.8250,1.0000,2.9020,2.8250,1.0890,0.0000,0.0000,0.0000,69.8859,0.0000,4386.0000,1755.0000,0.0000,25.0000,41.0000,24.0000,12.0000
1.9610,0.5180,0.3680,0.3620,0.1770,0.0000,0.0000,1.0750,1.0000,2.9020,2.8250,1.0890,0.0000,0.0000,0.0000,69.9165,0.0000,4389.0000,1755.0000,0.0000,25.0000,41.0000,24.0000,12.0000
2.0220,0.6840,0.3550,0.4190,0.1560,0.0000,0.0000,0.9830,1.0000,2.9020,2.8250,1.0890,0.0000,0.0000,0.0000,69.9159,0.0000,4389.0000,1755.0000,0.0000,25.0000,40.0000,24.0000,12.0000
1.9190,0.6230,0.3290,0.4150,0.1280,0.0000,0.0000,0.9670,1.0000,2.9020,2.8250,1.0890,0.0000,0.0000,0.0000,69.9163,0.0000,4389.0000,1755.0000,0.0000,25.0000,40.0000,24.0000,13.0000
1.6440,0.5710,0.3370,0.4010,0.1330,0.0000,0.0000,0.7360,1.0000,2.9020,2.8250,1.0890,0.0000,0.0000,0.0000,69.9163,0.0000,4389.0000,1755.0000,0.0000,25.0000,40.0000,24.0000,13.0000
1.8450,0.4260,0.3280,0.2760,0.1710,0.0000,0.0000,1.0910,1.0000,2.9020,2.8250,1.0890,0.0000,0.0000,0.0000,69.9462,0.0000,4392.0000,1755.0000,0.0000,25.0000,39.0000,24.0000,13.0000
1.7160,0.5440,0.3300,0.2830,0.1560,0.0000,0.0000,0.8420,1.0000,2.9020,2.8250,1.0890,0.0000,0.0000,0.0000,69.9573,0.0000,4393.0000,1755.0000,0.0000,25.0000,40.0000,24.0000,13.0000
1.7760,0.5360,0.3000,0.2930,0.1370,0.0000,0.0000,0.9400,1.0000,2.9020,2.8250,1.0890,0.0000,0.0000,0.0000,69.9568,0.0000,4393.0000,1755.0000,0.0000,25.0000,39.0000,24.0000,13.0000
1.9830,0.4860,0.4150,0.3340,0.2130,0.0000,0.0000,1.0820,1.0000,2.9020,2.8250,1.0890,0.0000,0.0000,0.0000,69.9666,0.0000,4394.0000,1755.0000,0.0000,25.0000,38.0000,24.0000,14.0000
1.7880,0.6000,0.3800,0.4090,0.1730,0.0000,0.0000,0.8080,1.0000,2.9020,2.8250,1.0890,0.0000,0.0000,0.0000,69.9762,0.0000,4395.0000,1755.0000,0.0000,25.0000,37.0000,24.0000,14.0000
1.9700,0.4660,0.3440,0.2800,0.1390,0.0000,0.0000,1.1600,1.0000,2.9020,2.8250,1.0890,0.0000,0.0000,0.0000,69.9763,0.0000,4395.0000,1755.0000,0.0000,25.0000,37.0000,24.0000,14.0000
1.9920,0.4580,0.4370,0.2850,0.2210,0.0000,0.0000,1.0970,1.0000,2.9020,2.8250,1.0890,0.0000,0.0000,0.0000,69.9756,0.0000,4395.0000,1755.0000,0.0000,25.0000,36.0000,24.0000,14.0000
1.8330,0.4490,0.3420,0.2820,0.1670,0.0000,0.0000,1.0420,1.0000,2.9020,2.8250,1.0890,0.0000,0.0000,0.0000,69.9973,0.0000,4397.0000,1755.0000,0.0000,25.0000,38.0000,24.0000,14.0000
1.7120,0.5250,0.3140,0.2830,0.1530,0.0000,0.0000,0.8730,1.0000,2.9020,2.8250,1.0890,0.0000,0.0000,0.0000,70.0084,0.0000,4398.0000,1755.0000,0.0000,25.0000,39.0000,24.0000,14.0000
1.7200,0.5360,0.3330,0.3000,0.1670,0.0000,0.0000,0.8510,1.0000,2.9020,2.8250,1.0890,0.0000,0.0000,0.0000,70.0188,0.0000,4399.0000,1755.0000,0.0000,25.0000,39.0000,24.0000,14.0000
1.5500,0.5550,0.3120,0.3640,0.1550,0.0000,0.0000,0.6830,1.0000,2.9020,2.8250,1.0890,0.0000,0.0000,0.0000,70.0181,0.0000,4399.0000,1755.0000,0.0000,25.0000,38.0000,24.0000,14.0000
1.6480,0.4140,0.3210,0.2610,0.1520,0.0000,0.0000,0.9130,1.0000,2.9020,2.8250,1.0890,0.0000,0.0000,0.0000,70.0284,0.0000,4400.0000,1755.0000,0.0000,25.0000,38.0000,24.0000,14.0000
1.5950,0.5010,0.3200,0.2770,0.1330,0.0000,0.0000,0.7740,1.0000,2.9020,2.8250,1.0890,0.0000,0.0000,0.0000,70.0291,0.0000,4400.0000,1755.0000,0.0000,25.0000,39.0000,24.0000,14.0000
1.5400,0.4590,0.2770,0.3080,0.1230,0.0000,0.0000,0.8040,1.0000,2.9020,2.8250,1.0890,0.0000,0.0000,0.0000,70.0292,0.0000,4400.0000,1755.0000,0.0000,25.0000,39.0000,24.0000,13.0000
1.6990,0.4360,0.3180,0.2730,0.1530,0.0000,0.0000,0.9450,1.0000,2.9020,2.8250,1.0890,0.0000,0.0000,0.0000,70.0394,0.0000,4401.0000,1755.0000,0.0000,25.0000,39.0000,24.0000,13.0000
1.6670,0.5470,0.3400,0.3650,0.1290,0.0000,0.0000,0.7800,1.0000,2.9020,2.8250,1.0890,0.0000,0.0000,0.0000,70.0381,0.0000,4401.0000,1755.0000,0.0000,25.0000,37.0000,24.0000,13.0000
1.5960,0.4350,0.2820,0.2790,0.1210,0.0000,0.0000,0.8790,1.0000,2.9020,2.8250,1.0890,0.0000,0.0000,0.0000,70.0388,0.0000,4401.0000,1755.0000,0.0000,25.0000,38.0000,24.0000,13.0000
1.6510,0.4240,0.3200,0.2710,0.1620,0.0000,0.0000,0.9070,1.0000,2.9020,2.8250,1.0890,0.0000,0.0000,0.0000,70.0491,0.0000,4402.0000,1755.0000,0.0000,25.0000,38.0000,24.0000,13.0000
1.5160,0.4950,0.3070,0.3140,0.1530,0.0000,0.0000,0.7140,1.0000,2.9020,2.8250,1.0890,0.0000,0.0000,0.0000,70.0491,0.0000,4402.0000,1755.0000,0.0000,25.0000,38.0000,24.0000,13.0000
1.7360,0.4120,0.3140,0.2610,0.1470,0.0000,0.0000,1.0100,1.0000,2.9020,2.8250,1.0890,0.0000,0.0000,0.0000,70.0594,0.0000,4403.0000,1755.0000,0.0000,25.0000,38.0000,24.0000,13.0000
1.6640,0.5360,0.3210,0.3100,0.1620,0.0000,0.0000,0.8070,1.0000,2.9020,2.8250,1.0890,0.0000,0.0000,0.0000,70.0698,0.0000,4404.0000,1755.0000,0.0000,25.0000,38.0000,24.0000,13.0000
1.8120,0.4880,0.3360,0.3050,0.1780,0.0000,0.0000,0.9880,1.0000,3.5390,3.8510,3.1060,0.0000,0.0000,0.0000,70.0787,0.0000,4405.0000,1755.0000,0.0000,25.0000,36.0000,24.0000,13.0000
1.7170,0.5140,0.2930,0.2810,0.1240,0.0000,0.0000,0.9100,1.0000,3.5390,3.8510,3.1060,0.0000,0.0000,0.0000,70.0788,0.0000,4405.0000,1755.0000,0.0000,25.0000,36.0000,24.0000,13.0000
1.6830,0.4810,0.3330,0.3220,0.1520,0.0000,0.0000,0.8690,1.0000,3.5390,3.8510,3.1060,0.0000,0.0000,0.0000,70.0905,0.0000,4406.0000,1755.0000,0.0000,25.0000,38.0000,24.0000,13.0000
1.6710,0.5110,0.3420,0.2760,0.1570,0.0000,0.0000,0.8180,1.0000,3.5390,3.8510,3.1060,0.0000,0.0000,0.0000,70.0912,0.0000,4406.0000,1755.0000,0.0000,25.0000,39.0000,24.0000,13.0000
1.6510,0.4190,0.2970,0.2600,0.1280,0.0000,0.0000,0.9350,1.0000,3.5390,3.8510,3.1060,0.0000,0.0000,0.0000,70.0913,0.0000,4406.0000,1755.0000,0.0000,25.0000,39.0000,24.0000,13.0000
1.7540,0.4570,0.3280,0.2810,0.1530,0.0000,0.0000,0.9690,1.0000,3.5390,3.8510,3.1060,0.0000,0.0000,0.0000,70.1014,0.0000,4407.0000,1755.0000,0.0000,25.0000,39.0000,24.0000,14.0000
1.7390,0.6050,0.3740,0.4230,0.1750,0.0000,0.0000,0.7600,1.0000,3.5390,3.8510,3.1060,0.0000,0.0000,0.0000,70.1213,0.0000,4409.0000,1755.0000,0.0000,25.0000,38.0000,24.0000,14.0000
1.8670,0.5400,0.3880,0.3070,0.2290,0.0000,0.0000,0.9390,1.0000,3.5390,3.8510,3.1060,0.0000,0.0000,0.0000,70.1317,0.0000,4410.0000,1755.0000,0.0000,25.0000,38.0000,24.0000,13.0000
1.6500,0.5000,0.3020,0.3070,0.1330,0.0000,0.0000,0.8480,1.0000,3.5390,3.8510,3.1060,0.0000,0.0000,0.0000,70.1325,0.0000,4410.0000,1755.0000,0.0000,25.0000,39.0000,24.0000,13.0000
1.6150,0.4430,0.3090,0.2660,0.1460,0.0000,0.0000,0.8630,1.0000,3.5390,3.8510,3.1060,0.0000,0.0000,0.0000,70.1429,0.0000,4411.0000,1755.0000,0.0000,25.0000,39.0000,24.0000,13.0000
2.0530,0.4830,0.3850,0.3000,0.2010,0.0000,0.0000,1.1850,1.0000,3.5390,3.8510,3.1060,0.0000,0.0000,0.0000,70.1538,0.0000,4412.0000,1755.0000,0.0000,25.0000,40.0000,24.0000,13.0000
1.7430,0.5290,0.3740,0.3290,0.1600,0.0000,0.0000,0.8400,1.0000,3.5390,3.8510,3.1060,0.0000,0.0000,0.0000,70.1635,0.0000,4413.0000,1755.0000,0.0000,25.0000,39.0000,24.0000,13.0000
1.8140,0.5050,0.3440,0.3160,0.1620,0.0000,0.0000,0.9650,1.0000,3.5390,3.8510,3.1060,0.0000,0.0000,0.0000,70.1830,0.0000,4415.0000,1755.0000,0.0000,25.0000,38.0000,24.0000,13.0000
1.6930,0.4940,0.3150,0.2650,0.1560,0.0000,0.0000,0.8840,1.0000,3.5390,3.8510,3.1060,0.0000,0.0000,0.0000,70.2033,0.0000,4417.0000,1755.0000,0.0000,25.0000,38.0000,24.0000,13.0000
1.7580,0.4960,0.3100,0.2730,0.1380,0.0000,0.0000,0.9520,1.0000,3.5390,3.8510,3.1060,0.0000,0.0000,0.0000,70.2034,0.0000,4417.0000,1755.0000,0.0000,25.0000,38.0000,24.0000,13.0000
1.8850,0.5180,0.3680,0.3650,0.1450,0.0000,0.0000,0.9990,1.0000,3.5390,3.8510,3.1060,0.0000,0.0000,0.0000,70.2028,0.0000,4417.0000,1755.0000,0.0000,25.0000,37.0000,24.0000,13.0000
2.2350,0.4800,0.3490,0.3170,0.1790,0.0000,0.0000,1.4060,1.0000,3.5390,3.8510,3.1060,0.0000,0.0000,0.0000,70.2035,0.0000,4417.0000,1755.0000,0.0000,25.0000,38.0000,24.0000,13.0000
1.6750,0.4220,0.3080,0.2580,0.1350,0.0000,0.0000,0.9450,1.0000,3.5390,3.8510,3.1060,0.0000,0.0000,0.0000,70.2028,0.0000,4417.0000,1755.0000,0.0000,25.0000,37.0000,24.0000,13.0000
1.7050,0.4900,0.3570,0.3200,0.1830,0.0000,0.0000,0.8580,1.0000,3.5390,3.8510,3.1060,0.0000,0.0000,0.0000,70.2024,0.0000,4417.0000,1755.0000,0.0000,25.0000,37.0000,24.0000,13.0000
1.7880,0.4560,0.3230,0.2830,0.1620,0.0000,0.0000,1.0090,1.0000,3.5390,3.8510,3.1060,0.0000,0.0000,0.0000,69.8406,0.0000,4382.0000,1755.0000,0.0000,25.0000,38.0000,24.0000,13.0000
1.6610,0.4970,0.3080,0.2740,0.1250,0.0000,0.0000,0.8560,1.0000,3.5390,3.8510,3.1060,0.0000,0.0000,0.0000,69.8405,0.0000,4382.0000,1755.0000,0.0000,25.0000,38.0000,24.0000,12.0000
1.7740,0.4670,0.3440,0.3210,0.1620,0.0000,0.0000,0.9630,1.0000,3.5390,3.8510,3.1060,0.0000,0.0000,0.0000,69.8407,0.0000,4382.0000,1755.0000,0.0000,25.0000,38.0000,24.0000,12.0000
1.7440,0.4180,0.3140,0.2720,0.1530,0.0000,0.0000,1.0120,1.0000,3.5390,3.8510,3.1060,0.0000,0.0000,0.0000,69.8509,0.0000,4383.0000,1755.0000,0.0000,25.0000,38.0000,24.0000,12.0000
1.5940,0.4550,0.2740,0.2600,0.1210,0.0000,0.0000,0.8650,1.0000,3.5390,3.8510,3.1060,0.0000,0.0000,0.0000,69.8509,0.0000,4383.0000,1755.0000,0.0000,25.0000,38.0000,24.0000,12.0000
1.6240,0.5020,0.3000,0.3160,0.1220,0.0000,0.0000,0.8220,1.0000,3.5390,3.8510,3.1060,0.0000,0.0000,0.0000,69.8510,0.0000,4383.0000,1755.0000,0.0000,25.0000,38.0000,24.0000,12.0000
1.6970,0.4020,0.3060,0.2580,0.1540,0.0000,0.0000,0.9890,1.0000,3.5390,3.8510,3.1060,0.0000,0.0000,0.0000,69.8715,0.0000,4385.0000,1755.0000,0.0000,25.0000,38.0000,24.0000,12.0000
1.5720,0.4830,0.2900,0.2600,0.1200,0.0000,0.0000,0.7990,1.0000,3.5390,3.8510,3.1060,0.0000,0.0000,0.0000,69.8715,0.0000,4385.0000,1755.0000,0.0000,25.0000,38.0000,24.0000,12.0000
1.5430,0.4530,0.3010,0.3130,0.1220,0.0000,0.0000,0.7890,1.0000,3.5390,3.8510,3.1060,0.0000,0.0000,0.0000,69.8716,0.0000,4385.0000,1755.0000,0.0000,25.0000,38.0000,24.0000,12.0000
1.6030,0.4020,0.3010,0.2560,0.1470,0.0000,0.0000,0.9000,1.0000,3.5390,3.8510,3.1060,0.0000,0.0000,0.0000,69.8819,0.0000,4386.0000,1755.0000,0.0000,25.0000,38.0000,24.0000,12.0000
1.9800,0.5150,0.3540,0.2710,0.1960,0.0000,0.0000,1.1110,1.0000,3.5390,3.8510,3.1060,0.0000,0.0000,0.0000,69.9125,0.0000,4389.0000,1755.0000,0.0000,25.0000,38.0000,24.0000,12.0000
1.8730,0.7010,0.3450,0.4160,0.1640,0.0000,0.0000,0.8270,1.0000,3.5390,3.8510,3.1060,0.0000,0.0000,0.0000,69.9228,0.0000,4390.0000,1755.0000,0.0000,25.0000,38.0000,24.0000,12.0000
1.7180,0.5820,0.3120,0.3750,0.1250,0.0000,0.0000,0.8240,1.0000,3.5390,3.8510,3.1060,0.0000,0.0000,0.0000,69.9230,0.0000,4390.0000,1755.0000,0.0000,25.0000,38.0000,24.0000,12.0000
1.7440,0.4890,0.2960,0.3080,0.1270,0.0000,0.0000,0.9590,1.0000,3.5390,3.8510,3.1060,0.0000,0.0000,0.0000,69.9230,0.0000,4390.0000,1755.0000,0.0000,25.0000,38.0000,24.0000,12.0000
1.8270,0.4320,0.3330,0.2640,0.1700,0.0000,0.0000,1.0620,1.0000,3.5390,3.8510,3.1060,0.0000,0.0000,0.0000,69.9642,0.0000,4394.0000,1755.0000,0.0000,25.0000,39.0000,24.0000,12.0000
1.5750,0.6300,0.3040,0.3100,0.1260,0.0000,0.0000,0.6410,1.0000,3.5390,3.8510,3.1060,0.0000,0.0000,0.0000,69.9642,0.0000,4394.0000,1755.0000,0.0000,25.0000,39.0000,24.0000,12.0000
1.7030,0.4610,0.3170,0.3130,0.1590,0.0000,0.0000,0.9250,1.0000,3.5390,3.8510,3.1060,0.0000,0.0000,0.0000,69.9644,0.0000,4394.0000,1755.0000,0.0000,25.0000,39.0000,24.0000,12.0000
1.6270,0.4320,0.3120,0.2650,0.1470,0.0000,0.0000,0.8830,1.0000,3.5390,3.8510,3.1060,0.0000,0.0000,0.0000,69.9747,0.0000,4395.0000,1755.0000,0.0000,25.0000,39.0000,24.0000,12.0000
1.5650,0.4560,0.2930,0.2700,0.1330,0.0000,0.0000,0.8160,1.0000,3.5390,3.8510,3.1060,0.0000,0.0000,0.0000,69.9747,0.0000,4395.0000,1755.0000,0.0000,25.0000,39.0000,24.0000,12.0000
1.5760,0.4390,0.2730,0.2970,0.1200,0.0000,0.0000,0.8640,1.0000,3.5390,3.8510,3.1060,0.0000,0.0000,0.0000,69.9747,0.0000,4395.0000,1755.0000,0.0000,25.0000,39.0000,24.0000,12.0000
2.2620,0.4220,0.4020,0.2580,0.1740,0.0000,0.0000,1.4380,1.0000,3.5390,3.8510,3.1060,0.0000,0.0000,0.0000,69.9747,0.0000,4395.0000,1755.0000,0.0000,25.0000,39.0000,24.0000,12.0000
2.3010,0.5850,0.3890,0.3550,0.1790,0.0000,0.0000,1.3270,1.0000,3.5390,3.8510,3.1060,0.0000,0.0000,0.0000,69.9747,0.0000,4395.0000,1755.0000,0.0000,25.0000,39.0000,24.0000,12.0000
1.9060,0.5820,0.4390,0.3720,0.1820,0.0000,0.0000,0.8850,1.0000,3.5390,3.8510,3.1060,0.0000,0.0000,0.0000,69.9747,0.0000,4395.0000,1755.0000,0.0000,25.0000,39.0000,24.0000,12.0000
1.7380,0.4240,0.3170,0.2690,0.1510,0.0000,0.0000,0.9970,1.0000,3.5390,3.8510,3.1060,0.0000,0.0000,0.0000,69.9857,0.0000,4396.0000,1755.0000,0.0000,25.0000,40.0000,24.0000,11.0000
2.0830,0.4970,0.3290,0.2680,0.1630,0.0000,0.0000,1.2570,1.0000,3.5390,3.8510,3.1060,0.0000,0.0000,0.0000,69.9857,0.0000,4396.0000,1755.0000,0.0000,25.0000,40.0000,24.0000,10.0000
1.6800,0.6390,0.3150,0.4070,0.1370,0.0000,0.0000,0.7260,1.0000,3.5390,3.8510,3.1060,0.0000,0.0000,0.0000,69.9857,0.0000,4396.0000,1755.0000,0.0000,25.0000,40.0000,24.0000,9.0000
1.8600,0.4360,0.3770,0.2770,0.1750,0.0000,0.0000,1.0470,1.0000,3.5390,3.8510,3.1060,0.0000,0.0000,0.0000,70.0060,0.0000,4398.0000,1755.0000,0.0000,25.0000,40.0000,24.0000,9.0000
1.6960,0.5340,0.3670,0.2750,0.1640,0.0000,0.0000,0.7950,1.0000,3.5390,3.8510,3.1060,0.0000,0.0000,0.0000,70.0061,0.0000,4398.0000,1755.0000,0.0000,25.0000,40.0000,24.0000,9.0000
1.6670,0.4750,0.3320,0.3210,0.1650,0.0000,0.0000,0.8600,1.0000,3.5390,3.8510,3.1060,0.0000,0.0000,0.0000,70.0062,0.0000,4398.0000,1755.0000,0.0000,25.0000,40.0000,24.0000,9.0000
1.5700,0.4170,0.2820,0.2560,0.1250,0.0000,0.0000,0.8710,1.0000,3.5390,3.8510,3.1060,0.0000,0.0000,0.0000,70.0062,0.0000,4398.0000,1755.0000,0.0000,25.0000,40.0000,24.0000,9.0000
1.7470,0.4970,0.3570,0.3070,0.1750,0.0000,0.0000,0.8930,1.0000,3.5390,3.8510,3.1060,0.0000,0.0000,0.0000,70.0367,0.0000,4401.0000,1755.0000,0.0000,25.0000,40.0000,24.0000,9.0000
1.6280,0.5540,0.2800,0.3070,0.1230,0.0000,0.0000,0.7940,1.0000,3.5390,3.8510,3.1060,0.0000,0.0000,0.0000,70.0367,0.0000,4401.0000,1755.0000,0.0000,25.0000,40.0000,24.0000,9.0000
1.6760,0.4120,0.3130,0.2550,0.1580,0.0000,0.0000,0.9510,1.0000,3.5390,3.8510,3.1060,0.0000,0.0000,0.0000,70.0571,0.0000,4403.0000,1755.0000,0.0000,25.0000,40.0000,24.0000,9.0000
1.5550,0.5200,0.2960,0.2700,0.1350,0.0000,0.0000,0.7390,1.0000,3.5390,3.8510,3.1060,0.0000,0.0000,0.0000,70.0572,0.0000,4403.0000,1755.0000,0.0000,25.0000,40.0000,24.0000,10.0000
1.7410,0.4030,0.3080,0.2570,0.1520,0.0000,0.0000,1.0300,1.0000,3.5390,3.8510,3.1060,0.0000,0.0000,0.0000,70.0676,0.0000,4404.0000,1755.0000,0.0000,25.0000,40.0000,24.0000,10.0000
1.5410,0.4610,0.2900,0.2590,0.1240,0.0000,0.0000,0.7900,1.0000,3.5390,3.8510,3.1060,0.0000,0.0000,0.0000,70.0676,0.0000,4404.0000,1755.0000,0.0000,25.0000,40.0000,24.0000,10.0000
1.5780,0.4510,0.3050,0.3010,0.1260,0.0000,0.0000,0.8220,1.0000,3.5390,3.8510,3.1060,0.0000,0.0000,0.0000,70.0676,0.0000,4404.0000,1755.0000,0.0000,25.0000,40.0000,24.0000,10.0000
1.5520,0.4130,0.2780,0.2590,0.1220,0.0000,0.0000,0.8610,1.0000,3.5390,3.8510,3.1060,0.0000,0.0000,0.0000,70.0676,0.0000,4404.0000,1755.0000,0.0000,25.0000,40.0000,24.0000,10.0000
1.6420,0.4580,0.3040,0.2690,0.1240,0.0000,0.0000,0.8800,1.0000,3.5390,3.8510,3.1060,0.0000,0.0000,0.0000,70.0676,0.0000,4404.0000,1755.0000,0.0000,25.0000,40.0000,24.0000,10.0000
1.6990,0.4490,0.3340,0.2630,0.1570,0.0000,0.0000,0.9160,1.0000,3.5390,3.8510,3.1060,0.0000,0.0000,0.0000,70.0779,0.0000,4405.0000,1755.0000,0.0000,25.0000,40.0000,24.0000,10.0000
1.5890,0.4700,0.2830,0.2580,0.1240,0.0000,0.0000,0.8360,1.0000,3.5390,3.8510,3.1060,0.0000,0.0000,0.0000,70.0779,0.0000,4405.0000,1755.0000,0.0000,25.0000,40.0000,24.0000,10.0000
1.6930,0.4510,0.3040,0.2640,0.1220,0.0000,0.0000,0.9380,1.0000,3.5390,3.8510,3.1060,0.0000,0.0000,0.0000,70.0779,0.0000,4405.0000,1755.0000,0.0000,25.0000,40.0000,24.0000,10.0000
1.7730,0.4130,0.3020,0.2570,0.1470,0.0000,0.0000,1.0580,1.0000,3.5390,3.8510,3.1060,0.0000,0.0000,0.0000,70.0882,0.0000,4406.0000,1755.0000,0.0000,25.0000,40.0000,24.0000,10.0000
1.5430,0.5050,0.2780,0.2580,0.1210,0.0000,0.0000,0.7600,1.0000,3.5390,3.8510,3.1060,0.0000,0.0000,0.0000,70.0882,0.0000,4406.0000,1755.0000,0.0000,25.0000,40.0000,24.0000,10.0000
1.5800,0.4660,0.3270,0.2720,0.1520,0.0000,0.0000,0.7870,1.0000,3.5390,3.8510,3.1060,0.0000,0.0000,0.0000,70.0883,0.0000,4406.0000,1755.0000,0.0000,25.0000,40.0000,24.0000,10.0000
1.5330,0.4130,0.2820,0.2570,0.1310,0.0000,0.0000,0.8380,1.0000,3.5390,3.8510,3.1060,0.0000,0.0000,0.0000,70.0883,0.0000,4406.0000,1755.0000,0.0000,25.0000,40.0000,24.0000,10.0000
1.7580,0.4300,0.3200,0.2720,0.1660,0.0000,0.0000,1.0080,1.0000,3.5390,3.8510,3.1060,0.0000,0.0000,0.0000,70.1088,0.0000,4408.0000,1755.0000,0.0000,25.0000,40.0000,24.0000,9.0000
1.5140,0.6010,0.3130,0.3590,0.1570,0.0000,0.0000,0.6000,1.0000,3.5390,3.8510,3.1060,0.0000,0.0000,0.0000,70.1088,0.0000,4408.0000,1755.0000,0.0000,25.0000,40.0000,24.0000,9.0000
1.6390,0.4070,0.2860,0.2520,0.1220,0.0000,0.0000,0.9460,1.0000,3.5390,3.8510,3.1060,0.0000,0.0000,0.0000,70.1089,0.0000,4408.0000,1755.0000,0.0000,25.0000,40.0000,24.0000,9.0000
1.7700,0.4660,0.3600,0.3110,0.1550,0.0000,0.0000,0.9440,1.0000,3.5390,3.8510,3.1060,0.0000,0.0000,0.0000,70.1185,0.0000,4409.0000,1755.0000,0.0000,25.0000,39.0000,24.0000,10.0000
2.2490,0.4990,0.4670,0.3100,0.2490,0.0000,0.0000,1.2830,1.0000,3.5390,3.8510,3.1060,0.0000,0.0000,0.0000,70.1185,0.0000,4409.0000,1755.0000,0.0000,25.0000,39.0000,24.0000,10.0000
1.7700,0.5930,0.4090,0.3570,0.1700,0.0000,0.0000,0.7680,1.0000,3.5390,3.8510,3.1060,0.0000,0.0000,0.0000,70.1288,0.0000,4410.0000,1755.0000,0.0000,25.0000,39.0000,24.0000,10.0000
1.5860,0.5040,0.3500,0.3100,0.1780,0.0000,0.0000,0.7320,1.0000,3.5390,3.8510,3.1060,0.0000,0.0000,0.0000,70.1288,0.0000,4410.0000,1755.0000,0.0000,25.0000,39.0000,24.0000,10.0000
1.8000,0.4170,0.3140,0.2550,0.1510,0.0000,0.0000,1.0690,1.0000,3.5390,3.8510,3.1060,0.0000,0.0000,0.0000,70.1391,0.0000,4411.0000,1755.0000,0.0000,25.0000,39.0000,24.0000,10.0000
1.9730,0.5440,0.4730,0.2710,0.2390,0.0000,0.0000,0.9560,1.0000,3.5390,3.8510,3.1060,0.0000,0.0000,0.0000,70.1593,0.0000,4413.0000,1755.0000,0.0000,25.0000,39.0000,24.0000,10.0000
1.7370,0.5920,0.3350,0.2920,0.1640,0.0000,0.0000,0.8100,1.0000,3.5390,3.8510,3.1060,0.0000,0.0000,0.0000,70.1695,0.0000,4414.0000,1755.0000,0.0000,25.0000,39.0000,24.0000,10.0000
1.6780,0.5580,0.3140,0.3630,0.1540,0.0000,0.0000,0.8060,1.0000,3.5390,3.8510,3.1060,0.0000,0.0000,0.0000,69.8308,0.0000,4381.0000,1755.0000,0.0000,25.0000,39.0000,24.0000,10.0000
1.7210,0.4260,0.2960,0.2710,0.1480,0.0000,0.0000,0.9990,1.0000,3.5390,3.8510,3.1060,0.0000,0.0000,0.0000,69.8512,0.0000,4383.0000,1755.0000,0.0000,25.0000,39.0000,24.0000,10.0000
1.5400,0.4980,0.2980,0.2680,0.1240,0.0000,0.0000,0.7440,1.0000,3.5390,3.8510,3.1060,0.0000,0.0000,0.0000,69.8512,0.0000,4383.0000,1755.0000,0.0000,25.0000,39.0000,24.0000,10.0000
1.5530,0.4570,0.3120,0.3100,0.1590,0.0000,0.0000,0.7840,1.0000,3.5390,3.8510,3.1060,0.0000,0.0000,0.0000,69.8513,0.0000,4383.0000,1755.0000,0.0000,25.0000,39.0000,24.0000,10.0000
1.5950,0.4080,0.2800,0.2590,0.1200,0.0000,0.0000,0.9070,1.0000,3.5390,3.8510,3.1060,0.0000,0.0000,0.0000,69.8513,0.0000,4383.0000,1755.0000,0.0000,25.0000,39.0000,24.0000,10.0000
1.5620,0.5040,0.3050,0.3580,0.1220,0.0000,0.0000,0.7530,1.0000,3.5390,3.8510,3.1060,0.0000,0.0000,0.0000,69.8520,0.0000,4383.0000,1755.0000,0.0000,25.0000,40.0000,24.0000,10.0000
1.7960,0.4050,0.3010,0.2570,0.1480,0.0000,0.0000,1.0900,1.0000,3.5390,3.8510,3.1060,0.0000,0.0000,0.0000,69.8623,0.0000,4384.0000,1755.0000,0.0000,25.0000,40.0000,24.0000,10.0000
1.6910,0.4490,0.3340,0.2660,0.1340,0.0000,0.0000,0.9080,1.0000,3.5390,3.8510,3.1060,0.0000,0.0000,0.0000,69.8630,0.0000,4384.0000,1755.0000,0.0000,25.0000,41.0000,24.0000,10.0000
1.5030,0.4840,0.3110,0.2740,0.1230,0.0000,0.0000,0.7080,1.0000,3.5390,3.8510,3.1060,0.0000,0.0000,0.0000,69.8630,0.0000,4384.0000,1755.0000,0.0000,25.0000,41.0000,24.0000,10.0000
1.5010,0.4010,0.2760,0.2540,0.1190,0.0000,0.0000,0.8240,1.0000,3.5390,3.8510,3.1060,0.0000,0.0000,0.0000,69.8623,0.0000,4384.0000,1755.0000,0.0000,25.0000,40.0000,24.0000,10.0000
1.5920,0.4930,0.3020,0.2690,0.1210,0.0000,0.0000,0.7970,1.0000,3.5390,3.8510,3.1060,0.0000,0.0000,0.0000,69.8630,0.0000,4384.0000,1755.0000,0.0000,25.0000,41.0000,24.0000,10.0000
1.4930,0.4020,0.2730,0.2550,0.1210,0.0000,0.0000,0.8180,1.0000,3.5390,3.8510,3.1060,0.0000,0.0000,0.0000,69.8623,0.0000,4384.0000,1755.0000,0.0000,25.0000,40.0000,24.0000,10.0000
1.5680,0.4180,0.3210,0.2690,0.1310,0.0000,0.0000,0.8290,1.0000,3.5390,3.8510,3.1060,0.0000,0.0000,0.0000,69.8623,0.0000,4384.0000,1755.0000,0.0000,25.0000,40.0000,24.0000,10.0000
1.5980,0.4550,0.3100,0.3070,0.1490,0.0000,0.0000,0.8330,1.0000,3.5390,3.8510,3.1060,0.0000,0.0000,0.0000,69.8733,0.0000,4385.0000,1755.0000,0.0000,25.0000,41.0000,24.0000,10.0000
1.5490,0.4440,0.2830,0.2540,0.1200,0.0000,0.0000,0.8220,1.0000,3.5390,3.8510,3.1060,0.0000,0.0000,0.0000,69.8733,0.0000,4385.0000,1755.0000,0.0000,25.0000,41.0000,24.0000,10.0000
1.5630,0.4980,0.3070,0.3530,0.1540,0.0000,0.0000,0.7580,1.0000,3.5390,3.8510,3.1060,0.0000,0.0000,0.0000,69.8734,0.0000,4385.0000,1755.0000,0.0000,25.0000,41.0000,24.0000,10.0000
1.5850,0.4130,0.2990,0.2510,0.1470,0.0000,0.0000,0.8730,1.0000,3.5390,3.8510,3.1060,0.0000,0.0000,0.0000,69.8829,0.0000,4386.0000,1755.0000,0.0000,25.0000,40.0000,24.0000,10.0000
1.5810,0.4950,0.3310,0.2680,0.1540,0.0000,0.0000,0.7550,1.0000,3.5390,3.8510,3.1060,0.0000,0.0000,0.0000,69.8829,0.0000,4386.0000,1755.0000,0.0000,25.0000,40.0000,24.0000,10.0000
1.6720,0.4040,0.3020,0.2580,0.1480,0.0000,0.0000,0.9660,1.0000,3.5390,3.8510,3.1060,0.0000,0.0000,0.0000,69.8939,0.0000,4387.0000,1755.0000,0.0000,25.0000,41.0000,24.0000,10.0000
1.8970,0.4920,0.3800,0.2850,0.1810,0.0000,0.0000,1.0250,1.0000,3.5390,3.8510,3.1060,0.0000,0.0000,0.0000,69.9042,0.0000,4388.0000,1755.0000,0.0000,25.0000,41.0000,24.0000,10.0000
1.7550,0.5480,0.3250,0.2780,0.1640,0.0000,0.0000,0.8820,1.0000,3.5390,3.8510,3.1060,0.0000,0.0000,0.0000,69.9154,0.0000,4389.0000,1755.0000,0.0000,25.0000,42.0000,24.0000,11.0000
1.7090,0.5760,0.3180,0.3640,0.1560,0.0000,0.0000,0.8150,1.0000,3.5390,3.8510,3.1060,0.0000,0.0000,0.0000,69.9140,0.0000,4389.0000,1755.0000,0.0000,25.0000,40.0000,24.0000,11.0000
1.7360,0.4170,0.3100,0.2640,0.1510,0.0000,0.0000,1.0090,1.0000,3.5390,3.8510,3.1060,0.0000,0.0000,0.0000,69.9244,0.0000,4390.0000,1755.0000,0.0000,25.0000,40.0000,24.0000,11.0000
2.1070,0.4550,0.3100,0.2590,0.1410,0.0000,0.0000,1.3420,1.0000,3.5390,3.8510,3.1060,0.0000,0.0000,0.0000,69.9250,0.0000,4390.0000,1755.0000,0.0000,25.0000,41.0000,24.0000,11.0000
2.0670,0.6170,0.3940,0.3600,0.1870,0.0000,0.0000,1.0560,1.0000,3.5390,3.8510,3.1060,0.0000,0.0000,0.0000,69.9371,0.0000,4392.0000,1755.0000,0.0000,25.0000,39.0000,24.0000,11.0000
1.9860,0.4920,0.3090,0.2890,0.1500,0.0000,0.0000,1.1850,1.0000,3.5390,3.8510,3.1060,0.0000,0.0000,0.0000,69.9471,0.0000,4393.0000,1755.0000,0.0000,25.0000,39.0000,24.0000,11.0000
1.9620,0.5940,0.3310,0.3370,0.1730,0.0000,0.0000,1.0370,1.0000,3.5390,3.8510,3.1060,0.0000,0.0000,0.0000,69.9592,0.0000,4396.0000,1755.0000,0.0000,25.0000,38.0000,24.0000,11.0000
2.0670,0.5220,0.4130,0.3060,0.2110,0.0000,0.0000,1.1320,1.0000,3.5390,3.8510,3.1060,0.0000,0.0000,0.0000,69.9695,0.0000,4397.0000,1755.0000,0.0000,25.0000,38.0000,24.0000,10.0000
1.8170,0.4850,0.3170,0.2640,0.1340,0.0000,0.0000,1.0150,1.0000,3.5390,3.8510,3.1060,0.0000,0.0000,0.0000,69.9701,0.0000,4397.0000,1755.0000,0.0000,25.0000,39.0000,24.0000,11.0000
1.8850,0.4880,0.3460,0.3220,0.1640,0.0000,0.0000,1.0510,1.0000,3.5390,3.8510,3.1060,0.0000,0.0000,0.0000,69.9797,0.0000,4398.0000,1755.0000,0.0000,25.0000,38.0000,24.0000,11.0000
1.7230,0.5180,0.3070,0.2720,0.1310,0.0000,0.0000,0.8980,1.0000,3.5390,3.8510,3.1060,0.0000,0.0000,0.0000,69.9797,0.0000,4398.0000,1755.0000,0.0000,25.0000,38.0000,24.0000,11.0000
1.9800,0.4760,0.3500,0.3210,0.1630,0.0000,0.0000,1.1540,1.0000,3.5390,3.8510,3.1060,0.0000,0.0000,0.0000,69.9797,0.0000,4398.0000,1755.0000,0.0000,25.0000,38.0000,24.0000,11.0000
1.7670,0.5750,0.3500,0.3590,0.1630,0.0000,0.0000,0.8420,1.0000,3.5390,3.8510,3.1060,0.0000,0.0000,0.0000,69.9790,0.0000,4398.0000,1755.0000,0.0000,25.0000,37.0000,24.0000,11.0000
1.7480,0.4100,0.2970,0.2580,0.1300,0.0000,0.0000,1.0410,1.0000,3.5390,3.8510,3.1060,0.0000,0.0000,0.0000,69.9790,0.0000,4398.0000,1755.0000,0.0000,25.0000,37.0000,24.0000,10.0000
1.6660,0.4290,0.2920,0.2590,0.1310,0.0000,0.0000,0.9450,1.0000,3.5390,3.8510,3.1060,0.0000,0.0000,0.0000,69.9797,0.0000,4398.0000,1755.0000,0.0000,25.0000,38.0000,24.0000,10.0000
1.6930,0.5000,0.2990,0.2730,0.1390,0.0000,0.0000,0.8940,1.0000,3.5390,3.8510,3.1060,0.0000,0.0000,0.0000,69.9790,0.0000,4398.0000,1755.0000,0.0000,25.0000,37.0000,24.0000,11.0000
1.8680,0.4770,0.3740,0.3140,0.2150,0.0000,0.0000,1.0170,1.0000,3.5390,3.8510,3.1060,0.0000,0.0000,0.0000,70.0095,0.0000,4401.0000,1755.0000,0.0000,25.0000,37.0000,24.0000,11.0000
1.6780,0.5030,0.2870,0.2540,0.1250,0.0000,0.0000,0.8880,1.0000,3.5390,3.8510,3.1060,0.0000,0.0000,0.0000,70.0102,0.0000,4401.0000,1755.0000,0.0000,25.0000,38.0000,24.0000,11.0000
1.8750,0.4330,0.3430,0.2670,0.1370,0.0000,0.0000,1.0990,1.0000,3.5390,3.8510,3.1060,0.0000,0.0000,0.0000,70.0103,0.0000,4401.0000,1755.0000,0.0000,25.0000,38.0000,24.0000,12.0000
2.0300,0.5380,0.3220,0.3220,0.1450,0.0000,0.0000,1.1700,1.0000,3.5390,3.8510,3.1060,0.0000,0.0000,0.0000,70.0112,0.0000,4401.0000,1755.0000,0.0000,25.0000,39.0000,24.0000,12.0000
1.7530,0.7530,0.3190,0.5970,0.1300,0.0000,0.0000,0.6810,1.0000,3.5390,3.8510,3.1060,0.0000,0.0000,0.0000,70.0105,0.0000,4401.0000,1755.0000,0.0000,25.0000,38.0000,24.0000,12.0000
1.9180,0.4940,0.4100,0.3380,0.1880,0.0000,0.0000,1.0140,1.0000,3.5390,3.8510,3.1060,0.0000,0.0000,0.0000,70.0411,0.0000,4404.0000,1755.0000,0.0000,25.0000,38.0000,24.0000,12.0000
1.7430,0.5690,0.3380,0.3150,0.1540,0.0000,0.0000,0.8360,1.0000,3.5390,3.8510,3.1060,0.0000,0.0000,0.0000,70.0514,0.0000,4405.0000,1755.0000,0.0000,25.0000,38.0000,24.0000,12.0000
1.6610,0.4490,0.2830,0.2610,0.1260,0.0000,0.0000,0.9290,1.0000,3.5390,3.8510,3.1060,0.0000,0.0000,0.0000,70.0516,0.0000,4405.0000,1755.0000,0.0000,25.0000,38.0000,24.0000,12.0000
1.6540,0.4300,0.2890,0.2600,0.1240,0.0000,0.0000,0.9350,1.0000,3.5390,3.8510,3.1060,0.0000,0.0000,0.0000,70.0516,0.0000,4405.0000,1755.0000,0.0000,25.0000,38.0000,24.0000,12.0000
1.9260,0.4570,0.3410,0.3060,0.1560,0.0000,0.0000,1.1280,1.0000,3.5390,3.8510,3.1060,0.0000,0.0000,0.0000,70.0722,0.0000,4407.0000,1755.0000,0.0000,25.0000,38.0000,24.0000,12.0000
1.8810,0.5400,0.3430,0.3100,0.1390,0.0000,0.0000,0.9980,1.0000,3.5390,3.8510,3.1060,0.0000,0.0000,0.0000,70.0722,0.0000,4407.0000,1755.0000,0.0000,25.0000,38.0000,24.0000,12.0000
2.0030,0.4230,0.3560,0.2670,0.1880,0.0000,0.0000,1.2240,1.0000,3.5390,3.8510,3.1060,0.0000,0.0000,0.0000,70.0807,0.0000,4406.0000,1755.0000,0.0000,25.0000,37.0000,24.0000,12.0000
1.5680,0.5410,0.3240,0.3470,0.1600,0.0000,0.0000,0.7030,1.0000,3.5390,3.8510,3.1060,0.0000,0.0000,0.0000,70.0814,0.0000,4406.0000,1755.0000,0.0000,25.0000,38.0000,24.0000,12.0000
1.5970,0.4170,0.2950,0.2620,0.1230,0.0000,0.0000,0.8850,1.0000,3.5390,3.8510,3.1060,0.0000,0.0000,0.0000,70.0814,0.0000,4406.0000,1755.0000,0.0000,25.0000,38.0000,24.0000,12.0000
1.6400,0.4620,0.3490,0.3120,0.1670,0.0000,0.0000,0.8290,1.0000,3.5390,3.8510,3.1060,0.0000,0.0000,0.0000,70.0807,0.0000,4406.0000,1755.0000,0.0000,25.0000,37.0000,24.0000,12.0000
1.8990,0.4340,0.3120,0.2780,0.1540,0.0000,0.0000,1.1530,1.0000,3.5390,3.8510,3.1060,0.0000,0.0000,0.0000,70.0917,0.0000,4407.0000,1755.0000,0.0000,25.0000,38.0000,24.0000,12.0000
1.9280,0.5490,0.3760,0.3170,0.1950,0.0000,0.0000,1.0030,1.0000,3.5390,3.8510,3.1060,0.0000,0.0000,0.0000,70.1322,0.0000,4411.0000,1755.0000,0.0000,25.0000,38.0000,24.0000,12.0000
1.5510,0.6120,0.2940,0.2790,0.1240,0.0000,0.0000,0.6450,1.0000,3.5390,3.8510,3.1060,0.0000,0.0000,0.0000,70.1317,0.0000,4411.0000,1755.0000,0.0000,25.0000,38.0000,24.0000,12.0000
3.5770,0.4840,0.3620,0.2750,0.1750,0.0000,0.0000,2.7310,1.0000,3.5390,3.8510,3.1060,0.0000,0.0000,0.0000,69.8108,0.0000,4379.0000,1755.0000,0.0000,25.0000,38.0000,24.0000,12.0000
1.7590,0.6770,0.3100,0.3820,0.1310,0.0000,0.0000,0.7720,1.0000,3.5390,3.8510,3.1060,0.0000,0.0000,0.0000,69.8107,0.0000,4379.0000,1755.0000,0.0000,25.0000,38.0000,24.0000,12.0000
1.6350,0.4350,0.2950,0.2650,0.1240,0.0000,0.0000,0.9050,1.0000,3.5390,3.8510,3.1060,0.0000,0.0000,0.0000,69.8108,0.0000,4379.0000,1755.0000,0.0000,25.0000,38.0000,24.0000,12.0000
1.7620,0.4640,0.3100,0.3200,0.1230,0.0000,0.0000,0.9880,1.0000,3.5390,3.8510,3.1060,0.0000,0.0000,0.0000,69.8115,0.0000,4379.0000,1755.0000,0.0000,25.0000,39.0000,24.0000,12.0000
1.7490,0.4090,0.2880,0.2660,0.1250,0.0000,0.0000,1.0520,1.0000,3.5390,3.8510,3.1060,0.0000,0.0000,0.0000,69.8115,0.0000,4379.0000,1755.0000,0.0000,25.0000,39.0000,24.0000,12.0000
1.7470,0.4210,0.3110,0.2610,0.1570,0.0000,0.0000,1.0150,1.0000,3.5390,3.8510,3.1060,0.0000,0.0000,0.0000,69.8309,0.0000,4381.0000,1755.0000,0.0000,25.0000,38.0000,24.0000,12.0000
1.6150,0.5240,0.2920,0.2740,0.1330,0.0000,0.0000,0.7990,1.0000,3.5390,3.8510,3.1060,0.0000,0.0000,0.0000,69.8316,0.0000,4381.0000,1755.0000,0.0000,25.0000,39.0000,24.0000,12.0000
1.6220,0.5040,0.3120,0.3660,0.1550,0.0000,0.0000,0.8060,1.0000,3.5390,3.8510,3.1060,0.0000,0.0000,0.0000,69.8310,0.0000,4381.0000,1755.0000,0.0000,25.0000,38.0000,24.0000,12.0000
1.7180,0.4150,0.2770,0.2610,0.1200,0.0000,0.0000,1.0260,1.0000,3.5390,3.8510,3.1060,0.0000,0.0000,0.0000,69.8310,0.0000,4381.0000,1755.0000,0.0000,25.0000,38.0000,24.0000,12.0000
1.6270,0.4510,0.3210,0.2730,0.1310,0.0000,0.0000,0.8550,1.0000,3.5390,3.8510,3.1060,0.0000,0.0000,0.0000,69.8317,0.0000,4381.0000,1755.0000,0.0000,25.0000,39.0000,24.0000,12.0000
1.8440,0.4530,0.3550,0.3130,0.2020,0.0000,0.0000,1.0360,1.0000,3.5390,3.8510,3.1060,0.0000,0.0000,0.0000,69.8633,0.0000,4384.0000,1755.0000,0.0000,25.0000,40.0000,24.0000,11.0000
1.8060,0.5130,0.3160,0.2730,0.1540,0.0000,0.0000,0.9770,1.0000,3.5390,3.8510,3.1060,0.0000,0.0000,0.0000,69.8829,0.0000,4386.0000,1755.0000,0.0000,25.0000,39.0000,24.0000,11.0000
1.6030,0.4900,0.2810,0.2710,0.1220,0.0000,0.0000,0.8320,1.0000,3.5390,3.8510,3.1060,0.0000,0.0000,0.0000,69.8830,0.0000,4386.0000,1755.0000,0.0000,25.0000,39.0000,24.0000,11.0000
1.5720,0.4580,0.3110,0.2770,0.1350,0.0000,0.0000,0.8030,1.0000,3.5390,3.8510,3.1060,0.0000,0.0000,0.0000,69.8834,0.0000,4386.0000,1755.0000,0.0000,25.0000,39.0000,24.0000,12.0000
1.8280,0.4470,0.3250,0.3080,0.1670,0.0000,0.0000,1.0560,1.0000,3.5390,3.8510,3.1060,0.0000,0.0000,0.0000,69.9131,0.0000,4389.0000,1755.0000,0.0000,25.0000,38.0000,24.0000,12.0000
1.6470,0.5070,0.2830,0.2570,0.1230,0.0000,0.0000,0.8570,1.0000,3.5390,3.8510,3.1060,0.0000,0.0000,0.0000,69.9138,0.0000,4389.0000,1755.0000,0.0000,25.0000,39.0000,24.0000,12.0000
11.4460,0.4570,0.3210,0.2740,0.1360,0.0000,0.0000,10.6680,1.0000,3.5390,3.8510,3.1060,0.0000,0.0000,0.0000,69.9140,0.0000,4389.0000,1755.0000,0.0000,25.0000,39.0000,24.0000,12.0000
1.8520,0.4610,0.3180,0.3220,0.1530,0.0000,0.0000,1.0730,1.0000,3.5390,3.8510,3.1060,0.0000,0.0000,0.0000,69.9249,0.0000,4390.0000,1755.0000,0.0000,25.0000,38.0000,24.0000,12.0000
1.7310,0.4770,0.3180,0.2670,0.1520,0.0000,0.0000,0.9360,1.0000,3.5390,3.8510,3.1060,0.0000,0.0000,0.0000,69.9359,0.0000,4391.0000,1755.0000,0.0000,25.0000,39.0000,24.0000,12.0000
1.7790,0.5170,0.3510,0.2830,0.1730,0.0000,0.0000,0.9110,1.0000,3.5390,3.8510,3.1060,0.0000,0.0000,0.0000,69.9352,0.0000,4391.0000,1755.0000,0.0000,25.0000,38.0000,24.0000,12.0000
1.7090,0.5670,0.3680,0.4040,0.1710,0.0000,0.0000,0.7740,1.0000,3.5390,3.8510,3.1060,0.0000,0.0000,0.0000,69.9449,0.0000,4392.0000,1755.0000,0.0000,25.0000,37.0000,24.0000,12.0000
2.2670,0.4640,0.3450,0.2850,0.1770,0.0000,0.0000,1.4580,1.0000,3.5390,3.8510,3.1060,0.0000,0.0000,0.0000,69.9661,0.0000,4394.0000,1755.0000,0.0000,25.0000,38.0000,24.0000,12.0000
2.6550,0.5250,0.3290,0.2890,0.1730,0.0000,0.0000,1.8010,1.0000,3.5390,3.8510,3.1060,0.0000,0.0000,0.0000,69.9662,0.0000,4394.0000,1755.0000,0.0000,25.0000,38.0000,24.0000,12.0000
4.4850,0.6520,0.3260,0.4480,0.1370,0.0000,0.0000,3.5070,1.0000,3.5390,3.8510,3.1060,0.0000,0.0000,0.0000,69.9656,0.0000,4394.0000,1755.0000,0.0000,25.0000,37.0000,24.0000,12.0000
1.9180,0.4380,0.3750,0.2660,0.1420,0.0000,0.0000,1.1050,1.0000,3.5390,3.8510,3.1060,0.0000,0.0000,0.0000,69.9663,0.0000,4394.0000,1755.0000,0.0000,25.0000,38.0000,24.0000,12.0000
1.7400,0.5110,0.3770,0.3530,0.1580,0.0000,0.0000,0.8520,1.0000,3.5390,3.8510,3.1060,0.0000,0.0000,0.0000,69.9663,0.0000,4394.0000,1755.0000,0.0000,25.0000,38.0000,24.0000,12.0000
1.6810,0.4780,0.3090,0.3180,0.1520,0.0000,0.0000,0.8940,1.0000,3.5390,3.8510,3.1060,0.0000,0.0000,0.0000,69.9752,0.0000,4395.0000,1755.0000,0.0000,25.0000,36.0000,24.0000,12.0000
1.6120,0.4550,0.3420,0.2590,0.1410,0.0000,0.0000,0.8150,1.0000,3.5390,3.8510,3.1060,0.0000,0.0000,0.0000,69.9760,0.0000,4395.0000,1755.0000,0.0000,25.0000,37.0000,24.0000,12.0000
1.8870,0.4740,0.4010,0.2740,0.1970,0.0000,0.0000,1.0120,1.0000,3.5390,3.8510,3.1060,0.0000,0.0000,0.0000,70.0058,0.0000,4398.0000,1755.0000,0.0000,25.0000,36.0000,24.0000,12.0000
1.7060,0.6100,0.3170,0.3530,0.1570,0.0000,0.0000,0.7790,1.0000,3.5390,3.8510,3.1060,0.0000,0.0000,0.0000,70.0065,0.0000,4398.0000,1755.0000,0.0000,25.0000,37.0000,24.0000,11.0000
1.5180,0.4500,0.2920,0.2720,0.1260,0.0000,0.0000,0.7760,1.0000,3.5390,3.8510,3.1060,0.0000,0.0000,0.0000,70.0074,0.0000,4398.0000,1755.0000,0.0000,25.0000,38.0000,24.0000,11.0000
1.7320,0.4340,0.3260,0.2840,0.1380,0.0000,0.0000,0.9720,1.0000,3.5390,3.8510,3.1060,0.0000,0.0000,0.0000,70.0074,0.0000,4398.0000,1755.0000,0.0000,25.0000,38.0000,24.0000,11.0000
1.6570,0.4490,0.3460,0.3040,0.1750,0.0000,0.0000,0.8620,1.0000,3.5390,3.8510,3.1060,0.0000,0.0000,0.0000,70.0067,0.0000,4398.0000,1755.0000,0.0000,25.0000,37.0000,24.0000,11.0000
1.6560,0.4080,0.3140,0.2580,0.1580,0.0000,0.0000,0.9340,1.0000,3.5390,3.8510,3.1060,0.0000,0.0000,0.0000,70.0279,0.0000,4400.0000,1755.0000,0.0000,25.0000,38.0000,24.0000,11.0000
1.5490,0.5560,0.2950,0.2710,0.1380,0.0000,0.0000,0.6980,1.0000,3.5390,3.8510,3.1060,0.0000,0.0000,0.0000,70.0265,0.0000,4400.0000,1755.0000,0.0000,25.0000,36.0000,24.0000,11.0000
1.4960,0.3930,0.2760,0.2540,0.1200,0.0000,0.0000,0.8270,1.0000,3.5390,3.8510,3.1060,0.0000,0.0000,0.0000,70.0266,0.0000,4400.0000,1755.0000,0.0000,25.0000,36.0000,24.0000,11.0000
1.6730,0.4190,0.3480,0.2720,0.1620,0.0000,0.0000,0.9060,1.0000,3.5390,3.8510,3.1060,0.0000,0.0000,0.0000,70.0376,0.0000,4401.0000,1755.0000,0.0000,25.0000,37.0000,24.0000,11.0000
1.7860,0.4830,0.3670,0.3090,0.2130,0.0000,0.0000,0.9360,1.0000,3.5390,3.8510,3.1060,0.0000,0.0000,0.0000,70.0799,0.0000,4405.0000,1755.0000,0.0000,25.0000,37.0000,24.0000,11.0000
1.5140,0.5420,0.2750,0.2600,0.1210,0.0000,0.0000,0.6970,1.0000,3.5390,3.8510,3.1060,0.0000,0.0000,0.0000,70.0801,0.0000,4405.0000,1755.0000,0.0000,25.0000,37.0000,24.0000,11.0000
1.5030,0.4580,0.2880,0.2710,0.1320,0.0000,0.0000,0.7570,1.0000,3.5390,3.8510,3.1060,0.0000,0.0000,0.0000,70.0810,0.0000,4405.0000,1755.0000,0.0000,25.0000,38.0000,24.0000,11.0000
1.4780,0.4490,0.2710,0.3030,0.1180,0.0000,0.0000,0.7580,1.0000,3.5390,3.8510,3.1060,0.0000,0.0000,0.0000,70.0803,0.0000,4405.0000,1755.0000,0.0000,25.0000,37.0000,24.0000,11.0000
1.7890,0.4180,0.3440,0.2670,0.1600,0.0000,0.0000,1.0270,1.0000,3.5390,3.8510,3.1060,0.0000,0.0000,0.0000,70.0919,0.0000,4406.0000,1755.0000,0.0000,25.0000,37.0000,24.0000,11.0000
1.5390,0.5120,0.3170,0.3040,0.1250,0.0000,0.0000,0.7100,1.0000,3.5390,3.8510,3.1060,0.0000,0.0000,0.0000,70.0933,0.0000,4406.0000,1755.0000,0.0000,25.0000,39.0000,24.0000,11.0000
1.7500,0.4050,0.3630,0.2560,0.1730,0.0000,0.0000,0.9820,1.0000,3.5390,3.8510,3.1060,0.0000,0.0000,0.0000,70.1142,0.0000,4408.0000,1755.0000,0.0000,25.0000,40.0000,24.0000,11.0000
1.7120,0.5240,0.3270,0.2590,0.1720,0.0000,0.0000,0.8610,1.0000,3.5390,3.8510,3.1060,0.0000,0.0000,0.0000,70.1245,0.0000,4409.0000,1755.0000,0.0000,25.0000,40.0000,24.0000,11.0000
1.6650,0.4900,0.3440,0.3140,0.1500,0.0000,0.0000,0.8310,1.0000,3.5390,3.8510,3.1060,0.0000,0.0000,0.0000,70.1239,0.0000,4409.0000,1755.0000,0.0000,25.0000,39.0000,24.0000,11.0000
1.5520,0.4230,0.2930,0.2630,0.1230,0.0000,0.0000,0.8360,1.0000,3.5390,3.8510,3.1060,0.0000,0.0000,0.0000,70.1239,0.0000,4409.0000,1755.0000,0.0000,25.0000,39.0000,24.0000,11.0000
1.6420,0.4410,0.2900,0.2760,0.1320,0.0000,0.0000,0.9110,1.0000,3.5390,3.8510,3.1060,0.0000,0.0000,0.0000,70.1238,0.0000,4409.0000,1755.0000,0.0000,25.0000,39.0000,24.0000,11.0000
1.7980,0.4980,0.3380,0.3450,0.1580,0.0000,0.0000,0.9620,1.0000,3.5390,3.8510,3.1060,0.0000,0.0000,0.0000,69.8151,0.0000,4379.0000,1755.0000,0.0000,25.0000,39.0000,24.0000,11.0000
1.9100,0.4180,0.3220,0.2590,0.1550,0.0000,0.0000,1.1700,1.0000,3.5390,3.8510,3.1060,0.0000,0.0000,0.0000,69.8254,0.0000,4380.0000,1755.0000,0.0000,25.0000,39.0000,24.0000,11.0000
1.8880,0.5080,0.2930,0.2730,0.1250,0.0000,0.0000,1.0870,1.0000,3.5390,3.8510,3.1060,0.0000,0.0000,0.0000,69.8247,0.0000,4380.0000,1755.0000,0.0000,25.0000,38.0000,24.0000,11.0000
1.7180,0.5660,0.3460,0.2900,0.1540,0.0000,0.0000,0.8060,1.0000,3.5390,3.8510,3.1060,0.0000,0.0000,0.0000,69.8357,0.0000,4381.0000,1755.0000,0.0000,25.0000,39.0000,24.0000,11.0000
1.7430,0.5310,0.2890,0.3030,0.1310,0.0000,0.0000,0.9230,1.0000,3.5390,3.8510,3.1060,0.0000,0.0000,0.0000,69.8350,0.0000,4381.0000,1755.0000,0.0000,25.0000,38.0000,24.0000,11.0000
1.6980,0.4450,0.3250,0.3020,0.1620,0.0000,0.0000,0.9280,1.0000,3.5390,3.8510,3.1060,0.0000,0.0000,0.0000,69.8350,0.0000,4381.0000,1755.0000,0.0000,25.0000,38.0000,24.0000,11.0000
1.5900,0.4340,0.3090,0.2850,0.1470,0.0000,0.0000,0.8470,1.0000,3.5390,3.8510,3.1060,0.0000,0.0000,0.0000,69.8453,0.0000,4382.0000,1755.0000,0.0000,25.0000,38.0000,24.0000,11.0000
1.7530,0.4480,0.3410,0.2680,0.1610,0.0000,0.0000,0.9640,1.0000,3.5390,3.8510,3.1060,0.0000,0.0000,0.0000,69.8556,0.0000,4383.0000,1755.0000,0.0000,25.0000,38.0000,24.0000,11.0000
1.6450,0.5270,0.3420,0.3080,0.1900,0.0000,0.0000,0.7760,1.0000,3.5390,3.8510,3.1060,0.0000,0.0000,0.0000,69.8755,0.0000,4385.0000,1755.0000,0.0000,25.0000,37.0000,24.0000,11.0000
1.5960,0.4700,0.3030,0.2570,0.1450,0.0000,0.0000,0.8230,1.0000,3.5390,3.8510,3.1060,0.0000,0.0000,0.0000,69.8865,0.0000,4386.0000,1755.0000,0.0000,25.0000,38.0000,24.0000,11.0000
1.5050,0.5340,0.2920,0.2720,0.1320,0.0000,0.0000,0.6790,1.0000,3.5390,3.8510,3.1060,0.0000,0.0000,0.0000,69.8859,0.0000,4386.0000,1755.0000,0.0000,25.0000,37.0000,24.0000,11.0000
1.4890,0.3990,0.2700,0.2560,0.1190,0.0000,0.0000,0.8200,1.0000,3.5390,3.8510,3.1060,0.0000,0.0000,0.0000,69.8859,0.0000,4386.0000,1755.0000,0.0000,25.0000,37.0000,24.0000,11.0000
2.8170,0.4170,0.3560,0.2690,0.1650,0.0000,0.0000,2.0440,1.0000,3.5390,3.8510,3.1060,0.0000,0.0000,0.0000,69.8969,0.0000,4387.0000,1755.0000,0.0000,25.0000,38.0000,24.0000,11.0000
1.6000,0.4940,0.3160,0.3150,0.1250,0.0000,0.0000,0.7900,1.0000,3.5390,3.8510,3.1060,0.0000,0.0000,0.0000,69.8969,0.0000,4387.0000,1755.0000,0.0000,25.0000,38.0000,24.0000,11.0000
1.4820,0.4230,0.2810,0.2760,0.1200,0.0000,0.0000,0.7780,1.0000,3.5390,3.8510,3.1060,0.0000,0.0000,0.0000,69.8963,0.0000,4387.0000,1755.0000,0.0000,25.0000,37.0000,24.0000,10.0000
1.5970,0.4600,0.3060,0.2740,0.1250,0.0000,0.0000,0.8310,1.0000,3.5390,3.8510,3.1060,0.0000,0.0000,0.0000,69.8963,0.0000,4387.0000,1755.0000,0.0000,25.0000,37.0000,24.0000,10.0000
1.6020,0.4120,0.3080,0.2660,0.1490,0.0000,0.0000,0.8820,1.0000,3.5390,3.8510,3.1060,0.0000,0.0000,0.0000,69.9065,0.0000,4388.0000,1755.0000,0.0000,25.0000,37.0000,24.0000,10.0000
1.4910,0.4560,0.2910,0.2590,0.1350,0.0000,0.0000,0.7440,1.0000,3.5390,3.8510,3.1060,0.0000,0.0000,0.0000,69.9065,0.0000,4388.0000,1755.0000,0.0000,25.0000,37.0000,24.0000,10.0000
1.5340,0.4630,0.3170,0.3080,0.1630,0.0000,0.0000,0.7540,1.0000,3.5390,3.8510,3.1060,0.0000,0.0000,0.0000,69.9169,0.0000,4389.0000,1755.0000,0.0000,25.0000,37.0000,24.0000,10.0000
1.6900,0.4410,0.3190,0.2540,0.1510,0.0000,0.0000,0.9300,1.0000,3.5390,3.8510,3.1060,0.0000,0.0000,0.0000,69.9271,0.0000,4390.0000,1755.0000,0.0000,25.0000,37.0000,24.0000,10.0000
1.5930,0.4870,0.3020,0.3120,0.1490,0.0000,0.0000,0.8040,1.0000,3.5390,3.8510,3.1060,0.0000,0.0000,0.0000,69.9265,0.0000,4390.0000,1755.0000,0.0000,25.0000,36.0000,24.0000,9.0000
1.8240,0.4030,0.2790,0.2550,0.1250,0.0000,0.0000,1.1420,1.0000,3.5390,3.8510,3.1060,0.0000,0.0000,0.0000,69.9272,0.0000,4390.0000,1755.0000,0.0000,25.0000,37.0000,24.0000,9.0000
1.7300,0.4930,0.2960,0.2780,0.1250,0.0000,0.0000,0.9410,1.0000,3.5390,3.8510,3.1060,0.0000,0.0000,0.0000,69.9262,0.0000,4390.0000,1755.0000,0.0000,25.0000,35.0000,24.0000,10.0000
1.6200,0.6170,0.3000,0.4750,0.1230,0.0000,0.0000,0.7030,1.0000,3.5390,3.8510,3.1060,0.0000,0.0000,0.0000,69.9262,0.0000,4390.0000,1755.0000,0.0000,25.0000,35.0000,24.0000,10.0000
1.7230,0.4140,0.2850,0.2720,0.1250,0.0000,0.0000,1.0240,1.0000,3.5390,3.8510,3.1060,0.0000,0.0000,0.0000,69.9269,0.0000,4390.0000,1755.0000,0.0000,25.0000,36.0000,24.0000,10.0000
1.5520,0.4280,0.2900,0.2600,0.1270,0.0000,0.0000,0.8340,1.0000,3.5390,3.8510,3.1060,0.0000,0.0000,0.0000,69.9269,0.0000,4390.0000,1755.0000,0.0000,25.0000,36.0000,24.0000,10.0000
2.4260,0.4650,0.4830,0.2720,0.2730,0.0000,0.0000,1.4780,1.0000,3.5390,3.8510,3.1060,0.0000,0.0000,0.0000,69.9464,0.0000,4392.0000,1755.0000,0.0000,25.0000,35.0000,24.0000,10.0000
1.6620,0.5510,0.2840,0.3230,0.1220,0.0000,0.0000,0.8270,1.0000,3.5390,3.8510,3.1060,0.0000,0.0000,0.0000,69.9464,0.0000,4392.0000,1755.0000,0.0000,25.0000,35.0000,24.0000,10.0000
1.8760,0.4650,0.3880,0.2760,0.1750,0.0000,0.0000,1.0230,1.0000,3.5390,3.8510,3.1060,0.0000,0.0000,0.0000,69.9670,0.0000,4394.0000,1755.0000,0.0000,25.0000,35.0000,24.0000,10.0000
1.6950,0.5270,0.3220,0.3110,0.1290,0.0000,0.0000,0.8460,1.0000,3.5390,3.8510,3.1060,0.0000,0.0000,0.0000,69.9664,0.0000,4394.0000,1755.0000,0.0000,25.0000,34.0000,24.0000,10.0000
1.7100,0.4120,0.2790,0.2610,0.1240,0.0000,0.0000,1.0190,1.0000,3.5390,3.8510,3.1060,0.0000,0.0000,0.0000,69.9679,0.0000,4394.0000,1755.0000,0.0000,25.0000,36.0000,24.0000,10.0000
1.9570,0.4960,0.3370,0.2680,0.1630,0.0000,0.0000,1.1240,1.0000,3.5390,3.8510,3.1060,0.0000,0.0000,0.0000,69.9881,0.0000,4396.0000,1755.0000,0.0000,25.0000,36.0000,24.0000,10.0000
1.7420,0.5430,0.3400,0.2900,0.1550,0.0000,0.0000,0.8590,1.0000,3.5390,3.8510,3.1060,0.0000,0.0000,0.0000,69.9977,0.0000,4397.0000,1755.0000,0.0000,25.0000,35.0000,24.0000,10.0000
1.7650,0.5390,0.3350,0.3160,0.1530,0.0000,0.0000,0.8910,1.0000,3.5390,3.8510,3.1060,0.0000,0.0000,0.0000,70.0089,0.0000,4398.0000,1755.0000,0.0000,25.0000,36.0000,24.0000,10.0000
1.7130,0.4740,0.3440,0.2940,0.1760,0.0000,0.0000,0.8950,1.0000,3.5390,3.8510,3.1060,0.0000,0.0000,0.0000,70.0090,0.0000,4398.0000,1755.0000,0.0000,25.0000,36.0000,24.0000,10.0000
1.6550,0.4310,0.3090,0.2760,0.1510,0.0000,0.0000,0.9150,1.0000,3.5390,3.8510,3.1060,0.0000,0.0000,0.0000,70.0186,0.0000,4399.0000,1755.0000,0.0000,25.0000,35.0000,24.0000,10.0000
1.5800,0.4670,0.3110,0.2820,0.1390,0.0000,0.0000,0.8020,1.0000,3.5390,3.8510,3.1060,0.0000,0.0000,0.0000,70.0186,0.0000,4399.0000,1755.0000,0.0000,25.0000,35.0000,24.0000,10.0000
1.6230,0.4520,0.2750,0.3070,0.1200,0.0000,0.0000,0.8960,1.0000,3.5390,3.8510,3.1060,0.0000,0.0000,0.0000,70.0186,0.0000,4399.0000,1755.0000,0.0000,25.0000,35.0000,24.0000,10.0000
1.7990,0.4210,0.3520,0.2570,0.1460,0.0000,0.0000,1.0260,1.0000,3.5390,3.8510,3.1060,0.0000,0.0000,0.0000,70.0186,0.0000,4399.0000,1755.0000,0.0000,25.0000,35.0000,24.0000,10.0000
1.6650,0.4900,0.3340,0.2720,0.1640,0.0000,0.0000,0.8410,1.0000,3.5390,3.8510,3.1060,0.0000,0.0000,0.0000,70.0186,0.0000,4399.0000,1755.0000,0.0000,25.0000,35.0000,24.0000,10.0000
1.7060,0.5240,0.3260,0.3710,0.1630,0.0000,0.0000,0.8560,1.0000,3.5390,3.8510,3.1060,0.0000,0.0000,0.0000,70.0186,0.0000,4399.0000,1755.0000,0.0000,25.0000,35.0000,24.0000,10.0000
1.7430,0.4570,0.3300,0.2710,0.1550,0.0000,0.0000,0.9560,1.0000,3.5390,3.8510,3.1060,0.0000,0.0000,0.0000,70.0296,0.0000,4400.0000,1755.0000,0.0000,25.0000,36.0000,24.0000,10.0000
1.6470,0.4540,0.2900,0.2660,0.1210,0.0000,0.0000,0.9030,1.0000,3.5390,3.8510,3.1060,0.0000,0.0000,0.0000,70.0294,0.0000,4400.0000,1755.0000,0.0000,25.0000,36.0000,24.0000,11.0000
1.7200,0.5170,0.3380,0.3710,0.1600,0.0000,0.0000,0.8650,1.0000,3.5390,3.8510,3.1060,0.0000,0.0000,0.0000,70.0497,0.0000,4402.0000,1755.0000,0.0000,25.0000,36.0000,24.0000,11.0000
1.6220,0.4790,0.2800,0.2670,0.1210,0.0000,0.0000,0.8630,1.0000,3.5390,3.8510,3.1060,0.0000,0.0000,0.0000,70.0497,0.0000,4402.0000,1755.0000,0.0000,25.0000,36.0000,24.0000,11.0000
1.5420,0.4630,0.3030,0.2690,0.1260,0.0000,0.0000,0.7760,1.0000,3.5390,3.8510,3.1060,0.0000,0.0000,0.0000,70.0498,0.0000,4402.0000,1755.0000,0.0000,25.0000,36.0000,24.0000,11.0000
1.6980,0.4650,0.3400,0.3170,0.1860,0.0000,0.0000,0.8930,1.0000,3.5390,3.8510,3.1060,0.0000,0.0000,0.0000,70.0601,0.0000,4403.0000,1755.0000,0.0000,25.0000,36.0000,24.0000,11.0000
1.5930,0.4600,0.2990,0.2760,0.1240,0.0000,0.0000,0.8340,1.0000,3.5390,3.8510,3.1060,0.0000,0.0000,0.0000,70.0601,0.0000,4403.0000,1755.0000,0.0000,25.0000,36.0000,24.0000,12.0000
1.5360,0.5040,0.2930,0.3130,0.1350,0.0000,0.0000,0.7390,1.0000,3.5390,3.8510,3.1060,0.0000,0.0000,0.0000,70.0608,0.0000,4403.0000,1755.0000,0.0000,25.0000,37.0000,24.0000,12.0000
1.7050,0.4060,0.3010,0.2580,0.1490,0.0000,0.0000,0.9980,1.0000,3.5390,3.8510,3.1060,0.0000,0.0000,0.0000,70.0718,0.0000,4404.0000,1755.0000,0.0000,25.0000,38.0000,24.0000,12.0000
1.4880,0.4620,0.2910,0.2580,0.1240,0.0000,0.0000,0.7350,1.0000,3.5390,3.8510,3.1060,0.0000,0.0000,0.0000,70.0725,0.0000,4404.0000,1755.0000,0.0000,25.0000,39.0000,24.0000,12.0000
1.6750,0.4570,0.3270,0.3150,0.1590,0.0000,0.0000,0.8910,1.0000,3.5390,3.8510,3.1060,0.0000,0.0000,0.0000,70.0725,0.0000,4404.0000,1755.0000,0.0000,25.0000,39.0000,24.0000,12.0000
1.5440,0.4100,0.2890,0.2610,0.1340,0.0000,0.0000,0.8450,1.0000,3.5390,3.8510,3.1060,0.0000,0.0000,0.0000,70.0725,0.0000,4404.0000,1755.0000,0.0000,25.0000,39.0000,24.0000,12.0000
1.8410,0.4630,0.3070,0.2720,0.1240,0.0000,0.0000,1.0710,1.0000,3.5390,3.8510,3.1060,0.0000,0.0000,0.0000,70.0727,0.0000,4404.0000,1755.0000,0.0000,25.0000,39.0000,24.0000,12.0000
2.5780,0.7330,0.4020,0.5830,0.2250,0.0000,0.0000,1.4430,1.0000,3.5390,3.8510,3.1060,0.0000,0.0000,0.0000,70.0813,0.0000,4405.0000,1755.0000,0.0000,25.0000,37.0000,24.0000,12.0000
1.6180,0.4480,0.3140,0.2590,0.1510,0.0000,0.0000,0.8560,1.0000,3.5390,3.8510,3.1060,0.0000,0.0000,0.0000,69.8022,0.0000,4378.0000,1755.0000,0.0000,25.0000,37.0000,24.0000,12.0000
1.7750,0.5030,0.3660,0.2730,0.1800,0.0000,0.0000,0.9060,1.0000,3.5390,3.8510,3.1060,0.0000,0.0000,0.0000,69.8327,0.0000,4381.0000,1755.0000,0.0000,25.0000,37.0000,24.0000,12.0000
1.9190,0.5540,0.3090,0.3150,0.1570,0.0000,0.0000,1.0560,1.0000,3.5390,3.8510,3.1060,0.0000,0.0000,0.0000,69.8349,0.0000,4381.0000,1755.0000,0.0000,25.0000,40.0000,24.0000,12.0000
2.4850,0.5260,0.5480,0.3600,0.3410,0.0000,0.0000,1.4110,1.0000,3.5390,3.8510,3.1060,0.0000,0.0000,0.0000,69.8545,0.0000,4383.0000,1755.0000,0.0000,25.0000,39.0000,24.0000,12.0000
2.2220,0.6890,0.4030,0.4130,0.1750,0.0000,0.0000,1.1300,1.0000,3.5390,3.8510,3.1060,0.0000,0.0000,0.0000,69.8552,0.0000,4383.0000,1755.0000,0.0000,25.0000,40.0000,24.0000,12.0000
2.2250,0.6180,0.3900,0.3680,0.1730,0.0000,0.0000,1.2170,1.0000,3.5390,3.8510,3.1060,0.0000,0.0000,0.0000,69.8553,0.0000,4383.0000,1755.0000,0.0000,25.0000,40.0000,24.0000,12.0000
2.2760,0.5790,0.4450,0.3640,0.2370,0.0000,0.0000,1.2520,1.0000,3.5390,3.8510,3.1060,0.0000,0.0000,0.0000,69.8546,0.0000,4383.0000,1755.0000,0.0000,25.0000,39.0000,24.0000,12.0000
2.2230,0.6010,0.4320,0.4010,0.1910,0.0000,0.0000,1.1900,1.0000,3.5390,3.8510,3.1060,0.0000,0.0000,0.0000,69.8546,0.0000,4383.0000,1755.0000,0.0000,25.0000,39.0000,24.0000,12.0000
2.3120,0.6200,0.4010,0.4190,0.1770,0.0000,0.0000,1.2910,1.0000,3.5390,3.8510,3.1060,0.0000,0.0000,0.0000,69.8546,0.0000,4383.0000,1755.0000,0.0000,25.0000,39.0000,24.0000,12.0000
1.9210,0.6640,0.3530,0.3680,0.1650,0.0000,0.0000,0.9040,1.0000,3.5390,3.8510,3.1060,0.0000,0.0000,0.0000,69.8759,0.0000,4385.0000,1755.0000,0.0000,25.0000,40.0000,24.0000,12.0000
1.7530,0.4970,0.2960,0.2630,0.1230,0.0000,0.0000,0.9600,1.0000,3.5390,3.8510,3.1060,0.0000,0.0000,0.0000,69.8766,0.0000,4385.0000,1755.0000,0.0000,25.0000,41.0000,24.0000,12.0000
1.6130,0.5290,0.3000,0.3440,0.1320,0.0000,0.0000,0.7840,1.0000,3.5390,3.8510,3.1060,0.0000,0.0000,0.0000,69.8767,0.0000,4385.0000,1755.0000,0.0000,25.0000,41.0000,24.0000,11.0000
1.7010,0.4550,0.3150,0.3130,0.1610,0.0000,0.0000,0.9310,1.0000,3.5390,3.8510,3.1060,0.0000,0.0000,0.0000,69.8767,0.0000,4385.0000,1755.0000,0.0000,25.0000,41.0000,24.0000,10.0000
1.5790,0.4140,0.2810,0.2570,0.1240,0.0000,0.0000,0.8840,1.0000,3.5390,3.8510,3.1060,0.0000,0.0000,0.0000,69.8767,0.0000,4385.0000,1755.0000,0.0000,25.0000,41.0000,24.0000,10.0000
1.6320,0.4510,0.2940,0.2700,0.1350,0.0000,0.0000,0.8870,1.0000,3.5390,3.8510,3.1060,0.0000,0.0000,0.0000,69.8767,0.0000,4385.0000,1755.0000,0.0000,25.0000,41.0000,24.0000,10.0000
1.7180,0.3970,0.3010,0.2560,0.1490,0.0000,0.0000,1.0200,1.0000,3.5390,3.8510,3.1060,0.0000,0.0000,0.0000,69.8870,0.0000,4386.0000,1755.0000,0.0000,25.0000,41.0000,24.0000,11.0000
1.8030,0.4560,0.3230,0.2620,0.1640,0.0000,0.0000,1.0240,1.0000,3.5390,3.8510,3.1060,0.0000,0.0000,0.0000,69.9090,0.0000,4388.0000,1755.0000,0.0000,25.0000,41.0000,24.0000,11.0000
1.6710,0.5300,0.3210,0.2670,0.1510,0.0000,0.0000,0.8200,1.0000,3.5390,3.8510,3.1060,0.0000,0.0000,0.0000,69.9193,0.0000,4389.0000,1755.0000,0.0000,25.0000,41.0000,24.0000,11.0000
1.7690,0.5390,0.3350,0.3600,0.1810,0.0000,0.0000,0.8950,1.0000,3.5390,3.8510,3.1060,0.0000,0.0000,0.0000,69.9297,0.0000,4390.0000,1755.0000,0.0000,25.0000,41.0000,24.0000,11.0000
1.7200,0.5010,0.2890,0.2690,0.1260,0.0000,0.0000,0.9300,1.0000,3.5390,3.8510,3.1060,0.0000,0.0000,0.0000,69.9290,0.0000,4390.0000,1755.0000,0.0000,25.0000,40.0000,24.0000,10.0000
1.8800,0.4190,0.2970,0.2580,0.1300,0.0000,0.0000,1.1640,1.0000,3.5390,3.8510,3.1060,0.0000,0.0000,0.0000,69.9289,0.0000,4390.0000,1755.0000,0.0000,25.0000,40.0000,24.0000,10.0000
1.6350,0.5260,0.3100,0.3390,0.1330,0.0000,0.0000,0.7990,1.0000,3.5390,3.8510,3.1060,0.0000,0.0000,0.0000,69.9289,0.0000,4390.0000,1755.0000,0.0000,25.0000,40.0000,24.0000,11.0000
1.7070,0.4620,0.3840,0.3130,0.2290,0.0000,0.0000,0.8610,1.0000,3.5390,3.8510,3.1060,0.0000,0.0000,0.0000,69.9406,0.0000,4391.0000,1755.0000,0.0000,25.0000,42.0000,24.0000,11.0000
1.5880,0.4400,0.2790,0.2590,0.1260,0.0000,0.0000,0.8690,1.0000,3.5390,3.8510,3.1060,0.0000,0.0000,0.0000,69.9406,0.0000,4391.0000,1755.0000,0.0000,25.0000,42.0000,24.0000,11.0000
1.7930,0.4210,0.3310,0.2690,0.1760,0.0000,0.0000,1.0410,1.0000,3.5390,3.8510,3.1060,0.0000,0.0000,0.0000,69.9610,0.0000,4393.0000,1755.0000,0.0000,25.0000,42.0000,24.0000,12.0000
1.5970,0.5870,0.3110,0.3740,0.1300,0.0000,0.0000,0.6990,1.0000,3.5390,3.8510,3.1060,0.0000,0.0000,0.0000,69.9610,0.0000,4393.0000,1755.0000,0.0000,25.0000,42.0000,24.0000,12.0000
1.7520,0.4090,0.3040,0.2600,0.1520,0.0000,0.0000,1.0390,1.0000,3.5390,3.8510,3.1060,0.0000,0.0000,0.0000,69.9714,0.0000,4394.0000,1755.0000,0.0000,25.0000,42.0000,24.0000,12.0000
1.5630,0.4540,0.2960,0.2590,0.1270,0.0000,0.0000,0.8130,1.0000,3.5390,3.8510,3.1060,0.0000,0.0000,0.0000,69.9714,0.0000,4394.0000,1755.0000,0.0000,25.0000,42.0000,24.0000,12.0000
1.6610,0.4560,0.3390,0.3110,0.1850,0.0000,0.0000,0.8660,1.0000,3.5390,3.8510,3.1060,0.0000,0.0000,0.0000,69.9817,0.0000,4395.0000,1755.0000,0.0000,25.0000,42.0000,24.0000,11.0000
1.6290,0.4370,0.2790,0.2550,0.1250,0.0000,0.0000,0.9130,1.0000,3.5390,3.8510,3.1060,0.0000,0.0000,0.0000,69.9819,0.0000,4395.0000,1755.0000,0.0000,25.0000,42.0000,24.0000,13.0000
1.5850,0.5040,0.2970,0.3190,0.1400,0.0000,0.0000,0.7840,1.0000,3.5390,3.8510,3.1060,0.0000,0.0000,0.0000,69.9819,0.0000,4395.0000,1755.0000,0.0000,25.0000,42.0000,24.0000,13.0000
1.6730,0.4680,0.2800,0.3100,0.1250,0.0000,0.0000,0.9250,1.0000,3.5390,3.8510,3.1060,0.0000,0.0000,0.0000,69.9819,0.0000,4395.0000,1755.0000,0.0000,25.0000,42.0000,24.0000,13.0000
1.7140,0.4290,0.3070,0.2630,0.1530,0.0000,0.0000,0.9780,1.0000,3.5390,3.8510,3.1060,0.0000,0.0000,0.0000,69.9922,0.0000,4396.0000,1755.0000,0.0000,25.0000,42.0000,24.0000,13.0000
1.6830,0.5000,0.3340,0.2770,0.1760,0.0000,0.0000,0.8490,1.0000,3.5390,3.8510,3.1060,0.0000,0.0000,0.0000,70.0124,0.0000,4398.0000,1755.0000,0.0000,25.0000,42.0000,24.0000,13.0000
1.7120,0.5200,0.3180,0.3120,0.1610,0.0000,0.0000,0.8740,1.0000,3.5390,3.8510,3.1060,0.0000,0.0000,0.0000,70.0131,0.0000,4398.0000,1755.0000,0.0000,25.0000,43.0000,24.0000,13.0000
1.5630,0.4460,0.2950,0.2780,0.1280,0.0000,0.0000,0.8220,1.0000,3.5390,3.8510,3.1060,0.0000,0.0000,0.0000,70.0132,0.0000,4398.0000,1755.0000,0.0000,25.0000,43.0000,24.0000,13.0000
1.8210,0.4260,0.3720,0.2750,0.2140,0.0000,0.0000,1.0230,1.0000,3.5390,3.8510,3.1060,0.0000,0.0000,0.0000,70.0236,0.0000,4399.0000,1755.0000,0.0000,25.0000,43.0000,24.0000,13.0000
1.5680,0.5720,0.3170,0.3810,0.1270,0.0000,0.0000,0.6790,1.0000,3.5390,3.8510,3.1060,0.0000,0.0000,0.0000,70.0244,0.0000,4399.0000,1755.0000,0.0000,25.0000,44.0000,24.0000,13.0000
1.7230,0.4130,0.3150,0.2620,0.1580,0.0000,0.0000,0.9950,1.0000,3.5390,3.8510,3.1060,0.0000,0.0000,0.0000,70.0446,0.0000,4401.0000,1755.0000,0.0000,25.0000,44.0000,24.0000,14.0000
1.7330,0.5240,0.2790,0.2990,0.1210,0.0000,0.0000,0.9300,1.0000,3.5390,3.8510,3.1060,0.0000,0.0000,0.0000,70.0446,0.0000,4401.0000,1755.0000,0.0000,25.0000,44.0000,24.0000,14.0000
1.6540,0.4560,0.3400,0.2660,0.1540,0.0000,0.0000,0.8580,1.0000,3.5390,3.8510,3.1060,0.0000,0.0000,0.0000,70.0550,0.0000,4402.0000,1755.0000,0.0000,25.0000,44.0000,24.0000,14.0000
1.6730,0.4380,0.2810,0.2580,0.1220,0.0000,0.0000,0.9540,1.0000,3.5390,3.8510,3.1060,0.0000,0.0000,0.0000,70.0550,0.0000,4402.0000,1755.0000,0.0000,25.0000,44.0000,24.0000,14.0000
1.6710,0.4270,0.3160,0.2720,0.1510,0.0000,0.0000,0.9280,1.0000,3.5390,3.8510,3.1060,0.0000,0.0000,0.0000,70.0653,0.0000,4403.0000,1755.0000,0.0000,25.0000,44.0000,24.0000,14.0000
1.6350,0.4740,0.3070,0.2950,0.1260,0.0000,0.0000,0.8540,1.0000,3.5390,3.8510,3.1060,0.0000,0.0000,0.0000,70.0653,0.0000,4403.0000,1755.0000,0.0000,25.0000,44.0000,24.0000,14.0000
1.6540,0.4240,0.2800,0.2680,0.1220,0.0000,0.0000,0.9500,1.0000,3.5390,3.8510,3.1060,0.0000,0.0000,0.0000,70.0654,0.0000,4403.0000,1755.0000,0.0000,25.0000,44.0000,24.0000,14.0000
1.6930,0.4230,0.3250,0.2710,0.1580,0.0000,0.0000,0.9450,1.0000,3.5390,3.8510,3.1060,0.0000,0.0000,0.0000,70.0866,0.0000,4405.0000,1755.0000,0.0000,25.0000,45.0000,24.0000,14.0000
1.8450,0.5140,0.3690,0.3050,0.1860,0.0000,0.0000,0.9620,1.0000,3.5390,3.8510,3.1060,0.0000,0.0000,0.0000,70.0969,0.0000,4406.0000,1755.0000,0.0000,25.0000,45.0000,24.0000,14.0000
1.7280,0.4390,0.3600,0.2550,0.2010,0.0000,0.0000,0.9290,1.0000,3.5390,3.8510,3.1060,0.0000,0.0000,0.0000,70.1183,0.0000,4408.0000,1755.0000,0.0000,25.0000,44.0000,24.0000,14.0000
1.6690,0.4760,0.3010,0.2550,0.1430,0.0000,0.0000,0.8920,1.0000,3.5390,3.8510,3.1060,0.0000,0.0000,0.0000,70.1184,0.0000,4408.0000,1755.0000,0.0000,25.0000,44.0000,24.0000,14.0000
1.8670,0.4730,0.3270,0.2740,0.1740,0.0000,0.0000,1.0670,1.0000,3.5390,3.8510,3.1060,0.0000,0.0000,0.0000,70.1490,0.0000,4411.0000,1755.0000,0.0000,25.0000,44.0000,24.0000,14.0000
1.6170,0.5880,0.2810,0.2770,0.1210,0.0000,0.0000,0.7480,1.0000,3.5390,3.8510,3.1060,0.0000,0.0000,0.0000,70.1490,0.0000,4411.0000,1755.0000,0.0000,25.0000,44.0000,24.0000,14.0000
1.6960,0.4070,0.3070,0.2610,0.1480,0.0000,0.0000,0.9820,1.0000,3.5390,3.8510,3.1060,0.0000,0.0000,0.0000,70.1587,0.0000,4412.0000,1755.0000,0.0000,25.0000,43.0000,24.0000,14.0000
1.9270,0.4590,0.2900,0.2630,0.1210,0.0000,0.0000,1.1780,1.0000,3.5390,3.8510,3.1060,0.0000,0.0000,0.0000,70.1587,0.0000,4412.0000,1755.0000,0.0000,25.0000,43.0000,24.0000,14.0000
1.6680,0.4640,0.3080,0.3100,0.1260,0.0000,0.0000,0.8960,1.0000,3.5390,3.8510,3.1060,0.0000,0.0000,0.0000,70.1572,0.0000,4412.0000,1755.0000,0.0000,25.0000,41.0000,24.0000,14.0000
1.6200,0.4730,0.3100,0.3090,0.1230,0.0000,0.0000,0.8370,1.0000,3.5390,3.8510,3.1060,0.0000,0.0000,0.0000,69.8150,0.0000,4379.0000,1755.0000,0.0000,25.0000,40.0000,24.0000,14.0000
1.7930,0.4150,0.3320,0.2590,0.1610,0.0000,0.0000,1.0460,1.0000,3.5390,3.8510,3.1060,0.0000,0.0000,0.0000,69.8253,0.0000,4380.0000,1755.0000,0.0000,25.0000,40.0000,24.0000,14.0000
1.6150,0.4660,0.2780,0.2570,0.1210,0.0000,0.0000,0.8710,1.0000,3.5390,3.8510,3.1060,0.0000,0.0000,0.0000,69.8246,0.0000,4380.0000,1755.0000,0.0000,25.0000,39.0000,24.0000,14.0000
1.6480,0.4760,0.3270,0.3290,0.1510,0.0000,0.0000,0.8450,1.0000,3.5390,3.8510,3.1060,0.0000,0.0000,0.0000,69.8342,0.0000,4381.0000,1755.0000,0.0000,25.0000,38.0000,24.0000,14.0000
1.6860,0.4300,0.2720,0.2560,0.1180,0.0000,0.0000,0.9840,1.0000,3.5390,3.8510,3.1060,0.0000,0.0000,0.0000,69.8349,0.0000,4381.0000,1755.0000,0.0000,25.0000,39.0000,24.0000,14.0000
1.7570,0.4250,0.3140,0.2760,0.1510,0.0000,0.0000,1.0180,1.0000,3.5390,3.8510,3.1060,0.0000,0.0000,0.0000,69.8552,0.0000,4383.0000,1755.0000,0.0000,25.0000,39.0000,24.0000,14.0000
1.7060,0.5710,0.3420,0.2970,0.1370,0.0000,0.0000,0.7930,1.0000,3.5390,3.8510,3.1060,0.0000,0.0000,0.0000,69.8552,0.0000,4383.0000,1755.0000,0.0000,25.0000,39.0000,24.0000,14.0000
1.7060,0.4610,0.3460,0.3120,0.1870,0.0000,0.0000,0.8990,1.0000,3.5390,3.8510,3.1060,0.0000,0.0000,0.0000,69.8648,0.0000,4384.0000,1755.0000,0.0000,25.0000,38.0000,24.0000,14.0000
2.0300,0.4410,0.3060,0.2600,0.1500,0.0000,0.0000,1.2830,1.0000,3.5390,3.8510,3.1060,0.0000,0.0000,0.0000,69.8751,0.0000,4385.0000,1755.0000,0.0000,25.0000,38.0000,24.0000,13.0000
2.0140,0.5820,0.3570,0.2770,0.1900,0.0000,0.0000,1.0750,1.0000,3.5390,3.8510,3.1060,0.0000,0.0000,0.0000,69.8947,0.0000,4387.0000,1755.0000,0.0000,25.0000,37.0000,24.0000,13.0000
1.5890,0.5940,0.2750,0.2910,0.1210,0.0000,0.0000,0.7200,1.0000,3.5390,3.8510,3.1060,0.0000,0.0000,0.0000,69.8940,0.0000,4387.0000,1755.0000,0.0000,25.0000,36.0000,24.0000,13.0000
1.7630,0.4470,0.3240,0.2630,0.1640,0.0000,0.0000,0.9920,1.0000,3.5390,3.8510,3.1060,0.0000,0.0000,0.0000,69.9037,0.0000,4388.0000,1755.0000,0.0000,25.0000,35.0000,24.0000,13.0000
2.0950,0.4970,0.4140,0.3100,0.1720,0.0000,0.0000,1.1840,1.0000,3.5390,3.8510,3.1060,0.0000,0.0000,0.0000,69.9037,0.0000,4388.0000,1755.0000,0.0000,25.0000,35.0000,24.0000,13.0000
1.6050,0.6500,0.3420,0.4510,0.1300,0.0000,0.0000,0.6130,1.0000,3.5390,3.8510,3.1060,0.0000,0.0000,0.0000,69.9045,0.0000,4388.0000,1755.0000,0.0000,25.0000,36.0000,24.0000,13.0000
1.6910,0.4130,0.3150,0.2630,0.1590,0.0000,0.0000,0.9630,1.0000,3.5390,3.8510,3.1060,0.0000,0.0000,0.0000,69.9247,0.0000,4390.0000,1755.0000,0.0000,25.0000,36.0000,24.0000,13.0000
1.7450,0.4820,0.3590,0.2570,0.1600,0.0000,0.0000,0.9040,1.0000,3.5390,3.8510,3.1060,0.0000,0.0000,0.0000,69.9349,0.0000,4391.0000,1755.0000,0.0000,25.0000,36.0000,24.0000,13.0000
1.6670,0.5460,0.3700,0.2940,0.1680,0.0000,0.0000,0.7510,1.0000,3.5390,3.8510,3.1060,0.0000,0.0000,0.0000,69.9449,0.0000,4392.0000,1755.0000,0.0000,25.0000,36.0000,24.0000,13.0000
1.6890,0.4890,0.2980,0.3090,0.1250,0.0000,0.0000,0.9020,1.0000,3.5390,3.8510,3.1060,0.0000,0.0000,0.0000,69.9449,0.0000,4392.0000,1755.0000,0.0000,25.0000,36.0000,24.0000,13.0000
1.7420,0.4570,0.3290,0.2960,0.1600,0.0000,0.0000,0.9560,1.0000,3.5390,3.8510,3.1060,0.0000,0.0000,0.0000,69.9661,0.0000,4394.0000,1755.0000,0.0000,25.0000,36.0000,24.0000,14.0000
2.3420,0.6150,0.3380,0.3590,0.1790,0.0000,0.0000,1.3890,1.0000,3.5390,3.8510,3.1060,0.0000,0.0000,0.0000,69.9661,0.0000,4394.0000,1755.0000,0.0000,25.0000,36.0000,24.0000,12.0000
1.8240,0.5370,0.3300,0.3810,0.1610,0.0000,0.0000,0.9570,1.0000,3.5390,3.8510,3.1060,0.0000,0.0000,0.0000,69.9765,0.0000,4395.0000,1755.0000,0.0000,25.0000,36.0000,24.0000,12.0000
1.7640,0.4860,0.3490,0.2850,0.1530,0.0000,0.0000,0.9290,1.0000,3.5390,3.8510,3.1060,0.0000,0.0000,0.0000,69.9765,0.0000,4395.0000,1755.0000,0.0000,25.0000,36.0000,24.0000,12.0000
1.5990,0.5790,0.3200,0.4310,0.1410,0.0000,0.0000,0.7000,1.0000,3.5390,3.8510,3.1060,0.0000,0.0000,0.0000,69.9766,0.0000,4395.0000,1755.0000,0.0000,25.0000,36.0000,24.0000,12.0000
1.5140,0.4670,0.2860,0.3090,0.1300,0.0000,0.0000,0.7610,1.0000,3.5390,3.8510,3.1060,0.0000,0.0000,0.0000,69.9766,0.0000,4395.0000,1755.0000,0.0000,25.0000,36.0000,24.0000,12.0000
1.6340,0.4220,0.3350,0.2720,0.1410,0.0000,0.0000,0.8770,1.0000,3.5390,3.8510,3.1060,0.0000,0.0000,0.0000,69.9766,0.0000,4395.0000,1755.0000,0.0000,25.0000,36.0000,24.0000,12.0000
1.5520,0.4810,0.3260,0.3280,0.1640,0.0000,0.0000,0.7450,1.0000,3.5390,3.8510,3.1060,0.0000,0.0000,0.0000,69.9766,0.0000,4395.0000,1755.0000,0.0000,25.0000,36.0000,24.0000,12.0000
1.7140,0.4130,0.3370,0.2620,0.1630,0.0000,0.0000,0.9640,1.0000,3.5390,3.8510,3.1060,0.0000,0.0000,0.0000,69.9868,0.0000,4396.0000,1755.0000,0.0000,25.0000,36.0000,24.0000,12.0000
1.6630,0.5630,0.3130,0.3010,0.1400,0.0000,0.0000,0.7870,1.0000,3.5390,3.8510,3.1060,0.0000,0.0000,0.0000,69.9868,0.0000,4396.0000,1755.0000,0.0000,25.0000,36.0000,24.0000,12.0000
1.6520,0.4510,0.3110,0.3040,0.1530,0.0000,0.0000,0.8900,1.0000,3.5390,3.8510,3.1060,0.0000,0.0000,0.0000,69.9972,0.0000,4397.0000,1755.0000,0.0000,25.0000,36.0000,24.0000,12.0000
1.4810,0.4670,0.2840,0.2760,0.1250,0.0000,0.0000,0.7300,1.0000,3.5390,3.8510,3.1060,0.0000,0.0000,0.0000,69.9972,0.0000,4397.0000,1755.0000,0.0000,25.0000,36.0000,24.0000,12.0000
1.6090,0.4510,0.3390,0.3090,0.1890,0.0000,0.0000,0.8190,1.0000,3.5390,3.8510,3.1060,0.0000,0.0000,0.0000,70.0075,0.0000,4398.0000,1755.0000,0.0000,25.0000,36.0000,24.0000,12.0000
1.7530,0.4340,0.3110,0.2550,0.1570,0.0000,0.0000,1.0080,1.0000,3.5390,3.8510,3.1060,0.0000,0.0000,0.0000,70.0277,0.0000,4400.0000,1755.0000,0.0000,25.0000,36.0000,24.0000,12.0000
1.8640,0.5720,0.3150,0.2730,0.1530,0.0000,0.0000,0.9770,1.0000,3.5390,3.8510,3.1060,0.0000,0.0000,0.0000,70.0387,0.0000,4401.0000,1755.0000,0.0000,25.0000,37.0000,24.0000,12.0000
1.7150,0.5530,0.3140,0.3700,0.1390,0.0000,0.0000,0.8480,1.0000,3.5390,3.8510,3.1060,0.0000,0.0000,0.0000,70.0388,0.0000,4401.0000,1755.0000,0.0000,25.0000,37.0000,24.0000,12.0000
1.6130,0.4640,0.3480,0.3190,0.1850,0.0000,0.0000,0.8010,1.0000,3.5390,3.8510,3.1060,0.0000,0.0000,0.0000,70.0389,0.0000,4401.0000,1755.0000,0.0000,25.0000,37.0000,24.0000,11.0000
1.5670,0.4310,0.2880,0.2800,0.1250,0.0000,0.0000,0.8480,1.0000,3.5390,3.8510,3.1060,0.0000,0.0000,0.0000,70.0382,0.0000,4401.0000,1755.0000,0.0000,25.0000,36.0000,24.0000,11.0000
1.8030,0.4790,0.4270,0.2790,0.1830,0.0000,0.0000,0.8970,1.0000,3.5390,3.8510,3.1060,0.0000,0.0000,0.0000,70.0382,0.0000,4401.0000,1755.0000,0.0000,25.0000,36.0000,24.0000,11.0000
1.8120,0.4970,0.3580,0.3340,0.1930,0.0000,0.0000,0.9570,1.0000,3.5390,3.8510,3.1060,0.0000,0.0000,0.0000,70.0491,0.0000,4402.0000,1755.0000,0.0000,25.0000,37.0000,24.0000,11.0000
1.7600,0.4590,0.3340,0.2610,0.1720,0.0000,0.0000,0.9670,1.0000,3.5390,3.8510,3.1060,0.0000,0.0000,0.0000,70.0594,0.0000,4403.0000,1755.0000,0.0000,25.0000,37.0000,24.0000,11.0000
1.8450,0.4950,0.3860,0.2720,0.1790,0.0000,0.0000,0.9640,1.0000,3.5390,3.8510,3.1060,0.0000,0.0000,0.0000,70.0595,0.0000,4403.0000,1755.0000,0.0000,25.0000,37.0000,24.0000,11.0000
1.9110,0.4700,0.3450,0.2770,0.1570,0.0000,0.0000,1.0960,1.0000,3.5390,3.8510,3.1060,0.0000,0.0000,0.0000,70.0705,0.0000,4404.0000,1755.0000,0.0000,25.0000,38.0000,24.0000,11.0000
3.1890,0.5770,0.3480,0.3910,0.1840,0.0000,0.0000,2.2640,1.0000,3.5390,3.8510,3.1060,0.0000,0.0000,0.0000,70.1109,0.0000,4408.0000,1755.0000,0.0000,25.0000,38.0000,24.0000,11.0000
1.6370,0.5740,0.3130,0.3050,0.1280,0.0000,0.0000,0.7500,1.0000,3.5390,3.8510,3.1060,0.0000,0.0000,0.0000,70.1110,0.0000,4408.0000,1755.0000,0.0000,25.0000,38.0000,24.0000,11.0000
1.5220,0.4570,0.3070,0.3110,0.1230,0.0000,0.0000,0.7580,1.0000,3.5390,3.8510,3.1060,0.0000,0.0000,0.0000,70.1112,0.0000,4408.0000,1755.0000,0.0000,25.0000,38.0000,24.0000,11.0000
1.7460,0.4050,0.2800,0.2580,0.1210,0.0000,0.0000,1.0610,1.0000,3.5390,3.8510,3.1060,0.0000,0.0000,0.0000,70.1112,0.0000,4408.0000,1755.0000,0.0000,25.0000,38.0000,24.0000,11.0000
1.5920,0.5590,0.3070,0.3700,0.1270,0.0000,0.0000,0.7260,1.0000,3.5390,3.8510,3.1060,0.0000,0.0000,0.0000,70.1112,0.0000,4408.0000,1755.0000,0.0000,25.0000,38.0000,24.0000,11.0000
1.7970,0.4700,0.3560,0.3100,0.1960,0.0000,0.0000,0.9710,1.0000,3.5390,3.8510,3.1060,0.0000,0.0000,0.0000,70.1321,0.0000,4410.0000,1755.0000,0.0000,25.0000,39.0000,24.0000,11.0000
1.7370,0.4740,0.2770,0.2620,0.1210,0.0000,0.0000,0.9860,1.0000,3.5390,3.8510,3.1060,0.0000,0.0000,0.0000,70.1321,0.0000,4410.0000,1755.0000,0.0000,25.0000,39.0000,24.0000,11.0000
1.6200,0.4250,0.3070,0.2700,0.1280,0.0000,0.0000,0.8880,1.0000,3.5390,3.8510,3.1060,0.0000,0.0000,0.0000,70.1322,0.0000,4410.0000,1755.0000,0.0000,25.0000,39.0000,24.0000,11.0000
1.5530,0.4940,0.3540,0.2710,0.1590,0.0000,0.0000,0.7050,1.0000,3.5390,3.8510,3.1060,0.0000,0.0000,0.0000,70.1322,0.0000,4410.0000,1755.0000,0.0000,25.0000,39.0000,24.0000,11.0000
1.4810,0.4150,0.2740,0.2650,0.1200,0.0000,0.0000,0.7920,1.0000,3.5390,3.8510,3.1060,0.0000,0.0000,0.0000,70.1329,0.0000,4410.0000,1755.0000,0.0000,25.0000,40.0000,24.0000,11.0000
1.6530,0.4560,0.3280,0.2690,0.1490,0.0000,0.0000,0.8690,1.0000,3.5390,3.8510,3.1060,0.0000,0.0000,0.0000,70.1432,0.0000,4411.0000,1755.0000,0.0000,25.0000,40.0000,24.0000,11.0000
1.5620,0.4680,0.2800,0.2890,0.1190,0.0000,0.0000,0.8140,1.0000,3.5390,3.8510,3.1060,0.0000,0.0000,0.0000,70.1425,0.0000,4411.0000,1755.0000,0.0000,25.0000,39.0000,24.0000,11.0000
1.8440,0.4160,0.3350,0.2690,0.1750,0.0000,0.0000,1.0930,1.0000,3.5390,3.8510,3.1060,0.0000,0.0000,0.0000,70.1714,0.0000,4414.0000,1755.0000,0.0000,25.0000,39.0000,24.0000,11.0000
1.9840,0.6350,0.4030,0.3620,0.1850,0.0000,0.0000,0.9460,1.0000,3.5390,3.8510,3.1060,0.0000,0.0000,0.0000,69.8173,0.0000,4380.0000,1755.0000,0.0000,25.0000,39.0000,24.0000,11.0000
2.0430,0.6690,0.4110,0.4630,0.2290,0.0000,0.0000,0.9630,1.0000,3.5390,3.8510,3.1060,0.0000,0.0000,0.0000,69.8915,0.0000,4396.0000,1755.0000,0.0000,25.0000,39.0000,24.0000,12.0000
1.8170,0.7250,0.3760,0.3060,0.1580,0.0000,0.0000,0.7160,1.0000,3.5390,3.8510,3.1060,0.0000,0.0000,0.0000,69.8916,0.0000,4396.0000,1755.0000,0.0000,25.0000,39.0000,24.0000,12.0000
1.7260,0.4920,0.3590,0.3240,0.1410,0.0000,0.0000,0.8750,1.0000,3.5390,3.8510,3.1060,0.0000,0.0000,0.0000,69.8920,0.0000,4396.0000,1755.0000,0.0000,25.0000,39.0000,24.0000,12.0000
1.8130,0.4230,0.3200,0.2670,0.1300,0.0000,0.0000,1.0700,1.0000,3.5390,3.8510,3.1060,0.0000,0.0000,0.0000,69.8920,0.0000,4396.0000,1755.0000,0.0000,25.0000,39.0000,24.0000,12.0000
2.3250,0.4390,0.3880,0.2650,0.1780,0.0000,0.0000,1.4980,1.0000,3.5390,3.8510,3.1060,0.0000,0.0000,0.0000,69.8920,0.0000,4396.0000,1755.0000,0.0000,25.0000,39.0000,24.0000,12.0000
3.0900,0.6090,0.5330,0.3820,0.3200,0.0000,0.0000,1.9480,1.0000,3.5390,3.8510,3.1060,0.0000,0.0000,0.0000,69.9015,0.0000,4397.0000,1755.0000,0.0000,25.0000,38.0000,24.0000,12.0000
2.1170,0.6780,0.4570,0.3750,0.1940,0.0000,0.0000,0.9820,1.0000,3.5390,3.8510,3.1060,0.0000,0.0000,0.0000,69.9217,0.0000,4399.0000,1755.0000,0.0000,25.0000,38.0000,24.0000,12.0000
1.7870,0.6590,0.3420,0.4110,0.1320,0.0000,0.0000,0.7860,1.0000,3.5390,3.8510,3.1060,0.0000,0.0000,0.0000,69.9218,0.0000,4399.0000,1755.0000,0.0000,25.0000,38.0000,24.0000,12.0000
1.7000,0.5110,0.3680,0.3070,0.1520,0.0000,0.0000,0.8210,1.0000,3.5390,3.8510,3.1060,0.0000,0.0000,0.0000,69.9219,0.0000,4399.0000,1755.0000,0.0000,25.0000,38.0000,24.0000,12.0000
1.7430,0.4150,0.3110,0.2610,0.1520,0.0000,0.0000,1.0170,1.0000,3.5390,3.8510,3.1060,0.0000,0.0000,0.0000,69.9322,0.0000,4400.0000,1755.0000,0.0000,25.0000,38.0000,24.0000,12.0000
2.1170,0.4970,0.3180,0.2700,0.1620,0.0000,0.0000,1.3020,1.0000,3.5390,3.8510,3.1060,0.0000,0.0000,0.0000,69.9439,0.0000,4401.0000,1755.0000,0.0000,25.0000,38.0000,24.0000,12.0000
1.8400,0.6920,0.3140,0.4050,0.1290,0.0000,0.0000,0.8340,1.0000,3.5390,3.8510,3.1060,0.0000,0.0000,0.0000,69.9440,0.0000,4401.0000,1755.0000,0.0000,25.0000,38.0000,24.0000,12.0000
1.9080,0.4730,0.3840,0.2760,0.1950,0.0000,0.0000,1.0510,1.0000,3.5390,3.8510,3.1060,0.0000,0.0000,0.0000,69.9643,0.0000,4403.0000,1755.0000,0.0000,25.0000,38.0000,24.0000,12.0000
1.8250,0.5480,0.3530,0.2760,0.1600,0.0000,0.0000,0.9240,1.0000,3.5390,3.8510,3.1060,0.0000,0.0000,0.0000,69.9745,0.0000,4404.0000,1755.0000,0.0000,25.0000,38.0000,24.0000,12.0000
1.8150,0.4990,0.3470,0.3130,0.1890,0.0000,0.0000,0.9690,1.0000,3.5390,3.8510,3.1060,0.0000,0.0000,0.0000,69.9948,0.0000,4406.0000,1755.0000,0.0000,25.0000,38.0000,24.0000,12.0000
1.7390,0.4830,0.3010,0.2630,0.1450,0.0000,0.0000,0.9550,1.0000,3.5390,3.8510,3.1060,0.0000,0.0000,0.0000,70.0059,0.0000,4407.0000,1755.0000,0.0000,25.0000,39.0000,24.0000,12.0000
1.6350,0.4560,0.2790,0.2540,0.1210,0.0000,0.0000,0.9000,1.0000,3.5390,3.8510,3.1060,0.0000,0.0000,0.0000,70.0060,0.0000,4407.0000,1755.0000,0.0000,25.0000,39.0000,24.0000,12.0000
1.6630,0.4890,0.2800,0.2970,0.1220,0.0000,0.0000,0.8940,1.0000,3.5390,3.8510,3.1060,0.0000,0.0000,0.0000,70.0060,0.0000,4407.0000,1755.0000,0.0000,25.0000,39.0000,24.0000,12.0000
1.6640,0.4850,0.2770,0.3160,0.1200,0.0000,0.0000,0.9020,1.0000,3.5390,3.8510,3.1060,0.0000,0.0000,0.0000,70.0060,0.0000,4407.0000,1755.0000,0.0000,25.0000,39.0000,24.0000,10.0000
1.6350,0.4270,0.2850,0.2630,0.1270,0.0000,0.0000,0.9230,1.0000,3.5390,3.8510,3.1060,0.0000,0.0000,0.0000,70.0067,0.0000,4407.0000,1755.0000,0.0000,25.0000,40.0000,24.0000,10.0000
1.8630,0.4650,0.3870,0.2740,0.1660,0.0000,0.0000,1.0110,1.0000,3.5390,3.8510,3.1060,0.0000,0.0000,0.0000,70.0170,0.0000,4408.0000,1755.0000,0.0000,25.0000,40.0000,24.0000,10.0000
1.7460,0.5090,0.3650,0.3260,0.1340,0.0000,0.0000,0.8720,1.0000,3.5390,3.8510,3.1060,0.0000,0.0000,0.0000,70.0113,0.0000,4398.0000,1755.0000,0.0000,25.0000,40.0000,24.0000,10.0000
1.9370,0.4170,0.3390,0.2550,0.1600,0.0000,0.0000,1.1810,1.0000,3.5390,3.8510,3.1060,0.0000,0.0000,0.0000,70.0216,0.0000,4399.0000,1755.0000,0.0000,25.0000,40.0000,24.0000,10.0000
1.8960,0.4920,0.3480,0.2790,0.1820,0.0000,0.0000,1.0560,1.0000,3.5390,3.8510,3.1060,0.0000,0.0000,0.0000,70.0421,0.0000,4401.0000,1755.0000,0.0000,25.0000,40.0000,24.0000,10.0000
1.9930,0.5460,0.2890,0.2570,0.1240,0.0000,0.0000,1.1580,1.0000,3.5390,3.8510,3.1060,0.0000,0.0000,0.0000,70.0422,0.0000,4401.0000,1755.0000,0.0000,25.0000,40.0000,24.0000,10.0000
2.1750,0.6510,0.2970,0.3490,0.1410,0.0000,0.0000,1.2270,1.0000,3.5390,3.8510,3.1060,0.0000,0.0000,0.0000,70.0423,0.0000,4401.0000,1755.0000,0.0000,25.0000,40.0000,24.0000,9.0000
1.6850,0.5100,0.2820,0.2740,0.1270,0.0000,0.0000,0.8930,1.0000,3.5390,3.8510,3.1060,0.0000,0.0000,0.0000,70.0423,0.0000,4401.0000,1755.0000,0.0000,25.0000,40.0000,24.0000,9.0000
1.6130,0.4460,0.2940,0.2690,0.1260,0.0000,0.0000,0.8730,1.0000,3.5390,3.8510,3.1060,0.0000,0.0000,0.0000,70.0423,0.0000,4401.0000,1755.0000,0.0000,25.0000,40.0000,24.0000,9.0000
1.7290,0.4760,0.3140,0.3250,0.1270,0.0000,0.0000,0.9390,1.0000,3.5390,3.8510,3.1060,0.0000,0.0000,0.0000,70.0412,0.0000,4400.0000,1755.0000,0.0000,25.0000,40.0000,24.0000,10.0000
1.7420,0.5150,0.3290,0.3630,0.1690,0.0000,0.0000,0.8980,1.0000,3.5390,3.8510,3.1060,0.0000,0.0000,0.0000,70.0631,0.0000,4402.0000,1755.0000,0.0000,25.0000,40.0000,24.0000,10.0000
1.6810,0.4970,0.3170,0.2610,0.1540,0.0000,0.0000,0.8670,1.0000,3.5390,3.8510,3.1060,0.0000,0.0000,0.0000,70.0735,0.0000,4403.0000,1755.0000,0.0000,25.0000,40.0000,24.0000,10.0000
1.7320,0.5080,0.3310,0.2810,0.1390,0.0000,0.0000,0.8930,1.0000,3.5390,3.8510,3.1060,0.0000,0.0000,0.0000,70.0736,0.0000,4403.0000,1755.0000,0.0000,25.0000,40.0000,24.0000,10.0000
1.6950,0.4680,0.3450,0.3180,0.1910,0.0000,0.0000,0.8820,1.0000,3.5390,3.8510,3.1060,0.0000,0.0000,0.0000,70.0832,0.0000,4404.0000,1755.0000,0.0000,25.0000,39.0000,24.0000,10.0000
1.6310,0.4480,0.2820,0.2620,0.1250,0.0000,0.0000,0.9010,1.0000,3.5390,3.8510,3.1060,0.0000,0.0000,0.0000,70.0832,0.0000,4404.0000,1755.0000,0.0000,25.0000,39.0000,24.0000,10.0000
1.7450,0.5010,0.2880,0.2730,0.1350,0.0000,0.0000,0.9560,1.0000,3.5390,3.8510,3.1060,0.0000,0.0000,0.0000,70.0839,0.0000,4404.0000,1755.0000,0.0000,25.0000,40.0000,24.0000,10.0000
1.8800,0.4850,0.3420,0.3200,0.1370,0.0000,0.0000,1.0530,1.0000,3.5390,3.8510,3.1060,0.0000,0.0000,0.0000,70.0839,0.0000,4404.0000,1755.0000,0.0000,25.0000,40.0000,24.0000,10.0000
2.0590,0.4200,0.3520,0.2650,0.1790,0.0000,0.0000,1.2870,1.0000,3.5390,3.8510,3.1060,0.0000,0.0000,0.0000,70.0839,0.0000,4404.0000,1755.0000,0.0000,25.0000,40.0000,24.0000,9.0000
2.0490,0.5360,0.3560,0.3370,0.1410,0.0000,0.0000,1.1570,1.0000,3.5390,3.8510,3.1060,0.0000,0.0000,0.0000,70.0839,0.0000,4404.0000,1755.0000,0.0000,25.0000,40.0000,24.0000,9.0000
2.0390,0.4390,0.4050,0.2820,0.2030,0.0000,0.0000,1.1950,1.0000,3.5390,3.8510,3.1060,0.0000,0.0000,0.0000,70.0942,0.0000,4405.0000,1755.0000,0.0000,25.0000,40.0000,24.0000,9.0000
1.8070,0.5470,0.3370,0.3210,0.1310,0.0000,0.0000,0.9230,1.0000,3.5390,3.8510,3.1060,0.0000,0.0000,0.0000,70.0942,0.0000,4405.0000,1755.0000,0.0000,25.0000,40.0000,24.0000,8.0000
1.6260,0.4310,0.3000,0.2820,0.1320,0.0000,0.0000,0.8950,1.0000,3.5390,3.8510,3.1060,0.0000,0.0000,0.0000,70.0943,0.0000,4405.0000,1755.0000,0.0000,25.0000,40.0000,24.0000,8.0000
1.7300,0.4310,0.3270,0.2610,0.1610,0.0000,0.0000,0.9720,1.0000,3.5390,3.8510,3.1060,0.0000,0.0000,0.0000,70.1145,0.0000,4407.0000,1755.0000,0.0000,25.0000,40.0000,24.0000,8.0000
1.8240,0.5420,0.4060,0.2730,0.1860,0.0000,0.0000,0.8760,1.0000,3.5390,3.8510,3.1060,0.0000,0.0000,0.0000,70.1145,0.0000,4407.0000,1755.0000,0.0000,25.0000,40.0000,24.0000,8.0000
1.9260,0.4940,0.3940,0.3330,0.2040,0.0000,0.0000,1.0380,1.0000,3.5390,3.8510,3.1060,0.0000,0.0000,0.0000,70.1349,0.0000,4409.0000,1755.0000,0.0000,25.0000,40.0000,24.0000,8.0000
1.9350,0.5300,0.3190,0.3100,0.1610,0.0000,0.0000,1.0860,1.0000,3.5390,3.8510,3.1060,0.0000,0.0000,0.0000,70.1336,0.0000,4409.0000,1755.0000,0.0000,25.0000,38.0000,24.0000,8.0000
1.9140,0.4420,0.3860,0.2680,0.2100,0.0000,0.0000,1.0860,1.0000,3.5390,3.8510,3.1060,0.0000,0.0000,0.0000,70.1432,0.0000,4410.0000,1755.0000,0.0000,25.0000,37.0000,24.0000,8.0000
1.7780,0.4820,0.3010,0.2770,0.1280,0.0000,0.0000,0.9950,1.0000,3.5390,3.8510,3.1060,0.0000,0.0000,0.0000,70.1432,0.0000,4410.0000,1755.0000,0.0000,25.0000,37.0000,24.0000,8.0000
1.7140,0.4340,0.3020,0.2620,0.1230,0.0000,0.0000,0.9780,1.0000,3.5390,3.8510,3.1060,0.0000,0.0000,0.0000,70.1433,0.0000,4410.0000,1755.0000,0.0000,25.0000,37.0000,24.0000,8.0000
1.9180,0.4910,0.3380,0.2820,0.1720,0.0000,0.0000,1.0890,1.0000,3.5390,3.8510,3.1060,0.0000,0.0000,0.0000,70.1543,0.0000,4411.0000,1755.0000,0.0000,25.0000,38.0000,24.0000,8.0000
1.6630,0.5860,0.3060,0.3960,0.1390,0.0000,0.0000,0.7710,1.0000,3.5390,3.8510,3.1060,0.0000,0.0000,0.0000,70.1543,0.0000,4411.0000,1755.0000,0.0000,25.0000,38.0000,24.0000,8.0000
1.7860,0.4930,0.3510,0.3270,0.1900,0.0000,0.0000,0.9420,1.0000,3.5390,3.8510,3.1060,0.0000,0.0000,0.0000,70.1644,0.0000,4412.0000,1755.0000,0.0000,25.0000,38.0000,24.0000,8.0000
1.6920,0.4960,0.2910,0.2940,0.1260,0.0000,0.0000,0.9050,1.0000,3.5390,3.8510,3.1060,0.0000,0.0000,0.0000,69.8435,0.0000,4381.0000,1755.0000,0.0000,25.0000,37.0000,24.0000,8.0000
1.8440,0.4430,0.3270,0.2850,0.1570,0.0000,0.0000,1.0740,1.0000,3.5390,3.8510,3.1060,0.0000,0.0000,0.0000,69.8538,0.0000,4382.0000,1755.0000,0.0000,25.0000,37.0000,24.0000,9.0000
1.8320,0.5060,0.3310,0.3200,0.1390,0.0000,0.0000,0.9950,1.0000,3.5390,3.8510,3.1060,0.0000,0.0000,0.0000,69.8538,0.0000,4382.0000,1755.0000,0.0000,25.0000,37.0000,24.0000,8.0000
1.6290,0.4690,0.3170,0.3190,0.1320,0.0000,0.0000,0.8430,1.0000,3.5390,3.8510,3.1060,0.0000,0.0000,0.0000,69.8539,0.0000,4382.0000,1755.0000,0.0000,25.0000,37.0000,24.0000,8.0000
1.9630,0.4160,0.3090,0.2640,0.1510,0.0000,0.0000,1.2380,1.0000,3.5390,3.8510,3.1060,0.0000,0.0000,0.0000,69.8642,0.0000,4383.0000,1755.0000,0.0000,25.0000,37.0000,24.0000,9.0000
1.9940,0.4960,0.4540,0.2760,0.2890,0.0000,0.0000,1.0440,1.0000,3.5390,3.8510,3.1060,0.0000,0.0000,0.0000,69.8745,0.0000,4384.0000,1755.0000,0.0000,25.0000,37.0000,24.0000,7.0000
1.8330,0.5250,0.3030,0.2890,0.1320,0.0000,0.0000,1.0050,1.0000,3.5390,3.8510,3.1060,0.0000,0.0000,0.0000,69.8745,0.0000,4384.0000,1755.0000,0.0000,25.0000,37.0000,24.0000,7.0000
