frame_ms,scripts_physics_ms,scripts_process_ms,guard_ai_ms,guard_presentation_ms,render_cpu_ms,render_gpu_ms,other_ms,physics_ticks,process_max1s_ms,physics_max1s_ms,navigation_max1s_ms,draw_calls,objects,primitives,static_mem_mb,video_mem_mb,object_count,node_count,orphan_nodes,physics_active,collision_pairs,nav_agents,guards_moving
5.3730,0.6000,0.4060,0.3310,0.1960,0.0000,0.0000,4.3670,1.0000,4.5600,225.5180,2.5240,0.0000,0.0000,0.0000,69.6466,0.0000,4361.0000,1755.0000,0.0000,25.0000,35.0000,24.0000,7.0000
1.9810,0.4980,0.4560,0.3330,0.2460,0.0000,0.0000,1.0270,1.0000,4.5600,225.5180,2.5240,0.0000,0.0000,0.0000,69.6569,0.0000,4362.0000,1755.0000,0.0000,25.0000,35.0000,24.0000,7.0000
1.9830,0.5390,0.3730,0.3310,0.1500,0.0000,0.0000,1.0710,1.0000,4.5600,225.5180,2.5240,0.0000,0.0000,0.0000,69.6569,0.0000,4362.0000,1755.0000,0.0000,25.0000,35.0000,24.0000,7.0000
1.8720,0.5080,0.3530,0.3300,0.1490,0.0000,0.0000,1.0110,1.0000,4.5600,225.5180,2.5240,0.0000,0.0000,0.0000,69.6569,0.0000,4362.0000,1755.0000,0.0000,25.0000,35.0000,24.0000,7.0000
2.3920,0.5380,0.3850,0.3660,0.1700,0.0000,0.0000,1.4690,1.0000,4.5600,225.5180,2.5240,0.0000,0.0000,0.0000,69.6580,0.0000,4362.0000,1755.0000,0.0000,25.0000,35.0000,24.0000,7.0000
1.9050,0.9900,0.4040,0.7960,0.1520,0.0000,0.0000,0.5110,1.0000,4.5600,225.5180,2.5240,0.0000,0.0000,0.0000,69.6580,0.0000,4362.0000,1755.0000,0.0000,25.0000,35.0000,24.0000,7.0000
1.9630,0.5920,0.5160,0.4110,0.3140,0.0000,0.0000,0.8550,1.0000,4.5600,225.5180,2.5240,0.0000,0.0000,0.0000,69.6580,0.0000,4362.0000,1755.0000,0.0000,25.0000,35.0000,24.0000,6.0000
1.8400,0.5710,0.4290,0.4050,0.2080,0.0000,0.0000,0.8400,1.0000,4.5600,225.5180,2.5240,0.0000,0.0000,0.0000,69.6580,0.0000,4362.0000,1755.0000,0.0000,25.0000,35.0000,24.0000,6.0000
2.1970,0.5010,0.4100,0.3390,0.2070,0.0000,0.0000,1.2860,1.0000,4.5600,225.5180,2.5240,0.0000,0.0000,0.0000,69.6987,0.0000,4366.0000,1755.0000,0.0000,25.0000,35.0000,24.0000,7.0000
1.8080,0.7680,0.4100,0.4420,0.2070,0.0000,0.0000,0.6300,1.0000,4.5600,225.5180,2.5240,0.0000,0.0000,0.0000,69.6988,0.0000,4366.0000,1755.0000,0.0000,25.0000,35.0000,24.0000,7.0000
1.9220,0.4910,0.3590,0.3280,0.1610,0.0000,0.0000,1.0720,1.0000,4.5600,225.5180,2.5240,0.0000,0.0000,0.0000,69.6983,0.0000,4366.0000,1755.0000,0.0000,25.0000,34.0000,24.0000,7.0000
1.8560,0.5340,0.3600,0.3420,0.1520,0.0000,0.0000,0.9620,1.0000,4.5600,225.5180,2.5240,0.0000,0.0000,0.0000,69.6990,0.0000,4366.0000,1755.0000,0.0000,25.0000,35.0000,24.0000,7.0000
2.0560,0.5340,0.4160,0.3400,0.2130,0.0000,0.0000,1.1060,1.0000,4.5600,225.5180,2.5240,0.0000,0.0000,0.0000,69.7193,0.0000,4368.0000,1755.0000,0.0000,25.0000,35.0000,24.0000,7.0000
1.8220,0.6670,0.3730,0.3340,0.1720,0.0000,0.0000,0.7820,1.0000,4.5600,225.5180,2.5240,0.0000,0.0000,0.0000,69.7194,0.0000,4368.0000,1755.0000,0.0000,25.0000,35.0000,24.0000,7.0000
1.8480,0.5220,0.3610,0.3280,0.1480,0.0000,0.0000,0.9650,1.0000,4.5600,225.5180,2.5240,0.0000,0.0000,0.0000,69.7188,0.0000,4368.0000,1755.0000,0.0000,25.0000,34.0000,24.0000,7.0000
1.8700,0.6390,0.3650,0.4200,0.1490,0.0000,0.0000,0.8660,1.0000,4.5600,225.5180,2.5240,0.0000,0.0000,0.0000,69.7188,0.0000,4368.0000,1755.0000,0.0000,25.0000,34.0000,24.0000,7.0000
1.9180,0.5530,0.4100,0.3910,0.1610,0.0000,0.0000,0.9550,1.0000,4.5600,225.5180,2.5240,0.0000,0.0000,0.0000,69.7188,0.0000,4368.0000,1755.0000,0.0000,25.0000,34.0000,24.0000,7.0000
1.9450,0.6170,0.4460,0.4520,0.1970,0.0000,0.0000,0.8820,1.0000,4.5600,225.5180,2.5240,0.0000,0.0000,0.0000,69.7284,0.0000,4369.0000,1755.0000,0.0000,25.0000,33.0000,24.0000,7.0000
2.1020,0.5880,0.4360,0.3800,0.2340,0.0000,0.0000,1.0780,1.0000,4.5600,225.5180,2.5240,0.0000,0.0000,0.0000,69.7386,0.0000,4370.0000,1755.0000,0.0000,25.0000,33.0000,24.0000,7.0000
1.9560,0.7220,0.4130,0.4990,0.1630,0.0000,0.0000,0.8210,1.0000,4.5600,225.5180,2.5240,0.0000,0.0000,0.0000,69.7395,0.0000,4370.0000,1755.0000,0.0000,25.0000,34.0000,24.0000,8.0000
2.0390,0.6160,0.4550,0.4510,0.2040,0.0000,0.0000,0.9680,1.0000,4.5600,225.5180,2.5240,0.0000,0.0000,0.0000,69.7499,0.0000,4371.0000,1755.0000,0.0000,25.0000,34.0000,24.0000,8.0000
1.8450,0.6790,0.4140,0.4700,0.1690,0.0000,0.0000,0.7520,1.0000,4.5600,225.5180,2.5240,0.0000,0.0000,0.0000,69.7492,0.0000,4371.0000,1755.0000,0.0000,25.0000,33.0000,24.0000,8.0000
1.8940,0.5460,0.4190,0.3760,0.2150,0.0000,0.0000,0.9290,1.0000,4.5600,225.5180,2.5240,0.0000,0.0000,0.0000,69.7493,0.0000,4371.0000,1755.0000,0.0000,25.0000,33.0000,24.0000,8.0000
1.8200,0.5200,0.3280,0.3520,0.1360,0.0000,0.0000,0.9720,1.0000,4.5600,225.5180,2.5240,0.0000,0.0000,0.0000,69.7500,0.0000,4371.0000,1755.0000,0.0000,25.0000,34.0000,24.0000,9.0000
2.0580,0.5080,0.3960,0.3250,0.1970,0.0000,0.0000,1.1540,1.0000,4.5600,225.5180,2.5240,0.0000,0.0000,0.0000,69.7705,0.0000,4373.0000,1755.0000,0.0000,25.0000,34.0000,24.0000,9.0000
1.8590,0.6260,0.3580,0.3470,0.1540,0.0000,0.0000,0.8750,1.0000,4.5600,225.5180,2.5240,0.0000,0.0000,0.0000,69.7698,0.0000,4373.0000,1755.0000,0.0000,25.0000,33.0000,24.0000,9.0000
1.8140,0.5280,0.3520,0.3430,0.1470,0.0000,0.0000,0.9340,1.0000,4.5600,225.5180,2.5240,0.0000,0.0000,0.0000,69.7699,0.0000,4373.0000,1755.0000,0.0000,25.0000,33.0000,24.0000,9.0000
1.9630,0.5850,0.4110,0.3510,0.1860,0.0000,0.0000,0.9670,1.0000,4.5600,225.5180,2.5240,0.0000,0.0000,0.0000,69.7802,0.0000,4374.0000,1755.0000,0.0000,25.0000,33.0000,24.0000,9.0000
1.7520,0.6070,0.3660,0.3350,0.1490,0.0000,0.0000,0.7790,1.0000,4.5600,225.5180,2.5240,0.0000,0.0000,0.0000,69.7802,0.0000,4374.0000,1755.0000,0.0000,25.0000,33.0000,24.0000,9.0000
1.8790,0.5770,0.4700,0.4140,0.2250,0.0000,0.0000,0.8320,1.0000,4.5600,225.5180,2.5240,0.0000,0.0000,0.0000,69.7796,0.0000,4374.0000,1755.0000,0.0000,25.0000,32.0000,24.0000,9.0000
1.7650,0.5820,0.3970,0.4120,0.2000,0.0000,0.0000,0.7860,1.0000,4.5600,225.5180,2.5240,0.0000,0.0000,0.0000,69.7796,0.0000,4374.0000,1755.0000,0.0000,25.0000,32.0000,24.0000,9.0000
2.0630,0.4920,0.3910,0.3260,0.1920,0.0000,0.0000,1.1800,1.0000,4.5600,225.5180,2.5240,0.0000,0.0000,0.0000,69.8008,0.0000,4376.0000,1755.0000,0.0000,25.0000,33.0000,24.0000,9.0000
1.8570,0.6940,0.3500,0.3740,0.1490,0.0000,0.0000,0.8130,1.0000,4.5600,225.5180,2.5240,0.0000,0.0000,0.0000,69.8008,0.0000,4376.0000,1755.0000,0.0000,25.0000,33.0000,24.0000,9.0000
1.9200,0.5460,0.3860,0.3490,0.1720,0.0000,0.0000,0.9880,1.0000,4.5600,225.5180,2.5240,0.0000,0.0000,0.0000,69.8009,0.0000,4376.0000,1755.0000,0.0000,25.0000,33.0000,24.0000,9.0000
1.7980,0.5380,0.3500,0.3380,0.1490,0.0000,0.0000,0.9100,1.0000,4.5600,225.5180,2.5240,0.0000,0.0000,0.0000,69.8009,0.0000,4376.0000,1755.0000,0.0000,25.0000,33.0000,24.0000,9.0000
1.9620,0.5320,0.3950,0.3410,0.1810,0.0000,0.0000,1.0350,1.0000,4.5600,225.5180,2.5240,0.0000,0.0000,0.0000,69.8112,0.0000,4377.0000,1755.0000,0.0000,25.0000,33.0000,24.0000,9.0000
1.7560,0.7010,0.3660,0.4080,0.1490,0.0000,0.0000,0.6890,1.0000,4.5600,225.5180,2.5240,0.0000,0.0000,0.0000,69.8112,0.0000,4377.0000,1755.0000,0.0000,25.0000,33.0000,24.0000,9.0000
1.8270,0.5820,0.4080,0.4180,0.1660,0.0000,0.0000,0.8370,1.0000,4.5600,225.5180,2.5240,0.0000,0.0000,0.0000,69.8112,0.0000,4377.0000,1755.0000,0.0000,25.0000,33.0000,24.0000,9.0000
1.8140,0.5550,0.4110,0.3880,0.2040,0.0000,0.0000,0.8480,1.0000,4.5600,225.5180,2.5240,0.0000,0.0000,0.0000,69.8112,0.0000,4377.0000,1755.0000,0.0000,25.0000,33.0000,24.0000,9.0000
1.8730,0.5210,0.3500,0.3510,0.1500,0.0000,0.0000,1.0020,1.0000,4.5600,225.5180,2.5240,0.0000,0.0000,0.0000,69.8119,0.0000,4377.0000,1755.0000,0.0000,25.0000,34.0000,24.0000,9.0000
2.0070,0.5200,0.3970,0.3360,0.1940,0.0000,0.0000,1.0900,1.0000,4.5600,225.5180,2.5240,0.0000,0.0000,0.0000,69.8322,0.0000,4379.0000,1755.0000,0.0000,25.0000,34.0000,24.0000,9.0000
1.8750,0.6210,0.3720,0.3380,0.1540,0.0000,0.0000,0.8820,1.0000,4.5600,225.5180,2.5240,0.0000,0.0000,0.0000,69.8330,0.0000,4379.0000,1755.0000,0.0000,25.0000,35.0000,24.0000,9.0000
1.7550,0.5320,0.3520,0.3470,0.1470,0.0000,0.0000,0.8710,1.0000,4.5600,225.5180,2.5240,0.0000,0.0000,0.0000,69.8331,0.0000,4379.0000,1755.0000,0.0000,25.0000,35.0000,24.0000,9.0000
1.9260,0.5670,0.4090,0.3360,0.1940,0.0000,0.0000,0.9500,1.0000,4.5600,225.5180,2.5240,0.0000,0.0000,0.0000,69.8541,0.0000,4381.0000,1755.0000,0.0000,25.0000,36.0000,24.0000,9.0000
1.9950,0.6240,0.4690,0.3370,0.1600,0.0000,0.0000,0.9020,1.0000,4.5600,225.5180,2.5240,0.0000,0.0000,0.0000,69.8548,0.0000,4381.0000,1755.0000,0.0000,25.0000,36.0000,24.0000,11.0000
1.8560,0.6910,0.4270,0.5130,0.1800,0.0000,0.0000,0.7380,1.0000,4.5600,225.5180,2.5240,0.0000,0.0000,0.0000,69.8549,0.0000,4381.0000,1755.0000,0.0000,25.0000,36.0000,24.0000,11.0000
2.3740,0.5770,0.5190,0.4010,0.2550,0.0000,0.0000,1.2780,1.0000,4.5600,225.5180,2.5240,0.0000,0.0000,0.0000,69.8546,0.0000,4381.0000,1755.0000,0.0000,25.0000,36.0000,24.0000,12.0000
2.2500,0.7570,0.4230,0.5470,0.2150,0.0000,0.0000,1.0700,1.0000,4.5600,225.5180,2.5240,0.0000,0.0000,0.0000,69.7096,0.0000,4367.0000,1755.0000,0.0000,25.0000,36.0000,24.0000,12.0000
1.9620,0.7360,0.3380,0.3330,0.1490,0.0000,0.0000,0.8880,1.0000,4.5600,225.5180,2.5240,0.0000,0.0000,0.0000,69.7096,0.0000,4367.0000,1755.0000,0.0000,25.0000,36.0000,24.0000,12.0000
1.9730,0.5140,0.3610,0.3290,0.1550,0.0000,0.0000,1.0980,1.0000,4.5600,225.5180,2.5240,0.0000,0.0000,0.0000,69.7098,0.0000,4367.0000,1755.0000,0.0000,25.0000,36.0000,24.0000,12.0000
2.0640,0.5210,0.4000,0.3340,0.1940,0.0000,0.0000,1.1430,1.0000,4.5600,225.5180,2.5240,0.0000,0.0000,0.0000,69.7301,0.0000,4369.0000,1755.0000,0.0000,25.0000,36.0000,24.0000,12.0000
1.9470,0.5930,0.3590,0.3310,0.1540,0.0000,0.0000,0.9950,1.0000,4.5600,225.5180,2.5240,0.0000,0.0000,0.0000,69.7302,0.0000,4369.0000,1755.0000,0.0000,25.0000,36.0000,24.0000,12.0000
2.0250,0.5180,0.3570,0.3300,0.1510,0.0000,0.0000,1.1500,1.0000,4.5600,225.5180,2.5240,0.0000,0.0000,0.0000,69.7296,0.0000,4369.0000,1755.0000,0.0000,25.0000,35.0000,24.0000,12.0000
2.2420,0.5240,0.3940,0.3340,0.1610,0.0000,0.0000,1.3240,1.0000,4.5600,225.5180,2.5240,0.0000,0.0000,0.0000,69.7296,0.0000,4369.0000,1755.0000,0.0000,25.0000,35.0000,24.0000,12.0000
2.3950,0.6080,0.5320,0.4050,0.2960,0.0000,0.0000,1.2550,1.0000,4.5600,225.5180,2.5240,0.0000,0.0000,0.0000,69.7709,0.0000,4373.0000,1755.0000,0.0000,25.0000,35.0000,24.0000,12.0000
2.1380,0.7510,0.3540,0.4020,0.1450,0.0000,0.0000,1.0330,1.0000,4.5600,225.5180,2.5240,0.0000,0.0000,0.0000,69.7717,0.0000,4373.0000,1755.0000,0.0000,25.0000,36.0000,24.0000,12.0000
2.0630,0.6930,0.3790,0.5180,0.1510,0.0000,0.0000,0.9910,1.0000,4.5600,225.5180,2.5240,0.0000,0.0000,0.0000,69.7719,0.0000,4373.0000,1755.0000,0.0000,25.0000,36.0000,24.0000,12.0000
2.2210,0.5930,0.3710,0.3560,0.1730,0.0000,0.0000,1.2570,1.0000,4.5600,225.5180,2.5240,0.0000,0.0000,0.0000,69.7719,0.0000,4373.0000,1755.0000,0.0000,25.0000,36.0000,24.0000,12.0000
2.0130,0.7140,0.4100,0.3750,0.2220,0.0000,0.0000,0.8890,1.0000,4.5600,225.5180,2.5240,0.0000,0.0000,0.0000,69.7822,0.0000,4374.0000,1755.0000,0.0000,25.0000,36.0000,24.0000,12.0000
2.1070,0.5410,0.3750,0.3080,0.1910,0.0000,0.0000,1.1910,1.0000,4.5600,225.5180,2.5240,0.0000,0.0000,0.0000,69.7926,0.0000,4375.0000,1755.0000,0.0000,25.0000,36.0000,24.0000,12.0000
2.3500,0.5420,0.3480,0.3060,0.1470,0.0000,0.0000,1.4600,1.0000,4.5600,225.5180,2.5240,0.0000,0.0000,0.0000,69.7962,0.0000,4376.0000,1755.0000,0.0000,25.0000,36.0000,24.0000,13.0000
2.6710,0.5730,0.4490,0.3990,0.1690,0.0000,0.0000,1.6490,1.0000,4.5600,225.5180,2.5240,0.0000,0.0000,0.0000,69.7945,0.0000,4376.0000,1755.0000,0.0000,25.0000,35.0000,24.0000,14.0000
2.9390,0.6750,0.7840,0.4950,0.5710,0.0000,0.0000,1.4800,1.0000,4.5600,225.5180,2.5240,0.0000,0.0000,0.0000,69.8277,0.0000,4383.0000,1755.0000,0.0000,25.0000,36.0000,24.0000,14.0000
2.1210,1.0320,0.3890,0.6990,0.1860,0.0000,0.0000,0.7000,1.0000,4.5600,225.5180,2.5240,0.0000,0.0000,0.0000,69.8380,0.0000,4384.0000,1755.0000,0.0000,25.0000,36.0000,24.0000,14.0000
1.9450,0.6600,0.3970,0.3640,0.1950,0.0000,0.0000,0.8880,1.0000,4.5600,225.5180,2.5240,0.0000,0.0000,0.0000,69.8382,0.0000,4384.0000,1755.0000,0.0000,25.0000,36.0000,24.0000,14.0000
1.8740,0.5150,0.3420,0.3250,0.1520,0.0000,0.0000,1.0170,1.0000,4.5600,225.5180,2.5240,0.0000,0.0000,0.0000,69.8382,0.0000,4384.0000,1755.0000,0.0000,25.0000,36.0000,24.0000,14.0000
1.9850,0.4970,0.3730,0.3190,0.1820,0.0000,0.0000,1.1150,1.0000,4.5600,225.5180,2.5240,0.0000,0.0000,0.0000,69.8478,0.0000,4385.0000,1755.0000,0.0000,25.0000,35.0000,24.0000,14.0000
1.9010,0.5400,0.3460,0.3120,0.1560,0.0000,0.0000,1.0150,1.0000,4.5600,225.5180,2.5240,0.0000,0.0000,0.0000,69.8477,0.0000,4385.0000,1755.0000,0.0000,25.0000,35.0000,24.0000,15.0000
1.8410,0.5840,0.3380,0.3800,0.1500,0.0000,0.0000,0.9190,1.0000,4.5600,225.5180,2.5240,0.0000,0.0000,0.0000,69.8477,0.0000,4385.0000,1755.0000,0.0000,25.0000,35.0000,24.0000,15.0000
1.8450,0.5960,0.3580,0.3190,0.1530,0.0000,0.0000,0.8910,1.0000,4.5600,225.5180,2.5240,0.0000,0.0000,0.0000,69.8477,0.0000,4385.0000,1755.0000,0.0000,25.0000,35.0000,24.0000,15.0000
2.0590,0.5890,0.3960,0.3480,0.1940,0.0000,0.0000,1.0740,1.0000,4.5600,225.5180,2.5240,0.0000,0.0000,0.0000,69.8683,0.0000,4387.0000,1755.0000,0.0000,25.0000,35.0000,24.0000,15.0000
1.8260,0.6960,0.3550,0.3900,0.1510,0.0000,0.0000,0.7750,1.0000,4.5600,225.5180,2.5240,0.0000,0.0000,0.0000,69.8683,0.0000,4387.0000,1755.0000,0.0000,25.0000,35.0000,24.0000,15.0000
1.8960,0.5670,0.3830,0.3940,0.1660,0.0000,0.0000,0.9460,1.0000,4.5600,225.5180,2.5240,0.0000,0.0000,0.0000,69.8684,0.0000,4387.0000,1755.0000,0.0000,25.0000,35.0000,24.0000,15.0000
2.7720,0.6330,0.7510,0.4340,0.2080,0.0000,0.0000,1.3880,1.0000,4.5600,225.5180,2.5240,0.0000,0.0000,0.0000,69.8786,0.0000,4388.0000,1755.0000,0.0000,25.0000,35.0000,24.0000,14.0000
2.0740,0.6470,0.4400,0.3500,0.2200,0.0000,0.0000,0.9870,1.0000,4.5600,225.5180,2.5240,0.0000,0.0000,0.0000,69.8786,0.0000,4388.0000,1755.0000,0.0000,25.0000,35.0000,24.0000,14.0000
2.1020,0.5270,0.4490,0.3320,0.2480,0.0000,0.0000,1.1260,1.0000,4.5600,225.5180,2.5240,0.0000,0.0000,0.0000,69.8891,0.0000,4389.0000,1755.0000,0.0000,25.0000,35.0000,24.0000,14.0000
3.1540,0.5950,1.0530,0.3730,0.2360,0.0000,0.0000,1.5060,1.0000,4.5600,225.5180,2.5240,0.0000,0.0000,0.0000,69.8995,0.0000,4390.0000,1755.0000,0.0000,25.0000,35.0000,24.0000,14.0000
2.2010,0.9100,0.4400,0.4090,0.2180,0.0000,0.0000,0.8510,1.0000,4.5600,225.5180,2.5240,0.0000,0.0000,0.0000,69.9304,0.0000,4393.0000,1755.0000,0.0000,25.0000,35.0000,24.0000,14.0000
2.0800,0.7560,0.3460,0.3970,0.1430,0.0000,0.0000,0.9780,1.0000,4.5600,225.5180,2.5240,0.0000,0.0000,0.0000,69.9305,0.0000,4393.0000,1755.0000,0.0000,25.0000,35.0000,24.0000,14.0000
4.3570,0.6000,0.4060,0.4240,0.1970,0.0000,0.0000,3.3510,1.0000,4.5600,225.5180,2.5240,0.0000,0.0000,0.0000,69.9509,0.0000,4395.0000,1755.0000,0.0000,25.0000,35.0000,24.0000,14.0000
2.1920,0.6790,0.4890,0.3180,0.2310,0.0000,0.0000,1.0240,1.0000,4.5600,225.5180,2.5240,0.0000,0.0000,0.0000,69.9510,0.0000,4395.0000,1755.0000,0.0000,25.0000,35.0000,24.0000,14.0000
2.1000,0.5970,0.4320,0.4060,0.2260,0.0000,0.0000,1.0710,1.0000,4.5600,225.5180,2.5240,0.0000,0.0000,0.0000,69.9614,0.0000,4396.0000,1755.0000,0.0000,25.0000,35.0000,24.0000,14.0000
2.0300,0.6010,0.4600,0.3720,0.2270,0.0000,0.0000,0.9690,1.0000,4.5600,225.5180,2.5240,0.0000,0.0000,0.0000,69.9716,0.0000,4397.0000,1755.0000,0.0000,25.0000,35.0000,24.0000,14.0000
1.9340,0.6080,0.3830,0.3700,0.1640,0.0000,0.0000,0.9430,1.0000,4.5600,225.5180,2.5240,0.0000,0.0000,0.0000,69.9704,0.0000,4393.0000,1755.0000,0.0000,25.0000,36.0000,24.0000,13.0000
1.9290,0.5760,0.4210,0.3940,0.2020,0.0000,0.0000,0.9320,1.0000,4.5600,225.5180,2.5240,0.0000,0.0000,0.0000,69.9704,0.0000,4393.0000,1755.0000,0.0000,25.0000,36.0000,24.0000,13.0000
1.8530,0.5950,0.3890,0.4110,0.1900,0.0000,0.0000,0.8690,1.0000,4.5600,225.5180,2.5240,0.0000,0.0000,0.0000,69.9711,0.0000,4393.0000,1755.0000,0.0000,25.0000,37.0000,24.0000,13.0000
2.0250,0.5230,0.3920,0.3400,0.2100,0.0000,0.0000,1.1100,1.0000,4.5600,225.5180,2.5240,0.0000,0.0000,0.0000,69.9916,0.0000,4395.0000,1755.0000,0.0000,25.0000,37.0000,24.0000,13.0000
2.0860,0.5950,0.3500,0.3290,0.1520,0.0000,0.0000,1.1410,1.0000,4.5600,225.5180,2.5240,0.0000,0.0000,0.0000,69.9910,0.0000,4395.0000,1755.0000,0.0000,25.0000,36.0000,24.0000,13.0000
1.9600,0.5580,0.4120,0.3760,0.2000,0.0000,0.0000,0.9900,1.0000,4.5600,225.5180,2.5240,0.0000,0.0000,0.0000,69.9911,0.0000,4395.0000,1755.0000,0.0000,25.0000,36.0000,24.0000,13.0000
1.9200,0.5710,0.4300,0.3850,0.2270,0.0000,0.0000,0.9190,1.0000,4.5600,225.5180,2.5240,0.0000,0.0000,0.0000,70.0013,0.0000,4396.0000,1755.0000,0.0000,25.0000,36.0000,24.0000,13.0000
1.8270,0.6270,0.3750,0.4050,0.1490,0.0000,0.0000,0.8250,1.0000,4.5600,225.5180,2.5240,0.0000,0.0000,0.0000,69.9986,0.0000,4395.0000,1755.0000,0.0000,25.0000,34.0000,24.0000,13.0000
1.9400,0.5410,0.3750,0.3370,0.1910,0.0000,0.0000,1.0240,1.0000,4.5600,225.5180,2.5240,0.0000,0.0000,0.0000,69.7805,0.0000,4374.0000,1755.0000,0.0000,25.0000,34.0000,24.0000,12.0000
2.0610,0.5830,0.5190,0.3170,0.3390,0.0000,0.0000,0.9590,1.0000,4.5600,225.5180,2.5240,0.0000,0.0000,0.0000,69.7811,0.0000,4374.0000,1755.0000,0.0000,25.0000,35.0000,24.0000,11.0000
1.9220,0.5440,0.3650,0.3540,0.1860,0.0000,0.0000,1.0130,1.0000,4.5600,225.5180,2.5240,0.0000,0.0000,0.0000,69.8017,0.0000,4376.0000,1755.0000,0.0000,25.0000,35.0000,24.0000,11.0000
2.1870,0.6110,0.5510,0.3460,0.2180,0.0000,0.0000,1.0250,1.0000,4.5600,225.5180,2.5240,0.0000,0.0000,0.0000,69.8127,0.0000,4377.0000,1755.0000,0.0000,25.0000,36.0000,24.0000,11.0000
1.9020,0.5580,0.3660,0.3290,0.1650,0.0000,0.0000,0.9780,1.0000,4.5600,225.5180,2.5240,0.0000,0.0000,0.0000,69.8121,0.0000,4377.0000,1755.0000,0.0000,25.0000,35.0000,24.0000,11.0000
2.0540,0.4900,0.3990,0.3130,0.1750,0.0000,0.0000,1.1650,1.0000,4.5600,225.5180,2.5240,0.0000,0.0000,0.0000,69.8115,0.0000,4377.0000,1755.0000,0.0000,25.0000,34.0000,24.0000,11.0000
1.8830,0.5020,0.3550,0.3150,0.1640,0.0000,0.0000,1.0260,1.0000,4.5600,225.5180,2.5240,0.0000,0.0000,0.0000,69.8121,0.0000,4377.0000,1755.0000,0.0000,25.0000,35.0000,24.0000,11.0000
1.9510,0.4960,0.3690,0.3170,0.1820,0.0000,0.0000,1.0860,1.0000,4.5600,225.5180,2.5240,0.0000,0.0000,0.0000,69.8224,0.0000,4378.0000,1755.0000,0.0000,25.0000,35.0000,24.0000,11.0000
2.9700,0.5810,0.3320,0.3180,0.1470,0.0000,0.0000,2.0570,1.0000,4.5600,225.5180,2.5240,0.0000,0.0000,0.0000,69.8217,0.0000,4378.0000,1755.0000,0.0000,25.0000,34.0000,24.0000,11.0000
2.0470,0.6830,0.3820,0.4550,0.1870,0.0000,0.0000,0.9820,1.0000,4.5600,225.5180,2.5240,0.0000,0.0000,0.0000,69.8414,0.0000,4380.0000,1755.0000,0.0000,25.0000,33.0000,24.0000,11.0000
4.2340,0.6110,2.5380,0.3410,2.3420,0.0000,0.0000,1.0850,1.0000,4.5600,225.5180,2.5240,0.0000,0.0000,0.0000,69.8407,0.0000,4380.0000,1755.0000,0.0000,25.0000,32.0000,24.0000,11.0000
2.1340,0.4000,0.5040,0.2420,0.2730,0.0000,0.0000,1.2300,1.0000,4.5600,225.5180,2.5240,0.0000,0.0000,0.0000,69.8518,0.0000,4381.0000,1755.0000,0.0000,25.0000,33.0000,24.0000,11.0000
2.4230,0.6400,0.5690,0.3980,0.2500,0.0000,0.0000,1.2140,1.0000,4.5600,225.5180,2.5240,0.0000,0.0000,0.0000,69.8721,0.0000,4383.0000,1755.0000,0.0000,25.0000,33.0000,24.0000,12.0000
2.0500,0.7460,0.3860,0.4550,0.1800,0.0000,0.0000,0.9180,1.0000,4.5600,225.5180,2.5240,0.0000,0.0000,0.0000,69.8729,0.0000,4383.0000,1755.0000,0.0000,25.0000,34.0000,24.0000,12.0000
2.3940,0.6650,0.4400,0.4320,0.2070,0.0000,0.0000,1.2890,1.0000,4.5600,225.5180,2.5240,0.0000,0.0000,0.0000,69.8926,0.0000,4385.0000,1755.0000,0.0000,25.0000,33.0000,24.0000,12.0000
2.0190,0.6980,0.3760,0.3250,0.1570,0.0000,0.0000,0.9450,1.0000,4.5600,225.5180,2.5240,0.0000,0.0000,0.0000,69.8927,0.0000,4385.0000,1755.0000,0.0000,25.0000,33.0000,24.0000,12.0000
1.8910,0.5370,0.3590,0.3520,0.1520,0.0000,0.0000,0.9950,1.0000,4.5600,225.5180,2.5240,0.0000,0.0000,0.0000,69.8935,0.0000,4385.0000,1755.0000,0.0000,25.0000,34.0000,24.0000,12.0000
3.1450,0.5110,0.5900,0.3300,0.2840,0.0000,0.0000,2.0440,1.0000,4.5600,225.5180,2.5240,0.0000,0.0000,0.0000,69.8935,0.0000,4385.0000,1755.0000,0.0000,25.0000,34.0000,24.0000,12.0000
2.8280,1.0440,0.7450,0.7270,0.3810,0.0000,0.0000,1.0390,1.0000,4.5600,225.5180,2.5240,0.0000,0.0000,0.0000,69.9154,0.0000,4387.0000,1755.0000,0.0000,25.0000,36.0000,24.0000,12.0000
2.0910,0.7750,0.3940,0.3860,0.1700,0.0000,0.0000,0.9220,1.0000,4.5600,225.5180,2.5240,0.0000,0.0000,0.0000,69.9147,0.0000,4387.0000,1755.0000,0.0000,25.0000,35.0000,24.0000,12.0000
2.0270,0.6160,0.3720,0.4230,0.1540,0.0000,0.0000,1.0390,1.0000,4.5600,225.5180,2.5240,0.0000,0.0000,0.0000,69.9148,0.0000,4387.0000,1755.0000,0.0000,25.0000,35.0000,24.0000,12.0000
2.7940,0.5310,0.5140,0.3360,0.2790,0.0000,0.0000,1.7490,1.0000,4.5600,225.5180,2.5240,0.0000,0.0000,0.0000,69.9455,0.0000,4390.0000,1755.0000,0.0000,25.0000,36.0000,24.0000,12.0000
2.1710,0.9330,0.4010,0.5770,0.1860,0.0000,0.0000,0.8370,1.0000,4.5600,225.5180,2.5240,0.0000,0.0000,0.0000,69.9455,0.0000,4390.0000,1755.0000,0.0000,25.0000,36.0000,24.0000,12.0000
1.9910,0.5440,0.3700,0.3370,0.1680,0.0000,0.0000,1.0770,1.0000,4.5600,225.5180,2.5240,0.0000,0.0000,0.0000,69.9457,0.0000,4390.0000,1755.0000,0.0000,25.0000,36.0000,24.0000,12.0000
2.0300,0.5220,0.3950,0.3380,0.2010,0.0000,0.0000,1.1130,1.0000,4.5600,225.5180,2.5240,0.0000,0.0000,0.0000,69.9554,0.0000,4391.0000,1755.0000,0.0000,25.0000,35.0000,24.0000,12.0000
2.4300,0.5600,0.4780,0.3330,0.2830,0.0000,0.0000,1.3920,1.0000,4.5600,225.5180,2.5240,0.0000,0.0000,0.0000,69.9760,0.0000,4393.0000,1755.0000,0.0000,25.0000,35.0000,24.0000,12.0000
2.2000,0.6860,0.4260,0.4160,0.1770,0.0000,0.0000,1.0880,1.0000,4.5600,225.5180,2.5240,0.0000,0.0000,0.0000,69.9767,0.0000,4393.0000,1755.0000,0.0000,25.0000,36.0000,24.0000,12.0000
2.2560,0.7050,0.3630,0.4670,0.1530,0.0000,0.0000,1.1880,1.0000,4.5600,225.5180,2.5240,0.0000,0.0000,0.0000,69.9768,0.0000,4393.0000,1755.0000,0.0000,25.0000,36.0000,24.0000,12.0000
1.9170,0.6690,0.3700,0.3330,0.1670,0.0000,0.0000,0.8780,1.0000,4.5600,225.5180,2.5240,0.0000,0.0000,0.0000,69.9768,0.0000,4393.0000,1755.0000,0.0000,25.0000,36.0000,24.0000,12.0000
2.2300,0.5440,0.3410,0.3250,0.1510,0.0000,0.0000,1.3450,1.0000,4.5600,225.5180,2.5240,0.0000,0.0000,0.0000,69.9761,0.0000,4393.0000,1755.0000,0.0000,25.0000,35.0000,24.0000,11.0000
2.4590,0.6170,0.4760,0.3740,0.2480,0.0000,0.0000,1.3660,1.0000,4.5600,225.5180,2.5240,0.0000,0.0000,0.0000,69.9975,0.0000,4395.0000,1755.0000,0.0000,25.0000,35.0000,24.0000,11.0000
2.0140,0.9970,0.3850,0.7120,0.1490,0.0000,0.0000,0.6320,1.0000,4.5600,225.5180,2.5240,0.0000,0.0000,0.0000,69.9989,0.0000,4395.0000,1755.0000,0.0000,25.0000,37.0000,24.0000,11.0000
1.9470,0.6640,0.3830,0.4240,0.1810,0.0000,0.0000,0.9000,1.0000,4.5600,225.5180,2.5240,0.0000,0.0000,0.0000,70.0086,0.0000,4396.0000,1755.0000,0.0000,25.0000,36.0000,24.0000,11.0000
1.8760,0.5990,0.3860,0.3170,0.1550,0.0000,0.0000,0.8910,1.0000,4.5600,225.5180,2.5240,0.0000,0.0000,0.0000,70.0086,0.0000,4396.0000,1755.0000,0.0000,25.0000,36.0000,24.0000,11.0000
2.1490,0.5820,0.4340,0.3850,0.1900,0.0000,0.0000,1.1330,1.0000,4.5600,225.5180,2.5240,0.0000,0.0000,0.0000,70.0175,0.0000,4397.0000,1755.0000,0.0000,25.0000,34.0000,24.0000,11.0000
2.1990,0.7550,0.4850,0.5160,0.2020,0.0000,0.0000,0.9590,1.0000,4.5600,225.5180,2.5240,0.0000,0.0000,0.0000,70.0285,0.0000,4398.0000,1755.0000,0.0000,25.0000,35.0000,24.0000,11.0000
2.4640,0.6310,0.5400,0.3220,0.2920,0.0000,0.0000,1.2930,1.0000,4.5600,225.5180,2.5240,0.0000,0.0000,0.0000,70.0523,0.0000,4400.0000,1755.0000,0.0000,25.0000,36.0000,24.0000,11.0000
2.0240,0.6290,0.4070,0.3330,0.1990,0.0000,0.0000,0.9880,1.0000,4.5600,225.5180,2.5240,0.0000,0.0000,0.0000,70.0517,0.0000,4400.0000,1755.0000,0.0000,25.0000,35.0000,24.0000,11.0000
1.9860,0.5330,0.4230,0.3450,0.2130,0.0000,0.0000,1.0300,1.0000,4.5600,225.5180,2.5240,0.0000,0.0000,0.0000,70.0525,0.0000,4400.0000,1755.0000,0.0000,25.0000,36.0000,24.0000,11.0000
2.2670,0.5820,0.4760,0.3910,0.2510,0.0000,0.0000,1.2090,1.0000,4.5600,225.5180,2.5240,0.0000,0.0000,0.0000,70.0628,0.0000,4401.0000,1755.0000,0.0000,25.0000,36.0000,24.0000,11.0000
1.9870,0.7490,0.3960,0.4800,0.1530,0.0000,0.0000,0.8420,1.0000,4.5600,225.5180,2.5240,0.0000,0.0000,0.0000,70.0628,0.0000,4401.0000,1755.0000,0.0000,25.0000,36.0000,24.0000,11.0000
3.7590,0.6540,0.4210,0.4450,0.1970,0.0000,0.0000,2.6840,1.0000,4.5600,225.5180,2.5240,0.0000,0.0000,0.0000,70.0933,0.0000,4404.0000,1755.0000,0.0000,25.0000,36.0000,24.0000,11.0000
2.0320,0.6950,0.4270,0.3170,0.2040,0.0000,0.0000,0.9100,1.0000,4.5600,225.5180,2.5240,0.0000,0.0000,0.0000,69.7618,0.0000,4372.0000,1755.0000,0.0000,25.0000,36.0000,24.0000,11.0000
1.9740,0.5830,0.4010,0.3910,0.2090,0.0000,0.0000,0.9900,1.0000,4.5600,225.5180,2.5240,0.0000,0.0000,0.0000,69.7617,0.0000,4372.0000,1755.0000,0.0000,25.0000,36.0000,24.0000,11.0000
2.1810,0.5860,0.4280,0.4090,0.2030,0.0000,0.0000,1.1670,1.0000,4.5600,225.5180,2.5240,0.0000,0.0000,0.0000,69.7610,0.0000,4372.0000,1755.0000,0.0000,25.0000,35.0000,24.0000,11.0000
2.1550,0.6030,0.3890,0.3940,0.1550,0.0000,0.0000,1.1630,1.0000,4.5600,225.5180,2.5240,0.0000,0.0000,0.0000,69.7617,0.0000,4372.0000,1755.0000,0.0000,25.0000,36.0000,24.0000,11.0000
2.1730,0.7880,0.4130,0.4720,0.2000,0.0000,0.0000,0.9720,1.0000,4.5600,225.5180,2.5240,0.0000,0.0000,0.0000,69.7624,0.0000,4372.0000,1755.0000,0.0000,25.0000,37.0000,24.0000,11.0000
2.0750,0.5970,0.3960,0.3350,0.1850,0.0000,0.0000,1.0820,1.0000,4.5600,225.5180,2.5240,0.0000,0.0000,0.0000,69.7726,0.0000,4373.0000,1755.0000,0.0000,25.0000,37.0000,24.0000,11.0000
2.2300,0.5830,0.3950,0.3160,0.2050,0.0000,0.0000,1.2520,1.0000,4.5600,225.5180,2.5240,0.0000,0.0000,0.0000,69.8131,0.0000,4377.0000,1755.0000,0.0000,25.0000,37.0000,24.0000,11.0000
2.1260,0.7200,0.3540,0.3310,0.1620,0.0000,0.0000,1.0520,1.0000,4.5600,225.5180,2.5240,0.0000,0.0000,0.0000,69.8126,0.0000,4377.0000,1755.0000,0.0000,25.0000,36.0000,24.0000,11.0000
1.8940,0.6440,0.4120,0.4560,0.1980,0.0000,0.0000,0.8380,1.0000,4.5600,225.5180,2.5240,0.0000,0.0000,0.0000,69.8128,0.0000,4377.0000,1755.0000,0.0000,25.0000,36.0000,24.0000,11.0000
2.0650,0.5100,0.3600,0.3340,0.1500,0.0000,0.0000,1.1950,1.0000,4.5600,225.5180,2.5240,0.0000,0.0000,0.0000,69.8135,0.0000,4377.0000,1755.0000,0.0000,25.0000,37.0000,24.0000,10.0000
2.5030,0.6170,0.4100,0.4350,0.1950,0.0000,0.0000,1.4760,1.0000,4.5600,225.5180,2.5240,0.0000,0.0000,0.0000,69.8135,0.0000,4377.0000,1755.0000,0.0000,25.0000,37.0000,24.0000,9.0000
2.0170,0.5310,0.4040,0.3370,0.1620,0.0000,0.0000,1.0820,1.0000,4.5600,225.5180,2.5240,0.0000,0.0000,0.0000,69.8135,0.0000,4377.0000,1755.0000,0.0000,25.0000,37.0000,24.0000,9.0000
2.7220,0.5850,0.4320,0.3530,0.2010,0.0000,0.0000,1.7050,1.0000,4.5600,225.5180,2.5240,0.0000,0.0000,0.0000,69.8230,0.0000,4378.0000,1755.0000,0.0000,25.0000,36.0000,24.0000,9.0000
2.4270,1.1620,0.4570,0.5440,0.2000,0.0000,0.0000,0.8080,1.0000,4.5600,225.5180,2.5240,0.0000,0.0000,0.0000,69.8333,0.0000,4379.0000,1755.0000,0.0000,25.0000,36.0000,24.0000,9.0000
2.0770,0.6820,0.3650,0.4000,0.1540,0.0000,0.0000,1.0300,1.0000,4.5600,225.5180,2.5240,0.0000,0.0000,0.0000,69.8327,0.0000,4379.0000,1755.0000,0.0000,25.0000,35.0000,24.0000,9.0000
2.0810,0.5820,0.4260,0.3380,0.2110,0.0000,0.0000,1.0730,1.0000,4.5600,225.5180,2.5240,0.0000,0.0000,0.0000,69.8430,0.0000,4380.0000,1755.0000,0.0000,25.0000,35.0000,24.0000,9.0000
2.0930,0.5750,0.4000,0.3310,0.1980,0.0000,0.0000,1.1180,1.0000,4.5600,225.5180,2.5240,0.0000,0.0000,0.0000,69.8533,0.0000,4381.0000,1755.0000,0.0000,25.0000,35.0000,24.0000,9.0000
3.2330,0.5550,0.6710,0.3260,0.3180,0.0000,0.0000,2.0070,1.0000,4.5600,225.5180,2.5240,0.0000,0.0000,0.0000,69.8540,0.0000,4381.0000,1755.0000,0.0000,25.0000,36.0000,24.0000,9.0000
2.1630,1.1730,0.4590,0.8240,0.1680,0.0000,0.0000,0.5310,1.0000,4.5600,225.5180,2.5240,0.0000,0.0000,0.0000,69.8541,0.0000,4381.0000,1755.0000,0.0000,25.0000,36.0000,24.0000,9.0000
2.4520,0.6410,0.6550,0.3880,0.3140,0.0000,0.0000,1.1560,1.0000,4.5600,225.5180,2.5240,0.0000,0.0000,0.0000,69.8649,0.0000,4382.0000,1755.0000,0.0000,25.0000,37.0000,24.0000,10.0000
1.9240,0.7050,0.3660,0.3710,0.1690,0.0000,0.0000,0.8530,1.0000,4.5600,225.5180,2.5240,0.0000,0.0000,0.0000,69.8643,0.0000,4382.0000,1755.0000,0.0000,25.0000,36.0000,24.0000,11.0000
1.9920,0.5540,0.3730,0.3690,0.1640,0.0000,0.0000,1.0650,1.0000,4.5600,225.5180,2.5240,0.0000,0.0000,0.0000,69.8637,0.0000,4382.0000,1755.0000,0.0000,25.0000,35.0000,24.0000,11.0000
2.0120,0.5450,0.3760,0.3190,0.1860,0.0000,0.0000,1.0910,1.0000,4.5600,225.5180,2.5240,0.0000,0.0000,0.0000,69.8733,0.0000,4383.0000,1755.0000,0.0000,25.0000,34.0000,24.0000,11.0000
1.9710,0.5580,0.3480,0.3170,0.1560,0.0000,0.0000,1.0650,1.0000,4.5600,225.5180,2.5240,0.0000,0.0000,0.0000,69.8733,0.0000,4383.0000,1755.0000,0.0000,25.0000,34.0000,24.0000,11.0000
1.8280,0.5860,0.3280,0.3200,0.1480,0.0000,0.0000,0.9140,1.0000,4.5600,225.5180,2.5240,0.0000,0.0000,0.0000,69.8747,0.0000,4383.0000,1755.0000,0.0000,25.0000,36.0000,24.0000,11.0000
1.8390,0.5480,0.3160,0.3180,0.1400,0.0000,0.0000,0.9750,1.0000,4.5600,225.5180,2.5240,0.0000,0.0000,0.0000,69.8747,0.0000,4383.0000,1755.0000,0.0000,25.0000,36.0000,24.0000,11.0000
1.8630,0.6230,0.3720,0.4350,0.1500,0.0000,0.0000,0.8680,1.0000,4.5600,225.5180,2.5240,0.0000,0.0000,0.0000,69.8747,0.0000,4383.0000,1755.0000,0.0000,25.0000,36.0000,24.0000,11.0000
2.1190,0.5590,0.4170,0.3690,0.1620,0.0000,0.0000,1.1430,1.0000,4.5600,225.5180,2.5240,0.0000,0.0000,0.0000,69.8747,0.0000,4383.0000,1755.0000,0.0000,25.0000,36.0000,24.0000,11.0000
2.0440,0.7020,0.4320,0.4350,0.1980,0.0000,0.0000,0.9100,1.0000,4.5600,225.5180,2.5240,0.0000,0.0000,0.0000,69.8950,0.0000,4385.0000,1755.0000,0.0000,25.0000,36.0000,24.0000,11.0000
2.1430,0.6560,0.4130,0.3820,0.1950,0.0000,0.0000,1.0740,1.0000,4.5600,225.5180,2.5240,0.0000,0.0000,0.0000,69.9161,0.0000,4387.0000,1755.0000,0.0000,25.0000,37.0000,24.0000,11.0000
2.2440,0.6930,0.3820,0.3790,0.1880,0.0000,0.0000,1.1690,1.0000,4.5600,225.5180,2.5240,0.0000,0.0000,0.0000,69.9364,0.0000,4389.0000,1755.0000,0.0000,25.0000,37.0000,24.0000,11.0000
2.1220,0.6300,0.3740,0.3150,0.1660,0.0000,0.0000,1.1180,1.0000,4.5600,225.5180,2.5240,0.0000,0.0000,0.0000,69.9366,0.0000,4389.0000,1755.0000,0.0000,25.0000,37.0000,24.0000,11.0000
1.8900,0.6720,0.3690,0.3290,0.1640,0.0000,0.0000,0.8490,1.0000,4.5600,225.5180,2.5240,0.0000,0.0000,0.0000,69.9360,0.0000,4389.0000,1755.0000,0.0000,25.0000,36.0000,24.0000,10.0000
2.0120,0.5040,0.3410,0.3210,0.1540,0.0000,0.0000,1.1670,1.0000,4.5600,225.5180,2.5240,0.0000,0.0000,0.0000,69.9360,0.0000,4389.0000,1755.0000,0.0000,25.0000,36.0000,24.0000,10.0000
2.1500,0.6420,0.4700,0.4190,0.1880,0.0000,0.0000,1.0380,1.0000,4.5600,225.5180,2.5240,0.0000,0.0000,0.0000,69.9367,0.0000,4389.0000,1755.0000,0.0000,25.0000,37.0000,24.0000,10.0000
1.9890,0.5790,0.3690,0.3480,0.1570,0.0000,0.0000,1.0410,1.0000,4.5600,225.5180,2.5240,0.0000,0.0000,0.0000,69.9367,0.0000,4389.0000,1755.0000,0.0000,25.0000,37.0000,24.0000,10.0000
2.1130,0.5940,0.5340,0.4100,0.3300,0.0000,0.0000,0.9850,1.0000,4.5600,225.5180,2.5240,0.0000,0.0000,0.0000,69.9469,0.0000,4390.0000,1755.0000,0.0000,25.0000,37.0000,24.0000,10.0000
2.2810,0.5550,0.5780,0.3330,0.3640,0.0000,0.0000,1.1480,1.0000,4.5600,225.5180,2.5240,0.0000,0.0000,0.0000,69.9565,0.0000,4391.0000,1755.0000,0.0000,25.0000,36.0000,24.0000,10.0000
2.2460,0.7260,0.4600,0.4850,0.2050,0.0000,0.0000,1.0600,1.0000,4.5600,225.5180,2.5240,0.0000,0.0000,0.0000,69.9769,0.0000,4393.0000,1755.0000,0.0000,25.0000,36.0000,24.0000,10.0000
2.4460,0.7300,0.5000,0.4010,0.1670,0.0000,0.0000,1.2160,1.0000,4.5600,225.5180,2.5240,0.0000,0.0000,0.0000,69.9777,0.0000,4393.0000,1755.0000,0.0000,25.0000,37.0000,24.0000,10.0000
2.0370,0.5190,0.4330,0.3200,0.2220,0.0000,0.0000,1.0850,1.0000,4.5600,225.5180,2.5240,0.0000,0.0000,0.0000,69.9778,0.0000,4393.0000,1755.0000,0.0000,25.0000,37.0000,24.0000,10.0000
2.5470,0.6510,0.4080,0.3770,0.1960,0.0000,0.0000,1.4880,1.0000,4.5600,225.5180,2.5240,0.0000,0.0000,0.0000,69.9778,0.0000,4393.0000,1755.0000,0.0000,25.0000,37.0000,24.0000,10.0000
2.2280,1.0540,0.4190,0.8630,0.2210,0.0000,0.0000,0.7550,1.0000,4.5600,225.5180,2.5240,0.0000,0.0000,0.0000,69.9771,0.0000,4393.0000,1755.0000,0.0000,25.0000,36.0000,24.0000,10.0000
1.8790,0.6590,0.3960,0.3540,0.1850,0.0000,0.0000,0.8240,1.0000,4.5600,225.5180,2.5240,0.0000,0.0000,0.0000,69.9769,0.0000,4393.0000,1755.0000,0.0000,25.0000,36.0000,24.0000,10.0000
2.4660,0.5500,0.4580,0.3490,0.1720,0.0000,0.0000,1.4580,1.0000,4.5600,225.5180,2.5240,0.0000,0.0000,0.0000,69.7722,0.0000,4373.0000,1755.0000,0.0000,25.0000,37.0000,24.0000,10.0000
2.2560,0.9490,0.5150,0.7360,0.2720,0.0000,0.0000,0.7920,1.0000,4.5600,225.5180,2.5240,0.0000,0.0000,0.0000,69.7825,0.0000,4374.0000,1755.0000,0.0000,25.0000,37.0000,24.0000,10.0000
2.3470,0.6740,0.4540,0.4240,0.1820,0.0000,0.0000,1.2190,1.0000,4.5600,225.5180,2.5240,0.0000,0.0000,0.0000,69.7821,0.0000,4375.0000,1755.0000,0.0000,25.0000,36.0000,24.0000,10.0000
2.2950,0.7430,0.3910,0.4870,0.1660,0.0000,0.0000,1.1610,1.0000,4.5600,225.5180,2.5240,0.0000,0.0000,0.0000,69.7815,0.0000,4375.0000,1755.0000,0.0000,25.0000,35.0000,24.0000,9.0000
2.3200,0.6290,0.4930,0.4330,0.2750,0.0000,0.0000,1.1980,1.0000,4.5600,225.5180,2.5240,0.0000,0.0000,0.0000,69.8020,0.0000,4377.0000,1755.0000,0.0000,25.0000,35.0000,24.0000,9.0000
2.4170,0.7060,0.3980,0.3960,0.1720,0.0000,0.0000,1.3130,1.0000,4.5600,225.5180,2.5240,0.0000,0.0000,0.0000,69.8027,0.0000,4377.0000,1755.0000,0.0000,25.0000,36.0000,24.0000,9.0000
2.2180,0.7320,0.4440,0.5550,0.2030,0.0000,0.0000,1.0420,1.0000,4.5600,225.5180,2.5240,0.0000,0.0000,0.0000,69.8028,0.0000,4377.0000,1755.0000,0.0000,25.0000,36.0000,24.0000,9.0000
2.2260,0.5670,0.4540,0.3700,0.2470,0.0000,0.0000,1.2050,1.0000,4.5600,225.5180,2.5240,0.0000,0.0000,0.0000,69.8131,0.0000,4378.0000,1755.0000,0.0000,25.0000,36.0000,24.0000,9.0000
2.3620,0.6390,0.4380,0.3980,0.1890,0.0000,0.0000,1.2850,1.0000,4.5600,225.5180,2.5240,0.0000,0.0000,0.0000,69.8226,0.0000,4379.0000,1755.0000,0.0000,25.0000,35.0000,24.0000,9.0000
3.0520,0.7000,0.3930,0.4430,0.1680,0.0000,0.0000,1.9590,1.0000,4.5600,225.5180,2.5240,0.0000,0.0000,0.0000,69.8227,0.0000,4379.0000,1755.0000,0.0000,25.0000,35.0000,24.0000,9.0000
2.0800,0.5900,0.3530,0.3900,0.1480,0.0000,0.0000,1.1370,1.0000,4.5600,225.5180,2.5240,0.0000,0.0000,0.0000,69.8234,0.0000,4379.0000,1755.0000,0.0000,25.0000,36.0000,24.0000,9.0000
3.0550,0.6770,0.6900,0.3970,0.4860,0.0000,0.0000,1.6880,1.0000,4.5600,225.5180,2.5240,0.0000,0.0000,0.0000,69.8238,0.0000,4380.0000,1755.0000,0.0000,25.0000,36.0000,24.0000,9.0000
2.4230,0.7880,0.4610,0.5320,0.2220,0.0000,0.0000,1.1740,1.0000,4.5600,225.5180,2.5240,0.0000,0.0000,0.0000,69.8354,0.0000,4381.0000,1755.0000,0.0000,25.0000,36.0000,24.0000,8.0000
3.8870,0.6480,1.9520,0.3920,1.6550,0.0000,0.0000,1.2870,1.0000,4.5600,225.5180,2.5240,0.0000,0.0000,0.0000,69.8347,0.0000,4381.0000,1755.0000,0.0000,25.0000,35.0000,24.0000,8.0000
2.6750,0.6180,0.4200,0.3840,0.2070,0.0000,0.0000,1.6370,1.0000,4.5600,225.5180,2.5240,0.0000,0.0000,0.0000,69.8348,0.0000,4381.0000,1755.0000,0.0000,25.0000,35.0000,24.0000,9.0000
2.6520,0.5510,0.4300,0.3670,0.2120,0.0000,0.0000,1.6710,1.0000,4.5600,225.5180,2.5240,0.0000,0.0000,0.0000,69.8550,0.0000,4383.0000,1755.0000,0.0000,25.0000,35.0000,24.0000,9.0000
2.4610,0.7190,0.4510,0.3970,0.1900,0.0000,0.0000,1.2910,1.0000,4.5600,225.5180,2.5240,0.0000,0.0000,0.0000,69.8653,0.0000,4384.0000,1755.0000,0.0000,25.0000,35.0000,24.0000,9.0000
3.0480,0.7070,0.5900,0.3970,0.3220,0.0000,0.0000,1.7510,1.0000,4.5600,225.5180,2.5240,0.0000,0.0000,0.0000,69.8757,0.0000,4385.0000,1755.0000,0.0000,25.0000,35.0000,24.0000,8.0000
2.5720,0.9000,0.4880,0.5490,0.2380,0.0000,0.0000,1.1840,1.0000,4.5600,225.5180,2.5240,0.0000,0.0000,0.0000,69.8752,0.0000,4385.0000,1755.0000,0.0000,25.0000,34.0000,24.0000,8.0000
2.2220,0.6090,0.4010,0.3880,0.1630,0.0000,0.0000,1.2120,1.0000,4.5600,225.5180,2.5240,0.0000,0.0000,0.0000,69.8753,0.0000,4385.0000,1755.0000,0.0000,25.0000,34.0000,24.0000,8.0000
2.0990,0.6750,0.3460,0.3290,0.1480,0.0000,0.0000,1.0780,1.0000,4.5600,225.5180,2.5240,0.0000,0.0000,0.0000,69.8759,0.0000,4385.0000,1755.0000,0.0000,25.0000,35.0000,24.0000,8.0000
2.1510,0.5590,0.3580,0.3540,0.1560,0.0000,0.0000,1.2340,1.0000,4.5600,225.5180,2.5240,0.0000,0.0000,0.0000,69.8759,0.0000,4385.0000,1755.0000,0.0000,25.0000,35.0000,24.0000,8.0000
2.1610,0.5350,0.4480,0.3280,0.2420,0.0000,0.0000,1.1780,1.0000,4.5600,225.5180,2.5240,0.0000,0.0000,0.0000,69.8862,0.0000,4386.0000,1755.0000,0.0000,25.0000,35.0000,24.0000,8.0000
1.9520,0.5670,0.3890,0.3200,0.1910,0.0000,0.0000,0.9960,1.0000,4.5600,225.5180,2.5240,0.0000,0.0000,0.0000,69.8855,0.0000,4386.0000,1755.0000,0.0000,25.0000,34.0000,24.0000,8.0000
2.2360,0.5030,0.4450,0.3240,0.2480,0.0000,0.0000,1.2880,1.0000,4.5600,225.5180,2.5240,0.0000,0.0000,0.0000,69.8958,0.0000,4387.0000,1755.0000,0.0000,25.0000,34.0000,24.0000,8.0000
2.0100,0.6950,0.4260,0.4600,0.1710,0.0000,0.0000,0.8890,1.0000,4.5600,225.5180,2.5240,0.0000,0.0000,0.0000,69.8965,0.0000,4387.0000,1755.0000,0.0000,25.0000,35.0000,24.0000,8.0000
2.2050,0.5830,0.4800,0.4010,0.1790,0.0000,0.0000,1.1420,1.0000,4.5600,225.5180,2.5240,0.0000,0.0000,0.0000,69.8973,0.0000,4387.0000,1755.0000,0.0000,25.0000,36.0000,24.0000,8.0000
2.0020,0.6450,0.4090,0.4040,0.1650,0.0000,0.0000,0.9480,1.0000,4.5600,225.5180,2.5240,0.0000,0.0000,0.0000,69.8973,0.0000,4387.0000,1755.0000,0.0000,25.0000,36.0000,24.0000,8.0000
2.1100,0.5840,0.4130,0.3320,0.1560,0.0000,0.0000,1.1130,1.0000,4.5600,225.5180,2.5240,0.0000,0.0000,0.0000,69.8967,0.0000,4387.0000,1755.0000,0.0000,25.0000,35.0000,24.0000,9.0000
2.1240,0.6680,0.3570,0.4450,0.1570,0.0000,0.0000,1.0990,1.0000,4.5600,225.5180,2.5240,0.0000,0.0000,0.0000,69.8967,0.0000,4387.0000,1755.0000,0.0000,25.0000,35.0000,24.0000,9.0000
2.4190,0.6050,0.4930,0.3730,0.2180,0.0000,0.0000,1.3210,1.0000,4.5600,225.5180,2.5240,0.0000,0.0000,0.0000,69.9077,0.0000,4388.0000,1755.0000,0.0000,25.0000,36.0000,24.0000,9.0000
2.7780,0.6040,0.4780,0.3710,0.2120,0.0000,0.0000,1.6960,1.0000,4.5600,225.5180,2.5240,0.0000,0.0000,0.0000,69.9173,0.0000,4389.0000,1755.0000,0.0000,25.0000,35.0000,24.0000,9.0000
2.3970,0.6290,0.4880,0.4030,0.2350,0.0000,0.0000,1.2800,1.0000,4.5600,225.5180,2.5240,0.0000,0.0000,0.0000,69.9173,0.0000,4389.0000,1755.0000,0.0000,25.0000,35.0000,24.0000,9.0000
2.1340,0.6260,0.3630,0.4330,0.1530,0.0000,0.0000,1.1450,1.0000,4.5600,225.5180,2.5240,0.0000,0.0000,0.0000,69.9167,0.0000,4389.0000,1755.0000,0.0000,25.0000,34.0000,24.0000,9.0000
1.8890,0.6980,0.3480,0.4980,0.1520,0.0000,0.0000,0.8430,1.0000,4.5600,225.5180,2.5240,0.0000,0.0000,0.0000,69.9167,0.0000,4389.0000,1755.0000,0.0000,25.0000,34.0000,24.0000,9.0000
2.0830,0.5570,0.3510,0.3780,0.1510,0.0000,0.0000,1.1750,1.0000,4.5600,225.5180,2.5240,0.0000,0.0000,0.0000,69.9174,0.0000,4389.0000,1755.0000,0.0000,25.0000,35.0000,24.0000,9.0000
2.1310,0.6420,0.4250,0.4460,0.1800,0.0000,0.0000,1.0640,1.0000,4.5600,225.5180,2.5240,0.0000,0.0000,0.0000,69.9167,0.0000,4389.0000,1755.0000,0.0000,25.0000,34.0000,24.0000,10.0000
2.2420,0.5800,0.5270,0.3290,0.2040,0.0000,0.0000,1.1350,1.0000,4.5600,225.5180,2.5240,0.0000,0.0000,0.0000,69.9167,0.0000,4389.0000,1755.0000,0.0000,25.0000,34.0000,24.0000,9.0000
2.0610,0.5330,0.4120,0.3270,0.2100,0.0000,0.0000,1.1160,1.0000,4.5600,225.5180,2.5240,0.0000,0.0000,0.0000,69.9263,0.0000,4390.0000,1755.0000,0.0000,25.0000,33.0000,24.0000,9.0000
2.1320,0.5660,0.4050,0.3400,0.2130,0.0000,0.0000,1.1610,1.0000,4.5600,225.5180,2.5240,0.0000,0.0000,0.0000,69.9459,0.0000,4392.0000,1755.0000,0.0000,25.0000,32.0000,24.0000,9.0000
2.1690,0.6210,0.4530,0.3390,0.2480,0.0000,0.0000,1.0950,1.0000,4.5600,225.5180,2.5240,0.0000,0.0000,0.0000,69.9666,0.0000,4394.0000,1755.0000,0.0000,25.0000,33.0000,24.0000,9.0000
2.1310,0.6600,0.4970,0.3910,0.2340,0.0000,0.0000,0.9740,1.0000,4.5600,225.5180,2.5240,0.0000,0.0000,0.0000,69.7098,0.0000,4369.0000,1755.0000,0.0000,25.0000,32.0000,24.0000,9.0000
2.4230,0.5750,0.4210,0.3830,0.1890,0.0000,0.0000,1.4270,1.0000,4.5600,225.5180,2.5240,0.0000,0.0000,0.0000,69.7216,0.0000,4370.0000,1755.0000,0.0000,25.0000,34.0000,24.0000,9.0000
2.5620,0.6470,0.3430,0.3430,0.1460,0.0000,0.0000,1.5720,1.0000,4.5600,225.5180,2.5240,0.0000,0.0000,0.0000,69.7209,0.0000,4370.0000,1755.0000,0.0000,25.0000,33.0000,24.0000,9.0000
2.0950,0.7180,0.4240,0.5020,0.1680,0.0000,0.0000,0.9530,1.0000,4.5600,225.5180,2.5240,0.0000,0.0000,0.0000,69.7209,0.0000,4370.0000,1755.0000,0.0000,25.0000,33.0000,24.0000,8.0000
2.1320,0.6500,0.3930,0.4580,0.1650,0.0000,0.0000,1.0890,1.0000,4.5600,225.5180,2.5240,0.0000,0.0000,0.0000,69.7209,0.0000,4370.0000,1755.0000,0.0000,25.0000,33.0000,24.0000,8.0000
2.2680,0.5880,0.3760,0.3650,0.1600,0.0000,0.0000,1.3040,1.0000,4.5600,225.5180,2.5240,0.0000,0.0000,0.0000,69.7209,0.0000,4370.0000,1755.0000,0.0000,25.0000,33.0000,24.0000,8.0000
2.8610,0.6140,0.7230,0.3280,0.4020,0.0000,0.0000,1.5240,1.0000,4.5600,225.5180,2.5240,0.0000,0.0000,0.0000,69.7412,0.0000,4372.0000,1755.0000,0.0000,25.0000,33.0000,24.0000,8.0000
1.9540,0.6580,0.3610,0.3310,0.1560,0.0000,0.0000,0.9350,1.0000,4.5600,225.5180,2.5240,0.0000,0.0000,0.0000,69.7405,0.0000,4372.0000,1755.0000,0.0000,25.0000,32.0000,24.0000,8.0000
2.1020,0.5060,0.3870,0.3280,0.1940,0.0000,0.0000,1.2090,1.0000,4.5600,225.5180,2.5240,0.0000,0.0000,0.0000,69.7610,0.0000,4374.0000,1755.0000,0.0000,25.0000,32.0000,24.0000,8.0000
1.9020,0.6230,0.3490,0.3160,0.1500,0.0000,0.0000,0.9300,1.0000,4.5600,225.5180,2.5240,0.0000,0.0000,0.0000,69.7611,0.0000,4374.0000,1755.0000,0.0000,25.0000,32.0000,24.0000,8.0000
1.8380,0.4950,0.3440,0.3180,0.1500,0.0000,0.0000,0.9990,1.0000,4.5600,225.5180,2.5240,0.0000,0.0000,0.0000,69.7612,0.0000,4374.0000,1755.0000,0.0000,25.0000,32.0000,24.0000,8.0000
2.0580,0.5500,0.3850,0.3250,0.1580,0.0000,0.0000,1.1230,1.0000,4.5600,225.5180,2.5240,0.0000,0.0000,0.0000,69.7612,0.0000,4374.0000,1755.0000,0.0000,25.0000,32.0000,24.0000,7.0000
2.1910,0.5580,0.3810,0.3840,0.1860,0.0000,0.0000,1.2520,1.0000,4.5600,225.5180,2.5240,0.0000,0.0000,0.0000,69.7708,0.0000,4375.0000,1755.0000,0.0000,25.0000,31.0000,24.0000,7.0000
2.0340,0.6000,0.3320,0.3200,0.1430,0.0000,0.0000,1.1020,1.0000,4.5600,225.5180,2.5240,0.0000,0.0000,0.0000,69.7708,0.0000,4375.0000,1755.0000,0.0000,25.0000,31.0000,24.0000,7.0000
1.9670,0.5080,0.3440,0.3190,0.1480,0.0000,0.0000,1.1150,1.0000,4.5600,225.5180,2.5240,0.0000,0.0000,0.0000,69.7715,0.0000,4375.0000,1755.0000,0.0000,25.0000,32.0000,24.0000,7.0000
1.9010,0.4990,0.3330,0.3120,0.1450,0.0000,0.0000,1.0690,1.0000,4.5600,225.5180,2.5240,0.0000,0.0000,0.0000,69.7715,0.0000,4375.0000,1755.0000,0.0000,25.0000,32.0000,24.0000,7.0000
2.0610,0.4990,0.3550,0.3210,0.1550,0.0000,0.0000,1.2070,1.0000,4.5600,225.5180,2.5240,0.0000,0.0000,0.0000,69.7722,0.0000,4375.0000,1755.0000,0.0000,25.0000,33.0000,24.0000,7.0000
2.3220,0.5450,0.4360,0.3170,0.2040,0.0000,0.0000,1.3410,1.0000,4.5600,225.5180,2.5240,0.0000,0.0000,0.0000,69.7917,0.0000,4377.0000,1755.0000,0.0000,25.0000,32.0000,24.0000,7.0000
2.0900,0.7420,0.4500,0.3780,0.2160,0.0000,0.0000,0.8980,1.0000,4.5600,225.5180,2.5240,0.0000,0.0000,0.0000,69.7910,0.0000,4377.0000,1755.0000,0.0000,25.0000,31.0000,24.0000,6.0000
2.1210,0.5170,0.4430,0.3380,0.2410,0.0000,0.0000,1.1610,1.0000,4.5600,225.5180,2.5240,0.0000,0.0000,0.0000,69.7918,0.0000,4377.0000,1755.0000,0.0000,25.0000,32.0000,24.0000,6.0000
2.1790,0.6350,0.4620,0.4490,0.1880,0.0000,0.0000,1.0820,1.0000,4.5600,225.5180,2.5240,0.0000,0.0000,0.0000,69.8021,0.0000,4378.0000,1755.0000,0.0000,25.0000,32.0000,24.0000,6.0000
2.0210,0.6760,0.3720,0.4380,0.1780,0.0000,0.0000,0.9730,1.0000,4.5600,225.5180,2.5240,0.0000,0.0000,0.0000,69.8124,0.0000,4379.0000,1755.0000,0.0000,25.0000,32.0000,24.0000,6.0000
2.6040,0.6070,0.5690,0.3680,0.3810,0.0000,0.0000,1.4280,1.0000,4.5600,225.5180,2.5240,0.0000,0.0000,0.0000,69.8220,0.0000,4380.0000,1755.0000,0.0000,25.0000,31.0000,24.0000,6.0000
2.3240,0.7340,0.4700,0.3500,0.2320,0.0000,0.0000,1.1200,1.0000,4.5600,225.5180,2.5240,0.0000,0.0000,0.0000,69.8223,0.0000,4380.0000,1755.0000,0.0000,25.0000,31.0000,24.0000,8.0000
2.0860,0.7060,0.4570,0.5100,0.1760,0.0000,0.0000,0.9230,1.0000,4.5600,225.5180,2.5240,0.0000,0.0000,0.0000,69.8230,0.0000,4380.0000,1755.0000,0.0000,25.0000,32.0000,24.0000,8.0000
2.1040,0.5700,0.3890,0.3850,0.1680,0.0000,0.0000,1.1450,1.0000,4.5600,225.5180,2.5240,0.0000,0.0000,0.0000,69.8230,0.0000,4380.0000,1755.0000,0.0000,25.0000,32.0000,24.0000,8.0000
2.0490,0.5630,0.3770,0.3360,0.1650,0.0000,0.0000,1.1090,1.0000,4.5600,225.5180,2.5240,0.0000,0.0000,0.0000,69.8230,0.0000,4380.0000,1755.0000,0.0000,25.0000,32.0000,24.0000,8.0000
2.1240,0.5650,0.3670,0.3310,0.1630,0.0000,0.0000,1.1920,1.0000,4.5600,225.5180,2.5240,0.0000,0.0000,0.0000,69.8223,0.0000,4380.0000,1755.0000,0.0000,25.0000,31.0000,24.0000,8.0000
2.0130,0.5670,0.3830,0.3300,0.1630,0.0000,0.0000,1.0630,1.0000,4.5600,225.5180,2.5240,0.0000,0.0000,0.0000,69.8216,0.0000,4380.0000,1755.0000,0.0000,25.0000,30.0000,24.0000,8.0000
2.0100,0.5050,0.3600,0.3240,0.1570,0.0000,0.0000,1.1450,1.0000,4.5600,225.5180,2.5240,0.0000,0.0000,0.0000,69.8223,0.0000,4380.0000,1755.0000,0.0000,25.0000,31.0000,24.0000,8.0000
1.9330,0.5120,0.3610,0.3260,0.1570,0.0000,0.0000,1.0600,1.0000,4.5600,225.5180,2.5240,0.0000,0.0000,0.0000,69.8223,0.0000,4380.0000,1755.0000,0.0000,25.0000,31.0000,24.0000,8.0000
2.0620,0.5040,0.3900,0.3220,0.1920,0.0000,0.0000,1.1680,1.0000,4.5600,225.5180,2.5240,0.0000,0.0000,0.0000,69.8326,0.0000,4381.0000,1755.0000,0.0000,25.0000,31.0000,24.0000,8.0000
2.0870,0.5400,0.3630,0.3190,0.1580,0.0000,0.0000,1.1840,1.0000,4.5600,225.5180,2.5240,0.0000,0.0000,0.0000,69.8319,0.0000,4381.0000,1755.0000,0.0000,25.0000,30.0000,24.0000,8.0000
2.4320,0.5680,0.5040,0.3850,0.2830,0.0000,0.0000,1.3600,1.0000,4.5600,225.5180,2.5240,0.0000,0.0000,0.0000,69.8320,0.0000,4381.0000,1755.0000,0.0000,25.0000,30.0000,24.0000,8.0000
2.0840,0.6100,0.4160,0.4100,0.1660,0.0000,0.0000,1.0580,1.0000,4.5600,225.5180,2.5240,0.0000,0.0000,0.0000,69.8327,0.0000,4381.0000,1755.0000,0.0000,25.0000,31.0000,24.0000,8.0000
2.3510,0.5910,0.4570,0.3920,0.2180,0.0000,0.0000,1.3030,1.0000,4.5600,225.5180,2.5240,0.0000,0.0000,0.0000,69.8638,0.0000,4384.0000,1755.0000,0.0000,25.0000,32.0000,24.0000,8.0000
1.9780,0.7400,0.3680,0.3740,0.1580,0.0000,0.0000,0.8700,1.0000,4.5600,225.5180,2.5240,0.0000,0.0000,0.0000,69.8638,0.0000,4384.0000,1755.0000,0.0000,25.0000,32.0000,24.0000,8.0000
2.0900,0.5210,0.3910,0.3270,0.1920,0.0000,0.0000,1.1780,1.0000,4.5600,225.5180,2.5240,0.0000,0.0000,0.0000,69.8736,0.0000,4385.0000,1755.0000,0.0000,25.0000,31.0000,24.0000,8.0000
2.3740,0.5990,0.3520,0.3240,0.1650,0.0000,0.0000,1.4230,1.0000,4.5600,225.5180,2.5240,0.0000,0.0000,0.0000,69.8743,0.0000,4385.0000,1755.0000,0.0000,25.0000,32.0000,24.0000,8.0000
2.3850,0.7120,0.5450,0.3360,0.2900,0.0000,0.0000,1.1280,1.0000,4.5600,225.5180,2.5240,0.0000,0.0000,0.0000,69.8750,0.0000,4385.0000,1755.0000,0.0000,25.0000,33.0000,24.0000,7.0000
2.2430,0.6110,0.4280,0.4120,0.2040,0.0000,0.0000,1.2040,1.0000,4.5600,225.5180,2.5240,0.0000,0.0000,0.0000,69.8954,0.0000,4387.0000,1755.0000,0.0000,25.0000,33.0000,24.0000,7.0000
2.2500,0.6630,0.4150,0.3390,0.2010,0.0000,0.0000,1.1720,1.0000,4.5600,225.5180,2.5240,0.0000,0.0000,0.0000,69.9072,0.0000,4388.0000,1755.0000,0.0000,25.0000,33.0000,24.0000,7.0000
2.2440,0.6340,0.4360,0.3860,0.2110,0.0000,0.0000,1.1740,1.0000,4.5600,225.5180,2.5240,0.0000,0.0000,0.0000,69.9066,0.0000,4388.0000,1755.0000,0.0000,25.0000,32.0000,24.0000,7.0000
2.5130,0.6770,0.4580,0.4280,0.1990,0.0000,0.0000,1.3780,1.0000,4.5600,225.5180,2.5240,0.0000,0.0000,0.0000,69.7203,0.0000,4370.0000,1755.0000,0.0000,25.0000,32.0000,24.0000,7.0000
3.2770,0.6280,0.6670,0.3210,0.3820,0.0000,0.0000,1.9820,1.0000,4.5600,225.5180,2.5240,0.0000,0.0000,0.0000,69.7311,0.0000,4371.0000,1755.0000,0.0000,25.0000,33.0000,24.0000,7.0000
2.3610,1.0480,0.5110,0.6620,0.2410,0.0000,0.0000,0.8020,1.0000,4.5600,225.5180,2.5240,0.0000,0.0000,0.0000,69.7311,0.0000,4371.0000,1755.0000,0.0000,25.0000,33.0000,24.0000,9.0000
2.1810,0.7560,0.3880,0.5050,0.1620,0.0000,0.0000,1.0370,1.0000,4.5600,225.5180,2.5240,0.0000,0.0000,0.0000,69.7311,0.0000,4371.0000,1755.0000,0.0000,25.0000,33.0000,24.0000,9.0000
2.3440,0.5850,0.4670,0.3270,0.2520,0.0000,0.0000,1.2920,1.0000,4.5600,225.5180,2.5240,0.0000,0.0000,0.0000,69.7428,0.0000,4372.0000,1755.0000,0.0000,25.0000,32.0000,24.0000,9.0000
2.1020,0.7180,0.4970,0.4270,0.2340,0.0000,0.0000,0.8870,1.0000,4.5600,225.5180,2.5240,0.0000,0.0000,0.0000,69.7428,0.0000,4372.0000,1755.0000,0.0000,25.0000,32.0000,24.0000,9.0000
1.9890,0.5220,0.4050,0.3390,0.1990,0.0000,0.0000,1.0620,1.0000,4.5600,225.5180,2.5240,0.0000,0.0000,0.0000,69.7429,0.0000,4372.0000,1755.0000,0.0000,25.0000,32.0000,24.0000,9.0000
1.8690,0.5140,0.3850,0.3340,0.1870,0.0000,0.0000,0.9700,1.0000,4.5600,225.5180,2.5240,0.0000,0.0000,0.0000,69.7429,0.0000,4372.0000,1755.0000,0.0000,25.0000,32.0000,24.0000,9.0000
1.9630,0.5000,0.3840,0.3320,0.1930,0.0000,0.0000,1.0790,1.0000,4.5600,225.5180,2.5240,0.0000,0.0000,0.0000,69.7429,0.0000,4372.0000,1755.0000,0.0000,25.0000,32.0000,24.0000,9.0000
2.0490,0.5250,0.4040,0.3410,0.2140,0.0000,0.0000,1.1200,1.0000,4.5600,225.5180,2.5240,0.0000,0.0000,0.0000,69.7625,0.0000,4374.0000,1755.0000,0.0000,25.0000,31.0000,24.0000,9.0000
2.7000,0.5940,0.5660,0.3380,0.3730,0.0000,0.0000,1.5400,1.0000,4.5600,225.5180,2.5240,0.0000,0.0000,0.0000,69.7728,0.0000,4375.0000,1755.0000,0.0000,25.0000,31.0000,24.0000,9.0000
2.1390,0.8870,0.4080,0.5840,0.1880,0.0000,0.0000,0.8440,1.0000,4.5600,225.5180,2.5240,0.0000,0.0000,0.0000,69.7839,0.0000,4376.0000,1755.0000,0.0000,25.0000,32.0000,24.0000,9.0000
2.1090,0.5720,0.4460,0.3190,0.1940,0.0000,0.0000,1.0910,1.0000,4.5600,225.5180,2.5240,0.0000,0.0000,0.0000,69.7839,0.0000,4376.0000,1755.0000,0.0000,25.0000,32.0000,24.0000,9.0000
2.0460,0.5520,0.3880,0.3480,0.1990,0.0000,0.0000,1.1060,1.0000,4.5600,225.5180,2.5240,0.0000,0.0000,0.0000,69.7943,0.0000,4377.0000,1755.0000,0.0000,25.0000,32.0000,24.0000,9.0000
1.8070,0.5410,0.3510,0.3250,0.1620,0.0000,0.0000,0.9150,1.0000,4.5600,225.5180,2.5240,0.0000,0.0000,0.0000,69.7937,0.0000,4377.0000,1755.0000,0.0000,25.0000,31.0000,24.0000,9.0000
2.1190,0.4800,0.3680,0.3090,0.1820,0.0000,0.0000,1.2710,1.0000,4.5600,225.5180,2.5240,0.0000,0.0000,0.0000,69.8040,0.0000,4378.0000,1755.0000,0.0000,25.0000,31.0000,24.0000,9.0000
1.9330,0.5820,0.3630,0.3190,0.1640,0.0000,0.0000,0.9880,1.0000,4.5600,225.5180,2.5240,0.0000,0.0000,0.0000,69.8040,0.0000,4378.0000,1755.0000,0.0000,25.0000,31.0000,24.0000,9.0000
1.8230,0.4940,0.3320,0.3140,0.1460,0.0000,0.0000,0.9970,1.0000,4.5600,225.5180,2.5240,0.0000,0.0000,0.0000,69.8041,0.0000,4378.0000,1755.0000,0.0000,25.0000,31.0000,24.0000,9.0000
2.2960,0.4880,0.5030,0.3140,0.2630,0.0000,0.0000,1.3050,1.0000,4.5600,225.5180,2.5240,0.0000,0.0000,0.0000,69.8048,0.0000,4378.0000,1755.0000,0.0000,25.0000,32.0000,24.0000,9.0000
2.1250,0.5560,0.3720,0.3340,0.1660,0.0000,0.0000,1.1970,1.0000,4.5600,225.5180,2.5240,0.0000,0.0000,0.0000,69.8048,0.0000,4378.0000,1755.0000,0.0000,25.0000,32.0000,24.0000,8.0000
2.2120,0.5950,0.4540,0.4020,0.2340,0.0000,0.0000,1.1630,1.0000,4.5600,225.5180,2.5240,0.0000,0.0000,0.0000,69.8150,0.0000,4379.0000,1755.0000,0.0000,25.0000,32.0000,24.0000,8.0000
1.9480,0.5600,0.4170,0.3450,0.1590,0.0000,0.0000,0.9710,1.0000,4.5600,225.5180,2.5240,0.0000,0.0000,0.0000,69.8150,0.0000,4379.0000,1755.0000,0.0000,25.0000,32.0000,24.0000,8.0000
1.8680,0.5670,0.3770,0.3890,0.1830,0.0000,0.0000,0.9240,1.0000,4.5600,225.5180,2.5240,0.0000,0.0000,0.0000,69.8151,0.0000,4379.0000,1755.0000,0.0000,25.0000,32.0000,24.0000,8.0000
2.0250,0.5080,0.4390,0.3340,0.2380,0.0000,0.0000,1.0780,1.0000,4.5600,225.5180,2.5240,0.0000,0.0000,0.0000,69.8353,0.0000,4381.0000,1755.0000,0.0000,25.0000,32.0000,24.0000,8.0000
1.9180,0.5800,0.4250,0.3280,0.2260,0.0000,0.0000,0.9130,1.0000,4.5600,225.5180,2.5240,0.0000,0.0000,0.0000,69.8456,0.0000,4382.0000,1755.0000,0.0000,25.0000,32.0000,24.0000,8.0000
1.9660,0.5400,0.3790,0.3270,0.1810,0.0000,0.0000,1.0470,1.0000,4.5600,225.5180,2.5240,0.0000,0.0000,0.0000,69.8567,0.0000,4383.0000,1755.0000,0.0000,25.0000,33.0000,24.0000,8.0000
2.2880,0.5340,0.3510,0.3210,0.1620,0.0000,0.0000,1.4030,1.0000,4.5600,225.5180,2.5240,0.0000,0.0000,0.0000,69.8568,0.0000,4383.0000,1755.0000,0.0000,25.0000,33.0000,24.0000,8.0000
2.0890,0.8460,0.3960,0.4660,0.1540,0.0000,0.0000,0.8470,1.0000,4.5600,225.5180,2.5240,0.0000,0.0000,0.0000,69.8569,0.0000,4383.0000,1755.0000,0.0000,25.0000,33.0000,24.0000,8.0000
2.1260,0.6590,0.4250,0.4440,0.1660,0.0000,0.0000,1.0420,1.0000,4.5600,225.5180,2.5240,0.0000,0.0000,0.0000,69.8570,0.0000,4383.0000,1755.0000,0.0000,25.0000,33.0000,24.0000,9.0000
2.1230,0.6520,0.3930,0.4580,0.1900,0.0000,0.0000,1.0780,1.0000,4.5600,225.5180,2.5240,0.0000,0.0000,0.0000,69.8680,0.0000,4384.0000,1755.0000,0.0000,25.0000,34.0000,24.0000,9.0000
1.9190,0.6890,0.3470,0.3660,0.1520,0.0000,0.0000,0.8830,1.0000,4.5600,225.5180,2.5240,0.0000,0.0000,0.0000,69.8680,0.0000,4384.0000,1755.0000,0.0000,25.0000,34.0000,24.0000,9.0000
2.1840,0.5360,0.4000,0.3150,0.1910,0.0000,0.0000,1.2480,1.0000,4.5600,225.5180,2.5240,0.0000,0.0000,0.0000,69.8790,0.0000,4385.0000,1755.0000,0.0000,25.0000,35.0000,24.0000,9.0000
2.1330,0.6330,0.3510,0.3150,0.1520,0.0000,0.0000,1.1490,1.0000,4.5600,225.5180,2.5240,0.0000,0.0000,0.0000,69.8790,0.0000,4385.0000,1755.0000,0.0000,25.0000,35.0000,24.0000,9.0000
1.9700,0.5930,0.3660,0.3460,0.1640,0.0000,0.0000,1.0110,1.0000,4.5600,225.5180,2.5240,0.0000,0.0000,0.0000,69.8791,0.0000,4385.0000,1755.0000,0.0000,25.0000,35.0000,24.0000,8.0000
2.3460,0.5410,0.4960,0.3170,0.2830,0.0000,0.0000,1.3090,1.0000,4.5600,225.5180,2.5240,0.0000,0.0000,0.0000,69.8894,0.0000,4386.0000,1755.0000,0.0000,25.0000,35.0000,24.0000,8.0000
1.9720,0.7500,0.4430,0.4210,0.2250,0.0000,0.0000,0.7790,1.0000,4.5600,225.5180,2.5240,0.0000,0.0000,0.0000,69.8901,0.0000,4386.0000,1755.0000,0.0000,25.0000,36.0000,24.0000,8.0000
2.0250,0.5740,0.4030,0.3960,0.1980,0.0000,0.0000,1.0480,1.0000,4.5600,225.5180,2.5240,0.0000,0.0000,0.0000,69.8901,0.0000,4386.0000,1755.0000,0.0000,25.0000,36.0000,24.0000,8.0000
1.9930,0.6740,0.4440,0.5000,0.2410,0.0000,0.0000,0.8750,1.0000,4.5600,225.5180,2.5240,0.0000,0.0000,0.0000,69.8901,0.0000,4386.0000,1755.0000,0.0000,25.0000,36.0000,24.0000,8.0000
1.9760,0.5670,0.4350,0.3880,0.2280,0.0000,0.0000,0.9740,1.0000,4.5600,225.5180,2.5240,0.0000,0.0000,0.0000,69.9004,0.0000,4387.0000,1755.0000,0.0000,25.0000,36.0000,24.0000,8.0000
2.4650,0.5970,0.5050,0.3810,0.2120,0.0000,0.0000,1.3630,1.0000,4.5600,225.5180,2.5240,0.0000,0.0000,0.0000,69.9060,0.0000,4388.0000,1755.0000,0.0000,25.0000,36.0000,24.0000,8.0000
2.3490,0.7640,0.3660,0.5220,0.1550,0.0000,0.0000,1.2190,1.0000,4.5600,225.5180,2.5240,0.0000,0.0000,0.0000,69.9033,0.0000,4388.0000,1755.0000,0.0000,25.0000,36.0000,24.0000,11.0000
3.1940,0.8000,1.0340,0.5650,0.4700,0.0000,0.0000,1.3600,1.0000,4.5600,225.5180,2.5240,0.0000,0.0000,0.0000,69.9800,0.0000,4406.0000,1755.0000,0.0000,25.0000,36.0000,24.0000,11.0000
2.9330,0.8500,0.6550,0.3510,0.2610,0.0000,0.0000,1.4280,1.0000,4.5600,225.5180,2.5240,0.0000,0.0000,0.0000,69.9917,0.0000,4407.0000,1755.0000,0.0000,25.0000,36.0000,24.0000,11.0000
2.6710,0.7850,0.5290,0.4220,0.2870,0.0000,0.0000,1.3570,1.0000,4.5600,225.5180,2.5240,0.0000,0.0000,0.0000,70.0024,0.0000,4408.0000,1755.0000,0.0000,25.0000,36.0000,24.0000,11.0000
2.4140,0.7730,0.5850,0.3840,0.2560,0.0000,0.0000,1.0560,1.0000,4.5600,225.5180,2.5240,0.0000,0.0000,0.0000,69.7963,0.0000,4388.0000,1755.0000,0.0000,25.0000,36.0000,24.0000,11.0000
2.5820,0.5390,0.4510,0.3290,0.2440,0.0000,0.0000,1.5920,1.0000,4.5600,225.5180,2.5240,0.0000,0.0000,0.0000,69.7972,0.0000,4388.0000,1755.0000,0.0000,25.0000,37.0000,24.0000,11.0000
2.5530,1.0200,0.3770,0.8230,0.1840,0.0000,0.0000,1.1560,1.0000,4.5600,225.5180,2.5240,0.0000,0.0000,0.0000,69.8075,0.0000,4389.0000,1755.0000,0.0000,25.0000,37.0000,24.0000,10.0000
1.9150,1.0640,0.3560,0.8250,0.1410,0.0000,0.0000,0.4950,1.0000,4.5600,225.5180,2.5240,0.0000,0.0000,0.0000,69.8082,0.0000,4389.0000,1755.0000,0.0000,25.0000,38.0000,24.0000,10.0000
2.7310,0.5850,0.5890,0.3710,0.2300,0.0000,0.0000,1.5570,1.0000,4.5600,225.5180,2.5240,0.0000,0.0000,0.0000,69.8082,0.0000,4389.0000,1755.0000,0.0000,25.0000,38.0000,24.0000,10.0000
2.4970,0.6850,0.4610,0.4060,0.2160,0.0000,0.0000,1.3510,1.0000,4.5600,225.5180,2.5240,0.0000,0.0000,0.0000,69.8387,0.0000,4392.0000,1755.0000,0.0000,25.0000,38.0000,24.0000,10.0000
2.5760,0.7640,0.5140,0.3780,0.1780,0.0000,0.0000,1.2980,1.0000,4.5600,225.5180,2.5240,0.0000,0.0000,0.0000,69.8387,0.0000,4392.0000,1755.0000,0.0000,25.0000,38.0000,24.0000,10.0000
2.5520,0.5910,0.5000,0.3340,0.2730,0.0000,0.0000,1.4610,1.0000,4.5600,225.5180,2.5240,0.0000,0.0000,0.0000,69.8591,0.0000,4394.0000,1755.0000,0.0000,25.0000,38.0000,24.0000,10.0000
6.0160,0.7710,0.3500,0.4750,0.1530,0.0000,0.0000,4.8950,1.0000,4.5600,225.5180,2.5240,0.0000,0.0000,0.0000,69.8591,0.0000,4394.0000,1755.0000,0.0000,25.0000,38.0000,24.0000,9.0000
3.1280,0.5860,0.6410,0.3380,0.3430,0.0000,0.0000,1.9010,1.0000,4.5600,225.5180,2.5240,0.0000,0.0000,0.0000,69.8897,0.0000,4397.0000,1755.0000,0.0000,25.0000,38.0000,24.0000,8.0000
2.3360,0.8310,0.3640,0.3580,0.1580,0.0000,0.0000,1.1410,1.0000,4.5600,225.5180,2.5240,0.0000,0.0000,0.0000,69.8904,0.0000,4397.0000,1755.0000,0.0000,25.0000,39.0000,24.0000,8.0000
2.6080,0.6000,0.4280,0.3330,0.2050,0.0000,0.0000,1.5800,1.0000,4.5600,225.5180,2.5240,0.0000,0.0000,0.0000,69.8898,0.0000,4397.0000,1755.0000,0.0000,25.0000,38.0000,24.0000,8.0000
2.1430,0.8560,0.3930,0.4900,0.1680,0.0000,0.0000,0.8940,1.0000,4.5600,225.5180,2.5240,0.0000,0.0000,0.0000,69.8905,0.0000,4397.0000,1755.0000,0.0000,25.0000,39.0000,24.0000,8.0000
2.8260,0.5790,0.4450,0.3240,0.2340,0.0000,0.0000,1.8020,1.0000,4.5600,225.5180,2.5240,0.0000,0.0000,0.0000,69.9203,0.0000,4400.0000,1755.0000,0.0000,25.0000,38.0000,24.0000,8.0000
1.9420,0.9360,0.3900,0.6180,0.1640,0.0000,0.0000,0.6160,1.0000,4.5600,225.5180,2.5240,0.0000,0.0000,0.0000,69.9210,0.0000,4400.0000,1755.0000,0.0000,25.0000,39.0000,24.0000,8.0000
2.7070,0.4990,0.5160,0.2750,0.2320,0.0000,0.0000,1.6920,1.0000,4.5600,225.5180,2.5240,0.0000,0.0000,0.0000,69.9205,0.0000,4400.0000,1755.0000,0.0000,25.0000,38.0000,24.0000,8.0000
3.0100,0.6440,0.5320,0.3990,0.2250,0.0000,0.0000,1.8340,1.0000,4.5600,225.5180,2.5240,0.0000,0.0000,0.0000,69.9212,0.0000,4400.0000,1755.0000,0.0000,25.0000,39.0000,24.0000,8.0000
3.1220,0.9770,0.6180,0.6150,0.2430,0.0000,0.0000,1.5270,1.0000,4.5600,225.5180,2.5240,0.0000,0.0000,0.0000,69.9213,0.0000,4400.0000,1755.0000,0.0000,25.0000,39.0000,24.0000,9.0000
2.7410,0.8660,0.5170,0.5870,0.2390,0.0000,0.0000,1.3580,1.0000,4.5600,225.5180,2.5240,0.0000,0.0000,0.0000,69.9152,0.0000,4388.0000,1755.0000,0.0000,25.0000,40.0000,24.0000,9.0000
2.8350,0.7750,0.5480,0.4540,0.2350,0.0000,0.0000,1.5120,1.0000,4.5600,225.5180,2.5240,0.0000,0.0000,0.0000,69.9131,0.0000,4388.0000,1755.0000,0.0000,25.0000,37.0000,24.0000,9.0000
2.9270,0.7730,0.5660,0.4520,0.2910,0.0000,0.0000,1.5880,1.0000,4.5600,225.5180,2.5240,0.0000,0.0000,0.0000,69.9138,0.0000,4388.0000,1755.0000,0.0000,25.0000,38.0000,24.0000,9.0000
2.8730,0.7870,0.5730,0.5010,0.2930,0.0000,0.0000,1.5130,1.0000,4.5600,225.5180,2.5240,0.0000,0.0000,0.0000,69.9131,0.0000,4388.0000,1755.0000,0.0000,25.0000,37.0000,24.0000,9.0000
2.9590,0.7920,0.5430,0.5120,0.2880,0.0000,0.0000,1.6240,1.0000,4.5600,225.5180,2.5240,0.0000,0.0000,0.0000,69.9240,0.0000,4389.0000,1755.0000,0.0000,25.0000,38.0000,24.0000,9.0000
3.1160,0.9400,0.5560,0.5980,0.2840,0.0000,0.0000,1.6200,1.0000,4.5600,225.5180,2.5240,0.0000,0.0000,0.0000,69.9336,0.0000,4390.0000,1755.0000,0.0000,25.0000,37.0000,24.0000,9.0000
3.3000,0.8400,0.5720,0.5140,0.2900,0.0000,0.0000,1.8880,1.0000,4.5600,225.5180,2.5240,0.0000,0.0000,0.0000,69.9324,0.0000,4389.0000,1755.0000,0.0000,25.0000,37.0000,24.0000,9.0000
2.9900,0.8620,0.7060,0.5660,0.3030,0.0000,0.0000,1.4220,1.0000,4.5600,225.5180,2.5240,0.0000,0.0000,0.0000,69.9523,0.0000,4391.0000,1755.0000,0.0000,25.0000,36.0000,24.0000,9.0000
2.8350,0.8580,0.5500,0.4950,0.2280,0.0000,0.0000,1.4270,1.0000,4.5600,225.5180,2.5240,0.0000,0.0000,0.0000,69.9530,0.0000,4391.0000,1755.0000,0.0000,25.0000,37.0000,24.0000,9.0000
2.6580,0.8180,0.5300,0.5070,0.2890,0.0000,0.0000,1.3100,1.0000,4.5600,225.5180,2.5240,0.0000,0.0000,0.0000,69.9524,0.0000,4391.0000,1755.0000,0.0000,25.0000,36.0000,24.0000,9.0000
3.0360,0.7480,0.5700,0.4970,0.3240,0.0000,0.0000,1.7180,1.0000,4.5600,225.5180,2.5240,0.0000,0.0000,0.0000,69.9531,0.0000,4391.0000,1755.0000,0.0000,25.0000,37.0000,24.0000,9.0000
3.0490,0.8240,0.5670,0.5470,0.2820,0.0000,0.0000,1.6580,1.0000,4.5600,225.5180,2.5240,0.0000,0.0000,0.0000,69.9524,0.0000,4391.0000,1755.0000,0.0000,25.0000,36.0000,24.0000,9.0000
2.7570,0.8060,0.4740,0.5400,0.2160,0.0000,0.0000,1.4770,1.0000,4.5600,225.5180,2.5240,0.0000,0.0000,0.0000,69.9531,0.0000,4391.0000,1755.0000,0.0000,25.0000,37.0000,24.0000,9.0000
2.8920,0.8440,0.5270,0.5840,0.2560,0.0000,0.0000,1.5210,1.0000,4.5600,225.5180,2.5240,0.0000,0.0000,0.0000,69.9626,0.0000,4392.0000,1755.0000,0.0000,25.0000,36.0000,24.0000,9.0000
2.7380,0.8600,0.5430,0.5340,0.2240,0.0000,0.0000,1.3350,1.0000,4.5600,225.5180,2.5240,0.0000,0.0000,0.0000,69.9633,0.0000,4392.0000,1755.0000,0.0000,25.0000,37.0000,24.0000,9.0000
3.0110,0.7560,0.6250,0.4750,0.2860,0.0000,0.0000,1.6300,1.0000,4.5600,225.5180,2.5240,0.0000,0.0000,0.0000,69.7514,0.0000,4372.0000,1755.0000,0.0000,25.0000,36.0000,24.0000,9.0000
2.9590,0.8520,0.6020,0.4090,0.2770,0.0000,0.0000,1.5050,1.0000,4.5600,225.5180,2.5240,0.0000,0.0000,0.0000,69.7724,0.0000,4374.0000,1755.0000,0.0000,25.0000,37.0000,24.0000,9.0000
2.7530,0.8390,0.5260,0.4330,0.2660,0.0000,0.0000,1.3880,1.0000,4.5600,225.5180,2.5240,0.0000,0.0000,0.0000,69.7718,0.0000,4374.0000,1755.0000,0.0000,25.0000,36.0000,24.0000,9.0000
2.9760,0.7900,0.6050,0.4500,0.3090,0.0000,0.0000,1.5810,1.0000,4.5600,225.5180,2.5240,0.0000,0.0000,0.0000,69.7725,0.0000,4374.0000,1755.0000,0.0000,25.0000,37.0000,24.0000,9.0000
2.8880,0.8140,0.4870,0.5560,0.2410,0.0000,0.0000,1.5870,1.0000,4.5600,225.5180,2.5240,0.0000,0.0000,0.0000,69.7718,0.0000,4374.0000,1755.0000,0.0000,25.0000,36.0000,24.0000,9.0000
2.7940,0.8580,0.4840,0.6030,0.2290,0.0000,0.0000,1.4520,1.0000,4.5600,225.5180,2.5240,0.0000,0.0000,0.0000,69.7725,0.0000,4374.0000,1755.0000,0.0000,25.0000,37.0000,24.0000,9.0000
2.9410,0.8080,0.4800,0.5470,0.2170,0.0000,0.0000,1.6530,1.0000,4.5600,225.5180,2.5240,0.0000,0.0000,0.0000,69.7725,0.0000,4374.0000,1755.0000,0.0000,25.0000,37.0000,24.0000,9.0000
2.9600,0.8280,0.4840,0.5570,0.2200,0.0000,0.0000,1.6480,1.0000,4.5600,225.5180,2.5240,0.0000,0.0000,0.0000,69.7732,0.0000,4374.0000,1755.0000,0.0000,25.0000,38.0000,24.0000,9.0000
3.3240,0.8340,0.6000,0.5490,0.3210,0.0000,0.0000,1.8900,1.0000,4.5600,225.5180,2.5240,0.0000,0.0000,0.0000,69.7835,0.0000,4375.0000,1755.0000,0.0000,25.0000,38.0000,24.0000,9.0000
3.3480,1.0120,0.5540,0.6580,0.2480,0.0000,0.0000,1.7820,1.0000,4.5600,225.5180,2.5240,0.0000,0.0000,0.0000,69.7833,0.0000,4375.0000,1755.0000,0.0000,25.0000,38.0000,24.0000,10.0000
2.9630,0.9470,0.6540,0.6560,0.3010,0.0000,0.0000,1.3620,1.0000,4.5600,225.5180,2.5240,0.0000,0.0000,0.0000,69.7834,0.0000,4375.0000,1755.0000,0.0000,25.0000,38.0000,24.0000,10.0000
3.2100,0.8070,0.7130,0.4770,0.3630,0.0000,0.0000,1.6900,1.0000,4.5600,225.5180,2.5240,0.0000,0.0000,0.0000,69.7937,0.0000,4376.0000,1755.0000,0.0000,25.0000,38.0000,24.0000,10.0000
3.3360,0.9050,0.6590,0.4970,0.3220,0.0000,0.0000,1.7720,1.0000,4.5600,225.5180,2.5240,0.0000,0.0000,0.0000,69.8140,0.0000,4378.0000,1755.0000,0.0000,25.0000,38.0000,24.0000,10.0000
2.9840,1.1060,0.5050,0.6800,0.2360,0.0000,0.0000,1.3730,1.0000,4.5600,225.5180,2.5240,0.0000,0.0000,0.0000,69.8134,0.0000,4378.0000,1755.0000,0.0000,25.0000,37.0000,24.0000,10.0000
3.0880,0.9450,0.5730,0.6650,0.3080,0.0000,0.0000,1.5700,1.0000,4.5600,225.5180,2.5240,0.0000,0.0000,0.0000,69.8339,0.0000,4380.0000,1755.0000,0.0000,25.0000,37.0000,24.0000,10.0000
2.3260,0.9560,0.4310,0.5730,0.1880,0.0000,0.0000,0.9390,1.0000,4.5600,225.5180,2.5240,0.0000,0.0000,0.0000,69.8443,0.0000,4381.0000,1755.0000,0.0000,25.0000,37.0000,24.0000,10.0000
2.6150,0.5590,0.5010,0.3260,0.2750,0.0000,0.0000,1.5550,1.0000,4.5600,225.5180,2.5240,0.0000,0.0000,0.0000,69.8750,0.0000,4384.0000,1755.0000,0.0000,25.0000,37.0000,24.0000,10.0000
2.4090,0.7270,0.4470,0.3720,0.1920,0.0000,0.0000,1.2350,1.0000,4.5600,225.5180,2.5240,0.0000,0.0000,0.0000,69.8750,0.0000,4384.0000,1755.0000,0.0000,25.0000,37.0000,24.0000,11.0000
2.5130,0.7240,0.5500,0.4910,0.2290,0.0000,0.0000,1.2390,1.0000,4.5600,225.5180,2.5240,0.0000,0.0000,0.0000,69.8744,0.0000,4384.0000,1755.0000,0.0000,25.0000,36.0000,24.0000,11.0000
2.3490,0.6750,0.4330,0.4860,0.1640,0.0000,0.0000,1.2410,1.0000,4.5600,225.5180,2.5240,0.0000,0.0000,0.0000,69.8744,0.0000,4384.0000,1755.0000,0.0000,25.0000,36.0000,24.0000,11.0000
2.3270,0.6490,0.4160,0.4010,0.1940,0.0000,0.0000,1.2620,1.0000,4.5600,225.5180,2.5240,0.0000,0.0000,0.0000,69.8847,0.0000,4385.0000,1755.0000,0.0000,25.0000,36.0000,24.0000,11.0000
2.1990,0.5670,0.3870,0.3370,0.1890,0.0000,0.0000,1.2450,1.0000,4.5600,225.5180,2.5240,0.0000,0.0000,0.0000,69.8847,0.0000,4385.0000,1755.0000,0.0000,25.0000,36.0000,24.0000,11.0000
2.3260,0.5910,0.4310,0.3960,0.2050,0.0000,0.0000,1.3040,1.0000,4.5600,225.5180,2.5240,0.0000,0.0000,0.0000,69.8950,0.0000,4386.0000,1755.0000,0.0000,25.0000,36.0000,24.0000,11.0000
2.3950,0.6360,0.3450,0.4140,0.1460,0.0000,0.0000,1.4140,1.0000,4.5600,225.5180,2.5240,0.0000,0.0000,0.0000,69.8950,0.0000,4386.0000,1755.0000,0.0000,25.0000,36.0000,24.0000,11.0000
2.2910,0.6170,0.4360,0.3690,0.2320,0.0000,0.0000,1.2380,1.0000,4.5600,225.5180,2.5240,0.0000,0.0000,0.0000,69.9054,0.0000,4387.0000,1755.0000,0.0000,25.0000,36.0000,24.0000,11.0000
2.3550,0.6090,0.4930,0.3750,0.1740,0.0000,0.0000,1.2530,1.0000,4.5600,225.5180,2.5240,0.0000,0.0000,0.0000,69.9054,0.0000,4387.0000,1755.0000,0.0000,25.0000,36.0000,24.0000,11.0000
2.4620,0.6440,0.4420,0.3990,0.2230,0.0000,0.0000,1.3760,1.0000,4.5600,225.5180,2.5240,0.0000,0.0000,0.0000,69.9256,0.0000,4389.0000,1755.0000,0.0000,25.0000,36.0000,24.0000,11.0000
2.4150,0.6770,0.4770,0.3550,0.2110,0.0000,0.0000,1.2610,1.0000,4.5600,225.5180,2.5240,0.0000,0.0000,0.0000,69.9459,0.0000,4391.0000,1755.0000,0.0000,25.0000,36.0000,24.0000,11.0000
2.2610,0.6840,0.3580,0.3980,0.1480,0.0000,0.0000,1.2190,1.0000,4.5600,225.5180,2.5240,0.0000,0.0000,0.0000,69.9461,0.0000,4391.0000,1755.0000,0.0000,25.0000,36.0000,24.0000,10.0000
2.3010,0.7540,0.4240,0.5050,0.2210,0.0000,0.0000,1.1230,1.0000,4.5600,225.5180,2.5240,0.0000,0.0000,0.0000,69.9565,0.0000,4392.0000,1755.0000,0.0000,25.0000,36.0000,24.0000,10.0000
2.1280,0.5380,0.3850,0.3130,0.1930,0.0000,0.0000,1.2050,1.0000,4.5600,225.5180,2.5240,0.0000,0.0000,0.0000,69.9565,0.0000,4392.0000,1755.0000,0.0000,25.0000,36.0000,24.0000,10.0000
2.0460,0.6520,0.3940,0.4480,0.1650,0.0000,0.0000,1.0000,1.0000,4.5600,225.5180,2.5240,0.0000,0.0000,0.0000,69.9565,0.0000,4392.0000,1755.0000,0.0000,25.0000,36.0000,24.0000,10.0000
2.2110,0.5430,0.4470,0.3610,0.1720,0.0000,0.0000,1.2210,1.0000,4.5600,225.5180,2.5240,0.0000,0.0000,0.0000,69.9565,0.0000,4392.0000,1755.0000,0.0000,25.0000,36.0000,24.0000,10.0000
2.0590,0.6660,0.3670,0.4730,0.1540,0.0000,0.0000,1.0260,1.0000,4.5600,225.5180,2.5240,0.0000,0.0000,0.0000,69.9565,0.0000,4392.0000,1755.0000,0.0000,25.0000,36.0000,24.0000,10.0000
2.0490,0.5430,0.3630,0.3260,0.1490,0.0000,0.0000,1.1430,1.0000,4.5600,225.5180,2.5240,0.0000,0.0000,0.0000,69.9565,0.0000,4392.0000,1755.0000,0.0000,25.0000,36.0000,24.0000,10.0000
4.6670,0.5640,0.3830,0.3280,0.1920,0.0000,0.0000,3.7200,1.0000,4.5600,225.5180,2.5240,0.0000,0.0000,0.0000,69.9771,0.0000,4394.0000,1755.0000,0.0000,25.0000,36.0000,24.0000,10.0000
2.4670,0.5900,0.4910,0.3130,0.2190,0.0000,0.0000,1.3860,1.0000,4.5600,225.5180,2.5240,0.0000,0.0000,0.0000,69.7680,0.0000,4374.0000,1755.0000,0.0000,25.0000,36.0000,24.0000,10.0000
2.1650,0.6700,0.3830,0.3910,0.1750,0.0000,0.0000,1.1120,1.0000,4.5600,225.5180,2.5240,0.0000,0.0000,0.0000,69.7679,0.0000,4374.0000,1755.0000,0.0000,25.0000,36.0000,24.0000,10.0000
2.2760,0.5110,0.4040,0.3150,0.1930,0.0000,0.0000,1.3610,1.0000,4.5600,225.5180,2.5240,0.0000,0.0000,0.0000,69.7885,0.0000,4376.0000,1755.0000,0.0000,25.0000,37.0000,24.0000,10.0000
2.2080,0.6290,0.4350,0.3680,0.2100,0.0000,0.0000,1.1440,1.0000,4.5600,225.5180,2.5240,0.0000,0.0000,0.0000,69.8088,0.0000,4378.0000,1755.0000,0.0000,25.0000,37.0000,24.0000,10.0000
2.1930,0.7020,0.4330,0.3820,0.1910,0.0000,0.0000,1.0580,1.0000,4.5600,225.5180,2.5240,0.0000,0.0000,0.0000,69.8193,0.0000,4379.0000,1755.0000,0.0000,25.0000,37.0000,24.0000,10.0000
2.3900,0.6290,0.5280,0.3450,0.1730,0.0000,0.0000,1.2330,1.0000,4.5600,225.5180,2.5240,0.0000,0.0000,0.0000,69.8196,0.0000,4379.0000,1755.0000,0.0000,25.0000,37.0000,24.0000,11.0000
2.0880,0.5980,0.3470,0.3950,0.1530,0.0000,0.0000,1.1430,1.0000,4.5600,225.5180,2.5240,0.0000,0.0000,0.0000,69.8203,0.0000,4379.0000,1755.0000,0.0000,25.0000,38.0000,24.0000,11.0000
2.1240,0.4930,0.3820,0.3130,0.1940,0.0000,0.0000,1.2490,1.0000,4.5600,225.5180,2.5240,0.0000,0.0000,0.0000,69.8203,0.0000,4379.0000,1755.0000,0.0000,25.0000,38.0000,24.0000,11.0000
2.3080,0.4930,0.4280,0.3090,0.2110,0.0000,0.0000,1.3870,1.0000,4.5600,225.5180,2.5240,0.0000,0.0000,0.0000,69.8427,0.0000,4381.0000,1755.0000,0.0000,25.0000,38.0000,24.0000,11.0000
2.1070,0.6320,0.3720,0.3710,0.1760,0.0000,0.0000,1.1030,1.0000,4.5600,225.5180,2.5240,0.0000,0.0000,0.0000,69.8523,0.0000,4382.0000,1755.0000,0.0000,25.0000,37.0000,24.0000,11.0000
2.0120,0.6330,0.3240,0.3630,0.1410,0.0000,0.0000,1.0550,1.0000,4.5600,225.5180,2.5240,0.0000,0.0000,0.0000,69.8524,0.0000,4382.0000,1755.0000,0.0000,25.0000,37.0000,24.0000,11.0000
2.6690,0.5430,0.3830,0.3200,0.1900,0.0000,0.0000,1.7430,1.0000,4.5600,225.5180,2.5240,0.0000,0.0000,0.0000,69.8829,0.0000,4385.0000,1755.0000,0.0000,25.0000,37.0000,24.0000,11.0000
2.2170,0.6640,0.3960,0.3630,0.1630,0.0000,0.0000,1.1570,1.0000,4.5600,225.5180,2.5240,0.0000,0.0000,0.0000,69.8836,0.0000,4385.0000,1755.0000,0.0000,25.0000,38.0000,24.0000,11.0000
2.1330,0.5770,0.3800,0.4000,0.1550,0.0000,0.0000,1.1760,1.0000,4.5600,225.5180,2.5240,0.0000,0.0000,0.0000,69.8837,0.0000,4385.0000,1755.0000,0.0000,25.0000,38.0000,24.0000,11.0000
2.1110,0.5560,0.3660,0.3300,0.1760,0.0000,0.0000,1.1890,1.0000,4.5600,225.5180,2.5240,0.0000,0.0000,0.0000,69.8955,0.0000,4386.0000,1755.0000,0.0000,25.0000,38.0000,24.0000,11.0000
1.8410,0.5920,0.3400,0.3060,0.1480,0.0000,0.0000,0.9090,1.0000,4.5600,225.5180,2.5240,0.0000,0.0000,0.0000,69.8955,0.0000,4386.0000,1755.0000,0.0000,25.0000,38.0000,24.0000,11.0000
2.1810,0.4940,0.3440,0.3030,0.1450,0.0000,0.0000,1.3430,1.0000,4.5600,225.5180,2.5240,0.0000,0.0000,0.0000,69.8949,0.0000,4386.0000,1755.0000,0.0000,25.0000,37.0000,24.0000,11.0000
2.1910,0.5850,0.3870,0.3680,0.1840,0.0000,0.0000,1.2190,1.0000,4.5600,225.5180,2.5240,0.0000,0.0000,0.0000,69.9051,0.0000,4387.0000,1755.0000,0.0000,25.0000,37.0000,24.0000,11.0000
1.8960,0.5430,0.3430,0.3090,0.1470,0.0000,0.0000,1.0100,1.0000,4.5600,225.5180,2.5240,0.0000,0.0000,0.0000,69.9051,0.0000,4387.0000,1755.0000,0.0000,25.0000,37.0000,24.0000,11.0000
1.8600,0.4790,0.3330,0.3000,0.1490,0.0000,0.0000,1.0480,1.0000,4.5600,225.5180,2.5240,0.0000,0.0000,0.0000,69.9052,0.0000,4387.0000,1755.0000,0.0000,25.0000,37.0000,24.0000,10.0000
2.0090,0.4910,0.3300,0.3040,0.1470,0.0000,0.0000,1.1880,1.0000,4.5600,225.5180,2.5240,0.0000,0.0000,0.0000,69.9052,0.0000,4387.0000,1755.0000,0.0000,25.0000,37.0000,24.0000,10.0000
1.8960,0.5400,0.3400,0.3170,0.1490,0.0000,0.0000,1.0160,1.0000,4.5600,225.5180,2.5240,0.0000,0.0000,0.0000,69.9052,0.0000,4387.0000,1755.0000,0.0000,25.0000,37.0000,24.0000,10.0000
1.9550,0.4920,0.3590,0.3170,0.1770,0.0000,0.0000,1.1040,1.0000,4.5600,225.5180,2.5240,0.0000,0.0000,0.0000,69.9155,0.0000,4388.0000,1755.0000,0.0000,25.0000,37.0000,24.0000,10.0000
1.9720,0.5620,0.3270,0.3100,0.1420,0.0000,0.0000,1.0830,1.0000,4.5600,225.5180,2.5240,0.0000,0.0000,0.0000,69.9155,0.0000,4388.0000,1755.0000,0.0000,25.0000,37.0000,24.0000,9.0000
2.0370,0.5950,0.3570,0.3130,0.1490,0.0000,0.0000,1.0850,1.0000,4.5600,225.5180,2.5240,0.0000,0.0000,0.0000,69.9155,0.0000,4388.0000,1755.0000,0.0000,25.0000,37.0000,24.0000,10.0000
2.0500,0.5650,0.3780,0.3300,0.1820,0.0000,0.0000,1.1070,1.0000,4.5600,225.5180,2.5240,0.0000,0.0000,0.0000,69.9258,0.0000,4389.0000,1755.0000,0.0000,25.0000,37.0000,24.0000,9.0000
2.4000,0.6050,0.3980,0.3080,0.1990,0.0000,0.0000,1.3970,1.0000,4.5600,225.5180,2.5240,0.0000,0.0000,0.0000,69.9567,0.0000,4392.0000,1755.0000,0.0000,25.0000,37.0000,24.0000,9.0000
2.0150,0.7150,0.4170,0.3010,0.1990,0.0000,0.0000,0.8830,1.0000,4.5600,225.5180,2.5240,0.0000,0.0000,0.0000,69.9568,0.0000,4392.0000,1755.0000,0.0000,25.0000,37.0000,24.0000,9.0000
2.5210,0.4730,0.4090,0.2980,0.1590,0.0000,0.0000,1.6390,1.0000,4.5600,225.5180,2.5240,0.0000,0.0000,0.0000,69.9569,0.0000,4392.0000,1755.0000,0.0000,25.0000,37.0000,24.0000,10.0000
1.8660,0.6530,0.3480,0.4780,0.1490,0.0000,0.0000,0.8650,1.0000,4.2620,5.2110,4.0600,0.0000,0.0000,0.0000,69.9569,0.0000,4392.0000,1755.0000,0.0000,25.0000,37.0000,24.0000,10.0000
1.9280,0.5310,0.3450,0.3090,0.1500,0.0000,0.0000,1.0520,1.0000,4.2620,5.2110,4.0600,0.0000,0.0000,0.0000,69.9576,0.0000,4392.0000,1755.0000,0.0000,25.0000,38.0000,24.0000,10.0000
1.8730,0.6100,0.3490,0.4370,0.1600,0.0000,0.0000,0.9140,1.0000,4.2620,5.2110,4.0600,0.0000,0.0000,0.0000,69.9569,0.0000,4392.0000,1755.0000,0.0000,25.0000,37.0000,24.0000,10.0000
2.1900,0.5270,0.4530,0.3570,0.2340,0.0000,0.0000,1.2100,1.0000,4.2620,5.2110,4.0600,0.0000,0.0000,0.0000,69.9875,0.0000,4395.0000,1755.0000,0.0000,25.0000,37.0000,24.0000,10.0000
1.8480,0.7150,0.3350,0.4270,0.1420,0.0000,0.0000,0.7980,1.0000,4.2620,5.2110,4.0600,0.0000,0.0000,0.0000,69.9868,0.0000,4395.0000,1755.0000,0.0000,25.0000,36.0000,24.0000,11.0000
2.0580,0.5550,0.4210,0.3850,0.2070,0.0000,0.0000,1.0820,1.0000,4.2620,5.2110,4.0600,0.0000,0.0000,0.0000,70.0081,0.0000,4397.0000,1755.0000,0.0000,25.0000,37.0000,24.0000,11.0000
1.8000,0.7020,0.3740,0.4280,0.1600,0.0000,0.0000,0.7240,1.0000,4.2620,5.2110,4.0600,0.0000,0.0000,0.0000,70.0081,0.0000,4397.0000,1755.0000,0.0000,25.0000,37.0000,24.0000,11.0000
1.8220,0.5250,0.3630,0.3500,0.1850,0.0000,0.0000,0.9340,1.0000,4.2620,5.2110,4.0600,0.0000,0.0000,0.0000,70.0075,0.0000,4397.0000,1755.0000,0.0000,25.0000,36.0000,24.0000,11.0000
1.9920,0.4670,0.3620,0.2950,0.1780,0.0000,0.0000,1.1630,1.0000,4.2620,5.2110,4.0600,0.0000,0.0000,0.0000,70.0178,0.0000,4398.0000,1755.0000,0.0000,25.0000,36.0000,24.0000,11.0000
1.8410,0.5200,0.3410,0.3090,0.1460,0.0000,0.0000,0.9800,1.0000,4.2620,5.2110,4.0600,0.0000,0.0000,0.0000,70.0178,0.0000,4398.0000,1755.0000,0.0000,25.0000,36.0000,24.0000,11.0000
1.7880,0.4750,0.3290,0.2960,0.1430,0.0000,0.0000,0.9840,1.0000,4.2620,5.2110,4.0600,0.0000,0.0000,0.0000,70.0178,0.0000,4398.0000,1755.0000,0.0000,25.0000,36.0000,24.0000,11.0000
1.9880,0.4930,0.4200,0.3020,0.2000,0.0000,0.0000,1.0750,1.0000,4.2620,5.2110,4.0600,0.0000,0.0000,0.0000,70.0178,0.0000,4398.0000,1755.0000,0.0000,25.0000,36.0000,24.0000,10.0000
1.9530,0.5110,0.4280,0.2950,0.2040,0.0000,0.0000,1.0140,1.0000,4.2620,5.2110,4.0600,0.0000,0.0000,0.0000,70.0178,0.0000,4398.0000,1755.0000,0.0000,25.0000,36.0000,24.0000,10.0000
2.0250,0.5490,0.3570,0.3150,0.1530,0.0000,0.0000,1.1190,1.0000,4.2620,5.2110,4.0600,0.0000,0.0000,0.0000,70.0178,0.0000,4398.0000,1755.0000,0.0000,25.0000,36.0000,24.0000,11.0000
1.8730,0.5580,0.4150,0.3110,0.1600,0.0000,0.0000,0.9000,1.0000,4.2620,5.2110,4.0600,0.0000,0.0000,0.0000,70.0178,0.0000,4398.0000,1755.0000,0.0000,25.0000,36.0000,24.0000,11.0000
1.9680,0.5350,0.3800,0.3130,0.1810,0.0000,0.0000,1.0530,1.0000,4.2620,5.2110,4.0600,0.0000,0.0000,0.0000,70.0281,0.0000,4399.0000,1755.0000,0.0000,25.0000,36.0000,24.0000,10.0000
1.9740,0.5690,0.4230,0.3580,0.1870,0.0000,0.0000,0.9820,1.0000,4.2620,5.2110,4.0600,0.0000,0.0000,0.0000,70.0386,0.0000,4400.0000,1755.0000,0.0000,25.0000,37.0000,24.0000,10.0000
2.0450,0.5880,0.4070,0.3140,0.1980,0.0000,0.0000,1.0500,1.0000,4.2620,5.2110,4.0600,0.0000,0.0000,0.0000,69.7823,0.0000,4375.0000,1755.0000,0.0000,25.0000,37.0000,24.0000,10.0000
1.9620,0.5710,0.3860,0.3580,0.1620,0.0000,0.0000,1.0050,1.0000,4.2620,5.2110,4.0600,0.0000,0.0000,0.0000,69.7823,0.0000,4375.0000,1755.0000,0.0000,25.0000,37.0000,24.0000,10.0000
1.8980,0.5380,0.3830,0.3190,0.1940,0.0000,0.0000,0.9770,1.0000,4.2620,5.2110,4.0600,0.0000,0.0000,0.0000,69.7926,0.0000,4376.0000,1755.0000,0.0000,25.0000,37.0000,24.0000,10.0000
2.5960,0.5670,0.4510,0.3660,0.2420,0.0000,0.0000,1.5780,1.0000,4.2620,5.2110,4.0600,0.0000,0.0000,0.0000,69.8234,0.0000,4379.0000,1755.0000,0.0000,25.0000,37.0000,24.0000,10.0000
1.9100,1.0980,0.3380,0.8220,0.1440,0.0000,0.0000,0.4740,1.0000,4.2620,5.2110,4.0600,0.0000,0.0000,0.0000,69.8235,0.0000,4379.0000,1755.0000,0.0000,25.0000,37.0000,24.0000,10.0000
1.8780,0.4830,0.3190,0.2970,0.1410,0.0000,0.0000,1.0760,1.0000,4.2620,5.2110,4.0600,0.0000,0.0000,0.0000,69.8237,0.0000,4379.0000,1755.0000,0.0000,25.0000,37.0000,24.0000,11.0000
1.8210,0.4770,0.3480,0.3090,0.1490,0.0000,0.0000,0.9960,1.0000,4.2620,5.2110,4.0600,0.0000,0.0000,0.0000,69.8230,0.0000,4379.0000,1755.0000,0.0000,25.0000,36.0000,24.0000,10.0000
2.0850,0.5340,0.3750,0.3160,0.1500,0.0000,0.0000,1.1760,1.0000,4.2620,5.2110,4.0600,0.0000,0.0000,0.0000,69.8232,0.0000,4379.0000,1755.0000,0.0000,25.0000,36.0000,24.0000,10.0000
2.3040,0.7180,0.3540,0.5110,0.1470,0.0000,0.0000,1.2320,1.0000,4.2620,5.2110,4.0600,0.0000,0.0000,0.0000,69.8232,0.0000,4379.0000,1755.0000,0.0000,25.0000,36.0000,24.0000,10.0000
2.1880,0.5440,0.4080,0.3090,0.2010,0.0000,0.0000,1.2360,1.0000,4.2620,5.2110,4.0600,0.0000,0.0000,0.0000,69.8536,0.0000,4382.0000,1755.0000,0.0000,25.0000,36.0000,24.0000,10.0000
1.9070,0.6700,0.3730,0.3390,0.1860,0.0000,0.0000,0.8640,1.0000,4.2620,5.2110,4.0600,0.0000,0.0000,0.0000,69.8536,0.0000,4382.0000,1755.0000,0.0000,25.0000,36.0000,24.0000,11.0000
2.1420,0.4680,0.4570,0.2970,0.2370,0.0000,0.0000,1.2170,1.0000,4.2620,5.2110,4.0600,0.0000,0.0000,0.0000,69.8641,0.0000,4383.0000,1755.0000,0.0000,25.0000,36.0000,24.0000,10.0000
2.7210,0.5410,0.4240,0.2910,0.1690,0.0000,0.0000,1.7560,1.0000,4.2620,5.2110,4.0600,0.0000,0.0000,0.0000,69.8642,0.0000,4383.0000,1755.0000,0.0000,25.0000,36.0000,24.0000,10.0000
2.3760,0.7320,0.4290,0.3290,0.2020,0.0000,0.0000,1.2150,1.0000,4.2620,5.2110,4.0600,0.0000,0.0000,0.0000,69.8667,0.0000,4383.0000,1755.0000,0.0000,25.0000,36.0000,24.0000,11.0000
1.9910,0.5620,0.4310,0.3590,0.2020,0.0000,0.0000,0.9980,1.0000,4.2620,5.2110,4.0600,0.0000,0.0000,0.0000,69.8643,0.0000,4383.0000,1755.0000,0.0000,25.0000,36.0000,24.0000,10.0000
2.0450,0.5230,0.4420,0.3460,0.1640,0.0000,0.0000,1.0800,1.0000,4.2620,5.2110,4.0600,0.0000,0.0000,0.0000,69.8643,0.0000,4383.0000,1755.0000,0.0000,25.0000,36.0000,24.0000,11.0000
2.0640,0.5240,0.4830,0.3520,0.2550,0.0000,0.0000,1.0570,1.0000,4.2620,5.2110,4.0600,0.0000,0.0000,0.0000,69.8859,0.0000,4385.0000,1755.0000,0.0000,25.0000,38.0000,24.0000,10.0000
1.8450,0.6000,0.3730,0.3630,0.1620,0.0000,0.0000,0.8720,1.0000,4.2620,5.2110,4.0600,0.0000,0.0000,0.0000,69.8860,0.0000,4385.0000,1755.0000,0.0000,25.0000,38.0000,24.0000,10.0000
2.0700,0.5510,0.4090,0.3880,0.2220,0.0000,0.0000,1.1100,1.0000,4.2620,5.2110,4.0600,0.0000,0.0000,0.0000,69.8861,0.0000,4385.0000,1755.0000,0.0000,25.0000,38.0000,24.0000,11.0000
2.0180,0.5720,0.3780,0.3780,0.1520,0.0000,0.0000,1.0680,1.0000,4.2620,5.2110,4.0600,0.0000,0.0000,0.0000,69.8861,0.0000,4385.0000,1755.0000,0.0000,25.0000,38.0000,24.0000,10.0000
2.3180,0.5210,0.5410,0.3490,0.1800,0.0000,0.0000,1.2560,1.0000,4.2620,5.2110,4.0600,0.0000,0.0000,0.0000,69.8869,0.0000,4385.0000,1755.0000,0.0000,25.0000,39.0000,24.0000,11.0000
1.9190,0.5460,0.3650,0.3150,0.1520,0.0000,0.0000,1.0080,1.0000,4.2620,5.2110,4.0600,0.0000,0.0000,0.0000,69.8869,0.0000,4385.0000,1755.0000,0.0000,25.0000,39.0000,24.0000,10.0000
2.0240,0.5340,0.4270,0.3120,0.1940,0.0000,0.0000,1.0630,1.0000,4.2620,5.2110,4.0600,0.0000,0.0000,0.0000,69.9074,0.0000,4387.0000,1755.0000,0.0000,25.0000,39.0000,24.0000,10.0000
2.1660,0.6040,0.3770,0.3100,0.1780,0.0000,0.0000,1.1850,1.0000,4.2620,5.2110,4.0600,0.0000,0.0000,0.0000,69.9184,0.0000,4388.0000,1755.0000,0.0000,25.0000,40.0000,24.0000,11.0000
2.0630,0.6410,0.3610,0.3190,0.1530,0.0000,0.0000,1.0610,1.0000,4.2620,5.2110,4.0600,0.0000,0.0000,0.0000,69.9185,0.0000,4388.0000,1755.0000,0.0000,25.0000,40.0000,24.0000,10.0000
2.1640,0.5720,0.4680,0.3030,0.2000,0.0000,0.0000,1.1240,1.0000,4.2620,5.2110,4.0600,0.0000,0.0000,0.0000,69.9288,0.0000,4389.0000,1755.0000,0.0000,25.0000,40.0000,24.0000,10.0000
2.0710,0.5560,0.3830,0.3160,0.1900,0.0000,0.0000,1.1320,1.0000,4.2620,5.2110,4.0600,0.0000,0.0000,0.0000,69.9487,0.0000,4391.0000,1755.0000,0.0000,25.0000,39.0000,24.0000,11.0000
2.2510,0.5500,0.5110,0.2990,0.2320,0.0000,0.0000,1.1900,1.0000,4.2620,5.2110,4.0600,0.0000,0.0000,0.0000,69.9583,0.0000,4392.0000,1755.0000,0.0000,25.0000,38.0000,24.0000,10.0000
1.9350,0.5950,0.3740,0.3750,0.1430,0.0000,0.0000,0.9660,1.0000,4.2620,5.2110,4.0600,0.0000,0.0000,0.0000,69.9584,0.0000,4392.0000,1755.0000,0.0000,25.0000,38.0000,24.0000,10.0000
2.0970,0.5360,0.3700,0.3560,0.1850,0.0000,0.0000,1.1910,1.0000,4.2620,5.2110,4.0600,0.0000,0.0000,0.0000,69.9577,0.0000,4392.0000,1755.0000,0.0000,25.0000,37.0000,24.0000,10.0000
1.9660,0.5910,0.3860,0.4000,0.1610,0.0000,0.0000,0.9890,1.0000,4.2620,5.2110,4.0600,0.0000,0.0000,0.0000,69.9577,0.0000,4392.0000,1755.0000,0.0000,25.0000,37.0000,24.0000,10.0000
2.6000,0.5340,0.3700,0.3550,0.1480,0.0000,0.0000,1.6960,1.0000,4.2620,5.2110,4.0600,0.0000,0.0000,0.0000,69.9584,0.0000,4392.0000,1755.0000,0.0000,25.0000,38.0000,24.0000,10.0000
2.3340,0.6340,0.4050,0.3780,0.1990,0.0000,0.0000,1.2950,1.0000,4.2620,5.2110,4.0600,0.0000,0.0000,0.0000,69.9687,0.0000,4393.0000,1755.0000,0.0000,25.0000,38.0000,24.0000,10.0000
2.0330,0.5400,0.4640,0.3080,0.2550,0.0000,0.0000,1.0290,1.0000,4.2620,5.2110,4.0600,0.0000,0.0000,0.0000,69.9687,0.0000,4393.0000,1755.0000,0.0000,25.0000,38.0000,24.0000,10.0000
2.4540,0.5620,0.4280,0.3770,0.1970,0.0000,0.0000,1.4640,1.0000,4.2620,5.2110,4.0600,0.0000,0.0000,0.0000,69.9783,0.0000,4394.0000,1755.0000,0.0000,25.0000,37.0000,24.0000,11.0000
2.1200,0.6220,0.3880,0.3180,0.1830,0.0000,0.0000,1.1100,1.0000,4.2620,5.2110,4.0600,0.0000,0.0000,0.0000,69.9886,0.0000,4395.0000,1755.0000,0.0000,25.0000,37.0000,24.0000,10.0000
2.6870,0.5460,0.4490,0.2970,0.2170,0.0000,0.0000,1.6920,1.0000,4.2620,5.2110,4.0600,0.0000,0.0000,0.0000,69.9894,0.0000,4395.0000,1755.0000,0.0000,25.0000,38.0000,24.0000,10.0000
2.4450,0.5130,0.3760,0.3310,0.1510,0.0000,0.0000,1.5560,1.0000,4.2620,5.2110,4.0600,0.0000,0.0000,0.0000,69.9895,0.0000,4395.0000,1755.0000,0.0000,25.0000,38.0000,24.0000,10.0000
2.0050,0.5530,0.3520,0.3190,0.1510,0.0000,0.0000,1.1000,1.0000,4.2620,5.2110,4.0600,0.0000,0.0000,0.0000,69.9895,0.0000,4395.0000,1755.0000,0.0000,25.0000,38.0000,24.0000,9.0000
1.9990,0.4950,0.3550,0.3050,0.1560,0.0000,0.0000,1.1490,1.0000,4.2620,5.2110,4.0600,0.0000,0.0000,0.0000,69.9895,0.0000,4395.0000,1755.0000,0.0000,25.0000,38.0000,24.0000,10.0000
2.0140,0.4920,0.3470,0.3040,0.1540,0.0000,0.0000,1.1750,1.0000,4.2620,5.2110,4.0600,0.0000,0.0000,0.0000,69.9895,0.0000,4395.0000,1755.0000,0.0000,25.0000,38.0000,24.0000,10.0000
3.2290,0.4960,0.3650,0.3070,0.1540,0.0000,0.0000,2.3680,1.0000,4.2620,5.2110,4.0600,0.0000,0.0000,0.0000,69.9895,0.0000,4395.0000,1755.0000,0.0000,25.0000,38.0000,24.0000,10.0000
2.8540,1.6300,0.3990,1.4420,0.1940,0.0000,0.0000,0.8250,1.0000,4.2620,5.2110,4.0600,0.0000,0.0000,0.0000,69.9895,0.0000,4395.0000,1755.0000,0.0000,25.0000,38.0000,24.0000,10.0000
2.7040,1.0470,0.4670,0.3600,0.2320,0.0000,0.0000,1.1900,1.0000,4.2620,5.2110,4.0600,0.0000,0.0000,0.0000,69.7532,0.0000,4372.0000,1755.0000,0.0000,25.0000,38.0000,24.0000,10.0000
2.1540,0.5880,0.3530,0.3140,0.1500,0.0000,0.0000,1.2130,1.0000,4.2620,5.2110,4.0600,0.0000,0.0000,0.0000,69.7529,0.0000,4372.0000,1755.0000,0.0000,25.0000,38.0000,24.0000,10.0000
2.4380,0.4890,0.3940,0.3050,0.1970,0.0000,0.0000,1.5550,1.0000,4.2620,5.2110,4.0600,0.0000,0.0000,0.0000,69.7639,0.0000,4373.0000,1755.0000,0.0000,25.0000,39.0000,24.0000,9.0000
2.7430,0.8970,0.4000,0.6760,0.1590,0.0000,0.0000,1.4460,1.0000,4.2620,5.2110,4.0600,0.0000,0.0000,0.0000,69.7639,0.0000,4373.0000,1755.0000,0.0000,25.0000,39.0000,24.0000,8.0000
2.5650,0.8820,0.4810,0.3600,0.2650,0.0000,0.0000,1.2020,1.0000,4.2620,5.2110,4.0600,0.0000,0.0000,0.0000,69.7742,0.0000,4374.0000,1755.0000,0.0000,25.0000,39.0000,24.0000,8.0000
2.5990,0.6630,0.4200,0.4150,0.2000,0.0000,0.0000,1.5160,1.0000,4.2620,5.2110,4.0600,0.0000,0.0000,0.0000,69.7944,0.0000,4376.0000,1755.0000,0.0000,25.0000,39.0000,24.0000,8.0000
2.9320,0.5580,0.4670,0.2990,0.2100,0.0000,0.0000,1.9070,1.0000,4.2620,5.2110,4.0600,0.0000,0.0000,0.0000,69.8250,0.0000,4379.0000,1755.0000,0.0000,25.0000,39.0000,24.0000,9.0000
2.2130,1.2480,0.4350,0.9090,0.2220,0.0000,0.0000,0.5300,1.0000,4.2620,5.2110,4.0600,0.0000,0.0000,0.0000,69.8251,0.0000,4379.0000,1755.0000,0.0000,25.0000,39.0000,24.0000,9.0000
2.2890,0.6030,0.6490,0.3630,0.1670,0.0000,0.0000,1.0370,1.0000,4.2620,5.2110,4.0600,0.0000,0.0000,0.0000,69.8245,0.0000,4379.0000,1755.0000,0.0000,25.0000,38.0000,24.0000,7.0000
1.9330,0.5440,0.3520,0.3080,0.1550,0.0000,0.0000,1.0370,1.0000,4.2620,5.2110,4.0600,0.0000,0.0000,0.0000,69.8245,0.0000,4379.0000,1755.0000,0.0000,25.0000,38.0000,24.0000,9.0000
2.0320,0.5440,0.3650,0.3070,0.1610,0.0000,0.0000,1.1230,1.0000,4.2620,5.2110,4.0600,0.0000,0.0000,0.0000,69.8252,0.0000,4379.0000,1755.0000,0.0000,25.0000,39.0000,24.0000,8.0000
2.1050,0.5630,0.3700,0.3140,0.1820,0.0000,0.0000,1.1720,1.0000,4.2620,5.2110,4.0600,0.0000,0.0000,0.0000,69.8348,0.0000,4380.0000,1755.0000,0.0000,25.0000,38.0000,24.0000,9.0000
1.9550,0.5830,0.3780,0.3040,0.1810,0.0000,0.0000,0.9940,1.0000,4.2620,5.2110,4.0600,0.0000,0.0000,0.0000,69.8451,0.0000,4381.0000,1755.0000,0.0000,25.0000,38.0000,24.0000,8.0000
1.9250,0.5280,0.3740,0.3010,0.1840,0.0000,0.0000,1.0230,1.0000,4.2620,5.2110,4.0600,0.0000,0.0000,0.0000,69.8575,0.0000,4382.0000,1755.0000,0.0000,25.0000,38.0000,24.0000,8.0000
2.0510,0.5930,0.3840,0.3070,0.1850,0.0000,0.0000,1.0740,1.0000,4.2620,5.2110,4.0600,0.0000,0.0000,0.0000,69.8678,0.0000,4383.0000,1755.0000,0.0000,25.0000,38.0000,24.0000,8.0000
2.8620,0.5930,0.3830,0.3100,0.1810,0.0000,0.0000,1.8860,1.0000,4.2620,5.2110,4.0600,0.0000,0.0000,0.0000,69.8795,0.0000,4384.0000,1755.0000,0.0000,25.0000,38.0000,24.0000,8.0000
1.8150,0.6840,0.3400,0.4480,0.1590,0.0000,0.0000,0.7910,1.0000,4.2620,5.2110,4.0600,0.0000,0.0000,0.0000,69.8789,0.0000,4384.0000,1755.0000,0.0000,25.0000,37.0000,24.0000,8.0000
1.8470,0.5310,0.3520,0.3630,0.1440,0.0000,0.0000,0.9640,1.0000,4.2620,5.2110,4.0600,0.0000,0.0000,0.0000,69.8782,0.0000,4384.0000,1755.0000,0.0000,25.0000,36.0000,24.0000,8.0000
1.7990,0.5220,0.3720,0.3550,0.1910,0.0000,0.0000,0.9050,1.0000,4.2620,5.2110,4.0600,0.0000,0.0000,0.0000,69.8782,0.0000,4384.0000,1755.0000,0.0000,25.0000,36.0000,24.0000,8.0000
1.6470,0.5010,0.3090,0.3360,0.1340,0.0000,0.0000,0.8370,1.0000,4.2620,5.2110,4.0600,0.0000,0.0000,0.0000,69.8782,0.0000,4384.0000,1755.0000,0.0000,25.0000,36.0000,24.0000,8.0000
1.5730,0.4550,0.3020,0.2760,0.1250,0.0000,0.0000,0.8160,1.0000,4.2620,5.2110,4.0600,0.0000,0.0000,0.0000,69.8782,0.0000,4384.0000,1755.0000,0.0000,25.0000,36.0000,24.0000,8.0000
1.5610,0.4730,0.3200,0.3080,0.1640,0.0000,0.0000,0.7680,1.0000,4.2620,5.2110,4.0600,0.0000,0.0000,0.0000,69.8782,0.0000,4384.0000,1755.0000,0.0000,25.0000,36.0000,24.0000,8.0000
1.6120,0.4180,0.3250,0.2680,0.1520,0.0000,0.0000,0.8690,1.0000,4.2620,5.2110,4.0600,0.0000,0.0000,0.0000,69.8905,0.0000,4385.0000,1755.0000,0.0000,25.0000,36.0000,24.0000,8.0000
1.5140,0.5230,0.3120,0.2670,0.1260,0.0000,0.0000,0.6790,1.0000,4.2620,5.2110,4.0600,0.0000,0.0000,0.0000,69.8906,0.0000,4385.0000,1755.0000,0.0000,25.0000,36.0000,24.0000,8.0000
1.4510,0.3960,0.2770,0.2520,0.1220,0.0000,0.0000,0.7780,1.0000,4.2620,5.2110,4.0600,0.0000,0.0000,0.0000,69.8913,0.0000,4385.0000,1755.0000,0.0000,25.0000,37.0000,24.0000,8.0000
1.6320,0.4150,0.3800,0.2650,0.1980,0.0000,0.0000,0.8370,1.0000,4.2620,5.2110,4.0600,0.0000,0.0000,0.0000,69.9016,0.0000,4386.0000,1755.0000,0.0000,25.0000,37.0000,24.0000,8.0000
1.5120,0.4820,0.3140,0.3030,0.1510,0.0000,0.0000,0.7160,1.0000,4.2620,5.2110,4.0600,0.0000,0.0000,0.0000,69.9016,0.0000,4386.0000,1755.0000,0.0000,25.0000,37.0000,24.0000,8.0000
1.7320,0.4190,0.2930,0.2660,0.1320,0.0000,0.0000,1.0200,1.0000,4.2620,5.2110,4.0600,0.0000,0.0000,0.0000,69.9033,0.0000,4386.0000,1755.0000,0.0000,25.0000,39.0000,24.0000,9.0000
1.6770,0.4410,0.3700,0.3010,0.1900,0.0000,0.0000,0.8660,1.0000,4.2620,5.2110,4.0600,0.0000,0.0000,0.0000,69.9033,0.0000,4386.0000,1755.0000,0.0000,25.0000,39.0000,24.0000,9.0000
1.6720,0.4230,0.3260,0.2640,0.1580,0.0000,0.0000,0.9230,1.0000,4.2620,5.2110,4.0600,0.0000,0.0000,0.0000,69.9239,0.0000,4388.0000,1755.0000,0.0000,25.0000,39.0000,24.0000,9.0000
1.6060,0.4830,0.3610,0.2690,0.1650,0.0000,0.0000,0.7620,1.0000,4.2620,5.2110,4.0600,0.0000,0.0000,0.0000,69.9334,0.0000,4389.0000,1755.0000,0.0000,25.0000,38.0000,24.0000,8.0000
1.5100,0.4860,0.3250,0.3040,0.1630,0.0000,0.0000,0.6990,1.0000,4.2620,5.2110,4.0600,0.0000,0.0000,0.0000,69.9342,0.0000,4389.0000,1755.0000,0.0000,25.0000,39.0000,24.0000,9.0000
1.5270,0.4160,0.2950,0.2560,0.1250,0.0000,0.0000,0.8160,1.0000,4.2620,5.2110,4.0600,0.0000,0.0000,0.0000,69.9343,0.0000,4389.0000,1755.0000,0.0000,25.0000,39.0000,24.0000,9.0000
1.4560,0.4930,0.3170,0.3480,0.1610,0.0000,0.0000,0.6460,1.0000,4.2620,5.2110,4.0600,0.0000,0.0000,0.0000,69.9343,0.0000,4389.0000,1755.0000,0.0000,25.0000,39.0000,24.0000,8.0000
1.5090,0.4020,0.2980,0.2520,0.1250,0.0000,0.0000,0.8090,1.0000,4.2620,5.2110,4.0600,0.0000,0.0000,0.0000,69.9343,0.0000,4389.0000,1755.0000,0.0000,25.0000,39.0000,24.0000,7.0000
1.5600,0.4430,0.3200,0.3040,0.1620,0.0000,0.0000,0.7970,1.0000,4.2620,5.2110,4.0600,0.0000,0.0000,0.0000,69.9343,0.0000,4389.0000,1755.0000,0.0000,25.0000,39.0000,24.0000,7.0000
1.6400,0.4060,0.3430,0.2560,0.1720,0.0000,0.0000,0.8910,1.0000,4.2620,5.2110,4.0600,0.0000,0.0000,0.0000,69.9546,0.0000,4391.0000,1755.0000,0.0000,25.0000,39.0000,24.0000,8.0000
1.6630,0.5210,0.3520,0.2680,0.1650,0.0000,0.0000,0.7900,1.0000,4.2620,5.2110,4.0600,0.0000,0.0000,0.0000,69.9749,0.0000,4393.0000,1755.0000,0.0000,25.0000,39.0000,24.0000,8.0000
1.8110,0.5160,0.5150,0.3060,0.2690,0.0000,0.0000,0.7800,1.0000,4.2620,5.2110,4.0600,0.0000,0.0000,0.0000,69.9750,0.0000,4393.0000,1755.0000,0.0000,25.0000,39.0000,24.0000,8.0000
1.6930,0.4290,0.2860,0.2710,0.1240,0.0000,0.0000,0.9780,1.0000,4.2620,5.2110,4.0600,0.0000,0.0000,0.0000,69.9758,0.0000,4393.0000,1755.0000,0.0000,25.0000,40.0000,24.0000,8.0000
1.7330,0.4590,0.3410,0.2690,0.1420,0.0000,0.0000,0.9330,1.0000,4.2620,5.2110,4.0600,0.0000,0.0000,0.0000,69.9752,0.0000,4393.0000,1755.0000,0.0000,25.0000,39.0000,24.0000,9.0000
1.8390,0.4620,0.3440,0.3110,0.1600,0.0000,0.0000,1.0330,1.0000,4.2620,5.2110,4.0600,0.0000,0.0000,0.0000,69.9854,0.0000,4394.0000,1755.0000,0.0000,25.0000,39.0000,24.0000,9.0000
2.0910,0.4410,0.4010,0.2580,0.2060,0.0000,0.0000,1.2490,1.0000,4.2620,5.2110,4.0600,0.0000,0.0000,0.0000,70.0056,0.0000,4396.0000,1755.0000,0.0000,25.0000,39.0000,24.0000,9.0000
1.6520,0.6200,0.3310,0.3940,0.1680,0.0000,0.0000,0.7010,1.0000,4.2620,5.2110,4.0600,0.0000,0.0000,0.0000,70.0057,0.0000,4396.0000,1755.0000,0.0000,25.0000,39.0000,24.0000,9.0000
1.6970,0.4010,0.2810,0.2510,0.1250,0.0000,0.0000,1.0150,1.0000,4.2620,5.2110,4.0600,0.0000,0.0000,0.0000,70.0059,0.0000,4396.0000,1755.0000,0.0000,25.0000,39.0000,24.0000,9.0000
2.4360,0.4870,0.3300,0.2660,0.1630,0.0000,0.0000,1.6190,1.0000,4.2620,5.2110,4.0600,0.0000,0.0000,0.0000,70.0052,0.0000,4396.0000,1755.0000,0.0000,25.0000,38.0000,24.0000,9.0000
1.8190,0.4700,0.3050,0.3180,0.1290,0.0000,0.0000,1.0440,1.0000,4.2620,5.2110,4.0600,0.0000,0.0000,0.0000,70.0045,0.0000,4396.0000,1755.0000,0.0000,25.0000,37.0000,24.0000,9.0000
1.5890,0.5570,0.2870,0.2990,0.1270,0.0000,0.0000,0.7450,1.0000,4.2620,5.2110,4.0600,0.0000,0.0000,0.0000,70.0045,0.0000,4396.0000,1755.0000,0.0000,25.0000,37.0000,24.0000,8.0000
1.8090,0.4660,0.3490,0.2810,0.1730,0.0000,0.0000,0.9940,1.0000,4.2620,5.2110,4.0600,0.0000,0.0000,0.0000,70.0251,0.0000,4398.0000,1755.0000,0.0000,25.0000,37.0000,24.0000,8.0000
4.0500,0.5040,0.3210,0.2960,0.1740,0.0000,0.0000,3.2250,1.0000,4.2620,5.2110,4.0600,0.0000,0.0000,0.0000,70.0252,0.0000,4398.0000,1755.0000,0.0000,25.0000,37.0000,24.0000,8.0000
1.9870,0.4020,0.4640,0.2560,0.1830,0.0000,0.0000,1.1210,1.0000,4.2620,5.2110,4.0600,0.0000,0.0000,0.0000,69.7641,0.0000,4373.0000,1755.0000,0.0000,25.0000,37.0000,24.0000,8.0000
2.0140,0.6030,0.4420,0.4000,0.2170,0.0000,0.0000,0.9690,1.0000,4.2620,5.2110,4.0600,0.0000,0.0000,0.0000,69.7640,0.0000,4373.0000,1755.0000,0.0000,25.0000,37.0000,24.0000,8.0000
1.9390,0.6690,0.4400,0.4880,0.2180,0.0000,0.0000,0.8300,1.0000,4.2620,5.2110,4.0600,0.0000,0.0000,0.0000,69.7944,0.0000,4376.0000,1755.0000,0.0000,25.0000,37.0000,24.0000,8.0000
1.7640,0.6510,0.3760,0.3690,0.1920,0.0000,0.0000,0.7370,1.0000,4.2620,5.2110,4.0600,0.0000,0.0000,0.0000,69.7944,0.0000,4376.0000,1755.0000,0.0000,25.0000,37.0000,24.0000,7.0000
2.0180,0.4970,0.4240,0.3280,0.1640,0.0000,0.0000,1.0970,1.0000,4.2620,5.2110,4.0600,0.0000,0.0000,0.0000,69.7946,0.0000,4376.0000,1755.0000,0.0000,25.0000,37.0000,24.0000,6.0000
1.9200,0.4780,0.3600,0.3040,0.1550,0.0000,0.0000,1.0820,1.0000,4.2620,5.2110,4.0600,0.0000,0.0000,0.0000,69.7939,0.0000,4376.0000,1755.0000,0.0000,25.0000,36.0000,24.0000,7.0000
1.8360,0.5000,0.3520,0.3180,0.1580,0.0000,0.0000,0.9840,1.0000,4.2620,5.2110,4.0600,0.0000,0.0000,0.0000,69.7942,0.0000,4376.0000,1755.0000,0.0000,25.0000,36.0000,24.0000,8.0000
1.8030,0.5630,0.3440,0.3740,0.1560,0.0000,0.0000,0.8960,1.0000,4.2620,5.2110,4.0600,0.0000,0.0000,0.0000,69.7942,0.0000,4376.0000,1755.0000,0.0000,25.0000,36.0000,24.0000,9.0000
2.0880,0.5100,0.4250,0.3170,0.1880,0.0000,0.0000,1.1530,1.0000,4.2620,5.2110,4.0600,0.0000,0.0000,0.0000,69.8046,0.0000,4377.0000,1755.0000,0.0000,25.0000,36.0000,24.0000,9.0000
1.9090,0.5810,0.3460,0.3160,0.1460,0.0000,0.0000,0.9820,1.0000,4.2620,5.2110,4.0600,0.0000,0.0000,0.0000,69.8046,0.0000,4377.0000,1755.0000,0.0000,25.0000,36.0000,24.0000,9.0000
2.0360,0.5860,0.4300,0.3250,0.1870,0.0000,0.0000,1.0200,1.0000,4.2620,5.2110,4.0600,0.0000,0.0000,0.0000,69.8149,0.0000,4378.0000,1755.0000,0.0000,25.0000,36.0000,24.0000,8.0000
1.7900,0.5820,0.3510,0.3210,0.1520,0.0000,0.0000,0.8570,1.0000,4.2620,5.2110,4.0600,0.0000,0.0000,0.0000,69.8149,0.0000,4378.0000,1755.0000,0.0000,25.0000,36.0000,24.0000,7.0000
1.9720,0.5340,0.4130,0.3690,0.1680,0.0000,0.0000,1.0250,1.0000,4.2620,5.2110,4.0600,0.0000,0.0000,0.0000,69.8150,0.0000,4378.0000,1755.0000,0.0000,25.0000,36.0000,24.0000,7.0000
2.1910,0.5790,0.3910,0.4070,0.1610,0.0000,0.0000,1.2210,1.0000,4.2620,5.2110,4.0600,0.0000,0.0000,0.0000,69.8150,0.0000,4378.0000,1755.0000,0.0000,25.0000,36.0000,24.0000,8.0000
2.2210,0.5530,0.6210,0.3210,0.3790,0.0000,0.0000,1.0470,1.0000,4.2620,5.2110,4.0600,0.0000,0.0000,0.0000,69.8252,0.0000,4379.0000,1755.0000,0.0000,25.0000,36.0000,24.0000,8.0000
1.7800,0.5450,0.3400,0.3080,0.1500,0.0000,0.0000,0.8950,1.0000,4.2620,5.2110,4.0600,0.0000,0.0000,0.0000,69.8259,0.0000,4379.0000,1755.0000,0.0000,25.0000,37.0000,24.0000,8.0000
2.0190,0.5420,0.3810,0.3200,0.1520,0.0000,0.0000,1.0960,1.0000,4.2620,5.2110,4.0600,0.0000,0.0000,0.0000,69.8260,0.0000,4379.0000,1755.0000,0.0000,25.0000,37.0000,24.0000,9.0000
2.0300,0.5340,0.3740,0.3690,0.1560,0.0000,0.0000,1.1220,1.0000,4.2620,5.2110,4.0600,0.0000,0.0000,0.0000,69.8260,0.0000,4379.0000,1755.0000,0.0000,25.0000,37.0000,24.0000,9.0000
1.9140,0.6770,0.3640,0.3310,0.1530,0.0000,0.0000,0.8730,1.0000,4.2620,5.2110,4.0600,0.0000,0.0000,0.0000,69.8260,0.0000,4379.0000,1755.0000,0.0000,25.0000,37.0000,24.0000,9.0000
2.0440,0.5440,0.3520,0.3230,0.1500,0.0000,0.0000,1.1480,1.0000,4.2620,5.2110,4.0600,0.0000,0.0000,0.0000,69.8260,0.0000,4379.0000,1755.0000,0.0000,25.0000,37.0000,24.0000,9.0000
2.0520,0.6020,0.4340,0.3540,0.1930,0.0000,0.0000,1.0160,1.0000,4.2620,5.2110,4.0600,0.0000,0.0000,0.0000,69.8260,0.0000,4379.0000,1755.0000,0.0000,25.0000,37.0000,24.0000,9.0000
2.2360,0.5720,0.4050,0.3200,0.1980,0.0000,0.0000,1.2590,1.0000,4.2620,5.2110,4.0600,0.0000,0.0000,0.0000,69.8565,0.0000,4382.0000,1755.0000,0.0000,25.0000,37.0000,24.0000,6.0000
2.0770,0.6790,0.4040,0.3190,0.1970,0.0000,0.0000,0.9940,1.0000,4.2620,5.2110,4.0600,0.0000,0.0000,0.0000,69.8688,0.0000,4383.0000,1755.0000,0.0000,25.0000,37.0000,24.0000,5.0000
1.9430,0.5750,0.3500,0.3300,0.1600,0.0000,0.0000,1.0180,1.0000,4.2620,5.2110,4.0600,0.0000,0.0000,0.0000,69.8690,0.0000,4383.0000,1755.0000,0.0000,25.0000,37.0000,24.0000,6.0000
1.9430,0.4950,0.3410,0.3020,0.1530,0.0000,0.0000,1.1070,1.0000,4.2620,5.2110,4.0600,0.0000,0.0000,0.0000,69.8691,0.0000,4383.0000,1755.0000,0.0000,25.0000,37.0000,24.0000,6.0000
1.9940,0.5080,0.3720,0.3100,0.1830,0.0000,0.0000,1.1140,1.0000,4.2620,5.2110,4.0600,0.0000,0.0000,0.0000,69.8793,0.0000,4384.0000,1755.0000,0.0000,25.0000,37.0000,24.0000,8.0000
1.8490,0.5280,0.3570,0.3010,0.1540,0.0000,0.0000,0.9640,1.0000,4.2620,5.2110,4.0600,0.0000,0.0000,0.0000,69.8793,0.0000,4384.0000,1755.0000,0.0000,25.0000,37.0000,24.0000,8.0000
2.3850,0.4930,0.4380,0.3040,0.2210,0.0000,0.0000,1.4540,1.0000,4.2620,5.2110,4.0600,0.0000,0.0000,0.0000,69.8836,0.0000,4385.0000,1755.0000,0.0000,25.0000,37.0000,24.0000,8.0000
2.1540,0.5790,0.3570,0.3700,0.1520,0.0000,0.0000,1.2180,1.0000,4.2620,5.2110,4.0600,0.0000,0.0000,0.0000,69.8834,0.0000,4385.0000,1755.0000,0.0000,25.0000,37.0000,24.0000,8.0000
2.5680,0.7070,0.4490,0.4890,0.2490,0.0000,0.0000,1.4120,1.0000,4.2620,5.2110,4.0600,0.0000,0.0000,0.0000,69.8962,0.0000,4388.0000,1755.0000,0.0000,25.0000,37.0000,24.0000,8.0000
2.1000,0.8800,0.3650,0.5650,0.1590,0.0000,0.0000,0.8550,1.0000,4.2620,5.2110,4.0600,0.0000,0.0000,0.0000,69.8955,0.0000,4388.0000,1755.0000,0.0000,25.0000,36.0000,24.0000,8.0000
2.0510,0.5050,0.3830,0.3070,0.1870,0.0000,0.0000,1.1630,1.0000,4.2620,5.2110,4.0600,0.0000,0.0000,0.0000,69.9059,0.0000,4389.0000,1755.0000,0.0000,25.0000,36.0000,24.0000,8.0000
1.9600,0.5420,0.3730,0.3050,0.1880,0.0000,0.0000,1.0450,1.0000,4.2620,5.2110,4.0600,0.0000,0.0000,0.0000,69.9161,0.0000,4390.0000,1755.0000,0.0000,25.0000,36.0000,24.0000,8.0000
2.2440,0.5350,0.3990,0.2970,0.2140,0.0000,0.0000,1.3100,1.0000,4.2620,5.2110,4.0600,0.0000,0.0000,0.0000,69.9265,0.0000,4391.0000,1755.0000,0.0000,25.0000,36.0000,24.0000,8.0000
1.9020,0.5400,0.3970,0.3030,0.2000,0.0000,0.0000,0.9650,1.0000,4.2620,5.2110,4.0600,0.0000,0.0000,0.0000,69.9265,0.0000,4391.0000,1755.0000,0.0000,25.0000,36.0000,24.0000,6.0000
1.8320,0.4910,0.3370,0.3130,0.1530,0.0000,0.0000,1.0040,1.0000,4.2620,5.2110,4.0600,0.0000,0.0000,0.0000,69.9266,0.0000,4391.0000,1755.0000,0.0000,25.0000,36.0000,24.0000,7.0000
1.8840,0.4760,0.3480,0.2960,0.1660,0.0000,0.0000,1.0600,1.0000,4.2620,5.2110,4.0600,0.0000,0.0000,0.0000,69.9266,0.0000,4391.0000,1755.0000,0.0000,25.0000,36.0000,24.0000,7.0000
2.1450,0.4910,0.5390,0.3000,0.1750,0.0000,0.0000,1.1150,1.0000,4.2620,5.2110,4.0600,0.0000,0.0000,0.0000,69.9266,0.0000,4391.0000,1755.0000,0.0000,25.0000,36.0000,24.0000,7.0000
1.8360,0.5040,0.3540,0.3140,0.1650,0.0000,0.0000,0.9780,1.0000,4.2620,5.2110,4.0600,0.0000,0.0000,0.0000,69.9266,0.0000,4391.0000,1755.0000,0.0000,25.0000,36.0000,24.0000,7.0000
1.9420,0.4990,0.3530,0.3060,0.1650,0.0000,0.0000,1.0900,1.0000,4.2620,5.2110,4.0600,0.0000,0.0000,0.0000,69.9273,0.0000,4391.0000,1755.0000,0.0000,25.0000,37.0000,24.0000,7.0000
1.7830,0.5520,0.3580,0.3070,0.1540,0.0000,0.0000,0.8730,1.0000,4.2620,5.2110,4.0600,0.0000,0.0000,0.0000,69.9273,0.0000,4391.0000,1755.0000,0.0000,25.0000,37.0000,24.0000,5.0000
1.8620,0.5430,0.3720,0.3200,0.1660,0.0000,0.0000,0.9470,1.0000,4.2620,5.2110,4.0600,0.0000,0.0000,0.0000,69.9273,0.0000,4391.0000,1755.0000,0.0000,25.0000,37.0000,24.0000,6.0000
1.8140,0.5940,0.3800,0.4270,0.1580,0.0000,0.0000,0.8400,1.0000,4.2620,5.2110,4.0600,0.0000,0.0000,0.0000,69.9273,0.0000,4391.0000,1755.0000,0.0000,25.0000,37.0000,24.0000,6.0000
2.0080,0.5220,0.3720,0.3500,0.1920,0.0000,0.0000,1.1140,1.0000,4.2620,5.2110,4.0600,0.0000,0.0000,0.0000,69.9273,0.0000,4391.0000,1755.0000,0.0000,25.0000,37.0000,24.0000,7.0000
2.1350,0.5570,0.4550,0.3210,0.2390,0.0000,0.0000,1.1230,1.0000,4.2620,5.2110,4.0600,0.0000,0.0000,0.0000,69.9266,0.0000,4391.0000,1755.0000,0.0000,25.0000,36.0000,24.0000,7.0000
2.0110,0.5590,0.3880,0.3720,0.1580,0.0000,0.0000,1.0640,1.0000,4.2620,5.2110,4.0600,0.0000,0.0000,0.0000,69.9266,0.0000,4391.0000,1755.0000,0.0000,25.0000,36.0000,24.0000,7.0000
2.3250,0.5430,0.4160,0.3620,0.1950,0.0000,0.0000,1.3660,1.0000,4.2620,5.2110,4.0600,0.0000,0.0000,0.0000,69.9469,0.0000,4393.0000,1755.0000,0.0000,25.0000,36.0000,24.0000,7.0000
2.1200,0.8840,0.4170,0.6150,0.2030,0.0000,0.0000,0.8190,1.0000,4.2620,5.2110,4.0600,0.0000,0.0000,0.0000,69.9668,0.0000,4395.0000,1755.0000,0.0000,25.0000,36.0000,24.0000,7.0000
2.0030,0.6680,0.3840,0.3060,0.1840,0.0000,0.0000,0.9510,1.0000,4.2620,5.2110,4.0600,0.0000,0.0000,0.0000,69.7802,0.0000,4377.0000,1755.0000,0.0000,25.0000,37.0000,24.0000,7.0000
2.3310,0.5370,0.3770,0.3050,0.1870,0.0000,0.0000,1.4170,1.0000,4.2620,5.2110,4.0600,0.0000,0.0000,0.0000,69.8006,0.0000,4379.0000,1755.0000,0.0000,25.0000,37.0000,24.0000,7.0000
1.9470,0.8680,0.3490,0.5090,0.1500,0.0000,0.0000,0.7300,1.0000,4.2620,5.2110,4.0600,0.0000,0.0000,0.0000,69.7994,0.0000,4377.0000,1755.0000,0.0000,25.0000,37.0000,24.0000,7.0000
2.0120,0.5050,0.4010,0.3090,0.1960,0.0000,0.0000,1.1060,1.0000,4.2620,5.2110,4.0600,0.0000,0.0000,0.0000,69.7996,0.0000,4377.0000,1755.0000,0.0000,25.0000,37.0000,24.0000,7.0000
1.8740,0.4900,0.3280,0.3070,0.1450,0.0000,0.0000,1.0560,1.0000,4.2620,5.2110,4.0600,0.0000,0.0000,0.0000,69.7996,0.0000,4377.0000,1755.0000,0.0000,25.0000,37.0000,24.0000,7.0000
2.2130,0.4900,0.3750,0.3010,0.1770,0.0000,0.0000,1.3480,1.0000,4.2620,5.2110,4.0600,0.0000,0.0000,0.0000,69.7996,0.0000,4377.0000,1755.0000,0.0000,25.0000,37.0000,24.0000,8.0000
2.0250,0.5010,0.4460,0.3070,0.2250,0.0000,0.0000,1.0780,1.0000,4.2620,5.2110,4.0600,0.0000,0.0000,0.0000,69.7996,0.0000,4377.0000,1755.0000,0.0000,25.0000,37.0000,24.0000,8.0000
2.0530,0.5250,0.4190,0.3480,0.2280,0.0000,0.0000,1.1090,1.0000,4.2620,5.2110,4.0600,0.0000,0.0000,0.0000,69.8098,0.0000,4378.0000,1755.0000,0.0000,25.0000,37.0000,24.0000,8.0000
2.2410,0.5680,0.4820,0.3530,0.2100,0.0000,0.0000,1.1910,1.0000,4.2620,5.2110,4.0600,0.0000,0.0000,0.0000,69.8188,0.0000,4378.0000,1755.0000,0.0000,25.0000,37.0000,24.0000,8.0000
2.1290,0.6460,0.4850,0.4210,0.1930,0.0000,0.0000,0.9980,1.0000,4.2620,5.2110,4.0600,0.0000,0.0000,0.0000,69.8299,0.0000,4379.0000,1755.0000,0.0000,25.0000,38.0000,24.0000,7.0000
1.8110,0.5760,0.3500,0.3190,0.1500,0.0000,0.0000,0.8850,1.0000,4.2620,5.2110,4.0600,0.0000,0.0000,0.0000,69.8299,0.0000,4379.0000,1755.0000,0.0000,25.0000,38.0000,24.0000,7.0000
1.9140,0.5420,0.4140,0.3780,0.1960,0.0000,0.0000,0.9580,1.0000,4.2620,5.2110,4.0600,0.0000,0.0000,0.0000,69.8293,0.0000,4379.0000,1755.0000,0.0000,25.0000,37.0000,24.0000,7.0000
1.8980,0.5390,0.3640,0.3690,0.1480,0.0000,0.0000,0.9950,1.0000,4.2620,5.2110,4.0600,0.0000,0.0000,0.0000,69.8293,0.0000,4379.0000,1755.0000,0.0000,25.0000,37.0000,24.0000,7.0000
1.9420,0.4750,0.3720,0.3070,0.1880,0.0000,0.0000,1.0950,1.0000,4.2620,5.2110,4.0600,0.0000,0.0000,0.0000,69.8293,0.0000,4379.0000,1755.0000,0.0000,25.0000,37.0000,24.0000,8.0000
2.0340,0.4730,0.4200,0.3020,0.2140,0.0000,0.0000,1.1410,1.0000,4.2620,5.2110,4.0600,0.0000,0.0000,0.0000,69.8293,0.0000,4379.0000,1755.0000,0.0000,25.0000,37.0000,24.0000,8.0000
2.0420,0.4870,0.4340,0.3120,0.2130,0.0000,0.0000,1.1210,1.0000,4.2620,5.2110,4.0600,0.0000,0.0000,0.0000,69.8293,0.0000,4379.0000,1755.0000,0.0000,25.0000,37.0000,24.0000,8.0000
1.8460,0.5710,0.3890,0.3930,0.1900,0.0000,0.0000,0.8860,1.0000,4.2620,5.2110,4.0600,0.0000,0.0000,0.0000,69.8293,0.0000,4379.0000,1755.0000,0.0000,25.0000,37.0000,24.0000,7.0000
1.9480,0.4810,0.3440,0.3110,0.1530,0.0000,0.0000,1.1230,1.0000,4.2620,5.2110,4.0600,0.0000,0.0000,0.0000,69.8293,0.0000,4379.0000,1755.0000,0.0000,25.0000,37.0000,24.0000,5.0000
1.8290,0.4850,0.3410,0.3090,0.1560,0.0000,0.0000,1.0030,1.0000,4.2620,5.2110,4.0600,0.0000,0.0000,0.0000,69.8293,0.0000,4379.0000,1755.0000,0.0000,25.0000,37.0000,24.0000,5.0000
1.9620,0.4950,0.3710,0.3090,0.1820,0.0000,0.0000,1.0960,1.0000,4.2620,5.2110,4.0600,0.0000,0.0000,0.0000,69.8395,0.0000,4380.0000,1755.0000,0.0000,25.0000,37.0000,24.0000,6.0000
2.3490,0.5750,0.3770,0.3060,0.1890,0.0000,0.0000,1.3970,1.0000,4.2620,5.2110,4.0600,0.0000,0.0000,0.0000,69.8512,0.0000,4381.0000,1755.0000,0.0000,25.0000,37.0000,24.0000,6.0000
2.2720,0.8390,0.5610,0.4480,0.2280,0.0000,0.0000,0.8720,1.0000,4.2620,5.2110,4.0600,0.0000,0.0000,0.0000,69.8512,0.0000,4381.0000,1755.0000,0.0000,25.0000,37.0000,24.0000,6.0000
2.1720,0.6010,0.4150,0.4050,0.1740,0.0000,0.0000,1.1560,1.0000,4.2620,5.2110,4.0600,0.0000,0.0000,0.0000,69.8506,0.0000,4381.0000,1755.0000,0.0000,25.0000,36.0000,24.0000,7.0000
2.2920,0.5700,0.4470,0.3280,0.2000,0.0000,0.0000,1.2750,1.0000,4.2620,5.2110,4.0600,0.0000,0.0000,0.0000,69.8711,0.0000,4383.0000,1755.0000,0.0000,25.0000,36.0000,24.0000,6.0000
1.9530,0.7750,0.3600,0.3170,0.1580,0.0000,0.0000,0.8180,1.0000,4.2620,5.2110,4.0600,0.0000,0.0000,0.0000,69.8711,0.0000,4383.0000,1755.0000,0.0000,25.0000,36.0000,24.0000,6.0000
1.8620,0.5020,0.3430,0.3130,0.1480,0.0000,0.0000,1.0170,1.0000,4.2620,5.2110,4.0600,0.0000,0.0000,0.0000,69.8716,0.0000,4384.0000,1755.0000,0.0000,25.0000,36.0000,24.0000,6.0000
1.9310,0.4970,0.3470,0.3230,0.1460,0.0000,0.0000,1.0870,1.0000,4.2620,5.2110,4.0600,0.0000,0.0000,0.0000,69.8722,0.0000,4384.0000,1755.0000,0.0000,25.0000,37.0000,24.0000,7.0000
2.0000,0.5370,0.3580,0.3230,0.1540,0.0000,0.0000,1.1050,1.0000,4.2620,5.2110,4.0600,0.0000,0.0000,0.0000,69.8722,0.0000,4384.0000,1755.0000,0.0000,25.0000,37.0000,24.0000,7.0000
2.2310,0.5810,0.3620,0.3300,0.1520,0.0000,0.0000,1.2880,1.0000,4.2620,5.2110,4.0600,0.0000,0.0000,0.0000,69.8722,0.0000,4384.0000,1755.0000,0.0000,25.0000,37.0000,24.0000,6.0000
2.2410,0.5440,0.5340,0.3270,0.1650,0.0000,0.0000,1.1630,1.0000,4.2620,5.2110,4.0600,0.0000,0.0000,0.0000,69.8729,0.0000,4384.0000,1755.0000,0.0000,25.0000,38.0000,24.0000,6.0000
2.3690,0.5440,0.4290,0.3610,0.2400,0.0000,0.0000,1.3960,1.0000,4.2620,5.2110,4.0600,0.0000,0.0000,0.0000,69.8933,0.0000,4386.0000,1755.0000,0.0000,25.0000,38.0000,24.0000,4.0000
2.1010,0.6170,0.4110,0.3580,0.1980,0.0000,0.0000,1.0730,1.0000,4.2620,5.2110,4.0600,0.0000,0.0000,0.0000,69.9128,0.0000,4388.0000,1755.0000,0.0000,25.0000,37.0000,24.0000,4.0000
1.9050,0.6220,0.3760,0.3180,0.1670,0.0000,0.0000,0.9070,1.0000,4.2620,5.2110,4.0600,0.0000,0.0000,0.0000,69.9122,0.0000,4388.0000,1755.0000,0.0000,25.0000,36.0000,24.0000,5.0000
1.8240,0.6020,0.3560,0.4300,0.1640,0.0000,0.0000,0.8660,1.0000,4.2620,5.2110,4.0600,0.0000,0.0000,0.0000,69.9123,0.0000,4388.0000,1755.0000,0.0000,25.0000,36.0000,24.0000,5.0000
1.8870,0.5450,0.3640,0.3670,0.1540,0.0000,0.0000,0.9780,1.0000,4.2620,5.2110,4.0600,0.0000,0.0000,0.0000,69.9123,0.0000,4388.0000,1755.0000,0.0000,25.0000,36.0000,24.0000,5.0000
1.7980,0.5600,0.3760,0.3860,0.1910,0.0000,0.0000,0.8620,1.0000,4.2620,5.2110,4.0600,0.0000,0.0000,0.0000,69.9123,0.0000,4388.0000,1755.0000,0.0000,25.0000,36.0000,24.0000,6.0000
2.1130,0.4660,0.3390,0.2980,0.1560,0.0000,0.0000,1.3080,1.0000,4.2620,5.2110,4.0600,0.0000,0.0000,0.0000,69.9123,0.0000,4388.0000,1755.0000,0.0000,25.0000,36.0000,24.0000,6.0000
2.0960,0.6890,0.4290,0.4880,0.2280,0.0000,0.0000,0.9780,1.0000,4.2620,5.2110,4.0600,0.0000,0.0000,0.0000,69.9219,0.0000,4389.0000,1755.0000,0.0000,25.0000,35.0000,24.0000,6.0000
2.0760,0.5320,0.3820,0.3030,0.1990,0.0000,0.0000,1.1620,1.0000,4.2620,5.2110,4.0600,0.0000,0.0000,0.0000,69.9219,0.0000,4389.0000,1755.0000,0.0000,25.0000,35.0000,24.0000,4.0000
2.5600,0.7610,0.3970,0.5020,0.1620,0.0000,0.0000,1.4020,1.0000,4.2620,5.2110,4.0600,0.0000,0.0000,0.0000,69.9221,0.0000,4389.0000,1755.0000,0.0000,25.0000,35.0000,24.0000,4.0000
1.9970,0.5420,0.3560,0.3700,0.1550,0.0000,0.0000,1.0990,1.0000,4.2620,5.2110,4.0600,0.0000,0.0000,0.0000,69.9221,0.0000,4389.0000,1755.0000,0.0000,25.0000,35.0000,24.0000,5.0000
1.8880,0.5550,0.3410,0.3020,0.1520,0.0000,0.0000,0.9920,1.0000,4.2620,5.2110,4.0600,0.0000,0.0000,0.0000,69.9221,0.0000,4389.0000,1755.0000,0.0000,25.0000,35.0000,24.0000,5.0000
2.1630,0.4920,0.3480,0.3170,0.1500,0.0000,0.0000,1.3230,1.0000,4.2620,5.2110,4.0600,0.0000,0.0000,0.0000,69.9228,0.0000,4389.0000,1755.0000,0.0000,25.0000,36.0000,24.0000,6.0000
1.9940,0.7560,0.3700,0.5430,0.1630,0.0000,0.0000,0.8680,1.0000,4.2620,5.2110,4.0600,0.0000,0.0000,0.0000,69.9228,0.0000,4389.0000,1755.0000,0.0000,25.0000,36.0000,24.0000,6.0000
1.9520,0.5010,0.3710,0.3010,0.1790,0.0000,0.0000,1.0800,1.0000,4.2620,5.2110,4.0600,0.0000,0.0000,0.0000,69.9228,0.0000,4389.0000,1755.0000,0.0000,25.0000,36.0000,24.0000,6.0000
1.9090,0.5330,0.3600,0.3050,0.1520,0.0000,0.0000,1.0160,1.0000,4.2620,5.2110,4.0600,0.0000,0.0000,0.0000,69.9217,0.0000,4389.0000,1755.0000,0.0000,25.0000,35.0000,24.0000,6.0000
2.0110,0.5140,0.3600,0.3130,0.1700,0.0000,0.0000,1.1370,1.0000,4.2620,5.2110,4.0600,0.0000,0.0000,0.0000,69.7356,0.0000,4371.0000,1755.0000,0.0000,25.0000,35.0000,24.0000,6.0000
2.2580,0.5880,0.3440,0.3240,0.1500,0.0000,0.0000,1.3260,1.0000,4.2620,5.2110,4.0600,0.0000,0.0000,0.0000,69.7348,0.0000,4371.0000,1755.0000,0.0000,25.0000,35.0000,24.0000,6.0000
2.1590,0.8320,0.4000,0.6170,0.1980,0.0000,0.0000,0.9270,1.0000,4.2620,5.2110,4.0600,0.0000,0.0000,0.0000,69.7551,0.0000,4373.0000,1755.0000,0.0000,25.0000,35.0000,24.0000,6.0000
1.8770,0.5640,0.3990,0.3080,0.1930,0.0000,0.0000,0.9140,1.0000,4.2620,5.2110,4.0600,0.0000,0.0000,0.0000,69.7551,0.0000,4373.0000,1755.0000,0.0000,25.0000,35.0000,24.0000,6.0000
2.3130,0.4770,0.3870,0.3080,0.2050,0.0000,0.0000,1.4490,1.0000,4.2620,5.2110,4.0600,0.0000,0.0000,0.0000,69.7655,0.0000,4374.0000,1755.0000,0.0000,25.0000,35.0000,24.0000,5.0000
2.2230,0.7160,0.5820,0.3760,0.1810,0.0000,0.0000,0.9250,1.0000,4.2620,5.2110,4.0600,0.0000,0.0000,0.0000,69.7656,0.0000,4374.0000,1755.0000,0.0000,25.0000,35.0000,24.0000,6.0000
1.9760,0.5730,0.4060,0.3980,0.1610,0.0000,0.0000,0.9970,1.0000,4.2620,5.2110,4.0600,0.0000,0.0000,0.0000,69.7656,0.0000,4374.0000,1755.0000,0.0000,25.0000,35.0000,24.0000,6.0000
2.2820,0.5450,0.4070,0.3260,0.2090,0.0000,0.0000,1.3300,1.0000,4.2620,5.2110,4.0600,0.0000,0.0000,0.0000,69.7759,0.0000,4375.0000,1755.0000,0.0000,25.0000,35.0000,24.0000,5.0000
2.1650,0.5610,0.3580,0.3140,0.1590,0.0000,0.0000,1.2460,1.0000,4.2620,5.2110,4.0600,0.0000,0.0000,0.0000,69.7759,0.0000,4375.0000,1755.0000,0.0000,25.0000,35.0000,24.0000,4.0000
2.0460,0.7300,0.4050,0.5410,0.1940,0.0000,0.0000,0.9110,1.0000,4.2620,5.2110,4.0600,0.0000,0.0000,0.0000,69.7862,0.0000,4376.0000,1755.0000,0.0000,25.0000,35.0000,24.0000,4.0000
1.8150,0.5260,0.3430,0.3090,0.1520,0.0000,0.0000,0.9460,1.0000,4.2620,5.2110,4.0600,0.0000,0.0000,0.0000,69.7862,0.0000,4376.0000,1755.0000,0.0000,25.0000,35.0000,24.0000,5.0000
1.8180,0.4830,0.3450,0.3090,0.1550,0.0000,0.0000,0.9900,1.0000,4.2620,5.2110,4.0600,0.0000,0.0000,0.0000,69.7863,0.0000,4376.0000,1755.0000,0.0000,25.0000,35.0000,24.0000,5.0000
1.9700,0.5000,0.3570,0.3090,0.1540,0.0000,0.0000,1.1130,1.0000,4.2620,5.2110,4.0600,0.0000,0.0000,0.0000,69.7863,0.0000,4376.0000,1755.0000,0.0000,25.0000,35.0000,24.0000,5.0000
1.8340,0.5360,0.3730,0.3210,0.1580,0.0000,0.0000,0.9250,1.0000,4.2620,5.2110,4.0600,0.0000,0.0000,0.0000,69.7863,0.0000,4376.0000,1755.0000,0.0000,25.0000,35.0000,24.0000,5.0000
4.1790,0.5390,0.3990,0.3220,0.1600,0.0000,0.0000,3.2410,1.0000,4.2620,5.2110,4.0600,0.0000,0.0000,0.0000,69.7863,0.0000,4376.0000,1755.0000,0.0000,25.0000,35.0000,24.0000,6.0000
2.0680,0.6120,0.4300,0.3780,0.1880,0.0000,0.0000,1.0260,1.0000,4.2620,5.2110,4.0600,0.0000,0.0000,0.0000,69.7863,0.0000,4376.0000,1755.0000,0.0000,25.0000,35.0000,24.0000,5.0000
1.9510,0.5300,0.3660,0.3310,0.1650,0.0000,0.0000,1.0550,1.0000,4.2620,5.2110,4.0600,0.0000,0.0000,0.0000,69.7863,0.0000,4376.0000,1755.0000,0.0000,25.0000,35.0000,24.0000,5.0000
1.9230,0.5690,0.3660,0.3240,0.1620,0.0000,0.0000,0.9880,1.0000,4.2620,5.2110,4.0600,0.0000,0.0000,0.0000,69.7863,0.0000,4376.0000,1755.0000,0.0000,25.0000,35.0000,24.0000,4.0000
1.9000,0.5610,0.3760,0.3250,0.1620,0.0000,0.0000,0.9630,1.0000,4.2620,5.2110,4.0600,0.0000,0.0000,0.0000,69.7863,0.0000,4376.0000,1755.0000,0.0000,25.0000,35.0000,24.0000,4.0000
1.9570,0.5540,0.4040,0.3300,0.1580,0.0000,0.0000,0.9990,1.0000,4.2620,5.2110,4.0600,0.0000,0.0000,0.0000,69.7856,0.0000,4376.0000,1755.0000,0.0000,25.0000,34.0000,24.0000,4.0000
1.9400,0.5550,0.3800,0.3840,0.1630,0.0000,0.0000,1.0050,1.0000,4.2620,5.2110,4.0600,0.0000,0.0000,0.0000,69.7856,0.0000,4376.0000,1755.0000,0.0000,25.0000,34.0000,24.0000,4.0000
1.9790,0.5490,0.4280,0.3800,0.1700,0.0000,0.0000,1.0020,1.0000,4.2620,5.2110,4.0600,0.0000,0.0000,0.0000,69.7856,0.0000,4376.0000,1755.0000,0.0000,25.0000,34.0000,24.0000,4.0000
1.8880,0.5670,0.3910,0.3890,0.1700,0.0000,0.0000,0.9300,1.0000,4.2620,5.2110,4.0600,0.0000,0.0000,0.0000,69.7849,0.0000,4376.0000,1755.0000,0.0000,25.0000,33.0000,24.0000,4.0000
2.1020,0.5490,0.4260,0.3770,0.2330,0.0000,0.0000,1.1270,1.0000,4.2620,5.2110,4.0600,0.0000,0.0000,0.0000,69.7851,0.0000,4376.0000,1755.0000,0.0000,25.0000,33.0000,24.0000,5.0000
1.9440,0.6520,0.4080,0.4790,0.1780,0.0000,0.0000,0.8840,1.0000,4.2620,5.2110,4.0600,0.0000,0.0000,0.0000,69.7850,0.0000,4376.0000,1755.0000,0.0000,25.0000,33.0000,24.0000,6.0000
1.9130,0.6010,0.4430,0.4250,0.2200,0.0000,0.0000,0.8690,1.0000,4.2620,5.2110,4.0600,0.0000,0.0000,0.0000,69.7850,0.0000,4376.0000,1755.0000,0.0000,25.0000,33.0000,24.0000,6.0000
2.2500,0.5500,0.4060,0.3810,0.2140,0.0000,0.0000,1.2940,1.0000,4.2620,5.2110,4.0600,0.0000,0.0000,0.0000,69.7850,0.0000,4376.0000,1755.0000,0.0000,25.0000,33.0000,24.0000,7.0000
2.2480,0.6570,0.5090,0.4170,0.2290,0.0000,0.0000,1.0820,1.0000,4.2620,5.2110,4.0600,0.0000,0.0000,0.0000,69.8155,0.0000,4379.0000,1755.0000,0.0000,25.0000,33.0000,24.0000,7.0000
3.1080,0.6970,0.3560,0.3350,0.1560,0.0000,0.0000,2.0550,1.0000,4.2620,5.2110,4.0600,0.0000,0.0000,0.0000,69.8155,0.0000,4379.0000,1755.0000,0.0000,25.0000,33.0000,24.0000,7.0000
2.0240,0.7280,0.4110,0.5070,0.1650,0.0000,0.0000,0.8850,1.0000,4.2620,5.2110,4.0600,0.0000,0.0000,0.0000,69.8157,0.0000,4379.0000,1755.0000,0.0000,25.0000,33.0000,24.0000,9.0000
2.2060,0.5070,0.4150,0.3140,0.2080,0.0000,0.0000,1.2840,1.0000,4.2620,5.2110,4.0600,0.0000,0.0000,0.0000,69.8382,0.0000,4381.0000,1755.0000,0.0000,25.0000,33.0000,24.0000,8.0000
2.2960,0.6040,0.3740,0.3270,0.1630,0.0000,0.0000,1.3180,1.0000,4.2620,5.2110,4.0600,0.0000,0.0000,0.0000,69.8390,0.0000,4381.0000,1755.0000,0.0000,25.0000,34.0000,24.0000,9.0000
2.4570,0.4910,0.5180,0.3150,0.2670,0.0000,0.0000,1.4480,1.0000,4.2620,5.2110,4.0600,0.0000,0.0000,0.0000,69.8617,0.0000,4383.0000,1755.0000,0.0000,25.0000,35.0000,24.0000,8.0000
1.8850,0.6800,0.3680,0.3360,0.1620,0.0000,0.0000,0.8370,1.0000,4.2620,5.2110,4.0600,0.0000,0.0000,0.0000,69.8624,0.0000,4383.0000,1755.0000,0.0000,25.0000,36.0000,24.0000,8.0000
2.0160,0.5150,0.3590,0.3180,0.1570,0.0000,0.0000,1.1420,1.0000,4.2620,5.2110,4.0600,0.0000,0.0000,0.0000,69.8632,0.0000,4383.0000,1755.0000,0.0000,25.0000,37.0000,24.0000,8.0000
1.9660,0.5640,0.3380,0.3370,0.1460,0.0000,0.0000,1.0640,1.0000,4.2620,5.2110,4.0600,0.0000,0.0000,0.0000,69.8632,0.0000,4383.0000,1755.0000,0.0000,25.0000,37.0000,24.0000,8.0000
2.1350,0.5630,0.4000,0.3360,0.1920,0.0000,0.0000,1.1720,1.0000,4.2620,5.2110,4.0600,0.0000,0.0000,0.0000,69.8728,0.0000,4384.0000,1755.0000,0.0000,25.0000,36.0000,24.0000,8.0000
2.1100,0.6180,0.3900,0.3270,0.1920,0.0000,0.0000,1.1020,1.0000,4.2620,5.2110,4.0600,0.0000,0.0000,0.0000,69.8838,0.0000,4385.0000,1755.0000,0.0000,25.0000,37.0000,24.0000,8.0000
2.0400,0.5650,0.3810,0.3120,0.1850,0.0000,0.0000,1.0940,1.0000,4.2620,5.2110,4.0600,0.0000,0.0000,0.0000,69.8943,0.0000,4386.0000,1755.0000,0.0000,25.0000,37.0000,24.0000,8.0000
1.9740,0.5420,0.3430,0.3050,0.1520,0.0000,0.0000,1.0890,1.0000,4.2620,5.2110,4.0600,0.0000,0.0000,0.0000,69.8944,0.0000,4386.0000,1755.0000,0.0000,25.0000,37.0000,24.0000,9.0000
2.0550,0.5050,0.3650,0.3090,0.1600,0.0000,0.0000,1.1850,1.0000,4.2620,5.2110,4.0600,0.0000,0.0000,0.0000,69.8946,0.0000,4386.0000,1755.0000,0.0000,25.0000,37.0000,24.0000,10.0000
2.0340,0.6020,0.3820,0.4140,0.1900,0.0000,0.0000,1.0500,1.0000,4.2620,5.2110,4.0600,0.0000,0.0000,0.0000,69.9062,0.0000,4387.0000,1755.0000,0.0000,25.0000,37.0000,24.0000,9.0000
1.9260,0.5330,0.3540,0.3060,0.1540,0.0000,0.0000,1.0390,1.0000,4.2620,5.2110,4.0600,0.0000,0.0000,0.0000,69.9056,0.0000,4387.0000,1755.0000,0.0000,25.0000,36.0000,24.0000,9.0000
3.1930,0.4810,0.4310,0.3040,0.2200,0.0000,0.0000,2.2810,1.0000,4.2620,5.2110,4.0600,0.0000,0.0000,0.0000,69.9056,0.0000,4387.0000,1755.0000,0.0000,25.0000,36.0000,24.0000,9.0000
2.3070,0.5050,0.5020,0.3130,0.2600,0.0000,0.0000,1.3000,1.0000,4.2620,5.2110,4.0600,0.0000,0.0000,0.0000,69.7506,0.0000,4372.0000,1755.0000,0.0000,25.0000,36.0000,24.0000,9.0000
2.2240,0.6980,0.4690,0.4220,0.2010,0.0000,0.0000,1.0570,1.0000,4.2620,5.2110,4.0600,0.0000,0.0000,0.0000,69.7607,0.0000,4373.0000,1755.0000,0.0000,25.0000,36.0000,24.0000,9.0000
1.9780,0.5840,0.3720,0.3210,0.1560,0.0000,0.0000,1.0220,1.0000,4.2620,5.2110,4.0600,0.0000,0.0000,0.0000,69.7609,0.0000,4373.0000,1755.0000,0.0000,25.0000,36.0000,24.0000,9.0000
1.8780,0.5470,0.3700,0.3220,0.1620,0.0000,0.0000,0.9610,1.0000,4.2620,5.2110,4.0600,0.0000,0.0000,0.0000,69.7609,0.0000,4373.0000,1755.0000,0.0000,25.0000,36.0000,24.0000,9.0000
2.4610,0.5400,0.5700,0.3190,0.3820,0.0000,0.0000,1.3510,1.0000,4.2620,5.2110,4.0600,0.0000,0.0000,0.0000,69.7609,0.0000,4373.0000,1755.0000,0.0000,25.0000,36.0000,24.0000,9.0000
2.1050,0.5500,0.3860,0.3280,0.1610,0.0000,0.0000,1.1690,1.0000,4.2620,5.2110,4.0600,0.0000,0.0000,0.0000,69.7611,0.0000,4373.0000,1755.0000,0.0000,25.0000,36.0000,24.0000,10.0000
2.2710,0.5650,0.5090,0.3870,0.2620,0.0000,0.0000,1.1970,1.0000,4.2620,5.2110,4.0600,0.0000,0.0000,0.0000,69.7714,0.0000,4374.0000,1755.0000,0.0000,25.0000,36.0000,24.0000,10.0000
1.9270,0.6900,0.4030,0.4710,0.1690,0.0000,0.0000,0.8340,1.0000,4.2620,5.2110,4.0600,0.0000,0.0000,0.0000,69.7714,0.0000,4374.0000,1755.0000,0.0000,25.0000,36.0000,24.0000,10.0000
1.9970,0.5500,0.3930,0.3710,0.1730,0.0000,0.0000,1.0540,1.0000,4.2620,5.2110,4.0600,0.0000,0.0000,0.0000,69.7715,0.0000,4374.0000,1755.0000,0.0000,25.0000,36.0000,24.0000,10.0000
3.0740,0.5430,0.9140,0.3710,0.6900,0.0000,0.0000,1.6170,1.0000,4.2620,5.2110,4.0600,0.0000,0.0000,0.0000,69.7817,0.0000,4375.0000,1755.0000,0.0000,25.0000,36.0000,24.0000,10.0000
2.1760,0.5770,0.4950,0.3160,0.2040,0.0000,0.0000,1.1040,1.0000,4.2620,5.2110,4.0600,0.0000,0.0000,0.0000,69.7933,0.0000,4376.0000,1755.0000,0.0000,25.0000,36.0000,24.0000,11.0000
2.2250,0.6030,0.3600,0.3800,0.1730,0.0000,0.0000,1.2620,1.0000,4.2620,5.2110,4.0600,0.0000,0.0000,0.0000,69.7941,0.0000,4376.0000,1755.0000,0.0000,25.0000,37.0000,24.0000,10.0000
1.9690,0.5690,0.3450,0.3870,0.1490,0.0000,0.0000,1.0550,1.0000,4.2620,5.2110,4.0600,0.0000,0.0000,0.0000,69.7941,0.0000,4376.0000,1755.0000,0.0000,25.0000,37.0000,24.0000,10.0000
1.9500,0.5180,0.3820,0.3310,0.1540,0.0000,0.0000,1.0500,1.0000,4.2620,5.2110,4.0600,0.0000,0.0000,0.0000,69.7935,0.0000,4376.0000,1755.0000,0.0000,25.0000,36.0000,24.0000,10.0000
1.9880,0.5800,0.3450,0.3240,0.1450,0.0000,0.0000,1.0630,1.0000,4.2620,5.2110,4.0600,0.0000,0.0000,0.0000,69.7935,0.0000,4376.0000,1755.0000,0.0000,25.0000,36.0000,24.0000,10.0000
1.9030,0.5750,0.3440,0.3340,0.1450,0.0000,0.0000,0.9840,1.0000,4.2620,5.2110,4.0600,0.0000,0.0000,0.0000,69.7948,0.0000,4376.0000,1755.0000,0.0000,25.0000,38.0000,24.0000,10.0000
2.0860,0.5710,0.4580,0.3360,0.2040,0.0000,0.0000,1.0570,1.0000,4.2620,5.2110,4.0600,0.0000,0.0000,0.0000,69.8051,0.0000,4377.0000,1755.0000,0.0000,25.0000,38.0000,24.0000,10.0000
1.9330,0.5930,0.3850,0.3310,0.1810,0.0000,0.0000,0.9550,1.0000,4.2620,5.2110,4.0600,0.0000,0.0000,0.0000,69.8154,0.0000,4378.0000,1755.0000,0.0000,25.0000,38.0000,24.0000,10.0000
1.9400,0.5940,0.3930,0.3330,0.1520,0.0000,0.0000,0.9530,1.0000,4.2620,5.2110,4.0600,0.0000,0.0000,0.0000,69.8162,0.0000,4378.0000,1755.0000,0.0000,25.0000,39.0000,24.0000,10.0000
1.9470,0.6370,0.3920,0.4140,0.2030,0.0000,0.0000,0.9180,1.0000,4.2620,5.2110,4.0600,0.0000,0.0000,0.0000,69.8265,0.0000,4379.0000,1755.0000,0.0000,25.0000,39.0000,24.0000,10.0000
1.9620,0.5900,0.4000,0.3320,0.1690,0.0000,0.0000,0.9720,1.0000,4.2620,5.2110,4.0600,0.0000,0.0000,0.0000,69.8265,0.0000,4379.0000,1755.0000,0.0000,25.0000,39.0000,24.0000,10.0000
1.9270,0.5710,0.4180,0.4020,0.1980,0.0000,0.0000,0.9380,1.0000,4.2620,5.2110,4.0600,0.0000,0.0000,0.0000,69.8361,0.0000,4380.0000,1755.0000,0.0000,25.0000,38.0000,24.0000,10.0000
2.1050,0.5830,0.4510,0.3740,0.2350,0.0000,0.0000,1.0710,1.0000,4.2620,5.2110,4.0600,0.0000,0.0000,0.0000,69.8465,0.0000,4381.0000,1755.0000,0.0000,25.0000,38.0000,24.0000,11.0000
1.9750,0.5830,0.3640,0.3700,0.1690,0.0000,0.0000,1.0280,1.0000,4.2620,5.2110,4.0600,0.0000,0.0000,0.0000,69.8473,0.0000,4381.0000,1755.0000,0.0000,25.0000,39.0000,24.0000,11.0000
2.0350,0.5430,0.4170,0.3720,0.1640,0.0000,0.0000,1.0750,1.0000,4.2620,5.2110,4.0600,0.0000,0.0000,0.0000,69.8478,0.0000,4381.0000,1755.0000,0.0000,25.0000,39.0000,24.0000,12.0000
2.0580,0.6740,0.3850,0.5020,0.2000,0.0000,0.0000,0.9990,1.0000,4.2620,5.2110,4.0600,0.0000,0.0000,0.0000,69.8583,0.0000,4382.0000,1755.0000,0.0000,25.0000,39.0000,24.0000,13.0000
2.0520,0.6780,0.3970,0.4610,0.1580,0.0000,0.0000,0.9770,1.0000,4.2620,5.2110,4.0600,0.0000,0.0000,0.0000,69.8583,0.0000,4382.0000,1755.0000,0.0000,25.0000,39.0000,24.0000,13.0000
1.8910,0.5600,0.3500,0.3930,0.1490,0.0000,0.0000,0.9810,1.0000,4.2620,5.2110,4.0600,0.0000,0.0000,0.0000,69.8584,0.0000,4382.0000,1755.0000,0.0000,25.0000,39.0000,24.0000,14.0000
1.9710,0.5600,0.4050,0.3840,0.1740,0.0000,0.0000,1.0060,1.0000,4.2620,5.2110,4.0600,0.0000,0.0000,0.0000,69.8591,0.0000,4382.0000,1755.0000,0.0000,25.0000,40.0000,24.0000,13.0000
2.1480,0.5600,0.4260,0.3880,0.2130,0.0000,0.0000,1.1620,1.0000,4.2620,5.2110,4.0600,0.0000,0.0000,0.0000,69.8803,0.0000,4384.0000,1755.0000,0.0000,25.0000,41.0000,24.0000,14.0000
2.0080,0.6340,0.4050,0.3890,0.1610,0.0000,0.0000,0.9690,1.0000,4.2620,5.2110,4.0600,0.0000,0.0000,0.0000,69.8803,0.0000,4384.0000,1755.0000,0.0000,25.0000,41.0000,24.0000,14.0000
1.9870,0.5510,0.3920,0.3340,0.1870,0.0000,0.0000,1.0440,1.0000,4.2620,5.2110,4.0600,0.0000,0.0000,0.0000,69.8908,0.0000,4385.0000,1755.0000,0.0000,25.0000,41.0000,24.0000,14.0000
2.2990,0.5940,0.4580,0.3320,0.2180,0.0000,0.0000,1.2470,1.0000,4.2620,5.2110,4.0600,0.0000,0.0000,0.0000,69.9308,0.0000,4389.0000,1755.0000,0.0000,25.0000,40.0000,24.0000,14.0000
4.1160,0.7100,0.3460,0.3150,0.1530,0.0000,0.0000,3.0600,1.0000,4.2620,5.2110,4.0600,0.0000,0.0000,0.0000,69.9295,0.0000,4389.0000,1755.0000,0.0000,25.0000,38.0000,24.0000,13.0000
2.3670,0.5760,0.5420,0.3430,0.3120,0.0000,0.0000,1.2490,1.0000,4.2620,5.2110,4.0600,0.0000,0.0000,0.0000,69.9494,0.0000,4391.0000,1755.0000,0.0000,25.0000,37.0000,24.0000,13.0000
1.9860,0.7560,0.3950,0.4640,0.1650,0.0000,0.0000,0.8350,1.0000,4.2620,5.2110,4.0600,0.0000,0.0000,0.0000,69.9494,0.0000,4391.0000,1755.0000,0.0000,25.0000,37.0000,24.0000,13.0000
1.9500,0.5700,0.3710,0.3730,0.1500,0.0000,0.0000,1.0090,1.0000,4.2620,5.2110,4.0600,0.0000,0.0000,0.0000,69.9502,0.0000,4391.0000,1755.0000,0.0000,25.0000,38.0000,24.0000,13.0000
2.5010,0.6160,0.4170,0.4150,0.1950,0.0000,0.0000,1.4680,1.0000,4.2620,5.2110,4.0600,0.0000,0.0000,0.0000,69.9715,0.0000,4393.0000,1755.0000,0.0000,25.0000,39.0000,24.0000,13.0000
2.1830,0.9410,0.4840,0.6090,0.1830,0.0000,0.0000,0.7580,1.0000,4.2620,5.2110,4.0600,0.0000,0.0000,0.0000,69.9715,0.0000,4393.0000,1755.0000,0.0000,25.0000,39.0000,24.0000,13.0000
2.0690,0.5260,0.3990,0.3300,0.1910,0.0000,0.0000,1.1440,1.0000,4.2620,5.2110,4.0600,0.0000,0.0000,0.0000,69.9818,0.0000,4394.0000,1755.0000,0.0000,25.0000,39.0000,24.0000,12.0000
2.1710,0.5460,0.4720,0.3270,0.2460,0.0000,0.0000,1.1530,1.0000,4.2620,5.2110,4.0600,0.0000,0.0000,0.0000,70.0021,0.0000,4396.0000,1755.0000,0.0000,25.0000,39.0000,24.0000,12.0000
1.9610,0.6390,0.3870,0.3770,0.1900,0.0000,0.0000,0.9350,1.0000,4.2620,5.2110,4.0600,0.0000,0.0000,0.0000,70.0016,0.0000,4396.0000,1755.0000,0.0000,25.0000,38.0000,24.0000,12.0000
5.0920,0.5090,0.3860,0.3290,0.1950,0.0000,0.0000,4.1970,1.0000,4.2620,5.2110,4.0600,0.0000,0.0000,0.0000,70.0017,0.0000,4396.0000,1755.0000,0.0000,25.0000,38.0000,24.0000,12.0000
4.2080,0.5160,0.5050,0.3340,0.2090,0.0000,0.0000,3.1870,1.0000,4.2620,5.2110,4.0600,0.0000,0.0000,0.0000,69.7942,0.0000,4376.0000,1755.0000,0.0000,25.0000,38.0000,24.0000,12.0000
4.2710,2.7710,0.4350,2.5690,0.2030,0.0000,0.0000,1.0650,1.0000,4.2620,5.2110,4.0600,0.0000,0.0000,0.0000,69.8045,0.0000,4377.0000,1755.0000,0.0000,25.0000,38.0000,24.0000,13.0000
2.2920,2.8170,0.4360,0.3870,0.2150,0.0000,0.0000,0.0000,1.0000,4.2620,5.2110,4.0600,0.0000,0.0000,0.0000,69.8241,0.0000,4379.0000,1755.0000,0.0000,25.0000,37.0000,24.0000,13.0000
1.9660,0.6450,0.3750,0.3400,0.1580,0.0000,0.0000,0.9460,1.0000,4.2620,5.2110,4.0600,0.0000,0.0000,0.0000,69.8242,0.0000,4379.0000,1755.0000,0.0000,25.0000,37.0000,24.0000,13.0000
1.8870,0.5000,0.3430,0.3150,0.1470,0.0000,0.0000,1.0440,1.0000,4.2620,5.2110,4.0600,0.0000,0.0000,0.0000,69.8236,0.0000,4379.0000,1755.0000,0.0000,25.0000,36.0000,24.0000,13.0000
2.0150,0.5160,0.3690,0.3270,0.1800,0.0000,0.0000,1.1300,1.0000,4.2620,5.2110,4.0600,0.0000,0.0000,0.0000,69.8346,0.0000,4380.0000,1755.0000,0.0000,25.0000,37.0000,24.0000,13.0000
1.9660,0.5480,0.3890,0.3170,0.1980,0.0000,0.0000,1.0290,1.0000,4.2620,5.2110,4.0600,0.0000,0.0000,0.0000,69.8443,0.0000,4381.0000,1755.0000,0.0000,25.0000,36.0000,24.0000,13.0000
1.9100,0.5530,0.3590,0.3150,0.1680,0.0000,0.0000,0.9980,1.0000,4.2620,5.2110,4.0600,0.0000,0.0000,0.0000,69.8437,0.0000,4381.0000,1755.0000,0.0000,25.0000,35.0000,24.0000,13.0000
1.9460,0.5540,0.3420,0.3170,0.1520,0.0000,0.0000,1.0500,1.0000,4.2620,5.2110,4.0600,0.0000,0.0000,0.0000,69.8437,0.0000,4381.0000,1755.0000,0.0000,25.0000,35.0000,24.0000,13.0000
2.0590,0.5560,0.3940,0.3260,0.1860,0.0000,0.0000,1.1090,1.0000,4.2620,5.2110,4.0600,0.0000,0.0000,0.0000,69.8540,0.0000,4382.0000,1755.0000,0.0000,25.0000,35.0000,24.0000,13.0000
1.9290,0.5960,0.3450,0.3200,0.1510,0.0000,0.0000,0.9880,1.0000,4.2620,5.2110,4.0600,0.0000,0.0000,0.0000,69.8540,0.0000,4382.0000,1755.0000,0.0000,25.0000,35.0000,24.0000,13.0000
1.9230,0.5570,0.3490,0.3300,0.1510,0.0000,0.0000,1.0170,1.0000,4.2620,5.2110,4.0600,0.0000,0.0000,0.0000,69.8541,0.0000,4382.0000,1755.0000,0.0000,25.0000,35.0000,24.0000,13.0000
2.1420,0.6140,0.4140,0.3200,0.2080,0.0000,0.0000,1.1140,1.0000,4.2620,5.2110,4.0600,0.0000,0.0000,0.0000,69.8948,0.0000,4386.0000,1755.0000,0.0000,25.0000,35.0000,24.0000,13.0000
1.8350,0.7070,0.3390,0.3140,0.1470,0.0000,0.0000,0.7890,1.0000,4.2620,5.2110,4.0600,0.0000,0.0000,0.0000,69.8955,0.0000,4386.0000,1755.0000,0.0000,25.0000,36.0000,24.0000,13.0000
1.8620,0.5960,0.3500,0.3180,0.1480,0.0000,0.0000,0.9160,1.0000,4.2620,5.2110,4.0600,0.0000,0.0000,0.0000,69.8957,0.0000,4386.0000,1755.0000,0.0000,25.0000,36.0000,24.0000,13.0000
1.8690,0.5520,0.3500,0.3270,0.1490,0.0000,0.0000,0.9670,1.0000,4.2620,5.2110,4.0600,0.0000,0.0000,0.0000,69.8957,0.0000,4386.0000,1755.0000,0.0000,25.0000,36.0000,24.0000,13.0000
1.8510,0.5980,0.3820,0.4300,0.1650,0.0000,0.0000,0.8710,1.0000,4.2620,5.2110,4.0600,0.0000,0.0000,0.0000,69.8950,0.0000,4386.0000,1755.0000,0.0000,25.0000,35.0000,24.0000,13.0000
1.8490,0.5690,0.3770,0.3690,0.1840,0.0000,0.0000,0.9030,1.0000,4.2620,5.2110,4.0600,0.0000,0.0000,0.0000,69.8957,0.0000,4386.0000,1755.0000,0.0000,25.0000,36.0000,24.0000,13.0000
1.8350,0.4850,0.3460,0.3080,0.1580,0.0000,0.0000,1.0040,1.0000,4.2620,5.2110,4.0600,0.0000,0.0000,0.0000,69.8957,0.0000,4386.0000,1755.0000,0.0000,25.0000,36.0000,24.0000,13.0000
2.0220,0.4890,0.3770,0.3110,0.1890,0.0000,0.0000,1.1560,1.0000,4.2620,5.2110,4.0600,0.0000,0.0000,0.0000,69.9159,0.0000,4388.0000,1755.0000,0.0000,25.0000,36.0000,24.0000,13.0000
1.9210,0.5870,0.3630,0.3110,0.1740,0.0000,0.0000,0.9710,1.0000,4.2620,5.2110,4.0600,0.0000,0.0000,0.0000,69.9272,0.0000,4389.0000,1755.0000,0.0000,25.0000,37.0000,24.0000,13.0000
1.8130,0.5510,0.3310,0.3100,0.1430,0.0000,0.0000,0.9310,1.0000,4.2620,5.2110,4.0600,0.0000,0.0000,0.0000,69.9273,0.0000,4389.0000,1755.0000,0.0000,25.0000,37.0000,24.0000,13.0000
1.8440,0.5150,0.3220,0.3340,0.1370,0.0000,0.0000,1.0070,1.0000,4.2620,5.2110,4.0600,0.0000,0.0000,0.0000,69.9267,0.0000,4389.0000,1755.0000,0.0000,25.0000,36.0000,24.0000,13.0000
1.8400,0.5590,0.3530,0.3290,0.1460,0.0000,0.0000,0.9280,1.0000,4.2620,5.2110,4.0600,0.0000,0.0000,0.0000,69.9260,0.0000,4389.0000,1755.0000,0.0000,25.0000,35.0000,24.0000,13.0000
2.0440,0.5770,0.4680,0.3860,0.2510,0.0000,0.0000,0.9990,1.0000,4.2620,5.2110,4.0600,0.0000,0.0000,0.0000,69.9465,0.0000,4391.0000,1755.0000,0.0000,25.0000,35.0000,24.0000,13.0000
1.9140,0.6410,0.4150,0.3870,0.1990,0.0000,0.0000,0.8580,1.0000,4.2620,5.2110,4.0600,0.0000,0.0000,0.0000,69.9568,0.0000,4392.0000,1755.0000,0.0000,25.0000,35.0000,24.0000,13.0000
2.0350,0.5860,0.4290,0.3710,0.2100,0.0000,0.0000,1.0200,1.0000,4.2620,5.2110,4.0600,0.0000,0.0000,0.0000,69.9569,0.0000,4392.0000,1755.0000,0.0000,25.0000,35.0000,24.0000,13.0000
1.8530,0.5600,0.3870,0.3780,0.1590,0.0000,0.0000,0.9060,1.0000,4.2620,5.2110,4.0600,0.0000,0.0000,0.0000,69.9562,0.0000,4392.0000,1755.0000,0.0000,25.0000,34.0000,24.0000,13.0000
2.0260,0.5570,0.4750,0.3800,0.2850,0.0000,0.0000,0.9940,1.0000,4.2620,5.2110,4.0600,0.0000,0.0000,0.0000,69.9665,0.0000,4393.0000,1755.0000,0.0000,25.0000,34.0000,24.0000,13.0000
2.0250,0.5840,0.4100,0.3660,0.2220,0.0000,0.0000,1.0310,1.0000,4.2620,5.2110,4.0600,0.0000,0.0000,0.0000,69.9775,0.0000,4394.0000,1755.0000,0.0000,25.0000,35.0000,24.0000,13.0000
2.0110,0.5850,0.4460,0.3660,0.2590,0.0000,0.0000,0.9800,1.0000,4.2620,5.2110,4.0600,0.0000,0.0000,0.0000,69.9878,0.0000,4395.0000,1755.0000,0.0000,25.0000,35.0000,24.0000,13.0000
2.2160,0.6090,0.3670,0.3880,0.1800,0.0000,0.0000,1.2400,1.0000,4.2620,5.2110,4.0600,0.0000,0.0000,0.0000,69.9871,0.0000,4395.0000,1755.0000,0.0000,25.0000,35.0000,24.0000,13.0000
2.2210,0.8880,0.4900,0.7020,0.2500,0.0000,0.0000,0.8430,1.0000,4.2620,5.2110,4.0600,0.0000,0.0000,0.0000,69.9974,0.0000,4396.0000,1755.0000,0.0000,25.0000,35.0000,24.0000,13.0000
1.8270,0.5960,0.3290,0.3210,0.1400,0.0000,0.0000,0.9020,1.0000,4.2620,5.2110,4.0600,0.0000,0.0000,0.0000,69.9974,0.0000,4396.0000,1755.0000,0.0000,25.0000,35.0000,24.0000,13.0000
2.0520,0.5580,0.4090,0.3280,0.1620,0.0000,0.0000,1.0850,1.0000,4.2620,5.2110,4.0600,0.0000,0.0000,0.0000,69.9966,0.0000,4396.0000,1755.0000,0.0000,25.0000,34.0000,24.0000,13.0000
1.9940,0.6670,0.3950,0.4890,0.1900,0.0000,0.0000,0.9320,1.0000,4.2620,5.2110,4.0600,0.0000,0.0000,0.0000,70.0164,0.0000,4398.0000,1755.0000,0.0000,25.0000,33.0000,24.0000,13.0000
1.8830,0.6480,0.3900,0.3420,0.1490,0.0000,0.0000,0.8450,1.0000,4.2620,5.2110,4.0600,0.0000,0.0000,0.0000,70.0164,0.0000,4398.0000,1755.0000,0.0000,25.0000,33.0000,24.0000,14.0000
1.8210,0.5660,0.3860,0.3920,0.1620,0.0000,0.0000,0.8690,1.0000,4.2620,5.2110,4.0600,0.0000,0.0000,0.0000,70.0165,0.0000,4398.0000,1755.0000,0.0000,25.0000,33.0000,24.0000,14.0000
1.9350,0.5550,0.4110,0.3760,0.2260,0.0000,0.0000,0.9690,1.0000,4.2620,5.2110,4.0600,0.0000,0.0000,0.0000,70.0164,0.0000,4398.0000,1755.0000,0.0000,25.0000,33.0000,24.0000,15.0000
1.7950,0.6000,0.4000,0.4190,0.2140,0.0000,0.0000,0.7950,1.0000,4.2620,5.2110,4.0600,0.0000,0.0000,0.0000,70.0164,0.0000,4398.0000,1755.0000,0.0000,25.0000,33.0000,24.0000,15.0000
1.8450,0.4900,0.3290,0.3100,0.1460,0.0000,0.0000,1.0260,1.0000,4.2620,5.2110,4.0600,0.0000,0.0000,0.0000,70.0164,0.0000,4398.0000,1755.0000,0.0000,25.0000,33.0000,24.0000,15.0000
1.8190,0.4990,0.3490,0.3110,0.1630,0.0000,0.0000,0.9710,1.0000,4.2620,5.2110,4.0600,0.0000,0.0000,0.0000,70.0164,0.0000,4398.0000,1755.0000,0.0000,25.0000,33.0000,24.0000,15.0000
2.1530,0.5040,0.3940,0.3100,0.1900,0.0000,0.0000,1.2550,1.0000,4.2620,5.2110,4.0600,0.0000,0.0000,0.0000,70.0384,0.0000,4400.0000,1755.0000,0.0000,25.0000,33.0000,24.0000,15.0000
2.1360,0.6780,0.3940,0.3160,0.1900,0.0000,0.0000,1.0640,1.0000,4.2620,5.2110,4.0600,0.0000,0.0000,0.0000,70.0591,0.0000,4402.0000,1755.0000,0.0000,25.0000,33.0000,24.0000,14.0000
2.0170,0.5890,0.3720,0.3080,0.1640,0.0000,0.0000,1.0560,1.0000,4.2620,5.2110,4.0600,0.0000,0.0000,0.0000,70.0592,0.0000,4402.0000,1755.0000,0.0000,25.0000,33.0000,24.0000,15.0000
1.9190,0.5090,0.3480,0.3140,0.1560,0.0000,0.0000,1.0620,1.0000,4.2620,5.2110,4.0600,0.0000,0.0000,0.0000,70.0593,0.0000,4402.0000,1755.0000,0.0000,25.0000,33.0000,24.0000,15.0000
1.9380,0.5210,0.3460,0.3190,0.1500,0.0000,0.0000,1.0710,1.0000,4.2620,5.2110,4.0600,0.0000,0.0000,0.0000,70.0593,0.0000,4402.0000,1755.0000,0.0000,25.0000,33.0000,24.0000,15.0000
2.1030,0.6570,0.3930,0.3350,0.1980,0.0000,0.0000,1.0530,1.0000,4.2620,5.2110,4.0600,0.0000,0.0000,0.0000,69.8401,0.0000,4381.0000,1755.0000,0.0000,25.0000,33.0000,24.0000,13.0000
2.0850,0.5770,0.3800,0.3190,0.1930,0.0000,0.0000,1.1280,1.0000,4.2620,5.2110,4.0600,0.0000,0.0000,0.0000,69.8606,0.0000,4383.0000,1755.0000,0.0000,25.0000,33.0000,24.0000,13.0000
1.9500,0.5970,0.3440,0.3300,0.1530,0.0000,0.0000,1.0090,1.0000,4.2620,5.2110,4.0600,0.0000,0.0000,0.0000,69.8606,0.0000,4383.0000,1755.0000,0.0000,25.0000,33.0000,24.0000,13.0000
1.9660,0.5070,0.3350,0.3170,0.1520,0.0000,0.0000,1.1240,1.0000,4.2620,5.2110,4.0600,0.0000,0.0000,0.0000,69.8614,0.0000,4383.0000,1755.0000,0.0000,25.0000,34.0000,24.0000,13.0000
2.0260,0.4990,0.3850,0.3110,0.1940,0.0000,0.0000,1.1420,1.0000,4.2620,5.2110,4.0600,0.0000,0.0000,0.0000,69.8816,0.0000,4385.0000,1755.0000,0.0000,25.0000,34.0000,24.0000,13.0000
2.0410,0.5680,0.3920,0.3080,0.2050,0.0000,0.0000,1.0810,1.0000,4.2620,5.2110,4.0600,0.0000,0.0000,0.0000,69.8919,0.0000,4386.0000,1755.0000,0.0000,25.0000,34.0000,24.0000,13.0000
2.0260,0.5360,0.3680,0.3110,0.1810,0.0000,0.0000,1.1220,1.0000,4.2620,5.2110,4.0600,0.0000,0.0000,0.0000,69.9036,0.0000,4387.0000,1755.0000,0.0000,25.0000,34.0000,24.0000,13.0000
1.9830,0.5340,0.3760,0.3060,0.1850,0.0000,0.0000,1.0730,1.0000,4.2620,5.2110,4.0600,0.0000,0.0000,0.0000,69.9140,0.0000,4388.0000,1755.0000,0.0000,25.0000,34.0000,24.0000,11.0000
1.9370,0.5320,0.3750,0.3070,0.1890,0.0000,0.0000,1.0300,1.0000,4.2620,5.2110,4.0600,0.0000,0.0000,0.0000,69.9244,0.0000,4389.0000,1755.0000,0.0000,25.0000,34.0000,24.0000,11.0000
1.9390,0.5380,0.3440,0.3130,0.1520,0.0000,0.0000,1.0570,1.0000,4.2620,5.2110,4.0600,0.0000,0.0000,0.0000,69.9245,0.0000,4389.0000,1755.0000,0.0000,25.0000,34.0000,24.0000,11.0000
1.9890,0.5130,0.3830,0.3100,0.1950,0.0000,0.0000,1.0930,1.0000,4.2620,5.2110,4.0600,0.0000,0.0000,0.0000,69.9355,0.0000,4390.0000,1755.0000,0.0000,25.0000,33.0000,24.0000,11.0000
2.1700,0.5520,0.4200,0.3050,0.2020,0.0000,0.0000,1.1980,1.0000,4.2620,5.2110,4.0600,0.0000,0.0000,0.0000,69.9561,0.0000,4392.0000,1755.0000,0.0000,25.0000,33.0000,24.0000,11.0000
1.8950,0.6440,0.3410,0.3150,0.1510,0.0000,0.0000,0.9100,1.0000,4.2620,5.2110,4.0600,0.0000,0.0000,0.0000,69.9562,0.0000,4392.0000,1755.0000,0.0000,25.0000,33.0000,24.0000,11.0000
1.9090,0.4960,0.3400,0.3060,0.1490,0.0000,0.0000,1.0730,1.0000,4.2620,5.2110,4.0600,0.0000,0.0000,0.0000,69.9556,0.0000,4392.0000,1755.0000,0.0000,25.0000,32.0000,24.0000,11.0000
1.7930,0.5090,0.3390,0.3100,0.1480,0.0000,0.0000,0.9450,1.0000,4.2620,5.2110,4.0600,0.0000,0.0000,0.0000,69.9556,0.0000,4392.0000,1755.0000,0.0000,25.0000,32.0000,24.0000,11.0000
1.9330,0.5030,0.3560,0.3090,0.1520,0.0000,0.0000,1.0740,1.0000,4.2620,5.2110,4.0600,0.0000,0.0000,0.0000,69.9549,0.0000,4392.0000,1755.0000,0.0000,25.0000,31.0000,24.0000,11.0000
1.7990,0.6090,0.3550,0.3770,0.1510,0.0000,0.0000,0.8350,1.0000,4.2620,5.2110,4.0600,0.0000,0.0000,0.0000,69.9549,0.0000,4392.0000,1755.0000,0.0000,25.0000,31.0000,24.0000,11.0000
1.8860,0.5560,0.3890,0.3790,0.1630,0.0000,0.0000,0.9410,1.0000,4.2620,5.2110,4.0600,0.0000,0.0000,0.0000,69.9549,0.0000,4392.0000,1755.0000,0.0000,25.0000,31.0000,24.0000,11.0000
1.8270,0.5950,0.3750,0.4130,0.1940,0.0000,0.0000,0.8570,1.0000,4.2620,5.2110,4.0600,0.0000,0.0000,0.0000,69.9549,0.0000,4392.0000,1755.0000,0.0000,25.0000,31.0000,24.0000,11.0000
2.1460,0.4970,0.4390,0.3170,0.2490,0.0000,0.0000,1.2100,1.0000,4.2620,5.2110,4.0600,0.0000,0.0000,0.0000,69.9857,0.0000,4395.0000,1755.0000,0.0000,25.0000,31.0000,24.0000,11.0000
1.9480,0.7750,0.4170,0.4640,0.1530,0.0000,0.0000,0.7560,1.0000,4.2620,5.2110,4.0600,0.0000,0.0000,0.0000,69.9974,0.0000,4396.0000,1755.0000,0.0000,25.0000,31.0000,24.0000,11.0000
2.0060,0.6010,0.3740,0.3610,0.1920,0.0000,0.0000,1.0310,1.0000,4.2620,5.2110,4.0600,0.0000,0.0000,0.0000,69.9976,0.0000,4396.0000,1755.0000,0.0000,25.0000,31.0000,24.0000,11.0000
1.9130,0.5260,0.3840,0.3260,0.1900,0.0000,0.0000,1.0030,1.0000,4.2620,5.2110,4.0600,0.0000,0.0000,0.0000,69.9976,0.0000,4396.0000,1755.0000,0.0000,25.0000,31.0000,24.0000,11.0000
2.0390,0.4920,0.4250,0.3090,0.2370,0.0000,0.0000,1.1220,1.0000,4.2620,5.2110,4.0600,0.0000,0.0000,0.0000,70.0179,0.0000,4398.0000,1755.0000,0.0000,25.0000,31.0000,24.0000,11.0000
1.9320,0.5640,0.4190,0.3040,0.2230,0.0000,0.0000,0.9490,1.0000,4.2620,5.2110,4.0600,0.0000,0.0000,0.0000,70.0282,0.0000,4399.0000,1755.0000,0.0000,25.0000,31.0000,24.0000,11.0000
1.9540,0.5340,0.3500,0.3100,0.1500,0.0000,0.0000,1.0700,1.0000,4.2620,5.2110,4.0600,0.0000,0.0000,0.0000,70.0283,0.0000,4399.0000,1755.0000,0.0000,25.0000,31.0000,24.0000,11.0000
1.8580,0.5220,0.3360,0.3340,0.1450,0.0000,0.0000,1.0000,1.0000,4.2620,5.2110,4.0600,0.0000,0.0000,0.0000,70.0284,0.0000,4399.0000,1755.0000,0.0000,25.0000,31.0000,24.0000,11.0000
1.9340,0.5060,0.3710,0.3170,0.1770,0.0000,0.0000,1.0570,1.0000,4.2620,5.2110,4.0600,0.0000,0.0000,0.0000,70.0380,0.0000,4400.0000,1755.0000,0.0000,25.0000,30.0000,24.0000,11.0000
1.9650,0.5610,0.3970,0.3110,0.1870,0.0000,0.0000,1.0070,1.0000,4.2620,5.2110,4.0600,0.0000,0.0000,0.0000,70.0582,0.0000,4402.0000,1755.0000,0.0000,25.0000,30.0000,24.0000,11.0000
1.7390,0.5950,0.3300,0.3050,0.1440,0.0000,0.0000,0.8140,1.0000,4.2620,5.2110,4.0600,0.0000,0.0000,0.0000,70.0582,0.0000,4402.0000,1755.0000,0.0000,25.0000,30.0000,24.0000,11.0000
1.8250,0.5540,0.3830,0.3210,0.1460,0.0000,0.0000,0.8880,1.0000,4.2620,5.2110,4.0600,0.0000,0.0000,0.0000,70.0583,0.0000,4402.0000,1755.0000,0.0000,25.0000,30.0000,24.0000,11.0000
2.0080,0.5620,0.4180,0.3800,0.2010,0.0000,0.0000,1.0280,1.0000,4.2620,5.2110,4.0600,0.0000,0.0000,0.0000,70.0784,0.0000,4404.0000,1755.0000,0.0000,25.0000,30.0000,24.0000,12.0000
1.9460,0.7010,0.4460,0.4400,0.2200,0.0000,0.0000,0.7990,1.0000,4.2620,5.2110,4.0600,0.0000,0.0000,0.0000,70.0784,0.0000,4404.0000,1755.0000,0.0000,25.0000,30.0000,24.0000,12.0000
1.9330,0.5540,0.3720,0.3680,0.1510,0.0000,0.0000,1.0070,1.0000,4.2620,5.2110,4.0600,0.0000,0.0000,0.0000,70.0785,0.0000,4404.0000,1755.0000,0.0000,25.0000,30.0000,24.0000,12.0000
2.0440,0.5530,0.4790,0.3670,0.2860,0.0000,0.0000,1.0120,1.0000,4.2620,5.2110,4.0600,0.0000,0.0000,0.0000,70.0987,0.0000,4406.0000,1755.0000,0.0000,25.0000,30.0000,24.0000,12.0000
2.1320,0.6310,0.4170,0.3670,0.1930,0.0000,0.0000,1.0840,1.0000,4.2620,5.2110,4.0600,0.0000,0.0000,0.0000,70.1189,0.0000,4408.0000,1755.0000,0.0000,25.0000,30.0000,24.0000,13.0000
1.9810,0.7490,0.4230,0.4630,0.1670,0.0000,0.0000,0.8090,1.0000,4.2620,5.2110,4.0600,0.0000,0.0000,0.0000,70.1197,0.0000,4408.0000,1755.0000,0.0000,25.0000,31.0000,24.0000,13.0000
2.0510,0.5870,0.4350,0.3950,0.2130,0.0000,0.0000,1.0290,1.0000,4.2620,5.2110,4.0600,0.0000,0.0000,0.0000,70.1401,0.0000,4410.0000,1755.0000,0.0000,25.0000,31.0000,24.0000,13.0000
2.0220,0.6460,0.4140,0.3790,0.1510,0.0000,0.0000,0.9620,1.0000,4.2620,5.2110,4.0600,0.0000,0.0000,0.0000,70.1401,0.0000,4410.0000,1755.0000,0.0000,25.0000,31.0000,24.0000,13.0000
1.9550,0.6000,0.3610,0.3870,0.1640,0.0000,0.0000,0.9940,1.0000,4.2620,5.2110,4.0600,0.0000,0.0000,0.0000,70.1437,0.0000,4411.0000,1755.0000,0.0000,25.0000,31.0000,24.0000,13.0000
2.2360,0.5960,0.4270,0.4090,0.1710,0.0000,0.0000,1.2130,1.0000,4.2620,5.2110,4.0600,0.0000,0.0000,0.0000,70.1428,0.0000,4411.0000,1755.0000,0.0000,25.0000,31.0000,24.0000,14.0000
2.2130,0.6710,0.4410,0.4750,0.2170,0.0000,0.0000,1.1010,1.0000,4.2620,5.2110,4.0600,0.0000,0.0000,0.0000,70.1684,0.0000,4417.0000,1755.0000,0.0000,25.0000,31.0000,24.0000,14.0000
2.2160,0.6720,0.4160,0.3200,0.2180,0.0000,0.0000,1.1280,1.0000,4.2620,5.2110,4.0600,0.0000,0.0000,0.0000,70.1995,0.0000,4420.0000,1755.0000,0.0000,25.0000,32.0000,24.0000,14.0000
2.0520,0.7250,0.4440,0.3360,0.2430,0.0000,0.0000,0.8830,1.0000,4.2620,5.2110,4.0600,0.0000,0.0000,0.0000,70.2099,0.0000,4421.0000,1755.0000,0.0000,25.0000,32.0000,24.0000,15.0000
2.0410,0.5540,0.4460,0.3080,0.2510,0.0000,0.0000,1.0410,1.0000,4.2620,5.2110,4.0600,0.0000,0.0000,0.0000,70.2208,0.0000,4422.0000,1755.0000,0.0000,25.0000,32.0000,24.0000,14.0000
3.0630,0.6240,0.3840,0.3730,0.2010,0.0000,0.0000,2.0550,1.0000,4.2620,5.2110,4.0600,0.0000,0.0000,0.0000,70.2201,0.0000,4422.0000,1755.0000,0.0000,25.0000,31.0000,24.0000,14.0000
2.2120,0.6260,0.5000,0.3890,0.2490,0.0000,0.0000,1.0860,1.0000,4.2620,5.2110,4.0600,0.0000,0.0000,0.0000,70.2504,0.0000,4425.0000,1755.0000,0.0000,25.0000,31.0000,24.0000,15.0000
2.0360,0.7210,0.4530,0.3410,0.1660,0.0000,0.0000,0.8620,1.0000,4.2620,5.2110,4.0600,0.0000,0.0000,0.0000,69.8230,0.0000,4384.0000,1755.0000,0.0000,25.0000,31.0000,24.0000,15.0000
1.9780,0.5800,0.3630,0.3320,0.1540,0.0000,0.0000,1.0350,1.0000,4.2620,5.2110,4.0600,0.0000,0.0000,0.0000,69.8231,0.0000,4384.0000,1755.0000,0.0000,25.0000,31.0000,24.0000,13.0000
2.2360,0.5870,0.4420,0.4110,0.1980,0.0000,0.0000,1.2070,1.0000,4.2620,5.2110,4.0600,0.0000,0.0000,0.0000,69.8348,0.0000,4385.0000,1755.0000,0.0000,25.0000,33.0000,24.0000,12.0000
2.0970,0.6960,0.4100,0.3560,0.1950,0.0000,0.0000,0.9910,1.0000,4.2620,5.2110,4.0600,0.0000,0.0000,0.0000,69.8451,0.0000,4386.0000,1755.0000,0.0000,25.0000,33.0000,24.0000,12.0000
2.0050,0.5980,0.4070,0.3500,0.1920,0.0000,0.0000,1.0000,1.0000,4.2620,5.2110,4.0600,0.0000,0.0000,0.0000,69.8554,0.0000,4387.0000,1755.0000,0.0000,25.0000,33.0000,24.0000,12.0000
1.8450,0.5550,0.3420,0.3180,0.1520,0.0000,0.0000,0.9480,1.0000,4.2620,5.2110,4.0600,0.0000,0.0000,0.0000,69.8555,0.0000,4387.0000,1755.0000,0.0000,25.0000,33.0000,24.0000,13.0000
2.0640,0.5710,0.4090,0.3240,0.2030,0.0000,0.0000,1.0840,1.0000,4.2620,5.2110,4.0600,0.0000,0.0000,0.0000,69.8659,0.0000,4388.0000,1755.0000,0.0000,25.0000,33.0000,24.0000,12.0000
2.0700,0.6130,0.3940,0.3130,0.1990,0.0000,0.0000,1.0630,1.0000,4.2620,5.2110,4.0600,0.0000,0.0000,0.0000,69.8865,0.0000,4390.0000,1755.0000,0.0000,25.0000,33.0000,24.0000,12.0000
1.8560,0.6360,0.3500,0.3080,0.1540,0.0000,0.0000,0.8700,1.0000,4.2620,5.2110,4.0600,0.0000,0.0000,0.0000,69.8866,0.0000,4390.0000,1755.0000,0.0000,25.0000,33.0000,24.0000,13.0000
1.8960,0.5600,0.3840,0.3270,0.1620,0.0000,0.0000,0.9520,1.0000,4.2620,5.2110,4.0600,0.0000,0.0000,0.0000,69.8867,0.0000,4390.0000,1755.0000,0.0000,25.0000,33.0000,24.0000,12.0000
1.9850,0.5630,0.4070,0.3300,0.1650,0.0000,0.0000,1.0150,1.0000,4.2620,5.2110,4.0600,0.0000,0.0000,0.0000,69.8867,0.0000,4390.0000,1755.0000,0.0000,25.0000,33.0000,24.0000,12.0000
2.0020,0.5530,0.3790,0.3210,0.1830,0.0000,0.0000,1.0700,1.0000,4.2620,5.2110,4.0600,0.0000,0.0000,0.0000,69.8969,0.0000,4391.0000,1755.0000,0.0000,25.0000,33.0000,24.0000,12.0000
2.1000,0.6050,0.4200,0.3280,0.1700,0.0000,0.0000,1.0750,1.0000,4.2620,5.2110,4.0600,0.0000,0.0000,0.0000,69.8969,0.0000,4391.0000,1755.0000,0.0000,25.0000,33.0000,24.0000,13.0000
2.1480,0.6490,0.3470,0.3990,0.1480,0.0000,0.0000,1.1520,1.0000,4.2620,5.2110,4.0600,0.0000,0.0000,0.0000,69.8970,0.0000,4391.0000,1755.0000,0.0000,25.0000,33.0000,24.0000,12.0000
1.9180,0.5780,0.3370,0.3470,0.1500,0.0000,0.0000,1.0030,1.0000,4.2620,5.2110,4.0600,0.0000,0.0000,0.0000,69.8972,0.0000,4391.0000,1755.0000,0.0000,25.0000,33.0000,24.0000,12.0000
2.1570,0.5230,0.4040,0.3170,0.1620,0.0000,0.0000,1.2300,1.0000,4.2620,5.2110,4.0600,0.0000,0.0000,0.0000,69.8949,0.0000,4387.0000,1755.0000,0.0000,25.0000,33.0000,24.0000,13.0000
1.8640,0.5500,0.3640,0.3340,0.1650,0.0000,0.0000,0.9500,1.0000,4.2620,5.2110,4.0600,0.0000,0.0000,0.0000,69.8949,0.0000,4387.0000,1755.0000,0.0000,25.0000,33.0000,24.0000,12.0000
2.0160,0.5160,0.3790,0.3130,0.1890,0.0000,0.0000,1.1210,1.0000,4.2620,5.2110,4.0600,0.0000,0.0000,0.0000,69.9058,0.0000,4388.0000,1755.0000,0.0000,25.0000,34.0000,24.0000,12.0000
2.1090,0.5890,0.4230,0.3180,0.2080,0.0000,0.0000,1.0970,1.0000,4.2620,5.2110,4.0600,0.0000,0.0000,0.0000,69.9363,0.0000,4391.0000,1755.0000,0.0000,25.0000,34.0000,24.0000,13.0000
1.8370,0.6460,0.3620,0.3230,0.1550,0.0000,0.0000,0.8290,1.0000,4.2620,5.2110,4.0600,0.0000,0.0000,0.0000,69.9364,0.0000,4391.0000,1755.0000,0.0000,25.0000,34.0000,24.0000,12.0000
1.9010,0.5130,0.3680,0.3140,0.1580,0.0000,0.0000,1.0200,1.0000,4.2620,5.2110,4.0600,0.0000,0.0000,0.0000,69.9365,0.0000,4391.0000,1755.0000,0.0000,25.0000,34.0000,24.0000,12.0000
1.8060,0.5700,0.3660,0.3410,0.1620,0.0000,0.0000,0.8700,1.0000,4.2620,5.2110,4.0600,0.0000,0.0000,0.0000,69.9365,0.0000,4391.0000,1755.0000,0.0000,25.0000,34.0000,24.0000,12.0000
2.0170,0.5610,0.4590,0.3710,0.2400,0.0000,0.0000,0.9970,1.0000,4.2620,5.2110,4.0600,0.0000,0.0000,0.0000,69.9455,0.0000,4391.0000,1755.0000,0.0000,25.0000,34.0000,24.0000,13.0000
1.8570,0.6170,0.3910,0.3740,0.1670,0.0000,0.0000,0.8490,1.0000,4.2620,5.2110,4.0600,0.0000,0.0000,0.0000,69.9455,0.0000,4391.0000,1755.0000,0.0000,25.0000,34.0000,24.0000,12.0000
1.9970,0.5590,0.4710,0.3810,0.2840,0.0000,0.0000,0.9670,1.0000,4.2620,5.2110,4.0600,0.0000,0.0000,0.0000,69.9558,0.0000,4392.0000,1755.0000,0.0000,25.0000,34.0000,24.0000,12.0000
1.9900,0.5770,0.4230,0.3610,0.2340,0.0000,0.0000,0.9900,1.0000,4.2620,5.2110,4.0600,0.0000,0.0000,0.0000,69.9757,0.0000,4394.0000,1755.0000,0.0000,25.0000,33.0000,24.0000,13.0000
2.0060,0.6170,0.4760,0.3620,0.2870,0.0000,0.0000,0.9130,1.0000,4.2620,5.2110,4.0600,0.0000,0.0000,0.0000,69.9860,0.0000,4395.0000,1755.0000,0.0000,25.0000,33.0000,24.0000,12.0000
1.9550,0.5870,0.4100,0.3660,0.2210,0.0000,0.0000,0.9580,1.0000,4.2620,5.2110,4.0600,0.0000,0.0000,0.0000,69.9957,0.0000,4396.0000,1755.0000,0.0000,25.0000,32.0000,24.0000,12.0000
1.9680,0.5820,0.3890,0.3610,0.1920,0.0000,0.0000,0.9970,1.0000,4.2620,5.2110,4.0600,0.0000,0.0000,0.0000,69.9957,0.0000,4396.0000,1755.0000,0.0000,25.0000,32.0000,24.0000,13.0000
1.9750,0.5480,0.3850,0.3650,0.1950,0.0000,0.0000,1.0420,1.0000,4.2620,5.2110,4.0600,0.0000,0.0000,0.0000,69.9958,0.0000,4396.0000,1755.0000,0.0000,25.0000,32.0000,24.0000,12.0000
2.2080,0.5030,0.4300,0.3150,0.2440,0.0000,0.0000,1.2750,1.0000,4.2620,5.2110,4.0600,0.0000,0.0000,0.0000,70.0067,0.0000,4397.0000,1755.0000,0.0000,25.0000,33.0000,24.0000,12.0000
1.9570,0.6180,0.3930,0.3830,0.1650,0.0000,0.0000,0.9460,1.0000,4.2620,5.2110,4.0600,0.0000,0.0000,0.0000,70.0060,0.0000,4397.0000,1755.0000,0.0000,25.0000,32.0000,24.0000,12.0000
2.0430,0.5760,0.4400,0.3910,0.2190,0.0000,0.0000,1.0270,1.0000,4.2620,5.2110,4.0600,0.0000,0.0000,0.0000,70.0061,0.0000,4397.0000,1755.0000,0.0000,25.0000,32.0000,24.0000,13.0000
1.9100,0.5900,0.3950,0.4050,0.1730,0.0000,0.0000,0.9250,1.0000,4.2620,5.2110,4.0600,0.0000,0.0000,0.0000,70.0068,0.0000,4397.0000,1755.0000,0.0000,25.0000,33.0000,24.0000,12.0000
1.9840,0.5670,0.4280,0.3810,0.2380,0.0000,0.0000,0.9890,1.0000,4.2620,5.2110,4.0600,0.0000,0.0000,0.0000,70.0068,0.0000,4397.0000,1755.0000,0.0000,25.0000,33.0000,24.0000,11.0000
2.1760,0.5740,0.4210,0.3880,0.2290,0.0000,0.0000,1.1810,1.0000,4.2620,5.2110,4.0600,0.0000,0.0000,0.0000,70.0171,0.0000,4398.0000,1755.0000,0.0000,25.0000,33.0000,24.0000,12.0000
1.9890,0.7230,0.4540,0.4930,0.1800,0.0000,0.0000,0.8120,1.0000,4.2620,5.2110,4.0600,0.0000,0.0000,0.0000,70.0171,0.0000,4398.0000,1755.0000,0.0000,25.0000,33.0000,24.0000,11.0000
2.0420,0.5760,0.3990,0.3920,0.1780,0.0000,0.0000,1.0670,1.0000,4.2620,5.2110,4.0600,0.0000,0.0000,0.0000,70.0171,0.0000,4398.0000,1755.0000,0.0000,25.0000,33.0000,24.0000,11.0000
1.9800,0.5950,0.4340,0.4070,0.1580,0.0000,0.0000,0.9510,1.0000,4.2620,5.2110,4.0600,0.0000,0.0000,0.0000,70.0164,0.0000,4398.0000,1755.0000,0.0000,25.0000,32.0000,24.0000,12.0000
1.9270,0.5840,0.3970,0.4020,0.1760,0.0000,0.0000,0.9460,1.0000,4.2620,5.2110,4.0600,0.0000,0.0000,0.0000,70.0164,0.0000,4398.0000,1755.0000,0.0000,25.0000,32.0000,24.0000,11.0000
2.0100,0.5910,0.4360,0.3880,0.2140,0.0000,0.0000,0.9830,1.0000,4.2620,5.2110,4.0600,0.0000,0.0000,0.0000,70.0171,0.0000,4398.0000,1755.0000,0.0000,25.0000,33.0000,24.0000,11.0000
2.1310,0.6100,0.4460,0.4120,0.2230,0.0000,0.0000,1.0750,1.0000,4.2620,5.2110,4.0600,0.0000,0.0000,0.0000,70.0376,0.0000,4400.0000,1755.0000,0.0000,25.0000,33.0000,24.0000,12.0000
2.0210,0.6460,0.4120,0.3770,0.1610,0.0000,0.0000,0.9630,1.0000,4.2620,5.2110,4.0600,0.0000,0.0000,0.0000,70.0376,0.0000,4400.0000,1755.0000,0.0000,25.0000,33.0000,24.0000,11.0000
2.0800,0.5820,0.4110,0.3980,0.2040,0.0000,0.0000,1.0870,1.0000,4.2620,5.2110,4.0600,0.0000,0.0000,0.0000,70.0580,0.0000,4402.0000,1755.0000,0.0000,25.0000,33.0000,24.0000,11.0000
2.0930,0.6400,0.4000,0.3290,0.1590,0.0000,0.0000,1.0530,1.0000,4.2620,5.2110,4.0600,0.0000,0.0000,0.0000,70.0580,0.0000,4402.0000,1755.0000,0.0000,25.0000,33.0000,24.0000,10.0000
2.0610,0.5800,0.3810,0.3330,0.1860,0.0000,0.0000,1.1000,1.0000,4.2620,5.2110,4.0600,0.0000,0.0000,0.0000,70.0683,0.0000,4403.0000,1755.0000,0.0000,25.0000,33.0000,24.0000,11.0000
1.9240,0.6370,0.3390,0.3290,0.1470,0.0000,0.0000,0.9480,1.0000,4.2620,5.2110,4.0600,0.0000,0.0000,0.0000,70.0683,0.0000,4403.0000,1755.0000,0.0000,25.0000,33.0000,24.0000,10.0000
2.2970,0.5840,0.4080,0.3350,0.1980,0.0000,0.0000,1.3050,1.0000,4.2620,5.2110,4.0600,0.0000,0.0000,0.0000,70.0885,0.0000,4405.0000,1755.0000,0.0000,25.0000,33.0000,24.0000,10.0000
2.4900,0.7020,0.5460,0.3500,0.2850,0.0000,0.0000,1.2420,1.0000,4.2620,5.2110,4.0600,0.0000,0.0000,0.0000,69.8164,0.0000,4379.0000,1755.0000,0.0000,25.0000,33.0000,24.0000,10.0000
2.2820,0.7110,0.4740,0.4160,0.2280,0.0000,0.0000,1.0970,1.0000,4.2620,5.2110,4.0600,0.0000,0.0000,0.0000,69.8470,0.0000,4382.0000,1755.0000,0.0000,25.0000,33.0000,24.0000,11.0000
2.0110,0.7490,0.3790,0.3340,0.1690,0.0000,0.0000,0.8830,1.0000,4.2620,5.2110,4.0600,0.0000,0.0000,0.0000,69.8471,0.0000,4382.0000,1755.0000,0.0000,25.0000,33.0000,24.0000,10.0000
2.0550,0.5980,0.3650,0.3400,0.1630,0.0000,0.0000,1.0920,1.0000,4.2620,5.2110,4.0600,0.0000,0.0000,0.0000,69.8480,0.0000,4382.0000,1755.0000,0.0000,25.0000,34.0000,24.0000,10.0000
1.9920,0.6200,0.3540,0.3200,0.1550,0.0000,0.0000,1.0180,1.0000,4.2620,5.2110,4.0600,0.0000,0.0000,0.0000,69.8480,0.0000,4382.0000,1755.0000,0.0000,25.0000,34.0000,24.0000,10.0000
2.5560,0.5440,0.5110,0.3370,0.2820,0.0000,0.0000,1.5010,1.0000,4.2620,5.2110,4.0600,0.0000,0.0000,0.0000,69.8685,0.0000,4384.0000,1755.0000,0.0000,25.0000,34.0000,24.0000,11.0000
2.4320,0.8530,0.4370,0.5070,0.1950,0.0000,0.0000,1.1420,1.0000,4.2620,5.2110,4.0600,0.0000,0.0000,0.0000,69.8685,0.0000,4384.0000,1755.0000,0.0000,25.0000,34.0000,24.0000,10.0000
2.0930,0.7780,0.3870,0.5760,0.1830,0.0000,0.0000,0.9280,1.0000,4.2620,5.2110,4.0600,0.0000,0.0000,0.0000,69.8686,0.0000,4384.0000,1755.0000,0.0000,25.0000,34.0000,24.0000,10.0000
2.2920,0.5630,0.4320,0.3570,0.2150,0.0000,0.0000,1.2970,1.0000,4.2620,5.2110,4.0600,0.0000,0.0000,0.0000,69.8693,0.0000,4384.0000,1755.0000,0.0000,25.0000,35.0000,24.0000,11.0000
2.1070,0.5700,0.4250,0.3840,0.2180,0.0000,0.0000,1.1120,1.0000,4.2620,5.2110,4.0600,0.0000,0.0000,0.0000,69.8686,0.0000,4384.0000,1755.0000,0.0000,25.0000,34.0000,24.0000,10.0000
2.1130,0.5910,0.4330,0.3890,0.1930,0.0000,0.0000,1.0890,1.0000,4.2620,5.2110,4.0600,0.0000,0.0000,0.0000,69.8686,0.0000,4384.0000,1755.0000,0.0000,25.0000,34.0000,24.0000,10.0000
2.1000,0.6550,0.4120,0.4620,0.1780,0.0000,0.0000,1.0330,1.0000,4.2620,5.2110,4.0600,0.0000,0.0000,0.0000,69.8685,0.0000,4384.0000,1755.0000,0.0000,25.0000,34.0000,24.0000,10.0000
2.1840,0.6310,0.3780,0.4470,0.1560,0.0000,0.0000,1.1750,1.0000,4.2620,5.2110,4.0600,0.0000,0.0000,0.0000,69.8678,0.0000,4384.0000,1755.0000,0.0000,25.0000,33.0000,24.0000,11.0000
2.1110,0.6660,0.4230,0.4720,0.2060,0.0000,0.0000,1.0220,1.0000,4.2620,5.2110,4.0600,0.0000,0.0000,0.0000,69.8780,0.0000,4385.0000,1755.0000,0.0000,25.0000,33.0000,24.0000,10.0000
2.2310,0.5800,0.4030,0.3380,0.1710,0.0000,0.0000,1.2480,1.0000,4.2620,5.2110,4.0600,0.0000,0.0000,0.0000,69.8780,0.0000,4385.0000,1755.0000,0.0000,25.0000,33.0000,24.0000,10.0000
2.0000,0.6440,0.3510,0.3610,0.1540,0.0000,0.0000,1.0050,1.0000,4.2620,5.2110,4.0600,0.0000,0.0000,0.0000,69.8780,0.0000,4385.0000,1755.0000,0.0000,25.0000,33.0000,24.0000,11.0000
2.2430,0.5770,0.4220,0.3860,0.2250,0.0000,0.0000,1.2440,1.0000,4.2620,5.2110,4.0600,0.0000,0.0000,0.0000,69.8986,0.0000,4387.0000,1755.0000,0.0000,25.0000,33.0000,24.0000,10.0000
2.1090,0.6430,0.3870,0.3720,0.1610,0.0000,0.0000,1.0790,1.0000,4.2620,5.2110,4.0600,0.0000,0.0000,0.0000,69.8986,0.0000,4387.0000,1755.0000,0.0000,25.0000,33.0000,24.0000,10.0000
3.0450,0.6120,0.6200,0.4130,0.2500,0.0000,0.0000,1.8130,1.0000,4.2620,5.2110,4.0600,0.0000,0.0000,0.0000,69.8987,0.0000,4387.0000,1755.0000,0.0000,25.0000,33.0000,24.0000,11.0000
2.4320,0.7960,0.5150,0.4850,0.2190,0.0000,0.0000,1.1210,1.0000,4.2620,5.2110,4.0600,0.0000,0.0000,0.0000,69.8987,0.0000,4387.0000,1755.0000,0.0000,25.0000,33.0000,24.0000,10.0000
2.3040,0.6490,0.4290,0.3290,0.2260,0.0000,0.0000,1.2260,1.0000,4.2620,5.2110,4.0600,0.0000,0.0000,0.0000,69.9190,0.0000,4389.0000,1755.0000,0.0000,25.0000,33.0000,24.0000,10.0000
2.1080,0.6700,0.5050,0.3220,0.2850,0.0000,0.0000,0.9330,1.0000,4.2620,5.2110,4.0600,0.0000,0.0000,0.0000,69.9191,0.0000,4389.0000,1755.0000,0.0000,25.0000,33.0000,24.0000,10.0000
2.0610,0.5970,0.4480,0.4020,0.2090,0.0000,0.0000,1.0160,1.0000,4.2620,5.2110,4.0600,0.0000,0.0000,0.0000,69.9294,0.0000,4390.0000,1755.0000,0.0000,25.0000,33.0000,24.0000,10.0000
2.5840,0.6170,0.5130,0.3920,0.2810,0.0000,0.0000,1.4540,1.0000,4.2620,5.2110,4.0600,0.0000,0.0000,0.0000,69.9592,0.0000,4393.0000,1755.0000,0.0000,25.0000,32.0000,24.0000,11.0000
2.5560,0.8970,0.6170,0.4440,0.3420,0.0000,0.0000,1.0420,1.0000,4.2620,5.2110,4.0600,0.0000,0.0000,0.0000,69.9695,0.0000,4394.0000,1755.0000,0.0000,25.0000,32.0000,24.0000,10.0000
1.9140,0.7220,0.3930,0.4730,0.1630,0.0000,0.0000,0.7990,1.0000,4.2620,5.2110,4.0600,0.0000,0.0000,0.0000,69.9697,0.0000,4394.0000,1755.0000,0.0000,25.0000,32.0000,24.0000,10.0000
2.5170,0.5780,0.5320,0.3920,0.2280,0.0000,0.0000,1.4070,1.0000,4.2620,5.2110,4.0600,0.0000,0.0000,0.0000,69.9698,0.0000,4394.0000,1755.0000,0.0000,25.0000,32.0000,24.0000,10.0000
2.0670,0.7540,0.3770,0.3620,0.1640,0.0000,0.0000,0.9360,1.0000,4.2620,5.2110,4.0600,0.0000,0.0000,0.0000,69.9698,0.0000,4394.0000,1755.0000,0.0000,25.0000,32.0000,24.0000,10.0000
2.3190,0.5290,0.4240,0.3230,0.2060,0.0000,0.0000,1.3660,1.0000,4.2620,5.2110,4.0600,0.0000,0.0000,0.0000,69.9900,0.0000,4396.0000,1755.0000,0.0000,25.0000,32.0000,24.0000,10.0000
2.7130,0.6500,0.4450,0.3760,0.2120,0.0000,0.0000,1.6180,1.0000,4.2620,5.2110,4.0600,0.0000,0.0000,0.0000,69.9900,0.0000,4396.0000,1755.0000,0.0000,25.0000,32.0000,24.0000,11.0000
2.9970,0.8220,0.5790,0.5640,0.2930,0.0000,0.0000,1.5960,1.0000,4.2620,5.2110,4.0600,0.0000,0.0000,0.0000,69.9901,0.0000,4396.0000,1755.0000,0.0000,25.0000,32.0000,24.0000,10.0000
3.1960,0.8450,0.7090,0.5640,0.4160,0.0000,0.0000,1.6420,1.0000,4.2620,5.2110,4.0600,0.0000,0.0000,0.0000,70.0003,0.0000,4397.0000,1755.0000,0.0000,25.0000,32.0000,24.0000,10.0000
3.0700,0.8390,0.6290,0.4750,0.2910,0.0000,0.0000,1.6020,1.0000,4.2620,5.2110,4.0600,0.0000,0.0000,0.0000,70.0003,0.0000,4397.0000,1755.0000,0.0000,25.0000,32.0000,24.0000,10.0000
2.9520,0.9120,0.6240,0.5210,0.2860,0.0000,0.0000,1.4160,1.0000,4.2620,5.2110,4.0600,0.0000,0.0000,0.0000,70.0004,0.0000,4397.0000,1755.0000,0.0000,25.0000,32.0000,24.0000,10.0000
2.2180,0.8220,0.4460,0.4630,0.1730,0.0000,0.0000,0.9500,1.0000,4.2620,5.2110,4.0600,0.0000,0.0000,0.0000,70.0004,0.0000,4397.0000,1755.0000,0.0000,25.0000,32.0000,24.0000,10.0000
2.1410,0.5870,0.4070,0.3940,0.1760,0.0000,0.0000,1.1470,1.0000,4.2620,5.2110,4.0600,0.0000,0.0000,0.0000,70.0004,0.0000,4397.0000,1755.0000,0.0000,25.0000,32.0000,24.0000,11.0000
1.9610,0.6720,0.3790,0.4860,0.1590,0.0000,0.0000,0.9100,1.0000,4.2620,5.2110,4.0600,0.0000,0.0000,0.0000,70.0004,0.0000,4397.0000,1755.0000,0.0000,25.0000,32.0000,24.0000,10.0000
2.0630,0.5830,0.3810,0.3990,0.1590,0.0000,0.0000,1.0990,1.0000,4.2620,5.2110,4.0600,0.0000,0.0000,0.0000,70.0004,0.0000,4397.0000,1755.0000,0.0000,25.0000,32.0000,24.0000,10.0000
2.3180,0.6370,0.4760,0.4400,0.1970,0.0000,0.0000,1.2050,1.0000,4.2620,5.2110,4.0600,0.0000,0.0000,0.0000,70.0004,0.0000,4397.0000,1755.0000,0.0000,25.0000,32.0000,24.0000,10.0000
2.2310,0.6320,0.4290,0.3460,0.2180,0.0000,0.0000,1.1700,1.0000,4.2620,5.2110,4.0600,0.0000,0.0000,0.0000,70.0309,0.0000,4400.0000,1755.0000,0.0000,25.0000,32.0000,24.0000,10.0000
2.0970,0.6560,0.4520,0.3380,0.2360,0.0000,0.0000,0.9890,1.0000,4.2620,5.2110,4.0600,0.0000,0.0000,0.0000,70.0310,0.0000,4400.0000,1755.0000,0.0000,25.0000,33.0000,24.0000,11.0000
2.2220,0.6030,0.4960,0.3940,0.2580,0.0000,0.0000,1.1230,1.0000,4.2620,5.2110,4.0600,0.0000,0.0000,0.0000,69.7629,0.0000,4374.0000,1755.0000,0.0000,25.0000,33.0000,24.0000,10.0000
2.0650,0.6370,0.3940,0.4110,0.1660,0.0000,0.0000,1.0340,1.0000,4.2620,5.2110,4.0600,0.0000,0.0000,0.0000,69.7628,0.0000,4374.0000,1755.0000,0.0000,25.0000,33.0000,24.0000,10.0000
2.0750,0.5820,0.4350,0.4060,0.1880,0.0000,0.0000,1.0580,1.0000,4.2620,5.2110,4.0600,0.0000,0.0000,0.0000,69.7732,0.0000,4375.0000,1755.0000,0.0000,25.0000,33.0000,24.0000,10.0000
1.9270,0.5860,0.3650,0.3270,0.1560,0.0000,0.0000,0.9760,1.0000,4.2620,5.2110,4.0600,0.0000,0.0000,0.0000,69.7732,0.0000,4375.0000,1755.0000,0.0000,25.0000,33.0000,24.0000,11.0000
2.0820,0.5620,0.4360,0.3900,0.1920,0.0000,0.0000,1.0840,1.0000,4.2620,5.2110,4.0600,0.0000,0.0000,0.0000,69.7835,0.0000,4376.0000,1755.0000,0.0000,25.0000,33.0000,24.0000,10.0000
2.0160,0.5810,0.4220,0.3270,0.1990,0.0000,0.0000,1.0130,1.0000,4.2620,5.2110,4.0600,0.0000,0.0000,0.0000,69.7937,0.0000,4377.0000,1755.0000,0.0000,25.0000,33.0000,24.0000,10.0000
2.1070,0.5850,0.4220,0.3300,0.2050,0.0000,0.0000,1.1000,1.0000,2.5090,4.2900,3.6860,0.0000,0.0000,0.0000,69.8041,0.0000,4378.0000,1755.0000,0.0000,25.0000,33.0000,24.0000,10.0000
1.9290,0.6070,0.3660,0.3480,0.1670,0.0000,0.0000,0.9560,1.0000,2.5090,4.2900,3.6860,0.0000,0.0000,0.0000,69.8041,0.0000,4378.0000,1755.0000,0.0000,25.0000,33.0000,24.0000,11.0000
2.1080,0.5760,0.4090,0.3400,0.1970,0.0000,0.0000,1.1230,1.0000,2.5090,4.2900,3.6860,0.0000,0.0000,0.0000,69.8144,0.0000,4379.0000,1755.0000,0.0000,25.0000,33.0000,24.0000,10.0000
1.8780,0.6230,0.3770,0.3260,0.1720,0.0000,0.0000,0.8780,1.0000,2.5090,4.2900,3.6860,0.0000,0.0000,0.0000,69.8144,0.0000,4379.0000,1755.0000,0.0000,25.0000,33.0000,24.0000,10.0000
1.9990,0.5050,0.4040,0.3330,0.1860,0.0000,0.0000,1.0900,1.0000,2.5090,4.2900,3.6860,0.0000,0.0000,0.0000,69.8258,0.0000,4380.0000,1755.0000,0.0000,25.0000,34.0000,24.0000,11.0000
1.8480,0.6040,0.3530,0.3380,0.1480,0.0000,0.0000,0.8910,1.0000,2.5090,4.2900,3.6860,0.0000,0.0000,0.0000,69.8258,0.0000,4380.0000,1755.0000,0.0000,25.0000,34.0000,24.0000,10.0000
1.9850,0.5700,0.4570,0.3450,0.2030,0.0000,0.0000,0.9580,1.0000,2.5090,4.2900,3.6860,0.0000,0.0000,0.0000,69.8258,0.0000,4380.0000,1755.0000,0.0000,25.0000,34.0000,24.0000,10.0000
1.9010,0.5850,0.3650,0.3330,0.1540,0.0000,0.0000,0.9510,1.0000,2.5090,4.2900,3.6860,0.0000,0.0000,0.0000,69.8258,0.0000,4380.0000,1755.0000,0.0000,25.0000,34.0000,24.0000,11.0000
1.9010,0.5770,0.4280,0.4080,0.2060,0.0000,0.0000,0.8960,1.0000,2.5090,4.2900,3.6860,0.0000,0.0000,0.0000,69.8258,0.0000,4380.0000,1755.0000,0.0000,25.0000,34.0000,24.0000,10.0000
1.9950,0.5450,0.4550,0.3710,0.1840,0.0000,0.0000,0.9950,1.0000,2.5090,4.2900,3.6860,0.0000,0.0000,0.0000,69.8258,0.0000,4380.0000,1755.0000,0.0000,25.0000,34.0000,24.0000,10.0000
2.6290,0.5490,0.4160,0.3670,0.1990,0.0000,0.0000,1.6640,1.0000,2.5090,4.2900,3.6860,0.0000,0.0000,0.0000,69.8257,0.0000,4380.0000,1755.0000,0.0000,25.0000,34.0000,24.0000,12.0000
2.0480,0.6930,0.4130,0.4000,0.1970,0.0000,0.0000,0.9420,1.0000,2.5090,4.2900,3.6860,0.0000,0.0000,0.0000,69.8264,0.0000,4380.0000,1755.0000,0.0000,25.0000,35.0000,24.0000,12.0000
2.0740,0.5100,0.4030,0.3170,0.2070,0.0000,0.0000,1.1610,1.0000,2.5090,4.2900,3.6860,0.0000,0.0000,0.0000,69.8366,0.0000,4381.0000,1755.0000,0.0000,25.0000,35.0000,24.0000,10.0000
1.9960,0.5410,0.3460,0.3130,0.1560,0.0000,0.0000,1.1090,1.0000,2.5090,4.2900,3.6860,0.0000,0.0000,0.0000,69.8366,0.0000,4381.0000,1755.0000,0.0000,25.0000,35.0000,24.0000,10.0000
1.9030,0.5050,0.3730,0.3280,0.1660,0.0000,0.0000,1.0250,1.0000,2.5090,4.2900,3.6860,0.0000,0.0000,0.0000,69.8367,0.0000,4381.0000,1755.0000,0.0000,25.0000,35.0000,24.0000,10.0000
2.1440,0.5000,0.4210,0.3190,0.2170,0.0000,0.0000,1.2230,1.0000,2.5090,4.2900,3.6860,0.0000,0.0000,0.0000,69.8672,0.0000,4384.0000,1755.0000,0.0000,25.0000,35.0000,24.0000,10.0000
1.9480,0.6300,0.4410,0.3340,0.2390,0.0000,0.0000,0.8770,1.0000,2.5090,4.2900,3.6860,0.0000,0.0000,0.0000,69.8774,0.0000,4385.0000,1755.0000,0.0000,25.0000,35.0000,24.0000,10.0000
1.8960,0.5320,0.3550,0.3180,0.1540,0.0000,0.0000,1.0090,1.0000,2.5090,4.2900,3.6860,0.0000,0.0000,0.0000,69.8776,0.0000,4385.0000,1755.0000,0.0000,25.0000,35.0000,24.0000,10.0000
1.8820,0.4850,0.3780,0.3100,0.1580,0.0000,0.0000,1.0190,1.0000,2.5090,4.2900,3.6860,0.0000,0.0000,0.0000,69.8783,0.0000,4385.0000,1755.0000,0.0000,25.0000,36.0000,24.0000,10.0000
1.9660,0.5020,0.3840,0.3140,0.1850,0.0000,0.0000,1.0800,1.0000,2.5090,4.2900,3.6860,0.0000,0.0000,0.0000,69.8893,0.0000,4386.0000,1755.0000,0.0000,25.0000,37.0000,24.0000,10.0000
2.0470,0.5400,0.3760,0.3110,0.1870,0.0000,0.0000,1.1310,1.0000,2.5090,4.2900,3.6860,0.0000,0.0000,0.0000,69.9095,0.0000,4388.0000,1755.0000,0.0000,25.0000,37.0000,24.0000,10.0000
1.9530,0.5840,0.3900,0.3040,0.1890,0.0000,0.0000,0.9790,1.0000,2.5090,4.2900,3.6860,0.0000,0.0000,0.0000,69.9198,0.0000,4389.0000,1755.0000,0.0000,25.0000,37.0000,24.0000,10.0000
1.9160,0.5350,0.3870,0.3060,0.1870,0.0000,0.0000,0.9940,1.0000,2.5090,4.2900,3.6860,0.0000,0.0000,0.0000,69.9295,0.0000,4390.0000,1755.0000,0.0000,25.0000,36.0000,24.0000,10.0000
2.1410,0.5450,0.4130,0.3110,0.1980,0.0000,0.0000,1.1830,1.0000,2.5090,4.2900,3.6860,0.0000,0.0000,0.0000,69.9516,0.0000,4392.0000,1755.0000,0.0000,25.0000,36.0000,24.0000,10.0000
1.8710,0.6530,0.3530,0.3180,0.1530,0.0000,0.0000,0.8650,1.0000,2.5090,4.2900,3.6860,0.0000,0.0000,0.0000,69.9517,0.0000,4392.0000,1755.0000,0.0000,25.0000,36.0000,24.0000,10.0000
1.9300,0.5130,0.3550,0.3180,0.1550,0.0000,0.0000,1.0620,1.0000,2.5090,4.2900,3.6860,0.0000,0.0000,0.0000,69.9518,0.0000,4392.0000,1755.0000,0.0000,25.0000,36.0000,24.0000,11.0000
1.9820,0.5530,0.3750,0.3310,0.1580,0.0000,0.0000,1.0540,1.0000,2.5090,4.2900,3.6860,0.0000,0.0000,0.0000,69.9518,0.0000,4392.0000,1755.0000,0.0000,25.0000,36.0000,24.0000,10.0000
2.4750,0.5800,0.4240,0.3480,0.2030,0.0000,0.0000,1.4710,1.0000,2.5090,4.2900,3.6860,0.0000,0.0000,0.0000,69.9616,0.0000,4393.0000,1755.0000,0.0000,25.0000,36.0000,24.0000,10.0000
2.0460,0.9140,0.4310,0.6480,0.2000,0.0000,0.0000,0.7010,1.0000,2.5090,4.2900,3.6860,0.0000,0.0000,0.0000,69.9609,0.0000,4393.0000,1755.0000,0.0000,25.0000,35.0000,24.0000,10.0000
2.0730,0.4940,0.3950,0.3160,0.1930,0.0000,0.0000,1.1840,1.0000,2.5090,4.2900,3.6860,0.0000,0.0000,0.0000,69.9611,0.0000,4393.0000,1755.0000,0.0000,25.0000,35.0000,24.0000,11.0000
2.0630,0.5430,0.4380,0.3650,0.2320,0.0000,0.0000,1.0820,1.0000,2.5090,4.2900,3.6860,0.0000,0.0000,0.0000,69.9713,0.0000,4394.0000,1755.0000,0.0000,25.0000,35.0000,24.0000,11.0000
2.0360,0.6360,0.4370,0.4010,0.1910,0.0000,0.0000,0.9630,1.0000,2.5090,4.2900,3.6860,0.0000,0.0000,0.0000,69.9830,0.0000,4395.0000,1755.0000,0.0000,25.0000,35.0000,24.0000,11.0000
1.9000,0.6690,0.3880,0.4480,0.1540,0.0000,0.0000,0.8430,1.0000,2.5090,4.2900,3.6860,0.0000,0.0000,0.0000,69.9823,0.0000,4395.0000,1755.0000,0.0000,25.0000,34.0000,24.0000,11.0000
1.8780,0.5440,0.4030,0.3700,0.2070,0.0000,0.0000,0.9310,1.0000,2.5090,4.2900,3.6860,0.0000,0.0000,0.0000,69.9824,0.0000,4395.0000,1755.0000,0.0000,25.0000,34.0000,24.0000,11.0000
1.8980,0.4850,0.3490,0.3120,0.1520,0.0000,0.0000,1.0640,1.0000,2.5090,4.2900,3.6860,0.0000,0.0000,0.0000,69.9824,0.0000,4395.0000,1755.0000,0.0000,25.0000,34.0000,24.0000,10.0000
1.9860,0.4930,0.3990,0.3170,0.1600,0.0000,0.0000,1.0940,1.0000,2.5090,4.2900,3.6860,0.0000,0.0000,0.0000,69.9824,0.0000,4395.0000,1755.0000,0.0000,25.0000,34.0000,24.0000,9.0000
1.8430,0.5210,0.3370,0.3430,0.1480,0.0000,0.0000,0.9850,1.0000,2.5090,4.2900,3.6860,0.0000,0.0000,0.0000,69.9824,0.0000,4395.0000,1755.0000,0.0000,25.0000,34.0000,24.0000,9.0000
2.0710,0.5190,0.3850,0.3240,0.1880,0.0000,0.0000,1.1670,1.0000,2.5090,4.2900,3.6860,0.0000,0.0000,0.0000,69.9927,0.0000,4396.0000,1755.0000,0.0000,25.0000,34.0000,24.0000,9.0000
2.0520,0.5440,0.4010,0.3090,0.2000,0.0000,0.0000,1.1070,1.0000,2.5090,4.2900,3.6860,0.0000,0.0000,0.0000,70.0133,0.0000,4398.0000,1755.0000,0.0000,25.0000,34.0000,24.0000,9.0000
2.0520,0.5840,0.3970,0.3080,0.1980,0.0000,0.0000,1.0710,1.0000,2.5090,4.2900,3.6860,0.0000,0.0000,0.0000,70.0337,0.0000,4400.0000,1755.0000,0.0000,25.0000,34.0000,24.0000,9.0000
1.9020,0.5730,0.3550,0.3120,0.1550,0.0000,0.0000,0.9740,1.0000,2.5090,4.2900,3.6860,0.0000,0.0000,0.0000,70.0337,0.0000,4400.0000,1755.0000,0.0000,25.0000,34.0000,24.0000,10.0000
1.9870,0.5670,0.3550,0.3740,0.1580,0.0000,0.0000,1.0650,1.0000,2.5090,4.2900,3.6860,0.0000,0.0000,0.0000,69.7666,0.0000,4374.0000,1755.0000,0.0000,25.0000,34.0000,24.0000,10.0000
1.9220,0.5060,0.3910,0.3100,0.1950,0.0000,0.0000,1.0250,1.0000,2.5090,4.2900,3.6860,0.0000,0.0000,0.0000,69.7768,0.0000,4375.0000,1755.0000,0.0000,25.0000,34.0000,24.0000,10.0000
1.7560,0.5490,0.3470,0.3120,0.1540,0.0000,0.0000,0.8600,1.0000,2.5090,4.2900,3.6860,0.0000,0.0000,0.0000,69.7768,0.0000,4375.0000,1755.0000,0.0000,25.0000,34.0000,24.0000,10.0000
2.0710,0.5520,0.4590,0.3290,0.2140,0.0000,0.0000,1.0600,1.0000,2.5090,4.2900,3.6860,0.0000,0.0000,0.0000,69.7972,0.0000,4377.0000,1755.0000,0.0000,25.0000,34.0000,24.0000,10.0000
1.9560,0.6230,0.4050,0.3280,0.1950,0.0000,0.0000,0.9280,1.0000,2.5090,4.2900,3.6860,0.0000,0.0000,0.0000,69.8175,0.0000,4379.0000,1755.0000,0.0000,25.0000,34.0000,24.0000,10.0000
2.0220,0.6260,0.4490,0.3290,0.1990,0.0000,0.0000,0.9470,1.0000,2.5090,4.2900,3.6860,0.0000,0.0000,0.0000,69.8378,0.0000,4381.0000,1755.0000,0.0000,25.0000,34.0000,24.0000,10.0000
1.7680,0.6210,0.3670,0.3230,0.1580,0.0000,0.0000,0.7800,1.0000,2.5090,4.2900,3.6860,0.0000,0.0000,0.0000,69.8379,0.0000,4381.0000,1755.0000,0.0000,25.0000,34.0000,24.0000,10.0000
2.0480,0.5590,0.4750,0.3870,0.2550,0.0000,0.0000,1.0140,1.0000,2.5090,4.2900,3.6860,0.0000,0.0000,0.0000,69.8582,0.0000,4383.0000,1755.0000,0.0000,25.0000,34.0000,24.0000,10.0000
1.9320,0.6880,0.4310,0.3330,0.2120,0.0000,0.0000,0.8130,1.0000,2.5090,4.2900,3.6860,0.0000,0.0000,0.0000,69.8785,0.0000,4385.0000,1755.0000,0.0000,25.0000,34.0000,24.0000,10.0000
1.9200,0.6330,0.4380,0.3830,0.2150,0.0000,0.0000,0.8490,1.0000,2.5090,4.2900,3.6860,0.0000,0.0000,0.0000,69.8787,0.0000,4385.0000,1755.0000,0.0000,25.0000,34.0000,24.0000,10.0000
1.8010,0.5500,0.3800,0.3730,0.1860,0.0000,0.0000,0.8710,1.0000,2.5090,4.2900,3.6860,0.0000,0.0000,0.0000,69.8795,0.0000,4385.0000,1755.0000,0.0000,25.0000,35.0000,24.0000,10.0000
2.1050,0.4850,0.3760,0.3100,0.1840,0.0000,0.0000,1.2440,1.0000,2.5090,4.2900,3.6860,0.0000,0.0000,0.0000,69.8911,0.0000,4386.0000,1755.0000,0.0000,25.0000,35.0000,24.0000,10.0000
1.8280,0.5280,0.3840,0.3050,0.1920,0.0000,0.0000,0.9160,1.0000,2.5090,4.2900,3.6860,0.0000,0.0000,0.0000,69.8911,0.0000,4386.0000,1755.0000,0.0000,25.0000,35.0000,24.0000,10.0000
1.8320,0.4980,0.3420,0.3210,0.1530,0.0000,0.0000,0.9920,1.0000,2.5090,4.2900,3.6860,0.0000,0.0000,0.0000,69.8912,0.0000,4386.0000,1755.0000,0.0000,25.0000,35.0000,24.0000,10.0000
1.7740,0.4980,0.3360,0.3110,0.1470,0.0000,0.0000,0.9400,1.0000,2.5090,4.2900,3.6860,0.0000,0.0000,0.0000,69.8912,0.0000,4386.0000,1755.0000,0.0000,25.0000,35.0000,24.0000,10.0000
1.8400,0.5560,0.3560,0.3320,0.1520,0.0000,0.0000,0.9280,1.0000,2.5090,4.2900,3.6860,0.0000,0.0000,0.0000,69.8912,0.0000,4386.0000,1755.0000,0.0000,25.0000,35.0000,24.0000,10.0000
1.8680,0.6110,0.3930,0.4380,0.1660,0.0000,0.0000,0.8640,1.0000,2.5090,4.2900,3.6860,0.0000,0.0000,0.0000,69.8918,0.0000,4386.0000,1755.0000,0.0000,25.0000,36.0000,24.0000,10.0000
1.8320,0.5420,0.3740,0.3690,0.1480,0.0000,0.0000,0.9160,1.0000,2.5090,4.2900,3.6860,0.0000,0.0000,0.0000,69.8918,0.0000,4386.0000,1755.0000,0.0000,25.0000,36.0000,24.0000,10.0000
1.8590,0.5360,0.3830,0.3640,0.1890,0.0000,0.0000,0.9400,1.0000,2.5090,4.2900,3.6860,0.0000,0.0000,0.0000,69.8918,0.0000,4386.0000,1755.0000,0.0000,25.0000,36.0000,24.0000,10.0000
1.9900,0.4840,0.3690,0.3080,0.1810,0.0000,0.0000,1.1370,1.0000,2.5090,4.2900,3.6860,0.0000,0.0000,0.0000,69.9014,0.0000,4387.0000,1755.0000,0.0000,25.0000,35.0000,24.0000,10.0000
2.0000,0.5280,0.3920,0.3110,0.1910,0.0000,0.0000,1.0800,1.0000,2.5090,4.2900,3.6860,0.0000,0.0000,0.0000,69.9220,0.0000,4389.0000,1755.0000,0.0000,25.0000,35.0000,24.0000,10.0000
2.1620,0.5660,0.3830,0.3140,0.1830,0.0000,0.0000,1.2130,1.0000,2.5090,4.2900,3.6860,0.0000,0.0000,0.0000,69.9323,0.0000,4390.0000,1755.0000,0.0000,25.0000,35.0000,24.0000,10.0000
1.9500,0.5540,0.3840,0.3300,0.1930,0.0000,0.0000,1.0120,1.0000,2.5090,4.2900,3.6860,0.0000,0.0000,0.0000,69.9331,0.0000,4390.0000,1755.0000,0.0000,25.0000,36.0000,24.0000,10.0000
1.9210,0.5120,0.3430,0.3140,0.1570,0.0000,0.0000,1.0660,1.0000,2.5090,4.2900,3.6860,0.0000,0.0000,0.0000,69.9331,0.0000,4390.0000,1755.0000,0.0000,25.0000,36.0000,24.0000,10.0000
1.9460,0.4940,0.3670,0.3090,0.1830,0.0000,0.0000,1.0850,1.0000,2.5090,4.2900,3.6860,0.0000,0.0000,0.0000,69.9533,0.0000,4392.0000,1755.0000,0.0000,25.0000,36.0000,24.0000,10.0000
1.8800,0.5640,0.3490,0.3060,0.1510,0.0000,0.0000,0.9670,1.0000,2.5090,4.2900,3.6860,0.0000,0.0000,0.0000,69.9527,0.0000,4392.0000,1755.0000,0.0000,25.0000,35.0000,24.0000,10.0000
1.9590,0.5330,0.3870,0.3380,0.1880,0.0000,0.0000,1.0390,1.0000,2.5090,4.2900,3.6860,0.0000,0.0000,0.0000,69.9733,0.0000,4394.0000,1755.0000,0.0000,25.0000,35.0000,24.0000,10.0000
2.0710,0.5830,0.3780,0.3100,0.1820,0.0000,0.0000,1.1100,1.0000,2.5090,4.2900,3.6860,0.0000,0.0000,0.0000,69.9843,0.0000,4395.0000,1755.0000,0.0000,25.0000,36.0000,24.0000,10.0000
1.9330,0.5460,0.3840,0.3070,0.1840,0.0000,0.0000,1.0030,1.0000,2.5090,4.2900,3.6860,0.0000,0.0000,0.0000,69.9946,0.0000,4396.0000,1755.0000,0.0000,25.0000,36.0000,24.0000,10.0000
1.7290,0.5640,0.3400,0.3300,0.1470,0.0000,0.0000,0.8250,1.0000,2.5090,4.2900,3.6860,0.0000,0.0000,0.0000,69.9947,0.0000,4396.0000,1755.0000,0.0000,25.0000,36.0000,24.0000,10.0000
1.9510,0.5500,0.3940,0.3240,0.1530,0.0000,0.0000,1.0070,1.0000,2.5090,4.2900,3.6860,0.0000,0.0000,0.0000,69.9947,0.0000,4396.0000,1755.0000,0.0000,25.0000,36.0000,24.0000,10.0000
2.3280,0.5730,0.4040,0.4000,0.1860,0.0000,0.0000,1.3510,1.0000,2.5090,4.2900,3.6860,0.0000,0.0000,0.0000,70.0050,0.0000,4397.0000,1755.0000,0.0000,25.0000,36.0000,24.0000,10.0000
1.9170,0.6330,0.3480,0.3700,0.1430,0.0000,0.0000,0.9360,1.0000,2.5090,4.2900,3.6860,0.0000,0.0000,0.0000,70.0043,0.0000,4397.0000,1755.0000,0.0000,25.0000,35.0000,24.0000,10.0000
1.9330,0.5300,0.3330,0.3260,0.1440,0.0000,0.0000,1.0700,1.0000,2.5090,4.2900,3.6860,0.0000,0.0000,0.0000,70.0040,0.0000,4398.0000,1755.0000,0.0000,25.0000,34.0000,24.0000,9.0000
1.9860,0.5810,0.3630,0.3540,0.1560,0.0000,0.0000,1.0420,1.0000,2.5090,4.2900,3.6860,0.0000,0.0000,0.0000,70.0040,0.0000,4398.0000,1755.0000,0.0000,25.0000,34.0000,24.0000,9.0000
1.9620,0.5830,0.3690,0.3570,0.1520,0.0000,0.0000,1.0100,1.0000,2.5090,4.2900,3.6860,0.0000,0.0000,0.0000,70.0040,0.0000,4398.0000,1755.0000,0.0000,25.0000,34.0000,24.0000,9.0000
1.9830,0.5830,0.3730,0.3550,0.1570,0.0000,0.0000,1.0270,1.0000,2.5090,4.2900,3.6860,0.0000,0.0000,0.0000,70.0040,0.0000,4398.0000,1755.0000,0.0000,25.0000,34.0000,24.0000,9.0000
1.8800,0.5920,0.3680,0.3510,0.1550,0.0000,0.0000,0.9200,1.0000,2.5090,4.2900,3.6860,0.0000,0.0000,0.0000,70.0040,0.0000,4398.0000,1755.0000,0.0000,25.0000,34.0000,24.0000,9.0000
1.9810,0.5830,0.3970,0.4070,0.1550,0.0000,0.0000,1.0010,1.0000,2.5090,4.2900,3.6860,0.0000,0.0000,0.0000,70.0040,0.0000,4398.0000,1755.0000,0.0000,25.0000,34.0000,24.0000,9.0000
2.0290,0.6060,0.3730,0.4280,0.1670,0.0000,0.0000,1.0500,1.0000,2.5090,4.2900,3.6860,0.0000,0.0000,0.0000,70.0040,0.0000,4398.0000,1755.0000,0.0000,25.0000,34.0000,24.0000,9.0000
2.0160,0.5830,0.4200,0.4070,0.1600,0.0000,0.0000,1.0130,1.0000,2.5090,4.2900,3.6860,0.0000,0.0000,0.0000,70.0040,0.0000,4398.0000,1755.0000,0.0000,25.0000,34.0000,24.0000,9.0000
1.9460,0.5900,0.3720,0.4110,0.1550,0.0000,0.0000,0.9840,1.0000,2.5090,4.2900,3.6860,0.0000,0.0000,0.0000,70.0040,0.0000,4398.0000,1755.0000,0.0000,25.0000,34.0000,24.0000,9.0000
2.0770,0.5850,0.4640,0.4090,0.1910,0.0000,0.0000,1.0280,1.0000,2.5090,4.2900,3.6860,0.0000,0.0000,0.0000,70.0143,0.0000,4399.0000,1755.0000,0.0000,25.0000,34.0000,24.0000,9.0000
2.1110,0.6280,0.3970,0.3570,0.1880,0.0000,0.0000,1.0860,1.0000,2.5090,4.2900,3.6860,0.0000,0.0000,0.0000,70.0245,0.0000,4400.0000,1755.0000,0.0000,25.0000,34.0000,24.0000,9.0000
2.0520,0.6460,0.4200,0.3630,0.1950,0.0000,0.0000,0.9860,1.0000,2.5090,4.2900,3.6860,0.0000,0.0000,0.0000,70.0349,0.0000,4401.0000,1755.0000,0.0000,25.0000,34.0000,24.0000,9.0000
2.1810,0.6300,0.3880,0.3350,0.1840,0.0000,0.0000,1.1630,1.0000,2.5090,4.2900,3.6860,0.0000,0.0000,0.0000,70.0452,0.0000,4402.0000,1755.0000,0.0000,25.0000,34.0000,24.0000,8.0000
1.9720,0.6140,0.3430,0.3450,0.1480,0.0000,0.0000,1.0150,1.0000,2.5090,4.2900,3.6860,0.0000,0.0000,0.0000,70.0452,0.0000,4402.0000,1755.0000,0.0000,25.0000,34.0000,24.0000,8.0000
2.3010,0.5400,0.3550,0.3390,0.1540,0.0000,0.0000,1.4060,1.0000,2.5090,4.2900,3.6860,0.0000,0.0000,0.0000,70.0453,0.0000,4402.0000,1755.0000,0.0000,25.0000,34.0000,24.0000,8.0000
1.9450,0.5240,0.4300,0.3210,0.2130,0.0000,0.0000,0.9910,1.0000,2.5090,4.2900,3.6860,0.0000,0.0000,0.0000,70.0451,0.0000,4402.0000,1755.0000,0.0000,25.0000,34.0000,24.0000,8.0000
2.1880,0.5270,0.4340,0.3230,0.2430,0.0000,0.0000,1.2270,1.0000,2.5090,4.2900,3.6860,0.0000,0.0000,0.0000,69.7858,0.0000,4377.0000,1755.0000,0.0000,25.0000,34.0000,24.0000,8.0000
1.9650,0.7200,0.4290,0.4510,0.2010,0.0000,0.0000,0.8160,1.0000,2.5090,4.2900,3.6860,0.0000,0.0000,0.0000,69.7967,0.0000,4378.0000,1755.0000,0.0000,25.0000,35.0000,24.0000,8.0000
2.0890,0.5910,0.4320,0.3670,0.2300,0.0000,0.0000,1.0660,1.0000,2.5090,4.2900,3.6860,0.0000,0.0000,0.0000,69.8071,0.0000,4379.0000,1755.0000,0.0000,25.0000,35.0000,24.0000,8.0000
1.8350,0.7320,0.3990,0.4550,0.1700,0.0000,0.0000,0.7040,1.0000,2.5090,4.2900,3.6860,0.0000,0.0000,0.0000,69.8071,0.0000,4379.0000,1755.0000,0.0000,25.0000,35.0000,24.0000,8.0000
1.8570,0.5500,0.3910,0.3760,0.1940,0.0000,0.0000,0.9160,1.0000,2.5090,4.2900,3.6860,0.0000,0.0000,0.0000,69.8072,0.0000,4379.0000,1755.0000,0.0000,25.0000,35.0000,24.0000,7.0000
1.9370,0.5010,0.3900,0.3260,0.1920,0.0000,0.0000,1.0460,1.0000,2.5090,4.2900,3.6860,0.0000,0.0000,0.0000,69.8175,0.0000,4380.0000,1755.0000,0.0000,25.0000,35.0000,24.0000,7.0000
1.9440,0.5480,0.3440,0.3280,0.1530,0.0000,0.0000,1.0520,1.0000,2.5090,4.2900,3.6860,0.0000,0.0000,0.0000,69.8175,0.0000,4380.0000,1755.0000,0.0000,25.0000,35.0000,24.0000,7.0000
1.8560,0.5090,0.3380,0.3150,0.1470,0.0000,0.0000,1.0090,1.0000,2.5090,4.2900,3.6860,0.0000,0.0000,0.0000,69.8175,0.0000,4380.0000,1755.0000,0.0000,25.0000,35.0000,24.0000,7.0000
1.9840,0.5180,0.3480,0.3120,0.1530,0.0000,0.0000,1.1180,1.0000,2.5090,4.2900,3.6860,0.0000,0.0000,0.0000,69.8175,0.0000,4380.0000,1755.0000,0.0000,25.0000,35.0000,24.0000,7.0000
1.8550,0.5760,0.3520,0.3330,0.1530,0.0000,0.0000,0.9270,1.0000,2.5090,4.2900,3.6860,0.0000,0.0000,0.0000,69.8175,0.0000,4380.0000,1755.0000,0.0000,25.0000,35.0000,24.0000,7.0000
1.7820,0.5560,0.3640,0.3340,0.1520,0.0000,0.0000,0.8620,1.0000,2.5090,4.2900,3.6860,0.0000,0.0000,0.0000,69.8175,0.0000,4380.0000,1755.0000,0.0000,25.0000,35.0000,24.0000,7.0000
1.8740,0.5630,0.4340,0.3890,0.1730,0.0000,0.0000,0.8770,1.0000,2.5090,4.2900,3.6860,0.0000,0.0000,0.0000,69.8175,0.0000,4380.0000,1755.0000,0.0000,25.0000,35.0000,24.0000,7.0000
1.8210,0.5530,0.3840,0.3730,0.1880,0.0000,0.0000,0.8840,1.0000,2.5090,4.2900,3.6860,0.0000,0.0000,0.0000,69.8175,0.0000,4380.0000,1755.0000,0.0000,25.0000,35.0000,24.0000,7.0000
1.8530,0.5280,0.3470,0.3520,0.1520,0.0000,0.0000,0.9780,1.0000,2.5090,4.2900,3.6860,0.0000,0.0000,0.0000,69.8175,0.0000,4380.0000,1755.0000,0.0000,25.0000,35.0000,24.0000,7.0000
1.8340,0.4910,0.3420,0.3110,0.1510,0.0000,0.0000,1.0010,1.0000,2.5090,4.2900,3.6860,0.0000,0.0000,0.0000,69.8175,0.0000,4380.0000,1755.0000,0.0000,25.0000,35.0000,24.0000,7.0000
1.9560,0.5050,0.3630,0.3100,0.1510,0.0000,0.0000,1.0880,1.0000,2.5090,4.2900,3.6860,0.0000,0.0000,0.0000,69.8175,0.0000,4380.0000,1755.0000,0.0000,25.0000,35.0000,24.0000,7.0000
2.0510,0.6080,0.4040,0.3230,0.2000,0.0000,0.0000,1.0390,1.0000,2.5090,4.2900,3.6860,0.0000,0.0000,0.0000,69.8378,0.0000,4382.0000,1755.0000,0.0000,25.0000,35.0000,24.0000,7.0000
2.2070,0.5880,0.3850,0.3090,0.1930,0.0000,0.0000,1.2340,1.0000,2.5090,4.2900,3.6860,0.0000,0.0000,0.0000,69.8677,0.0000,4385.0000,1755.0000,0.0000,25.0000,34.0000,24.0000,7.0000
1.8760,0.7060,0.3600,0.3450,0.1650,0.0000,0.0000,0.8100,1.0000,2.5090,4.2900,3.6860,0.0000,0.0000,0.0000,69.8678,0.0000,4385.0000,1755.0000,0.0000,25.0000,34.0000,24.0000,7.0000
1.8450,0.5060,0.3500,0.3190,0.1520,0.0000,0.0000,0.9890,1.0000,2.5090,4.2900,3.6860,0.0000,0.0000,0.0000,69.8679,0.0000,4385.0000,1755.0000,0.0000,25.0000,34.0000,24.0000,7.0000
1.7810,0.5470,0.3490,0.3130,0.1510,0.0000,0.0000,0.8850,1.0000,2.5090,4.2900,3.6860,0.0000,0.0000,0.0000,69.8679,0.0000,4385.0000,1755.0000,0.0000,25.0000,34.0000,24.0000,7.0000
1.9120,0.5560,0.3630,0.3290,0.1530,0.0000,0.0000,0.9930,1.0000,2.5090,4.2900,3.6860,0.0000,0.0000,0.0000,69.8679,0.0000,4385.0000,1755.0000,0.0000,25.0000,34.0000,24.0000,7.0000
1.8080,0.6280,0.3900,0.4450,0.1650,0.0000,0.0000,0.7900,1.0000,2.5090,4.2900,3.6860,0.0000,0.0000,0.0000,69.8686,0.0000,4385.0000,1755.0000,0.0000,25.0000,35.0000,24.0000,7.0000
2.0730,0.5570,0.4290,0.3790,0.2420,0.0000,0.0000,1.0870,1.0000,2.5090,4.2900,3.6860,0.0000,0.0000,0.0000,69.8789,0.0000,4386.0000,1755.0000,0.0000,25.0000,35.0000,24.0000,7.0000
1.9380,0.6040,0.4250,0.3710,0.1830,0.0000,0.0000,0.9090,1.0000,2.5090,4.2900,3.6860,0.0000,0.0000,0.0000,69.8892,0.0000,4387.0000,1755.0000,0.0000,25.0000,35.0000,24.0000,6.0000
1.9920,0.5930,0.4190,0.3760,0.2330,0.0000,0.0000,0.9800,1.0000,2.5090,4.2900,3.6860,0.0000,0.0000,0.0000,69.8995,0.0000,4388.0000,1755.0000,0.0000,25.0000,35.0000,24.0000,6.0000
1.9260,0.6000,0.3810,0.3740,0.1960,0.0000,0.0000,0.9450,1.0000,2.5090,4.2900,3.6860,0.0000,0.0000,0.0000,69.8995,0.0000,4388.0000,1755.0000,0.0000,25.0000,35.0000,24.0000,6.0000
1.9060,0.4850,0.4030,0.3150,0.2060,0.0000,0.0000,1.0180,1.0000,2.5090,4.2900,3.6860,0.0000,0.0000,0.0000,69.8996,0.0000,4388.0000,1755.0000,0.0000,25.0000,35.0000,24.0000,6.0000
1.9740,0.5150,0.3850,0.3370,0.1890,0.0000,0.0000,1.0740,1.0000,2.5090,4.2900,3.6860,0.0000,0.0000,0.0000,69.9099,0.0000,4389.0000,1755.0000,0.0000,25.0000,35.0000,24.0000,6.0000
1.9470,0.5300,0.3540,0.3110,0.1550,0.0000,0.0000,1.0630,1.0000,2.5090,4.2900,3.6860,0.0000,0.0000,0.0000,69.9099,0.0000,4389.0000,1755.0000,0.0000,25.0000,35.0000,24.0000,6.0000
1.8120,0.5030,0.3500,0.3210,0.1530,0.0000,0.0000,0.9590,1.0000,2.5090,4.2900,3.6860,0.0000,0.0000,0.0000,69.9099,0.0000,4389.0000,1755.0000,0.0000,25.0000,35.0000,24.0000,6.0000
1.8920,0.5100,0.3600,0.3140,0.1520,0.0000,0.0000,1.0220,1.0000,2.5090,4.2900,3.6860,0.0000,0.0000,0.0000,69.9098,0.0000,4389.0000,1755.0000,0.0000,25.0000,35.0000,24.0000,7.0000
1.9700,0.6290,0.4070,0.3930,0.1930,0.0000,0.0000,0.9340,1.0000,2.5090,4.2900,3.6860,0.0000,0.0000,0.0000,69.9202,0.0000,4390.0000,1755.0000,0.0000,25.0000,35.0000,24.0000,7.0000
1.8290,0.6040,0.3680,0.3160,0.1540,0.0000,0.0000,0.8570,1.0000,2.5090,4.2900,3.6860,0.0000,0.0000,0.0000,69.9202,0.0000,4390.0000,1755.0000,0.0000,25.0000,35.0000,24.0000,7.0000
1.9080,0.5770,0.4280,0.3520,0.1580,0.0000,0.0000,0.9030,1.0000,2.5090,4.2900,3.6860,0.0000,0.0000,0.0000,69.9203,0.0000,4390.0000,1755.0000,0.0000,25.0000,35.0000,24.0000,7.0000
1.7970,0.5670,0.3920,0.3920,0.1670,0.0000,0.0000,0.8380,1.0000,2.5090,4.2900,3.6860,0.0000,0.0000,0.0000,69.9203,0.0000,4390.0000,1755.0000,0.0000,25.0000,35.0000,24.0000,7.0000
1.8290,0.5450,0.3870,0.3680,0.1960,0.0000,0.0000,0.8970,1.0000,2.5090,4.2900,3.6860,0.0000,0.0000,0.0000,69.9203,0.0000,4390.0000,1755.0000,0.0000,25.0000,35.0000,24.0000,7.0000
1.8020,0.4950,0.3420,0.3140,0.1500,0.0000,0.0000,0.9650,1.0000,2.5090,4.2900,3.6860,0.0000,0.0000,0.0000,69.9203,0.0000,4390.0000,1755.0000,0.0000,25.0000,35.0000,24.0000,7.0000
1.8320,0.5110,0.3470,0.3140,0.1510,0.0000,0.0000,0.9740,1.0000,2.5090,4.2900,3.6860,0.0000,0.0000,0.0000,69.9203,0.0000,4390.0000,1755.0000,0.0000,25.0000,35.0000,24.0000,7.0000
1.9770,0.5520,0.3960,0.3150,0.1860,0.0000,0.0000,1.0290,1.0000,2.5090,4.2900,3.6860,0.0000,0.0000,0.0000,69.9305,0.0000,4391.0000,1755.0000,0.0000,25.0000,35.0000,24.0000,7.0000
2.0080,0.5990,0.3990,0.3300,0.1860,0.0000,0.0000,1.0100,1.0000,2.5090,4.2900,3.6860,0.0000,0.0000,0.0000,69.9401,0.0000,4392.0000,1755.0000,0.0000,25.0000,34.0000,24.0000,7.0000
1.8460,0.6430,0.3680,0.3740,0.1540,0.0000,0.0000,0.8350,1.0000,2.5090,4.2900,3.6860,0.0000,0.0000,0.0000,69.9402,0.0000,4392.0000,1755.0000,0.0000,25.0000,34.0000,24.0000,7.0000
1.9340,0.5670,0.3880,0.3440,0.1670,0.0000,0.0000,0.9790,1.0000,2.5090,4.2900,3.6860,0.0000,0.0000,0.0000,69.9402,0.0000,4392.0000,1755.0000,0.0000,25.0000,34.0000,24.0000,7.0000
1.8030,0.6410,0.3920,0.4630,0.1660,0.0000,0.0000,0.7700,1.0000,2.5090,4.2900,3.6860,0.0000,0.0000,0.0000,69.9402,0.0000,4392.0000,1755.0000,0.0000,25.0000,34.0000,24.0000,7.0000
1.8790,0.5500,0.4060,0.3690,0.2080,0.0000,0.0000,0.9230,1.0000,2.5090,4.2900,3.6860,0.0000,0.0000,0.0000,69.9402,0.0000,4392.0000,1755.0000,0.0000,25.0000,34.0000,24.0000,7.0000
1.9380,0.4960,0.3520,0.3150,0.1540,0.0000,0.0000,1.0900,1.0000,2.5090,4.2900,3.6860,0.0000,0.0000,0.0000,69.9403,0.0000,4392.0000,1755.0000,0.0000,25.0000,34.0000,24.0000,8.0000
1.9350,0.5660,0.3880,0.3820,0.1880,0.0000,0.0000,0.9810,1.0000,2.5090,4.2900,3.6860,0.0000,0.0000,0.0000,69.9512,0.0000,4393.0000,1755.0000,0.0000,25.0000,35.0000,24.0000,8.0000
2.1190,0.5330,0.3930,0.3100,0.1980,0.0000,0.0000,1.1930,1.0000,2.5090,4.2900,3.6860,0.0000,0.0000,0.0000,69.9766,0.0000,4396.0000,1755.0000,0.0000,25.0000,35.0000,24.0000,8.0000
2.1960,0.6350,0.3820,0.3690,0.1880,0.0000,0.0000,1.1790,1.0000,2.5090,4.2900,3.6860,0.0000,0.0000,0.0000,69.9951,0.0000,4398.0000,1755.0000,0.0000,25.0000,35.0000,24.0000,8.0000
2.1040,0.8400,0.4700,0.5630,0.2360,0.0000,0.0000,0.7940,1.0000,2.5090,4.2900,3.6860,0.0000,0.0000,0.0000,69.7527,0.0000,4378.0000,1755.0000,0.0000,25.0000,35.0000,24.0000,8.0000
1.9200,0.6700,0.4080,0.3890,0.1750,0.0000,0.0000,0.8420,1.0000,2.5090,4.2900,3.6860,0.0000,0.0000,0.0000,69.7527,0.0000,4378.0000,1755.0000,0.0000,25.0000,35.0000,24.0000,8.0000
1.9820,0.6270,0.4430,0.4490,0.2180,0.0000,0.0000,0.9120,1.0000,2.5090,4.2900,3.6860,0.0000,0.0000,0.0000,69.7730,0.0000,4380.0000,1755.0000,0.0000,25.0000,35.0000,24.0000,8.0000
1.8280,0.6420,0.3790,0.3880,0.1940,0.0000,0.0000,0.8070,1.0000,2.5090,4.2900,3.6860,0.0000,0.0000,0.0000,69.7730,0.0000,4380.0000,1755.0000,0.0000,25.0000,35.0000,24.0000,8.0000
1.8920,0.5430,0.3490,0.3710,0.1540,0.0000,0.0000,1.0000,1.0000,2.5090,4.2900,3.6860,0.0000,0.0000,0.0000,69.7731,0.0000,4380.0000,1755.0000,0.0000,25.0000,35.0000,24.0000,8.0000
2.2470,0.4970,0.3450,0.3190,0.1530,0.0000,0.0000,1.4050,1.0000,2.5090,4.2900,3.6860,0.0000,0.0000,0.0000,69.7727,0.0000,4380.0000,1755.0000,0.0000,25.0000,35.0000,24.0000,8.0000
2.0790,0.8440,0.4500,0.6660,0.2500,0.0000,0.0000,0.7850,1.0000,2.5090,4.2900,3.6860,0.0000,0.0000,0.0000,69.8033,0.0000,4383.0000,1755.0000,0.0000,25.0000,35.0000,24.0000,8.0000
1.9240,0.6820,0.4160,0.3860,0.1880,0.0000,0.0000,0.8260,1.0000,2.5090,4.2900,3.6860,0.0000,0.0000,0.0000,69.8026,0.0000,4383.0000,1755.0000,0.0000,25.0000,34.0000,24.0000,8.0000
1.9190,0.5490,0.3870,0.3730,0.1920,0.0000,0.0000,0.9830,1.0000,2.5090,4.2900,3.6860,0.0000,0.0000,0.0000,69.8029,0.0000,4383.0000,1755.0000,0.0000,25.0000,34.0000,24.0000,9.0000
1.9690,0.6050,0.4160,0.4270,0.2140,0.0000,0.0000,0.9480,1.0000,2.5090,4.2900,3.6860,0.0000,0.0000,0.0000,69.8029,0.0000,4383.0000,1755.0000,0.0000,25.0000,34.0000,24.0000,9.0000
1.9910,0.5210,0.3940,0.3450,0.1980,0.0000,0.0000,1.0760,1.0000,2.5090,4.2900,3.6860,0.0000,0.0000,0.0000,69.8029,0.0000,4383.0000,1755.0000,0.0000,25.0000,34.0000,24.0000,9.0000
2.1680,0.4920,0.4260,0.3140,0.2360,0.0000,0.0000,1.2500,1.0000,2.5090,4.2900,3.6860,0.0000,0.0000,0.0000,69.8140,0.0000,4384.0000,1755.0000,0.0000,25.0000,35.0000,24.0000,9.0000
1.8880,0.6570,0.3790,0.3760,0.1530,0.0000,0.0000,0.8520,1.0000,2.5090,4.2900,3.6860,0.0000,0.0000,0.0000,69.8140,0.0000,4384.0000,1755.0000,0.0000,25.0000,35.0000,24.0000,9.0000
1.9830,0.5610,0.4170,0.3770,0.2310,0.0000,0.0000,1.0050,1.0000,2.5090,4.2900,3.6860,0.0000,0.0000,0.0000,69.8244,0.0000,4385.0000,1755.0000,0.0000,25.0000,35.0000,24.0000,9.0000
1.9180,0.5750,0.3790,0.3550,0.1960,0.0000,0.0000,0.9640,1.0000,2.5090,4.2900,3.6860,0.0000,0.0000,0.0000,69.8244,0.0000,4385.0000,1755.0000,0.0000,25.0000,35.0000,24.0000,9.0000
1.8750,0.4880,0.3480,0.3150,0.1500,0.0000,0.0000,1.0390,1.0000,2.5090,4.2900,3.6860,0.0000,0.0000,0.0000,69.8244,0.0000,4385.0000,1755.0000,0.0000,25.0000,35.0000,24.0000,9.0000
1.9010,0.4830,0.3440,0.3070,0.1500,0.0000,0.0000,1.0740,1.0000,2.5090,4.2900,3.6860,0.0000,0.0000,0.0000,69.8243,0.0000,4385.0000,1755.0000,0.0000,25.0000,35.0000,24.0000,10.0000
1.7810,0.5580,0.3440,0.3650,0.1530,0.0000,0.0000,0.8790,1.0000,2.5090,4.2900,3.6860,0.0000,0.0000,0.0000,69.8243,0.0000,4385.0000,1755.0000,0.0000,25.0000,35.0000,24.0000,10.0000
1.8470,0.5020,0.3680,0.3090,0.1550,0.0000,0.0000,0.9770,1.0000,2.5090,4.2900,3.6860,0.0000,0.0000,0.0000,69.8243,0.0000,4385.0000,1755.0000,0.0000,25.0000,35.0000,24.0000,10.0000
1.9050,0.5500,0.3570,0.3250,0.1550,0.0000,0.0000,0.9980,1.0000,2.5090,4.2900,3.6860,0.0000,0.0000,0.0000,69.8243,0.0000,4385.0000,1755.0000,0.0000,25.0000,35.0000,24.0000,10.0000
2.0370,0.5680,0.4760,0.3990,0.2520,0.0000,0.0000,0.9930,1.0000,2.5090,4.2900,3.6860,0.0000,0.0000,0.0000,69.8453,0.0000,4387.0000,1755.0000,0.0000,25.0000,36.0000,24.0000,10.0000
2.0060,0.6320,0.4280,0.3350,0.2060,0.0000,0.0000,0.9460,1.0000,2.5090,4.2900,3.6860,0.0000,0.0000,0.0000,69.8533,0.0000,4384.0000,1755.0000,0.0000,25.0000,36.0000,24.0000,10.0000
2.1090,0.6300,0.4630,0.4080,0.2050,0.0000,0.0000,1.0160,1.0000,2.5090,4.2900,3.6860,0.0000,0.0000,0.0000,69.8637,0.0000,4385.0000,1755.0000,0.0000,25.0000,36.0000,24.0000,9.0000
1.9060,0.6140,0.3660,0.3890,0.1570,0.0000,0.0000,0.9260,1.0000,2.5090,4.2900,3.6860,0.0000,0.0000,0.0000,69.8638,0.0000,4385.0000,1755.0000,0.0000,25.0000,36.0000,24.0000,9.0000
1.9880,0.5740,0.4300,0.3970,0.1590,0.0000,0.0000,0.9840,1.0000,2.5090,4.2900,3.6860,0.0000,0.0000,0.0000,69.8638,0.0000,4385.0000,1755.0000,0.0000,25.0000,36.0000,24.0000,9.0000
2.0040,0.6490,0.4570,0.4640,0.2140,0.0000,0.0000,0.8980,1.0000,2.5090,4.2900,3.6860,0.0000,0.0000,0.0000,69.8741,0.0000,4386.0000,1755.0000,0.0000,25.0000,36.0000,24.0000,9.0000
2.0680,0.5940,0.4300,0.3810,0.1720,0.0000,0.0000,1.0440,1.0000,2.5090,4.2900,3.6860,0.0000,0.0000,0.0000,69.8741,0.0000,4386.0000,1755.0000,0.0000,25.0000,36.0000,24.0000,9.0000
2.3770,0.5730,0.3760,0.3930,0.1620,0.0000,0.0000,1.4280,1.0000,2.5090,4.2900,3.6860,0.0000,0.0000,0.0000,69.8741,0.0000,4386.0000,1755.0000,0.0000,25.0000,36.0000,24.0000,9.0000
2.1210,0.5810,0.4060,0.4080,0.1680,0.0000,0.0000,1.1340,1.0000,2.5090,4.2900,3.6860,0.0000,0.0000,0.0000,69.8729,0.0000,4385.0000,1755.0000,0.0000,25.0000,36.0000,24.0000,9.0000
2.4870,0.5620,0.4120,0.3600,0.2180,0.0000,0.0000,1.5130,1.0000,2.5090,4.2900,3.6860,0.0000,0.0000,0.0000,69.9237,0.0000,4390.0000,1755.0000,0.0000,25.0000,36.0000,24.0000,9.0000
2.0190,0.8410,0.4780,0.4300,0.2280,0.0000,0.0000,0.7000,1.0000,2.5090,4.2900,3.6860,0.0000,0.0000,0.0000,69.9340,0.0000,4391.0000,1755.0000,0.0000,25.0000,36.0000,24.0000,9.0000
1.8770,0.5910,0.3720,0.3280,0.1580,0.0000,0.0000,0.9140,1.0000,2.5090,4.2900,3.6860,0.0000,0.0000,0.0000,69.9342,0.0000,4391.0000,1755.0000,0.0000,25.0000,36.0000,24.0000,9.0000
1.8380,0.6120,0.3850,0.4400,0.1670,0.0000,0.0000,0.8410,1.0000,2.5090,4.2900,3.6860,0.0000,0.0000,0.0000,69.9343,0.0000,4391.0000,1755.0000,0.0000,25.0000,36.0000,24.0000,9.0000
1.8570,0.5450,0.3740,0.3730,0.1890,0.0000,0.0000,0.9380,1.0000,2.5090,4.2900,3.6860,0.0000,0.0000,0.0000,69.9343,0.0000,4391.0000,1755.0000,0.0000,25.0000,36.0000,24.0000,9.0000
1.8640,0.4780,0.3390,0.3060,0.1510,0.0000,0.0000,1.0470,1.0000,2.5090,4.2900,3.6860,0.0000,0.0000,0.0000,69.9343,0.0000,4391.0000,1755.0000,0.0000,25.0000,36.0000,24.0000,9.0000
1.9580,0.5180,0.3760,0.3410,0.1820,0.0000,0.0000,1.0640,1.0000,2.5090,4.2900,3.6860,0.0000,0.0000,0.0000,69.9446,0.0000,4392.0000,1755.0000,0.0000,25.0000,36.0000,24.0000,9.0000
1.7700,0.5490,0.3460,0.3100,0.1510,0.0000,0.0000,0.8750,1.0000,2.5090,4.2900,3.6860,0.0000,0.0000,0.0000,69.9446,0.0000,4392.0000,1755.0000,0.0000,25.0000,36.0000,24.0000,9.0000
1.7810,0.5080,0.3560,0.3160,0.1520,0.0000,0.0000,0.9170,1.0000,2.5090,4.2900,3.6860,0.0000,0.0000,0.0000,69.9446,0.0000,4392.0000,1755.0000,0.0000,25.0000,36.0000,24.0000,9.0000
1.8960,0.5430,0.4180,0.3270,0.1650,0.0000,0.0000,0.9350,1.0000,2.5090,4.2900,3.6860,0.0000,0.0000,0.0000,69.9446,0.0000,4392.0000,1755.0000,0.0000,25.0000,36.0000,24.0000,9.0000
1.8250,0.5790,0.3830,0.3900,0.1640,0.0000,0.0000,0.8630,1.0000,2.5090,4.2900,3.6860,0.0000,0.0000,0.0000,69.9446,0.0000,4392.0000,1755.0000,0.0000,25.0000,36.0000,24.0000,9.0000
1.9160,0.5510,0.4020,0.3790,0.1910,0.0000,0.0000,0.9630,1.0000,2.5090,4.2900,3.6860,0.0000,0.0000,0.0000,69.9446,0.0000,4392.0000,1755.0000,0.0000,25.0000,36.0000,24.0000,9.0000
1.8470,0.4910,0.3400,0.3140,0.1480,0.0000,0.0000,1.0160,1.0000,2.5090,4.2900,3.6860,0.0000,0.0000,0.0000,69.9446,0.0000,4392.0000,1755.0000,0.0000,25.0000,36.0000,24.0000,9.0000
1.8770,0.5010,0.3420,0.3110,0.1520,0.0000,0.0000,1.0340,1.0000,2.5090,4.2900,3.6860,0.0000,0.0000,0.0000,69.9446,0.0000,4392.0000,1755.0000,0.0000,25.0000,36.0000,24.0000,9.0000
1.9620,0.5330,0.3760,0.3190,0.1800,0.0000,0.0000,1.0530,1.0000,2.5090,4.2900,3.6860,0.0000,0.0000,0.0000,69.9549,0.0000,4393.0000,1755.0000,0.0000,25.0000,36.0000,24.0000,9.0000
2.0700,0.5460,0.3800,0.3120,0.1820,0.0000,0.0000,1.1440,1.0000,2.5090,4.2900,3.6860,0.0000,0.0000,0.0000,69.9652,0.0000,4394.0000,1755.0000,0.0000,25.0000,36.0000,24.0000,9.0000
1.9080,0.5900,0.3880,0.3190,0.1950,0.0000,0.0000,0.9300,1.0000,2.5090,4.2900,3.6860,0.0000,0.0000,0.0000,69.9755,0.0000,4395.0000,1755.0000,0.0000,25.0000,36.0000,24.0000,9.0000
3.5360,0.5440,0.3420,0.3130,0.1490,0.0000,0.0000,2.6500,1.0000,2.5090,4.2900,3.6860,0.0000,0.0000,0.0000,69.9755,0.0000,4395.0000,1755.0000,0.0000,25.0000,36.0000,24.0000,9.0000
1.7010,0.4510,0.3620,0.2690,0.2010,0.0000,0.0000,0.8880,1.0000,2.5090,4.2900,3.6860,0.0000,0.0000,0.0000,69.7471,0.0000,4373.0000,1755.0000,0.0000,25.0000,36.0000,24.0000,9.0000
1.5850,0.4470,0.3070,0.2570,0.1450,0.0000,0.0000,0.8310,1.0000,2.5090,4.2900,3.6860,0.0000,0.0000,0.0000,69.7572,0.0000,4374.0000,1755.0000,0.0000,25.0000,36.0000,24.0000,9.0000
1.4380,0.4360,0.2690,0.2660,0.1180,0.0000,0.0000,0.7330,1.0000,2.5090,4.2900,3.6860,0.0000,0.0000,0.0000,69.7572,0.0000,4374.0000,1755.0000,0.0000,25.0000,36.0000,24.0000,9.0000
1.5010,0.3840,0.2890,0.2510,0.1390,0.0000,0.0000,0.8280,1.0000,2.5090,4.2900,3.6860,0.0000,0.0000,0.0000,69.7573,0.0000,4374.0000,1755.0000,0.0000,25.0000,36.0000,24.0000,9.0000
1.3950,0.4360,0.2700,0.2660,0.1170,0.0000,0.0000,0.6890,1.0000,2.5090,4.2900,3.6860,0.0000,0.0000,0.0000,69.7573,0.0000,4374.0000,1755.0000,0.0000,25.0000,36.0000,24.0000,9.0000
1.5250,0.3830,0.3000,0.2510,0.1500,0.0000,0.0000,0.8420,1.0000,2.5090,4.2900,3.6860,0.0000,0.0000,0.0000,69.7778,0.0000,4376.0000,1755.0000,0.0000,25.0000,36.0000,24.0000,9.0000
1.7430,0.5070,0.3630,0.2670,0.1880,0.0000,0.0000,0.8730,1.0000,2.5090,4.2900,3.6860,0.0000,0.0000,0.0000,69.7981,0.0000,4378.0000,1755.0000,0.0000,25.0000,36.0000,24.0000,9.0000
1.4430,0.5450,0.2670,0.3010,0.1180,0.0000,0.0000,0.6310,1.0000,2.5090,4.2900,3.6860,0.0000,0.0000,0.0000,69.7983,0.0000,4378.0000,1755.0000,0.0000,25.0000,36.0000,24.0000,9.0000
1.4250,0.4030,0.2780,0.2540,0.1290,0.0000,0.0000,0.7440,1.0000,2.5090,4.2900,3.6860,0.0000,0.0000,0.0000,69.7984,0.0000,4378.0000,1755.0000,0.0000,25.0000,36.0000,24.0000,9.0000
1.4490,0.4310,0.2630,0.3000,0.1140,0.0000,0.0000,0.7550,1.0000,2.5090,4.2900,3.6860,0.0000,0.0000,0.0000,69.7984,0.0000,4378.0000,1755.0000,0.0000,25.0000,36.0000,24.0000,9.0000
1.3830,0.3980,0.2700,0.2650,0.1190,0.0000,0.0000,0.7150,1.0000,2.5090,4.2900,3.6860,0.0000,0.0000,0.0000,69.7984,0.0000,4378.0000,1755.0000,0.0000,25.0000,36.0000,24.0000,9.0000
1.9290,0.3800,0.5350,0.2500,0.1450,0.0000,0.0000,1.0140,1.0000,2.5090,4.2900,3.6860,0.0000,0.0000,0.0000,69.8366,0.0000,4382.0000,1755.0000,0.0000,25.0000,36.0000,24.0000,9.0000
1.4450,0.5110,0.2850,0.2550,0.1160,0.0000,0.0000,0.6490,1.0000,2.5090,4.2900,3.6860,0.0000,0.0000,0.0000,69.8366,0.0000,4382.0000,1755.0000,0.0000,25.0000,36.0000,24.0000,9.0000
1.5160,0.4220,0.3020,0.2890,0.1530,0.0000,0.0000,0.7920,1.0000,2.5090,4.2900,3.6860,0.0000,0.0000,0.0000,69.8367,0.0000,4382.0000,1755.0000,0.0000,25.0000,36.0000,24.0000,10.0000
2.0630,0.4050,0.2870,0.2550,0.1220,0.0000,0.0000,1.3710,1.0000,2.5090,4.2900,3.6860,0.0000,0.0000,0.0000,69.8367,0.0000,4382.0000,1755.0000,0.0000,25.0000,36.0000,24.0000,10.0000
1.9980,0.6030,0.3860,0.3450,0.1710,0.0000,0.0000,1.0090,1.0000,2.5090,4.2900,3.6860,0.0000,0.0000,0.0000,69.8360,0.0000,4382.0000,1755.0000,0.0000,25.0000,35.0000,24.0000,10.0000
1.9530,0.5320,0.3520,0.3360,0.1540,0.0000,0.0000,1.0690,1.0000,2.5090,4.2900,3.6860,0.0000,0.0000,0.0000,69.8360,0.0000,4382.0000,1755.0000,0.0000,25.0000,35.0000,24.0000,10.0000
2.0000,0.5270,0.3750,0.3500,0.1510,0.0000,0.0000,1.0980,1.0000,2.5090,4.2900,3.6860,0.0000,0.0000,0.0000,69.8353,0.0000,4382.0000,1755.0000,0.0000,25.0000,34.0000,24.0000,10.0000
2.0030,0.5450,0.3740,0.3660,0.1820,0.0000,0.0000,1.0840,1.0000,2.5090,4.2900,3.6860,0.0000,0.0000,0.0000,69.8470,0.0000,4383.0000,1755.0000,0.0000,25.0000,36.0000,24.0000,10.0000
1.9680,0.5550,0.3710,0.3280,0.1780,0.0000,0.0000,1.0420,1.0000,2.5090,4.2900,3.6860,0.0000,0.0000,0.0000,69.8573,0.0000,4384.0000,1755.0000,0.0000,25.0000,36.0000,24.0000,10.0000
1.9840,0.5630,0.3840,0.3310,0.1800,0.0000,0.0000,1.0370,1.0000,2.5090,4.2900,3.6860,0.0000,0.0000,0.0000,69.8676,0.0000,4385.0000,1755.0000,0.0000,25.0000,36.0000,24.0000,9.0000
1.9240,0.5550,0.3770,0.3270,0.1840,0.0000,0.0000,0.9920,1.0000,2.5090,4.2900,3.6860,0.0000,0.0000,0.0000,69.8772,0.0000,4386.0000,1755.0000,0.0000,25.0000,35.0000,24.0000,9.0000
1.9270,0.6090,0.3630,0.3380,0.1490,0.0000,0.0000,0.9550,1.0000,2.5090,4.2900,3.6860,0.0000,0.0000,0.0000,69.8773,0.0000,4386.0000,1755.0000,0.0000,25.0000,35.0000,24.0000,9.0000
1.7900,0.5570,0.3480,0.3470,0.1490,0.0000,0.0000,0.8850,1.0000,2.5090,4.2900,3.6860,0.0000,0.0000,0.0000,69.8773,0.0000,4386.0000,1755.0000,0.0000,25.0000,35.0000,24.0000,9.0000
2.0700,0.5800,0.4590,0.4170,0.2450,0.0000,0.0000,1.0310,1.0000,2.5090,4.2900,3.6860,0.0000,0.0000,0.0000,69.8869,0.0000,4387.0000,1755.0000,0.0000,25.0000,34.0000,24.0000,9.0000
2.0110,0.6070,0.4180,0.3960,0.2020,0.0000,0.0000,0.9860,1.0000,2.5090,4.2900,3.6860,0.0000,0.0000,0.0000,69.8986,0.0000,4388.0000,1755.0000,0.0000,25.0000,34.0000,24.0000,9.0000
1.9730,0.6160,0.4190,0.4000,0.1620,0.0000,0.0000,0.9380,1.0000,2.5090,4.2900,3.6860,0.0000,0.0000,0.0000,69.8987,0.0000,4388.0000,1755.0000,0.0000,25.0000,34.0000,24.0000,9.0000
1.8870,0.5770,0.3760,0.4010,0.1610,0.0000,0.0000,0.9340,1.0000,2.5090,4.2900,3.6860,0.0000,0.0000,0.0000,69.8988,0.0000,4388.0000,1755.0000,0.0000,25.0000,34.0000,24.0000,9.0000
2.0560,0.5550,0.4680,0.3860,0.2500,0.0000,0.0000,1.0330,1.0000,2.5090,4.2900,3.6860,0.0000,0.0000,0.0000,69.9193,0.0000,4390.0000,1755.0000,0.0000,25.0000,34.0000,24.0000,9.0000
1.9910,0.6540,0.4060,0.4030,0.1910,0.0000,0.0000,0.9310,1.0000,2.5090,4.2900,3.6860,0.0000,0.0000,0.0000,69.9296,0.0000,4391.0000,1755.0000,0.0000,25.0000,34.0000,24.0000,9.0000
1.8980,0.6000,0.4280,0.3920,0.2020,0.0000,0.0000,0.8700,1.0000,2.5090,4.2900,3.6860,0.0000,0.0000,0.0000,69.9297,0.0000,4391.0000,1755.0000,0.0000,25.0000,34.0000,24.0000,9.0000
1.8150,0.5530,0.3720,0.3820,0.1530,0.0000,0.0000,0.8900,1.0000,2.5090,4.2900,3.6860,0.0000,0.0000,0.0000,69.9297,0.0000,4391.0000,1755.0000,0.0000,25.0000,34.0000,24.0000,9.0000
1.8860,0.5510,0.3320,0.3770,0.1440,0.0000,0.0000,1.0030,1.0000,2.5090,4.2900,3.6860,0.0000,0.0000,0.0000,69.9297,0.0000,4391.0000,1755.0000,0.0000,25.0000,34.0000,24.0000,9.0000
1.8970,0.5080,0.3660,0.3300,0.1460,0.0000,0.0000,1.0230,1.0000,2.5090,4.2900,3.6860,0.0000,0.0000,0.0000,69.9297,0.0000,4391.0000,1755.0000,0.0000,25.0000,34.0000,24.0000,9.0000
1.9690,0.5190,0.3640,0.3310,0.1760,0.0000,0.0000,1.0860,1.0000,2.5090,4.2900,3.6860,0.0000,0.0000,0.0000,69.9400,0.0000,4392.0000,1755.0000,0.0000,25.0000,34.0000,24.0000,9.0000
1.7810,0.6060,0.3400,0.3320,0.1470,0.0000,0.0000,0.8350,1.0000,2.5090,4.2900,3.6860,0.0000,0.0000,0.0000,69.9400,0.0000,4392.0000,1755.0000,0.0000,25.0000,34.0000,24.0000,9.0000
1.9580,0.5220,0.3820,0.3440,0.1820,0.0000,0.0000,1.0540,1.0000,2.5090,4.2900,3.6860,0.0000,0.0000,0.0000,69.9503,0.0000,4393.0000,1755.0000,0.0000,25.0000,34.0000,24.0000,9.0000
1.8230,0.6540,0.3460,0.3940,0.1480,0.0000,0.0000,0.8230,1.0000,2.5090,4.2900,3.6860,0.0000,0.0000,0.0000,69.9503,0.0000,4393.0000,1755.0000,0.0000,25.0000,34.0000,24.0000,9.0000
1.8210,0.6040,0.3730,0.4280,0.1580,0.0000,0.0000,0.8440,1.0000,2.5090,4.2900,3.6860,0.0000,0.0000,0.0000,69.9511,0.0000,4393.0000,1755.0000,0.0000,25.0000,35.0000,24.0000,9.0000
1.7900,0.5900,0.3710,0.4200,0.1860,0.0000,0.0000,0.8290,1.0000,2.5090,4.2900,3.6860,0.0000,0.0000,0.0000,69.9511,0.0000,4393.0000,1755.0000,0.0000,25.0000,35.0000,24.0000,9.0000
1.8600,0.5000,0.3320,0.3270,0.1470,0.0000,0.0000,1.0280,1.0000,2.5090,4.2900,3.6860,0.0000,0.0000,0.0000,69.9511,0.0000,4393.0000,1755.0000,0.0000,25.0000,35.0000,24.0000,9.0000
1.9560,0.5250,0.3310,0.3280,0.1430,0.0000,0.0000,1.1000,1.0000,2.5090,4.2900,3.6860,0.0000,0.0000,0.0000,69.9511,0.0000,4393.0000,1755.0000,0.0000,25.0000,35.0000,24.0000,11.0000
1.9800,0.6410,0.3800,0.4420,0.1890,0.0000,0.0000,0.9590,1.0000,2.5090,4.2900,3.6860,0.0000,0.0000,0.0000,69.9613,0.0000,4394.0000,1755.0000,0.0000,25.0000,35.0000,24.0000,11.0000
1.9900,0.5750,0.3970,0.3310,0.2040,0.0000,0.0000,1.0180,1.0000,2.5090,4.2900,3.6860,0.0000,0.0000,0.0000,69.9815,0.0000,4396.0000,1755.0000,0.0000,25.0000,35.0000,24.0000,11.0000
2.0360,0.6000,0.3860,0.3280,0.1940,0.0000,0.0000,1.0500,1.0000,2.5090,4.2900,3.6860,0.0000,0.0000,0.0000,70.0122,0.0000,4399.0000,1755.0000,0.0000,25.0000,35.0000,24.0000,11.0000
1.8390,0.6370,0.3420,0.3270,0.1470,0.0000,0.0000,0.8600,1.0000,2.5090,4.2900,3.6860,0.0000,0.0000,0.0000,70.0123,0.0000,4399.0000,1755.0000,0.0000,25.0000,35.0000,24.0000,11.0000
2.0190,0.5680,0.3830,0.3440,0.1800,0.0000,0.0000,1.0680,1.0000,2.5090,4.2900,3.6860,0.0000,0.0000,0.0000,70.0242,0.0000,4400.0000,1755.0000,0.0000,25.0000,35.0000,24.0000,10.0000
1.9340,0.6320,0.3750,0.3470,0.1540,0.0000,0.0000,0.9270,1.0000,2.5090,4.2900,3.6860,0.0000,0.0000,0.0000,70.0243,0.0000,4400.0000,1755.0000,0.0000,25.0000,35.0000,24.0000,10.0000
1.7880,0.6020,0.3510,0.3700,0.1510,0.0000,0.0000,0.8350,1.0000,2.5090,4.2900,3.6860,0.0000,0.0000,0.0000,70.0243,0.0000,4400.0000,1755.0000,0.0000,25.0000,35.0000,24.0000,10.0000
1.9370,0.5750,0.4220,0.4030,0.2090,0.0000,0.0000,0.9400,1.0000,2.5090,4.2900,3.6860,0.0000,0.0000,0.0000,70.0243,0.0000,4400.0000,1755.0000,0.0000,25.0000,35.0000,24.0000,10.0000
2.0620,0.5870,0.4290,0.4120,0.2120,0.0000,0.0000,1.0460,1.0000,2.5090,4.2900,3.6860,0.0000,0.0000,0.0000,70.0446,0.0000,4402.0000,1755.0000,0.0000,25.0000,35.0000,24.0000,9.0000
2.1650,0.6520,0.4980,0.4000,0.2340,0.0000,0.0000,1.0150,1.0000,2.5090,4.2900,3.6860,0.0000,0.0000,0.0000,70.0749,0.0000,4405.0000,1755.0000,0.0000,25.0000,35.0000,24.0000,9.0000
1.9270,0.7300,0.3880,0.3740,0.1840,0.0000,0.0000,0.8090,1.0000,2.5090,4.2900,3.6860,0.0000,0.0000,0.0000,69.7836,0.0000,4377.0000,1755.0000,0.0000,25.0000,34.0000,24.0000,9.0000
1.9150,0.6060,0.3910,0.3450,0.1560,0.0000,0.0000,0.9180,1.0000,2.5090,4.2900,3.6860,0.0000,0.0000,0.0000,69.7837,0.0000,4377.0000,1755.0000,0.0000,25.0000,34.0000,24.0000,9.0000
2.0150,0.5830,0.4200,0.4120,0.2060,0.0000,0.0000,1.0120,1.0000,2.5090,4.2900,3.6860,0.0000,0.0000,0.0000,69.8039,0.0000,4379.0000,1755.0000,0.0000,25.0000,34.0000,24.0000,9.0000
1.9440,0.6570,0.4310,0.4080,0.1730,0.0000,0.0000,0.8560,1.0000,2.5090,4.2900,3.6860,0.0000,0.0000,0.0000,69.8039,0.0000,4379.0000,1755.0000,0.0000,25.0000,34.0000,24.0000,9.0000
1.8490,0.5780,0.3860,0.4080,0.1690,0.0000,0.0000,0.8850,1.0000,2.5090,4.2900,3.6860,0.0000,0.0000,0.0000,69.8041,0.0000,4379.0000,1755.0000,0.0000,25.0000,34.0000,24.0000,9.0000
2.0950,0.5590,0.4690,0.3900,0.2820,0.0000,0.0000,1.0670,1.0000,2.5090,4.2900,3.6860,0.0000,0.0000,0.0000,69.8143,0.0000,4380.0000,1755.0000,0.0000,25.0000,34.0000,24.0000,9.0000
1.9260,0.6590,0.3740,0.3870,0.1550,0.0000,0.0000,0.8930,1.0000,2.5090,4.2900,3.6860,0.0000,0.0000,0.0000,69.8143,0.0000,4380.0000,1755.0000,0.0000,25.0000,34.0000,24.0000,9.0000
1.8770,0.5600,0.4160,0.3900,0.2280,0.0000,0.0000,0.9010,1.0000,2.5090,4.2900,3.6860,0.0000,0.0000,0.0000,69.8137,0.0000,4380.0000,1755.0000,0.0000,25.0000,33.0000,24.0000,9.0000
1.8260,0.5450,0.3320,0.3730,0.1490,0.0000,0.0000,0.9490,1.0000,2.5090,4.2900,3.6860,0.0000,0.0000,0.0000,69.8137,0.0000,4380.0000,1755.0000,0.0000,25.0000,33.0000,24.0000,9.0000
1.8820,0.5020,0.3350,0.3300,0.1480,0.0000,0.0000,1.0450,1.0000,2.5090,4.2900,3.6860,0.0000,0.0000,0.0000,69.8137,0.0000,4380.0000,1755.0000,0.0000,25.0000,33.0000,24.0000,9.0000
1.9040,0.5710,0.3310,0.3380,0.1470,0.0000,0.0000,1.0020,1.0000,2.5090,4.2900,3.6860,0.0000,0.0000,0.0000,69.8137,0.0000,4380.0000,1755.0000,0.0000,25.0000,33.0000,24.0000,9.0000
1.8880,0.5630,0.3380,0.3460,0.1520,0.0000,0.0000,0.9870,1.0000,2.5090,4.2900,3.6860,0.0000,0.0000,0.0000,69.8137,0.0000,4380.0000,1755.0000,0.0000,25.0000,33.0000,24.0000,9.0000
1.8320,0.6160,0.3460,0.4010,0.1480,0.0000,0.0000,0.8700,1.0000,2.5090,4.2900,3.6860,0.0000,0.0000,0.0000,69.8144,0.0000,4380.0000,1755.0000,0.0000,25.0000,34.0000,24.0000,9.0000
2.0400,0.5740,0.4200,0.4080,0.2070,0.0000,0.0000,1.0460,1.0000,2.5090,4.2900,3.6860,0.0000,0.0000,0.0000,69.8347,0.0000,4382.0000,1755.0000,0.0000,25.0000,34.0000,24.0000,9.0000
2.0090,0.7040,0.4500,0.4540,0.2510,0.0000,0.0000,0.8550,1.0000,2.5090,4.2900,3.6860,0.0000,0.0000,0.0000,69.8450,0.0000,4383.0000,1755.0000,0.0000,25.0000,34.0000,24.0000,9.0000
1.9290,0.6370,0.3570,0.3850,0.1630,0.0000,0.0000,0.9350,1.0000,2.5090,4.2900,3.6860,0.0000,0.0000,0.0000,69.8451,0.0000,4383.0000,1755.0000,0.0000,25.0000,34.0000,24.0000,9.0000
2.0480,0.6550,0.4040,0.4650,0.1890,0.0000,0.0000,0.9890,1.0000,2.5090,4.2900,3.6860,0.0000,0.0000,0.0000,69.8554,0.0000,4384.0000,1755.0000,0.0000,25.0000,34.0000,24.0000,9.0000
1.9300,0.6250,0.3490,0.4080,0.1630,0.0000,0.0000,0.9560,1.0000,2.5090,4.2900,3.6860,0.0000,0.0000,0.0000,69.8554,0.0000,4384.0000,1755.0000,0.0000,25.0000,34.0000,24.0000,9.0000
1.9470,0.6450,0.4190,0.4790,0.1740,0.0000,0.0000,0.8830,1.0000,2.5090,4.2900,3.6860,0.0000,0.0000,0.0000,69.8555,0.0000,4384.0000,1755.0000,0.0000,25.0000,34.0000,24.0000,9.0000
1.9950,0.5630,0.3660,0.3920,0.1470,0.0000,0.0000,1.0660,1.0000,2.5090,4.2900,3.6860,0.0000,0.0000,0.0000,69.8555,0.0000,4384.0000,1755.0000,0.0000,25.0000,34.0000,24.0000,9.0000
2.0400,0.5700,0.4230,0.3980,0.1980,0.0000,0.0000,1.0470,1.0000,2.5090,4.2900,3.6860,0.0000,0.0000,0.0000,69.8658,0.0000,4385.0000,1755.0000,0.0000,25.0000,34.0000,24.0000,9.0000
1.8580,0.6200,0.3810,0.3910,0.1610,0.0000,0.0000,0.8570,1.0000,2.5090,4.2900,3.6860,0.0000,0.0000,0.0000,69.8658,0.0000,4385.0000,1755.0000,0.0000,25.0000,34.0000,24.0000,9.0000
2.0030,0.6010,0.4140,0.4290,0.2280,0.0000,0.0000,0.9880,1.0000,2.5090,4.2900,3.6860,0.0000,0.0000,0.0000,69.8863,0.0000,4387.0000,1755.0000,0.0000,25.0000,34.0000,24.0000,9.0000
2.0450,0.6510,0.4350,0.3960,0.2480,0.0000,0.0000,0.9590,1.0000,2.5090,4.2900,3.6860,0.0000,0.0000,0.0000,69.8966,0.0000,4388.0000,1755.0000,0.0000,25.0000,34.0000,24.0000,9.0000
1.9900,0.6510,0.3740,0.4360,0.1500,0.0000,0.0000,0.9650,1.0000,2.5090,4.2900,3.6860,0.0000,0.0000,0.0000,69.8967,0.0000,4388.0000,1755.0000,0.0000,25.0000,34.0000,24.0000,9.0000
2.0980,0.5930,0.3860,0.4070,0.1600,0.0000,0.0000,1.1190,1.0000,2.5090,4.2900,3.6860,0.0000,0.0000,0.0000,69.8961,0.0000,4388.0000,1755.0000,0.0000,25.0000,33.0000,24.0000,9.0000
1.9390,0.7420,0.4060,0.5570,0.1750,0.0000,0.0000,0.7910,1.0000,2.5090,4.2900,3.6860,0.0000,0.0000,0.0000,69.8961,0.0000,4388.0000,1755.0000,0.0000,25.0000,33.0000,24.0000,9.0000
2.0970,0.5990,0.3960,0.4250,0.1590,0.0000,0.0000,1.1020,1.0000,2.5090,4.2900,3.6860,0.0000,0.0000,0.0000,69.8961,0.0000,4388.0000,1755.0000,0.0000,25.0000,33.0000,24.0000,9.0000
2.2520,0.7470,0.4550,0.5630,0.2250,0.0000,0.0000,1.0500,1.0000,2.5090,4.2900,3.6860,0.0000,0.0000,0.0000,69.9266,0.0000,4391.0000,1755.0000,0.0000,25.0000,33.0000,24.0000,9.0000
2.1100,0.7070,0.3890,0.3580,0.1580,0.0000,0.0000,1.0140,1.0000,2.5090,4.2900,3.6860,0.0000,0.0000,0.0000,69.9259,0.0000,4391.0000,1755.0000,0.0000,25.0000,32.0000,24.0000,9.0000
2.8430,0.6770,0.3670,0.3940,0.1590,0.0000,0.0000,1.7990,1.0000,2.5090,4.2900,3.6860,0.0000,0.0000,0.0000,69.9260,0.0000,4391.0000,1755.0000,0.0000,25.0000,32.0000,24.0000,10.0000
2.0650,0.6430,0.3990,0.4600,0.1650,0.0000,0.0000,1.0230,1.0000,2.5090,4.2900,3.6860,0.0000,0.0000,0.0000,69.9267,0.0000,4391.0000,1755.0000,0.0000,25.0000,33.0000,24.0000,10.0000
2.6070,0.6140,0.3550,0.3680,0.1560,0.0000,0.0000,1.6380,1.0000,2.5090,4.2900,3.6860,0.0000,0.0000,0.0000,69.9267,0.0000,4391.0000,1755.0000,0.0000,25.0000,33.0000,24.0000,10.0000
2.1160,1.1880,0.3830,0.9520,0.1540,0.0000,0.0000,0.5450,1.0000,2.5090,4.2900,3.6860,0.0000,0.0000,0.0000,69.9267,0.0000,4391.0000,1755.0000,0.0000,25.0000,33.0000,24.0000,10.0000
2.1860,0.5910,0.4840,0.4000,0.2040,0.0000,0.0000,1.1110,1.0000,2.5090,4.2900,3.6860,0.0000,0.0000,0.0000,69.9267,0.0000,4391.0000,1755.0000,0.0000,25.0000,33.0000,24.0000,10.0000
1.9850,0.6940,0.3810,0.4630,0.1650,0.0000,0.0000,0.9100,1.0000,2.5090,4.2900,3.6860,0.0000,0.0000,0.0000,69.9274,0.0000,4391.0000,1755.0000,0.0000,25.0000,34.0000,24.0000,10.0000
2.0540,0.5820,0.3990,0.4090,0.1840,0.0000,0.0000,1.0730,1.0000,2.5090,4.2900,3.6860,0.0000,0.0000,0.0000,69.9377,0.0000,4392.0000,1755.0000,0.0000,25.0000,34.0000,24.0000,10.0000
1.7970,0.7080,0.3560,0.4360,0.1500,0.0000,0.0000,0.7330,1.0000,2.5090,4.2900,3.6860,0.0000,0.0000,0.0000,69.9377,0.0000,4392.0000,1755.0000,0.0000,25.0000,34.0000,24.0000,10.0000
2.0390,0.5750,0.4160,0.4050,0.2010,0.0000,0.0000,1.0480,1.0000,2.5090,4.2900,3.6860,0.0000,0.0000,0.0000,69.9480,0.0000,4393.0000,1755.0000,0.0000,25.0000,34.0000,24.0000,10.0000
1.9620,0.6850,0.3900,0.4710,0.1950,0.0000,0.0000,0.8870,1.0000,2.5090,4.2900,3.6860,0.0000,0.0000,0.0000,69.9584,0.0000,4394.0000,1755.0000,0.0000,25.0000,34.0000,24.0000,10.0000
2.0420,0.6230,0.4140,0.4040,0.1970,0.0000,0.0000,1.0050,1.0000,2.5090,4.2900,3.6860,0.0000,0.0000,0.0000,69.9687,0.0000,4395.0000,1755.0000,0.0000,25.0000,34.0000,24.0000,10.0000
1.8480,0.6880,0.3540,0.4700,0.1620,0.0000,0.0000,0.8060,1.0000,2.5090,4.2900,3.6860,0.0000,0.0000,0.0000,69.9688,0.0000,4395.0000,1755.0000,0.0000,25.0000,34.0000,24.0000,10.0000
1.7980,0.5640,0.3670,0.3910,0.1500,0.0000,0.0000,0.8670,1.0000,2.5090,4.2900,3.6860,0.0000,0.0000,0.0000,69.9688,0.0000,4395.0000,1755.0000,0.0000,25.0000,34.0000,24.0000,10.0000
1.9520,0.5610,0.4180,0.3890,0.2270,0.0000,0.0000,0.9730,1.0000,2.5090,4.2900,3.6860,0.0000,0.0000,0.0000,69.9791,0.0000,4396.0000,1755.0000,0.0000,25.0000,34.0000,24.0000,10.0000
1.8850,0.5570,0.3330,0.3360,0.1450,0.0000,0.0000,0.9950,1.0000,2.5090,4.2900,3.6860,0.0000,0.0000,0.0000,69.9791,0.0000,4396.0000,1755.0000,0.0000,25.0000,34.0000,24.0000,10.0000
2.0650,0.5350,0.3800,0.3580,0.1850,0.0000,0.0000,1.1500,1.0000,2.5090,4.2900,3.6860,0.0000,0.0000,0.0000,69.9896,0.0000,4397.0000,1755.0000,0.0000,25.0000,34.0000,24.0000,11.0000
2.0920,0.6280,0.3830,0.3940,0.1970,0.0000,0.0000,1.0810,1.0000,2.5090,4.2900,3.6860,0.0000,0.0000,0.0000,70.0200,0.0000,4400.0000,1755.0000,0.0000,25.0000,34.0000,24.0000,11.0000
1.9030,0.6920,0.3260,0.3770,0.1410,0.0000,0.0000,0.8850,1.0000,2.5090,4.2900,3.6860,0.0000,0.0000,0.0000,69.7431,0.0000,4373.0000,1755.0000,0.0000,25.0000,34.0000,24.0000,11.0000
1.8990,0.5320,0.3210,0.3370,0.1420,0.0000,0.0000,1.0460,1.0000,2.5090,4.2900,3.6860,0.0000,0.0000,0.0000,69.7424,0.0000,4373.0000,1755.0000,0.0000,25.0000,33.0000,24.0000,11.0000
1.8040,0.5300,0.3430,0.3410,0.1530,0.0000,0.0000,0.9310,1.0000,2.5090,4.2900,3.6860,0.0000,0.0000,0.0000,69.7424,0.0000,4373.0000,1755.0000,0.0000,25.0000,33.0000,24.0000,11.0000
2.8520,0.5200,0.3360,0.3390,0.1470,0.0000,0.0000,1.9960,1.0000,2.5090,4.2900,3.6860,0.0000,0.0000,0.0000,69.7434,0.0000,4373.0000,1755.0000,0.0000,25.0000,34.0000,24.0000,11.0000
2.1040,1.5690,0.3960,1.3490,0.1910,0.0000,0.0000,0.1390,1.0000,2.5090,4.2900,3.6860,0.0000,0.0000,0.0000,69.7636,0.0000,4375.0000,1755.0000,0.0000,25.0000,34.0000,24.0000,11.0000
1.9930,0.6580,0.3560,0.3530,0.1520,0.0000,0.0000,0.9790,1.0000,2.5090,4.2900,3.6860,0.0000,0.0000,0.0000,69.7636,0.0000,4375.0000,1755.0000,0.0000,25.0000,34.0000,24.0000,11.0000
1.8470,0.6340,0.3500,0.4200,0.1470,0.0000,0.0000,0.8630,1.0000,2.5090,4.2900,3.6860,0.0000,0.0000,0.0000,69.7630,0.0000,4375.0000,1755.0000,0.0000,25.0000,33.0000,24.0000,11.0000
2.1770,0.5650,0.3830,0.3540,0.1830,0.0000,0.0000,1.2290,1.0000,2.5090,4.2900,3.6860,0.0000,0.0000,0.0000,69.7740,0.0000,4376.0000,1755.0000,0.0000,25.0000,34.0000,24.0000,11.0000
1.8820,0.7250,0.3450,0.4120,0.1470,0.0000,0.0000,0.8120,1.0000,2.5090,4.2900,3.6860,0.0000,0.0000,0.0000,69.7738,0.0000,4376.0000,1755.0000,0.0000,25.0000,34.0000,24.0000,11.0000
1.9680,0.6290,0.3770,0.4150,0.1810,0.0000,0.0000,0.9620,1.0000,2.5090,4.2900,3.6860,0.0000,0.0000,0.0000,69.7842,0.0000,4377.0000,1755.0000,0.0000,25.0000,34.0000,24.0000,11.0000
1.8910,0.6500,0.3460,0.4480,0.1490,0.0000,0.0000,0.8950,1.0000,2.5090,4.2900,3.6860,0.0000,0.0000,0.0000,69.7842,0.0000,4377.0000,1755.0000,0.0000,25.0000,34.0000,24.0000,11.0000
1.8760,0.5780,0.3720,0.4150,0.1610,0.0000,0.0000,0.9260,1.0000,2.5090,4.2900,3.6860,0.0000,0.0000,0.0000,69.7842,0.0000,4377.0000,1755.0000,0.0000,25.0000,34.0000,24.0000,11.0000
1.9020,0.6250,0.4060,0.4570,0.1910,0.0000,0.0000,0.8710,1.0000,2.5090,4.2900,3.6860,0.0000,0.0000,0.0000,69.7945,0.0000,4378.0000,1755.0000,0.0000,25.0000,34.0000,24.0000,11.0000
1.9390,0.5930,0.3990,0.3750,0.2160,0.0000,0.0000,0.9470,1.0000,2.5090,4.2900,3.6860,0.0000,0.0000,0.0000,69.8055,0.0000,4379.0000,1755.0000,0.0000,25.0000,35.0000,24.0000,11.0000
1.8210,0.5770,0.3770,0.3720,0.1860,0.0000,0.0000,0.8670,1.0000,2.5090,4.2900,3.6860,0.0000,0.0000,0.0000,69.8056,0.0000,4379.0000,1755.0000,0.0000,25.0000,35.0000,24.0000,11.0000
1.9440,0.5070,0.3600,0.3370,0.1730,0.0000,0.0000,1.0770,1.0000,2.5090,4.2900,3.6860,0.0000,0.0000,0.0000,69.8153,0.0000,4380.0000,1755.0000,0.0000,25.0000,34.0000,24.0000,11.0000
1.7930,0.5590,0.3320,0.3290,0.1430,0.0000,0.0000,0.9020,1.0000,2.5090,4.2900,3.6860,0.0000,0.0000,0.0000,69.8153,0.0000,4380.0000,1755.0000,0.0000,25.0000,34.0000,24.0000,11.0000
2.0940,0.5300,0.3900,0.3460,0.1880,0.0000,0.0000,1.1740,1.0000,2.5090,4.2900,3.6860,0.0000,0.0000,0.0000,69.8356,0.0000,4382.0000,1755.0000,0.0000,25.0000,34.0000,24.0000,11.0000
1.8600,0.6700,0.3420,0.3580,0.1460,0.0000,0.0000,0.8480,1.0000,2.5090,4.2900,3.6860,0.0000,0.0000,0.0000,69.8357,0.0000,4382.0000,1755.0000,0.0000,25.0000,34.0000,24.0000,11.0000
1.8310,0.5630,0.3450,0.3470,0.1450,0.0000,0.0000,0.9230,1.0000,2.5090,4.2900,3.6860,0.0000,0.0000,0.0000,69.8358,0.0000,4382.0000,1755.0000,0.0000,25.0000,34.0000,24.0000,11.0000
1.8480,0.5720,0.3830,0.4100,0.1490,0.0000,0.0000,0.8930,1.0000,2.5090,4.2900,3.6860,0.0000,0.0000,0.0000,69.8358,0.0000,4382.0000,1755.0000,0.0000,25.0000,34.0000,24.0000,11.0000
1.9120,0.5750,0.4110,0.4080,0.1940,0.0000,0.0000,0.9260,1.0000,2.5090,4.2900,3.6860,0.0000,0.0000,0.0000,69.8468,0.0000,4383.0000,1755.0000,0.0000,25.0000,35.0000,24.0000,11.0000
2.0090,0.5930,0.4570,0.3820,0.2710,0.0000,0.0000,0.9590,1.0000,2.5090,4.2900,3.6860,0.0000,0.0000,0.0000,69.8673,0.0000,4385.0000,1755.0000,0.0000,25.0000,35.0000,24.0000,11.0000
1.8130,0.6300,0.3650,0.3830,0.1770,0.0000,0.0000,0.8180,1.0000,2.5090,4.2900,3.6860,0.0000,0.0000,0.0000,69.8673,0.0000,4385.0000,1755.0000,0.0000,25.0000,35.0000,24.0000,10.0000
1.9220,0.4990,0.3300,0.3320,0.1470,0.0000,0.0000,1.0930,1.0000,2.5090,4.2900,3.6860,0.0000,0.0000,0.0000,69.8684,0.0000,4385.0000,1755.0000,0.0000,25.0000,36.0000,24.0000,10.0000
1.8280,0.5270,0.3300,0.3510,0.1450,0.0000,0.0000,0.9710,1.0000,2.5090,4.2900,3.6860,0.0000,0.0000,0.0000,69.8692,0.0000,4385.0000,1755.0000,0.0000,25.0000,37.0000,24.0000,10.0000
1.8200,0.5200,0.3330,0.3330,0.1450,0.0000,0.0000,0.9670,1.0000,2.5090,4.2900,3.6860,0.0000,0.0000,0.0000,69.8692,0.0000,4385.0000,1755.0000,0.0000,25.0000,37.0000,24.0000,10.0000
2.0330,0.6050,0.3860,0.3510,0.1890,0.0000,0.0000,1.0420,1.0000,2.5090,4.2900,3.6860,0.0000,0.0000,0.0000,69.8894,0.0000,4387.0000,1755.0000,0.0000,25.0000,37.0000,24.0000,10.0000
1.9110,0.6780,0.3520,0.3850,0.1470,0.0000,0.0000,0.8810,1.0000,2.5090,4.2900,3.6860,0.0000,0.0000,0.0000,69.8894,0.0000,4387.0000,1755.0000,0.0000,25.0000,37.0000,24.0000,10.0000
1.8790,0.6210,0.3580,0.3990,0.1590,0.0000,0.0000,0.9000,1.0000,2.5090,4.2900,3.6860,0.0000,0.0000,0.0000,69.8895,0.0000,4387.0000,1755.0000,0.0000,25.0000,37.0000,24.0000,10.0000
1.8980,0.6140,0.3540,0.4490,0.1610,0.0000,0.0000,0.9300,1.0000,2.5090,4.2900,3.6860,0.0000,0.0000,0.0000,69.8895,0.0000,4387.0000,1755.0000,0.0000,25.0000,37.0000,24.0000,10.0000
1.9250,0.6180,0.3830,0.4540,0.1600,0.0000,0.0000,0.9240,1.0000,2.5090,4.2900,3.6860,0.0000,0.0000,0.0000,69.8895,0.0000,4387.0000,1755.0000,0.0000,25.0000,37.0000,24.0000,10.0000
1.8000,0.5560,0.3630,0.3900,0.1490,0.0000,0.0000,0.8810,1.0000,2.5090,4.2900,3.6860,0.0000,0.0000,0.0000,69.8895,0.0000,4387.0000,1755.0000,0.0000,25.0000,37.0000,24.0000,10.0000
1.9830,0.4920,0.3620,0.3260,0.1760,0.0000,0.0000,1.1290,1.0000,2.5090,4.2900,3.6860,0.0000,0.0000,0.0000,69.8998,0.0000,4388.0000,1755.0000,0.0000,25.0000,37.0000,24.0000,10.0000
1.9230,0.5710,0.3320,0.3620,0.1450,0.0000,0.0000,1.0200,1.0000,2.5090,4.2900,3.6860,0.0000,0.0000,0.0000,69.8998,0.0000,4388.0000,1755.0000,0.0000,25.0000,37.0000,24.0000,10.0000
1.9280,0.5000,0.3670,0.3300,0.1800,0.0000,0.0000,1.0610,1.0000,2.5090,4.2900,3.6860,0.0000,0.0000,0.0000,69.9094,0.0000,4389.0000,1755.0000,0.0000,25.0000,36.0000,24.0000,10.0000
1.9520,0.5570,0.3310,0.3330,0.1460,0.0000,0.0000,1.0640,1.0000,2.5090,4.2900,3.6860,0.0000,0.0000,0.0000,69.9094,0.0000,4389.0000,1755.0000,0.0000,25.0000,36.0000,24.0000,11.0000
1.8470,0.5140,0.3410,0.3310,0.1510,0.0000,0.0000,0.9920,1.0000,2.5090,4.2900,3.6860,0.0000,0.0000,0.0000,69.9094,0.0000,4389.0000,1755.0000,0.0000,25.0000,36.0000,24.0000,11.0000
2.0580,0.5170,0.3800,0.3340,0.1920,0.0000,0.0000,1.1610,1.0000,2.5090,4.2900,3.6860,0.0000,0.0000,0.0000,69.9300,0.0000,4391.0000,1755.0000,0.0000,25.0000,36.0000,24.0000,11.0000
1.9870,0.6440,0.3840,0.3470,0.1890,0.0000,0.0000,0.9590,1.0000,2.5090,4.2900,3.6860,0.0000,0.0000,0.0000,69.9503,0.0000,4393.0000,1755.0000,0.0000,25.0000,36.0000,24.0000,11.0000
1.9170,0.6120,0.3780,0.3330,0.1850,0.0000,0.0000,0.9270,1.0000,2.5090,4.2900,3.6860,0.0000,0.0000,0.0000,69.9607,0.0000,4394.0000,1755.0000,0.0000,25.0000,36.0000,24.0000,11.0000
1.7930,0.5570,0.3500,0.3300,0.1430,0.0000,0.0000,0.8860,1.0000,2.5090,4.2900,3.6860,0.0000,0.0000,0.0000,69.9608,0.0000,4394.0000,1755.0000,0.0000,25.0000,36.0000,24.0000,11.0000
1.9350,0.5480,0.3870,0.3390,0.1990,0.0000,0.0000,1.0000,1.0000,2.5090,4.2900,3.6860,0.0000,0.0000,0.0000,69.9819,0.0000,4396.0000,1755.0000,0.0000,25.0000,37.0000,24.0000,11.0000
1.9240,0.6350,0.4130,0.3920,0.1610,0.0000,0.0000,0.8760,1.0000,2.5090,4.2900,3.6860,0.0000,0.0000,0.0000,69.9819,0.0000,4396.0000,1755.0000,0.0000,25.0000,37.0000,24.0000,11.0000
2.3130,0.5690,0.4100,0.3980,0.1970,0.0000,0.0000,1.3340,1.0000,2.5090,4.2900,3.6860,0.0000,0.0000,0.0000,70.0040,0.0000,4398.0000,1755.0000,0.0000,25.0000,38.0000,24.0000,11.0000
2.0850,0.9580,0.3970,0.7140,0.1960,0.0000,0.0000,0.7300,1.0000,2.5090,4.2900,3.6860,0.0000,0.0000,0.0000,70.0449,0.0000,4402.0000,1755.0000,0.0000,25.0000,38.0000,24.0000,11.0000
1.7770,0.7160,0.3330,0.3260,0.1430,0.0000,0.0000,0.7280,1.0000,2.5090,4.2900,3.6860,0.0000,0.0000,0.0000,70.0443,0.0000,4402.0000,1755.0000,0.0000,25.0000,37.0000,24.0000,11.0000
1.8520,0.5570,0.4030,0.3400,0.1500,0.0000,0.0000,0.8920,1.0000,2.5090,4.2900,3.6860,0.0000,0.0000,0.0000,70.0445,0.0000,4402.0000,1755.0000,0.0000,25.0000,37.0000,24.0000,11.0000
2.0990,0.5590,0.3690,0.3910,0.1550,0.0000,0.0000,1.1710,1.0000,2.5090,4.2900,3.6860,0.0000,0.0000,0.0000,70.0451,0.0000,4402.0000,1755.0000,0.0000,25.0000,38.0000,24.0000,11.0000
1.9950,0.5650,0.4000,0.3880,0.1550,0.0000,0.0000,1.0300,1.0000,2.5090,4.2900,3.6860,0.0000,0.0000,0.0000,69.7880,0.0000,4377.0000,1755.0000,0.0000,25.0000,38.0000,24.0000,11.0000
2.0460,0.5880,0.4180,0.4160,0.1750,0.0000,0.0000,1.0400,1.0000,2.5090,4.2900,3.6860,0.0000,0.0000,0.0000,69.8000,0.0000,4378.0000,1755.0000,0.0000,25.0000,38.0000,24.0000,11.0000
1.9520,0.6230,0.3840,0.4040,0.1440,0.0000,0.0000,0.9450,1.0000,2.5090,4.2900,3.6860,0.0000,0.0000,0.0000,69.7993,0.0000,4378.0000,1755.0000,0.0000,25.0000,37.0000,24.0000,11.0000
1.8630,0.5910,0.3770,0.4260,0.1650,0.0000,0.0000,0.8950,1.0000,2.5090,4.2900,3.6860,0.0000,0.0000,0.0000,69.7986,0.0000,4378.0000,1755.0000,0.0000,25.0000,36.0000,24.0000,11.0000
1.9440,0.5630,0.4170,0.3940,0.2010,0.0000,0.0000,0.9640,1.0000,2.5090,4.2900,3.6860,0.0000,0.0000,0.0000,69.7986,0.0000,4378.0000,1755.0000,0.0000,25.0000,36.0000,24.0000,10.0000
1.8520,0.5610,0.3690,0.3890,0.1840,0.0000,0.0000,0.9220,1.0000,2.5090,4.2900,3.6860,0.0000,0.0000,0.0000,69.7986,0.0000,4378.0000,1755.0000,0.0000,25.0000,36.0000,24.0000,10.0000
2.0210,0.5120,0.3290,0.3440,0.1440,0.0000,0.0000,1.1800,1.0000,2.5090,4.2900,3.6860,0.0000,0.0000,0.0000,69.7986,0.0000,4378.0000,1755.0000,0.0000,25.0000,36.0000,24.0000,10.0000
1.9430,0.5070,0.3950,0.3320,0.2040,0.0000,0.0000,1.0410,1.0000,2.5090,4.2900,3.6860,0.0000,0.0000,0.0000,69.7986,0.0000,4378.0000,1755.0000,0.0000,25.0000,36.0000,24.0000,10.0000
1.9410,0.5190,0.3440,0.3330,0.1560,0.0000,0.0000,1.0780,1.0000,2.5090,4.2900,3.6860,0.0000,0.0000,0.0000,69.7986,0.0000,4378.0000,1755.0000,0.0000,25.0000,36.0000,24.0000,10.0000
1.9510,0.5230,0.3700,0.3370,0.1890,0.0000,0.0000,1.0580,1.0000,2.5090,4.2900,3.6860,0.0000,0.0000,0.0000,69.8188,0.0000,4380.0000,1755.0000,0.0000,25.0000,36.0000,24.0000,10.0000
1.8570,0.5770,0.3510,0.3260,0.1670,0.0000,0.0000,0.9290,1.0000,2.5090,4.2900,3.6860,0.0000,0.0000,0.0000,69.8181,0.0000,4380.0000,1755.0000,0.0000,25.0000,35.0000,24.0000,10.0000
1.8190,0.5170,0.3300,0.3310,0.1440,0.0000,0.0000,0.9720,1.0000,2.5090,4.2900,3.6860,0.0000,0.0000,0.0000,69.8182,0.0000,4380.0000,1755.0000,0.0000,25.0000,35.0000,24.0000,10.0000
2.0410,0.5620,0.3970,0.3430,0.1890,0.0000,0.0000,1.0820,1.0000,2.5090,4.2900,3.6860,0.0000,0.0000,0.0000,69.8385,0.0000,4382.0000,1755.0000,0.0000,25.0000,35.0000,24.0000,10.0000
1.8100,0.6970,0.3490,0.3660,0.1490,0.0000,0.0000,0.7640,1.0000,2.5090,4.2900,3.6860,0.0000,0.0000,0.0000,69.8386,0.0000,4382.0000,1755.0000,0.0000,25.0000,35.0000,24.0000,10.0000
2.1790,0.5680,0.4070,0.3540,0.1900,0.0000,0.0000,1.2040,1.0000,2.5090,4.2900,3.6860,0.0000,0.0000,0.0000,69.8592,0.0000,4384.0000,1755.0000,0.0000,25.0000,35.0000,24.0000,10.0000
1.8410,0.7470,0.3420,0.3880,0.1450,0.0000,0.0000,0.7520,1.0000,2.5090,4.2900,3.6860,0.0000,0.0000,0.0000,69.8592,0.0000,4384.0000,1755.0000,0.0000,25.0000,35.0000,24.0000,10.0000
1.9300,0.5660,0.3610,0.3440,0.1600,0.0000,0.0000,1.0030,1.0000,2.5090,4.2900,3.6860,0.0000,0.0000,0.0000,69.8593,0.0000,4384.0000,1755.0000,0.0000,25.0000,35.0000,24.0000,10.0000
1.8550,0.6380,0.3730,0.4720,0.1580,0.0000,0.0000,0.8440,1.0000,2.5090,4.2900,3.6860,0.0000,0.0000,0.0000,69.8593,0.0000,4384.0000,1755.0000,0.0000,25.0000,35.0000,24.0000,10.0000
2.1070,0.5590,0.4550,0.3930,0.2440,0.0000,0.0000,1.0930,1.0000,2.5090,4.2900,3.6860,0.0000,0.0000,0.0000,69.8892,0.0000,4387.0000,1755.0000,0.0000,25.0000,34.0000,24.0000,10.0000
1.9970,0.7460,0.4220,0.4600,0.2020,0.0000,0.0000,0.8290,1.0000,2.5090,4.2900,3.6860,0.0000,0.0000,0.0000,69.9098,0.0000,4389.0000,1755.0000,0.0000,25.0000,34.0000,24.0000,10.0000
2.0090,0.6580,0.3730,0.4080,0.1590,0.0000,0.0000,0.9780,1.0000,2.5090,4.2900,3.6860,0.0000,0.0000,0.0000,69.9100,0.0000,4389.0000,1755.0000,0.0000,25.0000,34.0000,24.0000,10.0000
2.1060,0.6550,0.4250,0.4540,0.1780,0.0000,0.0000,1.0260,1.0000,2.5090,4.2900,3.6860,0.0000,0.0000,0.0000,69.9323,0.0000,4391.0000,1755.0000,0.0000,25.0000,34.0000,24.0000,10.0000
2.0640,0.6560,0.3860,0.3990,0.1780,0.0000,0.0000,1.0220,1.0000,2.5090,4.2900,3.6860,0.0000,0.0000,0.0000,69.9426,0.0000,4392.0000,1755.0000,0.0000,25.0000,34.0000,24.0000,10.0000
1.9470,0.6650,0.3470,0.4060,0.1460,0.0000,0.0000,0.9350,1.0000,2.5090,4.2900,3.6860,0.0000,0.0000,0.0000,69.9426,0.0000,4392.0000,1755.0000,0.0000,25.0000,34.0000,24.0000,10.0000
1.9830,0.5890,0.3590,0.4180,0.1460,0.0000,0.0000,1.0350,1.0000,2.5090,4.2900,3.6860,0.0000,0.0000,0.0000,69.9429,0.0000,4392.0000,1755.0000,0.0000,25.0000,34.0000,24.0000,11.0000
1.9260,0.6770,0.3390,0.5120,0.1420,0.0000,0.0000,0.9100,1.0000,2.5090,4.2900,3.6860,0.0000,0.0000,0.0000,69.9436,0.0000,4392.0000,1755.0000,0.0000,25.0000,35.0000,24.0000,11.0000
1.8730,0.5950,0.3700,0.4040,0.1580,0.0000,0.0000,0.9080,1.0000,2.5090,4.2900,3.6860,0.0000,0.0000,0.0000,69.9436,0.0000,4392.0000,1755.0000,0.0000,25.0000,35.0000,24.0000,11.0000
1.8900,0.6380,0.3640,0.4670,0.1490,0.0000,0.0000,0.8880,1.0000,2.5090,4.2900,3.6860,0.0000,0.0000,0.0000,69.9436,0.0000,4392.0000,1755.0000,0.0000,25.0000,35.0000,24.0000,11.0000
1.8980,0.5550,0.3670,0.3850,0.1860,0.0000,0.0000,0.9760,1.0000,2.5090,4.2900,3.6860,0.0000,0.0000,0.0000,69.9436,0.0000,4392.0000,1755.0000,0.0000,25.0000,35.0000,24.0000,11.0000
1.8160,0.5110,0.3340,0.3390,0.1450,0.0000,0.0000,0.9710,1.0000,2.5090,4.2900,3.6860,0.0000,0.0000,0.0000,69.9436,0.0000,4392.0000,1755.0000,0.0000,25.0000,35.0000,24.0000,10.0000
1.8590,0.5260,0.3380,0.3500,0.1510,0.0000,0.0000,0.9950,1.0000,2.5090,4.2900,3.6860,0.0000,0.0000,0.0000,69.9436,0.0000,4392.0000,1755.0000,0.0000,25.0000,35.0000,24.0000,10.0000
1.7630,0.5460,0.3380,0.3490,0.1450,0.0000,0.0000,0.8790,1.0000,2.5090,4.2900,3.6860,0.0000,0.0000,0.0000,69.9436,0.0000,4392.0000,1755.0000,0.0000,25.0000,35.0000,24.0000,10.0000
1.8830,0.5650,0.3830,0.3480,0.1820,0.0000,0.0000,0.9350,1.0000,2.5090,4.2900,3.6860,0.0000,0.0000,0.0000,69.9539,0.0000,4393.0000,1755.0000,0.0000,25.0000,35.0000,24.0000,10.0000
1.9020,0.5990,0.4200,0.3480,0.1680,0.0000,0.0000,0.8830,1.0000,2.5090,4.2900,3.6860,0.0000,0.0000,0.0000,69.9539,0.0000,4393.0000,1755.0000,0.0000,25.0000,35.0000,24.0000,10.0000
1.8210,0.5830,0.3640,0.4080,0.1470,0.0000,0.0000,0.8740,1.0000,2.5090,4.2900,3.6860,0.0000,0.0000,0.0000,69.9539,0.0000,4393.0000,1755.0000,0.0000,25.0000,35.0000,24.0000,10.0000
1.9470,0.5690,0.4040,0.3900,0.2200,0.0000,0.0000,0.9740,1.0000,2.5090,4.2900,3.6860,0.0000,0.0000,0.0000,69.9652,0.0000,4394.0000,1755.0000,0.0000,25.0000,36.0000,24.0000,10.0000
1.7880,0.5750,0.3440,0.3600,0.1510,0.0000,0.0000,0.8690,1.0000,2.5090,4.2900,3.6860,0.0000,0.0000,0.0000,69.9652,0.0000,4394.0000,1755.0000,0.0000,25.0000,36.0000,24.0000,10.0000
2.0590,0.5090,0.3660,0.3310,0.1810,0.0000,0.0000,1.1840,1.0000,2.5090,4.2900,3.6860,0.0000,0.0000,0.0000,69.9755,0.0000,4395.0000,1755.0000,0.0000,25.0000,36.0000,24.0000,10.0000
1.9280,0.6780,0.3370,0.3280,0.1500,0.0000,0.0000,0.9130,1.0000,2.5090,4.2900,3.6860,0.0000,0.0000,0.0000,69.9755,0.0000,4395.0000,1755.0000,0.0000,25.0000,36.0000,24.0000,10.0000
1.8870,0.5510,0.3390,0.3540,0.1490,0.0000,0.0000,0.9970,1.0000,2.5090,4.2900,3.6860,0.0000,0.0000,0.0000,69.9755,0.0000,4395.0000,1755.0000,0.0000,25.0000,36.0000,24.0000,10.0000
1.7810,0.5580,0.3320,0.3260,0.1450,0.0000,0.0000,0.8910,1.0000,2.5090,4.2900,3.6860,0.0000,0.0000,0.0000,69.9755,0.0000,4395.0000,1755.0000,0.0000,25.0000,36.0000,24.0000,9.0000
2.1010,0.5660,0.3850,0.3480,0.1920,0.0000,0.0000,1.1500,1.0000,2.5090,4.2900,3.6860,0.0000,0.0000,0.0000,69.9962,0.0000,4397.0000,1755.0000,0.0000,25.0000,36.0000,24.0000,9.0000
2.0210,0.7170,0.4090,0.4120,0.2020,0.0000,0.0000,0.8950,1.0000,2.5090,4.2900,3.6860,0.0000,0.0000,0.0000,70.0267,0.0000,4400.0000,1755.0000,0.0000,25.0000,36.0000,24.0000,9.0000
2.1700,0.6810,0.3550,0.3410,0.1510,0.0000,0.0000,1.1340,1.0000,2.5090,4.2900,3.6860,0.0000,0.0000,0.0000,70.0303,0.0000,4401.0000,1755.0000,0.0000,25.0000,36.0000,24.0000,9.0000
1.9710,0.6770,0.3400,0.4540,0.1510,0.0000,0.0000,0.9540,1.0000,2.5090,4.2900,3.6860,0.0000,0.0000,0.0000,70.0289,0.0000,4401.0000,1755.0000,0.0000,25.0000,36.0000,24.0000,9.0000
2.1800,0.6870,0.4060,0.4530,0.2180,0.0000,0.0000,1.0870,1.0000,2.5090,4.2900,3.6860,0.0000,0.0000,0.0000,70.0653,0.0000,4408.0000,1755.0000,0.0000,25.0000,37.0000,24.0000,9.0000
1.8950,0.7050,0.3510,0.3330,0.1610,0.0000,0.0000,0.8390,1.0000,2.5090,4.2900,3.6860,0.0000,0.0000,0.0000,70.0647,0.0000,4408.0000,1755.0000,0.0000,25.0000,36.0000,24.0000,9.0000
4.1590,0.5260,0.3670,0.3310,0.1790,0.0000,0.0000,3.2660,1.0000,2.5090,4.2900,3.6860,0.0000,0.0000,0.0000,70.0744,0.0000,4409.0000,1755.0000,0.0000,25.0000,35.0000,24.0000,9.0000
2.0210,0.5800,0.3240,0.3330,0.1400,0.0000,0.0000,1.1170,1.0000,2.5090,4.2900,3.6860,0.0000,0.0000,0.0000,69.8284,0.0000,4385.0000,1755.0000,0.0000,25.0000,35.0000,24.0000,9.0000
1.9970,0.5290,0.3340,0.3320,0.1460,0.0000,0.0000,1.1340,1.0000,2.5090,4.2900,3.6860,0.0000,0.0000,0.0000,69.8291,0.0000,4385.0000,1755.0000,0.0000,25.0000,36.0000,24.0000,9.0000
2.0520,0.5060,0.3580,0.3270,0.1490,0.0000,0.0000,1.1880,1.0000,2.5090,4.2900,3.6860,0.0000,0.0000,0.0000,69.8291,0.0000,4385.0000,1755.0000,0.0000,25.0000,36.0000,24.0000,9.0000
1.9380,0.5170,0.3340,0.3310,0.1470,0.0000,0.0000,1.0870,1.0000,2.5090,4.2900,3.6860,0.0000,0.0000,0.0000,69.8291,0.0000,4385.0000,1755.0000,0.0000,25.0000,36.0000,24.0000,9.0000
1.9560,0.5060,0.3340,0.3280,0.1480,0.0000,0.0000,1.1160,1.0000,2.5090,4.2900,3.6860,0.0000,0.0000,0.0000,69.8284,0.0000,4385.0000,1755.0000,0.0000,25.0000,35.0000,24.0000,9.0000
1.9120,0.5020,0.3610,0.3210,0.1770,0.0000,0.0000,1.0490,1.0000,2.5090,4.2900,3.6860,0.0000,0.0000,0.0000,69.8379,0.0000,4386.0000,1755.0000,0.0000,25.0000,34.0000,24.0000,9.0000
1.9480,0.5320,0.3320,0.3150,0.1460,0.0000,0.0000,1.0840,1.0000,2.5090,4.2900,3.6860,0.0000,0.0000,0.0000,69.8379,0.0000,4386.0000,1755.0000,0.0000,25.0000,34.0000,24.0000,9.0000
1.9590,0.5860,0.3590,0.3380,0.1620,0.0000,0.0000,1.0140,1.0000,2.5090,4.2900,3.6860,0.0000,0.0000,0.0000,69.8380,0.0000,4386.0000,1755.0000,0.0000,25.0000,34.0000,24.0000,9.0000
2.0640,0.5310,0.3680,0.3400,0.1530,0.0000,0.0000,1.1650,1.0000,2.5090,4.2900,3.6860,0.0000,0.0000,0.0000,69.8380,0.0000,4386.0000,1755.0000,0.0000,25.0000,34.0000,24.0000,9.0000
1.8790,0.5880,0.3510,0.3400,0.1550,0.0000,0.0000,0.9400,1.0000,2.5090,4.2900,3.6860,0.0000,0.0000,0.0000,69.8380,0.0000,4386.0000,1755.0000,0.0000,25.0000,34.0000,24.0000,9.0000
1.9520,0.5390,0.3830,0.3520,0.1850,0.0000,0.0000,1.0300,1.0000,2.5090,4.2900,3.6860,0.0000,0.0000,0.0000,69.8483,0.0000,4387.0000,1755.0000,0.0000,25.0000,34.0000,24.0000,9.0000
1.8750,0.5910,0.3770,0.3250,0.1780,0.0000,0.0000,0.9070,1.0000,2.5090,4.2900,3.6860,0.0000,0.0000,0.0000,69.8585,0.0000,4388.0000,1755.0000,0.0000,25.0000,34.0000,24.0000,9.0000
2.0420,0.6000,0.3860,0.3460,0.1880,0.0000,0.0000,1.0560,1.0000,2.5090,4.2900,3.6860,0.0000,0.0000,0.0000,69.8796,0.0000,4390.0000,1755.0000,0.0000,25.0000,35.0000,24.0000,9.0000
1.7920,0.7400,0.3490,0.3430,0.1470,0.0000,0.0000,0.7030,1.0000,2.5090,4.2900,3.6860,0.0000,0.0000,0.0000,69.8797,0.0000,4390.0000,1755.0000,0.0000,25.0000,35.0000,24.0000,9.0000
1.9730,0.5730,0.3750,0.3990,0.1580,0.0000,0.0000,1.0250,1.0000,2.5090,4.2900,3.6860,0.0000,0.0000,0.0000,69.8791,0.0000,4390.0000,1755.0000,0.0000,25.0000,34.0000,24.0000,10.0000
1.8830,0.7100,0.3970,0.5340,0.1760,0.0000,0.0000,0.7760,1.0000,2.5090,4.2900,3.6860,0.0000,0.0000,0.0000,69.8791,0.0000,4390.0000,1755.0000,0.0000,25.0000,34.0000,24.0000,10.0000
1.9460,0.5680,0.3980,0.3920,0.2140,0.0000,0.0000,0.9800,1.0000,2.5090,4.2900,3.6860,0.0000,0.0000,0.0000,69.8893,0.0000,4391.0000,1755.0000,0.0000,25.0000,34.0000,24.0000,10.0000
2.0200,0.6430,0.4060,0.4240,0.2210,0.0000,0.0000,0.9710,1.0000,2.5090,4.2900,3.6860,0.0000,0.0000,0.0000,69.8995,0.0000,4392.0000,1755.0000,0.0000,25.0000,34.0000,24.0000,11.0000
2.0130,0.6720,0.4060,0.4560,0.2250,0.0000,0.0000,0.9350,1.0000,2.5090,4.2900,3.6860,0.0000,0.0000,0.0000,69.9082,0.0000,4389.0000,1755.0000,0.0000,25.0000,35.0000,24.0000,11.0000
1.8160,0.6670,0.3650,0.4430,0.1880,0.0000,0.0000,0.7840,1.0000,2.5090,4.2900,3.6860,0.0000,0.0000,0.0000,69.9083,0.0000,4389.0000,1755.0000,0.0000,25.0000,35.0000,24.0000,10.0000
2.0310,0.5010,0.3670,0.3290,0.1830,0.0000,0.0000,1.1630,1.0000,2.5090,4.2900,3.6860,0.0000,0.0000,0.0000,69.9200,0.0000,4390.0000,1755.0000,0.0000,25.0000,37.0000,24.0000,10.0000
1.9170,0.5610,0.4130,0.3400,0.2200,0.0000,0.0000,0.9430,1.0000,2.5090,4.2900,3.6860,0.0000,0.0000,0.0000,69.9303,0.0000,4391.0000,1755.0000,0.0000,25.0000,37.0000,24.0000,10.0000
2.1240,0.5430,0.3700,0.3260,0.1810,0.0000,0.0000,1.2110,1.0000,2.5090,4.2900,3.6860,0.0000,0.0000,0.0000,69.9407,0.0000,4392.0000,1755.0000,0.0000,25.0000,37.0000,24.0000,10.0000
2.0220,0.5780,0.4160,0.3550,0.2250,0.0000,0.0000,1.0280,1.0000,2.5090,4.2900,3.6860,0.0000,0.0000,0.0000,69.9517,0.0000,4393.0000,1755.0000,0.0000,25.0000,38.0000,24.0000,10.0000
1.9260,0.5460,0.3740,0.3230,0.1870,0.0000,0.0000,1.0060,1.0000,2.5090,4.2900,3.6860,0.0000,0.0000,0.0000,69.9511,0.0000,4393.0000,1755.0000,0.0000,25.0000,37.0000,24.0000,10.0000
1.8860,0.5080,0.3240,0.3290,0.1430,0.0000,0.0000,1.0540,1.0000,2.5090,4.2900,3.6860,0.0000,0.0000,0.0000,69.9499,0.0000,4392.0000,1755.0000,0.0000,25.0000,37.0000,24.0000,10.0000
1.8800,0.5190,0.3270,0.3400,0.1450,0.0000,0.0000,1.0340,1.0000,2.5090,4.2900,3.6860,0.0000,0.0000,0.0000,69.9499,0.0000,4392.0000,1755.0000,0.0000,25.0000,37.0000,24.0000,10.0000
2.1340,0.5150,0.3640,0.3270,0.1790,0.0000,0.0000,1.2550,1.0000,2.5090,4.2900,3.6860,0.0000,0.0000,0.0000,69.9601,0.0000,4393.0000,1755.0000,0.0000,25.0000,37.0000,24.0000,10.0000
1.9740,0.5780,0.3400,0.3450,0.1500,0.0000,0.0000,1.0560,1.0000,2.5090,4.2900,3.6860,0.0000,0.0000,0.0000,69.9601,0.0000,4393.0000,1755.0000,0.0000,25.0000,37.0000,24.0000,10.0000
2.2250,0.5460,0.3850,0.3330,0.1920,0.0000,0.0000,1.2940,1.0000,2.5090,4.2900,3.6860,0.0000,0.0000,0.0000,69.9818,0.0000,4395.0000,1755.0000,0.0000,25.0000,39.0000,24.0000,10.0000
2.0940,0.5850,0.4540,0.3240,0.1680,0.0000,0.0000,1.0550,1.0000,2.5090,4.2900,3.6860,0.0000,0.0000,0.0000,69.9811,0.0000,4395.0000,1755.0000,0.0000,25.0000,38.0000,24.0000,10.0000
1.9390,0.5660,0.3710,0.3900,0.1500,0.0000,0.0000,1.0020,1.0000,2.5090,4.2900,3.6860,0.0000,0.0000,0.0000,69.9812,0.0000,4395.0000,1755.0000,0.0000,25.0000,38.0000,24.0000,10.0000
2.1330,0.5580,0.4090,0.3850,0.1890,0.0000,0.0000,1.1660,1.0000,2.5090,4.2900,3.6860,0.0000,0.0000,0.0000,69.9936,0.0000,4396.0000,1755.0000,0.0000,25.0000,39.0000,24.0000,10.0000
2.0600,0.6340,0.4200,0.3890,0.1980,0.0000,0.0000,1.0060,1.0000,2.5090,4.2900,3.6860,0.0000,0.0000,0.0000,70.0039,0.0000,4397.0000,1755.0000,0.0000,25.0000,39.0000,24.0000,10.0000
1.8540,0.5960,0.3740,0.3790,0.1620,0.0000,0.0000,0.8840,1.0000,2.5090,4.2900,3.6860,0.0000,0.0000,0.0000,70.0025,0.0000,4397.0000,1755.0000,0.0000,25.0000,37.0000,24.0000,10.0000
1.9410,0.6060,0.3700,0.4340,0.1820,0.0000,0.0000,0.9650,1.0000,2.5090,4.2900,3.6860,0.0000,0.0000,0.0000,70.0032,0.0000,4397.0000,1755.0000,0.0000,25.0000,38.0000,24.0000,10.0000
1.9970,0.5050,0.3980,0.3250,0.2150,0.0000,0.0000,1.0940,1.0000,2.5090,4.2900,3.6860,0.0000,0.0000,0.0000,70.0135,0.0000,4398.0000,1755.0000,0.0000,25.0000,38.0000,24.0000,10.0000
1.8450,0.5830,0.3790,0.3650,0.1860,0.0000,0.0000,0.8830,1.0000,2.5090,4.2900,3.6860,0.0000,0.0000,0.0000,70.0135,0.0000,4398.0000,1755.0000,0.0000,25.0000,38.0000,24.0000,10.0000
2.2560,0.5160,0.3320,0.3420,0.1450,0.0000,0.0000,1.4080,1.0000,2.5090,4.2900,3.6860,0.0000,0.0000,0.0000,70.0129,0.0000,4398.0000,1755.0000,0.0000,25.0000,37.0000,24.0000,10.0000
2.1900,0.5060,0.4230,0.3260,0.1890,0.0000,0.0000,1.2610,1.0000,2.5090,4.2900,3.6860,0.0000,0.0000,0.0000,70.0238,0.0000,4399.0000,1755.0000,0.0000,25.0000,38.0000,24.0000,10.0000
1.9850,0.5970,0.3550,0.3820,0.1610,0.0000,0.0000,1.0330,1.0000,2.5090,4.2900,3.6860,0.0000,0.0000,0.0000,70.0238,0.0000,4399.0000,1755.0000,0.0000,25.0000,38.0000,24.0000,10.0000
2.0360,0.6250,0.3860,0.4530,0.1990,0.0000,0.0000,1.0250,1.0000,2.5090,4.2900,3.6860,0.0000,0.0000,0.0000,70.0441,0.0000,4401.0000,1755.0000,0.0000,25.0000,38.0000,24.0000,9.0000
1.9490,0.6480,0.3490,0.3390,0.1480,0.0000,0.0000,0.9520,1.0000,2.5090,4.2900,3.6860,0.0000,0.0000,0.0000,70.0441,0.0000,4401.0000,1755.0000,0.0000,25.0000,38.0000,24.0000,9.0000
2.1720,0.6520,0.4120,0.4610,0.2190,0.0000,0.0000,1.1080,1.0000,2.5090,4.2900,3.6860,0.0000,0.0000,0.0000,70.0846,0.0000,4405.0000,1755.0000,0.0000,25.0000,38.0000,24.0000,10.0000
2.0460,0.7160,0.3570,0.3390,0.1520,0.0000,0.0000,0.9730,1.0000,2.5090,4.2900,3.6860,0.0000,0.0000,0.0000,70.0847,0.0000,4405.0000,1755.0000,0.0000,25.0000,38.0000,24.0000,9.0000
2.0060,0.6340,0.3970,0.4130,0.1930,0.0000,0.0000,0.9750,1.0000,2.5090,4.2900,3.6860,0.0000,0.0000,0.0000,70.1053,0.0000,4407.0000,1755.0000,0.0000,25.0000,38.0000,24.0000,9.0000
1.9370,0.6360,0.3500,0.3350,0.1490,0.0000,0.0000,0.9510,1.0000,2.5090,4.2900,3.6860,0.0000,0.0000,0.0000,70.1053,0.0000,4407.0000,1755.0000,0.0000,25.0000,38.0000,24.0000,9.0000
1.9550,0.5980,0.3760,0.3820,0.1750,0.0000,0.0000,0.9810,1.0000,2.5090,4.2900,3.6860,0.0000,0.0000,0.0000,70.1153,0.0000,4408.0000,1755.0000,0.0000,25.0000,38.0000,24.0000,9.0000
2.0050,0.6070,0.3420,0.3380,0.1440,0.0000,0.0000,1.0560,1.0000,2.5090,4.2900,3.6860,0.0000,0.0000,0.0000,69.8134,0.0000,4379.0000,1755.0000,0.0000,25.0000,38.0000,24.0000,10.0000
1.8350,0.6690,0.3480,0.5030,0.1510,0.0000,0.0000,0.8180,1.0000,2.5090,4.2900,3.6860,0.0000,0.0000,0.0000,69.8134,0.0000,4379.0000,1755.0000,0.0000,25.0000,38.0000,24.0000,10.0000
2.1800,0.5660,0.4150,0.3960,0.2030,0.0000,0.0000,1.1990,1.0000,2.5090,4.2900,3.6860,0.0000,0.0000,0.0000,69.8337,0.0000,4381.0000,1755.0000,0.0000,25.0000,38.0000,24.0000,10.0000
1.8740,0.7050,0.3660,0.4650,0.1620,0.0000,0.0000,0.8030,1.0000,2.5090,4.2900,3.6860,0.0000,0.0000,0.0000,69.8338,0.0000,4381.0000,1755.0000,0.0000,25.0000,38.0000,24.0000,10.0000
2.0130,0.5650,0.3840,0.3960,0.1920,0.0000,0.0000,1.0640,1.0000,2.5090,4.2900,3.6860,0.0000,0.0000,0.0000,69.8436,0.0000,4382.0000,1755.0000,0.0000,25.0000,37.0000,24.0000,10.0000
1.8510,0.6560,0.3530,0.4440,0.1600,0.0000,0.0000,0.8420,1.0000,2.5090,4.2900,3.6860,0.0000,0.0000,0.0000,69.8436,0.0000,4382.0000,1755.0000,0.0000,25.0000,37.0000,24.0000,10.0000
1.9550,0.5560,0.3740,0.3860,0.1620,0.0000,0.0000,1.0250,1.0000,2.5090,4.2900,3.6860,0.0000,0.0000,0.0000,69.8437,0.0000,4382.0000,1755.0000,0.0000,25.0000,37.0000,24.0000,10.0000
1.9250,0.5570,0.3710,0.3880,0.1520,0.0000,0.0000,0.9970,1.0000,2.5090,4.2900,3.6860,0.0000,0.0000,0.0000,69.8437,0.0000,4382.0000,1755.0000,0.0000,25.0000,37.0000,24.0000,10.0000
2.1440,0.5560,0.4170,0.3850,0.2340,0.0000,0.0000,1.1710,1.0000,2.5090,4.2900,3.6860,0.0000,0.0000,0.0000,69.8639,0.0000,4384.0000,1755.0000,0.0000,25.0000,37.0000,24.0000,10.0000
1.9230,0.7590,0.3800,0.4520,0.1630,0.0000,0.0000,0.7840,1.0000,2.5090,4.2900,3.6860,0.0000,0.0000,0.0000,69.8639,0.0000,4384.0000,1755.0000,0.0000,25.0000,37.0000,24.0000,10.0000
1.9210,0.5780,0.3840,0.3970,0.1680,0.0000,0.0000,0.9590,1.0000,2.5090,4.2900,3.6860,0.0000,0.0000,0.0000,69.8640,0.0000,4384.0000,1755.0000,0.0000,25.0000,37.0000,24.0000,10.0000
1.9290,0.5540,0.4000,0.3810,0.2150,0.0000,0.0000,0.9750,1.0000,2.5090,4.2900,3.6860,0.0000,0.0000,0.0000,69.8743,0.0000,4385.0000,1755.0000,0.0000,25.0000,37.0000,24.0000,10.0000
1.8600,0.5740,0.3590,0.3650,0.1790,0.0000,0.0000,0.9270,1.0000,2.5090,4.2900,3.6860,0.0000,0.0000,0.0000,69.8743,0.0000,4385.0000,1755.0000,0.0000,25.0000,37.0000,24.0000,10.0000
1.9530,0.5030,0.3640,0.3270,0.1750,0.0000,0.0000,1.0860,1.0000,2.5090,4.2900,3.6860,0.0000,0.0000,0.0000,69.8860,0.0000,4386.0000,1755.0000,0.0000,25.0000,39.0000,24.0000,10.0000
2.0490,0.5480,0.3690,0.3280,0.1840,0.0000,0.0000,1.1320,1.0000,2.5090,4.2900,3.6860,0.0000,0.0000,0.0000,69.9063,0.0000,4388.0000,1755.0000,0.0000,25.0000,39.0000,24.0000,10.0000
1.8840,0.6220,0.3360,0.3510,0.1460,0.0000,0.0000,0.9260,1.0000,2.5090,4.2900,3.6860,0.0000,0.0000,0.0000,69.9064,0.0000,4388.0000,1755.0000,0.0000,25.0000,39.0000,24.0000,10.0000
2.2730,0.5170,0.3300,0.3280,0.1440,0.0000,0.0000,1.4260,1.0000,2.5090,4.2900,3.6860,0.0000,0.0000,0.0000,69.9075,0.0000,4388.0000,1755.0000,0.0000,25.0000,39.0000,24.0000,9.0000
2.1230,0.8890,0.4040,0.6910,0.2240,0.0000,0.0000,0.8300,1.0000,2.5090,4.2900,3.6860,0.0000,0.0000,0.0000,69.9178,0.0000,4389.0000,1755.0000,0.0000,25.0000,39.0000,24.0000,10.0000
2.0730,0.7020,0.4030,0.4780,0.1860,0.0000,0.0000,0.9680,1.0000,2.5090,4.2900,3.6860,0.0000,0.0000,0.0000,69.9281,0.0000,4390.0000,1755.0000,0.0000,25.0000,39.0000,24.0000,11.0000
1.8960,0.6590,0.3810,0.4380,0.1640,0.0000,0.0000,0.8560,1.0000,2.5090,4.2900,3.6860,0.0000,0.0000,0.0000,69.9281,0.0000,4390.0000,1755.0000,0.0000,25.0000,39.0000,24.0000,11.0000
2.1090,0.5840,0.4240,0.3970,0.2400,0.0000,0.0000,1.1010,1.0000,2.5090,4.2900,3.6860,0.0000,0.0000,0.0000,69.9385,0.0000,4391.0000,1755.0000,0.0000,25.0000,39.0000,24.0000,11.0000
1.8720,0.6560,0.3850,0.4380,0.1640,0.0000,0.0000,0.8310,1.0000,2.5090,4.2900,3.6860,0.0000,0.0000,0.0000,69.9385,0.0000,4391.0000,1755.0000,0.0000,25.0000,39.0000,24.0000,11.0000
1.9890,0.5570,0.3870,0.3870,0.2020,0.0000,0.0000,1.0450,1.0000,2.5090,4.2900,3.6860,0.0000,0.0000,0.0000,69.9385,0.0000,4391.0000,1755.0000,0.0000,25.0000,39.0000,24.0000,11.0000
1.8400,0.5120,0.3730,0.3370,0.1880,0.0000,0.0000,0.9550,1.0000,2.5090,4.2900,3.6860,0.0000,0.0000,0.0000,69.9385,0.0000,4391.0000,1755.0000,0.0000,25.0000,39.0000,24.0000,11.0000
2.0590,0.5010,0.3620,0.3280,0.1800,0.0000,0.0000,1.1960,1.0000,2.5090,4.2900,3.6860,0.0000,0.0000,0.0000,69.9489,0.0000,4392.0000,1755.0000,0.0000,25.0000,39.0000,24.0000,11.0000
1.9420,0.5690,0.4120,0.3510,0.2240,0.0000,0.0000,0.9610,1.0000,2.5090,4.2900,3.6860,0.0000,0.0000,0.0000,69.9593,0.0000,4393.0000,1755.0000,0.0000,25.0000,39.0000,24.0000,11.0000
1.9180,0.5530,0.3320,0.3300,0.1490,0.0000,0.0000,1.0330,1.0000,2.5090,4.2900,3.6860,0.0000,0.0000,0.0000,69.9600,0.0000,4393.0000,1755.0000,0.0000,25.0000,40.0000,24.0000,11.0000
2.0220,0.5080,0.3720,0.3280,0.1830,0.0000,0.0000,1.1420,1.0000,2.5090,4.2900,3.6860,0.0000,0.0000,0.0000,69.9689,0.0000,4394.0000,1755.0000,0.0000,25.0000,38.0000,24.0000,11.0000
1.9430,0.5580,0.3350,0.3290,0.1460,0.0000,0.0000,1.0500,1.0000,2.5090,4.2900,3.6860,0.0000,0.0000,0.0000,69.9689,0.0000,4394.0000,1755.0000,0.0000,25.0000,38.0000,24.0000,11.0000
2.0310,0.5220,0.3680,0.3290,0.1800,0.0000,0.0000,1.1410,1.0000,2.5090,4.2900,3.6860,0.0000,0.0000,0.0000,69.9806,0.0000,4395.0000,1755.0000,0.0000,25.0000,40.0000,24.0000,10.0000
1.9390,0.5830,0.3540,0.3460,0.1690,0.0000,0.0000,1.0020,1.0000,2.5090,4.2900,3.6860,0.0000,0.0000,0.0000,69.9806,0.0000,4395.0000,1755.0000,0.0000,25.0000,40.0000,24.0000,10.0000
2.0820,0.5290,0.3840,0.3340,0.1980,0.0000,0.0000,1.1690,1.0000,2.5090,4.2900,3.6860,0.0000,0.0000,0.0000,70.0114,0.0000,4398.0000,1755.0000,0.0000,25.0000,40.0000,24.0000,10.0000
1.9630,0.6400,0.3390,0.3280,0.1480,0.0000,0.0000,0.9840,1.0000,2.5090,4.2900,3.6860,0.0000,0.0000,0.0000,70.0115,0.0000,4398.0000,1755.0000,0.0000,25.0000,40.0000,24.0000,10.0000
2.0250,0.5220,0.3380,0.3260,0.1480,0.0000,0.0000,1.1650,1.0000,2.5090,4.2900,3.6860,0.0000,0.0000,0.0000,70.0116,0.0000,4398.0000,1755.0000,0.0000,25.0000,40.0000,24.0000,10.0000
1.9260,0.5280,0.3340,0.3290,0.1470,0.0000,0.0000,1.0640,1.0000,2.5090,4.2900,3.6860,0.0000,0.0000,0.0000,70.0116,0.0000,4398.0000,1755.0000,0.0000,25.0000,40.0000,24.0000,10.0000
2.1420,0.5450,0.3640,0.3480,0.1750,0.0000,0.0000,1.2330,1.0000,2.5090,4.2900,3.6860,0.0000,0.0000,0.0000,70.0228,0.0000,4399.0000,1755.0000,0.0000,25.0000,41.0000,24.0000,10.0000
2.0580,0.7440,0.3510,0.5050,0.1530,0.0000,0.0000,0.9630,1.0000,2.5090,4.2900,3.6860,0.0000,0.0000,0.0000,70.0228,0.0000,4399.0000,1755.0000,0.0000,25.0000,41.0000,24.0000,10.0000
2.1090,0.5250,0.4210,0.3410,0.2240,0.0000,0.0000,1.1630,1.0000,2.5090,4.2900,3.6860,0.0000,0.0000,0.0000,70.0331,0.0000,4400.0000,1755.0000,0.0000,25.0000,41.0000,24.0000,10.0000
1.9290,0.5590,0.3740,0.3320,0.1880,0.0000,0.0000,0.9960,1.0000,2.5090,4.2900,3.6860,0.0000,0.0000,0.0000,70.0331,0.0000,4400.0000,1755.0000,0.0000,25.0000,41.0000,24.0000,10.0000
1.9050,0.5080,0.3770,0.3300,0.1880,0.0000,0.0000,1.0200,1.0000,2.5090,4.2900,3.6860,0.0000,0.0000,0.0000,70.0325,0.0000,4400.0000,1755.0000,0.0000,25.0000,40.0000,24.0000,10.0000
2.0130,0.5230,0.3590,0.3430,0.1750,0.0000,0.0000,1.1310,1.0000,2.5090,4.2900,3.6860,0.0000,0.0000,0.0000,70.0428,0.0000,4401.0000,1755.0000,0.0000,25.0000,40.0000,24.0000,10.0000
1.9590,0.5460,0.3660,0.3240,0.1770,0.0000,0.0000,1.0470,1.0000,2.5090,4.2900,3.6860,0.0000,0.0000,0.0000,70.0538,0.0000,4402.0000,1755.0000,0.0000,25.0000,41.0000,24.0000,10.0000
1.9170,0.5490,0.3280,0.3270,0.1440,0.0000,0.0000,1.0400,1.0000,2.5090,4.2900,3.6860,0.0000,0.0000,0.0000,70.0539,0.0000,4402.0000,1755.0000,0.0000,25.0000,41.0000,24.0000,10.0000
1.9620,0.5290,0.3740,0.3330,0.1830,0.0000,0.0000,1.0590,1.0000,2.5090,4.2900,3.6860,0.0000,0.0000,0.0000,70.0642,0.0000,4403.0000,1755.0000,0.0000,25.0000,41.0000,24.0000,10.0000
1.9220,0.5660,0.3280,0.3240,0.1410,0.0000,0.0000,1.0280,1.0000,2.5090,4.2900,3.6860,0.0000,0.0000,0.0000,70.0642,0.0000,4403.0000,1755.0000,0.0000,25.0000,41.0000,24.0000,10.0000
1.9080,0.5230,0.3550,0.3280,0.1520,0.0000,0.0000,1.0300,1.0000,2.5090,4.2900,3.6860,0.0000,0.0000,0.0000,70.0643,0.0000,4403.0000,1755.0000,0.0000,25.0000,41.0000,24.0000,10.0000
2.0800,0.5250,0.3450,0.3270,0.1470,0.0000,0.0000,1.2100,1.0000,2.5090,4.2900,3.6860,0.0000,0.0000,0.0000,70.0645,0.0000,4403.0000,1755.0000,0.0000,25.0000,41.0000,24.0000,11.0000
1.9800,0.7110,0.3520,0.4680,0.1540,0.0000,0.0000,0.9170,1.0000,2.5090,4.2900,3.6860,0.0000,0.0000,0.0000,70.0639,0.0000,4403.0000,1755.0000,0.0000,25.0000,41.0000,24.0000,10.0000
2.0930,0.5730,0.3760,0.3450,0.1900,0.0000,0.0000,1.1440,1.0000,2.5090,4.2900,3.6860,0.0000,0.0000,0.0000,69.8244,0.0000,4380.0000,1755.0000,0.0000,25.0000,41.0000,24.0000,10.0000
1.8610,0.5790,0.3190,0.3290,0.1390,0.0000,0.0000,0.9630,1.0000,2.5090,4.2900,3.6860,0.0000,0.0000,0.0000,69.8244,0.0000,4380.0000,1755.0000,0.0000,25.0000,41.0000,24.0000,10.0000
2.0980,0.5320,0.3750,0.3380,0.1850,0.0000,0.0000,1.1910,1.0000,2.5090,4.2900,3.6860,0.0000,0.0000,0.0000,69.8347,0.0000,4381.0000,1755.0000,0.0000,25.0000,41.0000,24.0000,10.0000
1.8370,0.6060,0.3170,0.3440,0.1400,0.0000,0.0000,0.9140,1.0000,2.5090,4.2900,3.6860,0.0000,0.0000,0.0000,69.8347,0.0000,4381.0000,1755.0000,0.0000,25.0000,41.0000,24.0000,10.0000
1.9110,0.5710,0.3540,0.3470,0.1470,0.0000,0.0000,0.9860,1.0000,2.5090,4.2900,3.6860,0.0000,0.0000,0.0000,69.8347,0.0000,4381.0000,1755.0000,0.0000,25.0000,41.0000,24.0000,10.0000
2.2870,0.6030,0.4450,0.3650,0.1960,0.0000,0.0000,1.2390,1.0000,2.5090,4.2900,3.6860,0.0000,0.0000,0.0000,69.8550,0.0000,4383.0000,1755.0000,0.0000,25.0000,41.0000,24.0000,10.0000
2.3100,0.6940,0.4020,0.3310,0.2000,0.0000,0.0000,1.2140,1.0000,2.5090,4.2900,3.6860,0.0000,0.0000,0.0000,69.8755,0.0000,4385.0000,1755.0000,0.0000,25.0000,41.0000,24.0000,10.0000
2.0860,0.6680,0.3860,0.3860,0.1990,0.0000,0.0000,1.0320,1.0000,2.5090,4.2900,3.6860,0.0000,0.0000,0.0000,69.8756,0.0000,4385.0000,1755.0000,0.0000,25.0000,41.0000,24.0000,10.0000
2.3840,0.6000,0.4780,0.4240,0.1770,0.0000,0.0000,1.3060,1.0000,2.5090,4.2900,3.6860,0.0000,0.0000,0.0000,69.8757,0.0000,4385.0000,1755.0000,0.0000,25.0000,41.0000,24.0000,10.0000
2.0940,0.7430,0.3900,0.5600,0.1610,0.0000,0.0000,0.9610,1.0000,2.5090,4.2900,3.6860,0.0000,0.0000,0.0000,69.8757,0.0000,4385.0000,1755.0000,0.0000,25.0000,41.0000,24.0000,10.0000
2.1020,0.6140,0.3270,0.3530,0.1430,0.0000,0.0000,1.1610,1.0000,2.5090,4.2900,3.6860,0.0000,0.0000,0.0000,69.8757,0.0000,4385.0000,1755.0000,0.0000,25.0000,41.0000,24.0000,10.0000
2.0310,0.6730,0.3710,0.3880,0.1610,0.0000,0.0000,0.9870,1.0000,2.5090,4.2900,3.6860,0.0000,0.0000,0.0000,69.8757,0.0000,4385.0000,1755.0000,0.0000,25.0000,41.0000,24.0000,10.0000
2.1800,0.5530,0.3940,0.3330,0.1860,0.0000,0.0000,1.2330,1.0000,2.5090,4.2900,3.6860,0.0000,0.0000,0.0000,69.8860,0.0000,4386.0000,1755.0000,0.0000,25.0000,41.0000,24.0000,10.0000
1.9780,0.5980,0.3500,0.3720,0.1640,0.0000,0.0000,1.0300,1.0000,2.5090,4.2900,3.6860,0.0000,0.0000,0.0000,69.8860,0.0000,4386.0000,1755.0000,0.0000,25.0000,41.0000,24.0000,10.0000
2.1790,0.5290,0.3940,0.3420,0.2010,0.0000,0.0000,1.2560,1.0000,2.5090,4.2900,3.6860,0.0000,0.0000,0.0000,69.9064,0.0000,4388.0000,1755.0000,0.0000,25.0000,41.0000,24.0000,10.0000
2.1220,0.6740,0.4400,0.4020,0.2260,0.0000,0.0000,1.0080,1.0000,2.5090,4.2900,3.6860,0.0000,0.0000,0.0000,69.9168,0.0000,4389.0000,1755.0000,0.0000,25.0000,41.0000,24.0000,10.0000
2.3150,0.6670,0.4600,0.4450,0.2270,0.0000,0.0000,1.1880,1.0000,2.5090,4.2900,3.6860,0.0000,0.0000,0.0000,69.9279,0.0000,4390.0000,1755.0000,0.0000,25.0000,42.0000,24.0000,10.0000
2.1230,0.7890,0.3550,0.5500,0.1470,0.0000,0.0000,0.9790,1.0000,2.5090,4.2900,3.6860,0.0000,0.0000,0.0000,69.9279,0.0000,4390.0000,1755.0000,0.0000,25.0000,42.0000,24.0000,10.0000
2.1260,0.6430,0.3700,0.4150,0.1770,0.0000,0.0000,1.1130,1.0000,2.5090,4.2900,3.6860,0.0000,0.0000,0.0000,69.9385,0.0000,4391.0000,1755.0000,0.0000,25.0000,42.0000,24.0000,11.0000
1.9720,0.7050,0.3860,0.4490,0.1730,0.0000,0.0000,0.8810,1.0000,2.5090,4.2900,3.6860,0.0000,0.0000,0.0000,69.9385,0.0000,4391.0000,1755.0000,0.0000,25.0000,42.0000,24.0000,11.0000
1.8810,0.5630,0.3750,0.3690,0.1700,0.0000,0.0000,0.9430,1.0000,2.5090,4.2900,3.6860,0.0000,0.0000,0.0000,69.9378,0.0000,4391.0000,1755.0000,0.0000,25.0000,41.0000,24.0000,11.0000
1.8750,0.5760,0.3810,0.3800,0.1670,0.0000,0.0000,0.9180,1.0000,2.5090,4.2900,3.6860,0.0000,0.0000,0.0000,69.9378,0.0000,4391.0000,1755.0000,0.0000,25.0000,41.0000,24.0000,11.0000
2.0780,0.6240,0.3810,0.4030,0.1520,0.0000,0.0000,1.0730,1.0000,2.5090,4.2900,3.6860,0.0000,0.0000,0.0000,69.9372,0.0000,4391.0000,1755.0000,0.0000,25.0000,40.0000,24.0000,12.0000
2.0820,0.7460,0.3790,0.4800,0.1960,0.0000,0.0000,0.9570,1.0000,2.5090,4.2900,3.6860,0.0000,0.0000,0.0000,69.9674,0.0000,4394.0000,1755.0000,0.0000,25.0000,39.0000,24.0000,12.0000
1.8650,0.7600,0.3490,0.3700,0.1520,0.0000,0.0000,0.7560,1.0000,2.5090,4.2900,3.6860,0.0000,0.0000,0.0000,69.9675,0.0000,4394.0000,1755.0000,0.0000,25.0000,39.0000,24.0000,12.0000
2.0150,0.5420,0.4140,0.3570,0.1940,0.0000,0.0000,1.0590,1.0000,2.5090,4.2900,3.6860,0.0000,0.0000,0.0000,69.9880,0.0000,4396.0000,1755.0000,0.0000,25.0000,39.0000,24.0000,12.0000
1.8260,0.6840,0.3610,0.3730,0.1490,0.0000,0.0000,0.7810,1.0000,2.5090,4.2900,3.6860,0.0000,0.0000,0.0000,69.9880,0.0000,4396.0000,1755.0000,0.0000,25.0000,39.0000,24.0000,12.0000
1.8120,0.6000,0.3460,0.3500,0.1600,0.0000,0.0000,0.8660,1.0000,2.5090,4.2900,3.6860,0.0000,0.0000,0.0000,69.9874,0.0000,4396.0000,1755.0000,0.0000,25.0000,38.0000,24.0000,12.0000
1.8340,0.6260,0.4210,0.4330,0.2070,0.0000,0.0000,0.7870,1.0000,2.5090,4.2900,3.6860,0.0000,0.0000,0.0000,69.9867,0.0000,4396.0000,1755.0000,0.0000,25.0000,37.0000,24.0000,12.0000
1.9680,0.5630,0.4240,0.3850,0.2340,0.0000,0.0000,0.9810,1.0000,2.5090,4.2900,3.6860,0.0000,0.0000,0.0000,70.0073,0.0000,4398.0000,1755.0000,0.0000,25.0000,37.0000,24.0000,12.0000
1.8870,0.6360,0.4120,0.3720,0.2000,0.0000,0.0000,0.8390,1.0000,1.1880,3.3760,2.5190,0.0000,0.0000,0.0000,70.0073,0.0000,4398.0000,1755.0000,0.0000,25.0000,37.0000,24.0000,12.0000
1.7740,0.5070,0.3480,0.3210,0.1500,0.0000,0.0000,0.9190,1.0000,1.1880,3.3760,2.5190,0.0000,0.0000,0.0000,70.0088,0.0000,4398.0000,1755.0000,0.0000,25.0000,39.0000,24.0000,12.0000
1.7610,0.5190,0.3310,0.3190,0.1450,0.0000,0.0000,0.9110,1.0000,1.1880,3.3760,2.5190,0.0000,0.0000,0.0000,70.0088,0.0000,4398.0000,1755.0000,0.0000,25.0000,39.0000,24.0000,12.0000
2.1320,0.6220,0.3470,0.3510,0.1500,0.0000,0.0000,1.1630,1.0000,1.1880,3.3760,2.5190,0.0000,0.0000,0.0000,70.0088,0.0000,4398.0000,1755.0000,0.0000,25.0000,39.0000,24.0000,11.0000
2.0910,0.8630,0.3560,0.6660,0.1520,0.0000,0.0000,0.8720,1.0000,1.1880,3.3760,2.5190,0.0000,0.0000,0.0000,70.0088,0.0000,4398.0000,1755.0000,0.0000,25.0000,39.0000,24.0000,12.0000
1.9780,0.6070,0.3850,0.3420,0.1840,0.0000,0.0000,0.9860,1.0000,1.1880,3.3760,2.5190,0.0000,0.0000,0.0000,70.0190,0.0000,4399.0000,1755.0000,0.0000,25.0000,39.0000,24.0000,12.0000
2.0140,0.5860,0.3360,0.3170,0.1450,0.0000,0.0000,1.0920,1.0000,1.1880,3.3760,2.5190,0.0000,0.0000,0.0000,70.0190,0.0000,4399.0000,1755.0000,0.0000,25.0000,39.0000,24.0000,12.0000
2.1220,0.6760,0.3740,0.3540,0.1840,0.0000,0.0000,1.0720,1.0000,1.1880,3.3760,2.5190,0.0000,0.0000,0.0000,70.0397,0.0000,4401.0000,1755.0000,0.0000,25.0000,39.0000,24.0000,11.0000
2.1720,0.6120,0.4170,0.3130,0.2000,0.0000,0.0000,1.1430,1.0000,1.1880,3.3760,2.5190,0.0000,0.0000,0.0000,70.0601,0.0000,4403.0000,1755.0000,0.0000,25.0000,39.0000,24.0000,11.0000
2.0340,0.6090,0.3290,0.3150,0.1440,0.0000,0.0000,1.0960,1.0000,1.1880,3.3760,2.5190,0.0000,0.0000,0.0000,70.0603,0.0000,4403.0000,1755.0000,0.0000,25.0000,39.0000,24.0000,11.0000
1.9770,0.5060,0.3320,0.3130,0.1420,0.0000,0.0000,1.1390,1.0000,1.1880,3.3760,2.5190,0.0000,0.0000,0.0000,70.0604,0.0000,4403.0000,1755.0000,0.0000,25.0000,39.0000,24.0000,11.0000
2.0720,0.5160,0.4590,0.3200,0.2500,0.0000,0.0000,1.0970,1.0000,1.1880,3.3760,2.5190,0.0000,0.0000,0.0000,70.0806,0.0000,4405.0000,1755.0000,0.0000,25.0000,39.0000,24.0000,11.0000
2.1120,0.5840,0.4460,0.3160,0.2450,0.0000,0.0000,1.0820,1.0000,1.1880,3.3760,2.5190,0.0000,0.0000,0.0000,70.0908,0.0000,4406.0000,1755.0000,0.0000,25.0000,39.0000,24.0000,11.0000
2.0320,0.6250,0.4250,0.3930,0.1640,0.0000,0.0000,0.9820,1.0000,1.1880,3.3760,2.5190,0.0000,0.0000,0.0000,70.0910,0.0000,4406.0000,1755.0000,0.0000,25.0000,39.0000,24.0000,11.0000
2.0440,0.5930,0.4590,0.4020,0.2130,0.0000,0.0000,0.9920,1.0000,1.1880,3.3760,2.5190,0.0000,0.0000,0.0000,70.0910,0.0000,4406.0000,1755.0000,0.0000,25.0000,39.0000,24.0000,11.0000
1.9710,0.5810,0.3760,0.3860,0.1520,0.0000,0.0000,1.0140,1.0000,1.1880,3.3760,2.5190,0.0000,0.0000,0.0000,70.0909,0.0000,4406.0000,1755.0000,0.0000,25.0000,39.0000,24.0000,11.0000
2.0880,0.6310,0.4730,0.4330,0.2420,0.0000,0.0000,0.9840,1.0000,1.1880,3.3760,2.5190,0.0000,0.0000,0.0000,70.1004,0.0000,4407.0000,1755.0000,0.0000,25.0000,39.0000,24.0000,11.0000
1.9440,0.6330,0.3780,0.4000,0.1660,0.0000,0.0000,0.9330,1.0000,1.1880,3.3760,2.5190,0.0000,0.0000,0.0000,69.7929,0.0000,4377.0000,1755.0000,0.0000,25.0000,39.0000,24.0000,11.0000
2.0760,0.5570,0.4570,0.3830,0.2410,0.0000,0.0000,1.0620,1.0000,1.1880,3.3760,2.5190,0.0000,0.0000,0.0000,69.8032,0.0000,4378.0000,1755.0000,0.0000,25.0000,39.0000,24.0000,11.0000
1.9490,0.6030,0.3950,0.3860,0.1770,0.0000,0.0000,0.9510,1.0000,1.1880,3.3760,2.5190,0.0000,0.0000,0.0000,69.8032,0.0000,4378.0000,1755.0000,0.0000,25.0000,39.0000,24.0000,11.0000
1.9640,0.5530,0.4310,0.3810,0.2100,0.0000,0.0000,0.9800,1.0000,1.1880,3.3760,2.5190,0.0000,0.0000,0.0000,69.8033,0.0000,4378.0000,1755.0000,0.0000,25.0000,39.0000,24.0000,11.0000
1.8890,0.5900,0.3800,0.4150,0.1490,0.0000,0.0000,0.9190,1.0000,1.1880,3.3760,2.5190,0.0000,0.0000,0.0000,69.8033,0.0000,4378.0000,1755.0000,0.0000,25.0000,39.0000,24.0000,11.0000
2.2380,0.5400,0.4850,0.3720,0.3050,0.0000,0.0000,1.2130,1.0000,1.1880,3.3760,2.5190,0.0000,0.0000,0.0000,69.8542,0.0000,4383.0000,1755.0000,0.0000,25.0000,39.0000,24.0000,11.0000
1.9980,0.7740,0.3770,0.4010,0.1600,0.0000,0.0000,0.8470,1.0000,1.1880,3.3760,2.5190,0.0000,0.0000,0.0000,69.8543,0.0000,4383.0000,1755.0000,0.0000,25.0000,39.0000,24.0000,11.0000
1.9340,0.5540,0.4180,0.3840,0.1680,0.0000,0.0000,0.9620,1.0000,1.1880,3.3760,2.5190,0.0000,0.0000,0.0000,69.8539,0.0000,4383.0000,1755.0000,0.0000,25.0000,38.0000,24.0000,11.0000
1.8640,0.5680,0.3720,0.3910,0.1610,0.0000,0.0000,0.9240,1.0000,1.1880,3.3760,2.5190,0.0000,0.0000,0.0000,69.8539,0.0000,4383.0000,1755.0000,0.0000,25.0000,38.0000,24.0000,11.0000
1.9420,0.5480,0.4150,0.3770,0.2280,0.0000,0.0000,0.9790,1.0000,1.1880,3.3760,2.5190,0.0000,0.0000,0.0000,69.8539,0.0000,4383.0000,1755.0000,0.0000,25.0000,38.0000,24.0000,11.0000
1.8290,0.5550,0.3690,0.3770,0.1870,0.0000,0.0000,0.9050,1.0000,1.1880,3.3760,2.5190,0.0000,0.0000,0.0000,69.8539,0.0000,4383.0000,1755.0000,0.0000,25.0000,38.0000,24.0000,11.0000
2.1360,0.4950,0.3660,0.3180,0.1850,0.0000,0.0000,1.2750,1.0000,1.1880,3.3760,2.5190,0.0000,0.0000,0.0000,69.8741,0.0000,4385.0000,1755.0000,0.0000,25.0000,38.0000,24.0000,11.0000
1.9010,0.5880,0.3780,0.3320,0.1900,0.0000,0.0000,0.9350,1.0000,1.1880,3.3760,2.5190,0.0000,0.0000,0.0000,69.8741,0.0000,4385.0000,1755.0000,0.0000,25.0000,38.0000,24.0000,10.0000
2.0200,0.4940,0.3730,0.3210,0.1900,0.0000,0.0000,1.1530,1.0000,1.1880,3.3760,2.5190,0.0000,0.0000,0.0000,69.8947,0.0000,4387.0000,1755.0000,0.0000,25.0000,38.0000,24.0000,10.0000
1.9940,0.5900,0.3850,0.3310,0.1860,0.0000,0.0000,1.0190,1.0000,1.1880,3.3760,2.5190,0.0000,0.0000,0.0000,69.9152,0.0000,4389.0000,1755.0000,0.0000,25.0000,38.0000,24.0000,10.0000
1.9540,0.5760,0.3640,0.3200,0.1720,0.0000,0.0000,1.0140,1.0000,1.1880,3.3760,2.5190,0.0000,0.0000,0.0000,69.9153,0.0000,4389.0000,1755.0000,0.0000,25.0000,38.0000,24.0000,10.0000
1.8350,0.5120,0.3360,0.3320,0.1480,0.0000,0.0000,0.9870,1.0000,1.1880,3.3760,2.5190,0.0000,0.0000,0.0000,69.9155,0.0000,4389.0000,1755.0000,0.0000,25.0000,38.0000,24.0000,10.0000
2.0390,0.5130,0.3630,0.3230,0.1780,0.0000,0.0000,1.1630,1.0000,1.1880,3.3760,2.5190,0.0000,0.0000,0.0000,69.9257,0.0000,4390.0000,1755.0000,0.0000,25.0000,38.0000,24.0000,10.0000
1.8870,0.5970,0.3420,0.3200,0.1490,0.0000,0.0000,0.9480,1.0000,1.1880,3.3760,2.5190,0.0000,0.0000,0.0000,69.9257,0.0000,4390.0000,1755.0000,0.0000,25.0000,38.0000,24.0000,9.0000
1.9160,0.5190,0.3450,0.3250,0.1530,0.0000,0.0000,1.0520,1.0000,1.1880,3.3760,2.5190,0.0000,0.0000,0.0000,69.9258,0.0000,4390.0000,1755.0000,0.0000,25.0000,38.0000,24.0000,9.0000
1.8140,0.6200,0.3580,0.3530,0.1530,0.0000,0.0000,0.8360,1.0000,1.1880,3.3760,2.5190,0.0000,0.0000,0.0000,69.9258,0.0000,4390.0000,1755.0000,0.0000,25.0000,38.0000,24.0000,9.0000
1.9250,0.5480,0.3500,0.3310,0.1650,0.0000,0.0000,1.0270,1.0000,1.1880,3.3760,2.5190,0.0000,0.0000,0.0000,69.9258,0.0000,4390.0000,1755.0000,0.0000,25.0000,38.0000,24.0000,9.0000
2.0270,0.6110,0.4260,0.4420,0.1970,0.0000,0.0000,0.9900,1.0000,1.1880,3.3760,2.5190,0.0000,0.0000,0.0000,69.9360,0.0000,4391.0000,1755.0000,0.0000,25.0000,38.0000,24.0000,9.0000
1.9110,0.6090,0.3720,0.3910,0.1610,0.0000,0.0000,0.9300,1.0000,1.1880,3.3760,2.5190,0.0000,0.0000,0.0000,69.9360,0.0000,4391.0000,1755.0000,0.0000,25.0000,38.0000,24.0000,9.0000
2.3860,0.5930,0.3760,0.4220,0.1650,0.0000,0.0000,1.4170,1.0000,1.1880,3.3760,2.5190,0.0000,0.0000,0.0000,69.9361,0.0000,4391.0000,1755.0000,0.0000,25.0000,38.0000,24.0000,9.0000
2.3430,0.5540,0.5690,0.3690,0.1930,0.0000,0.0000,1.2200,1.0000,1.1880,3.3760,2.5190,0.0000,0.0000,0.0000,69.9361,0.0000,4391.0000,1755.0000,0.0000,25.0000,38.0000,24.0000,9.0000
1.9790,0.4980,0.3880,0.3220,0.1980,0.0000,0.0000,1.0930,1.0000,1.1880,3.3760,2.5190,0.0000,0.0000,0.0000,69.9361,0.0000,4391.0000,1755.0000,0.0000,25.0000,38.0000,24.0000,10.0000
2.0050,0.4590,0.3170,0.2800,0.1420,0.0000,0.0000,1.2290,1.0000,1.1880,3.3760,2.5190,0.0000,0.0000,0.0000,69.9354,0.0000,4391.0000,1755.0000,0.0000,25.0000,37.0000,24.0000,10.0000
2.9250,0.5260,0.4940,0.3250,0.3130,0.0000,0.0000,1.9050,1.0000,1.1880,3.3760,2.5190,0.0000,0.0000,0.0000,69.9659,0.0000,4394.0000,1755.0000,0.0000,25.0000,37.0000,24.0000,9.0000
1.6590,0.5410,0.3040,0.2780,0.1300,0.0000,0.0000,0.8140,1.0000,1.1880,3.3760,2.5190,0.0000,0.0000,0.0000,69.9659,0.0000,4394.0000,1755.0000,0.0000,25.0000,37.0000,24.0000,9.0000
1.6170,0.4250,0.2890,0.2700,0.1280,0.0000,0.0000,0.9030,1.0000,1.1880,3.3760,2.5190,0.0000,0.0000,0.0000,69.9660,0.0000,4394.0000,1755.0000,0.0000,25.0000,37.0000,24.0000,9.0000
1.6670,0.5050,0.3960,0.3450,0.2170,0.0000,0.0000,0.7660,1.0000,1.1880,3.3760,2.5190,0.0000,0.0000,0.0000,69.9660,0.0000,4394.0000,1755.0000,0.0000,25.0000,37.0000,24.0000,9.0000
1.5310,0.4350,0.2840,0.2800,0.1240,0.0000,0.0000,0.8120,1.0000,1.1880,3.3760,2.5190,0.0000,0.0000,0.0000,69.9660,0.0000,4394.0000,1755.0000,0.0000,25.0000,37.0000,24.0000,9.0000
1.5750,0.4190,0.3090,0.2700,0.1280,0.0000,0.0000,0.8470,1.0000,1.1880,3.3760,2.5190,0.0000,0.0000,0.0000,69.9660,0.0000,4394.0000,1755.0000,0.0000,25.0000,37.0000,24.0000,9.0000
1.6660,0.4730,0.3420,0.3280,0.1640,0.0000,0.0000,0.8510,1.0000,1.1880,3.3760,2.5190,0.0000,0.0000,0.0000,69.9763,0.0000,4395.0000,1755.0000,0.0000,25.0000,37.0000,24.0000,9.0000
1.6050,0.4430,0.3000,0.2610,0.1390,0.0000,0.0000,0.8620,1.0000,1.1880,3.3760,2.5190,0.0000,0.0000,0.0000,69.9763,0.0000,4395.0000,1755.0000,0.0000,25.0000,37.0000,24.0000,9.0000
1.8550,0.5100,0.4240,0.3500,0.2090,0.0000,0.0000,0.9210,1.0000,1.1880,3.3760,2.5190,0.0000,0.0000,0.0000,69.9967,0.0000,4397.0000,1755.0000,0.0000,25.0000,37.0000,24.0000,9.0000
1.7640,0.5460,0.3830,0.3310,0.2070,0.0000,0.0000,0.8350,1.0000,1.1880,3.3760,2.5190,0.0000,0.0000,0.0000,70.0173,0.0000,4399.0000,1755.0000,0.0000,25.0000,37.0000,24.0000,8.0000
1.6860,0.4750,0.2860,0.2600,0.1260,0.0000,0.0000,0.9250,1.0000,1.1880,3.3760,2.5190,0.0000,0.0000,0.0000,70.0174,0.0000,4399.0000,1755.0000,0.0000,25.0000,37.0000,24.0000,8.0000
1.5110,0.4590,0.2800,0.2730,0.1230,0.0000,0.0000,0.7720,1.0000,1.1880,3.3760,2.5190,0.0000,0.0000,0.0000,70.0175,0.0000,4399.0000,1755.0000,0.0000,25.0000,37.0000,24.0000,8.0000
1.6500,0.4670,0.3180,0.3260,0.1640,0.0000,0.0000,0.8650,1.0000,1.1880,3.3760,2.5190,0.0000,0.0000,0.0000,70.0277,0.0000,4400.0000,1755.0000,0.0000,25.0000,37.0000,24.0000,8.0000
1.5040,0.4340,0.2820,0.2540,0.1230,0.0000,0.0000,0.7880,1.0000,1.1880,3.3760,2.5190,0.0000,0.0000,0.0000,70.0277,0.0000,4400.0000,1755.0000,0.0000,25.0000,37.0000,24.0000,8.0000
1.5690,0.4630,0.3190,0.3030,0.1540,0.0000,0.0000,0.7870,1.0000,1.1880,3.3760,2.5190,0.0000,0.0000,0.0000,70.0278,0.0000,4400.0000,1755.0000,0.0000,25.0000,37.0000,24.0000,10.0000
1.5650,0.4490,0.2850,0.3030,0.1280,0.0000,0.0000,0.8310,1.0000,1.1880,3.3760,2.5190,0.0000,0.0000,0.0000,70.0278,0.0000,4400.0000,1755.0000,0.0000,25.0000,37.0000,24.0000,10.0000
1.5280,0.4940,0.3130,0.3080,0.1290,0.0000,0.0000,0.7210,1.0000,1.1880,3.3760,2.5190,0.0000,0.0000,0.0000,70.0278,0.0000,4400.0000,1755.0000,0.0000,25.0000,37.0000,24.0000,10.0000
1.9010,0.4170,0.3920,0.2730,0.2080,0.0000,0.0000,1.0920,1.0000,1.1880,3.3760,2.5190,0.0000,0.0000,0.0000,70.0474,0.0000,4402.0000,1755.0000,0.0000,25.0000,36.0000,24.0000,10.0000
1.6130,0.5050,0.2980,0.2660,0.1280,0.0000,0.0000,0.8100,1.0000,1.1880,3.3760,2.5190,0.0000,0.0000,0.0000,70.0475,0.0000,4402.0000,1755.0000,0.0000,25.0000,36.0000,24.0000,10.0000
2.2710,0.4960,0.3990,0.3030,0.1890,0.0000,0.0000,1.3760,1.0000,1.1880,3.3760,2.5190,0.0000,0.0000,0.0000,70.0476,0.0000,4402.0000,1755.0000,0.0000,25.0000,36.0000,24.0000,10.0000
4.0880,0.6170,0.4160,0.3620,0.1920,0.0000,0.0000,3.0550,1.0000,1.1880,3.3760,2.5190,0.0000,0.0000,0.0000,70.0483,0.0000,4402.0000,1755.0000,0.0000,25.0000,37.0000,24.0000,10.0000
2.3840,0.6300,0.4200,0.4000,0.1900,0.0000,0.0000,1.3340,1.0000,1.1880,3.3760,2.5190,0.0000,0.0000,0.0000,69.7775,0.0000,4376.0000,1755.0000,0.0000,25.0000,37.0000,24.0000,10.0000
2.4220,0.6340,0.4700,0.4090,0.1870,0.0000,0.0000,1.3180,1.0000,1.1880,3.3760,2.5190,0.0000,0.0000,0.0000,69.7773,0.0000,4376.0000,1755.0000,0.0000,25.0000,37.0000,24.0000,10.0000
2.2870,0.7480,0.4060,0.5020,0.1810,0.0000,0.0000,1.1330,1.0000,1.1880,3.3760,2.5190,0.0000,0.0000,0.0000,69.7773,0.0000,4376.0000,1755.0000,0.0000,25.0000,37.0000,24.0000,10.0000
2.3030,0.6300,0.4340,0.3580,0.2060,0.0000,0.0000,1.2390,1.0000,1.1880,3.3760,2.5190,0.0000,0.0000,0.0000,69.7773,0.0000,4376.0000,1755.0000,0.0000,25.0000,37.0000,24.0000,10.0000
2.3970,0.6410,0.4840,0.4250,0.2180,0.0000,0.0000,1.2720,1.0000,1.1880,3.3760,2.5190,0.0000,0.0000,0.0000,69.7876,0.0000,4377.0000,1755.0000,0.0000,25.0000,37.0000,24.0000,10.0000
2.3000,0.7200,0.3900,0.4440,0.1760,0.0000,0.0000,1.1900,1.0000,1.1880,3.3760,2.5190,0.0000,0.0000,0.0000,69.7876,0.0000,4377.0000,1755.0000,0.0000,25.0000,37.0000,24.0000,10.0000
2.3870,0.5950,0.4350,0.3680,0.2050,0.0000,0.0000,1.3570,1.0000,1.1880,3.3760,2.5190,0.0000,0.0000,0.0000,69.7876,0.0000,4377.0000,1755.0000,0.0000,25.0000,37.0000,24.0000,10.0000
2.2890,0.6160,0.4620,0.3990,0.1940,0.0000,0.0000,1.2110,1.0000,1.1880,3.3760,2.5190,0.0000,0.0000,0.0000,69.7876,0.0000,4377.0000,1755.0000,0.0000,25.0000,37.0000,24.0000,10.0000
2.3330,0.6470,0.4620,0.4170,0.2360,0.0000,0.0000,1.2240,1.0000,1.1880,3.3760,2.5190,0.0000,0.0000,0.0000,69.8082,0.0000,4379.0000,1755.0000,0.0000,25.0000,37.0000,24.0000,10.0000
2.1860,0.6970,0.4280,0.3670,0.2020,0.0000,0.0000,1.0610,1.0000,1.1880,3.3760,2.5190,0.0000,0.0000,0.0000,69.8082,0.0000,4379.0000,1755.0000,0.0000,25.0000,37.0000,24.0000,10.0000
2.5290,0.5770,0.5810,0.3710,0.3260,0.0000,0.0000,1.3710,1.0000,1.1880,3.3760,2.5190,0.0000,0.0000,0.0000,69.8186,0.0000,4380.0000,1755.0000,0.0000,25.0000,37.0000,24.0000,9.0000
2.3980,0.7060,0.4530,0.4540,0.2230,0.0000,0.0000,1.2390,1.0000,1.1880,3.3760,2.5190,0.0000,0.0000,0.0000,69.8288,0.0000,4381.0000,1755.0000,0.0000,25.0000,37.0000,24.0000,9.0000
2.4520,0.6290,0.5300,0.3710,0.2850,0.0000,0.0000,1.2930,1.0000,1.1880,3.3760,2.5190,0.0000,0.0000,0.0000,69.8491,0.0000,4383.0000,1755.0000,0.0000,25.0000,37.0000,24.0000,9.0000
2.3440,0.7350,0.4010,0.4550,0.1820,0.0000,0.0000,1.2080,1.0000,1.1880,3.3760,2.5190,0.0000,0.0000,0.0000,69.8491,0.0000,4383.0000,1755.0000,0.0000,25.0000,37.0000,24.0000,9.0000
2.1850,0.6950,0.3890,0.3800,0.1840,0.0000,0.0000,1.1010,1.0000,1.1880,3.3760,2.5190,0.0000,0.0000,0.0000,69.8492,0.0000,4383.0000,1755.0000,0.0000,25.0000,37.0000,24.0000,9.0000
2.3400,0.5670,0.4840,0.3570,0.2570,0.0000,0.0000,1.2890,1.0000,1.1880,3.3760,2.5190,0.0000,0.0000,0.0000,69.8492,0.0000,4383.0000,1755.0000,0.0000,25.0000,37.0000,24.0000,9.0000
2.0080,0.6620,0.4550,0.4510,0.1900,0.0000,0.0000,0.8910,1.0000,1.1880,3.3760,2.5190,0.0000,0.0000,0.0000,69.8492,0.0000,4383.0000,1755.0000,0.0000,25.0000,37.0000,24.0000,9.0000
1.7380,0.5560,0.3910,0.3500,0.1710,0.0000,0.0000,0.7910,1.0000,1.1880,3.3760,2.5190,0.0000,0.0000,0.0000,69.8492,0.0000,4383.0000,1755.0000,0.0000,25.0000,37.0000,24.0000,9.0000
2.1410,0.4320,0.4380,0.2830,0.2340,0.0000,0.0000,1.2710,1.0000,1.1880,3.3760,2.5190,0.0000,0.0000,0.0000,69.8492,0.0000,4383.0000,1755.0000,0.0000,25.0000,37.0000,24.0000,9.0000
2.4610,0.6360,0.5410,0.4340,0.2700,0.0000,0.0000,1.2840,1.0000,1.1880,3.3760,2.5190,0.0000,0.0000,0.0000,69.8595,0.0000,4384.0000,1755.0000,0.0000,25.0000,37.0000,24.0000,9.0000
2.3710,0.6620,0.3820,0.3610,0.1700,0.0000,0.0000,1.3270,1.0000,1.1880,3.3760,2.5190,0.0000,0.0000,0.0000,69.8595,0.0000,4384.0000,1755.0000,0.0000,25.0000,37.0000,24.0000,9.0000
2.4410,0.6070,0.4940,0.3620,0.2470,0.0000,0.0000,1.3400,1.0000,1.1880,3.3760,2.5190,0.0000,0.0000,0.0000,69.8596,0.0000,4384.0000,1755.0000,0.0000,25.0000,37.0000,24.0000,9.0000
2.2670,0.6650,0.3990,0.4630,0.1770,0.0000,0.0000,1.2030,1.0000,1.1880,3.3760,2.5190,0.0000,0.0000,0.0000,69.8603,0.0000,4384.0000,1755.0000,0.0000,25.0000,38.0000,24.0000,9.0000
2.1790,0.6590,0.3970,0.3670,0.1780,0.0000,0.0000,1.1230,1.0000,1.1880,3.3760,2.5190,0.0000,0.0000,0.0000,69.8603,0.0000,4384.0000,1755.0000,0.0000,25.0000,38.0000,24.0000,9.0000
2.3010,0.5630,0.4110,0.3600,0.1950,0.0000,0.0000,1.3270,1.0000,1.1880,3.3760,2.5190,0.0000,0.0000,0.0000,69.8610,0.0000,4384.0000,1755.0000,0.0000,25.0000,39.0000,24.0000,9.0000
2.3190,0.5810,0.4550,0.3750,0.1910,0.0000,0.0000,1.2830,1.0000,1.1880,3.3760,2.5190,0.0000,0.0000,0.0000,69.8623,0.0000,4384.0000,1755.0000,0.0000,25.0000,41.0000,24.0000,9.0000
2.3090,0.6460,0.3950,0.4260,0.1720,0.0000,0.0000,1.2680,1.0000,1.1880,3.3760,2.5190,0.0000,0.0000,0.0000,69.8623,0.0000,4384.0000,1755.0000,0.0000,25.0000,41.0000,24.0000,9.0000
2.1920,0.6260,0.4100,0.3630,0.1920,0.0000,0.0000,1.1560,1.0000,1.1880,3.3760,2.5190,0.0000,0.0000,0.0000,69.8623,0.0000,4384.0000,1755.0000,0.0000,25.0000,41.0000,24.0000,9.0000
2.1880,0.5670,0.4440,0.3590,0.2230,0.0000,0.0000,1.1770,1.0000,1.1880,3.3760,2.5190,0.0000,0.0000,0.0000,69.8623,0.0000,4384.0000,1755.0000,0.0000,25.0000,41.0000,24.0000,9.0000
1.9420,0.6390,0.4230,0.4390,0.1530,0.0000,0.0000,0.8800,1.0000,1.1880,3.3760,2.5190,0.0000,0.0000,0.0000,69.8617,0.0000,4384.0000,1755.0000,0.0000,25.0000,40.0000,24.0000,9.0000
2.1390,0.5450,0.4640,0.3930,0.1850,0.0000,0.0000,1.1300,1.0000,1.1880,3.3760,2.5190,0.0000,0.0000,0.0000,69.8617,0.0000,4384.0000,1755.0000,0.0000,25.0000,40.0000,24.0000,9.0000
2.1770,0.5970,0.4590,0.4050,0.2280,0.0000,0.0000,1.1210,1.0000,1.1880,3.3760,2.5190,0.0000,0.0000,0.0000,69.8822,0.0000,4386.0000,1755.0000,0.0000,25.0000,40.0000,24.0000,9.0000
1.7810,0.7070,0.3400,0.3660,0.1640,0.0000,0.0000,0.7340,1.0000,1.1880,3.3760,2.5190,0.0000,0.0000,0.0000,69.9029,0.0000,4388.0000,1755.0000,0.0000,25.0000,40.0000,24.0000,9.0000
1.9890,0.5440,0.4020,0.3130,0.2000,0.0000,0.0000,1.0430,1.0000,1.1880,3.3760,2.5190,0.0000,0.0000,0.0000,69.9134,0.0000,4389.0000,1755.0000,0.0000,25.0000,40.0000,24.0000,9.0000
2.2140,0.4540,0.4170,0.2750,0.1720,0.0000,0.0000,1.3430,1.0000,1.1880,3.3760,2.5190,0.0000,0.0000,0.0000,69.9128,0.0000,4389.0000,1755.0000,0.0000,25.0000,39.0000,24.0000,9.0000
1.8150,0.6320,0.3250,0.4390,0.1350,0.0000,0.0000,0.8580,1.0000,1.1880,3.3760,2.5190,0.0000,0.0000,0.0000,69.9129,0.0000,4389.0000,1755.0000,0.0000,25.0000,39.0000,24.0000,9.0000
1.7210,0.5430,0.3240,0.3780,0.1280,0.0000,0.0000,0.8540,1.0000,1.1880,3.3760,2.5190,0.0000,0.0000,0.0000,69.9129,0.0000,4389.0000,1755.0000,0.0000,25.0000,39.0000,24.0000,9.0000
2.1470,0.4060,0.4080,0.2600,0.2310,0.0000,0.0000,1.3330,1.0000,1.1880,3.3760,2.5190,0.0000,0.0000,0.0000,69.9231,0.0000,4390.0000,1755.0000,0.0000,25.0000,39.0000,24.0000,9.0000
1.6120,0.6560,0.3510,0.4150,0.1650,0.0000,0.0000,0.6050,1.0000,1.1880,3.3760,2.5190,0.0000,0.0000,0.0000,69.9231,0.0000,4390.0000,1755.0000,0.0000,25.0000,39.0000,24.0000,9.0000
1.5950,0.4100,0.2820,0.2590,0.1220,0.0000,0.0000,0.9030,1.0000,1.1880,3.3760,2.5190,0.0000,0.0000,0.0000,69.9232,0.0000,4390.0000,1755.0000,0.0000,25.0000,39.0000,24.0000,9.0000
1.6640,0.4780,0.3790,0.2880,0.1340,0.0000,0.0000,0.8070,1.0000,1.1880,3.3760,2.5190,0.0000,0.0000,0.0000,69.9239,0.0000,4390.0000,1755.0000,0.0000,25.0000,40.0000,24.0000,9.0000
1.6770,0.4640,0.3280,0.3160,0.1720,0.0000,0.0000,0.8850,1.0000,1.1880,3.3760,2.5190,0.0000,0.0000,0.0000,69.9441,0.0000,4392.0000,1755.0000,0.0000,25.0000,40.0000,24.0000,9.0000
1.6100,0.4690,0.3050,0.2580,0.1480,0.0000,0.0000,0.8360,1.0000,1.1880,3.3760,2.5190,0.0000,0.0000,0.0000,69.9544,0.0000,4393.0000,1755.0000,0.0000,25.0000,40.0000,24.0000,9.0000
2.3880,0.5450,0.4390,0.3130,0.1790,0.0000,0.0000,1.4040,1.0000,1.1880,3.3760,2.5190,0.0000,0.0000,0.0000,69.9576,0.0000,4394.0000,1755.0000,0.0000,25.0000,40.0000,24.0000,9.0000
2.3730,0.7030,0.3980,0.4250,0.1770,0.0000,0.0000,1.2720,1.0000,1.1880,3.3760,2.5190,0.0000,0.0000,0.0000,69.7506,0.0000,4374.0000,1755.0000,0.0000,25.0000,40.0000,24.0000,10.0000
2.5490,0.7360,0.5160,0.4770,0.2850,0.0000,0.0000,1.2970,1.0000,1.1880,3.3760,2.5190,0.0000,0.0000,0.0000,69.7633,0.0000,4377.0000,1755.0000,0.0000,25.0000,40.0000,24.0000,10.0000
2.4870,0.6980,0.4070,0.4350,0.1830,0.0000,0.0000,1.3820,1.0000,1.1880,3.3760,2.5190,0.0000,0.0000,0.0000,69.7640,0.0000,4377.0000,1755.0000,0.0000,25.0000,41.0000,24.0000,10.0000
2.5710,0.6120,0.5280,0.3930,0.2850,0.0000,0.0000,1.4310,1.0000,1.1880,3.3760,2.5190,0.0000,0.0000,0.0000,69.7745,0.0000,4378.0000,1755.0000,0.0000,25.0000,41.0000,24.0000,10.0000
2.2400,0.7480,0.4040,0.4680,0.1820,0.0000,0.0000,1.0880,1.0000,1.1880,3.3760,2.5190,0.0000,0.0000,0.0000,69.7745,0.0000,4378.0000,1755.0000,0.0000,25.0000,41.0000,24.0000,10.0000
2.3480,0.5680,0.4050,0.3550,0.1890,0.0000,0.0000,1.3750,1.0000,1.1880,3.3760,2.5190,0.0000,0.0000,0.0000,69.7750,0.0000,4378.0000,1755.0000,0.0000,25.0000,42.0000,24.0000,10.0000
2.2000,0.7110,0.4580,0.5000,0.1940,0.0000,0.0000,1.0310,1.0000,1.1880,3.3760,2.5190,0.0000,0.0000,0.0000,69.7750,0.0000,4378.0000,1755.0000,0.0000,25.0000,42.0000,24.0000,10.0000
1.8240,0.6410,0.3470,0.4240,0.1350,0.0000,0.0000,0.8360,1.0000,1.1880,3.3760,2.5190,0.0000,0.0000,0.0000,69.7750,0.0000,4378.0000,1755.0000,0.0000,25.0000,42.0000,24.0000,10.0000
2.1800,0.4770,0.3430,0.3290,0.1370,0.0000,0.0000,1.3600,1.0000,1.1880,3.3760,2.5190,0.0000,0.0000,0.0000,69.7743,0.0000,4378.0000,1755.0000,0.0000,25.0000,41.0000,24.0000,10.0000
2.4570,0.6310,0.3830,0.4340,0.1680,0.0000,0.0000,1.4430,1.0000,1.1880,3.3760,2.5190,0.0000,0.0000,0.0000,69.7846,0.0000,4379.0000,1755.0000,0.0000,25.0000,41.0000,24.0000,10.0000
2.8640,0.5020,0.6670,0.3100,0.3660,0.0000,0.0000,1.6950,1.0000,1.1880,3.3760,2.5190,0.0000,0.0000,0.0000,69.8048,0.0000,4381.0000,1755.0000,0.0000,25.0000,41.0000,24.0000,10.0000
2.3290,0.8690,0.4030,0.3680,0.1990,0.0000,0.0000,1.0570,1.0000,1.1880,3.3760,2.5190,0.0000,0.0000,0.0000,69.8158,0.0000,4382.0000,1755.0000,0.0000,25.0000,42.0000,24.0000,10.0000
2.5500,0.5750,0.4930,0.3350,0.2850,0.0000,0.0000,1.4820,1.0000,1.1880,3.3760,2.5190,0.0000,0.0000,0.0000,69.8159,0.0000,4382.0000,1755.0000,0.0000,25.0000,42.0000,24.0000,10.0000
2.3500,0.6140,0.3630,0.4090,0.1590,0.0000,0.0000,1.3730,1.0000,1.1880,3.3760,2.5190,0.0000,0.0000,0.0000,69.8162,0.0000,4382.0000,1755.0000,0.0000,25.0000,42.0000,24.0000,10.0000
2.0220,0.9130,0.3750,0.6810,0.1580,0.0000,0.0000,0.7340,1.0000,1.1880,3.3760,2.5190,0.0000,0.0000,0.0000,69.8161,0.0000,4382.0000,1755.0000,0.0000,25.0000,42.0000,24.0000,11.0000
2.1980,0.5750,0.4440,0.3900,0.2400,0.0000,0.0000,1.1790,1.0000,1.1880,3.3760,2.5190,0.0000,0.0000,0.0000,69.8364,0.0000,4384.0000,1755.0000,0.0000,25.0000,42.0000,24.0000,11.0000
1.9530,0.7230,0.3860,0.3820,0.1530,0.0000,0.0000,0.8440,1.0000,1.1880,3.3760,2.5190,0.0000,0.0000,0.0000,69.8372,0.0000,4384.0000,1755.0000,0.0000,25.0000,43.0000,24.0000,11.0000
2.1000,0.5960,0.4320,0.4210,0.2010,0.0000,0.0000,1.0720,1.0000,1.1880,3.3760,2.5190,0.0000,0.0000,0.0000,69.8476,0.0000,4385.0000,1755.0000,0.0000,25.0000,43.0000,24.0000,11.0000
1.9430,0.6800,0.3780,0.4360,0.1520,0.0000,0.0000,0.8850,1.0000,1.1880,3.3760,2.5190,0.0000,0.0000,0.0000,69.8476,0.0000,4385.0000,1755.0000,0.0000,25.0000,43.0000,24.0000,11.0000
2.4140,0.5800,0.4400,0.3820,0.1950,0.0000,0.0000,1.3940,1.0000,1.1880,3.3760,2.5190,0.0000,0.0000,0.0000,69.8572,0.0000,4386.0000,1755.0000,0.0000,25.0000,42.0000,24.0000,11.0000
2.1120,0.6960,0.4050,0.4450,0.1950,0.0000,0.0000,1.0110,1.0000,1.1880,3.3760,2.5190,0.0000,0.0000,0.0000,69.8675,0.0000,4387.0000,1755.0000,0.0000,25.0000,42.0000,24.0000,11.0000
2.5350,0.5610,0.4580,0.3280,0.2400,0.0000,0.0000,1.5160,1.0000,1.1880,3.3760,2.5190,0.0000,0.0000,0.0000,69.8981,0.0000,4390.0000,1755.0000,0.0000,25.0000,42.0000,24.0000,11.0000
2.4760,0.6610,0.4010,0.3440,0.1610,0.0000,0.0000,1.4140,1.0000,1.1880,3.3760,2.5190,0.0000,0.0000,0.0000,69.8963,0.0000,4388.0000,1755.0000,0.0000,25.0000,41.0000,24.0000,11.0000
1.9900,0.5960,0.3660,0.3960,0.1640,0.0000,0.0000,1.0280,1.0000,1.1880,3.3760,2.5190,0.0000,0.0000,0.0000,69.8958,0.0000,4388.0000,1755.0000,0.0000,25.0000,40.0000,24.0000,11.0000
2.4480,0.5120,0.4290,0.3240,0.2250,0.0000,0.0000,1.5070,1.0000,1.1880,3.3760,2.5190,0.0000,0.0000,0.0000,69.9162,0.0000,4390.0000,1755.0000,0.0000,25.0000,40.0000,24.0000,11.0000
2.3370,0.6090,0.4060,0.3380,0.1580,0.0000,0.0000,1.3220,1.0000,1.1880,3.3760,2.5190,0.0000,0.0000,0.0000,69.9163,0.0000,4390.0000,1755.0000,0.0000,25.0000,40.0000,24.0000,11.0000
2.1890,0.6000,0.3710,0.4120,0.1540,0.0000,0.0000,1.2180,1.0000,1.1880,3.3760,2.5190,0.0000,0.0000,0.0000,69.9163,0.0000,4390.0000,1755.0000,0.0000,25.0000,40.0000,24.0000,12.0000
2.2470,0.7060,0.4370,0.3940,0.2280,0.0000,0.0000,1.1040,1.0000,1.1880,3.3760,2.5190,0.0000,0.0000,0.0000,69.9365,0.0000,4392.0000,1755.0000,0.0000,25.0000,40.0000,24.0000,12.0000
2.0280,0.6230,0.3860,0.3450,0.1620,0.0000,0.0000,1.0190,1.0000,1.1880,3.3760,2.5190,0.0000,0.0000,0.0000,69.9365,0.0000,4392.0000,1755.0000,0.0000,25.0000,40.0000,24.0000,12.0000
1.9990,0.5400,0.3730,0.3470,0.1590,0.0000,0.0000,1.0860,1.0000,1.1880,3.3760,2.5190,0.0000,0.0000,0.0000,69.9353,0.0000,4391.0000,1755.0000,0.0000,25.0000,40.0000,24.0000,12.0000
3.0620,0.5380,0.4610,0.3500,0.2210,0.0000,0.0000,2.0630,1.0000,1.1880,3.3760,2.5190,0.0000,0.0000,0.0000,69.9353,0.0000,4391.0000,1755.0000,0.0000,25.0000,40.0000,24.0000,12.0000
2.1140,0.5920,0.4560,0.3950,0.2340,0.0000,0.0000,1.0660,1.0000,1.1880,3.3760,2.5190,0.0000,0.0000,0.0000,69.9456,0.0000,4392.0000,1755.0000,0.0000,25.0000,40.0000,24.0000,12.0000
2.1240,0.6550,0.3930,0.4240,0.1890,0.0000,0.0000,1.0760,1.0000,1.1880,3.3760,2.5190,0.0000,0.0000,0.0000,69.9456,0.0000,4392.0000,1755.0000,0.0000,25.0000,40.0000,24.0000,12.0000
1.8780,0.7730,0.4300,0.3590,0.1820,0.0000,0.0000,0.6750,1.0000,1.1880,3.3760,2.5190,0.0000,0.0000,0.0000,69.9559,0.0000,4393.0000,1755.0000,0.0000,25.0000,40.0000,24.0000,12.0000
1.5850,0.6470,0.3560,0.4200,0.1730,0.0000,0.0000,0.5820,1.0000,1.1880,3.3760,2.5190,0.0000,0.0000,0.0000,69.9566,0.0000,4393.0000,1755.0000,0.0000,25.0000,41.0000,24.0000,12.0000
1.6270,0.4550,0.3170,0.2950,0.1350,0.0000,0.0000,0.8550,1.0000,1.1880,3.3760,2.5190,0.0000,0.0000,0.0000,69.9559,0.0000,4393.0000,1755.0000,0.0000,25.0000,40.0000,24.0000,12.0000
1.5550,0.4280,0.3670,0.2690,0.1310,0.0000,0.0000,0.7600,1.0000,1.1880,3.3760,2.5190,0.0000,0.0000,0.0000,69.9566,0.0000,4393.0000,1755.0000,0.0000,25.0000,41.0000,24.0000,12.0000
1.4490,0.4900,0.2880,0.3390,0.1270,0.0000,0.0000,0.6710,1.0000,1.1880,3.3760,2.5190,0.0000,0.0000,0.0000,69.9573,0.0000,4393.0000,1755.0000,0.0000,25.0000,42.0000,24.0000,12.0000
3.0670,0.4030,0.3520,0.2570,0.1670,0.0000,0.0000,2.3120,1.0000,1.1880,3.3760,2.5190,0.0000,0.0000,0.0000,69.9879,0.0000,4396.0000,1755.0000,0.0000,25.0000,42.0000,24.0000,12.0000
4.3750,1.8480,0.4370,1.0930,0.2120,0.0000,0.0000,2.0900,1.0000,1.1880,3.3760,2.5190,0.0000,0.0000,0.0000,70.0092,0.0000,4398.0000,1755.0000,0.0000,25.0000,43.0000,24.0000,12.0000
4.1410,2.8580,0.3750,0.3650,0.1640,0.0000,0.0000,0.9080,1.0000,1.1880,3.3760,2.5190,0.0000,0.0000,0.0000,70.0093,0.0000,4398.0000,1755.0000,0.0000,25.0000,43.0000,24.0000,12.0000
6.9440,0.5820,0.3610,0.3380,0.1570,0.0000,0.0000,6.0010,1.0000,1.1880,3.3760,2.5190,0.0000,0.0000,0.0000,69.7509,0.0000,4373.0000,1755.0000,0.0000,25.0000,42.0000,24.0000,13.0000
2.3130,0.5820,0.3980,0.3850,0.1960,0.0000,0.0000,1.3330,1.0000,1.1880,3.3760,2.5190,0.0000,0.0000,0.0000,69.7602,0.0000,4374.0000,1755.0000,0.0000,25.0000,41.0000,24.0000,13.0000
2.1650,0.5600,0.5160,0.3260,0.2080,0.0000,0.0000,1.0890,1.0000,1.1880,3.3760,2.5190,0.0000,0.0000,0.0000,69.7698,0.0000,4375.0000,1755.0000,0.0000,25.0000,40.0000,24.0000,13.0000
2.0470,0.6050,0.4180,0.3360,0.2040,0.0000,0.0000,1.0240,1.0000,1.1880,3.3760,2.5190,0.0000,0.0000,0.0000,69.7901,0.0000,4377.0000,1755.0000,0.0000,25.0000,40.0000,24.0000,13.0000
1.9670,0.6670,0.4550,0.3440,0.1920,0.0000,0.0000,0.8450,1.0000,1.1880,3.3760,2.5190,0.0000,0.0000,0.0000,69.8005,0.0000,4378.0000,1755.0000,0.0000,25.0000,40.0000,24.0000,13.0000
4.7610,0.5890,0.3550,0.3310,0.1560,0.0000,0.0000,3.8170,1.0000,1.1880,3.3760,2.5190,0.0000,0.0000,0.0000,69.8006,0.0000,4378.0000,1755.0000,0.0000,25.0000,40.0000,24.0000,13.0000
2.1980,1.5190,0.4420,1.3350,0.1660,0.0000,0.0000,0.2370,1.0000,1.1880,3.3760,2.5190,0.0000,0.0000,0.0000,69.8007,0.0000,4378.0000,1755.0000,0.0000,25.0000,40.0000,24.0000,13.0000
2.0020,0.6500,0.4310,0.4720,0.1740,0.0000,0.0000,0.9210,1.0000,1.1880,3.3760,2.5190,0.0000,0.0000,0.0000,69.8000,0.0000,4378.0000,1755.0000,0.0000,25.0000,39.0000,24.0000,13.0000
4.1970,0.5890,0.3930,0.4050,0.1630,0.0000,0.0000,3.2150,1.0000,1.1880,3.3760,2.5190,0.0000,0.0000,0.0000,69.7993,0.0000,4378.0000,1755.0000,0.0000,25.0000,38.0000,24.0000,13.0000
2.3430,0.5870,0.3560,0.3410,0.1480,0.0000,0.0000,1.4000,1.0000,1.1880,3.3760,2.5190,0.0000,0.0000,0.0000,69.7993,0.0000,4378.0000,1755.0000,0.0000,25.0000,38.0000,24.0000,12.0000
3.0110,0.6300,0.5250,0.4020,0.2640,0.0000,0.0000,1.8560,1.0000,1.1880,3.3760,2.5190,0.0000,0.0000,0.0000,69.8189,0.0000,4380.0000,1755.0000,0.0000,25.0000,37.0000,24.0000,12.0000
2.1950,0.6500,0.3780,0.3480,0.1570,0.0000,0.0000,1.1670,1.0000,1.1880,3.3760,2.5190,0.0000,0.0000,0.0000,69.8190,0.0000,4380.0000,1755.0000,0.0000,25.0000,37.0000,24.0000,12.0000
2.3330,0.5660,0.4540,0.3450,0.2410,0.0000,0.0000,1.3130,1.0000,1.1880,3.3760,2.5190,0.0000,0.0000,0.0000,69.8191,0.0000,4380.0000,1755.0000,0.0000,25.0000,37.0000,24.0000,12.0000
2.4790,0.6980,0.4690,0.4530,0.2370,0.0000,0.0000,1.3120,1.0000,1.1880,3.3760,2.5190,0.0000,0.0000,0.0000,69.8394,0.0000,4382.0000,1755.0000,0.0000,25.0000,37.0000,24.0000,12.0000
2.7850,0.6720,0.4320,0.3340,0.2010,0.0000,0.0000,1.6810,1.0000,1.1880,3.3760,2.5190,0.0000,0.0000,0.0000,69.8491,0.0000,4383.0000,1755.0000,0.0000,25.0000,36.0000,24.0000,12.0000
9.0180,1.0370,0.4250,0.7930,0.2060,0.0000,0.0000,7.5560,1.0000,1.1880,3.3760,2.5190,0.0000,0.0000,0.0000,69.8595,0.0000,4384.0000,1755.0000,0.0000,25.0000,36.0000,24.0000,12.0000
2.8560,0.5510,0.4470,0.3210,0.2120,0.0000,0.0000,1.8580,1.0000,1.1880,3.3760,2.5190,0.0000,0.0000,0.0000,69.8699,0.0000,4385.0000,1755.0000,0.0000,25.0000,36.0000,24.0000,12.0000
2.2440,1.2630,0.3630,0.3950,0.1490,0.0000,0.0000,0.6180,1.0000,1.1880,3.3760,2.5190,0.0000,0.0000,0.0000,69.8692,0.0000,4385.0000,1755.0000,0.0000,25.0000,35.0000,24.0000,12.0000
2.9240,0.7690,0.4760,0.3680,0.2170,0.0000,0.0000,1.6790,1.0000,1.1880,3.3760,2.5190,0.0000,0.0000,0.0000,69.8693,0.0000,4385.0000,1755.0000,0.0000,25.0000,35.0000,24.0000,12.0000
3.2960,0.5370,0.6240,0.3350,0.2960,0.0000,0.0000,2.1350,1.0000,1.1880,3.3760,2.5190,0.0000,0.0000,0.0000,69.8714,0.0000,4385.0000,1755.0000,0.0000,25.0000,38.0000,24.0000,12.0000
2.3140,0.7700,0.4600,0.5330,0.2420,0.0000,0.0000,1.0840,1.0000,1.1880,3.3760,2.5190,0.0000,0.0000,0.0000,69.8809,0.0000,4386.0000,1755.0000,0.0000,25.0000,37.0000,24.0000,12.0000
2.5670,0.6320,0.4490,0.4000,0.2030,0.0000,0.0000,1.4860,1.0000,1.1880,3.3760,2.5190,0.0000,0.0000,0.0000,69.8912,0.0000,4387.0000,1755.0000,0.0000,25.0000,37.0000,24.0000,12.0000
2.1870,0.7350,0.4110,0.3640,0.1930,0.0000,0.0000,1.0410,1.0000,1.1880,3.3760,2.5190,0.0000,0.0000,0.0000,69.9022,0.0000,4388.0000,1755.0000,0.0000,25.0000,38.0000,24.0000,12.0000
2.5630,0.5650,0.4020,0.3320,0.1970,0.0000,0.0000,1.5960,1.0000,1.1880,3.3760,2.5190,0.0000,0.0000,0.0000,69.9016,0.0000,4388.0000,1755.0000,0.0000,25.0000,37.0000,24.0000,12.0000
2.3300,1.0530,0.4390,0.7950,0.2170,0.0000,0.0000,0.8380,1.0000,1.1880,3.3760,2.5190,0.0000,0.0000,0.0000,69.9337,0.0000,4391.0000,1755.0000,0.0000,25.0000,37.0000,24.0000,12.0000
2.8430,0.6780,0.6940,0.3340,0.3860,0.0000,0.0000,1.4710,1.0000,1.1880,3.3760,2.5190,0.0000,0.0000,0.0000,69.9547,0.0000,4393.0000,1755.0000,0.0000,25.0000,38.0000,24.0000,11.0000
2.6720,0.7580,0.4190,0.3440,0.2020,0.0000,0.0000,1.4950,1.0000,1.1880,3.3760,2.5190,0.0000,0.0000,0.0000,69.9658,0.0000,4394.0000,1755.0000,0.0000,25.0000,39.0000,24.0000,11.0000
3.5380,0.7730,0.6640,0.5400,0.2920,0.0000,0.0000,2.1010,1.0000,1.1880,3.3760,2.5190,0.0000,0.0000,0.0000,69.9659,0.0000,4394.0000,1755.0000,0.0000,25.0000,39.0000,24.0000,11.0000
2.5750,1.0900,0.5990,0.7620,0.3280,0.0000,0.0000,0.8860,1.0000,1.1880,3.3760,2.5190,0.0000,0.0000,0.0000,69.9776,0.0000,4395.0000,1755.0000,0.0000,25.0000,39.0000,24.0000,11.0000
2.0950,0.7090,0.3890,0.4020,0.1640,0.0000,0.0000,0.9970,1.0000,1.1880,3.3760,2.5190,0.0000,0.0000,0.0000,69.9769,0.0000,4395.0000,1755.0000,0.0000,25.0000,38.0000,24.0000,11.0000
2.1610,0.6050,0.3850,0.3280,0.1730,0.0000,0.0000,1.1710,1.0000,1.1880,3.3760,2.5190,0.0000,0.0000,0.0000,69.9769,0.0000,4395.0000,1755.0000,0.0000,25.0000,38.0000,24.0000,11.0000
4.2290,0.5480,0.3680,0.3340,0.1630,0.0000,0.0000,3.3130,1.0000,1.1880,3.3760,2.5190,0.0000,0.0000,0.0000,69.9776,0.0000,4395.0000,1755.0000,0.0000,25.0000,39.0000,24.0000,10.0000
2.7060,0.5530,0.4400,0.3520,0.2210,0.0000,0.0000,1.7130,1.0000,1.1880,3.3760,2.5190,0.0000,0.0000,0.0000,69.7818,0.0000,4376.0000,1755.0000,0.0000,25.0000,38.0000,24.0000,10.0000
2.4250,1.0470,0.4330,0.7640,0.1890,0.0000,0.0000,0.9450,1.0000,1.1880,3.3760,2.5190,0.0000,0.0000,0.0000,69.7817,0.0000,4376.0000,1755.0000,0.0000,25.0000,38.0000,24.0000,10.0000
2.1820,0.7560,0.4950,0.4340,0.2480,0.0000,0.0000,0.9310,1.0000,1.1880,3.3760,2.5190,0.0000,0.0000,0.0000,69.7926,0.0000,4377.0000,1755.0000,0.0000,25.0000,39.0000,24.0000,11.0000
2.1450,0.6290,0.4000,0.3970,0.1900,0.0000,0.0000,1.1160,1.0000,1.1880,3.3760,2.5190,0.0000,0.0000,0.0000,69.8035,0.0000,4378.0000,1755.0000,0.0000,25.0000,38.0000,24.0000,11.0000
2.8560,0.6260,0.4000,0.3420,0.1860,0.0000,0.0000,1.8300,1.0000,1.1880,3.3760,2.5190,0.0000,0.0000,0.0000,69.8139,0.0000,4379.0000,1755.0000,0.0000,25.0000,38.0000,24.0000,12.0000
2.1820,0.9280,0.3650,0.4590,0.1550,0.0000,0.0000,0.8890,1.0000,1.1880,3.3760,2.5190,0.0000,0.0000,0.0000,69.8146,0.0000,4379.0000,1755.0000,0.0000,25.0000,39.0000,24.0000,12.0000
2.1620,0.6270,0.3940,0.4030,0.1970,0.0000,0.0000,1.1410,1.0000,1.1880,3.3760,2.5190,0.0000,0.0000,0.0000,69.8352,0.0000,4381.0000,1755.0000,0.0000,25.0000,39.0000,24.0000,12.0000
2.2490,0.6330,0.3750,0.3220,0.1740,0.0000,0.0000,1.2410,1.0000,1.1880,3.3760,2.5190,0.0000,0.0000,0.0000,69.8352,0.0000,4381.0000,1755.0000,0.0000,25.0000,39.0000,24.0000,12.0000
2.3380,0.5640,0.5240,0.3470,0.2680,0.0000,0.0000,1.2500,1.0000,1.1880,3.3760,2.5190,0.0000,0.0000,0.0000,69.8463,0.0000,4382.0000,1755.0000,0.0000,25.0000,40.0000,24.0000,12.0000
2.1650,0.6410,0.4460,0.4020,0.1600,0.0000,0.0000,1.0780,1.0000,1.1880,3.3760,2.5190,0.0000,0.0000,0.0000,69.8463,0.0000,4382.0000,1755.0000,0.0000,25.0000,40.0000,24.0000,12.0000
2.3950,0.5870,0.3390,0.3950,0.1480,0.0000,0.0000,1.4690,1.0000,1.1880,3.3760,2.5190,0.0000,0.0000,0.0000,69.8463,0.0000,4382.0000,1755.0000,0.0000,25.0000,40.0000,24.0000,12.0000
2.0400,0.5870,0.3990,0.3430,0.2030,0.0000,0.0000,1.0540,1.0000,1.1880,3.3760,2.5190,0.0000,0.0000,0.0000,69.8566,0.0000,4383.0000,1755.0000,0.0000,25.0000,40.0000,24.0000,12.0000
2.2130,0.5580,0.4470,0.3410,0.2310,0.0000,0.0000,1.2080,1.0000,1.1880,3.3760,2.5190,0.0000,0.0000,0.0000,69.8669,0.0000,4384.0000,1755.0000,0.0000,25.0000,40.0000,24.0000,11.0000
1.9880,0.6400,0.4010,0.4090,0.1690,0.0000,0.0000,0.9470,1.0000,1.1880,3.3760,2.5190,0.0000,0.0000,0.0000,69.8662,0.0000,4384.0000,1755.0000,0.0000,25.0000,39.0000,24.0000,11.0000
2.0780,0.6000,0.3970,0.4040,0.1910,0.0000,0.0000,1.0810,1.0000,1.1880,3.3760,2.5190,0.0000,0.0000,0.0000,69.8663,0.0000,4384.0000,1755.0000,0.0000,25.0000,39.0000,24.0000,11.0000
2.0680,0.6500,0.4190,0.4760,0.1950,0.0000,0.0000,0.9990,1.0000,1.1880,3.3760,2.5190,0.0000,0.0000,0.0000,69.8766,0.0000,4385.0000,1755.0000,0.0000,25.0000,39.0000,24.0000,11.0000
2.3970,0.6330,0.4540,0.3880,0.2150,0.0000,0.0000,1.3100,1.0000,1.1880,3.3760,2.5190,0.0000,0.0000,0.0000,69.8979,0.0000,4387.0000,1755.0000,0.0000,25.0000,40.0000,24.0000,11.0000
2.0930,0.7720,0.4050,0.3790,0.2060,0.0000,0.0000,0.9160,1.0000,1.1880,3.3760,2.5190,0.0000,0.0000,0.0000,69.9082,0.0000,4388.0000,1755.0000,0.0000,25.0000,40.0000,24.0000,11.0000
2.0900,0.5710,0.3740,0.3440,0.1750,0.0000,0.0000,1.1450,1.0000,1.1880,3.3760,2.5190,0.0000,0.0000,0.0000,69.9083,0.0000,4388.0000,1755.0000,0.0000,25.0000,40.0000,24.0000,11.0000
2.1270,0.5550,0.3580,0.3320,0.1640,0.0000,0.0000,1.2140,1.0000,1.1880,3.3760,2.5190,0.0000,0.0000,0.0000,69.9084,0.0000,4388.0000,1755.0000,0.0000,25.0000,40.0000,24.0000,11.0000
2.1800,0.5870,0.4680,0.4030,0.2620,0.0000,0.0000,1.1250,1.0000,1.1880,3.3760,2.5190,0.0000,0.0000,0.0000,69.9286,0.0000,4390.0000,1755.0000,0.0000,25.0000,40.0000,24.0000,12.0000
1.9800,0.6630,0.3990,0.4040,0.1710,0.0000,0.0000,0.9180,1.0000,1.1880,3.3760,2.5190,0.0000,0.0000,0.0000,69.9286,0.0000,4390.0000,1755.0000,0.0000,25.0000,40.0000,24.0000,12.0000
1.9530,0.5830,0.4330,0.4040,0.1990,0.0000,0.0000,0.9370,1.0000,1.1880,3.3760,2.5190,0.0000,0.0000,0.0000,69.9273,0.0000,4390.0000,1755.0000,0.0000,25.0000,38.0000,24.0000,11.0000
1.9840,0.5730,0.4080,0.3950,0.2020,0.0000,0.0000,1.0030,1.0000,1.1880,3.3760,2.5190,0.0000,0.0000,0.0000,69.9273,0.0000,4390.0000,1755.0000,0.0000,25.0000,38.0000,24.0000,11.0000
1.9770,0.5180,0.4190,0.3450,0.2080,0.0000,0.0000,1.0400,1.0000,1.1880,3.3760,2.5190,0.0000,0.0000,0.0000,69.9273,0.0000,4390.0000,1755.0000,0.0000,25.0000,38.0000,24.0000,11.0000
1.8430,0.5160,0.3870,0.3380,0.1870,0.0000,0.0000,0.9400,1.0000,1.1880,3.3760,2.5190,0.0000,0.0000,0.0000,69.9273,0.0000,4390.0000,1755.0000,0.0000,25.0000,38.0000,24.0000,11.0000
2.2930,0.5100,0.3710,0.3370,0.1520,0.0000,0.0000,1.4120,1.0000,1.1880,3.3760,2.5190,0.0000,0.0000,0.0000,69.9277,0.0000,4390.0000,1755.0000,0.0000,25.0000,38.0000,24.0000,12.0000
2.4700,0.7300,0.4560,0.5490,0.2080,0.0000,0.0000,1.2840,1.0000,1.1880,3.3760,2.5190,0.0000,0.0000,0.0000,69.9380,0.0000,4391.0000,1755.0000,0.0000,25.0000,38.0000,24.0000,12.0000
2.5530,0.6320,0.5900,0.3930,0.2700,0.0000,0.0000,1.3310,1.0000,1.1880,3.3760,2.5190,0.0000,0.0000,0.0000,69.9380,0.0000,4391.0000,1755.0000,0.0000,25.0000,38.0000,24.0000,12.0000
2.6170,0.5710,0.5650,0.3410,0.2670,0.0000,0.0000,1.4810,1.0000,1.1880,3.3760,2.5190,0.0000,0.0000,0.0000,69.9785,0.0000,4395.0000,1755.0000,0.0000,25.0000,38.0000,24.0000,12.0000
1.9280,0.8100,0.3750,0.3330,0.1720,0.0000,0.0000,0.7430,1.0000,1.1880,3.3760,2.5190,0.0000,0.0000,0.0000,69.9786,0.0000,4395.0000,1755.0000,0.0000,25.0000,38.0000,24.0000,12.0000
2.0710,0.5060,0.3580,0.3220,0.1640,0.0000,0.0000,1.2070,1.0000,1.1880,3.3760,2.5190,0.0000,0.0000,0.0000,69.9788,0.0000,4395.0000,1755.0000,0.0000,25.0000,38.0000,24.0000,12.0000
1.9430,0.5240,0.3550,0.3250,0.1640,0.0000,0.0000,1.0640,1.0000,1.1880,3.3760,2.5190,0.0000,0.0000,0.0000,69.9790,0.0000,4395.0000,1755.0000,0.0000,25.0000,38.0000,24.0000,12.0000
1.9200,0.5090,0.3350,0.3230,0.1500,0.0000,0.0000,1.0760,1.0000,1.1880,3.3760,2.5190,0.0000,0.0000,0.0000,69.9790,0.0000,4395.0000,1755.0000,0.0000,25.0000,38.0000,24.0000,12.0000
2.0670,0.5490,0.3640,0.3260,0.1820,0.0000,0.0000,1.1540,1.0000,1.1880,3.3760,2.5190,0.0000,0.0000,0.0000,69.9886,0.0000,4396.0000,1755.0000,0.0000,25.0000,37.0000,24.0000,12.0000
2.3900,0.6000,0.4570,0.3270,0.2500,0.0000,0.0000,1.3330,1.0000,1.1880,3.3760,2.5190,0.0000,0.0000,0.0000,70.0294,0.0000,4400.0000,1755.0000,0.0000,25.0000,37.0000,24.0000,12.0000
1.9130,0.7420,0.3840,0.3840,0.1570,0.0000,0.0000,0.7870,1.0000,1.1880,3.3760,2.5190,0.0000,0.0000,0.0000,70.0295,0.0000,4400.0000,1755.0000,0.0000,25.0000,37.0000,24.0000,12.0000
1.9300,0.5630,0.3930,0.3820,0.1920,0.0000,0.0000,0.9740,1.0000,1.1880,3.3760,2.5190,0.0000,0.0000,0.0000,70.0298,0.0000,4400.0000,1755.0000,0.0000,25.0000,37.0000,24.0000,12.0000
2.1310,0.5130,0.4380,0.3330,0.2390,0.0000,0.0000,1.1800,1.0000,1.1880,3.3760,2.5190,0.0000,0.0000,0.0000,70.0495,0.0000,4402.0000,1755.0000,0.0000,25.0000,36.0000,24.0000,13.0000
2.0930,0.7390,0.4750,0.4780,0.2820,0.0000,0.0000,0.8790,1.0000,1.1880,3.3760,2.5190,0.0000,0.0000,0.0000,70.0700,0.0000,4404.0000,1755.0000,0.0000,25.0000,36.0000,24.0000,13.0000
2.3310,0.6550,0.4790,0.3770,0.2490,0.0000,0.0000,1.1970,1.0000,1.1880,3.3760,2.5190,0.0000,0.0000,0.0000,70.0804,0.0000,4405.0000,1755.0000,0.0000,25.0000,36.0000,24.0000,13.0000
2.3860,0.6990,0.4260,0.4540,0.1910,0.0000,0.0000,1.2610,1.0000,1.1880,3.3760,2.5190,0.0000,0.0000,0.0000,70.0805,0.0000,4405.0000,1755.0000,0.0000,25.0000,36.0000,24.0000,13.0000
2.2860,0.6460,0.5320,0.4120,0.2480,0.0000,0.0000,1.1080,1.0000,1.1880,3.3760,2.5190,0.0000,0.0000,0.0000,70.0804,0.0000,4405.0000,1755.0000,0.0000,25.0000,36.0000,24.0000,12.0000
2.0470,0.6970,0.4190,0.4740,0.1690,0.0000,0.0000,0.9310,1.0000,1.1880,3.3760,2.5190,0.0000,0.0000,0.0000,69.7929,0.0000,4377.0000,1755.0000,0.0000,25.0000,36.0000,24.0000,12.0000
2.1240,0.5850,0.3950,0.3820,0.1720,0.0000,0.0000,1.1440,1.0000,1.1880,3.3760,2.5190,0.0000,0.0000,0.0000,69.7935,0.0000,4377.0000,1755.0000,0.0000,25.0000,37.0000,24.0000,12.0000
1.8730,0.6940,0.3550,0.4670,0.1540,0.0000,0.0000,0.8240,1.0000,1.1880,3.3760,2.5190,0.0000,0.0000,0.0000,69.7935,0.0000,4377.0000,1755.0000,0.0000,25.0000,37.0000,24.0000,12.0000
2.1410,0.5730,0.4080,0.3810,0.1630,0.0000,0.0000,1.1600,1.0000,1.1880,3.3760,2.5190,0.0000,0.0000,0.0000,69.7935,0.0000,4377.0000,1755.0000,0.0000,25.0000,37.0000,24.0000,12.0000
1.9810,0.6670,0.3550,0.4750,0.1530,0.0000,0.0000,0.9590,1.0000,1.1880,3.3760,2.5190,0.0000,0.0000,0.0000,69.7942,0.0000,4377.0000,1755.0000,0.0000,25.0000,38.0000,24.0000,12.0000
1.9180,0.5850,0.3490,0.3980,0.1540,0.0000,0.0000,0.9840,1.0000,1.1880,3.3760,2.5190,0.0000,0.0000,0.0000,69.7942,0.0000,4377.0000,1755.0000,0.0000,25.0000,38.0000,24.0000,12.0000
2.2300,0.6210,0.4050,0.4350,0.1860,0.0000,0.0000,1.2040,1.0000,1.1880,3.3760,2.5190,0.0000,0.0000,0.0000,69.8039,0.0000,4378.0000,1755.0000,0.0000,25.0000,37.0000,24.0000,12.0000
2.1640,0.6140,0.3720,0.3790,0.1830,0.0000,0.0000,1.1780,1.0000,1.1880,3.3760,2.5190,0.0000,0.0000,0.0000,69.8149,0.0000,4379.0000,1755.0000,0.0000,25.0000,38.0000,24.0000,12.0000
1.9240,0.6350,0.3490,0.3650,0.1550,0.0000,0.0000,0.9400,1.0000,1.1880,3.3760,2.5190,0.0000,0.0000,0.0000,69.8150,0.0000,4379.0000,1755.0000,0.0000,25.0000,38.0000,24.0000,12.0000
2.2030,0.4960,0.3770,0.3170,0.1930,0.0000,0.0000,1.3300,1.0000,1.1880,3.3760,2.5190,0.0000,0.0000,0.0000,69.8363,0.0000,4381.0000,1755.0000,0.0000,25.0000,39.0000,24.0000,12.0000
2.1860,0.7580,0.3550,0.3770,0.1630,0.0000,0.0000,1.0730,1.0000,1.1880,3.3760,2.5190,0.0000,0.0000,0.0000,69.8363,0.0000,4381.0000,1755.0000,0.0000,25.0000,39.0000,24.0000,12.0000
2.3890,0.6840,0.5160,0.4750,0.2650,0.0000,0.0000,1.1890,1.0000,1.1880,3.3760,2.5190,0.0000,0.0000,0.0000,69.8371,0.0000,4381.0000,1755.0000,0.0000,25.0000,40.0000,24.0000,13.0000
2.0140,0.6520,0.4020,0.4670,0.1930,0.0000,0.0000,0.9600,1.0000,1.1880,3.3760,2.5190,0.0000,0.0000,0.0000,69.8467,0.0000,4382.0000,1755.0000,0.0000,25.0000,39.0000,24.0000,13.0000
2.4380,0.6060,0.3830,0.3330,0.1540,0.0000,0.0000,1.4490,1.0000,1.1880,3.3760,2.5190,0.0000,0.0000,0.0000,69.8475,0.0000,4382.0000,1755.0000,0.0000,25.0000,40.0000,24.0000,13.0000
2.5460,0.5490,0.4180,0.3690,0.2070,0.0000,0.0000,1.5790,1.0000,1.1880,3.3760,2.5190,0.0000,0.0000,0.0000,69.8580,0.0000,4383.0000,1755.0000,0.0000,25.0000,40.0000,24.0000,13.0000
2.5500,1.0260,0.3980,0.7820,0.1890,0.0000,0.0000,1.1260,1.0000,1.1880,3.3760,2.5190,0.0000,0.0000,0.0000,69.8689,0.0000,4384.0000,1755.0000,0.0000,25.0000,41.0000,24.0000,13.0000
2.0590,0.6100,0.3590,0.3440,0.1470,0.0000,0.0000,1.0900,1.0000,1.1880,3.3760,2.5190,0.0000,0.0000,0.0000,69.8690,0.0000,4384.0000,1755.0000,0.0000,25.0000,41.0000,24.0000,13.0000
2.0140,0.5210,0.3950,0.3370,0.1910,0.0000,0.0000,1.0980,1.0000,1.1880,3.3760,2.5190,0.0000,0.0000,0.0000,69.8691,0.0000,4384.0000,1755.0000,0.0000,25.0000,41.0000,24.0000,12.0000
2.3250,0.6020,0.5120,0.4260,0.2980,0.0000,0.0000,1.2110,1.0000,1.1880,3.3760,2.5190,0.0000,0.0000,0.0000,69.9090,0.0000,4388.0000,1755.0000,0.0000,25.0000,40.0000,24.0000,11.0000
2.0800,0.7900,0.3750,0.4070,0.1850,0.0000,0.0000,0.9150,1.0000,1.1880,3.3760,2.5190,0.0000,0.0000,0.0000,69.9194,0.0000,4389.0000,1755.0000,0.0000,25.0000,40.0000,24.0000,11.0000
2.3070,0.6610,0.4250,0.3140,0.1990,0.0000,0.0000,1.2210,1.0000,1.1880,3.3760,2.5190,0.0000,0.0000,0.0000,69.9501,0.0000,4392.0000,1755.0000,0.0000,25.0000,40.0000,24.0000,11.0000
2.4150,0.7550,0.3890,0.3340,0.2000,0.0000,0.0000,1.2710,1.0000,1.1880,3.3760,2.5190,0.0000,0.0000,0.0000,69.9508,0.0000,4392.0000,1755.0000,0.0000,25.0000,41.0000,24.0000,12.0000
1.9900,0.8130,0.4190,0.5390,0.1700,0.0000,0.0000,0.7580,1.0000,1.1880,3.3760,2.5190,0.0000,0.0000,0.0000,69.9517,0.0000,4392.0000,1755.0000,0.0000,25.0000,42.0000,24.0000,12.0000
1.9960,0.5760,0.4180,0.3920,0.1600,0.0000,0.0000,1.0020,1.0000,1.1880,3.3760,2.5190,0.0000,0.0000,0.0000,69.9510,0.0000,4392.0000,1755.0000,0.0000,25.0000,41.0000,24.0000,12.0000
1.9240,0.5740,0.3830,0.3940,0.1910,0.0000,0.0000,0.9670,1.0000,1.1880,3.3760,2.5190,0.0000,0.0000,0.0000,69.9510,0.0000,4392.0000,1755.0000,0.0000,25.0000,41.0000,24.0000,12.0000
1.9860,0.5160,0.4350,0.3380,0.2110,0.0000,0.0000,1.0350,1.0000,1.1880,3.3760,2.5190,0.0000,0.0000,0.0000,69.9510,0.0000,4392.0000,1755.0000,0.0000,25.0000,41.0000,24.0000,12.0000
2.2970,0.5800,0.4000,0.3940,0.1970,0.0000,0.0000,1.3170,1.0000,1.1880,3.3760,2.5190,0.0000,0.0000,0.0000,69.9517,0.0000,4392.0000,1755.0000,0.0000,25.0000,42.0000,24.0000,11.0000
2.0130,0.7510,0.3690,0.5070,0.1650,0.0000,0.0000,0.8930,1.0000,1.1880,3.3760,2.5190,0.0000,0.0000,0.0000,69.9517,0.0000,4392.0000,1755.0000,0.0000,25.0000,42.0000,24.0000,11.0000
1.9390,0.6420,0.3510,0.4400,0.1550,0.0000,0.0000,0.9460,1.0000,1.1880,3.3760,2.5190,0.0000,0.0000,0.0000,69.9517,0.0000,4392.0000,1755.0000,0.0000,25.0000,42.0000,24.0000,11.0000
2.2040,0.5790,0.4240,0.3830,0.2040,0.0000,0.0000,1.2010,1.0000,1.1880,3.3760,2.5190,0.0000,0.0000,0.0000,69.9517,0.0000,4392.0000,1755.0000,0.0000,25.0000,42.0000,24.0000,11.0000
2.2080,0.6780,0.4090,0.4620,0.1790,0.0000,0.0000,1.1210,1.0000,1.1880,3.3760,2.5190,0.0000,0.0000,0.0000,69.9510,0.0000,4392.0000,1755.0000,0.0000,25.0000,41.0000,24.0000,10.0000
2.2010,0.7060,0.4110,0.4230,0.2060,0.0000,0.0000,1.0840,1.0000,1.1880,3.3760,2.5190,0.0000,0.0000,0.0000,69.9620,0.0000,4393.0000,1755.0000,0.0000,25.0000,42.0000,24.0000,11.0000
2.3480,0.5970,0.4110,0.3230,0.2170,0.0000,0.0000,1.3400,1.0000,1.1880,3.3760,2.5190,0.0000,0.0000,0.0000,69.9819,0.0000,4395.0000,1755.0000,0.0000,25.0000,41.0000,24.0000,11.0000
2.3490,0.7680,0.5020,0.4500,0.2120,0.0000,0.0000,1.0790,1.0000,1.1880,3.3760,2.5190,0.0000,0.0000,0.0000,70.0025,0.0000,4397.0000,1755.0000,0.0000,25.0000,41.0000,24.0000,12.0000
2.1810,0.6550,0.3800,0.3250,0.1850,0.0000,0.0000,1.1460,1.0000,1.1880,3.3760,2.5190,0.0000,0.0000,0.0000,70.0033,0.0000,4397.0000,1755.0000,0.0000,25.0000,42.0000,24.0000,11.0000
2.0440,0.5910,0.3670,0.3370,0.1700,0.0000,0.0000,1.0860,1.0000,1.1880,3.3760,2.5190,0.0000,0.0000,0.0000,70.0035,0.0000,4397.0000,1755.0000,0.0000,25.0000,42.0000,24.0000,11.0000
2.0920,0.5110,0.3550,0.3210,0.1660,0.0000,0.0000,1.2260,1.0000,1.1880,3.3760,2.5190,0.0000,0.0000,0.0000,70.0028,0.0000,4397.0000,1755.0000,0.0000,25.0000,41.0000,24.0000,11.0000
2.1300,0.5020,0.3520,0.3160,0.1510,0.0000,0.0000,1.2760,1.0000,1.1880,3.3760,2.5190,0.0000,0.0000,0.0000,70.0035,0.0000,4397.0000,1755.0000,0.0000,25.0000,42.0000,24.0000,11.0000
2.4180,0.5380,0.4850,0.3380,0.2630,0.0000,0.0000,1.3950,1.0000,1.1880,3.3760,2.5190,0.0000,0.0000,0.0000,70.0341,0.0000,4400.0000,1755.0000,0.0000,25.0000,42.0000,24.0000,11.0000
1.9520,0.7870,0.3480,0.4490,0.1490,0.0000,0.0000,0.8170,1.0000,1.1880,3.3760,2.5190,0.0000,0.0000,0.0000,70.0342,0.0000,4400.0000,1755.0000,0.0000,25.0000,42.0000,24.0000,11.0000
2.1150,0.5620,0.3400,0.3780,0.1470,0.0000,0.0000,1.2130,1.0000,1.1880,3.3760,2.5190,0.0000,0.0000,0.0000,70.0343,0.0000,4400.0000,1755.0000,0.0000,25.0000,42.0000,24.0000,11.0000
1.9810,0.6590,0.3400,0.4620,0.1490,0.0000,0.0000,0.9820,1.0000,1.1880,3.3760,2.5190,0.0000,0.0000,0.0000,70.0350,0.0000,4400.0000,1755.0000,0.0000,25.0000,43.0000,24.0000,11.0000
2.2230,0.5500,0.3800,0.3240,0.1900,0.0000,0.0000,1.2930,1.0000,1.1880,3.3760,2.5190,0.0000,0.0000,0.0000,70.0552,0.0000,4402.0000,1755.0000,0.0000,25.0000,43.0000,24.0000,11.0000
2.3010,0.6740,0.3660,0.3240,0.1780,0.0000,0.0000,1.2610,1.0000,1.1880,3.3760,2.5190,0.0000,0.0000,0.0000,70.0662,0.0000,4403.0000,1755.0000,0.0000,25.0000,44.0000,24.0000,10.0000
2.5320,0.7000,0.5010,0.4410,0.2810,0.0000,0.0000,1.3310,1.0000,1.1880,3.3760,2.5190,0.0000,0.0000,0.0000,69.8095,0.0000,4378.0000,1755.0000,0.0000,25.0000,44.0000,24.0000,11.0000
2.1080,0.7510,0.3940,0.4830,0.1880,0.0000,0.0000,0.9630,1.0000,1.1880,3.3760,2.5190,0.0000,0.0000,0.0000,69.8196,0.0000,4379.0000,1755.0000,0.0000,25.0000,44.0000,24.0000,11.0000
2.0690,0.5840,0.3490,0.3170,0.1540,0.0000,0.0000,1.1360,1.0000,1.1880,3.3760,2.5190,0.0000,0.0000,0.0000,69.8196,0.0000,4379.0000,1755.0000,0.0000,25.0000,44.0000,24.0000,12.0000
2.0990,0.5840,0.4070,0.3370,0.1890,0.0000,0.0000,1.1080,1.0000,1.1880,3.3760,2.5190,0.0000,0.0000,0.0000,69.8205,0.0000,4379.0000,1755.0000,0.0000,25.0000,45.0000,24.0000,12.0000
2.0260,0.5120,0.3560,0.3210,0.1660,0.0000,0.0000,1.1580,1.0000,1.1880,3.3760,2.5190,0.0000,0.0000,0.0000,69.8205,0.0000,4379.0000,1755.0000,0.0000,25.0000,45.0000,24.0000,12.0000
1.9450,0.5200,0.3560,0.3360,0.1650,0.0000,0.0000,1.0690,1.0000,1.1880,3.3760,2.5190,0.0000,0.0000,0.0000,69.8205,0.0000,4379.0000,1755.0000,0.0000,25.0000,45.0000,24.0000,12.0000
2.1380,0.4960,0.3970,0.3150,0.2030,0.0000,0.0000,1.2450,1.0000,1.1880,3.3760,2.5190,0.0000,0.0000,0.0000,69.8409,0.0000,4381.0000,1755.0000,0.0000,25.0000,45.0000,24.0000,12.0000
1.9090,0.5910,0.3620,0.3270,0.1580,0.0000,0.0000,0.9560,1.0000,1.1880,3.3760,2.5190,0.0000,0.0000,0.0000,69.8409,0.0000,4381.0000,1755.0000,0.0000,25.0000,45.0000,24.0000,11.0000
2.0360,0.5030,0.3500,0.3260,0.1660,0.0000,0.0000,1.1830,1.0000,1.1880,3.3760,2.5190,0.0000,0.0000,0.0000,69.8410,0.0000,4381.0000,1755.0000,0.0000,25.0000,45.0000,24.0000,12.0000
1.9650,0.5080,0.3480,0.3260,0.1670,0.0000,0.0000,1.1090,1.0000,1.1880,3.3760,2.5190,0.0000,0.0000,0.0000,69.8410,0.0000,4381.0000,1755.0000,0.0000,25.0000,45.0000,24.0000,11.0000
2.1630,0.4890,0.3450,0.3130,0.1670,0.0000,0.0000,1.3290,1.0000,1.1880,3.3760,2.5190,0.0000,0.0000,0.0000,69.8412,0.0000,4381.0000,1755.0000,0.0000,25.0000,45.0000,24.0000,12.0000
2.3630,0.4870,0.4620,0.3120,0.2670,0.0000,0.0000,1.4140,1.0000,1.1880,3.3760,2.5190,0.0000,0.0000,0.0000,69.8619,0.0000,4383.0000,1755.0000,0.0000,25.0000,45.0000,24.0000,11.0000
2.3710,0.8300,0.4140,0.4980,0.2080,0.0000,0.0000,1.1270,1.0000,1.1880,3.3760,2.5190,0.0000,0.0000,0.0000,69.8931,0.0000,4386.0000,1755.0000,0.0000,25.0000,46.0000,24.0000,12.0000
2.0440,0.6570,0.3870,0.3160,0.1880,0.0000,0.0000,1.0000,1.0000,1.1880,3.3760,2.5190,0.0000,0.0000,0.0000,69.8940,0.0000,4386.0000,1755.0000,0.0000,25.0000,47.0000,24.0000,11.0000
2.0110,0.5450,0.3520,0.3170,0.1660,0.0000,0.0000,1.1140,1.0000,1.1880,3.3760,2.5190,0.0000,0.0000,0.0000,69.8944,0.0000,4386.0000,1755.0000,0.0000,25.0000,47.0000,24.0000,11.0000
2.0730,0.4960,0.3680,0.3150,0.1680,0.0000,0.0000,1.2090,1.0000,1.1880,3.3760,2.5190,0.0000,0.0000,0.0000,69.8923,0.0000,4386.0000,1755.0000,0.0000,25.0000,44.0000,24.0000,11.0000
1.9700,0.5300,0.3510,0.3320,0.1620,0.0000,0.0000,1.0890,1.0000,1.1880,3.3760,2.5190,0.0000,0.0000,0.0000,69.8923,0.0000,4386.0000,1755.0000,0.0000,25.0000,44.0000,24.0000,12.0000
2.1610,0.4830,0.4100,0.3050,0.2120,0.0000,0.0000,1.2680,1.0000,1.1880,3.3760,2.5190,0.0000,0.0000,0.0000,69.9135,0.0000,4388.0000,1755.0000,0.0000,25.0000,43.0000,24.0000,11.0000
1.8530,0.5900,0.4030,0.3250,0.1960,0.0000,0.0000,0.8600,1.0000,1.1880,3.3760,2.5190,0.0000,0.0000,0.0000,69.9135,0.0000,4388.0000,1755.0000,0.0000,25.0000,43.0000,24.0000,11.0000
1.8910,0.5000,0.3420,0.3260,0.1590,0.0000,0.0000,1.0490,1.0000,1.1880,3.3760,2.5190,0.0000,0.0000,0.0000,69.9143,0.0000,4388.0000,1755.0000,0.0000,25.0000,44.0000,24.0000,11.0000
1.9020,0.5010,0.3270,0.3170,0.1450,0.0000,0.0000,1.0740,1.0000,1.1880,3.3760,2.5190,0.0000,0.0000,0.0000,69.9143,0.0000,4388.0000,1755.0000,0.0000,25.0000,44.0000,24.0000,11.0000
2.1010,0.4900,0.3580,0.3140,0.1770,0.0000,0.0000,1.2530,1.0000,1.1880,3.3760,2.5190,0.0000,0.0000,0.0000,69.9245,0.0000,4389.0000,1755.0000,0.0000,25.0000,44.0000,24.0000,11.0000
2.1040,0.6270,0.3760,0.3180,0.1930,0.0000,0.0000,1.1010,1.0000,1.1880,3.3760,2.5190,0.0000,0.0000,0.0000,69.9341,0.0000,4390.0000,1755.0000,0.0000,25.0000,43.0000,24.0000,11.0000
2.0360,0.5300,0.3640,0.3130,0.1770,0.0000,0.0000,1.1420,1.0000,1.1880,3.3760,2.5190,0.0000,0.0000,0.0000,69.9348,0.0000,4390.0000,1755.0000,0.0000,25.0000,44.0000,24.0000,11.0000
1.9830,0.5110,0.3460,0.3250,0.1610,0.0000,0.0000,1.1260,1.0000,1.1880,3.3760,2.5190,0.0000,0.0000,0.0000,69.9349,0.0000,4390.0000,1755.0000,0.0000,25.0000,44.0000,24.0000,11.0000
2.0040,0.4930,0.3460,0.3160,0.1600,0.0000,0.0000,1.1650,1.0000,1.1880,3.3760,2.5190,0.0000,0.0000,0.0000,69.9349,0.0000,4390.0000,1755.0000,0.0000,25.0000,44.0000,24.0000,12.0000
2.2500,0.4970,0.4190,0.3140,0.1990,0.0000,0.0000,1.3340,1.0000,1.1880,3.3760,2.5190,0.0000,0.0000,0.0000,69.9342,0.0000,4390.0000,1755.0000,0.0000,25.0000,43.0000,24.0000,12.0000
2.5600,0.5800,0.4180,0.4000,0.1990,0.0000,0.0000,1.5620,1.0000,1.1880,3.3760,2.5190,0.0000,0.0000,0.0000,69.9342,0.0000,4390.0000,1755.0000,0.0000,25.0000,43.0000,24.0000,11.0000
2.2050,1.0020,0.4240,0.8110,0.2170,0.0000,0.0000,0.7790,1.0000,1.1880,3.3760,2.5190,0.0000,0.0000,0.0000,69.9544,0.0000,4392.0000,1755.0000,0.0000,25.0000,43.0000,24.0000,12.0000
2.1010,0.6810,0.3530,0.4120,0.1700,0.0000,0.0000,1.0670,1.0000,1.1880,3.3760,2.5190,0.0000,0.0000,0.0000,69.9544,0.0000,4392.0000,1755.0000,0.0000,25.0000,43.0000,24.0000,12.0000
2.1070,0.5370,0.4690,0.3600,0.2060,0.0000,0.0000,1.1010,1.0000,1.1880,3.3760,2.5190,0.0000,0.0000,0.0000,69.9545,0.0000,4392.0000,1755.0000,0.0000,25.0000,43.0000,24.0000,11.0000
1.9480,0.5770,0.3780,0.3950,0.1940,0.0000,0.0000,0.9930,1.0000,1.1880,3.3760,2.5190,0.0000,0.0000,0.0000,69.9545,0.0000,4392.0000,1755.0000,0.0000,25.0000,43.0000,24.0000,11.0000
2.2900,0.5100,0.4410,0.3330,0.2360,0.0000,0.0000,1.3390,1.0000,1.1880,3.3760,2.5190,0.0000,0.0000,0.0000,69.9751,0.0000,4394.0000,1755.0000,0.0000,25.0000,43.0000,24.0000,12.0000
2.0590,0.6600,0.3610,0.3820,0.1580,0.0000,0.0000,1.0380,1.0000,1.1880,3.3760,2.5190,0.0000,0.0000,0.0000,69.9752,0.0000,4394.0000,1755.0000,0.0000,25.0000,43.0000,24.0000,13.0000
2.2680,0.6300,0.4150,0.4320,0.2230,0.0000,0.0000,1.2230,1.0000,1.1880,3.3760,2.5190,0.0000,0.0000,0.0000,70.0360,0.0000,4400.0000,1755.0000,0.0000,25.0000,43.0000,24.0000,13.0000
2.0080,0.8400,0.3860,0.3190,0.1960,0.0000,0.0000,0.7820,1.0000,1.1880,3.3760,2.5190,0.0000,0.0000,0.0000,70.0563,0.0000,4402.0000,1755.0000,0.0000,25.0000,43.0000,24.0000,13.0000
1.9930,0.5820,0.3730,0.3170,0.1830,0.0000,0.0000,1.0380,1.0000,1.1880,3.3760,2.5190,0.0000,0.0000,0.0000,70.0662,0.0000,4403.0000,1755.0000,0.0000,25.0000,42.0000,24.0000,13.0000
1.9230,0.5910,0.3400,0.3210,0.1550,0.0000,0.0000,0.9920,1.0000,1.1880,3.3760,2.5190,0.0000,0.0000,0.0000,70.0663,0.0000,4403.0000,1755.0000,0.0000,25.0000,42.0000,24.0000,13.0000
1.9030,0.5250,0.3370,0.3260,0.1500,0.0000,0.0000,1.0410,1.0000,1.1880,3.3760,2.5190,0.0000,0.0000,0.0000,70.0664,0.0000,4403.0000,1755.0000,0.0000,25.0000,42.0000,24.0000,13.0000
1.8050,0.5960,0.3400,0.3660,0.1500,0.0000,0.0000,0.8690,1.0000,1.1880,3.3760,2.5190,0.0000,0.0000,0.0000,70.0664,0.0000,4403.0000,1755.0000,0.0000,25.0000,42.0000,24.0000,13.0000
2.0120,0.5530,0.3990,0.3740,0.1850,0.0000,0.0000,1.0600,1.0000,1.1880,3.3760,2.5190,0.0000,0.0000,0.0000,70.0766,0.0000,4404.0000,1755.0000,0.0000,25.0000,42.0000,24.0000,13.0000
1.9920,0.6690,0.3730,0.4320,0.1520,0.0000,0.0000,0.9500,1.0000,1.1880,3.3760,2.5190,0.0000,0.0000,0.0000,70.0773,0.0000,4404.0000,1755.0000,0.0000,25.0000,43.0000,24.0000,13.0000
2.0590,0.5730,0.4070,0.3790,0.1840,0.0000,0.0000,1.0790,1.0000,1.1880,3.3760,2.5190,0.0000,0.0000,0.0000,70.0878,0.0000,4405.0000,1755.0000,0.0000,25.0000,43.0000,24.0000,13.0000
1.9930,0.6980,0.3430,0.4390,0.1530,0.0000,0.0000,0.9520,1.0000,1.1880,3.3760,2.5190,0.0000,0.0000,0.0000,70.0880,0.0000,4405.0000,1755.0000,0.0000,25.0000,43.0000,24.0000,14.0000
2.0340,0.6990,0.3680,0.4790,0.1840,0.0000,0.0000,0.9670,1.0000,1.1880,3.3760,2.5190,0.0000,0.0000,0.0000,70.0976,0.0000,4406.0000,1755.0000,0.0000,25.0000,42.0000,24.0000,14.0000
2.0230,0.6640,0.3680,0.4300,0.1770,0.0000,0.0000,0.9910,1.0000,1.1880,3.3760,2.5190,0.0000,0.0000,0.0000,70.1076,0.0000,4407.0000,1755.0000,0.0000,25.0000,42.0000,24.0000,14.0000
2.6870,0.6210,0.4060,0.3380,0.1640,0.0000,0.0000,1.6600,1.0000,1.1880,3.3760,2.5190,0.0000,0.0000,0.0000,70.1075,0.0000,4407.0000,1755.0000,0.0000,25.0000,42.0000,24.0000,14.0000
2.7870,0.6460,0.4060,0.3360,0.2090,0.0000,0.0000,1.7350,1.0000,1.1880,3.3760,2.5190,0.0000,0.0000,0.0000,69.8070,0.0000,4378.0000,1755.0000,0.0000,25.0000,42.0000,24.0000,14.0000
1.8130,0.8440,0.3670,0.6520,0.1820,0.0000,0.0000,0.6020,1.0000,1.1880,3.3760,2.5190,0.0000,0.0000,0.0000,69.8273,0.0000,4380.0000,1755.0000,0.0000,25.0000,42.0000,24.0000,14.0000
1.7530,0.4940,0.4000,0.2690,0.2370,0.0000,0.0000,0.8590,1.0000,1.1880,3.3760,2.5190,0.0000,0.0000,0.0000,69.8273,0.0000,4380.0000,1755.0000,0.0000,25.0000,42.0000,24.0000,14.0000
1.6310,0.4340,0.3280,0.2700,0.1260,0.0000,0.0000,0.8690,1.0000,1.1880,3.3760,2.5190,0.0000,0.0000,0.0000,69.8281,0.0000,4380.0000,1755.0000,0.0000,25.0000,43.0000,24.0000,14.0000
1.6150,0.5150,0.3560,0.3520,0.1900,0.0000,0.0000,0.7440,1.0000,1.1880,3.3760,2.5190,0.0000,0.0000,0.0000,69.8384,0.0000,4381.0000,1755.0000,0.0000,25.0000,43.0000,24.0000,14.0000
1.5510,0.4330,0.2800,0.2550,0.1230,0.0000,0.0000,0.8380,1.0000,1.1880,3.3760,2.5190,0.0000,0.0000,0.0000,69.8384,0.0000,4381.0000,1755.0000,0.0000,25.0000,43.0000,24.0000,14.0000
2.1050,0.4920,0.5320,0.3080,0.3440,0.0000,0.0000,1.0810,1.0000,1.1880,3.3760,2.5190,0.0000,0.0000,0.0000,69.8385,0.0000,4381.0000,1755.0000,0.0000,25.0000,43.0000,24.0000,15.0000
1.9000,0.5480,0.3150,0.3820,0.1340,0.0000,0.0000,1.0370,1.0000,1.1880,3.3760,2.5190,0.0000,0.0000,0.0000,69.8378,0.0000,4381.0000,1755.0000,0.0000,25.0000,42.0000,24.0000,14.0000
1.6460,0.5180,0.3560,0.3620,0.1350,0.0000,0.0000,0.7720,1.0000,1.1880,3.3760,2.5190,0.0000,0.0000,0.0000,69.8371,0.0000,4381.0000,1755.0000,0.0000,25.0000,41.0000,24.0000,14.0000
1.7800,0.4290,0.3350,0.2840,0.1700,0.0000,0.0000,1.0160,1.0000,1.1880,3.3760,2.5190,0.0000,0.0000,0.0000,69.8473,0.0000,4382.0000,1755.0000,0.0000,25.0000,41.0000,24.0000,14.0000
1.7600,0.4530,0.3240,0.2660,0.1580,0.0000,0.0000,0.9830,1.0000,1.1880,3.3760,2.5190,0.0000,0.0000,0.0000,69.8679,0.0000,4384.0000,1755.0000,0.0000,25.0000,41.0000,24.0000,14.0000
1.6970,0.5800,0.3220,0.2700,0.1540,0.0000,0.0000,0.7950,1.0000,1.1880,3.3760,2.5190,0.0000,0.0000,0.0000,69.8789,0.0000,4385.0000,1755.0000,0.0000,25.0000,42.0000,24.0000,14.0000
2.4110,0.5550,0.5090,0.3610,0.3320,0.0000,0.0000,1.3470,1.0000,1.1880,3.3760,2.5190,0.0000,0.0000,0.0000,69.8790,0.0000,4385.0000,1755.0000,0.0000,25.0000,42.0000,24.0000,14.0000
1.7290,0.7560,0.3160,0.5130,0.1270,0.0000,0.0000,0.6570,1.0000,1.1880,3.3760,2.5190,0.0000,0.0000,0.0000,69.8797,0.0000,4385.0000,1755.0000,0.0000,25.0000,43.0000,24.0000,14.0000
1.7350,0.4890,0.3570,0.3400,0.1610,0.0000,0.0000,0.8890,1.0000,1.1880,3.3760,2.5190,0.0000,0.0000,0.0000,69.8791,0.0000,4385.0000,1755.0000,0.0000,25.0000,42.0000,24.0000,14.0000
1.6660,0.4320,0.3030,0.2800,0.1240,0.0000,0.0000,0.9310,1.0000,1.1880,3.3760,2.5190,0.0000,0.0000,0.0000,69.8791,0.0000,4385.0000,1755.0000,0.0000,25.0000,42.0000,24.0000,13.0000
1.6640,0.4210,0.3160,0.2690,0.1550,0.0000,0.0000,0.9270,1.0000,1.1880,3.3760,2.5190,0.0000,0.0000,0.0000,69.8893,0.0000,4386.0000,1755.0000,0.0000,25.0000,42.0000,24.0000,13.0000
2.1010,0.5160,0.2870,0.2630,0.1250,0.0000,0.0000,1.2980,1.0000,1.1880,3.3760,2.5190,0.0000,0.0000,0.0000,69.8893,0.0000,4386.0000,1755.0000,0.0000,25.0000,42.0000,24.0000,13.0000
1.8400,0.4710,0.3310,0.2690,0.1650,0.0000,0.0000,1.0380,1.0000,1.1880,3.3760,2.5190,0.0000,0.0000,0.0000,69.9099,0.0000,4388.0000,1755.0000,0.0000,25.0000,42.0000,24.0000,13.0000
1.8140,0.5850,0.4710,0.3600,0.1450,0.0000,0.0000,0.7580,1.0000,1.1880,3.3760,2.5190,0.0000,0.0000,0.0000,69.9099,0.0000,4388.0000,1755.0000,0.0000,25.0000,42.0000,24.0000,13.0000
1.8390,0.4890,0.3770,0.3280,0.2020,0.0000,0.0000,0.9730,1.0000,1.1880,3.3760,2.5190,0.0000,0.0000,0.0000,69.9300,0.0000,4390.0000,1755.0000,0.0000,25.0000,41.0000,24.0000,13.0000
1.8120,0.4890,0.3620,0.2750,0.1610,0.0000,0.0000,0.9610,1.0000,1.1880,3.3760,2.5190,0.0000,0.0000,0.0000,69.9496,0.0000,4392.0000,1755.0000,0.0000,25.0000,40.0000,24.0000,13.0000
1.5570,0.4980,0.2870,0.2780,0.1260,0.0000,0.0000,0.7720,1.0000,1.1880,3.3760,2.5190,0.0000,0.0000,0.0000,69.9491,0.0000,4392.0000,1755.0000,0.0000,25.0000,39.0000,24.0000,13.0000
3.9310,0.4490,0.3350,0.2610,0.1340,0.0000,0.0000,3.1470,1.0000,1.1880,3.3760,2.5190,0.0000,0.0000,0.0000,69.9492,0.0000,4392.0000,1755.0000,0.0000,25.0000,39.0000,24.0000,13.0000
3.5300,0.5040,0.8250,0.3370,0.3260,0.0000,0.0000,2.2010,1.0000,1.1880,3.3760,2.5190,0.0000,0.0000,0.0000,69.9595,0.0000,4393.0000,1755.0000,0.0000,25.0000,39.0000,24.0000,12.0000
2.2090,0.6660,0.4070,0.3440,0.1880,0.0000,0.0000,1.1360,1.0000,1.1880,3.3760,2.5190,0.0000,0.0000,0.0000,69.9588,0.0000,4393.0000,1755.0000,0.0000,25.0000,38.0000,24.0000,12.0000
2.0920,0.5690,0.4430,0.3640,0.2210,0.0000,0.0000,1.0800,1.0000,1.1880,3.3760,2.5190,0.0000,0.0000,0.0000,69.9574,0.0000,4393.0000,1755.0000,0.0000,25.0000,36.0000,24.0000,12.0000
2.6170,0.5670,0.5170,0.3450,0.3090,0.0000,0.0000,1.5330,1.0000,1.1880,3.3760,2.5190,0.0000,0.0000,0.0000,69.9684,0.0000,4394.0000,1755.0000,0.0000,25.0000,37.0000,24.0000,12.0000
2.8640,0.6540,0.3910,0.3350,0.1760,0.0000,0.0000,1.8190,1.0000,1.1880,3.3760,2.5190,0.0000,0.0000,0.0000,69.9684,0.0000,4394.0000,1755.0000,0.0000,25.0000,37.0000,24.0000,12.0000
2.8250,0.8500,0.3800,0.3810,0.1580,0.0000,0.0000,1.5950,1.0000,1.1880,3.3760,2.5190,0.0000,0.0000,0.0000,69.9685,0.0000,4394.0000,1755.0000,0.0000,25.0000,37.0000,24.0000,12.0000
2.0860,0.6010,0.4270,0.3390,0.1630,0.0000,0.0000,1.0580,1.0000,1.1880,3.3760,2.5190,0.0000,0.0000,0.0000,69.9685,0.0000,4394.0000,1755.0000,0.0000,25.0000,37.0000,24.0000,12.0000
2.4630,0.5900,0.3850,0.3530,0.1840,0.0000,0.0000,1.4880,1.0000,1.1880,3.3760,2.5190,0.0000,0.0000,0.0000,69.9802,0.0000,4395.0000,1755.0000,0.0000,25.0000,37.0000,24.0000,12.0000
2.2880,0.7520,0.4530,0.4260,0.2270,0.0000,0.0000,1.0830,1.0000,1.1880,3.3760,2.5190,0.0000,0.0000,0.0000,69.9875,0.0000,4396.0000,1755.0000,0.0000,25.0000,37.0000,24.0000,12.0000
2.4790,0.6950,0.4380,0.5030,0.2010,0.0000,0.0000,1.3460,1.0000,1.1880,3.3760,2.5190,0.0000,0.0000,0.0000,70.0054,0.0000,4398.0000,1755.0000,0.0000,25.0000,37.0000,24.0000,14.0000
3.1290,0.9330,0.7630,0.5710,0.4670,0.0000,0.0000,1.4330,1.0000,1.1880,3.3760,2.5190,0.0000,0.0000,0.0000,70.0828,0.0000,4416.0000,1755.0000,0.0000,25.0000,38.0000,24.0000,15.0000
2.2040,0.9290,0.4030,0.3660,0.1690,0.0000,0.0000,0.8720,1.0000,1.1880,3.3760,2.5190,0.0000,0.0000,0.0000,70.0836,0.0000,4416.0000,1755.0000,0.0000,25.0000,39.0000,24.0000,15.0000
2.4100,0.5440,0.4690,0.3450,0.2530,0.0000,0.0000,1.3970,1.0000,1.1880,3.3760,2.5190,0.0000,0.0000,0.0000,70.0949,0.0000,4417.0000,1755.0000,0.0000,25.0000,40.0000,24.0000,16.0000
2.3880,0.7530,0.3850,0.5000,0.1720,0.0000,0.0000,1.2500,1.0000,1.1880,3.3760,2.5190,0.0000,0.0000,0.0000,70.0949,0.0000,4417.0000,1755.0000,0.0000,25.0000,40.0000,24.0000,15.0000
2.3180,0.6520,0.4360,0.3790,0.2170,0.0000,0.0000,1.2300,1.0000,1.1880,3.3760,2.5190,0.0000,0.0000,0.0000,70.1052,0.0000,4418.0000,1755.0000,0.0000,25.0000,40.0000,24.0000,15.0000
2.3250,0.6430,0.4430,0.3970,0.2100,0.0000,0.0000,1.2390,1.0000,1.1880,3.3760,2.5190,0.0000,0.0000,0.0000,70.1357,0.0000,4421.0000,1755.0000,0.0000,25.0000,40.0000,24.0000,15.0000
2.2150,0.7290,0.4440,0.3920,0.1840,0.0000,0.0000,1.0420,1.0000,1.1880,3.3760,2.5190,0.0000,0.0000,0.0000,70.1358,0.0000,4421.0000,1755.0000,0.0000,25.0000,40.0000,24.0000,15.0000
2.2500,0.5420,0.3690,0.3280,0.1590,0.0000,0.0000,1.3390,1.0000,1.1880,3.3760,2.5190,0.0000,0.0000,0.0000,70.1359,0.0000,4421.0000,1755.0000,0.0000,25.0000,40.0000,24.0000,15.0000
3.7160,0.6510,0.3850,0.4250,0.1560,0.0000,0.0000,2.6800,1.0000,1.1880,3.3760,2.5190,0.0000,0.0000,0.0000,70.1366,0.0000,4421.0000,1755.0000,0.0000,25.0000,41.0000,24.0000,14.0000
2.5120,0.5500,0.4830,0.3500,0.2760,0.0000,0.0000,1.4790,1.0000,1.1880,3.3760,2.5190,0.0000,0.0000,0.0000,69.8895,0.0000,4397.0000,1755.0000,0.0000,25.0000,42.0000,24.0000,14.0000
2.5160,0.8680,0.5680,0.3920,0.2220,0.0000,0.0000,1.0800,1.0000,1.1880,3.3760,2.5190,0.0000,0.0000,0.0000,69.8990,0.0000,4398.0000,1755.0000,0.0000,25.0000,41.0000,24.0000,14.0000
2.2040,0.6790,0.3660,0.3360,0.1600,0.0000,0.0000,1.1590,1.0000,1.1880,3.3760,2.5190,0.0000,0.0000,0.0000,69.8993,0.0000,4398.0000,1755.0000,0.0000,25.0000,41.0000,24.0000,13.0000
2.4590,0.5350,0.5230,0.3380,0.2810,0.0000,0.0000,1.4010,1.0000,1.1880,3.3760,2.5190,0.0000,0.0000,0.0000,69.9194,0.0000,4400.0000,1755.0000,0.0000,25.0000,41.0000,24.0000,13.0000
2.0280,0.7020,0.3690,0.4050,0.1620,0.0000,0.0000,0.9570,1.0000,1.1880,3.3760,2.5190,0.0000,0.0000,0.0000,69.9201,0.0000,4400.0000,1755.0000,0.0000,25.0000,42.0000,24.0000,13.0000
2.4170,0.5740,0.4560,0.3870,0.1960,0.0000,0.0000,1.3870,1.0000,1.1880,3.3760,2.5190,0.0000,0.0000,0.0000,69.9306,0.0000,4401.0000,1755.0000,0.0000,25.0000,42.0000,24.0000,13.0000
2.7120,0.7230,0.3800,0.3470,0.1740,0.0000,0.0000,1.6090,1.0000,1.1880,3.3760,2.5190,0.0000,0.0000,0.0000,69.9307,0.0000,4401.0000,1755.0000,0.0000,25.0000,42.0000,24.0000,13.0000
2.1800,0.7510,0.4090,0.4670,0.1930,0.0000,0.0000,1.0200,1.0000,1.1880,3.3760,2.5190,0.0000,0.0000,0.0000,69.9404,0.0000,4402.0000,1755.0000,0.0000,25.0000,41.0000,24.0000,14.0000
2.3830,0.6270,0.4330,0.3320,0.2300,0.0000,0.0000,1.3230,1.0000,1.1880,3.3760,2.5190,0.0000,0.0000,0.0000,69.9397,0.0000,4402.0000,1755.0000,0.0000,25.0000,40.0000,24.0000,14.0000
3.0280,0.5630,0.5690,0.3470,0.2460,0.0000,0.0000,1.8960,1.0000,1.1880,3.3760,2.5190,0.0000,0.0000,0.0000,69.9398,0.0000,4402.0000,1755.0000,0.0000,25.0000,40.0000,24.0000,14.0000
2.1330,0.7890,0.4170,0.4790,0.1640,0.0000,0.0000,0.9270,1.0000,1.1880,3.3760,2.5190,0.0000,0.0000,0.0000,69.9398,0.0000,4402.0000,1755.0000,0.0000,25.0000,40.0000,24.0000,14.0000
2.4110,0.6060,0.4080,0.3900,0.1660,0.0000,0.0000,1.3970,1.0000,1.1880,3.3760,2.5190,0.0000,0.0000,0.0000,69.9405,0.0000,4402.0000,1755.0000,0.0000,25.0000,41.0000,24.0000,14.0000
2.0750,0.6750,0.3740,0.4510,0.1600,0.0000,0.0000,1.0260,1.0000,1.1880,3.3760,2.5190,0.0000,0.0000,0.0000,69.9337,0.0000,4390.0000,1755.0000,0.0000,25.0000,41.0000,24.0000,14.0000
2.1530,0.5270,0.4110,0.3300,0.2160,0.0000,0.0000,1.2150,1.0000,1.1880,3.3760,2.5190,0.0000,0.0000,0.0000,69.9542,0.0000,4392.0000,1755.0000,0.0000,25.0000,41.0000,24.0000,14.0000
2.2290,0.6340,0.4270,0.3460,0.1710,0.0000,0.0000,1.1680,1.0000,1.1880,3.3760,2.5190,0.0000,0.0000,0.0000,69.9535,0.0000,4392.0000,1755.0000,0.0000,25.0000,40.0000,24.0000,14.0000
3.0760,0.6330,0.5890,0.4120,0.3400,0.0000,0.0000,1.8540,1.0000,1.1880,3.3760,2.5190,0.0000,0.0000,0.0000,69.9731,0.0000,4394.0000,1755.0000,0.0000,25.0000,39.0000,24.0000,14.0000
2.1030,0.6850,0.4350,0.3340,0.1670,0.0000,0.0000,0.9830,1.0000,1.1880,3.3760,2.5190,0.0000,0.0000,0.0000,69.9717,0.0000,4394.0000,1755.0000,0.0000,25.0000,37.0000,24.0000,14.0000
1.9100,0.6770,0.3930,0.4550,0.1590,0.0000,0.0000,0.8400,1.0000,1.1880,3.3760,2.5190,0.0000,0.0000,0.0000,69.9718,0.0000,4394.0000,1755.0000,0.0000,25.0000,37.0000,24.0000,14.0000
2.1390,0.5860,0.4310,0.3790,0.1990,0.0000,0.0000,1.1220,1.0000,1.1880,3.3760,2.5190,0.0000,0.0000,0.0000,69.9934,0.0000,4396.0000,1755.0000,0.0000,25.0000,39.0000,24.0000,14.0000
2.1510,0.7330,0.4290,0.4430,0.2000,0.0000,0.0000,0.9890,1.0000,1.1880,3.3760,2.5190,0.0000,0.0000,0.0000,70.0141,0.0000,4397.0000,1755.0000,0.0000,25.0000,39.0000,24.0000,14.0000
2.2160,0.6660,0.4030,0.3310,0.1920,0.0000,0.0000,1.1470,1.0000,1.1880,3.3760,2.5190,0.0000,0.0000,0.0000,70.0253,0.0000,4398.0000,1755.0000,0.0000,25.0000,40.0000,24.0000,14.0000
2.0740,0.6630,0.4090,0.3310,0.2010,0.0000,0.0000,1.0020,1.0000,1.1880,3.3760,2.5190,0.0000,0.0000,0.0000,70.0350,0.0000,4399.0000,1755.0000,0.0000,25.0000,39.0000,24.0000,14.0000
3.4100,0.5770,0.4250,0.3400,0.2260,0.0000,0.0000,2.4080,1.0000,1.1880,3.3760,2.5190,0.0000,0.0000,0.0000,70.0655,0.0000,4402.0000,1755.0000,0.0000,25.0000,39.0000,24.0000,14.0000
2.3970,0.7090,0.4880,0.3870,0.2280,0.0000,0.0000,1.2000,1.0000,1.1880,3.3760,2.5190,0.0000,0.0000,0.0000,70.0975,0.0000,4405.0000,1755.0000,0.0000,25.0000,40.0000,24.0000,14.0000
2.2820,0.7810,0.3970,0.3820,0.1850,0.0000,0.0000,1.1040,1.0000,1.1880,3.3760,2.5190,0.0000,0.0000,0.0000,70.1072,0.0000,4406.0000,1755.0000,0.0000,25.0000,39.0000,24.0000,14.0000
2.2110,0.5910,0.4150,0.3320,0.1930,0.0000,0.0000,1.2050,1.0000,1.1880,3.3760,2.5190,0.0000,0.0000,0.0000,70.1176,0.0000,4407.0000,1755.0000,0.0000,25.0000,39.0000,24.0000,14.0000
2.2490,0.6360,0.4330,0.3900,0.1960,0.0000,0.0000,1.1800,1.0000,1.1880,3.3760,2.5190,0.0000,0.0000,0.0000,70.1170,0.0000,4407.0000,1755.0000,0.0000,25.0000,38.0000,24.0000,14.0000
2.0680,0.6310,0.4330,0.4070,0.1550,0.0000,0.0000,1.0040,1.0000,1.1880,3.3760,2.5190,0.0000,0.0000,0.0000,70.1171,0.0000,4407.0000,1755.0000,0.0000,25.0000,38.0000,24.0000,14.0000
2.0300,0.5760,0.3580,0.3780,0.1530,0.0000,0.0000,1.0960,1.0000,1.1880,3.3760,2.5190,0.0000,0.0000,0.0000,70.1171,0.0000,4407.0000,1755.0000,0.0000,25.0000,38.0000,24.0000,13.0000
2.1410,0.5770,0.4290,0.3860,0.1680,0.0000,0.0000,1.1350,1.0000,1.1880,3.3760,2.5190,0.0000,0.0000,0.0000,70.1171,0.0000,4407.0000,1755.0000,0.0000,25.0000,38.0000,24.0000,13.0000
2.4800,0.5930,0.3930,0.3500,0.1610,0.0000,0.0000,1.4940,1.0000,1.1880,3.3760,2.5190,0.0000,0.0000,0.0000,70.1171,0.0000,4407.0000,1755.0000,0.0000,25.0000,38.0000,24.0000,13.0000
2.1680,0.7780,0.4310,0.4870,0.2030,0.0000,0.0000,0.9590,1.0000,1.1880,3.3760,2.5190,0.0000,0.0000,0.0000,70.1177,0.0000,4407.0000,1755.0000,0.0000,25.0000,39.0000,24.0000,13.0000
2.1320,0.6560,0.4020,0.4500,0.1600,0.0000,0.0000,1.0740,1.0000,1.1880,3.3760,2.5190,0.0000,0.0000,0.0000,70.1177,0.0000,4407.0000,1755.0000,0.0000,25.0000,39.0000,24.0000,13.0000
2.0340,0.6890,0.4150,0.4430,0.1940,0.0000,0.0000,0.9300,1.0000,1.1880,3.3760,2.5190,0.0000,0.0000,0.0000,70.1280,0.0000,4408.0000,1755.0000,0.0000,25.0000,39.0000,24.0000,13.0000
1.9900,0.6050,0.3590,0.3270,0.1550,0.0000,0.0000,1.0260,1.0000,1.1880,3.3760,2.5190,0.0000,0.0000,0.0000,70.1287,0.0000,4408.0000,1755.0000,0.0000,25.0000,40.0000,24.0000,14.0000
2.1550,0.6410,0.3900,0.4470,0.1780,0.0000,0.0000,1.1240,1.0000,1.1880,3.3760,2.5190,0.0000,0.0000,0.0000,70.1288,0.0000,4408.0000,1755.0000,0.0000,25.0000,40.0000,24.0000,13.0000
2.4070,0.6460,0.4770,0.3740,0.2550,0.0000,0.0000,1.2840,1.0000,1.1880,3.3760,2.5190,0.0000,0.0000,0.0000,70.1586,0.0000,4411.0000,1755.0000,0.0000,25.0000,39.0000,24.0000,13.0000
2.0950,0.7330,0.3790,0.3550,0.1570,0.0000,0.0000,0.9830,1.0000,1.1880,3.3760,2.5190,0.0000,0.0000,0.0000,70.1587,0.0000,4411.0000,1755.0000,0.0000,25.0000,39.0000,24.0000,13.0000
2.1150,0.6390,0.4090,0.4430,0.2020,0.0000,0.0000,1.0670,1.0000,1.1880,3.3760,2.5190,0.0000,0.0000,0.0000,70.1589,0.0000,4411.0000,1755.0000,0.0000,25.0000,39.0000,24.0000,13.0000
2.4270,0.6230,0.4680,0.4160,0.2140,0.0000,0.0000,1.3360,1.0000,1.1880,3.3760,2.5190,0.0000,0.0000,0.0000,70.1791,0.0000,4413.0000,1755.0000,0.0000,25.0000,39.0000,24.0000,13.0000
2.2040,0.7400,0.4470,0.3390,0.2240,0.0000,0.0000,1.0170,1.0000,1.1880,3.3760,2.5190,0.0000,0.0000,0.0000,70.1993,0.0000,4415.0000,1755.0000,0.0000,25.0000,39.0000,24.0000,13.0000
2.1780,0.6330,0.4530,0.3430,0.2410,0.0000,0.0000,1.0920,1.0000,1.1880,3.3760,2.5190,0.0000,0.0000,0.0000,70.2081,0.0000,4416.0000,1755.0000,0.0000,25.0000,37.0000,24.0000,13.0000
2.1580,0.6360,0.4640,0.3800,0.2390,0.0000,0.0000,1.0580,1.0000,1.1880,3.3760,2.5190,0.0000,0.0000,0.0000,69.8730,0.0000,4384.0000,1755.0000,0.0000,25.0000,36.0000,24.0000,12.0000
2.1530,0.6390,0.4410,0.3970,0.2410,0.0000,0.0000,1.0730,1.0000,1.1880,3.3760,2.5190,0.0000,0.0000,0.0000,69.8833,0.0000,4385.0000,1755.0000,0.0000,25.0000,36.0000,24.0000,13.0000
2.0290,0.6890,0.3890,0.4420,0.1640,0.0000,0.0000,0.9510,1.0000,1.1880,3.3760,2.5190,0.0000,0.0000,0.0000,69.8827,0.0000,4385.0000,1755.0000,0.0000,25.0000,35.0000,24.0000,13.0000
2.1050,0.5860,0.4150,0.3810,0.1910,0.0000,0.0000,1.1040,1.0000,1.1880,3.3760,2.5190,0.0000,0.0000,0.0000,69.8937,0.0000,4386.0000,1755.0000,0.0000,25.0000,36.0000,24.0000,13.0000
2.1540,0.6850,0.4000,0.4410,0.2020,0.0000,0.0000,1.0690,1.0000,1.1880,3.3760,2.5190,0.0000,0.0000,0.0000,69.9142,0.0000,4388.0000,1755.0000,0.0000,25.0000,36.0000,24.0000,12.0000
2.2640,0.6470,0.4490,0.3290,0.2430,0.0000,0.0000,1.1680,1.0000,1.1880,3.3760,2.5190,0.0000,0.0000,0.0000,69.9245,0.0000,4389.0000,1755.0000,0.0000,25.0000,36.0000,24.0000,12.0000
2.0930,0.6130,0.3960,0.3260,0.1780,0.0000,0.0000,1.0840,1.0000,1.1880,3.3760,2.5190,0.0000,0.0000,0.0000,69.9246,0.0000,4389.0000,1755.0000,0.0000,25.0000,36.0000,24.0000,12.0000
