frame_ms,scripts_physics_ms,scripts_process_ms,guard_ai_ms,guard_presentation_ms,render_cpu_ms,render_gpu_ms,other_ms,physics_ticks,process_max1s_ms,physics_max1s_ms,navigation_max1s_ms,draw_calls,objects,primitives,static_mem_mb,video_mem_mb,object_count,node_count,orphan_nodes,physics_active,collision_pairs,nav_agents,guards_moving
5.7240,0.4360,0.3330,0.2190,0.1280,0.0000,0.0000,4.9550,1.0000,0.0000,0.0000,0.0000,0.0000,0.0000,0.0000,68.5402,0.0000,3899.0000,1443.0000,0.0000,17.0000,29.0000,16.0000,13.0000
1.6370,0.4720,0.3010,0.2720,0.0980,0.0000,0.0000,0.8640,1.0000,0.0000,0.0000,0.0000,0.0000,0.0000,0.0000,68.5395,0.0000,3899.0000,1443.0000,0.0000,17.0000,28.0000,16.0000,13.0000
1.8180,0.4450,0.3320,0.2830,0.1560,0.0000,0.0000,1.0410,1.0000,0.0000,0.0000,0.0000,0.0000,0.0000,0.0000,68.5605,0.0000,3901.0000,1443.0000,0.0000,17.0000,29.0000,16.0000,13.0000
1.6290,0.5330,0.3030,0.2460,0.1090,0.0000,0.0000,0.7930,1.0000,0.0000,0.0000,0.0000,0.0000,0.0000,0.0000,68.5605,0.0000,3901.0000,1443.0000,0.0000,17.0000,29.0000,16.0000,13.0000
1.6110,0.4510,0.3580,0.2400,0.1420,0.0000,0.0000,0.8020,1.0000,0.0000,0.0000,0.0000,0.0000,0.0000,0.0000,68.5702,0.0000,3902.0000,1443.0000,0.0000,17.0000,28.0000,16.0000,13.0000
1.5860,0.4170,0.3010,0.2120,0.1400,0.0000,0.0000,0.8680,1.0000,0.0000,0.0000,0.0000,0.0000,0.0000,0.0000,68.5904,0.0000,3904.0000,1443.0000,0.0000,17.0000,28.0000,16.0000,13.0000
1.6080,0.4850,0.2620,0.2360,0.0960,0.0000,0.0000,0.8610,1.0000,0.0000,0.0000,0.0000,0.0000,0.0000,0.0000,68.5904,0.0000,3904.0000,1443.0000,0.0000,17.0000,28.0000,16.0000,13.0000
1.4890,0.4820,0.2490,0.2730,0.0950,0.0000,0.0000,0.7580,1.0000,0.0000,0.0000,0.0000,0.0000,0.0000,0.0000,68.5899,0.0000,3904.0000,1443.0000,0.0000,17.0000,27.0000,16.0000,13.0000
1.4670,0.4100,0.2630,0.2340,0.0950,0.0000,0.0000,0.7940,1.0000,0.0000,0.0000,0.0000,0.0000,0.0000,0.0000,68.5899,0.0000,3904.0000,1443.0000,0.0000,17.0000,27.0000,16.0000,13.0000
1.4880,0.4720,0.2830,0.3160,0.0960,0.0000,0.0000,0.7330,1.0000,0.0000,0.0000,0.0000,0.0000,0.0000,0.0000,68.5899,0.0000,3904.0000,1443.0000,0.0000,17.0000,27.0000,16.0000,13.0000
1.7270,0.3990,0.3320,0.2260,0.1570,0.0000,0.0000,0.9960,1.0000,0.0000,0.0000,0.0000,0.0000,0.0000,0.0000,68.6406,0.0000,3909.0000,1443.0000,0.0000,17.0000,27.0000,16.0000,13.0000
1.5990,0.6390,0.2990,0.2450,0.0960,0.0000,0.0000,0.6610,1.0000,0.0000,0.0000,0.0000,0.0000,0.0000,0.0000,68.6413,0.0000,3909.0000,1443.0000,0.0000,17.0000,28.0000,16.0000,13.0000
1.6410,0.4560,0.3250,0.2960,0.1030,0.0000,0.0000,0.8600,1.0000,0.0000,0.0000,0.0000,0.0000,0.0000,0.0000,68.6415,0.0000,3909.0000,1443.0000,0.0000,17.0000,28.0000,16.0000,13.0000
1.5430,0.4260,0.2810,0.2430,0.1000,0.0000,0.0000,0.8360,1.0000,0.0000,0.0000,0.0000,0.0000,0.0000,0.0000,68.6415,0.0000,3909.0000,1443.0000,0.0000,17.0000,28.0000,16.0000,12.0000
1.5890,0.4620,0.3660,0.3060,0.1480,0.0000,0.0000,0.7610,1.0000,0.0000,0.0000,0.0000,0.0000,0.0000,0.0000,68.6408,0.0000,3909.0000,1443.0000,0.0000,17.0000,27.0000,16.0000,12.0000
1.5210,0.3980,0.2650,0.2300,0.0990,0.0000,0.0000,0.8580,1.0000,0.0000,0.0000,0.0000,0.0000,0.0000,0.0000,68.6408,0.0000,3909.0000,1443.0000,0.0000,17.0000,27.0000,16.0000,12.0000
1.5540,0.4440,0.3050,0.2890,0.1420,0.0000,0.0000,0.8050,1.0000,0.0000,0.0000,0.0000,0.0000,0.0000,0.0000,68.6422,0.0000,3909.0000,1443.0000,0.0000,17.0000,29.0000,16.0000,12.0000
1.7720,0.4600,0.3330,0.2970,0.1720,0.0000,0.0000,0.9790,1.0000,0.0000,0.0000,0.0000,0.0000,0.0000,0.0000,68.6727,0.0000,3912.0000,1443.0000,0.0000,17.0000,29.0000,16.0000,12.0000
1.6180,0.6260,0.3290,0.2350,0.1420,0.0000,0.0000,0.6630,1.0000,0.0000,0.0000,0.0000,0.0000,0.0000,0.0000,68.6823,0.0000,3913.0000,1443.0000,0.0000,17.0000,28.0000,16.0000,12.0000
1.5220,0.5110,0.2980,0.3020,0.1320,0.0000,0.0000,0.7130,1.0000,0.0000,0.0000,0.0000,0.0000,0.0000,0.0000,68.6831,0.0000,3913.0000,1443.0000,0.0000,17.0000,29.0000,16.0000,12.0000
1.4370,0.3900,0.2720,0.2290,0.0990,0.0000,0.0000,0.7750,1.0000,0.0000,0.0000,0.0000,0.0000,0.0000,0.0000,68.6832,0.0000,3913.0000,1443.0000,0.0000,17.0000,29.0000,16.0000,12.0000
1.4680,0.4510,0.2510,0.2980,0.0950,0.0000,0.0000,0.7660,1.0000,0.0000,0.0000,0.0000,0.0000,0.0000,0.0000,68.6832,0.0000,3913.0000,1443.0000,0.0000,17.0000,29.0000,16.0000,12.0000
1.5460,0.3970,0.3000,0.2260,0.1290,0.0000,0.0000,0.8490,1.0000,0.0000,0.0000,0.0000,0.0000,0.0000,0.0000,68.6935,0.0000,3914.0000,1443.0000,0.0000,17.0000,29.0000,16.0000,12.0000
1.6400,0.4980,0.3510,0.3050,0.1750,0.0000,0.0000,0.7910,1.0000,0.0000,0.0000,0.0000,0.0000,0.0000,0.0000,68.7147,0.0000,3916.0000,1443.0000,0.0000,17.0000,30.0000,16.0000,11.0000
1.5350,0.4860,0.2640,0.2360,0.1010,0.0000,0.0000,0.7850,1.0000,0.0000,0.0000,0.0000,0.0000,0.0000,0.0000,68.7141,0.0000,3916.0000,1443.0000,0.0000,17.0000,29.0000,16.0000,11.0000
1.6580,0.4520,0.3420,0.2470,0.1390,0.0000,0.0000,0.8640,1.0000,0.0000,0.0000,0.0000,0.0000,0.0000,0.0000,68.7152,0.0000,3916.0000,1443.0000,0.0000,17.0000,30.0000,16.0000,11.0000
1.4910,0.4140,0.2710,0.2360,0.1000,0.0000,0.0000,0.8060,1.0000,0.0000,0.0000,0.0000,0.0000,0.0000,0.0000,68.7166,0.0000,3916.0000,1443.0000,0.0000,17.0000,32.0000,16.0000,11.0000
1.7970,0.4100,0.3140,0.2330,0.1090,0.0000,0.0000,1.0730,1.0000,0.0000,0.0000,0.0000,0.0000,0.0000,0.0000,68.7166,0.0000,3916.0000,1443.0000,0.0000,17.0000,32.0000,16.0000,11.0000
1.6650,0.4890,0.3330,0.3110,0.1650,0.0000,0.0000,0.8430,1.0000,0.0000,0.0000,0.0000,0.0000,0.0000,0.0000,68.7262,0.0000,3917.0000,1443.0000,0.0000,17.0000,31.0000,16.0000,11.0000
1.6200,0.4580,0.3130,0.2530,0.1400,0.0000,0.0000,0.8490,1.0000,0.0000,0.0000,0.0000,0.0000,0.0000,0.0000,68.7262,0.0000,3917.0000,1443.0000,0.0000,17.0000,31.0000,16.0000,11.0000
1.5730,0.4270,0.2970,0.2380,0.1020,0.0000,0.0000,0.8490,1.0000,0.0000,0.0000,0.0000,0.0000,0.0000,0.0000,68.7262,0.0000,3917.0000,1443.0000,0.0000,17.0000,31.0000,16.0000,11.0000
1.6520,0.4910,0.2840,0.3270,0.1000,0.0000,0.0000,0.8770,1.0000,0.0000,0.0000,0.0000,0.0000,0.0000,0.0000,68.7255,0.0000,3917.0000,1443.0000,0.0000,17.0000,30.0000,16.0000,11.0000
1.5060,0.4760,0.2790,0.2920,0.1000,0.0000,0.0000,0.7510,1.0000,0.0000,0.0000,0.0000,0.0000,0.0000,0.0000,68.7255,0.0000,3917.0000,1443.0000,0.0000,17.0000,30.0000,16.0000,11.0000
1.6600,0.4700,0.3320,0.2460,0.1330,0.0000,0.0000,0.8580,1.0000,0.0000,0.0000,0.0000,0.0000,0.0000,0.0000,68.7358,0.0000,3918.0000,1443.0000,0.0000,17.0000,30.0000,16.0000,11.0000
1.6610,0.4370,0.3080,0.2330,0.1390,0.0000,0.0000,0.9160,1.0000,0.0000,0.0000,0.0000,0.0000,0.0000,0.0000,68.7358,0.0000,3918.0000,1443.0000,0.0000,17.0000,30.0000,16.0000,11.0000
2.6860,0.4090,0.3090,0.2320,0.1380,0.0000,0.0000,1.9680,1.0000,0.0000,0.0000,0.0000,0.0000,0.0000,0.0000,68.7561,0.0000,3920.0000,1443.0000,0.0000,17.0000,30.0000,16.0000,11.0000
1.8110,0.5490,0.3130,0.3020,0.1010,0.0000,0.0000,0.9490,1.0000,0.0000,0.0000,0.0000,0.0000,0.0000,0.0000,68.3359,0.0000,3879.0000,1443.0000,0.0000,17.0000,30.0000,16.0000,11.0000
1.6290,0.4260,0.3050,0.2560,0.1310,0.0000,0.0000,0.8980,1.0000,0.0000,0.0000,0.0000,0.0000,0.0000,0.0000,68.3460,0.0000,3880.0000,1443.0000,0.0000,17.0000,30.0000,16.0000,11.0000
1.5100,0.4320,0.2630,0.2330,0.0990,0.0000,0.0000,0.8150,1.0000,0.0000,0.0000,0.0000,0.0000,0.0000,0.0000,68.3460,0.0000,3880.0000,1443.0000,0.0000,17.0000,30.0000,16.0000,11.0000
1.6120,0.4370,0.3310,0.2520,0.1730,0.0000,0.0000,0.8440,1.0000,0.0000,0.0000,0.0000,0.0000,0.0000,0.0000,68.3663,0.0000,3882.0000,1443.0000,0.0000,17.0000,30.0000,16.0000,11.0000
1.6430,0.4650,0.2960,0.2360,0.1320,0.0000,0.0000,0.8820,1.0000,0.0000,0.0000,0.0000,0.0000,0.0000,0.0000,68.3866,0.0000,3884.0000,1443.0000,0.0000,17.0000,30.0000,16.0000,10.0000
1.5120,0.5230,0.2820,0.2490,0.1160,0.0000,0.0000,0.7070,1.0000,0.0000,0.0000,0.0000,0.0000,0.0000,0.0000,68.3868,0.0000,3884.0000,1443.0000,0.0000,17.0000,30.0000,16.0000,10.0000
1.4520,0.3850,0.2550,0.2330,0.0980,0.0000,0.0000,0.8120,1.0000,0.0000,0.0000,0.0000,0.0000,0.0000,0.0000,68.3869,0.0000,3884.0000,1443.0000,0.0000,17.0000,30.0000,16.0000,10.0000
1.6450,0.3960,0.2730,0.2450,0.1110,0.0000,0.0000,0.9760,1.0000,0.0000,0.0000,0.0000,0.0000,0.0000,0.0000,68.3867,0.0000,3884.0000,1443.0000,0.0000,17.0000,29.0000,16.0000,11.0000
1.8230,0.5640,0.2960,0.3470,0.1360,0.0000,0.0000,0.9630,1.0000,0.0000,0.0000,0.0000,0.0000,0.0000,0.0000,68.3970,0.0000,3885.0000,1443.0000,0.0000,17.0000,29.0000,16.0000,11.0000
1.8230,0.5610,0.3340,0.3090,0.1300,0.0000,0.0000,0.9280,1.0000,0.0000,0.0000,0.0000,0.0000,0.0000,0.0000,68.3977,0.0000,3885.0000,1443.0000,0.0000,17.0000,30.0000,16.0000,11.0000
1.6400,0.5050,0.3190,0.2920,0.1440,0.0000,0.0000,0.8160,1.0000,0.0000,0.0000,0.0000,0.0000,0.0000,0.0000,68.4183,0.0000,3887.0000,1443.0000,0.0000,17.0000,30.0000,16.0000,11.0000
1.7590,0.5290,0.3390,0.2480,0.1440,0.0000,0.0000,0.8910,1.0000,0.0000,0.0000,0.0000,0.0000,0.0000,0.0000,68.4183,0.0000,3887.0000,1443.0000,0.0000,17.0000,30.0000,16.0000,11.0000
1.8670,0.4710,0.3480,0.3070,0.1560,0.0000,0.0000,1.0480,1.0000,0.0000,0.0000,0.0000,0.0000,0.0000,0.0000,68.4184,0.0000,3887.0000,1443.0000,0.0000,17.0000,30.0000,16.0000,11.0000
1.6260,0.4850,0.2830,0.2800,0.1010,0.0000,0.0000,0.8580,1.0000,0.0000,0.0000,0.0000,0.0000,0.0000,0.0000,68.4184,0.0000,3887.0000,1443.0000,0.0000,17.0000,30.0000,16.0000,11.0000
1.6790,0.4030,0.2970,0.2330,0.1030,0.0000,0.0000,0.9790,1.0000,0.0000,0.0000,0.0000,0.0000,0.0000,0.0000,68.4184,0.0000,3887.0000,1443.0000,0.0000,17.0000,30.0000,16.0000,11.0000
1.6180,0.4820,0.3060,0.2870,0.1030,0.0000,0.0000,0.8300,1.0000,0.0000,0.0000,0.0000,0.0000,0.0000,0.0000,68.4184,0.0000,3887.0000,1443.0000,0.0000,17.0000,30.0000,16.0000,11.0000
1.6060,0.4240,0.2960,0.2680,0.1320,0.0000,0.0000,0.8860,1.0000,0.0000,0.0000,0.0000,0.0000,0.0000,0.0000,68.4286,0.0000,3888.0000,1443.0000,0.0000,17.0000,30.0000,16.0000,11.0000
1.4270,0.4540,0.2700,0.2450,0.1000,0.0000,0.0000,0.7030,1.0000,0.0000,0.0000,0.0000,0.0000,0.0000,0.0000,68.4286,0.0000,3888.0000,1443.0000,0.0000,17.0000,30.0000,16.0000,11.0000
1.5640,0.3820,0.3520,0.2370,0.1040,0.0000,0.0000,0.8300,1.0000,0.0000,0.0000,0.0000,0.0000,0.0000,0.0000,68.4287,0.0000,3888.0000,1443.0000,0.0000,17.0000,30.0000,16.0000,11.0000
1.4920,0.4050,0.2670,0.2390,0.1100,0.0000,0.0000,0.8200,1.0000,0.0000,0.0000,0.0000,0.0000,0.0000,0.0000,68.4287,0.0000,3888.0000,1443.0000,0.0000,17.0000,30.0000,16.0000,11.0000
1.6100,0.4840,0.2880,0.2830,0.1300,0.0000,0.0000,0.8380,1.0000,0.0000,0.0000,0.0000,0.0000,0.0000,0.0000,68.4389,0.0000,3889.0000,1443.0000,0.0000,17.0000,30.0000,16.0000,10.0000
1.5110,0.4700,0.2730,0.2630,0.1020,0.0000,0.0000,0.7680,1.0000,0.0000,0.0000,0.0000,0.0000,0.0000,0.0000,68.4389,0.0000,3889.0000,1443.0000,0.0000,17.0000,30.0000,16.0000,10.0000
1.6000,0.4540,0.3530,0.3060,0.1630,0.0000,0.0000,0.7930,1.0000,0.0000,0.0000,0.0000,0.0000,0.0000,0.0000,68.4493,0.0000,3890.0000,1443.0000,0.0000,17.0000,30.0000,16.0000,10.0000
1.4880,0.4280,0.2570,0.2340,0.0990,0.0000,0.0000,0.8030,1.0000,0.0000,0.0000,0.0000,0.0000,0.0000,0.0000,68.4489,0.0000,3891.0000,1443.0000,0.0000,17.0000,29.0000,16.0000,10.0000
1.8660,0.4340,0.3550,0.2920,0.1710,0.0000,0.0000,1.0770,1.0000,0.0000,0.0000,0.0000,0.0000,0.0000,0.0000,68.4520,0.0000,3892.0000,1443.0000,0.0000,17.0000,29.0000,16.0000,9.0000
1.8160,0.5860,0.3050,0.4230,0.1080,0.0000,0.0000,0.9250,1.0000,0.0000,0.0000,0.0000,0.0000,0.0000,0.0000,68.4509,0.0000,3892.0000,1443.0000,0.0000,17.0000,29.0000,16.0000,9.0000
2.2600,0.5190,0.7160,0.3500,0.5240,0.0000,0.0000,1.0250,1.0000,0.0000,0.0000,0.0000,0.0000,0.0000,0.0000,68.4949,0.0000,3900.0000,1443.0000,0.0000,17.0000,31.0000,16.0000,9.0000
1.6920,0.6640,0.3370,0.3110,0.1590,0.0000,0.0000,0.6910,1.0000,0.0000,0.0000,0.0000,0.0000,0.0000,0.0000,68.4956,0.0000,3900.0000,1443.0000,0.0000,17.0000,32.0000,16.0000,9.0000
1.6870,0.4520,0.2820,0.2870,0.1040,0.0000,0.0000,0.9530,1.0000,0.0000,0.0000,0.0000,0.0000,0.0000,0.0000,68.4957,0.0000,3900.0000,1443.0000,0.0000,17.0000,32.0000,16.0000,9.0000
1.6980,0.4280,0.3280,0.2310,0.1360,0.0000,0.0000,0.9420,1.0000,0.0000,0.0000,0.0000,0.0000,0.0000,0.0000,68.5054,0.0000,3901.0000,1443.0000,0.0000,17.0000,31.0000,16.0000,9.0000
1.5990,0.4980,0.3000,0.2900,0.1350,0.0000,0.0000,0.8010,1.0000,0.0000,0.0000,0.0000,0.0000,0.0000,0.0000,68.5055,0.0000,3901.0000,1443.0000,0.0000,17.0000,31.0000,16.0000,9.0000
2.1380,0.4010,0.3600,0.2400,0.1960,0.0000,0.0000,1.3770,1.0000,0.0000,0.0000,0.0000,0.0000,0.0000,0.0000,68.5360,0.0000,3904.0000,1443.0000,0.0000,17.0000,31.0000,16.0000,9.0000
1.7180,0.5650,0.2940,0.2430,0.1030,0.0000,0.0000,0.8590,1.0000,0.0000,0.0000,0.0000,0.0000,0.0000,0.0000,68.5360,0.0000,3904.0000,1443.0000,0.0000,17.0000,31.0000,16.0000,9.0000
1.7440,0.4290,0.3000,0.2420,0.1340,0.0000,0.0000,1.0150,1.0000,0.0000,0.0000,0.0000,0.0000,0.0000,0.0000,68.5457,0.0000,3905.0000,1443.0000,0.0000,17.0000,30.0000,16.0000,9.0000
1.5500,0.4810,0.2820,0.2460,0.1150,0.0000,0.0000,0.7870,1.0000,0.0000,0.0000,0.0000,0.0000,0.0000,0.0000,68.5464,0.0000,3905.0000,1443.0000,0.0000,17.0000,31.0000,16.0000,9.0000
1.5720,0.3800,0.2590,0.2240,0.0990,0.0000,0.0000,0.9330,1.0000,0.0000,0.0000,0.0000,0.0000,0.0000,0.0000,68.5458,0.0000,3905.0000,1443.0000,0.0000,17.0000,30.0000,16.0000,9.0000
1.6830,0.3840,0.3080,0.2100,0.1290,0.0000,0.0000,0.9910,1.0000,0.0000,0.0000,0.0000,0.0000,0.0000,0.0000,68.5560,0.0000,3906.0000,1443.0000,0.0000,17.0000,30.0000,16.0000,9.0000
1.7210,0.4950,0.3200,0.2850,0.1440,0.0000,0.0000,0.9060,1.0000,0.0000,0.0000,0.0000,0.0000,0.0000,0.0000,68.5559,0.0000,3906.0000,1443.0000,0.0000,17.0000,30.0000,16.0000,10.0000
1.9250,0.4470,0.3110,0.2810,0.1420,0.0000,0.0000,1.1670,1.0000,0.0000,0.0000,0.0000,0.0000,0.0000,0.0000,68.5581,0.0000,3906.0000,1443.0000,0.0000,17.0000,33.0000,16.0000,10.0000
1.6530,0.4950,0.2850,0.2300,0.1010,0.0000,0.0000,0.8730,1.0000,0.0000,0.0000,0.0000,0.0000,0.0000,0.0000,68.5574,0.0000,3906.0000,1443.0000,0.0000,17.0000,32.0000,16.0000,10.0000
1.6330,0.4010,0.2790,0.2270,0.1020,0.0000,0.0000,0.9530,1.0000,0.0000,0.0000,0.0000,0.0000,0.0000,0.0000,68.5560,0.0000,3906.0000,1443.0000,0.0000,17.0000,30.0000,16.0000,9.0000
1.5080,0.4770,0.3070,0.2610,0.1360,0.0000,0.0000,0.7240,1.0000,0.0000,0.0000,0.0000,0.0000,0.0000,0.0000,68.5560,0.0000,3906.0000,1443.0000,0.0000,17.0000,30.0000,16.0000,8.0000
1.5490,0.3900,0.2730,0.2140,0.1040,0.0000,0.0000,0.8860,1.0000,0.0000,0.0000,0.0000,0.0000,0.0000,0.0000,68.5560,0.0000,3906.0000,1443.0000,0.0000,17.0000,30.0000,16.0000,8.0000
1.5580,0.4590,0.2990,0.3020,0.1360,0.0000,0.0000,0.8000,1.0000,0.0000,0.0000,0.0000,0.0000,0.0000,0.0000,68.5560,0.0000,3906.0000,1443.0000,0.0000,17.0000,30.0000,16.0000,8.0000
1.5540,0.3770,0.2950,0.2090,0.1340,0.0000,0.0000,0.8820,1.0000,0.0000,0.0000,0.0000,0.0000,0.0000,0.0000,68.5663,0.0000,3907.0000,1443.0000,0.0000,17.0000,30.0000,16.0000,8.0000
1.7090,0.4610,0.3210,0.2220,0.1330,0.0000,0.0000,0.9270,1.0000,0.0000,0.0000,0.0000,0.0000,0.0000,0.0000,68.5773,0.0000,3908.0000,1443.0000,0.0000,17.0000,31.0000,16.0000,8.0000
1.5220,0.5690,0.2670,0.3210,0.1000,0.0000,0.0000,0.6860,1.0000,0.0000,0.0000,0.0000,0.0000,0.0000,0.0000,68.5773,0.0000,3908.0000,1443.0000,0.0000,17.0000,31.0000,16.0000,8.0000
1.7330,0.3830,0.2700,0.2100,0.0980,0.0000,0.0000,1.0800,1.0000,0.0000,0.0000,0.0000,0.0000,0.0000,0.0000,68.5751,0.0000,3904.0000,1443.0000,0.0000,17.0000,31.0000,16.0000,9.0000
1.6710,0.4130,0.3340,0.2460,0.1410,0.0000,0.0000,0.9240,1.0000,0.0000,0.0000,0.0000,0.0000,0.0000,0.0000,68.5854,0.0000,3905.0000,1443.0000,0.0000,17.0000,31.0000,16.0000,9.0000
1.9510,0.4440,0.3000,0.2440,0.1400,0.0000,0.0000,1.2070,1.0000,0.0000,0.0000,0.0000,0.0000,0.0000,0.0000,68.5957,0.0000,3906.0000,1443.0000,0.0000,17.0000,31.0000,16.0000,9.0000
1.6730,0.5530,0.3290,0.2760,0.1470,0.0000,0.0000,0.7910,1.0000,0.0000,0.0000,0.0000,0.0000,0.0000,0.0000,68.5957,0.0000,3906.0000,1443.0000,0.0000,17.0000,31.0000,16.0000,9.0000
1.5510,0.4020,0.2920,0.2090,0.1050,0.0000,0.0000,0.8570,1.0000,0.0000,0.0000,0.0000,0.0000,0.0000,0.0000,68.5958,0.0000,3906.0000,1443.0000,0.0000,17.0000,31.0000,16.0000,9.0000
1.6880,0.4360,0.3500,0.2770,0.1840,0.0000,0.0000,0.9020,1.0000,0.0000,0.0000,0.0000,0.0000,0.0000,0.0000,68.6170,0.0000,3908.0000,1443.0000,0.0000,17.0000,32.0000,16.0000,9.0000
1.5190,0.5090,0.2780,0.2710,0.1030,0.0000,0.0000,0.7320,1.0000,0.0000,0.0000,0.0000,0.0000,0.0000,0.0000,68.6170,0.0000,3908.0000,1443.0000,0.0000,17.0000,32.0000,16.0000,9.0000
1.5830,0.4270,0.2880,0.2240,0.1020,0.0000,0.0000,0.8680,1.0000,0.0000,0.0000,0.0000,0.0000,0.0000,0.0000,68.6159,0.0000,3907.0000,1443.0000,0.0000,17.0000,32.0000,16.0000,9.0000
3.6000,0.3860,0.3050,0.2250,0.1440,0.0000,0.0000,2.9090,1.0000,0.0000,0.0000,0.0000,0.0000,0.0000,0.0000,68.6159,0.0000,3907.0000,1443.0000,0.0000,17.0000,32.0000,16.0000,9.0000
1.5680,0.3890,0.2830,0.2120,0.1010,0.0000,0.0000,0.8960,1.0000,0.0000,0.0000,0.0000,0.0000,0.0000,0.0000,68.3045,0.0000,3877.0000,1443.0000,0.0000,17.0000,31.0000,16.0000,9.0000
1.4170,0.4800,0.2650,0.2540,0.0980,0.0000,0.0000,0.6720,1.0000,0.0000,0.0000,0.0000,0.0000,0.0000,0.0000,68.3043,0.0000,3877.0000,1443.0000,0.0000,17.0000,31.0000,16.0000,9.0000
1.3870,0.3690,0.2620,0.2090,0.1090,0.0000,0.0000,0.7560,1.0000,0.0000,0.0000,0.0000,0.0000,0.0000,0.0000,68.3043,0.0000,3877.0000,1443.0000,0.0000,17.0000,31.0000,16.0000,9.0000
1.7640,0.3500,0.3230,0.2060,0.1680,0.0000,0.0000,1.0910,1.0000,0.0000,0.0000,0.0000,0.0000,0.0000,0.0000,68.3145,0.0000,3878.0000,1443.0000,0.0000,17.0000,31.0000,16.0000,9.0000
1.5710,0.4570,0.2890,0.2140,0.1050,0.0000,0.0000,0.8250,1.0000,0.0000,0.0000,0.0000,0.0000,0.0000,0.0000,68.3145,0.0000,3878.0000,1443.0000,0.0000,17.0000,31.0000,16.0000,9.0000
1.6820,0.5300,0.3620,0.2310,0.2030,0.0000,0.0000,0.7900,1.0000,0.0000,0.0000,0.0000,0.0000,0.0000,0.0000,68.3146,0.0000,3878.0000,1443.0000,0.0000,17.0000,31.0000,16.0000,9.0000
1.5350,0.4320,0.2960,0.2780,0.1360,0.0000,0.0000,0.8070,1.0000,0.0000,0.0000,0.0000,0.0000,0.0000,0.0000,68.3344,0.0000,3880.0000,1443.0000,0.0000,17.0000,31.0000,16.0000,9.0000
3.5630,0.4500,0.2750,0.2110,0.1100,0.0000,0.0000,2.8380,1.0000,0.0000,0.0000,0.0000,0.0000,0.0000,0.0000,68.3344,0.0000,3880.0000,1443.0000,0.0000,17.0000,31.0000,16.0000,9.0000
1.6430,0.3650,0.3070,0.2170,0.1180,0.0000,0.0000,0.9710,1.0000,0.0000,0.0000,0.0000,0.0000,0.0000,0.0000,68.3345,0.0000,3880.0000,1443.0000,0.0000,17.0000,31.0000,16.0000,9.0000
1.5140,0.3900,0.2840,0.2260,0.1020,0.0000,0.0000,0.8400,1.0000,0.0000,0.0000,0.0000,0.0000,0.0000,0.0000,68.3338,0.0000,3880.0000,1443.0000,0.0000,17.0000,30.0000,16.0000,9.0000
1.5820,0.4240,0.3100,0.2280,0.1460,0.0000,0.0000,0.8480,1.0000,0.0000,0.0000,0.0000,0.0000,0.0000,0.0000,68.3339,0.0000,3880.0000,1443.0000,0.0000,17.0000,30.0000,16.0000,9.0000
1.7700,0.4370,0.3120,0.2780,0.1320,0.0000,0.0000,1.0210,1.0000,0.0000,0.0000,0.0000,0.0000,0.0000,0.0000,68.3437,0.0000,3881.0000,1443.0000,0.0000,17.0000,30.0000,16.0000,9.0000
1.6030,0.4910,0.3250,0.2410,0.1300,0.0000,0.0000,0.7870,1.0000,4.6450,193.1430,1.7060,0.0000,0.0000,0.0000,68.3540,0.0000,3882.0000,1443.0000,0.0000,17.0000,30.0000,16.0000,9.0000
1.6200,0.4890,0.3930,0.2870,0.1300,0.0000,0.0000,0.7380,1.0000,4.6450,193.1430,1.7060,0.0000,0.0000,0.0000,68.3541,0.0000,3882.0000,1443.0000,0.0000,17.0000,30.0000,16.0000,9.0000
1.7940,0.3910,0.2790,0.2260,0.1120,0.0000,0.0000,1.1240,1.0000,4.6450,193.1430,1.7060,0.0000,0.0000,0.0000,68.3541,0.0000,3882.0000,1443.0000,0.0000,17.0000,30.0000,16.0000,9.0000
1.5680,0.4420,0.3160,0.2500,0.1150,0.0000,0.0000,0.8100,1.0000,4.6450,193.1430,1.7060,0.0000,0.0000,0.0000,68.3541,0.0000,3882.0000,1443.0000,0.0000,17.0000,30.0000,16.0000,9.0000
1.5130,0.4530,0.2540,0.2920,0.0950,0.0000,0.0000,0.8060,1.0000,4.6450,193.1430,1.7060,0.0000,0.0000,0.0000,68.3541,0.0000,3882.0000,1443.0000,0.0000,17.0000,30.0000,16.0000,10.0000
1.4790,0.3700,0.2820,0.2110,0.0990,0.0000,0.0000,0.8270,1.0000,4.6450,193.1430,1.7060,0.0000,0.0000,0.0000,68.3541,0.0000,3882.0000,1443.0000,0.0000,17.0000,30.0000,16.0000,10.0000
1.5390,0.4420,0.3020,0.2860,0.1310,0.0000,0.0000,0.7950,1.0000,4.6450,193.1430,1.7060,0.0000,0.0000,0.0000,68.3644,0.0000,3883.0000,1443.0000,0.0000,17.0000,30.0000,16.0000,10.0000
1.6420,0.3970,0.3110,0.2080,0.1370,0.0000,0.0000,0.9340,1.0000,4.6450,193.1430,1.7060,0.0000,0.0000,0.0000,68.3854,0.0000,3885.0000,1443.0000,0.0000,17.0000,31.0000,16.0000,10.0000
1.3740,0.5140,0.2800,0.2280,0.1000,0.0000,0.0000,0.5800,1.0000,4.6450,193.1430,1.7060,0.0000,0.0000,0.0000,68.3855,0.0000,3885.0000,1443.0000,0.0000,17.0000,31.0000,16.0000,9.0000
1.4290,0.3530,0.2670,0.2080,0.1000,0.0000,0.0000,0.8090,1.0000,4.6450,193.1430,1.7060,0.0000,0.0000,0.0000,68.3849,0.0000,3885.0000,1443.0000,0.0000,17.0000,30.0000,16.0000,9.0000
1.5580,0.4450,0.3860,0.2980,0.1890,0.0000,0.0000,0.7270,1.0000,4.6450,193.1430,1.7060,0.0000,0.0000,0.0000,68.3952,0.0000,3886.0000,1443.0000,0.0000,17.0000,30.0000,16.0000,9.0000
1.5650,0.3970,0.2670,0.2070,0.0970,0.0000,0.0000,0.9010,1.0000,4.6450,193.1430,1.7060,0.0000,0.0000,0.0000,68.3952,0.0000,3886.0000,1443.0000,0.0000,17.0000,30.0000,16.0000,9.0000
1.6050,0.4120,0.3220,0.2670,0.1670,0.0000,0.0000,0.8710,1.0000,4.6450,193.1430,1.7060,0.0000,0.0000,0.0000,68.4059,0.0000,3887.0000,1443.0000,0.0000,17.0000,30.0000,16.0000,9.0000
1.5390,0.4760,0.2710,0.2720,0.1120,0.0000,0.0000,0.7920,1.0000,4.6450,193.1430,1.7060,0.0000,0.0000,0.0000,68.4052,0.0000,3887.0000,1443.0000,0.0000,17.0000,29.0000,16.0000,9.0000
1.4040,0.4250,0.2750,0.2340,0.0990,0.0000,0.0000,0.7040,1.0000,4.6450,193.1430,1.7060,0.0000,0.0000,0.0000,68.4053,0.0000,3887.0000,1443.0000,0.0000,17.0000,29.0000,16.0000,9.0000
1.6650,0.3510,0.2890,0.2050,0.1350,0.0000,0.0000,1.0250,1.0000,4.6450,193.1430,1.7060,0.0000,0.0000,0.0000,68.4255,0.0000,3889.0000,1443.0000,0.0000,17.0000,29.0000,16.0000,9.0000
1.4890,0.4900,0.2840,0.2280,0.1130,0.0000,0.0000,0.7150,1.0000,4.6450,193.1430,1.7060,0.0000,0.0000,0.0000,68.4255,0.0000,3889.0000,1443.0000,0.0000,17.0000,29.0000,16.0000,8.0000
1.4680,0.3660,0.2620,0.2210,0.1050,0.0000,0.0000,0.8400,1.0000,4.6450,193.1430,1.7060,0.0000,0.0000,0.0000,68.4250,0.0000,3889.0000,1443.0000,0.0000,17.0000,28.0000,16.0000,9.0000
1.6280,0.4290,0.3320,0.2750,0.1460,0.0000,0.0000,0.8670,1.0000,4.6450,193.1430,1.7060,0.0000,0.0000,0.0000,68.4361,0.0000,3890.0000,1443.0000,0.0000,17.0000,29.0000,16.0000,9.0000
1.4650,0.3970,0.2530,0.2080,0.0970,0.0000,0.0000,0.8150,1.0000,4.6450,193.1430,1.7060,0.0000,0.0000,0.0000,68.4361,0.0000,3890.0000,1443.0000,0.0000,17.0000,29.0000,16.0000,9.0000
4.5940,0.3740,0.3130,0.2100,0.1580,0.0000,0.0000,3.9070,1.0000,4.6450,193.1430,1.7060,0.0000,0.0000,0.0000,68.4464,0.0000,3891.0000,1443.0000,0.0000,17.0000,29.0000,16.0000,9.0000
1.7310,0.4920,0.3270,0.2510,0.1060,0.0000,0.0000,0.9120,1.0000,4.6450,193.1430,1.7060,0.0000,0.0000,0.0000,68.4464,0.0000,3891.0000,1443.0000,0.0000,17.0000,29.0000,16.0000,9.0000
1.4740,0.3880,0.2690,0.2280,0.1020,0.0000,0.0000,0.8170,1.0000,4.6450,193.1430,1.7060,0.0000,0.0000,0.0000,68.4465,0.0000,3891.0000,1443.0000,0.0000,17.0000,29.0000,16.0000,9.0000
1.5180,0.4240,0.3020,0.2260,0.1160,0.0000,0.0000,0.7920,1.0000,4.6450,193.1430,1.7060,0.0000,0.0000,0.0000,68.4465,0.0000,3891.0000,1443.0000,0.0000,17.0000,29.0000,16.0000,9.0000
1.5600,0.4240,0.3100,0.2730,0.1490,0.0000,0.0000,0.8260,1.0000,4.6450,193.1430,1.7060,0.0000,0.0000,0.0000,68.4587,0.0000,3892.0000,1443.0000,0.0000,17.0000,29.0000,16.0000,9.0000
1.5810,0.4790,0.4070,0.2300,0.1270,0.0000,0.0000,0.6950,1.0000,4.6450,193.1430,1.7060,0.0000,0.0000,0.0000,68.4587,0.0000,3892.0000,1443.0000,0.0000,17.0000,29.0000,16.0000,9.0000
1.4610,0.3660,0.2990,0.2110,0.1420,0.0000,0.0000,0.7960,1.0000,4.6450,193.1430,1.7060,0.0000,0.0000,0.0000,68.4581,0.0000,3892.0000,1443.0000,0.0000,17.0000,28.0000,16.0000,9.0000
1.4000,0.3790,0.2940,0.2120,0.1080,0.0000,0.0000,0.7270,1.0000,4.6450,193.1430,1.7060,0.0000,0.0000,0.0000,68.4588,0.0000,3892.0000,1443.0000,0.0000,17.0000,29.0000,16.0000,9.0000
1.3920,0.3580,0.2530,0.2060,0.0980,0.0000,0.0000,0.7810,1.0000,4.6450,193.1430,1.7060,0.0000,0.0000,0.0000,68.4581,0.0000,3892.0000,1443.0000,0.0000,17.0000,28.0000,16.0000,9.0000
2.1990,0.4230,1.0010,0.2320,0.1310,0.0000,0.0000,0.7750,1.0000,4.6450,193.1430,1.7060,0.0000,0.0000,0.0000,68.4581,0.0000,3892.0000,1443.0000,0.0000,17.0000,28.0000,16.0000,9.0000
1.7200,0.3580,0.3460,0.2010,0.1430,0.0000,0.0000,1.0160,1.0000,4.6450,193.1430,1.7060,0.0000,0.0000,0.0000,68.4988,0.0000,3896.0000,1443.0000,0.0000,17.0000,28.0000,16.0000,9.0000
1.6080,0.5600,0.4340,0.2890,0.1290,0.0000,0.0000,0.6140,1.0000,4.6450,193.1430,1.7060,0.0000,0.0000,0.0000,68.4995,0.0000,3896.0000,1443.0000,0.0000,17.0000,29.0000,16.0000,9.0000
1.3990,0.4370,0.2590,0.1890,0.0900,0.0000,0.0000,0.7030,1.0000,4.6450,193.1430,1.7060,0.0000,0.0000,0.0000,68.4997,0.0000,3896.0000,1443.0000,0.0000,17.0000,29.0000,16.0000,9.0000
1.4070,0.3610,0.2350,0.2200,0.0860,0.0000,0.0000,0.8110,1.0000,4.6450,193.1430,1.7060,0.0000,0.0000,0.0000,68.5004,0.0000,3896.0000,1443.0000,0.0000,17.0000,30.0000,16.0000,9.0000
1.5530,0.3440,0.2460,0.1930,0.0860,0.0000,0.0000,0.9630,1.0000,4.6450,193.1430,1.7060,0.0000,0.0000,0.0000,68.5003,0.0000,3896.0000,1443.0000,0.0000,17.0000,30.0000,16.0000,10.0000
1.4810,0.3630,0.3010,0.2270,0.1240,0.0000,0.0000,0.8170,1.0000,4.6450,193.1430,1.7060,0.0000,0.0000,0.0000,68.5106,0.0000,3897.0000,1443.0000,0.0000,17.0000,30.0000,16.0000,10.0000
1.3000,0.3760,0.2350,0.1850,0.0870,0.0000,0.0000,0.6890,1.0000,4.6450,193.1430,1.7060,0.0000,0.0000,0.0000,68.5106,0.0000,3897.0000,1443.0000,0.0000,17.0000,30.0000,16.0000,10.0000
1.2410,0.3740,0.2420,0.1860,0.0850,0.0000,0.0000,0.6250,1.0000,4.6450,193.1430,1.7060,0.0000,0.0000,0.0000,68.5106,0.0000,3897.0000,1443.0000,0.0000,17.0000,30.0000,16.0000,10.0000
1.2550,0.3630,0.2240,0.1850,0.0850,0.0000,0.0000,0.6680,1.0000,4.6450,193.1430,1.7060,0.0000,0.0000,0.0000,68.5106,0.0000,3897.0000,1443.0000,0.0000,17.0000,30.0000,16.0000,10.0000
1.4490,0.3250,0.2790,0.1910,0.1140,0.0000,0.0000,0.8450,1.0000,4.6450,193.1430,1.7060,0.0000,0.0000,0.0000,68.5209,0.0000,3898.0000,1443.0000,0.0000,17.0000,30.0000,16.0000,10.0000
1.2790,0.4080,0.2420,0.2380,0.0870,0.0000,0.0000,0.6290,1.0000,4.6450,193.1430,1.7060,0.0000,0.0000,0.0000,68.5209,0.0000,3898.0000,1443.0000,0.0000,17.0000,30.0000,16.0000,10.0000
1.3590,0.3590,0.2540,0.2220,0.1120,0.0000,0.0000,0.7460,1.0000,4.6450,193.1430,1.7060,0.0000,0.0000,0.0000,68.5319,0.0000,3899.0000,1443.0000,0.0000,17.0000,31.0000,16.0000,10.0000
1.6600,0.3780,0.4270,0.2080,0.1420,0.0000,0.0000,0.8550,1.0000,4.6450,193.1430,1.7060,0.0000,0.0000,0.0000,68.5415,0.0000,3900.0000,1443.0000,0.0000,17.0000,30.0000,16.0000,10.0000
1.4370,0.4270,0.2730,0.2470,0.1190,0.0000,0.0000,0.7370,1.0000,4.6450,193.1430,1.7060,0.0000,0.0000,0.0000,68.5518,0.0000,3901.0000,1443.0000,0.0000,17.0000,30.0000,16.0000,10.0000
1.2410,0.3930,0.2370,0.2010,0.0870,0.0000,0.0000,0.6110,1.0000,4.6450,193.1430,1.7060,0.0000,0.0000,0.0000,68.5511,0.0000,3901.0000,1443.0000,0.0000,17.0000,29.0000,16.0000,10.0000
1.2850,0.3130,0.2390,0.1770,0.0850,0.0000,0.0000,0.7330,1.0000,4.6450,193.1430,1.7060,0.0000,0.0000,0.0000,68.5512,0.0000,3901.0000,1443.0000,0.0000,17.0000,29.0000,16.0000,10.0000
1.2310,0.3880,0.2290,0.1880,0.0850,0.0000,0.0000,0.6140,1.0000,4.6450,193.1430,1.7060,0.0000,0.0000,0.0000,68.5520,0.0000,3901.0000,1443.0000,0.0000,17.0000,31.0000,16.0000,10.0000
1.9960,0.3410,0.8260,0.1960,0.1010,0.0000,0.0000,0.8290,1.0000,4.6450,193.1430,1.7060,0.0000,0.0000,0.0000,68.2517,0.0000,3872.0000,1443.0000,0.0000,17.0000,31.0000,16.0000,10.0000
1.3950,0.3750,0.3070,0.1790,0.1200,0.0000,0.0000,0.7130,1.0000,4.6450,193.1430,1.7060,0.0000,0.0000,0.0000,68.2619,0.0000,3873.0000,1443.0000,0.0000,17.0000,31.0000,16.0000,10.0000
1.3600,0.3610,0.2660,0.1820,0.1250,0.0000,0.0000,0.7330,1.0000,4.6450,193.1430,1.7060,0.0000,0.0000,0.0000,68.2721,0.0000,3874.0000,1443.0000,0.0000,17.0000,31.0000,16.0000,10.0000
1.2570,0.3910,0.2460,0.2360,0.0880,0.0000,0.0000,0.6200,1.0000,4.6450,193.1430,1.7060,0.0000,0.0000,0.0000,68.2722,0.0000,3874.0000,1443.0000,0.0000,17.0000,31.0000,16.0000,10.0000
1.4330,0.3120,0.2960,0.1830,0.1170,0.0000,0.0000,0.8250,1.0000,4.6450,193.1430,1.7060,0.0000,0.0000,0.0000,68.2722,0.0000,3874.0000,1443.0000,0.0000,17.0000,31.0000,16.0000,10.0000
1.2820,0.3270,0.2530,0.1860,0.0880,0.0000,0.0000,0.7020,1.0000,4.6450,193.1430,1.7060,0.0000,0.0000,0.0000,68.2736,0.0000,3874.0000,1443.0000,0.0000,17.0000,33.0000,16.0000,10.0000
1.4370,0.3690,0.2850,0.2420,0.1460,0.0000,0.0000,0.7830,1.0000,4.6450,193.1430,1.7060,0.0000,0.0000,0.0000,68.2832,0.0000,3875.0000,1443.0000,0.0000,17.0000,32.0000,16.0000,10.0000
1.6630,0.3680,0.2950,0.1950,0.1210,0.0000,0.0000,1.0000,1.0000,4.6450,193.1430,1.7060,0.0000,0.0000,0.0000,68.2935,0.0000,3876.0000,1443.0000,0.0000,17.0000,32.0000,16.0000,10.0000
1.5190,0.4190,0.2860,0.2450,0.1260,0.0000,0.0000,0.8140,1.0000,4.6450,193.1430,1.7060,0.0000,0.0000,0.0000,68.3138,0.0000,3878.0000,1443.0000,0.0000,17.0000,32.0000,16.0000,9.0000
1.3920,0.3960,0.2480,0.1850,0.1010,0.0000,0.0000,0.7480,1.0000,4.6450,193.1430,1.7060,0.0000,0.0000,0.0000,68.3133,0.0000,3878.0000,1443.0000,0.0000,17.0000,31.0000,16.0000,9.0000
1.2440,0.4110,0.2300,0.2350,0.0880,0.0000,0.0000,0.6030,1.0000,4.6450,193.1430,1.7060,0.0000,0.0000,0.0000,68.3141,0.0000,3878.0000,1443.0000,0.0000,17.0000,32.0000,16.0000,9.0000
1.2550,0.3100,0.2590,0.1810,0.1160,0.0000,0.0000,0.6860,1.0000,4.6450,193.1430,1.7060,0.0000,0.0000,0.0000,68.3148,0.0000,3878.0000,1443.0000,0.0000,17.0000,33.0000,16.0000,9.0000
1.3520,0.3150,0.2270,0.1780,0.0860,0.0000,0.0000,0.8100,1.0000,4.6450,193.1430,1.7060,0.0000,0.0000,0.0000,68.3148,0.0000,3878.0000,1443.0000,0.0000,17.0000,33.0000,16.0000,9.0000
1.3330,0.4090,0.2540,0.2870,0.0880,0.0000,0.0000,0.6700,1.0000,4.6450,193.1430,1.7060,0.0000,0.0000,0.0000,68.3141,0.0000,3878.0000,1443.0000,0.0000,17.0000,32.0000,16.0000,9.0000
1.3480,0.3800,0.2680,0.1880,0.1230,0.0000,0.0000,0.7000,1.0000,4.6450,193.1430,1.7060,0.0000,0.0000,0.0000,68.3141,0.0000,3878.0000,1443.0000,0.0000,17.0000,32.0000,16.0000,9.0000
1.4740,0.3190,0.2280,0.1920,0.0840,0.0000,0.0000,0.9270,1.0000,4.6450,193.1430,1.7060,0.0000,0.0000,0.0000,68.3148,0.0000,3878.0000,1443.0000,0.0000,17.0000,33.0000,16.0000,9.0000
1.7370,0.4720,0.2490,0.2270,0.0880,0.0000,0.0000,1.0160,1.0000,4.6450,193.1430,1.7060,0.0000,0.0000,0.0000,68.3148,0.0000,3878.0000,1443.0000,0.0000,17.0000,33.0000,16.0000,9.0000
1.5350,0.3300,0.3260,0.1950,0.1350,0.0000,0.0000,0.8790,1.0000,4.6450,193.1430,1.7060,0.0000,0.0000,0.0000,68.3448,0.0000,3881.0000,1443.0000,0.0000,17.0000,33.0000,16.0000,9.0000
1.6760,0.4570,0.5790,0.1860,0.1180,0.0000,0.0000,0.6400,1.0000,4.6450,193.1430,1.7060,0.0000,0.0000,0.0000,68.3441,0.0000,3881.0000,1443.0000,0.0000,17.0000,32.0000,16.0000,9.0000
1.4490,0.4060,0.2860,0.2510,0.1310,0.0000,0.0000,0.7570,1.0000,4.6450,193.1430,1.7060,0.0000,0.0000,0.0000,68.3747,0.0000,3884.0000,1443.0000,0.0000,17.0000,32.0000,16.0000,9.0000
1.3920,0.4650,0.2370,0.1940,0.0870,0.0000,0.0000,0.6900,1.0000,4.6450,193.1430,1.7060,0.0000,0.0000,0.0000,68.3740,0.0000,3884.0000,1443.0000,0.0000,17.0000,31.0000,16.0000,9.0000
1.7490,0.4030,0.2710,0.2760,0.0910,0.0000,0.0000,1.0750,1.0000,4.6450,193.1430,1.7060,0.0000,0.0000,0.0000,68.3742,0.0000,3884.0000,1443.0000,0.0000,17.0000,31.0000,16.0000,7.0000
2.0030,0.6960,0.2640,0.5070,0.0960,0.0000,0.0000,1.0430,1.0000,4.6450,193.1430,1.7060,0.0000,0.0000,0.0000,68.3742,0.0000,3884.0000,1443.0000,0.0000,17.0000,31.0000,16.0000,7.0000
1.3150,0.5700,0.2440,0.1940,0.0870,0.0000,0.0000,0.5010,1.0000,4.6450,193.1430,1.7060,0.0000,0.0000,0.0000,68.3742,0.0000,3884.0000,1443.0000,0.0000,17.0000,31.0000,16.0000,6.0000
1.4320,0.3070,0.3570,0.1790,0.1000,0.0000,0.0000,0.7680,1.0000,4.6450,193.1430,1.7060,0.0000,0.0000,0.0000,68.3742,0.0000,3884.0000,1443.0000,0.0000,17.0000,31.0000,16.0000,6.0000
1.3060,0.3320,0.2790,0.1920,0.0940,0.0000,0.0000,0.6950,1.0000,4.6450,193.1430,1.7060,0.0000,0.0000,0.0000,68.3742,0.0000,3884.0000,1443.0000,0.0000,17.0000,31.0000,16.0000,6.0000
1.2860,0.3650,0.2450,0.2270,0.1000,0.0000,0.0000,0.6760,1.0000,4.6450,193.1430,1.7060,0.0000,0.0000,0.0000,68.3742,0.0000,3884.0000,1443.0000,0.0000,17.0000,31.0000,16.0000,6.0000
1.2260,0.3050,0.2300,0.1790,0.0880,0.0000,0.0000,0.6910,1.0000,4.6450,193.1430,1.7060,0.0000,0.0000,0.0000,68.3742,0.0000,3884.0000,1443.0000,0.0000,17.0000,31.0000,16.0000,6.0000
1.3190,0.3430,0.3140,0.1790,0.1620,0.0000,0.0000,0.6620,1.0000,4.6450,193.1430,1.7060,0.0000,0.0000,0.0000,68.3742,0.0000,3884.0000,1443.0000,0.0000,17.0000,31.0000,16.0000,6.0000
1.3810,0.3270,0.2710,0.1940,0.1190,0.0000,0.0000,0.7830,1.0000,4.6450,193.1430,1.7060,0.0000,0.0000,0.0000,68.3843,0.0000,3885.0000,1443.0000,0.0000,17.0000,31.0000,16.0000,7.0000
1.6000,0.3770,0.2620,0.2170,0.0940,0.0000,0.0000,0.9610,1.0000,4.6450,193.1430,1.7060,0.0000,0.0000,0.0000,68.3843,0.0000,3885.0000,1443.0000,0.0000,17.0000,31.0000,16.0000,7.0000
1.3510,0.6690,0.2670,0.4820,0.0960,0.0000,0.0000,0.4150,1.0000,4.6450,193.1430,1.7060,0.0000,0.0000,0.0000,68.3850,0.0000,3885.0000,1443.0000,0.0000,17.0000,32.0000,16.0000,7.0000
1.6430,0.3680,0.5590,0.2390,0.3990,0.0000,0.0000,0.7160,1.0000,4.6450,193.1430,1.7060,0.0000,0.0000,0.0000,68.3850,0.0000,3885.0000,1443.0000,0.0000,17.0000,32.0000,16.0000,7.0000
1.9210,0.3370,0.2460,0.1960,0.0920,0.0000,0.0000,1.3380,1.0000,4.6450,193.1430,1.7060,0.0000,0.0000,0.0000,68.3850,0.0000,3885.0000,1443.0000,0.0000,17.0000,32.0000,16.0000,7.0000
1.6320,0.3080,0.3480,0.1810,0.1360,0.0000,0.0000,0.9760,1.0000,4.6450,193.1430,1.7060,0.0000,0.0000,0.0000,68.4053,0.0000,3887.0000,1443.0000,0.0000,17.0000,32.0000,16.0000,7.0000
1.2930,0.4870,0.2390,0.2590,0.0850,0.0000,0.0000,0.5670,1.0000,4.6450,193.1430,1.7060,0.0000,0.0000,0.0000,68.4054,0.0000,3887.0000,1443.0000,0.0000,17.0000,32.0000,16.0000,7.0000
1.3710,0.3350,0.2700,0.1700,0.0940,0.0000,0.0000,0.7660,1.0000,4.6450,193.1430,1.7060,0.0000,0.0000,0.0000,68.4055,0.0000,3887.0000,1443.0000,0.0000,17.0000,32.0000,16.0000,7.0000
1.3380,0.3780,0.2840,0.2330,0.1280,0.0000,0.0000,0.6760,1.0000,4.6450,193.1430,1.7060,0.0000,0.0000,0.0000,68.4158,0.0000,3888.0000,1443.0000,0.0000,17.0000,32.0000,16.0000,7.0000
1.2340,0.4070,0.2450,0.2460,0.0980,0.0000,0.0000,0.5820,1.0000,4.6450,193.1430,1.7060,0.0000,0.0000,0.0000,68.4158,0.0000,3888.0000,1443.0000,0.0000,17.0000,32.0000,16.0000,7.0000
1.2530,0.3090,0.2840,0.1800,0.1440,0.0000,0.0000,0.6600,1.0000,4.6450,193.1430,1.7060,0.0000,0.0000,0.0000,68.4280,0.0000,3889.0000,1443.0000,0.0000,17.0000,32.0000,16.0000,7.0000
1.3120,0.3610,0.2580,0.1800,0.1140,0.0000,0.0000,0.6930,1.0000,4.6450,193.1430,1.7060,0.0000,0.0000,0.0000,68.4383,0.0000,3890.0000,1443.0000,0.0000,17.0000,32.0000,16.0000,7.0000
1.2060,0.3450,0.2390,0.1820,0.0850,0.0000,0.0000,0.6220,1.0000,4.6450,193.1430,1.7060,0.0000,0.0000,0.0000,68.4384,0.0000,3890.0000,1443.0000,0.0000,17.0000,32.0000,16.0000,7.0000
1.3640,0.3520,0.2670,0.2310,0.1240,0.0000,0.0000,0.7450,1.0000,4.6450,193.1430,1.7060,0.0000,0.0000,0.0000,68.4587,0.0000,3892.0000,1443.0000,0.0000,17.0000,32.0000,16.0000,7.0000
1.2670,0.3880,0.2560,0.1910,0.0870,0.0000,0.0000,0.6230,1.0000,4.6450,193.1430,1.7060,0.0000,0.0000,0.0000,68.4588,0.0000,3892.0000,1443.0000,0.0000,17.0000,32.0000,16.0000,7.0000
1.4750,0.3200,0.2690,0.1780,0.1290,0.0000,0.0000,0.8860,1.0000,4.6450,193.1430,1.7060,0.0000,0.0000,0.0000,68.4791,0.0000,3894.0000,1443.0000,0.0000,17.0000,32.0000,16.0000,6.0000
1.3730,0.5210,0.2680,0.2410,0.0930,0.0000,0.0000,0.5840,1.0000,4.6450,193.1430,1.7060,0.0000,0.0000,0.0000,68.4791,0.0000,3894.0000,1443.0000,0.0000,17.0000,32.0000,16.0000,6.0000
1.5150,0.3350,0.2810,0.2030,0.1010,0.0000,0.0000,0.8990,1.0000,4.6450,193.1430,1.7060,0.0000,0.0000,0.0000,68.4792,0.0000,3894.0000,1443.0000,0.0000,17.0000,32.0000,16.0000,6.0000
1.4100,0.3570,0.2630,0.2120,0.0900,0.0000,0.0000,0.7900,1.0000,4.6450,193.1430,1.7060,0.0000,0.0000,0.0000,68.4785,0.0000,3894.0000,1443.0000,0.0000,17.0000,31.0000,16.0000,6.0000
1.5680,0.3370,0.3870,0.1980,0.2060,0.0000,0.0000,0.8440,1.0000,4.6450,193.1430,1.7060,0.0000,0.0000,0.0000,68.4785,0.0000,3894.0000,1443.0000,0.0000,17.0000,31.0000,16.0000,6.0000
1.6850,0.4680,0.2720,0.2810,0.1040,0.0000,0.0000,0.9450,1.0000,4.6450,193.1430,1.7060,0.0000,0.0000,0.0000,68.4785,0.0000,3894.0000,1443.0000,0.0000,17.0000,31.0000,16.0000,6.0000
1.5140,0.6370,0.3560,0.4930,0.1630,0.0000,0.0000,0.5210,1.0000,4.6450,193.1430,1.7060,0.0000,0.0000,0.0000,68.4983,0.0000,3896.0000,1443.0000,0.0000,17.0000,31.0000,16.0000,6.0000
1.6660,0.4440,0.2410,0.1930,0.0890,0.0000,0.0000,0.9810,1.0000,4.6450,193.1430,1.7060,0.0000,0.0000,0.0000,68.4983,0.0000,3896.0000,1443.0000,0.0000,17.0000,31.0000,16.0000,6.0000
1.4850,0.3260,0.3120,0.1920,0.1300,0.0000,0.0000,0.8470,1.0000,4.6450,193.1430,1.7060,0.0000,0.0000,0.0000,68.5186,0.0000,3898.0000,1443.0000,0.0000,17.0000,31.0000,16.0000,6.0000
1.3530,0.4080,0.2750,0.1900,0.0900,0.0000,0.0000,0.6700,1.0000,4.6450,193.1430,1.7060,0.0000,0.0000,0.0000,68.5186,0.0000,3898.0000,1443.0000,0.0000,17.0000,31.0000,16.0000,6.0000
1.2670,0.3750,0.2410,0.2310,0.0980,0.0000,0.0000,0.6510,1.0000,4.6450,193.1430,1.7060,0.0000,0.0000,0.0000,68.5187,0.0000,3898.0000,1443.0000,0.0000,17.0000,31.0000,16.0000,6.0000
1.2980,0.3510,0.2550,0.2230,0.1130,0.0000,0.0000,0.6920,1.0000,4.6450,193.1430,1.7060,0.0000,0.0000,0.0000,68.5290,0.0000,3899.0000,1443.0000,0.0000,17.0000,31.0000,16.0000,6.0000
1.2320,0.3830,0.2600,0.1770,0.1190,0.0000,0.0000,0.5890,1.0000,4.6450,193.1430,1.7060,0.0000,0.0000,0.0000,68.5290,0.0000,3899.0000,1443.0000,0.0000,17.0000,31.0000,16.0000,6.0000
1.2080,0.3180,0.2290,0.1900,0.0840,0.0000,0.0000,0.6610,1.0000,4.6450,193.1430,1.7060,0.0000,0.0000,0.0000,68.5290,0.0000,3899.0000,1443.0000,0.0000,17.0000,31.0000,16.0000,6.0000
1.2170,0.3040,0.2360,0.1770,0.0960,0.0000,0.0000,0.6770,1.0000,4.6450,193.1430,1.7060,0.0000,0.0000,0.0000,68.5290,0.0000,3899.0000,1443.0000,0.0000,17.0000,31.0000,16.0000,6.0000
1.7450,0.3530,0.2280,0.2220,0.0840,0.0000,0.0000,1.1640,1.0000,4.6450,193.1430,1.7060,0.0000,0.0000,0.0000,68.5290,0.0000,3899.0000,1443.0000,0.0000,17.0000,31.0000,16.0000,6.0000
1.4630,0.3480,0.3410,0.1810,0.0930,0.0000,0.0000,0.7740,1.0000,4.6450,193.1430,1.7060,0.0000,0.0000,0.0000,68.5290,0.0000,3899.0000,1443.0000,0.0000,17.0000,31.0000,16.0000,7.0000
1.2770,0.3710,0.2450,0.2380,0.0910,0.0000,0.0000,0.6610,1.0000,4.6450,193.1430,1.7060,0.0000,0.0000,0.0000,68.5290,0.0000,3899.0000,1443.0000,0.0000,17.0000,31.0000,16.0000,7.0000
1.3580,0.3250,0.2840,0.1930,0.1150,0.0000,0.0000,0.7490,1.0000,4.6450,193.1430,1.7060,0.0000,0.0000,0.0000,68.5393,0.0000,3900.0000,1443.0000,0.0000,17.0000,31.0000,16.0000,6.0000
1.3360,0.3980,0.2720,0.2360,0.1170,0.0000,0.0000,0.6660,1.0000,4.6450,193.1430,1.7060,0.0000,0.0000,0.0000,68.5496,0.0000,3901.0000,1443.0000,0.0000,17.0000,31.0000,16.0000,6.0000
1.2240,0.3960,0.2320,0.2320,0.0860,0.0000,0.0000,0.5960,1.0000,4.6450,193.1430,1.7060,0.0000,0.0000,0.0000,68.5497,0.0000,3901.0000,1443.0000,0.0000,17.0000,31.0000,16.0000,6.0000
1.3690,0.3170,0.2830,0.1860,0.1170,0.0000,0.0000,0.7690,1.0000,4.6450,193.1430,1.7060,0.0000,0.0000,0.0000,68.5598,0.0000,3902.0000,1443.0000,0.0000,17.0000,31.0000,16.0000,6.0000
1.3110,0.4330,0.2420,0.2450,0.0950,0.0000,0.0000,0.6360,1.0000,4.6450,193.1430,1.7060,0.0000,0.0000,0.0000,68.5597,0.0000,3902.0000,1443.0000,0.0000,17.0000,31.0000,16.0000,6.0000
1.2280,0.3510,0.2230,0.2210,0.0840,0.0000,0.0000,0.6540,1.0000,4.6450,193.1430,1.7060,0.0000,0.0000,0.0000,68.2631,0.0000,3873.0000,1443.0000,0.0000,17.0000,31.0000,16.0000,6.0000
1.2300,0.3420,0.2200,0.1760,0.0820,0.0000,0.0000,0.6680,1.0000,4.6450,193.1430,1.7060,0.0000,0.0000,0.0000,68.2624,0.0000,3873.0000,1443.0000,0.0000,17.0000,30.0000,16.0000,6.0000
1.2800,0.3160,0.2300,0.1910,0.0850,0.0000,0.0000,0.7340,1.0000,4.6450,193.1430,1.7060,0.0000,0.0000,0.0000,68.2625,0.0000,3873.0000,1443.0000,0.0000,17.0000,30.0000,16.0000,7.0000
1.2660,0.3470,0.2590,0.2220,0.0970,0.0000,0.0000,0.6600,1.0000,4.6450,193.1430,1.7060,0.0000,0.0000,0.0000,68.2625,0.0000,3873.0000,1443.0000,0.0000,17.0000,30.0000,16.0000,7.0000
1.3270,0.3680,0.2300,0.2440,0.0910,0.0000,0.0000,0.7290,1.0000,4.6450,193.1430,1.7060,0.0000,0.0000,0.0000,68.2625,0.0000,3873.0000,1443.0000,0.0000,17.0000,30.0000,16.0000,7.0000
1.7290,0.3920,0.2900,0.1780,0.0980,0.0000,0.0000,1.0470,1.0000,4.6450,193.1430,1.7060,0.0000,0.0000,0.0000,68.2625,0.0000,3873.0000,1443.0000,0.0000,17.0000,30.0000,16.0000,7.0000
1.3740,0.3340,0.2760,0.1900,0.1160,0.0000,0.0000,0.7640,1.0000,4.6450,193.1430,1.7060,0.0000,0.0000,0.0000,68.2735,0.0000,3874.0000,1443.0000,0.0000,17.0000,31.0000,16.0000,7.0000
1.3180,0.3610,0.2540,0.1940,0.0870,0.0000,0.0000,0.7030,1.0000,4.6450,193.1430,1.7060,0.0000,0.0000,0.0000,68.2728,0.0000,3874.0000,1443.0000,0.0000,17.0000,30.0000,16.0000,7.0000
1.3210,0.3590,0.2720,0.2320,0.1170,0.0000,0.0000,0.6900,1.0000,4.6450,193.1430,1.7060,0.0000,0.0000,0.0000,68.2831,0.0000,3875.0000,1443.0000,0.0000,17.0000,30.0000,16.0000,7.0000
1.2040,0.3800,0.2310,0.2250,0.0870,0.0000,0.0000,0.5930,1.0000,4.6450,193.1430,1.7060,0.0000,0.0000,0.0000,68.2838,0.0000,3875.0000,1443.0000,0.0000,17.0000,31.0000,16.0000,7.0000
1.2510,0.3000,0.2530,0.1750,0.1170,0.0000,0.0000,0.6980,1.0000,4.6450,193.1430,1.7060,0.0000,0.0000,0.0000,68.2838,0.0000,3875.0000,1443.0000,0.0000,17.0000,31.0000,16.0000,7.0000
1.7300,0.3200,0.2600,0.1950,0.1200,0.0000,0.0000,1.1500,1.0000,4.6450,193.1430,1.7060,0.0000,0.0000,0.0000,68.3041,0.0000,3877.0000,1443.0000,0.0000,17.0000,31.0000,16.0000,7.0000
1.5420,0.3850,0.3020,0.1780,0.1320,0.0000,0.0000,0.8550,1.0000,4.6450,193.1430,1.7060,0.0000,0.0000,0.0000,68.3035,0.0000,3877.0000,1443.0000,0.0000,17.0000,30.0000,16.0000,7.0000
1.4730,0.3940,0.2890,0.2440,0.1170,0.0000,0.0000,0.7900,1.0000,4.6450,193.1430,1.7060,0.0000,0.0000,0.0000,68.3139,0.0000,3878.0000,1443.0000,0.0000,17.0000,30.0000,16.0000,7.0000
1.7120,0.4330,0.2740,0.1860,0.1250,0.0000,0.0000,1.0050,1.0000,4.6450,193.1430,1.7060,0.0000,0.0000,0.0000,68.3139,0.0000,3878.0000,1443.0000,0.0000,17.0000,30.0000,16.0000,7.0000
1.3970,0.7340,0.2300,0.5630,0.0820,0.0000,0.0000,0.4330,1.0000,4.6450,193.1430,1.7060,0.0000,0.0000,0.0000,68.3139,0.0000,3878.0000,1443.0000,0.0000,17.0000,30.0000,16.0000,7.0000
1.3040,0.3470,0.2640,0.1690,0.0870,0.0000,0.0000,0.6930,1.0000,4.6450,193.1430,1.7060,0.0000,0.0000,0.0000,68.3139,0.0000,3878.0000,1443.0000,0.0000,17.0000,30.0000,16.0000,7.0000
1.2010,0.3240,0.2360,0.1810,0.0970,0.0000,0.0000,0.6410,1.0000,4.6450,193.1430,1.7060,0.0000,0.0000,0.0000,68.3146,0.0000,3878.0000,1443.0000,0.0000,17.0000,31.0000,16.0000,7.0000
1.2580,0.3070,0.2350,0.1820,0.0850,0.0000,0.0000,0.7160,1.0000,4.6450,193.1430,1.7060,0.0000,0.0000,0.0000,68.3139,0.0000,3878.0000,1443.0000,0.0000,17.0000,30.0000,16.0000,7.0000
1.2950,0.3530,0.2770,0.1830,0.1130,0.0000,0.0000,0.6650,1.0000,4.6450,193.1430,1.7060,0.0000,0.0000,0.0000,68.3242,0.0000,3879.0000,1443.0000,0.0000,17.0000,30.0000,16.0000,7.0000
1.3060,0.3540,0.2510,0.1940,0.0850,0.0000,0.0000,0.7010,1.0000,4.6450,193.1430,1.7060,0.0000,0.0000,0.0000,68.3249,0.0000,3879.0000,1443.0000,0.0000,17.0000,31.0000,16.0000,7.0000
1.7540,0.3480,0.2680,0.2220,0.1290,0.0000,0.0000,1.1380,1.0000,4.6450,193.1430,1.7060,0.0000,0.0000,0.0000,68.3353,0.0000,3880.0000,1443.0000,0.0000,17.0000,31.0000,16.0000,8.0000
1.3040,0.7420,0.2570,0.2070,0.0950,0.0000,0.0000,0.3050,1.0000,4.6450,193.1430,1.7060,0.0000,0.0000,0.0000,68.3353,0.0000,3880.0000,1443.0000,0.0000,17.0000,31.0000,16.0000,8.0000
1.2250,0.3130,0.2450,0.1830,0.0890,0.0000,0.0000,0.6670,1.0000,4.6450,193.1430,1.7060,0.0000,0.0000,0.0000,68.3353,0.0000,3880.0000,1443.0000,0.0000,17.0000,31.0000,16.0000,8.0000
1.5200,0.3560,0.2660,0.2320,0.1270,0.0000,0.0000,0.8980,1.0000,4.6450,193.1430,1.7060,0.0000,0.0000,0.0000,68.3658,0.0000,3883.0000,1443.0000,0.0000,17.0000,31.0000,16.0000,8.0000
1.2440,0.4170,0.2280,0.1920,0.0850,0.0000,0.0000,0.5990,1.0000,4.6450,193.1430,1.7060,0.0000,0.0000,0.0000,68.3658,0.0000,3883.0000,1443.0000,0.0000,17.0000,31.0000,16.0000,8.0000
2.1040,0.3210,0.2570,0.1930,0.0890,0.0000,0.0000,1.5260,1.0000,4.6450,193.1430,1.7060,0.0000,0.0000,0.0000,68.3653,0.0000,3883.0000,1443.0000,0.0000,17.0000,30.0000,16.0000,8.0000
1.7400,0.6770,0.4240,0.1810,0.1040,0.0000,0.0000,0.6390,1.0000,4.6450,193.1430,1.7060,0.0000,0.0000,0.0000,68.3653,0.0000,3883.0000,1443.0000,0.0000,17.0000,30.0000,16.0000,8.0000
1.3970,0.4470,0.2620,0.1920,0.1000,0.0000,0.0000,0.6880,1.0000,4.6450,193.1430,1.7060,0.0000,0.0000,0.0000,68.3653,0.0000,3883.0000,1443.0000,0.0000,17.0000,30.0000,16.0000,8.0000
1.2890,0.4010,0.2410,0.2650,0.0890,0.0000,0.0000,0.6470,1.0000,4.6450,193.1430,1.7060,0.0000,0.0000,0.0000,68.3653,0.0000,3883.0000,1443.0000,0.0000,17.0000,30.0000,16.0000,8.0000
1.5510,0.3170,0.2620,0.1840,0.0900,0.0000,0.0000,0.9720,1.0000,4.6450,193.1430,1.7060,0.0000,0.0000,0.0000,68.3653,0.0000,3883.0000,1443.0000,0.0000,17.0000,30.0000,16.0000,9.0000
1.3640,0.3240,0.2620,0.1840,0.1110,0.0000,0.0000,0.7780,1.0000,4.6450,193.1430,1.7060,0.0000,0.0000,0.0000,68.3755,0.0000,3884.0000,1443.0000,0.0000,17.0000,30.0000,16.0000,9.0000
1.2860,0.4220,0.2690,0.1690,0.1220,0.0000,0.0000,0.5950,1.0000,4.6450,193.1430,1.7060,0.0000,0.0000,0.0000,68.3755,0.0000,3884.0000,1443.0000,0.0000,17.0000,30.0000,16.0000,9.0000
1.2360,0.3250,0.2280,0.1970,0.0870,0.0000,0.0000,0.6830,1.0000,4.6450,193.1430,1.7060,0.0000,0.0000,0.0000,68.3756,0.0000,3884.0000,1443.0000,0.0000,17.0000,30.0000,16.0000,9.0000
1.2050,0.3050,0.2330,0.1790,0.0860,0.0000,0.0000,0.6670,1.0000,4.6450,193.1430,1.7060,0.0000,0.0000,0.0000,68.3756,0.0000,3884.0000,1443.0000,0.0000,17.0000,30.0000,16.0000,9.0000
1.1980,0.3540,0.2230,0.2310,0.0860,0.0000,0.0000,0.6210,1.0000,4.6450,193.1430,1.7060,0.0000,0.0000,0.0000,68.3756,0.0000,3884.0000,1443.0000,0.0000,17.0000,30.0000,16.0000,9.0000
1.2830,0.3460,0.2550,0.1820,0.0860,0.0000,0.0000,0.6820,1.0000,4.6450,193.1430,1.7060,0.0000,0.0000,0.0000,68.3756,0.0000,3884.0000,1443.0000,0.0000,17.0000,30.0000,16.0000,10.0000
1.3860,0.3220,0.3030,0.1960,0.1260,0.0000,0.0000,0.7610,1.0000,4.6450,193.1430,1.7060,0.0000,0.0000,0.0000,68.3865,0.0000,3885.0000,1443.0000,0.0000,17.0000,31.0000,16.0000,10.0000
1.3320,0.3490,0.2560,0.1850,0.0950,0.0000,0.0000,0.7270,1.0000,4.6450,193.1430,1.7060,0.0000,0.0000,0.0000,68.3864,0.0000,3885.0000,1443.0000,0.0000,17.0000,31.0000,16.0000,11.0000
2.0020,0.3950,0.2910,0.2680,0.1200,0.0000,0.0000,1.3160,1.0000,4.6450,193.1430,1.7060,0.0000,0.0000,0.0000,68.3967,0.0000,3886.0000,1443.0000,0.0000,17.0000,31.0000,16.0000,11.0000
1.4070,0.4870,0.2620,0.3220,0.0950,0.0000,0.0000,0.6580,1.0000,4.6450,193.1430,1.7060,0.0000,0.0000,0.0000,68.3960,0.0000,3886.0000,1443.0000,0.0000,17.0000,30.0000,16.0000,11.0000
1.2980,0.3470,0.2380,0.2070,0.0890,0.0000,0.0000,0.7130,1.0000,4.6450,193.1430,1.7060,0.0000,0.0000,0.0000,68.3961,0.0000,3886.0000,1443.0000,0.0000,17.0000,30.0000,16.0000,11.0000
2.0670,0.3730,0.5820,0.1860,0.4160,0.0000,0.0000,1.1120,1.0000,4.6450,193.1430,1.7060,0.0000,0.0000,0.0000,68.4449,0.0000,3891.0000,1443.0000,0.0000,17.0000,30.0000,16.0000,11.0000
1.3420,0.4650,0.2570,0.1840,0.0910,0.0000,0.0000,0.6200,1.0000,4.6450,193.1430,1.7060,0.0000,0.0000,0.0000,68.4456,0.0000,3891.0000,1443.0000,0.0000,17.0000,31.0000,16.0000,11.0000
1.3290,0.3680,0.2970,0.1840,0.1520,0.0000,0.0000,0.6640,1.0000,4.6450,193.1430,1.7060,0.0000,0.0000,0.0000,68.4561,0.0000,3892.0000,1443.0000,0.0000,17.0000,31.0000,16.0000,11.0000
1.2830,0.3570,0.2300,0.1810,0.0880,0.0000,0.0000,0.6960,1.0000,4.6450,193.1430,1.7060,0.0000,0.0000,0.0000,68.4561,0.0000,3892.0000,1443.0000,0.0000,17.0000,31.0000,16.0000,11.0000
1.2860,0.3240,0.2400,0.1820,0.0880,0.0000,0.0000,0.7220,1.0000,4.6450,193.1430,1.7060,0.0000,0.0000,0.0000,68.4555,0.0000,3892.0000,1443.0000,0.0000,17.0000,30.0000,16.0000,10.0000
1.3050,0.3560,0.2350,0.1860,0.0920,0.0000,0.0000,0.7140,1.0000,4.6450,193.1430,1.7060,0.0000,0.0000,0.0000,68.4555,0.0000,3892.0000,1443.0000,0.0000,17.0000,30.0000,16.0000,10.0000
1.3670,0.3330,0.2580,0.2040,0.1170,0.0000,0.0000,0.7760,1.0000,4.6450,193.1430,1.7060,0.0000,0.0000,0.0000,68.4671,0.0000,3893.0000,1443.0000,0.0000,17.0000,30.0000,16.0000,10.0000
1.3100,0.3410,0.2630,0.1770,0.0930,0.0000,0.0000,0.7060,1.0000,4.6450,193.1430,1.7060,0.0000,0.0000,0.0000,68.4671,0.0000,3893.0000,1443.0000,0.0000,17.0000,30.0000,16.0000,9.0000
1.4840,0.3780,0.3880,0.1890,0.1890,0.0000,0.0000,0.7180,1.0000,4.6450,193.1430,1.7060,0.0000,0.0000,0.0000,68.4672,0.0000,3893.0000,1443.0000,0.0000,17.0000,30.0000,16.0000,9.0000
1.3270,0.3340,0.2600,0.1810,0.1040,0.0000,0.0000,0.7330,1.0000,4.6450,193.1430,1.7060,0.0000,0.0000,0.0000,68.4672,0.0000,3893.0000,1443.0000,0.0000,17.0000,30.0000,16.0000,9.0000
1.2380,0.3110,0.2310,0.1820,0.0880,0.0000,0.0000,0.6960,1.0000,4.6450,193.1430,1.7060,0.0000,0.0000,0.0000,68.4679,0.0000,3893.0000,1443.0000,0.0000,17.0000,31.0000,16.0000,9.0000
1.3360,0.3430,0.2680,0.1780,0.1250,0.0000,0.0000,0.7250,1.0000,4.6450,193.1430,1.7060,0.0000,0.0000,0.0000,68.4672,0.0000,3893.0000,1443.0000,0.0000,17.0000,30.0000,16.0000,9.0000
1.2810,0.3250,0.2620,0.1940,0.1160,0.0000,0.0000,0.6940,1.0000,4.6450,193.1430,1.7060,0.0000,0.0000,0.0000,68.4775,0.0000,3894.0000,1443.0000,0.0000,17.0000,30.0000,16.0000,9.0000
1.2190,0.3370,0.2380,0.1780,0.0870,0.0000,0.0000,0.6440,1.0000,4.6450,193.1430,1.7060,0.0000,0.0000,0.0000,68.4775,0.0000,3894.0000,1443.0000,0.0000,17.0000,30.0000,16.0000,9.0000
1.2160,0.3570,0.2600,0.2320,0.0880,0.0000,0.0000,0.5990,1.0000,4.6450,193.1430,1.7060,0.0000,0.0000,0.0000,68.4775,0.0000,3894.0000,1443.0000,0.0000,17.0000,30.0000,16.0000,9.0000
1.2350,0.3100,0.2670,0.1810,0.1290,0.0000,0.0000,0.6580,1.0000,4.6450,193.1430,1.7060,0.0000,0.0000,0.0000,68.4775,0.0000,3894.0000,1443.0000,0.0000,17.0000,30.0000,16.0000,9.0000
1.2370,0.3170,0.2200,0.1930,0.0850,0.0000,0.0000,0.7000,1.0000,4.6450,193.1430,1.7060,0.0000,0.0000,0.0000,68.4782,0.0000,3894.0000,1443.0000,0.0000,17.0000,31.0000,16.0000,8.0000
1.3120,0.3000,0.2390,0.1770,0.1010,0.0000,0.0000,0.7730,1.0000,4.6450,193.1430,1.7060,0.0000,0.0000,0.0000,68.4782,0.0000,3894.0000,1443.0000,0.0000,17.0000,31.0000,16.0000,7.0000
1.4080,0.3590,0.2610,0.2290,0.1210,0.0000,0.0000,0.7880,1.0000,4.6450,193.1430,1.7060,0.0000,0.0000,0.0000,68.4987,0.0000,3896.0000,1443.0000,0.0000,17.0000,31.0000,16.0000,7.0000
1.3480,0.4210,0.2630,0.2260,0.0950,0.0000,0.0000,0.6640,1.0000,4.6450,193.1430,1.7060,0.0000,0.0000,0.0000,68.4987,0.0000,3896.0000,1443.0000,0.0000,17.0000,31.0000,16.0000,7.0000
1.3620,0.3170,0.2710,0.1840,0.1150,0.0000,0.0000,0.7740,1.0000,4.6450,193.1430,1.7060,0.0000,0.0000,0.0000,68.5091,0.0000,3897.0000,1443.0000,0.0000,17.0000,31.0000,16.0000,7.0000
1.2040,0.3740,0.2270,0.1810,0.0870,0.0000,0.0000,0.6030,1.0000,4.6450,193.1430,1.7060,0.0000,0.0000,0.0000,68.5091,0.0000,3897.0000,1443.0000,0.0000,17.0000,31.0000,16.0000,7.0000
1.2170,0.3170,0.2500,0.1910,0.0870,0.0000,0.0000,0.6500,1.0000,4.6450,193.1430,1.7060,0.0000,0.0000,0.0000,68.5092,0.0000,3897.0000,1443.0000,0.0000,17.0000,31.0000,16.0000,7.0000
1.3580,0.3170,0.2490,0.1770,0.1100,0.0000,0.0000,0.7920,1.0000,4.6450,193.1430,1.7060,0.0000,0.0000,0.0000,68.5194,0.0000,3898.0000,1443.0000,0.0000,17.0000,31.0000,16.0000,7.0000
2.6660,0.3860,0.2350,0.1800,0.0880,0.0000,0.0000,2.0450,1.0000,4.6450,193.1430,1.7060,0.0000,0.0000,0.0000,68.5194,0.0000,3898.0000,1443.0000,0.0000,17.0000,31.0000,16.0000,7.0000
1.5220,0.3530,0.2710,0.1830,0.1160,0.0000,0.0000,0.8980,1.0000,4.6450,193.1430,1.7060,0.0000,0.0000,0.0000,68.2730,0.0000,3874.0000,1443.0000,0.0000,17.0000,31.0000,16.0000,7.0000
1.3500,0.4850,0.2790,0.2250,0.1160,0.0000,0.0000,0.5860,1.0000,4.6450,193.1430,1.7060,0.0000,0.0000,0.0000,68.2832,0.0000,3875.0000,1443.0000,0.0000,17.0000,31.0000,16.0000,7.0000
1.2610,0.3530,0.2350,0.1920,0.0870,0.0000,0.0000,0.6730,1.0000,4.6450,193.1430,1.7060,0.0000,0.0000,0.0000,68.2833,0.0000,3875.0000,1443.0000,0.0000,17.0000,31.0000,16.0000,7.0000
1.4230,0.3000,0.2380,0.1770,0.0980,0.0000,0.0000,0.8850,1.0000,4.6450,193.1430,1.7060,0.0000,0.0000,0.0000,68.2834,0.0000,3875.0000,1443.0000,0.0000,17.0000,31.0000,16.0000,7.0000
1.7400,0.3600,0.3070,0.2330,0.0970,0.0000,0.0000,1.0730,1.0000,4.6450,193.1430,1.7060,0.0000,0.0000,0.0000,68.2834,0.0000,3875.0000,1443.0000,0.0000,17.0000,31.0000,16.0000,7.0000
1.3710,0.3300,0.2440,0.1860,0.0900,0.0000,0.0000,0.7970,1.0000,4.6450,193.1430,1.7060,0.0000,0.0000,0.0000,68.2834,0.0000,3875.0000,1443.0000,0.0000,17.0000,31.0000,16.0000,7.0000
1.3650,0.3600,0.2640,0.1840,0.1190,0.0000,0.0000,0.7410,1.0000,4.6450,193.1430,1.7060,0.0000,0.0000,0.0000,68.2834,0.0000,3875.0000,1443.0000,0.0000,17.0000,31.0000,16.0000,7.0000
1.2460,0.4160,0.2540,0.1880,0.0970,0.0000,0.0000,0.5760,1.0000,4.6450,193.1430,1.7060,0.0000,0.0000,0.0000,68.2834,0.0000,3875.0000,1443.0000,0.0000,17.0000,31.0000,16.0000,8.0000
2.8230,0.3120,0.8780,0.1860,0.1260,0.0000,0.0000,1.6330,1.0000,4.6450,193.1430,1.7060,0.0000,0.0000,0.0000,68.2834,0.0000,3875.0000,1443.0000,0.0000,17.0000,31.0000,16.0000,8.0000
2.2380,0.3960,0.7960,0.1880,0.3010,0.0000,0.0000,1.0460,1.0000,4.6450,193.1430,1.7060,0.0000,0.0000,0.0000,68.2834,0.0000,3875.0000,1443.0000,0.0000,17.0000,31.0000,16.0000,8.0000
1.6610,0.3970,0.3760,0.2280,0.1950,0.0000,0.0000,0.8880,1.0000,4.6450,193.1430,1.7060,0.0000,0.0000,0.0000,68.3036,0.0000,3877.0000,1443.0000,0.0000,17.0000,31.0000,16.0000,8.0000
1.4220,0.4530,0.2740,0.2150,0.0990,0.0000,0.0000,0.6950,1.0000,4.6450,193.1430,1.7060,0.0000,0.0000,0.0000,68.3036,0.0000,3877.0000,1443.0000,0.0000,17.0000,31.0000,16.0000,8.0000
1.5580,0.4120,0.2910,0.2680,0.1330,0.0000,0.0000,0.8550,1.0000,4.6450,193.1430,1.7060,0.0000,0.0000,0.0000,68.3140,0.0000,3878.0000,1443.0000,0.0000,17.0000,31.0000,16.0000,8.0000
1.4410,0.4090,0.2740,0.2080,0.1000,0.0000,0.0000,0.7580,1.0000,4.6450,193.1430,1.7060,0.0000,0.0000,0.0000,68.3133,0.0000,3878.0000,1443.0000,0.0000,17.0000,30.0000,16.0000,8.0000
1.6170,0.4340,0.2850,0.2680,0.1270,0.0000,0.0000,0.8980,1.0000,4.6450,193.1430,1.7060,0.0000,0.0000,0.0000,68.3236,0.0000,3879.0000,1443.0000,0.0000,17.0000,30.0000,16.0000,8.0000
1.6600,0.4370,0.2670,0.2080,0.0960,0.0000,0.0000,0.9560,1.0000,4.6450,193.1430,1.7060,0.0000,0.0000,0.0000,68.3282,0.0000,3880.0000,1443.0000,0.0000,17.0000,30.0000,16.0000,8.0000
1.7880,0.4870,0.3190,0.3390,0.1330,0.0000,0.0000,0.9820,1.0000,4.6450,193.1430,1.7060,0.0000,0.0000,0.0000,68.3366,0.0000,3881.0000,1443.0000,0.0000,17.0000,30.0000,16.0000,9.0000
1.9070,0.5380,0.3500,0.3520,0.1840,0.0000,0.0000,1.0190,1.0000,4.6450,193.1430,1.7060,0.0000,0.0000,0.0000,68.4011,0.0000,3896.0000,1443.0000,0.0000,17.0000,31.0000,16.0000,9.0000
8.7140,0.6360,2.9550,0.2150,2.7570,0.0000,0.0000,5.1230,1.0000,4.6450,193.1430,1.7060,0.0000,0.0000,0.0000,68.4128,0.0000,3897.0000,1443.0000,0.0000,17.0000,31.0000,16.0000,8.0000
1.5440,0.4570,0.2850,0.2230,0.1080,0.0000,0.0000,0.8020,1.0000,4.6450,193.1430,1.7060,0.0000,0.0000,0.0000,68.4139,0.0000,3897.0000,1443.0000,0.0000,17.0000,32.0000,16.0000,8.0000
1.6820,0.4290,0.3080,0.2360,0.1470,0.0000,0.0000,0.9450,1.0000,4.6450,193.1430,1.7060,0.0000,0.0000,0.0000,68.4146,0.0000,3897.0000,1443.0000,0.0000,17.0000,33.0000,16.0000,8.0000
1.3860,0.6360,0.3090,0.4830,0.1390,0.0000,0.0000,0.4410,1.0000,4.6450,193.1430,1.7060,0.0000,0.0000,0.0000,68.4249,0.0000,3898.0000,1443.0000,0.0000,17.0000,33.0000,16.0000,8.0000
1.2210,0.3720,0.2590,0.1900,0.0900,0.0000,0.0000,0.5900,1.0000,4.6450,193.1430,1.7060,0.0000,0.0000,0.0000,68.4249,0.0000,3898.0000,1443.0000,0.0000,17.0000,33.0000,16.0000,8.0000
1.2440,0.3110,0.2440,0.1820,0.0870,0.0000,0.0000,0.6890,1.0000,4.6450,193.1430,1.7060,0.0000,0.0000,0.0000,68.4249,0.0000,3898.0000,1443.0000,0.0000,17.0000,33.0000,16.0000,8.0000
1.2340,0.3720,0.2480,0.1950,0.1110,0.0000,0.0000,0.6140,1.0000,4.6450,193.1430,1.7060,0.0000,0.0000,0.0000,68.4345,0.0000,3899.0000,1443.0000,0.0000,17.0000,32.0000,16.0000,8.0000
1.1650,0.3980,0.2180,0.1820,0.0840,0.0000,0.0000,0.5490,1.0000,4.6450,193.1430,1.7060,0.0000,0.0000,0.0000,68.4345,0.0000,3899.0000,1443.0000,0.0000,17.0000,32.0000,16.0000,7.0000
1.2080,0.3140,0.2310,0.1830,0.1000,0.0000,0.0000,0.6630,1.0000,4.6450,193.1430,1.7060,0.0000,0.0000,0.0000,68.4346,0.0000,3899.0000,1443.0000,0.0000,17.0000,32.0000,16.0000,7.0000
1.2290,0.3070,0.2580,0.1800,0.0900,0.0000,0.0000,0.6640,1.0000,4.6450,193.1430,1.7060,0.0000,0.0000,0.0000,68.4346,0.0000,3899.0000,1443.0000,0.0000,17.0000,32.0000,16.0000,7.0000
1.1630,0.3270,0.2220,0.1940,0.0860,0.0000,0.0000,0.6140,1.0000,4.6450,193.1430,1.7060,0.0000,0.0000,0.0000,68.4353,0.0000,3899.0000,1443.0000,0.0000,17.0000,33.0000,16.0000,7.0000
1.2570,0.3180,0.2210,0.1960,0.0840,0.0000,0.0000,0.7180,1.0000,4.6450,193.1430,1.7060,0.0000,0.0000,0.0000,68.4346,0.0000,3899.0000,1443.0000,0.0000,17.0000,32.0000,16.0000,7.0000
1.2470,0.3700,0.2640,0.2300,0.0880,0.0000,0.0000,0.6130,1.0000,4.6450,193.1430,1.7060,0.0000,0.0000,0.0000,68.4346,0.0000,3899.0000,1443.0000,0.0000,17.0000,32.0000,16.0000,7.0000
1.3990,0.3170,0.3010,0.1850,0.1530,0.0000,0.0000,0.7810,1.0000,4.6450,193.1430,1.7060,0.0000,0.0000,0.0000,68.4552,0.0000,3902.0000,1443.0000,0.0000,17.0000,32.0000,16.0000,7.0000
1.2590,0.3770,0.2200,0.1820,0.0840,0.0000,0.0000,0.6620,1.0000,4.6450,193.1430,1.7060,0.0000,0.0000,0.0000,68.4559,0.0000,3902.0000,1443.0000,0.0000,17.0000,33.0000,16.0000,7.0000
1.4020,0.3650,0.2920,0.2420,0.1580,0.0000,0.0000,0.7450,1.0000,4.6450,193.1430,1.7060,0.0000,0.0000,0.0000,68.4662,0.0000,3903.0000,1443.0000,0.0000,17.0000,33.0000,16.0000,7.0000
1.2260,0.4030,0.2490,0.1860,0.0830,0.0000,0.0000,0.5740,1.0000,4.6450,193.1430,1.7060,0.0000,0.0000,0.0000,68.4656,0.0000,3903.0000,1443.0000,0.0000,17.0000,32.0000,16.0000,7.0000
1.3660,0.3050,0.2540,0.1800,0.1160,0.0000,0.0000,0.8070,1.0000,4.6450,193.1430,1.7060,0.0000,0.0000,0.0000,68.4872,0.0000,3905.0000,1443.0000,0.0000,17.0000,34.0000,16.0000,7.0000
1.5420,0.4450,0.2950,0.2500,0.1590,0.0000,0.0000,0.8020,1.0000,4.6450,193.1430,1.7060,0.0000,0.0000,0.0000,68.5074,0.0000,3907.0000,1443.0000,0.0000,17.0000,34.0000,16.0000,6.0000
1.8980,0.3990,0.2410,0.1930,0.0880,0.0000,0.0000,1.2580,1.0000,4.6450,193.1430,1.7060,0.0000,0.0000,0.0000,68.5075,0.0000,3907.0000,1443.0000,0.0000,17.0000,34.0000,16.0000,6.0000
1.9510,0.3240,0.3810,0.1940,0.1120,0.0000,0.0000,1.2460,1.0000,4.6450,193.1430,1.7060,0.0000,0.0000,0.0000,68.5012,0.0000,3897.0000,1443.0000,0.0000,17.0000,33.0000,16.0000,6.0000
1.9340,0.5410,0.3720,0.2750,0.1390,0.0000,0.0000,1.0210,1.0000,4.6450,193.1430,1.7060,0.0000,0.0000,0.0000,68.5115,0.0000,3898.0000,1443.0000,0.0000,17.0000,33.0000,16.0000,6.0000
1.7280,0.4950,0.3310,0.2740,0.1070,0.0000,0.0000,0.9020,1.0000,4.6450,193.1430,1.7060,0.0000,0.0000,0.0000,68.5115,0.0000,3898.0000,1443.0000,0.0000,17.0000,33.0000,16.0000,6.0000
2.8020,0.4730,0.2870,0.2970,0.1150,0.0000,0.0000,2.0420,1.0000,4.6450,193.1430,1.7060,0.0000,0.0000,0.0000,68.5116,0.0000,3898.0000,1443.0000,0.0000,17.0000,33.0000,16.0000,6.0000
1.9790,0.3770,0.2860,0.2010,0.1060,0.0000,0.0000,1.3160,1.0000,4.6450,193.1430,1.7060,0.0000,0.0000,0.0000,68.5116,0.0000,3898.0000,1443.0000,0.0000,17.0000,33.0000,16.0000,7.0000
1.8950,0.4430,0.3120,0.2240,0.1100,0.0000,0.0000,1.1400,1.0000,4.6450,193.1430,1.7060,0.0000,0.0000,0.0000,68.5116,0.0000,3898.0000,1443.0000,0.0000,17.0000,33.0000,16.0000,7.0000
1.7410,0.3890,0.2760,0.2220,0.1040,0.0000,0.0000,1.0760,1.0000,4.6450,193.1430,1.7060,0.0000,0.0000,0.0000,68.5103,0.0000,3897.0000,1443.0000,0.0000,17.0000,33.0000,16.0000,7.0000
1.9040,0.4360,0.3400,0.2360,0.1380,0.0000,0.0000,1.1280,1.0000,4.6450,193.1430,1.7060,0.0000,0.0000,0.0000,68.5205,0.0000,3898.0000,1443.0000,0.0000,17.0000,33.0000,16.0000,7.0000
1.9670,0.5660,0.3620,0.3290,0.1140,0.0000,0.0000,1.0390,1.0000,4.6450,193.1430,1.7060,0.0000,0.0000,0.0000,68.5213,0.0000,3898.0000,1443.0000,0.0000,17.0000,34.0000,16.0000,7.0000
2.0640,0.4690,0.4120,0.2600,0.1550,0.0000,0.0000,1.1830,1.0000,4.6450,193.1430,1.7060,0.0000,0.0000,0.0000,68.5323,0.0000,3899.0000,1443.0000,0.0000,17.0000,35.0000,16.0000,7.0000
1.7330,0.5540,0.3010,0.3310,0.1000,0.0000,0.0000,0.8780,1.0000,4.6450,193.1430,1.7060,0.0000,0.0000,0.0000,68.5323,0.0000,3899.0000,1443.0000,0.0000,17.0000,35.0000,16.0000,7.0000
2.3190,0.4460,0.2930,0.3010,0.1030,0.0000,0.0000,1.5800,1.0000,4.6450,193.1430,1.7060,0.0000,0.0000,0.0000,68.5316,0.0000,3899.0000,1443.0000,0.0000,17.0000,34.0000,16.0000,7.0000
1.8400,0.3610,0.3560,0.2110,0.1090,0.0000,0.0000,1.1230,1.0000,4.6450,193.1430,1.7060,0.0000,0.0000,0.0000,68.5316,0.0000,3899.0000,1443.0000,0.0000,17.0000,34.0000,16.0000,7.0000
1.7210,0.5500,0.2990,0.2780,0.1350,0.0000,0.0000,0.8720,1.0000,4.6450,193.1430,1.7060,0.0000,0.0000,0.0000,68.5323,0.0000,3899.0000,1443.0000,0.0000,17.0000,35.0000,16.0000,7.0000
3.4470,0.3560,0.2760,0.2090,0.1090,0.0000,0.0000,2.8150,1.0000,4.6450,193.1430,1.7060,0.0000,0.0000,0.0000,68.5326,0.0000,3899.0000,1443.0000,0.0000,17.0000,35.0000,16.0000,8.0000
1.7830,0.4610,0.3100,0.3090,0.1040,0.0000,0.0000,1.0120,1.0000,4.6450,193.1430,1.7060,0.0000,0.0000,0.0000,68.2400,0.0000,3871.0000,1443.0000,0.0000,17.0000,35.0000,16.0000,8.0000
1.6420,0.4870,0.3110,0.2790,0.1340,0.0000,0.0000,0.8440,1.0000,4.6450,193.1430,1.7060,0.0000,0.0000,0.0000,68.2390,0.0000,3871.0000,1443.0000,0.0000,17.0000,34.0000,16.0000,8.0000
1.6660,0.3560,0.2960,0.2110,0.1350,0.0000,0.0000,1.0140,1.0000,4.6450,193.1430,1.7060,0.0000,0.0000,0.0000,68.2595,0.0000,3873.0000,1443.0000,0.0000,17.0000,34.0000,16.0000,8.0000
1.8110,0.4860,0.3080,0.2200,0.1490,0.0000,0.0000,1.0170,1.0000,4.6450,193.1430,1.7060,0.0000,0.0000,0.0000,68.2800,0.0000,3875.0000,1443.0000,0.0000,17.0000,34.0000,16.0000,9.0000
1.7190,0.5510,0.3420,0.2520,0.1370,0.0000,0.0000,0.8260,1.0000,4.6450,193.1430,1.7060,0.0000,0.0000,0.0000,68.2904,0.0000,3876.0000,1443.0000,0.0000,17.0000,34.0000,16.0000,9.0000
1.6620,0.4320,0.2680,0.2530,0.1110,0.0000,0.0000,0.9620,1.0000,4.6450,193.1430,1.7060,0.0000,0.0000,0.0000,68.2905,0.0000,3876.0000,1443.0000,0.0000,17.0000,34.0000,16.0000,9.0000
1.6750,0.3480,0.2860,0.2090,0.1240,0.0000,0.0000,1.0410,1.0000,4.6450,193.1430,1.7060,0.0000,0.0000,0.0000,68.3002,0.0000,3877.0000,1443.0000,0.0000,17.0000,33.0000,16.0000,8.0000
1.5900,0.4640,0.2840,0.2100,0.1020,0.0000,0.0000,0.8420,1.0000,4.6450,193.1430,1.7060,0.0000,0.0000,0.0000,68.3002,0.0000,3877.0000,1443.0000,0.0000,17.0000,33.0000,16.0000,8.0000
1.5130,0.3640,0.3050,0.2270,0.1520,0.0000,0.0000,0.8440,1.0000,4.6450,193.1430,1.7060,0.0000,0.0000,0.0000,68.2996,0.0000,3877.0000,1443.0000,0.0000,17.0000,32.0000,16.0000,8.0000
1.4980,0.3450,0.2510,0.2060,0.0990,0.0000,0.0000,0.9020,1.0000,4.6450,193.1430,1.7060,0.0000,0.0000,0.0000,68.2996,0.0000,3877.0000,1443.0000,0.0000,17.0000,32.0000,16.0000,8.0000
1.7790,0.3540,0.3460,0.2220,0.1410,0.0000,0.0000,1.0790,1.0000,4.6450,193.1430,1.7060,0.0000,0.0000,0.0000,68.2996,0.0000,3877.0000,1443.0000,0.0000,17.0000,32.0000,16.0000,8.0000
1.7750,0.3610,0.3000,0.2100,0.1360,0.0000,0.0000,1.1140,1.0000,4.6450,193.1430,1.7060,0.0000,0.0000,0.0000,68.3191,0.0000,3879.0000,1443.0000,0.0000,17.0000,31.0000,16.0000,8.0000
1.6160,0.4720,0.2680,0.2130,0.1080,0.0000,0.0000,0.8760,1.0000,4.6450,193.1430,1.7060,0.0000,0.0000,0.0000,68.3191,0.0000,3879.0000,1443.0000,0.0000,17.0000,31.0000,16.0000,7.0000
1.6610,0.4340,0.4190,0.2710,0.2110,0.0000,0.0000,0.8080,1.0000,4.6450,193.1430,1.7060,0.0000,0.0000,0.0000,68.3199,0.0000,3879.0000,1443.0000,0.0000,17.0000,32.0000,16.0000,7.0000
1.5630,0.3540,0.2580,0.2120,0.1010,0.0000,0.0000,0.9510,1.0000,4.6450,193.1430,1.7060,0.0000,0.0000,0.0000,68.3199,0.0000,3879.0000,1443.0000,0.0000,17.0000,32.0000,16.0000,7.0000
1.6420,0.3880,0.2760,0.2080,0.0970,0.0000,0.0000,0.9780,1.0000,4.6450,193.1430,1.7060,0.0000,0.0000,0.0000,68.3198,0.0000,3879.0000,1443.0000,0.0000,17.0000,32.0000,16.0000,8.0000
1.6590,0.4690,0.2870,0.3380,0.1320,0.0000,0.0000,0.9030,1.0000,4.6450,193.1430,1.7060,0.0000,0.0000,0.0000,68.3198,0.0000,3879.0000,1443.0000,0.0000,17.0000,32.0000,16.0000,9.0000
1.6560,0.3500,0.2560,0.2070,0.1030,0.0000,0.0000,1.0500,1.0000,4.6450,193.1430,1.7060,0.0000,0.0000,0.0000,68.3198,0.0000,3879.0000,1443.0000,0.0000,17.0000,32.0000,16.0000,9.0000
1.6020,0.4390,0.2950,0.2690,0.1050,0.0000,0.0000,0.8680,1.0000,4.6450,193.1430,1.7060,0.0000,0.0000,0.0000,68.3198,0.0000,3879.0000,1443.0000,0.0000,17.0000,32.0000,16.0000,9.0000
1.5330,0.3550,0.2650,0.2210,0.1090,0.0000,0.0000,0.9130,1.0000,4.6450,193.1430,1.7060,0.0000,0.0000,0.0000,68.3198,0.0000,3879.0000,1443.0000,0.0000,17.0000,32.0000,16.0000,9.0000
1.5690,0.3390,0.2540,0.2020,0.0990,0.0000,0.0000,0.9760,1.0000,4.6450,193.1430,1.7060,0.0000,0.0000,0.0000,68.3198,0.0000,3879.0000,1443.0000,0.0000,17.0000,32.0000,16.0000,9.0000
1.7020,0.4180,0.2620,0.2840,0.1120,0.0000,0.0000,1.0220,1.0000,4.6450,193.1430,1.7060,0.0000,0.0000,0.0000,68.3198,0.0000,3879.0000,1443.0000,0.0000,17.0000,32.0000,16.0000,9.0000
1.8480,0.3410,0.3140,0.2050,0.1480,0.0000,0.0000,1.1930,1.0000,4.6450,193.1430,1.7060,0.0000,0.0000,0.0000,68.3503,0.0000,3882.0000,1443.0000,0.0000,17.0000,32.0000,16.0000,9.0000
1.6840,0.5330,0.2890,0.2180,0.1280,0.0000,0.0000,0.8620,1.0000,4.6450,193.1430,1.7060,0.0000,0.0000,0.0000,68.3606,0.0000,3883.0000,1443.0000,0.0000,17.0000,32.0000,16.0000,9.0000
1.6530,0.4510,0.2870,0.2640,0.1310,0.0000,0.0000,0.9150,1.0000,4.6450,193.1430,1.7060,0.0000,0.0000,0.0000,68.3614,0.0000,3883.0000,1443.0000,0.0000,17.0000,33.0000,16.0000,9.0000
1.6610,0.3370,0.2430,0.2030,0.0940,0.0000,0.0000,1.0810,1.0000,4.6450,193.1430,1.7060,0.0000,0.0000,0.0000,68.3615,0.0000,3883.0000,1443.0000,0.0000,17.0000,33.0000,16.0000,9.0000
1.8340,0.3480,0.2940,0.2070,0.1360,0.0000,0.0000,1.1920,1.0000,4.6450,193.1430,1.7060,0.0000,0.0000,0.0000,68.3813,0.0000,3885.0000,1443.0000,0.0000,17.0000,32.0000,16.0000,10.0000
1.6920,0.5630,0.2980,0.3210,0.1040,0.0000,0.0000,0.8310,1.0000,4.6450,193.1430,1.7060,0.0000,0.0000,0.0000,68.3814,0.0000,3885.0000,1443.0000,0.0000,17.0000,32.0000,16.0000,10.0000
1.6890,0.4220,0.2790,0.2840,0.0960,0.0000,0.0000,0.9880,1.0000,4.6450,193.1430,1.7060,0.0000,0.0000,0.0000,68.3815,0.0000,3885.0000,1443.0000,0.0000,17.0000,32.0000,16.0000,10.0000
1.9400,0.3630,0.3040,0.2120,0.1500,0.0000,0.0000,1.2730,1.0000,4.6450,193.1430,1.7060,0.0000,0.0000,0.0000,68.4226,0.0000,3889.0000,1443.0000,0.0000,17.0000,32.0000,16.0000,10.0000
1.6550,0.5430,0.2570,0.2140,0.0970,0.0000,0.0000,0.8550,1.0000,4.6450,193.1430,1.7060,0.0000,0.0000,0.0000,68.4226,0.0000,3889.0000,1443.0000,0.0000,17.0000,32.0000,16.0000,10.0000
2.3460,0.4020,0.2820,0.2620,0.0960,0.0000,0.0000,1.6620,1.0000,4.6450,193.1430,1.7060,0.0000,0.0000,0.0000,68.4228,0.0000,3889.0000,1443.0000,0.0000,17.0000,32.0000,16.0000,10.0000
1.3890,0.3550,0.2580,0.2200,0.0910,0.0000,0.0000,0.7760,1.0000,4.6450,193.1430,1.7060,0.0000,0.0000,0.0000,68.4228,0.0000,3889.0000,1443.0000,0.0000,17.0000,32.0000,16.0000,10.0000
1.5380,0.4050,0.3030,0.2660,0.1360,0.0000,0.0000,0.8300,1.0000,4.6450,193.1430,1.7060,0.0000,0.0000,0.0000,68.4425,0.0000,3891.0000,1443.0000,0.0000,17.0000,32.0000,16.0000,10.0000
1.5790,0.4290,0.2480,0.2090,0.0950,0.0000,0.0000,0.9020,1.0000,4.6450,193.1430,1.7060,0.0000,0.0000,0.0000,68.4425,0.0000,3891.0000,1443.0000,0.0000,17.0000,32.0000,16.0000,10.0000
1.5870,0.4080,0.2810,0.2550,0.1290,0.0000,0.0000,0.8980,1.0000,4.6450,193.1430,1.7060,0.0000,0.0000,0.0000,68.4427,0.0000,3891.0000,1443.0000,0.0000,17.0000,32.0000,16.0000,10.0000
1.5740,0.3560,0.2670,0.2210,0.0980,0.0000,0.0000,0.9510,1.0000,4.6450,193.1430,1.7060,0.0000,0.0000,0.0000,68.4427,0.0000,3891.0000,1443.0000,0.0000,17.0000,32.0000,16.0000,10.0000
1.5710,0.4010,0.2820,0.2140,0.0940,0.0000,0.0000,0.8880,1.0000,4.6450,193.1430,1.7060,0.0000,0.0000,0.0000,68.4434,0.0000,3891.0000,1443.0000,0.0000,17.0000,33.0000,16.0000,10.0000
1.4800,0.3620,0.2410,0.2260,0.0910,0.0000,0.0000,0.8770,1.0000,4.6450,193.1430,1.7060,0.0000,0.0000,0.0000,68.4434,0.0000,3891.0000,1443.0000,0.0000,17.0000,33.0000,16.0000,10.0000
1.5570,0.3500,0.2720,0.2120,0.0940,0.0000,0.0000,0.9350,1.0000,4.6450,193.1430,1.7060,0.0000,0.0000,0.0000,68.4434,0.0000,3891.0000,1443.0000,0.0000,17.0000,33.0000,16.0000,10.0000
1.6340,0.4190,0.3040,0.2850,0.1540,0.0000,0.0000,0.9110,1.0000,4.6450,193.1430,1.7060,0.0000,0.0000,0.0000,68.4536,0.0000,3892.0000,1443.0000,0.0000,17.0000,33.0000,16.0000,10.0000
1.6770,0.4210,0.2820,0.2130,0.1240,0.0000,0.0000,0.9740,1.0000,4.6450,193.1430,1.7060,0.0000,0.0000,0.0000,68.4639,0.0000,3893.0000,1443.0000,0.0000,17.0000,33.0000,16.0000,10.0000
1.4320,0.4690,0.2760,0.2670,0.0950,0.0000,0.0000,0.6870,1.0000,4.6450,193.1430,1.7060,0.0000,0.0000,0.0000,68.4640,0.0000,3893.0000,1443.0000,0.0000,17.0000,33.0000,16.0000,10.0000
2.8270,0.3420,0.2740,0.2070,0.1250,0.0000,0.0000,2.2110,1.0000,4.6450,193.1430,1.7060,0.0000,0.0000,0.0000,68.4736,0.0000,3894.0000,1443.0000,0.0000,17.0000,32.0000,16.0000,10.0000
2.0740,0.4750,0.3860,0.2210,0.1200,0.0000,0.0000,1.2130,1.0000,4.6450,193.1430,1.7060,0.0000,0.0000,0.0000,68.4736,0.0000,3894.0000,1443.0000,0.0000,17.0000,32.0000,16.0000,10.0000
1.9120,0.5220,0.3070,0.2900,0.1080,0.0000,0.0000,1.0830,1.0000,4.6450,193.1430,1.7060,0.0000,0.0000,0.0000,68.4736,0.0000,3894.0000,1443.0000,0.0000,17.0000,32.0000,16.0000,10.0000
1.7070,0.4830,0.3010,0.2730,0.1050,0.0000,0.0000,0.9230,1.0000,4.6450,193.1430,1.7060,0.0000,0.0000,0.0000,68.4743,0.0000,3894.0000,1443.0000,0.0000,17.0000,33.0000,16.0000,10.0000
1.8450,0.4920,0.3400,0.2920,0.1370,0.0000,0.0000,1.0130,1.0000,4.6450,193.1430,1.7060,0.0000,0.0000,0.0000,68.4845,0.0000,3895.0000,1443.0000,0.0000,17.0000,33.0000,16.0000,11.0000
1.6540,0.5230,0.3650,0.3370,0.1340,0.0000,0.0000,0.7660,1.0000,4.6450,193.1430,1.7060,0.0000,0.0000,0.0000,68.4845,0.0000,3895.0000,1443.0000,0.0000,17.0000,33.0000,16.0000,11.0000
1.7900,0.3610,0.3190,0.2090,0.1520,0.0000,0.0000,1.1100,1.0000,4.6450,193.1430,1.7060,0.0000,0.0000,0.0000,68.5144,0.0000,3898.0000,1443.0000,0.0000,17.0000,32.0000,16.0000,10.0000
1.6000,0.5390,0.2710,0.2260,0.1040,0.0000,0.0000,0.7900,1.0000,4.6450,193.1430,1.7060,0.0000,0.0000,0.0000,68.5137,0.0000,3898.0000,1443.0000,0.0000,17.0000,31.0000,16.0000,9.0000
1.6730,0.4810,0.3870,0.2670,0.1830,0.0000,0.0000,0.8050,1.0000,4.6450,193.1430,1.7060,0.0000,0.0000,0.0000,68.5241,0.0000,3899.0000,1443.0000,0.0000,17.0000,31.0000,16.0000,9.0000
1.7900,0.4290,0.3300,0.2370,0.1690,0.0000,0.0000,1.0310,1.0000,4.6450,193.1430,1.7060,0.0000,0.0000,0.0000,68.5750,0.0000,3904.0000,1443.0000,0.0000,17.0000,31.0000,16.0000,10.0000
1.5510,0.5620,0.3000,0.2150,0.1110,0.0000,0.0000,0.6890,1.0000,4.6450,193.1430,1.7060,0.0000,0.0000,0.0000,68.5752,0.0000,3904.0000,1443.0000,0.0000,17.0000,31.0000,16.0000,10.0000
1.5060,0.4630,0.3270,0.2910,0.1480,0.0000,0.0000,0.7160,1.0000,4.6450,193.1430,1.7060,0.0000,0.0000,0.0000,68.5755,0.0000,3904.0000,1443.0000,0.0000,17.0000,31.0000,16.0000,9.0000
1.5870,0.3730,0.2850,0.2180,0.1120,0.0000,0.0000,0.9290,1.0000,4.6450,193.1430,1.7060,0.0000,0.0000,0.0000,68.5748,0.0000,3904.0000,1443.0000,0.0000,17.0000,30.0000,16.0000,9.0000
1.6770,0.4420,0.3160,0.2350,0.1150,0.0000,0.0000,0.9190,1.0000,4.6450,193.1430,1.7060,0.0000,0.0000,0.0000,68.2555,0.0000,3873.0000,1443.0000,0.0000,17.0000,30.0000,16.0000,9.0000
1.6090,0.4120,0.3100,0.2550,0.1370,0.0000,0.0000,0.8870,1.0000,4.6450,193.1430,1.7060,0.0000,0.0000,0.0000,68.2555,0.0000,3873.0000,1443.0000,0.0000,17.0000,30.0000,16.0000,9.0000
1.5840,0.3820,0.3070,0.2200,0.1430,0.0000,0.0000,0.8950,1.0000,4.6450,193.1430,1.7060,0.0000,0.0000,0.0000,68.2657,0.0000,3874.0000,1443.0000,0.0000,17.0000,30.0000,16.0000,9.0000
1.5120,0.5020,0.2890,0.3040,0.1030,0.0000,0.0000,0.7210,1.0000,4.6450,193.1430,1.7060,0.0000,0.0000,0.0000,68.2657,0.0000,3874.0000,1443.0000,0.0000,17.0000,30.0000,16.0000,9.0000
1.5000,0.3640,0.2590,0.2200,0.1000,0.0000,0.0000,0.8770,1.0000,4.6450,193.1430,1.7060,0.0000,0.0000,0.0000,68.2658,0.0000,3874.0000,1443.0000,0.0000,17.0000,30.0000,16.0000,9.0000
1.5770,0.4310,0.2790,0.2710,0.1050,0.0000,0.0000,0.8670,1.0000,4.6450,193.1430,1.7060,0.0000,0.0000,0.0000,68.2658,0.0000,3874.0000,1443.0000,0.0000,17.0000,30.0000,16.0000,9.0000
1.6500,0.3710,0.2950,0.2240,0.1350,0.0000,0.0000,0.9840,1.0000,4.6450,193.1430,1.7060,0.0000,0.0000,0.0000,68.2762,0.0000,3875.0000,1443.0000,0.0000,17.0000,30.0000,16.0000,9.0000
1.8580,0.4760,0.3450,0.2310,0.1390,0.0000,0.0000,1.0370,1.0000,4.6450,193.1430,1.7060,0.0000,0.0000,0.0000,68.2762,0.0000,3875.0000,1443.0000,0.0000,17.0000,30.0000,16.0000,9.0000
1.7310,0.5110,0.3240,0.3060,0.1430,0.0000,0.0000,0.8960,1.0000,4.6450,193.1430,1.7060,0.0000,0.0000,0.0000,68.2763,0.0000,3875.0000,1443.0000,0.0000,17.0000,30.0000,16.0000,10.0000
2.0190,0.4800,0.4220,0.3260,0.1700,0.0000,0.0000,1.1170,1.0000,4.6450,193.1430,1.7060,0.0000,0.0000,0.0000,68.2967,0.0000,3877.0000,1443.0000,0.0000,17.0000,30.0000,16.0000,10.0000
2.4040,0.5190,0.3410,0.2410,0.1530,0.0000,0.0000,1.5440,1.0000,4.6450,193.1430,1.7060,0.0000,0.0000,0.0000,68.3070,0.0000,3878.0000,1443.0000,0.0000,17.0000,30.0000,16.0000,10.0000
1.6510,0.7910,0.3320,0.5710,0.1110,0.0000,0.0000,0.5280,1.0000,4.6450,193.1430,1.7060,0.0000,0.0000,0.0000,68.3072,0.0000,3878.0000,1443.0000,0.0000,17.0000,30.0000,16.0000,10.0000
1.7040,0.4010,0.2930,0.2450,0.1200,0.0000,0.0000,1.0100,1.0000,4.6450,193.1430,1.7060,0.0000,0.0000,0.0000,68.3072,0.0000,3878.0000,1443.0000,0.0000,17.0000,30.0000,16.0000,10.0000
1.6200,0.4160,0.2720,0.2600,0.0950,0.0000,0.0000,0.9320,1.0000,4.6450,193.1430,1.7060,0.0000,0.0000,0.0000,68.3072,0.0000,3878.0000,1443.0000,0.0000,17.0000,30.0000,16.0000,10.0000
1.6230,0.4060,0.3330,0.2130,0.1370,0.0000,0.0000,0.8840,1.0000,4.6450,193.1430,1.7060,0.0000,0.0000,0.0000,68.3175,0.0000,3879.0000,1443.0000,0.0000,17.0000,30.0000,16.0000,10.0000
1.6230,0.4280,0.3160,0.2390,0.1190,0.0000,0.0000,0.8790,1.0000,4.6450,193.1430,1.7060,0.0000,0.0000,0.0000,68.3175,0.0000,3879.0000,1443.0000,0.0000,17.0000,30.0000,16.0000,10.0000
1.7760,0.4050,0.3210,0.2240,0.1510,0.0000,0.0000,1.0500,1.0000,4.6450,193.1430,1.7060,0.0000,0.0000,0.0000,68.3481,0.0000,3882.0000,1443.0000,0.0000,17.0000,30.0000,16.0000,10.0000
1.5940,0.5620,0.2980,0.2230,0.1040,0.0000,0.0000,0.7340,1.0000,4.6450,193.1430,1.7060,0.0000,0.0000,0.0000,68.3482,0.0000,3882.0000,1443.0000,0.0000,17.0000,30.0000,16.0000,10.0000
1.6370,0.4040,0.3200,0.2550,0.1540,0.0000,0.0000,0.9130,1.0000,4.6450,193.1430,1.7060,0.0000,0.0000,0.0000,68.3483,0.0000,3882.0000,1443.0000,0.0000,17.0000,30.0000,16.0000,10.0000
1.8230,0.3820,0.3240,0.2240,0.1590,0.0000,0.0000,1.1170,1.0000,4.6450,193.1430,1.7060,0.0000,0.0000,0.0000,68.3892,0.0000,3886.0000,1443.0000,0.0000,17.0000,30.0000,16.0000,10.0000
1.8530,0.5970,0.3530,0.2230,0.1440,0.0000,0.0000,0.9030,1.0000,4.6450,193.1430,1.7060,0.0000,0.0000,0.0000,68.3988,0.0000,3887.0000,1443.0000,0.0000,17.0000,29.0000,16.0000,10.0000
1.6650,0.5600,0.3120,0.2730,0.1060,0.0000,0.0000,0.7930,1.0000,4.6450,193.1430,1.7060,0.0000,0.0000,0.0000,68.3990,0.0000,3887.0000,1443.0000,0.0000,17.0000,29.0000,16.0000,10.0000
1.6780,0.3980,0.3080,0.2410,0.1170,0.0000,0.0000,0.9720,1.0000,4.6450,193.1430,1.7060,0.0000,0.0000,0.0000,68.3991,0.0000,3887.0000,1443.0000,0.0000,17.0000,29.0000,16.0000,10.0000
1.5310,0.3940,0.2820,0.2240,0.1040,0.0000,0.0000,0.8550,1.0000,4.6450,193.1430,1.7060,0.0000,0.0000,0.0000,68.3991,0.0000,3887.0000,1443.0000,0.0000,17.0000,29.0000,16.0000,10.0000
1.5590,0.4450,0.2800,0.2790,0.1020,0.0000,0.0000,0.8340,1.0000,4.6450,193.1430,1.7060,0.0000,0.0000,0.0000,68.3991,0.0000,3887.0000,1443.0000,0.0000,17.0000,29.0000,16.0000,10.0000
1.6320,0.3750,0.2670,0.2200,0.0990,0.0000,0.0000,0.9900,1.0000,4.6450,193.1430,1.7060,0.0000,0.0000,0.0000,68.3984,0.0000,3887.0000,1443.0000,0.0000,17.0000,28.0000,16.0000,10.0000
1.6870,0.4170,0.3420,0.2240,0.1100,0.0000,0.0000,0.9280,1.0000,4.6450,193.1430,1.7060,0.0000,0.0000,0.0000,68.3984,0.0000,3887.0000,1443.0000,0.0000,17.0000,28.0000,16.0000,10.0000
1.8370,0.4070,0.2910,0.2430,0.1170,0.0000,0.0000,1.1390,1.0000,4.6450,193.1430,1.7060,0.0000,0.0000,0.0000,68.3977,0.0000,3887.0000,1443.0000,0.0000,17.0000,27.0000,16.0000,10.0000
1.6960,0.4780,0.2830,0.3000,0.1010,0.0000,0.0000,0.9350,1.0000,4.6450,193.1430,1.7060,0.0000,0.0000,0.0000,68.3977,0.0000,3887.0000,1443.0000,0.0000,17.0000,27.0000,16.0000,10.0000
2.1740,0.3850,0.3470,0.2230,0.1450,0.0000,0.0000,1.4420,1.0000,4.6450,193.1430,1.7060,0.0000,0.0000,0.0000,68.4079,0.0000,3888.0000,1443.0000,0.0000,17.0000,27.0000,16.0000,10.0000
1.8020,0.4950,0.4360,0.2310,0.1340,0.0000,0.0000,0.8710,1.0000,4.6450,193.1430,1.7060,0.0000,0.0000,0.0000,68.4079,0.0000,3888.0000,1443.0000,0.0000,17.0000,27.0000,16.0000,10.0000
1.8060,0.4150,0.3290,0.2340,0.1480,0.0000,0.0000,1.0620,1.0000,4.6450,193.1430,1.7060,0.0000,0.0000,0.0000,68.4282,0.0000,3890.0000,1443.0000,0.0000,17.0000,27.0000,16.0000,10.0000
1.8160,0.5600,0.3500,0.2530,0.1390,0.0000,0.0000,0.9060,1.0000,4.6450,193.1430,1.7060,0.0000,0.0000,0.0000,68.4392,0.0000,3891.0000,1443.0000,0.0000,17.0000,28.0000,16.0000,10.0000
1.7540,0.5750,0.4340,0.2830,0.2220,0.0000,0.0000,0.7450,1.0000,4.6450,193.1430,1.7060,0.0000,0.0000,0.0000,68.4393,0.0000,3891.0000,1443.0000,0.0000,17.0000,28.0000,16.0000,10.0000
2.0190,0.4180,0.3400,0.2490,0.1560,0.0000,0.0000,1.2610,1.0000,4.6450,193.1430,1.7060,0.0000,0.0000,0.0000,68.4400,0.0000,3891.0000,1443.0000,0.0000,17.0000,29.0000,16.0000,10.0000
1.7980,0.7430,0.3390,0.2580,0.1500,0.0000,0.0000,0.7160,1.0000,4.6450,193.1430,1.7060,0.0000,0.0000,0.0000,68.4503,0.0000,3892.0000,1443.0000,0.0000,17.0000,29.0000,16.0000,10.0000
1.6200,0.4890,0.2780,0.2250,0.1030,0.0000,0.0000,0.8530,1.0000,4.6450,193.1430,1.7060,0.0000,0.0000,0.0000,68.4496,0.0000,3892.0000,1443.0000,0.0000,17.0000,28.0000,16.0000,10.0000
1.5750,0.4380,0.2980,0.2360,0.1040,0.0000,0.0000,0.8390,1.0000,4.6450,193.1430,1.7060,0.0000,0.0000,0.0000,68.4497,0.0000,3892.0000,1443.0000,0.0000,17.0000,28.0000,16.0000,10.0000
2.4130,0.4160,0.2670,0.2410,0.1000,0.0000,0.0000,1.7300,1.0000,4.6450,193.1430,1.7060,0.0000,0.0000,0.0000,68.4497,0.0000,3892.0000,1443.0000,0.0000,17.0000,28.0000,16.0000,10.0000
2.0890,0.5990,0.4080,0.2990,0.1750,0.0000,0.0000,1.0820,1.0000,4.6450,193.1430,1.7060,0.0000,0.0000,0.0000,68.4904,0.0000,3896.0000,1443.0000,0.0000,17.0000,28.0000,16.0000,10.0000
1.7040,0.6610,0.3050,0.2460,0.1120,0.0000,0.0000,0.7380,1.0000,4.6450,193.1430,1.7060,0.0000,0.0000,0.0000,68.4904,0.0000,3896.0000,1443.0000,0.0000,17.0000,28.0000,16.0000,10.0000
1.7220,0.5360,0.3460,0.2890,0.1410,0.0000,0.0000,0.8400,1.0000,4.6450,193.1430,1.7060,0.0000,0.0000,0.0000,68.4906,0.0000,3896.0000,1443.0000,0.0000,17.0000,28.0000,16.0000,10.0000
2.2410,0.4490,0.3550,0.2480,0.1680,0.0000,0.0000,1.4370,1.0000,4.6450,193.1430,1.7060,0.0000,0.0000,0.0000,68.5214,0.0000,3899.0000,1443.0000,0.0000,17.0000,28.0000,16.0000,10.0000
1.8900,0.7680,0.3090,0.3220,0.1050,0.0000,0.0000,0.8130,1.0000,4.6450,193.1430,1.7060,0.0000,0.0000,0.0000,68.5214,0.0000,3899.0000,1443.0000,0.0000,17.0000,28.0000,16.0000,10.0000
1.6720,0.4240,0.3100,0.2450,0.1070,0.0000,0.0000,0.9380,1.0000,4.6450,193.1430,1.7060,0.0000,0.0000,0.0000,68.5216,0.0000,3899.0000,1443.0000,0.0000,17.0000,28.0000,16.0000,10.0000
1.6510,0.4040,0.2860,0.2280,0.1040,0.0000,0.0000,0.9610,1.0000,4.6450,193.1430,1.7060,0.0000,0.0000,0.0000,68.5216,0.0000,3899.0000,1443.0000,0.0000,17.0000,28.0000,16.0000,10.0000
1.6400,0.4630,0.3170,0.2350,0.1140,0.0000,0.0000,0.8600,1.0000,4.6450,193.1430,1.7060,0.0000,0.0000,0.0000,68.5216,0.0000,3899.0000,1443.0000,0.0000,17.0000,28.0000,16.0000,10.0000
1.6860,0.4360,0.3420,0.2620,0.1630,0.0000,0.0000,0.9080,1.0000,4.6450,193.1430,1.7060,0.0000,0.0000,0.0000,68.5223,0.0000,3899.0000,1443.0000,0.0000,17.0000,29.0000,16.0000,10.0000
1.7260,0.4180,0.2830,0.2390,0.1010,0.0000,0.0000,1.0250,1.0000,4.6450,193.1430,1.7060,0.0000,0.0000,0.0000,68.5223,0.0000,3899.0000,1443.0000,0.0000,17.0000,29.0000,16.0000,10.0000
1.8050,0.4790,0.3510,0.3090,0.1460,0.0000,0.0000,0.9750,1.0000,4.6450,193.1430,1.7060,0.0000,0.0000,0.0000,68.5325,0.0000,3900.0000,1443.0000,0.0000,17.0000,29.0000,16.0000,10.0000
1.6140,0.5680,0.3350,0.2890,0.1420,0.0000,0.0000,0.7110,1.0000,4.6450,193.1430,1.7060,0.0000,0.0000,0.0000,68.5325,0.0000,3900.0000,1443.0000,0.0000,17.0000,29.0000,16.0000,10.0000
1.7650,0.4000,0.2690,0.2320,0.1000,0.0000,0.0000,1.0960,1.0000,4.6450,193.1430,1.7060,0.0000,0.0000,0.0000,68.5326,0.0000,3900.0000,1443.0000,0.0000,17.0000,29.0000,16.0000,10.0000
1.8120,0.4500,0.3450,0.2370,0.1510,0.0000,0.0000,1.0170,1.0000,4.6450,193.1430,1.7060,0.0000,0.0000,0.0000,68.5421,0.0000,3901.0000,1443.0000,0.0000,17.0000,28.0000,16.0000,10.0000
1.7740,0.5830,0.3640,0.3020,0.1110,0.0000,0.0000,0.8270,1.0000,4.6450,193.1430,1.7060,0.0000,0.0000,0.0000,68.5425,0.0000,3901.0000,1443.0000,0.0000,17.0000,29.0000,16.0000,10.0000
1.8660,0.5420,0.4220,0.3530,0.1710,0.0000,0.0000,0.9020,1.0000,4.6450,193.1430,1.7060,0.0000,0.0000,0.0000,68.2648,0.0000,3874.0000,1443.0000,0.0000,17.0000,28.0000,16.0000,10.0000
1.7270,0.4380,0.3490,0.2590,0.1430,0.0000,0.0000,0.9400,1.0000,4.6450,193.1430,1.7060,0.0000,0.0000,0.0000,68.2751,0.0000,3875.0000,1443.0000,0.0000,17.0000,28.0000,16.0000,10.0000
1.5820,0.4340,0.2810,0.2280,0.1050,0.0000,0.0000,0.8670,1.0000,4.6450,193.1430,1.7060,0.0000,0.0000,0.0000,68.2751,0.0000,3875.0000,1443.0000,0.0000,17.0000,28.0000,16.0000,10.0000
1.5950,0.4320,0.3410,0.2360,0.1380,0.0000,0.0000,0.8220,1.0000,4.6450,193.1430,1.7060,0.0000,0.0000,0.0000,68.2854,0.0000,3876.0000,1443.0000,0.0000,17.0000,28.0000,16.0000,10.0000
1.6250,0.4410,0.3840,0.2470,0.1270,0.0000,0.0000,0.8000,1.0000,4.6450,193.1430,1.7060,0.0000,0.0000,0.0000,68.2854,0.0000,3876.0000,1443.0000,0.0000,17.0000,28.0000,16.0000,10.0000
1.5400,0.3850,0.2720,0.2280,0.1010,0.0000,0.0000,0.8830,1.0000,4.6450,193.1430,1.7060,0.0000,0.0000,0.0000,68.2854,0.0000,3876.0000,1443.0000,0.0000,17.0000,28.0000,16.0000,11.0000
1.7580,0.4690,0.4280,0.2880,0.2500,0.0000,0.0000,0.8610,1.0000,4.6450,193.1430,1.7060,0.0000,0.0000,0.0000,68.2854,0.0000,3876.0000,1443.0000,0.0000,17.0000,28.0000,16.0000,11.0000
1.7950,0.4100,0.3990,0.2450,0.2090,0.0000,0.0000,0.9860,1.0000,4.6450,193.1430,1.7060,0.0000,0.0000,0.0000,68.3056,0.0000,3878.0000,1443.0000,0.0000,17.0000,28.0000,16.0000,11.0000
1.7000,0.4720,0.3110,0.2310,0.1440,0.0000,0.0000,0.9170,1.0000,4.6450,193.1430,1.7060,0.0000,0.0000,0.0000,68.3262,0.0000,3880.0000,1443.0000,0.0000,17.0000,28.0000,16.0000,12.0000
2.6500,0.5100,0.3290,0.2290,0.1330,0.0000,0.0000,1.8110,1.0000,4.6450,193.1430,1.7060,0.0000,0.0000,0.0000,68.3256,0.0000,3880.0000,1443.0000,0.0000,17.0000,27.0000,16.0000,12.0000
6.1900,0.5750,4.5750,0.3500,0.1330,0.0000,0.0000,1.0400,1.0000,4.6450,193.1430,1.7060,0.0000,0.0000,0.0000,68.3257,0.0000,3880.0000,1443.0000,0.0000,17.0000,27.0000,16.0000,12.0000
2.0270,0.5070,0.4220,0.3230,0.2310,0.0000,0.0000,1.0980,1.0000,4.6450,193.1430,1.7060,0.0000,0.0000,0.0000,68.3572,0.0000,3883.0000,1443.0000,0.0000,17.0000,28.0000,16.0000,12.0000
1.6650,0.6070,0.3550,0.3090,0.1720,0.0000,0.0000,0.7030,1.0000,4.6450,193.1430,1.7060,0.0000,0.0000,0.0000,68.3572,0.0000,3883.0000,1443.0000,0.0000,17.0000,28.0000,16.0000,12.0000
1.7570,0.4090,0.3780,0.2490,0.1980,0.0000,0.0000,0.9700,1.0000,4.6450,193.1430,1.7060,0.0000,0.0000,0.0000,68.3676,0.0000,3884.0000,1443.0000,0.0000,17.0000,28.0000,16.0000,12.0000
1.6080,0.4410,0.2910,0.2310,0.1060,0.0000,0.0000,0.8760,1.0000,4.6450,193.1430,1.7060,0.0000,0.0000,0.0000,68.3676,0.0000,3884.0000,1443.0000,0.0000,17.0000,28.0000,16.0000,12.0000
1.7160,0.4830,0.3400,0.3310,0.1590,0.0000,0.0000,0.8930,1.0000,4.6450,193.1430,1.7060,0.0000,0.0000,0.0000,68.3677,0.0000,3884.0000,1443.0000,0.0000,17.0000,28.0000,16.0000,12.0000
1.6160,0.4630,0.2980,0.3040,0.1180,0.0000,0.0000,0.8550,1.0000,4.6450,193.1430,1.7060,0.0000,0.0000,0.0000,68.3677,0.0000,3884.0000,1443.0000,0.0000,17.0000,28.0000,16.0000,12.0000
1.7170,0.3970,0.2900,0.2300,0.1060,0.0000,0.0000,1.0300,1.0000,4.6450,193.1430,1.7060,0.0000,0.0000,0.0000,68.3677,0.0000,3884.0000,1443.0000,0.0000,17.0000,28.0000,16.0000,12.0000
1.6020,0.5280,0.3190,0.3590,0.1090,0.0000,0.0000,0.7550,1.0000,4.6450,193.1430,1.7060,0.0000,0.0000,0.0000,68.3677,0.0000,3884.0000,1443.0000,0.0000,17.0000,28.0000,16.0000,12.0000
1.5260,0.4270,0.2750,0.2620,0.1020,0.0000,0.0000,0.8240,1.0000,4.6450,193.1430,1.7060,0.0000,0.0000,0.0000,68.3677,0.0000,3884.0000,1443.0000,0.0000,17.0000,28.0000,16.0000,12.0000
1.5740,0.3900,0.3050,0.2310,0.1040,0.0000,0.0000,0.8790,1.0000,4.6450,193.1430,1.7060,0.0000,0.0000,0.0000,68.3677,0.0000,3884.0000,1443.0000,0.0000,17.0000,28.0000,16.0000,12.0000
1.7910,0.4580,0.3330,0.3080,0.1700,0.0000,0.0000,1.0000,1.0000,4.6450,193.1430,1.7060,0.0000,0.0000,0.0000,68.3989,0.0000,3887.0000,1443.0000,0.0000,17.0000,29.0000,16.0000,12.0000
1.5650,0.5270,0.2780,0.2480,0.1050,0.0000,0.0000,0.7600,1.0000,4.6450,193.1430,1.7060,0.0000,0.0000,0.0000,68.3983,0.0000,3887.0000,1443.0000,0.0000,17.0000,28.0000,16.0000,12.0000
1.5750,0.4280,0.3080,0.2290,0.1070,0.0000,0.0000,0.8390,1.0000,4.6450,193.1430,1.7060,0.0000,0.0000,0.0000,68.3985,0.0000,3887.0000,1443.0000,0.0000,17.0000,28.0000,16.0000,12.0000
1.6930,0.3990,0.3140,0.2450,0.1500,0.0000,0.0000,0.9800,1.0000,4.6450,193.1430,1.7060,0.0000,0.0000,0.0000,68.4094,0.0000,3888.0000,1443.0000,0.0000,17.0000,29.0000,16.0000,12.0000
1.6350,0.4590,0.2750,0.2580,0.1040,0.0000,0.0000,0.9010,1.0000,4.6450,193.1430,1.7060,0.0000,0.0000,0.0000,68.4094,0.0000,3888.0000,1443.0000,0.0000,17.0000,29.0000,16.0000,11.0000
1.7310,0.5050,0.3330,0.2870,0.1620,0.0000,0.0000,0.8930,1.0000,4.6450,193.1430,1.7060,0.0000,0.0000,0.0000,68.4096,0.0000,3888.0000,1443.0000,0.0000,17.0000,29.0000,16.0000,12.0000
1.5900,0.5050,0.2920,0.3500,0.1240,0.0000,0.0000,0.7930,1.0000,4.6450,193.1430,1.7060,0.0000,0.0000,0.0000,68.4096,0.0000,3888.0000,1443.0000,0.0000,17.0000,29.0000,16.0000,12.0000
1.4920,0.3840,0.2760,0.2300,0.1070,0.0000,0.0000,0.8320,1.0000,4.6450,193.1430,1.7060,0.0000,0.0000,0.0000,68.4096,0.0000,3888.0000,1443.0000,0.0000,17.0000,29.0000,16.0000,12.0000
2.1600,0.4610,0.7340,0.2900,0.5590,0.0000,0.0000,0.9650,1.0000,4.6450,193.1430,1.7060,0.0000,0.0000,0.0000,68.4273,0.0000,3890.0000,1443.0000,0.0000,17.0000,28.0000,16.0000,12.0000
1.7120,0.5170,0.3200,0.2920,0.1450,0.0000,0.0000,0.8750,1.0000,4.6450,193.1430,1.7060,0.0000,0.0000,0.0000,68.4273,0.0000,3890.0000,1443.0000,0.0000,17.0000,28.0000,16.0000,12.0000
2.0270,0.5190,0.3670,0.2620,0.1960,0.0000,0.0000,1.1410,1.0000,4.6450,193.1430,1.7060,0.0000,0.0000,0.0000,68.4683,0.0000,3894.0000,1443.0000,0.0000,17.0000,29.0000,16.0000,13.0000
1.8850,0.6220,0.3840,0.2420,0.1960,0.0000,0.0000,0.8790,1.0000,4.6450,193.1430,1.7060,0.0000,0.0000,0.0000,68.4786,0.0000,3895.0000,1443.0000,0.0000,17.0000,29.0000,16.0000,13.0000
1.5450,0.4470,0.2760,0.2460,0.1060,0.0000,0.0000,0.8220,1.0000,4.6450,193.1430,1.7060,0.0000,0.0000,0.0000,68.4788,0.0000,3895.0000,1443.0000,0.0000,17.0000,29.0000,16.0000,13.0000
1.9220,0.4310,0.3790,0.2230,0.1730,0.0000,0.0000,1.1120,1.0000,4.6450,193.1430,1.7060,0.0000,0.0000,0.0000,68.5297,0.0000,3900.0000,1443.0000,0.0000,17.0000,29.0000,16.0000,11.0000
1.5540,0.6970,0.3130,0.2380,0.1140,0.0000,0.0000,0.5440,1.0000,4.6450,193.1430,1.7060,0.0000,0.0000,0.0000,68.5297,0.0000,3900.0000,1443.0000,0.0000,17.0000,29.0000,16.0000,11.0000
1.5640,0.4030,0.2780,0.2490,0.1090,0.0000,0.0000,0.8830,1.0000,4.6450,193.1430,1.7060,0.0000,0.0000,0.0000,68.5300,0.0000,3900.0000,1443.0000,0.0000,17.0000,29.0000,16.0000,11.0000
1.7340,0.4290,0.3520,0.2270,0.1590,0.0000,0.0000,0.9530,1.0000,4.6450,193.1430,1.7060,0.0000,0.0000,0.0000,68.5403,0.0000,3901.0000,1443.0000,0.0000,17.0000,29.0000,16.0000,12.0000
1.6230,0.4940,0.3250,0.2820,0.1450,0.0000,0.0000,0.8040,1.0000,4.6450,193.1430,1.7060,0.0000,0.0000,0.0000,68.5404,0.0000,3901.0000,1443.0000,0.0000,17.0000,29.0000,16.0000,12.0000
1.8500,0.3830,0.3110,0.2250,0.1420,0.0000,0.0000,1.1560,1.0000,4.6450,193.1430,1.7060,0.0000,0.0000,0.0000,68.5500,0.0000,3902.0000,1443.0000,0.0000,17.0000,28.0000,16.0000,12.0000
1.6070,0.4510,0.2850,0.2300,0.1090,0.0000,0.0000,0.8710,1.0000,4.6450,193.1430,1.7060,0.0000,0.0000,0.0000,68.5500,0.0000,3902.0000,1443.0000,0.0000,17.0000,28.0000,16.0000,12.0000
1.6500,0.4530,0.3120,0.2890,0.1430,0.0000,0.0000,0.8850,1.0000,4.6450,193.1430,1.7060,0.0000,0.0000,0.0000,68.5501,0.0000,3902.0000,1443.0000,0.0000,17.0000,28.0000,16.0000,12.0000
2.0550,0.4650,0.3290,0.3070,0.1400,0.0000,0.0000,1.2610,1.0000,4.6450,193.1430,1.7060,0.0000,0.0000,0.0000,68.5501,0.0000,3902.0000,1443.0000,0.0000,17.0000,28.0000,16.0000,12.0000
1.8180,0.4050,0.3490,0.2340,0.1550,0.0000,0.0000,1.0640,1.0000,4.6450,193.1430,1.7060,0.0000,0.0000,0.0000,68.5604,0.0000,3903.0000,1443.0000,0.0000,17.0000,28.0000,16.0000,12.0000
1.7710,0.4660,0.3320,0.2310,0.1500,0.0000,0.0000,0.9730,1.0000,4.6450,193.1430,1.7060,0.0000,0.0000,0.0000,68.5708,0.0000,3904.0000,1443.0000,0.0000,17.0000,28.0000,16.0000,12.0000
1.5410,0.4450,0.2840,0.2230,0.1060,0.0000,0.0000,0.8120,1.0000,4.6450,193.1430,1.7060,0.0000,0.0000,0.0000,68.5708,0.0000,3904.0000,1443.0000,0.0000,17.0000,28.0000,16.0000,12.0000
1.6320,0.4650,0.3350,0.2890,0.1210,0.0000,0.0000,0.8320,1.0000,4.6450,193.1430,1.7060,0.0000,0.0000,0.0000,68.5709,0.0000,3904.0000,1443.0000,0.0000,17.0000,28.0000,16.0000,12.0000
1.7650,0.3890,0.3170,0.2240,0.1460,0.0000,0.0000,1.0590,1.0000,4.6450,193.1430,1.7060,0.0000,0.0000,0.0000,68.5911,0.0000,3906.0000,1443.0000,0.0000,17.0000,28.0000,16.0000,12.0000
1.6800,0.5830,0.2800,0.2230,0.1060,0.0000,0.0000,0.8170,1.0000,4.6450,193.1430,1.7060,0.0000,0.0000,0.0000,68.5911,0.0000,3906.0000,1443.0000,0.0000,17.0000,28.0000,16.0000,12.0000
1.6230,0.5150,0.3620,0.2840,0.1650,0.0000,0.0000,0.7460,1.0000,4.6450,193.1430,1.7060,0.0000,0.0000,0.0000,68.5912,0.0000,3906.0000,1443.0000,0.0000,17.0000,28.0000,16.0000,12.0000
1.5900,0.3970,0.2680,0.2360,0.1030,0.0000,0.0000,0.9250,1.0000,4.6450,193.1430,1.7060,0.0000,0.0000,0.0000,68.5912,0.0000,3906.0000,1443.0000,0.0000,17.0000,28.0000,16.0000,12.0000
1.5380,0.4370,0.3020,0.2270,0.1060,0.0000,0.0000,0.7990,1.0000,4.6450,193.1430,1.7060,0.0000,0.0000,0.0000,68.5912,0.0000,3906.0000,1443.0000,0.0000,17.0000,28.0000,16.0000,12.0000
1.5390,0.4140,0.2670,0.2440,0.1020,0.0000,0.0000,0.8580,1.0000,4.6450,193.1430,1.7060,0.0000,0.0000,0.0000,68.5909,0.0000,3906.0000,1443.0000,0.0000,17.0000,28.0000,16.0000,10.0000
1.9380,0.4040,0.3510,0.2290,0.1270,0.0000,0.0000,1.1830,1.0000,4.6450,193.1430,1.7060,0.0000,0.0000,0.0000,68.2546,0.0000,3873.0000,1443.0000,0.0000,17.0000,28.0000,16.0000,10.0000
1.7480,0.5160,0.3480,0.2930,0.1430,0.0000,0.0000,0.8840,1.0000,4.6450,193.1430,1.7060,0.0000,0.0000,0.0000,68.2647,0.0000,3874.0000,1443.0000,0.0000,17.0000,28.0000,16.0000,10.0000
1.5950,0.4920,0.2870,0.2800,0.1050,0.0000,0.0000,0.8160,1.0000,4.6450,193.1430,1.7060,0.0000,0.0000,0.0000,68.2647,0.0000,3874.0000,1443.0000,0.0000,17.0000,28.0000,16.0000,10.0000
1.5060,0.3690,0.2840,0.2190,0.1050,0.0000,0.0000,0.8530,1.0000,4.6450,193.1430,1.7060,0.0000,0.0000,0.0000,68.2648,0.0000,3874.0000,1443.0000,0.0000,17.0000,28.0000,16.0000,10.0000
1.7480,0.4270,0.3600,0.2790,0.2000,0.0000,0.0000,0.9610,1.0000,4.6450,193.1430,1.7060,0.0000,0.0000,0.0000,68.3055,0.0000,3878.0000,1443.0000,0.0000,17.0000,28.0000,16.0000,10.0000
1.8440,0.5470,0.3190,0.2370,0.1550,0.0000,0.0000,0.9780,1.0000,4.6450,193.1430,1.7060,0.0000,0.0000,0.0000,68.3055,0.0000,3878.0000,1443.0000,0.0000,17.0000,28.0000,16.0000,10.0000
2.4310,0.3900,0.9180,0.2260,0.1250,0.0000,0.0000,1.1230,1.0000,4.6450,193.1430,1.7060,0.0000,0.0000,0.0000,68.3057,0.0000,3878.0000,1443.0000,0.0000,17.0000,28.0000,16.0000,10.0000
1.7380,0.5690,0.3690,0.2760,0.1910,0.0000,0.0000,0.8000,1.0000,4.6450,193.1430,1.7060,0.0000,0.0000,0.0000,68.3260,0.0000,3880.0000,1443.0000,0.0000,17.0000,28.0000,16.0000,11.0000
1.8560,0.4780,0.3820,0.2410,0.1960,0.0000,0.0000,0.9960,1.0000,4.6450,193.1430,1.7060,0.0000,0.0000,0.0000,68.3668,0.0000,3884.0000,1443.0000,0.0000,17.0000,28.0000,16.0000,10.0000
1.7450,0.5840,0.3690,0.2390,0.2020,0.0000,0.0000,0.7920,1.0000,4.6450,193.1430,1.7060,0.0000,0.0000,0.0000,68.3867,0.0000,3886.0000,1443.0000,0.0000,17.0000,27.0000,16.0000,10.0000
1.5140,0.4880,0.2790,0.2270,0.1090,0.0000,0.0000,0.7470,1.0000,4.6450,193.1430,1.7060,0.0000,0.0000,0.0000,68.3870,0.0000,3886.0000,1443.0000,0.0000,17.0000,27.0000,16.0000,11.0000
1.5110,0.4490,0.2900,0.2780,0.1110,0.0000,0.0000,0.7720,1.0000,4.6450,193.1430,1.7060,0.0000,0.0000,0.0000,68.3871,0.0000,3886.0000,1443.0000,0.0000,17.0000,27.0000,16.0000,10.0000
1.5870,0.3740,0.2780,0.2200,0.1100,0.0000,0.0000,0.9350,1.0000,4.6450,193.1430,1.7060,0.0000,0.0000,0.0000,68.3872,0.0000,3886.0000,1443.0000,0.0000,17.0000,27.0000,16.0000,10.0000
1.5930,0.4820,0.3150,0.2890,0.1440,0.0000,0.0000,0.7960,1.0000,4.6450,193.1430,1.7060,0.0000,0.0000,0.0000,68.3872,0.0000,3886.0000,1443.0000,0.0000,17.0000,27.0000,16.0000,10.0000
1.6520,0.3730,0.2990,0.2200,0.1370,0.0000,0.0000,0.9800,1.0000,4.6450,193.1430,1.7060,0.0000,0.0000,0.0000,68.3975,0.0000,3887.0000,1443.0000,0.0000,17.0000,27.0000,16.0000,11.0000
1.5570,0.4550,0.3180,0.2220,0.1250,0.0000,0.0000,0.7840,1.0000,4.6450,193.1430,1.7060,0.0000,0.0000,0.0000,68.3975,0.0000,3887.0000,1443.0000,0.0000,17.0000,27.0000,16.0000,10.0000
1.5510,0.3830,0.2840,0.2320,0.1200,0.0000,0.0000,0.8840,1.0000,4.6450,193.1430,1.7060,0.0000,0.0000,0.0000,68.3975,0.0000,3887.0000,1443.0000,0.0000,17.0000,27.0000,16.0000,9.0000
1.6210,0.3850,0.3090,0.2240,0.1440,0.0000,0.0000,0.9270,1.0000,4.6450,193.1430,1.7060,0.0000,0.0000,0.0000,68.4078,0.0000,3888.0000,1443.0000,0.0000,17.0000,27.0000,16.0000,9.0000
1.5270,0.5090,0.3230,0.2990,0.1430,0.0000,0.0000,0.6950,1.0000,4.6450,193.1430,1.7060,0.0000,0.0000,0.0000,68.4078,0.0000,3888.0000,1443.0000,0.0000,17.0000,27.0000,16.0000,9.0000
1.7000,0.3690,0.2690,0.2160,0.1040,0.0000,0.0000,1.0620,1.0000,4.6450,193.1430,1.7060,0.0000,0.0000,0.0000,68.4079,0.0000,3888.0000,1443.0000,0.0000,17.0000,27.0000,16.0000,10.0000
1.6440,0.5160,0.3540,0.2940,0.1130,0.0000,0.0000,0.7740,1.0000,4.6450,193.1430,1.7060,0.0000,0.0000,0.0000,68.4072,0.0000,3888.0000,1443.0000,0.0000,17.0000,26.0000,16.0000,9.0000
1.6310,0.4610,0.2990,0.2750,0.1110,0.0000,0.0000,0.8710,1.0000,4.6450,193.1430,1.7060,0.0000,0.0000,0.0000,68.4072,0.0000,3888.0000,1443.0000,0.0000,17.0000,26.0000,16.0000,9.0000
1.6480,0.3770,0.3390,0.2180,0.1460,0.0000,0.0000,0.9320,1.0000,4.6450,193.1430,1.7060,0.0000,0.0000,0.0000,68.4174,0.0000,3889.0000,1443.0000,0.0000,17.0000,26.0000,16.0000,9.0000
1.5260,0.4760,0.3140,0.2170,0.1080,0.0000,0.0000,0.7360,1.0000,4.6450,193.1430,1.7060,0.0000,0.0000,0.0000,68.4174,0.0000,3889.0000,1443.0000,0.0000,17.0000,26.0000,16.0000,10.0000
1.6580,0.3890,0.3050,0.2360,0.1390,0.0000,0.0000,0.9640,1.0000,4.6450,193.1430,1.7060,0.0000,0.0000,0.0000,68.4278,0.0000,3890.0000,1443.0000,0.0000,17.0000,26.0000,16.0000,9.0000
1.5700,0.4270,0.2800,0.2220,0.1090,0.0000,0.0000,0.8630,1.0000,4.6450,193.1430,1.7060,0.0000,0.0000,0.0000,68.4278,0.0000,3890.0000,1443.0000,0.0000,17.0000,26.0000,16.0000,9.0000
1.6300,0.4490,0.2830,0.2790,0.1070,0.0000,0.0000,0.8980,1.0000,4.6450,193.1430,1.7060,0.0000,0.0000,0.0000,68.4278,0.0000,3890.0000,1443.0000,0.0000,17.0000,26.0000,16.0000,9.0000
1.8480,0.3860,0.3170,0.2160,0.1470,0.0000,0.0000,1.1450,1.0000,4.6450,193.1430,1.7060,0.0000,0.0000,0.0000,68.4483,0.0000,3892.0000,1443.0000,0.0000,17.0000,26.0000,16.0000,9.0000
2.0860,0.5270,0.3310,0.2360,0.1170,0.0000,0.0000,1.2280,1.0000,4.6450,193.1430,1.7060,0.0000,0.0000,0.0000,68.4483,0.0000,3892.0000,1443.0000,0.0000,17.0000,26.0000,16.0000,10.0000
2.1220,0.4550,0.3200,0.2350,0.1150,0.0000,0.0000,1.3470,1.0000,4.6450,193.1430,1.7060,0.0000,0.0000,0.0000,68.4484,0.0000,3892.0000,1443.0000,0.0000,17.0000,26.0000,16.0000,9.0000
1.8530,0.4780,0.3340,0.2930,0.1520,0.0000,0.0000,1.0410,1.0000,4.6450,193.1430,1.7060,0.0000,0.0000,0.0000,68.4587,0.0000,3893.0000,1443.0000,0.0000,17.0000,26.0000,16.0000,9.0000
1.6990,0.4850,0.3460,0.2240,0.1470,0.0000,0.0000,0.8680,1.0000,4.6450,193.1430,1.7060,0.0000,0.0000,0.0000,68.4690,0.0000,3894.0000,1443.0000,0.0000,17.0000,26.0000,16.0000,10.0000
1.8830,0.5030,0.3170,0.2310,0.1050,0.0000,0.0000,1.0630,1.0000,4.6450,193.1430,1.7060,0.0000,0.0000,0.0000,68.4690,0.0000,3894.0000,1443.0000,0.0000,17.0000,26.0000,16.0000,9.0000
2.2350,0.7240,0.4940,0.5670,0.2880,0.0000,0.0000,1.0170,1.0000,4.6450,193.1430,1.7060,0.0000,0.0000,0.0000,68.4701,0.0000,3894.0000,1443.0000,0.0000,17.0000,27.0000,16.0000,8.0000
1.6570,0.6330,0.3310,0.4610,0.1200,0.0000,0.0000,0.6930,1.0000,4.6450,193.1430,1.7060,0.0000,0.0000,0.0000,68.4701,0.0000,3894.0000,1443.0000,0.0000,17.0000,27.0000,16.0000,8.0000
2.0310,0.4700,0.6420,0.2880,0.4230,0.0000,0.0000,0.9190,1.0000,4.6450,193.1430,1.7060,0.0000,0.0000,0.0000,68.4885,0.0000,3896.0000,1443.0000,0.0000,17.0000,27.0000,16.0000,8.0000
1.6120,0.5290,0.2990,0.2790,0.1080,0.0000,0.0000,0.7840,1.0000,4.6450,193.1430,1.7060,0.0000,0.0000,0.0000,68.4886,0.0000,3896.0000,1443.0000,0.0000,17.0000,27.0000,16.0000,8.0000
1.6530,0.4020,0.3220,0.2390,0.1530,0.0000,0.0000,0.9290,1.0000,4.6450,193.1430,1.7060,0.0000,0.0000,0.0000,68.4989,0.0000,3897.0000,1443.0000,0.0000,17.0000,27.0000,16.0000,8.0000
1.5040,0.4630,0.3030,0.2230,0.1060,0.0000,0.0000,0.7380,1.0000,4.6450,193.1430,1.7060,0.0000,0.0000,0.0000,68.4989,0.0000,3897.0000,1443.0000,0.0000,17.0000,27.0000,16.0000,9.0000
1.7850,0.3860,0.2890,0.2330,0.1240,0.0000,0.0000,1.1100,1.0000,4.6450,193.1430,1.7060,0.0000,0.0000,0.0000,68.5023,0.0000,3898.0000,1443.0000,0.0000,17.0000,27.0000,16.0000,8.0000
1.8770,0.4170,0.3130,0.2510,0.1420,0.0000,0.0000,1.1470,1.0000,4.6450,193.1430,1.7060,0.0000,0.0000,0.0000,68.5122,0.0000,3899.0000,1443.0000,0.0000,17.0000,27.0000,16.0000,8.0000
2.0600,0.5420,0.3390,0.2850,0.1550,0.0000,0.0000,1.1790,1.0000,4.6450,193.1430,1.7060,0.0000,0.0000,0.0000,68.5250,0.0000,3902.0000,1443.0000,0.0000,17.0000,27.0000,16.0000,8.0000
1.6180,0.5640,0.3120,0.3060,0.1090,0.0000,0.0000,0.7420,1.0000,4.6450,193.1430,1.7060,0.0000,0.0000,0.0000,68.5250,0.0000,3902.0000,1443.0000,0.0000,17.0000,27.0000,16.0000,9.0000
1.6410,0.4690,0.3270,0.2830,0.1430,0.0000,0.0000,0.8450,1.0000,4.6450,193.1430,1.7060,0.0000,0.0000,0.0000,68.5251,0.0000,3902.0000,1443.0000,0.0000,17.0000,27.0000,16.0000,8.0000
1.5670,0.3990,0.2770,0.2340,0.1090,0.0000,0.0000,0.8910,1.0000,4.6450,193.1430,1.7060,0.0000,0.0000,0.0000,68.5251,0.0000,3902.0000,1443.0000,0.0000,17.0000,27.0000,16.0000,8.0000
1.7220,0.3940,0.3350,0.2200,0.1410,0.0000,0.0000,0.9930,1.0000,4.6450,193.1430,1.7060,0.0000,0.0000,0.0000,68.5354,0.0000,3903.0000,1443.0000,0.0000,17.0000,27.0000,16.0000,8.0000
1.5870,0.4870,0.2790,0.2750,0.1040,0.0000,0.0000,0.8210,1.0000,4.6450,193.1430,1.7060,0.0000,0.0000,0.0000,68.5354,0.0000,3903.0000,1443.0000,0.0000,17.0000,27.0000,16.0000,8.0000
1.6240,0.3800,0.3020,0.2190,0.1360,0.0000,0.0000,0.9420,1.0000,4.6450,193.1430,1.7060,0.0000,0.0000,0.0000,68.5457,0.0000,3904.0000,1443.0000,0.0000,17.0000,27.0000,16.0000,9.0000
1.6740,0.4830,0.3640,0.2260,0.1660,0.0000,0.0000,0.8270,1.0000,4.6450,193.1430,1.7060,0.0000,0.0000,0.0000,68.5560,0.0000,3905.0000,1443.0000,0.0000,17.0000,27.0000,16.0000,8.0000
1.5780,0.4950,0.3330,0.2770,0.1120,0.0000,0.0000,0.7500,1.0000,4.6450,193.1430,1.7060,0.0000,0.0000,0.0000,68.5560,0.0000,3905.0000,1443.0000,0.0000,17.0000,27.0000,16.0000,8.0000
1.6750,0.3910,0.3000,0.2240,0.1350,0.0000,0.0000,0.9840,1.0000,4.6450,193.1430,1.7060,0.0000,0.0000,0.0000,68.5663,0.0000,3906.0000,1443.0000,0.0000,17.0000,27.0000,16.0000,8.0000
1.6230,0.4910,0.3010,0.2700,0.1040,0.0000,0.0000,0.8310,1.0000,4.6450,193.1430,1.7060,0.0000,0.0000,0.0000,68.5663,0.0000,3906.0000,1443.0000,0.0000,17.0000,27.0000,16.0000,9.0000
1.5010,0.4920,0.2750,0.3290,0.1070,0.0000,0.0000,0.7340,1.0000,4.6450,193.1430,1.7060,0.0000,0.0000,0.0000,68.5664,0.0000,3906.0000,1443.0000,0.0000,17.0000,27.0000,16.0000,8.0000
3.6980,0.3840,0.3330,0.2200,0.1400,0.0000,0.0000,2.9810,1.0000,4.6450,193.1430,1.7060,0.0000,0.0000,0.0000,68.5766,0.0000,3907.0000,1443.0000,0.0000,17.0000,27.0000,16.0000,8.0000
1.8320,0.5720,0.3840,0.2850,0.1840,0.0000,0.0000,0.8760,1.0000,4.6450,193.1430,1.7060,0.0000,0.0000,0.0000,68.3298,0.0000,3883.0000,1443.0000,0.0000,17.0000,27.0000,16.0000,8.0000
1.6310,0.4530,0.3320,0.2350,0.1610,0.0000,0.0000,0.8460,1.0000,4.6450,193.1430,1.7060,0.0000,0.0000,0.0000,68.3298,0.0000,3883.0000,1443.0000,0.0000,17.0000,27.0000,16.0000,9.0000
1.7630,0.3880,0.2760,0.2200,0.1070,0.0000,0.0000,1.0990,1.0000,4.6450,193.1430,1.7060,0.0000,0.0000,0.0000,68.3298,0.0000,3883.0000,1443.0000,0.0000,17.0000,27.0000,16.0000,8.0000
1.6930,0.4860,0.3460,0.2920,0.1140,0.0000,0.0000,0.8610,1.0000,4.6450,193.1430,1.7060,0.0000,0.0000,0.0000,68.3298,0.0000,3883.0000,1443.0000,0.0000,17.0000,27.0000,16.0000,8.0000
1.5650,0.5060,0.3130,0.2840,0.1210,0.0000,0.0000,0.7460,1.0000,4.6450,193.1430,1.7060,0.0000,0.0000,0.0000,68.3298,0.0000,3883.0000,1443.0000,0.0000,17.0000,27.0000,16.0000,8.0000
1.5220,0.3850,0.2680,0.2230,0.1020,0.0000,0.0000,0.8690,1.0000,4.6450,193.1430,1.7060,0.0000,0.0000,0.0000,68.3298,0.0000,3883.0000,1443.0000,0.0000,17.0000,27.0000,16.0000,9.0000
1.7390,0.4580,0.3970,0.2830,0.1870,0.0000,0.0000,0.8840,1.0000,4.6450,193.1430,1.7060,0.0000,0.0000,0.0000,68.3493,0.0000,3885.0000,1443.0000,0.0000,17.0000,26.0000,16.0000,8.0000
1.5610,0.4810,0.2770,0.2380,0.1090,0.0000,0.0000,0.8030,1.0000,4.6450,193.1430,1.7060,0.0000,0.0000,0.0000,68.3493,0.0000,3885.0000,1443.0000,0.0000,17.0000,26.0000,16.0000,8.0000
1.6330,0.4280,0.2920,0.2170,0.1040,0.0000,0.0000,0.9130,1.0000,4.6450,193.1430,1.7060,0.0000,0.0000,0.0000,68.3483,0.0000,3883.0000,1443.0000,0.0000,17.0000,26.0000,16.0000,8.0000
1.6830,0.5850,0.3170,0.4350,0.1500,0.0000,0.0000,0.7810,1.0000,4.6450,193.1430,1.7060,0.0000,0.0000,0.0000,68.3585,0.0000,3884.0000,1443.0000,0.0000,17.0000,26.0000,16.0000,9.0000
2.1040,0.4120,0.2770,0.2140,0.1070,0.0000,0.0000,1.4150,1.0000,4.6450,193.1430,1.7060,0.0000,0.0000,0.0000,68.3585,0.0000,3884.0000,1443.0000,0.0000,17.0000,26.0000,16.0000,8.0000
1.8790,0.5030,0.3300,0.2260,0.1210,0.0000,0.0000,1.0460,1.0000,4.6450,193.1430,1.7060,0.0000,0.0000,0.0000,68.3586,0.0000,3884.0000,1443.0000,0.0000,17.0000,26.0000,16.0000,8.0000
1.8640,0.4390,0.3460,0.2450,0.1520,0.0000,0.0000,1.0790,1.0000,4.6450,193.1430,1.7060,0.0000,0.0000,0.0000,68.3788,0.0000,3886.0000,1443.0000,0.0000,17.0000,26.0000,16.0000,8.0000
1.6850,0.5500,0.3130,0.2250,0.1100,0.0000,0.0000,0.8220,1.0000,4.6450,193.1430,1.7060,0.0000,0.0000,0.0000,68.3781,0.0000,3886.0000,1443.0000,0.0000,17.0000,25.0000,16.0000,9.0000
1.8700,0.4550,0.3920,0.2880,0.1630,0.0000,0.0000,1.0230,1.0000,4.6450,193.1430,1.7060,0.0000,0.0000,0.0000,68.3973,0.0000,3887.0000,1443.0000,0.0000,17.0000,25.0000,16.0000,8.0000
1.9920,0.5300,0.4340,0.2790,0.1610,0.0000,0.0000,1.0280,1.0000,4.6450,193.1430,1.7060,0.0000,0.0000,0.0000,68.3973,0.0000,3887.0000,1443.0000,0.0000,17.0000,25.0000,16.0000,8.0000
1.9150,0.4750,0.4020,0.2680,0.2100,0.0000,0.0000,1.0380,1.0000,4.6450,193.1430,1.7060,0.0000,0.0000,0.0000,68.4176,0.0000,3889.0000,1443.0000,0.0000,17.0000,25.0000,16.0000,8.0000
1.7700,0.4890,0.3260,0.2300,0.1070,0.0000,0.0000,0.9550,1.0000,4.6450,193.1430,1.7060,0.0000,0.0000,0.0000,68.4176,0.0000,3889.0000,1443.0000,0.0000,17.0000,25.0000,16.0000,9.0000
1.6090,0.4140,0.3210,0.2510,0.1150,0.0000,0.0000,0.8740,1.0000,4.6450,193.1430,1.7060,0.0000,0.0000,0.0000,68.4177,0.0000,3889.0000,1443.0000,0.0000,17.0000,25.0000,16.0000,8.0000
1.7120,0.4530,0.3630,0.2330,0.1640,0.0000,0.0000,0.8960,1.0000,4.6450,193.1430,1.7060,0.0000,0.0000,0.0000,68.4380,0.0000,3891.0000,1443.0000,0.0000,17.0000,25.0000,16.0000,8.0000
1.4560,0.5630,0.2700,0.2710,0.1010,0.0000,0.0000,0.6230,1.0000,4.6450,193.1430,1.7060,0.0000,0.0000,0.0000,68.4380,0.0000,3891.0000,1443.0000,0.0000,17.0000,25.0000,16.0000,8.0000
1.5600,0.3730,0.2810,0.2150,0.1020,0.0000,0.0000,0.9060,1.0000,4.6450,193.1430,1.7060,0.0000,0.0000,0.0000,68.4381,0.0000,3891.0000,1443.0000,0.0000,17.0000,25.0000,16.0000,9.0000
1.6570,0.4670,0.3520,0.2840,0.1740,0.0000,0.0000,0.8380,1.0000,4.6450,193.1430,1.7060,0.0000,0.0000,0.0000,68.4483,0.0000,3892.0000,1443.0000,0.0000,17.0000,25.0000,16.0000,8.0000
1.7460,0.4110,0.3510,0.2140,0.1470,0.0000,0.0000,0.9840,1.0000,4.6450,193.1430,1.7060,0.0000,0.0000,0.0000,68.4586,0.0000,3893.0000,1443.0000,0.0000,17.0000,25.0000,16.0000,8.0000
1.6100,0.4370,0.2870,0.2190,0.1060,0.0000,0.0000,0.8860,1.0000,4.6450,193.1430,1.7060,0.0000,0.0000,0.0000,68.4587,0.0000,3893.0000,1443.0000,0.0000,17.0000,25.0000,16.0000,9.0000
1.6310,0.4720,0.3520,0.2600,0.1630,0.0000,0.0000,0.8070,1.0000,4.6450,193.1430,1.7060,0.0000,0.0000,0.0000,68.4594,0.0000,3893.0000,1443.0000,0.0000,17.0000,26.0000,16.0000,8.0000
1.5840,0.4120,0.2860,0.2190,0.1090,0.0000,0.0000,0.8860,1.0000,4.6450,193.1430,1.7060,0.0000,0.0000,0.0000,68.4594,0.0000,3893.0000,1443.0000,0.0000,17.0000,26.0000,16.0000,8.0000
1.7580,0.4290,0.3520,0.2270,0.1480,0.0000,0.0000,0.9770,1.0000,4.6450,193.1430,1.7060,0.0000,0.0000,0.0000,68.4717,0.0000,3894.0000,1443.0000,0.0000,17.0000,27.0000,16.0000,8.0000
1.6810,0.5390,0.2810,0.3210,0.1090,0.0000,0.0000,0.8610,1.0000,4.6450,193.1430,1.7060,0.0000,0.0000,0.0000,68.4717,0.0000,3894.0000,1443.0000,0.0000,17.0000,27.0000,16.0000,9.0000
1.8890,0.3710,0.4200,0.2130,0.2310,0.0000,0.0000,1.0980,1.0000,4.6450,193.1430,1.7060,0.0000,0.0000,0.0000,68.4820,0.0000,3895.0000,1443.0000,0.0000,17.0000,27.0000,16.0000,8.0000
1.6990,0.4550,0.3350,0.2160,0.1420,0.0000,0.0000,0.9090,1.0000,4.6450,193.1430,1.7060,0.0000,0.0000,0.0000,68.4923,0.0000,3896.0000,1443.0000,0.0000,17.0000,27.0000,16.0000,8.0000
1.8370,0.4940,0.3500,0.2370,0.1240,0.0000,0.0000,0.9930,1.0000,4.6450,193.1430,1.7060,0.0000,0.0000,0.0000,68.4924,0.0000,3896.0000,1443.0000,0.0000,17.0000,27.0000,16.0000,9.0000
1.7780,0.5510,0.3840,0.2890,0.1580,0.0000,0.0000,0.8430,1.0000,4.6450,193.1430,1.7060,0.0000,0.0000,0.0000,68.5126,0.0000,3898.0000,1443.0000,0.0000,17.0000,27.0000,16.0000,8.0000
1.7140,0.4610,0.3030,0.2170,0.1100,0.0000,0.0000,0.9500,1.0000,4.6450,193.1430,1.7060,0.0000,0.0000,0.0000,68.5126,0.0000,3898.0000,1443.0000,0.0000,17.0000,27.0000,16.0000,8.0000
1.6120,0.3850,0.2990,0.2190,0.1060,0.0000,0.0000,0.9280,1.0000,4.6450,193.1430,1.7060,0.0000,0.0000,0.0000,68.5127,0.0000,3898.0000,1443.0000,0.0000,17.0000,27.0000,16.0000,8.0000
1.6400,0.4650,0.3380,0.2320,0.1170,0.0000,0.0000,0.8370,1.0000,4.6450,193.1430,1.7060,0.0000,0.0000,0.0000,68.5120,0.0000,3898.0000,1443.0000,0.0000,17.0000,26.0000,16.0000,9.0000
1.7100,0.3780,0.3590,0.2190,0.1220,0.0000,0.0000,0.9730,1.0000,4.6450,193.1430,1.7060,0.0000,0.0000,0.0000,68.5120,0.0000,3898.0000,1443.0000,0.0000,17.0000,26.0000,16.0000,8.0000
1.7070,0.3890,0.3410,0.2210,0.1430,0.0000,0.0000,0.9770,1.0000,4.6450,193.1430,1.7060,0.0000,0.0000,0.0000,68.5223,0.0000,3899.0000,1443.0000,0.0000,17.0000,26.0000,16.0000,8.0000
1.7470,0.4890,0.3510,0.2270,0.1220,0.0000,0.0000,0.9070,1.0000,4.6450,193.1430,1.7060,0.0000,0.0000,0.0000,68.5230,0.0000,3899.0000,1443.0000,0.0000,17.0000,27.0000,16.0000,9.0000
1.8130,0.5590,0.4220,0.2800,0.2150,0.0000,0.0000,0.8320,1.0000,4.6450,193.1430,1.7060,0.0000,0.0000,0.0000,68.5333,0.0000,3900.0000,1443.0000,0.0000,17.0000,27.0000,16.0000,8.0000
1.6450,0.4240,0.3060,0.2210,0.1120,0.0000,0.0000,0.9150,1.0000,4.6450,193.1430,1.7060,0.0000,0.0000,0.0000,68.5335,0.0000,3900.0000,1443.0000,0.0000,17.0000,27.0000,16.0000,8.0000
1.6160,0.4020,0.3090,0.2220,0.1070,0.0000,0.0000,0.9050,1.0000,4.6450,193.1430,1.7060,0.0000,0.0000,0.0000,68.5335,0.0000,3900.0000,1443.0000,0.0000,17.0000,27.0000,16.0000,9.0000
1.7280,0.4480,0.3830,0.2910,0.2020,0.0000,0.0000,0.8970,1.0000,4.6450,193.1430,1.7060,0.0000,0.0000,0.0000,68.5438,0.0000,3901.0000,1443.0000,0.0000,17.0000,27.0000,16.0000,8.0000
1.7170,0.4250,0.3690,0.2200,0.1310,0.0000,0.0000,0.9230,1.0000,4.6450,193.1430,1.7060,0.0000,0.0000,0.0000,68.5438,0.0000,3901.0000,1443.0000,0.0000,17.0000,27.0000,16.0000,8.0000
1.6620,0.3950,0.3130,0.2180,0.1090,0.0000,0.0000,0.9540,1.0000,4.6450,193.1430,1.7060,0.0000,0.0000,0.0000,68.5439,0.0000,3901.0000,1443.0000,0.0000,17.0000,27.0000,16.0000,9.0000
1.9330,0.4610,0.4160,0.2380,0.1680,0.0000,0.0000,1.0560,1.0000,4.6450,193.1430,1.7060,0.0000,0.0000,0.0000,68.5641,0.0000,3903.0000,1443.0000,0.0000,17.0000,27.0000,16.0000,8.0000
1.8790,0.6250,0.4120,0.2740,0.1720,0.0000,0.0000,0.8420,1.0000,4.6450,193.1430,1.7060,0.0000,0.0000,0.0000,68.5843,0.0000,3905.0000,1443.0000,0.0000,17.0000,27.0000,16.0000,8.0000
1.7470,0.5500,0.3360,0.3010,0.1520,0.0000,0.0000,0.8610,1.0000,4.6450,193.1430,1.7060,0.0000,0.0000,0.0000,68.5844,0.0000,3905.0000,1443.0000,0.0000,17.0000,27.0000,16.0000,8.0000
1.7960,0.4990,0.3400,0.3320,0.1490,0.0000,0.0000,0.9570,1.0000,4.6450,193.1430,1.7060,0.0000,0.0000,0.0000,68.5948,0.0000,3906.0000,1443.0000,0.0000,17.0000,27.0000,16.0000,7.0000
1.6870,0.4730,0.3030,0.2430,0.1130,0.0000,0.0000,0.9110,1.0000,4.6450,193.1430,1.7060,0.0000,0.0000,0.0000,68.5951,0.0000,3907.0000,1443.0000,0.0000,17.0000,27.0000,16.0000,7.0000
1.7080,0.4500,0.3540,0.2280,0.1210,0.0000,0.0000,0.9040,1.0000,4.6450,193.1430,1.7060,0.0000,0.0000,0.0000,68.5952,0.0000,3907.0000,1443.0000,0.0000,17.0000,27.0000,16.0000,7.0000
1.7110,0.4060,0.3000,0.2210,0.1080,0.0000,0.0000,1.0050,1.0000,4.6450,193.1430,1.7060,0.0000,0.0000,0.0000,68.5952,0.0000,3907.0000,1443.0000,0.0000,17.0000,27.0000,16.0000,7.0000
1.8160,0.3850,0.3320,0.2110,0.1400,0.0000,0.0000,1.0990,1.0000,4.6450,193.1430,1.7060,0.0000,0.0000,0.0000,68.6054,0.0000,3908.0000,1443.0000,0.0000,17.0000,27.0000,16.0000,7.0000
1.7080,0.4440,0.3090,0.2170,0.1080,0.0000,0.0000,0.9550,1.0000,4.6450,193.1430,1.7060,0.0000,0.0000,0.0000,68.6054,0.0000,3908.0000,1443.0000,0.0000,17.0000,27.0000,16.0000,7.0000
2.3930,0.4730,0.4010,0.3090,0.1510,0.0000,0.0000,1.5190,1.0000,4.6450,193.1430,1.7060,0.0000,0.0000,0.0000,68.6051,0.0000,3908.0000,1443.0000,0.0000,17.0000,27.0000,16.0000,7.0000
1.7290,0.5870,0.3080,0.3300,0.1300,0.0000,0.0000,0.8340,1.0000,4.6450,193.1430,1.7060,0.0000,0.0000,0.0000,68.2935,0.0000,3878.0000,1443.0000,0.0000,17.0000,27.0000,16.0000,7.0000
1.6980,0.4830,0.3090,0.2240,0.1200,0.0000,0.0000,0.9060,1.0000,4.6450,193.1430,1.7060,0.0000,0.0000,0.0000,68.2935,0.0000,3878.0000,1443.0000,0.0000,17.0000,27.0000,16.0000,7.0000
1.6430,0.5170,0.2890,0.2670,0.1030,0.0000,0.0000,0.8370,1.0000,4.6450,193.1430,1.7060,0.0000,0.0000,0.0000,68.2935,0.0000,3878.0000,1443.0000,0.0000,17.0000,27.0000,16.0000,7.0000
1.6570,0.3700,0.2870,0.2120,0.1050,0.0000,0.0000,1.0000,1.0000,4.6450,193.1430,1.7060,0.0000,0.0000,0.0000,68.2935,0.0000,3878.0000,1443.0000,0.0000,17.0000,27.0000,16.0000,7.0000
1.5730,0.4730,0.3080,0.2550,0.1140,0.0000,0.0000,0.7920,1.0000,4.6450,193.1430,1.7060,0.0000,0.0000,0.0000,68.2935,0.0000,3878.0000,1443.0000,0.0000,17.0000,27.0000,16.0000,7.0000
1.7060,0.3580,0.3190,0.2060,0.1350,0.0000,0.0000,1.0290,1.0000,4.6450,193.1430,1.7060,0.0000,0.0000,0.0000,68.3038,0.0000,3879.0000,1443.0000,0.0000,17.0000,27.0000,16.0000,7.0000
1.6940,0.3980,0.2890,0.2050,0.1040,0.0000,0.0000,1.0070,1.0000,4.6450,193.1430,1.7060,0.0000,0.0000,0.0000,68.3038,0.0000,3879.0000,1443.0000,0.0000,17.0000,27.0000,16.0000,7.0000
1.6220,0.4420,0.3360,0.2390,0.1160,0.0000,0.0000,0.8440,1.0000,4.6450,193.1430,1.7060,0.0000,0.0000,0.0000,68.3039,0.0000,3879.0000,1443.0000,0.0000,17.0000,27.0000,16.0000,7.0000
1.6840,0.3750,0.2880,0.2150,0.1020,0.0000,0.0000,1.0210,1.0000,4.6450,193.1430,1.7060,0.0000,0.0000,0.0000,68.3039,0.0000,3879.0000,1443.0000,0.0000,17.0000,27.0000,16.0000,7.0000
1.6340,0.3760,0.2920,0.2150,0.1040,0.0000,0.0000,0.9660,1.0000,4.6450,193.1430,1.7060,0.0000,0.0000,0.0000,68.3039,0.0000,3879.0000,1443.0000,0.0000,17.0000,27.0000,16.0000,7.0000
1.7570,0.4700,0.3710,0.2420,0.1480,0.0000,0.0000,0.9160,1.0000,4.6450,193.1430,1.7060,0.0000,0.0000,0.0000,68.3141,0.0000,3880.0000,1443.0000,0.0000,17.0000,27.0000,16.0000,7.0000
1.8390,0.4540,0.4270,0.2570,0.1800,0.0000,0.0000,0.9580,1.0000,4.6450,193.1430,1.7060,0.0000,0.0000,0.0000,68.3244,0.0000,3881.0000,1443.0000,0.0000,17.0000,27.0000,16.0000,7.0000
1.5980,0.4430,0.2960,0.2180,0.1080,0.0000,0.0000,0.8590,1.0000,4.6450,193.1430,1.7060,0.0000,0.0000,0.0000,68.3245,0.0000,3881.0000,1443.0000,0.0000,17.0000,27.0000,16.0000,7.0000
1.7370,0.3820,0.3390,0.2110,0.1390,0.0000,0.0000,1.0160,1.0000,4.6450,193.1430,1.7060,0.0000,0.0000,0.0000,68.3341,0.0000,3882.0000,1443.0000,0.0000,17.0000,26.0000,16.0000,7.0000
1.6750,0.4860,0.3610,0.2330,0.1400,0.0000,0.0000,0.8280,1.0000,4.6450,193.1430,1.7060,0.0000,0.0000,0.0000,68.3443,0.0000,3883.0000,1443.0000,0.0000,17.0000,26.0000,16.0000,7.0000
1.6350,0.4170,0.2880,0.2200,0.1050,0.0000,0.0000,0.9300,1.0000,4.6450,193.1430,1.7060,0.0000,0.0000,0.0000,68.3444,0.0000,3883.0000,1443.0000,0.0000,17.0000,26.0000,16.0000,7.0000
1.5570,0.3870,0.3020,0.2150,0.1040,0.0000,0.0000,0.8680,1.0000,4.6450,193.1430,1.7060,0.0000,0.0000,0.0000,68.3445,0.0000,3883.0000,1443.0000,0.0000,17.0000,26.0000,16.0000,7.0000
1.6760,0.4510,0.3420,0.2980,0.1550,0.0000,0.0000,0.8830,1.0000,4.6450,193.1430,1.7060,0.0000,0.0000,0.0000,68.3445,0.0000,3883.0000,1443.0000,0.0000,17.0000,26.0000,16.0000,7.0000
1.6540,0.3960,0.2870,0.2190,0.1050,0.0000,0.0000,0.9710,1.0000,4.6450,193.1430,1.7060,0.0000,0.0000,0.0000,68.3445,0.0000,3883.0000,1443.0000,0.0000,17.0000,26.0000,16.0000,7.0000
1.5970,0.4000,0.3040,0.2220,0.1040,0.0000,0.0000,0.8930,1.0000,4.6450,193.1430,1.7060,0.0000,0.0000,0.0000,68.3445,0.0000,3883.0000,1443.0000,0.0000,17.0000,26.0000,16.0000,7.0000
1.7870,0.4280,0.3230,0.2760,0.1360,0.0000,0.0000,1.0360,1.0000,4.6450,193.1430,1.7060,0.0000,0.0000,0.0000,68.3547,0.0000,3884.0000,1443.0000,0.0000,17.0000,26.0000,16.0000,7.0000
1.5930,0.5240,0.3060,0.3190,0.1170,0.0000,0.0000,0.7630,1.0000,4.6450,193.1430,1.7060,0.0000,0.0000,0.0000,68.3547,0.0000,3884.0000,1443.0000,0.0000,17.0000,26.0000,16.0000,7.0000
1.6170,0.3930,0.3090,0.2170,0.1070,0.0000,0.0000,0.9150,1.0000,4.6450,193.1430,1.7060,0.0000,0.0000,0.0000,68.3548,0.0000,3884.0000,1443.0000,0.0000,17.0000,26.0000,16.0000,7.0000
1.8050,0.4250,0.4350,0.2700,0.1870,0.0000,0.0000,0.9450,1.0000,4.6450,193.1430,1.7060,0.0000,0.0000,0.0000,68.3650,0.0000,3885.0000,1443.0000,0.0000,17.0000,26.0000,16.0000,7.0000
1.5480,0.4190,0.2850,0.2160,0.1010,0.0000,0.0000,0.8440,1.0000,4.6450,193.1430,1.7060,0.0000,0.0000,0.0000,68.3650,0.0000,3885.0000,1443.0000,0.0000,17.0000,26.0000,16.0000,7.0000
1.6520,0.3890,0.3330,0.2250,0.1140,0.0000,0.0000,0.9300,1.0000,4.6450,193.1430,1.7060,0.0000,0.0000,0.0000,68.3651,0.0000,3885.0000,1443.0000,0.0000,17.0000,26.0000,16.0000,7.0000
1.6110,0.5100,0.2880,0.2690,0.1030,0.0000,0.0000,0.8130,1.0000,4.6450,193.1430,1.7060,0.0000,0.0000,0.0000,68.3651,0.0000,3885.0000,1443.0000,0.0000,17.0000,26.0000,16.0000,7.0000
1.5950,0.3760,0.2900,0.2150,0.1030,0.0000,0.0000,0.9290,1.0000,4.6450,193.1430,1.7060,0.0000,0.0000,0.0000,68.3651,0.0000,3885.0000,1443.0000,0.0000,17.0000,26.0000,16.0000,6.0000
1.7020,0.4500,0.3750,0.2970,0.1450,0.0000,0.0000,0.8770,1.0000,4.6450,193.1430,1.7060,0.0000,0.0000,0.0000,68.3754,0.0000,3886.0000,1443.0000,0.0000,17.0000,26.0000,16.0000,6.0000
1.8440,0.4280,0.3340,0.2260,0.1510,0.0000,0.0000,1.0820,1.0000,4.6450,193.1430,1.7060,0.0000,0.0000,0.0000,68.3962,0.0000,3888.0000,1443.0000,0.0000,17.0000,27.0000,16.0000,7.0000
1.6570,0.5260,0.3020,0.2710,0.1110,0.0000,0.0000,0.8290,1.0000,4.6450,193.1430,1.7060,0.0000,0.0000,0.0000,68.3963,0.0000,3888.0000,1443.0000,0.0000,17.0000,27.0000,16.0000,7.0000
1.6160,0.3900,0.3080,0.2120,0.1090,0.0000,0.0000,0.9180,1.0000,4.6450,193.1430,1.7060,0.0000,0.0000,0.0000,68.3964,0.0000,3888.0000,1443.0000,0.0000,17.0000,27.0000,16.0000,7.0000
1.6960,0.4530,0.3240,0.2930,0.1090,0.0000,0.0000,0.9190,1.0000,4.6450,193.1430,1.7060,0.0000,0.0000,0.0000,68.3964,0.0000,3888.0000,1443.0000,0.0000,17.0000,27.0000,16.0000,7.0000
1.6780,0.4530,0.3310,0.2920,0.1390,0.0000,0.0000,0.8940,1.0000,4.6450,193.1430,1.7060,0.0000,0.0000,0.0000,68.4066,0.0000,3889.0000,1443.0000,0.0000,17.0000,27.0000,16.0000,7.0000
1.6430,0.4380,0.3110,0.2180,0.1080,0.0000,0.0000,0.8940,1.0000,4.6450,193.1430,1.7060,0.0000,0.0000,0.0000,68.4066,0.0000,3889.0000,1443.0000,0.0000,17.0000,27.0000,16.0000,7.0000
1.7110,0.4350,0.3960,0.2790,0.1500,0.0000,0.0000,0.8800,1.0000,4.6450,193.1430,1.7060,0.0000,0.0000,0.0000,68.4067,0.0000,3889.0000,1443.0000,0.0000,17.0000,27.0000,16.0000,7.0000
1.7480,0.3800,0.3220,0.2200,0.1380,0.0000,0.0000,1.0460,1.0000,4.6450,193.1430,1.7060,0.0000,0.0000,0.0000,68.4163,0.0000,3890.0000,1443.0000,0.0000,17.0000,26.0000,16.0000,7.0000
1.6990,0.4910,0.3020,0.2160,0.1060,0.0000,0.0000,0.9060,1.0000,4.6450,193.1430,1.7060,0.0000,0.0000,0.0000,68.4163,0.0000,3890.0000,1443.0000,0.0000,17.0000,26.0000,16.0000,7.0000
1.6390,0.4780,0.3300,0.2350,0.1080,0.0000,0.0000,0.8310,1.0000,4.6450,193.1430,1.7060,0.0000,0.0000,0.0000,68.4163,0.0000,3890.0000,1443.0000,0.0000,17.0000,26.0000,16.0000,7.0000
1.6550,0.3750,0.3280,0.2190,0.1420,0.0000,0.0000,0.9520,1.0000,4.6450,193.1430,1.7060,0.0000,0.0000,0.0000,68.4279,0.0000,3891.0000,1443.0000,0.0000,17.0000,26.0000,16.0000,7.0000
1.5590,0.4410,0.3390,0.2200,0.1430,0.0000,0.0000,0.7790,1.0000,4.6450,193.1430,1.7060,0.0000,0.0000,0.0000,68.4382,0.0000,3892.0000,1443.0000,0.0000,17.0000,26.0000,16.0000,7.0000
1.4610,0.4920,0.2910,0.2990,0.1070,0.0000,0.0000,0.6780,1.0000,4.6450,193.1430,1.7060,0.0000,0.0000,0.0000,68.4383,0.0000,3892.0000,1443.0000,0.0000,17.0000,26.0000,16.0000,7.0000
1.5250,0.3710,0.2990,0.2110,0.1040,0.0000,0.0000,0.8550,1.0000,4.6450,193.1430,1.7060,0.0000,0.0000,0.0000,68.4383,0.0000,3892.0000,1443.0000,0.0000,17.0000,26.0000,16.0000,7.0000
1.6560,0.4480,0.4050,0.2650,0.2010,0.0000,0.0000,0.8030,1.0000,4.6450,193.1430,1.7060,0.0000,0.0000,0.0000,68.4585,0.0000,3894.0000,1443.0000,0.0000,17.0000,26.0000,16.0000,7.0000
1.4990,0.4530,0.2910,0.2140,0.1040,0.0000,0.0000,0.7550,1.0000,4.6450,193.1430,1.7060,0.0000,0.0000,0.0000,68.4585,0.0000,3894.0000,1443.0000,0.0000,17.0000,26.0000,16.0000,7.0000
1.5370,0.4480,0.3280,0.2290,0.1060,0.0000,0.0000,0.7610,1.0000,4.6450,193.1430,1.7060,0.0000,0.0000,0.0000,68.4585,0.0000,3894.0000,1443.0000,0.0000,17.0000,26.0000,16.0000,8.0000
1.5590,0.4310,0.3270,0.2730,0.1420,0.0000,0.0000,0.8010,1.0000,4.6450,193.1430,1.7060,0.0000,0.0000,0.0000,68.4688,0.0000,3895.0000,1443.0000,0.0000,17.0000,26.0000,16.0000,8.0000
1.6580,0.4370,0.3680,0.2140,0.1510,0.0000,0.0000,0.8530,1.0000,4.6450,193.1430,1.7060,0.0000,0.0000,0.0000,68.4790,0.0000,3896.0000,1443.0000,0.0000,17.0000,26.0000,16.0000,8.0000
1.4290,0.5620,0.2850,0.2800,0.1010,0.0000,0.0000,0.5820,1.0000,4.6450,193.1430,1.7060,0.0000,0.0000,0.0000,68.4791,0.0000,3896.0000,1443.0000,0.0000,17.0000,26.0000,16.0000,8.0000
1.5530,0.3790,0.3340,0.2100,0.1380,0.0000,0.0000,0.8400,1.0000,4.6450,193.1430,1.7060,0.0000,0.0000,0.0000,68.4895,0.0000,3897.0000,1443.0000,0.0000,17.0000,26.0000,16.0000,8.0000
1.5600,0.4600,0.3640,0.2660,0.1110,0.0000,0.0000,0.7360,1.0000,4.6450,193.1430,1.7060,0.0000,0.0000,0.0000,68.4896,0.0000,3897.0000,1443.0000,0.0000,17.0000,26.0000,16.0000,8.0000
1.4600,0.3840,0.2980,0.2130,0.1040,0.0000,0.0000,0.7780,1.0000,4.6450,193.1430,1.7060,0.0000,0.0000,0.0000,68.4896,0.0000,3897.0000,1443.0000,0.0000,17.0000,26.0000,16.0000,8.0000
1.4760,0.4410,0.2920,0.2890,0.1030,0.0000,0.0000,0.7430,1.0000,4.6450,193.1430,1.7060,0.0000,0.0000,0.0000,68.4896,0.0000,3897.0000,1443.0000,0.0000,17.0000,26.0000,16.0000,8.0000
1.5510,0.3850,0.2990,0.2130,0.1030,0.0000,0.0000,0.8670,1.0000,4.6450,193.1430,1.7060,0.0000,0.0000,0.0000,68.4895,0.0000,3897.0000,1443.0000,0.0000,17.0000,26.0000,16.0000,9.0000
1.4390,0.5160,0.2940,0.3610,0.1050,0.0000,0.0000,0.6290,1.0000,4.6450,193.1430,1.7060,0.0000,0.0000,0.0000,68.4895,0.0000,3897.0000,1443.0000,0.0000,17.0000,26.0000,16.0000,9.0000
1.5340,0.3700,0.3010,0.2110,0.1060,0.0000,0.0000,0.8630,1.0000,4.6450,193.1430,1.7060,0.0000,0.0000,0.0000,68.4902,0.0000,3897.0000,1443.0000,0.0000,17.0000,27.0000,16.0000,9.0000
1.7410,0.5070,0.3500,0.2680,0.1490,0.0000,0.0000,0.8840,1.0000,4.6450,193.1430,1.7060,0.0000,0.0000,0.0000,68.5104,0.0000,3899.0000,1443.0000,0.0000,17.0000,27.0000,16.0000,9.0000
1.6010,0.5210,0.3290,0.2460,0.1440,0.0000,0.0000,0.7510,1.0000,4.6450,193.1430,1.7060,0.0000,0.0000,0.0000,68.5302,0.0000,3901.0000,1443.0000,0.0000,17.0000,27.0000,16.0000,9.0000
1.4560,0.5360,0.3200,0.2250,0.1160,0.0000,0.0000,0.6000,1.0000,4.6450,193.1430,1.7060,0.0000,0.0000,0.0000,68.2426,0.0000,3873.0000,1443.0000,0.0000,17.0000,28.0000,16.0000,9.0000
1.5200,0.3640,0.3480,0.2150,0.1470,0.0000,0.0000,0.8080,1.0000,4.6450,193.1430,1.7060,0.0000,0.0000,0.0000,68.2530,0.0000,3874.0000,1443.0000,0.0000,17.0000,28.0000,16.0000,9.0000
1.4840,0.4220,0.2980,0.2170,0.1020,0.0000,0.0000,0.7640,1.0000,4.6450,193.1430,1.7060,0.0000,0.0000,0.0000,68.2530,0.0000,3874.0000,1443.0000,0.0000,17.0000,28.0000,16.0000,9.0000
1.3480,0.4270,0.2610,0.2810,0.0980,0.0000,0.0000,0.6600,1.0000,4.6450,193.1430,1.7060,0.0000,0.0000,0.0000,68.2530,0.0000,3874.0000,1443.0000,0.0000,17.0000,28.0000,16.0000,9.0000
1.3020,0.4170,0.2580,0.2300,0.0990,0.0000,0.0000,0.6270,1.0000,4.6450,193.1430,1.7060,0.0000,0.0000,0.0000,68.2530,0.0000,3874.0000,1443.0000,0.0000,17.0000,28.0000,16.0000,9.0000
1.4820,0.3560,0.3000,0.2110,0.1430,0.0000,0.0000,0.8260,1.0000,4.6450,193.1430,1.7060,0.0000,0.0000,0.0000,68.2633,0.0000,3875.0000,1443.0000,0.0000,17.0000,28.0000,16.0000,9.0000
1.3000,0.4900,0.2530,0.2580,0.0960,0.0000,0.0000,0.5570,1.0000,4.6450,193.1430,1.7060,0.0000,0.0000,0.0000,68.2640,0.0000,3875.0000,1443.0000,0.0000,17.0000,29.0000,16.0000,9.0000
1.4290,0.3650,0.3160,0.2250,0.1660,0.0000,0.0000,0.7480,1.0000,4.6450,193.1430,1.7060,0.0000,0.0000,0.0000,68.2743,0.0000,3876.0000,1443.0000,0.0000,17.0000,29.0000,16.0000,9.0000
1.4990,0.3980,0.3080,0.2150,0.1300,0.0000,0.0000,0.7930,1.0000,4.6450,193.1430,1.7060,0.0000,0.0000,0.0000,68.2846,0.0000,3877.0000,1443.0000,0.0000,17.0000,29.0000,16.0000,9.0000
1.2850,0.4790,0.2540,0.2310,0.0970,0.0000,0.0000,0.5520,1.0000,4.6450,193.1430,1.7060,0.0000,0.0000,0.0000,68.2854,0.0000,3877.0000,1443.0000,0.0000,17.0000,30.0000,16.0000,9.0000
1.3110,0.3520,0.2650,0.2110,0.1110,0.0000,0.0000,0.6940,1.0000,4.6450,193.1430,1.7060,0.0000,0.0000,0.0000,68.2854,0.0000,3877.0000,1443.0000,0.0000,17.0000,30.0000,16.0000,9.0000
1.5670,0.3480,0.2890,0.2120,0.1370,0.0000,0.0000,0.9300,1.0000,4.6450,193.1430,1.7060,0.0000,0.0000,0.0000,68.3056,0.0000,3879.0000,1443.0000,0.0000,17.0000,30.0000,16.0000,9.0000
1.6410,0.5110,0.3540,0.2210,0.1480,0.0000,0.0000,0.7760,1.0000,4.6450,193.1430,1.7060,0.0000,0.0000,0.0000,68.3159,0.0000,3880.0000,1443.0000,0.0000,17.0000,30.0000,16.0000,9.0000
1.6140,0.4190,0.2740,0.2190,0.1140,0.0000,0.0000,0.9210,1.0000,4.6450,193.1430,1.7060,0.0000,0.0000,0.0000,68.3160,0.0000,3880.0000,1443.0000,0.0000,17.0000,30.0000,16.0000,9.0000
1.6240,0.4710,0.3230,0.3020,0.1430,0.0000,0.0000,0.8300,1.0000,4.6450,193.1430,1.7060,0.0000,0.0000,0.0000,68.3358,0.0000,3882.0000,1443.0000,0.0000,17.0000,30.0000,16.0000,9.0000
1.5230,0.5100,0.2940,0.2270,0.1310,0.0000,0.0000,0.7190,1.0000,4.6450,193.1430,1.7060,0.0000,0.0000,0.0000,68.3358,0.0000,3882.0000,1443.0000,0.0000,17.0000,30.0000,16.0000,9.0000
1.6750,0.3850,0.2650,0.2250,0.1060,0.0000,0.0000,1.0250,1.0000,4.6450,193.1430,1.7060,0.0000,0.0000,0.0000,68.3359,0.0000,3882.0000,1443.0000,0.0000,17.0000,30.0000,16.0000,9.0000
2.0220,0.4750,0.3670,0.2620,0.1560,0.0000,0.0000,1.1800,1.0000,4.6450,193.1430,1.7060,0.0000,0.0000,0.0000,68.3359,0.0000,3882.0000,1443.0000,0.0000,17.0000,30.0000,16.0000,9.0000
1.7120,0.6000,0.3130,0.4050,0.1070,0.0000,0.0000,0.7990,1.0000,4.6450,193.1430,1.7060,0.0000,0.0000,0.0000,68.3359,0.0000,3882.0000,1443.0000,0.0000,17.0000,30.0000,16.0000,9.0000
1.6740,0.5320,0.3540,0.2960,0.1600,0.0000,0.0000,0.7880,1.0000,4.6450,193.1430,1.7060,0.0000,0.0000,0.0000,68.3359,0.0000,3882.0000,1443.0000,0.0000,17.0000,30.0000,16.0000,9.0000
1.7530,0.3880,0.2850,0.2380,0.1020,0.0000,0.0000,1.0800,1.0000,4.6450,193.1430,1.7060,0.0000,0.0000,0.0000,68.3359,0.0000,3882.0000,1443.0000,0.0000,17.0000,30.0000,16.0000,9.0000
1.6520,0.5070,0.3170,0.2680,0.1150,0.0000,0.0000,0.8280,1.0000,4.6450,193.1430,1.7060,0.0000,0.0000,0.0000,68.3369,0.0000,3882.0000,1443.0000,0.0000,17.0000,31.0000,16.0000,9.0000
1.7400,0.4700,0.3850,0.3110,0.1500,0.0000,0.0000,0.8850,1.0000,4.6450,193.1430,1.7060,0.0000,0.0000,0.0000,68.3472,0.0000,3883.0000,1443.0000,0.0000,17.0000,31.0000,16.0000,9.0000
1.7670,0.4130,0.3620,0.2210,0.1230,0.0000,0.0000,0.9920,1.0000,4.6450,193.1430,1.7060,0.0000,0.0000,0.0000,68.3472,0.0000,3883.0000,1443.0000,0.0000,17.0000,31.0000,16.0000,9.0000
1.7270,0.4030,0.3360,0.2230,0.1480,0.0000,0.0000,0.9880,1.0000,4.6450,193.1430,1.7060,0.0000,0.0000,0.0000,68.3675,0.0000,3885.0000,1443.0000,0.0000,17.0000,31.0000,16.0000,9.0000
1.8210,0.5200,0.3470,0.2180,0.1480,0.0000,0.0000,0.9540,1.0000,4.6450,193.1430,1.7060,0.0000,0.0000,0.0000,68.3880,0.0000,3887.0000,1443.0000,0.0000,17.0000,31.0000,16.0000,9.0000
1.6240,0.5330,0.3330,0.2340,0.1070,0.0000,0.0000,0.7580,1.0000,4.6450,193.1430,1.7060,0.0000,0.0000,0.0000,68.3888,0.0000,3887.0000,1443.0000,0.0000,17.0000,32.0000,16.0000,9.0000
1.6250,0.3750,0.2830,0.2220,0.1020,0.0000,0.0000,0.9670,1.0000,4.6450,193.1430,1.7060,0.0000,0.0000,0.0000,68.3889,0.0000,3887.0000,1443.0000,0.0000,17.0000,32.0000,16.0000,9.0000
1.6720,0.3840,0.3300,0.2190,0.1360,0.0000,0.0000,0.9580,1.0000,4.6450,193.1430,1.7060,0.0000,0.0000,0.0000,68.3992,0.0000,3888.0000,1443.0000,0.0000,17.0000,32.0000,16.0000,9.0000
1.6630,0.4840,0.3330,0.2990,0.1520,0.0000,0.0000,0.8460,1.0000,4.6450,193.1430,1.7060,0.0000,0.0000,0.0000,68.3992,0.0000,3888.0000,1443.0000,0.0000,17.0000,32.0000,16.0000,9.0000
1.7290,0.3790,0.3630,0.2250,0.1770,0.0000,0.0000,0.9870,1.0000,4.6450,193.1430,1.7060,0.0000,0.0000,0.0000,68.3991,0.0000,3888.0000,1443.0000,0.0000,17.0000,32.0000,16.0000,9.0000
1.6350,0.4390,0.3290,0.2680,0.1340,0.0000,0.0000,0.8670,1.0000,4.6450,193.1430,1.7060,0.0000,0.0000,0.0000,68.4094,0.0000,3889.0000,1443.0000,0.0000,17.0000,32.0000,16.0000,9.0000
1.6800,0.4770,0.3300,0.2940,0.1090,0.0000,0.0000,0.8730,1.0000,4.6450,193.1430,1.7060,0.0000,0.0000,0.0000,68.4094,0.0000,3889.0000,1443.0000,0.0000,17.0000,32.0000,16.0000,9.0000
2.0770,0.4740,0.2890,0.3180,0.1030,0.0000,0.0000,1.3140,1.0000,4.6450,193.1430,1.7060,0.0000,0.0000,0.0000,68.4102,0.0000,3889.0000,1443.0000,0.0000,17.0000,33.0000,16.0000,9.0000
1.7530,0.5000,0.3070,0.2790,0.1260,0.0000,0.0000,0.9460,1.0000,4.6450,193.1430,1.7060,0.0000,0.0000,0.0000,68.4204,0.0000,3890.0000,1443.0000,0.0000,17.0000,33.0000,16.0000,9.0000
1.5830,0.4100,0.2920,0.2120,0.1020,0.0000,0.0000,0.8810,1.0000,4.6450,193.1430,1.7060,0.0000,0.0000,0.0000,68.4204,0.0000,3890.0000,1443.0000,0.0000,17.0000,33.0000,16.0000,8.0000
1.6290,0.4450,0.3640,0.2320,0.1220,0.0000,0.0000,0.8200,1.0000,4.6450,193.1430,1.7060,0.0000,0.0000,0.0000,68.4205,0.0000,3890.0000,1443.0000,0.0000,17.0000,33.0000,16.0000,8.0000
1.8250,0.3820,0.3960,0.2320,0.1650,0.0000,0.0000,1.0470,1.0000,4.6450,193.1430,1.7060,0.0000,0.0000,0.0000,68.4403,0.0000,3892.0000,1443.0000,0.0000,17.0000,32.0000,16.0000,8.0000
1.5400,0.4580,0.2910,0.2140,0.1040,0.0000,0.0000,0.7910,1.0000,4.6450,193.1430,1.7060,0.0000,0.0000,0.0000,68.4410,0.0000,3892.0000,1443.0000,0.0000,17.0000,33.0000,16.0000,8.0000
1.6260,0.4350,0.3250,0.2270,0.1060,0.0000,0.0000,0.8660,1.0000,4.6450,193.1430,1.7060,0.0000,0.0000,0.0000,68.4404,0.0000,3892.0000,1443.0000,0.0000,17.0000,32.0000,16.0000,8.0000
1.6080,0.4740,0.2900,0.3250,0.1060,0.0000,0.0000,0.8440,1.0000,4.6450,193.1430,1.7060,0.0000,0.0000,0.0000,68.4404,0.0000,3892.0000,1443.0000,0.0000,17.0000,32.0000,16.0000,8.0000
1.5640,0.3870,0.2990,0.2160,0.1020,0.0000,0.0000,0.8780,1.0000,4.6450,193.1430,1.7060,0.0000,0.0000,0.0000,68.4404,0.0000,3892.0000,1443.0000,0.0000,17.0000,32.0000,16.0000,7.0000
1.7160,0.4400,0.3910,0.2960,0.1500,0.0000,0.0000,0.8850,1.0000,4.6450,193.1430,1.7060,0.0000,0.0000,0.0000,68.4404,0.0000,3892.0000,1443.0000,0.0000,17.0000,32.0000,16.0000,7.0000
1.7560,0.3920,0.3390,0.2380,0.1500,0.0000,0.0000,1.0250,1.0000,4.6450,193.1430,1.7060,0.0000,0.0000,0.0000,68.4599,0.0000,3894.0000,1443.0000,0.0000,17.0000,31.0000,16.0000,7.0000
1.7200,0.4700,0.3010,0.2160,0.1070,0.0000,0.0000,0.9490,1.0000,4.6450,193.1430,1.7060,0.0000,0.0000,0.0000,68.4601,0.0000,3894.0000,1443.0000,0.0000,17.0000,31.0000,16.0000,8.0000
1.5960,0.5170,0.3360,0.3470,0.1150,0.0000,0.0000,0.7430,1.0000,7.6450,3.9650,3.3070,0.0000,0.0000,0.0000,68.4602,0.0000,3894.0000,1443.0000,0.0000,17.0000,31.0000,16.0000,8.0000
1.6270,0.3700,0.2890,0.2180,0.1080,0.0000,0.0000,0.9680,1.0000,7.6450,3.9650,3.3070,0.0000,0.0000,0.0000,68.4602,0.0000,3894.0000,1443.0000,0.0000,17.0000,31.0000,16.0000,8.0000
1.6840,0.3880,0.3400,0.2190,0.1430,0.0000,0.0000,0.9560,1.0000,7.6450,3.9650,3.3070,0.0000,0.0000,0.0000,68.4698,0.0000,3895.0000,1443.0000,0.0000,17.0000,30.0000,16.0000,8.0000
1.6320,0.4890,0.3380,0.2990,0.1540,0.0000,0.0000,0.8050,1.0000,7.6450,3.9650,3.3070,0.0000,0.0000,0.0000,68.4698,0.0000,3895.0000,1443.0000,0.0000,17.0000,30.0000,16.0000,8.0000
1.6650,0.3890,0.3570,0.2360,0.1730,0.0000,0.0000,0.9190,1.0000,7.6450,3.9650,3.3070,0.0000,0.0000,0.0000,68.4691,0.0000,3895.0000,1443.0000,0.0000,17.0000,29.0000,16.0000,8.0000
1.5990,0.4140,0.3030,0.2400,0.1070,0.0000,0.0000,0.8820,1.0000,7.6450,3.9650,3.3070,0.0000,0.0000,0.0000,68.4684,0.0000,3895.0000,1443.0000,0.0000,17.0000,28.0000,16.0000,8.0000
1.8200,0.4740,0.4000,0.3260,0.2010,0.0000,0.0000,0.9460,1.0000,7.6450,3.9650,3.3070,0.0000,0.0000,0.0000,68.4894,0.0000,3897.0000,1443.0000,0.0000,17.0000,29.0000,16.0000,8.0000
1.5990,0.5720,0.2930,0.3400,0.1100,0.0000,0.0000,0.7340,1.0000,7.6450,3.9650,3.3070,0.0000,0.0000,0.0000,68.4895,0.0000,3897.0000,1443.0000,0.0000,17.0000,29.0000,16.0000,8.0000
1.5710,0.4110,0.2950,0.2420,0.1040,0.0000,0.0000,0.8650,1.0000,7.6450,3.9650,3.3070,0.0000,0.0000,0.0000,68.4896,0.0000,3897.0000,1443.0000,0.0000,17.0000,29.0000,16.0000,8.0000
1.7680,0.4620,0.4250,0.3110,0.1840,0.0000,0.0000,0.8810,1.0000,7.6450,3.9650,3.3070,0.0000,0.0000,0.0000,68.5000,0.0000,3898.0000,1443.0000,0.0000,17.0000,29.0000,16.0000,8.0000
1.5610,0.4250,0.2900,0.2300,0.1080,0.0000,0.0000,0.8460,1.0000,7.6450,3.9650,3.3070,0.0000,0.0000,0.0000,68.5000,0.0000,3898.0000,1443.0000,0.0000,17.0000,29.0000,16.0000,8.0000
3.4900,0.4050,0.3570,0.2440,0.1430,0.0000,0.0000,2.7280,1.0000,7.6450,3.9650,3.3070,0.0000,0.0000,0.0000,68.5103,0.0000,3899.0000,1443.0000,0.0000,17.0000,29.0000,16.0000,8.0000
1.6840,0.5710,0.2820,0.2910,0.1010,0.0000,0.0000,0.8310,1.0000,7.6450,3.9650,3.3070,0.0000,0.0000,0.0000,68.2358,0.0000,3872.0000,1443.0000,0.0000,17.0000,29.0000,16.0000,8.0000
1.5980,0.4210,0.2830,0.2410,0.0960,0.0000,0.0000,0.8940,1.0000,7.6450,3.9650,3.3070,0.0000,0.0000,0.0000,68.2357,0.0000,3872.0000,1443.0000,0.0000,17.0000,29.0000,16.0000,8.0000
1.7410,0.4780,0.3750,0.3240,0.1880,0.0000,0.0000,0.8880,1.0000,7.6450,3.9650,3.3070,0.0000,0.0000,0.0000,68.2453,0.0000,3873.0000,1443.0000,0.0000,17.0000,28.0000,16.0000,9.0000
1.8620,0.4350,0.4120,0.2410,0.1840,0.0000,0.0000,1.0150,1.0000,7.6450,3.9650,3.3070,0.0000,0.0000,0.0000,68.2759,0.0000,3876.0000,1443.0000,0.0000,17.0000,28.0000,16.0000,9.0000
1.6470,0.5010,0.3230,0.2310,0.1360,0.0000,0.0000,0.8230,1.0000,7.6450,3.9650,3.3070,0.0000,0.0000,0.0000,68.2862,0.0000,3877.0000,1443.0000,0.0000,17.0000,28.0000,16.0000,9.0000
1.6560,0.5060,0.3070,0.2430,0.1080,0.0000,0.0000,0.8430,1.0000,7.6450,3.9650,3.3070,0.0000,0.0000,0.0000,68.2864,0.0000,3877.0000,1443.0000,0.0000,17.0000,28.0000,16.0000,9.0000
1.6270,0.5200,0.2870,0.2870,0.1020,0.0000,0.0000,0.8200,1.0000,7.6450,3.9650,3.3070,0.0000,0.0000,0.0000,68.2864,0.0000,3877.0000,1443.0000,0.0000,17.0000,28.0000,16.0000,9.0000
1.5880,0.3900,0.2810,0.2360,0.1000,0.0000,0.0000,0.9170,1.0000,7.6450,3.9650,3.3070,0.0000,0.0000,0.0000,68.2864,0.0000,3877.0000,1443.0000,0.0000,17.0000,28.0000,16.0000,9.0000
1.5960,0.4600,0.3550,0.2510,0.1190,0.0000,0.0000,0.7810,1.0000,7.6450,3.9650,3.3070,0.0000,0.0000,0.0000,68.2864,0.0000,3877.0000,1443.0000,0.0000,17.0000,28.0000,16.0000,9.0000
1.5460,0.3790,0.2880,0.2340,0.1060,0.0000,0.0000,0.8790,1.0000,7.6450,3.9650,3.3070,0.0000,0.0000,0.0000,68.2864,0.0000,3877.0000,1443.0000,0.0000,17.0000,28.0000,16.0000,9.0000
1.6870,0.4050,0.3290,0.2410,0.1330,0.0000,0.0000,0.9530,1.0000,7.6450,3.9650,3.3070,0.0000,0.0000,0.0000,68.2871,0.0000,3877.0000,1443.0000,0.0000,17.0000,29.0000,16.0000,9.0000
1.6240,0.5500,0.3340,0.3010,0.1530,0.0000,0.0000,0.7400,1.0000,7.6450,3.9650,3.3070,0.0000,0.0000,0.0000,68.2871,0.0000,3877.0000,1443.0000,0.0000,17.0000,29.0000,16.0000,9.0000
1.5970,0.3920,0.2890,0.2400,0.1030,0.0000,0.0000,0.9160,1.0000,7.6450,3.9650,3.3070,0.0000,0.0000,0.0000,68.2871,0.0000,3877.0000,1443.0000,0.0000,17.0000,29.0000,16.0000,9.0000
1.7590,0.4590,0.3800,0.2470,0.1560,0.0000,0.0000,0.9200,1.0000,7.6450,3.9650,3.3070,0.0000,0.0000,0.0000,68.2974,0.0000,3878.0000,1443.0000,0.0000,17.0000,29.0000,16.0000,9.0000
1.6160,0.5260,0.3280,0.3140,0.1460,0.0000,0.0000,0.7620,1.0000,7.6450,3.9650,3.3070,0.0000,0.0000,0.0000,68.2974,0.0000,3878.0000,1443.0000,0.0000,17.0000,29.0000,16.0000,9.0000
1.6460,0.3910,0.2870,0.2360,0.1060,0.0000,0.0000,0.9680,1.0000,7.6450,3.9650,3.3070,0.0000,0.0000,0.0000,68.2975,0.0000,3878.0000,1443.0000,0.0000,17.0000,29.0000,16.0000,9.0000
1.5580,0.4530,0.3290,0.2510,0.1140,0.0000,0.0000,0.7760,1.0000,7.6450,3.9650,3.3070,0.0000,0.0000,0.0000,68.2975,0.0000,3878.0000,1443.0000,0.0000,17.0000,29.0000,16.0000,9.0000
1.7660,0.3830,0.3210,0.2350,0.1390,0.0000,0.0000,1.0620,1.0000,7.6450,3.9650,3.3070,0.0000,0.0000,0.0000,68.3077,0.0000,3879.0000,1443.0000,0.0000,17.0000,29.0000,16.0000,9.0000
1.6630,0.4650,0.3210,0.2330,0.1350,0.0000,0.0000,0.8770,1.0000,7.6450,3.9650,3.3070,0.0000,0.0000,0.0000,68.3180,0.0000,3880.0000,1443.0000,0.0000,17.0000,29.0000,16.0000,9.0000
1.5950,0.5090,0.3320,0.2530,0.1170,0.0000,0.0000,0.7540,1.0000,7.6450,3.9650,3.3070,0.0000,0.0000,0.0000,68.3180,0.0000,3880.0000,1443.0000,0.0000,17.0000,29.0000,16.0000,8.0000
1.7960,0.3910,0.3940,0.2410,0.1560,0.0000,0.0000,1.0110,1.0000,7.6450,3.9650,3.3070,0.0000,0.0000,0.0000,68.3284,0.0000,3881.0000,1443.0000,0.0000,17.0000,29.0000,16.0000,8.0000
1.5520,0.4420,0.2870,0.2460,0.1050,0.0000,0.0000,0.8230,1.0000,7.6450,3.9650,3.3070,0.0000,0.0000,0.0000,68.3284,0.0000,3881.0000,1443.0000,0.0000,17.0000,29.0000,16.0000,6.0000
1.8120,0.4660,0.3790,0.2500,0.1560,0.0000,0.0000,0.9670,1.0000,7.6450,3.9650,3.3070,0.0000,0.0000,0.0000,68.3387,0.0000,3882.0000,1443.0000,0.0000,17.0000,29.0000,16.0000,6.0000
1.7170,0.5960,0.3470,0.3100,0.1570,0.0000,0.0000,0.7740,1.0000,7.6450,3.9650,3.3070,0.0000,0.0000,0.0000,68.3388,0.0000,3882.0000,1443.0000,0.0000,17.0000,29.0000,16.0000,7.0000
1.6100,0.4760,0.2990,0.3190,0.1110,0.0000,0.0000,0.8350,1.0000,7.6450,3.9650,3.3070,0.0000,0.0000,0.0000,68.3388,0.0000,3882.0000,1443.0000,0.0000,17.0000,29.0000,16.0000,7.0000
1.7140,0.4600,0.3390,0.2460,0.1420,0.0000,0.0000,0.9150,1.0000,7.6450,3.9650,3.3070,0.0000,0.0000,0.0000,68.3484,0.0000,3883.0000,1443.0000,0.0000,17.0000,28.0000,16.0000,7.0000
1.7510,0.5020,0.3930,0.2960,0.2000,0.0000,0.0000,0.8560,1.0000,7.6450,3.9650,3.3070,0.0000,0.0000,0.0000,68.3696,0.0000,3885.0000,1443.0000,0.0000,17.0000,29.0000,16.0000,7.0000
1.6880,0.4580,0.3640,0.2310,0.1800,0.0000,0.0000,0.8660,1.0000,7.6450,3.9650,3.3070,0.0000,0.0000,0.0000,68.3697,0.0000,3885.0000,1443.0000,0.0000,17.0000,29.0000,16.0000,7.0000
1.5650,0.4120,0.3010,0.2380,0.1080,0.0000,0.0000,0.8520,1.0000,7.6450,3.9650,3.3070,0.0000,0.0000,0.0000,68.3691,0.0000,3885.0000,1443.0000,0.0000,17.0000,28.0000,16.0000,7.0000
1.7350,0.4630,0.3380,0.3140,0.1560,0.0000,0.0000,0.9340,1.0000,7.6450,3.9650,3.3070,0.0000,0.0000,0.0000,68.3691,0.0000,3885.0000,1443.0000,0.0000,17.0000,28.0000,16.0000,7.0000
1.6640,0.5010,0.2980,0.3330,0.1110,0.0000,0.0000,0.8650,1.0000,7.6450,3.9650,3.3070,0.0000,0.0000,0.0000,68.3691,0.0000,3885.0000,1443.0000,0.0000,17.0000,28.0000,16.0000,7.0000
1.5740,0.4430,0.3100,0.2720,0.1110,0.0000,0.0000,0.8210,1.0000,7.6450,3.9650,3.3070,0.0000,0.0000,0.0000,68.3691,0.0000,3885.0000,1443.0000,0.0000,17.0000,28.0000,16.0000,7.0000
1.7080,0.4590,0.3440,0.3100,0.1520,0.0000,0.0000,0.9050,1.0000,7.6450,3.9650,3.3070,0.0000,0.0000,0.0000,68.3691,0.0000,3885.0000,1443.0000,0.0000,17.0000,28.0000,16.0000,7.0000
1.5740,0.4580,0.2980,0.2600,0.1110,0.0000,0.0000,0.8180,1.0000,7.6450,3.9650,3.3070,0.0000,0.0000,0.0000,68.3691,0.0000,3885.0000,1443.0000,0.0000,17.0000,28.0000,16.0000,7.0000
1.6380,0.4040,0.3080,0.2470,0.1110,0.0000,0.0000,0.9260,1.0000,7.6450,3.9650,3.3070,0.0000,0.0000,0.0000,68.3691,0.0000,3885.0000,1443.0000,0.0000,17.0000,28.0000,16.0000,7.0000
1.5910,0.5190,0.2920,0.2860,0.1080,0.0000,0.0000,0.7800,1.0000,7.6450,3.9650,3.3070,0.0000,0.0000,0.0000,68.3691,0.0000,3885.0000,1443.0000,0.0000,17.0000,28.0000,16.0000,7.0000
1.8150,0.3910,0.3670,0.2370,0.1500,0.0000,0.0000,1.0570,1.0000,7.6450,3.9650,3.3070,0.0000,0.0000,0.0000,68.3911,0.0000,3887.0000,1443.0000,0.0000,17.0000,28.0000,16.0000,7.0000
1.6250,0.5550,0.3000,0.2520,0.1030,0.0000,0.0000,0.7700,1.0000,7.6450,3.9650,3.3070,0.0000,0.0000,0.0000,68.3911,0.0000,3887.0000,1443.0000,0.0000,17.0000,28.0000,16.0000,7.0000
1.5990,0.4840,0.2860,0.3150,0.1020,0.0000,0.0000,0.8290,1.0000,7.6450,3.9650,3.3070,0.0000,0.0000,0.0000,68.3911,0.0000,3887.0000,1443.0000,0.0000,17.0000,28.0000,16.0000,7.0000
1.7150,0.3880,0.2880,0.2340,0.1020,0.0000,0.0000,1.0390,1.0000,7.6450,3.9650,3.3070,0.0000,0.0000,0.0000,68.3906,0.0000,3887.0000,1443.0000,0.0000,17.0000,27.0000,16.0000,8.0000
1.7970,0.5080,0.3650,0.3020,0.1700,0.0000,0.0000,0.9240,1.0000,7.6450,3.9650,3.3070,0.0000,0.0000,0.0000,68.4213,0.0000,3890.0000,1443.0000,0.0000,17.0000,27.0000,16.0000,8.0000
1.6630,0.5750,0.3340,0.3060,0.1480,0.0000,0.0000,0.7540,1.0000,7.6450,3.9650,3.3070,0.0000,0.0000,0.0000,68.4214,0.0000,3890.0000,1443.0000,0.0000,17.0000,27.0000,16.0000,8.0000
1.5400,0.4910,0.2890,0.3340,0.1050,0.0000,0.0000,0.7600,1.0000,7.6450,3.9650,3.3070,0.0000,0.0000,0.0000,68.4215,0.0000,3890.0000,1443.0000,0.0000,17.0000,27.0000,16.0000,8.0000
1.7410,0.4190,0.3530,0.2500,0.1600,0.0000,0.0000,0.9690,1.0000,7.6450,3.9650,3.3070,0.0000,0.0000,0.0000,68.4419,0.0000,3892.0000,1443.0000,0.0000,17.0000,27.0000,16.0000,8.0000
1.6770,0.5240,0.3370,0.2940,0.1420,0.0000,0.0000,0.8160,1.0000,7.6450,3.9650,3.3070,0.0000,0.0000,0.0000,68.4419,0.0000,3892.0000,1443.0000,0.0000,17.0000,27.0000,16.0000,8.0000
1.5560,0.4090,0.2880,0.2380,0.1020,0.0000,0.0000,0.8590,1.0000,7.6450,3.9650,3.3070,0.0000,0.0000,0.0000,68.4420,0.0000,3892.0000,1443.0000,0.0000,17.0000,27.0000,16.0000,8.0000
1.6470,0.4670,0.3320,0.2490,0.1150,0.0000,0.0000,0.8480,1.0000,7.6450,3.9650,3.3070,0.0000,0.0000,0.0000,68.4420,0.0000,3892.0000,1443.0000,0.0000,17.0000,27.0000,16.0000,8.0000
1.5860,0.5260,0.2890,0.2960,0.1020,0.0000,0.0000,0.7710,1.0000,7.6450,3.9650,3.3070,0.0000,0.0000,0.0000,68.4413,0.0000,3892.0000,1443.0000,0.0000,17.0000,26.0000,16.0000,8.0000
1.7500,0.4030,0.3430,0.2400,0.1450,0.0000,0.0000,1.0040,1.0000,7.6450,3.9650,3.3070,0.0000,0.0000,0.0000,68.4615,0.0000,3894.0000,1443.0000,0.0000,17.0000,26.0000,16.0000,8.0000
1.7380,0.5440,0.3830,0.2470,0.1570,0.0000,0.0000,0.8110,1.0000,7.6450,3.9650,3.3070,0.0000,0.0000,0.0000,68.4821,0.0000,3896.0000,1443.0000,0.0000,17.0000,26.0000,16.0000,8.0000
1.7620,0.5480,0.3830,0.2990,0.2010,0.0000,0.0000,0.8310,1.0000,7.6450,3.9650,3.3070,0.0000,0.0000,0.0000,68.5024,0.0000,3898.0000,1443.0000,0.0000,17.0000,26.0000,16.0000,8.0000
1.7060,0.4790,0.3760,0.2410,0.1790,0.0000,0.0000,0.8510,1.0000,7.6450,3.9650,3.3070,0.0000,0.0000,0.0000,68.5025,0.0000,3898.0000,1443.0000,0.0000,17.0000,26.0000,16.0000,8.0000
1.5640,0.4140,0.2970,0.2350,0.1040,0.0000,0.0000,0.8530,1.0000,7.6450,3.9650,3.3070,0.0000,0.0000,0.0000,68.5026,0.0000,3898.0000,1443.0000,0.0000,17.0000,26.0000,16.0000,8.0000
1.6710,0.4790,0.3380,0.3260,0.1540,0.0000,0.0000,0.8540,1.0000,7.6450,3.9650,3.3070,0.0000,0.0000,0.0000,68.5026,0.0000,3898.0000,1443.0000,0.0000,17.0000,26.0000,16.0000,8.0000
1.5450,0.4940,0.2840,0.3330,0.1000,0.0000,0.0000,0.7670,1.0000,7.6450,3.9650,3.3070,0.0000,0.0000,0.0000,68.5026,0.0000,3898.0000,1443.0000,0.0000,17.0000,26.0000,16.0000,8.0000
1.7610,0.4630,0.3320,0.2460,0.1140,0.0000,0.0000,0.9660,1.0000,7.6450,3.9650,3.3070,0.0000,0.0000,0.0000,68.5052,0.0000,3899.0000,1443.0000,0.0000,17.0000,26.0000,16.0000,8.0000
2.0610,0.4640,0.3800,0.3050,0.1690,0.0000,0.0000,1.2170,1.0000,7.6450,3.9650,3.3070,0.0000,0.0000,0.0000,68.5064,0.0000,3899.0000,1443.0000,0.0000,17.0000,28.0000,16.0000,9.0000
2.1570,0.6470,0.6680,0.4210,0.4790,0.0000,0.0000,0.8420,1.0000,7.6450,3.9650,3.3070,0.0000,0.0000,0.0000,68.2796,0.0000,3879.0000,1443.0000,0.0000,17.0000,28.0000,16.0000,10.0000
1.8150,0.5170,0.3930,0.2570,0.1640,0.0000,0.0000,0.9050,1.0000,7.6450,3.9650,3.3070,0.0000,0.0000,0.0000,68.2998,0.0000,3881.0000,1443.0000,0.0000,17.0000,28.0000,16.0000,10.0000
1.6690,0.5330,0.3450,0.2980,0.1580,0.0000,0.0000,0.7910,1.0000,7.6450,3.9650,3.3070,0.0000,0.0000,0.0000,68.2998,0.0000,3881.0000,1443.0000,0.0000,17.0000,28.0000,16.0000,10.0000
1.8540,0.4000,0.4040,0.2410,0.2230,0.0000,0.0000,1.0500,1.0000,7.6450,3.9650,3.3070,0.0000,0.0000,0.0000,68.3202,0.0000,3883.0000,1443.0000,0.0000,17.0000,28.0000,16.0000,10.0000
1.5750,0.4850,0.2900,0.2350,0.1040,0.0000,0.0000,0.8000,1.0000,7.6450,3.9650,3.3070,0.0000,0.0000,0.0000,68.3202,0.0000,3883.0000,1443.0000,0.0000,17.0000,28.0000,16.0000,10.0000
1.6810,0.4630,0.3350,0.3160,0.1090,0.0000,0.0000,0.8830,1.0000,7.6450,3.9650,3.3070,0.0000,0.0000,0.0000,68.3203,0.0000,3883.0000,1443.0000,0.0000,17.0000,28.0000,16.0000,10.0000
1.7470,0.5180,0.3360,0.3630,0.1410,0.0000,0.0000,0.8930,1.0000,7.6450,3.9650,3.3070,0.0000,0.0000,0.0000,68.3305,0.0000,3884.0000,1443.0000,0.0000,17.0000,28.0000,16.0000,10.0000
1.6530,0.4610,0.2900,0.2490,0.1060,0.0000,0.0000,0.9020,1.0000,7.6450,3.9650,3.3070,0.0000,0.0000,0.0000,68.3305,0.0000,3884.0000,1443.0000,0.0000,17.0000,28.0000,16.0000,10.0000
1.6120,0.4770,0.3420,0.3290,0.1180,0.0000,0.0000,0.7930,1.0000,7.6450,3.9650,3.3070,0.0000,0.0000,0.0000,68.3306,0.0000,3884.0000,1443.0000,0.0000,17.0000,28.0000,16.0000,10.0000
1.7450,0.4040,0.3310,0.2510,0.1400,0.0000,0.0000,1.0100,1.0000,7.6450,3.9650,3.3070,0.0000,0.0000,0.0000,68.3409,0.0000,3885.0000,1443.0000,0.0000,17.0000,28.0000,16.0000,10.0000
1.7110,0.4610,0.2840,0.2490,0.1020,0.0000,0.0000,0.9660,1.0000,7.6450,3.9650,3.3070,0.0000,0.0000,0.0000,68.3409,0.0000,3885.0000,1443.0000,0.0000,17.0000,28.0000,16.0000,10.0000
1.6350,0.4920,0.3330,0.2660,0.1170,0.0000,0.0000,0.8100,1.0000,7.6450,3.9650,3.3070,0.0000,0.0000,0.0000,68.3409,0.0000,3885.0000,1443.0000,0.0000,17.0000,28.0000,16.0000,10.0000
1.6690,0.4530,0.2830,0.2970,0.1000,0.0000,0.0000,0.9330,1.0000,7.6450,3.9650,3.3070,0.0000,0.0000,0.0000,68.3409,0.0000,3885.0000,1443.0000,0.0000,17.0000,28.0000,16.0000,10.0000
1.6020,0.4680,0.2880,0.2660,0.1040,0.0000,0.0000,0.8460,1.0000,7.6450,3.9650,3.3070,0.0000,0.0000,0.0000,68.3409,0.0000,3885.0000,1443.0000,0.0000,17.0000,28.0000,16.0000,9.0000
1.7200,0.4920,0.3740,0.2810,0.1540,0.0000,0.0000,0.8540,1.0000,7.6450,3.9650,3.3070,0.0000,0.0000,0.0000,68.3512,0.0000,3886.0000,1443.0000,0.0000,17.0000,28.0000,16.0000,9.0000
1.8490,0.4310,0.4390,0.2390,0.1940,0.0000,0.0000,0.9790,1.0000,7.6450,3.9650,3.3070,0.0000,0.0000,0.0000,68.3717,0.0000,3888.0000,1443.0000,0.0000,17.0000,28.0000,16.0000,8.0000
1.5650,0.4940,0.2980,0.2600,0.1120,0.0000,0.0000,0.7730,1.0000,7.6450,3.9650,3.3070,0.0000,0.0000,0.0000,68.3718,0.0000,3888.0000,1443.0000,0.0000,17.0000,28.0000,16.0000,8.0000
1.7210,0.4150,0.3080,0.2460,0.1080,0.0000,0.0000,0.9980,1.0000,7.6450,3.9650,3.3070,0.0000,0.0000,0.0000,68.3719,0.0000,3888.0000,1443.0000,0.0000,17.0000,28.0000,16.0000,8.0000
1.6190,0.5720,0.3400,0.3170,0.1560,0.0000,0.0000,0.7070,1.0000,7.6450,3.9650,3.3070,0.0000,0.0000,0.0000,68.3712,0.0000,3888.0000,1443.0000,0.0000,17.0000,27.0000,16.0000,8.0000
1.6090,0.4000,0.2930,0.2450,0.1050,0.0000,0.0000,0.9160,1.0000,7.6450,3.9650,3.3070,0.0000,0.0000,0.0000,68.3712,0.0000,3888.0000,1443.0000,0.0000,17.0000,27.0000,16.0000,8.0000
1.7030,0.4720,0.3410,0.2590,0.1160,0.0000,0.0000,0.8900,1.0000,7.6450,3.9650,3.3070,0.0000,0.0000,0.0000,68.3712,0.0000,3888.0000,1443.0000,0.0000,17.0000,27.0000,16.0000,8.0000
1.6390,0.4930,0.2950,0.3040,0.1060,0.0000,0.0000,0.8510,1.0000,7.6450,3.9650,3.3070,0.0000,0.0000,0.0000,68.3700,0.0000,3886.0000,1443.0000,0.0000,17.0000,27.0000,16.0000,8.0000
1.7190,0.3940,0.3250,0.2400,0.1390,0.0000,0.0000,1.0000,1.0000,7.6450,3.9650,3.3070,0.0000,0.0000,0.0000,68.3803,0.0000,3887.0000,1443.0000,0.0000,17.0000,27.0000,16.0000,8.0000
1.6750,0.4500,0.3080,0.2380,0.1080,0.0000,0.0000,0.9170,1.0000,7.6450,3.9650,3.3070,0.0000,0.0000,0.0000,68.3809,0.0000,3887.0000,1443.0000,0.0000,17.0000,28.0000,16.0000,9.0000
1.7690,0.4990,0.3580,0.3460,0.1610,0.0000,0.0000,0.9120,1.0000,7.6450,3.9650,3.3070,0.0000,0.0000,0.0000,68.3809,0.0000,3887.0000,1443.0000,0.0000,17.0000,28.0000,16.0000,9.0000
1.6850,0.4900,0.3040,0.3330,0.1120,0.0000,0.0000,0.8910,1.0000,7.6450,3.9650,3.3070,0.0000,0.0000,0.0000,68.3809,0.0000,3887.0000,1443.0000,0.0000,17.0000,28.0000,16.0000,9.0000
1.5940,0.4310,0.3000,0.2440,0.1070,0.0000,0.0000,0.8630,1.0000,7.6450,3.9650,3.3070,0.0000,0.0000,0.0000,68.3809,0.0000,3887.0000,1443.0000,0.0000,17.0000,28.0000,16.0000,9.0000
1.7510,0.4850,0.3340,0.3180,0.1130,0.0000,0.0000,0.9320,1.0000,7.6450,3.9650,3.3070,0.0000,0.0000,0.0000,68.3817,0.0000,3887.0000,1443.0000,0.0000,17.0000,29.0000,16.0000,9.0000
1.8140,0.4220,0.3260,0.2650,0.1220,0.0000,0.0000,1.0660,1.0000,7.6450,3.9650,3.3070,0.0000,0.0000,0.0000,68.3797,0.0000,3886.0000,1443.0000,0.0000,17.0000,28.0000,16.0000,9.0000
2.0150,0.4740,0.3620,0.2670,0.1590,0.0000,0.0000,1.1790,1.0000,7.6450,3.9650,3.3070,0.0000,0.0000,0.0000,68.4002,0.0000,3888.0000,1443.0000,0.0000,17.0000,28.0000,16.0000,9.0000
1.6160,0.5130,0.2920,0.2510,0.1030,0.0000,0.0000,0.8110,1.0000,7.6450,3.9650,3.3070,0.0000,0.0000,0.0000,68.4002,0.0000,3888.0000,1443.0000,0.0000,17.0000,28.0000,16.0000,9.0000
1.7350,0.4860,0.3610,0.2570,0.1210,0.0000,0.0000,0.8880,1.0000,7.6450,3.9650,3.3070,0.0000,0.0000,0.0000,68.4010,0.0000,3888.0000,1443.0000,0.0000,17.0000,29.0000,16.0000,9.0000
1.8040,0.5410,0.3920,0.3080,0.2060,0.0000,0.0000,0.8710,1.0000,7.6450,3.9650,3.3070,0.0000,0.0000,0.0000,68.4215,0.0000,3890.0000,1443.0000,0.0000,17.0000,29.0000,16.0000,9.0000
1.6510,0.4890,0.2940,0.2510,0.1070,0.0000,0.0000,0.8680,1.0000,7.6450,3.9650,3.3070,0.0000,0.0000,0.0000,68.4215,0.0000,3890.0000,1443.0000,0.0000,17.0000,29.0000,16.0000,9.0000
1.5800,0.4210,0.3030,0.2500,0.1040,0.0000,0.0000,0.8560,1.0000,7.6450,3.9650,3.3070,0.0000,0.0000,0.0000,68.4210,0.0000,3890.0000,1443.0000,0.0000,17.0000,28.0000,16.0000,9.0000
1.6310,0.4730,0.3380,0.3210,0.1500,0.0000,0.0000,0.8200,1.0000,7.6450,3.9650,3.3070,0.0000,0.0000,0.0000,68.4217,0.0000,3890.0000,1443.0000,0.0000,17.0000,29.0000,16.0000,9.0000
1.6390,0.4020,0.2820,0.2470,0.1020,0.0000,0.0000,0.9550,1.0000,7.6450,3.9650,3.3070,0.0000,0.0000,0.0000,68.4217,0.0000,3890.0000,1443.0000,0.0000,17.0000,29.0000,16.0000,9.0000
1.6220,0.4610,0.3320,0.2610,0.1170,0.0000,0.0000,0.8290,1.0000,7.6450,3.9650,3.3070,0.0000,0.0000,0.0000,68.4210,0.0000,3890.0000,1443.0000,0.0000,17.0000,28.0000,16.0000,9.0000
1.9610,0.4000,0.3400,0.2450,0.1560,0.0000,0.0000,1.2210,1.0000,7.6450,3.9650,3.3070,0.0000,0.0000,0.0000,68.4622,0.0000,3894.0000,1443.0000,0.0000,17.0000,29.0000,16.0000,9.0000
1.6180,0.7390,0.3040,0.3760,0.1030,0.0000,0.0000,0.5750,1.0000,7.6450,3.9650,3.3070,0.0000,0.0000,0.0000,68.4622,0.0000,3894.0000,1443.0000,0.0000,17.0000,29.0000,16.0000,9.0000
1.6130,0.4160,0.2980,0.2470,0.1020,0.0000,0.0000,0.8990,1.0000,7.6450,3.9650,3.3070,0.0000,0.0000,0.0000,68.4618,0.0000,3894.0000,1443.0000,0.0000,17.0000,28.0000,16.0000,9.0000
1.7320,0.4850,0.3780,0.3340,0.1560,0.0000,0.0000,0.8690,1.0000,7.6450,3.9650,3.3070,0.0000,0.0000,0.0000,68.4727,0.0000,3895.0000,1443.0000,0.0000,17.0000,29.0000,16.0000,9.0000
1.6000,0.4420,0.2860,0.2470,0.1030,0.0000,0.0000,0.8720,1.0000,7.6450,3.9650,3.3070,0.0000,0.0000,0.0000,68.4727,0.0000,3895.0000,1443.0000,0.0000,17.0000,29.0000,16.0000,9.0000
1.7340,0.4170,0.3230,0.2450,0.1070,0.0000,0.0000,0.9940,1.0000,7.6450,3.9650,3.3070,0.0000,0.0000,0.0000,68.4728,0.0000,3895.0000,1443.0000,0.0000,17.0000,29.0000,16.0000,9.0000
1.6750,0.4860,0.3430,0.2700,0.1080,0.0000,0.0000,0.8460,1.0000,7.6450,3.9650,3.3070,0.0000,0.0000,0.0000,68.4728,0.0000,3895.0000,1443.0000,0.0000,17.0000,29.0000,16.0000,9.0000
1.7980,0.4260,0.3350,0.2590,0.1390,0.0000,0.0000,1.0370,1.0000,7.6450,3.9650,3.3070,0.0000,0.0000,0.0000,68.4728,0.0000,3895.0000,1443.0000,0.0000,17.0000,29.0000,16.0000,9.0000
1.7220,0.4200,0.3300,0.2500,0.1380,0.0000,0.0000,0.9720,1.0000,7.6450,3.9650,3.3070,0.0000,0.0000,0.0000,68.4830,0.0000,3896.0000,1443.0000,0.0000,17.0000,29.0000,16.0000,9.0000
1.7720,0.5200,0.3240,0.2460,0.1190,0.0000,0.0000,0.9280,1.0000,7.6450,3.9650,3.3070,0.0000,0.0000,0.0000,68.4830,0.0000,3896.0000,1443.0000,0.0000,17.0000,29.0000,16.0000,9.0000
1.6700,0.5410,0.3470,0.3360,0.1110,0.0000,0.0000,0.7820,1.0000,7.6450,3.9650,3.3070,0.0000,0.0000,0.0000,68.4831,0.0000,3896.0000,1443.0000,0.0000,17.0000,29.0000,16.0000,9.0000
1.7090,0.4200,0.3000,0.2630,0.1060,0.0000,0.0000,0.9890,1.0000,7.6450,3.9650,3.3070,0.0000,0.0000,0.0000,68.4836,0.0000,3896.0000,1443.0000,0.0000,17.0000,29.0000,16.0000,10.0000
1.8450,0.4810,0.3460,0.3100,0.1490,0.0000,0.0000,1.0180,1.0000,7.6450,3.9650,3.3070,0.0000,0.0000,0.0000,68.5033,0.0000,3898.0000,1443.0000,0.0000,17.0000,29.0000,16.0000,10.0000
1.6020,0.5490,0.3000,0.2660,0.1030,0.0000,0.0000,0.7530,1.0000,7.6450,3.9650,3.3070,0.0000,0.0000,0.0000,68.5033,0.0000,3898.0000,1443.0000,0.0000,17.0000,29.0000,16.0000,10.0000
1.9190,0.4620,0.4040,0.3110,0.2210,0.0000,0.0000,1.0530,1.0000,7.6450,3.9650,3.3070,0.0000,0.0000,0.0000,68.5340,0.0000,3901.0000,1443.0000,0.0000,17.0000,29.0000,16.0000,10.0000
1.6340,0.6710,0.2930,0.3970,0.1040,0.0000,0.0000,0.6700,1.0000,7.6450,3.9650,3.3070,0.0000,0.0000,0.0000,68.5341,0.0000,3901.0000,1443.0000,0.0000,17.0000,29.0000,16.0000,10.0000
2.0460,0.4140,0.3040,0.2440,0.1040,0.0000,0.0000,1.3280,1.0000,7.6450,3.9650,3.3070,0.0000,0.0000,0.0000,68.5342,0.0000,3901.0000,1443.0000,0.0000,17.0000,29.0000,16.0000,10.0000
1.8780,0.5550,0.3610,0.3270,0.1550,0.0000,0.0000,0.9620,1.0000,7.6450,3.9650,3.3070,0.0000,0.0000,0.0000,68.5444,0.0000,3902.0000,1443.0000,0.0000,17.0000,29.0000,16.0000,10.0000
1.6300,0.4970,0.2960,0.2500,0.1030,0.0000,0.0000,0.8370,1.0000,7.6450,3.9650,3.3070,0.0000,0.0000,0.0000,68.2696,0.0000,3875.0000,1443.0000,0.0000,17.0000,29.0000,16.0000,10.0000
1.7710,0.4820,0.3720,0.3290,0.1450,0.0000,0.0000,0.9170,1.0000,7.6450,3.9650,3.3070,0.0000,0.0000,0.0000,68.2800,0.0000,3876.0000,1443.0000,0.0000,17.0000,29.0000,16.0000,10.0000
1.6170,0.4410,0.2870,0.2470,0.1060,0.0000,0.0000,0.8890,1.0000,7.6450,3.9650,3.3070,0.0000,0.0000,0.0000,68.2800,0.0000,3876.0000,1443.0000,0.0000,17.0000,29.0000,16.0000,10.0000
1.6380,0.4180,0.2950,0.2480,0.1040,0.0000,0.0000,0.9250,1.0000,7.6450,3.9650,3.3070,0.0000,0.0000,0.0000,68.2793,0.0000,3876.0000,1443.0000,0.0000,17.0000,28.0000,16.0000,10.0000
1.6330,0.4730,0.3270,0.2920,0.1510,0.0000,0.0000,0.8330,1.0000,7.6450,3.9650,3.3070,0.0000,0.0000,0.0000,68.2793,0.0000,3876.0000,1443.0000,0.0000,17.0000,28.0000,16.0000,10.0000
1.7790,0.3900,0.3430,0.2370,0.1430,0.0000,0.0000,1.0460,1.0000,7.6450,3.9650,3.3070,0.0000,0.0000,0.0000,68.2999,0.0000,3878.0000,1443.0000,0.0000,17.0000,28.0000,16.0000,10.0000
1.7520,0.4860,0.3290,0.2430,0.1370,0.0000,0.0000,0.9370,1.0000,7.6450,3.9650,3.3070,0.0000,0.0000,0.0000,68.3102,0.0000,3879.0000,1443.0000,0.0000,17.0000,28.0000,16.0000,11.0000
1.5960,0.5780,0.3660,0.3260,0.1210,0.0000,0.0000,0.6520,1.0000,7.6450,3.9650,3.3070,0.0000,0.0000,0.0000,68.3103,0.0000,3879.0000,1443.0000,0.0000,17.0000,28.0000,16.0000,11.0000
1.8140,0.3780,0.3930,0.2260,0.1570,0.0000,0.0000,1.0430,1.0000,7.6450,3.9650,3.3070,0.0000,0.0000,0.0000,68.3307,0.0000,3881.0000,1443.0000,0.0000,17.0000,28.0000,16.0000,11.0000
1.5680,0.4780,0.2900,0.2420,0.1050,0.0000,0.0000,0.8000,1.0000,7.6450,3.9650,3.3070,0.0000,0.0000,0.0000,68.3313,0.0000,3881.0000,1443.0000,0.0000,17.0000,29.0000,16.0000,11.0000
1.6590,0.4700,0.3320,0.2560,0.1140,0.0000,0.0000,0.8570,1.0000,7.6450,3.9650,3.3070,0.0000,0.0000,0.0000,68.3314,0.0000,3881.0000,1443.0000,0.0000,17.0000,29.0000,16.0000,11.0000
1.5630,0.5320,0.2870,0.3810,0.1020,0.0000,0.0000,0.7440,1.0000,7.6450,3.9650,3.3070,0.0000,0.0000,0.0000,68.3313,0.0000,3881.0000,1443.0000,0.0000,17.0000,29.0000,16.0000,11.0000
1.7020,0.4020,0.3190,0.2330,0.1330,0.0000,0.0000,0.9810,1.0000,7.6450,3.9650,3.3070,0.0000,0.0000,0.0000,68.3416,0.0000,3882.0000,1443.0000,0.0000,17.0000,29.0000,16.0000,11.0000
1.6940,0.5110,0.3780,0.3250,0.1490,0.0000,0.0000,0.8050,1.0000,7.6450,3.9650,3.3070,0.0000,0.0000,0.0000,68.3519,0.0000,3883.0000,1443.0000,0.0000,17.0000,29.0000,16.0000,11.0000
1.5960,0.4530,0.2840,0.2310,0.1030,0.0000,0.0000,0.8590,1.0000,7.6450,3.9650,3.3070,0.0000,0.0000,0.0000,68.3512,0.0000,3883.0000,1443.0000,0.0000,17.0000,28.0000,16.0000,10.0000
1.6800,0.4120,0.3320,0.2390,0.1090,0.0000,0.0000,0.9360,1.0000,7.6450,3.9650,3.3070,0.0000,0.0000,0.0000,68.3513,0.0000,3883.0000,1443.0000,0.0000,17.0000,28.0000,16.0000,10.0000
1.6300,0.4920,0.3290,0.3030,0.1100,0.0000,0.0000,0.8090,1.0000,7.6450,3.9650,3.3070,0.0000,0.0000,0.0000,68.3513,0.0000,3883.0000,1443.0000,0.0000,17.0000,28.0000,16.0000,10.0000
1.6590,0.3940,0.2870,0.2400,0.1090,0.0000,0.0000,0.9780,1.0000,7.6450,3.9650,3.3070,0.0000,0.0000,0.0000,68.3513,0.0000,3883.0000,1443.0000,0.0000,17.0000,28.0000,16.0000,10.0000
1.5870,0.4040,0.3020,0.2450,0.1060,0.0000,0.0000,0.8810,1.0000,7.6450,3.9650,3.3070,0.0000,0.0000,0.0000,68.3513,0.0000,3883.0000,1443.0000,0.0000,17.0000,28.0000,16.0000,10.0000
1.8220,0.4730,0.4000,0.3090,0.2140,0.0000,0.0000,0.9490,1.0000,7.6450,3.9650,3.3070,0.0000,0.0000,0.0000,68.3818,0.0000,3886.0000,1443.0000,0.0000,17.0000,28.0000,16.0000,10.0000
1.6920,0.4980,0.3520,0.2290,0.1200,0.0000,0.0000,0.8420,1.0000,7.6450,3.9650,3.3070,0.0000,0.0000,0.0000,68.3825,0.0000,3886.0000,1443.0000,0.0000,17.0000,29.0000,16.0000,9.0000
1.6150,0.4090,0.3030,0.2370,0.1090,0.0000,0.0000,0.9030,1.0000,7.6450,3.9650,3.3070,0.0000,0.0000,0.0000,68.3819,0.0000,3886.0000,1443.0000,0.0000,17.0000,28.0000,16.0000,9.0000
1.8260,0.4840,0.3730,0.3320,0.1540,0.0000,0.0000,0.9690,1.0000,7.6450,3.9650,3.3070,0.0000,0.0000,0.0000,68.4022,0.0000,3888.0000,1443.0000,0.0000,17.0000,28.0000,16.0000,9.0000
1.6620,0.5980,0.2930,0.2920,0.1060,0.0000,0.0000,0.7710,1.0000,7.6450,3.9650,3.3070,0.0000,0.0000,0.0000,68.4022,0.0000,3888.0000,1443.0000,0.0000,17.0000,28.0000,16.0000,9.0000
1.7140,0.4150,0.2900,0.2600,0.1050,0.0000,0.0000,1.0090,1.0000,7.6450,3.9650,3.3070,0.0000,0.0000,0.0000,68.4023,0.0000,3888.0000,1443.0000,0.0000,17.0000,28.0000,16.0000,10.0000
3.5930,0.5390,0.3160,0.3230,0.1130,0.0000,0.0000,2.7380,1.0000,7.6450,3.9650,3.3070,0.0000,0.0000,0.0000,68.4023,0.0000,3888.0000,1443.0000,0.0000,17.0000,28.0000,16.0000,10.0000
3.2330,0.4450,0.4300,0.2920,0.1650,0.0000,0.0000,2.3580,1.0000,7.6450,3.9650,3.3070,0.0000,0.0000,0.0000,68.4023,0.0000,3888.0000,1443.0000,0.0000,17.0000,28.0000,16.0000,10.0000
2.3420,0.4380,0.3900,0.2710,0.1180,0.0000,0.0000,1.5140,1.0000,7.6450,3.9650,3.3070,0.0000,0.0000,0.0000,68.4023,0.0000,3888.0000,1443.0000,0.0000,17.0000,28.0000,16.0000,10.0000
2.2880,0.8120,0.4480,0.5790,0.2060,0.0000,0.0000,1.0280,1.0000,7.6450,3.9650,3.3070,0.0000,0.0000,0.0000,68.4228,0.0000,3890.0000,1443.0000,0.0000,17.0000,28.0000,16.0000,10.0000
1.8730,0.6510,0.4050,0.3330,0.2090,0.0000,0.0000,0.8170,1.0000,7.6450,3.9650,3.3070,0.0000,0.0000,0.0000,68.4432,0.0000,3892.0000,1443.0000,0.0000,17.0000,28.0000,16.0000,10.0000
2.3070,0.5300,0.6570,0.2490,0.1850,0.0000,0.0000,1.1200,1.0000,7.6450,3.9650,3.3070,0.0000,0.0000,0.0000,68.4536,0.0000,3893.0000,1443.0000,0.0000,17.0000,28.0000,16.0000,10.0000
1.7390,0.5500,0.4380,0.3210,0.1760,0.0000,0.0000,0.7510,1.0000,7.6450,3.9650,3.3070,0.0000,0.0000,0.0000,68.4640,0.0000,3894.0000,1443.0000,0.0000,17.0000,28.0000,16.0000,10.0000
1.5820,0.4540,0.2790,0.2540,0.1050,0.0000,0.0000,0.8490,1.0000,7.6450,3.9650,3.3070,0.0000,0.0000,0.0000,68.4640,0.0000,3894.0000,1443.0000,0.0000,17.0000,28.0000,16.0000,10.0000
1.6150,0.4600,0.3110,0.2460,0.1080,0.0000,0.0000,0.8440,1.0000,7.6450,3.9650,3.3070,0.0000,0.0000,0.0000,68.4641,0.0000,3894.0000,1443.0000,0.0000,17.0000,28.0000,16.0000,10.0000
1.5090,0.5500,0.2830,0.3480,0.1180,0.0000,0.0000,0.6760,1.0000,7.6450,3.9650,3.3070,0.0000,0.0000,0.0000,68.4641,0.0000,3894.0000,1443.0000,0.0000,17.0000,28.0000,16.0000,10.0000
1.4720,0.3960,0.2720,0.2410,0.1040,0.0000,0.0000,0.8040,1.0000,7.6450,3.9650,3.3070,0.0000,0.0000,0.0000,68.4641,0.0000,3894.0000,1443.0000,0.0000,17.0000,28.0000,16.0000,10.0000
1.5660,0.4650,0.3390,0.3010,0.1110,0.0000,0.0000,0.7620,1.0000,7.6450,3.9650,3.3070,0.0000,0.0000,0.0000,68.4634,0.0000,3894.0000,1443.0000,0.0000,17.0000,27.0000,16.0000,10.0000
1.4640,0.3810,0.2660,0.2310,0.1020,0.0000,0.0000,0.8170,1.0000,7.6450,3.9650,3.3070,0.0000,0.0000,0.0000,68.4627,0.0000,3894.0000,1443.0000,0.0000,17.0000,26.0000,16.0000,10.0000
1.5570,0.4570,0.2800,0.2900,0.1020,0.0000,0.0000,0.8200,1.0000,7.6450,3.9650,3.3070,0.0000,0.0000,0.0000,68.4627,0.0000,3894.0000,1443.0000,0.0000,17.0000,26.0000,16.0000,10.0000
3.3000,0.3860,0.3100,0.2320,0.1440,0.0000,0.0000,2.6040,1.0000,7.6450,3.9650,3.3070,0.0000,0.0000,0.0000,68.4831,0.0000,3896.0000,1443.0000,0.0000,17.0000,26.0000,16.0000,10.0000
1.9360,0.5250,0.4160,0.2370,0.1730,0.0000,0.0000,0.9950,1.0000,7.6450,3.9650,3.3070,0.0000,0.0000,0.0000,68.5038,0.0000,3898.0000,1443.0000,0.0000,17.0000,26.0000,16.0000,10.0000
1.4850,0.5110,0.2760,0.2620,0.1000,0.0000,0.0000,0.6980,1.0000,7.6450,3.9650,3.3070,0.0000,0.0000,0.0000,68.5040,0.0000,3898.0000,1443.0000,0.0000,17.0000,26.0000,16.0000,10.0000
3.9300,0.4390,2.4930,0.2310,0.1840,0.0000,0.0000,0.9980,1.0000,7.6450,3.9650,3.3070,0.0000,0.0000,0.0000,68.5144,0.0000,3899.0000,1443.0000,0.0000,17.0000,26.0000,16.0000,10.0000
1.6240,0.5520,0.3270,0.3260,0.1060,0.0000,0.0000,0.7450,1.0000,7.6450,3.9650,3.3070,0.0000,0.0000,0.0000,68.5144,0.0000,3899.0000,1443.0000,0.0000,17.0000,26.0000,16.0000,9.0000
2.0860,0.4950,0.6400,0.3290,0.4690,0.0000,0.0000,0.9510,1.0000,7.6450,3.9650,3.3070,0.0000,0.0000,0.0000,68.5328,0.0000,3901.0000,1443.0000,0.0000,17.0000,26.0000,16.0000,9.0000
2.1120,0.4990,0.3530,0.2840,0.1630,0.0000,0.0000,1.2600,1.0000,7.6450,3.9650,3.3070,0.0000,0.0000,0.0000,68.5423,0.0000,3902.0000,1443.0000,0.0000,17.0000,25.0000,16.0000,9.0000
1.6420,0.5290,0.3120,0.3210,0.1060,0.0000,0.0000,0.8010,1.0000,7.6450,3.9650,3.3070,0.0000,0.0000,0.0000,68.5424,0.0000,3902.0000,1443.0000,0.0000,17.0000,25.0000,16.0000,9.0000
1.5400,0.4080,0.2750,0.2410,0.1030,0.0000,0.0000,0.8570,1.0000,7.6450,3.9650,3.3070,0.0000,0.0000,0.0000,68.5424,0.0000,3902.0000,1443.0000,0.0000,17.0000,25.0000,16.0000,9.0000
4.5090,0.4560,0.3480,0.2420,0.1420,0.0000,0.0000,3.7050,1.0000,7.6450,3.9650,3.3070,0.0000,0.0000,0.0000,68.5527,0.0000,3903.0000,1443.0000,0.0000,17.0000,25.0000,16.0000,9.0000
1.5300,0.4750,0.2830,0.2810,0.1020,0.0000,0.0000,0.7720,1.0000,7.6450,3.9650,3.3070,0.0000,0.0000,0.0000,68.2861,0.0000,3877.0000,1443.0000,0.0000,17.0000,25.0000,16.0000,9.0000
1.3110,0.4460,0.2680,0.2270,0.0920,0.0000,0.0000,0.5970,1.0000,7.6450,3.9650,3.3070,0.0000,0.0000,0.0000,68.2859,0.0000,3877.0000,1443.0000,0.0000,17.0000,25.0000,16.0000,9.0000
1.6620,0.3350,0.2760,0.1980,0.1230,0.0000,0.0000,1.0510,1.0000,7.6450,3.9650,3.3070,0.0000,0.0000,0.0000,68.3064,0.0000,3879.0000,1443.0000,0.0000,17.0000,25.0000,16.0000,9.0000
1.5520,0.6000,0.3340,0.2120,0.1320,0.0000,0.0000,0.6180,1.0000,7.6450,3.9650,3.3070,0.0000,0.0000,0.0000,68.3167,0.0000,3880.0000,1443.0000,0.0000,17.0000,25.0000,16.0000,9.0000
1.3230,0.3630,0.2340,0.1960,0.0880,0.0000,0.0000,0.7260,1.0000,7.6450,3.9650,3.3070,0.0000,0.0000,0.0000,68.3168,0.0000,3880.0000,1443.0000,0.0000,17.0000,25.0000,16.0000,9.0000
1.4940,0.3750,0.2830,0.2510,0.1150,0.0000,0.0000,0.8360,1.0000,7.6450,3.9650,3.3070,0.0000,0.0000,0.0000,68.3271,0.0000,3881.0000,1443.0000,0.0000,17.0000,25.0000,16.0000,9.0000
1.2740,0.3660,0.2380,0.1930,0.0880,0.0000,0.0000,0.6700,1.0000,7.6450,3.9650,3.3070,0.0000,0.0000,0.0000,68.3271,0.0000,3881.0000,1443.0000,0.0000,17.0000,25.0000,16.0000,9.0000
1.1890,0.3170,0.2190,0.1930,0.0830,0.0000,0.0000,0.6530,1.0000,7.6450,3.9650,3.3070,0.0000,0.0000,0.0000,68.3272,0.0000,3881.0000,1443.0000,0.0000,17.0000,25.0000,16.0000,9.0000
1.3340,0.3500,0.2490,0.1920,0.0830,0.0000,0.0000,0.7350,1.0000,7.6450,3.9650,3.3070,0.0000,0.0000,0.0000,68.3272,0.0000,3881.0000,1443.0000,0.0000,17.0000,25.0000,16.0000,9.0000
1.3100,0.3380,0.2400,0.1980,0.0860,0.0000,0.0000,0.7320,1.0000,7.6450,3.9650,3.3070,0.0000,0.0000,0.0000,68.3272,0.0000,3881.0000,1443.0000,0.0000,17.0000,25.0000,16.0000,10.0000
1.3800,0.3680,0.2640,0.2510,0.1170,0.0000,0.0000,0.7480,1.0000,7.6450,3.9650,3.3070,0.0000,0.0000,0.0000,68.3376,0.0000,3882.0000,1443.0000,0.0000,17.0000,25.0000,16.0000,10.0000
1.3950,0.4280,0.2970,0.2420,0.1320,0.0000,0.0000,0.6700,1.0000,7.6450,3.9650,3.3070,0.0000,0.0000,0.0000,68.3376,0.0000,3882.0000,1443.0000,0.0000,17.0000,25.0000,16.0000,10.0000
1.4600,0.3420,0.2670,0.1980,0.1240,0.0000,0.0000,0.8510,1.0000,7.6450,3.9650,3.3070,0.0000,0.0000,0.0000,68.3494,0.0000,3883.0000,1443.0000,0.0000,17.0000,25.0000,16.0000,10.0000
1.2730,0.3880,0.2300,0.2160,0.0920,0.0000,0.0000,0.6550,1.0000,7.6450,3.9650,3.3070,0.0000,0.0000,0.0000,68.3487,0.0000,3883.0000,1443.0000,0.0000,17.0000,24.0000,16.0000,10.0000
1.4300,0.3700,0.3180,0.2010,0.1810,0.0000,0.0000,0.7420,1.0000,7.6450,3.9650,3.3070,0.0000,0.0000,0.0000,68.3591,0.0000,3884.0000,1443.0000,0.0000,17.0000,24.0000,16.0000,10.0000
1.4360,0.3720,0.2510,0.2040,0.0950,0.0000,0.0000,0.8130,1.0000,7.6450,3.9650,3.3070,0.0000,0.0000,0.0000,68.3591,0.0000,3884.0000,1443.0000,0.0000,17.0000,24.0000,16.0000,10.0000
1.5110,0.3780,0.2700,0.2430,0.1290,0.0000,0.0000,0.8630,1.0000,7.6450,3.9650,3.3070,0.0000,0.0000,0.0000,68.3797,0.0000,3886.0000,1443.0000,0.0000,17.0000,24.0000,16.0000,10.0000
1.4120,0.4130,0.2740,0.2040,0.1210,0.0000,0.0000,0.7250,1.0000,7.6450,3.9650,3.3070,0.0000,0.0000,0.0000,68.4000,0.0000,3888.0000,1443.0000,0.0000,17.0000,24.0000,16.0000,10.0000
1.3450,0.4570,0.2320,0.2590,0.0930,0.0000,0.0000,0.6560,1.0000,7.6450,3.9650,3.3070,0.0000,0.0000,0.0000,68.4001,0.0000,3888.0000,1443.0000,0.0000,17.0000,24.0000,16.0000,10.0000
1.3940,0.3390,0.2730,0.2050,0.1110,0.0000,0.0000,0.7820,1.0000,7.6450,3.9650,3.3070,0.0000,0.0000,0.0000,68.4105,0.0000,3889.0000,1443.0000,0.0000,17.0000,24.0000,16.0000,10.0000
1.2930,0.4120,0.2230,0.2550,0.0850,0.0000,0.0000,0.6580,1.0000,7.6450,3.9650,3.3070,0.0000,0.0000,0.0000,68.4112,0.0000,3889.0000,1443.0000,0.0000,17.0000,25.0000,16.0000,10.0000
1.2910,0.3580,0.2230,0.2390,0.0840,0.0000,0.0000,0.7100,1.0000,7.6450,3.9650,3.3070,0.0000,0.0000,0.0000,68.4112,0.0000,3889.0000,1443.0000,0.0000,17.0000,25.0000,16.0000,10.0000
1.2510,0.3250,0.2420,0.1990,0.0840,0.0000,0.0000,0.6840,1.0000,7.6450,3.9650,3.3070,0.0000,0.0000,0.0000,68.4112,0.0000,3889.0000,1443.0000,0.0000,17.0000,25.0000,16.0000,10.0000
1.2100,0.3140,0.2450,0.1890,0.0940,0.0000,0.0000,0.6510,1.0000,7.6450,3.9650,3.3070,0.0000,0.0000,0.0000,68.4112,0.0000,3889.0000,1443.0000,0.0000,17.0000,25.0000,16.0000,10.0000
1.1920,0.3130,0.2170,0.1870,0.0820,0.0000,0.0000,0.6620,1.0000,7.6450,3.9650,3.3070,0.0000,0.0000,0.0000,68.4112,0.0000,3889.0000,1443.0000,0.0000,17.0000,25.0000,16.0000,10.0000
1.6390,0.3610,0.3780,0.2420,0.1420,0.0000,0.0000,0.9000,1.0000,7.6450,3.9650,3.3070,0.0000,0.0000,0.0000,68.4518,0.0000,3893.0000,1443.0000,0.0000,17.0000,25.0000,16.0000,10.0000
1.4530,0.4610,0.2610,0.1930,0.1110,0.0000,0.0000,0.7310,1.0000,7.6450,3.9650,3.3070,0.0000,0.0000,0.0000,68.4620,0.0000,3894.0000,1443.0000,0.0000,17.0000,25.0000,16.0000,11.0000
1.2380,0.4690,0.2440,0.2900,0.1060,0.0000,0.0000,0.5250,1.0000,7.6450,3.9650,3.3070,0.0000,0.0000,0.0000,68.4622,0.0000,3894.0000,1443.0000,0.0000,17.0000,25.0000,16.0000,11.0000
1.3410,0.3320,0.2710,0.2020,0.1100,0.0000,0.0000,0.7380,1.0000,7.6450,3.9650,3.3070,0.0000,0.0000,0.0000,68.4732,0.0000,3895.0000,1443.0000,0.0000,17.0000,26.0000,16.0000,11.0000
1.2680,0.4070,0.2280,0.2460,0.0840,0.0000,0.0000,0.6330,1.0000,7.6450,3.9650,3.3070,0.0000,0.0000,0.0000,68.4736,0.0000,3895.0000,1443.0000,0.0000,17.0000,26.0000,16.0000,10.0000
1.2940,0.4220,0.2250,0.2990,0.0870,0.0000,0.0000,0.6470,1.0000,7.6450,3.9650,3.3070,0.0000,0.0000,0.0000,68.4737,0.0000,3895.0000,1443.0000,0.0000,17.0000,26.0000,16.0000,11.0000
1.2280,0.3600,0.2520,0.1940,0.1200,0.0000,0.0000,0.6160,1.0000,7.6450,3.9650,3.3070,0.0000,0.0000,0.0000,68.4737,0.0000,3895.0000,1443.0000,0.0000,17.0000,26.0000,16.0000,11.0000
1.2520,0.3290,0.2220,0.1920,0.0850,0.0000,0.0000,0.7010,1.0000,7.6450,3.9650,3.3070,0.0000,0.0000,0.0000,68.4737,0.0000,3895.0000,1443.0000,0.0000,17.0000,26.0000,16.0000,11.0000
1.4130,0.3520,0.2600,0.2270,0.1130,0.0000,0.0000,0.8010,1.0000,7.6450,3.9650,3.3070,0.0000,0.0000,0.0000,68.4839,0.0000,3896.0000,1443.0000,0.0000,17.0000,26.0000,16.0000,12.0000
1.2480,0.3960,0.2270,0.2410,0.0890,0.0000,0.0000,0.6250,1.0000,7.6450,3.9650,3.3070,0.0000,0.0000,0.0000,68.4839,0.0000,3896.0000,1443.0000,0.0000,17.0000,26.0000,16.0000,12.0000
1.2160,0.3370,0.2490,0.2080,0.0860,0.0000,0.0000,0.6300,1.0000,7.6450,3.9650,3.3070,0.0000,0.0000,0.0000,68.4840,0.0000,3896.0000,1443.0000,0.0000,17.0000,26.0000,16.0000,11.0000
1.3610,0.3200,0.2350,0.1940,0.1010,0.0000,0.0000,0.8060,1.0000,7.6450,3.9650,3.3070,0.0000,0.0000,0.0000,68.4840,0.0000,3896.0000,1443.0000,0.0000,17.0000,26.0000,16.0000,11.0000
1.3050,0.3810,0.2450,0.2400,0.0920,0.0000,0.0000,0.6790,1.0000,7.6450,3.9650,3.3070,0.0000,0.0000,0.0000,68.4840,0.0000,3896.0000,1443.0000,0.0000,17.0000,26.0000,16.0000,11.0000
1.3930,0.3900,0.2920,0.2170,0.1540,0.0000,0.0000,0.7110,1.0000,7.6450,3.9650,3.3070,0.0000,0.0000,0.0000,68.5043,0.0000,3898.0000,1443.0000,0.0000,17.0000,26.0000,16.0000,11.0000
1.4980,0.4010,0.2750,0.1990,0.1240,0.0000,0.0000,0.8220,1.0000,7.6450,3.9650,3.3070,0.0000,0.0000,0.0000,68.5349,0.0000,3901.0000,1443.0000,0.0000,17.0000,26.0000,16.0000,11.0000
1.3100,0.5500,0.2250,0.2870,0.0870,0.0000,0.0000,0.5350,1.0000,7.6450,3.9650,3.3070,0.0000,0.0000,0.0000,68.5350,0.0000,3901.0000,1443.0000,0.0000,17.0000,26.0000,16.0000,11.0000
1.2590,0.3360,0.2240,0.1930,0.0850,0.0000,0.0000,0.6990,1.0000,7.6450,3.9650,3.3070,0.0000,0.0000,0.0000,68.5351,0.0000,3901.0000,1443.0000,0.0000,17.0000,26.0000,16.0000,11.0000
1.3260,0.3360,0.2630,0.2100,0.1130,0.0000,0.0000,0.7270,1.0000,7.6450,3.9650,3.3070,0.0000,0.0000,0.0000,68.5454,0.0000,3902.0000,1443.0000,0.0000,17.0000,26.0000,16.0000,11.0000
1.2620,0.4000,0.2160,0.2430,0.0830,0.0000,0.0000,0.6460,1.0000,7.6450,3.9650,3.3070,0.0000,0.0000,0.0000,68.5454,0.0000,3902.0000,1443.0000,0.0000,17.0000,26.0000,16.0000,11.0000
1.4170,0.3310,0.2610,0.2010,0.0880,0.0000,0.0000,0.8250,1.0000,7.6450,3.9650,3.3070,0.0000,0.0000,0.0000,68.5455,0.0000,3902.0000,1443.0000,0.0000,17.0000,26.0000,16.0000,11.0000
1.2470,0.3210,0.2300,0.1910,0.0840,0.0000,0.0000,0.6960,1.0000,7.6450,3.9650,3.3070,0.0000,0.0000,0.0000,68.5448,0.0000,3902.0000,1443.0000,0.0000,17.0000,25.0000,16.0000,12.0000
1.4790,0.3670,0.2220,0.2420,0.0920,0.0000,0.0000,0.8900,1.0000,7.6450,3.9650,3.3070,0.0000,0.0000,0.0000,68.5455,0.0000,3902.0000,1443.0000,0.0000,17.0000,26.0000,16.0000,12.0000
1.2420,0.3630,0.2390,0.2020,0.0870,0.0000,0.0000,0.6400,1.0000,7.6450,3.9650,3.3070,0.0000,0.0000,0.0000,68.5455,0.0000,3902.0000,1443.0000,0.0000,17.0000,26.0000,16.0000,12.0000
1.4060,0.3160,0.2810,0.1890,0.1340,0.0000,0.0000,0.8090,1.0000,7.6450,3.9650,3.3070,0.0000,0.0000,0.0000,68.5863,0.0000,3906.0000,1443.0000,0.0000,17.0000,26.0000,16.0000,12.0000
1.2890,0.5040,0.2510,0.2000,0.1090,0.0000,0.0000,0.5340,1.0000,7.6450,3.9650,3.3070,0.0000,0.0000,0.0000,68.5966,0.0000,3907.0000,1443.0000,0.0000,17.0000,26.0000,16.0000,12.0000
1.2650,0.3710,0.2470,0.1940,0.0850,0.0000,0.0000,0.6470,1.0000,7.6450,3.9650,3.3070,0.0000,0.0000,0.0000,68.5968,0.0000,3907.0000,1443.0000,0.0000,17.0000,26.0000,16.0000,12.0000
1.3510,0.3230,0.2870,0.1920,0.1200,0.0000,0.0000,0.7410,1.0000,7.6450,3.9650,3.3070,0.0000,0.0000,0.0000,68.6171,0.0000,3909.0000,1443.0000,0.0000,17.0000,26.0000,16.0000,12.0000
1.2070,0.4370,0.2190,0.2460,0.0820,0.0000,0.0000,0.5510,1.0000,7.6450,3.9650,3.3070,0.0000,0.0000,0.0000,68.6171,0.0000,3909.0000,1443.0000,0.0000,17.0000,26.0000,16.0000,12.0000
1.2460,0.3690,0.2160,0.2030,0.0810,0.0000,0.0000,0.6610,1.0000,7.6450,3.9650,3.3070,0.0000,0.0000,0.0000,68.6179,0.0000,3909.0000,1443.0000,0.0000,17.0000,27.0000,16.0000,12.0000
1.2860,0.3360,0.2460,0.1920,0.1080,0.0000,0.0000,0.7040,1.0000,7.6450,3.9650,3.3070,0.0000,0.0000,0.0000,68.6295,0.0000,3910.0000,1443.0000,0.0000,17.0000,27.0000,16.0000,12.0000
1.2010,0.3540,0.2180,0.1900,0.0810,0.0000,0.0000,0.6290,1.0000,7.6450,3.9650,3.3070,0.0000,0.0000,0.0000,68.6288,0.0000,3910.0000,1443.0000,0.0000,17.0000,26.0000,16.0000,12.0000
1.3430,0.3630,0.2830,0.2390,0.1490,0.0000,0.0000,0.6970,1.0000,7.6450,3.9650,3.3070,0.0000,0.0000,0.0000,68.6392,0.0000,3911.0000,1443.0000,0.0000,17.0000,26.0000,16.0000,12.0000
1.2150,0.3810,0.2470,0.2100,0.1100,0.0000,0.0000,0.5870,1.0000,7.6450,3.9650,3.3070,0.0000,0.0000,0.0000,68.6392,0.0000,3911.0000,1443.0000,0.0000,17.0000,26.0000,16.0000,12.0000
1.1930,0.3270,0.2200,0.1940,0.0810,0.0000,0.0000,0.6460,1.0000,7.6450,3.9650,3.3070,0.0000,0.0000,0.0000,68.6392,0.0000,3911.0000,1443.0000,0.0000,17.0000,26.0000,16.0000,12.0000
1.2410,0.3330,0.2280,0.2020,0.0810,0.0000,0.0000,0.6800,1.0000,7.6450,3.9650,3.3070,0.0000,0.0000,0.0000,68.6399,0.0000,3911.0000,1443.0000,0.0000,17.0000,27.0000,16.0000,12.0000
1.2920,0.4060,0.2430,0.2310,0.1100,0.0000,0.0000,0.6430,1.0000,7.6450,3.9650,3.3070,0.0000,0.0000,0.0000,68.6502,0.0000,3912.0000,1443.0000,0.0000,17.0000,27.0000,16.0000,12.0000
1.3430,0.4120,0.2770,0.2040,0.1410,0.0000,0.0000,0.6540,1.0000,7.6450,3.9650,3.3070,0.0000,0.0000,0.0000,68.6604,0.0000,3913.0000,1443.0000,0.0000,17.0000,27.0000,16.0000,12.0000
1.4660,0.3750,0.2640,0.1970,0.1290,0.0000,0.0000,0.8270,1.0000,7.6450,3.9650,3.3070,0.0000,0.0000,0.0000,68.6810,0.0000,3915.0000,1443.0000,0.0000,17.0000,27.0000,16.0000,12.0000
1.2220,0.5570,0.2340,0.2600,0.0840,0.0000,0.0000,0.4310,1.0000,7.6450,3.9650,3.3070,0.0000,0.0000,0.0000,68.6811,0.0000,3915.0000,1443.0000,0.0000,17.0000,27.0000,16.0000,12.0000
1.4150,0.3450,0.2770,0.2070,0.1400,0.0000,0.0000,0.7930,1.0000,7.6450,3.9650,3.3070,0.0000,0.0000,0.0000,68.6916,0.0000,3916.0000,1443.0000,0.0000,17.0000,27.0000,16.0000,12.0000
1.4900,0.3650,0.2630,0.1940,0.1150,0.0000,0.0000,0.8620,1.0000,7.6450,3.9650,3.3070,0.0000,0.0000,0.0000,68.7118,0.0000,3918.0000,1443.0000,0.0000,17.0000,27.0000,16.0000,12.0000
1.3030,0.4480,0.2320,0.2010,0.0850,0.0000,0.0000,0.6230,1.0000,7.6450,3.9650,3.3070,0.0000,0.0000,0.0000,68.7119,0.0000,3918.0000,1443.0000,0.0000,17.0000,27.0000,16.0000,11.0000
1.3980,0.3650,0.2250,0.2150,0.0870,0.0000,0.0000,0.8080,1.0000,7.6450,3.9650,3.3070,0.0000,0.0000,0.0000,68.7120,0.0000,3918.0000,1443.0000,0.0000,17.0000,27.0000,16.0000,11.0000
1.3470,0.3590,0.2370,0.2020,0.0850,0.0000,0.0000,0.7510,1.0000,7.6450,3.9650,3.3070,0.0000,0.0000,0.0000,68.7120,0.0000,3918.0000,1443.0000,0.0000,17.0000,27.0000,16.0000,11.0000
1.2210,0.3670,0.2550,0.1960,0.1160,0.0000,0.0000,0.5990,1.0000,7.6450,3.9650,3.3070,0.0000,0.0000,0.0000,68.7120,0.0000,3918.0000,1443.0000,0.0000,17.0000,27.0000,16.0000,11.0000
1.1950,0.3350,0.2240,0.1910,0.0840,0.0000,0.0000,0.6360,1.0000,7.6450,3.9650,3.3070,0.0000,0.0000,0.0000,68.7118,0.0000,3918.0000,1443.0000,0.0000,17.0000,27.0000,16.0000,11.0000
1.5510,0.3290,0.2720,0.1950,0.1250,0.0000,0.0000,0.9500,1.0000,7.6450,3.9650,3.3070,0.0000,0.0000,0.0000,68.3419,0.0000,3882.0000,1443.0000,0.0000,17.0000,27.0000,16.0000,11.0000
1.5200,0.5530,0.3230,0.2170,0.1720,0.0000,0.0000,0.6440,1.0000,7.6450,3.9650,3.3070,0.0000,0.0000,0.0000,68.3621,0.0000,3884.0000,1443.0000,0.0000,17.0000,27.0000,16.0000,11.0000
1.2780,0.4480,0.2360,0.1960,0.0850,0.0000,0.0000,0.5940,1.0000,7.6450,3.9650,3.3070,0.0000,0.0000,0.0000,68.3623,0.0000,3884.0000,1443.0000,0.0000,17.0000,27.0000,16.0000,11.0000
1.2970,0.3730,0.2520,0.2490,0.1170,0.0000,0.0000,0.6720,1.0000,7.6450,3.9650,3.3070,0.0000,0.0000,0.0000,68.3624,0.0000,3884.0000,1443.0000,0.0000,17.0000,27.0000,16.0000,11.0000
1.2380,0.3460,0.2430,0.2110,0.1110,0.0000,0.0000,0.6490,1.0000,7.6450,3.9650,3.3070,0.0000,0.0000,0.0000,68.3624,0.0000,3884.0000,1443.0000,0.0000,17.0000,27.0000,16.0000,11.0000
1.3000,0.3350,0.2420,0.1910,0.0960,0.0000,0.0000,0.7230,1.0000,7.6450,3.9650,3.3070,0.0000,0.0000,0.0000,68.3624,0.0000,3884.0000,1443.0000,0.0000,17.0000,27.0000,16.0000,11.0000
1.3400,0.3170,0.2150,0.1920,0.0820,0.0000,0.0000,0.8080,1.0000,7.6450,3.9650,3.3070,0.0000,0.0000,0.0000,68.3622,0.0000,3884.0000,1443.0000,0.0000,17.0000,27.0000,16.0000,12.0000
1.1570,0.4350,0.2240,0.2640,0.0890,0.0000,0.0000,0.4980,1.0000,7.6450,3.9650,3.3070,0.0000,0.0000,0.0000,68.3622,0.0000,3884.0000,1443.0000,0.0000,17.0000,27.0000,16.0000,12.0000
1.3330,0.3360,0.3010,0.2070,0.1230,0.0000,0.0000,0.6960,1.0000,7.6450,3.9650,3.3070,0.0000,0.0000,0.0000,68.3825,0.0000,3886.0000,1443.0000,0.0000,17.0000,27.0000,16.0000,12.0000
1.2680,0.3880,0.2320,0.1980,0.0850,0.0000,0.0000,0.6480,1.0000,7.6450,3.9650,3.3070,0.0000,0.0000,0.0000,68.3826,0.0000,3886.0000,1443.0000,0.0000,17.0000,27.0000,16.0000,12.0000
1.2500,0.4010,0.2180,0.2290,0.0830,0.0000,0.0000,0.6310,1.0000,7.6450,3.9650,3.3070,0.0000,0.0000,0.0000,68.3827,0.0000,3886.0000,1443.0000,0.0000,17.0000,27.0000,16.0000,12.0000
1.2230,0.3570,0.2120,0.1940,0.0820,0.0000,0.0000,0.6540,1.0000,7.6450,3.9650,3.3070,0.0000,0.0000,0.0000,68.3827,0.0000,3886.0000,1443.0000,0.0000,17.0000,27.0000,16.0000,12.0000
1.2850,0.3340,0.2550,0.2090,0.0830,0.0000,0.0000,0.6960,1.0000,7.6450,3.9650,3.3070,0.0000,0.0000,0.0000,68.3827,0.0000,3886.0000,1443.0000,0.0000,17.0000,27.0000,16.0000,12.0000
1.3010,0.3650,0.2580,0.2360,0.1110,0.0000,0.0000,0.6780,1.0000,7.6450,3.9650,3.3070,0.0000,0.0000,0.0000,68.3929,0.0000,3887.0000,1443.0000,0.0000,17.0000,27.0000,16.0000,12.0000
1.3570,0.4020,0.2550,0.2470,0.1230,0.0000,0.0000,0.7000,1.0000,7.6450,3.9650,3.3070,0.0000,0.0000,0.0000,68.4248,0.0000,3890.0000,1443.0000,0.0000,17.0000,27.0000,16.0000,12.0000
1.2120,0.4400,0.2440,0.2090,0.0860,0.0000,0.0000,0.5280,1.0000,7.6450,3.9650,3.3070,0.0000,0.0000,0.0000,68.4248,0.0000,3890.0000,1443.0000,0.0000,17.0000,27.0000,16.0000,12.0000
1.2990,0.3150,0.2330,0.1880,0.0950,0.0000,0.0000,0.7510,1.0000,7.6450,3.9650,3.3070,0.0000,0.0000,0.0000,68.4250,0.0000,3890.0000,1443.0000,0.0000,17.0000,27.0000,16.0000,12.0000
1.3430,0.3360,0.2550,0.2120,0.1170,0.0000,0.0000,0.7520,1.0000,7.6450,3.9650,3.3070,0.0000,0.0000,0.0000,68.4455,0.0000,3892.0000,1443.0000,0.0000,17.0000,27.0000,16.0000,12.0000
1.2720,0.4290,0.2150,0.1970,0.0810,0.0000,0.0000,0.6280,1.0000,7.6450,3.9650,3.3070,0.0000,0.0000,0.0000,68.4455,0.0000,3892.0000,1443.0000,0.0000,17.0000,27.0000,16.0000,12.0000
1.2390,0.3320,0.2220,0.1930,0.0840,0.0000,0.0000,0.6850,1.0000,7.6450,3.9650,3.3070,0.0000,0.0000,0.0000,68.4456,0.0000,3892.0000,1443.0000,0.0000,17.0000,27.0000,16.0000,12.0000
1.2980,0.3150,0.2280,0.1900,0.0830,0.0000,0.0000,0.7550,1.0000,7.6450,3.9650,3.3070,0.0000,0.0000,0.0000,68.4456,0.0000,3892.0000,1443.0000,0.0000,17.0000,27.0000,16.0000,12.0000
1.3460,0.3090,0.2430,0.1880,0.1090,0.0000,0.0000,0.7940,1.0000,7.6450,3.9650,3.3070,0.0000,0.0000,0.0000,68.4560,0.0000,3893.0000,1443.0000,0.0000,17.0000,27.0000,16.0000,11.0000
1.3240,0.3730,0.2480,0.2070,0.0880,0.0000,0.0000,0.7030,1.0000,7.6450,3.9650,3.3070,0.0000,0.0000,0.0000,68.4560,0.0000,3893.0000,1443.0000,0.0000,17.0000,27.0000,16.0000,11.0000
1.5400,0.3200,0.2700,0.1900,0.1230,0.0000,0.0000,0.9500,1.0000,7.6450,3.9650,3.3070,0.0000,0.0000,0.0000,68.4869,0.0000,3896.0000,1443.0000,0.0000,17.0000,27.0000,16.0000,11.0000
1.4580,0.5150,0.2950,0.2530,0.1460,0.0000,0.0000,0.6480,1.0000,7.6450,3.9650,3.3070,0.0000,0.0000,0.0000,68.4972,0.0000,3897.0000,1443.0000,0.0000,17.0000,27.0000,16.0000,11.0000
3.0800,0.3650,0.2340,0.1900,0.0850,0.0000,0.0000,2.4810,1.0000,7.6450,3.9650,3.3070,0.0000,0.0000,0.0000,68.4980,0.0000,3897.0000,1443.0000,0.0000,17.0000,28.0000,16.0000,11.0000
1.4370,0.3300,0.2330,0.2010,0.0810,0.0000,0.0000,0.8740,1.0000,7.6450,3.9650,3.3070,0.0000,0.0000,0.0000,68.4981,0.0000,3897.0000,1443.0000,0.0000,17.0000,28.0000,16.0000,11.0000
1.2710,0.3630,0.2350,0.2250,0.0850,0.0000,0.0000,0.6730,1.0000,7.6450,3.9650,3.3070,0.0000,0.0000,0.0000,68.4981,0.0000,3897.0000,1443.0000,0.0000,17.0000,28.0000,16.0000,10.0000
1.2590,0.3420,0.2240,0.1940,0.0870,0.0000,0.0000,0.6930,1.0000,7.6450,3.9650,3.3070,0.0000,0.0000,0.0000,68.4981,0.0000,3897.0000,1443.0000,0.0000,17.0000,28.0000,16.0000,10.0000
1.2900,0.3230,0.2280,0.1940,0.0830,0.0000,0.0000,0.7390,1.0000,7.6450,3.9650,3.3070,0.0000,0.0000,0.0000,68.4981,0.0000,3897.0000,1443.0000,0.0000,17.0000,28.0000,16.0000,10.0000
1.3240,0.4060,0.2330,0.2290,0.0990,0.0000,0.0000,0.6850,1.0000,7.6450,3.9650,3.3070,0.0000,0.0000,0.0000,68.4981,0.0000,3897.0000,1443.0000,0.0000,17.0000,28.0000,16.0000,10.0000
1.3430,0.3470,0.2740,0.2100,0.1120,0.0000,0.0000,0.7220,1.0000,7.6450,3.9650,3.3070,0.0000,0.0000,0.0000,68.5083,0.0000,3898.0000,1443.0000,0.0000,17.0000,28.0000,16.0000,9.0000
1.3510,0.3640,0.2320,0.2000,0.0870,0.0000,0.0000,0.7550,1.0000,7.6450,3.9650,3.3070,0.0000,0.0000,0.0000,68.5076,0.0000,3898.0000,1443.0000,0.0000,17.0000,27.0000,16.0000,8.0000
1.3050,0.4070,0.2230,0.2280,0.0870,0.0000,0.0000,0.6750,1.0000,7.6450,3.9650,3.3070,0.0000,0.0000,0.0000,68.5077,0.0000,3898.0000,1443.0000,0.0000,17.0000,27.0000,16.0000,8.0000
1.2350,0.3330,0.2420,0.2020,0.0870,0.0000,0.0000,0.6600,1.0000,7.6450,3.9650,3.3070,0.0000,0.0000,0.0000,68.5077,0.0000,3898.0000,1443.0000,0.0000,17.0000,27.0000,16.0000,8.0000
1.2530,0.3220,0.2260,0.1910,0.0950,0.0000,0.0000,0.7050,1.0000,7.6450,3.9650,3.3070,0.0000,0.0000,0.0000,68.5077,0.0000,3898.0000,1443.0000,0.0000,17.0000,27.0000,16.0000,8.0000
1.2760,0.3680,0.2160,0.2410,0.0850,0.0000,0.0000,0.6920,1.0000,7.6450,3.9650,3.3070,0.0000,0.0000,0.0000,68.5077,0.0000,3898.0000,1443.0000,0.0000,17.0000,27.0000,16.0000,8.0000
1.2250,0.3600,0.2150,0.2380,0.0850,0.0000,0.0000,0.6500,1.0000,7.6450,3.9650,3.3070,0.0000,0.0000,0.0000,68.5077,0.0000,3898.0000,1443.0000,0.0000,17.0000,27.0000,16.0000,8.0000
1.4230,0.3340,0.2420,0.2040,0.0870,0.0000,0.0000,0.8470,1.0000,7.6450,3.9650,3.3070,0.0000,0.0000,0.0000,68.5077,0.0000,3898.0000,1443.0000,0.0000,17.0000,27.0000,16.0000,8.0000
1.3430,0.3430,0.2470,0.2150,0.0900,0.0000,0.0000,0.7530,1.0000,7.6450,3.9650,3.3070,0.0000,0.0000,0.0000,68.5077,0.0000,3898.0000,1443.0000,0.0000,17.0000,27.0000,16.0000,8.0000
1.2960,0.3780,0.2210,0.2460,0.0850,0.0000,0.0000,0.6970,1.0000,7.6450,3.9650,3.3070,0.0000,0.0000,0.0000,68.5077,0.0000,3898.0000,1443.0000,0.0000,17.0000,27.0000,16.0000,8.0000
1.3600,0.3330,0.2410,0.2000,0.0860,0.0000,0.0000,0.7860,1.0000,7.6450,3.9650,3.3070,0.0000,0.0000,0.0000,68.5077,0.0000,3898.0000,1443.0000,0.0000,17.0000,27.0000,16.0000,8.0000
1.3250,0.3730,0.2600,0.2430,0.1120,0.0000,0.0000,0.6920,1.0000,7.6450,3.9650,3.3070,0.0000,0.0000,0.0000,68.5187,0.0000,3899.0000,1443.0000,0.0000,17.0000,28.0000,16.0000,8.0000
1.2950,0.4050,0.2150,0.2450,0.0820,0.0000,0.0000,0.6750,1.0000,7.6450,3.9650,3.3070,0.0000,0.0000,0.0000,68.5187,0.0000,3899.0000,1443.0000,0.0000,17.0000,28.0000,16.0000,9.0000
1.4490,0.3340,0.2680,0.2030,0.1140,0.0000,0.0000,0.8470,1.0000,7.6450,3.9650,3.3070,0.0000,0.0000,0.0000,68.5290,0.0000,3900.0000,1443.0000,0.0000,17.0000,28.0000,16.0000,9.0000
1.3990,0.4410,0.2470,0.2760,0.1120,0.0000,0.0000,0.7110,1.0000,7.6450,3.9650,3.3070,0.0000,0.0000,0.0000,68.5396,0.0000,3901.0000,1443.0000,0.0000,17.0000,28.0000,16.0000,11.0000
1.5390,0.4530,0.3130,0.2460,0.1730,0.0000,0.0000,0.7730,1.0000,7.6450,3.9650,3.3070,0.0000,0.0000,0.0000,68.5801,0.0000,3905.0000,1443.0000,0.0000,17.0000,28.0000,16.0000,11.0000
1.5050,0.4670,0.2700,0.1950,0.1190,0.0000,0.0000,0.7680,1.0000,7.6450,3.9650,3.3070,0.0000,0.0000,0.0000,68.6007,0.0000,3907.0000,1443.0000,0.0000,17.0000,28.0000,16.0000,11.0000
1.3650,0.4290,0.2530,0.1980,0.1190,0.0000,0.0000,0.6830,1.0000,7.6450,3.9650,3.3070,0.0000,0.0000,0.0000,68.6009,0.0000,3907.0000,1443.0000,0.0000,17.0000,28.0000,16.0000,11.0000
1.2860,0.3360,0.2370,0.1910,0.0870,0.0000,0.0000,0.7130,1.0000,7.6450,3.9650,3.3070,0.0000,0.0000,0.0000,68.6010,0.0000,3907.0000,1443.0000,0.0000,17.0000,28.0000,16.0000,11.0000
1.2540,0.3210,0.2140,0.1920,0.0840,0.0000,0.0000,0.7190,1.0000,7.6450,3.9650,3.3070,0.0000,0.0000,0.0000,68.6010,0.0000,3907.0000,1443.0000,0.0000,17.0000,28.0000,16.0000,11.0000
1.2420,0.3560,0.2120,0.1940,0.0830,0.0000,0.0000,0.6740,1.0000,7.6450,3.9650,3.3070,0.0000,0.0000,0.0000,68.6010,0.0000,3907.0000,1443.0000,0.0000,17.0000,28.0000,16.0000,11.0000
1.3910,0.3370,0.2420,0.2060,0.0860,0.0000,0.0000,0.8120,1.0000,7.6450,3.9650,3.3070,0.0000,0.0000,0.0000,68.6010,0.0000,3907.0000,1443.0000,0.0000,17.0000,28.0000,16.0000,11.0000
1.3590,0.3220,0.2320,0.1920,0.0970,0.0000,0.0000,0.8050,1.0000,7.6450,3.9650,3.3070,0.0000,0.0000,0.0000,68.6010,0.0000,3907.0000,1443.0000,0.0000,17.0000,28.0000,16.0000,11.0000
1.3650,0.3650,0.2460,0.2290,0.1120,0.0000,0.0000,0.7540,1.0000,7.6450,3.9650,3.3070,0.0000,0.0000,0.0000,68.6113,0.0000,3908.0000,1443.0000,0.0000,17.0000,28.0000,16.0000,11.0000
1.3720,0.3700,0.2190,0.1940,0.0850,0.0000,0.0000,0.7830,1.0000,7.6450,3.9650,3.3070,0.0000,0.0000,0.0000,68.6113,0.0000,3908.0000,1443.0000,0.0000,17.0000,28.0000,16.0000,11.0000
1.4130,0.3240,0.2500,0.1950,0.1130,0.0000,0.0000,0.8390,1.0000,7.6450,3.9650,3.3070,0.0000,0.0000,0.0000,68.6223,0.0000,3909.0000,1443.0000,0.0000,17.0000,29.0000,16.0000,11.0000
1.2870,0.4100,0.2460,0.2090,0.1120,0.0000,0.0000,0.6310,1.0000,7.6450,3.9650,3.3070,0.0000,0.0000,0.0000,68.6223,0.0000,3909.0000,1443.0000,0.0000,17.0000,29.0000,16.0000,11.0000
1.2740,0.3240,0.2270,0.1790,0.0950,0.0000,0.0000,0.7230,1.0000,7.6450,3.9650,3.3070,0.0000,0.0000,0.0000,68.6223,0.0000,3909.0000,1443.0000,0.0000,17.0000,29.0000,16.0000,11.0000
1.3510,0.3040,0.2420,0.1760,0.1110,0.0000,0.0000,0.8050,1.0000,7.6450,3.9650,3.3070,0.0000,0.0000,0.0000,68.6326,0.0000,3910.0000,1443.0000,0.0000,17.0000,29.0000,16.0000,11.0000
1.3300,0.3780,0.2530,0.1820,0.1170,0.0000,0.0000,0.6990,1.0000,7.6450,3.9650,3.3070,0.0000,0.0000,0.0000,68.6326,0.0000,3910.0000,1443.0000,0.0000,17.0000,29.0000,16.0000,11.0000
1.2570,0.3220,0.2240,0.1780,0.0920,0.0000,0.0000,0.7110,1.0000,7.6450,3.9650,3.3070,0.0000,0.0000,0.0000,68.6327,0.0000,3910.0000,1443.0000,0.0000,17.0000,29.0000,16.0000,11.0000
1.3670,0.3090,0.2150,0.1790,0.0820,0.0000,0.0000,0.8430,1.0000,7.6450,3.9650,3.3070,0.0000,0.0000,0.0000,68.6371,0.0000,3911.0000,1443.0000,0.0000,17.0000,30.0000,16.0000,11.0000
1.4480,0.3770,0.2150,0.2130,0.0820,0.0000,0.0000,0.8560,1.0000,7.6450,3.9650,3.3070,0.0000,0.0000,0.0000,68.6363,0.0000,3911.0000,1443.0000,0.0000,17.0000,30.0000,16.0000,11.0000
1.3950,0.3830,0.2820,0.2490,0.1260,0.0000,0.0000,0.7300,1.0000,7.6450,3.9650,3.3070,0.0000,0.0000,0.0000,68.6491,0.0000,3914.0000,1443.0000,0.0000,17.0000,30.0000,16.0000,11.0000
1.3560,0.4030,0.2530,0.2320,0.1170,0.0000,0.0000,0.7000,1.0000,7.6450,3.9650,3.3070,0.0000,0.0000,0.0000,68.6491,0.0000,3914.0000,1443.0000,0.0000,17.0000,30.0000,16.0000,11.0000
1.4950,0.3390,0.3000,0.1970,0.1200,0.0000,0.0000,0.8560,1.0000,7.6450,3.9650,3.3070,0.0000,0.0000,0.0000,68.6697,0.0000,3916.0000,1443.0000,0.0000,17.0000,30.0000,16.0000,11.0000
1.3240,0.3820,0.2470,0.1810,0.1090,0.0000,0.0000,0.6950,1.0000,7.6450,3.9650,3.3070,0.0000,0.0000,0.0000,68.6807,0.0000,3917.0000,1443.0000,0.0000,17.0000,31.0000,16.0000,11.0000
1.3840,0.3910,0.2760,0.1800,0.1370,0.0000,0.0000,0.7170,1.0000,7.6450,3.9650,3.3070,0.0000,0.0000,0.0000,68.6910,0.0000,3918.0000,1443.0000,0.0000,17.0000,31.0000,16.0000,11.0000
1.3400,0.3630,0.2620,0.1810,0.1210,0.0000,0.0000,0.7150,1.0000,7.6450,3.9650,3.3070,0.0000,0.0000,0.0000,68.7014,0.0000,3919.0000,1443.0000,0.0000,17.0000,31.0000,16.0000,11.0000
1.5140,0.3580,0.3010,0.1820,0.1290,0.0000,0.0000,0.8550,1.0000,7.6450,3.9650,3.3070,0.0000,0.0000,0.0000,68.7116,0.0000,3920.0000,1443.0000,0.0000,17.0000,31.0000,16.0000,11.0000
1.3320,0.3840,0.2520,0.1950,0.0840,0.0000,0.0000,0.6960,1.0000,7.6450,3.9650,3.3070,0.0000,0.0000,0.0000,68.3613,0.0000,3886.0000,1443.0000,0.0000,17.0000,31.0000,16.0000,11.0000
1.2450,0.3210,0.2190,0.1840,0.0800,0.0000,0.0000,0.7050,1.0000,7.6450,3.9650,3.3070,0.0000,0.0000,0.0000,68.3613,0.0000,3886.0000,1443.0000,0.0000,17.0000,31.0000,16.0000,11.0000
1.2660,0.3690,0.2100,0.2400,0.0800,0.0000,0.0000,0.6870,1.0000,7.6450,3.9650,3.3070,0.0000,0.0000,0.0000,68.3613,0.0000,3886.0000,1443.0000,0.0000,17.0000,31.0000,16.0000,11.0000
1.4730,0.3540,0.2860,0.1880,0.1470,0.0000,0.0000,0.8330,1.0000,7.6450,3.9650,3.3070,0.0000,0.0000,0.0000,68.3815,0.0000,3888.0000,1443.0000,0.0000,17.0000,31.0000,16.0000,12.0000
1.2680,0.3970,0.2330,0.1980,0.0850,0.0000,0.0000,0.6380,1.0000,7.6450,3.9650,3.3070,0.0000,0.0000,0.0000,68.3815,0.0000,3888.0000,1443.0000,0.0000,17.0000,31.0000,16.0000,12.0000
1.4120,0.3590,0.2410,0.2320,0.1060,0.0000,0.0000,0.8120,1.0000,7.6450,3.9650,3.3070,0.0000,0.0000,0.0000,68.3957,0.0000,3889.0000,1443.0000,0.0000,17.0000,31.0000,16.0000,12.0000
1.3810,0.3590,0.2440,0.1890,0.0830,0.0000,0.0000,0.7780,1.0000,7.6450,3.9650,3.3070,0.0000,0.0000,0.0000,68.3932,0.0000,3889.0000,1443.0000,0.0000,17.0000,31.0000,16.0000,12.0000
1.4010,0.3130,0.2420,0.1810,0.1070,0.0000,0.0000,0.8460,1.0000,7.6450,3.9650,3.3070,0.0000,0.0000,0.0000,68.4036,0.0000,3890.0000,1443.0000,0.0000,17.0000,31.0000,16.0000,11.0000
1.4050,0.3870,0.2780,0.2290,0.1450,0.0000,0.0000,0.7400,1.0000,7.6450,3.9650,3.3070,0.0000,0.0000,0.0000,68.4138,0.0000,3891.0000,1443.0000,0.0000,17.0000,31.0000,16.0000,11.0000
1.3240,0.3600,0.2340,0.1790,0.0940,0.0000,0.0000,0.7300,1.0000,7.6450,3.9650,3.3070,0.0000,0.0000,0.0000,68.4139,0.0000,3891.0000,1443.0000,0.0000,17.0000,31.0000,16.0000,11.0000
1.3710,0.3060,0.2340,0.1780,0.0850,0.0000,0.0000,0.8310,1.0000,7.6450,3.9650,3.3070,0.0000,0.0000,0.0000,68.4139,0.0000,3891.0000,1443.0000,0.0000,17.0000,31.0000,16.0000,11.0000
1.4300,0.3530,0.2410,0.1830,0.1090,0.0000,0.0000,0.8360,1.0000,7.6450,3.9650,3.3070,0.0000,0.0000,0.0000,68.4132,0.0000,3891.0000,1443.0000,0.0000,17.0000,30.0000,16.0000,12.0000
1.2850,0.3190,0.2320,0.1770,0.0840,0.0000,0.0000,0.7340,1.0000,7.6450,3.9650,3.3070,0.0000,0.0000,0.0000,68.4132,0.0000,3891.0000,1443.0000,0.0000,17.0000,30.0000,16.0000,12.0000
1.2640,0.3620,0.2140,0.2360,0.0820,0.0000,0.0000,0.6880,1.0000,7.6450,3.9650,3.3070,0.0000,0.0000,0.0000,68.4132,0.0000,3891.0000,1443.0000,0.0000,17.0000,30.0000,16.0000,12.0000
1.3730,0.3260,0.2460,0.1910,0.1150,0.0000,0.0000,0.8010,1.0000,7.6450,3.9650,3.3070,0.0000,0.0000,0.0000,68.4121,0.0000,3889.0000,1443.0000,0.0000,17.0000,30.0000,16.0000,12.0000
1.4230,0.3320,0.2810,0.1900,0.1130,0.0000,0.0000,0.8100,1.0000,7.6450,3.9650,3.3070,0.0000,0.0000,0.0000,68.4224,0.0000,3890.0000,1443.0000,0.0000,17.0000,30.0000,16.0000,12.0000
1.3450,0.4050,0.2450,0.2400,0.1100,0.0000,0.0000,0.6950,1.0000,7.6450,3.9650,3.3070,0.0000,0.0000,0.0000,68.4326,0.0000,3891.0000,1443.0000,0.0000,17.0000,30.0000,16.0000,11.0000
1.5460,0.3880,0.2720,0.1830,0.1150,0.0000,0.0000,0.8860,1.0000,7.6450,3.9650,3.3070,0.0000,0.0000,0.0000,68.4329,0.0000,3891.0000,1443.0000,0.0000,17.0000,30.0000,16.0000,11.0000
1.5230,0.4170,0.2850,0.2450,0.1480,0.0000,0.0000,0.8210,1.0000,7.6450,3.9650,3.3070,0.0000,0.0000,0.0000,68.4726,0.0000,3895.0000,1443.0000,0.0000,17.0000,29.0000,16.0000,11.0000
1.4540,0.4470,0.2760,0.1740,0.1350,0.0000,0.0000,0.7310,1.0000,7.6450,3.9650,3.3070,0.0000,0.0000,0.0000,68.4930,0.0000,3897.0000,1443.0000,0.0000,17.0000,29.0000,16.0000,11.0000
1.3380,0.3740,0.2660,0.1800,0.1270,0.0000,0.0000,0.6980,1.0000,7.6450,3.9650,3.3070,0.0000,0.0000,0.0000,68.4933,0.0000,3897.0000,1443.0000,0.0000,17.0000,29.0000,16.0000,12.0000
1.3810,0.4020,0.2840,0.2370,0.1480,0.0000,0.0000,0.6950,1.0000,7.6450,3.9650,3.3070,0.0000,0.0000,0.0000,68.5024,0.0000,3897.0000,1443.0000,0.0000,17.0000,29.0000,16.0000,12.0000
1.4240,0.3660,0.2660,0.1950,0.1190,0.0000,0.0000,0.7920,1.0000,7.6450,3.9650,3.3070,0.0000,0.0000,0.0000,68.5226,0.0000,3899.0000,1443.0000,0.0000,17.0000,29.0000,16.0000,12.0000
1.3600,0.4380,0.2700,0.2470,0.0860,0.0000,0.0000,0.6520,1.0000,7.6450,3.9650,3.3070,0.0000,0.0000,0.0000,68.5226,0.0000,3899.0000,1443.0000,0.0000,17.0000,29.0000,16.0000,12.0000
1.3270,0.3460,0.2250,0.2010,0.0840,0.0000,0.0000,0.7560,1.0000,7.6450,3.9650,3.3070,0.0000,0.0000,0.0000,68.5227,0.0000,3899.0000,1443.0000,0.0000,17.0000,29.0000,16.0000,12.0000
1.2760,0.3210,0.2150,0.1940,0.0820,0.0000,0.0000,0.7400,1.0000,7.6450,3.9650,3.3070,0.0000,0.0000,0.0000,68.5227,0.0000,3899.0000,1443.0000,0.0000,17.0000,29.0000,16.0000,12.0000
1.2530,0.3810,0.2470,0.2530,0.0840,0.0000,0.0000,0.6250,1.0000,7.6450,3.9650,3.3070,0.0000,0.0000,0.0000,68.5227,0.0000,3899.0000,1443.0000,0.0000,17.0000,29.0000,16.0000,12.0000
1.3790,0.3410,0.2750,0.2060,0.1460,0.0000,0.0000,0.7630,1.0000,7.6450,3.9650,3.3070,0.0000,0.0000,0.0000,68.5433,0.0000,3901.0000,1443.0000,0.0000,17.0000,29.0000,16.0000,12.0000
1.2990,0.3920,0.2320,0.1970,0.0840,0.0000,0.0000,0.6750,1.0000,7.6450,3.9650,3.3070,0.0000,0.0000,0.0000,68.5433,0.0000,3901.0000,1443.0000,0.0000,17.0000,29.0000,16.0000,12.0000
1.3740,0.3170,0.2530,0.1920,0.1180,0.0000,0.0000,0.8040,1.0000,7.6450,3.9650,3.3070,0.0000,0.0000,0.0000,68.5434,0.0000,3901.0000,1443.0000,0.0000,17.0000,29.0000,16.0000,11.0000
1.4440,0.3580,0.2920,0.2240,0.1250,0.0000,0.0000,0.7940,1.0000,7.6450,3.9650,3.3070,0.0000,0.0000,0.0000,68.5636,0.0000,3903.0000,1443.0000,0.0000,17.0000,29.0000,16.0000,11.0000
1.4880,0.3970,0.2570,0.2030,0.1190,0.0000,0.0000,0.8340,1.0000,7.6450,3.9650,3.3070,0.0000,0.0000,0.0000,68.5845,0.0000,3905.0000,1443.0000,0.0000,17.0000,30.0000,16.0000,11.0000
1.4430,0.4350,0.2500,0.1980,0.1130,0.0000,0.0000,0.7580,1.0000,7.6450,3.9650,3.3070,0.0000,0.0000,0.0000,68.5846,0.0000,3905.0000,1443.0000,0.0000,17.0000,30.0000,16.0000,12.0000
1.4250,0.3370,0.2880,0.1950,0.1320,0.0000,0.0000,0.8000,1.0000,7.6450,3.9650,3.3070,0.0000,0.0000,0.0000,68.6060,0.0000,3907.0000,1443.0000,0.0000,17.0000,31.0000,16.0000,12.0000
1.2750,0.4400,0.2180,0.2030,0.0840,0.0000,0.0000,0.6170,1.0000,7.6450,3.9650,3.3070,0.0000,0.0000,0.0000,68.6060,0.0000,3907.0000,1443.0000,0.0000,17.0000,31.0000,16.0000,12.0000
1.4270,0.3370,0.2440,0.2080,0.0840,0.0000,0.0000,0.8460,1.0000,7.6450,3.9650,3.3070,0.0000,0.0000,0.0000,68.6061,0.0000,3907.0000,1443.0000,0.0000,17.0000,31.0000,16.0000,12.0000
1.2540,0.3300,0.2190,0.2000,0.0830,0.0000,0.0000,0.7050,1.0000,7.6450,3.9650,3.3070,0.0000,0.0000,0.0000,68.6061,0.0000,3907.0000,1443.0000,0.0000,17.0000,31.0000,16.0000,12.0000
1.2620,0.3730,0.2140,0.2500,0.0830,0.0000,0.0000,0.6750,1.0000,7.6450,3.9650,3.3070,0.0000,0.0000,0.0000,68.6061,0.0000,3907.0000,1443.0000,0.0000,17.0000,31.0000,16.0000,12.0000
1.2740,0.3410,0.2420,0.2110,0.0830,0.0000,0.0000,0.6910,1.0000,7.6450,3.9650,3.3070,0.0000,0.0000,0.0000,68.6061,0.0000,3907.0000,1443.0000,0.0000,17.0000,31.0000,16.0000,12.0000
1.2280,0.3260,0.2260,0.1970,0.0810,0.0000,0.0000,0.6760,1.0000,7.6450,3.9650,3.3070,0.0000,0.0000,0.0000,68.6061,0.0000,3907.0000,1443.0000,0.0000,17.0000,31.0000,16.0000,12.0000
1.2810,0.3270,0.2160,0.1990,0.0810,0.0000,0.0000,0.7380,1.0000,7.6450,3.9650,3.3070,0.0000,0.0000,0.0000,68.6061,0.0000,3907.0000,1443.0000,0.0000,17.0000,31.0000,16.0000,12.0000
1.5210,0.3690,0.2890,0.2440,0.1430,0.0000,0.0000,0.8630,1.0000,7.6450,3.9650,3.3070,0.0000,0.0000,0.0000,68.6266,0.0000,3909.0000,1443.0000,0.0000,17.0000,31.0000,16.0000,12.0000
1.3570,0.4130,0.2550,0.2020,0.1080,0.0000,0.0000,0.6890,1.0000,7.6450,3.9650,3.3070,0.0000,0.0000,0.0000,68.6369,0.0000,3910.0000,1443.0000,0.0000,17.0000,31.0000,16.0000,12.0000
1.3150,0.4120,0.2190,0.2500,0.0830,0.0000,0.0000,0.6840,1.0000,7.6450,3.9650,3.3070,0.0000,0.0000,0.0000,68.6363,0.0000,3910.0000,1443.0000,0.0000,17.0000,30.0000,16.0000,11.0000
1.3740,0.3440,0.2750,0.2120,0.1140,0.0000,0.0000,0.7550,1.0000,7.6450,3.9650,3.3070,0.0000,0.0000,0.0000,68.6466,0.0000,3911.0000,1443.0000,0.0000,17.0000,30.0000,16.0000,11.0000
1.4320,0.3690,0.2640,0.2060,0.1120,0.0000,0.0000,0.7990,1.0000,7.6450,3.9650,3.3070,0.0000,0.0000,0.0000,68.6562,0.0000,3912.0000,1443.0000,0.0000,17.0000,29.0000,16.0000,12.0000
1.2900,0.4560,0.2250,0.2940,0.0870,0.0000,0.0000,0.6090,1.0000,7.6450,3.9650,3.3070,0.0000,0.0000,0.0000,68.6562,0.0000,3912.0000,1443.0000,0.0000,17.0000,29.0000,16.0000,13.0000
1.3420,0.3390,0.2280,0.2090,0.0900,0.0000,0.0000,0.7750,1.0000,7.6450,3.9650,3.3070,0.0000,0.0000,0.0000,68.6563,0.0000,3912.0000,1443.0000,0.0000,17.0000,29.0000,16.0000,13.0000
1.3360,0.3430,0.2490,0.2120,0.1110,0.0000,0.0000,0.7440,1.0000,7.6450,3.9650,3.3070,0.0000,0.0000,0.0000,68.6665,0.0000,3913.0000,1443.0000,0.0000,17.0000,29.0000,16.0000,13.0000
1.2370,0.4080,0.2200,0.2480,0.0860,0.0000,0.0000,0.6090,1.0000,7.6450,3.9650,3.3070,0.0000,0.0000,0.0000,68.6665,0.0000,3913.0000,1443.0000,0.0000,17.0000,29.0000,16.0000,13.0000
1.4090,0.3450,0.2830,0.2120,0.1230,0.0000,0.0000,0.7810,1.0000,7.6450,3.9650,3.3070,0.0000,0.0000,0.0000,68.6868,0.0000,3915.0000,1443.0000,0.0000,17.0000,29.0000,16.0000,13.0000
1.6490,0.3930,0.4900,0.1960,0.1120,0.0000,0.0000,0.7660,1.0000,7.6450,3.9650,3.3070,0.0000,0.0000,0.0000,68.7244,0.0000,3919.0000,1443.0000,0.0000,17.0000,29.0000,16.0000,12.0000
1.3510,0.4540,0.2540,0.2040,0.0900,0.0000,0.0000,0.6430,1.0000,7.6450,3.9650,3.3070,0.0000,0.0000,0.0000,68.7238,0.0000,3919.0000,1443.0000,0.0000,17.0000,28.0000,16.0000,12.0000
1.2940,0.4010,0.2410,0.2660,0.1000,0.0000,0.0000,0.6520,1.0000,7.6450,3.9650,3.3070,0.0000,0.0000,0.0000,68.7239,0.0000,3919.0000,1443.0000,0.0000,17.0000,28.0000,16.0000,12.0000
1.4020,0.3970,0.2540,0.2620,0.1190,0.0000,0.0000,0.7510,1.0000,7.6450,3.9650,3.3070,0.0000,0.0000,0.0000,68.7445,0.0000,3921.0000,1443.0000,0.0000,17.0000,28.0000,16.0000,12.0000
1.3540,0.4210,0.2280,0.2090,0.0870,0.0000,0.0000,0.7050,1.0000,7.6450,3.9650,3.3070,0.0000,0.0000,0.0000,68.7445,0.0000,3921.0000,1443.0000,0.0000,17.0000,28.0000,16.0000,12.0000
1.2480,0.3930,0.2210,0.2640,0.0850,0.0000,0.0000,0.6340,1.0000,7.6450,3.9650,3.3070,0.0000,0.0000,0.0000,68.7446,0.0000,3921.0000,1443.0000,0.0000,17.0000,28.0000,16.0000,12.0000
1.2500,0.3780,0.2170,0.2520,0.0850,0.0000,0.0000,0.6550,1.0000,7.6450,3.9650,3.3070,0.0000,0.0000,0.0000,68.7446,0.0000,3921.0000,1443.0000,0.0000,17.0000,28.0000,16.0000,11.0000
1.7070,0.3510,0.2830,0.2190,0.1270,0.0000,0.0000,1.0730,1.0000,7.6450,3.9650,3.3070,0.0000,0.0000,0.0000,68.7649,0.0000,3923.0000,1443.0000,0.0000,17.0000,28.0000,16.0000,11.0000
1.3100,0.4660,0.2430,0.2680,0.0880,0.0000,0.0000,0.6010,1.0000,7.6450,3.9650,3.3070,0.0000,0.0000,0.0000,68.7649,0.0000,3923.0000,1443.0000,0.0000,17.0000,28.0000,16.0000,11.0000
1.2380,0.3610,0.2500,0.2210,0.0880,0.0000,0.0000,0.6270,1.0000,7.6450,3.9650,3.3070,0.0000,0.0000,0.0000,68.7650,0.0000,3923.0000,1443.0000,0.0000,17.0000,28.0000,16.0000,11.0000
1.2250,0.3370,0.2290,0.2040,0.0960,0.0000,0.0000,0.6590,1.0000,7.6450,3.9650,3.3070,0.0000,0.0000,0.0000,68.7644,0.0000,3923.0000,1443.0000,0.0000,17.0000,27.0000,16.0000,11.0000
1.2400,0.3860,0.2200,0.2530,0.0850,0.0000,0.0000,0.6340,1.0000,7.6450,3.9650,3.3070,0.0000,0.0000,0.0000,68.7644,0.0000,3923.0000,1443.0000,0.0000,17.0000,27.0000,16.0000,11.0000
1.2360,0.3870,0.2200,0.2560,0.0850,0.0000,0.0000,0.6290,1.0000,7.6450,3.9650,3.3070,0.0000,0.0000,0.0000,68.7644,0.0000,3923.0000,1443.0000,0.0000,17.0000,27.0000,16.0000,11.0000
1.1890,0.3530,0.2470,0.2170,0.1150,0.0000,0.0000,0.5890,1.0000,7.6450,3.9650,3.3070,0.0000,0.0000,0.0000,68.7644,0.0000,3923.0000,1443.0000,0.0000,17.0000,27.0000,16.0000,11.0000
1.2480,0.3490,0.2200,0.2040,0.0840,0.0000,0.0000,0.6790,1.0000,7.6450,3.9650,3.3070,0.0000,0.0000,0.0000,68.7650,0.0000,3923.0000,1443.0000,0.0000,17.0000,28.0000,16.0000,11.0000
1.3540,0.3340,0.2330,0.2010,0.0850,0.0000,0.0000,0.7870,1.0000,7.6450,3.9650,3.3070,0.0000,0.0000,0.0000,68.7650,0.0000,3923.0000,1443.0000,0.0000,17.0000,28.0000,16.0000,11.0000
1.4110,0.3780,0.2470,0.2490,0.1180,0.0000,0.0000,0.7860,1.0000,7.6450,3.9650,3.3070,0.0000,0.0000,0.0000,68.7853,0.0000,3925.0000,1443.0000,0.0000,17.0000,28.0000,16.0000,11.0000
1.3270,0.4110,0.2520,0.1990,0.1110,0.0000,0.0000,0.6640,1.0000,7.6450,3.9650,3.3070,0.0000,0.0000,0.0000,68.7948,0.0000,3926.0000,1443.0000,0.0000,17.0000,27.0000,16.0000,11.0000
1.2890,0.3620,0.2570,0.1940,0.1120,0.0000,0.0000,0.6700,1.0000,7.6450,3.9650,3.3070,0.0000,0.0000,0.0000,68.8048,0.0000,3927.0000,1443.0000,0.0000,17.0000,27.0000,16.0000,11.0000
1.2650,0.4230,0.2270,0.2020,0.0870,0.0000,0.0000,0.6150,1.0000,7.6450,3.9650,3.3070,0.0000,0.0000,0.0000,68.8059,0.0000,3927.0000,1443.0000,0.0000,17.0000,29.0000,16.0000,11.0000
1.3260,0.3490,0.2580,0.2100,0.0870,0.0000,0.0000,0.7190,1.0000,7.6450,3.9650,3.3070,0.0000,0.0000,0.0000,68.3193,0.0000,3880.0000,1443.0000,0.0000,17.0000,29.0000,16.0000,11.0000
1.3340,0.3390,0.2320,0.2060,0.0850,0.0000,0.0000,0.7630,1.0000,7.6450,3.9650,3.3070,0.0000,0.0000,0.0000,68.3193,0.0000,3880.0000,1443.0000,0.0000,17.0000,29.0000,16.0000,11.0000
1.6660,0.3190,0.5000,0.1910,0.3640,0.0000,0.0000,0.8470,1.0000,7.6450,3.9650,3.3070,0.0000,0.0000,0.0000,68.3479,0.0000,3883.0000,1443.0000,0.0000,17.0000,29.0000,16.0000,11.0000
1.2310,0.4680,0.2330,0.2560,0.0820,0.0000,0.0000,0.5300,1.0000,7.6450,3.9650,3.3070,0.0000,0.0000,0.0000,68.3479,0.0000,3883.0000,1443.0000,0.0000,17.0000,29.0000,16.0000,11.0000
1.1830,0.3710,0.2170,0.2430,0.0810,0.0000,0.0000,0.5950,1.0000,7.6450,3.9650,3.3070,0.0000,0.0000,0.0000,68.3480,0.0000,3883.0000,1443.0000,0.0000,17.0000,29.0000,16.0000,11.0000
1.3230,0.3640,0.2430,0.1940,0.1090,0.0000,0.0000,0.7160,1.0000,7.6450,3.9650,3.3070,0.0000,0.0000,0.0000,68.3583,0.0000,3884.0000,1443.0000,0.0000,17.0000,29.0000,16.0000,11.0000
1.3950,0.3920,0.2730,0.1960,0.1110,0.0000,0.0000,0.7300,1.0000,7.6450,3.9650,3.3070,0.0000,0.0000,0.0000,68.3686,0.0000,3885.0000,1443.0000,0.0000,17.0000,29.0000,16.0000,11.0000
1.3000,0.3830,0.2510,0.2200,0.1110,0.0000,0.0000,0.6660,1.0000,7.6450,3.9650,3.3070,0.0000,0.0000,0.0000,68.3789,0.0000,3886.0000,1443.0000,0.0000,17.0000,29.0000,16.0000,11.0000
1.3260,0.4270,0.2170,0.2230,0.0820,0.0000,0.0000,0.6820,1.0000,7.6450,3.9650,3.3070,0.0000,0.0000,0.0000,68.3789,0.0000,3886.0000,1443.0000,0.0000,17.0000,29.0000,16.0000,11.0000
1.3430,0.3420,0.2670,0.2140,0.1080,0.0000,0.0000,0.7340,1.0000,7.6450,3.9650,3.3070,0.0000,0.0000,0.0000,68.3886,0.0000,3887.0000,1443.0000,0.0000,17.0000,28.0000,16.0000,11.0000
1.3100,0.3470,0.2520,0.1930,0.1150,0.0000,0.0000,0.7110,1.0000,7.6450,3.9650,3.3070,0.0000,0.0000,0.0000,68.4092,0.0000,3889.0000,1443.0000,0.0000,17.0000,28.0000,16.0000,11.0000
1.2350,0.4290,0.2130,0.1970,0.0820,0.0000,0.0000,0.5930,1.0000,7.6450,3.9650,3.3070,0.0000,0.0000,0.0000,68.4093,0.0000,3889.0000,1443.0000,0.0000,17.0000,28.0000,16.0000,11.0000
1.2360,0.3300,0.2460,0.2040,0.0860,0.0000,0.0000,0.6600,1.0000,7.6450,3.9650,3.3070,0.0000,0.0000,0.0000,68.4094,0.0000,3889.0000,1443.0000,0.0000,17.0000,28.0000,16.0000,10.0000
1.2050,0.3310,0.2300,0.2020,0.0990,0.0000,0.0000,0.6440,1.0000,7.6450,3.9650,3.3070,0.0000,0.0000,0.0000,68.4094,0.0000,3889.0000,1443.0000,0.0000,17.0000,28.0000,16.0000,10.0000
1.3240,0.3290,0.2520,0.2030,0.1140,0.0000,0.0000,0.7430,1.0000,7.6450,3.9650,3.3070,0.0000,0.0000,0.0000,68.4197,0.0000,3890.0000,1443.0000,0.0000,17.0000,28.0000,16.0000,10.0000
1.2530,0.4150,0.2520,0.2540,0.0860,0.0000,0.0000,0.5860,1.0000,7.6450,3.9650,3.3070,0.0000,0.0000,0.0000,68.4197,0.0000,3890.0000,1443.0000,0.0000,17.0000,28.0000,16.0000,10.0000
1.3050,0.3460,0.2690,0.2150,0.1120,0.0000,0.0000,0.6900,1.0000,7.6450,3.9650,3.3070,0.0000,0.0000,0.0000,68.4296,0.0000,3891.0000,1443.0000,0.0000,17.0000,28.0000,16.0000,10.0000
1.2200,0.3680,0.2350,0.2040,0.0850,0.0000,0.0000,0.6170,1.0000,7.6450,3.9650,3.3070,0.0000,0.0000,0.0000,68.4296,0.0000,3891.0000,1443.0000,0.0000,17.0000,28.0000,16.0000,10.0000
1.2550,0.3200,0.2180,0.1960,0.0840,0.0000,0.0000,0.7170,1.0000,7.6450,3.9650,3.3070,0.0000,0.0000,0.0000,68.4296,0.0000,3891.0000,1443.0000,0.0000,17.0000,28.0000,16.0000,9.0000
1.6670,0.3680,0.2500,0.2050,0.1160,0.0000,0.0000,1.0490,1.0000,7.6450,3.9650,3.3070,0.0000,0.0000,0.0000,68.4399,0.0000,3892.0000,1443.0000,0.0000,17.0000,28.0000,16.0000,9.0000
1.3840,0.3880,0.2660,0.2080,0.1160,0.0000,0.0000,0.7300,1.0000,7.6450,3.9650,3.3070,0.0000,0.0000,0.0000,68.4501,0.0000,3893.0000,1443.0000,0.0000,17.0000,28.0000,16.0000,9.0000
1.3060,0.4350,0.2370,0.2060,0.0910,0.0000,0.0000,0.6340,1.0000,7.6450,3.9650,3.3070,0.0000,0.0000,0.0000,68.4509,0.0000,3893.0000,1443.0000,0.0000,17.0000,29.0000,16.0000,9.0000
1.2330,0.3420,0.2290,0.2000,0.0870,0.0000,0.0000,0.6620,1.0000,7.6450,3.9650,3.3070,0.0000,0.0000,0.0000,68.4509,0.0000,3893.0000,1443.0000,0.0000,17.0000,29.0000,16.0000,9.0000
1.2160,0.3240,0.2340,0.1960,0.0860,0.0000,0.0000,0.6580,1.0000,7.6450,3.9650,3.3070,0.0000,0.0000,0.0000,68.4509,0.0000,3893.0000,1443.0000,0.0000,17.0000,29.0000,16.0000,9.0000
1.2580,0.3690,0.2510,0.2450,0.1160,0.0000,0.0000,0.6380,1.0000,7.6450,3.9650,3.3070,0.0000,0.0000,0.0000,68.4516,0.0000,3893.0000,1443.0000,0.0000,17.0000,30.0000,16.0000,9.0000
1.1960,0.3840,0.2230,0.2180,0.0880,0.0000,0.0000,0.5890,1.0000,7.6450,3.9650,3.3070,0.0000,0.0000,0.0000,68.4516,0.0000,3893.0000,1443.0000,0.0000,17.0000,30.0000,16.0000,9.0000
1.3040,0.3370,0.2470,0.1980,0.0880,0.0000,0.0000,0.7200,1.0000,7.6450,3.9650,3.3070,0.0000,0.0000,0.0000,68.4516,0.0000,3893.0000,1443.0000,0.0000,17.0000,30.0000,16.0000,9.0000
1.3150,0.3320,0.2350,0.1970,0.0880,0.0000,0.0000,0.7480,1.0000,7.6450,3.9650,3.3070,0.0000,0.0000,0.0000,68.4509,0.0000,3893.0000,1443.0000,0.0000,17.0000,29.0000,16.0000,9.0000
1.2380,0.4180,0.2200,0.2350,0.0850,0.0000,0.0000,0.6000,1.0000,7.6450,3.9650,3.3070,0.0000,0.0000,0.0000,68.4503,0.0000,3893.0000,1443.0000,0.0000,17.0000,28.0000,16.0000,9.0000
1.3750,0.4010,0.2890,0.2130,0.1540,0.0000,0.0000,0.6850,1.0000,7.6450,3.9650,3.3070,0.0000,0.0000,0.0000,68.4708,0.0000,3895.0000,1443.0000,0.0000,17.0000,28.0000,16.0000,9.0000
1.2530,0.3980,0.2360,0.1990,0.0870,0.0000,0.0000,0.6190,1.0000,7.6450,3.9650,3.3070,0.0000,0.0000,0.0000,68.4708,0.0000,3895.0000,1443.0000,0.0000,17.0000,28.0000,16.0000,9.0000
1.2090,0.3700,0.2210,0.1990,0.0840,0.0000,0.0000,0.6180,1.0000,7.6450,3.9650,3.3070,0.0000,0.0000,0.0000,68.4716,0.0000,3895.0000,1443.0000,0.0000,17.0000,29.0000,16.0000,9.0000
1.2070,0.3730,0.2180,0.2480,0.0830,0.0000,0.0000,0.6160,1.0000,7.6450,3.9650,3.3070,0.0000,0.0000,0.0000,68.4709,0.0000,3895.0000,1443.0000,0.0000,17.0000,28.0000,16.0000,8.0000
1.4180,0.3390,0.2790,0.2110,0.1480,0.0000,0.0000,0.8000,1.0000,7.6450,3.9650,3.3070,0.0000,0.0000,0.0000,68.4809,0.0000,3896.0000,1443.0000,0.0000,17.0000,27.0000,16.0000,8.0000
1.3620,0.4270,0.2790,0.2610,0.1150,0.0000,0.0000,0.6560,1.0000,7.6450,3.9650,3.3070,0.0000,0.0000,0.0000,68.4912,0.0000,3897.0000,1443.0000,0.0000,17.0000,27.0000,16.0000,8.0000
1.3110,0.4250,0.2510,0.2610,0.1110,0.0000,0.0000,0.6350,1.0000,7.6450,3.9650,3.3070,0.0000,0.0000,0.0000,68.5022,0.0000,3898.0000,1443.0000,0.0000,17.0000,28.0000,16.0000,8.0000
1.2780,0.3780,0.2490,0.1980,0.0860,0.0000,0.0000,0.6510,1.0000,7.6450,3.9650,3.3070,0.0000,0.0000,0.0000,68.5023,0.0000,3898.0000,1443.0000,0.0000,17.0000,28.0000,16.0000,8.0000
1.2430,0.3850,0.2350,0.2550,0.0860,0.0000,0.0000,0.6230,1.0000,7.6450,3.9650,3.3070,0.0000,0.0000,0.0000,68.5023,0.0000,3898.0000,1443.0000,0.0000,17.0000,28.0000,16.0000,8.0000
1.3280,0.3370,0.2490,0.1930,0.1120,0.0000,0.0000,0.7420,1.0000,7.6450,3.9650,3.3070,0.0000,0.0000,0.0000,68.5136,0.0000,3900.0000,1443.0000,0.0000,17.0000,29.0000,16.0000,8.0000
1.4350,0.4140,0.2560,0.2090,0.1200,0.0000,0.0000,0.7650,1.0000,7.6450,3.9650,3.3070,0.0000,0.0000,0.0000,68.5136,0.0000,3900.0000,1443.0000,0.0000,17.0000,29.0000,16.0000,8.0000
1.4490,0.3380,0.2440,0.1930,0.0850,0.0000,0.0000,0.8670,1.0000,7.6450,3.9650,3.3070,0.0000,0.0000,0.0000,68.5137,0.0000,3900.0000,1443.0000,0.0000,17.0000,29.0000,16.0000,8.0000
1.3710,0.4030,0.2280,0.2580,0.0870,0.0000,0.0000,0.7400,1.0000,7.6450,3.9650,3.3070,0.0000,0.0000,0.0000,68.5137,0.0000,3900.0000,1443.0000,0.0000,17.0000,29.0000,16.0000,9.0000
1.4160,0.3890,0.2670,0.2570,0.1270,0.0000,0.0000,0.7600,1.0000,7.6450,3.9650,3.3070,0.0000,0.0000,0.0000,68.5232,0.0000,3901.0000,1443.0000,0.0000,17.0000,28.0000,16.0000,8.0000
1.4420,0.4140,0.2650,0.2020,0.1250,0.0000,0.0000,0.7630,1.0000,7.6450,3.9650,3.3070,0.0000,0.0000,0.0000,68.5430,0.0000,3903.0000,1443.0000,0.0000,17.0000,28.0000,16.0000,8.0000
1.3870,0.4530,0.2630,0.2140,0.0890,0.0000,0.0000,0.6710,1.0000,7.6450,3.9650,3.3070,0.0000,0.0000,0.0000,68.5431,0.0000,3903.0000,1443.0000,0.0000,17.0000,28.0000,16.0000,8.0000
1.3670,0.3260,0.2450,0.1960,0.0920,0.0000,0.0000,0.7960,1.0000,7.6450,3.9650,3.3070,0.0000,0.0000,0.0000,68.5432,0.0000,3903.0000,1443.0000,0.0000,17.0000,28.0000,16.0000,8.0000
1.2850,0.3690,0.2250,0.2350,0.0890,0.0000,0.0000,0.6910,1.0000,7.6450,3.9650,3.3070,0.0000,0.0000,0.0000,68.5432,0.0000,3903.0000,1443.0000,0.0000,17.0000,28.0000,16.0000,8.0000
1.2740,0.3420,0.2480,0.2100,0.0870,0.0000,0.0000,0.6840,1.0000,7.6450,3.9650,3.3070,0.0000,0.0000,0.0000,68.5432,0.0000,3903.0000,1443.0000,0.0000,17.0000,28.0000,16.0000,8.0000
1.2750,0.3290,0.2300,0.1980,0.0850,0.0000,0.0000,0.7160,1.0000,7.6450,3.9650,3.3070,0.0000,0.0000,0.0000,68.5432,0.0000,3903.0000,1443.0000,0.0000,17.0000,28.0000,16.0000,8.0000
1.2040,0.4000,0.2190,0.2280,0.0830,0.0000,0.0000,0.5850,1.0000,7.6450,3.9650,3.3070,0.0000,0.0000,0.0000,68.5432,0.0000,3903.0000,1443.0000,0.0000,17.0000,28.0000,16.0000,8.0000
1.2280,0.3530,0.2190,0.1920,0.0860,0.0000,0.0000,0.6560,1.0000,7.6450,3.9650,3.3070,0.0000,0.0000,0.0000,68.5432,0.0000,3903.0000,1443.0000,0.0000,17.0000,28.0000,16.0000,8.0000
1.3070,0.3370,0.2470,0.2100,0.0860,0.0000,0.0000,0.7230,1.0000,7.6450,3.9650,3.3070,0.0000,0.0000,0.0000,68.5432,0.0000,3903.0000,1443.0000,0.0000,17.0000,28.0000,16.0000,8.0000
1.5730,0.3240,0.2850,0.1960,0.1410,0.0000,0.0000,0.9640,1.0000,7.6450,3.9650,3.3070,0.0000,0.0000,0.0000,68.6038,0.0000,3909.0000,1443.0000,0.0000,17.0000,28.0000,16.0000,8.0000
1.3240,0.5720,0.2540,0.1960,0.1200,0.0000,0.0000,0.4980,1.0000,7.6450,3.9650,3.3070,0.0000,0.0000,0.0000,68.6038,0.0000,3909.0000,1443.0000,0.0000,17.0000,28.0000,16.0000,8.0000
1.3180,0.3200,0.2360,0.1790,0.0970,0.0000,0.0000,0.7620,1.0000,7.6450,3.9650,3.3070,0.0000,0.0000,0.0000,68.6041,0.0000,3909.0000,1443.0000,0.0000,17.0000,28.0000,16.0000,8.0000
1.2960,0.3720,0.2540,0.2450,0.0900,0.0000,0.0000,0.6700,1.0000,7.6450,3.9650,3.3070,0.0000,0.0000,0.0000,68.6041,0.0000,3909.0000,1443.0000,0.0000,17.0000,28.0000,16.0000,7.0000
1.3510,0.3710,0.2560,0.1950,0.1150,0.0000,0.0000,0.7240,1.0000,7.6450,3.9650,3.3070,0.0000,0.0000,0.0000,68.6144,0.0000,3910.0000,1443.0000,0.0000,17.0000,28.0000,16.0000,7.0000
1.2290,0.4040,0.2230,0.2230,0.0860,0.0000,0.0000,0.6020,1.0000,7.6450,3.9650,3.3070,0.0000,0.0000,0.0000,68.6144,0.0000,3910.0000,1443.0000,0.0000,17.0000,28.0000,16.0000,7.0000
1.2860,0.3760,0.2220,0.2500,0.0840,0.0000,0.0000,0.6880,1.0000,7.6450,3.9650,3.3070,0.0000,0.0000,0.0000,68.6144,0.0000,3910.0000,1443.0000,0.0000,17.0000,28.0000,16.0000,7.0000
1.3160,0.3810,0.2170,0.2500,0.0830,0.0000,0.0000,0.7180,1.0000,7.6450,3.9650,3.3070,0.0000,0.0000,0.0000,68.6144,0.0000,3910.0000,1443.0000,0.0000,17.0000,28.0000,16.0000,8.0000
1.3440,0.4000,0.2630,0.2700,0.0930,0.0000,0.0000,0.6810,1.0000,7.6450,3.9650,3.3070,0.0000,0.0000,0.0000,68.6144,0.0000,3910.0000,1443.0000,0.0000,17.0000,28.0000,16.0000,8.0000
1.4290,0.3820,0.2840,0.2500,0.1330,0.0000,0.0000,0.7630,1.0000,7.6450,3.9650,3.3070,0.0000,0.0000,0.0000,68.6445,0.0000,3913.0000,1443.0000,0.0000,17.0000,28.0000,16.0000,8.0000
1.2050,0.4910,0.2230,0.2020,0.0840,0.0000,0.0000,0.4910,1.0000,7.6450,3.9650,3.3070,0.0000,0.0000,0.0000,68.6438,0.0000,3913.0000,1443.0000,0.0000,17.0000,27.0000,16.0000,8.0000
1.1330,0.3330,0.2450,0.2040,0.0870,0.0000,0.0000,0.5550,1.0000,7.6450,3.9650,3.3070,0.0000,0.0000,0.0000,68.6439,0.0000,3913.0000,1443.0000,0.0000,17.0000,27.0000,16.0000,8.0000
1.3570,0.3150,0.2560,0.1890,0.1130,0.0000,0.0000,0.7860,1.0000,7.6450,3.9650,3.3070,0.0000,0.0000,0.0000,68.6543,0.0000,3914.0000,1443.0000,0.0000,17.0000,27.0000,16.0000,8.0000
1.2540,0.3630,0.2270,0.1960,0.0870,0.0000,0.0000,0.6640,1.0000,7.6450,3.9650,3.3070,0.0000,0.0000,0.0000,68.6551,0.0000,3914.0000,1443.0000,0.0000,17.0000,28.0000,16.0000,8.0000
1.3530,0.3820,0.2510,0.2540,0.1130,0.0000,0.0000,0.7200,1.0000,7.6450,3.9650,3.3070,0.0000,0.0000,0.0000,68.6654,0.0000,3915.0000,1443.0000,0.0000,17.0000,28.0000,16.0000,8.0000
1.3850,0.3830,0.2980,0.1990,0.0880,0.0000,0.0000,0.7040,1.0000,7.6450,3.9650,3.3070,0.0000,0.0000,0.0000,68.6654,0.0000,3915.0000,1443.0000,0.0000,17.0000,28.0000,16.0000,8.0000
1.2950,0.3560,0.2330,0.2190,0.0860,0.0000,0.0000,0.7060,1.0000,7.6450,3.9650,3.3070,0.0000,0.0000,0.0000,68.6654,0.0000,3915.0000,1443.0000,0.0000,17.0000,28.0000,16.0000,8.0000
1.3220,0.3990,0.2210,0.2690,0.0860,0.0000,0.0000,0.7020,1.0000,7.6450,3.9650,3.3070,0.0000,0.0000,0.0000,68.6654,0.0000,3915.0000,1443.0000,0.0000,17.0000,28.0000,16.0000,8.0000
1.3750,0.3430,0.2780,0.2090,0.1140,0.0000,0.0000,0.7540,1.0000,7.6450,3.9650,3.3070,0.0000,0.0000,0.0000,68.6757,0.0000,3916.0000,1443.0000,0.0000,17.0000,28.0000,16.0000,8.0000
1.2970,0.3890,0.2290,0.2040,0.0850,0.0000,0.0000,0.6790,1.0000,7.6450,3.9650,3.3070,0.0000,0.0000,0.0000,68.6757,0.0000,3916.0000,1443.0000,0.0000,17.0000,28.0000,16.0000,8.0000
1.3770,0.4280,0.2390,0.2990,0.0950,0.0000,0.0000,0.7100,1.0000,7.6450,3.9650,3.3070,0.0000,0.0000,0.0000,68.3362,0.0000,3882.0000,1443.0000,0.0000,17.0000,28.0000,16.0000,8.0000
1.3260,0.3680,0.2430,0.2060,0.0950,0.0000,0.0000,0.7150,1.0000,7.6450,3.9650,3.3070,0.0000,0.0000,0.0000,68.3355,0.0000,3882.0000,1443.0000,0.0000,17.0000,27.0000,16.0000,8.0000
1.2770,0.3450,0.2370,0.2010,0.0870,0.0000,0.0000,0.6950,1.0000,7.6450,3.9650,3.3070,0.0000,0.0000,0.0000,68.3355,0.0000,3882.0000,1443.0000,0.0000,17.0000,27.0000,16.0000,8.0000
1.7880,0.3730,0.5180,0.2470,0.3680,0.0000,0.0000,0.8970,1.0000,7.6450,3.9650,3.3070,0.0000,0.0000,0.0000,68.3597,0.0000,3885.0000,1443.0000,0.0000,17.0000,27.0000,16.0000,8.0000
1.4170,0.4980,0.2440,0.2920,0.0880,0.0000,0.0000,0.6750,1.0000,7.6450,3.9650,3.3070,0.0000,0.0000,0.0000,68.3597,0.0000,3885.0000,1443.0000,0.0000,17.0000,27.0000,16.0000,8.0000
1.2910,0.4220,0.2530,0.2400,0.1130,0.0000,0.0000,0.6160,1.0000,7.6450,3.9650,3.3070,0.0000,0.0000,0.0000,68.3599,0.0000,3885.0000,1443.0000,0.0000,17.0000,27.0000,16.0000,8.0000
1.3800,0.3530,0.2510,0.2170,0.0980,0.0000,0.0000,0.7760,1.0000,7.6450,3.9650,3.3070,0.0000,0.0000,0.0000,68.3599,0.0000,3885.0000,1443.0000,0.0000,17.0000,27.0000,16.0000,8.0000
1.4240,0.4460,0.2620,0.2530,0.1210,0.0000,0.0000,0.7160,1.0000,7.6450,3.9650,3.3070,0.0000,0.0000,0.0000,68.3801,0.0000,3887.0000,1443.0000,0.0000,17.0000,27.0000,16.0000,8.0000
1.3110,0.4290,0.2510,0.2290,0.0850,0.0000,0.0000,0.6310,1.0000,7.6450,3.9650,3.3070,0.0000,0.0000,0.0000,68.3801,0.0000,3887.0000,1443.0000,0.0000,17.0000,27.0000,16.0000,8.0000
1.5620,0.3500,0.3320,0.2000,0.1330,0.0000,0.0000,0.8800,1.0000,7.6450,3.9650,3.3070,0.0000,0.0000,0.0000,68.3802,0.0000,3887.0000,1443.0000,0.0000,17.0000,27.0000,16.0000,8.0000
1.2930,0.4150,0.2750,0.2160,0.1230,0.0000,0.0000,0.6030,1.0000,7.6450,3.9650,3.3070,0.0000,0.0000,0.0000,68.3802,0.0000,3887.0000,1443.0000,0.0000,17.0000,27.0000,16.0000,8.0000
1.3150,0.3370,0.2670,0.1990,0.1080,0.0000,0.0000,0.7110,1.0000,7.6450,3.9650,3.3070,0.0000,0.0000,0.0000,68.3802,0.0000,3887.0000,1443.0000,0.0000,17.0000,27.0000,16.0000,8.0000
1.6480,0.3610,0.3630,0.2320,0.2200,0.0000,0.0000,0.9240,1.0000,7.6450,3.9650,3.3070,0.0000,0.0000,0.0000,68.4107,0.0000,3890.0000,1443.0000,0.0000,17.0000,27.0000,16.0000,8.0000
1.3540,0.4890,0.2450,0.2210,0.1000,0.0000,0.0000,0.6200,1.0000,7.6450,3.9650,3.3070,0.0000,0.0000,0.0000,68.4107,0.0000,3890.0000,1443.0000,0.0000,17.0000,27.0000,16.0000,8.0000
1.3580,0.3500,0.2360,0.2190,0.0930,0.0000,0.0000,0.7720,1.0000,7.6450,3.9650,3.3070,0.0000,0.0000,0.0000,68.4108,0.0000,3890.0000,1443.0000,0.0000,17.0000,27.0000,16.0000,8.0000
1.3820,0.4050,0.3100,0.2170,0.1560,0.0000,0.0000,0.6670,1.0000,7.6450,3.9650,3.3070,0.0000,0.0000,0.0000,68.4211,0.0000,3891.0000,1443.0000,0.0000,17.0000,27.0000,16.0000,8.0000
1.4040,0.3850,0.2920,0.1940,0.1240,0.0000,0.0000,0.7270,1.0000,7.6450,3.9650,3.3070,0.0000,0.0000,0.0000,68.4313,0.0000,3892.0000,1443.0000,0.0000,17.0000,27.0000,16.0000,8.0000
1.3600,0.4510,0.2570,0.2910,0.1150,0.0000,0.0000,0.6520,1.0000,7.6450,3.9650,3.3070,0.0000,0.0000,0.0000,68.4417,0.0000,3893.0000,1443.0000,0.0000,17.0000,27.0000,16.0000,8.0000
1.2720,0.3770,0.2550,0.2090,0.0820,0.0000,0.0000,0.6400,1.0000,7.6450,3.9650,3.3070,0.0000,0.0000,0.0000,68.4417,0.0000,3893.0000,1443.0000,0.0000,17.0000,27.0000,16.0000,8.0000
1.3540,0.3310,0.2550,0.1870,0.0950,0.0000,0.0000,0.7680,1.0000,7.6450,3.9650,3.3070,0.0000,0.0000,0.0000,68.4418,0.0000,3893.0000,1443.0000,0.0000,17.0000,27.0000,16.0000,8.0000
1.2920,0.4030,0.2170,0.2650,0.0820,0.0000,0.0000,0.6720,1.0000,7.6450,3.9650,3.3070,0.0000,0.0000,0.0000,68.4418,0.0000,3893.0000,1443.0000,0.0000,17.0000,27.0000,16.0000,8.0000
1.2480,0.4000,0.2590,0.2190,0.1230,0.0000,0.0000,0.5890,1.0000,7.6450,3.9650,3.3070,0.0000,0.0000,0.0000,68.4418,0.0000,3893.0000,1443.0000,0.0000,17.0000,27.0000,16.0000,8.0000
1.2820,0.3210,0.2320,0.1920,0.0940,0.0000,0.0000,0.7290,1.0000,7.6450,3.9650,3.3070,0.0000,0.0000,0.0000,68.4419,0.0000,3893.0000,1443.0000,0.0000,17.0000,27.0000,16.0000,9.0000
1.2840,0.3580,0.2280,0.2360,0.0890,0.0000,0.0000,0.6980,1.0000,7.6450,3.9650,3.3070,0.0000,0.0000,0.0000,68.4419,0.0000,3893.0000,1443.0000,0.0000,17.0000,27.0000,16.0000,9.0000
1.3030,0.3940,0.2490,0.2490,0.0840,0.0000,0.0000,0.6600,1.0000,7.6450,3.9650,3.3070,0.0000,0.0000,0.0000,68.4419,0.0000,3893.0000,1443.0000,0.0000,17.0000,27.0000,16.0000,9.0000
1.3080,0.3400,0.2480,0.2060,0.0840,0.0000,0.0000,0.7200,1.0000,7.6450,3.9650,3.3070,0.0000,0.0000,0.0000,68.4419,0.0000,3893.0000,1443.0000,0.0000,17.0000,27.0000,16.0000,9.0000
1.3950,0.3510,0.2800,0.2040,0.1300,0.0000,0.0000,0.7640,1.0000,7.6450,3.9650,3.3070,0.0000,0.0000,0.0000,68.4624,0.0000,3895.0000,1443.0000,0.0000,17.0000,27.0000,16.0000,9.0000
1.3060,0.4440,0.2710,0.2550,0.0860,0.0000,0.0000,0.5910,1.0000,7.6450,3.9650,3.3070,0.0000,0.0000,0.0000,68.4624,0.0000,3895.0000,1443.0000,0.0000,17.0000,27.0000,16.0000,9.0000
1.2880,0.3430,0.2420,0.1980,0.0830,0.0000,0.0000,0.7030,1.0000,7.6450,3.9650,3.3070,0.0000,0.0000,0.0000,68.4626,0.0000,3895.0000,1443.0000,0.0000,17.0000,27.0000,16.0000,9.0000
1.2830,0.3550,0.2240,0.2260,0.0810,0.0000,0.0000,0.7040,1.0000,7.6450,3.9650,3.3070,0.0000,0.0000,0.0000,68.4626,0.0000,3895.0000,1443.0000,0.0000,17.0000,27.0000,16.0000,9.0000
1.4580,0.3770,0.3080,0.2510,0.1620,0.0000,0.0000,0.7730,1.0000,7.6450,3.9650,3.3070,0.0000,0.0000,0.0000,68.4728,0.0000,3896.0000,1443.0000,0.0000,17.0000,27.0000,16.0000,9.0000
1.3760,0.3810,0.2360,0.2130,0.0970,0.0000,0.0000,0.7590,1.0000,7.6450,3.9650,3.3070,0.0000,0.0000,0.0000,68.4728,0.0000,3896.0000,1443.0000,0.0000,17.0000,27.0000,16.0000,9.0000
1.2630,0.3260,0.2420,0.1930,0.0930,0.0000,0.0000,0.6950,1.0000,7.6450,3.9650,3.3070,0.0000,0.0000,0.0000,68.4729,0.0000,3896.0000,1443.0000,0.0000,17.0000,27.0000,16.0000,9.0000
1.2500,0.3630,0.2540,0.2380,0.0850,0.0000,0.0000,0.6330,1.0000,7.6450,3.9650,3.3070,0.0000,0.0000,0.0000,68.4729,0.0000,3896.0000,1443.0000,0.0000,17.0000,27.0000,16.0000,9.0000
1.4040,0.3340,0.2980,0.2050,0.1140,0.0000,0.0000,0.7720,1.0000,7.6450,3.9650,3.3070,0.0000,0.0000,0.0000,68.4838,0.0000,3897.0000,1443.0000,0.0000,17.0000,28.0000,16.0000,9.0000
1.4320,0.3540,0.2580,0.1940,0.1140,0.0000,0.0000,0.8200,1.0000,7.6450,3.9650,3.3070,0.0000,0.0000,0.0000,68.5044,0.0000,3899.0000,1443.0000,0.0000,17.0000,28.0000,16.0000,9.0000
1.5740,0.4440,0.2850,0.2380,0.1320,0.0000,0.0000,0.8450,1.0000,7.6450,3.9650,3.3070,0.0000,0.0000,0.0000,68.5047,0.0000,3899.0000,1443.0000,0.0000,17.0000,28.0000,16.0000,10.0000
1.4790,0.4460,0.2380,0.2870,0.0870,0.0000,0.0000,0.7950,1.0000,7.6450,3.9650,3.3070,0.0000,0.0000,0.0000,68.5049,0.0000,3899.0000,1443.0000,0.0000,17.0000,28.0000,16.0000,10.0000
1.5410,0.4150,0.2810,0.2870,0.1450,0.0000,0.0000,0.8450,1.0000,7.6450,3.9650,3.3070,0.0000,0.0000,0.0000,68.5151,0.0000,3900.0000,1443.0000,0.0000,17.0000,28.0000,16.0000,10.0000
1.3440,0.4510,0.2410,0.2670,0.0850,0.0000,0.0000,0.6520,1.0000,7.6450,3.9650,3.3070,0.0000,0.0000,0.0000,68.5151,0.0000,3900.0000,1443.0000,0.0000,17.0000,28.0000,16.0000,10.0000
1.3420,0.3880,0.2470,0.2480,0.1090,0.0000,0.0000,0.7070,1.0000,7.6450,3.9650,3.3070,0.0000,0.0000,0.0000,68.5261,0.0000,3901.0000,1443.0000,0.0000,17.0000,29.0000,16.0000,10.0000
1.3660,0.3780,0.2210,0.1960,0.0830,0.0000,0.0000,0.7670,1.0000,7.6450,3.9650,3.3070,0.0000,0.0000,0.0000,68.5261,0.0000,3901.0000,1443.0000,0.0000,17.0000,29.0000,16.0000,10.0000
1.3090,0.3720,0.2200,0.2470,0.0830,0.0000,0.0000,0.7170,1.0000,7.6450,3.9650,3.3070,0.0000,0.0000,0.0000,68.5262,0.0000,3901.0000,1443.0000,0.0000,17.0000,29.0000,16.0000,10.0000
4.1390,0.3770,0.3920,0.2510,0.2570,0.0000,0.0000,3.3700,1.0000,7.6450,3.9650,3.3070,0.0000,0.0000,0.0000,68.5367,0.0000,3902.0000,1443.0000,0.0000,17.0000,29.0000,16.0000,10.0000
3.4940,0.4000,0.3580,0.2170,0.1120,0.0000,0.0000,2.7360,1.0000,7.6450,3.9650,3.3070,0.0000,0.0000,0.0000,68.5367,0.0000,3902.0000,1443.0000,0.0000,17.0000,29.0000,16.0000,10.0000
1.7990,0.4430,0.3940,0.2680,0.1610,0.0000,0.0000,0.9620,1.0000,7.6450,3.9650,3.3070,0.0000,0.0000,0.0000,68.5471,0.0000,3903.0000,1443.0000,0.0000,17.0000,29.0000,16.0000,10.0000
1.6930,0.4760,0.3150,0.2560,0.1060,0.0000,0.0000,0.9020,1.0000,7.6450,3.9650,3.3070,0.0000,0.0000,0.0000,68.5597,0.0000,3904.0000,1443.0000,0.0000,17.0000,30.0000,16.0000,10.0000
2.0820,0.4980,0.3500,0.2550,0.1100,0.0000,0.0000,1.2340,1.0000,7.6450,3.9650,3.3070,0.0000,0.0000,0.0000,68.5598,0.0000,3904.0000,1443.0000,0.0000,17.0000,30.0000,16.0000,10.0000
1.6980,0.5110,0.3440,0.3030,0.1110,0.0000,0.0000,0.8430,1.0000,7.6450,3.9650,3.3070,0.0000,0.0000,0.0000,68.5598,0.0000,3904.0000,1443.0000,0.0000,17.0000,30.0000,16.0000,10.0000
1.7950,0.5010,0.3570,0.2810,0.1470,0.0000,0.0000,0.9370,1.0000,7.6450,3.9650,3.3070,0.0000,0.0000,0.0000,68.5803,0.0000,3906.0000,1443.0000,0.0000,17.0000,30.0000,16.0000,10.0000
1.7490,0.5140,0.3310,0.2570,0.1200,0.0000,0.0000,0.9040,1.0000,7.6450,3.9650,3.3070,0.0000,0.0000,0.0000,68.5803,0.0000,3906.0000,1443.0000,0.0000,17.0000,30.0000,16.0000,10.0000
1.7390,0.4160,0.3510,0.2420,0.1280,0.0000,0.0000,0.9720,1.0000,7.6450,3.9650,3.3070,0.0000,0.0000,0.0000,68.5804,0.0000,3906.0000,1443.0000,0.0000,17.0000,30.0000,16.0000,10.0000
1.6750,0.5260,0.3460,0.2860,0.1440,0.0000,0.0000,0.8030,1.0000,7.6450,3.9650,3.3070,0.0000,0.0000,0.0000,68.6006,0.0000,3908.0000,1443.0000,0.0000,17.0000,30.0000,16.0000,10.0000
1.6350,0.4780,0.3470,0.2430,0.1460,0.0000,0.0000,0.8100,1.0000,7.6450,3.9650,3.3070,0.0000,0.0000,0.0000,68.6109,0.0000,3909.0000,1443.0000,0.0000,17.0000,30.0000,16.0000,10.0000
1.6980,0.4240,0.3660,0.2230,0.1590,0.0000,0.0000,0.9080,1.0000,7.6450,3.9650,3.3070,0.0000,0.0000,0.0000,68.6110,0.0000,3909.0000,1443.0000,0.0000,17.0000,30.0000,16.0000,10.0000
1.8980,0.4640,0.3560,0.2290,0.1220,0.0000,0.0000,1.0780,1.0000,7.6450,3.9650,3.3070,0.0000,0.0000,0.0000,68.6111,0.0000,3909.0000,1443.0000,0.0000,17.0000,30.0000,16.0000,10.0000
2.2030,0.6580,0.3370,0.3770,0.1110,0.0000,0.0000,1.2080,1.0000,7.6450,3.9650,3.3070,0.0000,0.0000,0.0000,68.6111,0.0000,3909.0000,1443.0000,0.0000,17.0000,30.0000,16.0000,10.0000
1.5910,0.4380,0.2920,0.2610,0.1040,0.0000,0.0000,0.8610,1.0000,7.6450,3.9650,3.3070,0.0000,0.0000,0.0000,68.6111,0.0000,3909.0000,1443.0000,0.0000,17.0000,30.0000,16.0000,10.0000
1.7310,0.5210,0.3290,0.2860,0.1560,0.0000,0.0000,0.8810,1.0000,7.6450,3.9650,3.3070,0.0000,0.0000,0.0000,68.6309,0.0000,3911.0000,1443.0000,0.0000,17.0000,29.0000,16.0000,10.0000
3.4720,0.4840,0.3320,0.2280,0.1270,0.0000,0.0000,2.6560,1.0000,7.6450,3.9650,3.3070,0.0000,0.0000,0.0000,68.6309,0.0000,3911.0000,1443.0000,0.0000,17.0000,29.0000,16.0000,10.0000
1.8490,0.5240,0.3890,0.2760,0.1090,0.0000,0.0000,0.9360,1.0000,7.6450,3.9650,3.3070,0.0000,0.0000,0.0000,68.2725,0.0000,3876.0000,1443.0000,0.0000,17.0000,29.0000,16.0000,10.0000
2.1600,0.4380,0.6780,0.2610,0.4370,0.0000,0.0000,1.0440,1.0000,7.6450,3.9650,3.3070,0.0000,0.0000,0.0000,68.3115,0.0000,3880.0000,1443.0000,0.0000,17.0000,30.0000,16.0000,10.0000
1.7030,0.6410,0.3820,0.3390,0.1330,0.0000,0.0000,0.6800,1.0000,7.6450,3.9650,3.3070,0.0000,0.0000,0.0000,68.3116,0.0000,3880.0000,1443.0000,0.0000,17.0000,30.0000,16.0000,11.0000
2.0340,0.4460,0.4760,0.2910,0.2770,0.0000,0.0000,1.1120,1.0000,7.6450,3.9650,3.3070,0.0000,0.0000,0.0000,68.3321,0.0000,3882.0000,1443.0000,0.0000,17.0000,30.0000,16.0000,11.0000
1.6560,0.5790,0.3390,0.3050,0.1320,0.0000,0.0000,0.7380,1.0000,7.6450,3.9650,3.3070,0.0000,0.0000,0.0000,68.3314,0.0000,3882.0000,1443.0000,0.0000,17.0000,29.0000,16.0000,11.0000
1.7390,0.4120,0.3150,0.2520,0.1340,0.0000,0.0000,1.0120,1.0000,7.6450,3.9650,3.3070,0.0000,0.0000,0.0000,68.3315,0.0000,3882.0000,1443.0000,0.0000,17.0000,29.0000,16.0000,10.0000
2.2430,0.5510,0.3960,0.3170,0.1440,0.0000,0.0000,1.2960,1.0000,7.6450,3.9650,3.3070,0.0000,0.0000,0.0000,68.3531,0.0000,3884.0000,1443.0000,0.0000,17.0000,28.0000,16.0000,10.0000
2.1040,0.7460,0.5460,0.4350,0.2720,0.0000,0.0000,0.8120,1.0000,7.6450,3.9650,3.3070,0.0000,0.0000,0.0000,68.3531,0.0000,3884.0000,1443.0000,0.0000,17.0000,28.0000,16.0000,10.0000
1.9480,0.4370,0.3200,0.2530,0.1360,0.0000,0.0000,1.1910,1.0000,7.6450,3.9650,3.3070,0.0000,0.0000,0.0000,68.3634,0.0000,3885.0000,1443.0000,0.0000,17.0000,28.0000,16.0000,11.0000
1.7380,0.6410,0.2930,0.3620,0.1100,0.0000,0.0000,0.8040,1.0000,7.6450,3.9650,3.3070,0.0000,0.0000,0.0000,68.3641,0.0000,3885.0000,1443.0000,0.0000,17.0000,29.0000,16.0000,11.0000
1.9890,0.4170,0.3160,0.2310,0.1060,0.0000,0.0000,1.2560,1.0000,7.6450,3.9650,3.3070,0.0000,0.0000,0.0000,68.3641,0.0000,3885.0000,1443.0000,0.0000,17.0000,29.0000,16.0000,11.0000
1.8730,0.6540,0.3510,0.4520,0.1080,0.0000,0.0000,0.8680,1.0000,7.6450,3.9650,3.3070,0.0000,0.0000,0.0000,68.3641,0.0000,3885.0000,1443.0000,0.0000,17.0000,29.0000,16.0000,11.0000
2.1110,0.5720,0.4570,0.3170,0.2170,0.0000,0.0000,1.0820,1.0000,7.6450,3.9650,3.3070,0.0000,0.0000,0.0000,68.4047,0.0000,3889.0000,1443.0000,0.0000,17.0000,29.0000,16.0000,11.0000
2.4200,0.6470,0.5230,0.2810,0.1620,0.0000,0.0000,1.2500,1.0000,7.6450,3.9650,3.3070,0.0000,0.0000,0.0000,68.4047,0.0000,3889.0000,1443.0000,0.0000,17.0000,29.0000,16.0000,11.0000
1.7640,0.5170,0.2960,0.2640,0.1080,0.0000,0.0000,0.9510,1.0000,7.6450,3.9650,3.3070,0.0000,0.0000,0.0000,68.4049,0.0000,3889.0000,1443.0000,0.0000,17.0000,29.0000,16.0000,11.0000
1.7320,0.4360,0.3120,0.2330,0.1400,0.0000,0.0000,0.9840,1.0000,7.6450,3.9650,3.3070,0.0000,0.0000,0.0000,68.4049,0.0000,3889.0000,1443.0000,0.0000,17.0000,29.0000,16.0000,11.0000
1.6470,0.4670,0.3360,0.2610,0.1410,0.0000,0.0000,0.8440,1.0000,7.6450,3.9650,3.3070,0.0000,0.0000,0.0000,68.4145,0.0000,3890.0000,1443.0000,0.0000,17.0000,28.0000,16.0000,11.0000
1.9320,0.4270,0.4030,0.2380,0.1950,0.0000,0.0000,1.1020,1.0000,7.6450,3.9650,3.3070,0.0000,0.0000,0.0000,68.4145,0.0000,3890.0000,1443.0000,0.0000,17.0000,28.0000,16.0000,11.0000
1.6840,0.5710,0.3020,0.3750,0.1050,0.0000,0.0000,0.8110,1.0000,7.6450,3.9650,3.3070,0.0000,0.0000,0.0000,68.4146,0.0000,3890.0000,1443.0000,0.0000,17.0000,28.0000,16.0000,11.0000
1.9710,0.4500,0.2670,0.2510,0.1040,0.0000,0.0000,1.2540,1.0000,7.6450,3.9650,3.3070,0.0000,0.0000,0.0000,68.4146,0.0000,3890.0000,1443.0000,0.0000,17.0000,28.0000,16.0000,11.0000
1.8000,0.4970,0.3480,0.3350,0.1380,0.0000,0.0000,0.9550,1.0000,7.6450,3.9650,3.3070,0.0000,0.0000,0.0000,68.4146,0.0000,3890.0000,1443.0000,0.0000,17.0000,28.0000,16.0000,11.0000
2.1130,0.4540,0.4520,0.2900,0.2250,0.0000,0.0000,1.2070,1.0000,7.6450,3.9650,3.3070,0.0000,0.0000,0.0000,68.4451,0.0000,3893.0000,1443.0000,0.0000,17.0000,28.0000,16.0000,11.0000
1.7650,0.6070,0.2990,0.3170,0.1230,0.0000,0.0000,0.8590,1.0000,7.6450,3.9650,3.3070,0.0000,0.0000,0.0000,68.4452,0.0000,3893.0000,1443.0000,0.0000,17.0000,28.0000,16.0000,12.0000
1.9670,0.5720,0.3450,0.3900,0.1580,0.0000,0.0000,1.0500,1.0000,7.6450,3.9650,3.3070,0.0000,0.0000,0.0000,68.4454,0.0000,3893.0000,1443.0000,0.0000,17.0000,28.0000,16.0000,13.0000
2.0210,0.4720,0.4360,0.2910,0.1570,0.0000,0.0000,1.1130,1.0000,7.6450,3.9650,3.3070,0.0000,0.0000,0.0000,68.4556,0.0000,3894.0000,1443.0000,0.0000,17.0000,28.0000,16.0000,13.0000
1.8780,0.5430,0.3240,0.3250,0.1430,0.0000,0.0000,1.0110,1.0000,7.6450,3.9650,3.3070,0.0000,0.0000,0.0000,68.4556,0.0000,3894.0000,1443.0000,0.0000,17.0000,28.0000,16.0000,12.0000
2.0200,0.4700,0.5330,0.3130,0.2400,0.0000,0.0000,1.0170,1.0000,7.6450,3.9650,3.3070,0.0000,0.0000,0.0000,68.4659,0.0000,3895.0000,1443.0000,0.0000,17.0000,28.0000,16.0000,12.0000
1.6210,0.5570,0.2990,0.3320,0.1040,0.0000,0.0000,0.7650,1.0000,7.6450,3.9650,3.3070,0.0000,0.0000,0.0000,68.4659,0.0000,3895.0000,1443.0000,0.0000,17.0000,28.0000,16.0000,12.0000
1.6280,0.4060,0.2620,0.2250,0.1010,0.0000,0.0000,0.9600,1.0000,7.6450,3.9650,3.3070,0.0000,0.0000,0.0000,68.4686,0.0000,3896.0000,1443.0000,0.0000,17.0000,28.0000,16.0000,13.0000
2.2050,0.4860,0.3760,0.2940,0.1490,0.0000,0.0000,1.3430,1.0000,7.6450,3.9650,3.3070,0.0000,0.0000,0.0000,68.4886,0.0000,3898.0000,1443.0000,0.0000,17.0000,28.0000,16.0000,14.0000
2.1770,0.8550,0.4920,0.5580,0.2630,0.0000,0.0000,0.8300,1.0000,7.6450,3.9650,3.3070,0.0000,0.0000,0.0000,68.5227,0.0000,3903.0000,1443.0000,0.0000,17.0000,29.0000,16.0000,14.0000
1.7010,0.6520,0.3220,0.2960,0.1450,0.0000,0.0000,0.7270,1.0000,7.6450,3.9650,3.3070,0.0000,0.0000,0.0000,68.5432,0.0000,3905.0000,1443.0000,0.0000,17.0000,29.0000,16.0000,14.0000
1.7930,0.5290,0.3030,0.2380,0.1070,0.0000,0.0000,0.9610,1.0000,7.6450,3.9650,3.3070,0.0000,0.0000,0.0000,68.5434,0.0000,3905.0000,1443.0000,0.0000,17.0000,29.0000,16.0000,14.0000
1.7390,0.6380,0.3860,0.3780,0.2000,0.0000,0.0000,0.7150,1.0000,7.6450,3.9650,3.3070,0.0000,0.0000,0.0000,68.5545,0.0000,3906.0000,1443.0000,0.0000,17.0000,30.0000,16.0000,14.0000
1.5790,0.5260,0.2630,0.2780,0.1020,0.0000,0.0000,0.7900,1.0000,7.6450,3.9650,3.3070,0.0000,0.0000,0.0000,68.5545,0.0000,3906.0000,1443.0000,0.0000,17.0000,30.0000,16.0000,14.0000
1.6490,0.4370,0.3110,0.2560,0.1440,0.0000,0.0000,0.9010,1.0000,7.6450,3.9650,3.3070,0.0000,0.0000,0.0000,68.5753,0.0000,3908.0000,1443.0000,0.0000,17.0000,31.0000,16.0000,14.0000
1.8510,0.5460,0.3680,0.2900,0.1640,0.0000,0.0000,0.9370,1.0000,7.6450,3.9650,3.3070,0.0000,0.0000,0.0000,68.5760,0.0000,3908.0000,1443.0000,0.0000,17.0000,32.0000,16.0000,14.0000
2.1010,0.5130,0.5870,0.3090,0.2420,0.0000,0.0000,1.0010,1.0000,7.6450,3.9650,3.3070,0.0000,0.0000,0.0000,68.5871,0.0000,3909.0000,1443.0000,0.0000,17.0000,33.0000,16.0000,14.0000
1.7000,0.5160,0.3870,0.3050,0.1750,0.0000,0.0000,0.7970,1.0000,7.6450,3.9650,3.3070,0.0000,0.0000,0.0000,68.5871,0.0000,3909.0000,1443.0000,0.0000,17.0000,33.0000,16.0000,14.0000
1.7640,0.4170,0.2880,0.2480,0.1020,0.0000,0.0000,1.0590,1.0000,7.6450,3.9650,3.3070,0.0000,0.0000,0.0000,68.5879,0.0000,3909.0000,1443.0000,0.0000,17.0000,34.0000,16.0000,13.0000
1.7450,0.4980,0.3210,0.2950,0.1380,0.0000,0.0000,0.9260,1.0000,7.6450,3.9650,3.3070,0.0000,0.0000,0.0000,68.5879,0.0000,3909.0000,1443.0000,0.0000,17.0000,34.0000,16.0000,13.0000
1.6860,0.4990,0.3240,0.2960,0.1310,0.0000,0.0000,0.8630,1.0000,7.6450,3.9650,3.3070,0.0000,0.0000,0.0000,68.5872,0.0000,3909.0000,1443.0000,0.0000,17.0000,33.0000,16.0000,13.0000
1.5520,0.5180,0.2990,0.3420,0.1130,0.0000,0.0000,0.7350,1.0000,7.6450,3.9650,3.3070,0.0000,0.0000,0.0000,68.5872,0.0000,3909.0000,1443.0000,0.0000,17.0000,33.0000,16.0000,13.0000
1.4850,0.3910,0.2600,0.2270,0.1000,0.0000,0.0000,0.8340,1.0000,7.6450,3.9650,3.3070,0.0000,0.0000,0.0000,68.5879,0.0000,3909.0000,1443.0000,0.0000,17.0000,34.0000,16.0000,13.0000
1.9210,0.4510,0.3620,0.2960,0.1530,0.0000,0.0000,1.1080,1.0000,7.6450,3.9650,3.3070,0.0000,0.0000,0.0000,68.6177,0.0000,3912.0000,1443.0000,0.0000,17.0000,33.0000,16.0000,13.0000
2.3240,0.5780,0.3890,0.2630,0.1410,0.0000,0.0000,1.3570,1.0000,7.6450,3.9650,3.3070,0.0000,0.0000,0.0000,68.6177,0.0000,3912.0000,1443.0000,0.0000,17.0000,33.0000,16.0000,12.0000
2.3180,0.4520,0.4350,0.2520,0.1620,0.0000,0.0000,1.4310,1.0000,7.6450,3.9650,3.3070,0.0000,0.0000,0.0000,68.6178,0.0000,3912.0000,1443.0000,0.0000,17.0000,33.0000,16.0000,14.0000
2.0370,0.7030,0.3790,0.4950,0.1600,0.0000,0.0000,0.9550,1.0000,7.6450,3.9650,3.3070,0.0000,0.0000,0.0000,68.6271,0.0000,3913.0000,1443.0000,0.0000,17.0000,31.0000,16.0000,14.0000
1.6910,0.5740,0.3000,0.2710,0.1080,0.0000,0.0000,0.8170,1.0000,7.6450,3.9650,3.3070,0.0000,0.0000,0.0000,68.6278,0.0000,3913.0000,1443.0000,0.0000,17.0000,32.0000,16.0000,14.0000
2.4420,0.5240,0.4280,0.3440,0.1860,0.0000,0.0000,1.4900,1.0000,7.6450,3.9650,3.3070,0.0000,0.0000,0.0000,68.6382,0.0000,3914.0000,1443.0000,0.0000,17.0000,32.0000,16.0000,14.0000
2.1930,0.6640,0.3760,0.3970,0.1480,0.0000,0.0000,1.1530,1.0000,7.6450,3.9650,3.3070,0.0000,0.0000,0.0000,68.6388,0.0000,3914.0000,1443.0000,0.0000,17.0000,33.0000,16.0000,14.0000
2.0030,0.6090,0.3860,0.3640,0.1460,0.0000,0.0000,1.0080,1.0000,7.6450,3.9650,3.3070,0.0000,0.0000,0.0000,68.3598,0.0000,3885.0000,1443.0000,0.0000,17.0000,33.0000,16.0000,14.0000
2.0890,0.5120,0.4670,0.3030,0.2430,0.0000,0.0000,1.1100,1.0000,7.6450,3.9650,3.3070,0.0000,0.0000,0.0000,68.3700,0.0000,3886.0000,1443.0000,0.0000,17.0000,33.0000,16.0000,15.0000
2.2030,0.5530,0.4370,0.3110,0.2390,0.0000,0.0000,1.2130,1.0000,7.6450,3.9650,3.3070,0.0000,0.0000,0.0000,68.3999,0.0000,3889.0000,1443.0000,0.0000,17.0000,32.0000,16.0000,15.0000
1.8630,0.7320,0.4010,0.3060,0.1660,0.0000,0.0000,0.7300,1.0000,7.6450,3.9650,3.3070,0.0000,0.0000,0.0000,68.4089,0.0000,3890.0000,1443.0000,0.0000,17.0000,30.0000,16.0000,15.0000
1.9950,0.5130,0.3930,0.2930,0.2060,0.0000,0.0000,1.0890,1.0000,7.6450,3.9650,3.3070,0.0000,0.0000,0.0000,68.4295,0.0000,3892.0000,1443.0000,0.0000,17.0000,31.0000,16.0000,15.0000
1.7870,0.6760,0.4270,0.3200,0.1950,0.0000,0.0000,0.6840,1.0000,7.6450,3.9650,3.3070,0.0000,0.0000,0.0000,68.4505,0.0000,3894.0000,1443.0000,0.0000,17.0000,32.0000,16.0000,15.0000
1.6440,0.4910,0.2870,0.2440,0.1170,0.0000,0.0000,0.8660,1.0000,7.6450,3.9650,3.3070,0.0000,0.0000,0.0000,68.4506,0.0000,3894.0000,1443.0000,0.0000,17.0000,32.0000,16.0000,15.0000
1.8300,0.4230,0.3470,0.2590,0.1520,0.0000,0.0000,1.0600,1.0000,7.6450,3.9650,3.3070,0.0000,0.0000,0.0000,68.4699,0.0000,3895.0000,1443.0000,0.0000,17.0000,32.0000,16.0000,15.0000
1.6360,0.6090,0.3330,0.2750,0.1110,0.0000,0.0000,0.6940,1.0000,7.6450,3.9650,3.3070,0.0000,0.0000,0.0000,68.4699,0.0000,3895.0000,1443.0000,0.0000,17.0000,32.0000,16.0000,15.0000
1.6500,0.4120,0.3520,0.2440,0.1240,0.0000,0.0000,0.8860,1.0000,7.6450,3.9650,3.3070,0.0000,0.0000,0.0000,68.4700,0.0000,3895.0000,1443.0000,0.0000,17.0000,32.0000,16.0000,15.0000
2.2030,0.3910,0.3040,0.2270,0.1090,0.0000,0.0000,1.5080,1.0000,7.6450,3.9650,3.3070,0.0000,0.0000,0.0000,68.4708,0.0000,3895.0000,1443.0000,0.0000,17.0000,33.0000,16.0000,15.0000
2.0090,0.9240,0.4380,0.7020,0.2350,0.0000,0.0000,0.6470,1.0000,7.6450,3.9650,3.3070,0.0000,0.0000,0.0000,68.4911,0.0000,3897.0000,1443.0000,0.0000,17.0000,33.0000,16.0000,15.0000
1.8600,0.5360,0.4240,0.2850,0.1800,0.0000,0.0000,0.9000,1.0000,7.6450,3.9650,3.3070,0.0000,0.0000,0.0000,68.4911,0.0000,3897.0000,1443.0000,0.0000,17.0000,33.0000,16.0000,15.0000
1.7910,0.4040,0.3330,0.2290,0.1380,0.0000,0.0000,1.0540,1.0000,7.6450,3.9650,3.3070,0.0000,0.0000,0.0000,68.4912,0.0000,3897.0000,1443.0000,0.0000,17.0000,33.0000,16.0000,15.0000
1.8870,0.4180,0.3670,0.2390,0.1360,0.0000,0.0000,1.1020,1.0000,7.6450,3.9650,3.3070,0.0000,0.0000,0.0000,68.5233,0.0000,3900.0000,1443.0000,0.0000,17.0000,33.0000,16.0000,15.0000
1.7130,0.6010,0.2940,0.2340,0.1020,0.0000,0.0000,0.8180,1.0000,7.6450,3.9650,3.3070,0.0000,0.0000,0.0000,68.5226,0.0000,3900.0000,1443.0000,0.0000,17.0000,32.0000,16.0000,15.0000
1.6960,0.5360,0.3510,0.3120,0.1740,0.0000,0.0000,0.8090,1.0000,7.6450,3.9650,3.3070,0.0000,0.0000,0.0000,68.5440,0.0000,3902.0000,1443.0000,0.0000,17.0000,33.0000,16.0000,15.0000
1.7250,0.4810,0.2600,0.2380,0.0970,0.0000,0.0000,0.9840,1.0000,7.6450,3.9650,3.3070,0.0000,0.0000,0.0000,68.5440,0.0000,3902.0000,1443.0000,0.0000,17.0000,33.0000,16.0000,15.0000
1.5550,0.5080,0.2780,0.2910,0.1000,0.0000,0.0000,0.7690,1.0000,7.6450,3.9650,3.3070,0.0000,0.0000,0.0000,68.5441,0.0000,3902.0000,1443.0000,0.0000,17.0000,33.0000,16.0000,14.0000
1.6990,0.4520,0.3470,0.2830,0.1720,0.0000,0.0000,0.9000,1.0000,7.6450,3.9650,3.3070,0.0000,0.0000,0.0000,68.5543,0.0000,3903.0000,1443.0000,0.0000,17.0000,33.0000,16.0000,14.0000
1.8400,0.4520,0.2610,0.2260,0.1000,0.0000,0.0000,1.1270,1.0000,7.6450,3.9650,3.3070,0.0000,0.0000,0.0000,68.5543,0.0000,3903.0000,1443.0000,0.0000,17.0000,33.0000,16.0000,14.0000
1.8850,0.5340,0.3720,0.3450,0.1620,0.0000,0.0000,0.9790,1.0000,7.6450,3.9650,3.3070,0.0000,0.0000,0.0000,68.5647,0.0000,3904.0000,1443.0000,0.0000,17.0000,33.0000,16.0000,14.0000
1.8540,0.5610,0.3210,0.2790,0.1360,0.0000,0.0000,0.9720,1.0000,7.6450,3.9650,3.3070,0.0000,0.0000,0.0000,68.5756,0.0000,3905.0000,1443.0000,0.0000,17.0000,34.0000,16.0000,14.0000
1.5530,0.5530,0.3040,0.2770,0.1050,0.0000,0.0000,0.6960,1.0000,7.6450,3.9650,3.3070,0.0000,0.0000,0.0000,68.5757,0.0000,3905.0000,1443.0000,0.0000,17.0000,34.0000,16.0000,14.0000
1.6760,0.4040,0.3120,0.2470,0.1490,0.0000,0.0000,0.9600,1.0000,7.6450,3.9650,3.3070,0.0000,0.0000,0.0000,68.5855,0.0000,3906.0000,1443.0000,0.0000,17.0000,34.0000,16.0000,14.0000
1.6710,0.4480,0.3280,0.2300,0.1600,0.0000,0.0000,0.8950,1.0000,7.6450,3.9650,3.3070,0.0000,0.0000,0.0000,68.6061,0.0000,3908.0000,1443.0000,0.0000,17.0000,34.0000,16.0000,14.0000
1.6970,0.5300,0.3400,0.2270,0.1500,0.0000,0.0000,0.8270,1.0000,7.6450,3.9650,3.3070,0.0000,0.0000,0.0000,68.6373,0.0000,3911.0000,1443.0000,0.0000,17.0000,34.0000,16.0000,14.0000
1.4910,0.5160,0.3070,0.2400,0.1120,0.0000,0.0000,0.6680,1.0000,7.6450,3.9650,3.3070,0.0000,0.0000,0.0000,68.6375,0.0000,3911.0000,1443.0000,0.0000,17.0000,34.0000,16.0000,14.0000
1.6190,0.3850,0.2580,0.2240,0.0990,0.0000,0.0000,0.9760,1.0000,7.6450,3.9650,3.3070,0.0000,0.0000,0.0000,68.6383,0.0000,3911.0000,1443.0000,0.0000,17.0000,35.0000,16.0000,14.0000
1.7190,0.5040,0.3070,0.3210,0.1010,0.0000,0.0000,0.9080,1.0000,7.6450,3.9650,3.3070,0.0000,0.0000,0.0000,68.6383,0.0000,3911.0000,1443.0000,0.0000,17.0000,35.0000,16.0000,14.0000
1.8550,0.4050,0.3220,0.2290,0.1420,0.0000,0.0000,1.1280,1.0000,7.6450,3.9650,3.3070,0.0000,0.0000,0.0000,68.6589,0.0000,3913.0000,1443.0000,0.0000,17.0000,35.0000,16.0000,15.0000
1.6090,0.4740,0.2900,0.2240,0.1070,0.0000,0.0000,0.8450,1.0000,7.6450,3.9650,3.3070,0.0000,0.0000,0.0000,68.6589,0.0000,3913.0000,1443.0000,0.0000,17.0000,35.0000,16.0000,15.0000
1.5690,0.4800,0.3080,0.3050,0.1050,0.0000,0.0000,0.7810,1.0000,7.6450,3.9650,3.3070,0.0000,0.0000,0.0000,68.6583,0.0000,3913.0000,1443.0000,0.0000,17.0000,34.0000,16.0000,15.0000
1.5130,0.4000,0.2580,0.2400,0.1010,0.0000,0.0000,0.8550,1.0000,7.6450,3.9650,3.3070,0.0000,0.0000,0.0000,68.6590,0.0000,3913.0000,1443.0000,0.0000,17.0000,35.0000,16.0000,15.0000
1.8170,0.4250,0.3870,0.2260,0.1460,0.0000,0.0000,1.0050,1.0000,7.6450,3.9650,3.3070,0.0000,0.0000,0.0000,68.6693,0.0000,3914.0000,1443.0000,0.0000,17.0000,35.0000,16.0000,15.0000
1.5880,0.5790,0.3250,0.2920,0.1380,0.0000,0.0000,0.6840,1.0000,7.6450,3.9650,3.3070,0.0000,0.0000,0.0000,68.6693,0.0000,3914.0000,1443.0000,0.0000,17.0000,35.0000,16.0000,15.0000
1.4960,0.4220,0.2790,0.2430,0.1020,0.0000,0.0000,0.7950,1.0000,7.6450,3.9650,3.3070,0.0000,0.0000,0.0000,68.6693,0.0000,3914.0000,1443.0000,0.0000,17.0000,35.0000,16.0000,15.0000
1.6340,0.4340,0.2940,0.2260,0.1030,0.0000,0.0000,0.9060,1.0000,7.6450,3.9650,3.3070,0.0000,0.0000,0.0000,68.6686,0.0000,3914.0000,1443.0000,0.0000,17.0000,34.0000,16.0000,15.0000
1.6760,0.5100,0.3260,0.2990,0.1180,0.0000,0.0000,0.8400,1.0000,7.6450,3.9650,3.3070,0.0000,0.0000,0.0000,68.6686,0.0000,3914.0000,1443.0000,0.0000,17.0000,34.0000,16.0000,15.0000
1.8980,0.4130,0.3570,0.2300,0.1640,0.0000,0.0000,1.1280,1.0000,7.6450,3.9650,3.3070,0.0000,0.0000,0.0000,68.6892,0.0000,3916.0000,1443.0000,0.0000,17.0000,34.0000,16.0000,15.0000
2.2760,0.6240,0.3510,0.3000,0.1490,0.0000,0.0000,1.3010,1.0000,7.6450,3.9650,3.3070,0.0000,0.0000,0.0000,68.6987,0.0000,3917.0000,1443.0000,0.0000,17.0000,33.0000,16.0000,15.0000
1.9190,0.6580,0.4380,0.4300,0.2100,0.0000,0.0000,0.8230,1.0000,7.6450,3.9650,3.3070,0.0000,0.0000,0.0000,68.6988,0.0000,3917.0000,1443.0000,0.0000,17.0000,33.0000,16.0000,15.0000
1.7470,0.5110,0.3470,0.2400,0.1490,0.0000,0.0000,0.8890,1.0000,7.6450,3.9650,3.3070,0.0000,0.0000,0.0000,68.7191,0.0000,3919.0000,1443.0000,0.0000,17.0000,33.0000,16.0000,15.0000
1.6720,0.5480,0.3000,0.2340,0.1080,0.0000,0.0000,0.8240,1.0000,7.6450,3.9650,3.3070,0.0000,0.0000,0.0000,68.7191,0.0000,3919.0000,1443.0000,0.0000,17.0000,33.0000,16.0000,15.0000
1.8130,0.5290,0.3270,0.2930,0.1420,0.0000,0.0000,0.9570,1.0000,7.6450,3.9650,3.3070,0.0000,0.0000,0.0000,68.7401,0.0000,3921.0000,1443.0000,0.0000,17.0000,34.0000,16.0000,14.0000
1.6870,0.5860,0.2990,0.2620,0.1180,0.0000,0.0000,0.8020,1.0000,7.6450,3.9650,3.3070,0.0000,0.0000,0.0000,68.7401,0.0000,3921.0000,1443.0000,0.0000,17.0000,34.0000,16.0000,14.0000
1.7600,0.4150,0.3270,0.2290,0.1340,0.0000,0.0000,1.0180,1.0000,7.6450,3.9650,3.3070,0.0000,0.0000,0.0000,68.7505,0.0000,3922.0000,1443.0000,0.0000,17.0000,34.0000,16.0000,14.0000
1.7290,0.6180,0.3590,0.3300,0.1400,0.0000,0.0000,0.7520,1.0000,7.6450,3.9650,3.3070,0.0000,0.0000,0.0000,68.7608,0.0000,3923.0000,1443.0000,0.0000,17.0000,34.0000,16.0000,14.0000
1.6850,0.5100,0.3730,0.3020,0.1600,0.0000,0.0000,0.8020,1.0000,7.6450,3.9650,3.3070,0.0000,0.0000,0.0000,68.7711,0.0000,3924.0000,1443.0000,0.0000,17.0000,34.0000,16.0000,14.0000
1.4950,0.4340,0.2670,0.2250,0.1000,0.0000,0.0000,0.7940,1.0000,7.6450,3.9650,3.3070,0.0000,0.0000,0.0000,68.7711,0.0000,3924.0000,1443.0000,0.0000,17.0000,34.0000,16.0000,14.0000
1.7460,0.4750,0.3330,0.2480,0.1440,0.0000,0.0000,0.9380,1.0000,7.6450,3.9650,3.3070,0.0000,0.0000,0.0000,68.7910,0.0000,3926.0000,1443.0000,0.0000,17.0000,33.0000,16.0000,14.0000
1.5080,0.6240,0.2930,0.3570,0.1150,0.0000,0.0000,0.5910,1.0000,7.6450,3.9650,3.3070,0.0000,0.0000,0.0000,68.7910,0.0000,3926.0000,1443.0000,0.0000,17.0000,33.0000,16.0000,14.0000
2.1310,0.3990,0.3090,0.2260,0.1080,0.0000,0.0000,1.4230,1.0000,7.6450,3.9650,3.3070,0.0000,0.0000,0.0000,68.7911,0.0000,3926.0000,1443.0000,0.0000,17.0000,33.0000,16.0000,14.0000
1.7920,0.4960,0.4000,0.3060,0.1690,0.0000,0.0000,0.8960,1.0000,7.6450,3.9650,3.3070,0.0000,0.0000,0.0000,68.8315,0.0000,3930.0000,1443.0000,0.0000,17.0000,33.0000,16.0000,14.0000
1.6410,0.6780,0.2790,0.2630,0.1130,0.0000,0.0000,0.6840,1.0000,7.6450,3.9650,3.3070,0.0000,0.0000,0.0000,68.3893,0.0000,3887.0000,1443.0000,0.0000,17.0000,33.0000,16.0000,14.0000
1.7700,0.3790,0.4170,0.2140,0.1890,0.0000,0.0000,0.9740,1.0000,7.6450,3.9650,3.3070,0.0000,0.0000,0.0000,68.3999,0.0000,3888.0000,1443.0000,0.0000,17.0000,33.0000,16.0000,13.0000
5.1240,0.4510,0.2780,0.2420,0.1060,0.0000,0.0000,4.3950,1.0000,7.6450,3.9650,3.3070,0.0000,0.0000,0.0000,68.4008,0.0000,3888.0000,1443.0000,0.0000,17.0000,34.0000,16.0000,13.0000
2.0900,0.4580,0.3800,0.2410,0.1460,0.0000,0.0000,1.2520,1.0000,7.6450,3.9650,3.3070,0.0000,0.0000,0.0000,68.4112,0.0000,3889.0000,1443.0000,0.0000,17.0000,34.0000,16.0000,13.0000
1.8470,0.5010,0.4040,0.2900,0.1980,0.0000,0.0000,0.9420,1.0000,7.6450,3.9650,3.3070,0.0000,0.0000,0.0000,68.4214,0.0000,3890.0000,1443.0000,0.0000,17.0000,34.0000,16.0000,13.0000
1.8020,0.4420,0.2690,0.2320,0.1010,0.0000,0.0000,1.0910,1.0000,7.6450,3.9650,3.3070,0.0000,0.0000,0.0000,68.4215,0.0000,3890.0000,1443.0000,0.0000,17.0000,34.0000,16.0000,13.0000
1.5120,0.4380,0.2940,0.2740,0.1020,0.0000,0.0000,0.7800,1.0000,7.6450,3.9650,3.3070,0.0000,0.0000,0.0000,68.4215,0.0000,3890.0000,1443.0000,0.0000,17.0000,34.0000,16.0000,13.0000
1.4680,0.4410,0.2980,0.2860,0.1350,0.0000,0.0000,0.7290,1.0000,7.6450,3.9650,3.3070,0.0000,0.0000,0.0000,68.4208,0.0000,3890.0000,1443.0000,0.0000,17.0000,33.0000,16.0000,13.0000
1.6240,0.3900,0.2750,0.2290,0.0980,0.0000,0.0000,0.9590,1.0000,7.6450,3.9650,3.3070,0.0000,0.0000,0.0000,68.4208,0.0000,3890.0000,1443.0000,0.0000,17.0000,33.0000,16.0000,13.0000
1.6600,0.4340,0.3270,0.2770,0.1430,0.0000,0.0000,0.8990,1.0000,7.6450,3.9650,3.3070,0.0000,0.0000,0.0000,68.4411,0.0000,3892.0000,1443.0000,0.0000,17.0000,33.0000,16.0000,13.0000
1.4880,0.4530,0.2570,0.2200,0.0970,0.0000,0.0000,0.7780,1.0000,7.6450,3.9650,3.3070,0.0000,0.0000,0.0000,68.4411,0.0000,3892.0000,1443.0000,0.0000,17.0000,33.0000,16.0000,13.0000
1.6220,0.3880,0.3080,0.2330,0.1450,0.0000,0.0000,0.9260,1.0000,2.7930,4.5490,2.8220,0.0000,0.0000,0.0000,68.4514,0.0000,3893.0000,1443.0000,0.0000,17.0000,33.0000,16.0000,13.0000
1.5740,0.4680,0.2720,0.2770,0.0970,0.0000,0.0000,0.8340,1.0000,2.7930,4.5490,2.8220,0.0000,0.0000,0.0000,68.4514,0.0000,3893.0000,1443.0000,0.0000,17.0000,33.0000,16.0000,13.0000
1.6340,0.4310,0.3000,0.2510,0.1300,0.0000,0.0000,0.9030,1.0000,2.7930,4.5490,2.8220,0.0000,0.0000,0.0000,68.4618,0.0000,3894.0000,1443.0000,0.0000,17.0000,33.0000,16.0000,13.0000
1.6510,0.4480,0.2880,0.2200,0.0990,0.0000,0.0000,0.9150,1.0000,2.7930,4.5490,2.8220,0.0000,0.0000,0.0000,68.4618,0.0000,3894.0000,1443.0000,0.0000,17.0000,33.0000,16.0000,13.0000
1.6470,0.3950,0.2900,0.2360,0.1300,0.0000,0.0000,0.9620,1.0000,2.7930,4.5490,2.8220,0.0000,0.0000,0.0000,68.4707,0.0000,3895.0000,1443.0000,0.0000,17.0000,31.0000,16.0000,13.0000
1.7560,0.4270,0.3250,0.2200,0.1530,0.0000,0.0000,1.0040,1.0000,2.7930,4.5490,2.8220,0.0000,0.0000,0.0000,68.4909,0.0000,3897.0000,1443.0000,0.0000,17.0000,31.0000,16.0000,13.0000
1.6180,0.5310,0.3210,0.3000,0.1330,0.0000,0.0000,0.7660,1.0000,2.7930,4.5490,2.8220,0.0000,0.0000,0.0000,68.5113,0.0000,3899.0000,1443.0000,0.0000,17.0000,31.0000,16.0000,13.0000
1.4530,0.4500,0.2960,0.2160,0.1360,0.0000,0.0000,0.7070,1.0000,2.7930,4.5490,2.8220,0.0000,0.0000,0.0000,68.5114,0.0000,3899.0000,1443.0000,0.0000,17.0000,31.0000,16.0000,13.0000
1.4790,0.3990,0.2970,0.2360,0.0990,0.0000,0.0000,0.7830,1.0000,2.7930,4.5490,2.8220,0.0000,0.0000,0.0000,68.5122,0.0000,3899.0000,1443.0000,0.0000,17.0000,32.0000,16.0000,12.0000
1.7480,0.3720,0.2930,0.2200,0.1350,0.0000,0.0000,1.0830,1.0000,2.7930,4.5490,2.8220,0.0000,0.0000,0.0000,68.5225,0.0000,3900.0000,1443.0000,0.0000,17.0000,32.0000,16.0000,12.0000
1.5150,0.4710,0.2810,0.2610,0.1090,0.0000,0.0000,0.7630,1.0000,2.7930,4.5490,2.8220,0.0000,0.0000,0.0000,68.5225,0.0000,3900.0000,1443.0000,0.0000,17.0000,32.0000,16.0000,12.0000
1.8120,0.4440,0.3650,0.2880,0.2070,0.0000,0.0000,1.0030,1.0000,2.7930,4.5490,2.8220,0.0000,0.0000,0.0000,68.5633,0.0000,3904.0000,1443.0000,0.0000,17.0000,32.0000,16.0000,12.0000
1.5040,0.5470,0.3070,0.2310,0.1030,0.0000,0.0000,0.6500,1.0000,2.7930,4.5490,2.8220,0.0000,0.0000,0.0000,68.5626,0.0000,3904.0000,1443.0000,0.0000,17.0000,31.0000,16.0000,12.0000
1.5360,0.4070,0.2840,0.2230,0.1120,0.0000,0.0000,0.8450,1.0000,2.7930,4.5490,2.8220,0.0000,0.0000,0.0000,68.5621,0.0000,3904.0000,1443.0000,0.0000,17.0000,30.0000,16.0000,12.0000
1.6580,0.3660,0.3290,0.2120,0.1050,0.0000,0.0000,0.9630,1.0000,2.7930,4.5490,2.8220,0.0000,0.0000,0.0000,68.5621,0.0000,3904.0000,1443.0000,0.0000,17.0000,30.0000,16.0000,12.0000
1.6820,0.4120,0.3210,0.2200,0.1410,0.0000,0.0000,0.9490,1.0000,2.7930,4.5490,2.8220,0.0000,0.0000,0.0000,68.5731,0.0000,3905.0000,1443.0000,0.0000,17.0000,31.0000,16.0000,12.0000
1.6800,0.4930,0.3360,0.2380,0.1060,0.0000,0.0000,0.8510,1.0000,2.7930,4.5490,2.8220,0.0000,0.0000,0.0000,68.5731,0.0000,3905.0000,1443.0000,0.0000,17.0000,31.0000,16.0000,12.0000
1.5080,0.3860,0.2950,0.2220,0.0980,0.0000,0.0000,0.8270,1.0000,2.7930,4.5490,2.8220,0.0000,0.0000,0.0000,68.5738,0.0000,3905.0000,1443.0000,0.0000,17.0000,32.0000,16.0000,12.0000
1.4620,0.4140,0.2810,0.2330,0.1190,0.0000,0.0000,0.7670,1.0000,2.7930,4.5490,2.8220,0.0000,0.0000,0.0000,68.5738,0.0000,3905.0000,1443.0000,0.0000,17.0000,32.0000,16.0000,12.0000
1.4640,0.4290,0.2520,0.2750,0.0950,0.0000,0.0000,0.7830,1.0000,2.7930,4.5490,2.8220,0.0000,0.0000,0.0000,68.5738,0.0000,3905.0000,1443.0000,0.0000,17.0000,32.0000,16.0000,12.0000
1.6470,0.4050,0.3350,0.2420,0.1690,0.0000,0.0000,0.9070,1.0000,2.7930,4.5490,2.8220,0.0000,0.0000,0.0000,68.5841,0.0000,3906.0000,1443.0000,0.0000,17.0000,32.0000,16.0000,12.0000
1.4170,0.4830,0.2530,0.2710,0.0960,0.0000,0.0000,0.6810,1.0000,2.7930,4.5490,2.8220,0.0000,0.0000,0.0000,68.5841,0.0000,3906.0000,1443.0000,0.0000,17.0000,32.0000,16.0000,12.0000
1.8750,0.3840,0.5300,0.2160,0.3750,0.0000,0.0000,0.9610,1.0000,2.7930,4.5490,2.8220,0.0000,0.0000,0.0000,68.6025,0.0000,3908.0000,1443.0000,0.0000,17.0000,32.0000,16.0000,12.0000
1.5480,0.4930,0.3380,0.2360,0.1460,0.0000,0.0000,0.7170,1.0000,2.7930,4.5490,2.8220,0.0000,0.0000,0.0000,68.6128,0.0000,3909.0000,1443.0000,0.0000,17.0000,32.0000,16.0000,12.0000
2.0320,0.4160,0.2570,0.2180,0.0960,0.0000,0.0000,1.3590,1.0000,2.7930,4.5490,2.8220,0.0000,0.0000,0.0000,68.6128,0.0000,3909.0000,1443.0000,0.0000,17.0000,32.0000,16.0000,12.0000
1.4900,0.8850,0.2860,0.7280,0.1010,0.0000,0.0000,0.3190,1.0000,2.7930,4.5490,2.8220,0.0000,0.0000,0.0000,68.6129,0.0000,3909.0000,1443.0000,0.0000,17.0000,32.0000,16.0000,12.0000
1.4880,0.3980,0.2730,0.2190,0.1090,0.0000,0.0000,0.8170,1.0000,2.7930,4.5490,2.8220,0.0000,0.0000,0.0000,68.6122,0.0000,3909.0000,1443.0000,0.0000,17.0000,31.0000,16.0000,12.0000
1.6950,0.3820,0.3620,0.2240,0.1940,0.0000,0.0000,0.9510,1.0000,2.7930,4.5490,2.8220,0.0000,0.0000,0.0000,68.6225,0.0000,3910.0000,1443.0000,0.0000,17.0000,31.0000,16.0000,12.0000
1.6890,0.4370,0.3250,0.2200,0.1370,0.0000,0.0000,0.9270,1.0000,2.7930,4.5490,2.8220,0.0000,0.0000,0.0000,68.6430,0.0000,3912.0000,1443.0000,0.0000,17.0000,31.0000,16.0000,12.0000
1.7350,0.5270,0.3450,0.2320,0.1320,0.0000,0.0000,0.8630,1.0000,2.7930,4.5490,2.8220,0.0000,0.0000,0.0000,68.6533,0.0000,3913.0000,1443.0000,0.0000,17.0000,31.0000,16.0000,12.0000
1.4580,0.5230,0.2630,0.2670,0.0960,0.0000,0.0000,0.6720,1.0000,2.7930,4.5490,2.8220,0.0000,0.0000,0.0000,68.6534,0.0000,3913.0000,1443.0000,0.0000,17.0000,31.0000,16.0000,12.0000
1.4220,0.3960,0.2680,0.2210,0.1100,0.0000,0.0000,0.7580,1.0000,2.7930,4.5490,2.8220,0.0000,0.0000,0.0000,68.6535,0.0000,3913.0000,1443.0000,0.0000,17.0000,31.0000,16.0000,12.0000
1.6830,0.3710,0.3480,0.2160,0.1900,0.0000,0.0000,0.9640,1.0000,2.7930,4.5490,2.8220,0.0000,0.0000,0.0000,68.6733,0.0000,3915.0000,1443.0000,0.0000,17.0000,30.0000,16.0000,12.0000
1.7470,0.4850,0.2690,0.2230,0.0980,0.0000,0.0000,0.9930,1.0000,2.7930,4.5490,2.8220,0.0000,0.0000,0.0000,68.6733,0.0000,3915.0000,1443.0000,0.0000,17.0000,30.0000,16.0000,12.0000
1.8170,0.4890,0.3560,0.2410,0.1540,0.0000,0.0000,0.9720,1.0000,2.7930,4.5490,2.8220,0.0000,0.0000,0.0000,68.6933,0.0000,3917.0000,1443.0000,0.0000,17.0000,29.0000,16.0000,12.0000
1.5480,0.5820,0.3320,0.2720,0.1670,0.0000,0.0000,0.6340,1.0000,2.7930,4.5490,2.8220,0.0000,0.0000,0.0000,68.7035,0.0000,3918.0000,1443.0000,0.0000,17.0000,29.0000,16.0000,12.0000
1.4250,0.4260,0.2620,0.2220,0.0970,0.0000,0.0000,0.7370,1.0000,2.7930,4.5490,2.8220,0.0000,0.0000,0.0000,68.7036,0.0000,3918.0000,1443.0000,0.0000,17.0000,29.0000,16.0000,12.0000
1.4780,0.4310,0.2960,0.2730,0.1330,0.0000,0.0000,0.7510,1.0000,2.7930,4.5490,2.8220,0.0000,0.0000,0.0000,68.7037,0.0000,3918.0000,1443.0000,0.0000,17.0000,29.0000,16.0000,12.0000
1.4170,0.3810,0.2650,0.2200,0.0960,0.0000,0.0000,0.7710,1.0000,2.7930,4.5490,2.8220,0.0000,0.0000,0.0000,68.7037,0.0000,3918.0000,1443.0000,0.0000,17.0000,29.0000,16.0000,12.0000
1.5570,0.4350,0.2570,0.2810,0.0970,0.0000,0.0000,0.8650,1.0000,2.7930,4.5490,2.8220,0.0000,0.0000,0.0000,68.7037,0.0000,3918.0000,1443.0000,0.0000,17.0000,29.0000,16.0000,12.0000
1.5410,0.3920,0.3180,0.2190,0.1160,0.0000,0.0000,0.8310,1.0000,2.7930,4.5490,2.8220,0.0000,0.0000,0.0000,68.7037,0.0000,3918.0000,1443.0000,0.0000,17.0000,29.0000,16.0000,11.0000
1.4960,0.4320,0.2990,0.2690,0.1380,0.0000,0.0000,0.7650,1.0000,2.7930,4.5490,2.8220,0.0000,0.0000,0.0000,68.7051,0.0000,3918.0000,1443.0000,0.0000,17.0000,31.0000,16.0000,11.0000
1.5360,0.3940,0.2760,0.2200,0.1000,0.0000,0.0000,0.8660,1.0000,2.7930,4.5490,2.8220,0.0000,0.0000,0.0000,68.7044,0.0000,3918.0000,1443.0000,0.0000,17.0000,30.0000,16.0000,11.0000
1.4670,0.4210,0.2950,0.2570,0.1320,0.0000,0.0000,0.7510,1.0000,2.7930,4.5490,2.8220,0.0000,0.0000,0.0000,68.7044,0.0000,3918.0000,1443.0000,0.0000,17.0000,30.0000,16.0000,11.0000
1.4210,0.3900,0.2660,0.2240,0.0970,0.0000,0.0000,0.7650,1.0000,2.7930,4.5490,2.8220,0.0000,0.0000,0.0000,68.7044,0.0000,3918.0000,1443.0000,0.0000,17.0000,30.0000,16.0000,11.0000
1.4490,0.4450,0.2920,0.2770,0.0980,0.0000,0.0000,0.7120,1.0000,2.7930,4.5490,2.8220,0.0000,0.0000,0.0000,68.7042,0.0000,3918.0000,1443.0000,0.0000,17.0000,30.0000,16.0000,11.0000
1.6570,0.4050,0.3030,0.2220,0.1410,0.0000,0.0000,0.9490,1.0000,2.7930,4.5490,2.8220,0.0000,0.0000,0.0000,68.3761,0.0000,3886.0000,1443.0000,0.0000,17.0000,30.0000,16.0000,11.0000
1.6540,0.5330,0.3430,0.2730,0.1790,0.0000,0.0000,0.7780,1.0000,2.7930,4.5490,2.8220,0.0000,0.0000,0.0000,68.3972,0.0000,3888.0000,1443.0000,0.0000,17.0000,31.0000,16.0000,10.0000
1.4090,0.5300,0.2600,0.2960,0.1000,0.0000,0.0000,0.6190,1.0000,2.7930,4.5490,2.8220,0.0000,0.0000,0.0000,68.3969,0.0000,3888.0000,1443.0000,0.0000,17.0000,30.0000,16.0000,10.0000
1.4060,0.4250,0.2850,0.2310,0.1300,0.0000,0.0000,0.6960,1.0000,2.7930,4.5490,2.8220,0.0000,0.0000,0.0000,68.3977,0.0000,3888.0000,1443.0000,0.0000,17.0000,31.0000,16.0000,10.0000
1.5220,0.3720,0.2690,0.2160,0.1000,0.0000,0.0000,0.8810,1.0000,2.7930,4.5490,2.8220,0.0000,0.0000,0.0000,68.3977,0.0000,3888.0000,1443.0000,0.0000,17.0000,31.0000,16.0000,10.0000
2.3470,0.4080,0.3230,0.2510,0.1680,0.0000,0.0000,1.6160,1.0000,2.7930,4.5490,2.8220,0.0000,0.0000,0.0000,68.4073,0.0000,3889.0000,1443.0000,0.0000,17.0000,30.0000,16.0000,10.0000
1.6530,0.4350,0.2910,0.2450,0.0990,0.0000,0.0000,0.9270,1.0000,2.7930,4.5490,2.8220,0.0000,0.0000,0.0000,68.4073,0.0000,3889.0000,1443.0000,0.0000,17.0000,30.0000,16.0000,10.0000
1.5030,0.5290,0.3110,0.2610,0.1410,0.0000,0.0000,0.6630,1.0000,2.7930,4.5490,2.8220,0.0000,0.0000,0.0000,68.4066,0.0000,3889.0000,1443.0000,0.0000,17.0000,29.0000,16.0000,10.0000
1.4760,0.3910,0.3200,0.2350,0.1040,0.0000,0.0000,0.7650,1.0000,2.7930,4.5490,2.8220,0.0000,0.0000,0.0000,68.4066,0.0000,3889.0000,1443.0000,0.0000,17.0000,29.0000,16.0000,10.0000
1.5190,0.3990,0.3000,0.2220,0.1320,0.0000,0.0000,0.8200,1.0000,2.7930,4.5490,2.8220,0.0000,0.0000,0.0000,68.4066,0.0000,3889.0000,1443.0000,0.0000,17.0000,29.0000,16.0000,10.0000
1.4450,0.3700,0.2670,0.2170,0.0990,0.0000,0.0000,0.8080,1.0000,2.7930,4.5490,2.8220,0.0000,0.0000,0.0000,68.4066,0.0000,3889.0000,1443.0000,0.0000,17.0000,29.0000,16.0000,10.0000
1.6280,0.4220,0.2890,0.2780,0.1370,0.0000,0.0000,0.9170,1.0000,2.7930,4.5490,2.8220,0.0000,0.0000,0.0000,68.4272,0.0000,3891.0000,1443.0000,0.0000,17.0000,29.0000,16.0000,10.0000
1.4010,0.5260,0.2610,0.2780,0.0980,0.0000,0.0000,0.6140,1.0000,2.7930,4.5490,2.8220,0.0000,0.0000,0.0000,68.4272,0.0000,3891.0000,1443.0000,0.0000,17.0000,29.0000,16.0000,10.0000
1.4870,0.4120,0.2470,0.2650,0.0950,0.0000,0.0000,0.8280,1.0000,2.7930,4.5490,2.8220,0.0000,0.0000,0.0000,68.4280,0.0000,3891.0000,1443.0000,0.0000,17.0000,30.0000,16.0000,10.0000
1.5470,0.3820,0.2890,0.2180,0.1000,0.0000,0.0000,0.8760,1.0000,2.7930,4.5490,2.8220,0.0000,0.0000,0.0000,68.4280,0.0000,3891.0000,1443.0000,0.0000,17.0000,30.0000,16.0000,10.0000
1.4530,0.4140,0.2950,0.2220,0.1350,0.0000,0.0000,0.7440,1.0000,2.7930,4.5490,2.8220,0.0000,0.0000,0.0000,68.4287,0.0000,3891.0000,1443.0000,0.0000,17.0000,31.0000,16.0000,10.0000
1.6150,0.3720,0.3000,0.2170,0.1310,0.0000,0.0000,0.9430,1.0000,2.7930,4.5490,2.8220,0.0000,0.0000,0.0000,68.4389,0.0000,3892.0000,1443.0000,0.0000,17.0000,31.0000,16.0000,10.0000
1.4420,0.4570,0.2910,0.2680,0.1370,0.0000,0.0000,0.6940,1.0000,2.7930,4.5490,2.8220,0.0000,0.0000,0.0000,68.4389,0.0000,3892.0000,1443.0000,0.0000,17.0000,31.0000,16.0000,10.0000
1.5190,0.3660,0.2810,0.2130,0.1110,0.0000,0.0000,0.8720,1.0000,2.7930,4.5490,2.8220,0.0000,0.0000,0.0000,68.4390,0.0000,3892.0000,1443.0000,0.0000,17.0000,31.0000,16.0000,10.0000
1.5740,0.4180,0.3140,0.2710,0.1620,0.0000,0.0000,0.8420,1.0000,2.7930,4.5490,2.8220,0.0000,0.0000,0.0000,68.4499,0.0000,3893.0000,1443.0000,0.0000,17.0000,32.0000,16.0000,10.0000
1.4790,0.4710,0.2800,0.2790,0.0990,0.0000,0.0000,0.7280,1.0000,2.7930,4.5490,2.8220,0.0000,0.0000,0.0000,68.4499,0.0000,3893.0000,1443.0000,0.0000,17.0000,32.0000,16.0000,10.0000
1.3910,0.4360,0.2860,0.2310,0.1020,0.0000,0.0000,0.6690,1.0000,2.7930,4.5490,2.8220,0.0000,0.0000,0.0000,68.4507,0.0000,3893.0000,1443.0000,0.0000,17.0000,33.0000,16.0000,10.0000
1.4950,0.3590,0.2630,0.2120,0.0970,0.0000,0.0000,0.8730,1.0000,2.7930,4.5490,2.8220,0.0000,0.0000,0.0000,68.4507,0.0000,3893.0000,1443.0000,0.0000,17.0000,33.0000,16.0000,9.0000
1.7280,0.4120,0.3380,0.2570,0.1810,0.0000,0.0000,0.9780,1.0000,2.7930,4.5490,2.8220,0.0000,0.0000,0.0000,68.4704,0.0000,3895.0000,1443.0000,0.0000,17.0000,33.0000,16.0000,10.0000
1.5670,0.5110,0.2550,0.2800,0.0970,0.0000,0.0000,0.8010,1.0000,2.7930,4.5490,2.8220,0.0000,0.0000,0.0000,68.4704,0.0000,3895.0000,1443.0000,0.0000,17.0000,33.0000,16.0000,10.0000
1.7250,0.4230,0.3200,0.2230,0.1200,0.0000,0.0000,0.9820,1.0000,2.7930,4.5490,2.8220,0.0000,0.0000,0.0000,68.4705,0.0000,3895.0000,1443.0000,0.0000,17.0000,33.0000,16.0000,10.0000
1.5840,0.4720,0.3510,0.3090,0.1640,0.0000,0.0000,0.7610,1.0000,2.7930,4.5490,2.8220,0.0000,0.0000,0.0000,68.4705,0.0000,3895.0000,1443.0000,0.0000,17.0000,33.0000,16.0000,10.0000
1.5590,0.3940,0.3000,0.2290,0.1050,0.0000,0.0000,0.8650,1.0000,2.7930,4.5490,2.8220,0.0000,0.0000,0.0000,68.4698,0.0000,3895.0000,1443.0000,0.0000,17.0000,32.0000,16.0000,10.0000
1.7180,0.4310,0.3310,0.2390,0.1410,0.0000,0.0000,0.9560,1.0000,2.7930,4.5490,2.8220,0.0000,0.0000,0.0000,68.4800,0.0000,3896.0000,1443.0000,0.0000,17.0000,32.0000,16.0000,10.0000
1.5660,0.4340,0.2810,0.2280,0.1030,0.0000,0.0000,0.8510,1.0000,2.7930,4.5490,2.8220,0.0000,0.0000,0.0000,68.4804,0.0000,3897.0000,1443.0000,0.0000,17.0000,32.0000,16.0000,11.0000
1.5470,0.4010,0.2790,0.2290,0.1060,0.0000,0.0000,0.8670,1.0000,2.7930,4.5490,2.8220,0.0000,0.0000,0.0000,68.4804,0.0000,3897.0000,1443.0000,0.0000,17.0000,32.0000,16.0000,10.0000
1.4440,0.4420,0.2620,0.2870,0.1050,0.0000,0.0000,0.7400,1.0000,2.7930,4.5490,2.8220,0.0000,0.0000,0.0000,68.4804,0.0000,3897.0000,1443.0000,0.0000,17.0000,32.0000,16.0000,10.0000
1.5230,0.3880,0.2730,0.2200,0.1030,0.0000,0.0000,0.8620,1.0000,2.7930,4.5490,2.8220,0.0000,0.0000,0.0000,68.4804,0.0000,3897.0000,1443.0000,0.0000,17.0000,32.0000,16.0000,10.0000
1.4770,0.4740,0.2790,0.2640,0.1010,0.0000,0.0000,0.7240,1.0000,2.7930,4.5490,2.8220,0.0000,0.0000,0.0000,68.4804,0.0000,3897.0000,1443.0000,0.0000,17.0000,32.0000,16.0000,10.0000
1.7180,0.3920,0.3280,0.2210,0.1590,0.0000,0.0000,0.9980,1.0000,2.7930,4.5490,2.8220,0.0000,0.0000,0.0000,68.5209,0.0000,3901.0000,1443.0000,0.0000,17.0000,32.0000,16.0000,10.0000
1.4580,0.6000,0.2900,0.2390,0.1030,0.0000,0.0000,0.5680,1.0000,2.7930,4.5490,2.8220,0.0000,0.0000,0.0000,68.5202,0.0000,3901.0000,1443.0000,0.0000,17.0000,31.0000,16.0000,10.0000
1.6240,0.3810,0.3180,0.2250,0.1480,0.0000,0.0000,0.9250,1.0000,2.7930,4.5490,2.8220,0.0000,0.0000,0.0000,68.5307,0.0000,3902.0000,1443.0000,0.0000,17.0000,31.0000,16.0000,10.0000
1.7920,0.5110,0.3630,0.2650,0.1720,0.0000,0.0000,0.9180,1.0000,2.7930,4.5490,2.8220,0.0000,0.0000,0.0000,68.5711,0.0000,3906.0000,1443.0000,0.0000,17.0000,31.0000,16.0000,10.0000
1.4800,0.6470,0.2970,0.2800,0.1350,0.0000,0.0000,0.5360,1.0000,2.7930,4.5490,2.8220,0.0000,0.0000,0.0000,68.5711,0.0000,3906.0000,1443.0000,0.0000,17.0000,31.0000,16.0000,10.0000
1.4170,0.3900,0.2690,0.2180,0.0970,0.0000,0.0000,0.7580,1.0000,2.7930,4.5490,2.8220,0.0000,0.0000,0.0000,68.5714,0.0000,3906.0000,1443.0000,0.0000,17.0000,31.0000,16.0000,10.0000
1.6560,0.4240,0.3610,0.2740,0.1700,0.0000,0.0000,0.8710,1.0000,2.7930,4.5490,2.8220,0.0000,0.0000,0.0000,68.6018,0.0000,3909.0000,1443.0000,0.0000,17.0000,31.0000,16.0000,10.0000
1.4700,0.5060,0.2580,0.2190,0.0970,0.0000,0.0000,0.7060,1.0000,2.7930,4.5490,2.8220,0.0000,0.0000,0.0000,68.6011,0.0000,3909.0000,1443.0000,0.0000,17.0000,30.0000,16.0000,10.0000
1.6300,0.4160,0.2950,0.2690,0.1360,0.0000,0.0000,0.9190,1.0000,2.7930,4.5490,2.8220,0.0000,0.0000,0.0000,68.6013,0.0000,3909.0000,1443.0000,0.0000,17.0000,30.0000,16.0000,10.0000
1.4180,0.4830,0.2520,0.3220,0.0950,0.0000,0.0000,0.6830,1.0000,2.7930,4.5490,2.8220,0.0000,0.0000,0.0000,68.6013,0.0000,3909.0000,1443.0000,0.0000,17.0000,30.0000,16.0000,10.0000
1.4260,0.4400,0.3000,0.2330,0.1490,0.0000,0.0000,0.6860,1.0000,2.7930,4.5490,2.8220,0.0000,0.0000,0.0000,68.6013,0.0000,3909.0000,1443.0000,0.0000,17.0000,30.0000,16.0000,10.0000
1.5040,0.3720,0.2660,0.2160,0.0950,0.0000,0.0000,0.8660,1.0000,2.7930,4.5490,2.8220,0.0000,0.0000,0.0000,68.6013,0.0000,3909.0000,1443.0000,0.0000,17.0000,30.0000,16.0000,10.0000
2.4030,0.4090,0.8160,0.2520,0.2990,0.0000,0.0000,1.1780,1.0000,2.7930,4.5490,2.8220,0.0000,0.0000,0.0000,68.6116,0.0000,3910.0000,1443.0000,0.0000,17.0000,30.0000,16.0000,10.0000
1.9340,0.5520,0.4270,0.2450,0.1530,0.0000,0.0000,0.9550,1.0000,2.7930,4.5490,2.8220,0.0000,0.0000,0.0000,68.6116,0.0000,3910.0000,1443.0000,0.0000,17.0000,30.0000,16.0000,9.0000
1.7530,0.4610,0.3020,0.2490,0.1110,0.0000,0.0000,0.9900,1.0000,2.7930,4.5490,2.8220,0.0000,0.0000,0.0000,68.6116,0.0000,3910.0000,1443.0000,0.0000,17.0000,30.0000,16.0000,9.0000
1.7740,0.5730,0.3390,0.4060,0.1310,0.0000,0.0000,0.8620,1.0000,2.7930,4.5490,2.8220,0.0000,0.0000,0.0000,68.6116,0.0000,3910.0000,1443.0000,0.0000,17.0000,30.0000,16.0000,9.0000
1.5240,0.4620,0.2780,0.2980,0.1030,0.0000,0.0000,0.7840,1.0000,2.7930,4.5490,2.8220,0.0000,0.0000,0.0000,68.6116,0.0000,3910.0000,1443.0000,0.0000,17.0000,30.0000,16.0000,9.0000
1.7290,0.4100,0.3300,0.2290,0.1520,0.0000,0.0000,0.9890,1.0000,2.7930,4.5490,2.8220,0.0000,0.0000,0.0000,68.6318,0.0000,3912.0000,1443.0000,0.0000,17.0000,30.0000,16.0000,8.0000
1.5720,0.5380,0.3190,0.2970,0.1110,0.0000,0.0000,0.7150,1.0000,2.7930,4.5490,2.8220,0.0000,0.0000,0.0000,68.6318,0.0000,3912.0000,1443.0000,0.0000,17.0000,30.0000,16.0000,8.0000
1.9870,0.4010,0.4190,0.2390,0.1820,0.0000,0.0000,1.1670,1.0000,2.7930,4.5490,2.8220,0.0000,0.0000,0.0000,68.6422,0.0000,3913.0000,1443.0000,0.0000,17.0000,30.0000,16.0000,8.0000
1.8430,0.5380,0.3670,0.2800,0.1680,0.0000,0.0000,0.9380,1.0000,2.7930,4.5490,2.8220,0.0000,0.0000,0.0000,68.6437,0.0000,3913.0000,1443.0000,0.0000,17.0000,32.0000,16.0000,9.0000
1.8080,0.4910,0.3680,0.2880,0.1630,0.0000,0.0000,0.9490,1.0000,2.7930,4.5490,2.8220,0.0000,0.0000,0.0000,68.6541,0.0000,3914.0000,1443.0000,0.0000,17.0000,32.0000,16.0000,9.0000
1.6320,0.5580,0.2900,0.2350,0.1040,0.0000,0.0000,0.7840,1.0000,2.7930,4.5490,2.8220,0.0000,0.0000,0.0000,68.6541,0.0000,3914.0000,1443.0000,0.0000,17.0000,32.0000,16.0000,9.0000
3.2110,0.5170,0.3800,0.2780,0.1980,0.0000,0.0000,2.3140,1.0000,2.7930,4.5490,2.8220,0.0000,0.0000,0.0000,68.6746,0.0000,3916.0000,1443.0000,0.0000,17.0000,32.0000,16.0000,9.0000
1.8730,0.4880,0.3630,0.2290,0.1210,0.0000,0.0000,1.0220,1.0000,2.7930,4.5490,2.8220,0.0000,0.0000,0.0000,68.2964,0.0000,3879.0000,1443.0000,0.0000,17.0000,32.0000,16.0000,9.0000
1.7270,0.5420,0.3330,0.3520,0.1150,0.0000,0.0000,0.8520,1.0000,2.7930,4.5490,2.8220,0.0000,0.0000,0.0000,68.2963,0.0000,3879.0000,1443.0000,0.0000,17.0000,32.0000,16.0000,9.0000
1.8000,0.4430,0.3640,0.2830,0.1480,0.0000,0.0000,0.9930,1.0000,2.7930,4.5490,2.8220,0.0000,0.0000,0.0000,68.3067,0.0000,3880.0000,1443.0000,0.0000,17.0000,32.0000,16.0000,9.0000
1.5550,0.4480,0.3090,0.2320,0.1100,0.0000,0.0000,0.7980,1.0000,2.7930,4.5490,2.8220,0.0000,0.0000,0.0000,68.3067,0.0000,3880.0000,1443.0000,0.0000,17.0000,32.0000,16.0000,10.0000
1.6950,0.4640,0.3240,0.2570,0.1140,0.0000,0.0000,0.9070,1.0000,2.7930,4.5490,2.8220,0.0000,0.0000,0.0000,68.3068,0.0000,3880.0000,1443.0000,0.0000,17.0000,32.0000,16.0000,9.0000
2.7260,0.4670,0.7440,0.2910,0.2870,0.0000,0.0000,1.5150,1.0000,2.7930,4.5490,2.8220,0.0000,0.0000,0.0000,68.3170,0.0000,3881.0000,1443.0000,0.0000,17.0000,32.0000,16.0000,9.0000
2.3570,0.7060,0.4720,0.3860,0.2250,0.0000,0.0000,1.1790,1.0000,2.7930,4.5490,2.8220,0.0000,0.0000,0.0000,68.3170,0.0000,3881.0000,1443.0000,0.0000,17.0000,32.0000,16.0000,9.0000
2.1860,0.5710,0.4660,0.3320,0.1970,0.0000,0.0000,1.1490,1.0000,2.7930,4.5490,2.8220,0.0000,0.0000,0.0000,68.3170,0.0000,3881.0000,1443.0000,0.0000,17.0000,32.0000,16.0000,9.0000
2.1910,0.6070,0.4980,0.4240,0.1810,0.0000,0.0000,1.0860,1.0000,2.7930,4.5490,2.8220,0.0000,0.0000,0.0000,68.3177,0.0000,3881.0000,1443.0000,0.0000,17.0000,33.0000,16.0000,11.0000
1.6450,0.7270,0.3650,0.4730,0.1450,0.0000,0.0000,0.5530,1.0000,2.7930,4.5490,2.8220,0.0000,0.0000,0.0000,68.3177,0.0000,3881.0000,1443.0000,0.0000,17.0000,33.0000,16.0000,11.0000
1.5640,0.4880,0.3680,0.3250,0.1480,0.0000,0.0000,0.7080,1.0000,2.7930,4.5490,2.8220,0.0000,0.0000,0.0000,68.3170,0.0000,3881.0000,1443.0000,0.0000,17.0000,32.0000,16.0000,10.0000
1.6160,0.4400,0.2780,0.2650,0.1100,0.0000,0.0000,0.8980,1.0000,2.7930,4.5490,2.8220,0.0000,0.0000,0.0000,68.3156,0.0000,3881.0000,1443.0000,0.0000,17.0000,30.0000,16.0000,9.0000
1.5270,0.5530,0.3760,0.2450,0.1310,0.0000,0.0000,0.5980,1.0000,2.7930,4.5490,2.8220,0.0000,0.0000,0.0000,68.3172,0.0000,3881.0000,1443.0000,0.0000,17.0000,32.0000,16.0000,10.0000
1.5850,0.4550,0.3030,0.2960,0.1220,0.0000,0.0000,0.8270,1.0000,2.7930,4.5490,2.8220,0.0000,0.0000,0.0000,68.3172,0.0000,3881.0000,1443.0000,0.0000,17.0000,32.0000,16.0000,10.0000
1.9440,0.4380,0.4240,0.2720,0.1550,0.0000,0.0000,1.0820,1.0000,2.7930,4.5490,2.8220,0.0000,0.0000,0.0000,68.3172,0.0000,3881.0000,1443.0000,0.0000,17.0000,32.0000,16.0000,10.0000
2.3260,0.6110,0.4470,0.4040,0.1740,0.0000,0.0000,1.2680,1.0000,2.7930,4.5490,2.8220,0.0000,0.0000,0.0000,68.3275,0.0000,3882.0000,1443.0000,0.0000,17.0000,32.0000,16.0000,10.0000
2.1550,0.9690,0.3620,0.7040,0.1750,0.0000,0.0000,0.8240,1.0000,2.7930,4.5490,2.8220,0.0000,0.0000,0.0000,68.3377,0.0000,3883.0000,1443.0000,0.0000,17.0000,32.0000,16.0000,11.0000
1.5960,0.8770,0.3570,0.5840,0.1480,0.0000,0.0000,0.3620,1.0000,2.7930,4.5490,2.8220,0.0000,0.0000,0.0000,68.3364,0.0000,3883.0000,1443.0000,0.0000,17.0000,30.0000,16.0000,11.0000
2.3840,0.4580,0.3080,0.2700,0.1360,0.0000,0.0000,1.6180,1.0000,2.7930,4.5490,2.8220,0.0000,0.0000,0.0000,68.3365,0.0000,3883.0000,1443.0000,0.0000,17.0000,30.0000,16.0000,11.0000
2.0040,0.6090,0.4930,0.3900,0.1840,0.0000,0.0000,0.9020,1.0000,2.7930,4.5490,2.8220,0.0000,0.0000,0.0000,68.3365,0.0000,3883.0000,1443.0000,0.0000,17.0000,30.0000,16.0000,11.0000
1.5430,0.4830,0.3280,0.3070,0.1470,0.0000,0.0000,0.7320,1.0000,2.7930,4.5490,2.8220,0.0000,0.0000,0.0000,68.3365,0.0000,3883.0000,1443.0000,0.0000,17.0000,30.0000,16.0000,10.0000
2.1930,0.4310,0.3420,0.2660,0.1350,0.0000,0.0000,1.4200,1.0000,2.7930,4.5490,2.8220,0.0000,0.0000,0.0000,68.3365,0.0000,3883.0000,1443.0000,0.0000,17.0000,30.0000,16.0000,11.0000
1.7970,0.4410,0.4030,0.2690,0.1790,0.0000,0.0000,0.9530,1.0000,2.7930,4.5490,2.8220,0.0000,0.0000,0.0000,68.3571,0.0000,3885.0000,1443.0000,0.0000,17.0000,30.0000,16.0000,11.0000
1.8410,0.5820,0.5170,0.2670,0.1460,0.0000,0.0000,0.7420,1.0000,2.7930,4.5490,2.8220,0.0000,0.0000,0.0000,68.3572,0.0000,3885.0000,1443.0000,0.0000,17.0000,30.0000,16.0000,11.0000
1.4730,0.5830,0.3470,0.3980,0.1640,0.0000,0.0000,0.5430,1.0000,2.7930,4.5490,2.8220,0.0000,0.0000,0.0000,68.3580,0.0000,3885.0000,1443.0000,0.0000,17.0000,31.0000,16.0000,11.0000
1.6440,0.3920,0.3480,0.2370,0.1510,0.0000,0.0000,0.9040,1.0000,2.7930,4.5490,2.8220,0.0000,0.0000,0.0000,68.3783,0.0000,3887.0000,1443.0000,0.0000,17.0000,31.0000,16.0000,11.0000
1.5950,0.5650,0.3720,0.2700,0.1750,0.0000,0.0000,0.6580,1.0000,2.7930,4.5490,2.8220,0.0000,0.0000,0.0000,68.3987,0.0000,3889.0000,1443.0000,0.0000,17.0000,31.0000,16.0000,11.0000
1.5070,0.4570,0.2920,0.2220,0.1110,0.0000,0.0000,0.7580,1.0000,2.7930,4.5490,2.8220,0.0000,0.0000,0.0000,68.4003,0.0000,3889.0000,1443.0000,0.0000,17.0000,33.0000,16.0000,11.0000
1.6160,0.4720,0.3600,0.2860,0.1650,0.0000,0.0000,0.7840,1.0000,2.7930,4.5490,2.8220,0.0000,0.0000,0.0000,68.4207,0.0000,3891.0000,1443.0000,0.0000,17.0000,33.0000,16.0000,11.0000
1.8240,0.5410,0.2640,0.3040,0.1020,0.0000,0.0000,1.0190,1.0000,2.7930,4.5490,2.8220,0.0000,0.0000,0.0000,68.4207,0.0000,3891.0000,1443.0000,0.0000,17.0000,33.0000,16.0000,11.0000
2.5420,0.4660,0.4170,0.2310,0.2170,0.0000,0.0000,1.6590,1.0000,2.7930,4.5490,2.8220,0.0000,0.0000,0.0000,68.4415,0.0000,3893.0000,1443.0000,0.0000,17.0000,33.0000,16.0000,11.0000
2.4860,0.5810,0.3840,0.2430,0.1360,0.0000,0.0000,1.5210,1.0000,2.7930,4.5490,2.8220,0.0000,0.0000,0.0000,68.4415,0.0000,3893.0000,1443.0000,0.0000,17.0000,33.0000,16.0000,10.0000
2.2290,0.4990,0.3400,0.3290,0.1460,0.0000,0.0000,1.3900,1.0000,2.7930,4.5490,2.8220,0.0000,0.0000,0.0000,68.4512,0.0000,3894.0000,1443.0000,0.0000,17.0000,32.0000,16.0000,9.0000
1.8760,0.8140,0.4510,0.4520,0.2320,0.0000,0.0000,0.6110,1.0000,2.7930,4.5490,2.8220,0.0000,0.0000,0.0000,68.4512,0.0000,3894.0000,1443.0000,0.0000,17.0000,32.0000,16.0000,10.0000
1.6920,0.6470,0.4620,0.4730,0.2630,0.0000,0.0000,0.5830,1.0000,2.7930,4.5490,2.8220,0.0000,0.0000,0.0000,68.4513,0.0000,3894.0000,1443.0000,0.0000,17.0000,32.0000,16.0000,10.0000
1.6260,0.4530,0.3200,0.2670,0.1150,0.0000,0.0000,0.8530,1.0000,2.7930,4.5490,2.8220,0.0000,0.0000,0.0000,68.4513,0.0000,3894.0000,1443.0000,0.0000,17.0000,32.0000,16.0000,10.0000
1.6390,0.4670,0.3480,0.2410,0.1170,0.0000,0.0000,0.8240,1.0000,2.7930,4.5490,2.8220,0.0000,0.0000,0.0000,68.4513,0.0000,3894.0000,1443.0000,0.0000,17.0000,32.0000,16.0000,10.0000
1.6700,0.4080,0.3090,0.2270,0.1100,0.0000,0.0000,0.9530,1.0000,2.7930,4.5490,2.8220,0.0000,0.0000,0.0000,68.4513,0.0000,3894.0000,1443.0000,0.0000,17.0000,32.0000,16.0000,10.0000
1.5640,0.4160,0.2960,0.2250,0.1090,0.0000,0.0000,0.8520,1.0000,2.7930,4.5490,2.8220,0.0000,0.0000,0.0000,68.4513,0.0000,3894.0000,1443.0000,0.0000,17.0000,32.0000,16.0000,9.0000
1.7590,0.4280,0.3770,0.2620,0.1850,0.0000,0.0000,0.9540,1.0000,2.7930,4.5490,2.8220,0.0000,0.0000,0.0000,68.4608,0.0000,3895.0000,1443.0000,0.0000,17.0000,31.0000,16.0000,10.0000
1.6880,0.4290,0.2830,0.2250,0.1120,0.0000,0.0000,0.9760,1.0000,2.7930,4.5490,2.8220,0.0000,0.0000,0.0000,68.4608,0.0000,3895.0000,1443.0000,0.0000,17.0000,31.0000,16.0000,9.0000
1.7460,0.4020,0.3890,0.2390,0.1220,0.0000,0.0000,0.9550,1.0000,2.7930,4.5490,2.8220,0.0000,0.0000,0.0000,68.4611,0.0000,3895.0000,1443.0000,0.0000,17.0000,31.0000,16.0000,9.0000
1.6460,0.4550,0.3080,0.2450,0.1090,0.0000,0.0000,0.8830,1.0000,2.7930,4.5490,2.8220,0.0000,0.0000,0.0000,68.4611,0.0000,3895.0000,1443.0000,0.0000,17.0000,31.0000,16.0000,9.0000
1.6370,0.3770,0.3420,0.2220,0.1130,0.0000,0.0000,0.9180,1.0000,2.7930,4.5490,2.8220,0.0000,0.0000,0.0000,68.4611,0.0000,3895.0000,1443.0000,0.0000,17.0000,31.0000,16.0000,10.0000
1.5500,0.4100,0.3200,0.2260,0.1140,0.0000,0.0000,0.8200,1.0000,2.7930,4.5490,2.8220,0.0000,0.0000,0.0000,68.4611,0.0000,3895.0000,1443.0000,0.0000,17.0000,31.0000,16.0000,10.0000
2.1400,0.4400,0.4610,0.2850,0.2130,0.0000,0.0000,1.2390,1.0000,2.7930,4.5490,2.8220,0.0000,0.0000,0.0000,68.4816,0.0000,3897.0000,1443.0000,0.0000,17.0000,31.0000,16.0000,10.0000
1.7170,0.7160,0.3830,0.3900,0.1410,0.0000,0.0000,0.6180,1.0000,2.7930,4.5490,2.8220,0.0000,0.0000,0.0000,68.4816,0.0000,3897.0000,1443.0000,0.0000,17.0000,31.0000,16.0000,10.0000
1.8070,0.3940,0.3950,0.2270,0.1810,0.0000,0.0000,1.0180,1.0000,2.7930,4.5490,2.8220,0.0000,0.0000,0.0000,68.4817,0.0000,3897.0000,1443.0000,0.0000,17.0000,31.0000,16.0000,10.0000
2.1540,0.4710,0.3470,0.2940,0.1460,0.0000,0.0000,1.3360,1.0000,2.7930,4.5490,2.8220,0.0000,0.0000,0.0000,68.4946,0.0000,3899.0000,1443.0000,0.0000,17.0000,31.0000,16.0000,10.0000
1.9540,0.4690,0.3400,0.2450,0.1510,0.0000,0.0000,1.1450,1.0000,2.7930,4.5490,2.8220,0.0000,0.0000,0.0000,68.5154,0.0000,3901.0000,1443.0000,0.0000,17.0000,32.0000,16.0000,11.0000
1.6700,0.5870,0.2910,0.3260,0.1090,0.0000,0.0000,0.7920,1.0000,2.7930,4.5490,2.8220,0.0000,0.0000,0.0000,68.5154,0.0000,3901.0000,1443.0000,0.0000,17.0000,32.0000,16.0000,11.0000
1.6770,0.4780,0.3440,0.2780,0.1490,0.0000,0.0000,0.8550,1.0000,2.7930,4.5490,2.8220,0.0000,0.0000,0.0000,68.5256,0.0000,3902.0000,1443.0000,0.0000,17.0000,32.0000,16.0000,11.0000
1.6220,0.5280,0.3290,0.2570,0.1090,0.0000,0.0000,0.7650,1.0000,2.7930,4.5490,2.8220,0.0000,0.0000,0.0000,68.3276,0.0000,3883.0000,1443.0000,0.0000,17.0000,31.0000,16.0000,11.0000
2.7200,0.4110,0.6080,0.2450,0.4330,0.0000,0.0000,1.7010,1.0000,2.7930,4.5490,2.8220,0.0000,0.0000,0.0000,68.3461,0.0000,3885.0000,1443.0000,0.0000,17.0000,31.0000,16.0000,11.0000
1.9860,0.4530,0.3980,0.2350,0.1780,0.0000,0.0000,1.1350,1.0000,2.7930,4.5490,2.8220,0.0000,0.0000,0.0000,68.3566,0.0000,3886.0000,1443.0000,0.0000,17.0000,31.0000,16.0000,11.0000
1.9170,0.5000,0.3230,0.2340,0.1120,0.0000,0.0000,1.0940,1.0000,2.7930,4.5490,2.8220,0.0000,0.0000,0.0000,68.3567,0.0000,3886.0000,1443.0000,0.0000,17.0000,31.0000,16.0000,11.0000
1.8110,0.5620,0.3680,0.3510,0.1570,0.0000,0.0000,0.8810,1.0000,2.7930,4.5490,2.8220,0.0000,0.0000,0.0000,68.3770,0.0000,3888.0000,1443.0000,0.0000,17.0000,31.0000,16.0000,11.0000
1.6870,0.5920,0.3210,0.2440,0.1110,0.0000,0.0000,0.7740,1.0000,2.7930,4.5490,2.8220,0.0000,0.0000,0.0000,68.3771,0.0000,3888.0000,1443.0000,0.0000,17.0000,31.0000,16.0000,11.0000
1.6220,0.4090,0.3300,0.2450,0.1110,0.0000,0.0000,0.8830,1.0000,2.7930,4.5490,2.8220,0.0000,0.0000,0.0000,68.3779,0.0000,3888.0000,1443.0000,0.0000,17.0000,32.0000,16.0000,11.0000
1.7930,0.4160,0.3050,0.2320,0.1270,0.0000,0.0000,1.0720,1.0000,2.7930,4.5490,2.8220,0.0000,0.0000,0.0000,68.3779,0.0000,3888.0000,1443.0000,0.0000,17.0000,32.0000,16.0000,11.0000
1.6780,0.4390,0.3120,0.2380,0.1100,0.0000,0.0000,0.9270,1.0000,2.7930,4.5490,2.8220,0.0000,0.0000,0.0000,68.3786,0.0000,3888.0000,1443.0000,0.0000,17.0000,33.0000,16.0000,11.0000
2.3830,0.4880,0.3120,0.2650,0.1420,0.0000,0.0000,1.5830,1.0000,2.7930,4.5490,2.8220,0.0000,0.0000,0.0000,68.3786,0.0000,3888.0000,1443.0000,0.0000,17.0000,33.0000,16.0000,11.0000
1.9030,0.4270,0.3490,0.2230,0.1420,0.0000,0.0000,1.1270,1.0000,2.7930,4.5490,2.8220,0.0000,0.0000,0.0000,68.3888,0.0000,3889.0000,1443.0000,0.0000,17.0000,33.0000,16.0000,11.0000
2.2770,0.5750,0.3190,0.2410,0.1230,0.0000,0.0000,1.3830,1.0000,2.7930,4.5490,2.8220,0.0000,0.0000,0.0000,68.3882,0.0000,3889.0000,1443.0000,0.0000,17.0000,32.0000,16.0000,11.0000
3.2420,0.4460,0.4530,0.2800,0.1880,0.0000,0.0000,2.3430,1.0000,2.7930,4.5490,2.8220,0.0000,0.0000,0.0000,68.3884,0.0000,3889.0000,1443.0000,0.0000,17.0000,32.0000,16.0000,11.0000
2.5190,0.8260,0.4950,0.5520,0.2350,0.0000,0.0000,1.1980,1.0000,2.7930,4.5490,2.8220,0.0000,0.0000,0.0000,68.3884,0.0000,3889.0000,1443.0000,0.0000,17.0000,32.0000,16.0000,11.0000
2.4150,0.7300,0.4200,0.4050,0.1510,0.0000,0.0000,1.2650,1.0000,2.7930,4.5490,2.8220,0.0000,0.0000,0.0000,68.3884,0.0000,3889.0000,1443.0000,0.0000,17.0000,32.0000,16.0000,11.0000
2.4320,0.6720,0.5130,0.3590,0.1970,0.0000,0.0000,1.2470,1.0000,2.7930,4.5490,2.8220,0.0000,0.0000,0.0000,68.3884,0.0000,3889.0000,1443.0000,0.0000,17.0000,32.0000,16.0000,11.0000
2.7980,0.6570,0.5330,0.4090,0.2430,0.0000,0.0000,1.6080,1.0000,2.7930,4.5490,2.8220,0.0000,0.0000,0.0000,68.4288,0.0000,3893.0000,1443.0000,0.0000,17.0000,32.0000,16.0000,11.0000
2.4020,0.9580,0.4600,0.4230,0.1640,0.0000,0.0000,0.9840,1.0000,2.7930,4.5490,2.8220,0.0000,0.0000,0.0000,68.4281,0.0000,3893.0000,1443.0000,0.0000,17.0000,31.0000,16.0000,11.0000
2.4570,0.6700,0.4030,0.4220,0.1480,0.0000,0.0000,1.3840,1.0000,2.7930,4.5490,2.8220,0.0000,0.0000,0.0000,68.4283,0.0000,3893.0000,1443.0000,0.0000,17.0000,31.0000,16.0000,12.0000
2.7440,0.6220,0.5200,0.3430,0.2790,0.0000,0.0000,1.6020,1.0000,2.7930,4.5490,2.8220,0.0000,0.0000,0.0000,68.4489,0.0000,3895.0000,1443.0000,0.0000,17.0000,31.0000,16.0000,12.0000
2.6540,0.7980,0.4750,0.4390,0.2140,0.0000,0.0000,1.3810,1.0000,2.7930,4.5490,2.8220,0.0000,0.0000,0.0000,68.4701,0.0000,3897.0000,1443.0000,0.0000,17.0000,32.0000,16.0000,12.0000
2.5010,0.7690,0.4170,0.4040,0.1710,0.0000,0.0000,1.3150,1.0000,2.7930,4.5490,2.8220,0.0000,0.0000,0.0000,68.4702,0.0000,3897.0000,1443.0000,0.0000,17.0000,32.0000,16.0000,12.0000
2.5910,0.6630,0.4500,0.3620,0.1990,0.0000,0.0000,1.4780,1.0000,2.7930,4.5490,2.8220,0.0000,0.0000,0.0000,68.4806,0.0000,3898.0000,1443.0000,0.0000,17.0000,32.0000,16.0000,12.0000
2.5090,0.7400,0.4130,0.4190,0.1520,0.0000,0.0000,1.3560,1.0000,2.7930,4.5490,2.8220,0.0000,0.0000,0.0000,68.4806,0.0000,3898.0000,1443.0000,0.0000,17.0000,32.0000,16.0000,12.0000
1.9080,0.6620,0.4070,0.3640,0.1430,0.0000,0.0000,0.8390,1.0000,2.7930,4.5490,2.8220,0.0000,0.0000,0.0000,68.4806,0.0000,3898.0000,1443.0000,0.0000,17.0000,32.0000,16.0000,12.0000
1.9100,0.5180,0.2830,0.3150,0.1030,0.0000,0.0000,1.1090,1.0000,2.7930,4.5490,2.8220,0.0000,0.0000,0.0000,68.4813,0.0000,3898.0000,1443.0000,0.0000,17.0000,33.0000,16.0000,12.0000
2.4040,0.5280,0.2850,0.3040,0.0990,0.0000,0.0000,1.5910,1.0000,2.7930,4.5490,2.8220,0.0000,0.0000,0.0000,68.4801,0.0000,3897.0000,1443.0000,0.0000,17.0000,33.0000,16.0000,12.0000
2.2580,0.4720,0.3820,0.2350,0.1150,0.0000,0.0000,1.4040,1.0000,2.7930,4.5490,2.8220,0.0000,0.0000,0.0000,68.4801,0.0000,3897.0000,1443.0000,0.0000,17.0000,33.0000,16.0000,12.0000
2.5380,0.5910,0.3790,0.3780,0.1550,0.0000,0.0000,1.5680,1.0000,2.7930,4.5490,2.8220,0.0000,0.0000,0.0000,68.4999,0.0000,3899.0000,1443.0000,0.0000,17.0000,33.0000,16.0000,12.0000
1.7010,0.5260,0.3050,0.2330,0.1180,0.0000,0.0000,0.8700,1.0000,2.7930,4.5490,2.8220,0.0000,0.0000,0.0000,68.5000,0.0000,3899.0000,1443.0000,0.0000,17.0000,33.0000,16.0000,12.0000
1.6800,0.4300,0.2760,0.2460,0.1050,0.0000,0.0000,0.9740,1.0000,2.7930,4.5490,2.8220,0.0000,0.0000,0.0000,68.5001,0.0000,3899.0000,1443.0000,0.0000,17.0000,33.0000,16.0000,12.0000
2.1510,0.4280,0.4080,0.2270,0.1640,0.0000,0.0000,1.3150,1.0000,2.7930,4.5490,2.8220,0.0000,0.0000,0.0000,68.5001,0.0000,3899.0000,1443.0000,0.0000,17.0000,33.0000,16.0000,12.0000
2.0010,0.5950,0.3920,0.3080,0.1470,0.0000,0.0000,1.0140,1.0000,2.7930,4.5490,2.8220,0.0000,0.0000,0.0000,68.5001,0.0000,3899.0000,1443.0000,0.0000,17.0000,33.0000,16.0000,12.0000
2.7290,0.4900,0.3660,0.2380,0.1570,0.0000,0.0000,1.8730,1.0000,2.7930,4.5490,2.8220,0.0000,0.0000,0.0000,68.5203,0.0000,3901.0000,1443.0000,0.0000,17.0000,33.0000,16.0000,12.0000
1.7140,0.6120,0.3750,0.2890,0.1120,0.0000,0.0000,0.7270,1.0000,2.7930,4.5490,2.8220,0.0000,0.0000,0.0000,68.5203,0.0000,3901.0000,1443.0000,0.0000,17.0000,33.0000,16.0000,12.0000
1.6690,0.4680,0.3150,0.2990,0.1160,0.0000,0.0000,0.8860,1.0000,2.7930,4.5490,2.8220,0.0000,0.0000,0.0000,68.5197,0.0000,3901.0000,1443.0000,0.0000,17.0000,32.0000,16.0000,12.0000
1.8090,0.4020,0.3530,0.2270,0.1580,0.0000,0.0000,1.0540,1.0000,2.7930,4.5490,2.8220,0.0000,0.0000,0.0000,68.5300,0.0000,3902.0000,1443.0000,0.0000,17.0000,32.0000,16.0000,12.0000
1.8850,0.4930,0.3420,0.2290,0.1430,0.0000,0.0000,1.0500,1.0000,2.7930,4.5490,2.8220,0.0000,0.0000,0.0000,68.5395,0.0000,3903.0000,1443.0000,0.0000,17.0000,31.0000,16.0000,12.0000
1.7240,0.5740,0.3730,0.3000,0.1450,0.0000,0.0000,0.7770,1.0000,2.7930,4.5490,2.8220,0.0000,0.0000,0.0000,68.5499,0.0000,3904.0000,1443.0000,0.0000,17.0000,31.0000,16.0000,12.0000
1.7830,0.5510,0.4210,0.2740,0.2350,0.0000,0.0000,0.8110,1.0000,2.7930,4.5490,2.8220,0.0000,0.0000,0.0000,68.5705,0.0000,3906.0000,1443.0000,0.0000,17.0000,31.0000,16.0000,11.0000
1.5740,0.5180,0.2750,0.2570,0.1040,0.0000,0.0000,0.7810,1.0000,2.7930,4.5490,2.8220,0.0000,0.0000,0.0000,68.5705,0.0000,3906.0000,1443.0000,0.0000,17.0000,31.0000,16.0000,11.0000
1.6370,0.4810,0.3070,0.2720,0.1110,0.0000,0.0000,0.8490,1.0000,2.7930,4.5490,2.8220,0.0000,0.0000,0.0000,68.5706,0.0000,3906.0000,1443.0000,0.0000,17.0000,31.0000,16.0000,10.0000
1.7320,0.5170,0.3350,0.3480,0.1430,0.0000,0.0000,0.8800,1.0000,2.7930,4.5490,2.8220,0.0000,0.0000,0.0000,68.5809,0.0000,3907.0000,1443.0000,0.0000,17.0000,31.0000,16.0000,10.0000
1.5900,0.4310,0.3070,0.2220,0.1370,0.0000,0.0000,0.8520,1.0000,2.7930,4.5490,2.8220,0.0000,0.0000,0.0000,68.5905,0.0000,3908.0000,1443.0000,0.0000,17.0000,30.0000,16.0000,10.0000
1.6720,0.4420,0.3780,0.2260,0.1430,0.0000,0.0000,0.8520,1.0000,2.7930,4.5490,2.8220,0.0000,0.0000,0.0000,68.6002,0.0000,3909.0000,1443.0000,0.0000,17.0000,30.0000,16.0000,11.0000
1.8490,0.5180,0.4510,0.2860,0.2070,0.0000,0.0000,0.8800,1.0000,2.7930,4.5490,2.8220,0.0000,0.0000,0.0000,68.3040,0.0000,3880.0000,1443.0000,0.0000,17.0000,30.0000,16.0000,11.0000
1.6800,0.5290,0.2760,0.3170,0.1030,0.0000,0.0000,0.8750,1.0000,2.7930,4.5490,2.8220,0.0000,0.0000,0.0000,68.3040,0.0000,3880.0000,1443.0000,0.0000,17.0000,30.0000,16.0000,11.0000
1.5310,0.4040,0.2760,0.2290,0.1050,0.0000,0.0000,0.8510,1.0000,2.7930,4.5490,2.8220,0.0000,0.0000,0.0000,68.3041,0.0000,3880.0000,1443.0000,0.0000,17.0000,30.0000,16.0000,11.0000
1.5970,0.4460,0.3430,0.2810,0.1350,0.0000,0.0000,0.8080,1.0000,2.7930,4.5490,2.8220,0.0000,0.0000,0.0000,68.3041,0.0000,3880.0000,1443.0000,0.0000,17.0000,30.0000,16.0000,11.0000
1.5120,0.3790,0.2900,0.2250,0.1070,0.0000,0.0000,0.8430,1.0000,2.7930,4.5490,2.8220,0.0000,0.0000,0.0000,68.3041,0.0000,3880.0000,1443.0000,0.0000,17.0000,30.0000,16.0000,11.0000
1.5570,0.4300,0.3070,0.2310,0.1360,0.0000,0.0000,0.8200,1.0000,2.7930,4.5490,2.8220,0.0000,0.0000,0.0000,68.3041,0.0000,3880.0000,1443.0000,0.0000,17.0000,30.0000,16.0000,11.0000
1.4580,0.4300,0.2610,0.2830,0.1000,0.0000,0.0000,0.7670,1.0000,2.7930,4.5490,2.8220,0.0000,0.0000,0.0000,68.3041,0.0000,3880.0000,1443.0000,0.0000,17.0000,30.0000,16.0000,11.0000
1.4440,0.4240,0.2960,0.2310,0.1350,0.0000,0.0000,0.7240,1.0000,2.7930,4.5490,2.8220,0.0000,0.0000,0.0000,68.3041,0.0000,3880.0000,1443.0000,0.0000,17.0000,30.0000,16.0000,10.0000
1.5120,0.3790,0.2650,0.2320,0.1050,0.0000,0.0000,0.8680,1.0000,2.7930,4.5490,2.8220,0.0000,0.0000,0.0000,68.3041,0.0000,3880.0000,1443.0000,0.0000,17.0000,30.0000,16.0000,10.0000
1.4830,0.4160,0.3150,0.2620,0.1420,0.0000,0.0000,0.7520,1.0000,2.7930,4.5490,2.8220,0.0000,0.0000,0.0000,68.3041,0.0000,3880.0000,1443.0000,0.0000,17.0000,30.0000,16.0000,10.0000
1.3920,0.3740,0.2610,0.2240,0.1010,0.0000,0.0000,0.7570,1.0000,2.7930,4.5490,2.8220,0.0000,0.0000,0.0000,68.3041,0.0000,3880.0000,1443.0000,0.0000,17.0000,30.0000,16.0000,10.0000
2.0260,0.4330,0.3800,0.2790,0.1770,0.0000,0.0000,1.2130,1.0000,2.7930,4.5490,2.8220,0.0000,0.0000,0.0000,68.3347,0.0000,3883.0000,1443.0000,0.0000,17.0000,30.0000,16.0000,10.0000
1.6090,0.8120,0.3010,0.3000,0.1080,0.0000,0.0000,0.4960,1.0000,2.7930,4.5490,2.8220,0.0000,0.0000,0.0000,68.3347,0.0000,3883.0000,1443.0000,0.0000,17.0000,30.0000,16.0000,10.0000
1.5600,0.3860,0.2830,0.2240,0.1040,0.0000,0.0000,0.8910,1.0000,2.7930,4.5490,2.8220,0.0000,0.0000,0.0000,68.3349,0.0000,3883.0000,1443.0000,0.0000,17.0000,30.0000,16.0000,10.0000
1.5010,0.4260,0.3340,0.2250,0.1080,0.0000,0.0000,0.7410,1.0000,2.7930,4.5490,2.8220,0.0000,0.0000,0.0000,68.3356,0.0000,3883.0000,1443.0000,0.0000,17.0000,31.0000,16.0000,10.0000
1.6340,0.3890,0.2720,0.2360,0.1030,0.0000,0.0000,0.9730,1.0000,2.7930,4.5490,2.8220,0.0000,0.0000,0.0000,68.3356,0.0000,3883.0000,1443.0000,0.0000,17.0000,31.0000,16.0000,10.0000
1.8000,0.4950,0.3830,0.2860,0.1530,0.0000,0.0000,0.9220,1.0000,2.7930,4.5490,2.8220,0.0000,0.0000,0.0000,68.3458,0.0000,3884.0000,1443.0000,0.0000,17.0000,31.0000,16.0000,10.0000
1.5530,0.5660,0.3480,0.2320,0.1590,0.0000,0.0000,0.6390,1.0000,2.7930,4.5490,2.8220,0.0000,0.0000,0.0000,68.3458,0.0000,3884.0000,1443.0000,0.0000,17.0000,31.0000,16.0000,10.0000
1.6890,0.3810,0.2860,0.2240,0.1050,0.0000,0.0000,1.0220,1.0000,2.7930,4.5490,2.8220,0.0000,0.0000,0.0000,68.3460,0.0000,3884.0000,1443.0000,0.0000,17.0000,31.0000,16.0000,11.0000
1.5900,0.4920,0.2950,0.2850,0.1160,0.0000,0.0000,0.8030,1.0000,2.7930,4.5490,2.8220,0.0000,0.0000,0.0000,68.3460,0.0000,3884.0000,1443.0000,0.0000,17.0000,31.0000,16.0000,11.0000
1.7340,0.4450,0.3300,0.2920,0.1610,0.0000,0.0000,0.9590,1.0000,2.7930,4.5490,2.8220,0.0000,0.0000,0.0000,68.3662,0.0000,3886.0000,1443.0000,0.0000,17.0000,31.0000,16.0000,11.0000
1.6610,0.5430,0.3190,0.3000,0.1470,0.0000,0.0000,0.7990,1.0000,2.7930,4.5490,2.8220,0.0000,0.0000,0.0000,68.3866,0.0000,3888.0000,1443.0000,0.0000,17.0000,31.0000,16.0000,11.0000
1.6810,0.5510,0.3560,0.2390,0.1440,0.0000,0.0000,0.7740,1.0000,2.7930,4.5490,2.8220,0.0000,0.0000,0.0000,68.3867,0.0000,3888.0000,1443.0000,0.0000,17.0000,31.0000,16.0000,11.0000
1.8770,0.4850,0.4040,0.3030,0.1830,0.0000,0.0000,0.9880,1.0000,2.7930,4.5490,2.8220,0.0000,0.0000,0.0000,68.4070,0.0000,3890.0000,1443.0000,0.0000,17.0000,31.0000,16.0000,11.0000
1.6700,0.4990,0.3330,0.2570,0.1500,0.0000,0.0000,0.8380,1.0000,2.7930,4.5490,2.8220,0.0000,0.0000,0.0000,68.4173,0.0000,3891.0000,1443.0000,0.0000,17.0000,31.0000,16.0000,11.0000
1.9600,0.4240,0.3720,0.2250,0.1510,0.0000,0.0000,1.1640,1.0000,2.7930,4.5490,2.8220,0.0000,0.0000,0.0000,68.4377,0.0000,3893.0000,1443.0000,0.0000,17.0000,31.0000,16.0000,11.0000
1.4750,0.5380,0.2800,0.2300,0.1050,0.0000,0.0000,0.6570,1.0000,2.7930,4.5490,2.8220,0.0000,0.0000,0.0000,68.4378,0.0000,3893.0000,1443.0000,0.0000,17.0000,31.0000,16.0000,11.0000
1.6700,0.4530,0.2740,0.2860,0.1020,0.0000,0.0000,0.9430,1.0000,2.7930,4.5490,2.8220,0.0000,0.0000,0.0000,68.4379,0.0000,3893.0000,1443.0000,0.0000,17.0000,31.0000,16.0000,11.0000
1.5740,0.4520,0.2910,0.2770,0.1050,0.0000,0.0000,0.8310,1.0000,2.7930,4.5490,2.8220,0.0000,0.0000,0.0000,68.4379,0.0000,3893.0000,1443.0000,0.0000,17.0000,31.0000,16.0000,11.0000
1.6110,0.4290,0.3350,0.2230,0.1380,0.0000,0.0000,0.8470,1.0000,2.7930,4.5490,2.8220,0.0000,0.0000,0.0000,68.4482,0.0000,3894.0000,1443.0000,0.0000,17.0000,31.0000,16.0000,11.0000
1.6440,0.4390,0.3580,0.2440,0.1910,0.0000,0.0000,0.8470,1.0000,2.7930,4.5490,2.8220,0.0000,0.0000,0.0000,68.4585,0.0000,3895.0000,1443.0000,0.0000,17.0000,31.0000,16.0000,11.0000
1.6230,0.4270,0.3310,0.2250,0.1120,0.0000,0.0000,0.8650,1.0000,2.7930,4.5490,2.8220,0.0000,0.0000,0.0000,68.4585,0.0000,3895.0000,1443.0000,0.0000,17.0000,31.0000,16.0000,11.0000
1.6100,0.4750,0.3480,0.2980,0.1520,0.0000,0.0000,0.7870,1.0000,2.7930,4.5490,2.8220,0.0000,0.0000,0.0000,68.4586,0.0000,3895.0000,1443.0000,0.0000,17.0000,31.0000,16.0000,11.0000
1.4900,0.4790,0.2700,0.3170,0.1010,0.0000,0.0000,0.7410,1.0000,2.7930,4.5490,2.8220,0.0000,0.0000,0.0000,68.4586,0.0000,3895.0000,1443.0000,0.0000,17.0000,31.0000,16.0000,11.0000
1.6750,0.4330,0.3320,0.2230,0.1430,0.0000,0.0000,0.9100,1.0000,2.7930,4.5490,2.8220,0.0000,0.0000,0.0000,68.4785,0.0000,3897.0000,1443.0000,0.0000,17.0000,30.0000,16.0000,11.0000
1.8940,0.4830,0.3450,0.2480,0.1090,0.0000,0.0000,1.0660,1.0000,2.7930,4.5490,2.8220,0.0000,0.0000,0.0000,68.4786,0.0000,3897.0000,1443.0000,0.0000,17.0000,30.0000,16.0000,11.0000
1.5810,0.4050,0.2830,0.2410,0.1020,0.0000,0.0000,0.8930,1.0000,2.7930,4.5490,2.8220,0.0000,0.0000,0.0000,68.4787,0.0000,3897.0000,1443.0000,0.0000,17.0000,30.0000,16.0000,11.0000
1.5610,0.3900,0.2710,0.2250,0.1000,0.0000,0.0000,0.9000,1.0000,2.7930,4.5490,2.8220,0.0000,0.0000,0.0000,68.4787,0.0000,3897.0000,1443.0000,0.0000,17.0000,30.0000,16.0000,11.0000
1.5630,0.4810,0.2740,0.2740,0.1120,0.0000,0.0000,0.8080,1.0000,2.7930,4.5490,2.8220,0.0000,0.0000,0.0000,68.4787,0.0000,3897.0000,1443.0000,0.0000,17.0000,30.0000,16.0000,11.0000
1.5790,0.4340,0.3260,0.2760,0.1380,0.0000,0.0000,0.8190,1.0000,2.7930,4.5490,2.8220,0.0000,0.0000,0.0000,68.4890,0.0000,3898.0000,1443.0000,0.0000,17.0000,30.0000,16.0000,11.0000
1.4760,0.4900,0.3160,0.2730,0.1360,0.0000,0.0000,0.6700,1.0000,2.7930,4.5490,2.8220,0.0000,0.0000,0.0000,68.4890,0.0000,3898.0000,1443.0000,0.0000,17.0000,30.0000,16.0000,11.0000
1.5650,0.3690,0.3020,0.2180,0.1340,0.0000,0.0000,0.8940,1.0000,2.7930,4.5490,2.8220,0.0000,0.0000,0.0000,68.4890,0.0000,3898.0000,1443.0000,0.0000,17.0000,30.0000,16.0000,11.0000
1.4970,0.4560,0.3210,0.2830,0.1380,0.0000,0.0000,0.7200,1.0000,2.7930,4.5490,2.8220,0.0000,0.0000,0.0000,68.4890,0.0000,3898.0000,1443.0000,0.0000,17.0000,30.0000,16.0000,11.0000
1.4960,0.4290,0.2940,0.2750,0.1310,0.0000,0.0000,0.7730,1.0000,2.7930,4.5490,2.8220,0.0000,0.0000,0.0000,68.4988,0.0000,3899.0000,1443.0000,0.0000,17.0000,30.0000,16.0000,11.0000
1.7280,0.4600,0.3450,0.2210,0.1720,0.0000,0.0000,0.9230,1.0000,2.7930,4.5490,2.8220,0.0000,0.0000,0.0000,68.5095,0.0000,3900.0000,1443.0000,0.0000,17.0000,30.0000,16.0000,11.0000
1.7220,0.4130,0.3240,0.2200,0.1550,0.0000,0.0000,0.9850,1.0000,2.7930,4.5490,2.8220,0.0000,0.0000,0.0000,68.5096,0.0000,3900.0000,1443.0000,0.0000,17.0000,30.0000,16.0000,11.0000
1.5370,0.3840,0.3240,0.2220,0.1480,0.0000,0.0000,0.8290,1.0000,2.7930,4.5490,2.8220,0.0000,0.0000,0.0000,68.5199,0.0000,3901.0000,1443.0000,0.0000,17.0000,30.0000,16.0000,11.0000
1.7710,0.4630,0.3410,0.2190,0.1690,0.0000,0.0000,0.9670,1.0000,2.7930,4.5490,2.8220,0.0000,0.0000,0.0000,68.5305,0.0000,3902.0000,1443.0000,0.0000,17.0000,30.0000,16.0000,11.0000
1.6830,0.6450,0.3120,0.3980,0.1410,0.0000,0.0000,0.7260,1.0000,2.7930,4.5490,2.8220,0.0000,0.0000,0.0000,68.5401,0.0000,3903.0000,1443.0000,0.0000,17.0000,29.0000,16.0000,12.0000
2.2120,0.4500,0.4220,0.2350,0.1520,0.0000,0.0000,1.3400,1.0000,2.7930,4.5490,2.8220,0.0000,0.0000,0.0000,68.5394,0.0000,3903.0000,1443.0000,0.0000,17.0000,28.0000,16.0000,12.0000
3.4020,0.5410,0.4120,0.3170,0.1660,0.0000,0.0000,2.4490,1.0000,2.7930,4.5490,2.8220,0.0000,0.0000,0.0000,68.5395,0.0000,3903.0000,1443.0000,0.0000,17.0000,28.0000,16.0000,11.0000
1.6950,0.5610,0.3440,0.3170,0.1120,0.0000,0.0000,0.7900,1.0000,2.7930,4.5490,2.8220,0.0000,0.0000,0.0000,68.5402,0.0000,3903.0000,1443.0000,0.0000,17.0000,29.0000,16.0000,11.0000
1.6960,0.4760,0.3230,0.3080,0.1250,0.0000,0.0000,0.8970,1.0000,2.7930,4.5490,2.8220,0.0000,0.0000,0.0000,68.5402,0.0000,3903.0000,1443.0000,0.0000,17.0000,29.0000,16.0000,11.0000
1.9200,0.4390,0.3630,0.2640,0.1380,0.0000,0.0000,1.1180,1.0000,2.7930,4.5490,2.8220,0.0000,0.0000,0.0000,68.5402,0.0000,3903.0000,1443.0000,0.0000,17.0000,29.0000,16.0000,11.0000
1.5140,0.4320,0.3000,0.2330,0.1070,0.0000,0.0000,0.7820,1.0000,2.7930,4.5490,2.8220,0.0000,0.0000,0.0000,68.5395,0.0000,3903.0000,1443.0000,0.0000,17.0000,28.0000,16.0000,11.0000
3.6600,0.4690,0.2880,0.2950,0.1050,0.0000,0.0000,2.9030,1.0000,2.7930,4.5490,2.8220,0.0000,0.0000,0.0000,68.5395,0.0000,3903.0000,1443.0000,0.0000,17.0000,28.0000,16.0000,11.0000
1.6020,0.3850,0.3010,0.2250,0.1070,0.0000,0.0000,0.9160,1.0000,2.7930,4.5490,2.8220,0.0000,0.0000,0.0000,68.2826,0.0000,3878.0000,1443.0000,0.0000,17.0000,28.0000,16.0000,11.0000
2.1950,0.4550,0.3470,0.2340,0.1490,0.0000,0.0000,1.3930,1.0000,2.7930,4.5490,2.8220,0.0000,0.0000,0.0000,68.3030,0.0000,3880.0000,1443.0000,0.0000,17.0000,28.0000,16.0000,11.0000
1.5770,0.5780,0.2960,0.3270,0.1050,0.0000,0.0000,0.7030,1.0000,2.7930,4.5490,2.8220,0.0000,0.0000,0.0000,68.3031,0.0000,3880.0000,1443.0000,0.0000,17.0000,28.0000,16.0000,10.0000
1.6930,0.4540,0.3630,0.2860,0.1450,0.0000,0.0000,0.8760,1.0000,2.7930,4.5490,2.8220,0.0000,0.0000,0.0000,68.3032,0.0000,3880.0000,1443.0000,0.0000,17.0000,28.0000,16.0000,10.0000
1.6180,0.3680,0.3260,0.2190,0.1410,0.0000,0.0000,0.9240,1.0000,2.7930,4.5490,2.8220,0.0000,0.0000,0.0000,68.3134,0.0000,3881.0000,1443.0000,0.0000,17.0000,28.0000,16.0000,10.0000
1.5220,0.4210,0.2930,0.2220,0.1080,0.0000,0.0000,0.8080,1.0000,2.7930,4.5490,2.8220,0.0000,0.0000,0.0000,68.3134,0.0000,3881.0000,1443.0000,0.0000,17.0000,28.0000,16.0000,10.0000
1.8780,0.4380,0.3740,0.2940,0.1980,0.0000,0.0000,1.0660,1.0000,2.7930,4.5490,2.8220,0.0000,0.0000,0.0000,68.3340,0.0000,3884.0000,1443.0000,0.0000,17.0000,28.0000,16.0000,10.0000
1.6510,0.4560,0.2760,0.2210,0.1070,0.0000,0.0000,0.9190,1.0000,2.7930,4.5490,2.8220,0.0000,0.0000,0.0000,68.3340,0.0000,3884.0000,1443.0000,0.0000,17.0000,28.0000,16.0000,10.0000
1.7550,0.4160,0.2760,0.2220,0.1050,0.0000,0.0000,1.0630,1.0000,2.7930,4.5490,2.8220,0.0000,0.0000,0.0000,68.3341,0.0000,3884.0000,1443.0000,0.0000,17.0000,28.0000,16.0000,10.0000
1.7990,0.5210,0.3490,0.3800,0.1720,0.0000,0.0000,0.9290,1.0000,2.7930,4.5490,2.8220,0.0000,0.0000,0.0000,68.3444,0.0000,3885.0000,1443.0000,0.0000,17.0000,28.0000,16.0000,9.0000
1.8250,0.4260,0.3630,0.2380,0.1430,0.0000,0.0000,1.0360,1.0000,2.7930,4.5490,2.8220,0.0000,0.0000,0.0000,68.3547,0.0000,3886.0000,1443.0000,0.0000,17.0000,28.0000,16.0000,9.0000
1.8070,0.4380,0.3000,0.2170,0.1390,0.0000,0.0000,1.0690,1.0000,2.7930,4.5490,2.8220,0.0000,0.0000,0.0000,68.3649,0.0000,3887.0000,1443.0000,0.0000,17.0000,28.0000,16.0000,10.0000
1.5950,0.5440,0.2950,0.3100,0.1120,0.0000,0.0000,0.7560,1.0000,2.7930,4.5490,2.8220,0.0000,0.0000,0.0000,68.3650,0.0000,3887.0000,1443.0000,0.0000,17.0000,28.0000,16.0000,10.0000
1.6720,0.4110,0.3370,0.2560,0.1430,0.0000,0.0000,0.9240,1.0000,2.7930,4.5490,2.8220,0.0000,0.0000,0.0000,68.3753,0.0000,3888.0000,1443.0000,0.0000,17.0000,28.0000,16.0000,10.0000
1.5510,0.4190,0.2630,0.2340,0.1030,0.0000,0.0000,0.8690,1.0000,2.7930,4.5490,2.8220,0.0000,0.0000,0.0000,68.3753,0.0000,3888.0000,1443.0000,0.0000,17.0000,28.0000,16.0000,10.0000
1.5950,0.3680,0.2630,0.2190,0.1020,0.0000,0.0000,0.9640,1.0000,2.7930,4.5490,2.8220,0.0000,0.0000,0.0000,68.3753,0.0000,3888.0000,1443.0000,0.0000,17.0000,28.0000,16.0000,10.0000
1.5990,0.4210,0.2950,0.2800,0.1070,0.0000,0.0000,0.8830,1.0000,2.7930,4.5490,2.8220,0.0000,0.0000,0.0000,68.3760,0.0000,3888.0000,1443.0000,0.0000,17.0000,29.0000,16.0000,10.0000
1.6090,0.3680,0.2650,0.2180,0.1040,0.0000,0.0000,0.9760,1.0000,2.7930,4.5490,2.8220,0.0000,0.0000,0.0000,68.3760,0.0000,3888.0000,1443.0000,0.0000,17.0000,29.0000,16.0000,10.0000
1.5860,0.4440,0.2960,0.2850,0.1040,0.0000,0.0000,0.8460,1.0000,2.7930,4.5490,2.8220,0.0000,0.0000,0.0000,68.3760,0.0000,3888.0000,1443.0000,0.0000,17.0000,29.0000,16.0000,10.0000
1.6610,0.3670,0.2600,0.2200,0.1020,0.0000,0.0000,1.0340,1.0000,2.7930,4.5490,2.8220,0.0000,0.0000,0.0000,68.3760,0.0000,3888.0000,1443.0000,0.0000,17.0000,29.0000,16.0000,12.0000
1.5050,0.5000,0.2740,0.2900,0.1090,0.0000,0.0000,0.7310,1.0000,2.7930,4.5490,2.8220,0.0000,0.0000,0.0000,68.3760,0.0000,3888.0000,1443.0000,0.0000,17.0000,29.0000,16.0000,11.0000
1.5770,0.3830,0.2780,0.2390,0.1210,0.0000,0.0000,0.9160,1.0000,2.7930,4.5490,2.8220,0.0000,0.0000,0.0000,68.3753,0.0000,3888.0000,1443.0000,0.0000,17.0000,28.0000,16.0000,11.0000
1.7500,0.3750,0.3140,0.2250,0.1540,0.0000,0.0000,1.0610,1.0000,2.7930,4.5490,2.8220,0.0000,0.0000,0.0000,68.3856,0.0000,3889.0000,1443.0000,0.0000,17.0000,28.0000,16.0000,12.0000
1.6300,0.4700,0.3080,0.2330,0.1090,0.0000,0.0000,0.8520,1.0000,2.7930,4.5490,2.8220,0.0000,0.0000,0.0000,68.3856,0.0000,3889.0000,1443.0000,0.0000,17.0000,28.0000,16.0000,11.0000
1.7690,0.4070,0.3420,0.2600,0.1820,0.0000,0.0000,1.0200,1.0000,2.7930,4.5490,2.8220,0.0000,0.0000,0.0000,68.4164,0.0000,3892.0000,1443.0000,0.0000,17.0000,28.0000,16.0000,11.0000
1.5050,0.5470,0.2770,0.2700,0.1070,0.0000,0.0000,0.6810,1.0000,2.7930,4.5490,2.8220,0.0000,0.0000,0.0000,68.4164,0.0000,3892.0000,1443.0000,0.0000,17.0000,28.0000,16.0000,11.0000
1.5170,0.4250,0.2960,0.2270,0.1070,0.0000,0.0000,0.7960,1.0000,2.7930,4.5490,2.8220,0.0000,0.0000,0.0000,68.4166,0.0000,3892.0000,1443.0000,0.0000,17.0000,28.0000,16.0000,11.0000
1.9600,0.3690,0.4050,0.2230,0.2070,0.0000,0.0000,1.1860,1.0000,2.7930,4.5490,2.8220,0.0000,0.0000,0.0000,68.4368,0.0000,3894.0000,1443.0000,0.0000,17.0000,28.0000,16.0000,11.0000
1.5740,0.5030,0.2780,0.2530,0.1050,0.0000,0.0000,0.7930,1.0000,2.7930,4.5490,2.8220,0.0000,0.0000,0.0000,68.4368,0.0000,3894.0000,1443.0000,0.0000,17.0000,28.0000,16.0000,11.0000
1.9870,0.4260,0.4030,0.2280,0.1610,0.0000,0.0000,1.1580,1.0000,2.7930,4.5490,2.8220,0.0000,0.0000,0.0000,68.4574,0.0000,3896.0000,1443.0000,0.0000,17.0000,28.0000,16.0000,11.0000
1.6610,0.6050,0.3180,0.2840,0.1060,0.0000,0.0000,0.7380,1.0000,2.7930,4.5490,2.8220,0.0000,0.0000,0.0000,68.4574,0.0000,3896.0000,1443.0000,0.0000,17.0000,28.0000,16.0000,11.0000
1.6430,0.4000,0.2850,0.2460,0.1140,0.0000,0.0000,0.9580,1.0000,2.7930,4.5490,2.8220,0.0000,0.0000,0.0000,68.4576,0.0000,3896.0000,1443.0000,0.0000,17.0000,28.0000,16.0000,11.0000
1.7380,0.3840,0.3080,0.2270,0.1410,0.0000,0.0000,1.0460,1.0000,2.7930,4.5490,2.8220,0.0000,0.0000,0.0000,68.4787,0.0000,3898.0000,1443.0000,0.0000,17.0000,29.0000,16.0000,11.0000
1.7750,0.5320,0.3410,0.2340,0.1480,0.0000,0.0000,0.9020,1.0000,2.7930,4.5490,2.8220,0.0000,0.0000,0.0000,68.4883,0.0000,3899.0000,1443.0000,0.0000,17.0000,28.0000,16.0000,10.0000
1.9080,0.4410,0.4230,0.2430,0.1600,0.0000,0.0000,1.0440,1.0000,2.7930,4.5490,2.8220,0.0000,0.0000,0.0000,68.4987,0.0000,3900.0000,1443.0000,0.0000,17.0000,28.0000,16.0000,10.0000
1.5000,0.4690,0.2850,0.2630,0.1160,0.0000,0.0000,0.7460,1.0000,2.7930,4.5490,2.8220,0.0000,0.0000,0.0000,68.4988,0.0000,3900.0000,1443.0000,0.0000,17.0000,28.0000,16.0000,10.0000
2.0400,0.3820,0.3480,0.2240,0.1720,0.0000,0.0000,1.3100,1.0000,2.7930,4.5490,2.8220,0.0000,0.0000,0.0000,68.5091,0.0000,3901.0000,1443.0000,0.0000,17.0000,28.0000,16.0000,10.0000
1.5580,0.5060,0.2910,0.2480,0.1040,0.0000,0.0000,0.7610,1.0000,2.7930,4.5490,2.8220,0.0000,0.0000,0.0000,68.5091,0.0000,3901.0000,1443.0000,0.0000,17.0000,28.0000,16.0000,9.0000
1.6020,0.4680,0.2830,0.2910,0.1050,0.0000,0.0000,0.8510,1.0000,2.7930,4.5490,2.8220,0.0000,0.0000,0.0000,68.5091,0.0000,3901.0000,1443.0000,0.0000,17.0000,28.0000,16.0000,9.0000
1.8490,0.3830,0.2710,0.2260,0.1040,0.0000,0.0000,1.1950,1.0000,2.7930,4.5490,2.8220,0.0000,0.0000,0.0000,68.5091,0.0000,3901.0000,1443.0000,0.0000,17.0000,28.0000,16.0000,9.0000
1.5520,0.4270,0.2850,0.2740,0.1040,0.0000,0.0000,0.8400,1.0000,2.7930,4.5490,2.8220,0.0000,0.0000,0.0000,68.5091,0.0000,3901.0000,1443.0000,0.0000,17.0000,28.0000,16.0000,9.0000
1.6140,0.4650,0.3500,0.2920,0.1390,0.0000,0.0000,0.7990,1.0000,2.7930,4.5490,2.8220,0.0000,0.0000,0.0000,68.5098,0.0000,3901.0000,1443.0000,0.0000,17.0000,29.0000,16.0000,9.0000
1.4920,0.3830,0.2710,0.2260,0.1030,0.0000,0.0000,0.8380,1.0000,2.7930,4.5490,2.8220,0.0000,0.0000,0.0000,68.5098,0.0000,3901.0000,1443.0000,0.0000,17.0000,29.0000,16.0000,9.0000
1.6250,0.4260,0.3040,0.2320,0.1370,0.0000,0.0000,0.8950,1.0000,2.7930,4.5490,2.8220,0.0000,0.0000,0.0000,68.5098,0.0000,3901.0000,1443.0000,0.0000,17.0000,29.0000,16.0000,9.0000
1.9020,0.4960,0.5630,0.2920,0.3980,0.0000,0.0000,0.8430,1.0000,2.7930,4.5490,2.8220,0.0000,0.0000,0.0000,68.5283,0.0000,3903.0000,1443.0000,0.0000,17.0000,29.0000,16.0000,9.0000
1.7820,0.4340,0.3160,0.2250,0.1470,0.0000,0.0000,1.0320,1.0000,2.7930,4.5490,2.8220,0.0000,0.0000,0.0000,68.5489,0.0000,3905.0000,1443.0000,0.0000,17.0000,29.0000,16.0000,9.0000
1.5280,0.5530,0.2820,0.2300,0.1050,0.0000,0.0000,0.6930,1.0000,2.7930,4.5490,2.8220,0.0000,0.0000,0.0000,68.5489,0.0000,3905.0000,1443.0000,0.0000,17.0000,29.0000,16.0000,9.0000
1.7330,0.4570,0.3300,0.2830,0.1550,0.0000,0.0000,0.9460,1.0000,2.7930,4.5490,2.8220,0.0000,0.0000,0.0000,68.5796,0.0000,3908.0000,1443.0000,0.0000,17.0000,29.0000,16.0000,9.0000
1.7280,0.5200,0.3070,0.2410,0.1430,0.0000,0.0000,0.9010,1.0000,2.7930,4.5490,2.8220,0.0000,0.0000,0.0000,68.6001,0.0000,3910.0000,1443.0000,0.0000,17.0000,29.0000,16.0000,8.0000
1.4850,0.4800,0.2710,0.2260,0.1040,0.0000,0.0000,0.7340,1.0000,2.7930,4.5490,2.8220,0.0000,0.0000,0.0000,68.6004,0.0000,3910.0000,1443.0000,0.0000,17.0000,29.0000,16.0000,8.0000
1.5540,0.4460,0.2770,0.2910,0.1150,0.0000,0.0000,0.8310,1.0000,2.7930,4.5490,2.8220,0.0000,0.0000,0.0000,68.6005,0.0000,3910.0000,1443.0000,0.0000,17.0000,29.0000,16.0000,8.0000
1.5300,0.3920,0.2660,0.2260,0.1020,0.0000,0.0000,0.8720,1.0000,2.7930,4.5490,2.8220,0.0000,0.0000,0.0000,68.6005,0.0000,3910.0000,1443.0000,0.0000,17.0000,29.0000,16.0000,8.0000
1.5130,0.4770,0.2790,0.2930,0.1030,0.0000,0.0000,0.7570,1.0000,2.7930,4.5490,2.8220,0.0000,0.0000,0.0000,68.6005,0.0000,3910.0000,1443.0000,0.0000,17.0000,29.0000,16.0000,8.0000
1.5190,0.3860,0.2630,0.2240,0.1000,0.0000,0.0000,0.8700,1.0000,2.7930,4.5490,2.8220,0.0000,0.0000,0.0000,68.6005,0.0000,3910.0000,1443.0000,0.0000,17.0000,29.0000,16.0000,8.0000
1.5540,0.4950,0.3370,0.2720,0.1370,0.0000,0.0000,0.7220,1.0000,2.7930,4.5490,2.8220,0.0000,0.0000,0.0000,68.6005,0.0000,3910.0000,1443.0000,0.0000,17.0000,29.0000,16.0000,8.0000
1.9930,0.3850,0.2980,0.2230,0.1330,0.0000,0.0000,1.3100,1.0000,2.7930,4.5490,2.8220,0.0000,0.0000,0.0000,68.6106,0.0000,3911.0000,1443.0000,0.0000,17.0000,29.0000,16.0000,9.0000
1.7740,0.5480,0.3350,0.2930,0.1500,0.0000,0.0000,0.8910,1.0000,2.7930,4.5490,2.8220,0.0000,0.0000,0.0000,68.3338,0.0000,3884.0000,1443.0000,0.0000,17.0000,30.0000,16.0000,9.0000
1.7090,0.5400,0.3200,0.2300,0.1450,0.0000,0.0000,0.8490,1.0000,2.7930,4.5490,2.8220,0.0000,0.0000,0.0000,68.3538,0.0000,3886.0000,1443.0000,0.0000,17.0000,30.0000,16.0000,9.0000
1.5990,0.5320,0.3230,0.2840,0.1400,0.0000,0.0000,0.7440,1.0000,2.7930,4.5490,2.8220,0.0000,0.0000,0.0000,68.3539,0.0000,3886.0000,1443.0000,0.0000,17.0000,30.0000,16.0000,9.0000
1.7190,0.4060,0.3130,0.2510,0.1460,0.0000,0.0000,1.0000,1.0000,2.7930,4.5490,2.8220,0.0000,0.0000,0.0000,68.3745,0.0000,3888.0000,1443.0000,0.0000,17.0000,30.0000,16.0000,10.0000
1.7850,0.5710,0.2930,0.2890,0.1100,0.0000,0.0000,0.9210,1.0000,2.7930,4.5490,2.8220,0.0000,0.0000,0.0000,68.3738,0.0000,3888.0000,1443.0000,0.0000,17.0000,29.0000,16.0000,12.0000
1.7680,0.5080,0.3570,0.2770,0.1470,0.0000,0.0000,0.9030,1.0000,2.7930,4.5490,2.8220,0.0000,0.0000,0.0000,68.3842,0.0000,3889.0000,1443.0000,0.0000,17.0000,29.0000,16.0000,12.0000
1.5440,0.4770,0.2850,0.2490,0.1200,0.0000,0.0000,0.7820,1.0000,2.7930,4.5490,2.8220,0.0000,0.0000,0.0000,68.3842,0.0000,3889.0000,1443.0000,0.0000,17.0000,29.0000,16.0000,12.0000
1.6770,0.3810,0.3030,0.2260,0.1400,0.0000,0.0000,0.9930,1.0000,2.7930,4.5490,2.8220,0.0000,0.0000,0.0000,68.3945,0.0000,3890.0000,1443.0000,0.0000,17.0000,29.0000,16.0000,12.0000
1.5980,0.5010,0.3020,0.2910,0.1090,0.0000,0.0000,0.7950,1.0000,2.7930,4.5490,2.8220,0.0000,0.0000,0.0000,68.3945,0.0000,3890.0000,1443.0000,0.0000,17.0000,29.0000,16.0000,12.0000
1.7070,0.3810,0.2660,0.2290,0.1050,0.0000,0.0000,1.0600,1.0000,2.7930,4.5490,2.8220,0.0000,0.0000,0.0000,68.3946,0.0000,3890.0000,1443.0000,0.0000,17.0000,29.0000,16.0000,12.0000
1.7010,0.4360,0.2740,0.2300,0.1040,0.0000,0.0000,0.9910,1.0000,2.7930,4.5490,2.8220,0.0000,0.0000,0.0000,68.3946,0.0000,3890.0000,1443.0000,0.0000,17.0000,29.0000,16.0000,12.0000
1.7220,0.5050,0.3190,0.3180,0.1090,0.0000,0.0000,0.8980,1.0000,2.7930,4.5490,2.8220,0.0000,0.0000,0.0000,68.3946,0.0000,3890.0000,1443.0000,0.0000,17.0000,29.0000,16.0000,12.0000
1.7480,0.4660,0.3310,0.3100,0.1610,0.0000,0.0000,0.9510,1.0000,2.7930,4.5490,2.8220,0.0000,0.0000,0.0000,68.4149,0.0000,3892.0000,1443.0000,0.0000,17.0000,29.0000,16.0000,12.0000
1.5650,0.4640,0.2710,0.2260,0.1050,0.0000,0.0000,0.8300,1.0000,2.7930,4.5490,2.8220,0.0000,0.0000,0.0000,68.4143,0.0000,3892.0000,1443.0000,0.0000,17.0000,28.0000,16.0000,12.0000
1.6790,0.4350,0.3500,0.2810,0.1480,0.0000,0.0000,0.8940,1.0000,2.7930,4.5490,2.8220,0.0000,0.0000,0.0000,68.4349,0.0000,3894.0000,1443.0000,0.0000,17.0000,28.0000,16.0000,11.0000
1.7220,0.4800,0.2880,0.2450,0.1240,0.0000,0.0000,0.9540,1.0000,2.7930,4.5490,2.8220,0.0000,0.0000,0.0000,68.4349,0.0000,3894.0000,1443.0000,0.0000,17.0000,28.0000,16.0000,12.0000
1.7350,0.4020,0.3250,0.2410,0.1180,0.0000,0.0000,1.0080,1.0000,2.7930,4.5490,2.8220,0.0000,0.0000,0.0000,68.4350,0.0000,3894.0000,1443.0000,0.0000,17.0000,28.0000,16.0000,12.0000
1.5750,0.4540,0.2900,0.2350,0.1110,0.0000,0.0000,0.8310,1.0000,2.7930,4.5490,2.8220,0.0000,0.0000,0.0000,68.4350,0.0000,3894.0000,1443.0000,0.0000,17.0000,28.0000,16.0000,12.0000
1.5850,0.4030,0.2890,0.2480,0.1260,0.0000,0.0000,0.8930,1.0000,2.7930,4.5490,2.8220,0.0000,0.0000,0.0000,68.4350,0.0000,3894.0000,1443.0000,0.0000,17.0000,28.0000,16.0000,13.0000
1.5820,0.3850,0.2820,0.2200,0.1140,0.0000,0.0000,0.9150,1.0000,2.7930,4.5490,2.8220,0.0000,0.0000,0.0000,68.4352,0.0000,3894.0000,1443.0000,0.0000,17.0000,28.0000,16.0000,13.0000
1.6240,0.5000,0.3370,0.3250,0.1490,0.0000,0.0000,0.7870,1.0000,2.7930,4.5490,2.8220,0.0000,0.0000,0.0000,68.4352,0.0000,3894.0000,1443.0000,0.0000,17.0000,28.0000,16.0000,12.0000
2.0100,0.4270,0.3640,0.2630,0.1470,0.0000,0.0000,1.2190,1.0000,2.7930,4.5490,2.8220,0.0000,0.0000,0.0000,68.4359,0.0000,3894.0000,1443.0000,0.0000,17.0000,29.0000,16.0000,12.0000
2.0780,0.5740,0.4220,0.3570,0.2130,0.0000,0.0000,1.0820,1.0000,2.7930,4.5490,2.8220,0.0000,0.0000,0.0000,68.4461,0.0000,3895.0000,1443.0000,0.0000,17.0000,29.0000,16.0000,12.0000
1.9240,0.5590,0.4400,0.3100,0.2260,0.0000,0.0000,0.9250,1.0000,2.7930,4.5490,2.8220,0.0000,0.0000,0.0000,68.4564,0.0000,3896.0000,1443.0000,0.0000,17.0000,29.0000,16.0000,12.0000
1.6530,0.5050,0.3160,0.2510,0.1390,0.0000,0.0000,0.8320,1.0000,2.7930,4.5490,2.8220,0.0000,0.0000,0.0000,68.4661,0.0000,3897.0000,1443.0000,0.0000,17.0000,28.0000,16.0000,12.0000
1.8050,0.4930,0.3360,0.2350,0.1570,0.0000,0.0000,0.9760,1.0000,2.7930,4.5490,2.8220,0.0000,0.0000,0.0000,68.4765,0.0000,3898.0000,1443.0000,0.0000,17.0000,28.0000,16.0000,12.0000
1.7190,0.5760,0.3530,0.2990,0.1420,0.0000,0.0000,0.7900,1.0000,2.7930,4.5490,2.8220,0.0000,0.0000,0.0000,68.4868,0.0000,3899.0000,1443.0000,0.0000,17.0000,28.0000,16.0000,12.0000
1.6390,0.4680,0.2980,0.2590,0.1190,0.0000,0.0000,0.8730,1.0000,2.7930,4.5490,2.8220,0.0000,0.0000,0.0000,68.4869,0.0000,3899.0000,1443.0000,0.0000,17.0000,28.0000,16.0000,12.0000
1.7230,0.4110,0.3130,0.2500,0.1460,0.0000,0.0000,0.9990,1.0000,2.7930,4.5490,2.8220,0.0000,0.0000,0.0000,68.5072,0.0000,3901.0000,1443.0000,0.0000,17.0000,28.0000,16.0000,12.0000
1.6320,0.5280,0.3120,0.2280,0.1080,0.0000,0.0000,0.7920,1.0000,2.7930,4.5490,2.8220,0.0000,0.0000,0.0000,68.5073,0.0000,3901.0000,1443.0000,0.0000,17.0000,28.0000,16.0000,12.0000
1.5500,0.3950,0.3130,0.2410,0.1170,0.0000,0.0000,0.8420,1.0000,2.7930,4.5490,2.8220,0.0000,0.0000,0.0000,68.5074,0.0000,3901.0000,1443.0000,0.0000,17.0000,28.0000,16.0000,12.0000
1.4490,0.3860,0.2630,0.2240,0.1020,0.0000,0.0000,0.8000,1.0000,2.7930,4.5490,2.8220,0.0000,0.0000,0.0000,68.5081,0.0000,3901.0000,1443.0000,0.0000,17.0000,29.0000,16.0000,12.0000
1.7780,0.3840,0.3110,0.2330,0.1490,0.0000,0.0000,1.0830,1.0000,2.7930,4.5490,2.8220,0.0000,0.0000,0.0000,68.5184,0.0000,3902.0000,1443.0000,0.0000,17.0000,29.0000,16.0000,11.0000
1.6810,0.4310,0.2760,0.2260,0.1080,0.0000,0.0000,0.9740,1.0000,2.7930,4.5490,2.8220,0.0000,0.0000,0.0000,68.5184,0.0000,3902.0000,1443.0000,0.0000,17.0000,29.0000,16.0000,11.0000
2.0770,0.5120,0.4060,0.2940,0.1520,0.0000,0.0000,1.1590,1.0000,2.7930,4.5490,2.8220,0.0000,0.0000,0.0000,68.5184,0.0000,3902.0000,1443.0000,0.0000,17.0000,29.0000,16.0000,11.0000
1.7010,0.5830,0.3260,0.3080,0.1360,0.0000,0.0000,0.7920,1.0000,2.7930,4.5490,2.8220,0.0000,0.0000,0.0000,68.5287,0.0000,3903.0000,1443.0000,0.0000,17.0000,29.0000,16.0000,11.0000
1.5220,0.5460,0.3320,0.2840,0.1420,0.0000,0.0000,0.6440,1.0000,2.7930,4.5490,2.8220,0.0000,0.0000,0.0000,68.5294,0.0000,3903.0000,1443.0000,0.0000,17.0000,30.0000,16.0000,11.0000
1.6790,0.3880,0.3110,0.2250,0.1450,0.0000,0.0000,0.9800,1.0000,2.7930,4.5490,2.8220,0.0000,0.0000,0.0000,68.5500,0.0000,3905.0000,1443.0000,0.0000,17.0000,30.0000,16.0000,12.0000
1.6170,0.5090,0.3150,0.2260,0.1130,0.0000,0.0000,0.7930,1.0000,2.7930,4.5490,2.8220,0.0000,0.0000,0.0000,68.5493,0.0000,3905.0000,1443.0000,0.0000,17.0000,29.0000,16.0000,12.0000
1.5350,0.4660,0.2980,0.3040,0.1170,0.0000,0.0000,0.7710,1.0000,2.7930,4.5490,2.8220,0.0000,0.0000,0.0000,68.5494,0.0000,3905.0000,1443.0000,0.0000,17.0000,29.0000,16.0000,11.0000
1.6700,0.3890,0.2770,0.2240,0.1070,0.0000,0.0000,1.0040,1.0000,2.7930,4.5490,2.8220,0.0000,0.0000,0.0000,68.5494,0.0000,3905.0000,1443.0000,0.0000,17.0000,29.0000,16.0000,11.0000
1.5330,0.4940,0.3200,0.3140,0.1070,0.0000,0.0000,0.7190,1.0000,2.7930,4.5490,2.8220,0.0000,0.0000,0.0000,68.5494,0.0000,3905.0000,1443.0000,0.0000,17.0000,29.0000,16.0000,11.0000
1.7970,0.3840,0.2720,0.2250,0.1050,0.0000,0.0000,1.1410,1.0000,2.7930,4.5490,2.8220,0.0000,0.0000,0.0000,68.5494,0.0000,3905.0000,1443.0000,0.0000,17.0000,29.0000,16.0000,11.0000
1.7840,0.4500,0.3860,0.2320,0.1540,0.0000,0.0000,0.9480,1.0000,2.7930,4.5490,2.8220,0.0000,0.0000,0.0000,68.5703,0.0000,3907.0000,1443.0000,0.0000,17.0000,30.0000,16.0000,11.0000
1.5740,0.5760,0.3000,0.2640,0.1020,0.0000,0.0000,0.6980,1.0000,2.7930,4.5490,2.8220,0.0000,0.0000,0.0000,68.5703,0.0000,3907.0000,1443.0000,0.0000,17.0000,30.0000,16.0000,11.0000
1.5210,0.4650,0.2930,0.2940,0.1220,0.0000,0.0000,0.7630,1.0000,2.7930,4.5490,2.8220,0.0000,0.0000,0.0000,68.5704,0.0000,3907.0000,1443.0000,0.0000,17.0000,30.0000,16.0000,11.0000
1.7280,0.4060,0.3540,0.2320,0.1680,0.0000,0.0000,0.9680,1.0000,2.7930,4.5490,2.8220,0.0000,0.0000,0.0000,68.5909,0.0000,3909.0000,1443.0000,0.0000,17.0000,30.0000,16.0000,11.0000
1.6640,0.5190,0.3460,0.2820,0.1760,0.0000,0.0000,0.7990,1.0000,2.7930,4.5490,2.8220,0.0000,0.0000,0.0000,68.6012,0.0000,3910.0000,1443.0000,0.0000,17.0000,30.0000,16.0000,11.0000
1.4310,0.4430,0.2650,0.2380,0.1000,0.0000,0.0000,0.7230,1.0000,2.7930,4.5490,2.8220,0.0000,0.0000,0.0000,68.6013,0.0000,3910.0000,1443.0000,0.0000,17.0000,30.0000,16.0000,11.0000
1.6570,0.4360,0.3220,0.2360,0.1360,0.0000,0.0000,0.8990,1.0000,2.7930,4.5490,2.8220,0.0000,0.0000,0.0000,68.6116,0.0000,3911.0000,1443.0000,0.0000,17.0000,30.0000,16.0000,10.0000
1.5240,0.4890,0.2690,0.2910,0.1040,0.0000,0.0000,0.7660,1.0000,2.7930,4.5490,2.8220,0.0000,0.0000,0.0000,68.6123,0.0000,3911.0000,1443.0000,0.0000,17.0000,31.0000,16.0000,10.0000
1.6160,0.4080,0.3100,0.2490,0.1470,0.0000,0.0000,0.8980,1.0000,2.7930,4.5490,2.8220,0.0000,0.0000,0.0000,68.6226,0.0000,3912.0000,1443.0000,0.0000,17.0000,31.0000,16.0000,10.0000
1.6010,0.4770,0.3030,0.2710,0.1040,0.0000,0.0000,0.8210,1.0000,2.7930,4.5490,2.8220,0.0000,0.0000,0.0000,68.6226,0.0000,3912.0000,1443.0000,0.0000,17.0000,31.0000,16.0000,10.0000
1.4860,0.3930,0.2750,0.2200,0.0990,0.0000,0.0000,0.8180,1.0000,2.7930,4.5490,2.8220,0.0000,0.0000,0.0000,68.6220,0.0000,3912.0000,1443.0000,0.0000,17.0000,30.0000,16.0000,10.0000
1.5590,0.4580,0.2600,0.3060,0.1000,0.0000,0.0000,0.8410,1.0000,2.7930,4.5490,2.8220,0.0000,0.0000,0.0000,68.6220,0.0000,3912.0000,1443.0000,0.0000,17.0000,30.0000,16.0000,10.0000
1.6770,0.3820,0.3310,0.2180,0.1650,0.0000,0.0000,0.9640,1.0000,2.7930,4.5490,2.8220,0.0000,0.0000,0.0000,68.6323,0.0000,3913.0000,1443.0000,0.0000,17.0000,30.0000,16.0000,10.0000
1.6560,0.5110,0.3520,0.2380,0.1510,0.0000,0.0000,0.7930,1.0000,2.7930,4.5490,2.8220,0.0000,0.0000,0.0000,68.6423,0.0000,3914.0000,1443.0000,0.0000,17.0000,30.0000,16.0000,10.0000
1.5680,0.4770,0.3000,0.2610,0.1020,0.0000,0.0000,0.7910,1.0000,2.7930,4.5490,2.8220,0.0000,0.0000,0.0000,68.6423,0.0000,3914.0000,1443.0000,0.0000,17.0000,30.0000,16.0000,10.0000
1.6880,0.3920,0.3210,0.2200,0.1440,0.0000,0.0000,0.9750,1.0000,2.7930,4.5490,2.8220,0.0000,0.0000,0.0000,68.3466,0.0000,3885.0000,1443.0000,0.0000,17.0000,31.0000,16.0000,10.0000
1.6210,0.5470,0.2920,0.2390,0.1020,0.0000,0.0000,0.7820,1.0000,2.7930,4.5490,2.8220,0.0000,0.0000,0.0000,68.3466,0.0000,3885.0000,1443.0000,0.0000,17.0000,31.0000,16.0000,10.0000
1.7850,0.4920,0.3360,0.3290,0.1730,0.0000,0.0000,0.9570,1.0000,2.7930,4.5490,2.8220,0.0000,0.0000,0.0000,68.3773,0.0000,3888.0000,1443.0000,0.0000,17.0000,31.0000,16.0000,10.0000
1.6390,0.5120,0.2930,0.2200,0.1300,0.0000,0.0000,0.8340,1.0000,2.7930,4.5490,2.8220,0.0000,0.0000,0.0000,68.3876,0.0000,3889.0000,1443.0000,0.0000,17.0000,31.0000,16.0000,10.0000
1.5400,0.4660,0.2930,0.2310,0.1030,0.0000,0.0000,0.7810,1.0000,2.7930,4.5490,2.8220,0.0000,0.0000,0.0000,68.3871,0.0000,3889.0000,1443.0000,0.0000,17.0000,30.0000,16.0000,10.0000
1.4980,0.3780,0.2560,0.2240,0.0980,0.0000,0.0000,0.8640,1.0000,2.7930,4.5490,2.8220,0.0000,0.0000,0.0000,68.3871,0.0000,3889.0000,1443.0000,0.0000,17.0000,30.0000,16.0000,10.0000
1.5390,0.4210,0.2840,0.2310,0.1000,0.0000,0.0000,0.8340,1.0000,2.7930,4.5490,2.8220,0.0000,0.0000,0.0000,68.3871,0.0000,3889.0000,1443.0000,0.0000,17.0000,30.0000,16.0000,10.0000
1.4260,0.4420,0.2550,0.2820,0.0960,0.0000,0.0000,0.7290,1.0000,2.7930,4.5490,2.8220,0.0000,0.0000,0.0000,68.3878,0.0000,3889.0000,1443.0000,0.0000,17.0000,31.0000,16.0000,10.0000
1.4530,0.4220,0.2760,0.2300,0.0970,0.0000,0.0000,0.7550,1.0000,2.7930,4.5490,2.8220,0.0000,0.0000,0.0000,68.3871,0.0000,3889.0000,1443.0000,0.0000,17.0000,30.0000,16.0000,10.0000
1.4240,0.3590,0.2460,0.2110,0.0930,0.0000,0.0000,0.8190,1.0000,2.7930,4.5490,2.8220,0.0000,0.0000,0.0000,68.3871,0.0000,3889.0000,1443.0000,0.0000,17.0000,30.0000,16.0000,10.0000
1.3880,0.4010,0.2810,0.2260,0.1290,0.0000,0.0000,0.7060,1.0000,2.7930,4.5490,2.8220,0.0000,0.0000,0.0000,68.3871,0.0000,3889.0000,1443.0000,0.0000,17.0000,30.0000,16.0000,10.0000
1.3760,0.3590,0.2540,0.2100,0.0930,0.0000,0.0000,0.7630,1.0000,2.7930,4.5490,2.8220,0.0000,0.0000,0.0000,68.3871,0.0000,3889.0000,1443.0000,0.0000,17.0000,30.0000,16.0000,10.0000
1.6250,0.3960,0.3200,0.2580,0.1380,0.0000,0.0000,0.9090,1.0000,2.7930,4.5490,2.8220,0.0000,0.0000,0.0000,68.4073,0.0000,3891.0000,1443.0000,0.0000,17.0000,30.0000,16.0000,10.0000
1.4190,0.4490,0.2640,0.2110,0.0950,0.0000,0.0000,0.7060,1.0000,2.7930,4.5490,2.8220,0.0000,0.0000,0.0000,68.4073,0.0000,3891.0000,1443.0000,0.0000,17.0000,30.0000,16.0000,10.0000
1.5220,0.4150,0.2840,0.2690,0.1290,0.0000,0.0000,0.8230,1.0000,2.7930,4.5490,2.8220,0.0000,0.0000,0.0000,68.4177,0.0000,3892.0000,1443.0000,0.0000,17.0000,30.0000,16.0000,11.0000
1.4240,0.4410,0.2740,0.2120,0.1010,0.0000,0.0000,0.7090,1.0000,2.7930,4.5490,2.8220,0.0000,0.0000,0.0000,68.4177,0.0000,3892.0000,1443.0000,0.0000,17.0000,30.0000,16.0000,11.0000
1.6110,0.3940,0.2830,0.2500,0.1270,0.0000,0.0000,0.9340,1.0000,2.7930,4.5490,2.8220,0.0000,0.0000,0.0000,68.4280,0.0000,3893.0000,1443.0000,0.0000,17.0000,30.0000,16.0000,10.0000
1.5170,0.4360,0.2700,0.2170,0.1030,0.0000,0.0000,0.8110,1.0000,2.7930,4.5490,2.8220,0.0000,0.0000,0.0000,68.4280,0.0000,3893.0000,1443.0000,0.0000,17.0000,30.0000,16.0000,10.0000
1.5000,0.4540,0.2570,0.2550,0.1000,0.0000,0.0000,0.7890,1.0000,2.7930,4.5490,2.8220,0.0000,0.0000,0.0000,68.4281,0.0000,3893.0000,1443.0000,0.0000,17.0000,30.0000,16.0000,10.0000
1.4910,0.3720,0.2620,0.2110,0.0970,0.0000,0.0000,0.8570,1.0000,2.7930,4.5490,2.8220,0.0000,0.0000,0.0000,68.4274,0.0000,3893.0000,1443.0000,0.0000,17.0000,29.0000,16.0000,9.0000
1.7070,0.4300,0.3750,0.2710,0.1770,0.0000,0.0000,0.9020,1.0000,2.7930,4.5490,2.8220,0.0000,0.0000,0.0000,68.4476,0.0000,3895.0000,1443.0000,0.0000,17.0000,29.0000,16.0000,9.0000
1.8060,0.4430,0.2640,0.2140,0.1030,0.0000,0.0000,1.0990,1.0000,2.7930,4.5490,2.8220,0.0000,0.0000,0.0000,68.4540,0.0000,3896.0000,1443.0000,0.0000,17.0000,29.0000,16.0000,9.0000
1.7960,0.6750,0.3140,0.4790,0.1360,0.0000,0.0000,0.8070,1.0000,2.7930,4.5490,2.8220,0.0000,0.0000,0.0000,68.4618,0.0000,3897.0000,1443.0000,0.0000,17.0000,29.0000,16.0000,11.0000
1.9400,0.5880,0.3990,0.3600,0.2140,0.0000,0.0000,0.9530,1.0000,2.7930,4.5490,2.8220,0.0000,0.0000,0.0000,68.5360,0.0000,3913.0000,1443.0000,0.0000,17.0000,29.0000,16.0000,12.0000
1.6570,0.6960,0.2930,0.2210,0.1070,0.0000,0.0000,0.6680,1.0000,2.7930,4.5490,2.8220,0.0000,0.0000,0.0000,68.5361,0.0000,3913.0000,1443.0000,0.0000,17.0000,29.0000,16.0000,12.0000
1.8750,0.4250,0.3680,0.2680,0.1570,0.0000,0.0000,1.0820,1.0000,2.7930,4.5490,2.8220,0.0000,0.0000,0.0000,68.5669,0.0000,3916.0000,1443.0000,0.0000,17.0000,29.0000,16.0000,12.0000
1.5460,0.4970,0.2640,0.2100,0.1040,0.0000,0.0000,0.7850,1.0000,2.7930,4.5490,2.8220,0.0000,0.0000,0.0000,68.5669,0.0000,3916.0000,1443.0000,0.0000,17.0000,29.0000,16.0000,12.0000
1.5230,0.4220,0.2760,0.2250,0.1150,0.0000,0.0000,0.8250,1.0000,2.7930,4.5490,2.8220,0.0000,0.0000,0.0000,68.5671,0.0000,3916.0000,1443.0000,0.0000,17.0000,29.0000,16.0000,12.0000
1.8180,0.3590,0.5060,0.2080,0.2150,0.0000,0.0000,0.9530,1.0000,2.7930,4.5490,2.8220,0.0000,0.0000,0.0000,68.5671,0.0000,3916.0000,1443.0000,0.0000,17.0000,29.0000,16.0000,12.0000
1.8410,0.3850,0.3530,0.2190,0.1600,0.0000,0.0000,1.1030,1.0000,2.7930,4.5490,2.8220,0.0000,0.0000,0.0000,68.5774,0.0000,3917.0000,1443.0000,0.0000,17.0000,29.0000,16.0000,11.0000
1.7830,0.4880,0.3320,0.2630,0.1350,0.0000,0.0000,0.9630,1.0000,2.7930,4.5490,2.8220,0.0000,0.0000,0.0000,68.5774,0.0000,3917.0000,1443.0000,0.0000,17.0000,29.0000,16.0000,11.0000
1.5260,0.5290,0.3060,0.3120,0.1140,0.0000,0.0000,0.6910,1.0000,2.7930,4.5490,2.8220,0.0000,0.0000,0.0000,68.5774,0.0000,3917.0000,1443.0000,0.0000,17.0000,29.0000,16.0000,11.0000
1.5540,0.4240,0.2910,0.2690,0.1330,0.0000,0.0000,0.8390,1.0000,2.7930,4.5490,2.8220,0.0000,0.0000,0.0000,68.5877,0.0000,3918.0000,1443.0000,0.0000,17.0000,29.0000,16.0000,11.0000
1.4950,0.4300,0.2990,0.2190,0.1050,0.0000,0.0000,0.7660,1.0000,2.7930,4.5490,2.8220,0.0000,0.0000,0.0000,68.5877,0.0000,3918.0000,1443.0000,0.0000,17.0000,29.0000,16.0000,11.0000
1.5400,0.4100,0.2980,0.2620,0.1410,0.0000,0.0000,0.8320,1.0000,2.7930,4.5490,2.8220,0.0000,0.0000,0.0000,68.5870,0.0000,3918.0000,1443.0000,0.0000,17.0000,28.0000,16.0000,11.0000
1.5980,0.3770,0.3010,0.2060,0.1430,0.0000,0.0000,0.9200,1.0000,2.7930,4.5490,2.8220,0.0000,0.0000,0.0000,68.5966,0.0000,3919.0000,1443.0000,0.0000,17.0000,27.0000,16.0000,11.0000
1.5550,0.4490,0.2540,0.2600,0.0960,0.0000,0.0000,0.8520,1.0000,2.7930,4.5490,2.8220,0.0000,0.0000,0.0000,68.5966,0.0000,3919.0000,1443.0000,0.0000,17.0000,27.0000,16.0000,11.0000
1.7410,0.3760,0.3260,0.2080,0.1490,0.0000,0.0000,1.0390,1.0000,2.7930,4.5490,2.8220,0.0000,0.0000,0.0000,68.6271,0.0000,3922.0000,1443.0000,0.0000,17.0000,27.0000,16.0000,11.0000
1.5210,0.5440,0.2950,0.2230,0.1080,0.0000,0.0000,0.6820,1.0000,2.7930,4.5490,2.8220,0.0000,0.0000,0.0000,68.6271,0.0000,3922.0000,1443.0000,0.0000,17.0000,27.0000,16.0000,11.0000
2.2230,0.3600,0.3450,0.2080,0.1880,0.0000,0.0000,1.5180,1.0000,2.7930,4.5490,2.8220,0.0000,0.0000,0.0000,68.6588,0.0000,3925.0000,1443.0000,0.0000,17.0000,28.0000,16.0000,11.0000
1.6060,0.9040,0.3480,0.4610,0.1640,0.0000,0.0000,0.3540,1.0000,2.7930,4.5490,2.8220,0.0000,0.0000,0.0000,68.6588,0.0000,3925.0000,1443.0000,0.0000,17.0000,28.0000,16.0000,11.0000
1.5460,0.3790,0.2600,0.2120,0.0970,0.0000,0.0000,0.9070,1.0000,2.7930,4.5490,2.8220,0.0000,0.0000,0.0000,68.6590,0.0000,3925.0000,1443.0000,0.0000,17.0000,28.0000,16.0000,11.0000
1.5120,0.4160,0.2890,0.2250,0.0980,0.0000,0.0000,0.8070,1.0000,2.7930,4.5490,2.8220,0.0000,0.0000,0.0000,68.6596,0.0000,3925.0000,1443.0000,0.0000,17.0000,29.0000,16.0000,11.0000
1.5820,0.3620,0.2840,0.2070,0.1280,0.0000,0.0000,0.9360,1.0000,2.7930,4.5490,2.8220,0.0000,0.0000,0.0000,68.6699,0.0000,3926.0000,1443.0000,0.0000,17.0000,29.0000,16.0000,11.0000
1.5060,0.4570,0.3180,0.2200,0.1100,0.0000,0.0000,0.7310,1.0000,2.7930,4.5490,2.8220,0.0000,0.0000,0.0000,68.6642,0.0000,3916.0000,1443.0000,0.0000,17.0000,29.0000,16.0000,11.0000
1.6200,0.3560,0.2880,0.2040,0.1340,0.0000,0.0000,0.9760,1.0000,2.7930,4.5490,2.8220,0.0000,0.0000,0.0000,68.6839,0.0000,3918.0000,1443.0000,0.0000,17.0000,28.0000,16.0000,10.0000
1.6470,0.4780,0.3120,0.2290,0.1530,0.0000,0.0000,0.8570,1.0000,2.7930,4.5490,2.8220,0.0000,0.0000,0.0000,68.7035,0.0000,3920.0000,1443.0000,0.0000,17.0000,27.0000,16.0000,10.0000
1.6660,0.5370,0.3270,0.2490,0.1710,0.0000,0.0000,0.8020,1.0000,2.7930,4.5490,2.8220,0.0000,0.0000,0.0000,68.7238,0.0000,3922.0000,1443.0000,0.0000,17.0000,27.0000,16.0000,10.0000
1.4700,0.4430,0.2540,0.2080,0.0970,0.0000,0.0000,0.7730,1.0000,2.7930,4.5490,2.8220,0.0000,0.0000,0.0000,68.7246,0.0000,3922.0000,1443.0000,0.0000,17.0000,28.0000,16.0000,10.0000
1.4260,0.4250,0.2850,0.2200,0.1000,0.0000,0.0000,0.7160,1.0000,2.7930,4.5490,2.8220,0.0000,0.0000,0.0000,68.7247,0.0000,3922.0000,1443.0000,0.0000,17.0000,28.0000,16.0000,10.0000
1.9340,0.3830,0.2760,0.2290,0.1170,0.0000,0.0000,1.2750,1.0000,2.7930,4.5490,2.8220,0.0000,0.0000,0.0000,68.7247,0.0000,3922.0000,1443.0000,0.0000,17.0000,28.0000,16.0000,10.0000
1.5800,0.5900,0.2880,0.3240,0.1010,0.0000,0.0000,0.7020,1.0000,2.7930,4.5490,2.8220,0.0000,0.0000,0.0000,68.7227,0.0000,3921.0000,1443.0000,0.0000,17.0000,27.0000,16.0000,10.0000
1.4500,0.4270,0.2930,0.2240,0.1290,0.0000,0.0000,0.7300,1.0000,2.7930,4.5490,2.8220,0.0000,0.0000,0.0000,68.7227,0.0000,3921.0000,1443.0000,0.0000,17.0000,27.0000,16.0000,10.0000
1.4000,0.3620,0.2530,0.2060,0.0960,0.0000,0.0000,0.7850,1.0000,2.7930,4.5490,2.8220,0.0000,0.0000,0.0000,68.7227,0.0000,3921.0000,1443.0000,0.0000,17.0000,27.0000,16.0000,10.0000
1.6350,0.4150,0.2890,0.2660,0.0950,0.0000,0.0000,0.9310,1.0000,2.7930,4.5490,2.8220,0.0000,0.0000,0.0000,68.7234,0.0000,3921.0000,1443.0000,0.0000,17.0000,28.0000,16.0000,10.0000
1.6180,0.3750,0.2870,0.2070,0.1290,0.0000,0.0000,0.9560,1.0000,2.7930,4.5490,2.8220,0.0000,0.0000,0.0000,68.7337,0.0000,3922.0000,1443.0000,0.0000,17.0000,28.0000,16.0000,9.0000
1.4490,0.4580,0.2800,0.2220,0.1010,0.0000,0.0000,0.7110,1.0000,2.7930,4.5490,2.8220,0.0000,0.0000,0.0000,68.7330,0.0000,3922.0000,1443.0000,0.0000,17.0000,27.0000,16.0000,9.0000
3.5620,0.4150,0.2540,0.2640,0.0970,0.0000,0.0000,2.8930,1.0000,2.7930,4.5490,2.8220,0.0000,0.0000,0.0000,68.7337,0.0000,3922.0000,1443.0000,0.0000,17.0000,28.0000,16.0000,9.0000
1.6260,0.4160,0.3350,0.2230,0.1420,0.0000,0.0000,0.8750,1.0000,2.7930,4.5490,2.8220,0.0000,0.0000,0.0000,68.3601,0.0000,3886.0000,1443.0000,0.0000,17.0000,27.0000,16.0000,9.0000
1.6760,0.4020,0.3090,0.2050,0.1500,0.0000,0.0000,0.9650,1.0000,2.7930,4.5490,2.8220,0.0000,0.0000,0.0000,68.3998,0.0000,3890.0000,1443.0000,0.0000,17.0000,26.0000,16.0000,9.0000
1.6950,0.5330,0.3560,0.2170,0.1440,0.0000,0.0000,0.8060,1.0000,2.7930,4.5490,2.8220,0.0000,0.0000,0.0000,68.4116,0.0000,3891.0000,1443.0000,0.0000,17.0000,28.0000,16.0000,9.0000
1.4070,0.4780,0.2880,0.2520,0.1030,0.0000,0.0000,0.6410,1.0000,2.7930,4.5490,2.8220,0.0000,0.0000,0.0000,68.4118,0.0000,3891.0000,1443.0000,0.0000,17.0000,28.0000,16.0000,9.0000
1.5110,0.3550,0.2910,0.2060,0.1350,0.0000,0.0000,0.8650,1.0000,2.7930,4.5490,2.8220,0.0000,0.0000,0.0000,68.4320,0.0000,3893.0000,1443.0000,0.0000,17.0000,28.0000,16.0000,9.0000
1.5290,0.4820,0.2830,0.2180,0.1000,0.0000,0.0000,0.7640,1.0000,2.7930,4.5490,2.8220,0.0000,0.0000,0.0000,68.4313,0.0000,3893.0000,1443.0000,0.0000,17.0000,27.0000,16.0000,9.0000
1.5270,0.3610,0.2690,0.2100,0.1000,0.0000,0.0000,0.8970,1.0000,2.7930,4.5490,2.8220,0.0000,0.0000,0.0000,68.4314,0.0000,3893.0000,1443.0000,0.0000,17.0000,27.0000,16.0000,9.0000
1.6700,0.4450,0.3190,0.2280,0.1300,0.0000,0.0000,0.9060,1.0000,2.7930,4.5490,2.8220,0.0000,0.0000,0.0000,68.4424,0.0000,3894.0000,1443.0000,0.0000,17.0000,28.0000,16.0000,9.0000
1.4140,0.5490,0.2570,0.2570,0.0980,0.0000,0.0000,0.6080,1.0000,2.7930,4.5490,2.8220,0.0000,0.0000,0.0000,68.4424,0.0000,3894.0000,1443.0000,0.0000,17.0000,28.0000,16.0000,9.0000
1.4330,0.3920,0.2870,0.2290,0.1080,0.0000,0.0000,0.7540,1.0000,2.7930,4.5490,2.8220,0.0000,0.0000,0.0000,68.4425,0.0000,3894.0000,1443.0000,0.0000,17.0000,28.0000,16.0000,9.0000
1.7210,0.3610,0.4410,0.2160,0.2840,0.0000,0.0000,0.9190,1.0000,2.7930,4.5490,2.8220,0.0000,0.0000,0.0000,68.4520,0.0000,3895.0000,1443.0000,0.0000,17.0000,27.0000,16.0000,9.0000
1.5870,0.4330,0.3040,0.2160,0.1310,0.0000,0.0000,0.8500,1.0000,2.7930,4.5490,2.8220,0.0000,0.0000,0.0000,68.4623,0.0000,3896.0000,1443.0000,0.0000,17.0000,27.0000,16.0000,9.0000
1.4120,0.4600,0.2600,0.2730,0.0980,0.0000,0.0000,0.6920,1.0000,2.7930,4.5490,2.8220,0.0000,0.0000,0.0000,68.4630,0.0000,3896.0000,1443.0000,0.0000,17.0000,28.0000,16.0000,9.0000
1.3900,0.3610,0.2640,0.2080,0.0960,0.0000,0.0000,0.7650,1.0000,2.7930,4.5490,2.8220,0.0000,0.0000,0.0000,68.4631,0.0000,3896.0000,1443.0000,0.0000,17.0000,28.0000,16.0000,9.0000
1.3480,0.3990,0.2460,0.2540,0.0930,0.0000,0.0000,0.7030,1.0000,2.7930,4.5490,2.8220,0.0000,0.0000,0.0000,68.4631,0.0000,3896.0000,1443.0000,0.0000,17.0000,28.0000,16.0000,9.0000
1.5980,0.3720,0.3140,0.2220,0.1370,0.0000,0.0000,0.9120,1.0000,2.7930,4.5490,2.8220,0.0000,0.0000,0.0000,68.4826,0.0000,3898.0000,1443.0000,0.0000,17.0000,27.0000,16.0000,9.0000
1.4350,0.4870,0.2490,0.2180,0.0940,0.0000,0.0000,0.6990,1.0000,2.7930,4.5490,2.8220,0.0000,0.0000,0.0000,68.4833,0.0000,3898.0000,1443.0000,0.0000,17.0000,28.0000,16.0000,9.0000
1.4320,0.3710,0.2750,0.2190,0.0950,0.0000,0.0000,0.7860,1.0000,2.7930,4.5490,2.8220,0.0000,0.0000,0.0000,68.4827,0.0000,3898.0000,1443.0000,0.0000,17.0000,27.0000,16.0000,9.0000
1.4040,0.3510,0.2470,0.2050,0.0940,0.0000,0.0000,0.8060,1.0000,2.7930,4.5490,2.8220,0.0000,0.0000,0.0000,68.4827,0.0000,3898.0000,1443.0000,0.0000,17.0000,27.0000,16.0000,9.0000
1.3740,0.4110,0.2440,0.2260,0.0940,0.0000,0.0000,0.7190,1.0000,2.7930,4.5490,2.8220,0.0000,0.0000,0.0000,68.4834,0.0000,3898.0000,1443.0000,0.0000,17.0000,28.0000,16.0000,9.0000
1.4520,0.3520,0.2580,0.2030,0.0950,0.0000,0.0000,0.8420,1.0000,2.7930,4.5490,2.8220,0.0000,0.0000,0.0000,68.4833,0.0000,3898.0000,1443.0000,0.0000,17.0000,28.0000,16.0000,10.0000
1.4340,0.4540,0.2880,0.3080,0.1020,0.0000,0.0000,0.6920,1.0000,2.7930,4.5490,2.8220,0.0000,0.0000,0.0000,68.4833,0.0000,3898.0000,1443.0000,0.0000,17.0000,28.0000,16.0000,10.0000
1.6500,0.3790,0.2770,0.2120,0.1130,0.0000,0.0000,0.9940,1.0000,2.7930,4.5490,2.8220,0.0000,0.0000,0.0000,68.4826,0.0000,3898.0000,1443.0000,0.0000,17.0000,27.0000,16.0000,10.0000
