frame_ms,scripts_physics_ms,scripts_process_ms,guard_ai_ms,guard_presentation_ms,render_cpu_ms,render_gpu_ms,other_ms,physics_ticks,process_max1s_ms,physics_max1s_ms,navigation_max1s_ms,draw_calls,objects,primitives,static_mem_mb,video_mem_mb,object_count,node_count,orphan_nodes,physics_active,collision_pairs,nav_agents,guards_moving
5.5530,0.5390,0.4630,0.3470,0.1750,0.0000,0.0000,4.5510,1.0000,0.0000,0.0000,0.0000,0.0000,0.0000,0.0000,69.8238,0.0000,4378.0000,1755.0000,0.0000,25.0000,35.0000,24.0000,7.0000
1.9830,0.5570,0.3950,0.3840,0.1700,0.0000,0.0000,1.0310,1.0000,0.0000,0.0000,0.0000,0.0000,0.0000,0.0000,69.8238,0.0000,4378.0000,1755.0000,0.0000,25.0000,35.0000,24.0000,7.0000
2.2240,0.5490,0.4990,0.3770,0.2140,0.0000,0.0000,1.1760,1.0000,0.0000,0.0000,0.0000,0.0000,0.0000,0.0000,69.8341,0.0000,4379.0000,1755.0000,0.0000,25.0000,35.0000,24.0000,7.0000
1.8740,0.6820,0.3510,0.4740,0.1480,0.0000,0.0000,0.8410,1.0000,0.0000,0.0000,0.0000,0.0000,0.0000,0.0000,69.8341,0.0000,4379.0000,1755.0000,0.0000,25.0000,35.0000,24.0000,7.0000
1.9310,0.5680,0.3970,0.4020,0.1560,0.0000,0.0000,0.9660,1.0000,0.0000,0.0000,0.0000,0.0000,0.0000,0.0000,69.8341,0.0000,4379.0000,1755.0000,0.0000,25.0000,35.0000,24.0000,7.0000
2.3790,0.5700,0.3830,0.3920,0.1660,0.0000,0.0000,1.4260,1.0000,0.0000,0.0000,0.0000,0.0000,0.0000,0.0000,69.8352,0.0000,4379.0000,1755.0000,0.0000,25.0000,35.0000,24.0000,6.0000
2.0370,0.9730,0.3810,0.7650,0.1810,0.0000,0.0000,0.6830,1.0000,0.0000,0.0000,0.0000,0.0000,0.0000,0.0000,69.8353,0.0000,4379.0000,1755.0000,0.0000,25.0000,35.0000,24.0000,7.0000
1.9960,0.6340,0.3620,0.4420,0.1580,0.0000,0.0000,1.0000,1.0000,0.0000,0.0000,0.0000,0.0000,0.0000,0.0000,69.8353,0.0000,4379.0000,1755.0000,0.0000,25.0000,35.0000,24.0000,7.0000
1.8960,0.5500,0.3670,0.3710,0.1550,0.0000,0.0000,0.9790,1.0000,0.0000,0.0000,0.0000,0.0000,0.0000,0.0000,69.8346,0.0000,4379.0000,1755.0000,0.0000,25.0000,34.0000,24.0000,7.0000
2.3490,0.5130,0.4220,0.3370,0.2120,0.0000,0.0000,1.4140,1.0000,0.0000,0.0000,0.0000,0.0000,0.0000,0.0000,69.8758,0.0000,4383.0000,1755.0000,0.0000,25.0000,35.0000,24.0000,7.0000
2.3230,0.7270,0.5550,0.3430,0.2810,0.0000,0.0000,1.0410,1.0000,0.0000,0.0000,0.0000,0.0000,0.0000,0.0000,69.8758,0.0000,4383.0000,1755.0000,0.0000,25.0000,35.0000,24.0000,7.0000
2.0010,0.6160,0.4040,0.4180,0.1740,0.0000,0.0000,0.9810,1.0000,0.0000,0.0000,0.0000,0.0000,0.0000,0.0000,69.8761,0.0000,4383.0000,1755.0000,0.0000,25.0000,35.0000,24.0000,7.0000
2.0090,0.6370,0.4280,0.4560,0.1910,0.0000,0.0000,0.9440,1.0000,0.0000,0.0000,0.0000,0.0000,0.0000,0.0000,69.8761,0.0000,4383.0000,1755.0000,0.0000,25.0000,35.0000,24.0000,7.0000
2.1390,0.6010,0.4400,0.4070,0.2150,0.0000,0.0000,1.0980,1.0000,0.0000,0.0000,0.0000,0.0000,0.0000,0.0000,69.8964,0.0000,4385.0000,1755.0000,0.0000,25.0000,35.0000,24.0000,7.0000
1.8740,0.7220,0.3630,0.3920,0.1570,0.0000,0.0000,0.7890,1.0000,0.0000,0.0000,0.0000,0.0000,0.0000,0.0000,69.8964,0.0000,4385.0000,1755.0000,0.0000,25.0000,35.0000,24.0000,7.0000
2.0580,0.5740,0.3960,0.4000,0.1690,0.0000,0.0000,1.0880,1.0000,0.0000,0.0000,0.0000,0.0000,0.0000,0.0000,69.8958,0.0000,4385.0000,1755.0000,0.0000,25.0000,34.0000,24.0000,7.0000
1.9870,0.6310,0.3650,0.4550,0.1710,0.0000,0.0000,0.9910,1.0000,0.0000,0.0000,0.0000,0.0000,0.0000,0.0000,69.8958,0.0000,4385.0000,1755.0000,0.0000,25.0000,34.0000,24.0000,7.0000
1.9770,0.5750,0.3860,0.3990,0.1670,0.0000,0.0000,1.0160,1.0000,0.0000,0.0000,0.0000,0.0000,0.0000,0.0000,69.8958,0.0000,4385.0000,1755.0000,0.0000,25.0000,34.0000,24.0000,7.0000
2.2150,0.6350,0.4220,0.4590,0.2050,0.0000,0.0000,1.1580,1.0000,0.0000,0.0000,0.0000,0.0000,0.0000,0.0000,69.9062,0.0000,4386.0000,1755.0000,0.0000,25.0000,34.0000,24.0000,8.0000
2.1720,0.7220,0.4160,0.4900,0.2020,0.0000,0.0000,1.0340,1.0000,0.0000,0.0000,0.0000,0.0000,0.0000,0.0000,69.9165,0.0000,4387.0000,1755.0000,0.0000,25.0000,34.0000,24.0000,8.0000
2.0510,0.6790,0.4050,0.3590,0.1790,0.0000,0.0000,0.9670,1.0000,0.0000,0.0000,0.0000,0.0000,0.0000,0.0000,69.9158,0.0000,4387.0000,1755.0000,0.0000,25.0000,33.0000,24.0000,8.0000
2.3510,0.5710,0.4050,0.3630,0.1980,0.0000,0.0000,1.3750,1.0000,0.0000,0.0000,0.0000,0.0000,0.0000,0.0000,69.9262,0.0000,4388.0000,1755.0000,0.0000,25.0000,33.0000,24.0000,8.0000
2.6420,0.7210,0.5430,0.4750,0.2290,0.0000,0.0000,1.3780,1.0000,0.0000,0.0000,0.0000,0.0000,0.0000,0.0000,69.9270,0.0000,4388.0000,1755.0000,0.0000,25.0000,34.0000,24.0000,8.0000
2.3520,0.7390,0.3960,0.5140,0.1780,0.0000,0.0000,1.2170,1.0000,0.0000,0.0000,0.0000,0.0000,0.0000,0.0000,69.9270,0.0000,4388.0000,1755.0000,0.0000,25.0000,34.0000,24.0000,8.0000
2.5320,0.7310,0.5150,0.4640,0.2440,0.0000,0.0000,1.2860,1.0000,0.0000,0.0000,0.0000,0.0000,0.0000,0.0000,69.6900,0.0000,4365.0000,1755.0000,0.0000,25.0000,34.0000,24.0000,9.0000
2.2290,0.8380,0.4360,0.5760,0.2370,0.0000,0.0000,0.9550,1.0000,0.0000,0.0000,0.0000,0.0000,0.0000,0.0000,69.6881,0.0000,4365.0000,1755.0000,0.0000,25.0000,34.0000,24.0000,9.0000
2.4600,0.6390,0.3670,0.3880,0.1830,0.0000,0.0000,1.4540,1.0000,0.0000,0.0000,0.0000,0.0000,0.0000,0.0000,69.6874,0.0000,4365.0000,1755.0000,0.0000,25.0000,33.0000,24.0000,9.0000
2.1080,0.9320,0.4720,0.6550,0.1910,0.0000,0.0000,0.7040,1.0000,0.0000,0.0000,0.0000,0.0000,0.0000,0.0000,69.6875,0.0000,4365.0000,1755.0000,0.0000,25.0000,33.0000,24.0000,9.0000
2.2330,0.6300,0.4220,0.4450,0.1860,0.0000,0.0000,1.1810,1.0000,0.0000,0.0000,0.0000,0.0000,0.0000,0.0000,69.6868,0.0000,4365.0000,1755.0000,0.0000,25.0000,32.0000,24.0000,9.0000
2.4020,0.6550,0.4220,0.4330,0.1840,0.0000,0.0000,1.3250,1.0000,0.0000,0.0000,0.0000,0.0000,0.0000,0.0000,69.6875,0.0000,4365.0000,1755.0000,0.0000,25.0000,33.0000,24.0000,9.0000
1.9820,0.5730,0.4250,0.3670,0.1980,0.0000,0.0000,0.9840,1.0000,0.0000,0.0000,0.0000,0.0000,0.0000,0.0000,69.6875,0.0000,4365.0000,1755.0000,0.0000,25.0000,33.0000,24.0000,9.0000
2.0740,0.5270,0.4080,0.3570,0.2140,0.0000,0.0000,1.1390,1.0000,0.0000,0.0000,0.0000,0.0000,0.0000,0.0000,69.6875,0.0000,4365.0000,1755.0000,0.0000,25.0000,33.0000,24.0000,9.0000
2.3460,0.5490,0.4450,0.3810,0.2390,0.0000,0.0000,1.3520,1.0000,0.0000,0.0000,0.0000,0.0000,0.0000,0.0000,69.7080,0.0000,4367.0000,1755.0000,0.0000,25.0000,33.0000,24.0000,9.0000
2.1030,0.7610,0.3740,0.4740,0.1560,0.0000,0.0000,0.9680,1.0000,0.0000,0.0000,0.0000,0.0000,0.0000,0.0000,69.7080,0.0000,4367.0000,1755.0000,0.0000,25.0000,33.0000,24.0000,9.0000
1.8950,0.6540,0.3460,0.4210,0.1470,0.0000,0.0000,0.8950,1.0000,0.0000,0.0000,0.0000,0.0000,0.0000,0.0000,69.7081,0.0000,4367.0000,1755.0000,0.0000,25.0000,33.0000,24.0000,9.0000
2.0050,0.6380,0.3890,0.3990,0.1620,0.0000,0.0000,0.9780,1.0000,0.0000,0.0000,0.0000,0.0000,0.0000,0.0000,69.7081,0.0000,4367.0000,1755.0000,0.0000,25.0000,33.0000,24.0000,9.0000
2.0780,0.6740,0.4090,0.4950,0.1900,0.0000,0.0000,0.9950,1.0000,0.0000,0.0000,0.0000,0.0000,0.0000,0.0000,69.7081,0.0000,4367.0000,1755.0000,0.0000,25.0000,33.0000,24.0000,9.0000
2.2920,0.5970,0.4290,0.3790,0.2100,0.0000,0.0000,1.2660,1.0000,4.2770,156.3970,4.6760,0.0000,0.0000,0.0000,69.7184,0.0000,4368.0000,1755.0000,0.0000,25.0000,33.0000,24.0000,9.0000
1.9090,0.6500,0.3410,0.3460,0.1510,0.0000,0.0000,0.9180,1.0000,4.2770,156.3970,4.6760,0.0000,0.0000,0.0000,69.7191,0.0000,4368.0000,1755.0000,0.0000,25.0000,34.0000,24.0000,9.0000
2.1080,0.5250,0.4330,0.3390,0.2330,0.0000,0.0000,1.1500,1.0000,4.2770,156.3970,4.6760,0.0000,0.0000,0.0000,69.7198,0.0000,4368.0000,1755.0000,0.0000,25.0000,35.0000,24.0000,9.0000
2.0390,0.5330,0.4060,0.3450,0.1840,0.0000,0.0000,1.1000,1.0000,4.2770,156.3970,4.6760,0.0000,0.0000,0.0000,69.7198,0.0000,4368.0000,1755.0000,0.0000,25.0000,35.0000,24.0000,9.0000
4.1720,0.5210,0.4270,0.3440,0.2040,0.0000,0.0000,3.2240,1.0000,4.2770,156.3970,4.6760,0.0000,0.0000,0.0000,69.7401,0.0000,4370.0000,1755.0000,0.0000,25.0000,35.0000,24.0000,9.0000
2.3270,2.2660,0.5010,1.9940,0.2730,0.0000,0.0000,0.0000,1.0000,4.2770,156.3970,4.6760,0.0000,0.0000,0.0000,69.7409,0.0000,4370.0000,1755.0000,0.0000,25.0000,36.0000,24.0000,9.0000
2.2520,0.7260,0.3670,0.5020,0.1600,0.0000,0.0000,1.1590,1.0000,4.2770,156.3970,4.6760,0.0000,0.0000,0.0000,69.7417,0.0000,4370.0000,1755.0000,0.0000,25.0000,36.0000,24.0000,11.0000
2.4130,0.7130,0.4110,0.5410,0.2100,0.0000,0.0000,1.2890,1.0000,4.2770,156.3970,4.6760,0.0000,0.0000,0.0000,69.7620,0.0000,4372.0000,1755.0000,0.0000,25.0000,36.0000,24.0000,11.0000
2.1210,0.6180,0.4180,0.3410,0.2080,0.0000,0.0000,1.0850,1.0000,4.2770,156.3970,4.6760,0.0000,0.0000,0.0000,69.7621,0.0000,4372.0000,1755.0000,0.0000,25.0000,36.0000,24.0000,12.0000
2.0900,0.7630,0.4370,0.5580,0.1640,0.0000,0.0000,0.8900,1.0000,4.2770,156.3970,4.6760,0.0000,0.0000,0.0000,69.7622,0.0000,4372.0000,1755.0000,0.0000,25.0000,36.0000,24.0000,12.0000
2.2080,0.5880,0.4440,0.3970,0.2010,0.0000,0.0000,1.1760,1.0000,4.2770,156.3970,4.6760,0.0000,0.0000,0.0000,69.7825,0.0000,4374.0000,1755.0000,0.0000,25.0000,36.0000,24.0000,12.0000
2.1350,0.7620,0.3860,0.4130,0.1970,0.0000,0.0000,0.9870,1.0000,4.2770,156.3970,4.6760,0.0000,0.0000,0.0000,69.8028,0.0000,4376.0000,1755.0000,0.0000,25.0000,36.0000,24.0000,12.0000
2.0220,0.6590,0.3870,0.3420,0.1740,0.0000,0.0000,0.9760,1.0000,4.2770,156.3970,4.6760,0.0000,0.0000,0.0000,69.8030,0.0000,4376.0000,1755.0000,0.0000,25.0000,36.0000,24.0000,12.0000
1.8780,0.5990,0.3480,0.3470,0.1620,0.0000,0.0000,0.9310,1.0000,4.2770,156.3970,4.6760,0.0000,0.0000,0.0000,69.8031,0.0000,4376.0000,1755.0000,0.0000,25.0000,36.0000,24.0000,12.0000
2.0210,0.5670,0.3500,0.3360,0.1580,0.0000,0.0000,1.1040,1.0000,4.2770,156.3970,4.6760,0.0000,0.0000,0.0000,69.8031,0.0000,4376.0000,1755.0000,0.0000,25.0000,36.0000,24.0000,12.0000
2.5170,0.6230,0.4070,0.4520,0.2130,0.0000,0.0000,1.4870,1.0000,4.2770,156.3970,4.6760,0.0000,0.0000,0.0000,69.8234,0.0000,4378.0000,1755.0000,0.0000,25.0000,36.0000,24.0000,12.0000
2.1510,0.8650,0.4660,0.3650,0.2490,0.0000,0.0000,0.8200,1.0000,4.2770,156.3970,4.6760,0.0000,0.0000,0.0000,69.8228,0.0000,4378.0000,1755.0000,0.0000,25.0000,35.0000,24.0000,12.0000
2.1410,0.6040,0.4260,0.4230,0.1700,0.0000,0.0000,1.1110,1.0000,4.2770,156.3970,4.6760,0.0000,0.0000,0.0000,69.8229,0.0000,4378.0000,1755.0000,0.0000,25.0000,35.0000,24.0000,12.0000
2.3600,0.5950,0.4640,0.3900,0.2260,0.0000,0.0000,1.3010,1.0000,4.2770,156.3970,4.6760,0.0000,0.0000,0.0000,69.8642,0.0000,4382.0000,1755.0000,0.0000,25.0000,35.0000,24.0000,12.0000
1.9160,0.7260,0.3500,0.3270,0.1550,0.0000,0.0000,0.8400,1.0000,4.2770,156.3970,4.6760,0.0000,0.0000,0.0000,69.8650,0.0000,4382.0000,1755.0000,0.0000,25.0000,36.0000,24.0000,12.0000
2.0550,0.5080,0.3490,0.3220,0.1550,0.0000,0.0000,1.1980,1.0000,4.2770,156.3970,4.6760,0.0000,0.0000,0.0000,69.8652,0.0000,4382.0000,1755.0000,0.0000,25.0000,36.0000,24.0000,12.0000
1.9650,0.5120,0.3460,0.3230,0.1550,0.0000,0.0000,1.1070,1.0000,4.2770,156.3970,4.6760,0.0000,0.0000,0.0000,69.8652,0.0000,4382.0000,1755.0000,0.0000,25.0000,36.0000,24.0000,12.0000
1.9270,0.5610,0.3510,0.3280,0.1530,0.0000,0.0000,1.0150,1.0000,4.2770,156.3970,4.6760,0.0000,0.0000,0.0000,69.8652,0.0000,4382.0000,1755.0000,0.0000,25.0000,36.0000,24.0000,13.0000
2.2560,0.6080,0.3780,0.3810,0.1930,0.0000,0.0000,1.2700,1.0000,4.2770,156.3970,4.6760,0.0000,0.0000,0.0000,69.8894,0.0000,4385.0000,1755.0000,0.0000,25.0000,36.0000,24.0000,13.0000
2.1970,0.7170,0.3560,0.3780,0.1660,0.0000,0.0000,1.1240,1.0000,4.2770,156.3970,4.6760,0.0000,0.0000,0.0000,69.8882,0.0000,4385.0000,1755.0000,0.0000,25.0000,36.0000,24.0000,14.0000
2.7580,0.6470,0.7830,0.4490,0.5580,0.0000,0.0000,1.3280,1.0000,4.2770,156.3970,4.6760,0.0000,0.0000,0.0000,69.9208,0.0000,4392.0000,1755.0000,0.0000,25.0000,36.0000,24.0000,14.0000
2.8630,0.7230,0.3810,0.3300,0.1810,0.0000,0.0000,1.7590,1.0000,4.2770,156.3970,4.6760,0.0000,0.0000,0.0000,69.9209,0.0000,4392.0000,1755.0000,0.0000,25.0000,36.0000,24.0000,14.0000
2.4530,1.2530,0.4460,0.3710,0.2210,0.0000,0.0000,0.7540,1.0000,4.2770,156.3970,4.6760,0.0000,0.0000,0.0000,69.9313,0.0000,4393.0000,1755.0000,0.0000,25.0000,36.0000,24.0000,14.0000
2.0530,0.5900,0.4290,0.3420,0.1740,0.0000,0.0000,1.0340,1.0000,4.2770,156.3970,4.6760,0.0000,0.0000,0.0000,69.9313,0.0000,4393.0000,1755.0000,0.0000,25.0000,36.0000,24.0000,14.0000
1.9240,0.7020,0.4100,0.4340,0.1670,0.0000,0.0000,0.8120,1.0000,4.2770,156.3970,4.6760,0.0000,0.0000,0.0000,69.9313,0.0000,4393.0000,1755.0000,0.0000,25.0000,36.0000,24.0000,15.0000
2.0970,0.6740,0.4600,0.4550,0.2540,0.0000,0.0000,0.9630,1.0000,4.2770,156.3970,4.6760,0.0000,0.0000,0.0000,69.9410,0.0000,4394.0000,1755.0000,0.0000,25.0000,36.0000,24.0000,15.0000
1.9510,0.7490,0.3970,0.4750,0.1580,0.0000,0.0000,0.8050,1.0000,4.2770,156.3970,4.6760,0.0000,0.0000,0.0000,69.7456,0.0000,4375.0000,1755.0000,0.0000,25.0000,36.0000,24.0000,15.0000
2.1890,0.5860,0.4580,0.3850,0.1810,0.0000,0.0000,1.1450,1.0000,4.2770,156.3970,4.6760,0.0000,0.0000,0.0000,69.7457,0.0000,4375.0000,1755.0000,0.0000,25.0000,36.0000,24.0000,15.0000
1.9890,0.6380,0.4560,0.4390,0.2030,0.0000,0.0000,0.8950,1.0000,4.2770,156.3970,4.6760,0.0000,0.0000,0.0000,69.7560,0.0000,4376.0000,1755.0000,0.0000,25.0000,36.0000,24.0000,15.0000
1.9510,0.6100,0.4320,0.3270,0.2020,0.0000,0.0000,0.9090,1.0000,4.2770,156.3970,4.6760,0.0000,0.0000,0.0000,69.7662,0.0000,4377.0000,1755.0000,0.0000,25.0000,36.0000,24.0000,15.0000
1.7810,0.6710,0.3950,0.4330,0.1680,0.0000,0.0000,0.7150,1.0000,4.2770,156.3970,4.6760,0.0000,0.0000,0.0000,69.7663,0.0000,4377.0000,1755.0000,0.0000,25.0000,36.0000,24.0000,15.0000
1.8120,0.5860,0.4040,0.3840,0.2030,0.0000,0.0000,0.8220,1.0000,4.2770,156.3970,4.6760,0.0000,0.0000,0.0000,69.7656,0.0000,4377.0000,1755.0000,0.0000,25.0000,35.0000,24.0000,15.0000
1.9190,0.5280,0.3970,0.3510,0.2060,0.0000,0.0000,0.9940,1.0000,4.2770,156.3970,4.6760,0.0000,0.0000,0.0000,69.7759,0.0000,4378.0000,1755.0000,0.0000,25.0000,35.0000,24.0000,15.0000
1.7780,0.5650,0.3520,0.3390,0.1690,0.0000,0.0000,0.8610,1.0000,4.2770,156.3970,4.6760,0.0000,0.0000,0.0000,69.7759,0.0000,4378.0000,1755.0000,0.0000,25.0000,35.0000,24.0000,14.0000
2.0380,0.5070,0.4370,0.3260,0.2200,0.0000,0.0000,1.0940,1.0000,4.2770,156.3970,4.6760,0.0000,0.0000,0.0000,69.7967,0.0000,4380.0000,1755.0000,0.0000,25.0000,35.0000,24.0000,14.0000
2.3660,0.6040,0.3740,0.3290,0.1820,0.0000,0.0000,1.3880,1.0000,4.2770,156.3970,4.6760,0.0000,0.0000,0.0000,69.7968,0.0000,4380.0000,1755.0000,0.0000,25.0000,35.0000,24.0000,14.0000
2.8110,0.5410,0.5370,0.3300,0.2910,0.0000,0.0000,1.7330,1.0000,4.2770,156.3970,4.6760,0.0000,0.0000,0.0000,69.8277,0.0000,4383.0000,1755.0000,0.0000,25.0000,35.0000,24.0000,14.0000
2.7460,0.9820,0.4870,0.5740,0.2210,0.0000,0.0000,1.2770,1.0000,4.2770,156.3970,4.6760,0.0000,0.0000,0.0000,69.8284,0.0000,4383.0000,1755.0000,0.0000,25.0000,36.0000,24.0000,14.0000
2.3610,0.7700,0.4210,0.4980,0.2020,0.0000,0.0000,1.1700,1.0000,4.2770,156.3970,4.6760,0.0000,0.0000,0.0000,69.8489,0.0000,4385.0000,1755.0000,0.0000,25.0000,36.0000,24.0000,14.0000
2.0980,0.7360,0.4030,0.3500,0.1660,0.0000,0.0000,0.9590,1.0000,4.2770,156.3970,4.6760,0.0000,0.0000,0.0000,69.8489,0.0000,4385.0000,1755.0000,0.0000,25.0000,36.0000,24.0000,14.0000
2.2870,0.5390,0.6050,0.3440,0.2660,0.0000,0.0000,1.1430,1.0000,4.2770,156.3970,4.6760,0.0000,0.0000,0.0000,69.8490,0.0000,4385.0000,1755.0000,0.0000,25.0000,36.0000,24.0000,14.0000
2.3060,0.6580,0.4810,0.4620,0.2230,0.0000,0.0000,1.1670,1.0000,4.2770,156.3970,4.6760,0.0000,0.0000,0.0000,69.8683,0.0000,4383.0000,1755.0000,0.0000,25.0000,37.0000,24.0000,14.0000
2.0510,0.7630,0.3720,0.3480,0.1580,0.0000,0.0000,0.9160,1.0000,4.2770,156.3970,4.6760,0.0000,0.0000,0.0000,69.8690,0.0000,4383.0000,1755.0000,0.0000,25.0000,38.0000,24.0000,13.0000
2.0670,0.6710,0.3710,0.3480,0.1640,0.0000,0.0000,1.0250,1.0000,4.2770,156.3970,4.6760,0.0000,0.0000,0.0000,69.8691,0.0000,4383.0000,1755.0000,0.0000,25.0000,38.0000,24.0000,13.0000
2.1040,0.6460,0.4300,0.4050,0.2240,0.0000,0.0000,1.0280,1.0000,4.2770,156.3970,4.6760,0.0000,0.0000,0.0000,69.8779,0.0000,4384.0000,1755.0000,0.0000,25.0000,36.0000,24.0000,13.0000
2.0480,0.5760,0.4170,0.3280,0.2040,0.0000,0.0000,1.0550,1.0000,4.2770,156.3970,4.6760,0.0000,0.0000,0.0000,69.8889,0.0000,4385.0000,1755.0000,0.0000,25.0000,37.0000,24.0000,13.0000
2.2450,0.5590,0.3750,0.3240,0.1640,0.0000,0.0000,1.3110,1.0000,4.2770,156.3970,4.6760,0.0000,0.0000,0.0000,69.8890,0.0000,4385.0000,1755.0000,0.0000,25.0000,37.0000,24.0000,13.0000
2.0590,0.5400,0.4280,0.3340,0.2290,0.0000,0.0000,1.0910,1.0000,4.2770,156.3970,4.6760,0.0000,0.0000,0.0000,69.8883,0.0000,4385.0000,1755.0000,0.0000,25.0000,36.0000,24.0000,13.0000
2.1450,0.6230,0.5090,0.4290,0.3190,0.0000,0.0000,1.0130,1.0000,4.2770,156.3970,4.6760,0.0000,0.0000,0.0000,69.8973,0.0000,4385.0000,1755.0000,0.0000,25.0000,36.0000,24.0000,13.0000
1.9730,0.6770,0.3910,0.3780,0.1640,0.0000,0.0000,0.9050,1.0000,4.2770,156.3970,4.6760,0.0000,0.0000,0.0000,69.8973,0.0000,4385.0000,1755.0000,0.0000,25.0000,36.0000,24.0000,12.0000
2.1140,0.5770,0.4880,0.4010,0.2270,0.0000,0.0000,1.0490,1.0000,4.2770,156.3970,4.6760,0.0000,0.0000,0.0000,69.9176,0.0000,4387.0000,1755.0000,0.0000,25.0000,36.0000,24.0000,11.0000
2.1710,0.6730,0.4160,0.4090,0.2040,0.0000,0.0000,1.0820,1.0000,4.2770,156.3970,4.6760,0.0000,0.0000,0.0000,69.9285,0.0000,4388.0000,1755.0000,0.0000,25.0000,37.0000,24.0000,11.0000
2.0590,0.6230,0.4240,0.3580,0.2080,0.0000,0.0000,1.0120,1.0000,4.2770,156.3970,4.6760,0.0000,0.0000,0.0000,69.9485,0.0000,4390.0000,1755.0000,0.0000,25.0000,36.0000,24.0000,11.0000
1.9840,0.6520,0.3560,0.3160,0.1570,0.0000,0.0000,0.9760,1.0000,4.2770,156.3970,4.6760,0.0000,0.0000,0.0000,69.9485,0.0000,4390.0000,1755.0000,0.0000,25.0000,36.0000,24.0000,11.0000
1.8870,0.6320,0.3780,0.3430,0.1630,0.0000,0.0000,0.8770,1.0000,4.2770,156.3970,4.6760,0.0000,0.0000,0.0000,69.9486,0.0000,4390.0000,1755.0000,0.0000,25.0000,36.0000,24.0000,11.0000
2.1390,0.5710,0.4230,0.3360,0.1710,0.0000,0.0000,1.1450,1.0000,4.2770,156.3970,4.6760,0.0000,0.0000,0.0000,69.9486,0.0000,4390.0000,1755.0000,0.0000,25.0000,36.0000,24.0000,11.0000
1.9520,0.6000,0.3700,0.3460,0.1630,0.0000,0.0000,0.9820,1.0000,4.2770,156.3970,4.6760,0.0000,0.0000,0.0000,69.9486,0.0000,4390.0000,1755.0000,0.0000,25.0000,36.0000,24.0000,11.0000
2.0650,0.5820,0.4020,0.3470,0.1930,0.0000,0.0000,1.0810,1.0000,4.2770,156.3970,4.6760,0.0000,0.0000,0.0000,69.9589,0.0000,4391.0000,1755.0000,0.0000,25.0000,36.0000,24.0000,11.0000
1.8730,0.6090,0.3560,0.3390,0.1580,0.0000,0.0000,0.9080,1.0000,4.2770,156.3970,4.6760,0.0000,0.0000,0.0000,69.9582,0.0000,4391.0000,1755.0000,0.0000,25.0000,35.0000,24.0000,11.0000
1.9870,0.5600,0.4100,0.3300,0.2030,0.0000,0.0000,1.0170,1.0000,4.2770,156.3970,4.6760,0.0000,0.0000,0.0000,69.9786,0.0000,4393.0000,1755.0000,0.0000,25.0000,35.0000,24.0000,11.0000
2.0770,0.6460,0.3780,0.3320,0.1590,0.0000,0.0000,1.0530,1.0000,4.2770,156.3970,4.6760,0.0000,0.0000,0.0000,69.9788,0.0000,4393.0000,1755.0000,0.0000,25.0000,35.0000,24.0000,12.0000
2.0260,0.6890,0.3950,0.4580,0.1920,0.0000,0.0000,0.9420,1.0000,4.2770,156.3970,4.6760,0.0000,0.0000,0.0000,69.9891,0.0000,4394.0000,1755.0000,0.0000,25.0000,35.0000,24.0000,12.0000
2.0480,0.6080,0.4450,0.3210,0.2400,0.0000,0.0000,0.9950,1.0000,4.2770,156.3970,4.6760,0.0000,0.0000,0.0000,70.0101,0.0000,4396.0000,1755.0000,0.0000,25.0000,36.0000,24.0000,12.0000
1.8640,0.5950,0.3410,0.3140,0.1490,0.0000,0.0000,0.9280,1.0000,4.2770,156.3970,4.6760,0.0000,0.0000,0.0000,70.0094,0.0000,4396.0000,1755.0000,0.0000,25.0000,35.0000,24.0000,12.0000
2.1110,0.5550,0.4590,0.3330,0.2020,0.0000,0.0000,1.0970,1.0000,4.2770,156.3970,4.6760,0.0000,0.0000,0.0000,70.0298,0.0000,4398.0000,1755.0000,0.0000,25.0000,35.0000,24.0000,12.0000
1.8300,0.6720,0.3780,0.3160,0.1640,0.0000,0.0000,0.7800,1.0000,4.2770,156.3970,4.6760,0.0000,0.0000,0.0000,70.0306,0.0000,4398.0000,1755.0000,0.0000,25.0000,36.0000,24.0000,12.0000
1.9050,0.5640,0.4010,0.3320,0.1560,0.0000,0.0000,0.9400,1.0000,4.2770,156.3970,4.6760,0.0000,0.0000,0.0000,70.0307,0.0000,4398.0000,1755.0000,0.0000,25.0000,36.0000,24.0000,12.0000
2.4100,0.5600,0.5720,0.3820,0.2750,0.0000,0.0000,1.2780,1.0000,4.2770,156.3970,4.6760,0.0000,0.0000,0.0000,70.0307,0.0000,4398.0000,1755.0000,0.0000,25.0000,36.0000,24.0000,12.0000
2.1120,0.6510,0.4150,0.3760,0.2050,0.0000,0.0000,1.0460,1.0000,4.2770,156.3970,4.6760,0.0000,0.0000,0.0000,70.0512,0.0000,4400.0000,1755.0000,0.0000,25.0000,36.0000,24.0000,12.0000
2.3220,0.6310,0.3550,0.3410,0.1560,0.0000,0.0000,1.3360,1.0000,4.2770,156.3970,4.6760,0.0000,0.0000,0.0000,70.0512,0.0000,4400.0000,1755.0000,0.0000,25.0000,36.0000,24.0000,12.0000
2.7440,0.8440,0.5280,0.5880,0.2600,0.0000,0.0000,1.3720,1.0000,4.2770,156.3970,4.6760,0.0000,0.0000,0.0000,70.0709,0.0000,4402.0000,1755.0000,0.0000,25.0000,36.0000,24.0000,12.0000
2.3190,0.7370,0.4700,0.3840,0.2660,0.0000,0.0000,1.1120,1.0000,4.2770,156.3970,4.6760,0.0000,0.0000,0.0000,69.7516,0.0000,4371.0000,1755.0000,0.0000,25.0000,36.0000,24.0000,12.0000
2.7110,0.6400,0.4810,0.3860,0.2470,0.0000,0.0000,1.5900,1.0000,4.2770,156.3970,4.6760,0.0000,0.0000,0.0000,69.7516,0.0000,4371.0000,1755.0000,0.0000,25.0000,36.0000,24.0000,12.0000
2.6050,0.5920,0.4370,0.3400,0.1680,0.0000,0.0000,1.5760,1.0000,4.2770,156.3970,4.6760,0.0000,0.0000,0.0000,69.7516,0.0000,4371.0000,1755.0000,0.0000,25.0000,36.0000,24.0000,12.0000
2.9200,0.5990,1.0140,0.4030,0.8120,0.0000,0.0000,1.3070,1.0000,4.2770,156.3970,4.6760,0.0000,0.0000,0.0000,69.7722,0.0000,4373.0000,1755.0000,0.0000,25.0000,36.0000,24.0000,12.0000
2.5350,0.6960,0.4160,0.4010,0.1970,0.0000,0.0000,1.4230,1.0000,4.2770,156.3970,4.6760,0.0000,0.0000,0.0000,69.7826,0.0000,4374.0000,1755.0000,0.0000,25.0000,36.0000,24.0000,12.0000
2.0360,0.9010,0.4220,0.6150,0.2060,0.0000,0.0000,0.7130,1.0000,4.2770,156.3970,4.6760,0.0000,0.0000,0.0000,69.7827,0.0000,4374.0000,1755.0000,0.0000,25.0000,36.0000,24.0000,12.0000
2.3450,0.5310,0.5990,0.3460,0.4010,0.0000,0.0000,1.2150,1.0000,4.2770,156.3970,4.6760,0.0000,0.0000,0.0000,69.7827,0.0000,4374.0000,1755.0000,0.0000,25.0000,36.0000,24.0000,11.0000
3.0220,0.6890,0.3860,0.4960,0.1670,0.0000,0.0000,1.9470,1.0000,4.2770,156.3970,4.6760,0.0000,0.0000,0.0000,69.7827,0.0000,4374.0000,1755.0000,0.0000,25.0000,36.0000,24.0000,11.0000
3.1770,0.6280,0.5950,0.4190,0.3380,0.0000,0.0000,1.9540,1.0000,4.2770,156.3970,4.6760,0.0000,0.0000,0.0000,69.7838,0.0000,4374.0000,1755.0000,0.0000,25.0000,36.0000,24.0000,11.0000
2.4400,1.2110,0.4110,0.9930,0.2020,0.0000,0.0000,0.8180,1.0000,4.2770,156.3970,4.6760,0.0000,0.0000,0.0000,69.8041,0.0000,4376.0000,1755.0000,0.0000,25.0000,36.0000,24.0000,11.0000
2.1970,0.6290,0.4730,0.3480,0.2410,0.0000,0.0000,1.0950,1.0000,4.2770,156.3970,4.6760,0.0000,0.0000,0.0000,69.8041,0.0000,4376.0000,1755.0000,0.0000,25.0000,36.0000,24.0000,11.0000
2.2250,0.6090,0.4730,0.4140,0.2010,0.0000,0.0000,1.1430,1.0000,4.2770,156.3970,4.6760,0.0000,0.0000,0.0000,69.8145,0.0000,4377.0000,1755.0000,0.0000,25.0000,36.0000,24.0000,11.0000
3.6310,0.6240,0.3880,0.3800,0.1950,0.0000,0.0000,2.6190,1.0000,4.2770,156.3970,4.6760,0.0000,0.0000,0.0000,69.8145,0.0000,4377.0000,1755.0000,0.0000,25.0000,36.0000,24.0000,11.0000
2.4360,0.5710,0.5010,0.3400,0.2210,0.0000,0.0000,1.3640,1.0000,4.2770,156.3970,4.6760,0.0000,0.0000,0.0000,69.8248,0.0000,4378.0000,1755.0000,0.0000,25.0000,36.0000,24.0000,11.0000
2.7830,0.6420,0.6810,0.3900,0.2450,0.0000,0.0000,1.4600,1.0000,4.2770,156.3970,4.6760,0.0000,0.0000,0.0000,69.8358,0.0000,4379.0000,1755.0000,0.0000,25.0000,37.0000,24.0000,11.0000
2.6000,0.7300,0.7400,0.4920,0.4890,0.0000,0.0000,1.1300,1.0000,4.2770,156.3970,4.6760,0.0000,0.0000,0.0000,69.8645,0.0000,4382.0000,1755.0000,0.0000,25.0000,36.0000,24.0000,11.0000
2.1190,0.6350,0.3770,0.3420,0.1770,0.0000,0.0000,1.1070,1.0000,4.2770,156.3970,4.6760,0.0000,0.0000,0.0000,69.8646,0.0000,4382.0000,1755.0000,0.0000,25.0000,36.0000,24.0000,11.0000
2.3850,0.5330,0.5970,0.3420,0.3650,0.0000,0.0000,1.2550,1.0000,4.2770,156.3970,4.6760,0.0000,0.0000,0.0000,69.8750,0.0000,4383.0000,1755.0000,0.0000,25.0000,36.0000,24.0000,11.0000
2.1790,0.6690,0.3670,0.4100,0.1560,0.0000,0.0000,1.1430,1.0000,4.2770,156.3970,4.6760,0.0000,0.0000,0.0000,69.8750,0.0000,4383.0000,1755.0000,0.0000,25.0000,36.0000,24.0000,11.0000
2.0910,0.5860,0.3630,0.3310,0.1590,0.0000,0.0000,1.1420,1.0000,4.2770,156.3970,4.6760,0.0000,0.0000,0.0000,69.8750,0.0000,4383.0000,1755.0000,0.0000,25.0000,36.0000,24.0000,11.0000
2.3290,0.6050,0.4470,0.3310,0.2290,0.0000,0.0000,1.2770,1.0000,4.2770,156.3970,4.6760,0.0000,0.0000,0.0000,69.8952,0.0000,4385.0000,1755.0000,0.0000,25.0000,36.0000,24.0000,11.0000
2.2740,0.6260,0.5050,0.3440,0.2740,0.0000,0.0000,1.1430,1.0000,4.2770,156.3970,4.6760,0.0000,0.0000,0.0000,69.9048,0.0000,4386.0000,1755.0000,0.0000,25.0000,35.0000,24.0000,11.0000
2.1370,0.7150,0.4300,0.4560,0.1700,0.0000,0.0000,0.9920,1.0000,4.2770,156.3970,4.6760,0.0000,0.0000,0.0000,69.9056,0.0000,4386.0000,1755.0000,0.0000,25.0000,36.0000,24.0000,11.0000
2.5390,0.6960,0.7380,0.4920,0.5120,0.0000,0.0000,1.1050,1.0000,4.2770,156.3970,4.6760,0.0000,0.0000,0.0000,69.9057,0.0000,4386.0000,1755.0000,0.0000,25.0000,36.0000,24.0000,11.0000
2.3380,0.6400,0.6320,0.4390,0.4060,0.0000,0.0000,1.0660,1.0000,4.2770,156.3970,4.6760,0.0000,0.0000,0.0000,69.9057,0.0000,4386.0000,1755.0000,0.0000,25.0000,36.0000,24.0000,11.0000
2.1200,0.6330,0.4340,0.4180,0.1720,0.0000,0.0000,1.0530,1.0000,4.2770,156.3970,4.6760,0.0000,0.0000,0.0000,69.9057,0.0000,4386.0000,1755.0000,0.0000,25.0000,36.0000,24.0000,11.0000
2.5100,0.6330,0.4730,0.4270,0.2350,0.0000,0.0000,1.4040,1.0000,4.2770,156.3970,4.6760,0.0000,0.0000,0.0000,69.9368,0.0000,4389.0000,1755.0000,0.0000,25.0000,37.0000,24.0000,11.0000
2.8120,0.7980,0.5100,0.3480,0.2750,0.0000,0.0000,1.5040,1.0000,4.2770,156.3970,4.6760,0.0000,0.0000,0.0000,69.9572,0.0000,4391.0000,1755.0000,0.0000,25.0000,37.0000,24.0000,11.0000
2.9740,0.9390,0.5070,0.5640,0.2590,0.0000,0.0000,1.5280,1.0000,4.2770,156.3970,4.6760,0.0000,0.0000,0.0000,69.9574,0.0000,4391.0000,1755.0000,0.0000,25.0000,37.0000,24.0000,11.0000
3.9230,0.8070,1.0690,0.5330,0.6090,0.0000,0.0000,2.0470,1.0000,4.2770,156.3970,4.6760,0.0000,0.0000,0.0000,69.9575,0.0000,4391.0000,1755.0000,0.0000,25.0000,37.0000,24.0000,10.0000
2.6060,0.9780,0.4910,0.5680,0.2470,0.0000,0.0000,1.1370,1.0000,4.2770,156.3970,4.6760,0.0000,0.0000,0.0000,69.9575,0.0000,4391.0000,1755.0000,0.0000,25.0000,37.0000,24.0000,8.0000
2.6950,0.7960,0.5320,0.5340,0.2430,0.0000,0.0000,1.3670,1.0000,4.2770,156.3970,4.6760,0.0000,0.0000,0.0000,69.9575,0.0000,4391.0000,1755.0000,0.0000,25.0000,37.0000,24.0000,9.0000
2.3670,0.8410,0.5580,0.4800,0.2930,0.0000,0.0000,0.9680,1.0000,4.2770,156.3970,4.6760,0.0000,0.0000,0.0000,69.9575,0.0000,4391.0000,1755.0000,0.0000,25.0000,37.0000,24.0000,9.0000
3.9760,0.6470,0.5670,0.4070,0.2460,0.0000,0.0000,2.7620,1.0000,4.2770,156.3970,4.6760,0.0000,0.0000,0.0000,69.9678,0.0000,4392.0000,1755.0000,0.0000,25.0000,37.0000,24.0000,8.0000
2.3340,0.7710,0.5660,0.4850,0.2290,0.0000,0.0000,0.9970,1.0000,4.2770,156.3970,4.6760,0.0000,0.0000,0.0000,69.9781,0.0000,4393.0000,1755.0000,0.0000,25.0000,37.0000,24.0000,8.0000
2.1870,0.6330,0.4050,0.3270,0.1690,0.0000,0.0000,1.1490,1.0000,4.2770,156.3970,4.6760,0.0000,0.0000,0.0000,69.9781,0.0000,4393.0000,1755.0000,0.0000,25.0000,37.0000,24.0000,8.0000
2.5640,0.5410,0.5710,0.3300,0.3220,0.0000,0.0000,1.4520,1.0000,4.2770,156.3970,4.6760,0.0000,0.0000,0.0000,69.9882,0.0000,4394.0000,1755.0000,0.0000,25.0000,37.0000,24.0000,9.0000
2.3010,0.7910,0.4230,0.4850,0.2040,0.0000,0.0000,1.0870,1.0000,4.2770,156.3970,4.6760,0.0000,0.0000,0.0000,69.7627,0.0000,4372.0000,1755.0000,0.0000,25.0000,37.0000,24.0000,9.0000
2.1490,0.6980,0.3930,0.3380,0.1710,0.0000,0.0000,1.0580,1.0000,4.2770,156.3970,4.6760,0.0000,0.0000,0.0000,69.7627,0.0000,4372.0000,1755.0000,0.0000,25.0000,37.0000,24.0000,9.0000
2.2560,0.5620,0.4050,0.3600,0.1860,0.0000,0.0000,1.2890,1.0000,4.2770,156.3970,4.6760,0.0000,0.0000,0.0000,69.7622,0.0000,4372.0000,1755.0000,0.0000,25.0000,36.0000,24.0000,10.0000
2.3000,0.6670,0.4680,0.4620,0.2320,0.0000,0.0000,1.1650,1.0000,4.2770,156.3970,4.6760,0.0000,0.0000,0.0000,69.7614,0.0000,4372.0000,1755.0000,0.0000,25.0000,35.0000,24.0000,10.0000
2.5270,0.6700,0.7150,0.4590,0.4210,0.0000,0.0000,1.1420,1.0000,4.2770,156.3970,4.6760,0.0000,0.0000,0.0000,69.7615,0.0000,4372.0000,1755.0000,0.0000,25.0000,35.0000,24.0000,10.0000
2.3320,0.5320,0.5160,0.3290,0.2810,0.0000,0.0000,1.2840,1.0000,4.2770,156.3970,4.6760,0.0000,0.0000,0.0000,69.7718,0.0000,4373.0000,1755.0000,0.0000,25.0000,35.0000,24.0000,10.0000
2.2840,0.6410,0.5000,0.4070,0.2260,0.0000,0.0000,1.1430,1.0000,4.2770,156.3970,4.6760,0.0000,0.0000,0.0000,69.7828,0.0000,4374.0000,1755.0000,0.0000,25.0000,36.0000,24.0000,10.0000
2.1800,0.6100,0.4580,0.3290,0.1810,0.0000,0.0000,1.1120,1.0000,4.2770,156.3970,4.6760,0.0000,0.0000,0.0000,69.7828,0.0000,4374.0000,1755.0000,0.0000,25.0000,36.0000,24.0000,10.0000
2.0890,0.6640,0.3950,0.3370,0.1770,0.0000,0.0000,1.0300,1.0000,4.2770,156.3970,4.6760,0.0000,0.0000,0.0000,69.7829,0.0000,4374.0000,1755.0000,0.0000,25.0000,36.0000,24.0000,10.0000
5.4290,0.5340,0.4220,0.3280,0.1880,0.0000,0.0000,4.4730,1.0000,4.2770,156.3970,4.6760,0.0000,0.0000,0.0000,69.7829,0.0000,4374.0000,1755.0000,0.0000,25.0000,36.0000,24.0000,10.0000
2.1770,3.6630,0.4730,3.3770,0.1810,0.0000,0.0000,0.0000,1.0000,4.2770,156.3970,4.6760,0.0000,0.0000,0.0000,69.7829,0.0000,4374.0000,1755.0000,0.0000,25.0000,36.0000,24.0000,10.0000
2.2480,0.6150,0.3770,0.4070,0.1630,0.0000,0.0000,1.2560,1.0000,4.2770,156.3970,4.6760,0.0000,0.0000,0.0000,69.7836,0.0000,4374.0000,1755.0000,0.0000,25.0000,37.0000,24.0000,10.0000
2.2860,0.6900,0.4250,0.4440,0.2210,0.0000,0.0000,1.1710,1.0000,4.2770,156.3970,4.6760,0.0000,0.0000,0.0000,69.8242,0.0000,4378.0000,1755.0000,0.0000,25.0000,37.0000,24.0000,10.0000
2.7700,0.7010,0.3800,0.3430,0.1650,0.0000,0.0000,1.6890,1.0000,4.2770,156.3970,4.6760,0.0000,0.0000,0.0000,69.8243,0.0000,4378.0000,1755.0000,0.0000,25.0000,37.0000,24.0000,10.0000
2.9610,0.9540,0.8320,0.7610,0.5000,0.0000,0.0000,1.1750,1.0000,4.2770,156.3970,4.6760,0.0000,0.0000,0.0000,69.8447,0.0000,4380.0000,1755.0000,0.0000,25.0000,37.0000,24.0000,10.0000
1.9080,0.7950,0.3450,0.3220,0.1520,0.0000,0.0000,0.7680,1.0000,4.2770,156.3970,4.6760,0.0000,0.0000,0.0000,69.8447,0.0000,4380.0000,1755.0000,0.0000,25.0000,37.0000,24.0000,9.0000
3.3130,0.5690,0.3620,0.3260,0.1650,0.0000,0.0000,2.3820,1.0000,4.2770,156.3970,4.6760,0.0000,0.0000,0.0000,69.8448,0.0000,4380.0000,1755.0000,0.0000,25.0000,37.0000,24.0000,9.0000
2.0720,0.6380,0.4020,0.3620,0.1710,0.0000,0.0000,1.0320,1.0000,4.2770,156.3970,4.6760,0.0000,0.0000,0.0000,69.8448,0.0000,4380.0000,1755.0000,0.0000,25.0000,37.0000,24.0000,9.0000
2.0540,0.5370,0.3770,0.3430,0.1650,0.0000,0.0000,1.1400,1.0000,4.2770,156.3970,4.6760,0.0000,0.0000,0.0000,69.8448,0.0000,4380.0000,1755.0000,0.0000,25.0000,37.0000,24.0000,9.0000
2.1630,0.5410,0.4150,0.3470,0.2050,0.0000,0.0000,1.2070,1.0000,4.2770,156.3970,4.6760,0.0000,0.0000,0.0000,69.8448,0.0000,4380.0000,1755.0000,0.0000,25.0000,37.0000,24.0000,9.0000
2.3480,0.5570,0.4840,0.3660,0.2170,0.0000,0.0000,1.3070,1.0000,4.2770,156.3970,4.6760,0.0000,0.0000,0.0000,69.8654,0.0000,4382.0000,1755.0000,0.0000,25.0000,37.0000,24.0000,9.0000
2.1680,0.6780,0.3650,0.3830,0.1570,0.0000,0.0000,1.1250,1.0000,4.2770,156.3970,4.6760,0.0000,0.0000,0.0000,69.8654,0.0000,4382.0000,1755.0000,0.0000,25.0000,37.0000,24.0000,9.0000
3.8910,0.7090,0.4490,0.3760,0.2280,0.0000,0.0000,2.7330,1.0000,4.2770,156.3970,4.6760,0.0000,0.0000,0.0000,69.8858,0.0000,4384.0000,1755.0000,0.0000,25.0000,37.0000,24.0000,9.0000
2.5350,0.6840,0.4050,0.3410,0.1700,0.0000,0.0000,1.4460,1.0000,4.2770,156.3970,4.6760,0.0000,0.0000,0.0000,69.8858,0.0000,4384.0000,1755.0000,0.0000,25.0000,37.0000,24.0000,9.0000
2.3790,0.5310,0.5220,0.3300,0.2330,0.0000,0.0000,1.3260,1.0000,4.2770,156.3970,4.6760,0.0000,0.0000,0.0000,69.8859,0.0000,4384.0000,1755.0000,0.0000,25.0000,37.0000,24.0000,9.0000
2.0880,0.6260,0.3650,0.4020,0.1550,0.0000,0.0000,1.0970,1.0000,4.2770,156.3970,4.6760,0.0000,0.0000,0.0000,69.8859,0.0000,4384.0000,1755.0000,0.0000,25.0000,37.0000,24.0000,9.0000
2.0770,0.6100,0.3630,0.3370,0.1550,0.0000,0.0000,1.1040,1.0000,4.2770,156.3970,4.6760,0.0000,0.0000,0.0000,69.8859,0.0000,4384.0000,1755.0000,0.0000,25.0000,37.0000,24.0000,9.0000
2.1540,0.6010,0.3560,0.3300,0.1520,0.0000,0.0000,1.1970,1.0000,4.2770,156.3970,4.6760,0.0000,0.0000,0.0000,69.8859,0.0000,4384.0000,1755.0000,0.0000,25.0000,37.0000,24.0000,9.0000
2.1180,0.5680,0.3980,0.3280,0.1900,0.0000,0.0000,1.1520,1.0000,4.2770,156.3970,4.6760,0.0000,0.0000,0.0000,69.8853,0.0000,4384.0000,1755.0000,0.0000,25.0000,36.0000,24.0000,9.0000
2.2360,0.5410,0.4840,0.3400,0.2650,0.0000,0.0000,1.2110,1.0000,4.2770,156.3970,4.6760,0.0000,0.0000,0.0000,69.8955,0.0000,4385.0000,1755.0000,0.0000,25.0000,36.0000,24.0000,10.0000
2.1230,0.6370,0.4380,0.3970,0.1740,0.0000,0.0000,1.0480,1.0000,4.2770,156.3970,4.6760,0.0000,0.0000,0.0000,69.8955,0.0000,4385.0000,1755.0000,0.0000,25.0000,36.0000,24.0000,9.0000
2.1760,0.6220,0.4480,0.4070,0.1760,0.0000,0.0000,1.1060,1.0000,4.2770,156.3970,4.6760,0.0000,0.0000,0.0000,69.8956,0.0000,4385.0000,1755.0000,0.0000,25.0000,36.0000,24.0000,10.0000
2.1590,0.6890,0.4250,0.4800,0.2050,0.0000,0.0000,1.0450,1.0000,4.2770,156.3970,4.6760,0.0000,0.0000,0.0000,69.9058,0.0000,4386.0000,1755.0000,0.0000,25.0000,36.0000,24.0000,10.0000
2.1530,0.6310,0.4050,0.3330,0.1820,0.0000,0.0000,1.1170,1.0000,4.2770,156.3970,4.6760,0.0000,0.0000,0.0000,69.9058,0.0000,4386.0000,1755.0000,0.0000,25.0000,36.0000,24.0000,10.0000
2.0790,0.6230,0.3970,0.3330,0.1780,0.0000,0.0000,1.0590,1.0000,4.2770,156.3970,4.6760,0.0000,0.0000,0.0000,69.9059,0.0000,4386.0000,1755.0000,0.0000,25.0000,36.0000,24.0000,10.0000
2.3980,0.5340,0.4500,0.3280,0.2320,0.0000,0.0000,1.4140,1.0000,4.2770,156.3970,4.6760,0.0000,0.0000,0.0000,69.9367,0.0000,4389.0000,1755.0000,0.0000,25.0000,36.0000,24.0000,10.0000
2.4880,0.7430,0.4470,0.3980,0.1820,0.0000,0.0000,1.2980,1.0000,4.2770,156.3970,4.6760,0.0000,0.0000,0.0000,69.9370,0.0000,4390.0000,1755.0000,0.0000,25.0000,36.0000,24.0000,10.0000
2.1840,0.7360,0.4060,0.4240,0.1790,0.0000,0.0000,1.0420,1.0000,4.2770,156.3970,4.6760,0.0000,0.0000,0.0000,69.9372,0.0000,4390.0000,1755.0000,0.0000,25.0000,36.0000,24.0000,9.0000
2.2100,0.5310,0.3980,0.3230,0.1690,0.0000,0.0000,1.2810,1.0000,4.2770,156.3970,4.6760,0.0000,0.0000,0.0000,69.9372,0.0000,4390.0000,1755.0000,0.0000,25.0000,36.0000,24.0000,8.0000
2.4830,0.5730,0.5140,0.3650,0.2220,0.0000,0.0000,1.3960,1.0000,4.2770,156.3970,4.6760,0.0000,0.0000,0.0000,69.9369,0.0000,4390.0000,1755.0000,0.0000,25.0000,36.0000,24.0000,8.0000
2.3840,0.7200,0.4530,0.4230,0.2210,0.0000,0.0000,1.2110,1.0000,4.2770,156.3970,4.6760,0.0000,0.0000,0.0000,69.7433,0.0000,4371.0000,1755.0000,0.0000,25.0000,36.0000,24.0000,8.0000
2.1540,0.6050,0.4550,0.3380,0.2320,0.0000,0.0000,1.0940,1.0000,4.2770,156.3970,4.6760,0.0000,0.0000,0.0000,69.7432,0.0000,4371.0000,1755.0000,0.0000,25.0000,36.0000,24.0000,8.0000
2.2740,0.5940,0.5130,0.4000,0.2490,0.0000,0.0000,1.1670,1.0000,4.2770,156.3970,4.6760,0.0000,0.0000,0.0000,69.7433,0.0000,4371.0000,1755.0000,0.0000,25.0000,36.0000,24.0000,8.0000
2.4430,0.6290,0.4470,0.4190,0.2250,0.0000,0.0000,1.3670,1.0000,4.2770,156.3970,4.6760,0.0000,0.0000,0.0000,69.7739,0.0000,4374.0000,1755.0000,0.0000,25.0000,36.0000,24.0000,8.0000
2.1460,0.6830,0.4040,0.3250,0.1690,0.0000,0.0000,1.0590,1.0000,4.2770,156.3970,4.6760,0.0000,0.0000,0.0000,69.7739,0.0000,4374.0000,1755.0000,0.0000,25.0000,36.0000,24.0000,8.0000
3.0430,0.5280,0.5180,0.3430,0.2610,0.0000,0.0000,1.9970,1.0000,4.2770,156.3970,4.6760,0.0000,0.0000,0.0000,69.7844,0.0000,4375.0000,1755.0000,0.0000,25.0000,36.0000,24.0000,8.0000
3.0950,1.1200,0.6320,0.4710,0.3880,0.0000,0.0000,1.3430,1.0000,4.2770,156.3970,4.6760,0.0000,0.0000,0.0000,69.7844,0.0000,4375.0000,1755.0000,0.0000,25.0000,36.0000,24.0000,9.0000
2.6600,0.9180,0.5790,0.6850,0.1980,0.0000,0.0000,1.1630,1.0000,4.2770,156.3970,4.6760,0.0000,0.0000,0.0000,69.7844,0.0000,4375.0000,1755.0000,0.0000,25.0000,36.0000,24.0000,9.0000
2.3370,0.7700,0.4250,0.4180,0.1980,0.0000,0.0000,1.1420,1.0000,4.2770,156.3970,4.6760,0.0000,0.0000,0.0000,69.7848,0.0000,4376.0000,1755.0000,0.0000,25.0000,36.0000,24.0000,8.0000
2.2820,0.5730,0.4600,0.3620,0.1870,0.0000,0.0000,1.2490,1.0000,4.2770,156.3970,4.6760,0.0000,0.0000,0.0000,69.7848,0.0000,4376.0000,1755.0000,0.0000,25.0000,36.0000,24.0000,8.0000
2.4990,0.6010,0.4400,0.3970,0.2120,0.0000,0.0000,1.4580,1.0000,4.2770,156.3970,4.6760,0.0000,0.0000,0.0000,69.7950,0.0000,4377.0000,1755.0000,0.0000,25.0000,36.0000,24.0000,8.0000
2.1480,0.6450,0.3810,0.3630,0.1590,0.0000,0.0000,1.1220,1.0000,4.2770,156.3970,4.6760,0.0000,0.0000,0.0000,69.7950,0.0000,4377.0000,1755.0000,0.0000,25.0000,36.0000,24.0000,8.0000
2.4410,0.5510,0.5350,0.3620,0.2280,0.0000,0.0000,1.3550,1.0000,4.2770,156.3970,4.6760,0.0000,0.0000,0.0000,69.8060,0.0000,4378.0000,1755.0000,0.0000,25.0000,37.0000,24.0000,8.0000
2.3190,0.6640,0.3760,0.4180,0.1630,0.0000,0.0000,1.2790,1.0000,4.2770,156.3970,4.6760,0.0000,0.0000,0.0000,69.8060,0.0000,4378.0000,1755.0000,0.0000,25.0000,37.0000,24.0000,8.0000
2.1990,0.6830,0.3960,0.3450,0.1860,0.0000,0.0000,1.1200,1.0000,4.2770,156.3970,4.6760,0.0000,0.0000,0.0000,69.8061,0.0000,4378.0000,1755.0000,0.0000,25.0000,37.0000,24.0000,8.0000
2.4360,0.5410,0.5380,0.3530,0.3100,0.0000,0.0000,1.3570,1.0000,4.2770,156.3970,4.6760,0.0000,0.0000,0.0000,69.8061,0.0000,4378.0000,1755.0000,0.0000,25.0000,37.0000,24.0000,8.0000
2.5840,0.7030,0.4550,0.4940,0.1930,0.0000,0.0000,1.4260,1.0000,4.2770,156.3970,4.6760,0.0000,0.0000,0.0000,69.8062,0.0000,4378.0000,1755.0000,0.0000,25.0000,37.0000,24.0000,9.0000
2.4520,0.7190,0.4830,0.4420,0.2570,0.0000,0.0000,1.2500,1.0000,4.2770,156.3970,4.6760,0.0000,0.0000,0.0000,69.8062,0.0000,4378.0000,1755.0000,0.0000,25.0000,37.0000,24.0000,9.0000
2.6080,0.6470,0.4630,0.4160,0.2180,0.0000,0.0000,1.4980,1.0000,4.2770,156.3970,4.6760,0.0000,0.0000,0.0000,69.8268,0.0000,4380.0000,1755.0000,0.0000,25.0000,37.0000,24.0000,9.0000
2.3040,0.7070,0.4630,0.4030,0.1890,0.0000,0.0000,1.1340,1.0000,4.2770,156.3970,4.6760,0.0000,0.0000,0.0000,69.8268,0.0000,4380.0000,1755.0000,0.0000,25.0000,37.0000,24.0000,9.0000
2.2600,0.7030,0.3820,0.4650,0.1630,0.0000,0.0000,1.1750,1.0000,4.2770,156.3970,4.6760,0.0000,0.0000,0.0000,69.8262,0.0000,4380.0000,1755.0000,0.0000,25.0000,36.0000,24.0000,9.0000
2.1800,0.6020,0.3710,0.3240,0.1560,0.0000,0.0000,1.2070,1.0000,4.2770,156.3970,4.6760,0.0000,0.0000,0.0000,69.8262,0.0000,4380.0000,1755.0000,0.0000,25.0000,36.0000,24.0000,9.0000
2.1390,0.5170,0.3900,0.3230,0.1670,0.0000,0.0000,1.2320,1.0000,4.2770,156.3970,4.6760,0.0000,0.0000,0.0000,69.8262,0.0000,4380.0000,1755.0000,0.0000,25.0000,36.0000,24.0000,10.0000
2.1920,0.5260,0.4400,0.3390,0.2190,0.0000,0.0000,1.2260,1.0000,4.2770,156.3970,4.6760,0.0000,0.0000,0.0000,69.8255,0.0000,4380.0000,1755.0000,0.0000,25.0000,35.0000,24.0000,9.0000
2.2020,0.6050,0.4280,0.4220,0.1720,0.0000,0.0000,1.1690,1.0000,4.2770,156.3970,4.6760,0.0000,0.0000,0.0000,69.8255,0.0000,4380.0000,1755.0000,0.0000,25.0000,35.0000,24.0000,9.0000
2.3020,0.5840,0.3990,0.3880,0.1790,0.0000,0.0000,1.3190,1.0000,4.2770,156.3970,4.6760,0.0000,0.0000,0.0000,69.8248,0.0000,4380.0000,1755.0000,0.0000,25.0000,34.0000,24.0000,9.0000
2.5540,0.6720,0.4980,0.4330,0.2800,0.0000,0.0000,1.3840,1.0000,4.2770,156.3970,4.6760,0.0000,0.0000,0.0000,69.8547,0.0000,4383.0000,1755.0000,0.0000,25.0000,33.0000,24.0000,10.0000
2.3960,0.7790,0.5590,0.4400,0.2020,0.0000,0.0000,1.0580,1.0000,4.2770,156.3970,4.6760,0.0000,0.0000,0.0000,69.8548,0.0000,4383.0000,1755.0000,0.0000,25.0000,33.0000,24.0000,9.0000
2.4550,0.6820,0.4850,0.4040,0.2600,0.0000,0.0000,1.2880,1.0000,4.2770,156.3970,4.6760,0.0000,0.0000,0.0000,69.8762,0.0000,4385.0000,1755.0000,0.0000,25.0000,34.0000,24.0000,10.0000
2.4730,0.6140,0.5070,0.3320,0.1950,0.0000,0.0000,1.3520,1.0000,4.2770,156.3970,4.6760,0.0000,0.0000,0.0000,69.8762,0.0000,4385.0000,1755.0000,0.0000,25.0000,34.0000,24.0000,9.0000
2.3840,0.6860,0.4040,0.4760,0.2060,0.0000,0.0000,1.2940,1.0000,4.2770,156.3970,4.6760,0.0000,0.0000,0.0000,69.8770,0.0000,4385.0000,1755.0000,0.0000,25.0000,35.0000,24.0000,9.0000
2.6510,0.6890,0.5400,0.3860,0.2880,0.0000,0.0000,1.4220,1.0000,4.2770,156.3970,4.6760,0.0000,0.0000,0.0000,69.8865,0.0000,4386.0000,1755.0000,0.0000,25.0000,34.0000,24.0000,9.0000
2.6410,0.7880,0.4530,0.4400,0.1960,0.0000,0.0000,1.4000,1.0000,4.2770,156.3970,4.6760,0.0000,0.0000,0.0000,69.8865,0.0000,4386.0000,1755.0000,0.0000,25.0000,34.0000,24.0000,8.0000
2.7560,0.6250,0.5510,0.3980,0.2460,0.0000,0.0000,1.5800,1.0000,4.2770,156.3970,4.6760,0.0000,0.0000,0.0000,69.8866,0.0000,4386.0000,1755.0000,0.0000,25.0000,34.0000,24.0000,8.0000
2.8720,0.8070,0.4810,0.4790,0.2220,0.0000,0.0000,1.5840,1.0000,4.2770,156.3970,4.6760,0.0000,0.0000,0.0000,69.8866,0.0000,4386.0000,1755.0000,0.0000,25.0000,34.0000,24.0000,8.0000
2.4360,0.6500,0.5570,0.4480,0.3130,0.0000,0.0000,1.2290,1.0000,4.2770,156.3970,4.6760,0.0000,0.0000,0.0000,69.9068,0.0000,4388.0000,1755.0000,0.0000,25.0000,34.0000,24.0000,8.0000
2.8040,0.6810,0.4950,0.4120,0.2090,0.0000,0.0000,1.6280,1.0000,4.2770,156.3970,4.6760,0.0000,0.0000,0.0000,69.9068,0.0000,4388.0000,1755.0000,0.0000,25.0000,34.0000,24.0000,8.0000
2.4790,0.8620,0.4830,0.4890,0.1950,0.0000,0.0000,1.1340,1.0000,4.2770,156.3970,4.6760,0.0000,0.0000,0.0000,69.9069,0.0000,4388.0000,1755.0000,0.0000,25.0000,34.0000,24.0000,8.0000
2.2950,0.7310,0.4350,0.4890,0.2080,0.0000,0.0000,1.1290,1.0000,4.2770,156.3970,4.6760,0.0000,0.0000,0.0000,69.9267,0.0000,4390.0000,1755.0000,0.0000,25.0000,34.0000,24.0000,8.0000
2.3340,0.7230,0.4820,0.3720,0.2420,0.0000,0.0000,1.1290,1.0000,4.2770,156.3970,4.6760,0.0000,0.0000,0.0000,69.6986,0.0000,4368.0000,1755.0000,0.0000,25.0000,33.0000,24.0000,7.0000
2.3060,0.7390,0.4560,0.4900,0.1950,0.0000,0.0000,1.1110,1.0000,4.2770,156.3970,4.6760,0.0000,0.0000,0.0000,69.6987,0.0000,4368.0000,1755.0000,0.0000,25.0000,33.0000,24.0000,7.0000
2.3090,0.7010,0.4610,0.5100,0.2180,0.0000,0.0000,1.1470,1.0000,4.2770,156.3970,4.6760,0.0000,0.0000,0.0000,69.7089,0.0000,4369.0000,1755.0000,0.0000,25.0000,33.0000,24.0000,7.0000
2.0360,0.6580,0.3960,0.3810,0.1710,0.0000,0.0000,0.9820,1.0000,4.2770,156.3970,4.6760,0.0000,0.0000,0.0000,69.7089,0.0000,4369.0000,1755.0000,0.0000,25.0000,33.0000,24.0000,7.0000
2.2240,0.4910,0.3630,0.3150,0.1700,0.0000,0.0000,1.3700,1.0000,4.2770,156.3970,4.6760,0.0000,0.0000,0.0000,69.7090,0.0000,4369.0000,1755.0000,0.0000,25.0000,33.0000,24.0000,7.0000
2.3280,0.6220,0.4870,0.3670,0.1790,0.0000,0.0000,1.2190,1.0000,4.2770,156.3970,4.6760,0.0000,0.0000,0.0000,69.7090,0.0000,4369.0000,1755.0000,0.0000,25.0000,33.0000,24.0000,7.0000
2.4240,0.6460,0.4020,0.4400,0.1950,0.0000,0.0000,1.3760,1.0000,4.2770,156.3970,4.6760,0.0000,0.0000,0.0000,69.7083,0.0000,4369.0000,1755.0000,0.0000,25.0000,32.0000,24.0000,6.0000
2.6470,0.6710,0.5300,0.4270,0.3190,0.0000,0.0000,1.4460,1.0000,4.2770,156.3970,4.6760,0.0000,0.0000,0.0000,69.7285,0.0000,4371.0000,1755.0000,0.0000,25.0000,32.0000,24.0000,6.0000
2.5660,0.9120,0.4900,0.6020,0.2570,0.0000,0.0000,1.1640,1.0000,4.2770,156.3970,4.6760,0.0000,0.0000,0.0000,69.7285,0.0000,4371.0000,1755.0000,0.0000,25.0000,32.0000,24.0000,6.0000
2.3100,0.6970,0.5920,0.4470,0.3500,0.0000,0.0000,1.0210,1.0000,4.2770,156.3970,4.6760,0.0000,0.0000,0.0000,69.7279,0.0000,4371.0000,1755.0000,0.0000,25.0000,31.0000,24.0000,6.0000
2.3500,0.6060,0.4250,0.4080,0.2090,0.0000,0.0000,1.3190,1.0000,4.2770,156.3970,4.6760,0.0000,0.0000,0.0000,69.7484,0.0000,4373.0000,1755.0000,0.0000,25.0000,31.0000,24.0000,6.0000
2.5830,0.6690,0.4130,0.3270,0.1990,0.0000,0.0000,1.5010,1.0000,4.2770,156.3970,4.6760,0.0000,0.0000,0.0000,69.7494,0.0000,4373.0000,1755.0000,0.0000,25.0000,32.0000,24.0000,8.0000
2.9080,0.8980,0.5880,0.6400,0.2960,0.0000,0.0000,1.4220,1.0000,4.2770,156.3970,4.6760,0.0000,0.0000,0.0000,69.7597,0.0000,4374.0000,1755.0000,0.0000,25.0000,32.0000,24.0000,8.0000
2.2950,0.8370,0.4800,0.4940,0.1930,0.0000,0.0000,0.9780,1.0000,4.2770,156.3970,4.6760,0.0000,0.0000,0.0000,69.7597,0.0000,4374.0000,1755.0000,0.0000,25.0000,32.0000,24.0000,8.0000
2.6590,0.6130,0.4630,0.4200,0.2030,0.0000,0.0000,1.5830,1.0000,4.2770,156.3970,4.6760,0.0000,0.0000,0.0000,69.7591,0.0000,4374.0000,1755.0000,0.0000,25.0000,31.0000,24.0000,8.0000
2.5570,0.7820,0.4670,0.5360,0.1710,0.0000,0.0000,1.3080,1.0000,4.2770,156.3970,4.6760,0.0000,0.0000,0.0000,69.7591,0.0000,4374.0000,1755.0000,0.0000,25.0000,31.0000,24.0000,8.0000
2.3000,0.8450,0.3950,0.6060,0.1770,0.0000,0.0000,1.0600,1.0000,4.2770,156.3970,4.6760,0.0000,0.0000,0.0000,69.7598,0.0000,4374.0000,1755.0000,0.0000,25.0000,32.0000,24.0000,8.0000
2.3230,0.5700,0.5120,0.3630,0.2900,0.0000,0.0000,1.2410,1.0000,4.2770,156.3970,4.6760,0.0000,0.0000,0.0000,69.7598,0.0000,4374.0000,1755.0000,0.0000,25.0000,32.0000,24.0000,8.0000
2.1870,0.6840,0.3850,0.3940,0.1630,0.0000,0.0000,1.1180,1.0000,4.2770,156.3970,4.6760,0.0000,0.0000,0.0000,69.7598,0.0000,4374.0000,1755.0000,0.0000,25.0000,32.0000,24.0000,8.0000
2.1190,0.5900,0.3660,0.3960,0.1550,0.0000,0.0000,1.1630,1.0000,4.2770,156.3970,4.6760,0.0000,0.0000,0.0000,69.7591,0.0000,4374.0000,1755.0000,0.0000,25.0000,31.0000,24.0000,8.0000
2.0610,0.5980,0.3480,0.3400,0.1500,0.0000,0.0000,1.1150,1.0000,4.2770,156.3970,4.6760,0.0000,0.0000,0.0000,69.7591,0.0000,4374.0000,1755.0000,0.0000,25.0000,31.0000,24.0000,8.0000
2.1140,0.5150,0.3940,0.3200,0.1950,0.0000,0.0000,1.2050,1.0000,4.2770,156.3970,4.6760,0.0000,0.0000,0.0000,69.7598,0.0000,4374.0000,1755.0000,0.0000,25.0000,32.0000,24.0000,8.0000
2.6580,0.5150,0.4010,0.3180,0.2080,0.0000,0.0000,1.7420,1.0000,4.2770,156.3970,4.6760,0.0000,0.0000,0.0000,69.7701,0.0000,4375.0000,1755.0000,0.0000,25.0000,32.0000,24.0000,8.0000
2.3680,0.8960,0.4600,0.6020,0.2160,0.0000,0.0000,1.0120,1.0000,4.2770,156.3970,4.6760,0.0000,0.0000,0.0000,69.7701,0.0000,4375.0000,1755.0000,0.0000,25.0000,32.0000,24.0000,8.0000
2.2910,0.5970,0.5110,0.3700,0.2410,0.0000,0.0000,1.1830,1.0000,4.2770,156.3970,4.6760,0.0000,0.0000,0.0000,69.7694,0.0000,4375.0000,1755.0000,0.0000,25.0000,31.0000,24.0000,9.0000
2.5420,0.6030,0.5150,0.4000,0.2250,0.0000,0.0000,1.4240,1.0000,4.2770,156.3970,4.6760,0.0000,0.0000,0.0000,69.7999,0.0000,4378.0000,1755.0000,0.0000,25.0000,31.0000,24.0000,8.0000
2.2670,0.7280,0.3610,0.3370,0.1590,0.0000,0.0000,1.1780,1.0000,4.2770,156.3970,4.6760,0.0000,0.0000,0.0000,69.8006,0.0000,4378.0000,1755.0000,0.0000,25.0000,32.0000,24.0000,8.0000
2.2250,0.7490,0.4870,0.4420,0.2620,0.0000,0.0000,0.9890,1.0000,4.2770,156.3970,4.6760,0.0000,0.0000,0.0000,69.8117,0.0000,4379.0000,1755.0000,0.0000,25.0000,33.0000,24.0000,7.0000
2.0950,0.6110,0.4320,0.3930,0.1700,0.0000,0.0000,1.0520,1.0000,4.2770,156.3970,4.6760,0.0000,0.0000,0.0000,69.8117,0.0000,4379.0000,1755.0000,0.0000,25.0000,33.0000,24.0000,7.0000
2.1520,0.5860,0.4270,0.3920,0.1690,0.0000,0.0000,1.1390,1.0000,4.2770,156.3970,4.6760,0.0000,0.0000,0.0000,69.8111,0.0000,4379.0000,1755.0000,0.0000,25.0000,32.0000,24.0000,7.0000
2.2420,0.6790,0.4450,0.4740,0.2040,0.0000,0.0000,1.1180,1.0000,4.2770,156.3970,4.6760,0.0000,0.0000,0.0000,69.8315,0.0000,4381.0000,1755.0000,0.0000,25.0000,32.0000,24.0000,7.0000
2.3100,0.6410,0.3980,0.3200,0.2010,0.0000,0.0000,1.2710,1.0000,4.2770,156.3970,4.6760,0.0000,0.0000,0.0000,69.8440,0.0000,4382.0000,1755.0000,0.0000,25.0000,33.0000,24.0000,7.0000
2.0850,0.5960,0.4540,0.3340,0.2210,0.0000,0.0000,1.0350,1.0000,4.2770,156.3970,4.6760,0.0000,0.0000,0.0000,69.8442,0.0000,4382.0000,1755.0000,0.0000,25.0000,33.0000,24.0000,7.0000
2.3850,0.5210,0.5910,0.3370,0.3680,0.0000,0.0000,1.2730,1.0000,4.2770,156.3970,4.6760,0.0000,0.0000,0.0000,69.8648,0.0000,4384.0000,1755.0000,0.0000,25.0000,33.0000,24.0000,7.0000
2.0670,0.6720,0.3770,0.3900,0.1610,0.0000,0.0000,1.0180,1.0000,4.2770,156.3970,4.6760,0.0000,0.0000,0.0000,69.8640,0.0000,4384.0000,1755.0000,0.0000,25.0000,32.0000,24.0000,9.0000
2.0720,0.6260,0.3870,0.4460,0.1690,0.0000,0.0000,1.0590,1.0000,4.2770,156.3970,4.6760,0.0000,0.0000,0.0000,69.8641,0.0000,4384.0000,1755.0000,0.0000,25.0000,32.0000,24.0000,9.0000
2.1930,0.5800,0.3790,0.3260,0.1640,0.0000,0.0000,1.2340,1.0000,4.2770,156.3970,4.6760,0.0000,0.0000,0.0000,69.8648,0.0000,4384.0000,1755.0000,0.0000,25.0000,33.0000,24.0000,9.0000
2.3580,0.6840,0.4780,0.3580,0.2490,0.0000,0.0000,1.1960,1.0000,4.2770,156.3970,4.6760,0.0000,0.0000,0.0000,69.8771,0.0000,4385.0000,1755.0000,0.0000,25.0000,33.0000,24.0000,9.0000
2.1780,0.6620,0.4640,0.3850,0.1820,0.0000,0.0000,1.0520,1.0000,4.2770,156.3970,4.6760,0.0000,0.0000,0.0000,69.8772,0.0000,4385.0000,1755.0000,0.0000,25.0000,33.0000,24.0000,9.0000
2.2150,0.6810,0.3760,0.4840,0.1640,0.0000,0.0000,1.1580,1.0000,4.2770,156.3970,4.6760,0.0000,0.0000,0.0000,69.8759,0.0000,4385.0000,1755.0000,0.0000,25.0000,31.0000,24.0000,9.0000
2.5230,0.6110,0.4550,0.4150,0.2330,0.0000,0.0000,1.4570,1.0000,4.2770,156.3970,4.6760,0.0000,0.0000,0.0000,69.8757,0.0000,4385.0000,1755.0000,0.0000,25.0000,31.0000,24.0000,9.0000
2.1690,0.6430,0.4620,0.4070,0.2500,0.0000,0.0000,1.0640,1.0000,4.2770,156.3970,4.6760,0.0000,0.0000,0.0000,69.7224,0.0000,4370.0000,1755.0000,0.0000,25.0000,32.0000,24.0000,9.0000
2.1370,0.5890,0.4960,0.4020,0.1910,0.0000,0.0000,1.0520,1.0000,4.2770,156.3970,4.6760,0.0000,0.0000,0.0000,69.7224,0.0000,4370.0000,1755.0000,0.0000,25.0000,32.0000,24.0000,9.0000
2.5050,0.5950,0.4720,0.4040,0.2510,0.0000,0.0000,1.4380,1.0000,4.2770,156.3970,4.6760,0.0000,0.0000,0.0000,69.7530,0.0000,4373.0000,1755.0000,0.0000,25.0000,32.0000,24.0000,9.0000
2.1000,0.6960,0.3710,0.3380,0.1690,0.0000,0.0000,1.0330,1.0000,4.2770,156.3970,4.6760,0.0000,0.0000,0.0000,69.7523,0.0000,4373.0000,1755.0000,0.0000,25.0000,31.0000,24.0000,9.0000
2.2980,0.5240,0.4780,0.3350,0.2610,0.0000,0.0000,1.2960,1.0000,4.2770,156.3970,4.6760,0.0000,0.0000,0.0000,69.7628,0.0000,4374.0000,1755.0000,0.0000,25.0000,31.0000,24.0000,9.0000
2.1380,0.7090,0.4220,0.4760,0.1700,0.0000,0.0000,1.0070,1.0000,4.2770,156.3970,4.6760,0.0000,0.0000,0.0000,69.7635,0.0000,4374.0000,1755.0000,0.0000,25.0000,32.0000,24.0000,9.0000
2.1180,0.6090,0.3760,0.4030,0.1590,0.0000,0.0000,1.1330,1.0000,4.2770,156.3970,4.6760,0.0000,0.0000,0.0000,69.7635,0.0000,4374.0000,1755.0000,0.0000,25.0000,32.0000,24.0000,9.0000
2.1550,0.6480,0.4250,0.4670,0.1970,0.0000,0.0000,1.0820,1.0000,4.2770,156.3970,4.6760,0.0000,0.0000,0.0000,69.7738,0.0000,4375.0000,1755.0000,0.0000,25.0000,32.0000,24.0000,9.0000
2.1190,0.6150,0.3760,0.3190,0.1620,0.0000,0.0000,1.1280,1.0000,4.2770,156.3970,4.6760,0.0000,0.0000,0.0000,69.7731,0.0000,4375.0000,1755.0000,0.0000,25.0000,31.0000,24.0000,9.0000
2.2240,0.5910,0.5500,0.3390,0.2920,0.0000,0.0000,1.0830,1.0000,4.2770,156.3970,4.6760,0.0000,0.0000,0.0000,69.7738,0.0000,4375.0000,1755.0000,0.0000,25.0000,32.0000,24.0000,9.0000
2.1730,0.5240,0.5230,0.3370,0.2890,0.0000,0.0000,1.1260,1.0000,4.2770,156.3970,4.6760,0.0000,0.0000,0.0000,69.7738,0.0000,4375.0000,1755.0000,0.0000,25.0000,32.0000,24.0000,9.0000
2.1810,0.5940,0.4680,0.4120,0.2160,0.0000,0.0000,1.1190,1.0000,4.2770,156.3970,4.6760,0.0000,0.0000,0.0000,69.7842,0.0000,4376.0000,1755.0000,0.0000,25.0000,32.0000,24.0000,9.0000
2.2330,0.6270,0.4730,0.3780,0.2030,0.0000,0.0000,1.1330,1.0000,4.2770,156.3970,4.6760,0.0000,0.0000,0.0000,69.7945,0.0000,4377.0000,1755.0000,0.0000,25.0000,32.0000,24.0000,9.0000
2.0950,0.6080,0.3660,0.3250,0.1560,0.0000,0.0000,1.1210,1.0000,4.2770,156.3970,4.6760,0.0000,0.0000,0.0000,69.7946,0.0000,4377.0000,1755.0000,0.0000,25.0000,32.0000,24.0000,9.0000
3.5140,0.5810,0.7730,0.3240,0.4170,0.0000,0.0000,2.1600,1.0000,4.2770,156.3970,4.6760,0.0000,0.0000,0.0000,69.7939,0.0000,4377.0000,1755.0000,0.0000,25.0000,31.0000,24.0000,8.0000
2.3930,1.1730,0.5430,0.7600,0.2380,0.0000,0.0000,0.6770,1.0000,4.2770,156.3970,4.6760,0.0000,0.0000,0.0000,69.8240,0.0000,4380.0000,1755.0000,0.0000,25.0000,31.0000,24.0000,8.0000
2.0650,0.7150,0.3920,0.3440,0.1800,0.0000,0.0000,0.9580,1.0000,4.2770,156.3970,4.6760,0.0000,0.0000,0.0000,69.8240,0.0000,4380.0000,1755.0000,0.0000,25.0000,31.0000,24.0000,8.0000
2.1140,0.5120,0.3970,0.3200,0.1920,0.0000,0.0000,1.2050,1.0000,4.2770,156.3970,4.6760,0.0000,0.0000,0.0000,69.8352,0.0000,4381.0000,1755.0000,0.0000,25.0000,32.0000,24.0000,8.0000
2.0710,0.5490,0.3740,0.3120,0.1680,0.0000,0.0000,1.1480,1.0000,4.2770,156.3970,4.6760,0.0000,0.0000,0.0000,69.8352,0.0000,4381.0000,1755.0000,0.0000,25.0000,32.0000,24.0000,8.0000
2.0490,0.5240,0.3760,0.3300,0.1700,0.0000,0.0000,1.1490,1.0000,4.2770,156.3970,4.6760,0.0000,0.0000,0.0000,69.8353,0.0000,4381.0000,1755.0000,0.0000,25.0000,32.0000,24.0000,8.0000
2.2110,0.5170,0.3730,0.3300,0.1540,0.0000,0.0000,1.3210,1.0000,4.2770,156.3970,4.6760,0.0000,0.0000,0.0000,69.8354,0.0000,4381.0000,1755.0000,0.0000,25.0000,32.0000,24.0000,9.0000
2.1830,0.5820,0.4640,0.4000,0.2090,0.0000,0.0000,1.1370,1.0000,4.2770,156.3970,4.6760,0.0000,0.0000,0.0000,69.8450,0.0000,4382.0000,1755.0000,0.0000,25.0000,31.0000,24.0000,9.0000
2.2250,0.6260,0.4800,0.3860,0.2290,0.0000,0.0000,1.1190,1.0000,4.2770,156.3970,4.6760,0.0000,0.0000,0.0000,69.8560,0.0000,4383.0000,1755.0000,0.0000,25.0000,32.0000,24.0000,9.0000
2.1070,0.6950,0.3600,0.4250,0.1660,0.0000,0.0000,1.0520,1.0000,4.2770,156.3970,4.6760,0.0000,0.0000,0.0000,69.8574,0.0000,4383.0000,1755.0000,0.0000,25.0000,34.0000,24.0000,8.0000
2.1290,0.5780,0.3510,0.3270,0.1590,0.0000,0.0000,1.2000,1.0000,4.2770,156.3970,4.6760,0.0000,0.0000,0.0000,69.8575,0.0000,4383.0000,1755.0000,0.0000,25.0000,34.0000,24.0000,8.0000
2.0750,0.6670,0.4230,0.3390,0.1930,0.0000,0.0000,0.9850,1.0000,4.2770,156.3970,4.6760,0.0000,0.0000,0.0000,69.8575,0.0000,4383.0000,1755.0000,0.0000,25.0000,34.0000,24.0000,8.0000
2.1220,0.5100,0.3640,0.3180,0.1700,0.0000,0.0000,1.2480,1.0000,4.2770,156.3970,4.6760,0.0000,0.0000,0.0000,69.8582,0.0000,4383.0000,1755.0000,0.0000,25.0000,35.0000,24.0000,8.0000
2.2270,0.5300,0.4870,0.3300,0.2740,0.0000,0.0000,1.2100,1.0000,4.2770,156.3970,4.6760,0.0000,0.0000,0.0000,69.8685,0.0000,4384.0000,1755.0000,0.0000,25.0000,35.0000,24.0000,8.0000
2.2080,0.6200,0.5060,0.3820,0.1890,0.0000,0.0000,1.0820,1.0000,4.2770,156.3970,4.6760,0.0000,0.0000,0.0000,69.8685,0.0000,4384.0000,1755.0000,0.0000,25.0000,35.0000,24.0000,8.0000
2.0310,0.6130,0.3510,0.4070,0.1500,0.0000,0.0000,1.0670,1.0000,4.2770,156.3970,4.6760,0.0000,0.0000,0.0000,69.8685,0.0000,4384.0000,1755.0000,0.0000,25.0000,35.0000,24.0000,8.0000
2.9480,0.5820,0.4870,0.3670,0.2550,0.0000,0.0000,1.8790,1.0000,4.2770,156.3970,4.6760,0.0000,0.0000,0.0000,69.8848,0.0000,4386.0000,1755.0000,0.0000,25.0000,35.0000,24.0000,8.0000
3.5990,0.7770,0.5250,0.4980,0.2430,0.0000,0.0000,2.2970,1.0000,4.2770,156.3970,4.6760,0.0000,0.0000,0.0000,69.8821,0.0000,4386.0000,1755.0000,0.0000,25.0000,35.0000,24.0000,11.0000
3.6560,1.1820,0.7390,0.8960,0.3910,0.0000,0.0000,1.7350,1.0000,4.2770,156.3970,4.6760,0.0000,0.0000,0.0000,69.9588,0.0000,4404.0000,1755.0000,0.0000,25.0000,35.0000,24.0000,11.0000
2.2070,1.3550,0.4260,0.5620,0.1700,0.0000,0.0000,0.4260,1.0000,4.2770,156.3970,4.6760,0.0000,0.0000,0.0000,69.9713,0.0000,4405.0000,1755.0000,0.0000,25.0000,36.0000,24.0000,11.0000
2.1320,0.5640,0.3850,0.3180,0.1880,0.0000,0.0000,1.1830,1.0000,4.2770,156.3970,4.6760,0.0000,0.0000,0.0000,69.9710,0.0000,4405.0000,1755.0000,0.0000,25.0000,35.0000,24.0000,11.0000
2.2830,0.5630,0.4540,0.3310,0.2450,0.0000,0.0000,1.2660,1.0000,4.2770,156.3970,4.6760,0.0000,0.0000,0.0000,69.9813,0.0000,4406.0000,1755.0000,0.0000,25.0000,35.0000,24.0000,11.0000
2.0250,0.6980,0.3910,0.4330,0.1600,0.0000,0.0000,0.9360,1.0000,4.2770,156.3970,4.6760,0.0000,0.0000,0.0000,69.9827,0.0000,4406.0000,1755.0000,0.0000,25.0000,37.0000,24.0000,11.0000
2.7740,0.5940,0.4590,0.3850,0.1790,0.0000,0.0000,1.7210,1.0000,4.2770,156.3970,4.6760,0.0000,0.0000,0.0000,69.9822,0.0000,4406.0000,1755.0000,0.0000,25.0000,36.0000,24.0000,11.0000
2.3210,1.0290,0.5100,0.7850,0.2690,0.0000,0.0000,0.7820,1.0000,4.2770,156.3970,4.6760,0.0000,0.0000,0.0000,69.9932,0.0000,4407.0000,1755.0000,0.0000,25.0000,37.0000,24.0000,10.0000
2.1170,0.6580,0.4210,0.4110,0.1810,0.0000,0.0000,1.0380,1.0000,4.2770,156.3970,4.6760,0.0000,0.0000,0.0000,69.9932,0.0000,4407.0000,1755.0000,0.0000,25.0000,37.0000,24.0000,10.0000
2.7430,0.5710,0.3430,0.3260,0.1510,0.0000,0.0000,1.8290,1.0000,4.2770,156.3970,4.6760,0.0000,0.0000,0.0000,69.9930,0.0000,4407.0000,1755.0000,0.0000,25.0000,37.0000,24.0000,10.0000
2.4620,0.6170,0.5350,0.3240,0.2810,0.0000,0.0000,1.3100,1.0000,4.2770,156.3970,4.6760,0.0000,0.0000,0.0000,69.8070,0.0000,4389.0000,1755.0000,0.0000,25.0000,37.0000,24.0000,10.0000
2.3390,0.6980,0.3970,0.3210,0.2000,0.0000,0.0000,1.2440,1.0000,4.2770,156.3970,4.6760,0.0000,0.0000,0.0000,69.8280,0.0000,4391.0000,1755.0000,0.0000,25.0000,38.0000,24.0000,10.0000
2.1470,0.6350,0.4530,0.3600,0.2290,0.0000,0.0000,1.0590,1.0000,4.2770,156.3970,4.6760,0.0000,0.0000,0.0000,69.8274,0.0000,4391.0000,1755.0000,0.0000,25.0000,37.0000,24.0000,9.0000
2.1930,0.5870,0.4560,0.3950,0.2180,0.0000,0.0000,1.1500,1.0000,4.2770,156.3970,4.6760,0.0000,0.0000,0.0000,69.8282,0.0000,4391.0000,1755.0000,0.0000,25.0000,38.0000,24.0000,9.0000
2.6080,0.5860,0.4330,0.3820,0.2170,0.0000,0.0000,1.5890,1.0000,4.2770,156.3970,4.6760,0.0000,0.0000,0.0000,69.8378,0.0000,4392.0000,1755.0000,0.0000,25.0000,37.0000,24.0000,8.0000
2.3930,0.7580,0.4720,0.4390,0.2270,0.0000,0.0000,1.1630,1.0000,4.2770,156.3970,4.6760,0.0000,0.0000,0.0000,69.8385,0.0000,4392.0000,1755.0000,0.0000,25.0000,38.0000,24.0000,8.0000
2.4310,0.6710,0.4180,0.4670,0.1870,0.0000,0.0000,1.3420,1.0000,4.2770,156.3970,4.6760,0.0000,0.0000,0.0000,69.8379,0.0000,4392.0000,1755.0000,0.0000,25.0000,37.0000,24.0000,8.0000
2.4970,0.6570,0.4830,0.3690,0.2770,0.0000,0.0000,1.3570,1.0000,4.2770,156.3970,4.6760,0.0000,0.0000,0.0000,69.8691,0.0000,4395.0000,1755.0000,0.0000,25.0000,38.0000,24.0000,8.0000
2.4690,0.7490,0.5150,0.3720,0.1920,0.0000,0.0000,1.2050,1.0000,4.2770,156.3970,4.6760,0.0000,0.0000,0.0000,69.8685,0.0000,4395.0000,1755.0000,0.0000,25.0000,37.0000,24.0000,8.0000
2.2380,0.7040,0.4220,0.4090,0.1910,0.0000,0.0000,1.1120,1.0000,4.2770,156.3970,4.6760,0.0000,0.0000,0.0000,69.8694,0.0000,4395.0000,1755.0000,0.0000,25.0000,38.0000,24.0000,8.0000
4.0540,0.5260,0.6880,0.3330,0.3370,0.0000,0.0000,2.8400,1.0000,4.2770,156.3970,4.6760,0.0000,0.0000,0.0000,69.8694,0.0000,4395.0000,1755.0000,0.0000,25.0000,38.0000,24.0000,8.0000
2.4590,1.4190,0.5190,1.0850,0.2140,0.0000,0.0000,0.5210,1.0000,4.2770,156.3970,4.6760,0.0000,0.0000,0.0000,69.8701,0.0000,4395.0000,1755.0000,0.0000,25.0000,39.0000,24.0000,8.0000
2.1700,0.6400,0.4040,0.4280,0.1880,0.0000,0.0000,1.1260,1.0000,4.2770,156.3970,4.6760,0.0000,0.0000,0.0000,69.8620,0.0000,4383.0000,1755.0000,0.0000,25.0000,37.0000,24.0000,9.0000
2.2970,0.7000,0.4440,0.4160,0.2090,0.0000,0.0000,1.1530,1.0000,4.2770,156.3970,4.6760,0.0000,0.0000,0.0000,69.8627,0.0000,4383.0000,1755.0000,0.0000,25.0000,38.0000,24.0000,9.0000
2.1820,0.5810,0.4370,0.3740,0.2290,0.0000,0.0000,1.1640,1.0000,4.2770,156.3970,4.6760,0.0000,0.0000,0.0000,69.8620,0.0000,4383.0000,1755.0000,0.0000,25.0000,37.0000,24.0000,9.0000
2.1570,0.6220,0.4360,0.4200,0.1910,0.0000,0.0000,1.0990,1.0000,4.2770,156.3970,4.6760,0.0000,0.0000,0.0000,69.8627,0.0000,4383.0000,1755.0000,0.0000,25.0000,38.0000,24.0000,9.0000
2.2670,0.6650,0.4360,0.4330,0.1800,0.0000,0.0000,1.1660,1.0000,4.2770,156.3970,4.6760,0.0000,0.0000,0.0000,69.8620,0.0000,4383.0000,1755.0000,0.0000,25.0000,37.0000,24.0000,9.0000
2.3590,0.6300,0.3860,0.3550,0.1990,0.0000,0.0000,1.3430,1.0000,4.2770,156.3970,4.6760,0.0000,0.0000,0.0000,69.8729,0.0000,4384.0000,1755.0000,0.0000,25.0000,38.0000,24.0000,9.0000
2.5230,0.6560,0.4970,0.3830,0.2710,0.0000,0.0000,1.3700,1.0000,4.2770,156.3970,4.6760,0.0000,0.0000,0.0000,69.8812,0.0000,4384.0000,1755.0000,0.0000,25.0000,37.0000,24.0000,9.0000
3.0920,0.7690,0.4230,0.4350,0.2100,0.0000,0.0000,1.9000,1.0000,4.2770,156.3970,4.6760,0.0000,0.0000,0.0000,69.8922,0.0000,4385.0000,1755.0000,0.0000,25.0000,38.0000,24.0000,9.0000
2.4690,0.7760,0.4750,0.4270,0.2390,0.0000,0.0000,1.2180,1.0000,4.2770,156.3970,4.6760,0.0000,0.0000,0.0000,69.9005,0.0000,4386.0000,1755.0000,0.0000,25.0000,35.0000,24.0000,9.0000
2.0900,0.6880,0.4730,0.4310,0.2340,0.0000,0.0000,0.9290,1.0000,4.2770,156.3970,4.6760,0.0000,0.0000,0.0000,69.9012,0.0000,4386.0000,1755.0000,0.0000,25.0000,36.0000,24.0000,9.0000
2.2220,0.5690,0.4210,0.3870,0.1780,0.0000,0.0000,1.2320,1.0000,4.2770,156.3970,4.6760,0.0000,0.0000,0.0000,69.9006,0.0000,4386.0000,1755.0000,0.0000,25.0000,35.0000,24.0000,9.0000
2.0750,0.7030,0.3880,0.4960,0.1610,0.0000,0.0000,0.9840,1.0000,4.2770,156.3970,4.6760,0.0000,0.0000,0.0000,69.9013,0.0000,4386.0000,1755.0000,0.0000,25.0000,36.0000,24.0000,9.0000
2.1430,0.6450,0.3750,0.4160,0.1790,0.0000,0.0000,1.1230,1.0000,4.2770,156.3970,4.6760,0.0000,0.0000,0.0000,69.9013,0.0000,4386.0000,1755.0000,0.0000,25.0000,36.0000,24.0000,9.0000
2.4650,0.6980,0.4340,0.4380,0.2100,0.0000,0.0000,1.3330,1.0000,4.2770,156.3970,4.6760,0.0000,0.0000,0.0000,69.9115,0.0000,4387.0000,1755.0000,0.0000,25.0000,36.0000,24.0000,9.0000
2.3980,0.7880,0.5760,0.5040,0.3190,0.0000,0.0000,1.0340,1.0000,4.2770,156.3970,4.6760,0.0000,0.0000,0.0000,69.9108,0.0000,4387.0000,1755.0000,0.0000,25.0000,35.0000,24.0000,9.0000
2.4120,0.6780,0.4520,0.4400,0.1890,0.0000,0.0000,1.2820,1.0000,4.2770,156.3970,4.6760,0.0000,0.0000,0.0000,69.9116,0.0000,4387.0000,1755.0000,0.0000,25.0000,36.0000,24.0000,9.0000
2.7240,0.6370,0.5530,0.3750,0.3090,0.0000,0.0000,1.5340,1.0000,4.2770,156.3970,4.6760,0.0000,0.0000,0.0000,69.9218,0.0000,4388.0000,1755.0000,0.0000,25.0000,36.0000,24.0000,9.0000
2.6990,0.7920,0.6020,0.5030,0.2730,0.0000,0.0000,1.3050,1.0000,4.2770,156.3970,4.6760,0.0000,0.0000,0.0000,69.9320,0.0000,4389.0000,1755.0000,0.0000,25.0000,36.0000,24.0000,9.0000
2.3730,0.7360,0.4800,0.4660,0.2050,0.0000,0.0000,1.1570,1.0000,4.2770,156.3970,4.6760,0.0000,0.0000,0.0000,69.9423,0.0000,4390.0000,1755.0000,0.0000,25.0000,36.0000,24.0000,9.0000
2.3760,0.6270,0.4120,0.3460,0.1750,0.0000,0.0000,1.3370,1.0000,4.2770,156.3970,4.6760,0.0000,0.0000,0.0000,69.9431,0.0000,4390.0000,1755.0000,0.0000,25.0000,37.0000,24.0000,9.0000
2.3830,0.6670,0.4630,0.4370,0.2180,0.0000,0.0000,1.2530,1.0000,4.2770,156.3970,4.6760,0.0000,0.0000,0.0000,69.9432,0.0000,4390.0000,1755.0000,0.0000,25.0000,37.0000,24.0000,9.0000
2.2870,0.7540,0.3590,0.5150,0.1490,0.0000,0.0000,1.1740,1.0000,4.2770,156.3970,4.6760,0.0000,0.0000,0.0000,69.9432,0.0000,4390.0000,1755.0000,0.0000,25.0000,37.0000,24.0000,9.0000
2.5910,0.6120,0.4510,0.3630,0.2150,0.0000,0.0000,1.5280,1.0000,4.2770,156.3970,4.6760,0.0000,0.0000,0.0000,69.9432,0.0000,4390.0000,1755.0000,0.0000,25.0000,37.0000,24.0000,9.0000
2.3490,0.7760,0.4890,0.5140,0.1900,0.0000,0.0000,1.0840,1.0000,4.2770,156.3970,4.6760,0.0000,0.0000,0.0000,69.9432,0.0000,4390.0000,1755.0000,0.0000,25.0000,37.0000,24.0000,9.0000
2.5410,0.6280,0.4780,0.3600,0.2460,0.0000,0.0000,1.4350,1.0000,4.2770,156.3970,4.6760,0.0000,0.0000,0.0000,69.9533,0.0000,4391.0000,1755.0000,0.0000,25.0000,37.0000,24.0000,10.0000
2.3270,0.6800,0.4990,0.4130,0.2060,0.0000,0.0000,1.1480,1.0000,4.2770,156.3970,4.6760,0.0000,0.0000,0.0000,69.9540,0.0000,4391.0000,1755.0000,0.0000,25.0000,38.0000,24.0000,10.0000
2.9140,0.6980,0.6160,0.4910,0.3370,0.0000,0.0000,1.6000,1.0000,4.2770,156.3970,4.6760,0.0000,0.0000,0.0000,69.9640,0.0000,4392.0000,1755.0000,0.0000,25.0000,38.0000,24.0000,10.0000
2.2160,0.9220,0.4160,0.5890,0.1690,0.0000,0.0000,0.8780,1.0000,4.2770,156.3970,4.6760,0.0000,0.0000,0.0000,69.7536,0.0000,4372.0000,1755.0000,0.0000,25.0000,37.0000,24.0000,10.0000
2.5470,0.5910,0.4930,0.3230,0.2430,0.0000,0.0000,1.4630,1.0000,4.2770,156.3970,4.6760,0.0000,0.0000,0.0000,69.7739,0.0000,4374.0000,1755.0000,0.0000,25.0000,37.0000,24.0000,10.0000
2.3560,0.7560,0.4720,0.4590,0.1900,0.0000,0.0000,1.1280,1.0000,4.2770,156.3970,4.6760,0.0000,0.0000,0.0000,69.7732,0.0000,4374.0000,1755.0000,0.0000,25.0000,36.0000,24.0000,10.0000
2.2460,0.6500,0.3940,0.4420,0.1610,0.0000,0.0000,1.2020,1.0000,4.2770,156.3970,4.6760,0.0000,0.0000,0.0000,69.7734,0.0000,4374.0000,1755.0000,0.0000,25.0000,36.0000,24.0000,10.0000
2.4500,0.6760,0.4420,0.3440,0.2320,0.0000,0.0000,1.3320,1.0000,4.2770,156.3970,4.6760,0.0000,0.0000,0.0000,69.8037,0.0000,4377.0000,1755.0000,0.0000,25.0000,36.0000,24.0000,11.0000
2.5110,0.8060,0.5910,0.4930,0.2310,0.0000,0.0000,1.1140,1.0000,4.2770,156.3970,4.6760,0.0000,0.0000,0.0000,69.8141,0.0000,4378.0000,1755.0000,0.0000,25.0000,36.0000,24.0000,11.0000
2.2500,0.6670,0.4280,0.3630,0.1810,0.0000,0.0000,1.1550,1.0000,4.2770,156.3970,4.6760,0.0000,0.0000,0.0000,69.8143,0.0000,4378.0000,1755.0000,0.0000,25.0000,36.0000,24.0000,11.0000
2.3430,0.5530,0.4850,0.3530,0.2400,0.0000,0.0000,1.3050,1.0000,4.2770,156.3970,4.6760,0.0000,0.0000,0.0000,69.8137,0.0000,4378.0000,1755.0000,0.0000,25.0000,35.0000,24.0000,11.0000
2.4780,0.7200,0.4650,0.5000,0.1870,0.0000,0.0000,1.2930,1.0000,4.2770,156.3970,4.6760,0.0000,0.0000,0.0000,69.8137,0.0000,4378.0000,1755.0000,0.0000,25.0000,35.0000,24.0000,11.0000
2.4000,0.7930,0.4370,0.4600,0.2220,0.0000,0.0000,1.1700,1.0000,4.2770,156.3970,4.6760,0.0000,0.0000,0.0000,69.8240,0.0000,4379.0000,1755.0000,0.0000,25.0000,35.0000,24.0000,11.0000
2.4520,0.6610,0.5270,0.4230,0.2000,0.0000,0.0000,1.2640,1.0000,4.2770,156.3970,4.6760,0.0000,0.0000,0.0000,69.8240,0.0000,4379.0000,1755.0000,0.0000,25.0000,35.0000,24.0000,11.0000
2.4180,0.7050,0.4370,0.4120,0.2190,0.0000,0.0000,1.2760,1.0000,4.2770,156.3970,4.6760,0.0000,0.0000,0.0000,69.8338,0.0000,4380.0000,1755.0000,0.0000,25.0000,35.0000,24.0000,11.0000
2.3240,0.6460,0.5010,0.3820,0.1970,0.0000,0.0000,1.1770,1.0000,4.2770,156.3970,4.6760,0.0000,0.0000,0.0000,69.8338,0.0000,4380.0000,1755.0000,0.0000,25.0000,35.0000,24.0000,11.0000
2.4320,0.6410,0.4380,0.4270,0.2170,0.0000,0.0000,1.3530,1.0000,4.2770,156.3970,4.6760,0.0000,0.0000,0.0000,69.8339,0.0000,4380.0000,1755.0000,0.0000,25.0000,35.0000,24.0000,11.0000
2.5030,0.7530,0.6060,0.4020,0.3250,0.0000,0.0000,1.1440,1.0000,4.2770,156.3970,4.6760,0.0000,0.0000,0.0000,69.8441,0.0000,4381.0000,1755.0000,0.0000,25.0000,35.0000,24.0000,11.0000
2.3950,0.6900,0.5310,0.4100,0.2310,0.0000,0.0000,1.1740,1.0000,4.2770,156.3970,4.6760,0.0000,0.0000,0.0000,69.8648,0.0000,4383.0000,1755.0000,0.0000,25.0000,35.0000,24.0000,11.0000
2.7990,0.6710,0.4830,0.3230,0.2370,0.0000,0.0000,1.6450,1.0000,4.2770,156.3970,4.6760,0.0000,0.0000,0.0000,69.9056,0.0000,4387.0000,1755.0000,0.0000,25.0000,35.0000,24.0000,11.0000
2.3030,1.0530,0.4360,0.6040,0.2100,0.0000,0.0000,0.8140,1.0000,4.2770,156.3970,4.6760,0.0000,0.0000,0.0000,69.9161,0.0000,4388.0000,1755.0000,0.0000,25.0000,35.0000,24.0000,11.0000
2.3300,0.6180,0.3870,0.3690,0.1870,0.0000,0.0000,1.3250,1.0000,4.2770,156.3970,4.6760,0.0000,0.0000,0.0000,69.9163,0.0000,4388.0000,1755.0000,0.0000,25.0000,35.0000,24.0000,11.0000
2.4420,0.6600,0.5130,0.4500,0.2150,0.0000,0.0000,1.2690,1.0000,4.2770,156.3970,4.6760,0.0000,0.0000,0.0000,69.9164,0.0000,4388.0000,1755.0000,0.0000,25.0000,35.0000,24.0000,11.0000
2.1270,0.6160,0.4130,0.3470,0.1700,0.0000,0.0000,1.0980,1.0000,4.2770,156.3970,4.6760,0.0000,0.0000,0.0000,69.9164,0.0000,4388.0000,1755.0000,0.0000,25.0000,35.0000,24.0000,11.0000
2.3940,0.5360,0.3840,0.3290,0.1720,0.0000,0.0000,1.4740,1.0000,4.2770,156.3970,4.6760,0.0000,0.0000,0.0000,69.9164,0.0000,4388.0000,1755.0000,0.0000,25.0000,35.0000,24.0000,11.0000
2.4080,0.6490,0.4930,0.4160,0.2010,0.0000,0.0000,1.2660,1.0000,4.2770,156.3970,4.6760,0.0000,0.0000,0.0000,69.9164,0.0000,4388.0000,1755.0000,0.0000,25.0000,35.0000,24.0000,11.0000
2.3320,0.6590,0.4180,0.4080,0.2160,0.0000,0.0000,1.2550,1.0000,4.2770,156.3970,4.6760,0.0000,0.0000,0.0000,69.9267,0.0000,4389.0000,1755.0000,0.0000,25.0000,35.0000,24.0000,11.0000
2.5140,0.6600,0.4470,0.3290,0.1980,0.0000,0.0000,1.4070,1.0000,4.2770,156.3970,4.6760,0.0000,0.0000,0.0000,69.9369,0.0000,4390.0000,1755.0000,0.0000,25.0000,35.0000,24.0000,11.0000
2.6220,0.7510,0.5160,0.4950,0.1950,0.0000,0.0000,1.3550,1.0000,4.2770,156.3970,4.6760,0.0000,0.0000,0.0000,69.9377,0.0000,4390.0000,1755.0000,0.0000,25.0000,36.0000,24.0000,11.0000
2.4010,0.6220,0.4910,0.3880,0.2380,0.0000,0.0000,1.2880,1.0000,4.2770,156.3970,4.6760,0.0000,0.0000,0.0000,69.9377,0.0000,4390.0000,1755.0000,0.0000,25.0000,36.0000,24.0000,11.0000
2.4860,0.7080,0.4630,0.4960,0.2250,0.0000,0.0000,1.3150,1.0000,4.2770,156.3970,4.6760,0.0000,0.0000,0.0000,69.9579,0.0000,4392.0000,1755.0000,0.0000,25.0000,36.0000,24.0000,11.0000
2.6380,0.6360,0.5000,0.3460,0.2690,0.0000,0.0000,1.5020,1.0000,4.2770,156.3970,4.6760,0.0000,0.0000,0.0000,69.9785,0.0000,4394.0000,1755.0000,0.0000,25.0000,36.0000,24.0000,12.0000
2.1320,0.7880,0.3690,0.4860,0.1610,0.0000,0.0000,0.9750,1.0000,4.2770,156.3970,4.6760,0.0000,0.0000,0.0000,69.9793,0.0000,4394.0000,1755.0000,0.0000,25.0000,37.0000,24.0000,11.0000
2.1380,0.5680,0.3980,0.3240,0.1960,0.0000,0.0000,1.1720,1.0000,4.2770,156.3970,4.6760,0.0000,0.0000,0.0000,69.9897,0.0000,4395.0000,1755.0000,0.0000,25.0000,37.0000,24.0000,11.0000
2.3010,0.5890,0.3840,0.3290,0.1910,0.0000,0.0000,1.3280,1.0000,4.2770,156.3970,4.6760,0.0000,0.0000,0.0000,69.9897,0.0000,4395.0000,1755.0000,0.0000,25.0000,37.0000,24.0000,11.0000
2.5090,0.6450,0.4530,0.4160,0.1930,0.0000,0.0000,1.4110,1.0000,4.2770,156.3970,4.6760,0.0000,0.0000,0.0000,69.9891,0.0000,4395.0000,1755.0000,0.0000,25.0000,36.0000,24.0000,11.0000
3.1190,0.7950,0.6550,0.5550,0.3570,0.0000,0.0000,1.6690,1.0000,4.2770,156.3970,4.6760,0.0000,0.0000,0.0000,70.0110,0.0000,4397.0000,1755.0000,0.0000,25.0000,36.0000,24.0000,11.0000
2.3290,0.9620,0.4740,0.6160,0.2300,0.0000,0.0000,0.8930,1.0000,4.2770,156.3970,4.6760,0.0000,0.0000,0.0000,70.0212,0.0000,4398.0000,1755.0000,0.0000,25.0000,36.0000,24.0000,11.0000
2.5570,0.5700,0.4780,0.3320,0.2480,0.0000,0.0000,1.5090,1.0000,4.2770,156.3970,4.6760,0.0000,0.0000,0.0000,70.0422,0.0000,4400.0000,1755.0000,0.0000,25.0000,37.0000,24.0000,11.0000
2.4300,0.8020,0.4780,0.4850,0.2190,0.0000,0.0000,1.1500,1.0000,4.2770,156.3970,4.6760,0.0000,0.0000,0.0000,70.0423,0.0000,4400.0000,1755.0000,0.0000,25.0000,37.0000,24.0000,11.0000
2.4410,0.6500,0.5010,0.3960,0.2680,0.0000,0.0000,1.2900,1.0000,4.2770,156.3970,4.6760,0.0000,0.0000,0.0000,70.0527,0.0000,4401.0000,1755.0000,0.0000,25.0000,37.0000,24.0000,11.0000
3.7790,0.7450,0.4150,0.4560,0.1800,0.0000,0.0000,2.6190,1.0000,4.2770,156.3970,4.6760,0.0000,0.0000,0.0000,70.0527,0.0000,4401.0000,1755.0000,0.0000,25.0000,37.0000,24.0000,11.0000
2.5820,1.5410,0.5930,1.1530,0.2430,0.0000,0.0000,0.4480,1.0000,4.2770,156.3970,4.6760,0.0000,0.0000,0.0000,69.7941,0.0000,4376.0000,1755.0000,0.0000,25.0000,37.0000,24.0000,11.0000
2.3730,0.6260,0.4090,0.3630,0.2000,0.0000,0.0000,1.3380,1.0000,4.2770,156.3970,4.6760,0.0000,0.0000,0.0000,69.7933,0.0000,4376.0000,1755.0000,0.0000,25.0000,36.0000,24.0000,11.0000
2.4310,0.6180,0.5070,0.4060,0.2160,0.0000,0.0000,1.3060,1.0000,4.2770,156.3970,4.6760,0.0000,0.0000,0.0000,69.8036,0.0000,4377.0000,1755.0000,0.0000,25.0000,36.0000,24.0000,11.0000
2.5410,0.6310,0.3860,0.3310,0.1680,0.0000,0.0000,1.5240,1.0000,4.2770,156.3970,4.6760,0.0000,0.0000,0.0000,69.8036,0.0000,4377.0000,1755.0000,0.0000,25.0000,36.0000,24.0000,11.0000
2.3210,0.5910,0.4700,0.3660,0.1950,0.0000,0.0000,1.2600,1.0000,4.2770,156.3970,4.6760,0.0000,0.0000,0.0000,69.8036,0.0000,4377.0000,1755.0000,0.0000,25.0000,36.0000,24.0000,10.0000
2.8070,0.6410,0.3710,0.4040,0.1590,0.0000,0.0000,1.7950,1.0000,4.2770,156.3970,4.6760,0.0000,0.0000,0.0000,69.8036,0.0000,4377.0000,1755.0000,0.0000,25.0000,36.0000,24.0000,10.0000
2.6700,0.8020,0.4620,0.5210,0.2180,0.0000,0.0000,1.4060,1.0000,4.2770,156.3970,4.6760,0.0000,0.0000,0.0000,69.8036,0.0000,4377.0000,1755.0000,0.0000,25.0000,36.0000,24.0000,10.0000
3.0350,0.6700,0.4520,0.3710,0.2370,0.0000,0.0000,1.9130,1.0000,4.2770,156.3970,4.6760,0.0000,0.0000,0.0000,69.8036,0.0000,4377.0000,1755.0000,0.0000,25.0000,36.0000,24.0000,10.0000
2.7960,0.6800,0.5310,0.4260,0.2920,0.0000,0.0000,1.5850,1.0000,4.2770,156.3970,4.6760,0.0000,0.0000,0.0000,69.8132,0.0000,4378.0000,1755.0000,0.0000,25.0000,35.0000,24.0000,9.0000
2.3110,0.7690,0.4400,0.4540,0.2030,0.0000,0.0000,1.1020,1.0000,4.2770,156.3970,4.6760,0.0000,0.0000,0.0000,69.8132,0.0000,4378.0000,1755.0000,0.0000,25.0000,35.0000,24.0000,9.0000
2.3700,0.6410,0.4540,0.4490,0.1840,0.0000,0.0000,1.2750,1.0000,4.2770,156.3970,4.6760,0.0000,0.0000,0.0000,69.8133,0.0000,4378.0000,1755.0000,0.0000,25.0000,35.0000,24.0000,9.0000
2.2760,0.6780,0.3960,0.4390,0.1870,0.0000,0.0000,1.2020,1.0000,4.2770,156.3970,4.6760,0.0000,0.0000,0.0000,69.8235,0.0000,4379.0000,1755.0000,0.0000,25.0000,35.0000,24.0000,9.0000
2.8230,0.6290,0.4940,0.3450,0.2580,0.0000,0.0000,1.7000,1.0000,4.2770,156.3970,4.6760,0.0000,0.0000,0.0000,69.8544,0.0000,4382.0000,1755.0000,0.0000,25.0000,35.0000,24.0000,9.0000
2.1410,0.9540,0.3970,0.4720,0.1840,0.0000,0.0000,0.7900,1.0000,4.2770,156.3970,4.6760,0.0000,0.0000,0.0000,69.8545,0.0000,4382.0000,1755.0000,0.0000,25.0000,35.0000,24.0000,9.0000
2.0720,0.5480,0.3870,0.3540,0.1910,0.0000,0.0000,1.1370,1.0000,4.2770,156.3970,4.6760,0.0000,0.0000,0.0000,69.8554,0.0000,4382.0000,1755.0000,0.0000,25.0000,36.0000,24.0000,9.0000
2.0730,0.5230,0.3650,0.3230,0.1720,0.0000,0.0000,1.1850,1.0000,4.2770,156.3970,4.6760,0.0000,0.0000,0.0000,69.8554,0.0000,4382.0000,1755.0000,0.0000,25.0000,36.0000,24.0000,10.0000
2.0660,0.5100,0.3700,0.3230,0.1760,0.0000,0.0000,1.1860,1.0000,4.2770,156.3970,4.6760,0.0000,0.0000,0.0000,69.8554,0.0000,4382.0000,1755.0000,0.0000,25.0000,36.0000,24.0000,9.0000
2.1140,0.5250,0.4360,0.3350,0.2050,0.0000,0.0000,1.1530,1.0000,4.2770,156.3970,4.6760,0.0000,0.0000,0.0000,69.8556,0.0000,4382.0000,1755.0000,0.0000,25.0000,36.0000,24.0000,10.0000
2.7890,0.5890,0.5250,0.4000,0.3250,0.0000,0.0000,1.6750,1.0000,4.2770,156.3970,4.6760,0.0000,0.0000,0.0000,69.8862,0.0000,4385.0000,1755.0000,0.0000,25.0000,36.0000,24.0000,10.0000
2.2600,1.0580,0.4080,0.5350,0.1840,0.0000,0.0000,0.7940,1.0000,4.2770,156.3970,4.6760,0.0000,0.0000,0.0000,69.8869,0.0000,4385.0000,1755.0000,0.0000,25.0000,37.0000,24.0000,10.0000
2.2850,0.5320,0.4390,0.3410,0.1530,0.0000,0.0000,1.3140,1.0000,4.2770,156.3970,4.6760,0.0000,0.0000,0.0000,69.8857,0.0000,4385.0000,1755.0000,0.0000,25.0000,35.0000,24.0000,10.0000
2.0640,0.6670,0.3750,0.4910,0.1810,0.0000,0.0000,1.0220,1.0000,4.2770,156.3970,4.6760,0.0000,0.0000,0.0000,69.9060,0.0000,4387.0000,1755.0000,0.0000,25.0000,35.0000,24.0000,10.0000
1.8270,0.6300,0.3380,0.3330,0.1650,0.0000,0.0000,0.8590,1.0000,4.2770,156.3970,4.6760,0.0000,0.0000,0.0000,69.9163,0.0000,4388.0000,1755.0000,0.0000,25.0000,35.0000,24.0000,11.0000
1.7960,0.5410,0.3610,0.3340,0.1520,0.0000,0.0000,0.8940,1.0000,4.2770,156.3970,4.6760,0.0000,0.0000,0.0000,69.9164,0.0000,4388.0000,1755.0000,0.0000,25.0000,35.0000,24.0000,10.0000
1.7600,0.5200,0.3540,0.3410,0.1750,0.0000,0.0000,0.8860,1.0000,4.2770,156.3970,4.6760,0.0000,0.0000,0.0000,69.9165,0.0000,4388.0000,1755.0000,0.0000,25.0000,35.0000,24.0000,10.0000
1.8310,0.4390,0.3030,0.2690,0.1330,0.0000,0.0000,1.0890,1.0000,4.2770,156.3970,4.6760,0.0000,0.0000,0.0000,69.9165,0.0000,4388.0000,1755.0000,0.0000,25.0000,35.0000,24.0000,10.0000
1.6420,0.4180,0.3040,0.2590,0.1320,0.0000,0.0000,0.9200,1.0000,4.2770,156.3970,4.6760,0.0000,0.0000,0.0000,69.9165,0.0000,4388.0000,1755.0000,0.0000,25.0000,35.0000,24.0000,9.0000
1.6390,0.4930,0.3320,0.2730,0.1370,0.0000,0.0000,0.8140,1.0000,4.2770,156.3970,4.6760,0.0000,0.0000,0.0000,69.9165,0.0000,4388.0000,1755.0000,0.0000,25.0000,35.0000,24.0000,9.0000
1.7740,0.4930,0.3280,0.3400,0.1450,0.0000,0.0000,0.9530,1.0000,4.2770,156.3970,4.6760,0.0000,0.0000,0.0000,69.9165,0.0000,4388.0000,1755.0000,0.0000,25.0000,35.0000,24.0000,9.0000
1.6390,0.4690,0.2980,0.3100,0.1340,0.0000,0.0000,0.8720,1.0000,4.2770,156.3970,4.6760,0.0000,0.0000,0.0000,69.9172,0.0000,4388.0000,1755.0000,0.0000,25.0000,36.0000,24.0000,9.0000
1.9970,0.4710,0.3600,0.2710,0.1760,0.0000,0.0000,1.1660,1.0000,4.2770,156.3970,4.6760,0.0000,0.0000,0.0000,69.9274,0.0000,4389.0000,1755.0000,0.0000,25.0000,36.0000,24.0000,9.0000
1.8450,0.5820,0.3470,0.3820,0.1770,0.0000,0.0000,0.9160,1.0000,4.2770,156.3970,4.6760,0.0000,0.0000,0.0000,69.9377,0.0000,4390.0000,1755.0000,0.0000,25.0000,36.0000,24.0000,9.0000
1.7630,0.5210,0.3800,0.3350,0.1630,0.0000,0.0000,0.8620,1.0000,4.2770,156.3970,4.6760,0.0000,0.0000,0.0000,69.9377,0.0000,4390.0000,1755.0000,0.0000,25.0000,36.0000,24.0000,9.0000
1.7650,0.4410,0.3090,0.2850,0.1460,0.0000,0.0000,1.0150,1.0000,4.2770,156.3970,4.6760,0.0000,0.0000,0.0000,69.9371,0.0000,4390.0000,1755.0000,0.0000,25.0000,35.0000,24.0000,9.0000
2.2110,0.4530,0.3560,0.2950,0.1800,0.0000,0.0000,1.4020,1.0000,4.2770,156.3970,4.6760,0.0000,0.0000,0.0000,69.9476,0.0000,4391.0000,1755.0000,0.0000,25.0000,35.0000,24.0000,9.0000
1.8420,0.8200,0.3650,0.6240,0.1760,0.0000,0.0000,0.6570,1.0000,4.2770,156.3970,4.6760,0.0000,0.0000,0.0000,69.9578,0.0000,4392.0000,1755.0000,0.0000,25.0000,35.0000,24.0000,9.0000
1.8850,0.4810,0.3370,0.2880,0.1680,0.0000,0.0000,1.0670,1.0000,4.2770,156.3970,4.6760,0.0000,0.0000,0.0000,69.9782,0.0000,4394.0000,1755.0000,0.0000,25.0000,35.0000,24.0000,9.0000
1.8760,0.5190,0.3360,0.2760,0.1640,0.0000,0.0000,1.0210,1.0000,4.2770,156.3970,4.6760,0.0000,0.0000,0.0000,69.9887,0.0000,4395.0000,1755.0000,0.0000,25.0000,35.0000,24.0000,9.0000
1.7120,0.4790,0.3010,0.2650,0.1340,0.0000,0.0000,0.9320,1.0000,4.2770,156.3970,4.6760,0.0000,0.0000,0.0000,69.9888,0.0000,4395.0000,1755.0000,0.0000,25.0000,35.0000,24.0000,9.0000
1.7760,0.4940,0.3580,0.3200,0.1350,0.0000,0.0000,0.9240,1.0000,4.2770,156.3970,4.6760,0.0000,0.0000,0.0000,69.9889,0.0000,4395.0000,1755.0000,0.0000,25.0000,35.0000,24.0000,9.0000
1.9250,0.4880,0.4050,0.3270,0.2220,0.0000,0.0000,1.0320,1.0000,4.2770,156.3970,4.6760,0.0000,0.0000,0.0000,70.0091,0.0000,4397.0000,1755.0000,0.0000,25.0000,35.0000,24.0000,9.0000
2.0100,0.5040,0.3630,0.2780,0.1830,0.0000,0.0000,1.1430,1.0000,4.2770,156.3970,4.6760,0.0000,0.0000,0.0000,70.0194,0.0000,4398.0000,1755.0000,0.0000,25.0000,35.0000,24.0000,9.0000
1.7430,0.5110,0.3290,0.3080,0.1450,0.0000,0.0000,0.9030,1.0000,4.2770,156.3970,4.6760,0.0000,0.0000,0.0000,70.0195,0.0000,4398.0000,1755.0000,0.0000,25.0000,35.0000,24.0000,9.0000
1.6520,0.4450,0.3050,0.2730,0.1310,0.0000,0.0000,0.9020,1.0000,4.2770,156.3970,4.6760,0.0000,0.0000,0.0000,70.0195,0.0000,4398.0000,1755.0000,0.0000,25.0000,35.0000,24.0000,9.0000
2.0080,0.5100,0.3530,0.2670,0.1810,0.0000,0.0000,1.1450,1.0000,4.2770,156.3970,4.6760,0.0000,0.0000,0.0000,70.0295,0.0000,4399.0000,1755.0000,0.0000,25.0000,35.0000,24.0000,9.0000
1.7700,0.5900,0.3090,0.3520,0.1280,0.0000,0.0000,0.8710,1.0000,4.2770,156.3970,4.6760,0.0000,0.0000,0.0000,69.8035,0.0000,4377.0000,1755.0000,0.0000,25.0000,35.0000,24.0000,9.0000
1.7140,0.5600,0.3470,0.3810,0.1680,0.0000,0.0000,0.8070,1.0000,4.2770,156.3970,4.6760,0.0000,0.0000,0.0000,69.8035,0.0000,4377.0000,1755.0000,0.0000,25.0000,35.0000,24.0000,9.0000
1.7450,0.4520,0.2950,0.2960,0.1280,0.0000,0.0000,0.9980,1.0000,4.2770,156.3970,4.6760,0.0000,0.0000,0.0000,69.8041,0.0000,4377.0000,1755.0000,0.0000,25.0000,36.0000,24.0000,9.0000
1.8600,0.4270,0.3250,0.2680,0.1330,0.0000,0.0000,1.1080,1.0000,4.2770,156.3970,4.6760,0.0000,0.0000,0.0000,69.8041,0.0000,4377.0000,1755.0000,0.0000,25.0000,36.0000,24.0000,10.0000
1.7920,0.5180,0.3430,0.2790,0.1730,0.0000,0.0000,0.9310,1.0000,4.2770,156.3970,4.6760,0.0000,0.0000,0.0000,69.8244,0.0000,4379.0000,1755.0000,0.0000,25.0000,36.0000,24.0000,10.0000
1.7610,0.5530,0.3730,0.3220,0.1390,0.0000,0.0000,0.8350,1.0000,4.2770,156.3970,4.6760,0.0000,0.0000,0.0000,69.8244,0.0000,4379.0000,1755.0000,0.0000,25.0000,36.0000,24.0000,10.0000
1.6700,0.4920,0.3160,0.3320,0.1430,0.0000,0.0000,0.8620,1.0000,4.2770,156.3970,4.6760,0.0000,0.0000,0.0000,69.8259,0.0000,4379.0000,1755.0000,0.0000,25.0000,38.0000,24.0000,10.0000
1.7230,0.4230,0.3100,0.2680,0.1360,0.0000,0.0000,0.9900,1.0000,4.2770,156.3970,4.6760,0.0000,0.0000,0.0000,69.8259,0.0000,4379.0000,1755.0000,0.0000,25.0000,38.0000,24.0000,10.0000
2.5440,0.5080,0.8060,0.2720,0.1700,0.0000,0.0000,1.2300,1.0000,4.2770,156.3970,4.6760,0.0000,0.0000,0.0000,69.8259,0.0000,4379.0000,1755.0000,0.0000,25.0000,38.0000,24.0000,10.0000
1.9730,0.5270,0.3780,0.3040,0.1880,0.0000,0.0000,1.0680,1.0000,4.2770,156.3970,4.6760,0.0000,0.0000,0.0000,69.8462,0.0000,4381.0000,1755.0000,0.0000,25.0000,38.0000,24.0000,10.0000
1.7900,0.5110,0.3060,0.2840,0.1320,0.0000,0.0000,0.9730,1.0000,4.2770,156.3970,4.6760,0.0000,0.0000,0.0000,69.8463,0.0000,4381.0000,1755.0000,0.0000,25.0000,38.0000,24.0000,10.0000
1.7510,0.4830,0.3140,0.3000,0.1360,0.0000,0.0000,0.9540,1.0000,4.2770,156.3970,4.6760,0.0000,0.0000,0.0000,69.8464,0.0000,4381.0000,1755.0000,0.0000,25.0000,38.0000,24.0000,10.0000
1.9130,0.5270,0.3910,0.2740,0.2140,0.0000,0.0000,0.9950,1.0000,4.2770,156.3970,4.6760,0.0000,0.0000,0.0000,69.8566,0.0000,4382.0000,1755.0000,0.0000,25.0000,38.0000,24.0000,10.0000
2.0180,0.5490,0.3600,0.2870,0.1850,0.0000,0.0000,1.1090,1.0000,4.2770,156.3970,4.6760,0.0000,0.0000,0.0000,69.8655,0.0000,4383.0000,1755.0000,0.0000,25.0000,36.0000,24.0000,10.0000
1.8900,0.6180,0.3650,0.3970,0.1850,0.0000,0.0000,0.9070,1.0000,4.2770,156.3970,4.6760,0.0000,0.0000,0.0000,69.8861,0.0000,4385.0000,1755.0000,0.0000,25.0000,36.0000,24.0000,10.0000
1.8440,0.5480,0.3530,0.3160,0.1390,0.0000,0.0000,0.9430,1.0000,4.2770,156.3970,4.6760,0.0000,0.0000,0.0000,69.8862,0.0000,4385.0000,1755.0000,0.0000,25.0000,36.0000,24.0000,10.0000
2.1170,0.4870,0.5060,0.3280,0.2050,0.0000,0.0000,1.1240,1.0000,4.2770,156.3970,4.6760,0.0000,0.0000,0.0000,69.8972,0.0000,4386.0000,1755.0000,0.0000,25.0000,37.0000,24.0000,10.0000
1.8170,0.6020,0.3630,0.3720,0.1390,0.0000,0.0000,0.8520,1.0000,4.2770,156.3970,4.6760,0.0000,0.0000,0.0000,69.8972,0.0000,4386.0000,1755.0000,0.0000,25.0000,37.0000,24.0000,10.0000
1.7490,0.4970,0.3700,0.3360,0.1770,0.0000,0.0000,0.8820,1.0000,4.2770,156.3970,4.6760,0.0000,0.0000,0.0000,69.8973,0.0000,4386.0000,1755.0000,0.0000,25.0000,37.0000,24.0000,10.0000
1.9530,0.4240,0.3500,0.2680,0.1850,0.0000,0.0000,1.1790,1.0000,4.2770,156.3970,4.6760,0.0000,0.0000,0.0000,69.9075,0.0000,4387.0000,1755.0000,0.0000,25.0000,37.0000,24.0000,10.0000
1.7820,0.4860,0.2990,0.2720,0.1330,0.0000,0.0000,0.9970,1.0000,4.2770,156.3970,4.6760,0.0000,0.0000,0.0000,69.9068,0.0000,4387.0000,1755.0000,0.0000,25.0000,36.0000,24.0000,10.0000
1.9810,0.4440,0.3960,0.2710,0.1800,0.0000,0.0000,1.1410,1.0000,4.2770,156.3970,4.6760,0.0000,0.0000,0.0000,69.9069,0.0000,4387.0000,1755.0000,0.0000,25.0000,36.0000,24.0000,10.0000
1.9590,0.5030,0.3390,0.2780,0.1620,0.0000,0.0000,1.1170,1.0000,4.2770,156.3970,4.6760,0.0000,0.0000,0.0000,69.9172,0.0000,4388.0000,1755.0000,0.0000,25.0000,36.0000,24.0000,10.0000
1.8870,0.5400,0.3340,0.2880,0.1420,0.0000,0.0000,1.0130,1.0000,4.2770,156.3970,4.6760,0.0000,0.0000,0.0000,69.9172,0.0000,4388.0000,1755.0000,0.0000,25.0000,36.0000,24.0000,10.0000
1.7820,0.5000,0.3370,0.3280,0.1340,0.0000,0.0000,0.9450,1.0000,4.2770,156.3970,4.6760,0.0000,0.0000,0.0000,69.9172,0.0000,4388.0000,1755.0000,0.0000,25.0000,36.0000,24.0000,10.0000
1.7150,0.4880,0.3380,0.3340,0.1630,0.0000,0.0000,0.8890,1.0000,4.2770,156.3970,4.6760,0.0000,0.0000,0.0000,69.9172,0.0000,4388.0000,1755.0000,0.0000,25.0000,36.0000,24.0000,10.0000
1.8850,0.4280,0.3050,0.2680,0.1300,0.0000,0.0000,1.1520,1.0000,4.2770,156.3970,4.6760,0.0000,0.0000,0.0000,69.9172,0.0000,4388.0000,1755.0000,0.0000,25.0000,36.0000,24.0000,10.0000
1.7960,0.5180,0.2940,0.2720,0.1300,0.0000,0.0000,0.9840,1.0000,4.2770,156.3970,4.6760,0.0000,0.0000,0.0000,69.9172,0.0000,4388.0000,1755.0000,0.0000,25.0000,36.0000,24.0000,10.0000
1.7840,0.4310,0.3160,0.2710,0.1520,0.0000,0.0000,1.0370,1.0000,4.2770,156.3970,4.6760,0.0000,0.0000,0.0000,69.9172,0.0000,4388.0000,1755.0000,0.0000,25.0000,36.0000,24.0000,10.0000
2.0410,0.5250,0.3380,0.3580,0.1470,0.0000,0.0000,1.1780,1.0000,4.2770,156.3970,4.6760,0.0000,0.0000,0.0000,69.9172,0.0000,4388.0000,1755.0000,0.0000,25.0000,36.0000,24.0000,11.0000
1.7840,0.5300,0.3290,0.3380,0.1470,0.0000,0.0000,0.9250,1.0000,4.2770,156.3970,4.6760,0.0000,0.0000,0.0000,69.9179,0.0000,4388.0000,1755.0000,0.0000,25.0000,37.0000,24.0000,9.0000
1.8270,0.5360,0.3500,0.3820,0.1720,0.0000,0.0000,0.9410,1.0000,4.2770,156.3970,4.6760,0.0000,0.0000,0.0000,69.9179,0.0000,4388.0000,1755.0000,0.0000,25.0000,37.0000,24.0000,10.0000
2.0250,0.4920,0.4240,0.3180,0.2520,0.0000,0.0000,1.1090,1.0000,4.2770,156.3970,4.6760,0.0000,0.0000,0.0000,69.9378,0.0000,4390.0000,1755.0000,0.0000,25.0000,36.0000,24.0000,9.0000
1.7400,0.5270,0.3280,0.3000,0.1630,0.0000,0.0000,0.8850,1.0000,4.2770,156.3970,4.6760,0.0000,0.0000,0.0000,69.9378,0.0000,4390.0000,1755.0000,0.0000,25.0000,36.0000,24.0000,9.0000
1.6710,0.4440,0.3010,0.2640,0.1330,0.0000,0.0000,0.9260,1.0000,4.2770,156.3970,4.6760,0.0000,0.0000,0.0000,69.9379,0.0000,4390.0000,1755.0000,0.0000,25.0000,36.0000,24.0000,10.0000
1.7600,0.4970,0.3950,0.2950,0.1670,0.0000,0.0000,0.8680,1.0000,4.2770,156.3970,4.6760,0.0000,0.0000,0.0000,69.9379,0.0000,4390.0000,1755.0000,0.0000,25.0000,36.0000,24.0000,9.0000
1.8450,0.4830,0.3850,0.3150,0.1790,0.0000,0.0000,0.9770,1.0000,4.2770,156.3970,4.6760,0.0000,0.0000,0.0000,69.9581,0.0000,4392.0000,1755.0000,0.0000,25.0000,36.0000,24.0000,10.0000
1.8330,0.5610,0.3820,0.3310,0.2170,0.0000,0.0000,0.8900,1.0000,4.2770,156.3970,4.6760,0.0000,0.0000,0.0000,69.9685,0.0000,4393.0000,1755.0000,0.0000,25.0000,36.0000,24.0000,9.0000
1.7680,0.5150,0.3430,0.2740,0.1780,0.0000,0.0000,0.9100,1.0000,2.4620,4.3650,1.9940,0.0000,0.0000,0.0000,69.9796,0.0000,4394.0000,1755.0000,0.0000,25.0000,37.0000,24.0000,9.0000
1.6430,0.4590,0.3040,0.2630,0.1350,0.0000,0.0000,0.8800,1.0000,2.4620,4.3650,1.9940,0.0000,0.0000,0.0000,69.9789,0.0000,4394.0000,1755.0000,0.0000,25.0000,36.0000,24.0000,9.0000
2.2110,0.5210,0.3330,0.3080,0.1330,0.0000,0.0000,1.3570,1.0000,2.4620,4.3650,1.9940,0.0000,0.0000,0.0000,69.9790,0.0000,4394.0000,1755.0000,0.0000,25.0000,36.0000,24.0000,10.0000
1.8740,0.5310,0.3470,0.3210,0.1720,0.0000,0.0000,0.9960,1.0000,2.4620,4.3650,1.9940,0.0000,0.0000,0.0000,69.9992,0.0000,4396.0000,1755.0000,0.0000,25.0000,36.0000,24.0000,9.0000
1.9700,0.6050,0.3540,0.3190,0.1690,0.0000,0.0000,1.0110,1.0000,2.4620,4.3650,1.9940,0.0000,0.0000,0.0000,70.0095,0.0000,4397.0000,1755.0000,0.0000,25.0000,36.0000,24.0000,9.0000
2.6770,0.5250,0.4340,0.3370,0.1870,0.0000,0.0000,1.7180,1.0000,2.4620,4.3650,1.9940,0.0000,0.0000,0.0000,70.0219,0.0000,4398.0000,1755.0000,0.0000,25.0000,36.0000,24.0000,10.0000
2.4480,0.6460,0.4980,0.2850,0.2680,0.0000,0.0000,1.3040,1.0000,2.4620,4.3650,1.9940,0.0000,0.0000,0.0000,70.0220,0.0000,4398.0000,1755.0000,0.0000,25.0000,36.0000,24.0000,9.0000
2.6430,0.6630,0.4950,0.4320,0.2850,0.0000,0.0000,1.4850,1.0000,2.4620,4.3650,1.9940,0.0000,0.0000,0.0000,70.0439,0.0000,4400.0000,1755.0000,0.0000,25.0000,36.0000,24.0000,9.0000
2.1670,0.7360,0.4100,0.4270,0.1970,0.0000,0.0000,1.0210,1.0000,2.4620,4.3650,1.9940,0.0000,0.0000,0.0000,70.0432,0.0000,4400.0000,1755.0000,0.0000,25.0000,35.0000,24.0000,9.0000
2.1170,0.5620,0.4260,0.3690,0.1760,0.0000,0.0000,1.1290,1.0000,2.4620,4.3650,1.9940,0.0000,0.0000,0.0000,70.0433,0.0000,4400.0000,1755.0000,0.0000,25.0000,35.0000,24.0000,9.0000
4.0950,0.6100,0.3660,0.3990,0.1570,0.0000,0.0000,3.1190,1.0000,2.4620,4.3650,1.9940,0.0000,0.0000,0.0000,70.0434,0.0000,4400.0000,1755.0000,0.0000,25.0000,35.0000,24.0000,8.0000
2.1640,0.6480,0.3890,0.4610,0.1610,0.0000,0.0000,1.1270,1.0000,2.4620,4.3650,1.9940,0.0000,0.0000,0.0000,69.7435,0.0000,4371.0000,1755.0000,0.0000,25.0000,36.0000,24.0000,8.0000
2.1380,0.6130,0.3740,0.3340,0.1800,0.0000,0.0000,1.1510,1.0000,2.4620,4.3650,1.9940,0.0000,0.0000,0.0000,69.7431,0.0000,4371.0000,1755.0000,0.0000,25.0000,36.0000,24.0000,8.0000
2.1600,0.5490,0.3890,0.3500,0.1920,0.0000,0.0000,1.2220,1.0000,2.4620,4.3650,1.9940,0.0000,0.0000,0.0000,69.7431,0.0000,4371.0000,1755.0000,0.0000,25.0000,36.0000,24.0000,9.0000
2.2110,0.5230,0.3900,0.3280,0.2080,0.0000,0.0000,1.2980,1.0000,2.4620,4.3650,1.9940,0.0000,0.0000,0.0000,69.7554,0.0000,4372.0000,1755.0000,0.0000,25.0000,36.0000,24.0000,8.0000
2.1500,0.5440,0.4510,0.3160,0.2680,0.0000,0.0000,1.1550,1.0000,2.4620,4.3650,1.9940,0.0000,0.0000,0.0000,69.7556,0.0000,4372.0000,1755.0000,0.0000,25.0000,36.0000,24.0000,9.0000
13.4560,0.5650,4.4890,0.3850,0.1930,0.0000,0.0000,8.4020,1.0000,2.4620,4.3650,1.9940,0.0000,0.0000,0.0000,69.7564,0.0000,4372.0000,1755.0000,0.0000,25.0000,37.0000,24.0000,9.0000
2.6030,0.5970,0.8080,0.3400,0.3450,0.0000,0.0000,1.1980,1.0000,2.4620,4.3650,1.9940,0.0000,0.0000,0.0000,69.7666,0.0000,4373.0000,1755.0000,0.0000,25.0000,37.0000,24.0000,9.0000
2.0570,0.6360,0.3830,0.4040,0.1630,0.0000,0.0000,1.0380,1.0000,2.4620,4.3650,1.9940,0.0000,0.0000,0.0000,69.7666,0.0000,4373.0000,1755.0000,0.0000,25.0000,37.0000,24.0000,8.0000
2.1170,0.6030,0.4130,0.3850,0.1680,0.0000,0.0000,1.1010,1.0000,2.4620,4.3650,1.9940,0.0000,0.0000,0.0000,69.7684,0.0000,4373.0000,1755.0000,0.0000,25.0000,39.0000,24.0000,9.0000
1.9680,0.5940,0.3750,0.3680,0.1640,0.0000,0.0000,0.9990,1.0000,2.4620,4.3650,1.9940,0.0000,0.0000,0.0000,69.7684,0.0000,4373.0000,1755.0000,0.0000,25.0000,39.0000,24.0000,9.0000
2.1070,0.5610,0.4030,0.3350,0.1930,0.0000,0.0000,1.1430,1.0000,2.4620,4.3650,1.9940,0.0000,0.0000,0.0000,69.7786,0.0000,4374.0000,1755.0000,0.0000,25.0000,39.0000,24.0000,8.0000
2.4900,0.6240,0.4600,0.3530,0.2420,0.0000,0.0000,1.4060,1.0000,2.4620,4.3650,1.9940,0.0000,0.0000,0.0000,69.7889,0.0000,4375.0000,1755.0000,0.0000,25.0000,39.0000,24.0000,7.0000
2.2730,0.6530,0.4450,0.3520,0.2250,0.0000,0.0000,1.1750,1.0000,2.4620,4.3650,1.9940,0.0000,0.0000,0.0000,69.7890,0.0000,4375.0000,1755.0000,0.0000,25.0000,39.0000,24.0000,8.0000
2.1210,0.6210,0.3780,0.4290,0.1720,0.0000,0.0000,1.1220,1.0000,2.4620,4.3650,1.9940,0.0000,0.0000,0.0000,69.7890,0.0000,4375.0000,1755.0000,0.0000,25.0000,39.0000,24.0000,8.0000
2.1900,0.6140,0.3700,0.4390,0.1560,0.0000,0.0000,1.2060,1.0000,2.4620,4.3650,1.9940,0.0000,0.0000,0.0000,69.7897,0.0000,4375.0000,1755.0000,0.0000,25.0000,40.0000,24.0000,8.0000
2.0870,0.5670,0.3510,0.3460,0.1570,0.0000,0.0000,1.1690,1.0000,2.4620,4.3650,1.9940,0.0000,0.0000,0.0000,69.7897,0.0000,4375.0000,1755.0000,0.0000,25.0000,40.0000,24.0000,8.0000
2.0110,0.5640,0.3490,0.3270,0.1550,0.0000,0.0000,1.0980,1.0000,2.4620,4.3650,1.9940,0.0000,0.0000,0.0000,69.7890,0.0000,4375.0000,1755.0000,0.0000,25.0000,39.0000,24.0000,9.0000
2.4730,0.5220,0.3860,0.3280,0.1920,0.0000,0.0000,1.5650,1.0000,2.4620,4.3650,1.9940,0.0000,0.0000,0.0000,69.7993,0.0000,4376.0000,1755.0000,0.0000,25.0000,39.0000,24.0000,9.0000
2.2410,0.5490,0.4590,0.3190,0.2170,0.0000,0.0000,1.2330,1.0000,2.4620,4.3650,1.9940,0.0000,0.0000,0.0000,69.8196,0.0000,4378.0000,1755.0000,0.0000,25.0000,39.0000,24.0000,9.0000
2.3190,0.6510,0.4170,0.3400,0.2010,0.0000,0.0000,1.2510,1.0000,2.4620,4.3650,1.9940,0.0000,0.0000,0.0000,69.8399,0.0000,4380.0000,1755.0000,0.0000,25.0000,39.0000,24.0000,8.0000
2.0040,0.6540,0.3580,0.3210,0.1590,0.0000,0.0000,0.9920,1.0000,2.4620,4.3650,1.9940,0.0000,0.0000,0.0000,69.8407,0.0000,4380.0000,1755.0000,0.0000,25.0000,40.0000,24.0000,7.0000
2.3830,0.5200,0.3530,0.3190,0.1580,0.0000,0.0000,1.5100,1.0000,2.4620,4.3650,1.9940,0.0000,0.0000,0.0000,69.8401,0.0000,4380.0000,1755.0000,0.0000,25.0000,39.0000,24.0000,7.0000
2.4610,0.5260,0.4390,0.3270,0.1820,0.0000,0.0000,1.4960,1.0000,2.4620,4.3650,1.9940,0.0000,0.0000,0.0000,69.8394,0.0000,4380.0000,1755.0000,0.0000,25.0000,38.0000,24.0000,8.0000
2.2440,0.7950,0.4020,0.5570,0.1840,0.0000,0.0000,1.0470,1.0000,2.4620,4.3650,1.9940,0.0000,0.0000,0.0000,69.8394,0.0000,4380.0000,1755.0000,0.0000,25.0000,38.0000,24.0000,8.0000
2.1940,0.5880,0.3870,0.3550,0.1630,0.0000,0.0000,1.2190,1.0000,2.4620,4.3650,1.9940,0.0000,0.0000,0.0000,69.8394,0.0000,4380.0000,1755.0000,0.0000,25.0000,38.0000,24.0000,8.0000
2.2400,0.5630,0.3900,0.3520,0.2000,0.0000,0.0000,1.2870,1.0000,2.4620,4.3650,1.9940,0.0000,0.0000,0.0000,69.8387,0.0000,4380.0000,1755.0000,0.0000,25.0000,37.0000,24.0000,9.0000
2.1640,0.6660,0.4770,0.4650,0.2120,0.0000,0.0000,1.0210,1.0000,2.4620,4.3650,1.9940,0.0000,0.0000,0.0000,69.8387,0.0000,4380.0000,1755.0000,0.0000,25.0000,37.0000,24.0000,10.0000
1.9610,0.5630,0.3960,0.3350,0.1700,0.0000,0.0000,1.0020,1.0000,2.4620,4.3650,1.9940,0.0000,0.0000,0.0000,69.8380,0.0000,4380.0000,1755.0000,0.0000,25.0000,36.0000,24.0000,7.0000
2.3140,0.5620,0.4830,0.3360,0.2570,0.0000,0.0000,1.2690,1.0000,2.4620,4.3650,1.9940,0.0000,0.0000,0.0000,69.8483,0.0000,4381.0000,1755.0000,0.0000,25.0000,36.0000,24.0000,8.0000
2.3400,0.5890,0.4150,0.3400,0.2220,0.0000,0.0000,1.3360,1.0000,2.4620,4.3650,1.9940,0.0000,0.0000,0.0000,69.8588,0.0000,4382.0000,1755.0000,0.0000,25.0000,36.0000,24.0000,9.0000
2.1780,0.5600,0.4000,0.3370,0.2050,0.0000,0.0000,1.2180,1.0000,2.4620,4.3650,1.9940,0.0000,0.0000,0.0000,69.8588,0.0000,4382.0000,1755.0000,0.0000,25.0000,36.0000,24.0000,8.0000
2.0120,0.6580,0.3990,0.3840,0.1770,0.0000,0.0000,0.9550,1.0000,2.4620,4.3650,1.9940,0.0000,0.0000,0.0000,69.8589,0.0000,4382.0000,1755.0000,0.0000,25.0000,36.0000,24.0000,8.0000
2.4350,0.6330,0.4230,0.4520,0.1900,0.0000,0.0000,1.3790,1.0000,2.4620,4.3650,1.9940,0.0000,0.0000,0.0000,69.8596,0.0000,4382.0000,1755.0000,0.0000,25.0000,37.0000,24.0000,8.0000
2.6420,0.6070,0.4420,0.3910,0.2470,0.0000,0.0000,1.5930,1.0000,2.4620,4.3650,1.9940,0.0000,0.0000,0.0000,69.8699,0.0000,4383.0000,1755.0000,0.0000,25.0000,37.0000,24.0000,9.0000
4.5330,0.7960,0.4260,0.4670,0.2080,0.0000,0.0000,3.3110,1.0000,2.4620,4.3650,1.9940,0.0000,0.0000,0.0000,69.8901,0.0000,4385.0000,1755.0000,0.0000,25.0000,37.0000,24.0000,9.0000
2.7440,0.6520,0.4640,0.3170,0.2180,0.0000,0.0000,1.6280,1.0000,2.4620,4.3650,1.9940,0.0000,0.0000,0.0000,69.8901,0.0000,4385.0000,1755.0000,0.0000,25.0000,37.0000,24.0000,8.0000
3.4910,0.8020,0.6560,0.5870,0.3690,0.0000,0.0000,2.0330,1.0000,2.4620,4.3650,1.9940,0.0000,0.0000,0.0000,69.7534,0.0000,4372.0000,1755.0000,0.0000,25.0000,36.0000,24.0000,10.0000
2.9450,1.0050,0.6000,0.6410,0.2670,0.0000,0.0000,1.3400,1.0000,2.4620,4.3650,1.9940,0.0000,0.0000,0.0000,69.7533,0.0000,4372.0000,1755.0000,0.0000,25.0000,36.0000,24.0000,10.0000
3.1120,0.7730,0.6730,0.4460,0.3120,0.0000,0.0000,1.6660,1.0000,2.4620,4.3650,1.9940,0.0000,0.0000,0.0000,69.7638,0.0000,4373.0000,1755.0000,0.0000,25.0000,36.0000,24.0000,9.0000
2.8650,0.7960,0.5880,0.4480,0.2610,0.0000,0.0000,1.4810,1.0000,2.4620,4.3650,1.9940,0.0000,0.0000,0.0000,69.7640,0.0000,4373.0000,1755.0000,0.0000,25.0000,36.0000,24.0000,9.0000
2.8800,0.7770,0.6110,0.4470,0.2730,0.0000,0.0000,1.4920,1.0000,2.4620,4.3650,1.9940,0.0000,0.0000,0.0000,69.7647,0.0000,4373.0000,1755.0000,0.0000,25.0000,37.0000,24.0000,8.0000
2.8490,0.7640,0.6000,0.4670,0.3290,0.0000,0.0000,1.4850,1.0000,2.4620,4.3650,1.9940,0.0000,0.0000,0.0000,69.7640,0.0000,4373.0000,1755.0000,0.0000,25.0000,36.0000,24.0000,10.0000
3.1890,0.7760,0.6870,0.4710,0.4250,0.0000,0.0000,1.7260,1.0000,2.4620,4.3650,1.9940,0.0000,0.0000,0.0000,69.7736,0.0000,4374.0000,1755.0000,0.0000,25.0000,35.0000,24.0000,10.0000
5.7400,0.8400,0.6190,0.4780,0.2700,0.0000,0.0000,4.2810,1.0000,2.4620,4.3650,1.9940,0.0000,0.0000,0.0000,69.7736,0.0000,4374.0000,1755.0000,0.0000,25.0000,35.0000,24.0000,10.0000
3.3710,0.8470,0.6240,0.5450,0.3090,0.0000,0.0000,1.9000,1.0000,2.4620,4.3650,1.9940,0.0000,0.0000,0.0000,69.7737,0.0000,4374.0000,1755.0000,0.0000,25.0000,35.0000,24.0000,10.0000
3.1530,0.9330,0.6870,0.6230,0.2980,0.0000,0.0000,1.5330,1.0000,2.4620,4.3650,1.9940,0.0000,0.0000,0.0000,69.7737,0.0000,4374.0000,1755.0000,0.0000,25.0000,35.0000,24.0000,10.0000
2.9020,0.8340,0.5650,0.5180,0.2330,0.0000,0.0000,1.5030,1.0000,2.4620,4.3650,1.9940,0.0000,0.0000,0.0000,69.7737,0.0000,4374.0000,1755.0000,0.0000,25.0000,35.0000,24.0000,10.0000
3.0230,0.8160,0.5480,0.4600,0.2440,0.0000,0.0000,1.6590,1.0000,2.4620,4.3650,1.9940,0.0000,0.0000,0.0000,69.7737,0.0000,4374.0000,1755.0000,0.0000,25.0000,35.0000,24.0000,11.0000
3.0150,0.7700,0.6340,0.4590,0.2590,0.0000,0.0000,1.6110,1.0000,2.4620,4.3650,1.9940,0.0000,0.0000,0.0000,69.7750,0.0000,4374.0000,1755.0000,0.0000,25.0000,37.0000,24.0000,11.0000
3.0510,0.7140,0.6180,0.4420,0.2450,0.0000,0.0000,1.7190,1.0000,2.4620,4.3650,1.9940,0.0000,0.0000,0.0000,69.7750,0.0000,4374.0000,1755.0000,0.0000,25.0000,37.0000,24.0000,11.0000
3.2490,0.7260,0.6330,0.4490,0.2870,0.0000,0.0000,1.8900,1.0000,2.4620,4.3650,1.9940,0.0000,0.0000,0.0000,69.7853,0.0000,4375.0000,1755.0000,0.0000,25.0000,37.0000,24.0000,11.0000
3.4280,0.9050,0.6260,0.5500,0.3460,0.0000,0.0000,1.8970,1.0000,2.4620,4.3650,1.9940,0.0000,0.0000,0.0000,69.8059,0.0000,4377.0000,1755.0000,0.0000,25.0000,37.0000,24.0000,9.0000
9.4400,1.1220,0.6690,0.7260,0.3760,0.0000,0.0000,7.6490,1.0000,2.4620,4.3650,1.9940,0.0000,0.0000,0.0000,69.8263,0.0000,4379.0000,1755.0000,0.0000,25.0000,37.0000,24.0000,9.0000
3.3640,0.8860,0.6050,0.4620,0.3040,0.0000,0.0000,1.8730,1.0000,2.4620,4.3650,1.9940,0.0000,0.0000,0.0000,69.8387,0.0000,4380.0000,1755.0000,0.0000,25.0000,37.0000,24.0000,8.0000
4.2270,0.9770,0.5700,0.6200,0.2830,0.0000,0.0000,2.6800,1.0000,2.4620,4.3650,1.9940,0.0000,0.0000,0.0000,69.8389,0.0000,4380.0000,1755.0000,0.0000,25.0000,37.0000,24.0000,8.0000
3.0990,0.8780,0.6090,0.6280,0.2610,0.0000,0.0000,1.6120,1.0000,2.4620,4.3650,1.9940,0.0000,0.0000,0.0000,69.8397,0.0000,4380.0000,1755.0000,0.0000,25.0000,38.0000,24.0000,8.0000
2.7930,0.9140,0.5660,0.5020,0.2590,0.0000,0.0000,1.3130,1.0000,2.4620,4.3650,1.9940,0.0000,0.0000,0.0000,69.8397,0.0000,4380.0000,1755.0000,0.0000,25.0000,38.0000,24.0000,9.0000
3.2570,0.7710,0.6480,0.4550,0.3720,0.0000,0.0000,1.8380,1.0000,2.4620,4.3650,1.9940,0.0000,0.0000,0.0000,69.8542,0.0000,4382.0000,1755.0000,0.0000,25.0000,38.0000,24.0000,9.0000
3.2690,0.8910,0.6250,0.5130,0.2610,0.0000,0.0000,1.7530,1.0000,2.4620,4.3650,1.9940,0.0000,0.0000,0.0000,69.8540,0.0000,4382.0000,1755.0000,0.0000,25.0000,38.0000,24.0000,10.0000
3.1230,0.9320,0.5670,0.5880,0.2880,0.0000,0.0000,1.6240,1.0000,2.4620,4.3650,1.9940,0.0000,0.0000,0.0000,69.8668,0.0000,4385.0000,1755.0000,0.0000,25.0000,38.0000,24.0000,9.0000
2.9190,0.8450,0.5640,0.5180,0.2530,0.0000,0.0000,1.5100,1.0000,2.4620,4.3650,1.9940,0.0000,0.0000,0.0000,69.8661,0.0000,4385.0000,1755.0000,0.0000,25.0000,37.0000,24.0000,9.0000
2.9020,0.8550,0.5220,0.5650,0.2350,0.0000,0.0000,1.5250,1.0000,2.4620,4.3650,1.9940,0.0000,0.0000,0.0000,69.8662,0.0000,4385.0000,1755.0000,0.0000,25.0000,37.0000,24.0000,9.0000
3.0890,0.7330,0.6340,0.4460,0.3040,0.0000,0.0000,1.7220,1.0000,2.4620,4.3650,1.9940,0.0000,0.0000,0.0000,69.8874,0.0000,4387.0000,1755.0000,0.0000,25.0000,38.0000,24.0000,8.0000
3.0590,0.8630,0.5220,0.4980,0.2370,0.0000,0.0000,1.6740,1.0000,2.4620,4.3650,1.9940,0.0000,0.0000,0.0000,69.8856,0.0000,4387.0000,1755.0000,0.0000,25.0000,36.0000,24.0000,6.0000
2.9190,0.8840,0.5320,0.5420,0.2470,0.0000,0.0000,1.5030,1.0000,2.4620,4.3650,1.9940,0.0000,0.0000,0.0000,69.7290,0.0000,4372.0000,1755.0000,0.0000,25.0000,36.0000,24.0000,6.0000
2.9550,0.8680,0.5630,0.6020,0.2800,0.0000,0.0000,1.5240,1.0000,2.4620,4.3650,1.9940,0.0000,0.0000,0.0000,69.7392,0.0000,4373.0000,1755.0000,0.0000,25.0000,36.0000,24.0000,7.0000
2.7980,0.8400,0.5640,0.5150,0.2430,0.0000,0.0000,1.3940,1.0000,2.4620,4.3650,1.9940,0.0000,0.0000,0.0000,69.7399,0.0000,4373.0000,1755.0000,0.0000,25.0000,37.0000,24.0000,7.0000
2.9450,0.7300,0.5890,0.4500,0.2680,0.0000,0.0000,1.6260,1.0000,2.4620,4.3650,1.9940,0.0000,0.0000,0.0000,69.7400,0.0000,4373.0000,1755.0000,0.0000,25.0000,37.0000,24.0000,7.0000
2.8520,0.8120,0.5730,0.4480,0.2660,0.0000,0.0000,1.4670,1.0000,2.4620,4.3650,1.9940,0.0000,0.0000,0.0000,69.7393,0.0000,4373.0000,1755.0000,0.0000,25.0000,36.0000,24.0000,7.0000
2.7890,0.7590,0.5550,0.4550,0.2950,0.0000,0.0000,1.4750,1.0000,2.4620,4.3650,1.9940,0.0000,0.0000,0.0000,69.7400,0.0000,4373.0000,1755.0000,0.0000,25.0000,37.0000,24.0000,8.0000
2.8040,0.7750,0.5180,0.5150,0.2330,0.0000,0.0000,1.5110,1.0000,2.4620,4.3650,1.9940,0.0000,0.0000,0.0000,69.7400,0.0000,4373.0000,1755.0000,0.0000,25.0000,37.0000,24.0000,8.0000
2.8120,0.7870,0.5080,0.5270,0.2270,0.0000,0.0000,1.5170,1.0000,2.4620,4.3650,1.9940,0.0000,0.0000,0.0000,69.7393,0.0000,4373.0000,1755.0000,0.0000,25.0000,36.0000,24.0000,8.0000
2.7700,0.8790,0.5260,0.6120,0.2480,0.0000,0.0000,1.3650,1.0000,2.4620,4.3650,1.9940,0.0000,0.0000,0.0000,69.7400,0.0000,4373.0000,1755.0000,0.0000,25.0000,37.0000,24.0000,9.0000
2.8780,0.7250,0.7010,0.4550,0.2390,0.0000,0.0000,1.4520,1.0000,2.4620,4.3650,1.9940,0.0000,0.0000,0.0000,69.7400,0.0000,4373.0000,1755.0000,0.0000,25.0000,37.0000,24.0000,7.0000
3.1700,0.7170,0.6210,0.4340,0.3570,0.0000,0.0000,1.8320,1.0000,2.4620,4.3650,1.9940,0.0000,0.0000,0.0000,69.7496,0.0000,4374.0000,1755.0000,0.0000,25.0000,36.0000,24.0000,7.0000
3.0520,0.9050,0.5500,0.4550,0.2410,0.0000,0.0000,1.5970,1.0000,2.4620,4.3650,1.9940,0.0000,0.0000,0.0000,69.7496,0.0000,4374.0000,1755.0000,0.0000,25.0000,36.0000,24.0000,8.0000
3.4000,0.8500,0.6420,0.5270,0.3270,0.0000,0.0000,1.9080,1.0000,2.4620,4.3650,1.9940,0.0000,0.0000,0.0000,69.7700,0.0000,4376.0000,1755.0000,0.0000,25.0000,36.0000,24.0000,8.0000
2.9970,0.8380,0.5100,0.4540,0.2370,0.0000,0.0000,1.6490,1.0000,2.4620,4.3650,1.9940,0.0000,0.0000,0.0000,69.7700,0.0000,4376.0000,1755.0000,0.0000,25.0000,36.0000,24.0000,8.0000
2.9370,0.7700,0.4740,0.5000,0.2180,0.0000,0.0000,1.6930,1.0000,2.4620,4.3650,1.9940,0.0000,0.0000,0.0000,69.7701,0.0000,4376.0000,1755.0000,0.0000,25.0000,36.0000,24.0000,8.0000
2.5050,0.8440,0.5060,0.5690,0.2320,0.0000,0.0000,1.1550,1.0000,2.4620,4.3650,1.9940,0.0000,0.0000,0.0000,69.7701,0.0000,4376.0000,1755.0000,0.0000,25.0000,36.0000,24.0000,9.0000
2.2990,0.5480,0.4780,0.3340,0.2660,0.0000,0.0000,1.2730,1.0000,2.4620,4.3650,1.9940,0.0000,0.0000,0.0000,69.8002,0.0000,4377.0000,1755.0000,0.0000,25.0000,37.0000,24.0000,9.0000
2.0220,0.7140,0.3760,0.3990,0.1760,0.0000,0.0000,0.9320,1.0000,2.4620,4.3650,1.9940,0.0000,0.0000,0.0000,69.8002,0.0000,4377.0000,1755.0000,0.0000,25.0000,37.0000,24.0000,9.0000
1.9660,0.6590,0.3810,0.4790,0.1800,0.0000,0.0000,0.9260,1.0000,2.4620,4.3650,1.9940,0.0000,0.0000,0.0000,69.7996,0.0000,4377.0000,1755.0000,0.0000,25.0000,36.0000,24.0000,9.0000
2.0430,0.5880,0.3910,0.4120,0.1720,0.0000,0.0000,1.0640,1.0000,2.4620,4.3650,1.9940,0.0000,0.0000,0.0000,69.7996,0.0000,4377.0000,1755.0000,0.0000,25.0000,36.0000,24.0000,9.0000
1.9850,0.6220,0.3930,0.4380,0.1720,0.0000,0.0000,0.9700,1.0000,2.4620,4.3650,1.9940,0.0000,0.0000,0.0000,69.7996,0.0000,4377.0000,1755.0000,0.0000,25.0000,36.0000,24.0000,9.0000
2.8790,0.5650,0.3980,0.3390,0.2070,0.0000,0.0000,1.9160,1.0000,2.4620,4.3650,1.9940,0.0000,0.0000,0.0000,69.8099,0.0000,4378.0000,1755.0000,0.0000,25.0000,36.0000,24.0000,9.0000
1.9900,0.6970,0.4410,0.4390,0.1800,0.0000,0.0000,0.8520,1.0000,2.4620,4.3650,1.9940,0.0000,0.0000,0.0000,69.8086,0.0000,4377.0000,1755.0000,0.0000,25.0000,36.0000,24.0000,8.0000
1.9810,0.5790,0.4390,0.3780,0.1780,0.0000,0.0000,0.9630,1.0000,2.4620,4.3650,1.9940,0.0000,0.0000,0.0000,69.8087,0.0000,4377.0000,1755.0000,0.0000,25.0000,36.0000,24.0000,8.0000
2.1250,0.5620,0.4600,0.3830,0.2190,0.0000,0.0000,1.1030,1.0000,2.4620,4.3650,1.9940,0.0000,0.0000,0.0000,69.8182,0.0000,4378.0000,1755.0000,0.0000,25.0000,35.0000,24.0000,8.0000
2.4420,0.6660,0.4230,0.4190,0.1680,0.0000,0.0000,1.3530,1.0000,2.4620,4.3650,1.9940,0.0000,0.0000,0.0000,69.8182,0.0000,4378.0000,1755.0000,0.0000,25.0000,35.0000,24.0000,8.0000
2.1510,0.5730,0.3810,0.3970,0.1830,0.0000,0.0000,1.1970,1.0000,2.4620,4.3650,1.9940,0.0000,0.0000,0.0000,69.8183,0.0000,4378.0000,1755.0000,0.0000,25.0000,35.0000,24.0000,8.0000
2.0150,0.5610,0.3440,0.3350,0.1530,0.0000,0.0000,1.1100,1.0000,2.4620,4.3650,1.9940,0.0000,0.0000,0.0000,69.8183,0.0000,4378.0000,1755.0000,0.0000,25.0000,35.0000,24.0000,9.0000
2.1240,0.5000,0.3400,0.3160,0.1530,0.0000,0.0000,1.2840,1.0000,2.4620,4.3650,1.9940,0.0000,0.0000,0.0000,69.8183,0.0000,4378.0000,1755.0000,0.0000,25.0000,35.0000,24.0000,9.0000
2.2830,0.5260,0.4380,0.3440,0.2490,0.0000,0.0000,1.3190,1.0000,2.4620,4.3650,1.9940,0.0000,0.0000,0.0000,69.8387,0.0000,4380.0000,1755.0000,0.0000,25.0000,35.0000,24.0000,9.0000
2.1180,0.6360,0.3670,0.3710,0.1710,0.0000,0.0000,1.1150,1.0000,2.4620,4.3650,1.9940,0.0000,0.0000,0.0000,69.8388,0.0000,4380.0000,1755.0000,0.0000,25.0000,35.0000,24.0000,9.0000
2.1080,0.6410,0.3920,0.4420,0.1920,0.0000,0.0000,1.0750,1.0000,2.4620,4.3650,1.9940,0.0000,0.0000,0.0000,69.8592,0.0000,4382.0000,1755.0000,0.0000,25.0000,35.0000,24.0000,7.0000
2.0360,0.6360,0.3600,0.3230,0.1560,0.0000,0.0000,1.0400,1.0000,2.4620,4.3650,1.9940,0.0000,0.0000,0.0000,69.8593,0.0000,4382.0000,1755.0000,0.0000,25.0000,35.0000,24.0000,7.0000
2.2200,0.6160,0.4030,0.3390,0.1970,0.0000,0.0000,1.2010,1.0000,2.4620,4.3650,1.9940,0.0000,0.0000,0.0000,69.8697,0.0000,4383.0000,1755.0000,0.0000,25.0000,35.0000,24.0000,6.0000
3.3210,0.6380,0.3920,0.3160,0.1970,0.0000,0.0000,2.2910,1.0000,2.4620,4.3650,1.9940,0.0000,0.0000,0.0000,69.8799,0.0000,4384.0000,1755.0000,0.0000,25.0000,35.0000,24.0000,7.0000
2.1860,0.5740,0.4500,0.3430,0.2120,0.0000,0.0000,1.1620,1.0000,2.4620,4.3650,1.9940,0.0000,0.0000,0.0000,69.8916,0.0000,4385.0000,1755.0000,0.0000,25.0000,35.0000,24.0000,7.0000
2.0010,0.7010,0.4000,0.4590,0.1940,0.0000,0.0000,0.9000,1.0000,2.4620,4.3650,1.9940,0.0000,0.0000,0.0000,69.8917,0.0000,4385.0000,1755.0000,0.0000,25.0000,35.0000,24.0000,7.0000
2.7770,0.5870,0.4180,0.4060,0.2140,0.0000,0.0000,1.7720,1.0000,2.4620,4.3650,1.9940,0.0000,0.0000,0.0000,69.9017,0.0000,4386.0000,1755.0000,0.0000,25.0000,35.0000,24.0000,8.0000
2.0780,0.6600,0.4040,0.3790,0.2080,0.0000,0.0000,1.0140,1.0000,2.4620,4.3650,1.9940,0.0000,0.0000,0.0000,69.7253,0.0000,4370.0000,1755.0000,0.0000,25.0000,36.0000,24.0000,8.0000
2.1480,0.6080,0.4880,0.4160,0.2560,0.0000,0.0000,1.0520,1.0000,2.4620,4.3650,1.9940,0.0000,0.0000,0.0000,69.7355,0.0000,4371.0000,1755.0000,0.0000,25.0000,36.0000,24.0000,8.0000
2.0180,0.6230,0.3800,0.3940,0.1870,0.0000,0.0000,1.0150,1.0000,2.4620,4.3650,1.9940,0.0000,0.0000,0.0000,69.7355,0.0000,4371.0000,1755.0000,0.0000,25.0000,36.0000,24.0000,8.0000
2.0440,0.6010,0.4190,0.4210,0.1620,0.0000,0.0000,1.0240,1.0000,2.4620,4.3650,1.9940,0.0000,0.0000,0.0000,69.7356,0.0000,4371.0000,1755.0000,0.0000,25.0000,36.0000,24.0000,8.0000
1.9570,0.6080,0.3560,0.4200,0.1530,0.0000,0.0000,0.9930,1.0000,2.4620,4.3650,1.9940,0.0000,0.0000,0.0000,69.7356,0.0000,4371.0000,1755.0000,0.0000,25.0000,36.0000,24.0000,7.0000
2.0850,0.5790,0.4160,0.4040,0.1700,0.0000,0.0000,1.0900,1.0000,2.4620,4.3650,1.9940,0.0000,0.0000,0.0000,69.7356,0.0000,4371.0000,1755.0000,0.0000,25.0000,36.0000,24.0000,7.0000
2.2660,0.5670,0.4330,0.3920,0.2180,0.0000,0.0000,1.2660,1.0000,2.4620,4.3650,1.9940,0.0000,0.0000,0.0000,69.7559,0.0000,4373.0000,1755.0000,0.0000,25.0000,36.0000,24.0000,6.0000
2.0060,0.6800,0.3700,0.3530,0.1660,0.0000,0.0000,0.9560,1.0000,2.4620,4.3650,1.9940,0.0000,0.0000,0.0000,69.7553,0.0000,4373.0000,1755.0000,0.0000,25.0000,35.0000,24.0000,5.0000
1.9520,0.5190,0.3620,0.3260,0.1680,0.0000,0.0000,1.0710,1.0000,2.4620,4.3650,1.9940,0.0000,0.0000,0.0000,69.7554,0.0000,4373.0000,1755.0000,0.0000,25.0000,35.0000,24.0000,6.0000
2.6520,0.5120,0.6250,0.3250,0.2400,0.0000,0.0000,1.5150,1.0000,2.4620,4.3650,1.9940,0.0000,0.0000,0.0000,69.7757,0.0000,4375.0000,1755.0000,0.0000,25.0000,35.0000,24.0000,6.0000
2.1480,0.6860,0.3830,0.3920,0.1790,0.0000,0.0000,1.0790,1.0000,2.4620,4.3650,1.9940,0.0000,0.0000,0.0000,69.7757,0.0000,4375.0000,1755.0000,0.0000,25.0000,35.0000,24.0000,6.0000
2.0680,0.6810,0.3770,0.4950,0.1630,0.0000,0.0000,1.0100,1.0000,2.4620,4.3650,1.9940,0.0000,0.0000,0.0000,69.7765,0.0000,4375.0000,1755.0000,0.0000,25.0000,36.0000,24.0000,6.0000
1.9680,0.5670,0.3950,0.3460,0.1660,0.0000,0.0000,1.0060,1.0000,2.4620,4.3650,1.9940,0.0000,0.0000,0.0000,69.7765,0.0000,4375.0000,1755.0000,0.0000,25.0000,36.0000,24.0000,6.0000
1.8640,0.6040,0.3660,0.3330,0.1580,0.0000,0.0000,0.8940,1.0000,2.4620,4.3650,1.9940,0.0000,0.0000,0.0000,69.7758,0.0000,4375.0000,1755.0000,0.0000,25.0000,35.0000,24.0000,6.0000
2.1200,0.5570,0.4220,0.3340,0.2260,0.0000,0.0000,1.1410,1.0000,2.4620,4.3650,1.9940,0.0000,0.0000,0.0000,69.7861,0.0000,4376.0000,1755.0000,0.0000,25.0000,35.0000,24.0000,6.0000
1.9840,0.6690,0.3760,0.3480,0.1710,0.0000,0.0000,0.9390,1.0000,2.4620,4.3650,1.9940,0.0000,0.0000,0.0000,69.7861,0.0000,4376.0000,1755.0000,0.0000,25.0000,35.0000,24.0000,7.0000
1.9990,0.5750,0.3930,0.3480,0.1820,0.0000,0.0000,1.0310,1.0000,2.4620,4.3650,1.9940,0.0000,0.0000,0.0000,69.7862,0.0000,4376.0000,1755.0000,0.0000,25.0000,35.0000,24.0000,7.0000
1.8470,0.6070,0.3670,0.3840,0.1620,0.0000,0.0000,0.8730,1.0000,2.4620,4.3650,1.9940,0.0000,0.0000,0.0000,69.7862,0.0000,4376.0000,1755.0000,0.0000,25.0000,35.0000,24.0000,8.0000
2.2470,0.5590,0.4450,0.3850,0.2260,0.0000,0.0000,1.2430,1.0000,2.4620,4.3650,1.9940,0.0000,0.0000,0.0000,69.8065,0.0000,4378.0000,1755.0000,0.0000,25.0000,35.0000,24.0000,8.0000
2.0080,0.6870,0.3840,0.3770,0.1650,0.0000,0.0000,0.9370,1.0000,2.4620,4.3650,1.9940,0.0000,0.0000,0.0000,69.8065,0.0000,4378.0000,1755.0000,0.0000,25.0000,35.0000,24.0000,7.0000
1.9410,0.5570,0.3750,0.3330,0.1660,0.0000,0.0000,1.0090,1.0000,2.4620,4.3650,1.9940,0.0000,0.0000,0.0000,69.8066,0.0000,4378.0000,1755.0000,0.0000,25.0000,35.0000,24.0000,7.0000
1.9510,0.6170,0.3710,0.3370,0.1580,0.0000,0.0000,0.9630,1.0000,2.4620,4.3650,1.9940,0.0000,0.0000,0.0000,69.8059,0.0000,4378.0000,1755.0000,0.0000,25.0000,34.0000,24.0000,7.0000
1.9170,0.5660,0.3850,0.3350,0.1750,0.0000,0.0000,0.9660,1.0000,2.4620,4.3650,1.9940,0.0000,0.0000,0.0000,69.8059,0.0000,4378.0000,1755.0000,0.0000,25.0000,34.0000,24.0000,7.0000
1.9320,0.6060,0.3650,0.3850,0.1730,0.0000,0.0000,0.9610,1.0000,2.4620,4.3650,1.9940,0.0000,0.0000,0.0000,69.8059,0.0000,4378.0000,1755.0000,0.0000,25.0000,34.0000,24.0000,7.0000
2.6190,0.5820,0.3960,0.4080,0.1730,0.0000,0.0000,1.6410,1.0000,2.4620,4.3650,1.9940,0.0000,0.0000,0.0000,69.8052,0.0000,4378.0000,1755.0000,0.0000,25.0000,34.0000,24.0000,8.0000
2.0670,1.0800,0.3770,0.9000,0.1700,0.0000,0.0000,0.6100,1.0000,2.4620,4.3650,1.9940,0.0000,0.0000,0.0000,69.8052,0.0000,4378.0000,1755.0000,0.0000,25.0000,34.0000,24.0000,8.0000
2.0200,0.5030,0.4110,0.3200,0.2170,0.0000,0.0000,1.1060,1.0000,2.4620,4.3650,1.9940,0.0000,0.0000,0.0000,69.8052,0.0000,4378.0000,1755.0000,0.0000,25.0000,34.0000,24.0000,8.0000
2.1540,0.5040,0.4430,0.3180,0.2490,0.0000,0.0000,1.2070,1.0000,2.4620,4.3650,1.9940,0.0000,0.0000,0.0000,69.8255,0.0000,4380.0000,1755.0000,0.0000,25.0000,34.0000,24.0000,5.0000
2.0600,0.6730,0.4870,0.3760,0.2330,0.0000,0.0000,0.9000,1.0000,2.4620,4.3650,1.9940,0.0000,0.0000,0.0000,69.8255,0.0000,4380.0000,1755.0000,0.0000,25.0000,34.0000,24.0000,6.0000
2.0800,0.5800,0.4610,0.3990,0.2270,0.0000,0.0000,1.0390,1.0000,2.4620,4.3650,1.9940,0.0000,0.0000,0.0000,69.8359,0.0000,4381.0000,1755.0000,0.0000,25.0000,34.0000,24.0000,6.0000
2.1280,0.5990,0.4680,0.3820,0.1720,0.0000,0.0000,1.0610,1.0000,2.4620,4.3650,1.9940,0.0000,0.0000,0.0000,69.8359,0.0000,4381.0000,1755.0000,0.0000,25.0000,34.0000,24.0000,6.0000
1.9750,0.5610,0.3690,0.3850,0.1620,0.0000,0.0000,1.0450,1.0000,2.4620,4.3650,1.9940,0.0000,0.0000,0.0000,69.8360,0.0000,4381.0000,1755.0000,0.0000,25.0000,34.0000,24.0000,6.0000
2.2820,0.5600,0.4460,0.3840,0.2030,0.0000,0.0000,1.2760,1.0000,2.4620,4.3650,1.9940,0.0000,0.0000,0.0000,69.8462,0.0000,4382.0000,1755.0000,0.0000,25.0000,34.0000,24.0000,4.0000
2.0210,0.6000,0.3640,0.3290,0.1680,0.0000,0.0000,1.0570,1.0000,2.4620,4.3650,1.9940,0.0000,0.0000,0.0000,69.8462,0.0000,4382.0000,1755.0000,0.0000,25.0000,34.0000,24.0000,5.0000
2.0990,0.5190,0.3820,0.3140,0.1910,0.0000,0.0000,1.1980,1.0000,2.4620,4.3650,1.9940,0.0000,0.0000,0.0000,69.8463,0.0000,4382.0000,1755.0000,0.0000,25.0000,34.0000,24.0000,5.0000
2.0470,0.5330,0.3520,0.3360,0.1600,0.0000,0.0000,1.1620,1.0000,2.4620,4.3650,1.9940,0.0000,0.0000,0.0000,69.8456,0.0000,4382.0000,1755.0000,0.0000,25.0000,33.0000,24.0000,6.0000
2.0380,0.5110,0.3590,0.3160,0.1630,0.0000,0.0000,1.1680,1.0000,2.4620,4.3650,1.9940,0.0000,0.0000,0.0000,69.8456,0.0000,4382.0000,1755.0000,0.0000,25.0000,33.0000,24.0000,6.0000
2.0340,0.5110,0.3530,0.3270,0.1590,0.0000,0.0000,1.1700,1.0000,2.4620,4.3650,1.9940,0.0000,0.0000,0.0000,69.8456,0.0000,4382.0000,1755.0000,0.0000,25.0000,33.0000,24.0000,6.0000
2.1200,0.5220,0.3550,0.3390,0.1600,0.0000,0.0000,1.2430,1.0000,2.4620,4.3650,1.9940,0.0000,0.0000,0.0000,69.8456,0.0000,4382.0000,1755.0000,0.0000,25.0000,33.0000,24.0000,6.0000
2.1340,0.5470,0.4190,0.3220,0.2090,0.0000,0.0000,1.1680,1.0000,2.4620,4.3650,1.9940,0.0000,0.0000,0.0000,69.8456,0.0000,4382.0000,1755.0000,0.0000,25.0000,33.0000,24.0000,6.0000
2.0730,0.5750,0.3940,0.3930,0.1640,0.0000,0.0000,1.1040,1.0000,2.4620,4.3650,1.9940,0.0000,0.0000,0.0000,69.8463,0.0000,4382.0000,1755.0000,0.0000,25.0000,34.0000,24.0000,5.0000
2.3060,0.5560,0.4390,0.3760,0.2150,0.0000,0.0000,1.3110,1.0000,2.4620,4.3650,1.9940,0.0000,0.0000,0.0000,69.8565,0.0000,4383.0000,1755.0000,0.0000,25.0000,34.0000,24.0000,4.0000
1.9950,0.6950,0.3710,0.4600,0.1630,0.0000,0.0000,0.9290,1.0000,2.4620,4.3650,1.9940,0.0000,0.0000,0.0000,69.8565,0.0000,4383.0000,1755.0000,0.0000,25.0000,34.0000,24.0000,5.0000
2.1500,0.5630,0.3750,0.3380,0.1660,0.0000,0.0000,1.2120,1.0000,2.4620,4.3650,1.9940,0.0000,0.0000,0.0000,69.8566,0.0000,4383.0000,1755.0000,0.0000,25.0000,34.0000,24.0000,5.0000
1.9930,0.6080,0.3770,0.3340,0.1630,0.0000,0.0000,1.0080,1.0000,2.4620,4.3650,1.9940,0.0000,0.0000,0.0000,69.8566,0.0000,4383.0000,1755.0000,0.0000,25.0000,34.0000,24.0000,5.0000
2.0290,0.5180,0.3630,0.3210,0.1630,0.0000,0.0000,1.1480,1.0000,2.4620,4.3650,1.9940,0.0000,0.0000,0.0000,69.8562,0.0000,4383.0000,1755.0000,0.0000,25.0000,34.0000,24.0000,6.0000
2.0950,0.5660,0.3580,0.3590,0.1660,0.0000,0.0000,1.1710,1.0000,2.4620,4.3650,1.9940,0.0000,0.0000,0.0000,69.7223,0.0000,4370.0000,1755.0000,0.0000,25.0000,34.0000,24.0000,8.0000
2.1450,0.6290,0.3870,0.4320,0.1870,0.0000,0.0000,1.1290,1.0000,2.4620,4.3650,1.9940,0.0000,0.0000,0.0000,69.7223,0.0000,4370.0000,1755.0000,0.0000,25.0000,34.0000,24.0000,8.0000
3.2840,0.5770,0.4550,0.3930,0.2370,0.0000,0.0000,2.2520,1.0000,2.4620,4.3650,1.9940,0.0000,0.0000,0.0000,69.7223,0.0000,4370.0000,1755.0000,0.0000,25.0000,34.0000,24.0000,8.0000
2.1590,0.5040,0.4650,0.3220,0.1890,0.0000,0.0000,1.1900,1.0000,2.4620,4.3650,1.9940,0.0000,0.0000,0.0000,69.7223,0.0000,4370.0000,1755.0000,0.0000,25.0000,34.0000,24.0000,9.0000
2.7370,0.6210,0.4480,0.4370,0.2210,0.0000,0.0000,1.6680,1.0000,2.4620,4.3650,1.9940,0.0000,0.0000,0.0000,69.7425,0.0000,4372.0000,1755.0000,0.0000,25.0000,34.0000,24.0000,9.0000
2.1060,1.0260,0.4570,0.6630,0.1840,0.0000,0.0000,0.6230,1.0000,2.4620,4.3650,1.9940,0.0000,0.0000,0.0000,69.7425,0.0000,4372.0000,1755.0000,0.0000,25.0000,34.0000,24.0000,9.0000
2.4690,0.5770,0.6120,0.3940,0.2840,0.0000,0.0000,1.2800,1.0000,2.4620,4.3650,1.9940,0.0000,0.0000,0.0000,69.7536,0.0000,4373.0000,1755.0000,0.0000,25.0000,35.0000,24.0000,7.0000
2.2750,0.6580,0.4160,0.3260,0.2070,0.0000,0.0000,1.2010,1.0000,2.4620,4.3650,1.9940,0.0000,0.0000,0.0000,69.7661,0.0000,4374.0000,1755.0000,0.0000,25.0000,35.0000,24.0000,6.0000
2.0430,0.6800,0.4170,0.4010,0.2170,0.0000,0.0000,0.9460,1.0000,2.4620,4.3650,1.9940,0.0000,0.0000,0.0000,69.7662,0.0000,4374.0000,1755.0000,0.0000,25.0000,35.0000,24.0000,7.0000
2.1360,0.4970,0.4650,0.3260,0.2490,0.0000,0.0000,1.1740,1.0000,2.4620,4.3650,1.9940,0.0000,0.0000,0.0000,69.7669,0.0000,4374.0000,1755.0000,0.0000,25.0000,36.0000,24.0000,7.0000
2.1260,0.6430,0.4450,0.4380,0.2150,0.0000,0.0000,1.0380,1.0000,2.4620,4.3650,1.9940,0.0000,0.0000,0.0000,69.7778,0.0000,4375.0000,1755.0000,0.0000,25.0000,35.0000,24.0000,7.0000
2.1820,0.6160,0.4030,0.3890,0.1800,0.0000,0.0000,1.1630,1.0000,2.4620,4.3650,1.9940,0.0000,0.0000,0.0000,69.7778,0.0000,4375.0000,1755.0000,0.0000,25.0000,35.0000,24.0000,9.0000
2.2040,0.6530,0.4880,0.4790,0.2760,0.0000,0.0000,1.0630,1.0000,2.4620,4.3650,1.9940,0.0000,0.0000,0.0000,69.7992,0.0000,4377.0000,1755.0000,0.0000,25.0000,36.0000,24.0000,9.0000
2.0010,0.6210,0.3420,0.3240,0.1540,0.0000,0.0000,1.0380,1.0000,2.4620,4.3650,1.9940,0.0000,0.0000,0.0000,69.7993,0.0000,4377.0000,1755.0000,0.0000,25.0000,36.0000,24.0000,9.0000
4.5120,0.5650,0.3790,0.3230,0.1940,0.0000,0.0000,3.5680,1.0000,2.4620,4.3650,1.9940,0.0000,0.0000,0.0000,69.8096,0.0000,4378.0000,1755.0000,0.0000,25.0000,36.0000,24.0000,9.0000
2.2740,0.5530,0.4480,0.3100,0.2000,0.0000,0.0000,1.2730,1.0000,2.4620,4.3650,1.9940,0.0000,0.0000,0.0000,69.8209,0.0000,4379.0000,1755.0000,0.0000,25.0000,37.0000,24.0000,10.0000
1.7870,0.5900,0.3590,0.3880,0.1630,0.0000,0.0000,0.8380,1.0000,2.4620,4.3650,1.9940,0.0000,0.0000,0.0000,69.8210,0.0000,4379.0000,1755.0000,0.0000,25.0000,37.0000,24.0000,9.0000
1.7730,0.4980,0.3720,0.3420,0.1630,0.0000,0.0000,0.9030,1.0000,2.4620,4.3650,1.9940,0.0000,0.0000,0.0000,69.8210,0.0000,4379.0000,1755.0000,0.0000,25.0000,37.0000,24.0000,9.0000
1.9950,0.4900,0.4720,0.3360,0.2820,0.0000,0.0000,1.0330,1.0000,2.4620,4.3650,1.9940,0.0000,0.0000,0.0000,69.8422,0.0000,4381.0000,1755.0000,0.0000,25.0000,36.0000,24.0000,9.0000
1.8120,0.5500,0.3950,0.3160,0.2090,0.0000,0.0000,0.8670,1.0000,2.4620,4.3650,1.9940,0.0000,0.0000,0.0000,69.8422,0.0000,4381.0000,1755.0000,0.0000,25.0000,36.0000,24.0000,9.0000
1.7540,0.4690,0.3170,0.2950,0.1430,0.0000,0.0000,0.9680,1.0000,2.4620,4.3650,1.9940,0.0000,0.0000,0.0000,69.8423,0.0000,4381.0000,1755.0000,0.0000,25.0000,36.0000,24.0000,9.0000
1.8750,0.4660,0.3640,0.2940,0.1830,0.0000,0.0000,1.0450,1.0000,2.4620,4.3650,1.9940,0.0000,0.0000,0.0000,69.8628,0.0000,4383.0000,1755.0000,0.0000,25.0000,36.0000,24.0000,10.0000
1.8450,0.5530,0.3580,0.2870,0.1860,0.0000,0.0000,0.9340,1.0000,2.4620,4.3650,1.9940,0.0000,0.0000,0.0000,69.8731,0.0000,4384.0000,1755.0000,0.0000,25.0000,36.0000,24.0000,9.0000
2.0400,0.5830,0.3440,0.3340,0.1450,0.0000,0.0000,1.1130,1.0000,2.4620,4.3650,1.9940,0.0000,0.0000,0.0000,69.8732,0.0000,4384.0000,1755.0000,0.0000,25.0000,36.0000,24.0000,9.0000
1.9190,0.5680,0.3730,0.3630,0.1710,0.0000,0.0000,0.9780,1.0000,2.4620,4.3650,1.9940,0.0000,0.0000,0.0000,69.8733,0.0000,4384.0000,1755.0000,0.0000,25.0000,36.0000,24.0000,9.0000
1.9730,0.5520,0.3940,0.3920,0.1870,0.0000,0.0000,1.0270,1.0000,2.4620,4.3650,1.9940,0.0000,0.0000,0.0000,69.8733,0.0000,4384.0000,1755.0000,0.0000,25.0000,36.0000,24.0000,9.0000
1.8930,0.5380,0.3430,0.3600,0.1370,0.0000,0.0000,1.0120,1.0000,2.4620,4.3650,1.9940,0.0000,0.0000,0.0000,69.8733,0.0000,4384.0000,1755.0000,0.0000,25.0000,36.0000,24.0000,9.0000
1.9480,0.4890,0.3500,0.3250,0.1820,0.0000,0.0000,1.1090,1.0000,2.4620,4.3650,1.9940,0.0000,0.0000,0.0000,69.8735,0.0000,4384.0000,1755.0000,0.0000,25.0000,36.0000,24.0000,10.0000
1.8110,0.5840,0.3740,0.4280,0.1860,0.0000,0.0000,0.8530,1.0000,2.4620,4.3650,1.9940,0.0000,0.0000,0.0000,69.8735,0.0000,4384.0000,1755.0000,0.0000,25.0000,36.0000,24.0000,9.0000
1.9110,0.4560,0.3530,0.2930,0.1760,0.0000,0.0000,1.1020,1.0000,2.4620,4.3650,1.9940,0.0000,0.0000,0.0000,69.8838,0.0000,4385.0000,1755.0000,0.0000,25.0000,36.0000,24.0000,8.0000
1.8740,0.5100,0.3580,0.2760,0.1560,0.0000,0.0000,1.0060,1.0000,2.4620,4.3650,1.9940,0.0000,0.0000,0.0000,69.8845,0.0000,4385.0000,1755.0000,0.0000,25.0000,37.0000,24.0000,9.0000
1.9070,0.4840,0.4130,0.3060,0.2000,0.0000,0.0000,1.0100,1.0000,2.4620,4.3650,1.9940,0.0000,0.0000,0.0000,69.8955,0.0000,4386.0000,1755.0000,0.0000,25.0000,36.0000,24.0000,9.0000
1.8150,0.4870,0.3170,0.2860,0.1390,0.0000,0.0000,1.0110,1.0000,2.4620,4.3650,1.9940,0.0000,0.0000,0.0000,69.8955,0.0000,4386.0000,1755.0000,0.0000,25.0000,36.0000,24.0000,10.0000
1.8280,0.5540,0.3640,0.3190,0.1550,0.0000,0.0000,0.9100,1.0000,2.4620,4.3650,1.9940,0.0000,0.0000,0.0000,69.8955,0.0000,4386.0000,1755.0000,0.0000,25.0000,36.0000,24.0000,10.0000
1.7760,0.4800,0.3550,0.3290,0.1440,0.0000,0.0000,0.9410,1.0000,2.4620,4.3650,1.9940,0.0000,0.0000,0.0000,69.8955,0.0000,4386.0000,1755.0000,0.0000,25.0000,36.0000,24.0000,10.0000
2.2290,0.4450,0.4950,0.2890,0.2850,0.0000,0.0000,1.2890,1.0000,2.4620,4.3650,1.9940,0.0000,0.0000,0.0000,69.9058,0.0000,4387.0000,1755.0000,0.0000,25.0000,36.0000,24.0000,10.0000
1.7610,0.5530,0.3580,0.3340,0.1450,0.0000,0.0000,0.8500,1.0000,2.4620,4.3650,1.9940,0.0000,0.0000,0.0000,69.9065,0.0000,4387.0000,1755.0000,0.0000,25.0000,37.0000,24.0000,10.0000
1.7210,0.5100,0.3270,0.3360,0.1540,0.0000,0.0000,0.8840,1.0000,2.4620,4.3650,1.9940,0.0000,0.0000,0.0000,69.9065,0.0000,4387.0000,1755.0000,0.0000,25.0000,37.0000,24.0000,9.0000
1.7810,0.4510,0.3380,0.2790,0.1610,0.0000,0.0000,0.9920,1.0000,2.4620,4.3650,1.9940,0.0000,0.0000,0.0000,69.9175,0.0000,4388.0000,1755.0000,0.0000,25.0000,38.0000,24.0000,8.0000
2.0230,0.4880,0.3590,0.2960,0.1710,0.0000,0.0000,1.1760,1.0000,2.4620,4.3650,1.9940,0.0000,0.0000,0.0000,69.9182,0.0000,4388.0000,1755.0000,0.0000,25.0000,39.0000,24.0000,10.0000
1.8050,0.6180,0.3630,0.4600,0.1880,0.0000,0.0000,0.8240,1.0000,2.4620,4.3650,1.9940,0.0000,0.0000,0.0000,69.9285,0.0000,4389.0000,1755.0000,0.0000,25.0000,39.0000,24.0000,11.0000
1.8350,0.5360,0.3790,0.3040,0.1820,0.0000,0.0000,0.9200,1.0000,2.4620,4.3650,1.9940,0.0000,0.0000,0.0000,69.9388,0.0000,4390.0000,1755.0000,0.0000,25.0000,39.0000,24.0000,11.0000
1.7380,0.5580,0.3450,0.3690,0.1470,0.0000,0.0000,0.8350,1.0000,2.4620,4.3650,1.9940,0.0000,0.0000,0.0000,69.9382,0.0000,4390.0000,1755.0000,0.0000,25.0000,38.0000,24.0000,11.0000
1.8660,0.4720,0.3530,0.2980,0.1800,0.0000,0.0000,1.0410,1.0000,2.4620,4.3650,1.9940,0.0000,0.0000,0.0000,69.9586,0.0000,4392.0000,1755.0000,0.0000,25.0000,38.0000,24.0000,11.0000
2.0270,0.5240,0.3780,0.2860,0.1990,0.0000,0.0000,1.1250,1.0000,2.4620,4.3650,1.9940,0.0000,0.0000,0.0000,69.9703,0.0000,4393.0000,1755.0000,0.0000,25.0000,39.0000,24.0000,12.0000
1.7240,0.6370,0.3380,0.4280,0.1460,0.0000,0.0000,0.7490,1.0000,2.4620,4.3650,1.9940,0.0000,0.0000,0.0000,69.9700,0.0000,4393.0000,1755.0000,0.0000,25.0000,39.0000,24.0000,11.0000
2.0200,0.4860,0.3830,0.3180,0.2050,0.0000,0.0000,1.1510,1.0000,2.4620,4.3650,1.9940,0.0000,0.0000,0.0000,69.9802,0.0000,4394.0000,1755.0000,0.0000,25.0000,39.0000,24.0000,13.0000
2.0770,0.6620,0.3830,0.4120,0.2090,0.0000,0.0000,1.0320,1.0000,2.4620,4.3650,1.9940,0.0000,0.0000,0.0000,69.7873,0.0000,4375.0000,1755.0000,0.0000,25.0000,39.0000,24.0000,12.0000
1.8970,0.6560,0.3710,0.2920,0.1810,0.0000,0.0000,0.8700,1.0000,2.4620,4.3650,1.9940,0.0000,0.0000,0.0000,69.7961,0.0000,4376.0000,1755.0000,0.0000,25.0000,40.0000,24.0000,13.0000
1.7100,0.5340,0.3260,0.2910,0.1580,0.0000,0.0000,0.8500,1.0000,2.4620,4.3650,1.9940,0.0000,0.0000,0.0000,69.7963,0.0000,4376.0000,1755.0000,0.0000,25.0000,40.0000,24.0000,14.0000
1.9710,0.4890,0.4360,0.3370,0.2310,0.0000,0.0000,1.0460,1.0000,2.4620,4.3650,1.9940,0.0000,0.0000,0.0000,69.7963,0.0000,4376.0000,1755.0000,0.0000,25.0000,40.0000,24.0000,13.0000
2.1160,0.5460,0.4690,0.3810,0.2050,0.0000,0.0000,1.1010,1.0000,2.4620,4.3650,1.9940,0.0000,0.0000,0.0000,69.7956,0.0000,4376.0000,1755.0000,0.0000,25.0000,39.0000,24.0000,13.0000
2.0420,0.5350,0.4470,0.3570,0.2030,0.0000,0.0000,1.0600,1.0000,2.4620,4.3650,1.9940,0.0000,0.0000,0.0000,69.8166,0.0000,4378.0000,1755.0000,0.0000,25.0000,40.0000,24.0000,13.0000
1.9400,0.6080,0.3840,0.3780,0.1910,0.0000,0.0000,0.9480,1.0000,2.4620,4.3650,1.9940,0.0000,0.0000,0.0000,69.8262,0.0000,4379.0000,1755.0000,0.0000,25.0000,39.0000,24.0000,13.0000
1.7790,0.5370,0.3810,0.3280,0.1480,0.0000,0.0000,0.8610,1.0000,2.4620,4.3650,1.9940,0.0000,0.0000,0.0000,69.8271,0.0000,4379.0000,1755.0000,0.0000,25.0000,40.0000,24.0000,13.0000
1.7720,0.5310,0.3650,0.3750,0.1790,0.0000,0.0000,0.8760,1.0000,2.4620,4.3650,1.9940,0.0000,0.0000,0.0000,69.8271,0.0000,4379.0000,1755.0000,0.0000,25.0000,40.0000,24.0000,13.0000
1.7140,0.4640,0.3110,0.2820,0.1410,0.0000,0.0000,0.9390,1.0000,2.4620,4.3650,1.9940,0.0000,0.0000,0.0000,69.8264,0.0000,4379.0000,1755.0000,0.0000,25.0000,39.0000,24.0000,13.0000
1.9190,0.4530,0.4020,0.2900,0.1830,0.0000,0.0000,1.0640,1.0000,2.4620,4.3650,1.9940,0.0000,0.0000,0.0000,69.8264,0.0000,4379.0000,1755.0000,0.0000,25.0000,39.0000,24.0000,13.0000
1.9530,0.5120,0.3860,0.2940,0.2110,0.0000,0.0000,1.0550,1.0000,2.4620,4.3650,1.9940,0.0000,0.0000,0.0000,69.8680,0.0000,4383.0000,1755.0000,0.0000,25.0000,40.0000,24.0000,13.0000
1.7240,0.6670,0.3140,0.2950,0.1420,0.0000,0.0000,0.7430,1.0000,2.4620,4.3650,1.9940,0.0000,0.0000,0.0000,69.8680,0.0000,4383.0000,1755.0000,0.0000,25.0000,40.0000,24.0000,13.0000
1.8930,0.4900,0.3430,0.3300,0.1720,0.0000,0.0000,1.0600,1.0000,2.4620,4.3650,1.9940,0.0000,0.0000,0.0000,69.8682,0.0000,4383.0000,1755.0000,0.0000,25.0000,40.0000,24.0000,13.0000
2.1650,0.4890,0.4690,0.3280,0.2610,0.0000,0.0000,1.2070,1.0000,2.4620,4.3650,1.9940,0.0000,0.0000,0.0000,69.8785,0.0000,4384.0000,1755.0000,0.0000,25.0000,40.0000,24.0000,13.0000
1.9190,0.5540,0.3700,0.3440,0.1480,0.0000,0.0000,0.9950,1.0000,2.4620,4.3650,1.9940,0.0000,0.0000,0.0000,69.8785,0.0000,4384.0000,1755.0000,0.0000,25.0000,40.0000,24.0000,13.0000
1.9450,0.5980,0.3690,0.4230,0.1420,0.0000,0.0000,0.9780,1.0000,2.4620,4.3650,1.9940,0.0000,0.0000,0.0000,69.8786,0.0000,4384.0000,1755.0000,0.0000,25.0000,40.0000,24.0000,13.0000
2.2380,0.4810,0.4130,0.3150,0.2290,0.0000,0.0000,1.3440,1.0000,2.4620,4.3650,1.9940,0.0000,0.0000,0.0000,69.8988,0.0000,4386.0000,1755.0000,0.0000,25.0000,40.0000,24.0000,13.0000
1.9980,0.6130,0.4190,0.3780,0.2260,0.0000,0.0000,0.9660,1.0000,2.4620,4.3650,1.9940,0.0000,0.0000,0.0000,69.9091,0.0000,4387.0000,1755.0000,0.0000,25.0000,40.0000,24.0000,13.0000
1.9540,0.5360,0.3900,0.3350,0.1690,0.0000,0.0000,1.0280,1.0000,2.4620,4.3650,1.9940,0.0000,0.0000,0.0000,69.9196,0.0000,4388.0000,1755.0000,0.0000,25.0000,40.0000,24.0000,13.0000
1.8210,0.5800,0.3760,0.3890,0.1460,0.0000,0.0000,0.8650,1.0000,2.4620,4.3650,1.9940,0.0000,0.0000,0.0000,69.9189,0.0000,4388.0000,1755.0000,0.0000,25.0000,39.0000,24.0000,13.0000
1.7890,0.5030,0.3640,0.3380,0.1770,0.0000,0.0000,0.9220,1.0000,2.4620,4.3650,1.9940,0.0000,0.0000,0.0000,69.9190,0.0000,4388.0000,1755.0000,0.0000,25.0000,39.0000,24.0000,13.0000
1.7920,0.4750,0.3430,0.3010,0.1680,0.0000,0.0000,0.9740,1.0000,2.4620,4.3650,1.9940,0.0000,0.0000,0.0000,69.9293,0.0000,4389.0000,1755.0000,0.0000,25.0000,39.0000,24.0000,13.0000
2.1120,0.4800,0.3480,0.2740,0.1640,0.0000,0.0000,1.2840,1.0000,2.4620,4.3650,1.9940,0.0000,0.0000,0.0000,69.9381,0.0000,4390.0000,1755.0000,0.0000,25.0000,37.0000,24.0000,13.0000
2.1570,0.5500,0.4010,0.3030,0.1840,0.0000,0.0000,1.2060,1.0000,2.4620,4.3650,1.9940,0.0000,0.0000,0.0000,69.9585,0.0000,4392.0000,1755.0000,0.0000,25.0000,37.0000,24.0000,13.0000
1.9970,0.5770,0.3240,0.2920,0.1420,0.0000,0.0000,1.0960,1.0000,2.4620,4.3650,1.9940,0.0000,0.0000,0.0000,69.9586,0.0000,4392.0000,1755.0000,0.0000,25.0000,37.0000,24.0000,13.0000
1.8490,0.5420,0.3340,0.3580,0.1470,0.0000,0.0000,0.9730,1.0000,2.4620,4.3650,1.9940,0.0000,0.0000,0.0000,69.9594,0.0000,4392.0000,1755.0000,0.0000,25.0000,38.0000,24.0000,13.0000
1.8870,0.4690,0.3160,0.2730,0.1330,0.0000,0.0000,1.1020,1.0000,2.4620,4.3650,1.9940,0.0000,0.0000,0.0000,69.9587,0.0000,4392.0000,1755.0000,0.0000,25.0000,37.0000,24.0000,13.0000
1.9060,0.4410,0.3780,0.2770,0.1720,0.0000,0.0000,1.0870,1.0000,2.4620,4.3650,1.9940,0.0000,0.0000,0.0000,69.9690,0.0000,4393.0000,1755.0000,0.0000,25.0000,37.0000,24.0000,13.0000
2.2740,0.5110,0.3670,0.2890,0.1750,0.0000,0.0000,1.3960,1.0000,2.4620,4.3650,1.9940,0.0000,0.0000,0.0000,69.9892,0.0000,4395.0000,1755.0000,0.0000,25.0000,37.0000,24.0000,13.0000
1.7570,0.6090,0.3250,0.3110,0.1370,0.0000,0.0000,0.8230,1.0000,2.4620,4.3650,1.9940,0.0000,0.0000,0.0000,69.9893,0.0000,4395.0000,1755.0000,0.0000,25.0000,37.0000,24.0000,13.0000
1.7910,0.4690,0.3180,0.2970,0.1340,0.0000,0.0000,1.0040,1.0000,2.4620,4.3650,1.9940,0.0000,0.0000,0.0000,69.9894,0.0000,4395.0000,1755.0000,0.0000,25.0000,37.0000,24.0000,13.0000
2.0800,0.5240,0.4130,0.3200,0.1610,0.0000,0.0000,1.1430,1.0000,2.4620,4.3650,1.9940,0.0000,0.0000,0.0000,69.9894,0.0000,4395.0000,1755.0000,0.0000,25.0000,37.0000,24.0000,13.0000
1.8190,0.5460,0.3600,0.3160,0.1510,0.0000,0.0000,0.9130,1.0000,2.4620,4.3650,1.9940,0.0000,0.0000,0.0000,69.9887,0.0000,4395.0000,1755.0000,0.0000,25.0000,36.0000,24.0000,13.0000
1.9200,0.5290,0.4250,0.3510,0.1760,0.0000,0.0000,0.9660,1.0000,2.4620,4.3650,1.9940,0.0000,0.0000,0.0000,69.9989,0.0000,4396.0000,1755.0000,0.0000,25.0000,36.0000,24.0000,13.0000
1.6780,0.5490,0.3400,0.3490,0.1370,0.0000,0.0000,0.7890,1.0000,2.4620,4.3650,1.9940,0.0000,0.0000,0.0000,69.9989,0.0000,4396.0000,1755.0000,0.0000,25.0000,36.0000,24.0000,13.0000
1.7580,0.4330,0.3050,0.2710,0.1350,0.0000,0.0000,1.0200,1.0000,2.4620,4.3650,1.9940,0.0000,0.0000,0.0000,70.0000,0.0000,4396.0000,1755.0000,0.0000,25.0000,37.0000,24.0000,13.0000
1.8700,0.4730,0.3840,0.3020,0.1810,0.0000,0.0000,1.0130,1.0000,2.4620,4.3650,1.9940,0.0000,0.0000,0.0000,70.0202,0.0000,4398.0000,1755.0000,0.0000,25.0000,37.0000,24.0000,13.0000
1.7370,0.5210,0.3110,0.2840,0.1430,0.0000,0.0000,0.9050,1.0000,2.4620,4.3650,1.9940,0.0000,0.0000,0.0000,70.0202,0.0000,4398.0000,1755.0000,0.0000,25.0000,37.0000,24.0000,13.0000
1.7520,0.5580,0.3430,0.4030,0.1360,0.0000,0.0000,0.8510,1.0000,2.4620,4.3650,1.9940,0.0000,0.0000,0.0000,70.0203,0.0000,4398.0000,1755.0000,0.0000,25.0000,37.0000,24.0000,13.0000
2.1070,0.5160,0.3780,0.3330,0.2020,0.0000,0.0000,1.2130,1.0000,2.4620,4.3650,1.9940,0.0000,0.0000,0.0000,70.0306,0.0000,4399.0000,1755.0000,0.0000,25.0000,37.0000,24.0000,13.0000
1.7750,0.5640,0.3890,0.3380,0.2050,0.0000,0.0000,0.8220,1.0000,2.4620,4.3650,1.9940,0.0000,0.0000,0.0000,70.0401,0.0000,4400.0000,1755.0000,0.0000,25.0000,36.0000,24.0000,13.0000
1.9550,0.4680,0.3690,0.2710,0.1930,0.0000,0.0000,1.1180,1.0000,2.4620,4.3650,1.9940,0.0000,0.0000,0.0000,70.0498,0.0000,4401.0000,1755.0000,0.0000,25.0000,35.0000,24.0000,13.0000
1.7560,0.5000,0.2980,0.2810,0.1260,0.0000,0.0000,0.9580,1.0000,2.4620,4.3650,1.9940,0.0000,0.0000,0.0000,70.0498,0.0000,4401.0000,1755.0000,0.0000,25.0000,35.0000,24.0000,13.0000
1.7460,0.4750,0.3230,0.3110,0.1360,0.0000,0.0000,0.9480,1.0000,2.4620,4.3650,1.9940,0.0000,0.0000,0.0000,70.0485,0.0000,4401.0000,1755.0000,0.0000,25.0000,33.0000,24.0000,13.0000
1.8830,0.4810,0.4350,0.2750,0.1970,0.0000,0.0000,0.9670,1.0000,2.4620,4.3650,1.9940,0.0000,0.0000,0.0000,70.0690,0.0000,4403.0000,1755.0000,0.0000,25.0000,33.0000,24.0000,13.0000
1.8990,0.5560,0.3640,0.2780,0.1400,0.0000,0.0000,0.9790,1.0000,2.4620,4.3650,1.9940,0.0000,0.0000,0.0000,70.0697,0.0000,4403.0000,1755.0000,0.0000,25.0000,34.0000,24.0000,13.0000
2.2760,0.5480,0.4580,0.3370,0.2320,0.0000,0.0000,1.2700,1.0000,2.4620,4.3650,1.9940,0.0000,0.0000,0.0000,70.0991,0.0000,4406.0000,1755.0000,0.0000,25.0000,33.0000,24.0000,13.0000
1.7290,0.9500,0.3040,0.6780,0.1290,0.0000,0.0000,0.4750,1.0000,2.4620,4.3650,1.9940,0.0000,0.0000,0.0000,70.0989,0.0000,4406.0000,1755.0000,0.0000,25.0000,33.0000,24.0000,13.0000
1.6840,0.5480,0.3840,0.3660,0.2170,0.0000,0.0000,0.7520,1.0000,2.4620,4.3650,1.9940,0.0000,0.0000,0.0000,70.0990,0.0000,4406.0000,1755.0000,0.0000,25.0000,33.0000,24.0000,13.0000
1.7990,0.4430,0.3170,0.2770,0.1420,0.0000,0.0000,1.0390,1.0000,2.4620,4.3650,1.9940,0.0000,0.0000,0.0000,69.8071,0.0000,4378.0000,1755.0000,0.0000,25.0000,32.0000,24.0000,13.0000
1.8350,0.5030,0.3570,0.3390,0.1660,0.0000,0.0000,0.9750,1.0000,2.4620,4.3650,1.9940,0.0000,0.0000,0.0000,69.8174,0.0000,4379.0000,1755.0000,0.0000,25.0000,32.0000,24.0000,14.0000
1.6880,0.5930,0.3400,0.3180,0.1560,0.0000,0.0000,0.7550,1.0000,2.4620,4.3650,1.9940,0.0000,0.0000,0.0000,69.8174,0.0000,4379.0000,1755.0000,0.0000,25.0000,32.0000,24.0000,14.0000
2.1960,0.4880,0.3950,0.3320,0.1790,0.0000,0.0000,1.3130,1.0000,2.4620,4.3650,1.9940,0.0000,0.0000,0.0000,69.8174,0.0000,4379.0000,1755.0000,0.0000,25.0000,32.0000,24.0000,14.0000
2.0330,0.5870,0.4130,0.3970,0.1970,0.0000,0.0000,1.0330,1.0000,2.4620,4.3650,1.9940,0.0000,0.0000,0.0000,69.8174,0.0000,4379.0000,1755.0000,0.0000,25.0000,32.0000,24.0000,14.0000
2.3010,0.5610,0.4910,0.3840,0.2340,0.0000,0.0000,1.2490,1.0000,2.4620,4.3650,1.9940,0.0000,0.0000,0.0000,69.8174,0.0000,4379.0000,1755.0000,0.0000,25.0000,32.0000,24.0000,14.0000
2.0280,0.6040,0.3510,0.3460,0.1430,0.0000,0.0000,1.0730,1.0000,2.4620,4.3650,1.9940,0.0000,0.0000,0.0000,69.8173,0.0000,4379.0000,1755.0000,0.0000,25.0000,32.0000,24.0000,15.0000
2.1360,0.5650,0.3920,0.3750,0.1960,0.0000,0.0000,1.1790,1.0000,2.4620,4.3650,1.9940,0.0000,0.0000,0.0000,69.8269,0.0000,4380.0000,1755.0000,0.0000,25.0000,31.0000,24.0000,15.0000
1.9170,0.6020,0.3200,0.3540,0.1430,0.0000,0.0000,0.9950,1.0000,2.4620,4.3650,1.9940,0.0000,0.0000,0.0000,69.8269,0.0000,4380.0000,1755.0000,0.0000,25.0000,31.0000,24.0000,15.0000
1.8220,0.5340,0.3380,0.3510,0.1510,0.0000,0.0000,0.9500,1.0000,2.4620,4.3650,1.9940,0.0000,0.0000,0.0000,69.8269,0.0000,4380.0000,1755.0000,0.0000,25.0000,31.0000,24.0000,15.0000
1.8700,0.5650,0.3980,0.3510,0.1890,0.0000,0.0000,0.9070,1.0000,2.4620,4.3650,1.9940,0.0000,0.0000,0.0000,69.8488,0.0000,4382.0000,1755.0000,0.0000,25.0000,31.0000,24.0000,15.0000
1.9200,0.5850,0.3700,0.3060,0.1930,0.0000,0.0000,0.9650,1.0000,2.4620,4.3650,1.9940,0.0000,0.0000,0.0000,69.8592,0.0000,4383.0000,1755.0000,0.0000,25.0000,31.0000,24.0000,15.0000
1.8180,0.5720,0.3350,0.3730,0.1400,0.0000,0.0000,0.9110,1.0000,2.4620,4.3650,1.9940,0.0000,0.0000,0.0000,69.8593,0.0000,4383.0000,1755.0000,0.0000,25.0000,31.0000,24.0000,15.0000
1.8540,0.5100,0.3740,0.3500,0.1700,0.0000,0.0000,0.9700,1.0000,2.4620,4.3650,1.9940,0.0000,0.0000,0.0000,69.8697,0.0000,4384.0000,1755.0000,0.0000,25.0000,31.0000,24.0000,14.0000
1.8550,0.5530,0.3760,0.3590,0.2100,0.0000,0.0000,0.9260,1.0000,2.4620,4.3650,1.9940,0.0000,0.0000,0.0000,69.8799,0.0000,4385.0000,1755.0000,0.0000,25.0000,31.0000,24.0000,13.0000
2.0470,0.5250,0.4000,0.3120,0.1990,0.0000,0.0000,1.1220,1.0000,2.4620,4.3650,1.9940,0.0000,0.0000,0.0000,69.9012,0.0000,4387.0000,1755.0000,0.0000,25.0000,32.0000,24.0000,13.0000
1.7290,0.6130,0.3340,0.3500,0.1540,0.0000,0.0000,0.7820,1.0000,2.4620,4.3650,1.9940,0.0000,0.0000,0.0000,69.9013,0.0000,4387.0000,1755.0000,0.0000,25.0000,32.0000,24.0000,13.0000
1.7360,0.4740,0.3440,0.2880,0.1570,0.0000,0.0000,0.9180,1.0000,2.4620,4.3650,1.9940,0.0000,0.0000,0.0000,69.9014,0.0000,4387.0000,1755.0000,0.0000,25.0000,32.0000,24.0000,13.0000
2.0690,0.5560,0.4460,0.3250,0.2120,0.0000,0.0000,1.0670,1.0000,2.4620,4.3650,1.9940,0.0000,0.0000,0.0000,69.9216,0.0000,4389.0000,1755.0000,0.0000,25.0000,32.0000,24.0000,13.0000
1.7870,0.6080,0.3610,0.3250,0.1680,0.0000,0.0000,0.8180,1.0000,2.4620,4.3650,1.9940,0.0000,0.0000,0.0000,69.9216,0.0000,4389.0000,1755.0000,0.0000,25.0000,32.0000,24.0000,13.0000
2.0270,0.5470,0.4660,0.3590,0.1960,0.0000,0.0000,1.0140,1.0000,2.4620,4.3650,1.9940,0.0000,0.0000,0.0000,69.9422,0.0000,4391.0000,1755.0000,0.0000,25.0000,32.0000,24.0000,13.0000
2.0870,0.6290,0.4300,0.3860,0.2110,0.0000,0.0000,1.0280,1.0000,2.4620,4.3650,1.9940,0.0000,0.0000,0.0000,69.9845,0.0000,4395.0000,1755.0000,0.0000,25.0000,32.0000,24.0000,13.0000
1.8970,0.7050,0.4030,0.3130,0.1690,0.0000,0.0000,0.7890,1.0000,2.4620,4.3650,1.9940,0.0000,0.0000,0.0000,69.9847,0.0000,4395.0000,1755.0000,0.0000,25.0000,32.0000,24.0000,13.0000
3.8130,0.5790,0.3970,0.3820,0.1690,0.0000,0.0000,2.8370,1.0000,2.4620,4.3650,1.9940,0.0000,0.0000,0.0000,69.9843,0.0000,4395.0000,1755.0000,0.0000,25.0000,31.0000,24.0000,12.0000
2.6430,0.6750,0.5240,0.2910,0.2560,0.0000,0.0000,1.4440,1.0000,2.4620,4.3650,1.9940,0.0000,0.0000,0.0000,70.0063,0.0000,4397.0000,1755.0000,0.0000,25.0000,31.0000,24.0000,12.0000
2.3270,0.8140,0.4500,0.4160,0.2040,0.0000,0.0000,1.0630,1.0000,2.4620,4.3650,1.9940,0.0000,0.0000,0.0000,70.0063,0.0000,4397.0000,1755.0000,0.0000,25.0000,31.0000,24.0000,12.0000
2.1690,0.6950,0.4260,0.4210,0.2180,0.0000,0.0000,1.0480,1.0000,2.4620,4.3650,1.9940,0.0000,0.0000,0.0000,70.0064,0.0000,4397.0000,1755.0000,0.0000,25.0000,31.0000,24.0000,12.0000
2.3260,0.7430,0.4980,0.5300,0.2240,0.0000,0.0000,1.0850,1.0000,2.4620,4.3650,1.9940,0.0000,0.0000,0.0000,70.0064,0.0000,4397.0000,1755.0000,0.0000,25.0000,31.0000,24.0000,12.0000
2.4750,0.7120,0.5020,0.4280,0.2220,0.0000,0.0000,1.2610,1.0000,2.4620,4.3650,1.9940,0.0000,0.0000,0.0000,70.0064,0.0000,4397.0000,1755.0000,0.0000,25.0000,31.0000,24.0000,11.0000
2.3730,0.7170,0.4850,0.4440,0.2470,0.0000,0.0000,1.1710,1.0000,2.4620,4.3650,1.9940,0.0000,0.0000,0.0000,70.0064,0.0000,4397.0000,1755.0000,0.0000,25.0000,31.0000,24.0000,11.0000
2.6190,0.6730,0.5090,0.4160,0.2530,0.0000,0.0000,1.4370,1.0000,2.4620,4.3650,1.9940,0.0000,0.0000,0.0000,70.0167,0.0000,4398.0000,1755.0000,0.0000,25.0000,31.0000,24.0000,11.0000
2.5400,0.7080,0.4610,0.4120,0.2380,0.0000,0.0000,1.3710,1.0000,2.4620,4.3650,1.9940,0.0000,0.0000,0.0000,70.0167,0.0000,4398.0000,1755.0000,0.0000,25.0000,31.0000,24.0000,11.0000
2.3750,0.8630,0.4880,0.5850,0.2240,0.0000,0.0000,1.0240,1.0000,2.4620,4.3650,1.9940,0.0000,0.0000,0.0000,70.0167,0.0000,4398.0000,1755.0000,0.0000,25.0000,31.0000,24.0000,11.0000
2.6300,0.6760,0.6400,0.3990,0.3340,0.0000,0.0000,1.3140,1.0000,2.4620,4.3650,1.9940,0.0000,0.0000,0.0000,70.0387,0.0000,4400.0000,1755.0000,0.0000,25.0000,31.0000,24.0000,11.0000
2.6080,0.7650,0.4980,0.4060,0.2560,0.0000,0.0000,1.3450,1.0000,2.4620,4.3650,1.9940,0.0000,0.0000,0.0000,70.0490,0.0000,4401.0000,1755.0000,0.0000,25.0000,31.0000,24.0000,11.0000
2.3160,0.7050,0.4990,0.3840,0.2150,0.0000,0.0000,1.1120,1.0000,2.4620,4.3650,1.9940,0.0000,0.0000,0.0000,70.0490,0.0000,4401.0000,1755.0000,0.0000,25.0000,31.0000,24.0000,11.0000
2.5030,0.7000,0.4650,0.4100,0.2220,0.0000,0.0000,1.3380,1.0000,2.4620,4.3650,1.9940,0.0000,0.0000,0.0000,70.0594,0.0000,4402.0000,1755.0000,0.0000,25.0000,31.0000,24.0000,11.0000
2.8220,0.7360,0.6020,0.4080,0.3500,0.0000,0.0000,1.4840,1.0000,2.4620,4.3650,1.9940,0.0000,0.0000,0.0000,70.0797,0.0000,4404.0000,1755.0000,0.0000,25.0000,31.0000,24.0000,11.0000
2.5170,0.8380,0.5330,0.4600,0.2890,0.0000,0.0000,1.1460,1.0000,2.4620,4.3650,1.9940,0.0000,0.0000,0.0000,70.1000,0.0000,4406.0000,1755.0000,0.0000,25.0000,31.0000,24.0000,11.0000
2.4200,0.7670,0.4630,0.4440,0.2150,0.0000,0.0000,1.1900,1.0000,2.4620,4.3650,1.9940,0.0000,0.0000,0.0000,70.0994,0.0000,4406.0000,1755.0000,0.0000,25.0000,30.0000,24.0000,11.0000
2.4560,0.6950,0.4100,0.3870,0.2060,0.0000,0.0000,1.3510,1.0000,2.4620,4.3650,1.9940,0.0000,0.0000,0.0000,70.1002,0.0000,4406.0000,1755.0000,0.0000,25.0000,31.0000,24.0000,11.0000
4.4320,0.6660,0.5020,0.4070,0.2060,0.0000,0.0000,3.2640,1.0000,2.4620,4.3650,1.9940,0.0000,0.0000,0.0000,70.1105,0.0000,4407.0000,1755.0000,0.0000,25.0000,31.0000,24.0000,11.0000
1.9240,0.6400,0.3470,0.3490,0.1510,0.0000,0.0000,0.9370,1.0000,2.4620,4.3650,1.9940,0.0000,0.0000,0.0000,70.1104,0.0000,4407.0000,1755.0000,0.0000,25.0000,31.0000,24.0000,11.0000
2.1360,0.5360,0.4120,0.3440,0.1910,0.0000,0.0000,1.1880,1.0000,2.4620,4.3650,1.9940,0.0000,0.0000,0.0000,70.1409,0.0000,4410.0000,1755.0000,0.0000,25.0000,31.0000,24.0000,11.0000
2.2190,0.6560,0.3330,0.3020,0.1370,0.0000,0.0000,1.2300,1.0000,2.4620,4.3650,1.9940,0.0000,0.0000,0.0000,69.8683,0.0000,4384.0000,1755.0000,0.0000,25.0000,31.0000,24.0000,12.0000
2.3250,0.8070,0.5030,0.5230,0.2410,0.0000,0.0000,1.0150,1.0000,2.4620,4.3650,1.9940,0.0000,0.0000,0.0000,69.8684,0.0000,4384.0000,1755.0000,0.0000,25.0000,31.0000,24.0000,12.0000
2.3740,0.7080,0.4260,0.4880,0.1820,0.0000,0.0000,1.2400,1.0000,2.4620,4.3650,1.9940,0.0000,0.0000,0.0000,69.8684,0.0000,4384.0000,1755.0000,0.0000,25.0000,31.0000,24.0000,12.0000
2.5140,0.6830,0.4210,0.4210,0.1890,0.0000,0.0000,1.4100,1.0000,2.4620,4.3650,1.9940,0.0000,0.0000,0.0000,69.8684,0.0000,4384.0000,1755.0000,0.0000,25.0000,31.0000,24.0000,12.0000
2.5230,0.7280,0.5260,0.4530,0.2540,0.0000,0.0000,1.2690,1.0000,2.4620,4.3650,1.9940,0.0000,0.0000,0.0000,69.8893,0.0000,4386.0000,1755.0000,0.0000,25.0000,32.0000,24.0000,12.0000
2.4320,0.7450,0.4290,0.4020,0.1930,0.0000,0.0000,1.2580,1.0000,2.4620,4.3650,1.9940,0.0000,0.0000,0.0000,69.8893,0.0000,4386.0000,1755.0000,0.0000,25.0000,32.0000,24.0000,14.0000
2.6070,0.6990,0.4750,0.4820,0.2100,0.0000,0.0000,1.4330,1.0000,2.4620,4.3650,1.9940,0.0000,0.0000,0.0000,69.8894,0.0000,4386.0000,1755.0000,0.0000,25.0000,32.0000,24.0000,15.0000
2.6570,0.8610,0.5220,0.6350,0.2810,0.0000,0.0000,1.2740,1.0000,2.4620,4.3650,1.9940,0.0000,0.0000,0.0000,69.9096,0.0000,4388.0000,1755.0000,0.0000,25.0000,32.0000,24.0000,15.0000
2.5870,0.8110,0.5050,0.4830,0.2330,0.0000,0.0000,1.2710,1.0000,2.4620,4.3650,1.9940,0.0000,0.0000,0.0000,69.9131,0.0000,4389.0000,1755.0000,0.0000,25.0000,32.0000,24.0000,13.0000
2.8650,0.6790,0.4990,0.4280,0.2810,0.0000,0.0000,1.6870,1.0000,2.4620,4.3650,1.9940,0.0000,0.0000,0.0000,69.9326,0.0000,4391.0000,1755.0000,0.0000,25.0000,32.0000,24.0000,14.0000
2.2580,1.0120,0.4490,0.6740,0.2350,0.0000,0.0000,0.7970,1.0000,2.4620,4.3650,1.9940,0.0000,0.0000,0.0000,69.9581,0.0000,4397.0000,1755.0000,0.0000,25.0000,32.0000,24.0000,14.0000
1.9290,0.6480,0.4120,0.3650,0.2210,0.0000,0.0000,0.8690,1.0000,2.4620,4.3650,1.9940,0.0000,0.0000,0.0000,69.9589,0.0000,4397.0000,1755.0000,0.0000,25.0000,33.0000,24.0000,14.0000
1.7160,0.4970,0.3370,0.3080,0.1570,0.0000,0.0000,0.8820,1.0000,2.4620,4.3650,1.9940,0.0000,0.0000,0.0000,69.9590,0.0000,4397.0000,1755.0000,0.0000,25.0000,33.0000,24.0000,14.0000
2.0250,0.4590,0.4070,0.2800,0.2080,0.0000,0.0000,1.1590,1.0000,2.4620,4.3650,1.9940,0.0000,0.0000,0.0000,69.9796,0.0000,4399.0000,1755.0000,0.0000,25.0000,33.0000,24.0000,14.0000
1.9970,0.5920,0.3590,0.3000,0.1510,0.0000,0.0000,1.0460,1.0000,2.4620,4.3650,1.9940,0.0000,0.0000,0.0000,69.9789,0.0000,4399.0000,1755.0000,0.0000,25.0000,32.0000,24.0000,14.0000
2.0690,0.5630,0.4040,0.3650,0.1980,0.0000,0.0000,1.1020,1.0000,2.4620,4.3650,1.9940,0.0000,0.0000,0.0000,69.9992,0.0000,4401.0000,1755.0000,0.0000,25.0000,32.0000,24.0000,14.0000
1.9420,0.5900,0.3530,0.3220,0.1760,0.0000,0.0000,0.9990,1.0000,2.4620,4.3650,1.9940,0.0000,0.0000,0.0000,70.0095,0.0000,4402.0000,1755.0000,0.0000,25.0000,32.0000,24.0000,13.0000
1.7190,0.5650,0.3320,0.3230,0.1440,0.0000,0.0000,0.8220,1.0000,2.4620,4.3650,1.9940,0.0000,0.0000,0.0000,70.0103,0.0000,4402.0000,1755.0000,0.0000,25.0000,33.0000,24.0000,13.0000
1.9120,0.4990,0.3580,0.2930,0.1860,0.0000,0.0000,1.0550,1.0000,2.4620,4.3650,1.9940,0.0000,0.0000,0.0000,70.0214,0.0000,4403.0000,1755.0000,0.0000,25.0000,34.0000,24.0000,13.0000
2.1500,0.5930,0.4110,0.3780,0.2130,0.0000,0.0000,1.1460,1.0000,2.4620,4.3650,1.9940,0.0000,0.0000,0.0000,70.0417,0.0000,4405.0000,1755.0000,0.0000,25.0000,34.0000,24.0000,13.0000
1.9160,0.7170,0.3740,0.3510,0.1930,0.0000,0.0000,0.8250,1.0000,2.4620,4.3650,1.9940,0.0000,0.0000,0.0000,70.0520,0.0000,4406.0000,1755.0000,0.0000,25.0000,34.0000,24.0000,13.0000
1.7310,0.5430,0.3420,0.2800,0.1750,0.0000,0.0000,0.8460,1.0000,2.4620,4.3650,1.9940,0.0000,0.0000,0.0000,70.0521,0.0000,4406.0000,1755.0000,0.0000,25.0000,34.0000,24.0000,13.0000
1.8900,0.5370,0.3830,0.3740,0.1770,0.0000,0.0000,0.9700,1.0000,2.4620,4.3650,1.9940,0.0000,0.0000,0.0000,70.0624,0.0000,4407.0000,1755.0000,0.0000,25.0000,34.0000,24.0000,13.0000
2.6900,0.5820,0.3880,0.3810,0.1980,0.0000,0.0000,1.7200,1.0000,2.4620,4.3650,1.9940,0.0000,0.0000,0.0000,70.0624,0.0000,4407.0000,1755.0000,0.0000,25.0000,34.0000,24.0000,13.0000
2.1060,0.5340,0.3880,0.3400,0.1810,0.0000,0.0000,1.1840,1.0000,2.4620,4.3650,1.9940,0.0000,0.0000,0.0000,70.0727,0.0000,4408.0000,1755.0000,0.0000,25.0000,34.0000,24.0000,13.0000
1.9970,0.5270,0.3240,0.2860,0.1370,0.0000,0.0000,1.1460,1.0000,2.4620,4.3650,1.9940,0.0000,0.0000,0.0000,70.0727,0.0000,4408.0000,1755.0000,0.0000,25.0000,34.0000,24.0000,13.0000
2.0520,0.6120,0.3360,0.2880,0.1620,0.0000,0.0000,1.1040,1.0000,2.4620,4.3650,1.9940,0.0000,0.0000,0.0000,70.0824,0.0000,4409.0000,1755.0000,0.0000,25.0000,33.0000,24.0000,13.0000
2.0180,0.5530,0.3770,0.3060,0.1750,0.0000,0.0000,1.0880,1.0000,2.4620,4.3650,1.9940,0.0000,0.0000,0.0000,70.0928,0.0000,4410.0000,1755.0000,0.0000,25.0000,33.0000,24.0000,13.0000
1.8890,0.5760,0.3320,0.3180,0.1470,0.0000,0.0000,0.9810,1.0000,2.4620,4.3650,1.9940,0.0000,0.0000,0.0000,70.0928,0.0000,4410.0000,1755.0000,0.0000,25.0000,33.0000,24.0000,13.0000
1.8050,0.4930,0.3490,0.2990,0.1410,0.0000,0.0000,0.9630,1.0000,2.4620,4.3650,1.9940,0.0000,0.0000,0.0000,70.0929,0.0000,4410.0000,1755.0000,0.0000,25.0000,33.0000,24.0000,13.0000
1.6730,0.4760,0.3260,0.2790,0.1400,0.0000,0.0000,0.8710,1.0000,2.4620,4.3650,1.9940,0.0000,0.0000,0.0000,70.0936,0.0000,4410.0000,1755.0000,0.0000,25.0000,34.0000,24.0000,13.0000
2.1240,0.5170,0.4640,0.2770,0.2180,0.0000,0.0000,1.1430,1.0000,2.4620,4.3650,1.9940,0.0000,0.0000,0.0000,70.0913,0.0000,4406.0000,1755.0000,0.0000,25.0000,34.0000,24.0000,13.0000
1.8970,0.6280,0.4110,0.2990,0.2010,0.0000,0.0000,0.8580,1.0000,2.4620,4.3650,1.9940,0.0000,0.0000,0.0000,70.1022,0.0000,4407.0000,1755.0000,0.0000,25.0000,35.0000,24.0000,13.0000
1.8280,0.5810,0.3580,0.3050,0.1490,0.0000,0.0000,0.8890,1.0000,2.4620,4.3650,1.9940,0.0000,0.0000,0.0000,70.1022,0.0000,4407.0000,1755.0000,0.0000,25.0000,35.0000,24.0000,13.0000
1.8930,0.5720,0.4320,0.3890,0.2530,0.0000,0.0000,0.8890,1.0000,2.4620,4.3650,1.9940,0.0000,0.0000,0.0000,70.1023,0.0000,4407.0000,1755.0000,0.0000,25.0000,35.0000,24.0000,13.0000
1.7090,0.5310,0.3680,0.3510,0.1840,0.0000,0.0000,0.8100,1.0000,2.4620,4.3650,1.9940,0.0000,0.0000,0.0000,70.1023,0.0000,4407.0000,1755.0000,0.0000,25.0000,35.0000,24.0000,13.0000
1.9520,0.4650,0.3630,0.2740,0.1760,0.0000,0.0000,1.1240,1.0000,2.4620,4.3650,1.9940,0.0000,0.0000,0.0000,70.1225,0.0000,4409.0000,1755.0000,0.0000,25.0000,35.0000,24.0000,13.0000
2.4020,0.5650,0.4040,0.2800,0.2010,0.0000,0.0000,1.4330,1.0000,2.4620,4.3650,1.9940,0.0000,0.0000,0.0000,70.1328,0.0000,4410.0000,1755.0000,0.0000,25.0000,35.0000,24.0000,13.0000
2.8040,0.7310,0.5230,0.4420,0.2510,0.0000,0.0000,1.5500,1.0000,2.4620,4.3650,1.9940,0.0000,0.0000,0.0000,70.1419,0.0000,4410.0000,1755.0000,0.0000,25.0000,35.0000,24.0000,13.0000
1.9740,0.7250,0.3800,0.3800,0.1830,0.0000,0.0000,0.8690,1.0000,2.4620,4.3650,1.9940,0.0000,0.0000,0.0000,70.1522,0.0000,4411.0000,1755.0000,0.0000,25.0000,35.0000,24.0000,13.0000
1.7960,0.5550,0.3450,0.3330,0.1550,0.0000,0.0000,0.8960,1.0000,2.4620,4.3650,1.9940,0.0000,0.0000,0.0000,70.1515,0.0000,4411.0000,1755.0000,0.0000,25.0000,34.0000,24.0000,13.0000
1.9430,0.4490,0.3600,0.2770,0.1650,0.0000,0.0000,1.1340,1.0000,2.4620,4.3650,1.9940,0.0000,0.0000,0.0000,70.1721,0.0000,4413.0000,1755.0000,0.0000,25.0000,34.0000,24.0000,13.0000
1.8550,0.6580,0.3690,0.2980,0.1710,0.0000,0.0000,0.8280,1.0000,2.4620,4.3650,1.9940,0.0000,0.0000,0.0000,70.1824,0.0000,4414.0000,1755.0000,0.0000,25.0000,34.0000,24.0000,13.0000
1.9800,0.5920,0.3770,0.3330,0.1870,0.0000,0.0000,1.0110,1.0000,2.4620,4.3650,1.9940,0.0000,0.0000,0.0000,70.1928,0.0000,4415.0000,1755.0000,0.0000,25.0000,34.0000,24.0000,13.0000
1.8350,0.6520,0.3740,0.3890,0.1510,0.0000,0.0000,0.8090,1.0000,2.4620,4.3650,1.9940,0.0000,0.0000,0.0000,70.1926,0.0000,4415.0000,1755.0000,0.0000,25.0000,34.0000,24.0000,13.0000
1.9200,0.5790,0.4130,0.3130,0.1790,0.0000,0.0000,0.9280,1.0000,2.4620,4.3650,1.9940,0.0000,0.0000,0.0000,70.2014,0.0000,4416.0000,1755.0000,0.0000,25.0000,32.0000,24.0000,13.0000
1.8010,0.6020,0.3770,0.3810,0.1530,0.0000,0.0000,0.8220,1.0000,2.4620,4.3650,1.9940,0.0000,0.0000,0.0000,69.8191,0.0000,4379.0000,1755.0000,0.0000,25.0000,32.0000,24.0000,13.0000
1.7720,0.5170,0.3210,0.3480,0.1410,0.0000,0.0000,0.9340,1.0000,2.4620,4.3650,1.9940,0.0000,0.0000,0.0000,69.8190,0.0000,4379.0000,1755.0000,0.0000,25.0000,32.0000,24.0000,13.0000
1.7460,0.4630,0.2840,0.2860,0.1230,0.0000,0.0000,0.9990,1.0000,2.4620,4.3650,1.9940,0.0000,0.0000,0.0000,69.8190,0.0000,4379.0000,1755.0000,0.0000,25.0000,32.0000,24.0000,13.0000
1.6050,0.5090,0.3170,0.2690,0.1300,0.0000,0.0000,0.7790,1.0000,2.4620,4.3650,1.9940,0.0000,0.0000,0.0000,69.8190,0.0000,4379.0000,1755.0000,0.0000,25.0000,32.0000,24.0000,13.0000
1.7760,0.4700,0.3980,0.3210,0.2150,0.0000,0.0000,0.9080,1.0000,2.4620,4.3650,1.9940,0.0000,0.0000,0.0000,69.8190,0.0000,4379.0000,1755.0000,0.0000,25.0000,32.0000,24.0000,13.0000
1.7520,0.4110,0.3370,0.2630,0.1680,0.0000,0.0000,1.0040,1.0000,2.4620,4.3650,1.9940,0.0000,0.0000,0.0000,69.8293,0.0000,4380.0000,1755.0000,0.0000,25.0000,32.0000,24.0000,12.0000
1.8710,0.4950,0.3080,0.2920,0.1330,0.0000,0.0000,1.0680,1.0000,2.4620,4.3650,1.9940,0.0000,0.0000,0.0000,69.8293,0.0000,4380.0000,1755.0000,0.0000,25.0000,32.0000,24.0000,12.0000
1.8420,0.5670,0.3570,0.3050,0.1500,0.0000,0.0000,0.9180,1.0000,2.4620,4.3650,1.9940,0.0000,0.0000,0.0000,69.8301,0.0000,4380.0000,1755.0000,0.0000,25.0000,33.0000,24.0000,12.0000
1.9630,0.5450,0.3560,0.3470,0.1550,0.0000,0.0000,1.0620,1.0000,2.4620,4.3650,1.9940,0.0000,0.0000,0.0000,69.8301,0.0000,4380.0000,1755.0000,0.0000,25.0000,33.0000,24.0000,12.0000
2.3610,0.5920,0.6510,0.4190,0.3450,0.0000,0.0000,1.1180,1.0000,2.4620,4.3650,1.9940,0.0000,0.0000,0.0000,69.8506,0.0000,4382.0000,1755.0000,0.0000,25.0000,33.0000,24.0000,12.0000
1.7020,0.5150,0.3060,0.2650,0.1310,0.0000,0.0000,0.8810,1.0000,2.4620,4.3650,1.9940,0.0000,0.0000,0.0000,69.8506,0.0000,4382.0000,1755.0000,0.0000,25.0000,33.0000,24.0000,12.0000
1.9120,0.5200,0.3420,0.2770,0.1600,0.0000,0.0000,1.0500,1.0000,2.4620,4.3650,1.9940,0.0000,0.0000,0.0000,69.8507,0.0000,4382.0000,1755.0000,0.0000,25.0000,33.0000,24.0000,12.0000
1.9420,0.5590,0.4250,0.4060,0.1930,0.0000,0.0000,0.9580,1.0000,2.4620,4.3650,1.9940,0.0000,0.0000,0.0000,69.8507,0.0000,4382.0000,1755.0000,0.0000,25.0000,33.0000,24.0000,11.0000
2.0720,0.5620,0.3800,0.3850,0.1870,0.0000,0.0000,1.1300,1.0000,2.4620,4.3650,1.9940,0.0000,0.0000,0.0000,69.8610,0.0000,4383.0000,1755.0000,0.0000,25.0000,33.0000,24.0000,11.0000
1.9430,0.6360,0.4050,0.4510,0.1790,0.0000,0.0000,0.9020,1.0000,2.4620,4.3650,1.9940,0.0000,0.0000,0.0000,69.8812,0.0000,4385.0000,1755.0000,0.0000,25.0000,33.0000,24.0000,11.0000
1.9880,0.6390,0.3900,0.3930,0.1870,0.0000,0.0000,0.9590,1.0000,2.4620,4.3650,1.9940,0.0000,0.0000,0.0000,69.8915,0.0000,4386.0000,1755.0000,0.0000,25.0000,33.0000,24.0000,11.0000
2.0030,0.5210,0.4150,0.3150,0.1730,0.0000,0.0000,1.0670,1.0000,2.4620,4.3650,1.9940,0.0000,0.0000,0.0000,69.9019,0.0000,4387.0000,1755.0000,0.0000,25.0000,33.0000,24.0000,11.0000
1.8020,0.6230,0.3760,0.4230,0.1580,0.0000,0.0000,0.8030,1.0000,2.4620,4.3650,1.9940,0.0000,0.0000,0.0000,69.9019,0.0000,4387.0000,1755.0000,0.0000,25.0000,33.0000,24.0000,11.0000
1.8970,0.4740,0.3820,0.3200,0.2180,0.0000,0.0000,1.0410,1.0000,2.4620,4.3650,1.9940,0.0000,0.0000,0.0000,69.9425,0.0000,4391.0000,1755.0000,0.0000,25.0000,33.0000,24.0000,11.0000
2.8260,0.5810,0.3040,0.2910,0.1350,0.0000,0.0000,1.9410,1.0000,2.4620,4.3650,1.9940,0.0000,0.0000,0.0000,69.9426,0.0000,4391.0000,1755.0000,0.0000,25.0000,33.0000,24.0000,11.0000
2.5350,0.4310,0.4280,0.2620,0.2100,0.0000,0.0000,1.6760,1.0000,2.4620,4.3650,1.9940,0.0000,0.0000,0.0000,69.9631,0.0000,4393.0000,1755.0000,0.0000,25.0000,33.0000,24.0000,10.0000
2.3020,0.6930,0.4230,0.4020,0.1700,0.0000,0.0000,1.1860,1.0000,2.4620,4.3650,1.9940,0.0000,0.0000,0.0000,69.9631,0.0000,4393.0000,1755.0000,0.0000,25.0000,33.0000,24.0000,10.0000
2.0730,0.6620,0.4000,0.4670,0.1660,0.0000,0.0000,1.0110,1.0000,2.4620,4.3650,1.9940,0.0000,0.0000,0.0000,69.9633,0.0000,4393.0000,1755.0000,0.0000,25.0000,33.0000,24.0000,10.0000
2.0840,0.5730,0.3800,0.3450,0.1790,0.0000,0.0000,1.1310,1.0000,2.4620,4.3650,1.9940,0.0000,0.0000,0.0000,69.9633,0.0000,4393.0000,1755.0000,0.0000,25.0000,33.0000,24.0000,10.0000
2.0360,0.5900,0.3870,0.3560,0.1800,0.0000,0.0000,1.0590,1.0000,2.4620,4.3650,1.9940,0.0000,0.0000,0.0000,69.9633,0.0000,4393.0000,1755.0000,0.0000,25.0000,33.0000,24.0000,10.0000
2.9130,0.5860,0.3740,0.3630,0.1650,0.0000,0.0000,1.9530,1.0000,2.4620,4.3650,1.9940,0.0000,0.0000,0.0000,69.9633,0.0000,4393.0000,1755.0000,0.0000,25.0000,33.0000,24.0000,10.0000
3.9190,0.5540,0.9070,0.3440,0.5360,0.0000,0.0000,2.4580,1.0000,2.4620,4.3650,1.9940,0.0000,0.0000,0.0000,69.9639,0.0000,4393.0000,1755.0000,0.0000,25.0000,34.0000,24.0000,10.0000
3.3360,1.1740,0.6790,0.7040,0.3770,0.0000,0.0000,1.4830,1.0000,2.4620,4.3650,1.9940,0.0000,0.0000,0.0000,69.9742,0.0000,4394.0000,1755.0000,0.0000,25.0000,34.0000,24.0000,11.0000
5.1170,1.0630,1.0630,0.7140,0.5250,0.0000,0.0000,2.9910,1.0000,2.4620,4.3650,1.9940,0.0000,0.0000,0.0000,69.9838,0.0000,4395.0000,1755.0000,0.0000,25.0000,33.0000,24.0000,10.0000
4.5260,1.8060,0.7470,1.1790,0.3330,0.0000,0.0000,1.9730,1.0000,2.4620,4.3650,1.9940,0.0000,0.0000,0.0000,69.9837,0.0000,4395.0000,1755.0000,0.0000,25.0000,33.0000,24.0000,9.0000
4.0870,1.7060,0.8520,1.2450,0.4770,0.0000,0.0000,1.5290,1.0000,2.4620,4.3650,1.9940,0.0000,0.0000,0.0000,69.9837,0.0000,4395.0000,1755.0000,0.0000,25.0000,33.0000,24.0000,9.0000
3.4590,1.1240,0.9000,0.7120,0.5060,0.0000,0.0000,1.4350,1.0000,2.4620,4.3650,1.9940,0.0000,0.0000,0.0000,69.9837,0.0000,4395.0000,1755.0000,0.0000,25.0000,33.0000,24.0000,9.0000
2.7150,0.6750,0.6760,0.3880,0.3730,0.0000,0.0000,1.3640,1.0000,2.4620,4.3650,1.9940,0.0000,0.0000,0.0000,70.0042,0.0000,4397.0000,1755.0000,0.0000,25.0000,33.0000,24.0000,10.0000
3.1040,0.7530,0.4890,0.4070,0.2460,0.0000,0.0000,1.8620,1.0000,2.4620,4.3650,1.9940,0.0000,0.0000,0.0000,70.0042,0.0000,4397.0000,1755.0000,0.0000,25.0000,33.0000,24.0000,10.0000
3.9480,1.0560,0.8320,0.7180,0.3420,0.0000,0.0000,2.0600,1.0000,2.4620,4.3650,1.9940,0.0000,0.0000,0.0000,70.0043,0.0000,4397.0000,1755.0000,0.0000,25.0000,33.0000,24.0000,9.0000
3.8210,1.1820,0.8480,0.7740,0.3620,0.0000,0.0000,1.7910,1.0000,2.4620,4.3650,1.9940,0.0000,0.0000,0.0000,70.0045,0.0000,4397.0000,1755.0000,0.0000,25.0000,33.0000,24.0000,9.0000
2.7640,1.1880,0.5560,0.7500,0.3000,0.0000,0.0000,1.0200,1.0000,2.4620,4.3650,1.9940,0.0000,0.0000,0.0000,70.0147,0.0000,4398.0000,1755.0000,0.0000,25.0000,33.0000,24.0000,9.0000
2.1920,0.7670,0.4130,0.3930,0.1830,0.0000,0.0000,1.0120,1.0000,2.4620,4.3650,1.9940,0.0000,0.0000,0.0000,70.0143,0.0000,4398.0000,1755.0000,0.0000,25.0000,33.0000,24.0000,9.0000
2.2220,0.6480,0.4390,0.3800,0.2070,0.0000,0.0000,1.1350,1.0000,2.4620,4.3650,1.9940,0.0000,0.0000,0.0000,69.7853,0.0000,4376.0000,1755.0000,0.0000,25.0000,33.0000,24.0000,9.0000
2.3280,0.6190,0.4890,0.4070,0.2680,0.0000,0.0000,1.2200,1.0000,2.4620,4.3650,1.9940,0.0000,0.0000,0.0000,69.8055,0.0000,4378.0000,1755.0000,0.0000,25.0000,33.0000,24.0000,9.0000
1.9840,0.8470,0.4880,0.4880,0.1800,0.0000,0.0000,0.6490,1.0000,2.4620,4.3650,1.9940,0.0000,0.0000,0.0000,69.8049,0.0000,4378.0000,1755.0000,0.0000,25.0000,32.0000,24.0000,9.0000
2.1970,0.5910,0.4430,0.3980,0.2160,0.0000,0.0000,1.1630,1.0000,2.4620,4.3650,1.9940,0.0000,0.0000,0.0000,69.8255,0.0000,4380.0000,1755.0000,0.0000,25.0000,32.0000,24.0000,9.0000
1.9680,0.7660,0.4420,0.3690,0.1840,0.0000,0.0000,0.7600,1.0000,2.4620,4.3650,1.9940,0.0000,0.0000,0.0000,69.8255,0.0000,4380.0000,1755.0000,0.0000,25.0000,32.0000,24.0000,10.0000
2.2040,0.5810,0.4080,0.3380,0.1970,0.0000,0.0000,1.2150,1.0000,2.4620,4.3650,1.9940,0.0000,0.0000,0.0000,69.8366,0.0000,4381.0000,1755.0000,0.0000,25.0000,33.0000,24.0000,9.0000
1.9550,0.7940,0.4050,0.4470,0.1710,0.0000,0.0000,0.7560,1.0000,2.4620,4.3650,1.9940,0.0000,0.0000,0.0000,69.8366,0.0000,4381.0000,1755.0000,0.0000,25.0000,33.0000,24.0000,9.0000
2.1940,0.5500,0.4010,0.3420,0.2030,0.0000,0.0000,1.2430,1.0000,2.4620,4.3650,1.9940,0.0000,0.0000,0.0000,69.8569,0.0000,4383.0000,1755.0000,0.0000,25.0000,33.0000,24.0000,9.0000
1.9150,0.6990,0.3740,0.3660,0.1630,0.0000,0.0000,0.8420,1.0000,2.4620,4.3650,1.9940,0.0000,0.0000,0.0000,69.8569,0.0000,4383.0000,1755.0000,0.0000,25.0000,33.0000,24.0000,9.0000
1.7990,0.5470,0.3450,0.3330,0.1520,0.0000,0.0000,0.9070,1.0000,2.4620,4.3650,1.9940,0.0000,0.0000,0.0000,69.8570,0.0000,4383.0000,1755.0000,0.0000,25.0000,33.0000,24.0000,9.0000
1.8140,0.5560,0.3610,0.3220,0.1560,0.0000,0.0000,0.8970,1.0000,2.4620,4.3650,1.9940,0.0000,0.0000,0.0000,69.8570,0.0000,4383.0000,1755.0000,0.0000,25.0000,33.0000,24.0000,10.0000
1.8370,0.5690,0.4240,0.3920,0.1910,0.0000,0.0000,0.8440,1.0000,2.4620,4.3650,1.9940,0.0000,0.0000,0.0000,69.8570,0.0000,4383.0000,1755.0000,0.0000,25.0000,33.0000,24.0000,9.0000
1.9750,0.6210,0.4640,0.4400,0.2760,0.0000,0.0000,0.8900,1.0000,2.4620,4.3650,1.9940,0.0000,0.0000,0.0000,69.8666,0.0000,4384.0000,1755.0000,0.0000,25.0000,32.0000,24.0000,10.0000
1.8640,0.6670,0.4030,0.4420,0.2020,0.0000,0.0000,0.7940,1.0000,2.4620,4.3650,1.9940,0.0000,0.0000,0.0000,69.8666,0.0000,4384.0000,1755.0000,0.0000,25.0000,32.0000,24.0000,10.0000
1.8690,0.5630,0.4190,0.3840,0.2140,0.0000,0.0000,0.8870,1.0000,2.4620,4.3650,1.9940,0.0000,0.0000,0.0000,69.8666,0.0000,4384.0000,1755.0000,0.0000,25.0000,32.0000,24.0000,10.0000
1.8130,0.5410,0.3360,0.3430,0.1540,0.0000,0.0000,0.9360,1.0000,2.4620,4.3650,1.9940,0.0000,0.0000,0.0000,69.8666,0.0000,4384.0000,1755.0000,0.0000,25.0000,32.0000,24.0000,9.0000
1.7340,0.5530,0.3660,0.3150,0.1620,0.0000,0.0000,0.8150,1.0000,2.4620,4.3650,1.9940,0.0000,0.0000,0.0000,69.8673,0.0000,4384.0000,1755.0000,0.0000,25.0000,33.0000,24.0000,10.0000
1.9090,0.5120,0.4100,0.3180,0.2050,0.0000,0.0000,0.9870,1.0000,2.4620,4.3650,1.9940,0.0000,0.0000,0.0000,69.8875,0.0000,4386.0000,1755.0000,0.0000,25.0000,33.0000,24.0000,10.0000
1.8900,0.6430,0.4470,0.3280,0.1760,0.0000,0.0000,0.8000,1.0000,2.4620,4.3650,1.9940,0.0000,0.0000,0.0000,69.8875,0.0000,4386.0000,1755.0000,0.0000,25.0000,33.0000,24.0000,10.0000
1.7900,0.6020,0.4090,0.3800,0.1790,0.0000,0.0000,0.7790,1.0000,2.4620,4.3650,1.9940,0.0000,0.0000,0.0000,69.8883,0.0000,4386.0000,1755.0000,0.0000,25.0000,34.0000,24.0000,10.0000
1.8200,0.5560,0.4040,0.3750,0.1900,0.0000,0.0000,0.8600,1.0000,2.4620,4.3650,1.9940,0.0000,0.0000,0.0000,69.8890,0.0000,4386.0000,1755.0000,0.0000,25.0000,35.0000,24.0000,10.0000
1.8360,0.5010,0.3820,0.3190,0.1950,0.0000,0.0000,0.9530,1.0000,2.4620,4.3650,1.9940,0.0000,0.0000,0.0000,69.8986,0.0000,4387.0000,1755.0000,0.0000,25.0000,34.0000,24.0000,10.0000
1.7690,0.5570,0.3430,0.3170,0.1520,0.0000,0.0000,0.8690,1.0000,2.4620,4.3650,1.9940,0.0000,0.0000,0.0000,69.8986,0.0000,4387.0000,1755.0000,0.0000,25.0000,34.0000,24.0000,10.0000
1.7390,0.6200,0.3680,0.3510,0.1590,0.0000,0.0000,0.7510,1.0000,2.4620,4.3650,1.9940,0.0000,0.0000,0.0000,69.8993,0.0000,4387.0000,1755.0000,0.0000,25.0000,35.0000,24.0000,10.0000
1.9400,0.5690,0.4320,0.3920,0.2320,0.0000,0.0000,0.9390,1.0000,2.4620,4.3650,1.9940,0.0000,0.0000,0.0000,69.9096,0.0000,4388.0000,1755.0000,0.0000,25.0000,35.0000,24.0000,10.0000
1.9070,0.6780,0.4480,0.4530,0.2400,0.0000,0.0000,0.7810,1.0000,2.4620,4.3650,1.9940,0.0000,0.0000,0.0000,69.9199,0.0000,4389.0000,1755.0000,0.0000,25.0000,35.0000,24.0000,10.0000
2.1510,0.6230,0.4500,0.3910,0.2480,0.0000,0.0000,1.0780,1.0000,2.4620,4.3650,1.9940,0.0000,0.0000,0.0000,69.9405,0.0000,4391.0000,1755.0000,0.0000,25.0000,35.0000,24.0000,10.0000
1.9120,0.7950,0.4600,0.4650,0.2090,0.0000,0.0000,0.6570,1.0000,2.4620,4.3650,1.9940,0.0000,0.0000,0.0000,69.9405,0.0000,4391.0000,1755.0000,0.0000,25.0000,35.0000,24.0000,10.0000
2.1550,0.5850,0.4480,0.3920,0.2460,0.0000,0.0000,1.1220,1.0000,2.4620,4.3650,1.9940,0.0000,0.0000,0.0000,69.9613,0.0000,4393.0000,1755.0000,0.0000,25.0000,35.0000,24.0000,10.0000
1.8460,0.7790,0.4280,0.4390,0.1770,0.0000,0.0000,0.6390,1.0000,2.4620,4.3650,1.9940,0.0000,0.0000,0.0000,69.9613,0.0000,4393.0000,1755.0000,0.0000,25.0000,35.0000,24.0000,10.0000
2.0230,0.5750,0.4690,0.3830,0.2520,0.0000,0.0000,0.9790,1.0000,2.4620,4.3650,1.9940,0.0000,0.0000,0.0000,69.9717,0.0000,4394.0000,1755.0000,0.0000,25.0000,35.0000,24.0000,10.0000
2.0140,0.6820,0.4520,0.4330,0.2630,0.0000,0.0000,0.8800,1.0000,2.4620,4.3650,1.9940,0.0000,0.0000,0.0000,69.9727,0.0000,4394.0000,1755.0000,0.0000,25.0000,36.0000,24.0000,10.0000
1.8740,0.6110,0.4090,0.4050,0.2130,0.0000,0.0000,0.8540,1.0000,2.4620,4.3650,1.9940,0.0000,0.0000,0.0000,69.9727,0.0000,4394.0000,1755.0000,0.0000,25.0000,36.0000,24.0000,10.0000
1.8670,0.5440,0.4100,0.3670,0.2040,0.0000,0.0000,0.9130,1.0000,2.4620,4.3650,1.9940,0.0000,0.0000,0.0000,69.9727,0.0000,4394.0000,1755.0000,0.0000,25.0000,36.0000,24.0000,10.0000
1.7670,0.5510,0.3550,0.3610,0.1600,0.0000,0.0000,0.8610,1.0000,2.4620,4.3650,1.9940,0.0000,0.0000,0.0000,69.9713,0.0000,4394.0000,1755.0000,0.0000,25.0000,34.0000,24.0000,10.0000
1.9990,0.5110,0.4070,0.3100,0.2100,0.0000,0.0000,1.0810,1.0000,2.4620,4.3650,1.9940,0.0000,0.0000,0.0000,69.9712,0.0000,4394.0000,1755.0000,0.0000,25.0000,34.0000,24.0000,11.0000
1.9870,0.6080,0.4020,0.3980,0.2040,0.0000,0.0000,0.9770,1.0000,2.4620,4.3650,1.9940,0.0000,0.0000,0.0000,69.9915,0.0000,4396.0000,1755.0000,0.0000,25.0000,34.0000,24.0000,11.0000
1.8970,0.6160,0.4130,0.3160,0.1990,0.0000,0.0000,0.8680,1.0000,2.4620,4.3650,1.9940,0.0000,0.0000,0.0000,69.9916,0.0000,4396.0000,1755.0000,0.0000,25.0000,34.0000,24.0000,11.0000
1.7350,0.5450,0.3650,0.3240,0.1560,0.0000,0.0000,0.8250,1.0000,2.4620,4.3650,1.9940,0.0000,0.0000,0.0000,69.9924,0.0000,4396.0000,1755.0000,0.0000,25.0000,35.0000,24.0000,11.0000
1.8060,0.5640,0.4310,0.3830,0.1750,0.0000,0.0000,0.8110,1.0000,2.4620,4.3650,1.9940,0.0000,0.0000,0.0000,69.9924,0.0000,4396.0000,1755.0000,0.0000,25.0000,35.0000,24.0000,11.0000
1.7970,0.5640,0.3860,0.3770,0.1960,0.0000,0.0000,0.8470,1.0000,2.4620,4.3650,1.9940,0.0000,0.0000,0.0000,69.9924,0.0000,4396.0000,1755.0000,0.0000,25.0000,35.0000,24.0000,11.0000
1.8790,0.5280,0.3900,0.3220,0.1910,0.0000,0.0000,0.9610,1.0000,2.4620,4.3650,1.9940,0.0000,0.0000,0.0000,69.9924,0.0000,4396.0000,1755.0000,0.0000,25.0000,35.0000,24.0000,11.0000
1.8030,0.5150,0.3720,0.3240,0.1810,0.0000,0.0000,0.9160,1.0000,2.4620,4.3650,1.9940,0.0000,0.0000,0.0000,69.9924,0.0000,4396.0000,1755.0000,0.0000,25.0000,35.0000,24.0000,10.0000
1.9580,0.5500,0.4200,0.3400,0.2230,0.0000,0.0000,0.9880,1.0000,2.4620,4.3650,1.9940,0.0000,0.0000,0.0000,70.0136,0.0000,4398.0000,1755.0000,0.0000,25.0000,36.0000,24.0000,10.0000
2.0520,0.6820,0.4760,0.3190,0.2340,0.0000,0.0000,0.8940,1.0000,2.4620,4.3650,1.9940,0.0000,0.0000,0.0000,70.0338,0.0000,4400.0000,1755.0000,0.0000,25.0000,36.0000,24.0000,10.0000
1.9460,0.6640,0.4040,0.3240,0.1930,0.0000,0.0000,0.8780,1.0000,2.4620,4.3650,1.9940,0.0000,0.0000,0.0000,70.0449,0.0000,4401.0000,1755.0000,0.0000,25.0000,37.0000,24.0000,10.0000
1.8280,0.6810,0.3770,0.3290,0.1640,0.0000,0.0000,0.7700,1.0000,2.4620,4.3650,1.9940,0.0000,0.0000,0.0000,70.0451,0.0000,4401.0000,1755.0000,0.0000,25.0000,37.0000,24.0000,11.0000
1.9810,0.6330,0.4310,0.4000,0.2040,0.0000,0.0000,0.9170,1.0000,2.4620,4.3650,1.9940,0.0000,0.0000,0.0000,70.0554,0.0000,4402.0000,1755.0000,0.0000,25.0000,37.0000,24.0000,11.0000
1.9570,0.6930,0.4580,0.4590,0.2290,0.0000,0.0000,0.8060,1.0000,2.4620,4.3650,1.9940,0.0000,0.0000,0.0000,70.0757,0.0000,4404.0000,1755.0000,0.0000,25.0000,37.0000,24.0000,11.0000
2.0500,0.6590,0.4700,0.3370,0.2220,0.0000,0.0000,0.9210,1.0000,2.4620,4.3650,1.9940,0.0000,0.0000,0.0000,70.0951,0.0000,4406.0000,1755.0000,0.0000,25.0000,36.0000,24.0000,11.0000
1.8120,0.7110,0.4100,0.4340,0.1840,0.0000,0.0000,0.6910,1.0000,2.4620,4.3650,1.9940,0.0000,0.0000,0.0000,70.0950,0.0000,4406.0000,1755.0000,0.0000,25.0000,36.0000,24.0000,11.0000
2.1060,0.5850,0.4340,0.3990,0.2490,0.0000,0.0000,1.0870,1.0000,2.4620,4.3650,1.9940,0.0000,0.0000,0.0000,69.7760,0.0000,4375.0000,1755.0000,0.0000,25.0000,36.0000,24.0000,11.0000
1.9010,0.7700,0.4350,0.5190,0.2060,0.0000,0.0000,0.6960,1.0000,2.4620,4.3650,1.9940,0.0000,0.0000,0.0000,69.7876,0.0000,4376.0000,1755.0000,0.0000,25.0000,36.0000,24.0000,12.0000
2.0180,0.6210,0.4010,0.3920,0.2170,0.0000,0.0000,0.9960,1.0000,2.4620,4.3650,1.9940,0.0000,0.0000,0.0000,69.7876,0.0000,4376.0000,1755.0000,0.0000,25.0000,36.0000,24.0000,12.0000
1.8930,0.7220,0.4300,0.4960,0.2390,0.0000,0.0000,0.7410,1.0000,2.4620,4.3650,1.9940,0.0000,0.0000,0.0000,69.7877,0.0000,4376.0000,1755.0000,0.0000,25.0000,36.0000,24.0000,13.0000
2.2780,0.5830,0.4260,0.3830,0.2410,0.0000,0.0000,1.2690,1.0000,2.4620,4.3650,1.9940,0.0000,0.0000,0.0000,69.7969,0.0000,4377.0000,1755.0000,0.0000,25.0000,35.0000,24.0000,13.0000
1.9850,0.9530,0.5020,0.7280,0.2170,0.0000,0.0000,0.5300,1.0000,2.4620,4.3650,1.9940,0.0000,0.0000,0.0000,69.7969,0.0000,4377.0000,1755.0000,0.0000,25.0000,35.0000,24.0000,13.0000
1.9550,0.5920,0.4060,0.3410,0.1760,0.0000,0.0000,0.9570,1.0000,4.9050,8.5080,6.6670,0.0000,0.0000,0.0000,69.7970,0.0000,4377.0000,1755.0000,0.0000,25.0000,35.0000,24.0000,13.0000
1.8460,0.6350,0.4290,0.4540,0.1790,0.0000,0.0000,0.7820,1.0000,4.9050,8.5080,6.6670,0.0000,0.0000,0.0000,69.7970,0.0000,4377.0000,1755.0000,0.0000,25.0000,35.0000,24.0000,13.0000
1.9220,0.5740,0.4230,0.3860,0.2340,0.0000,0.0000,0.9250,1.0000,4.9050,8.5080,6.6670,0.0000,0.0000,0.0000,69.8079,0.0000,4378.0000,1755.0000,0.0000,25.0000,34.0000,24.0000,13.0000
1.8120,0.5930,0.4080,0.3690,0.1980,0.0000,0.0000,0.8110,1.0000,4.9050,8.5080,6.6670,0.0000,0.0000,0.0000,69.8079,0.0000,4378.0000,1755.0000,0.0000,25.0000,34.0000,24.0000,13.0000
2.1170,0.5030,0.4180,0.3240,0.2030,0.0000,0.0000,1.1960,1.0000,4.9050,8.5080,6.6670,0.0000,0.0000,0.0000,69.8182,0.0000,4379.0000,1755.0000,0.0000,25.0000,34.0000,24.0000,12.0000
1.9560,0.6090,0.3580,0.3750,0.1600,0.0000,0.0000,0.9890,1.0000,4.9050,8.5080,6.6670,0.0000,0.0000,0.0000,69.8182,0.0000,4379.0000,1755.0000,0.0000,25.0000,34.0000,24.0000,12.0000
1.9170,0.5800,0.3590,0.3670,0.1580,0.0000,0.0000,0.9780,1.0000,4.9050,8.5080,6.6670,0.0000,0.0000,0.0000,69.8183,0.0000,4379.0000,1755.0000,0.0000,25.0000,34.0000,24.0000,12.0000
1.9620,0.5320,0.4000,0.3340,0.2070,0.0000,0.0000,1.0300,1.0000,4.9050,8.5080,6.6670,0.0000,0.0000,0.0000,69.8286,0.0000,4380.0000,1755.0000,0.0000,25.0000,34.0000,24.0000,12.0000
1.9480,0.5770,0.3700,0.3430,0.1640,0.0000,0.0000,1.0010,1.0000,4.9050,8.5080,6.6670,0.0000,0.0000,0.0000,69.8286,0.0000,4380.0000,1755.0000,0.0000,25.0000,34.0000,24.0000,12.0000
1.9710,0.5410,0.4360,0.3360,0.2050,0.0000,0.0000,0.9940,1.0000,4.9050,8.5080,6.6670,0.0000,0.0000,0.0000,69.8286,0.0000,4380.0000,1755.0000,0.0000,25.0000,34.0000,24.0000,12.0000
2.1240,0.5850,0.4040,0.3730,0.2030,0.0000,0.0000,1.1350,1.0000,4.9050,8.5080,6.6670,0.0000,0.0000,0.0000,69.8388,0.0000,4381.0000,1755.0000,0.0000,25.0000,34.0000,24.0000,13.0000
2.1160,0.6590,0.4700,0.4120,0.2240,0.0000,0.0000,0.9870,1.0000,4.9050,8.5080,6.6670,0.0000,0.0000,0.0000,69.8591,0.0000,4383.0000,1755.0000,0.0000,25.0000,34.0000,24.0000,13.0000
2.1190,0.6300,0.3730,0.3560,0.1710,0.0000,0.0000,1.1160,1.0000,4.9050,8.5080,6.6670,0.0000,0.0000,0.0000,69.8599,0.0000,4383.0000,1755.0000,0.0000,25.0000,35.0000,24.0000,13.0000
2.3730,0.5380,0.4630,0.3430,0.2740,0.0000,0.0000,1.3720,1.0000,4.9050,8.5080,6.6670,0.0000,0.0000,0.0000,69.8909,0.0000,4386.0000,1755.0000,0.0000,25.0000,35.0000,24.0000,13.0000
2.1240,0.8020,0.3920,0.4660,0.1650,0.0000,0.0000,0.9300,1.0000,4.9050,8.5080,6.6670,0.0000,0.0000,0.0000,69.8915,0.0000,4386.0000,1755.0000,0.0000,25.0000,36.0000,24.0000,12.0000
2.6160,0.6450,0.4710,0.4050,0.2420,0.0000,0.0000,1.5000,1.0000,4.9050,8.5080,6.6670,0.0000,0.0000,0.0000,69.9321,0.0000,4390.0000,1755.0000,0.0000,25.0000,36.0000,24.0000,12.0000
2.8300,0.7940,0.7560,0.3830,0.5260,0.0000,0.0000,1.2800,1.0000,4.9050,8.5080,6.6670,0.0000,0.0000,0.0000,69.9321,0.0000,4390.0000,1755.0000,0.0000,25.0000,36.0000,24.0000,12.0000
2.6970,0.6650,0.5120,0.3760,0.2840,0.0000,0.0000,1.5200,1.0000,4.9050,8.5080,6.6670,0.0000,0.0000,0.0000,69.9526,0.0000,4392.0000,1755.0000,0.0000,25.0000,36.0000,24.0000,12.0000
2.1760,0.7810,0.4080,0.4920,0.1780,0.0000,0.0000,0.9870,1.0000,4.9050,8.5080,6.6670,0.0000,0.0000,0.0000,69.9533,0.0000,4392.0000,1755.0000,0.0000,25.0000,37.0000,24.0000,12.0000
2.1370,0.5800,0.3970,0.3680,0.1810,0.0000,0.0000,1.1600,1.0000,4.9050,8.5080,6.6670,0.0000,0.0000,0.0000,69.9534,0.0000,4392.0000,1755.0000,0.0000,25.0000,37.0000,24.0000,12.0000
2.0310,0.5430,0.4110,0.3320,0.2080,0.0000,0.0000,1.0770,1.0000,4.9050,8.5080,6.6670,0.0000,0.0000,0.0000,69.9534,0.0000,4392.0000,1755.0000,0.0000,25.0000,37.0000,24.0000,12.0000
2.4700,0.5170,0.5630,0.3290,0.3560,0.0000,0.0000,1.3900,1.0000,4.9050,8.5080,6.6670,0.0000,0.0000,0.0000,69.9839,0.0000,4395.0000,1755.0000,0.0000,25.0000,37.0000,24.0000,12.0000
2.3170,0.7950,0.4500,0.4770,0.2320,0.0000,0.0000,1.0720,1.0000,4.9050,8.5080,6.6670,0.0000,0.0000,0.0000,70.0042,0.0000,4397.0000,1755.0000,0.0000,25.0000,37.0000,24.0000,12.0000
2.2220,0.6760,0.4170,0.3220,0.2010,0.0000,0.0000,1.1290,1.0000,4.9050,8.5080,6.6670,0.0000,0.0000,0.0000,70.0161,0.0000,4398.0000,1755.0000,0.0000,25.0000,37.0000,24.0000,12.0000
2.1870,0.6640,0.4120,0.3700,0.2120,0.0000,0.0000,1.1110,1.0000,4.9050,8.5080,6.6670,0.0000,0.0000,0.0000,70.0162,0.0000,4398.0000,1755.0000,0.0000,25.0000,37.0000,24.0000,12.0000
2.1970,0.5900,0.4710,0.3920,0.1900,0.0000,0.0000,1.1360,1.0000,4.9050,8.5080,6.6670,0.0000,0.0000,0.0000,70.0163,0.0000,4398.0000,1755.0000,0.0000,25.0000,37.0000,24.0000,12.0000
2.2250,0.6900,0.4130,0.4460,0.1830,0.0000,0.0000,1.1220,1.0000,4.9050,8.5080,6.6670,0.0000,0.0000,0.0000,70.0163,0.0000,4398.0000,1755.0000,0.0000,25.0000,37.0000,24.0000,12.0000
2.2470,0.7110,0.4680,0.4090,0.1930,0.0000,0.0000,1.0680,1.0000,4.9050,8.5080,6.6670,0.0000,0.0000,0.0000,70.0170,0.0000,4398.0000,1755.0000,0.0000,25.0000,38.0000,24.0000,12.0000
2.1790,0.6400,0.4240,0.4030,0.1790,0.0000,0.0000,1.1150,1.0000,4.9050,8.5080,6.6670,0.0000,0.0000,0.0000,70.0170,0.0000,4398.0000,1755.0000,0.0000,25.0000,38.0000,24.0000,12.0000
2.0620,0.6150,0.4300,0.3940,0.2100,0.0000,0.0000,1.0170,1.0000,4.9050,8.5080,6.6670,0.0000,0.0000,0.0000,70.0170,0.0000,4398.0000,1755.0000,0.0000,25.0000,38.0000,24.0000,12.0000
2.1890,0.5990,0.4550,0.3960,0.2570,0.0000,0.0000,1.1350,1.0000,4.9050,8.5080,6.6670,0.0000,0.0000,0.0000,70.0163,0.0000,4398.0000,1755.0000,0.0000,25.0000,37.0000,24.0000,12.0000
2.0820,0.6840,0.4330,0.4650,0.1670,0.0000,0.0000,0.9650,1.0000,4.9050,8.5080,6.6670,0.0000,0.0000,0.0000,70.0163,0.0000,4398.0000,1755.0000,0.0000,25.0000,37.0000,24.0000,12.0000
2.2010,0.6240,0.4520,0.4090,0.2030,0.0000,0.0000,1.1250,1.0000,4.9050,8.5080,6.6670,0.0000,0.0000,0.0000,70.0163,0.0000,4398.0000,1755.0000,0.0000,25.0000,37.0000,24.0000,12.0000
2.2110,0.6180,0.4150,0.3480,0.1860,0.0000,0.0000,1.1780,1.0000,4.9050,8.5080,6.6670,0.0000,0.0000,0.0000,70.0273,0.0000,4399.0000,1755.0000,0.0000,25.0000,38.0000,24.0000,12.0000
2.3430,0.6330,0.4320,0.3440,0.2280,0.0000,0.0000,1.2780,1.0000,4.9050,8.5080,6.6670,0.0000,0.0000,0.0000,70.0375,0.0000,4400.0000,1755.0000,0.0000,25.0000,38.0000,24.0000,12.0000
2.4360,0.6120,0.5080,0.3330,0.2400,0.0000,0.0000,1.3160,1.0000,4.9050,8.5080,6.6670,0.0000,0.0000,0.0000,70.0578,0.0000,4402.0000,1755.0000,0.0000,25.0000,38.0000,24.0000,12.0000
2.3720,0.8320,0.4350,0.3610,0.2190,0.0000,0.0000,1.1050,1.0000,4.9050,8.5080,6.6670,0.0000,0.0000,0.0000,70.0979,0.0000,4406.0000,1755.0000,0.0000,25.0000,37.0000,24.0000,12.0000
2.2080,0.7860,0.4290,0.3650,0.2060,0.0000,0.0000,0.9930,1.0000,4.9050,8.5080,6.6670,0.0000,0.0000,0.0000,70.0980,0.0000,4406.0000,1755.0000,0.0000,25.0000,37.0000,24.0000,12.0000
2.4730,0.6260,0.5130,0.4060,0.2380,0.0000,0.0000,1.3340,1.0000,4.9050,8.5080,6.6670,0.0000,0.0000,0.0000,69.7973,0.0000,4377.0000,1755.0000,0.0000,25.0000,38.0000,24.0000,12.0000
2.2590,0.6880,0.4640,0.3490,0.2410,0.0000,0.0000,1.1070,1.0000,4.9050,8.5080,6.6670,0.0000,0.0000,0.0000,69.7972,0.0000,4377.0000,1755.0000,0.0000,25.0000,38.0000,24.0000,12.0000
2.1010,0.5570,0.4060,0.3430,0.1960,0.0000,0.0000,1.1380,1.0000,4.9050,8.5080,6.6670,0.0000,0.0000,0.0000,69.8069,0.0000,4378.0000,1755.0000,0.0000,25.0000,37.0000,24.0000,12.0000
2.2080,0.5840,0.4740,0.3500,0.2650,0.0000,0.0000,1.1500,1.0000,4.9050,8.5080,6.6670,0.0000,0.0000,0.0000,69.8172,0.0000,4379.0000,1755.0000,0.0000,25.0000,37.0000,24.0000,12.0000
2.3300,0.6770,0.4580,0.4210,0.1870,0.0000,0.0000,1.1950,1.0000,4.9050,8.5080,6.6670,0.0000,0.0000,0.0000,69.8172,0.0000,4379.0000,1755.0000,0.0000,25.0000,37.0000,24.0000,12.0000
2.0550,0.7050,0.4040,0.4900,0.1700,0.0000,0.0000,0.9460,1.0000,4.9050,8.5080,6.6670,0.0000,0.0000,0.0000,69.8173,0.0000,4379.0000,1755.0000,0.0000,25.0000,37.0000,24.0000,12.0000
2.3650,0.6520,0.4270,0.3810,0.2260,0.0000,0.0000,1.2860,1.0000,4.9050,8.5080,6.6670,0.0000,0.0000,0.0000,69.8375,0.0000,4382.0000,1755.0000,0.0000,25.0000,36.0000,24.0000,12.0000
2.2500,0.6930,0.4170,0.3750,0.2130,0.0000,0.0000,1.1400,1.0000,4.9050,8.5080,6.6670,0.0000,0.0000,0.0000,69.8375,0.0000,4382.0000,1755.0000,0.0000,25.0000,36.0000,24.0000,12.0000
2.3650,0.6410,0.4780,0.4250,0.2060,0.0000,0.0000,1.2460,1.0000,4.9050,8.5080,6.6670,0.0000,0.0000,0.0000,69.8376,0.0000,4382.0000,1755.0000,0.0000,25.0000,36.0000,24.0000,12.0000
2.1600,0.6570,0.3970,0.4500,0.1910,0.0000,0.0000,1.1060,1.0000,4.9050,8.5080,6.6670,0.0000,0.0000,0.0000,69.8376,0.0000,4382.0000,1755.0000,0.0000,25.0000,36.0000,24.0000,12.0000
1.9890,0.6360,0.3620,0.3720,0.1570,0.0000,0.0000,0.9910,1.0000,4.9050,8.5080,6.6670,0.0000,0.0000,0.0000,69.8369,0.0000,4382.0000,1755.0000,0.0000,25.0000,35.0000,24.0000,12.0000
2.2900,0.5650,0.3940,0.3490,0.1810,0.0000,0.0000,1.3310,1.0000,4.9050,8.5080,6.6670,0.0000,0.0000,0.0000,69.8369,0.0000,4382.0000,1755.0000,0.0000,25.0000,35.0000,24.0000,12.0000
2.1020,0.6250,0.4280,0.4030,0.2140,0.0000,0.0000,1.0490,1.0000,4.9050,8.5080,6.6670,0.0000,0.0000,0.0000,69.8369,0.0000,4382.0000,1755.0000,0.0000,25.0000,35.0000,24.0000,12.0000
2.2840,0.5980,0.4050,0.4110,0.1970,0.0000,0.0000,1.2810,1.0000,4.9050,8.5080,6.6670,0.0000,0.0000,0.0000,69.8369,0.0000,4382.0000,1755.0000,0.0000,25.0000,35.0000,24.0000,12.0000
3.3140,0.6900,0.4050,0.4950,0.1690,0.0000,0.0000,2.2190,1.0000,4.9050,8.5080,6.6670,0.0000,0.0000,0.0000,69.8369,0.0000,4382.0000,1755.0000,0.0000,25.0000,35.0000,24.0000,11.0000
2.8460,0.6060,0.7050,0.3640,0.2510,0.0000,0.0000,1.5350,1.0000,4.9050,8.5080,6.6670,0.0000,0.0000,0.0000,69.8369,0.0000,4382.0000,1755.0000,0.0000,25.0000,35.0000,24.0000,11.0000
2.7820,0.6880,0.7230,0.4690,0.2980,0.0000,0.0000,1.3710,1.0000,4.9050,8.5080,6.6670,0.0000,0.0000,0.0000,69.8369,0.0000,4382.0000,1755.0000,0.0000,25.0000,35.0000,24.0000,10.0000
2.0370,0.6330,0.3960,0.4350,0.1700,0.0000,0.0000,1.0080,1.0000,4.9050,8.5080,6.6670,0.0000,0.0000,0.0000,69.8362,0.0000,4382.0000,1755.0000,0.0000,25.0000,34.0000,24.0000,10.0000
2.3250,0.6270,0.4890,0.4410,0.2310,0.0000,0.0000,1.2090,1.0000,4.9050,8.5080,6.6670,0.0000,0.0000,0.0000,69.8465,0.0000,4383.0000,1755.0000,0.0000,25.0000,34.0000,24.0000,10.0000
2.1360,0.6440,0.3780,0.3390,0.1630,0.0000,0.0000,1.1140,1.0000,4.9050,8.5080,6.6670,0.0000,0.0000,0.0000,69.8465,0.0000,4383.0000,1755.0000,0.0000,25.0000,34.0000,24.0000,10.0000
2.1970,0.5320,0.4190,0.3250,0.2160,0.0000,0.0000,1.2460,1.0000,4.9050,8.5080,6.6670,0.0000,0.0000,0.0000,69.8561,0.0000,4384.0000,1755.0000,0.0000,25.0000,33.0000,24.0000,10.0000
2.1650,0.6080,0.4530,0.3650,0.2540,0.0000,0.0000,1.1040,1.0000,4.9050,8.5080,6.6670,0.0000,0.0000,0.0000,69.8663,0.0000,4385.0000,1755.0000,0.0000,25.0000,33.0000,24.0000,10.0000
2.2230,0.6830,0.4880,0.4430,0.2430,0.0000,0.0000,1.0520,1.0000,4.9050,8.5080,6.6670,0.0000,0.0000,0.0000,69.8767,0.0000,4386.0000,1755.0000,0.0000,25.0000,33.0000,24.0000,10.0000
2.5350,0.6710,0.4460,0.4330,0.2130,0.0000,0.0000,1.4180,1.0000,4.9050,8.5080,6.6670,0.0000,0.0000,0.0000,69.9075,0.0000,4389.0000,1755.0000,0.0000,25.0000,33.0000,24.0000,10.0000
2.2500,0.8440,0.4480,0.4370,0.2250,0.0000,0.0000,0.9580,1.0000,4.9050,8.5080,6.6670,0.0000,0.0000,0.0000,69.9076,0.0000,4389.0000,1755.0000,0.0000,25.0000,33.0000,24.0000,10.0000
2.3920,0.5510,0.5240,0.3480,0.2250,0.0000,0.0000,1.3170,1.0000,4.9050,8.5080,6.6670,0.0000,0.0000,0.0000,69.9173,0.0000,4390.0000,1755.0000,0.0000,25.0000,32.0000,24.0000,10.0000
2.1470,0.6540,0.4140,0.3590,0.1780,0.0000,0.0000,1.0790,1.0000,4.9050,8.5080,6.6670,0.0000,0.0000,0.0000,69.9173,0.0000,4390.0000,1755.0000,0.0000,25.0000,32.0000,24.0000,10.0000
2.0950,0.5300,0.3700,0.3200,0.1650,0.0000,0.0000,1.1950,1.0000,4.9050,8.5080,6.6670,0.0000,0.0000,0.0000,69.9174,0.0000,4390.0000,1755.0000,0.0000,25.0000,32.0000,24.0000,9.0000
2.2370,0.5400,0.4500,0.3320,0.2030,0.0000,0.0000,1.2470,1.0000,4.9050,8.5080,6.6670,0.0000,0.0000,0.0000,69.9174,0.0000,4390.0000,1755.0000,0.0000,25.0000,32.0000,24.0000,9.0000
2.4840,0.5700,0.5060,0.3730,0.3050,0.0000,0.0000,1.4080,1.0000,4.9050,8.5080,6.6670,0.0000,0.0000,0.0000,69.9479,0.0000,4393.0000,1755.0000,0.0000,25.0000,32.0000,24.0000,9.0000
2.1880,0.7180,0.3810,0.3440,0.1690,0.0000,0.0000,1.0890,1.0000,4.9050,8.5080,6.6670,0.0000,0.0000,0.0000,69.9480,0.0000,4393.0000,1755.0000,0.0000,25.0000,32.0000,24.0000,9.0000
2.1730,0.6560,0.4070,0.3580,0.1890,0.0000,0.0000,1.1100,1.0000,4.9050,8.5080,6.6670,0.0000,0.0000,0.0000,69.9482,0.0000,4393.0000,1755.0000,0.0000,25.0000,32.0000,24.0000,9.0000
2.1900,0.5460,0.3750,0.3430,0.1620,0.0000,0.0000,1.2690,1.0000,4.9050,8.5080,6.6670,0.0000,0.0000,0.0000,69.9482,0.0000,4393.0000,1755.0000,0.0000,25.0000,32.0000,24.0000,9.0000
2.0780,0.5960,0.4000,0.3840,0.2020,0.0000,0.0000,1.0820,1.0000,4.9050,8.5080,6.6670,0.0000,0.0000,0.0000,69.9482,0.0000,4393.0000,1755.0000,0.0000,25.0000,32.0000,24.0000,9.0000
2.1290,0.5770,0.4530,0.3820,0.2160,0.0000,0.0000,1.0990,1.0000,4.9050,8.5080,6.6670,0.0000,0.0000,0.0000,69.9482,0.0000,4393.0000,1755.0000,0.0000,25.0000,32.0000,24.0000,9.0000
2.0760,0.5970,0.4060,0.4080,0.1620,0.0000,0.0000,1.0730,1.0000,4.9050,8.5080,6.6670,0.0000,0.0000,0.0000,69.9482,0.0000,4393.0000,1755.0000,0.0000,25.0000,32.0000,24.0000,9.0000
2.1080,0.6060,0.4380,0.4200,0.1870,0.0000,0.0000,1.0640,1.0000,4.9050,8.5080,6.6670,0.0000,0.0000,0.0000,69.9482,0.0000,4393.0000,1755.0000,0.0000,25.0000,32.0000,24.0000,9.0000
1.9860,0.5960,0.3910,0.3630,0.1670,0.0000,0.0000,0.9990,1.0000,4.9050,8.5080,6.6670,0.0000,0.0000,0.0000,69.9482,0.0000,4393.0000,1755.0000,0.0000,25.0000,32.0000,24.0000,9.0000
2.1870,0.6250,0.3770,0.3660,0.1570,0.0000,0.0000,1.1850,1.0000,4.9050,8.5080,6.6670,0.0000,0.0000,0.0000,69.9482,0.0000,4393.0000,1755.0000,0.0000,25.0000,32.0000,24.0000,9.0000
2.1820,0.5780,0.4200,0.3420,0.1880,0.0000,0.0000,1.1840,1.0000,4.9050,8.5080,6.6670,0.0000,0.0000,0.0000,69.9482,0.0000,4393.0000,1755.0000,0.0000,25.0000,32.0000,24.0000,9.0000
1.9370,0.5420,0.3620,0.3260,0.1620,0.0000,0.0000,1.0330,1.0000,4.9050,8.5080,6.6670,0.0000,0.0000,0.0000,69.9482,0.0000,4393.0000,1755.0000,0.0000,25.0000,32.0000,24.0000,9.0000
2.1310,0.5580,0.4080,0.3520,0.2080,0.0000,0.0000,1.1650,1.0000,4.9050,8.5080,6.6670,0.0000,0.0000,0.0000,69.9691,0.0000,4395.0000,1755.0000,0.0000,25.0000,33.0000,24.0000,9.0000
2.0670,0.6060,0.3650,0.3310,0.1590,0.0000,0.0000,1.0960,1.0000,4.9050,8.5080,6.6670,0.0000,0.0000,0.0000,69.9685,0.0000,4395.0000,1755.0000,0.0000,25.0000,33.0000,24.0000,9.0000
2.3630,0.5300,0.5160,0.3280,0.2670,0.0000,0.0000,1.3170,1.0000,4.9050,8.5080,6.6670,0.0000,0.0000,0.0000,69.7515,0.0000,4374.0000,1755.0000,0.0000,25.0000,33.0000,24.0000,9.0000
2.3040,0.7170,0.4620,0.4740,0.2190,0.0000,0.0000,1.1250,1.0000,4.9050,8.5080,6.6670,0.0000,0.0000,0.0000,69.7820,0.0000,4377.0000,1755.0000,0.0000,25.0000,33.0000,24.0000,9.0000
2.0330,0.7390,0.3660,0.3380,0.1550,0.0000,0.0000,0.9280,1.0000,4.9050,8.5080,6.6670,0.0000,0.0000,0.0000,69.7820,0.0000,4377.0000,1755.0000,0.0000,25.0000,33.0000,24.0000,8.0000
2.1770,0.5840,0.3860,0.3330,0.1940,0.0000,0.0000,1.2070,1.0000,4.9050,8.5080,6.6670,0.0000,0.0000,0.0000,69.8027,0.0000,4379.0000,1755.0000,0.0000,25.0000,33.0000,24.0000,8.0000
2.0440,0.6700,0.3790,0.3620,0.1580,0.0000,0.0000,0.9950,1.0000,4.9050,8.5080,6.6670,0.0000,0.0000,0.0000,69.8027,0.0000,4379.0000,1755.0000,0.0000,25.0000,33.0000,24.0000,8.0000
2.0860,0.5390,0.4070,0.3490,0.1900,0.0000,0.0000,1.1400,1.0000,4.9050,8.5080,6.6670,0.0000,0.0000,0.0000,69.8131,0.0000,4380.0000,1755.0000,0.0000,25.0000,33.0000,24.0000,8.0000
2.1800,0.5490,0.4380,0.3190,0.2130,0.0000,0.0000,1.1930,1.0000,4.9050,8.5080,6.6670,0.0000,0.0000,0.0000,69.8131,0.0000,4380.0000,1755.0000,0.0000,25.0000,33.0000,24.0000,8.0000
2.4290,0.6150,0.4510,0.4160,0.2120,0.0000,0.0000,1.3630,1.0000,4.9050,8.5080,6.6670,0.0000,0.0000,0.0000,69.8132,0.0000,4380.0000,1755.0000,0.0000,25.0000,33.0000,24.0000,8.0000
2.0400,0.8090,0.3630,0.5570,0.1560,0.0000,0.0000,0.8680,1.0000,4.9050,8.5080,6.6670,0.0000,0.0000,0.0000,69.8132,0.0000,4380.0000,1755.0000,0.0000,25.0000,33.0000,24.0000,8.0000
2.1810,0.6280,0.4310,0.3450,0.2100,0.0000,0.0000,1.1220,1.0000,4.9050,8.5080,6.6670,0.0000,0.0000,0.0000,69.8337,0.0000,4382.0000,1755.0000,0.0000,25.0000,33.0000,24.0000,8.0000
2.0380,0.6280,0.3930,0.3450,0.1650,0.0000,0.0000,1.0170,1.0000,4.9050,8.5080,6.6670,0.0000,0.0000,0.0000,69.8337,0.0000,4382.0000,1755.0000,0.0000,25.0000,33.0000,24.0000,8.0000
2.1250,0.5420,0.3850,0.3500,0.1670,0.0000,0.0000,1.1980,1.0000,4.9050,8.5080,6.6670,0.0000,0.0000,0.0000,69.8337,0.0000,4382.0000,1755.0000,0.0000,25.0000,33.0000,24.0000,9.0000
1.9660,0.5950,0.4170,0.4120,0.2100,0.0000,0.0000,0.9540,1.0000,4.9050,8.5080,6.6670,0.0000,0.0000,0.0000,69.8337,0.0000,4382.0000,1755.0000,0.0000,25.0000,33.0000,24.0000,9.0000
2.3580,0.5330,0.5020,0.3490,0.2550,0.0000,0.0000,1.3230,1.0000,4.9050,8.5080,6.6670,0.0000,0.0000,0.0000,69.8337,0.0000,4382.0000,1755.0000,0.0000,25.0000,33.0000,24.0000,9.0000
2.0550,0.7440,0.4830,0.5320,0.2060,0.0000,0.0000,0.8280,1.0000,4.9050,8.5080,6.6670,0.0000,0.0000,0.0000,69.8337,0.0000,4382.0000,1755.0000,0.0000,25.0000,33.0000,24.0000,9.0000
2.0800,0.5810,0.3860,0.3950,0.1640,0.0000,0.0000,1.1130,1.0000,4.9050,8.5080,6.6670,0.0000,0.0000,0.0000,69.8337,0.0000,4382.0000,1755.0000,0.0000,25.0000,33.0000,24.0000,9.0000
2.1840,0.6530,0.4540,0.4570,0.1870,0.0000,0.0000,1.0770,1.0000,4.9050,8.5080,6.6670,0.0000,0.0000,0.0000,69.8337,0.0000,4382.0000,1755.0000,0.0000,25.0000,33.0000,24.0000,9.0000
2.1010,0.5960,0.3710,0.3430,0.1620,0.0000,0.0000,1.1340,1.0000,4.9050,8.5080,6.6670,0.0000,0.0000,0.0000,69.8337,0.0000,4382.0000,1755.0000,0.0000,25.0000,33.0000,24.0000,9.0000
2.0740,0.6660,0.4150,0.3620,0.1750,0.0000,0.0000,0.9930,1.0000,4.9050,8.5080,6.6670,0.0000,0.0000,0.0000,69.8337,0.0000,4382.0000,1755.0000,0.0000,25.0000,33.0000,24.0000,9.0000
2.1190,0.5170,0.4780,0.3270,0.1980,0.0000,0.0000,1.1240,1.0000,4.9050,8.5080,6.6670,0.0000,0.0000,0.0000,69.8330,0.0000,4382.0000,1755.0000,0.0000,25.0000,32.0000,24.0000,9.0000
2.0070,0.5210,0.3890,0.3310,0.1780,0.0000,0.0000,1.0970,1.0000,4.9050,8.5080,6.6670,0.0000,0.0000,0.0000,69.8330,0.0000,4382.0000,1755.0000,0.0000,25.0000,32.0000,24.0000,9.0000
2.2310,0.5220,0.4730,0.3330,0.2590,0.0000,0.0000,1.2360,1.0000,4.9050,8.5080,6.6670,0.0000,0.0000,0.0000,69.8432,0.0000,4383.0000,1755.0000,0.0000,25.0000,32.0000,24.0000,9.0000
2.0480,0.6740,0.4710,0.4210,0.1940,0.0000,0.0000,0.9030,1.0000,4.9050,8.5080,6.6670,0.0000,0.0000,0.0000,69.8432,0.0000,4383.0000,1755.0000,0.0000,25.0000,32.0000,24.0000,9.0000
2.2670,0.6170,0.5180,0.4340,0.2210,0.0000,0.0000,1.1320,1.0000,4.9050,8.5080,6.6670,0.0000,0.0000,0.0000,69.8536,0.0000,4384.0000,1755.0000,0.0000,25.0000,32.0000,24.0000,9.0000
2.2810,0.6610,0.4570,0.4350,0.2200,0.0000,0.0000,1.1630,1.0000,4.9050,8.5080,6.6670,0.0000,0.0000,0.0000,69.8638,0.0000,4385.0000,1755.0000,0.0000,25.0000,32.0000,24.0000,9.0000
2.1160,0.5960,0.4130,0.3180,0.1930,0.0000,0.0000,1.1070,1.0000,4.9050,8.5080,6.6670,0.0000,0.0000,0.0000,69.8639,0.0000,4385.0000,1755.0000,0.0000,25.0000,32.0000,24.0000,9.0000
2.5890,0.5430,0.4240,0.3470,0.2090,0.0000,0.0000,1.6220,1.0000,4.9050,8.5080,6.6670,0.0000,0.0000,0.0000,69.8999,0.0000,4389.0000,1755.0000,0.0000,25.0000,33.0000,24.0000,9.0000
2.1730,0.9430,0.3910,0.6130,0.1690,0.0000,0.0000,0.8390,1.0000,4.9050,8.5080,6.6670,0.0000,0.0000,0.0000,69.8992,0.0000,4389.0000,1755.0000,0.0000,25.0000,33.0000,24.0000,8.0000
2.2800,0.6810,0.4470,0.3930,0.2350,0.0000,0.0000,1.1520,1.0000,4.9050,8.5080,6.6670,0.0000,0.0000,0.0000,69.9324,0.0000,4394.0000,1755.0000,0.0000,25.0000,33.0000,24.0000,8.0000
2.0780,0.6720,0.3970,0.3370,0.1710,0.0000,0.0000,1.0090,1.0000,4.9050,8.5080,6.6670,0.0000,0.0000,0.0000,69.9317,0.0000,4394.0000,1755.0000,0.0000,25.0000,32.0000,24.0000,8.0000
2.1740,0.5340,0.4390,0.3440,0.2220,0.0000,0.0000,1.2010,1.0000,4.9050,8.5080,6.6670,0.0000,0.0000,0.0000,69.9318,0.0000,4394.0000,1755.0000,0.0000,25.0000,32.0000,24.0000,8.0000
1.9530,0.6250,0.4240,0.3910,0.1780,0.0000,0.0000,0.9040,1.0000,4.9050,8.5080,6.6670,0.0000,0.0000,0.0000,69.9318,0.0000,4394.0000,1755.0000,0.0000,25.0000,32.0000,24.0000,8.0000
2.4260,0.5780,0.5190,0.3920,0.2820,0.0000,0.0000,1.3290,1.0000,4.9050,8.5080,6.6670,0.0000,0.0000,0.0000,69.9624,0.0000,4397.0000,1755.0000,0.0000,25.0000,32.0000,24.0000,9.0000
2.4990,0.8190,0.3610,0.4540,0.1590,0.0000,0.0000,1.3190,1.0000,4.9050,8.5080,6.6670,0.0000,0.0000,0.0000,69.9612,0.0000,4397.0000,1755.0000,0.0000,25.0000,31.0000,24.0000,9.0000
2.2160,0.9400,0.4660,0.6930,0.2500,0.0000,0.0000,0.8100,1.0000,4.9050,8.5080,6.6670,0.0000,0.0000,0.0000,69.9719,0.0000,4398.0000,1755.0000,0.0000,25.0000,31.0000,24.0000,10.0000
2.0550,0.7310,0.4380,0.4980,0.1910,0.0000,0.0000,0.8860,1.0000,4.9050,8.5080,6.6670,0.0000,0.0000,0.0000,69.9719,0.0000,4398.0000,1755.0000,0.0000,25.0000,31.0000,24.0000,10.0000
1.9560,0.6560,0.4260,0.4710,0.1840,0.0000,0.0000,0.8740,1.0000,4.9050,8.5080,6.6670,0.0000,0.0000,0.0000,69.9727,0.0000,4398.0000,1755.0000,0.0000,25.0000,32.0000,24.0000,10.0000
2.2830,0.5950,0.4710,0.4110,0.2280,0.0000,0.0000,1.2170,1.0000,4.9050,8.5080,6.6670,0.0000,0.0000,0.0000,69.9836,0.0000,4399.0000,1755.0000,0.0000,25.0000,33.0000,24.0000,10.0000
2.3100,0.7220,0.4620,0.4420,0.2110,0.0000,0.0000,1.1260,1.0000,4.9050,8.5080,6.6670,0.0000,0.0000,0.0000,69.9836,0.0000,4399.0000,1755.0000,0.0000,25.0000,33.0000,24.0000,10.0000
2.3890,0.5460,0.5060,0.3280,0.2860,0.0000,0.0000,1.3370,1.0000,4.9050,8.5080,6.6670,0.0000,0.0000,0.0000,70.0040,0.0000,4401.0000,1755.0000,0.0000,25.0000,33.0000,24.0000,10.0000
2.2250,0.6980,0.4520,0.4140,0.1810,0.0000,0.0000,1.0750,1.0000,4.9050,8.5080,6.6670,0.0000,0.0000,0.0000,70.0041,0.0000,4401.0000,1755.0000,0.0000,25.0000,33.0000,24.0000,10.0000
2.0120,0.6410,0.3800,0.4250,0.1590,0.0000,0.0000,0.9910,1.0000,4.9050,8.5080,6.6670,0.0000,0.0000,0.0000,70.0042,0.0000,4401.0000,1755.0000,0.0000,25.0000,33.0000,24.0000,10.0000
2.1220,0.6030,0.4000,0.3390,0.1690,0.0000,0.0000,1.1190,1.0000,4.9050,8.5080,6.6670,0.0000,0.0000,0.0000,70.0038,0.0000,4401.0000,1755.0000,0.0000,25.0000,33.0000,24.0000,10.0000
2.3810,0.6590,0.3850,0.3810,0.1640,0.0000,0.0000,1.3370,1.0000,4.9050,8.5080,6.6670,0.0000,0.0000,0.0000,69.7262,0.0000,4374.0000,1755.0000,0.0000,25.0000,33.0000,24.0000,10.0000
2.5270,0.6160,0.5900,0.3560,0.2620,0.0000,0.0000,1.3210,1.0000,4.9050,8.5080,6.6670,0.0000,0.0000,0.0000,69.7261,0.0000,4374.0000,1755.0000,0.0000,25.0000,33.0000,24.0000,10.0000
2.2020,0.6770,0.4250,0.4750,0.1720,0.0000,0.0000,1.1000,1.0000,4.9050,8.5080,6.6670,0.0000,0.0000,0.0000,69.7267,0.0000,4374.0000,1755.0000,0.0000,25.0000,34.0000,24.0000,11.0000
2.4090,0.6350,0.4190,0.4220,0.2260,0.0000,0.0000,1.3550,1.0000,4.9050,8.5080,6.6670,0.0000,0.0000,0.0000,69.7470,0.0000,4376.0000,1755.0000,0.0000,25.0000,34.0000,24.0000,11.0000
2.1490,0.7170,0.4690,0.3960,0.2160,0.0000,0.0000,0.9630,1.0000,4.9050,8.5080,6.6670,0.0000,0.0000,0.0000,69.7574,0.0000,4377.0000,1755.0000,0.0000,25.0000,34.0000,24.0000,11.0000
2.1290,0.6500,0.4500,0.4050,0.1680,0.0000,0.0000,1.0290,1.0000,4.9050,8.5080,6.6670,0.0000,0.0000,0.0000,69.7575,0.0000,4377.0000,1755.0000,0.0000,25.0000,34.0000,24.0000,12.0000
2.4570,0.6910,0.4520,0.5060,0.2280,0.0000,0.0000,1.3140,1.0000,4.9050,8.5080,6.6670,0.0000,0.0000,0.0000,69.7869,0.0000,4378.0000,1755.0000,0.0000,25.0000,34.0000,24.0000,12.0000
2.1540,0.8050,0.4720,0.3830,0.2440,0.0000,0.0000,0.8770,1.0000,4.9050,8.5080,6.6670,0.0000,0.0000,0.0000,69.7870,0.0000,4378.0000,1755.0000,0.0000,25.0000,34.0000,24.0000,12.0000
2.2230,0.5560,0.4760,0.3640,0.2540,0.0000,0.0000,1.1910,1.0000,4.9050,8.5080,6.6670,0.0000,0.0000,0.0000,69.7974,0.0000,4379.0000,1755.0000,0.0000,25.0000,34.0000,24.0000,12.0000
2.0610,0.7150,0.4220,0.4770,0.1770,0.0000,0.0000,0.9240,1.0000,4.9050,8.5080,6.6670,0.0000,0.0000,0.0000,69.7981,0.0000,4379.0000,1755.0000,0.0000,25.0000,35.0000,24.0000,12.0000
2.1050,0.5970,0.4190,0.4070,0.1640,0.0000,0.0000,1.0890,1.0000,4.9050,8.5080,6.6670,0.0000,0.0000,0.0000,69.7982,0.0000,4379.0000,1755.0000,0.0000,25.0000,35.0000,24.0000,12.0000
2.1220,0.6620,0.4250,0.4840,0.1750,0.0000,0.0000,1.0350,1.0000,4.9050,8.5080,6.6670,0.0000,0.0000,0.0000,69.7982,0.0000,4379.0000,1755.0000,0.0000,25.0000,35.0000,24.0000,12.0000
3.9160,0.5930,0.4200,0.3450,0.1990,0.0000,0.0000,2.9030,1.0000,4.9050,8.5080,6.6670,0.0000,0.0000,0.0000,69.8084,0.0000,4380.0000,1755.0000,0.0000,25.0000,35.0000,24.0000,12.0000
1.9680,0.6800,0.3900,0.3450,0.1670,0.0000,0.0000,0.8980,1.0000,4.9050,8.5080,6.6670,0.0000,0.0000,0.0000,69.8071,0.0000,4379.0000,1755.0000,0.0000,25.0000,35.0000,24.0000,12.0000
2.1690,0.6300,0.4240,0.3910,0.2110,0.0000,0.0000,1.1150,1.0000,4.9050,8.5080,6.6670,0.0000,0.0000,0.0000,69.8275,0.0000,4381.0000,1755.0000,0.0000,25.0000,35.0000,24.0000,12.0000
1.9610,0.6610,0.3640,0.3250,0.1620,0.0000,0.0000,0.9360,1.0000,4.9050,8.5080,6.6670,0.0000,0.0000,0.0000,69.8269,0.0000,4381.0000,1755.0000,0.0000,25.0000,34.0000,24.0000,12.0000
1.9170,0.6290,0.3680,0.3300,0.1630,0.0000,0.0000,0.9200,1.0000,4.9050,8.5080,6.6670,0.0000,0.0000,0.0000,69.8270,0.0000,4381.0000,1755.0000,0.0000,25.0000,34.0000,24.0000,12.0000
2.1420,0.5910,0.4230,0.3450,0.2070,0.0000,0.0000,1.1280,1.0000,4.9050,8.5080,6.6670,0.0000,0.0000,0.0000,69.8475,0.0000,4383.0000,1755.0000,0.0000,25.0000,34.0000,24.0000,12.0000
2.0740,0.7010,0.4010,0.3300,0.1760,0.0000,0.0000,0.9720,1.0000,4.9050,8.5080,6.6670,0.0000,0.0000,0.0000,69.8475,0.0000,4383.0000,1755.0000,0.0000,25.0000,34.0000,24.0000,12.0000
2.1750,0.5490,0.4180,0.3310,0.2140,0.0000,0.0000,1.2080,1.0000,4.9050,8.5080,6.6670,0.0000,0.0000,0.0000,69.8579,0.0000,4384.0000,1755.0000,0.0000,25.0000,34.0000,24.0000,12.0000
2.1010,0.5950,0.3850,0.3400,0.1640,0.0000,0.0000,1.1210,1.0000,4.9050,8.5080,6.6670,0.0000,0.0000,0.0000,69.8579,0.0000,4384.0000,1755.0000,0.0000,25.0000,34.0000,24.0000,12.0000
2.3260,0.5210,0.5590,0.3340,0.3230,0.0000,0.0000,1.2460,1.0000,4.9050,8.5080,6.6670,0.0000,0.0000,0.0000,69.8682,0.0000,4385.0000,1755.0000,0.0000,25.0000,34.0000,24.0000,12.0000
2.0390,0.6330,0.4080,0.3830,0.1740,0.0000,0.0000,0.9980,1.0000,4.9050,8.5080,6.6670,0.0000,0.0000,0.0000,69.8682,0.0000,4385.0000,1755.0000,0.0000,25.0000,34.0000,24.0000,12.0000
1.9570,0.6080,0.4350,0.4220,0.1610,0.0000,0.0000,0.9140,1.0000,4.9050,8.5080,6.6670,0.0000,0.0000,0.0000,69.8683,0.0000,4385.0000,1755.0000,0.0000,25.0000,34.0000,24.0000,12.0000
1.9530,0.5800,0.4040,0.4000,0.1700,0.0000,0.0000,0.9690,1.0000,4.9050,8.5080,6.6670,0.0000,0.0000,0.0000,69.8683,0.0000,4385.0000,1755.0000,0.0000,25.0000,34.0000,24.0000,12.0000
1.9850,0.6030,0.4380,0.4220,0.1760,0.0000,0.0000,0.9440,1.0000,4.9050,8.5080,6.6670,0.0000,0.0000,0.0000,69.8683,0.0000,4385.0000,1755.0000,0.0000,25.0000,34.0000,24.0000,12.0000
2.3790,0.5940,0.4780,0.4140,0.2480,0.0000,0.0000,1.3070,1.0000,4.9050,8.5080,6.6670,0.0000,0.0000,0.0000,69.8785,0.0000,4386.0000,1755.0000,0.0000,25.0000,34.0000,24.0000,12.0000
2.1110,0.6790,0.4060,0.3580,0.1940,0.0000,0.0000,1.0260,1.0000,4.9050,8.5080,6.6670,0.0000,0.0000,0.0000,69.8888,0.0000,4387.0000,1755.0000,0.0000,25.0000,34.0000,24.0000,12.0000
2.1090,0.6120,0.4240,0.3300,0.2080,0.0000,0.0000,1.0730,1.0000,4.9050,8.5080,6.6670,0.0000,0.0000,0.0000,69.8985,0.0000,4388.0000,1755.0000,0.0000,25.0000,33.0000,24.0000,12.0000
2.1070,0.5840,0.4200,0.3280,0.2180,0.0000,0.0000,1.1030,1.0000,4.9050,8.5080,6.6670,0.0000,0.0000,0.0000,69.9192,0.0000,4390.0000,1755.0000,0.0000,25.0000,33.0000,24.0000,12.0000
2.0000,0.6220,0.3650,0.3350,0.1610,0.0000,0.0000,1.0130,1.0000,4.9050,8.5080,6.6670,0.0000,0.0000,0.0000,69.9192,0.0000,4390.0000,1755.0000,0.0000,25.0000,33.0000,24.0000,12.0000
2.3190,0.5220,0.4820,0.3420,0.2590,0.0000,0.0000,1.3150,1.0000,4.9050,8.5080,6.6670,0.0000,0.0000,0.0000,69.9296,0.0000,4391.0000,1755.0000,0.0000,25.0000,33.0000,24.0000,12.0000
2.2530,0.6940,0.4600,0.4450,0.1820,0.0000,0.0000,1.0990,1.0000,4.9050,8.5080,6.6670,0.0000,0.0000,0.0000,69.9289,0.0000,4391.0000,1755.0000,0.0000,25.0000,32.0000,24.0000,12.0000
2.0800,0.7610,0.4500,0.5520,0.2180,0.0000,0.0000,0.8690,1.0000,4.9050,8.5080,6.6670,0.0000,0.0000,0.0000,69.9290,0.0000,4391.0000,1755.0000,0.0000,25.0000,32.0000,24.0000,12.0000
2.0020,0.6060,0.3710,0.3540,0.1600,0.0000,0.0000,1.0250,1.0000,4.9050,8.5080,6.6670,0.0000,0.0000,0.0000,69.9290,0.0000,4391.0000,1755.0000,0.0000,25.0000,32.0000,24.0000,12.0000
2.1860,0.6420,0.3960,0.3520,0.1950,0.0000,0.0000,1.1480,1.0000,4.9050,8.5080,6.6670,0.0000,0.0000,0.0000,69.9392,0.0000,4392.0000,1755.0000,0.0000,25.0000,32.0000,24.0000,12.0000
2.1030,0.6130,0.3820,0.3230,0.1640,0.0000,0.0000,1.1080,1.0000,4.9050,8.5080,6.6670,0.0000,0.0000,0.0000,69.9392,0.0000,4392.0000,1755.0000,0.0000,25.0000,32.0000,24.0000,12.0000
2.1060,0.5360,0.3930,0.3420,0.1880,0.0000,0.0000,1.1770,1.0000,4.9050,8.5080,6.6670,0.0000,0.0000,0.0000,69.9495,0.0000,4393.0000,1755.0000,0.0000,25.0000,32.0000,24.0000,12.0000
1.9700,0.5460,0.3470,0.3210,0.1500,0.0000,0.0000,1.0770,1.0000,4.9050,8.5080,6.6670,0.0000,0.0000,0.0000,69.9495,0.0000,4393.0000,1755.0000,0.0000,25.0000,32.0000,24.0000,12.0000
1.9020,0.5320,0.3620,0.3280,0.1560,0.0000,0.0000,1.0080,1.0000,4.9050,8.5080,6.6670,0.0000,0.0000,0.0000,69.9496,0.0000,4393.0000,1755.0000,0.0000,25.0000,32.0000,24.0000,12.0000
2.4390,0.5080,0.4070,0.3270,0.1990,0.0000,0.0000,1.5240,1.0000,4.9050,8.5080,6.6670,0.0000,0.0000,0.0000,69.9699,0.0000,4395.0000,1755.0000,0.0000,25.0000,32.0000,24.0000,12.0000
2.0290,0.7770,0.4320,0.4060,0.1660,0.0000,0.0000,0.8200,1.0000,4.9050,8.5080,6.6670,0.0000,0.0000,0.0000,69.9700,0.0000,4395.0000,1755.0000,0.0000,25.0000,32.0000,24.0000,12.0000
2.1810,0.6160,0.4910,0.4240,0.1980,0.0000,0.0000,1.0740,1.0000,4.9050,8.5080,6.6670,0.0000,0.0000,0.0000,69.9796,0.0000,4396.0000,1755.0000,0.0000,25.0000,31.0000,24.0000,12.0000
3.8370,0.6920,1.9950,0.4170,0.3250,0.0000,0.0000,1.1500,1.0000,4.9050,8.5080,6.6670,0.0000,0.0000,0.0000,69.7608,0.0000,4375.0000,1755.0000,0.0000,25.0000,31.0000,24.0000,12.0000
2.1150,0.6930,0.4370,0.4050,0.2040,0.0000,0.0000,0.9850,1.0000,4.9050,8.5080,6.6670,0.0000,0.0000,0.0000,69.7810,0.0000,4377.0000,1755.0000,0.0000,25.0000,31.0000,24.0000,12.0000
2.1510,0.6670,0.4440,0.3570,0.2110,0.0000,0.0000,1.0400,1.0000,4.9050,8.5080,6.6670,0.0000,0.0000,0.0000,69.7817,0.0000,4377.0000,1755.0000,0.0000,25.0000,32.0000,24.0000,12.0000
2.2720,0.6090,0.5590,0.3470,0.3080,0.0000,0.0000,1.1040,1.0000,4.9050,8.5080,6.6670,0.0000,0.0000,0.0000,69.7818,0.0000,4377.0000,1755.0000,0.0000,25.0000,32.0000,24.0000,12.0000
1.9880,0.5520,0.3910,0.3600,0.1610,0.0000,0.0000,1.0450,1.0000,4.9050,8.5080,6.6670,0.0000,0.0000,0.0000,69.7818,0.0000,4377.0000,1755.0000,0.0000,25.0000,32.0000,24.0000,12.0000
2.0490,0.5440,0.3650,0.3640,0.1540,0.0000,0.0000,1.1400,1.0000,4.9050,8.5080,6.6670,0.0000,0.0000,0.0000,69.7811,0.0000,4377.0000,1755.0000,0.0000,25.0000,31.0000,24.0000,12.0000
2.1050,0.6000,0.4110,0.3950,0.1900,0.0000,0.0000,1.0940,1.0000,4.9050,8.5080,6.6670,0.0000,0.0000,0.0000,69.7914,0.0000,4378.0000,1755.0000,0.0000,25.0000,31.0000,24.0000,12.0000
1.9820,0.6320,0.3960,0.4030,0.2020,0.0000,0.0000,0.9540,1.0000,4.9050,8.5080,6.6670,0.0000,0.0000,0.0000,69.7914,0.0000,4378.0000,1755.0000,0.0000,25.0000,31.0000,24.0000,12.0000
2.2010,0.5660,0.4970,0.3870,0.2750,0.0000,0.0000,1.1380,1.0000,4.9050,8.5080,6.6670,0.0000,0.0000,0.0000,69.8219,0.0000,4381.0000,1755.0000,0.0000,25.0000,31.0000,24.0000,12.0000
2.1960,0.7430,0.4870,0.4200,0.2400,0.0000,0.0000,0.9660,1.0000,4.9050,8.5080,6.6670,0.0000,0.0000,0.0000,69.8425,0.0000,4383.0000,1755.0000,0.0000,25.0000,31.0000,24.0000,12.0000
2.2760,0.7660,0.4460,0.4850,0.2240,0.0000,0.0000,1.0640,1.0000,4.9050,8.5080,6.6670,0.0000,0.0000,0.0000,69.8426,0.0000,4383.0000,1755.0000,0.0000,25.0000,31.0000,24.0000,12.0000
2.2000,0.6770,0.4530,0.3690,0.2330,0.0000,0.0000,1.0700,1.0000,4.9050,8.5080,6.6670,0.0000,0.0000,0.0000,69.8530,0.0000,4384.0000,1755.0000,0.0000,25.0000,31.0000,24.0000,12.0000
1.9780,0.6060,0.3490,0.3620,0.1500,0.0000,0.0000,1.0230,1.0000,4.9050,8.5080,6.6670,0.0000,0.0000,0.0000,69.8530,0.0000,4384.0000,1755.0000,0.0000,25.0000,31.0000,24.0000,12.0000
1.9300,0.5510,0.3680,0.3700,0.1580,0.0000,0.0000,1.0110,1.0000,4.9050,8.5080,6.6670,0.0000,0.0000,0.0000,69.8531,0.0000,4384.0000,1755.0000,0.0000,25.0000,31.0000,24.0000,12.0000
1.8650,0.5380,0.3500,0.3520,0.1600,0.0000,0.0000,0.9770,1.0000,4.9050,8.5080,6.6670,0.0000,0.0000,0.0000,69.8531,0.0000,4384.0000,1755.0000,0.0000,25.0000,31.0000,24.0000,12.0000
2.1590,0.5410,0.4260,0.3450,0.2180,0.0000,0.0000,1.1920,1.0000,4.9050,8.5080,6.6670,0.0000,0.0000,0.0000,69.8750,0.0000,4386.0000,1755.0000,0.0000,25.0000,31.0000,24.0000,12.0000
2.0620,0.6310,0.4050,0.3420,0.1750,0.0000,0.0000,1.0260,1.0000,4.9050,8.5080,6.6670,0.0000,0.0000,0.0000,69.8744,0.0000,4386.0000,1755.0000,0.0000,25.0000,30.0000,24.0000,12.0000
2.3230,0.5470,0.4140,0.3460,0.1980,0.0000,0.0000,1.3620,1.0000,4.9050,8.5080,6.6670,0.0000,0.0000,0.0000,69.8848,0.0000,4387.0000,1755.0000,0.0000,25.0000,30.0000,24.0000,12.0000
2.0430,0.7360,0.4270,0.5090,0.1830,0.0000,0.0000,0.8800,1.0000,4.9050,8.5080,6.6670,0.0000,0.0000,0.0000,69.8848,0.0000,4387.0000,1755.0000,0.0000,25.0000,30.0000,24.0000,12.0000
2.0900,0.6390,0.4430,0.4400,0.1780,0.0000,0.0000,1.0080,1.0000,4.9050,8.5080,6.6670,0.0000,0.0000,0.0000,69.8848,0.0000,4387.0000,1755.0000,0.0000,25.0000,30.0000,24.0000,12.0000
2.1430,0.6730,0.4840,0.4900,0.2150,0.0000,0.0000,0.9860,1.0000,4.9050,8.5080,6.6670,0.0000,0.0000,0.0000,69.8951,0.0000,4388.0000,1755.0000,0.0000,25.0000,30.0000,24.0000,12.0000
2.0590,0.6470,0.3980,0.3750,0.1690,0.0000,0.0000,1.0140,1.0000,4.9050,8.5080,6.6670,0.0000,0.0000,0.0000,69.8951,0.0000,4388.0000,1755.0000,0.0000,25.0000,30.0000,24.0000,11.0000
2.4310,0.6040,0.4090,0.3790,0.1980,0.0000,0.0000,1.4180,1.0000,4.9050,8.5080,6.6670,0.0000,0.0000,0.0000,69.9054,0.0000,4389.0000,1755.0000,0.0000,25.0000,30.0000,24.0000,11.0000
2.3870,0.6480,0.4540,0.3430,0.2340,0.0000,0.0000,1.2850,1.0000,4.9050,8.5080,6.6670,0.0000,0.0000,0.0000,69.9054,0.0000,4389.0000,1755.0000,0.0000,25.0000,30.0000,24.0000,11.0000
2.2270,0.6530,0.4250,0.4460,0.2020,0.0000,0.0000,1.1490,1.0000,4.9050,8.5080,6.6670,0.0000,0.0000,0.0000,69.9157,0.0000,4390.0000,1755.0000,0.0000,25.0000,30.0000,24.0000,11.0000
1.9750,0.7170,0.3890,0.3830,0.1750,0.0000,0.0000,0.8690,1.0000,4.9050,8.5080,6.6670,0.0000,0.0000,0.0000,69.9164,0.0000,4390.0000,1755.0000,0.0000,25.0000,31.0000,24.0000,11.0000
1.9580,0.6340,0.3670,0.3830,0.1540,0.0000,0.0000,0.9570,1.0000,4.9050,8.5080,6.6670,0.0000,0.0000,0.0000,69.9165,0.0000,4390.0000,1755.0000,0.0000,25.0000,31.0000,24.0000,11.0000
1.9090,0.6590,0.3760,0.3800,0.1700,0.0000,0.0000,0.8740,1.0000,4.9050,8.5080,6.6670,0.0000,0.0000,0.0000,69.9165,0.0000,4390.0000,1755.0000,0.0000,25.0000,31.0000,24.0000,11.0000
2.0840,0.6040,0.3750,0.3720,0.1670,0.0000,0.0000,1.1050,1.0000,4.9050,8.5080,6.6670,0.0000,0.0000,0.0000,69.9165,0.0000,4390.0000,1755.0000,0.0000,25.0000,31.0000,24.0000,11.0000
2.3530,0.6860,0.4680,0.4890,0.2110,0.0000,0.0000,1.1990,1.0000,4.9050,8.5080,6.6670,0.0000,0.0000,0.0000,69.9268,0.0000,4391.0000,1755.0000,0.0000,25.0000,31.0000,24.0000,11.0000
2.1480,0.8090,0.3680,0.5010,0.1560,0.0000,0.0000,0.9710,1.0000,4.9050,8.5080,6.6670,0.0000,0.0000,0.0000,69.9268,0.0000,4391.0000,1755.0000,0.0000,25.0000,31.0000,24.0000,11.0000
2.6250,0.6090,0.5110,0.3630,0.2950,0.0000,0.0000,1.5050,1.0000,4.9050,8.5080,6.6670,0.0000,0.0000,0.0000,69.9574,0.0000,4394.0000,1755.0000,0.0000,25.0000,31.0000,24.0000,11.0000
2.3970,0.7560,0.4480,0.4320,0.2280,0.0000,0.0000,1.1930,1.0000,4.9050,8.5080,6.6670,0.0000,0.0000,0.0000,69.9879,0.0000,4397.0000,1755.0000,0.0000,25.0000,31.0000,24.0000,11.0000
2.2110,0.7700,0.4480,0.3990,0.2280,0.0000,0.0000,0.9930,1.0000,4.9050,8.5080,6.6670,0.0000,0.0000,0.0000,69.9881,0.0000,4397.0000,1755.0000,0.0000,25.0000,31.0000,24.0000,11.0000
2.2840,0.6290,0.4620,0.4320,0.2240,0.0000,0.0000,1.1930,1.0000,4.9050,8.5080,6.6670,0.0000,0.0000,0.0000,70.0086,0.0000,4399.0000,1755.0000,0.0000,25.0000,31.0000,24.0000,10.0000
2.4700,0.7290,0.4010,0.4490,0.1800,0.0000,0.0000,1.3400,1.0000,4.9050,8.5080,6.6670,0.0000,0.0000,0.0000,70.0086,0.0000,4399.0000,1755.0000,0.0000,25.0000,31.0000,24.0000,10.0000
2.4920,0.7320,0.4790,0.4360,0.2570,0.0000,0.0000,1.2810,1.0000,4.9050,8.5080,6.6670,0.0000,0.0000,0.0000,70.0204,0.0000,4400.0000,1755.0000,0.0000,25.0000,31.0000,24.0000,10.0000
1.9520,0.7140,0.3890,0.4440,0.1620,0.0000,0.0000,0.8490,1.0000,4.9050,8.5080,6.6670,0.0000,0.0000,0.0000,70.0205,0.0000,4400.0000,1755.0000,0.0000,25.0000,31.0000,24.0000,10.0000
1.9250,0.5960,0.3880,0.3570,0.1640,0.0000,0.0000,0.9410,1.0000,4.9050,8.5080,6.6670,0.0000,0.0000,0.0000,70.0205,0.0000,4400.0000,1755.0000,0.0000,25.0000,31.0000,24.0000,9.0000
2.1480,0.5940,0.4050,0.4120,0.1610,0.0000,0.0000,1.1490,1.0000,4.9050,8.5080,6.6670,0.0000,0.0000,0.0000,70.0205,0.0000,4400.0000,1755.0000,0.0000,25.0000,31.0000,24.0000,9.0000
2.2840,0.6140,0.4130,0.4300,0.1850,0.0000,0.0000,1.2570,1.0000,4.9050,8.5080,6.6670,0.0000,0.0000,0.0000,70.0308,0.0000,4401.0000,1755.0000,0.0000,25.0000,31.0000,24.0000,9.0000
1.9610,0.7140,0.3750,0.4140,0.1570,0.0000,0.0000,0.8720,1.0000,4.9050,8.5080,6.6670,0.0000,0.0000,0.0000,70.0308,0.0000,4401.0000,1755.0000,0.0000,25.0000,31.0000,24.0000,9.0000
2.0100,0.5790,0.3680,0.3550,0.1570,0.0000,0.0000,1.0630,1.0000,4.9050,8.5080,6.6670,0.0000,0.0000,0.0000,70.0309,0.0000,4401.0000,1755.0000,0.0000,25.0000,31.0000,24.0000,9.0000
2.3010,0.5780,0.4290,0.3530,0.2170,0.0000,0.0000,1.2940,1.0000,4.9050,8.5080,6.6670,0.0000,0.0000,0.0000,70.0407,0.0000,4402.0000,1755.0000,0.0000,25.0000,31.0000,24.0000,9.0000
2.4200,0.7450,0.5130,0.4200,0.3030,0.0000,0.0000,1.1620,1.0000,4.9050,8.5080,6.6670,0.0000,0.0000,0.0000,69.7820,0.0000,4377.0000,1755.0000,0.0000,25.0000,31.0000,24.0000,9.0000
2.3230,0.8320,0.4420,0.4820,0.2230,0.0000,0.0000,1.0490,1.0000,4.9050,8.5080,6.6670,0.0000,0.0000,0.0000,69.8024,0.0000,4379.0000,1755.0000,0.0000,25.0000,31.0000,24.0000,9.0000
1.9730,0.7200,0.3880,0.3660,0.1890,0.0000,0.0000,0.8650,1.0000,4.9050,8.5080,6.6670,0.0000,0.0000,0.0000,69.8025,0.0000,4379.0000,1755.0000,0.0000,25.0000,31.0000,24.0000,9.0000
2.1730,0.5360,0.3950,0.3460,0.2000,0.0000,0.0000,1.2420,1.0000,4.9050,8.5080,6.6670,0.0000,0.0000,0.0000,69.8129,0.0000,4380.0000,1755.0000,0.0000,25.0000,31.0000,24.0000,9.0000
2.0740,0.6350,0.4240,0.3900,0.2140,0.0000,0.0000,1.0150,1.0000,4.9050,8.5080,6.6670,0.0000,0.0000,0.0000,69.8129,0.0000,4380.0000,1755.0000,0.0000,25.0000,31.0000,24.0000,9.0000
2.2070,0.5290,0.4630,0.3450,0.2420,0.0000,0.0000,1.2150,1.0000,4.9050,8.5080,6.6670,0.0000,0.0000,0.0000,69.8130,0.0000,4380.0000,1755.0000,0.0000,25.0000,31.0000,24.0000,9.0000
2.1480,0.6750,0.4410,0.4880,0.1780,0.0000,0.0000,1.0320,1.0000,4.9050,8.5080,6.6670,0.0000,0.0000,0.0000,69.8130,0.0000,4380.0000,1755.0000,0.0000,25.0000,31.0000,24.0000,9.0000
2.0250,0.6800,0.3870,0.4550,0.1710,0.0000,0.0000,0.9580,1.0000,4.9050,8.5080,6.6670,0.0000,0.0000,0.0000,69.8130,0.0000,4380.0000,1755.0000,0.0000,25.0000,31.0000,24.0000,9.0000
2.4130,0.6060,0.4870,0.4310,0.2160,0.0000,0.0000,1.3200,1.0000,4.9050,8.5080,6.6670,0.0000,0.0000,0.0000,69.8332,0.0000,4382.0000,1755.0000,0.0000,25.0000,31.0000,24.0000,9.0000
2.3260,0.8150,0.4400,0.4780,0.2180,0.0000,0.0000,1.0710,1.0000,4.9050,8.5080,6.6670,0.0000,0.0000,0.0000,69.8332,0.0000,4382.0000,1755.0000,0.0000,25.0000,31.0000,24.0000,8.0000
2.4740,0.6460,0.5550,0.4150,0.2590,0.0000,0.0000,1.2730,1.0000,4.9050,8.5080,6.6670,0.0000,0.0000,0.0000,69.8436,0.0000,4383.0000,1755.0000,0.0000,25.0000,31.0000,24.0000,8.0000
2.2950,0.6900,0.4210,0.3800,0.2120,0.0000,0.0000,1.1840,1.0000,4.9050,8.5080,6.6670,0.0000,0.0000,0.0000,69.8742,0.0000,4386.0000,1755.0000,0.0000,25.0000,31.0000,24.0000,8.0000
2.0940,0.7120,0.3800,0.3690,0.1650,0.0000,0.0000,1.0020,1.0000,4.9050,8.5080,6.6670,0.0000,0.0000,0.0000,69.8743,0.0000,4386.0000,1755.0000,0.0000,25.0000,31.0000,24.0000,8.0000
2.0640,0.5710,0.4150,0.3690,0.2080,0.0000,0.0000,1.0780,1.0000,4.9050,8.5080,6.6670,0.0000,0.0000,0.0000,69.8745,0.0000,4386.0000,1755.0000,0.0000,25.0000,31.0000,24.0000,8.0000
2.0000,0.5820,0.4350,0.3950,0.2240,0.0000,0.0000,0.9830,1.0000,4.9050,8.5080,6.6670,0.0000,0.0000,0.0000,69.8745,0.0000,4386.0000,1755.0000,0.0000,25.0000,31.0000,24.0000,8.0000
2.1000,0.5960,0.4620,0.4030,0.2660,0.0000,0.0000,1.0420,1.0000,4.9050,8.5080,6.6670,0.0000,0.0000,0.0000,69.8745,0.0000,4386.0000,1755.0000,0.0000,25.0000,31.0000,24.0000,8.0000
2.0970,0.5770,0.4490,0.3950,0.1930,0.0000,0.0000,1.0710,1.0000,4.9050,8.5080,6.6670,0.0000,0.0000,0.0000,69.8745,0.0000,4386.0000,1755.0000,0.0000,25.0000,31.0000,24.0000,8.0000
2.0620,0.5900,0.4570,0.4060,0.1890,0.0000,0.0000,1.0150,1.0000,4.9050,8.5080,6.6670,0.0000,0.0000,0.0000,69.8745,0.0000,4386.0000,1755.0000,0.0000,25.0000,31.0000,24.0000,8.0000
2.0440,0.6350,0.4420,0.4480,0.1710,0.0000,0.0000,0.9670,1.0000,4.9050,8.5080,6.6670,0.0000,0.0000,0.0000,69.8745,0.0000,4386.0000,1755.0000,0.0000,25.0000,31.0000,24.0000,8.0000
1.9900,0.6120,0.4120,0.4340,0.1610,0.0000,0.0000,0.9660,1.0000,4.9050,8.5080,6.6670,0.0000,0.0000,0.0000,69.8745,0.0000,4386.0000,1755.0000,0.0000,25.0000,31.0000,24.0000,8.0000
2.0080,0.6210,0.3860,0.4410,0.1600,0.0000,0.0000,1.0010,1.0000,4.9050,8.5080,6.6670,0.0000,0.0000,0.0000,69.8745,0.0000,4386.0000,1755.0000,0.0000,25.0000,31.0000,24.0000,8.0000
1.9810,0.6260,0.4310,0.4260,0.1650,0.0000,0.0000,0.9240,1.0000,4.9050,8.5080,6.6670,0.0000,0.0000,0.0000,69.8745,0.0000,4386.0000,1755.0000,0.0000,25.0000,31.0000,24.0000,8.0000
1.9900,0.5950,0.4060,0.4160,0.1920,0.0000,0.0000,0.9890,1.0000,4.9050,8.5080,6.6670,0.0000,0.0000,0.0000,69.8847,0.0000,4387.0000,1755.0000,0.0000,25.0000,31.0000,24.0000,8.0000
1.9620,0.6230,0.4260,0.4040,0.1590,0.0000,0.0000,0.9130,1.0000,4.9050,8.5080,6.6670,0.0000,0.0000,0.0000,69.8847,0.0000,4387.0000,1755.0000,0.0000,25.0000,31.0000,24.0000,8.0000
2.0320,0.6080,0.4310,0.4300,0.2050,0.0000,0.0000,0.9930,1.0000,4.9050,8.5080,6.6670,0.0000,0.0000,0.0000,69.8950,0.0000,4388.0000,1755.0000,0.0000,25.0000,31.0000,24.0000,7.0000
2.1410,0.6350,0.4890,0.4120,0.2060,0.0000,0.0000,1.0170,1.0000,4.9050,8.5080,6.6670,0.0000,0.0000,0.0000,69.9153,0.0000,4390.0000,1755.0000,0.0000,25.0000,31.0000,24.0000,7.0000
2.2000,0.6780,0.4120,0.3680,0.2020,0.0000,0.0000,1.1100,1.0000,4.9050,8.5080,6.6670,0.0000,0.0000,0.0000,69.9256,0.0000,4391.0000,1755.0000,0.0000,25.0000,31.0000,24.0000,8.0000
1.9340,0.7500,0.3640,0.4480,0.1640,0.0000,0.0000,0.8200,1.0000,4.9050,8.5080,6.6670,0.0000,0.0000,0.0000,69.9257,0.0000,4391.0000,1755.0000,0.0000,25.0000,31.0000,24.0000,8.0000
2.0560,0.6070,0.3810,0.3440,0.1620,0.0000,0.0000,1.0680,1.0000,4.9050,8.5080,6.6670,0.0000,0.0000,0.0000,69.9257,0.0000,4391.0000,1755.0000,0.0000,25.0000,31.0000,24.0000,8.0000
1.9200,0.6090,0.3820,0.3490,0.1700,0.0000,0.0000,0.9290,1.0000,4.9050,8.5080,6.6670,0.0000,0.0000,0.0000,69.9257,0.0000,4391.0000,1755.0000,0.0000,25.0000,31.0000,24.0000,8.0000
1.8690,0.5430,0.3570,0.3470,0.1570,0.0000,0.0000,0.9690,1.0000,4.9050,8.5080,6.6670,0.0000,0.0000,0.0000,69.9264,0.0000,4391.0000,1755.0000,0.0000,25.0000,32.0000,24.0000,8.0000
2.0260,0.5850,0.4070,0.3530,0.1940,0.0000,0.0000,1.0340,1.0000,4.9050,8.5080,6.6670,0.0000,0.0000,0.0000,69.9367,0.0000,4392.0000,1755.0000,0.0000,25.0000,32.0000,24.0000,8.0000
1.9410,0.6470,0.3640,0.3610,0.1590,0.0000,0.0000,0.9300,1.0000,4.9050,8.5080,6.6670,0.0000,0.0000,0.0000,69.9367,0.0000,4392.0000,1755.0000,0.0000,25.0000,32.0000,24.0000,8.0000
2.1420,0.6310,0.4660,0.4580,0.1950,0.0000,0.0000,1.0450,1.0000,4.9050,8.5080,6.6670,0.0000,0.0000,0.0000,69.9368,0.0000,4392.0000,1755.0000,0.0000,25.0000,32.0000,24.0000,8.0000
2.0310,0.6110,0.3990,0.3460,0.1950,0.0000,0.0000,1.0210,1.0000,4.9050,8.5080,6.6670,0.0000,0.0000,0.0000,69.9470,0.0000,4393.0000,1755.0000,0.0000,25.0000,32.0000,24.0000,8.0000
2.1050,0.6330,0.4030,0.3400,0.1690,0.0000,0.0000,1.0690,1.0000,4.9050,8.5080,6.6670,0.0000,0.0000,0.0000,69.9470,0.0000,4393.0000,1755.0000,0.0000,25.0000,32.0000,24.0000,8.0000
1.9360,0.6090,0.3950,0.3830,0.1780,0.0000,0.0000,0.9320,1.0000,4.9050,8.5080,6.6670,0.0000,0.0000,0.0000,69.9471,0.0000,4393.0000,1755.0000,0.0000,25.0000,32.0000,24.0000,8.0000
2.1180,0.5400,0.4080,0.3400,0.2070,0.0000,0.0000,1.1700,1.0000,4.9050,8.5080,6.6670,0.0000,0.0000,0.0000,69.9574,0.0000,4394.0000,1755.0000,0.0000,25.0000,32.0000,24.0000,8.0000
1.9480,0.6700,0.3770,0.3900,0.1690,0.0000,0.0000,0.9010,1.0000,4.9050,8.5080,6.6670,0.0000,0.0000,0.0000,69.9575,0.0000,4394.0000,1755.0000,0.0000,25.0000,32.0000,24.0000,8.0000
2.0580,0.5520,0.4230,0.3310,0.1750,0.0000,0.0000,1.0830,1.0000,4.9050,8.5080,6.6670,0.0000,0.0000,0.0000,69.9575,0.0000,4394.0000,1755.0000,0.0000,25.0000,32.0000,24.0000,8.0000
2.1790,0.5540,0.4040,0.3450,0.1900,0.0000,0.0000,1.2210,1.0000,4.9050,8.5080,6.6670,0.0000,0.0000,0.0000,69.9678,0.0000,4395.0000,1755.0000,0.0000,25.0000,32.0000,24.0000,8.0000
1.9490,0.6050,0.4270,0.3630,0.2130,0.0000,0.0000,0.9170,1.0000,4.9050,8.5080,6.6670,0.0000,0.0000,0.0000,69.9678,0.0000,4395.0000,1755.0000,0.0000,25.0000,32.0000,24.0000,8.0000
1.9910,0.5370,0.3770,0.3370,0.1710,0.0000,0.0000,1.0770,1.0000,4.9050,8.5080,6.6670,0.0000,0.0000,0.0000,69.9679,0.0000,4395.0000,1755.0000,0.0000,25.0000,32.0000,24.0000,8.0000
1.9910,0.5290,0.4070,0.3340,0.1670,0.0000,0.0000,1.0550,1.0000,4.9050,8.5080,6.6670,0.0000,0.0000,0.0000,69.9679,0.0000,4395.0000,1755.0000,0.0000,25.0000,32.0000,24.0000,8.0000
2.6070,0.5320,0.3610,0.3410,0.1590,0.0000,0.0000,1.7140,1.0000,4.9050,8.5080,6.6670,0.0000,0.0000,0.0000,69.9679,0.0000,4395.0000,1755.0000,0.0000,25.0000,32.0000,24.0000,8.0000
2.1370,0.5280,0.4250,0.3380,0.2030,0.0000,0.0000,1.1840,1.0000,4.9050,8.5080,6.6670,0.0000,0.0000,0.0000,69.7934,0.0000,4378.0000,1755.0000,0.0000,25.0000,32.0000,24.0000,8.0000
1.9750,0.6860,0.3770,0.3430,0.1570,0.0000,0.0000,0.9120,1.0000,4.9050,8.5080,6.6670,0.0000,0.0000,0.0000,69.7933,0.0000,4378.0000,1755.0000,0.0000,25.0000,32.0000,24.0000,8.0000
2.0900,0.6550,0.4350,0.3500,0.2040,0.0000,0.0000,1.0000,1.0000,4.9050,8.5080,6.6670,0.0000,0.0000,0.0000,69.8037,0.0000,4379.0000,1755.0000,0.0000,25.0000,32.0000,24.0000,8.0000
2.0210,0.5880,0.3530,0.3450,0.1540,0.0000,0.0000,1.0800,1.0000,4.9050,8.5080,6.6670,0.0000,0.0000,0.0000,69.8037,0.0000,4379.0000,1755.0000,0.0000,25.0000,32.0000,24.0000,8.0000
2.1690,0.6490,0.4150,0.3650,0.2050,0.0000,0.0000,1.1050,1.0000,4.9050,8.5080,6.6670,0.0000,0.0000,0.0000,69.8239,0.0000,4381.0000,1755.0000,0.0000,25.0000,32.0000,24.0000,8.0000
1.9990,0.6260,0.3840,0.3400,0.1600,0.0000,0.0000,0.9890,1.0000,4.9050,8.5080,6.6670,0.0000,0.0000,0.0000,69.8239,0.0000,4381.0000,1755.0000,0.0000,25.0000,32.0000,24.0000,8.0000
2.0260,0.5230,0.3890,0.3370,0.1950,0.0000,0.0000,1.1140,1.0000,4.9050,8.5080,6.6670,0.0000,0.0000,0.0000,69.8342,0.0000,4382.0000,1755.0000,0.0000,25.0000,32.0000,24.0000,8.0000
2.0080,0.6300,0.3450,0.4050,0.1530,0.0000,0.0000,1.0330,1.0000,4.9050,8.5080,6.6670,0.0000,0.0000,0.0000,69.8342,0.0000,4382.0000,1755.0000,0.0000,25.0000,32.0000,24.0000,8.0000
1.9500,0.5810,0.3720,0.3950,0.1560,0.0000,0.0000,0.9970,1.0000,4.9050,8.5080,6.6670,0.0000,0.0000,0.0000,69.8342,0.0000,4382.0000,1755.0000,0.0000,25.0000,32.0000,24.0000,8.0000
2.0770,0.5220,0.3980,0.3400,0.1880,0.0000,0.0000,1.1570,1.0000,4.9050,8.5080,6.6670,0.0000,0.0000,0.0000,69.8452,0.0000,4383.0000,1755.0000,0.0000,25.0000,33.0000,24.0000,8.0000
1.9710,0.5990,0.3730,0.3420,0.1530,0.0000,0.0000,0.9990,1.0000,4.9050,8.5080,6.6670,0.0000,0.0000,0.0000,69.8452,0.0000,4383.0000,1755.0000,0.0000,25.0000,33.0000,24.0000,8.0000
1.9710,0.5510,0.3550,0.3390,0.1540,0.0000,0.0000,1.0650,1.0000,4.9050,8.5080,6.6670,0.0000,0.0000,0.0000,69.8452,0.0000,4383.0000,1755.0000,0.0000,25.0000,33.0000,24.0000,8.0000
2.2860,0.5490,0.4470,0.3610,0.2220,0.0000,0.0000,1.2900,1.0000,4.9050,8.5080,6.6670,0.0000,0.0000,0.0000,69.8555,0.0000,4384.0000,1755.0000,0.0000,25.0000,33.0000,24.0000,8.0000
2.1160,0.5750,0.4860,0.3400,0.2310,0.0000,0.0000,1.0550,1.0000,4.9050,8.5080,6.6670,0.0000,0.0000,0.0000,69.8541,0.0000,4384.0000,1755.0000,0.0000,25.0000,31.0000,24.0000,8.0000
1.9600,0.6240,0.3920,0.4360,0.1630,0.0000,0.0000,0.9440,1.0000,4.9050,8.5080,6.6670,0.0000,0.0000,0.0000,69.8549,0.0000,4384.0000,1755.0000,0.0000,25.0000,32.0000,24.0000,8.0000
2.1690,0.6150,0.4860,0.4200,0.2200,0.0000,0.0000,1.0680,1.0000,4.9050,8.5080,6.6670,0.0000,0.0000,0.0000,69.8651,0.0000,4385.0000,1755.0000,0.0000,25.0000,32.0000,24.0000,8.0000
2.0110,0.6460,0.3600,0.4180,0.1510,0.0000,0.0000,1.0050,1.0000,4.9050,8.5080,6.6670,0.0000,0.0000,0.0000,69.8651,0.0000,4385.0000,1755.0000,0.0000,25.0000,32.0000,24.0000,8.0000
2.5260,0.6230,0.3910,0.4420,0.1510,0.0000,0.0000,1.5120,1.0000,4.9050,8.5080,6.6670,0.0000,0.0000,0.0000,69.8652,0.0000,4385.0000,1755.0000,0.0000,25.0000,32.0000,24.0000,8.0000
2.1010,0.6090,0.3540,0.4300,0.1510,0.0000,0.0000,1.1380,1.0000,4.9050,8.5080,6.6670,0.0000,0.0000,0.0000,69.8652,0.0000,4385.0000,1755.0000,0.0000,25.0000,32.0000,24.0000,8.0000
2.0280,0.5340,0.4330,0.3480,0.2260,0.0000,0.0000,1.0610,1.0000,4.9050,8.5080,6.6670,0.0000,0.0000,0.0000,69.8652,0.0000,4385.0000,1755.0000,0.0000,25.0000,32.0000,24.0000,8.0000
2.0550,0.5350,0.4080,0.3540,0.2100,0.0000,0.0000,1.1120,1.0000,4.9050,8.5080,6.6670,0.0000,0.0000,0.0000,69.8652,0.0000,4385.0000,1755.0000,0.0000,25.0000,32.0000,24.0000,8.0000
1.9880,0.5200,0.4140,0.3400,0.2010,0.0000,0.0000,1.0540,1.0000,4.9050,8.5080,6.6670,0.0000,0.0000,0.0000,69.8652,0.0000,4385.0000,1755.0000,0.0000,25.0000,32.0000,24.0000,8.0000
2.0220,0.5980,0.3860,0.4160,0.1920,0.0000,0.0000,1.0380,1.0000,4.9050,8.5080,6.6670,0.0000,0.0000,0.0000,69.8652,0.0000,4385.0000,1755.0000,0.0000,25.0000,32.0000,24.0000,8.0000
2.0540,0.5930,0.4210,0.4080,0.2230,0.0000,0.0000,1.0400,1.0000,4.9050,8.5080,6.6670,0.0000,0.0000,0.0000,69.8764,0.0000,4386.0000,1755.0000,0.0000,25.0000,33.0000,24.0000,7.0000
2.0270,0.6820,0.4070,0.4460,0.1800,0.0000,0.0000,0.9380,1.0000,4.9050,8.5080,6.6670,0.0000,0.0000,0.0000,69.8764,0.0000,4386.0000,1755.0000,0.0000,25.0000,33.0000,24.0000,7.0000
2.1130,0.6870,0.4630,0.4890,0.2150,0.0000,0.0000,0.9630,1.0000,4.9050,8.5080,6.6670,0.0000,0.0000,0.0000,69.8868,0.0000,4387.0000,1755.0000,0.0000,25.0000,33.0000,24.0000,7.0000
2.0390,0.6990,0.4130,0.4200,0.1770,0.0000,0.0000,0.9270,1.0000,4.9050,8.5080,6.6670,0.0000,0.0000,0.0000,69.8868,0.0000,4387.0000,1755.0000,0.0000,25.0000,33.0000,24.0000,7.0000
2.0600,0.6870,0.4090,0.4920,0.1730,0.0000,0.0000,0.9640,1.0000,4.9050,8.5080,6.6670,0.0000,0.0000,0.0000,69.8868,0.0000,4387.0000,1755.0000,0.0000,25.0000,33.0000,24.0000,7.0000
2.0690,0.6350,0.3800,0.4530,0.1570,0.0000,0.0000,1.0540,1.0000,4.9050,8.5080,6.6670,0.0000,0.0000,0.0000,69.8868,0.0000,4387.0000,1755.0000,0.0000,25.0000,33.0000,24.0000,7.0000
2.0290,0.6620,0.3740,0.4740,0.1590,0.0000,0.0000,0.9930,1.0000,4.9050,8.5080,6.6670,0.0000,0.0000,0.0000,69.8868,0.0000,4387.0000,1755.0000,0.0000,25.0000,33.0000,24.0000,7.0000
2.3130,0.5990,0.3670,0.3510,0.1610,0.0000,0.0000,1.3470,1.0000,4.9050,8.5080,6.6670,0.0000,0.0000,0.0000,69.8868,0.0000,4387.0000,1755.0000,0.0000,25.0000,33.0000,24.0000,7.0000
2.0830,0.6620,0.3680,0.3660,0.1550,0.0000,0.0000,1.0530,1.0000,4.9050,8.5080,6.6670,0.0000,0.0000,0.0000,69.8868,0.0000,4387.0000,1755.0000,0.0000,25.0000,33.0000,24.0000,7.0000
2.1990,0.5390,0.4010,0.3510,0.2000,0.0000,0.0000,1.2590,1.0000,4.9050,8.5080,6.6670,0.0000,0.0000,0.0000,69.9073,0.0000,4389.0000,1755.0000,0.0000,25.0000,33.0000,24.0000,7.0000
1.9450,0.6970,0.3900,0.4290,0.1950,0.0000,0.0000,0.8580,1.0000,4.9050,8.5080,6.6670,0.0000,0.0000,0.0000,69.9073,0.0000,4389.0000,1755.0000,0.0000,25.0000,33.0000,24.0000,7.0000
2.0050,0.5710,0.4480,0.3890,0.2440,0.0000,0.0000,0.9860,1.0000,4.9050,8.5080,6.6670,0.0000,0.0000,0.0000,69.9074,0.0000,4389.0000,1755.0000,0.0000,25.0000,33.0000,24.0000,7.0000
2.1700,0.5940,0.4260,0.3910,0.2320,0.0000,0.0000,1.1500,1.0000,4.9050,8.5080,6.6670,0.0000,0.0000,0.0000,69.9177,0.0000,4390.0000,1755.0000,0.0000,25.0000,33.0000,24.0000,8.0000
2.0200,0.6330,0.4550,0.3930,0.1930,0.0000,0.0000,0.9320,1.0000,4.9050,8.5080,6.6670,0.0000,0.0000,0.0000,69.9177,0.0000,4390.0000,1755.0000,0.0000,25.0000,33.0000,24.0000,8.0000
2.0160,0.5830,0.4380,0.4050,0.2140,0.0000,0.0000,0.9950,1.0000,4.9050,8.5080,6.6670,0.0000,0.0000,0.0000,69.9280,0.0000,4391.0000,1755.0000,0.0000,25.0000,33.0000,24.0000,8.0000
2.0640,0.6420,0.4770,0.4210,0.2120,0.0000,0.0000,0.9450,1.0000,4.9050,8.5080,6.6670,0.0000,0.0000,0.0000,69.9383,0.0000,4392.0000,1755.0000,0.0000,25.0000,33.0000,24.0000,8.0000
2.1780,0.6390,0.4290,0.4200,0.1760,0.0000,0.0000,1.1100,1.0000,4.9050,8.5080,6.6670,0.0000,0.0000,0.0000,69.9384,0.0000,4392.0000,1755.0000,0.0000,25.0000,33.0000,24.0000,8.0000
2.0840,0.6120,0.4190,0.4300,0.1600,0.0000,0.0000,1.0530,1.0000,4.9050,8.5080,6.6670,0.0000,0.0000,0.0000,69.9384,0.0000,4392.0000,1755.0000,0.0000,25.0000,33.0000,24.0000,8.0000
1.8780,0.5980,0.3580,0.3720,0.1550,0.0000,0.0000,0.9220,1.0000,4.9050,8.5080,6.6670,0.0000,0.0000,0.0000,69.9384,0.0000,4392.0000,1755.0000,0.0000,25.0000,33.0000,24.0000,8.0000
2.1320,0.5810,0.3680,0.3550,0.1560,0.0000,0.0000,1.1830,1.0000,4.9050,8.5080,6.6670,0.0000,0.0000,0.0000,69.9384,0.0000,4392.0000,1755.0000,0.0000,25.0000,33.0000,24.0000,8.0000
2.1890,0.5910,0.3870,0.3600,0.1670,0.0000,0.0000,1.2110,1.0000,4.9050,8.5080,6.6670,0.0000,0.0000,0.0000,69.9391,0.0000,4392.0000,1755.0000,0.0000,25.0000,34.0000,24.0000,8.0000
2.7220,0.5890,0.4280,0.3590,0.2190,0.0000,0.0000,1.7050,1.0000,4.9050,8.5080,6.6670,0.0000,0.0000,0.0000,69.9605,0.0000,4394.0000,1755.0000,0.0000,25.0000,34.0000,24.0000,8.0000
2.0990,1.1280,0.3830,0.8080,0.1580,0.0000,0.0000,0.5880,1.0000,4.9050,8.5080,6.6670,0.0000,0.0000,0.0000,69.9601,0.0000,4394.0000,1755.0000,0.0000,25.0000,34.0000,24.0000,8.0000
2.1250,0.6560,0.4070,0.3740,0.2080,0.0000,0.0000,1.0620,1.0000,4.9050,8.5080,6.6670,0.0000,0.0000,0.0000,69.7548,0.0000,4374.0000,1755.0000,0.0000,25.0000,34.0000,24.0000,8.0000
2.0410,0.5950,0.3610,0.3540,0.1620,0.0000,0.0000,1.0850,1.0000,4.9050,8.5080,6.6670,0.0000,0.0000,0.0000,69.7547,0.0000,4374.0000,1755.0000,0.0000,25.0000,34.0000,24.0000,8.0000
2.1190,0.5970,0.4320,0.3860,0.2220,0.0000,0.0000,1.0900,1.0000,4.9050,8.5080,6.6670,0.0000,0.0000,0.0000,69.7750,0.0000,4376.0000,1755.0000,0.0000,25.0000,34.0000,24.0000,8.0000
2.1280,0.6170,0.4010,0.3590,0.1720,0.0000,0.0000,1.1100,1.0000,4.9050,8.5080,6.6670,0.0000,0.0000,0.0000,69.7869,0.0000,4377.0000,1755.0000,0.0000,25.0000,34.0000,24.0000,8.0000
2.0000,0.5710,0.4000,0.3420,0.2020,0.0000,0.0000,1.0290,1.0000,4.9050,8.5080,6.6670,0.0000,0.0000,0.0000,69.7870,0.0000,4377.0000,1755.0000,0.0000,25.0000,34.0000,24.0000,8.0000
1.9220,0.5400,0.3920,0.3660,0.1960,0.0000,0.0000,0.9900,1.0000,4.9050,8.5080,6.6670,0.0000,0.0000,0.0000,69.7863,0.0000,4377.0000,1755.0000,0.0000,25.0000,33.0000,24.0000,8.0000
1.9420,0.5180,0.3450,0.3410,0.1530,0.0000,0.0000,1.0790,1.0000,4.9050,8.5080,6.6670,0.0000,0.0000,0.0000,69.7863,0.0000,4377.0000,1755.0000,0.0000,25.0000,33.0000,24.0000,8.0000
2.0530,0.5800,0.4020,0.4060,0.1750,0.0000,0.0000,1.0710,1.0000,4.9050,8.5080,6.6670,0.0000,0.0000,0.0000,69.7863,0.0000,4377.0000,1755.0000,0.0000,25.0000,33.0000,24.0000,7.0000
2.0560,0.5840,0.3650,0.3730,0.1600,0.0000,0.0000,1.1070,1.0000,4.9050,8.5080,6.6670,0.0000,0.0000,0.0000,69.7863,0.0000,4377.0000,1755.0000,0.0000,25.0000,33.0000,24.0000,7.0000
2.0920,0.5480,0.4400,0.3580,0.2440,0.0000,0.0000,1.1040,1.0000,4.9050,8.5080,6.6670,0.0000,0.0000,0.0000,69.8066,0.0000,4379.0000,1755.0000,0.0000,25.0000,33.0000,24.0000,7.0000
1.8550,0.6590,0.3980,0.3990,0.2030,0.0000,0.0000,0.7980,1.0000,4.9050,8.5080,6.6670,0.0000,0.0000,0.0000,69.8067,0.0000,4379.0000,1755.0000,0.0000,25.0000,33.0000,24.0000,7.0000
1.9080,0.5100,0.3800,0.3360,0.1640,0.0000,0.0000,1.0180,1.0000,4.9050,8.5080,6.6670,0.0000,0.0000,0.0000,69.8068,0.0000,4379.0000,1755.0000,0.0000,25.0000,33.0000,24.0000,7.0000
2.0630,0.5100,0.3960,0.3330,0.2110,0.0000,0.0000,1.1570,1.0000,4.9050,8.5080,6.6670,0.0000,0.0000,0.0000,69.8270,0.0000,4381.0000,1755.0000,0.0000,25.0000,33.0000,24.0000,7.0000
1.9580,0.6250,0.3280,0.3630,0.1450,0.0000,0.0000,1.0050,1.0000,4.9050,8.5080,6.6670,0.0000,0.0000,0.0000,69.8270,0.0000,4381.0000,1755.0000,0.0000,25.0000,33.0000,24.0000,7.0000
1.9730,0.5440,0.3760,0.3640,0.1620,0.0000,0.0000,1.0530,1.0000,4.9050,8.5080,6.6670,0.0000,0.0000,0.0000,69.8271,0.0000,4381.0000,1755.0000,0.0000,25.0000,33.0000,24.0000,7.0000
2.2350,0.5160,0.3880,0.3360,0.1950,0.0000,0.0000,1.3310,1.0000,4.9050,8.5080,6.6670,0.0000,0.0000,0.0000,69.8474,0.0000,4383.0000,1755.0000,0.0000,25.0000,33.0000,24.0000,7.0000
2.2290,0.6230,0.4290,0.3580,0.2180,0.0000,0.0000,1.1770,1.0000,4.9050,8.5080,6.6670,0.0000,0.0000,0.0000,69.8475,0.0000,4383.0000,1755.0000,0.0000,25.0000,33.0000,24.0000,8.0000
2.1130,0.6920,0.4740,0.5130,0.1660,0.0000,0.0000,0.9470,1.0000,4.9050,8.5080,6.6670,0.0000,0.0000,0.0000,69.8476,0.0000,4383.0000,1755.0000,0.0000,25.0000,33.0000,24.0000,8.0000
2.0760,0.6450,0.3560,0.4440,0.1500,0.0000,0.0000,1.0750,1.0000,4.9050,8.5080,6.6670,0.0000,0.0000,0.0000,69.8469,0.0000,4383.0000,1755.0000,0.0000,25.0000,32.0000,24.0000,8.0000
2.1900,0.6260,0.4190,0.4340,0.2130,0.0000,0.0000,1.1450,1.0000,4.9050,8.5080,6.6670,0.0000,0.0000,0.0000,69.8462,0.0000,4383.0000,1755.0000,0.0000,25.0000,31.0000,24.0000,8.0000
2.1720,0.6190,0.3960,0.3470,0.2050,0.0000,0.0000,1.1570,1.0000,4.9050,8.5080,6.6670,0.0000,0.0000,0.0000,69.8769,0.0000,4386.0000,1755.0000,0.0000,25.0000,31.0000,24.0000,8.0000
2.0700,0.6680,0.3910,0.3370,0.1670,0.0000,0.0000,1.0110,1.0000,4.9050,8.5080,6.6670,0.0000,0.0000,0.0000,69.8770,0.0000,4386.0000,1755.0000,0.0000,25.0000,31.0000,24.0000,8.0000
2.1040,0.5430,0.3700,0.3540,0.1630,0.0000,0.0000,1.1910,1.0000,4.9050,8.5080,6.6670,0.0000,0.0000,0.0000,69.8779,0.0000,4386.0000,1755.0000,0.0000,25.0000,32.0000,24.0000,8.0000
2.2750,0.5450,0.4460,0.3610,0.2180,0.0000,0.0000,1.2840,1.0000,4.9050,8.5080,6.6670,0.0000,0.0000,0.0000,69.9001,0.0000,4388.0000,1755.0000,0.0000,25.0000,32.0000,24.0000,8.0000
2.0590,0.6970,0.4030,0.3960,0.1750,0.0000,0.0000,0.9590,1.0000,4.9050,8.5080,6.6670,0.0000,0.0000,0.0000,69.9001,0.0000,4388.0000,1755.0000,0.0000,25.0000,32.0000,24.0000,8.0000
2.1670,0.6470,0.4090,0.4670,0.1920,0.0000,0.0000,1.1110,1.0000,4.9050,8.5080,6.6670,0.0000,0.0000,0.0000,69.9113,0.0000,4389.0000,1755.0000,0.0000,25.0000,33.0000,24.0000,9.0000
2.0450,0.6910,0.3710,0.4280,0.1590,0.0000,0.0000,0.9830,1.0000,4.9050,8.5080,6.6670,0.0000,0.0000,0.0000,69.9113,0.0000,4389.0000,1755.0000,0.0000,25.0000,33.0000,24.0000,9.0000
2.0950,0.6350,0.3890,0.3610,0.1900,0.0000,0.0000,1.0710,1.0000,4.9050,8.5080,6.6670,0.0000,0.0000,0.0000,69.9216,0.0000,4390.0000,1755.0000,0.0000,25.0000,33.0000,24.0000,9.0000
2.1430,0.6480,0.3510,0.3640,0.1550,0.0000,0.0000,1.1440,1.0000,4.9050,8.5080,6.6670,0.0000,0.0000,0.0000,69.9216,0.0000,4390.0000,1755.0000,0.0000,25.0000,33.0000,24.0000,9.0000
2.1650,0.7090,0.3730,0.4230,0.1630,0.0000,0.0000,1.0830,1.0000,4.9050,8.5080,6.6670,0.0000,0.0000,0.0000,69.9212,0.0000,4390.0000,1755.0000,0.0000,25.0000,32.0000,24.0000,10.0000
2.1230,0.6180,0.4040,0.4190,0.2050,0.0000,0.0000,1.1010,1.0000,4.9050,8.5080,6.6670,0.0000,0.0000,0.0000,69.9212,0.0000,4390.0000,1755.0000,0.0000,25.0000,32.0000,24.0000,10.0000
2.0980,0.5600,0.3960,0.3760,0.1970,0.0000,0.0000,1.1420,1.0000,4.9050,8.5080,6.6670,0.0000,0.0000,0.0000,69.9212,0.0000,4390.0000,1755.0000,0.0000,25.0000,32.0000,24.0000,10.0000
2.1940,0.5870,0.4780,0.4000,0.2490,0.0000,0.0000,1.1290,1.0000,4.9050,8.5080,6.6670,0.0000,0.0000,0.0000,69.9315,0.0000,4391.0000,1755.0000,0.0000,25.0000,32.0000,24.0000,10.0000
1.9840,0.6690,0.3740,0.4300,0.1590,0.0000,0.0000,0.9410,1.0000,4.9050,8.5080,6.6670,0.0000,0.0000,0.0000,69.9322,0.0000,4391.0000,1755.0000,0.0000,25.0000,33.0000,24.0000,10.0000
2.1170,0.5980,0.4070,0.4180,0.1600,0.0000,0.0000,1.1120,1.0000,4.9050,8.5080,6.6670,0.0000,0.0000,0.0000,69.9322,0.0000,4391.0000,1755.0000,0.0000,25.0000,33.0000,24.0000,10.0000
2.2170,0.6110,0.4200,0.4230,0.2090,0.0000,0.0000,1.1860,1.0000,4.9050,8.5080,6.6670,0.0000,0.0000,0.0000,69.9425,0.0000,4392.0000,1755.0000,0.0000,25.0000,33.0000,24.0000,10.0000
2.0090,0.6240,0.3630,0.3540,0.1590,0.0000,0.0000,1.0220,1.0000,4.9050,8.5080,6.6670,0.0000,0.0000,0.0000,69.9425,0.0000,4392.0000,1755.0000,0.0000,25.0000,33.0000,24.0000,10.0000
2.1950,0.5440,0.3510,0.3440,0.1540,0.0000,0.0000,1.3000,1.0000,4.9050,8.5080,6.6670,0.0000,0.0000,0.0000,69.9436,0.0000,4392.0000,1755.0000,0.0000,25.0000,34.0000,24.0000,10.0000
2.0390,0.5400,0.3870,0.3390,0.1880,0.0000,0.0000,1.1120,1.0000,4.9050,8.5080,6.6670,0.0000,0.0000,0.0000,69.9538,0.0000,4393.0000,1755.0000,0.0000,25.0000,34.0000,24.0000,10.0000
2.0670,0.5630,0.3540,0.3380,0.1580,0.0000,0.0000,1.1500,1.0000,4.9050,8.5080,6.6670,0.0000,0.0000,0.0000,69.9538,0.0000,4393.0000,1755.0000,0.0000,25.0000,34.0000,24.0000,10.0000
2.1990,0.5240,0.3990,0.3430,0.1990,0.0000,0.0000,1.2760,1.0000,4.9050,8.5080,6.6670,0.0000,0.0000,0.0000,69.9540,0.0000,4393.0000,1755.0000,0.0000,25.0000,34.0000,24.0000,11.0000
2.0640,0.6860,0.4080,0.5030,0.1780,0.0000,0.0000,0.9700,1.0000,4.9050,8.5080,6.6670,0.0000,0.0000,0.0000,69.9540,0.0000,4393.0000,1755.0000,0.0000,25.0000,34.0000,24.0000,10.0000
2.0680,0.6810,0.4110,0.4800,0.1790,0.0000,0.0000,0.9760,1.0000,4.9050,8.5080,6.6670,0.0000,0.0000,0.0000,69.9540,0.0000,4393.0000,1755.0000,0.0000,25.0000,34.0000,24.0000,10.0000
2.1990,0.6170,0.4340,0.4330,0.2030,0.0000,0.0000,1.1480,1.0000,4.9050,8.5080,6.6670,0.0000,0.0000,0.0000,69.9644,0.0000,4394.0000,1755.0000,0.0000,25.0000,34.0000,24.0000,10.0000
2.1630,0.7040,0.4030,0.3740,0.1950,0.0000,0.0000,1.0560,1.0000,4.9050,8.5080,6.6670,0.0000,0.0000,0.0000,69.8002,0.0000,4378.0000,1755.0000,0.0000,25.0000,34.0000,24.0000,10.0000
2.2500,0.6650,0.3850,0.3500,0.1850,0.0000,0.0000,1.2000,1.0000,4.9050,8.5080,6.6670,0.0000,0.0000,0.0000,69.7937,0.0000,4378.0000,1755.0000,0.0000,25.0000,34.0000,24.0000,10.0000
2.2220,0.6290,0.3980,0.4380,0.1590,0.0000,0.0000,1.1950,1.0000,4.9050,8.5080,6.6670,0.0000,0.0000,0.0000,69.7910,0.0000,4378.0000,1755.0000,0.0000,25.0000,33.0000,24.0000,10.0000
2.5940,0.7450,0.5370,0.5490,0.3050,0.0000,0.0000,1.3120,1.0000,4.9050,8.5080,6.6670,0.0000,0.0000,0.0000,69.8495,0.0000,4389.0000,1755.0000,0.0000,25.0000,33.0000,24.0000,10.0000
2.2660,0.8310,0.4590,0.3590,0.2630,0.0000,0.0000,0.9760,1.0000,4.9050,8.5080,6.6670,0.0000,0.0000,0.0000,69.8694,0.0000,4391.0000,1755.0000,0.0000,25.0000,32.0000,24.0000,10.0000
2.1560,0.6210,0.4580,0.3480,0.2440,0.0000,0.0000,1.0770,1.0000,4.9050,8.5080,6.6670,0.0000,0.0000,0.0000,69.8703,0.0000,4391.0000,1755.0000,0.0000,25.0000,33.0000,24.0000,10.0000
2.3290,0.5950,0.4530,0.3960,0.2230,0.0000,0.0000,1.2810,1.0000,4.9050,8.5080,6.6670,0.0000,0.0000,0.0000,69.8807,0.0000,4392.0000,1755.0000,0.0000,25.0000,33.0000,24.0000,10.0000
2.1750,0.7420,0.4300,0.5180,0.2210,0.0000,0.0000,1.0030,1.0000,4.9050,8.5080,6.6670,0.0000,0.0000,0.0000,69.8807,0.0000,4392.0000,1755.0000,0.0000,25.0000,33.0000,24.0000,10.0000
2.0280,0.5720,0.3840,0.3620,0.1810,0.0000,0.0000,1.0720,1.0000,4.9050,8.5080,6.6670,0.0000,0.0000,0.0000,69.8801,0.0000,4392.0000,1755.0000,0.0000,25.0000,32.0000,24.0000,10.0000
2.1690,0.5750,0.3920,0.3730,0.1940,0.0000,0.0000,1.2020,1.0000,4.9050,8.5080,6.6670,0.0000,0.0000,0.0000,69.8903,0.0000,4393.0000,1755.0000,0.0000,25.0000,32.0000,24.0000,10.0000
2.1540,0.5900,0.4530,0.3500,0.2120,0.0000,0.0000,1.1110,1.0000,4.9050,8.5080,6.6670,0.0000,0.0000,0.0000,69.8903,0.0000,4393.0000,1755.0000,0.0000,25.0000,32.0000,24.0000,10.0000
2.2760,0.6240,0.4470,0.4000,0.2410,0.0000,0.0000,1.2050,1.0000,4.9050,8.5080,6.6670,0.0000,0.0000,0.0000,69.9000,0.0000,4394.0000,1755.0000,0.0000,25.0000,31.0000,24.0000,11.0000
2.1510,0.7180,0.4550,0.4850,0.2020,0.0000,0.0000,0.9780,1.0000,4.9050,8.5080,6.6670,0.0000,0.0000,0.0000,69.9103,0.0000,4395.0000,1755.0000,0.0000,25.0000,31.0000,24.0000,11.0000
2.0280,0.6610,0.3960,0.3790,0.1630,0.0000,0.0000,0.9710,1.0000,4.9050,8.5080,6.6670,0.0000,0.0000,0.0000,69.9104,0.0000,4395.0000,1755.0000,0.0000,25.0000,31.0000,24.0000,11.0000
2.0260,0.6370,0.3750,0.3990,0.1610,0.0000,0.0000,1.0140,1.0000,4.9050,8.5080,6.6670,0.0000,0.0000,0.0000,69.9105,0.0000,4395.0000,1755.0000,0.0000,25.0000,31.0000,24.0000,11.0000
1.9710,0.6120,0.3670,0.3650,0.1560,0.0000,0.0000,0.9920,1.0000,4.9050,8.5080,6.6670,0.0000,0.0000,0.0000,69.9105,0.0000,4395.0000,1755.0000,0.0000,25.0000,31.0000,24.0000,11.0000
1.9800,0.6040,0.3910,0.3700,0.1600,0.0000,0.0000,0.9850,1.0000,4.9050,8.5080,6.6670,0.0000,0.0000,0.0000,69.9105,0.0000,4395.0000,1755.0000,0.0000,25.0000,31.0000,24.0000,11.0000
2.1420,0.6070,0.4330,0.3740,0.2020,0.0000,0.0000,1.1020,1.0000,4.9050,8.5080,6.6670,0.0000,0.0000,0.0000,69.9208,0.0000,4396.0000,1755.0000,0.0000,25.0000,31.0000,24.0000,11.0000
1.9310,0.6360,0.3600,0.3420,0.1570,0.0000,0.0000,0.9350,1.0000,4.9050,8.5080,6.6670,0.0000,0.0000,0.0000,69.9208,0.0000,4396.0000,1755.0000,0.0000,25.0000,31.0000,24.0000,11.0000
2.0500,0.5540,0.3530,0.3490,0.1580,0.0000,0.0000,1.1430,1.0000,4.9050,8.5080,6.6670,0.0000,0.0000,0.0000,69.9208,0.0000,4396.0000,1755.0000,0.0000,25.0000,31.0000,24.0000,11.0000
2.1380,0.6250,0.3730,0.3940,0.1800,0.0000,0.0000,1.1400,1.0000,4.9050,8.5080,6.6670,0.0000,0.0000,0.0000,69.9304,0.0000,4397.0000,1755.0000,0.0000,25.0000,30.0000,24.0000,12.0000
2.1980,0.6800,0.3530,0.4270,0.1610,0.0000,0.0000,1.1650,1.0000,4.9050,8.5080,6.6670,0.0000,0.0000,0.0000,69.9305,0.0000,4397.0000,1755.0000,0.0000,25.0000,30.0000,24.0000,12.0000
2.3270,0.6040,0.4870,0.3920,0.2710,0.0000,0.0000,1.2360,1.0000,4.9050,8.5080,6.6670,0.0000,0.0000,0.0000,69.9415,0.0000,4398.0000,1755.0000,0.0000,25.0000,31.0000,24.0000,12.0000
2.1320,0.6890,0.4520,0.4490,0.2160,0.0000,0.0000,0.9910,1.0000,4.9050,8.5080,6.6670,0.0000,0.0000,0.0000,69.9518,0.0000,4399.0000,1755.0000,0.0000,25.0000,31.0000,24.0000,12.0000
2.1730,0.7040,0.4170,0.4750,0.1740,0.0000,0.0000,1.0520,1.0000,4.9050,8.5080,6.6670,0.0000,0.0000,0.0000,69.9476,0.0000,4393.0000,1755.0000,0.0000,25.0000,30.0000,24.0000,13.0000
2.4040,0.6870,0.3690,0.4190,0.1640,0.0000,0.0000,1.3480,1.0000,4.9050,8.5080,6.6670,0.0000,0.0000,0.0000,69.9477,0.0000,4393.0000,1755.0000,0.0000,25.0000,30.0000,24.0000,12.0000
2.4830,0.6530,0.5690,0.3530,0.3050,0.0000,0.0000,1.2610,1.0000,4.9050,8.5080,6.6670,0.0000,0.0000,0.0000,69.9484,0.0000,4393.0000,1755.0000,0.0000,25.0000,31.0000,24.0000,12.0000
2.3050,0.7320,0.4090,0.5070,0.1930,0.0000,0.0000,1.1640,1.0000,4.9050,8.5080,6.6670,0.0000,0.0000,0.0000,69.9593,0.0000,4394.0000,1755.0000,0.0000,25.0000,32.0000,24.0000,12.0000
2.2920,0.7070,0.4150,0.3730,0.2030,0.0000,0.0000,1.1700,1.0000,4.9050,8.5080,6.6670,0.0000,0.0000,0.0000,69.9696,0.0000,4395.0000,1755.0000,0.0000,25.0000,32.0000,24.0000,12.0000
2.3810,0.6200,0.5040,0.3880,0.2770,0.0000,0.0000,1.2570,1.0000,4.9050,8.5080,6.6670,0.0000,0.0000,0.0000,70.0005,0.0000,4398.0000,1755.0000,0.0000,25.0000,32.0000,24.0000,12.0000
2.1300,0.7780,0.4150,0.4410,0.1810,0.0000,0.0000,0.9370,1.0000,4.9050,8.5080,6.6670,0.0000,0.0000,0.0000,70.0013,0.0000,4398.0000,1755.0000,0.0000,25.0000,33.0000,24.0000,12.0000
2.1590,0.6500,0.3950,0.4140,0.1860,0.0000,0.0000,1.1140,1.0000,4.9050,8.5080,6.6670,0.0000,0.0000,0.0000,70.0105,0.0000,4398.0000,1755.0000,0.0000,25.0000,33.0000,24.0000,12.0000
2.0980,0.6190,0.3620,0.3570,0.1600,0.0000,0.0000,1.1170,1.0000,4.9050,8.5080,6.6670,0.0000,0.0000,0.0000,70.0105,0.0000,4398.0000,1755.0000,0.0000,25.0000,33.0000,24.0000,11.0000
2.0930,0.5510,0.4160,0.3430,0.2170,0.0000,0.0000,1.1260,1.0000,4.9050,8.5080,6.6670,0.0000,0.0000,0.0000,70.0208,0.0000,4399.0000,1755.0000,0.0000,25.0000,33.0000,24.0000,12.0000
2.0250,0.5760,0.3670,0.3440,0.1690,0.0000,0.0000,1.0820,1.0000,4.9050,8.5080,6.6670,0.0000,0.0000,0.0000,70.0208,0.0000,4399.0000,1755.0000,0.0000,25.0000,33.0000,24.0000,12.0000
1.9750,0.5440,0.3550,0.3390,0.1600,0.0000,0.0000,1.0760,1.0000,4.9050,8.5080,6.6670,0.0000,0.0000,0.0000,70.0216,0.0000,4399.0000,1755.0000,0.0000,25.0000,34.0000,24.0000,12.0000
2.1930,0.5300,0.3860,0.3460,0.1920,0.0000,0.0000,1.2770,1.0000,4.9050,8.5080,6.6670,0.0000,0.0000,0.0000,70.0318,0.0000,4400.0000,1755.0000,0.0000,25.0000,34.0000,24.0000,12.0000
2.3290,0.6440,0.4460,0.3970,0.1830,0.0000,0.0000,1.2390,1.0000,4.9050,8.5080,6.6670,0.0000,0.0000,0.0000,70.0318,0.0000,4400.0000,1755.0000,0.0000,25.0000,34.0000,24.0000,12.0000
2.4860,0.6290,0.4280,0.4290,0.1840,0.0000,0.0000,1.4290,1.0000,4.9050,8.5080,6.6670,0.0000,0.0000,0.0000,70.0436,0.0000,4401.0000,1755.0000,0.0000,25.0000,34.0000,24.0000,12.0000
2.2900,0.7740,0.4310,0.3780,0.2060,0.0000,0.0000,1.0850,1.0000,4.9050,8.5080,6.6670,0.0000,0.0000,0.0000,70.0443,0.0000,4401.0000,1755.0000,0.0000,25.0000,35.0000,24.0000,12.0000
2.5270,0.6820,0.5080,0.4030,0.2730,0.0000,0.0000,1.3370,1.0000,4.9050,8.5080,6.6670,0.0000,0.0000,0.0000,70.0741,0.0000,4404.0000,1755.0000,0.0000,25.0000,34.0000,24.0000,12.0000
2.1490,0.8270,0.3750,0.4510,0.1790,0.0000,0.0000,0.9470,1.0000,4.9050,8.5080,6.6670,0.0000,0.0000,0.0000,70.0741,0.0000,4404.0000,1755.0000,0.0000,25.0000,34.0000,24.0000,12.0000
2.1550,0.5750,0.3860,0.3540,0.1720,0.0000,0.0000,1.1940,1.0000,4.9050,8.5080,6.6670,0.0000,0.0000,0.0000,70.0749,0.0000,4404.0000,1755.0000,0.0000,25.0000,35.0000,24.0000,12.0000
2.5170,0.5350,0.5970,0.3500,0.2990,0.0000,0.0000,1.3850,1.0000,4.9050,8.5080,6.6670,0.0000,0.0000,0.0000,70.0953,0.0000,4406.0000,1755.0000,0.0000,25.0000,35.0000,24.0000,12.0000
2.0540,0.7810,0.3760,0.4280,0.1610,0.0000,0.0000,0.8970,1.0000,4.9050,8.5080,6.6670,0.0000,0.0000,0.0000,70.0942,0.0000,4406.0000,1755.0000,0.0000,25.0000,34.0000,24.0000,12.0000
2.4980,0.6160,0.4370,0.3650,0.2120,0.0000,0.0000,1.4450,1.0000,4.9050,8.5080,6.6670,0.0000,0.0000,0.0000,69.8128,0.0000,4379.0000,1755.0000,0.0000,25.0000,34.0000,24.0000,12.0000
3.0840,0.6560,0.4680,0.3740,0.2300,0.0000,0.0000,1.9600,1.0000,4.9050,8.5080,6.6670,0.0000,0.0000,0.0000,69.8238,0.0000,4380.0000,1755.0000,0.0000,25.0000,35.0000,24.0000,12.0000
3.3670,1.0390,0.6540,0.6690,0.3080,0.0000,0.0000,1.6740,1.0000,4.9050,8.5080,6.6670,0.0000,0.0000,0.0000,69.8448,0.0000,4382.0000,1755.0000,0.0000,25.0000,36.0000,24.0000,11.0000
2.7940,1.0210,0.3960,0.6500,0.1690,0.0000,0.0000,1.3770,1.0000,4.9050,8.5080,6.6670,0.0000,0.0000,0.0000,69.8442,0.0000,4382.0000,1755.0000,0.0000,25.0000,35.0000,24.0000,11.0000
2.3920,0.8090,0.4680,0.4400,0.1870,0.0000,0.0000,1.1150,1.0000,4.9050,8.5080,6.6670,0.0000,0.0000,0.0000,69.8443,0.0000,4382.0000,1755.0000,0.0000,25.0000,35.0000,24.0000,11.0000
2.2260,0.6670,0.3820,0.4180,0.1720,0.0000,0.0000,1.1770,1.0000,4.9050,8.5080,6.6670,0.0000,0.0000,0.0000,69.8450,0.0000,4382.0000,1755.0000,0.0000,25.0000,36.0000,24.0000,11.0000
2.0850,0.5660,0.3960,0.3530,0.2000,0.0000,0.0000,1.1230,1.0000,4.9050,8.5080,6.6670,0.0000,0.0000,0.0000,69.8450,0.0000,4382.0000,1755.0000,0.0000,25.0000,36.0000,24.0000,11.0000
2.4500,0.5370,0.4530,0.3520,0.2620,0.0000,0.0000,1.4600,1.0000,4.9050,8.5080,6.6670,0.0000,0.0000,0.0000,69.8646,0.0000,4384.0000,1755.0000,0.0000,25.0000,35.0000,24.0000,11.0000
2.1850,0.7660,0.4110,0.4820,0.1710,0.0000,0.0000,1.0080,1.0000,4.9050,8.5080,6.6670,0.0000,0.0000,0.0000,69.8647,0.0000,4384.0000,1755.0000,0.0000,25.0000,35.0000,24.0000,11.0000
2.4610,0.6040,0.4040,0.3730,0.1890,0.0000,0.0000,1.4530,1.0000,4.9050,8.5080,6.6670,0.0000,0.0000,0.0000,69.8655,0.0000,4384.0000,1755.0000,0.0000,25.0000,36.0000,24.0000,11.0000
3.2990,0.5740,1.3310,0.3710,0.2680,0.0000,0.0000,1.3940,1.0000,4.9050,8.5080,6.6670,0.0000,0.0000,0.0000,69.8654,0.0000,4384.0000,1755.0000,0.0000,25.0000,36.0000,24.0000,12.0000
2.3250,0.7440,0.4390,0.5400,0.2120,0.0000,0.0000,1.1420,1.0000,4.9050,8.5080,6.6670,0.0000,0.0000,0.0000,69.8850,0.0000,4386.0000,1755.0000,0.0000,25.0000,35.0000,24.0000,12.0000
2.1870,0.6930,0.3750,0.3680,0.1760,0.0000,0.0000,1.1190,1.0000,4.9050,8.5080,6.6670,0.0000,0.0000,0.0000,69.8851,0.0000,4386.0000,1755.0000,0.0000,25.0000,35.0000,24.0000,12.0000
2.5130,0.5630,0.4630,0.3680,0.2500,0.0000,0.0000,1.4870,1.0000,4.9050,8.5080,6.6670,0.0000,0.0000,0.0000,69.8961,0.0000,4387.0000,1755.0000,0.0000,25.0000,36.0000,24.0000,12.0000
2.2500,0.8100,0.4400,0.4290,0.2110,0.0000,0.0000,1.0000,1.0000,4.9050,8.5080,6.6670,0.0000,0.0000,0.0000,69.9065,0.0000,4388.0000,1755.0000,0.0000,25.0000,36.0000,24.0000,12.0000
2.2570,0.6600,0.4180,0.3460,0.2000,0.0000,0.0000,1.1790,1.0000,4.9050,8.5080,6.6670,0.0000,0.0000,0.0000,69.9169,0.0000,4389.0000,1755.0000,0.0000,25.0000,36.0000,24.0000,12.0000
2.2840,0.6090,0.4250,0.3690,0.2100,0.0000,0.0000,1.2500,1.0000,4.9050,8.5080,6.6670,0.0000,0.0000,0.0000,69.9169,0.0000,4389.0000,1755.0000,0.0000,25.0000,36.0000,24.0000,12.0000
2.2750,0.7370,0.4350,0.5230,0.1780,0.0000,0.0000,1.1030,1.0000,4.9050,8.5080,6.6670,0.0000,0.0000,0.0000,69.9177,0.0000,4389.0000,1755.0000,0.0000,25.0000,37.0000,24.0000,12.0000
2.3440,0.7330,0.4900,0.5230,0.2410,0.0000,0.0000,1.1210,1.0000,4.9050,8.5080,6.6670,0.0000,0.0000,0.0000,69.9482,0.0000,4392.0000,1755.0000,0.0000,25.0000,37.0000,24.0000,12.0000
2.0660,0.6800,0.3890,0.3480,0.1590,0.0000,0.0000,0.9970,1.0000,4.9050,8.5080,6.6670,0.0000,0.0000,0.0000,69.9482,0.0000,4392.0000,1755.0000,0.0000,25.0000,37.0000,24.0000,12.0000
2.1990,0.5390,0.4550,0.3520,0.2400,0.0000,0.0000,1.2050,1.0000,4.9050,8.5080,6.6670,0.0000,0.0000,0.0000,69.9586,0.0000,4393.0000,1755.0000,0.0000,25.0000,37.0000,24.0000,12.0000
2.5210,0.6310,0.5600,0.4080,0.2650,0.0000,0.0000,1.3300,1.0000,4.9050,8.5080,6.6670,0.0000,0.0000,0.0000,69.9892,0.0000,4396.0000,1755.0000,0.0000,25.0000,37.0000,24.0000,12.0000
2.1230,0.7430,0.3650,0.3670,0.1600,0.0000,0.0000,1.0150,1.0000,4.9050,8.5080,6.6670,0.0000,0.0000,0.0000,69.9893,0.0000,4396.0000,1755.0000,0.0000,25.0000,37.0000,24.0000,12.0000
2.1370,0.5600,0.3570,0.3530,0.1590,0.0000,0.0000,1.2200,1.0000,4.9050,8.5080,6.6670,0.0000,0.0000,0.0000,69.9894,0.0000,4396.0000,1755.0000,0.0000,25.0000,37.0000,24.0000,12.0000
2.4270,0.5870,0.4870,0.3560,0.2550,0.0000,0.0000,1.3530,1.0000,4.9050,8.5080,6.6670,0.0000,0.0000,0.0000,70.0098,0.0000,4398.0000,1755.0000,0.0000,25.0000,37.0000,24.0000,12.0000
2.5920,0.7350,0.4160,0.4640,0.1640,0.0000,0.0000,1.4410,1.0000,4.9050,8.5080,6.6670,0.0000,0.0000,0.0000,70.0109,0.0000,4398.0000,1755.0000,0.0000,25.0000,37.0000,24.0000,12.0000
2.2650,1.0040,0.4460,0.7230,0.2200,0.0000,0.0000,0.8150,1.0000,4.9050,8.5080,6.6670,0.0000,0.0000,0.0000,70.0110,0.0000,4398.0000,1755.0000,0.0000,25.0000,37.0000,24.0000,12.0000
2.1240,0.6240,0.4300,0.4120,0.1750,0.0000,0.0000,1.0700,1.0000,4.9050,8.5080,6.6670,0.0000,0.0000,0.0000,70.0117,0.0000,4398.0000,1755.0000,0.0000,25.0000,38.0000,24.0000,12.0000
2.0550,0.6560,0.4070,0.4460,0.1590,0.0000,0.0000,0.9920,1.0000,4.9050,8.5080,6.6670,0.0000,0.0000,0.0000,70.0117,0.0000,4398.0000,1755.0000,0.0000,25.0000,38.0000,24.0000,12.0000
2.1740,0.6020,0.3920,0.4200,0.1770,0.0000,0.0000,1.1800,1.0000,4.9050,8.5080,6.6670,0.0000,0.0000,0.0000,70.0117,0.0000,4398.0000,1755.0000,0.0000,25.0000,38.0000,24.0000,12.0000
2.8740,0.6090,0.3890,0.3690,0.1890,0.0000,0.0000,1.8760,1.0000,4.9050,8.5080,6.6670,0.0000,0.0000,0.0000,70.0219,0.0000,4399.0000,1755.0000,0.0000,25.0000,38.0000,24.0000,12.0000
2.5610,0.6430,0.5350,0.3510,0.2600,0.0000,0.0000,1.3830,1.0000,4.9050,8.5080,6.6670,0.0000,0.0000,0.0000,70.0411,0.0000,4401.0000,1755.0000,0.0000,25.0000,36.0000,24.0000,12.0000
2.2330,0.6690,0.4440,0.3720,0.2260,0.0000,0.0000,1.1200,1.0000,4.9050,8.5080,6.6670,0.0000,0.0000,0.0000,70.0411,0.0000,4401.0000,1755.0000,0.0000,25.0000,36.0000,24.0000,12.0000
2.2180,0.6320,0.4680,0.4200,0.1780,0.0000,0.0000,1.1180,1.0000,4.9050,8.5080,6.6670,0.0000,0.0000,0.0000,70.0428,0.0000,4401.0000,1755.0000,0.0000,25.0000,38.0000,24.0000,12.0000
2.1890,0.6530,0.4060,0.4350,0.1920,0.0000,0.0000,1.1300,1.0000,4.9050,8.5080,6.6670,0.0000,0.0000,0.0000,70.0531,0.0000,4402.0000,1755.0000,0.0000,25.0000,38.0000,24.0000,12.0000
2.0850,0.6380,0.3580,0.3610,0.1540,0.0000,0.0000,1.0890,1.0000,4.9050,8.5080,6.6670,0.0000,0.0000,0.0000,70.0531,0.0000,4402.0000,1755.0000,0.0000,25.0000,38.0000,24.0000,12.0000
2.1830,0.6270,0.3880,0.3690,0.1880,0.0000,0.0000,1.1680,1.0000,4.9050,8.5080,6.6670,0.0000,0.0000,0.0000,70.0634,0.0000,4403.0000,1755.0000,0.0000,25.0000,38.0000,24.0000,13.0000
2.1570,0.6090,0.3890,0.3490,0.1930,0.0000,0.0000,1.1590,1.0000,4.9050,8.5080,6.6670,0.0000,0.0000,0.0000,70.0744,0.0000,4404.0000,1755.0000,0.0000,25.0000,39.0000,24.0000,13.0000
2.4060,0.5790,0.5030,0.3450,0.2200,0.0000,0.0000,1.3240,1.0000,4.9050,8.5080,6.6670,0.0000,0.0000,0.0000,70.0744,0.0000,4404.0000,1755.0000,0.0000,25.0000,39.0000,24.0000,13.0000
2.4370,0.7060,0.4430,0.5100,0.2110,0.0000,0.0000,1.2880,1.0000,4.9050,8.5080,6.6670,0.0000,0.0000,0.0000,70.1049,0.0000,4407.0000,1755.0000,0.0000,25.0000,39.0000,24.0000,12.0000
2.4590,0.7630,0.3650,0.3770,0.1590,0.0000,0.0000,1.3310,1.0000,4.9050,8.5080,6.6670,0.0000,0.0000,0.0000,69.8233,0.0000,4380.0000,1755.0000,0.0000,25.0000,40.0000,24.0000,12.0000
2.4310,0.7090,0.4300,0.4630,0.1990,0.0000,0.0000,1.2920,1.0000,4.9050,8.5080,6.6670,0.0000,0.0000,0.0000,69.8337,0.0000,4381.0000,1755.0000,0.0000,25.0000,40.0000,24.0000,12.0000
2.1050,0.7010,0.3620,0.4130,0.1620,0.0000,0.0000,1.0420,1.0000,4.9050,8.5080,6.6670,0.0000,0.0000,0.0000,69.8337,0.0000,4381.0000,1755.0000,0.0000,25.0000,40.0000,24.0000,12.0000
2.2330,0.5500,0.3590,0.3470,0.1620,0.0000,0.0000,1.3240,1.0000,4.9050,8.5080,6.6670,0.0000,0.0000,0.0000,69.8331,0.0000,4381.0000,1755.0000,0.0000,25.0000,39.0000,24.0000,12.0000
2.3590,0.5670,0.5260,0.3830,0.2630,0.0000,0.0000,1.2660,1.0000,4.9050,8.5080,6.6670,0.0000,0.0000,0.0000,69.8433,0.0000,4382.0000,1755.0000,0.0000,25.0000,39.0000,24.0000,12.0000
2.1510,0.6530,0.3800,0.4240,0.1610,0.0000,0.0000,1.1180,1.0000,4.9050,8.5080,6.6670,0.0000,0.0000,0.0000,69.8440,0.0000,4382.0000,1755.0000,0.0000,25.0000,40.0000,24.0000,12.0000
2.0660,0.6420,0.3550,0.3650,0.1600,0.0000,0.0000,1.0690,1.0000,4.9050,8.5080,6.6670,0.0000,0.0000,0.0000,69.8441,0.0000,4382.0000,1755.0000,0.0000,25.0000,40.0000,24.0000,12.0000
2.2820,0.5990,0.3950,0.3510,0.1950,0.0000,0.0000,1.2880,1.0000,4.9050,8.5080,6.6670,0.0000,0.0000,0.0000,69.8544,0.0000,4383.0000,1755.0000,0.0000,25.0000,40.0000,24.0000,12.0000
2.2190,0.5870,0.4500,0.3450,0.2360,0.0000,0.0000,1.1820,1.0000,4.9050,8.5080,6.6670,0.0000,0.0000,0.0000,69.8653,0.0000,4384.0000,1755.0000,0.0000,25.0000,41.0000,24.0000,12.0000
2.2800,0.6220,0.4730,0.3970,0.2090,0.0000,0.0000,1.1850,1.0000,4.9050,8.5080,6.6670,0.0000,0.0000,0.0000,69.8756,0.0000,4385.0000,1755.0000,0.0000,25.0000,41.0000,24.0000,12.0000
2.2030,0.6480,0.3620,0.4190,0.1530,0.0000,0.0000,1.1930,1.0000,4.9050,8.5080,6.6670,0.0000,0.0000,0.0000,69.8757,0.0000,4385.0000,1755.0000,0.0000,25.0000,41.0000,24.0000,12.0000
2.0840,0.6260,0.3370,0.3710,0.1480,0.0000,0.0000,1.1210,1.0000,4.9050,8.5080,6.6670,0.0000,0.0000,0.0000,69.8757,0.0000,4385.0000,1755.0000,0.0000,25.0000,41.0000,24.0000,12.0000
2.2530,0.5680,0.3570,0.3670,0.1700,0.0000,0.0000,1.3280,1.0000,4.9050,8.5080,6.6670,0.0000,0.0000,0.0000,69.8764,0.0000,4385.0000,1755.0000,0.0000,25.0000,42.0000,24.0000,12.0000
2.1920,0.5930,0.4310,0.3720,0.2390,0.0000,0.0000,1.1680,1.0000,4.9050,8.5080,6.6670,0.0000,0.0000,0.0000,69.8867,0.0000,4386.0000,1755.0000,0.0000,25.0000,42.0000,24.0000,12.0000
2.3390,0.6340,0.4410,0.4130,0.2120,0.0000,0.0000,1.2640,1.0000,4.9050,8.5080,6.6670,0.0000,0.0000,0.0000,69.8972,0.0000,4387.0000,1755.0000,0.0000,25.0000,42.0000,24.0000,13.0000
2.1350,0.8090,0.3880,0.5820,0.1660,0.0000,0.0000,0.9380,1.0000,4.9050,8.5080,6.6670,0.0000,0.0000,0.0000,69.8972,0.0000,4387.0000,1755.0000,0.0000,25.0000,42.0000,24.0000,13.0000
2.1040,0.5640,0.3660,0.3490,0.1640,0.0000,0.0000,1.1740,1.0000,4.9050,8.5080,6.6670,0.0000,0.0000,0.0000,69.8966,0.0000,4387.0000,1755.0000,0.0000,25.0000,41.0000,24.0000,13.0000
2.3530,0.5580,0.4180,0.3500,0.2240,0.0000,0.0000,1.3770,1.0000,4.9050,8.5080,6.6670,0.0000,0.0000,0.0000,69.9272,0.0000,4390.0000,1755.0000,0.0000,25.0000,41.0000,24.0000,13.0000
2.3030,0.6600,0.4990,0.3500,0.2740,0.0000,0.0000,1.1440,1.0000,4.9050,8.5080,6.6670,0.0000,0.0000,0.0000,69.9477,0.0000,4392.0000,1755.0000,0.0000,25.0000,41.0000,24.0000,13.0000
2.1380,0.6840,0.3690,0.4190,0.1600,0.0000,0.0000,1.0850,1.0000,4.9050,8.5080,6.6670,0.0000,0.0000,0.0000,69.9479,0.0000,4392.0000,1755.0000,0.0000,25.0000,41.0000,24.0000,13.0000
2.2500,0.6310,0.3790,0.3810,0.1830,0.0000,0.0000,1.2400,1.0000,4.9050,8.5080,6.6670,0.0000,0.0000,0.0000,69.9583,0.0000,4393.0000,1755.0000,0.0000,25.0000,41.0000,24.0000,13.0000
4.6820,0.6140,0.3740,0.3610,0.1560,0.0000,0.0000,3.6940,1.0000,4.9050,8.5080,6.6670,0.0000,0.0000,0.0000,69.9576,0.0000,4393.0000,1755.0000,0.0000,25.0000,40.0000,24.0000,13.0000
2.8440,2.0800,0.4960,1.8670,0.2080,0.0000,0.0000,0.2680,1.0000,4.9050,8.5080,6.6670,0.0000,0.0000,0.0000,69.9583,0.0000,4393.0000,1755.0000,0.0000,25.0000,41.0000,24.0000,13.0000
3.1010,0.8250,0.4390,0.5440,0.2120,0.0000,0.0000,1.8370,1.0000,4.9050,8.5080,6.6670,0.0000,0.0000,0.0000,69.9583,0.0000,4393.0000,1755.0000,0.0000,25.0000,41.0000,24.0000,13.0000
3.3780,0.5680,0.6340,0.3710,0.2990,0.0000,0.0000,2.1760,1.0000,4.9050,8.5080,6.6670,0.0000,0.0000,0.0000,69.9781,0.0000,4395.0000,1755.0000,0.0000,25.0000,40.0000,24.0000,13.0000
2.9100,0.9300,0.5700,0.5530,0.2890,0.0000,0.0000,1.4100,1.0000,2.4490,3.8740,2.1600,0.0000,0.0000,0.0000,69.9781,0.0000,4395.0000,1755.0000,0.0000,25.0000,40.0000,24.0000,13.0000
2.8960,0.8520,0.4900,0.5790,0.2200,0.0000,0.0000,1.5540,1.0000,2.4490,3.8740,2.1600,0.0000,0.0000,0.0000,69.9790,0.0000,4395.0000,1755.0000,0.0000,25.0000,41.0000,24.0000,13.0000
3.7390,0.8580,0.6390,0.5810,0.3690,0.0000,0.0000,2.2420,1.0000,2.4490,3.8740,2.1600,0.0000,0.0000,0.0000,70.0094,0.0000,4398.0000,1755.0000,0.0000,25.0000,41.0000,24.0000,13.0000
5.2360,1.0550,0.6450,0.6280,0.3690,0.0000,0.0000,3.5360,1.0000,2.4490,3.8740,2.1600,0.0000,0.0000,0.0000,70.0094,0.0000,4398.0000,1755.0000,0.0000,25.0000,41.0000,24.0000,13.0000
3.2860,0.7780,0.6240,0.5130,0.2930,0.0000,0.0000,1.8840,1.0000,2.4490,3.8740,2.1600,0.0000,0.0000,0.0000,70.0096,0.0000,4398.0000,1755.0000,0.0000,25.0000,41.0000,24.0000,13.0000
2.9940,0.9840,0.6890,0.6960,0.2980,0.0000,0.0000,1.3210,1.0000,2.4490,3.8740,2.1600,0.0000,0.0000,0.0000,70.0199,0.0000,4399.0000,1755.0000,0.0000,25.0000,41.0000,24.0000,12.0000
1.6680,1.0240,0.2960,0.3390,0.1360,0.0000,0.0000,0.3480,1.0000,2.4490,3.8740,2.1600,0.0000,0.0000,0.0000,70.0199,0.0000,4399.0000,1755.0000,0.0000,25.0000,41.0000,24.0000,12.0000
1.8070,0.4360,0.3160,0.2860,0.1570,0.0000,0.0000,1.0550,1.0000,2.4490,3.8740,2.1600,0.0000,0.0000,0.0000,70.0401,0.0000,4401.0000,1755.0000,0.0000,25.0000,41.0000,24.0000,12.0000
1.7210,0.6280,0.3090,0.3730,0.1500,0.0000,0.0000,0.7840,1.0000,2.4490,3.8740,2.1600,0.0000,0.0000,0.0000,70.0504,0.0000,4402.0000,1755.0000,0.0000,25.0000,41.0000,24.0000,12.0000
1.9960,0.5330,0.3270,0.3170,0.1610,0.0000,0.0000,1.1360,1.0000,2.4490,3.8740,2.1600,0.0000,0.0000,0.0000,70.0507,0.0000,4402.0000,1755.0000,0.0000,25.0000,41.0000,24.0000,13.0000
2.0860,0.6940,0.3450,0.4800,0.1660,0.0000,0.0000,1.0470,1.0000,2.4490,3.8740,2.1600,0.0000,0.0000,0.0000,70.0508,0.0000,4402.0000,1755.0000,0.0000,25.0000,41.0000,24.0000,13.0000
4.5430,0.7700,0.7440,0.5080,0.3540,0.0000,0.0000,3.0290,1.0000,2.4490,3.8740,2.1600,0.0000,0.0000,0.0000,70.0815,0.0000,4405.0000,1755.0000,0.0000,25.0000,41.0000,24.0000,13.0000
1.8950,0.7540,0.4060,0.2880,0.1480,0.0000,0.0000,0.7350,1.0000,2.4490,3.8740,2.1600,0.0000,0.0000,0.0000,69.8038,0.0000,4378.0000,1755.0000,0.0000,25.0000,40.0000,24.0000,13.0000
1.5740,0.4730,0.2870,0.2990,0.1250,0.0000,0.0000,0.8140,1.0000,2.4490,3.8740,2.1600,0.0000,0.0000,0.0000,69.8029,0.0000,4378.0000,1755.0000,0.0000,25.0000,39.0000,24.0000,13.0000
1.9400,0.4650,0.3420,0.3200,0.1550,0.0000,0.0000,1.1330,1.0000,2.4490,3.8740,2.1600,0.0000,0.0000,0.0000,69.8126,0.0000,4379.0000,1755.0000,0.0000,25.0000,38.0000,24.0000,14.0000
1.8570,0.5930,0.3790,0.4070,0.1740,0.0000,0.0000,0.8850,1.0000,2.4490,3.8740,2.1600,0.0000,0.0000,0.0000,69.8229,0.0000,4380.0000,1755.0000,0.0000,25.0000,38.0000,24.0000,14.0000
1.8750,0.5700,0.4330,0.3370,0.2550,0.0000,0.0000,0.8720,1.0000,2.4490,3.8740,2.1600,0.0000,0.0000,0.0000,69.8333,0.0000,4381.0000,1755.0000,0.0000,25.0000,38.0000,24.0000,14.0000
1.7170,0.4630,0.2980,0.2860,0.1380,0.0000,0.0000,0.9560,1.0000,2.4490,3.8740,2.1600,0.0000,0.0000,0.0000,69.8333,0.0000,4381.0000,1755.0000,0.0000,25.0000,38.0000,24.0000,14.0000
1.9730,0.4400,0.3290,0.2930,0.1690,0.0000,0.0000,1.2040,1.0000,2.4490,3.8740,2.1600,0.0000,0.0000,0.0000,69.8635,0.0000,4384.0000,1755.0000,0.0000,25.0000,38.0000,24.0000,14.0000
1.7250,0.5890,0.2880,0.3130,0.1260,0.0000,0.0000,0.8480,1.0000,2.4490,3.8740,2.1600,0.0000,0.0000,0.0000,69.8636,0.0000,4384.0000,1755.0000,0.0000,25.0000,38.0000,24.0000,14.0000
1.6650,0.4760,0.3280,0.3220,0.1530,0.0000,0.0000,0.8610,1.0000,2.4490,3.8740,2.1600,0.0000,0.0000,0.0000,69.8733,0.0000,4385.0000,1755.0000,0.0000,25.0000,37.0000,24.0000,14.0000
1.6290,0.4440,0.2950,0.2730,0.1350,0.0000,0.0000,0.8900,1.0000,2.4490,3.8740,2.1600,0.0000,0.0000,0.0000,69.8740,0.0000,4385.0000,1755.0000,0.0000,25.0000,38.0000,24.0000,14.0000
1.6880,0.4090,0.3160,0.2600,0.1590,0.0000,0.0000,0.9630,1.0000,2.4490,3.8740,2.1600,0.0000,0.0000,0.0000,69.8950,0.0000,4387.0000,1755.0000,0.0000,25.0000,38.0000,24.0000,14.0000
1.6650,0.5150,0.3050,0.2630,0.1270,0.0000,0.0000,0.8450,1.0000,2.4490,3.8740,2.1600,0.0000,0.0000,0.0000,69.8957,0.0000,4387.0000,1755.0000,0.0000,25.0000,39.0000,24.0000,14.0000
1.6580,0.4930,0.2890,0.3420,0.1340,0.0000,0.0000,0.8760,1.0000,2.4490,3.8740,2.1600,0.0000,0.0000,0.0000,69.8958,0.0000,4387.0000,1755.0000,0.0000,25.0000,39.0000,24.0000,13.0000
1.6860,0.4890,0.3510,0.3110,0.1580,0.0000,0.0000,0.8460,1.0000,2.4490,3.8740,2.1600,0.0000,0.0000,0.0000,69.9068,0.0000,4388.0000,1755.0000,0.0000,25.0000,40.0000,24.0000,13.0000
1.7730,0.4870,0.3500,0.2610,0.1420,0.0000,0.0000,0.9360,1.0000,2.4490,3.8740,2.1600,0.0000,0.0000,0.0000,69.9047,0.0000,4388.0000,1755.0000,0.0000,25.0000,37.0000,24.0000,13.0000
1.8980,0.4820,0.3690,0.3300,0.1970,0.0000,0.0000,1.0470,1.0000,2.4490,3.8740,2.1600,0.0000,0.0000,0.0000,69.9048,0.0000,4388.0000,1755.0000,0.0000,25.0000,37.0000,24.0000,13.0000
1.7680,0.5470,0.3870,0.3860,0.2200,0.0000,0.0000,0.8340,1.0000,2.4490,3.8740,2.1600,0.0000,0.0000,0.0000,69.9157,0.0000,4389.0000,1755.0000,0.0000,25.0000,38.0000,24.0000,13.0000
1.5270,0.4550,0.3040,0.2600,0.1250,0.0000,0.0000,0.7680,1.0000,2.4490,3.8740,2.1600,0.0000,0.0000,0.0000,69.9157,0.0000,4389.0000,1755.0000,0.0000,25.0000,38.0000,24.0000,13.0000
1.5720,0.4340,0.3020,0.2580,0.1240,0.0000,0.0000,0.8360,1.0000,2.4490,3.8740,2.1600,0.0000,0.0000,0.0000,69.9151,0.0000,4389.0000,1755.0000,0.0000,25.0000,37.0000,24.0000,13.0000
1.8350,0.4330,0.3590,0.2920,0.1690,0.0000,0.0000,1.0430,1.0000,2.4490,3.8740,2.1600,0.0000,0.0000,0.0000,69.9255,0.0000,4390.0000,1755.0000,0.0000,25.0000,37.0000,24.0000,13.0000
1.9420,0.4590,0.2810,0.2770,0.1200,0.0000,0.0000,1.2020,1.0000,2.4490,3.8740,2.1600,0.0000,0.0000,0.0000,69.9248,0.0000,4390.0000,1755.0000,0.0000,25.0000,36.0000,24.0000,13.0000
1.6360,0.4480,0.3000,0.2600,0.1250,0.0000,0.0000,0.8880,1.0000,2.4490,3.8740,2.1600,0.0000,0.0000,0.0000,69.9249,0.0000,4390.0000,1755.0000,0.0000,25.0000,36.0000,24.0000,13.0000
1.8440,0.4810,0.3550,0.3330,0.1590,0.0000,0.0000,1.0080,1.0000,2.4490,3.8740,2.1600,0.0000,0.0000,0.0000,69.9454,0.0000,4392.0000,1755.0000,0.0000,25.0000,36.0000,24.0000,13.0000
1.7610,0.5420,0.3280,0.3280,0.1610,0.0000,0.0000,0.8910,1.0000,2.4490,3.8740,2.1600,0.0000,0.0000,0.0000,69.9468,0.0000,4392.0000,1755.0000,0.0000,25.0000,38.0000,24.0000,13.0000
1.7250,0.4100,0.3090,0.2620,0.1400,0.0000,0.0000,1.0060,1.0000,2.4490,3.8740,2.1600,0.0000,0.0000,0.0000,69.9469,0.0000,4392.0000,1755.0000,0.0000,25.0000,38.0000,24.0000,13.0000
1.7780,0.4580,0.3240,0.2990,0.1530,0.0000,0.0000,0.9960,1.0000,2.4490,3.8740,2.1600,0.0000,0.0000,0.0000,69.9571,0.0000,4393.0000,1755.0000,0.0000,25.0000,38.0000,24.0000,14.0000
1.7380,0.5980,0.3250,0.3730,0.1580,0.0000,0.0000,0.8150,1.0000,2.4490,3.8740,2.1600,0.0000,0.0000,0.0000,69.9667,0.0000,4394.0000,1755.0000,0.0000,25.0000,37.0000,24.0000,14.0000
1.7540,0.5050,0.3910,0.3280,0.2080,0.0000,0.0000,0.8580,1.0000,2.4490,3.8740,2.1600,0.0000,0.0000,0.0000,69.9771,0.0000,4395.0000,1755.0000,0.0000,25.0000,37.0000,24.0000,13.0000
1.8430,0.4600,0.4090,0.2760,0.2480,0.0000,0.0000,0.9740,1.0000,2.4490,3.8740,2.1600,0.0000,0.0000,0.0000,69.9881,0.0000,4396.0000,1755.0000,0.0000,25.0000,38.0000,24.0000,13.0000
1.7750,0.4560,0.3360,0.2680,0.1610,0.0000,0.0000,0.9830,1.0000,2.4490,3.8740,2.1600,0.0000,0.0000,0.0000,69.9985,0.0000,4397.0000,1755.0000,0.0000,25.0000,38.0000,24.0000,13.0000
1.9200,0.5000,0.3830,0.2760,0.1380,0.0000,0.0000,1.0370,1.0000,2.4490,3.8740,2.1600,0.0000,0.0000,0.0000,69.9985,0.0000,4397.0000,1755.0000,0.0000,25.0000,38.0000,24.0000,13.0000
1.8230,0.4990,0.3600,0.3040,0.1750,0.0000,0.0000,0.9640,1.0000,2.4490,3.8740,2.1600,0.0000,0.0000,0.0000,70.0191,0.0000,4399.0000,1755.0000,0.0000,25.0000,38.0000,24.0000,13.0000
2.0210,0.5740,0.4550,0.3300,0.2760,0.0000,0.0000,0.9920,1.0000,2.4490,3.8740,2.1600,0.0000,0.0000,0.0000,70.0380,0.0000,4401.0000,1755.0000,0.0000,25.0000,36.0000,24.0000,13.0000
2.2780,0.5670,0.3910,0.3310,0.1780,0.0000,0.0000,1.3200,1.0000,2.4490,3.8740,2.1600,0.0000,0.0000,0.0000,70.0695,0.0000,4404.0000,1755.0000,0.0000,25.0000,37.0000,24.0000,13.0000
1.8530,0.5750,0.3820,0.3150,0.1770,0.0000,0.0000,0.8960,1.0000,2.4490,3.8740,2.1600,0.0000,0.0000,0.0000,70.0696,0.0000,4404.0000,1755.0000,0.0000,25.0000,37.0000,24.0000,13.0000
1.7100,0.4940,0.2990,0.2710,0.1320,0.0000,0.0000,0.9170,1.0000,2.4490,3.8740,2.1600,0.0000,0.0000,0.0000,70.0698,0.0000,4404.0000,1755.0000,0.0000,25.0000,37.0000,24.0000,13.0000
1.9900,0.5000,0.3720,0.3400,0.1860,0.0000,0.0000,1.1180,1.0000,2.4490,3.8740,2.1600,0.0000,0.0000,0.0000,70.0698,0.0000,4404.0000,1755.0000,0.0000,25.0000,37.0000,24.0000,13.0000
1.7480,0.6440,0.3710,0.4260,0.1910,0.0000,0.0000,0.7330,1.0000,2.4490,3.8740,2.1600,0.0000,0.0000,0.0000,70.0698,0.0000,4404.0000,1755.0000,0.0000,25.0000,37.0000,24.0000,13.0000
1.8900,0.4610,0.3030,0.3010,0.1280,0.0000,0.0000,1.1260,1.0000,2.4490,3.8740,2.1600,0.0000,0.0000,0.0000,70.0698,0.0000,4404.0000,1755.0000,0.0000,25.0000,37.0000,24.0000,13.0000
2.0740,0.5500,0.3790,0.3620,0.1750,0.0000,0.0000,1.1450,1.0000,2.4490,3.8740,2.1600,0.0000,0.0000,0.0000,70.0900,0.0000,4406.0000,1755.0000,0.0000,25.0000,37.0000,24.0000,13.0000
1.7850,0.5080,0.3230,0.2650,0.1530,0.0000,0.0000,0.9540,1.0000,2.4490,3.8740,2.1600,0.0000,0.0000,0.0000,70.0900,0.0000,4406.0000,1755.0000,0.0000,25.0000,37.0000,24.0000,12.0000
1.6920,0.4810,0.3160,0.2790,0.1400,0.0000,0.0000,0.8950,1.0000,2.4490,3.8740,2.1600,0.0000,0.0000,0.0000,70.0901,0.0000,4406.0000,1755.0000,0.0000,25.0000,37.0000,24.0000,12.0000
1.9490,0.4950,0.4640,0.3300,0.2180,0.0000,0.0000,0.9900,1.0000,2.4490,3.8740,2.1600,0.0000,0.0000,0.0000,70.1004,0.0000,4407.0000,1755.0000,0.0000,25.0000,37.0000,24.0000,12.0000
1.6070,0.5810,0.3210,0.3750,0.1270,0.0000,0.0000,0.7050,1.0000,2.4490,3.8740,2.1600,0.0000,0.0000,0.0000,70.1011,0.0000,4407.0000,1755.0000,0.0000,25.0000,38.0000,24.0000,12.0000
1.6960,0.4220,0.3370,0.2700,0.1600,0.0000,0.0000,0.9370,1.0000,2.4490,3.8740,2.1600,0.0000,0.0000,0.0000,70.1011,0.0000,4407.0000,1755.0000,0.0000,25.0000,38.0000,24.0000,12.0000
1.9450,0.4450,0.3250,0.2800,0.1520,0.0000,0.0000,1.1750,1.0000,2.4490,3.8740,2.1600,0.0000,0.0000,0.0000,70.1107,0.0000,4408.0000,1755.0000,0.0000,25.0000,37.0000,24.0000,12.0000
2.1690,0.5910,0.3700,0.2800,0.1700,0.0000,0.0000,1.2080,1.0000,2.4490,3.8740,2.1600,0.0000,0.0000,0.0000,70.1107,0.0000,4408.0000,1755.0000,0.0000,25.0000,37.0000,24.0000,12.0000
1.8940,0.6330,0.3550,0.3750,0.1520,0.0000,0.0000,0.9060,1.0000,2.4490,3.8740,2.1600,0.0000,0.0000,0.0000,70.1108,0.0000,4408.0000,1755.0000,0.0000,25.0000,37.0000,24.0000,12.0000
1.7060,0.5720,0.3130,0.3300,0.1510,0.0000,0.0000,0.8210,1.0000,2.4490,3.8740,2.1600,0.0000,0.0000,0.0000,70.1210,0.0000,4409.0000,1755.0000,0.0000,25.0000,37.0000,24.0000,12.0000
1.7390,0.5130,0.3830,0.2990,0.1900,0.0000,0.0000,0.8430,1.0000,2.4490,3.8740,2.1600,0.0000,0.0000,0.0000,70.1320,0.0000,4410.0000,1755.0000,0.0000,25.0000,38.0000,24.0000,12.0000
1.9730,0.5140,0.4250,0.3130,0.2200,0.0000,0.0000,1.0340,1.0000,2.4490,3.8740,2.1600,0.0000,0.0000,0.0000,70.1619,0.0000,4413.0000,1755.0000,0.0000,25.0000,37.0000,24.0000,12.0000
1.7430,0.5600,0.3620,0.3020,0.1690,0.0000,0.0000,0.8210,1.0000,2.4490,3.8740,2.1600,0.0000,0.0000,0.0000,70.1620,0.0000,4413.0000,1755.0000,0.0000,25.0000,37.0000,24.0000,12.0000
1.8630,0.4540,0.2870,0.2710,0.1260,0.0000,0.0000,1.1220,1.0000,2.4490,3.8740,2.1600,0.0000,0.0000,0.0000,70.1617,0.0000,4413.0000,1755.0000,0.0000,25.0000,37.0000,24.0000,12.0000
2.6290,0.6070,0.4090,0.3640,0.1850,0.0000,0.0000,1.6130,1.0000,2.4490,3.8740,2.1600,0.0000,0.0000,0.0000,69.7998,0.0000,4378.0000,1755.0000,0.0000,25.0000,38.0000,24.0000,12.0000
2.2930,0.6510,0.4670,0.4040,0.1860,0.0000,0.0000,1.1750,1.0000,2.4490,3.8740,2.1600,0.0000,0.0000,0.0000,69.7997,0.0000,4378.0000,1755.0000,0.0000,25.0000,38.0000,24.0000,12.0000
2.4180,0.6210,0.4340,0.4230,0.2090,0.0000,0.0000,1.3630,1.0000,2.4490,3.8740,2.1600,0.0000,0.0000,0.0000,69.8202,0.0000,4380.0000,1755.0000,0.0000,25.0000,38.0000,24.0000,12.0000
2.2260,0.7200,0.4110,0.3670,0.2090,0.0000,0.0000,1.0950,1.0000,2.4490,3.8740,2.1600,0.0000,0.0000,0.0000,69.8508,0.0000,4383.0000,1755.0000,0.0000,25.0000,38.0000,24.0000,12.0000
2.1040,0.6370,0.3940,0.3260,0.1980,0.0000,0.0000,1.0730,1.0000,2.4490,3.8740,2.1600,0.0000,0.0000,0.0000,69.8510,0.0000,4383.0000,1755.0000,0.0000,25.0000,38.0000,24.0000,12.0000
2.1070,0.5840,0.3970,0.4010,0.1720,0.0000,0.0000,1.1260,1.0000,2.4490,3.8740,2.1600,0.0000,0.0000,0.0000,69.8518,0.0000,4383.0000,1755.0000,0.0000,25.0000,39.0000,24.0000,12.0000
1.9840,0.6700,0.3940,0.4710,0.1710,0.0000,0.0000,0.9200,1.0000,2.4490,3.8740,2.1600,0.0000,0.0000,0.0000,69.8518,0.0000,4383.0000,1755.0000,0.0000,25.0000,39.0000,24.0000,12.0000
2.2400,0.5890,0.4090,0.4090,0.1790,0.0000,0.0000,1.2420,1.0000,2.4490,3.8740,2.1600,0.0000,0.0000,0.0000,69.8518,0.0000,4383.0000,1755.0000,0.0000,25.0000,39.0000,24.0000,12.0000
2.0920,0.7610,0.3740,0.5490,0.1580,0.0000,0.0000,0.9570,1.0000,2.4490,3.8740,2.1600,0.0000,0.0000,0.0000,69.8518,0.0000,4383.0000,1755.0000,0.0000,25.0000,39.0000,24.0000,12.0000
2.3340,0.6570,0.4860,0.3790,0.2260,0.0000,0.0000,1.1910,1.0000,2.4490,3.8740,2.1600,0.0000,0.0000,0.0000,69.8621,0.0000,4384.0000,1755.0000,0.0000,25.0000,39.0000,24.0000,11.0000
2.1140,0.5970,0.4330,0.3360,0.2120,0.0000,0.0000,1.0840,1.0000,2.4490,3.8740,2.1600,0.0000,0.0000,0.0000,69.8621,0.0000,4384.0000,1755.0000,0.0000,25.0000,39.0000,24.0000,11.0000
2.3690,0.5640,0.5100,0.3760,0.2320,0.0000,0.0000,1.2950,1.0000,2.4490,3.8740,2.1600,0.0000,0.0000,0.0000,69.8628,0.0000,4384.0000,1755.0000,0.0000,25.0000,40.0000,24.0000,10.0000
2.5330,0.6550,0.4540,0.4170,0.2230,0.0000,0.0000,1.4240,1.0000,2.4490,3.8740,2.1600,0.0000,0.0000,0.0000,69.8832,0.0000,4386.0000,1755.0000,0.0000,25.0000,40.0000,24.0000,10.0000
2.2350,0.6750,0.4630,0.3720,0.2180,0.0000,0.0000,1.0970,1.0000,2.4490,3.8740,2.1600,0.0000,0.0000,0.0000,69.8832,0.0000,4386.0000,1755.0000,0.0000,25.0000,40.0000,24.0000,10.0000
2.3710,0.6370,0.4810,0.4360,0.2040,0.0000,0.0000,1.2530,1.0000,2.4490,3.8740,2.1600,0.0000,0.0000,0.0000,69.8833,0.0000,4386.0000,1755.0000,0.0000,25.0000,40.0000,24.0000,10.0000
2.1170,0.6680,0.3570,0.4680,0.1570,0.0000,0.0000,1.0920,1.0000,2.4490,3.8740,2.1600,0.0000,0.0000,0.0000,69.8833,0.0000,4386.0000,1755.0000,0.0000,25.0000,40.0000,24.0000,10.0000
2.3440,0.6110,0.4280,0.3470,0.2270,0.0000,0.0000,1.3050,1.0000,2.4490,3.8740,2.1600,0.0000,0.0000,0.0000,69.8936,0.0000,4387.0000,1755.0000,0.0000,25.0000,40.0000,24.0000,10.0000
2.2730,0.6130,0.4070,0.3490,0.2060,0.0000,0.0000,1.2530,1.0000,2.4490,3.8740,2.1600,0.0000,0.0000,0.0000,69.8936,0.0000,4387.0000,1755.0000,0.0000,25.0000,40.0000,24.0000,10.0000
2.7830,0.5870,0.4960,0.3970,0.2160,0.0000,0.0000,1.7000,1.0000,2.4490,3.8740,2.1600,0.0000,0.0000,0.0000,69.9140,0.0000,4389.0000,1755.0000,0.0000,25.0000,40.0000,24.0000,10.0000
2.9610,0.9240,0.4850,0.5830,0.2270,0.0000,0.0000,1.5520,1.0000,2.4490,3.8740,2.1600,0.0000,0.0000,0.0000,69.9140,0.0000,4389.0000,1755.0000,0.0000,25.0000,40.0000,24.0000,10.0000
2.9990,0.8780,0.6330,0.5500,0.2910,0.0000,0.0000,1.4880,1.0000,2.4490,3.8740,2.1600,0.0000,0.0000,0.0000,69.9244,0.0000,4390.0000,1755.0000,0.0000,25.0000,40.0000,24.0000,10.0000
2.5840,0.8190,0.5500,0.4550,0.2340,0.0000,0.0000,1.2150,1.0000,2.4490,3.8740,2.1600,0.0000,0.0000,0.0000,69.9244,0.0000,4390.0000,1755.0000,0.0000,25.0000,40.0000,24.0000,10.0000
2.2190,0.6280,0.3900,0.3650,0.1680,0.0000,0.0000,1.2010,1.0000,2.4490,3.8740,2.1600,0.0000,0.0000,0.0000,69.9244,0.0000,4390.0000,1755.0000,0.0000,25.0000,40.0000,24.0000,10.0000
2.2370,0.5960,0.4390,0.3350,0.1670,0.0000,0.0000,1.2020,1.0000,2.4490,3.8740,2.1600,0.0000,0.0000,0.0000,69.9251,0.0000,4390.0000,1755.0000,0.0000,25.0000,41.0000,24.0000,10.0000
2.2450,0.5240,0.4750,0.3310,0.2250,0.0000,0.0000,1.2460,1.0000,2.4490,3.8740,2.1600,0.0000,0.0000,0.0000,69.9251,0.0000,4390.0000,1755.0000,0.0000,25.0000,41.0000,24.0000,9.0000
2.2550,0.6020,0.4330,0.4080,0.2200,0.0000,0.0000,1.2200,1.0000,2.4490,3.8740,2.1600,0.0000,0.0000,0.0000,69.9453,0.0000,4392.0000,1755.0000,0.0000,25.0000,41.0000,24.0000,9.0000
2.1080,0.6660,0.3590,0.3470,0.1550,0.0000,0.0000,1.0830,1.0000,2.4490,3.8740,2.1600,0.0000,0.0000,0.0000,69.9453,0.0000,4392.0000,1755.0000,0.0000,25.0000,41.0000,24.0000,9.0000
2.2200,0.6600,0.4040,0.3690,0.2000,0.0000,0.0000,1.1560,1.0000,2.4490,3.8740,2.1600,0.0000,0.0000,0.0000,69.9550,0.0000,4393.0000,1755.0000,0.0000,25.0000,40.0000,24.0000,9.0000
2.1710,0.6050,0.4390,0.3390,0.2340,0.0000,0.0000,1.1270,1.0000,2.4490,3.8740,2.1600,0.0000,0.0000,0.0000,69.9653,0.0000,4394.0000,1755.0000,0.0000,25.0000,40.0000,24.0000,9.0000
2.0300,0.6250,0.4030,0.3830,0.2000,0.0000,0.0000,1.0020,1.0000,2.4490,3.8740,2.1600,0.0000,0.0000,0.0000,69.9653,0.0000,4394.0000,1755.0000,0.0000,25.0000,40.0000,24.0000,9.0000
2.1900,0.5700,0.4520,0.3820,0.2210,0.0000,0.0000,1.1680,1.0000,2.4490,3.8740,2.1600,0.0000,0.0000,0.0000,69.9856,0.0000,4396.0000,1755.0000,0.0000,25.0000,40.0000,24.0000,9.0000
2.0900,0.7000,0.4340,0.4080,0.1690,0.0000,0.0000,0.9560,1.0000,2.4490,3.8740,2.1600,0.0000,0.0000,0.0000,69.9856,0.0000,4396.0000,1755.0000,0.0000,25.0000,40.0000,24.0000,9.0000
2.1300,0.6650,0.4140,0.4760,0.1970,0.0000,0.0000,1.0510,1.0000,2.4490,3.8740,2.1600,0.0000,0.0000,0.0000,69.9960,0.0000,4397.0000,1755.0000,0.0000,25.0000,40.0000,24.0000,9.0000
2.0980,0.6350,0.3710,0.3510,0.1590,0.0000,0.0000,1.0920,1.0000,2.4490,3.8740,2.1600,0.0000,0.0000,0.0000,69.9960,0.0000,4397.0000,1755.0000,0.0000,25.0000,40.0000,24.0000,9.0000
2.0290,0.6500,0.3600,0.3590,0.1570,0.0000,0.0000,1.0190,1.0000,2.4490,3.8740,2.1600,0.0000,0.0000,0.0000,69.9960,0.0000,4397.0000,1755.0000,0.0000,25.0000,40.0000,24.0000,10.0000
2.3360,0.5900,0.4370,0.3460,0.2220,0.0000,0.0000,1.3090,1.0000,2.4490,3.8740,2.1600,0.0000,0.0000,0.0000,70.0063,0.0000,4398.0000,1755.0000,0.0000,25.0000,40.0000,24.0000,10.0000
2.0920,0.6090,0.4030,0.3550,0.2050,0.0000,0.0000,1.0800,1.0000,2.4490,3.8740,2.1600,0.0000,0.0000,0.0000,70.0063,0.0000,4398.0000,1755.0000,0.0000,25.0000,40.0000,24.0000,10.0000
2.0120,0.5210,0.4500,0.3290,0.2480,0.0000,0.0000,1.0410,1.0000,2.4490,3.8740,2.1600,0.0000,0.0000,0.0000,70.0064,0.0000,4398.0000,1755.0000,0.0000,25.0000,40.0000,24.0000,10.0000
2.0460,0.5810,0.4200,0.3890,0.2180,0.0000,0.0000,1.0450,1.0000,2.4490,3.8740,2.1600,0.0000,0.0000,0.0000,70.0064,0.0000,4398.0000,1755.0000,0.0000,25.0000,40.0000,24.0000,9.0000
2.1930,0.5620,0.5610,0.3750,0.2490,0.0000,0.0000,1.0700,1.0000,2.4490,3.8740,2.1600,0.0000,0.0000,0.0000,70.0064,0.0000,4398.0000,1755.0000,0.0000,25.0000,40.0000,24.0000,9.0000
2.7060,0.5790,0.5120,0.3890,0.2630,0.0000,0.0000,1.6150,1.0000,2.4490,3.8740,2.1600,0.0000,0.0000,0.0000,70.0266,0.0000,4400.0000,1755.0000,0.0000,25.0000,40.0000,24.0000,9.0000
2.3370,0.7050,0.4990,0.3340,0.2970,0.0000,0.0000,1.1330,1.0000,2.4490,3.8740,2.1600,0.0000,0.0000,0.0000,70.0364,0.0000,4401.0000,1755.0000,0.0000,25.0000,40.0000,24.0000,9.0000
2.1840,0.6700,0.3760,0.4160,0.1600,0.0000,0.0000,1.1380,1.0000,2.4490,3.8740,2.1600,0.0000,0.0000,0.0000,69.7886,0.0000,4377.0000,1755.0000,0.0000,25.0000,40.0000,24.0000,10.0000
2.2770,0.6480,0.4210,0.3960,0.2180,0.0000,0.0000,1.2080,1.0000,2.4490,3.8740,2.1600,0.0000,0.0000,0.0000,69.8192,0.0000,4380.0000,1755.0000,0.0000,25.0000,40.0000,24.0000,10.0000
2.2120,0.6710,0.3710,0.3370,0.1720,0.0000,0.0000,1.1700,1.0000,2.4490,3.8740,2.1600,0.0000,0.0000,0.0000,69.8193,0.0000,4380.0000,1755.0000,0.0000,25.0000,40.0000,24.0000,10.0000
2.1660,0.5320,0.4570,0.3310,0.2370,0.0000,0.0000,1.1770,1.0000,2.4490,3.8740,2.1600,0.0000,0.0000,0.0000,69.8194,0.0000,4380.0000,1755.0000,0.0000,25.0000,40.0000,24.0000,10.0000
2.0420,0.5570,0.4450,0.3750,0.1760,0.0000,0.0000,1.0400,1.0000,2.4490,3.8740,2.1600,0.0000,0.0000,0.0000,69.8194,0.0000,4380.0000,1755.0000,0.0000,25.0000,40.0000,24.0000,10.0000
1.9750,0.5630,0.4080,0.3810,0.1780,0.0000,0.0000,1.0040,1.0000,2.4490,3.8740,2.1600,0.0000,0.0000,0.0000,69.8201,0.0000,4380.0000,1755.0000,0.0000,25.0000,41.0000,24.0000,10.0000
2.1670,0.5640,0.4870,0.3850,0.2140,0.0000,0.0000,1.1160,1.0000,2.4490,3.8740,2.1600,0.0000,0.0000,0.0000,69.8304,0.0000,4381.0000,1755.0000,0.0000,25.0000,41.0000,24.0000,10.0000
1.9960,0.6450,0.3950,0.4160,0.1830,0.0000,0.0000,0.9560,1.0000,2.4490,3.8740,2.1600,0.0000,0.0000,0.0000,69.8297,0.0000,4381.0000,1755.0000,0.0000,25.0000,40.0000,24.0000,10.0000
2.3540,0.5700,0.4170,0.3940,0.1610,0.0000,0.0000,1.3670,1.0000,2.4490,3.8740,2.1600,0.0000,0.0000,0.0000,69.8304,0.0000,4381.0000,1755.0000,0.0000,25.0000,41.0000,24.0000,10.0000
2.8510,0.6300,0.4510,0.4560,0.2100,0.0000,0.0000,1.7700,1.0000,2.4490,3.8740,2.1600,0.0000,0.0000,0.0000,69.8304,0.0000,4381.0000,1755.0000,0.0000,25.0000,41.0000,24.0000,10.0000
2.7480,0.8500,0.4860,0.5690,0.2160,0.0000,0.0000,1.4120,1.0000,2.4490,3.8740,2.1600,0.0000,0.0000,0.0000,69.8304,0.0000,4381.0000,1755.0000,0.0000,25.0000,41.0000,24.0000,10.0000
2.6910,0.7650,0.5080,0.5190,0.2210,0.0000,0.0000,1.4180,1.0000,2.4490,3.8740,2.1600,0.0000,0.0000,0.0000,69.8304,0.0000,4381.0000,1755.0000,0.0000,25.0000,41.0000,24.0000,10.0000
2.4730,0.6790,0.4590,0.3980,0.2300,0.0000,0.0000,1.3350,1.0000,2.4490,3.8740,2.1600,0.0000,0.0000,0.0000,69.8304,0.0000,4381.0000,1755.0000,0.0000,25.0000,41.0000,24.0000,10.0000
2.4200,0.7410,0.4730,0.5290,0.2420,0.0000,0.0000,1.2060,1.0000,2.4490,3.8740,2.1600,0.0000,0.0000,0.0000,69.8510,0.0000,4383.0000,1755.0000,0.0000,25.0000,41.0000,24.0000,10.0000
2.2470,0.6960,0.4510,0.3820,0.2280,0.0000,0.0000,1.1000,1.0000,2.4490,3.8740,2.1600,0.0000,0.0000,0.0000,69.8510,0.0000,4383.0000,1755.0000,0.0000,25.0000,41.0000,24.0000,10.0000
2.2020,0.6510,0.4640,0.4410,0.1980,0.0000,0.0000,1.0870,1.0000,2.4490,3.8740,2.1600,0.0000,0.0000,0.0000,69.8511,0.0000,4383.0000,1755.0000,0.0000,25.0000,41.0000,24.0000,10.0000
2.8120,0.6600,0.5430,0.4510,0.2610,0.0000,0.0000,1.6090,1.0000,2.4490,3.8740,2.1600,0.0000,0.0000,0.0000,69.8613,0.0000,4384.0000,1755.0000,0.0000,25.0000,41.0000,24.0000,10.0000
2.8980,0.7430,0.6020,0.4520,0.2720,0.0000,0.0000,1.5530,1.0000,2.4490,3.8740,2.1600,0.0000,0.0000,0.0000,69.8613,0.0000,4384.0000,1755.0000,0.0000,25.0000,41.0000,24.0000,10.0000
2.8110,0.7740,0.5490,0.4510,0.2380,0.0000,0.0000,1.4880,1.0000,2.4490,3.8740,2.1600,0.0000,0.0000,0.0000,69.8614,0.0000,4384.0000,1755.0000,0.0000,25.0000,41.0000,24.0000,10.0000
2.8240,0.7790,0.5470,0.4580,0.2720,0.0000,0.0000,1.4980,1.0000,2.4490,3.8740,2.1600,0.0000,0.0000,0.0000,69.8607,0.0000,4384.0000,1755.0000,0.0000,25.0000,40.0000,24.0000,10.0000
2.9830,0.7660,0.5010,0.5180,0.2240,0.0000,0.0000,1.7160,1.0000,2.4490,3.8740,2.1600,0.0000,0.0000,0.0000,69.8622,0.0000,4384.0000,1755.0000,0.0000,25.0000,42.0000,24.0000,11.0000
4.9120,0.9140,0.5050,0.6690,0.2400,0.0000,0.0000,3.4930,1.0000,2.4490,3.8740,2.1600,0.0000,0.0000,0.0000,69.8622,0.0000,4384.0000,1755.0000,0.0000,25.0000,42.0000,24.0000,11.0000
3.0150,0.8210,0.5010,0.5690,0.2390,0.0000,0.0000,1.6930,1.0000,2.4490,3.8740,2.1600,0.0000,0.0000,0.0000,69.8725,0.0000,4385.0000,1755.0000,0.0000,25.0000,42.0000,24.0000,11.0000
2.9180,0.8070,0.5210,0.5000,0.2360,0.0000,0.0000,1.5900,1.0000,2.4490,3.8740,2.1600,0.0000,0.0000,0.0000,69.8725,0.0000,4385.0000,1755.0000,0.0000,25.0000,42.0000,24.0000,11.0000
2.4870,0.9040,0.4360,0.6530,0.2120,0.0000,0.0000,1.1470,1.0000,2.4490,3.8740,2.1600,0.0000,0.0000,0.0000,69.9051,0.0000,4389.0000,1755.0000,0.0000,25.0000,40.0000,24.0000,11.0000
2.3450,0.6940,0.5170,0.3580,0.3010,0.0000,0.0000,1.1340,1.0000,2.4490,3.8740,2.1600,0.0000,0.0000,0.0000,69.9144,0.0000,4390.0000,1755.0000,0.0000,25.0000,39.0000,24.0000,11.0000
2.3000,0.7230,0.4500,0.4830,0.2140,0.0000,0.0000,1.1270,1.0000,2.4490,3.8740,2.1600,0.0000,0.0000,0.0000,69.9280,0.0000,4393.0000,1755.0000,0.0000,25.0000,40.0000,24.0000,11.0000
2.1830,0.6580,0.3870,0.3720,0.1850,0.0000,0.0000,1.1380,1.0000,2.4490,3.8740,2.1600,0.0000,0.0000,0.0000,69.9376,0.0000,4394.0000,1755.0000,0.0000,25.0000,39.0000,24.0000,10.0000
2.7550,0.6080,0.3540,0.3440,0.1580,0.0000,0.0000,1.7930,1.0000,2.4490,3.8740,2.1600,0.0000,0.0000,0.0000,69.9368,0.0000,4394.0000,1755.0000,0.0000,25.0000,38.0000,24.0000,11.0000
3.4040,0.5960,0.4360,0.3950,0.2090,0.0000,0.0000,2.3720,1.0000,2.4490,3.8740,2.1600,0.0000,0.0000,0.0000,69.9471,0.0000,4395.0000,1755.0000,0.0000,25.0000,38.0000,24.0000,11.0000
1.9020,0.7280,0.4300,0.3900,0.2280,0.0000,0.0000,0.7440,1.0000,2.4490,3.8740,2.1600,0.0000,0.0000,0.0000,69.9471,0.0000,4395.0000,1755.0000,0.0000,25.0000,38.0000,24.0000,11.0000
2.0560,0.5870,0.3560,0.3890,0.1590,0.0000,0.0000,1.1130,1.0000,2.4490,3.8740,2.1600,0.0000,0.0000,0.0000,69.9464,0.0000,4395.0000,1755.0000,0.0000,25.0000,37.0000,24.0000,11.0000
11.6220,0.5420,0.4150,0.3520,0.2100,0.0000,0.0000,10.6650,1.0000,2.4490,3.8740,2.1600,0.0000,0.0000,0.0000,69.9464,0.0000,4395.0000,1755.0000,0.0000,25.0000,37.0000,24.0000,11.0000
2.2220,0.5270,0.4530,0.3320,0.2050,0.0000,0.0000,1.2420,1.0000,2.4490,3.8740,2.1600,0.0000,0.0000,0.0000,69.7205,0.0000,4373.0000,1755.0000,0.0000,25.0000,37.0000,24.0000,11.0000
2.0110,0.5390,0.3900,0.3210,0.1860,0.0000,0.0000,1.0820,1.0000,2.4490,3.8740,2.1600,0.0000,0.0000,0.0000,69.7201,0.0000,4373.0000,1755.0000,0.0000,25.0000,37.0000,24.0000,11.0000
1.9580,0.5100,0.3700,0.3300,0.1650,0.0000,0.0000,1.0780,1.0000,2.4490,3.8740,2.1600,0.0000,0.0000,0.0000,69.7201,0.0000,4373.0000,1755.0000,0.0000,25.0000,37.0000,24.0000,11.0000
2.0880,0.5910,0.4160,0.3990,0.2230,0.0000,0.0000,1.0810,1.0000,2.4490,3.8740,2.1600,0.0000,0.0000,0.0000,69.7609,0.0000,4377.0000,1755.0000,0.0000,25.0000,37.0000,24.0000,11.0000
1.8170,0.6930,0.3420,0.3450,0.1520,0.0000,0.0000,0.7820,1.0000,2.4490,3.8740,2.1600,0.0000,0.0000,0.0000,69.7610,0.0000,4377.0000,1755.0000,0.0000,25.0000,37.0000,24.0000,11.0000
1.8610,0.5480,0.3390,0.3580,0.1550,0.0000,0.0000,0.9740,1.0000,2.4490,3.8740,2.1600,0.0000,0.0000,0.0000,69.7612,0.0000,4377.0000,1755.0000,0.0000,25.0000,37.0000,24.0000,12.0000
2.1660,0.6050,0.3770,0.4280,0.1640,0.0000,0.0000,1.1840,1.0000,2.4490,3.8740,2.1600,0.0000,0.0000,0.0000,69.7620,0.0000,4377.0000,1755.0000,0.0000,25.0000,38.0000,24.0000,12.0000
2.2240,0.8520,0.4000,0.6300,0.1990,0.0000,0.0000,0.9720,1.0000,2.4490,3.8740,2.1600,0.0000,0.0000,0.0000,69.7824,0.0000,4379.0000,1755.0000,0.0000,25.0000,38.0000,24.0000,12.0000
1.8700,0.8120,0.3420,0.5400,0.1510,0.0000,0.0000,0.7160,1.0000,2.4490,3.8740,2.1600,0.0000,0.0000,0.0000,69.7826,0.0000,4379.0000,1755.0000,0.0000,25.0000,38.0000,24.0000,12.0000
1.8120,0.5160,0.3260,0.3330,0.1460,0.0000,0.0000,0.9700,1.0000,2.4490,3.8740,2.1600,0.0000,0.0000,0.0000,69.7820,0.0000,4379.0000,1755.0000,0.0000,25.0000,37.0000,24.0000,12.0000
1.7490,0.5080,0.3440,0.3190,0.1530,0.0000,0.0000,0.8970,1.0000,2.4490,3.8740,2.1600,0.0000,0.0000,0.0000,69.7820,0.0000,4379.0000,1755.0000,0.0000,25.0000,37.0000,24.0000,12.0000
1.9040,0.5620,0.4260,0.3350,0.2420,0.0000,0.0000,0.9160,1.0000,2.4490,3.8740,2.1600,0.0000,0.0000,0.0000,69.7820,0.0000,4379.0000,1755.0000,0.0000,25.0000,37.0000,24.0000,12.0000
1.9670,0.5830,0.4790,0.3420,0.2110,0.0000,0.0000,0.9050,1.0000,2.4490,3.8740,2.1600,0.0000,0.0000,0.0000,69.8025,0.0000,4381.0000,1755.0000,0.0000,25.0000,37.0000,24.0000,12.0000
1.8450,0.6440,0.3860,0.3350,0.1660,0.0000,0.0000,0.8150,1.0000,2.4490,3.8740,2.1600,0.0000,0.0000,0.0000,69.8025,0.0000,4381.0000,1755.0000,0.0000,25.0000,37.0000,24.0000,12.0000
2.2040,0.5540,0.5190,0.3810,0.2760,0.0000,0.0000,1.1310,1.0000,2.4490,3.8740,2.1600,0.0000,0.0000,0.0000,69.8322,0.0000,4382.0000,1755.0000,0.0000,25.0000,37.0000,24.0000,12.0000
1.7900,0.7120,0.3950,0.3390,0.1690,0.0000,0.0000,0.6830,1.0000,2.4490,3.8740,2.1600,0.0000,0.0000,0.0000,69.8322,0.0000,4382.0000,1755.0000,0.0000,25.0000,37.0000,24.0000,12.0000
2.1210,0.5680,0.5750,0.3940,0.3900,0.0000,0.0000,0.9780,1.0000,2.4490,3.8740,2.1600,0.0000,0.0000,0.0000,69.8324,0.0000,4382.0000,1755.0000,0.0000,25.0000,37.0000,24.0000,12.0000
1.8360,0.6240,0.3960,0.4330,0.1680,0.0000,0.0000,0.8160,1.0000,2.4490,3.8740,2.1600,0.0000,0.0000,0.0000,69.8324,0.0000,4382.0000,1755.0000,0.0000,25.0000,37.0000,24.0000,12.0000
1.9230,0.5560,0.4570,0.3810,0.2750,0.0000,0.0000,0.9100,1.0000,2.4490,3.8740,2.1600,0.0000,0.0000,0.0000,69.8427,0.0000,4383.0000,1755.0000,0.0000,25.0000,37.0000,24.0000,12.0000
2.0190,0.5950,0.4400,0.3720,0.2470,0.0000,0.0000,0.9840,1.0000,2.4490,3.8740,2.1600,0.0000,0.0000,0.0000,69.8734,0.0000,4386.0000,1755.0000,0.0000,25.0000,37.0000,24.0000,12.0000
1.8190,0.6640,0.3830,0.3700,0.1980,0.0000,0.0000,0.7720,1.0000,2.4490,3.8740,2.1600,0.0000,0.0000,0.0000,69.8735,0.0000,4386.0000,1755.0000,0.0000,25.0000,37.0000,24.0000,12.0000
2.3090,0.5290,0.3760,0.3260,0.1920,0.0000,0.0000,1.4040,1.0000,2.4490,3.8740,2.1600,0.0000,0.0000,0.0000,69.8926,0.0000,4387.0000,1755.0000,0.0000,25.0000,37.0000,24.0000,12.0000
2.3350,0.7260,0.4830,0.3870,0.1800,0.0000,0.0000,1.1260,1.0000,2.4490,3.8740,2.1600,0.0000,0.0000,0.0000,69.8926,0.0000,4387.0000,1755.0000,0.0000,25.0000,37.0000,24.0000,12.0000
1.9730,0.6670,0.4040,0.4870,0.1660,0.0000,0.0000,0.9020,1.0000,2.4490,3.8740,2.1600,0.0000,0.0000,0.0000,69.8927,0.0000,4387.0000,1755.0000,0.0000,25.0000,37.0000,24.0000,12.0000
1.8880,0.5820,0.3880,0.3420,0.1620,0.0000,0.0000,0.9180,1.0000,2.4490,3.8740,2.1600,0.0000,0.0000,0.0000,69.8927,0.0000,4387.0000,1755.0000,0.0000,25.0000,37.0000,24.0000,12.0000
1.8430,0.5610,0.3590,0.3410,0.1650,0.0000,0.0000,0.9230,1.0000,2.4490,3.8740,2.1600,0.0000,0.0000,0.0000,69.8927,0.0000,4387.0000,1755.0000,0.0000,25.0000,37.0000,24.0000,12.0000
2.0700,0.5550,0.4710,0.3820,0.2520,0.0000,0.0000,1.0440,1.0000,2.4490,3.8740,2.1600,0.0000,0.0000,0.0000,69.9133,0.0000,4389.0000,1755.0000,0.0000,25.0000,37.0000,24.0000,12.0000
1.8500,0.6450,0.3700,0.3880,0.1520,0.0000,0.0000,0.8350,1.0000,2.4490,3.8740,2.1600,0.0000,0.0000,0.0000,69.9133,0.0000,4389.0000,1755.0000,0.0000,25.0000,37.0000,24.0000,12.0000
2.2270,0.5480,0.4840,0.3780,0.1770,0.0000,0.0000,1.1950,1.0000,2.4490,3.8740,2.1600,0.0000,0.0000,0.0000,69.9134,0.0000,4389.0000,1755.0000,0.0000,25.0000,37.0000,24.0000,12.0000
2.0370,0.6160,0.3630,0.4200,0.1650,0.0000,0.0000,1.0580,1.0000,2.4490,3.8740,2.1600,0.0000,0.0000,0.0000,69.9141,0.0000,4389.0000,1755.0000,0.0000,25.0000,38.0000,24.0000,12.0000
2.3310,0.6160,0.5020,0.4370,0.2400,0.0000,0.0000,1.2130,1.0000,2.4490,3.8740,2.1600,0.0000,0.0000,0.0000,69.9243,0.0000,4390.0000,1755.0000,0.0000,25.0000,38.0000,24.0000,12.0000
1.9800,0.6070,0.3720,0.3420,0.1630,0.0000,0.0000,1.0010,1.0000,2.4490,3.8740,2.1600,0.0000,0.0000,0.0000,69.9250,0.0000,4390.0000,1755.0000,0.0000,25.0000,39.0000,24.0000,11.0000
2.4180,0.5430,0.4350,0.3660,0.1850,0.0000,0.0000,1.4400,1.0000,2.4490,3.8740,2.1600,0.0000,0.0000,0.0000,69.9251,0.0000,4390.0000,1755.0000,0.0000,25.0000,39.0000,24.0000,11.0000
2.3970,0.6400,0.4640,0.4150,0.1990,0.0000,0.0000,1.2930,1.0000,2.4490,3.8740,2.1600,0.0000,0.0000,0.0000,69.9244,0.0000,4390.0000,1755.0000,0.0000,25.0000,38.0000,24.0000,11.0000
2.6290,0.7050,0.3870,0.4960,0.1580,0.0000,0.0000,1.5370,1.0000,2.4490,3.8740,2.1600,0.0000,0.0000,0.0000,69.9246,0.0000,4390.0000,1755.0000,0.0000,25.0000,38.0000,24.0000,12.0000
2.6830,0.8450,0.5820,0.5780,0.2600,0.0000,0.0000,1.2560,1.0000,2.4490,3.8740,2.1600,0.0000,0.0000,0.0000,69.9551,0.0000,4393.0000,1755.0000,0.0000,25.0000,38.0000,24.0000,12.0000
2.1470,0.7220,0.3770,0.3460,0.1650,0.0000,0.0000,1.0480,1.0000,2.4490,3.8740,2.1600,0.0000,0.0000,0.0000,69.9551,0.0000,4393.0000,1755.0000,0.0000,25.0000,38.0000,24.0000,12.0000
2.3940,0.5260,0.4700,0.3300,0.2680,0.0000,0.0000,1.3980,1.0000,2.4490,3.8740,2.1600,0.0000,0.0000,0.0000,69.9958,0.0000,4397.0000,1755.0000,0.0000,25.0000,38.0000,24.0000,12.0000
2.2170,0.7680,0.3970,0.4020,0.2000,0.0000,0.0000,1.0520,1.0000,2.4490,3.8740,2.1600,0.0000,0.0000,0.0000,70.0074,0.0000,4398.0000,1755.0000,0.0000,25.0000,38.0000,24.0000,12.0000
2.1430,0.6740,0.4070,0.4560,0.1920,0.0000,0.0000,1.0620,1.0000,2.4490,3.8740,2.1600,0.0000,0.0000,0.0000,70.0179,0.0000,4399.0000,1755.0000,0.0000,25.0000,38.0000,24.0000,12.0000
2.0390,0.6030,0.3590,0.3380,0.1700,0.0000,0.0000,1.0770,1.0000,2.4490,3.8740,2.1600,0.0000,0.0000,0.0000,70.0173,0.0000,4399.0000,1755.0000,0.0000,25.0000,37.0000,24.0000,11.0000
2.0320,0.5530,0.3730,0.3380,0.1870,0.0000,0.0000,1.1060,1.0000,2.4490,3.8740,2.1600,0.0000,0.0000,0.0000,70.0276,0.0000,4400.0000,1755.0000,0.0000,25.0000,37.0000,24.0000,11.0000
2.1340,0.5690,0.3970,0.3350,0.2120,0.0000,0.0000,1.1680,1.0000,2.4490,3.8740,2.1600,0.0000,0.0000,0.0000,70.0379,0.0000,4401.0000,1755.0000,0.0000,25.0000,37.0000,24.0000,11.0000
2.3910,0.5660,0.3600,0.3230,0.1600,0.0000,0.0000,1.4650,1.0000,2.4490,3.8740,2.1600,0.0000,0.0000,0.0000,70.0379,0.0000,4401.0000,1755.0000,0.0000,25.0000,37.0000,24.0000,11.0000
2.3500,0.8780,0.4640,0.6860,0.1710,0.0000,0.0000,1.0080,1.0000,2.4490,3.8740,2.1600,0.0000,0.0000,0.0000,70.0380,0.0000,4401.0000,1755.0000,0.0000,25.0000,37.0000,24.0000,11.0000
3.2780,0.6580,0.4400,0.3390,0.1810,0.0000,0.0000,2.1800,1.0000,2.4490,3.8740,2.1600,0.0000,0.0000,0.0000,70.0378,0.0000,4401.0000,1755.0000,0.0000,25.0000,37.0000,24.0000,11.0000
3.0840,1.2260,0.6820,0.8740,0.3030,0.0000,0.0000,1.1760,1.0000,2.4490,3.8740,2.1600,0.0000,0.0000,0.0000,69.7593,0.0000,4374.0000,1755.0000,0.0000,25.0000,37.0000,24.0000,11.0000
2.4020,0.8840,0.5110,0.5460,0.2910,0.0000,0.0000,1.0070,1.0000,2.4490,3.8740,2.1600,0.0000,0.0000,0.0000,69.7689,0.0000,4375.0000,1755.0000,0.0000,25.0000,36.0000,24.0000,11.0000
2.0570,0.6770,0.4020,0.4470,0.1670,0.0000,0.0000,0.9780,1.0000,2.4490,3.8740,2.1600,0.0000,0.0000,0.0000,69.7690,0.0000,4375.0000,1755.0000,0.0000,25.0000,36.0000,24.0000,11.0000
2.2240,0.6540,0.4390,0.4140,0.2150,0.0000,0.0000,1.1310,1.0000,2.4490,3.8740,2.1600,0.0000,0.0000,0.0000,69.7995,0.0000,4378.0000,1755.0000,0.0000,25.0000,36.0000,24.0000,11.0000
3.0880,0.6890,0.4070,0.3240,0.2040,0.0000,0.0000,1.9920,1.0000,2.4490,3.8740,2.1600,0.0000,0.0000,0.0000,69.7995,0.0000,4378.0000,1755.0000,0.0000,25.0000,36.0000,24.0000,11.0000
2.2350,1.1750,0.3940,0.7970,0.1850,0.0000,0.0000,0.6660,1.0000,2.4490,3.8740,2.1600,0.0000,0.0000,0.0000,69.7997,0.0000,4378.0000,1755.0000,0.0000,25.0000,36.0000,24.0000,11.0000
2.2180,0.5460,0.4330,0.3550,0.2260,0.0000,0.0000,1.2390,1.0000,2.4490,3.8740,2.1600,0.0000,0.0000,0.0000,69.7997,0.0000,4378.0000,1755.0000,0.0000,25.0000,36.0000,24.0000,11.0000
8.3190,0.7020,0.4680,0.5020,0.2120,0.0000,0.0000,7.1490,1.0000,2.4490,3.8740,2.1600,0.0000,0.0000,0.0000,69.8100,0.0000,4379.0000,1755.0000,0.0000,25.0000,36.0000,24.0000,11.0000
2.4470,0.7180,0.4450,0.4560,0.2050,0.0000,0.0000,1.2840,1.0000,2.4490,3.8740,2.1600,0.0000,0.0000,0.0000,69.8100,0.0000,4379.0000,1755.0000,0.0000,25.0000,36.0000,24.0000,11.0000
2.2540,0.6020,0.4800,0.3800,0.2270,0.0000,0.0000,1.1720,1.0000,2.4490,3.8740,2.1600,0.0000,0.0000,0.0000,69.8100,0.0000,4379.0000,1755.0000,0.0000,25.0000,36.0000,24.0000,11.0000
2.3070,0.6580,0.4860,0.4490,0.1930,0.0000,0.0000,1.1630,1.0000,2.4490,3.8740,2.1600,0.0000,0.0000,0.0000,69.8100,0.0000,4379.0000,1755.0000,0.0000,25.0000,36.0000,24.0000,11.0000
2.3390,0.6270,0.4470,0.3750,0.2230,0.0000,0.0000,1.2650,1.0000,2.4490,3.8740,2.1600,0.0000,0.0000,0.0000,69.8203,0.0000,4380.0000,1755.0000,0.0000,25.0000,36.0000,24.0000,11.0000
2.4710,0.6540,0.5310,0.3740,0.3110,0.0000,0.0000,1.2860,1.0000,2.4490,3.8740,2.1600,0.0000,0.0000,0.0000,69.8626,0.0000,4384.0000,1755.0000,0.0000,25.0000,36.0000,24.0000,11.0000
2.2340,0.7730,0.4020,0.4320,0.1740,0.0000,0.0000,1.0590,1.0000,2.4490,3.8740,2.1600,0.0000,0.0000,0.0000,69.8634,0.0000,4384.0000,1755.0000,0.0000,25.0000,37.0000,24.0000,11.0000
2.1990,0.6780,0.4340,0.3740,0.2150,0.0000,0.0000,1.0870,1.0000,2.4490,3.8740,2.1600,0.0000,0.0000,0.0000,69.8739,0.0000,4385.0000,1755.0000,0.0000,25.0000,37.0000,24.0000,11.0000
2.1450,0.6080,0.3990,0.3580,0.1790,0.0000,0.0000,1.1380,1.0000,2.4490,3.8740,2.1600,0.0000,0.0000,0.0000,69.8739,0.0000,4385.0000,1755.0000,0.0000,25.0000,37.0000,24.0000,11.0000
2.2530,0.5690,0.4930,0.3690,0.2650,0.0000,0.0000,1.1910,1.0000,2.4490,3.8740,2.1600,0.0000,0.0000,0.0000,69.8863,0.0000,4386.0000,1755.0000,0.0000,25.0000,38.0000,24.0000,11.0000
2.1620,0.6850,0.4780,0.4330,0.1820,0.0000,0.0000,0.9990,1.0000,2.4490,3.8740,2.1600,0.0000,0.0000,0.0000,69.8863,0.0000,4386.0000,1755.0000,0.0000,25.0000,38.0000,24.0000,11.0000
2.3980,0.6160,0.4620,0.4010,0.2350,0.0000,0.0000,1.3200,1.0000,2.4490,3.8740,2.1600,0.0000,0.0000,0.0000,69.9073,0.0000,4388.0000,1755.0000,0.0000,25.0000,39.0000,24.0000,11.0000
2.1960,0.7000,0.4180,0.3740,0.1890,0.0000,0.0000,1.0780,1.0000,2.4490,3.8740,2.1600,0.0000,0.0000,0.0000,69.9074,0.0000,4388.0000,1755.0000,0.0000,25.0000,39.0000,24.0000,11.0000
1.9610,0.6090,0.4720,0.3910,0.2370,0.0000,0.0000,0.8800,1.0000,2.4490,3.8740,2.1600,0.0000,0.0000,0.0000,69.9075,0.0000,4388.0000,1755.0000,0.0000,25.0000,39.0000,24.0000,11.0000
1.9270,0.4580,0.2870,0.2960,0.1230,0.0000,0.0000,1.1820,1.0000,2.4490,3.8740,2.1600,0.0000,0.0000,0.0000,69.9075,0.0000,4388.0000,1755.0000,0.0000,25.0000,39.0000,24.0000,11.0000
1.8620,0.4850,0.4140,0.2770,0.1710,0.0000,0.0000,0.9630,1.0000,2.4490,3.8740,2.1600,0.0000,0.0000,0.0000,69.9075,0.0000,4388.0000,1755.0000,0.0000,25.0000,39.0000,24.0000,11.0000
1.7060,0.4560,0.3160,0.2950,0.1340,0.0000,0.0000,0.9340,1.0000,2.4490,3.8740,2.1600,0.0000,0.0000,0.0000,69.9075,0.0000,4388.0000,1755.0000,0.0000,25.0000,39.0000,24.0000,11.0000
1.8980,0.4930,0.3470,0.2780,0.1660,0.0000,0.0000,1.0580,1.0000,2.4490,3.8740,2.1600,0.0000,0.0000,0.0000,69.9178,0.0000,4389.0000,1755.0000,0.0000,25.0000,39.0000,24.0000,11.0000
1.7410,0.5630,0.4000,0.3280,0.1510,0.0000,0.0000,0.7780,1.0000,2.4490,3.8740,2.1600,0.0000,0.0000,0.0000,69.9178,0.0000,4389.0000,1755.0000,0.0000,25.0000,39.0000,24.0000,11.0000
1.8360,0.5000,0.3900,0.3470,0.2220,0.0000,0.0000,0.9460,1.0000,2.4490,3.8740,2.1600,0.0000,0.0000,0.0000,69.9384,0.0000,4391.0000,1755.0000,0.0000,25.0000,39.0000,24.0000,11.0000
1.8040,0.5770,0.3090,0.3320,0.1300,0.0000,0.0000,0.9180,1.0000,2.4490,3.8740,2.1600,0.0000,0.0000,0.0000,69.9384,0.0000,4391.0000,1755.0000,0.0000,25.0000,39.0000,24.0000,11.0000
1.6330,0.4510,0.3060,0.2800,0.1310,0.0000,0.0000,0.8760,1.0000,2.4490,3.8740,2.1600,0.0000,0.0000,0.0000,69.9392,0.0000,4391.0000,1755.0000,0.0000,25.0000,40.0000,24.0000,11.0000
1.8750,0.4830,0.3590,0.2730,0.1690,0.0000,0.0000,1.0330,1.0000,2.4490,3.8740,2.1600,0.0000,0.0000,0.0000,69.9480,0.0000,4392.0000,1755.0000,0.0000,25.0000,38.0000,24.0000,11.0000
2.5010,0.5940,0.3770,0.3900,0.1630,0.0000,0.0000,1.5300,1.0000,2.4490,3.8740,2.1600,0.0000,0.0000,0.0000,69.9582,0.0000,4393.0000,1755.0000,0.0000,25.0000,38.0000,24.0000,11.0000
1.9770,0.8950,0.3680,0.7100,0.1810,0.0000,0.0000,0.7140,1.0000,2.4490,3.8740,2.1600,0.0000,0.0000,0.0000,69.9699,0.0000,4394.0000,1755.0000,0.0000,25.0000,40.0000,24.0000,11.0000
1.5600,0.5390,0.2920,0.3130,0.1260,0.0000,0.0000,0.7290,1.0000,2.4490,3.8740,2.1600,0.0000,0.0000,0.0000,69.9700,0.0000,4394.0000,1755.0000,0.0000,25.0000,40.0000,24.0000,11.0000
1.6510,0.4690,0.3410,0.2610,0.1350,0.0000,0.0000,0.8410,1.0000,2.4490,3.8740,2.1600,0.0000,0.0000,0.0000,69.9700,0.0000,4394.0000,1755.0000,0.0000,25.0000,40.0000,24.0000,11.0000
1.6420,0.4200,0.3080,0.2680,0.1310,0.0000,0.0000,0.9140,1.0000,2.4490,3.8740,2.1600,0.0000,0.0000,0.0000,69.9707,0.0000,4394.0000,1755.0000,0.0000,25.0000,41.0000,24.0000,11.0000
1.8250,0.4370,0.3260,0.2750,0.1580,0.0000,0.0000,1.0620,1.0000,2.4490,3.8740,2.1600,0.0000,0.0000,0.0000,69.9803,0.0000,4395.0000,1755.0000,0.0000,25.0000,40.0000,24.0000,11.0000
1.6780,0.5750,0.3320,0.2720,0.1320,0.0000,0.0000,0.7710,1.0000,2.4490,3.8740,2.1600,0.0000,0.0000,0.0000,69.9803,0.0000,4395.0000,1755.0000,0.0000,25.0000,40.0000,24.0000,11.0000
1.8920,0.4980,0.3750,0.3500,0.2100,0.0000,0.0000,1.0190,1.0000,2.4490,3.8740,2.1600,0.0000,0.0000,0.0000,69.9906,0.0000,4396.0000,1755.0000,0.0000,25.0000,40.0000,24.0000,11.0000
1.7520,0.5750,0.3570,0.3740,0.1550,0.0000,0.0000,0.8200,1.0000,2.4490,3.8740,2.1600,0.0000,0.0000,0.0000,69.9906,0.0000,4396.0000,1755.0000,0.0000,25.0000,40.0000,24.0000,11.0000
1.6900,0.4340,0.3240,0.2720,0.1570,0.0000,0.0000,0.9320,1.0000,2.4490,3.8740,2.1600,0.0000,0.0000,0.0000,70.0002,0.0000,4397.0000,1755.0000,0.0000,25.0000,39.0000,24.0000,11.0000
3.2660,0.5140,0.3040,0.2870,0.1320,0.0000,0.0000,2.4480,1.0000,2.4490,3.8740,2.1600,0.0000,0.0000,0.0000,70.0009,0.0000,4397.0000,1755.0000,0.0000,25.0000,40.0000,24.0000,11.0000
1.6900,0.5010,0.3280,0.3300,0.1590,0.0000,0.0000,0.8610,1.0000,2.4490,3.8740,2.1600,0.0000,0.0000,0.0000,69.7835,0.0000,4376.0000,1755.0000,0.0000,25.0000,40.0000,24.0000,11.0000
1.7750,0.5060,0.3820,0.2650,0.1390,0.0000,0.0000,0.8870,1.0000,2.4490,3.8740,2.1600,0.0000,0.0000,0.0000,69.7834,0.0000,4376.0000,1755.0000,0.0000,25.0000,40.0000,24.0000,11.0000
1.7310,0.5290,0.4200,0.3820,0.2210,0.0000,0.0000,0.7820,1.0000,2.4490,3.8740,2.1600,0.0000,0.0000,0.0000,69.7834,0.0000,4376.0000,1755.0000,0.0000,25.0000,40.0000,24.0000,10.0000
1.6540,0.4460,0.2990,0.2930,0.1370,0.0000,0.0000,0.9090,1.0000,2.4490,3.8740,2.1600,0.0000,0.0000,0.0000,69.7834,0.0000,4376.0000,1755.0000,0.0000,25.0000,40.0000,24.0000,10.0000
1.9290,0.4800,0.3070,0.2920,0.1420,0.0000,0.0000,1.1420,1.0000,2.4490,3.8740,2.1600,0.0000,0.0000,0.0000,69.7817,0.0000,4376.0000,1755.0000,0.0000,25.0000,37.0000,24.0000,11.0000
1.7930,0.6510,0.3820,0.4940,0.1660,0.0000,0.0000,0.7600,1.0000,2.4490,3.8740,2.1600,0.0000,0.0000,0.0000,69.7831,0.0000,4376.0000,1755.0000,0.0000,25.0000,39.0000,24.0000,11.0000
1.7100,0.5340,0.3510,0.3730,0.1410,0.0000,0.0000,0.8250,1.0000,2.4490,3.8740,2.1600,0.0000,0.0000,0.0000,69.7824,0.0000,4376.0000,1755.0000,0.0000,25.0000,38.0000,24.0000,11.0000
1.6710,0.4930,0.3110,0.3000,0.1370,0.0000,0.0000,0.8670,1.0000,2.4490,3.8740,2.1600,0.0000,0.0000,0.0000,69.7824,0.0000,4376.0000,1755.0000,0.0000,25.0000,38.0000,24.0000,11.0000
2.0320,0.4230,0.3650,0.2740,0.1980,0.0000,0.0000,1.2440,1.0000,2.4490,3.8740,2.1600,0.0000,0.0000,0.0000,69.8129,0.0000,4379.0000,1755.0000,0.0000,25.0000,38.0000,24.0000,11.0000
1.8410,0.7000,0.4070,0.3960,0.2220,0.0000,0.0000,0.7340,1.0000,2.4490,3.8740,2.1600,0.0000,0.0000,0.0000,69.8332,0.0000,4381.0000,1755.0000,0.0000,25.0000,38.0000,24.0000,11.0000
1.7200,0.5440,0.3470,0.2900,0.1730,0.0000,0.0000,0.8290,1.0000,2.4490,3.8740,2.1600,0.0000,0.0000,0.0000,69.8539,0.0000,4383.0000,1755.0000,0.0000,25.0000,38.0000,24.0000,11.0000
1.7640,0.5430,0.3400,0.3160,0.1370,0.0000,0.0000,0.8810,1.0000,2.4490,3.8740,2.1600,0.0000,0.0000,0.0000,69.8541,0.0000,4383.0000,1755.0000,0.0000,25.0000,38.0000,24.0000,11.0000
2.3610,0.4310,0.5820,0.2840,0.3520,0.0000,0.0000,1.3480,1.0000,2.4490,3.8740,2.1600,0.0000,0.0000,0.0000,69.8751,0.0000,4385.0000,1755.0000,0.0000,25.0000,39.0000,24.0000,11.0000
1.7650,0.6380,0.3650,0.3660,0.1430,0.0000,0.0000,0.7620,1.0000,2.4490,3.8740,2.1600,0.0000,0.0000,0.0000,69.8751,0.0000,4385.0000,1755.0000,0.0000,25.0000,39.0000,24.0000,11.0000
1.8120,0.5240,0.3650,0.3580,0.1980,0.0000,0.0000,0.9230,1.0000,2.4490,3.8740,2.1600,0.0000,0.0000,0.0000,69.8750,0.0000,4385.0000,1755.0000,0.0000,25.0000,39.0000,24.0000,12.0000
1.7580,0.4870,0.3400,0.3210,0.1710,0.0000,0.0000,0.9310,1.0000,2.4490,3.8740,2.1600,0.0000,0.0000,0.0000,69.8847,0.0000,4386.0000,1755.0000,0.0000,25.0000,38.0000,24.0000,12.0000
1.6410,0.4740,0.2990,0.2730,0.1340,0.0000,0.0000,0.8680,1.0000,2.4490,3.8740,2.1600,0.0000,0.0000,0.0000,69.8840,0.0000,4386.0000,1755.0000,0.0000,25.0000,37.0000,24.0000,12.0000
1.9330,0.5200,0.3600,0.3590,0.1660,0.0000,0.0000,1.0530,1.0000,2.4490,3.8740,2.1600,0.0000,0.0000,0.0000,69.8944,0.0000,4387.0000,1755.0000,0.0000,25.0000,37.0000,24.0000,12.0000
1.6140,0.5340,0.3510,0.3210,0.1380,0.0000,0.0000,0.7290,1.0000,2.4490,3.8740,2.1600,0.0000,0.0000,0.0000,69.8937,0.0000,4387.0000,1755.0000,0.0000,25.0000,36.0000,24.0000,12.0000
1.5710,0.4180,0.3250,0.2690,0.1590,0.0000,0.0000,0.8280,1.0000,2.4490,3.8740,2.1600,0.0000,0.0000,0.0000,69.9040,0.0000,4388.0000,1755.0000,0.0000,25.0000,36.0000,24.0000,12.0000
1.5550,0.4550,0.2990,0.2650,0.1320,0.0000,0.0000,0.8010,1.0000,2.4490,3.8740,2.1600,0.0000,0.0000,0.0000,69.9047,0.0000,4388.0000,1755.0000,0.0000,25.0000,37.0000,24.0000,12.0000
1.6500,0.4820,0.3400,0.3340,0.1490,0.0000,0.0000,0.8280,1.0000,2.4490,3.8740,2.1600,0.0000,0.0000,0.0000,69.9047,0.0000,4388.0000,1755.0000,0.0000,25.0000,37.0000,24.0000,12.0000
1.6520,0.4230,0.3430,0.2680,0.1460,0.0000,0.0000,0.8860,1.0000,2.4490,3.8740,2.1600,0.0000,0.0000,0.0000,69.9040,0.0000,4388.0000,1755.0000,0.0000,25.0000,36.0000,24.0000,12.0000
1.6860,0.4990,0.3630,0.2760,0.1630,0.0000,0.0000,0.8240,1.0000,2.4490,3.8740,2.1600,0.0000,0.0000,0.0000,69.9143,0.0000,4389.0000,1755.0000,0.0000,25.0000,36.0000,24.0000,12.0000
1.6720,0.5290,0.3390,0.3450,0.1520,0.0000,0.0000,0.8040,1.0000,2.4490,3.8740,2.1600,0.0000,0.0000,0.0000,69.9143,0.0000,4389.0000,1755.0000,0.0000,25.0000,36.0000,24.0000,12.0000
1.5960,0.4770,0.3060,0.2760,0.1330,0.0000,0.0000,0.8130,1.0000,2.4490,3.8740,2.1600,0.0000,0.0000,0.0000,69.9144,0.0000,4389.0000,1755.0000,0.0000,25.0000,36.0000,24.0000,12.0000
1.7200,0.5020,0.3680,0.2940,0.1640,0.0000,0.0000,0.8500,1.0000,2.4490,3.8740,2.1600,0.0000,0.0000,0.0000,69.9144,0.0000,4389.0000,1755.0000,0.0000,25.0000,36.0000,24.0000,12.0000
2.0700,0.4740,0.4670,0.3220,0.2420,0.0000,0.0000,1.1290,1.0000,2.4490,3.8740,2.1600,0.0000,0.0000,0.0000,69.9144,0.0000,4389.0000,1755.0000,0.0000,25.0000,36.0000,24.0000,12.0000
2.0080,0.5490,0.5570,0.3740,0.3270,0.0000,0.0000,0.9020,1.0000,2.4490,3.8740,2.1600,0.0000,0.0000,0.0000,69.9246,0.0000,4390.0000,1755.0000,0.0000,25.0000,36.0000,24.0000,12.0000
1.7410,0.5350,0.4000,0.3380,0.1670,0.0000,0.0000,0.8060,1.0000,2.4490,3.8740,2.1600,0.0000,0.0000,0.0000,69.9246,0.0000,4390.0000,1755.0000,0.0000,25.0000,36.0000,24.0000,13.0000
1.8230,0.4970,0.3470,0.3370,0.1630,0.0000,0.0000,0.9790,1.0000,2.4490,3.8740,2.1600,0.0000,0.0000,0.0000,69.9247,0.0000,4390.0000,1755.0000,0.0000,25.0000,36.0000,24.0000,13.0000
1.8180,0.4620,0.3930,0.2790,0.2230,0.0000,0.0000,0.9630,1.0000,2.4490,3.8740,2.1600,0.0000,0.0000,0.0000,69.9452,0.0000,4392.0000,1755.0000,0.0000,25.0000,36.0000,24.0000,13.0000
1.6630,0.5770,0.3230,0.2820,0.1500,0.0000,0.0000,0.7630,1.0000,2.4490,3.8740,2.1600,0.0000,0.0000,0.0000,69.9459,0.0000,4392.0000,1755.0000,0.0000,25.0000,37.0000,24.0000,13.0000
1.8060,0.5560,0.3650,0.3880,0.1880,0.0000,0.0000,0.8850,1.0000,2.4490,3.8740,2.1600,0.0000,0.0000,0.0000,69.9460,0.0000,4392.0000,1755.0000,0.0000,25.0000,37.0000,24.0000,13.0000
1.7600,0.4220,0.2840,0.2700,0.1250,0.0000,0.0000,1.0540,1.0000,2.4490,3.8740,2.1600,0.0000,0.0000,0.0000,69.9453,0.0000,4392.0000,1755.0000,0.0000,25.0000,36.0000,24.0000,13.0000
2.1670,0.4340,0.3420,0.2780,0.1720,0.0000,0.0000,1.3910,1.0000,2.4490,3.8740,2.1600,0.0000,0.0000,0.0000,69.9660,0.0000,4394.0000,1755.0000,0.0000,25.0000,36.0000,24.0000,13.0000
1.8110,0.9160,0.3170,0.6290,0.1350,0.0000,0.0000,0.5780,1.0000,2.4490,3.8740,2.1600,0.0000,0.0000,0.0000,69.9647,0.0000,4394.0000,1755.0000,0.0000,25.0000,34.0000,24.0000,13.0000
1.9760,0.4280,0.3640,0.2680,0.1780,0.0000,0.0000,1.1840,1.0000,2.4490,3.8740,2.1600,0.0000,0.0000,0.0000,69.9750,0.0000,4395.0000,1755.0000,0.0000,25.0000,34.0000,24.0000,12.0000
1.7310,0.5480,0.3550,0.2900,0.1700,0.0000,0.0000,0.8280,1.0000,2.4490,3.8740,2.1600,0.0000,0.0000,0.0000,69.9853,0.0000,4396.0000,1755.0000,0.0000,25.0000,34.0000,24.0000,12.0000
1.7350,0.5640,0.4430,0.2920,0.1450,0.0000,0.0000,0.7280,1.0000,2.4490,3.8740,2.1600,0.0000,0.0000,0.0000,69.9874,0.0000,4396.0000,1755.0000,0.0000,25.0000,37.0000,24.0000,12.0000
2.1710,0.5070,0.4100,0.3520,0.2370,0.0000,0.0000,1.2540,1.0000,2.4490,3.8740,2.1600,0.0000,0.0000,0.0000,70.0070,0.0000,4398.0000,1755.0000,0.0000,25.0000,36.0000,24.0000,12.0000
2.1130,0.5100,0.3750,0.2850,0.1410,0.0000,0.0000,1.2280,1.0000,2.4490,3.8740,2.1600,0.0000,0.0000,0.0000,70.0077,0.0000,4398.0000,1755.0000,0.0000,25.0000,37.0000,24.0000,12.0000
1.9820,0.5630,0.4280,0.4110,0.1920,0.0000,0.0000,0.9910,1.0000,2.4490,3.8740,2.1600,0.0000,0.0000,0.0000,70.0085,0.0000,4398.0000,1755.0000,0.0000,25.0000,38.0000,24.0000,12.0000
1.8510,0.5230,0.4120,0.3030,0.1790,0.0000,0.0000,0.9160,1.0000,2.4490,3.8740,2.1600,0.0000,0.0000,0.0000,70.0287,0.0000,4400.0000,1755.0000,0.0000,25.0000,38.0000,24.0000,12.0000
1.6870,0.5570,0.3720,0.3380,0.1450,0.0000,0.0000,0.7580,1.0000,2.4490,3.8740,2.1600,0.0000,0.0000,0.0000,70.0287,0.0000,4400.0000,1755.0000,0.0000,25.0000,38.0000,24.0000,12.0000
1.6910,0.4290,0.3150,0.2730,0.1360,0.0000,0.0000,0.9470,1.0000,2.4490,3.8740,2.1600,0.0000,0.0000,0.0000,70.0288,0.0000,4400.0000,1755.0000,0.0000,25.0000,38.0000,24.0000,12.0000
1.6440,0.4420,0.3300,0.2720,0.1600,0.0000,0.0000,0.8720,1.0000,2.4490,3.8740,2.1600,0.0000,0.0000,0.0000,70.0398,0.0000,4401.0000,1755.0000,0.0000,25.0000,39.0000,24.0000,12.0000
1.7060,0.5130,0.3390,0.3140,0.1340,0.0000,0.0000,0.8540,1.0000,2.4490,3.8740,2.1600,0.0000,0.0000,0.0000,70.0405,0.0000,4401.0000,1755.0000,0.0000,25.0000,40.0000,24.0000,12.0000
1.6330,0.4240,0.2980,0.2730,0.1320,0.0000,0.0000,0.9110,1.0000,2.4490,3.8740,2.1600,0.0000,0.0000,0.0000,70.0405,0.0000,4401.0000,1755.0000,0.0000,25.0000,40.0000,24.0000,12.0000
1.9470,0.4260,0.3150,0.2690,0.1450,0.0000,0.0000,1.2060,1.0000,2.4490,3.8740,2.1600,0.0000,0.0000,0.0000,70.0405,0.0000,4401.0000,1755.0000,0.0000,25.0000,40.0000,24.0000,11.0000
2.1520,0.4950,0.5990,0.2800,0.4050,0.0000,0.0000,1.0580,1.0000,2.4490,3.8740,2.1600,0.0000,0.0000,0.0000,70.0405,0.0000,4401.0000,1755.0000,0.0000,25.0000,40.0000,24.0000,11.0000
1.6370,0.4630,0.3380,0.2910,0.1520,0.0000,0.0000,0.8360,1.0000,2.4490,3.8740,2.1600,0.0000,0.0000,0.0000,70.0405,0.0000,4401.0000,1755.0000,0.0000,25.0000,40.0000,24.0000,11.0000
1.7700,0.5180,0.4090,0.2820,0.1730,0.0000,0.0000,0.8430,1.0000,2.4490,3.8740,2.1600,0.0000,0.0000,0.0000,70.0514,0.0000,4402.0000,1755.0000,0.0000,25.0000,41.0000,24.0000,11.0000
11.2600,0.5410,0.3750,0.3450,0.2090,0.0000,0.0000,10.3440,1.0000,2.4490,3.8740,2.1600,0.0000,0.0000,0.0000,69.8059,0.0000,4378.0000,1755.0000,0.0000,25.0000,40.0000,24.0000,11.0000
2.2450,0.4640,0.4580,0.2680,0.2030,0.0000,0.0000,1.3230,1.0000,2.4490,3.8740,2.1600,0.0000,0.0000,0.0000,69.8163,0.0000,4379.0000,1755.0000,0.0000,25.0000,40.0000,24.0000,11.0000
2.2880,0.6100,0.4360,0.3330,0.2110,0.0000,0.0000,1.2420,1.0000,2.4490,3.8740,2.1600,0.0000,0.0000,0.0000,69.8469,0.0000,4382.0000,1755.0000,0.0000,25.0000,40.0000,24.0000,11.0000
1.9870,0.7830,0.3580,0.3310,0.1600,0.0000,0.0000,0.8460,1.0000,2.4490,3.8740,2.1600,0.0000,0.0000,0.0000,69.8469,0.0000,4382.0000,1755.0000,0.0000,25.0000,40.0000,24.0000,11.0000
1.9820,0.5730,0.3640,0.3350,0.1610,0.0000,0.0000,1.0450,1.0000,2.4490,3.8740,2.1600,0.0000,0.0000,0.0000,69.8471,0.0000,4382.0000,1755.0000,0.0000,25.0000,40.0000,24.0000,11.0000
2.3360,0.5340,0.3960,0.3330,0.2040,0.0000,0.0000,1.4060,1.0000,2.4490,3.8740,2.1600,0.0000,0.0000,0.0000,69.8676,0.0000,4384.0000,1755.0000,0.0000,25.0000,40.0000,24.0000,10.0000
2.0980,0.8560,0.4630,0.5760,0.2220,0.0000,0.0000,0.7790,1.0000,2.4490,3.8740,2.1600,0.0000,0.0000,0.0000,69.8690,0.0000,4384.0000,1755.0000,0.0000,25.0000,42.0000,24.0000,10.0000
2.3880,0.5910,0.4450,0.4060,0.2010,0.0000,0.0000,1.3520,1.0000,2.4490,3.8740,2.1600,0.0000,0.0000,0.0000,69.8691,0.0000,4384.0000,1755.0000,0.0000,25.0000,42.0000,24.0000,10.0000
2.4330,0.7350,0.4790,0.4290,0.2360,0.0000,0.0000,1.2190,1.0000,2.4490,3.8740,2.1600,0.0000,0.0000,0.0000,69.8894,0.0000,4386.0000,1755.0000,0.0000,25.0000,42.0000,24.0000,10.0000
2.0180,0.7740,0.4070,0.4610,0.2020,0.0000,0.0000,0.8370,1.0000,2.4490,3.8740,2.1600,0.0000,0.0000,0.0000,69.8895,0.0000,4386.0000,1755.0000,0.0000,25.0000,42.0000,24.0000,10.0000
2.2490,0.5260,0.4380,0.3460,0.2410,0.0000,0.0000,1.2850,1.0000,2.4490,3.8740,2.1600,0.0000,0.0000,0.0000,69.8998,0.0000,4387.0000,1755.0000,0.0000,25.0000,42.0000,24.0000,10.0000
2.2480,0.6250,0.4250,0.3800,0.1740,0.0000,0.0000,1.1980,1.0000,2.4490,3.8740,2.1600,0.0000,0.0000,0.0000,69.8998,0.0000,4387.0000,1755.0000,0.0000,25.0000,42.0000,24.0000,10.0000
2.2940,0.6460,0.4080,0.4540,0.2040,0.0000,0.0000,1.2400,1.0000,2.4490,3.8740,2.1600,0.0000,0.0000,0.0000,69.9102,0.0000,4388.0000,1755.0000,0.0000,25.0000,42.0000,24.0000,10.0000
2.0450,0.5720,0.3470,0.3250,0.1540,0.0000,0.0000,1.1260,1.0000,2.4490,3.8740,2.1600,0.0000,0.0000,0.0000,69.9103,0.0000,4388.0000,1755.0000,0.0000,25.0000,42.0000,24.0000,10.0000
1.8990,0.5860,0.3220,0.3900,0.1430,0.0000,0.0000,0.9910,1.0000,2.4490,3.8740,2.1600,0.0000,0.0000,0.0000,69.9097,0.0000,4388.0000,1755.0000,0.0000,25.0000,41.0000,24.0000,10.0000
1.9510,0.5090,0.3650,0.3160,0.1760,0.0000,0.0000,1.0770,1.0000,2.4490,3.8740,2.1600,0.0000,0.0000,0.0000,69.9097,0.0000,4388.0000,1755.0000,0.0000,25.0000,41.0000,24.0000,10.0000
2.0130,0.5230,0.3440,0.3250,0.1540,0.0000,0.0000,1.1460,1.0000,2.4490,3.8740,2.1600,0.0000,0.0000,0.0000,69.9097,0.0000,4388.0000,1755.0000,0.0000,25.0000,41.0000,24.0000,10.0000
2.2020,0.5290,0.3830,0.3290,0.1950,0.0000,0.0000,1.2900,1.0000,2.4490,3.8740,2.1600,0.0000,0.0000,0.0000,69.9299,0.0000,4390.0000,1755.0000,0.0000,25.0000,41.0000,24.0000,10.0000
1.9480,0.6050,0.3420,0.3280,0.1510,0.0000,0.0000,1.0010,1.0000,2.4490,3.8740,2.1600,0.0000,0.0000,0.0000,69.9299,0.0000,4390.0000,1755.0000,0.0000,25.0000,41.0000,24.0000,10.0000
2.0450,0.5010,0.3670,0.3210,0.1640,0.0000,0.0000,1.1770,1.0000,2.4490,3.8740,2.1600,0.0000,0.0000,0.0000,69.9300,0.0000,4390.0000,1755.0000,0.0000,25.0000,41.0000,24.0000,10.0000
2.0420,0.5120,0.3670,0.3280,0.1660,0.0000,0.0000,1.1630,1.0000,2.4490,3.8740,2.1600,0.0000,0.0000,0.0000,69.9300,0.0000,4390.0000,1755.0000,0.0000,25.0000,41.0000,24.0000,10.0000
2.0330,0.5040,0.3740,0.3210,0.1850,0.0000,0.0000,1.1550,1.0000,2.4490,3.8740,2.1600,0.0000,0.0000,0.0000,69.9307,0.0000,4390.0000,1755.0000,0.0000,25.0000,42.0000,24.0000,10.0000
2.1650,0.5370,0.4400,0.3560,0.2540,0.0000,0.0000,1.1880,1.0000,2.4490,3.8740,2.1600,0.0000,0.0000,0.0000,69.9509,0.0000,4392.0000,1755.0000,0.0000,25.0000,42.0000,24.0000,11.0000
2.0740,0.6570,0.4690,0.3940,0.2510,0.0000,0.0000,0.9480,1.0000,2.4490,3.8740,2.1600,0.0000,0.0000,0.0000,69.9509,0.0000,4392.0000,1755.0000,0.0000,25.0000,42.0000,24.0000,11.0000
2.0910,0.5570,0.4230,0.3690,0.2050,0.0000,0.0000,1.1110,1.0000,2.4490,3.8740,2.1600,0.0000,0.0000,0.0000,69.9613,0.0000,4393.0000,1755.0000,0.0000,25.0000,42.0000,24.0000,11.0000
1.9820,0.6200,0.3950,0.3980,0.1560,0.0000,0.0000,0.9670,1.0000,2.4490,3.8740,2.1600,0.0000,0.0000,0.0000,69.9620,0.0000,4393.0000,1755.0000,0.0000,25.0000,43.0000,24.0000,11.0000
2.0540,0.5750,0.4060,0.3980,0.2140,0.0000,0.0000,1.0730,1.0000,2.4490,3.8740,2.1600,0.0000,0.0000,0.0000,69.9723,0.0000,4394.0000,1755.0000,0.0000,25.0000,43.0000,24.0000,11.0000
2.0900,0.6080,0.3970,0.3880,0.1560,0.0000,0.0000,1.0850,1.0000,2.4490,3.8740,2.1600,0.0000,0.0000,0.0000,69.9723,0.0000,4394.0000,1755.0000,0.0000,25.0000,43.0000,24.0000,11.0000
2.2430,0.6080,0.4430,0.4290,0.2070,0.0000,0.0000,1.1920,1.0000,2.4490,3.8740,2.1600,0.0000,0.0000,0.0000,69.9929,0.0000,4396.0000,1755.0000,0.0000,25.0000,43.0000,24.0000,11.0000
2.1190,0.6640,0.3830,0.3230,0.1870,0.0000,0.0000,1.0720,1.0000,2.4490,3.8740,2.1600,0.0000,0.0000,0.0000,70.0038,0.0000,4397.0000,1755.0000,0.0000,25.0000,44.0000,24.0000,11.0000
2.0910,0.5630,0.3500,0.3240,0.1540,0.0000,0.0000,1.1780,1.0000,2.4490,3.8740,2.1600,0.0000,0.0000,0.0000,70.0039,0.0000,4397.0000,1755.0000,0.0000,25.0000,44.0000,24.0000,11.0000
2.1860,0.5450,0.4640,0.3430,0.2530,0.0000,0.0000,1.1770,1.0000,2.4490,3.8740,2.1600,0.0000,0.0000,0.0000,70.0253,0.0000,4399.0000,1755.0000,0.0000,25.0000,43.0000,24.0000,11.0000
2.0430,0.6460,0.4080,0.3720,0.1610,0.0000,0.0000,0.9890,1.0000,2.4490,3.8740,2.1600,0.0000,0.0000,0.0000,70.0253,0.0000,4399.0000,1755.0000,0.0000,25.0000,43.0000,24.0000,11.0000
2.2160,0.5680,0.4390,0.3800,0.2210,0.0000,0.0000,1.2090,1.0000,2.4490,3.8740,2.1600,0.0000,0.0000,0.0000,70.0552,0.0000,4402.0000,1755.0000,0.0000,25.0000,42.0000,24.0000,11.0000
2.0690,0.6920,0.3930,0.3920,0.1640,0.0000,0.0000,0.9840,1.0000,2.4490,3.8740,2.1600,0.0000,0.0000,0.0000,70.0552,0.0000,4402.0000,1755.0000,0.0000,25.0000,42.0000,24.0000,12.0000
1.9650,0.6320,0.3790,0.4500,0.1630,0.0000,0.0000,0.9540,1.0000,2.4490,3.8740,2.1600,0.0000,0.0000,0.0000,70.0554,0.0000,4402.0000,1755.0000,0.0000,25.0000,42.0000,24.0000,12.0000
1.9570,0.5830,0.3550,0.3980,0.1530,0.0000,0.0000,1.0190,1.0000,2.4490,3.8740,2.1600,0.0000,0.0000,0.0000,70.0554,0.0000,4402.0000,1755.0000,0.0000,25.0000,42.0000,24.0000,12.0000
1.9740,0.6390,0.3600,0.4620,0.1560,0.0000,0.0000,0.9750,1.0000,2.4490,3.8740,2.1600,0.0000,0.0000,0.0000,70.0540,0.0000,4402.0000,1755.0000,0.0000,25.0000,40.0000,24.0000,12.0000
2.1160,0.6110,0.3750,0.4240,0.1780,0.0000,0.0000,1.1300,1.0000,2.4490,3.8740,2.1600,0.0000,0.0000,0.0000,70.0540,0.0000,4402.0000,1755.0000,0.0000,25.0000,40.0000,24.0000,12.0000
2.1130,0.6660,0.4030,0.4780,0.1640,0.0000,0.0000,1.0440,1.0000,2.4490,3.8740,2.1600,0.0000,0.0000,0.0000,70.0540,0.0000,4402.0000,1755.0000,0.0000,25.0000,40.0000,24.0000,12.0000
2.1420,0.6230,0.3680,0.3680,0.1570,0.0000,0.0000,1.1510,1.0000,2.4490,3.8740,2.1600,0.0000,0.0000,0.0000,70.0531,0.0000,4402.0000,1755.0000,0.0000,25.0000,39.0000,24.0000,12.0000
2.7690,0.6510,0.3780,0.3640,0.1850,0.0000,0.0000,1.7400,1.0000,2.4490,3.8740,2.1600,0.0000,0.0000,0.0000,69.8030,0.0000,4378.0000,1755.0000,0.0000,25.0000,38.0000,24.0000,12.0000
2.1710,0.6750,0.3790,0.3910,0.1600,0.0000,0.0000,1.1170,1.0000,2.4490,3.8740,2.1600,0.0000,0.0000,0.0000,69.8037,0.0000,4378.0000,1755.0000,0.0000,25.0000,39.0000,24.0000,12.0000
2.3680,0.5810,0.3300,0.3590,0.1450,0.0000,0.0000,1.4570,1.0000,2.4490,3.8740,2.1600,0.0000,0.0000,0.0000,69.8037,0.0000,4378.0000,1755.0000,0.0000,25.0000,39.0000,24.0000,12.0000
2.0710,0.6230,0.4110,0.3920,0.2040,0.0000,0.0000,1.0370,1.0000,2.4490,3.8740,2.1600,0.0000,0.0000,0.0000,69.8037,0.0000,4378.0000,1755.0000,0.0000,25.0000,39.0000,24.0000,12.0000
3.1400,0.4960,0.4900,0.3200,0.2180,0.0000,0.0000,2.1540,1.0000,2.4490,3.8740,2.1600,0.0000,0.0000,0.0000,69.8131,0.0000,4379.0000,1755.0000,0.0000,25.0000,38.0000,24.0000,13.0000
2.3630,1.5360,0.4670,1.2950,0.2180,0.0000,0.0000,0.3600,1.0000,2.4490,3.8740,2.1600,0.0000,0.0000,0.0000,69.8234,0.0000,4380.0000,1755.0000,0.0000,25.0000,38.0000,24.0000,13.0000
5.4840,0.6610,0.7970,0.4200,0.3080,0.0000,0.0000,4.0260,1.0000,2.4490,3.8740,2.1600,0.0000,0.0000,0.0000,69.8430,0.0000,4382.0000,1755.0000,0.0000,25.0000,37.0000,24.0000,13.0000
2.4920,0.6620,0.5180,0.3750,0.2330,0.0000,0.0000,1.3120,1.0000,2.4490,3.8740,2.1600,0.0000,0.0000,0.0000,69.8636,0.0000,4384.0000,1755.0000,0.0000,25.0000,37.0000,24.0000,13.0000
2.3600,0.6990,0.4130,0.3350,0.2090,0.0000,0.0000,1.2480,1.0000,2.4490,3.8740,2.1600,0.0000,0.0000,0.0000,69.8631,0.0000,4384.0000,1755.0000,0.0000,25.0000,36.0000,24.0000,13.0000
2.1560,0.7930,0.4290,0.5350,0.2050,0.0000,0.0000,0.9340,1.0000,2.4490,3.8740,2.1600,0.0000,0.0000,0.0000,69.8639,0.0000,4384.0000,1755.0000,0.0000,25.0000,37.0000,24.0000,13.0000
2.3710,0.5560,0.5350,0.3640,0.3270,0.0000,0.0000,1.2800,1.0000,2.4490,3.8740,2.1600,0.0000,0.0000,0.0000,69.8944,0.0000,4387.0000,1755.0000,0.0000,25.0000,37.0000,24.0000,12.0000
2.1890,0.7120,0.4130,0.3340,0.2100,0.0000,0.0000,1.0640,1.0000,2.4490,3.8740,2.1600,0.0000,0.0000,0.0000,69.9147,0.0000,4389.0000,1755.0000,0.0000,25.0000,37.0000,24.0000,12.0000
1.9570,0.6840,0.3580,0.3270,0.1580,0.0000,0.0000,0.9150,1.0000,2.4490,3.8740,2.1600,0.0000,0.0000,0.0000,69.9148,0.0000,4389.0000,1755.0000,0.0000,25.0000,37.0000,24.0000,12.0000
2.1280,0.5620,0.3810,0.3270,0.1890,0.0000,0.0000,1.1850,1.0000,2.4490,3.8740,2.1600,0.0000,0.0000,0.0000,69.9252,0.0000,4390.0000,1755.0000,0.0000,25.0000,37.0000,24.0000,12.0000
2.2000,0.6940,0.3700,0.3520,0.1730,0.0000,0.0000,1.1360,1.0000,2.4490,3.8740,2.1600,0.0000,0.0000,0.0000,69.9252,0.0000,4390.0000,1755.0000,0.0000,25.0000,37.0000,24.0000,12.0000
3.5390,0.5670,0.5940,0.3710,0.3370,0.0000,0.0000,2.3780,1.0000,2.4490,3.8740,2.1600,0.0000,0.0000,0.0000,69.9460,0.0000,4392.0000,1755.0000,0.0000,25.0000,37.0000,24.0000,13.0000
2.1030,0.8310,0.3990,0.5460,0.1700,0.0000,0.0000,0.8730,1.0000,2.4490,3.8740,2.1600,0.0000,0.0000,0.0000,69.9460,0.0000,4392.0000,1755.0000,0.0000,25.0000,37.0000,24.0000,12.0000
2.1090,0.6520,0.3990,0.3440,0.1740,0.0000,0.0000,1.0580,1.0000,2.4490,3.8740,2.1600,0.0000,0.0000,0.0000,69.9454,0.0000,4392.0000,1755.0000,0.0000,25.0000,36.0000,24.0000,12.0000
2.5390,0.6420,0.3980,0.3480,0.1900,0.0000,0.0000,1.4990,1.0000,2.4490,3.8740,2.1600,0.0000,0.0000,0.0000,69.9454,0.0000,4392.0000,1755.0000,0.0000,25.0000,36.0000,24.0000,12.0000
2.3810,0.6370,0.5540,0.3850,0.2430,0.0000,0.0000,1.1900,1.0000,2.4490,3.8740,2.1600,0.0000,0.0000,0.0000,69.9454,0.0000,4392.0000,1755.0000,0.0000,25.0000,36.0000,24.0000,12.0000
2.1000,0.6280,0.4060,0.3740,0.1770,0.0000,0.0000,1.0660,1.0000,2.4490,3.8740,2.1600,0.0000,0.0000,0.0000,69.9454,0.0000,4392.0000,1755.0000,0.0000,25.0000,36.0000,24.0000,12.0000
2.1020,0.5310,0.3940,0.3330,0.1800,0.0000,0.0000,1.1770,1.0000,2.4490,3.8740,2.1600,0.0000,0.0000,0.0000,69.9454,0.0000,4392.0000,1755.0000,0.0000,25.0000,36.0000,24.0000,12.0000
2.1590,0.5650,0.3760,0.3470,0.1780,0.0000,0.0000,1.2180,1.0000,2.4490,3.8740,2.1600,0.0000,0.0000,0.0000,69.9454,0.0000,4392.0000,1755.0000,0.0000,25.0000,36.0000,24.0000,12.0000
2.4290,0.7340,0.5030,0.3580,0.2810,0.0000,0.0000,1.1920,1.0000,2.4490,3.8740,2.1600,0.0000,0.0000,0.0000,69.9556,0.0000,4393.0000,1755.0000,0.0000,25.0000,36.0000,24.0000,12.0000
2.3470,0.7810,0.4420,0.5310,0.1890,0.0000,0.0000,1.1240,1.0000,2.4490,3.8740,2.1600,0.0000,0.0000,0.0000,69.9556,0.0000,4393.0000,1755.0000,0.0000,25.0000,36.0000,24.0000,12.0000
2.2810,0.6560,0.3940,0.3790,0.1760,0.0000,0.0000,1.2310,1.0000,2.4490,3.8740,2.1600,0.0000,0.0000,0.0000,69.9557,0.0000,4393.0000,1755.0000,0.0000,25.0000,36.0000,24.0000,12.0000
2.0940,0.5780,0.4460,0.3450,0.2290,0.0000,0.0000,1.0700,1.0000,2.4490,3.8740,2.1600,0.0000,0.0000,0.0000,69.9557,0.0000,4393.0000,1755.0000,0.0000,25.0000,36.0000,24.0000,12.0000
2.0830,0.6220,0.5040,0.3840,0.2570,0.0000,0.0000,0.9570,1.0000,2.4490,3.8740,2.1600,0.0000,0.0000,0.0000,69.9660,0.0000,4394.0000,1755.0000,0.0000,25.0000,36.0000,24.0000,12.0000
2.0890,0.6240,0.4690,0.3830,0.2200,0.0000,0.0000,0.9960,1.0000,2.4490,3.8740,2.1600,0.0000,0.0000,0.0000,69.9862,0.0000,4396.0000,1755.0000,0.0000,25.0000,36.0000,24.0000,12.0000
2.3440,0.6950,0.4620,0.4160,0.1960,0.0000,0.0000,1.1870,1.0000,2.4490,3.8740,2.1600,0.0000,0.0000,0.0000,69.9965,0.0000,4397.0000,1755.0000,0.0000,25.0000,36.0000,24.0000,11.0000
2.1180,0.7320,0.4190,0.4910,0.2050,0.0000,0.0000,0.9670,1.0000,2.4490,3.8740,2.1600,0.0000,0.0000,0.0000,70.0069,0.0000,4398.0000,1755.0000,0.0000,25.0000,36.0000,24.0000,11.0000
2.4160,0.5680,0.3730,0.3270,0.1620,0.0000,0.0000,1.4750,1.0000,2.4490,3.8740,2.1600,0.0000,0.0000,0.0000,70.0069,0.0000,4398.0000,1755.0000,0.0000,25.0000,36.0000,24.0000,10.0000
2.7540,0.7680,0.5620,0.5130,0.2320,0.0000,0.0000,1.4240,1.0000,2.4490,3.8740,2.1600,0.0000,0.0000,0.0000,70.0063,0.0000,4398.0000,1755.0000,0.0000,25.0000,35.0000,24.0000,10.0000
2.3790,0.7350,0.5850,0.3620,0.3230,0.0000,0.0000,1.0590,1.0000,2.4490,3.8740,2.1600,0.0000,0.0000,0.0000,70.0166,0.0000,4399.0000,1755.0000,0.0000,25.0000,35.0000,24.0000,10.0000
2.1130,0.6770,0.4680,0.4250,0.2030,0.0000,0.0000,0.9680,1.0000,2.4490,3.8740,2.1600,0.0000,0.0000,0.0000,70.0275,0.0000,4400.0000,1755.0000,0.0000,25.0000,36.0000,24.0000,10.0000
2.5600,0.6230,0.4800,0.3240,0.2170,0.0000,0.0000,1.4570,1.0000,2.4490,3.8740,2.1600,0.0000,0.0000,0.0000,70.0276,0.0000,4400.0000,1755.0000,0.0000,25.0000,36.0000,24.0000,10.0000
2.1130,0.6680,0.4390,0.4480,0.2110,0.0000,0.0000,1.0060,1.0000,2.4490,3.8740,2.1600,0.0000,0.0000,0.0000,70.0283,0.0000,4400.0000,1755.0000,0.0000,25.0000,37.0000,24.0000,10.0000
2.3210,0.5290,0.4940,0.3410,0.2210,0.0000,0.0000,1.2980,1.0000,2.4490,3.8740,2.1600,0.0000,0.0000,0.0000,70.0393,0.0000,4401.0000,1755.0000,0.0000,25.0000,38.0000,24.0000,10.0000
2.2030,0.7050,0.4040,0.4590,0.2000,0.0000,0.0000,1.0940,1.0000,2.4490,3.8740,2.1600,0.0000,0.0000,0.0000,70.0595,0.0000,4403.0000,1755.0000,0.0000,25.0000,38.0000,24.0000,10.0000
2.0680,0.6880,0.3530,0.3450,0.1570,0.0000,0.0000,1.0270,1.0000,2.4490,3.8740,2.1600,0.0000,0.0000,0.0000,69.7708,0.0000,4375.0000,1755.0000,0.0000,25.0000,38.0000,24.0000,10.0000
2.0290,0.6160,0.3790,0.3270,0.1840,0.0000,0.0000,1.0340,1.0000,2.4490,3.8740,2.1600,0.0000,0.0000,0.0000,69.7708,0.0000,4375.0000,1755.0000,0.0000,25.0000,38.0000,24.0000,10.0000
2.0430,0.5450,0.3490,0.3560,0.1560,0.0000,0.0000,1.1490,1.0000,2.4490,3.8740,2.1600,0.0000,0.0000,0.0000,69.7708,0.0000,4375.0000,1755.0000,0.0000,25.0000,38.0000,24.0000,10.0000
1.9460,0.5650,0.3530,0.3430,0.1590,0.0000,0.0000,1.0280,1.0000,2.4490,3.8740,2.1600,0.0000,0.0000,0.0000,69.7708,0.0000,4375.0000,1755.0000,0.0000,25.0000,38.0000,24.0000,10.0000
2.0310,0.5270,0.3690,0.3410,0.1770,0.0000,0.0000,1.1350,1.0000,2.4490,3.8740,2.1600,0.0000,0.0000,0.0000,69.7715,0.0000,4375.0000,1755.0000,0.0000,25.0000,39.0000,24.0000,10.0000
2.0790,0.5500,0.3630,0.3280,0.1590,0.0000,0.0000,1.1660,1.0000,2.4490,3.8740,2.1600,0.0000,0.0000,0.0000,69.7715,0.0000,4375.0000,1755.0000,0.0000,25.0000,39.0000,24.0000,10.0000
2.0580,0.5820,0.3960,0.4010,0.1930,0.0000,0.0000,1.0800,1.0000,2.4490,3.8740,2.1600,0.0000,0.0000,0.0000,69.7715,0.0000,4375.0000,1755.0000,0.0000,25.0000,39.0000,24.0000,10.0000
2.0490,0.5480,0.3720,0.3430,0.1680,0.0000,0.0000,1.1290,1.0000,2.4490,3.8740,2.1600,0.0000,0.0000,0.0000,69.7715,0.0000,4375.0000,1755.0000,0.0000,25.0000,39.0000,24.0000,10.0000
2.2710,0.5540,0.4570,0.3400,0.2210,0.0000,0.0000,1.2600,1.0000,2.4490,3.8740,2.1600,0.0000,0.0000,0.0000,69.7715,0.0000,4375.0000,1755.0000,0.0000,25.0000,39.0000,24.0000,10.0000
2.2070,0.6640,0.5030,0.4770,0.2610,0.0000,0.0000,1.0400,1.0000,2.4490,3.8740,2.1600,0.0000,0.0000,0.0000,69.7715,0.0000,4375.0000,1755.0000,0.0000,25.0000,39.0000,24.0000,10.0000
2.1390,0.6260,0.4270,0.4240,0.1890,0.0000,0.0000,1.0860,1.0000,2.4490,3.8740,2.1600,0.0000,0.0000,0.0000,69.7708,0.0000,4375.0000,1755.0000,0.0000,25.0000,38.0000,24.0000,10.0000
2.4490,0.5870,0.4640,0.3380,0.2320,0.0000,0.0000,1.3980,1.0000,2.4490,3.8740,2.1600,0.0000,0.0000,0.0000,69.8008,0.0000,4378.0000,1755.0000,0.0000,25.0000,39.0000,24.0000,10.0000
2.3580,0.7360,0.4600,0.4350,0.2420,0.0000,0.0000,1.1620,1.0000,2.4490,3.8740,2.1600,0.0000,0.0000,0.0000,69.8086,0.0000,4379.0000,1755.0000,0.0000,25.0000,39.0000,24.0000,12.0000
3.4810,0.8700,0.7120,0.6420,0.4160,0.0000,0.0000,1.8990,1.0000,2.4490,3.8740,2.1600,0.0000,0.0000,0.0000,69.8957,0.0000,4398.0000,1755.0000,0.0000,25.0000,39.0000,24.0000,12.0000
2.7610,1.1390,0.5030,0.4560,0.2490,0.0000,0.0000,1.1190,1.0000,2.4490,3.8740,2.1600,0.0000,0.0000,0.0000,69.8959,0.0000,4398.0000,1755.0000,0.0000,25.0000,39.0000,24.0000,12.0000
2.8910,0.8610,0.5420,0.5630,0.2790,0.0000,0.0000,1.4880,1.0000,2.4490,3.8740,2.1600,0.0000,0.0000,0.0000,69.9165,0.0000,4400.0000,1755.0000,0.0000,25.0000,39.0000,24.0000,12.0000
2.7820,0.8720,0.4510,0.5150,0.2010,0.0000,0.0000,1.4590,1.0000,2.4490,3.8740,2.1600,0.0000,0.0000,0.0000,69.9158,0.0000,4400.0000,1755.0000,0.0000,25.0000,38.0000,24.0000,12.0000
5.2010,0.7050,0.5420,0.4550,0.2230,0.0000,0.0000,3.9540,1.0000,2.4490,3.8740,2.1600,0.0000,0.0000,0.0000,69.9467,0.0000,4403.0000,1755.0000,0.0000,25.0000,38.0000,24.0000,12.0000
4.1760,3.0260,0.5580,0.5060,0.2640,0.0000,0.0000,0.5920,1.0000,2.4490,3.8740,2.1600,0.0000,0.0000,0.0000,69.9460,0.0000,4403.0000,1755.0000,0.0000,25.0000,37.0000,24.0000,12.0000
3.1930,0.7900,0.5530,0.5300,0.2940,0.0000,0.0000,1.8500,1.0000,2.4490,3.8740,2.1600,0.0000,0.0000,0.0000,69.9670,0.0000,4405.0000,1755.0000,0.0000,25.0000,38.0000,24.0000,12.0000
3.1250,0.9130,0.6250,0.5250,0.3260,0.0000,0.0000,1.5870,1.0000,2.4490,3.8740,2.1600,0.0000,0.0000,0.0000,69.9670,0.0000,4405.0000,1755.0000,0.0000,25.0000,38.0000,24.0000,12.0000
3.0510,0.7750,0.5670,0.4520,0.2700,0.0000,0.0000,1.7090,1.0000,2.4490,3.8740,2.1600,0.0000,0.0000,0.0000,69.9672,0.0000,4405.0000,1755.0000,0.0000,25.0000,38.0000,24.0000,12.0000
3.2170,0.8230,0.5980,0.4590,0.3320,0.0000,0.0000,1.7960,1.0000,2.4490,3.8740,2.1600,0.0000,0.0000,0.0000,69.9885,0.0000,4407.0000,1755.0000,0.0000,25.0000,39.0000,24.0000,12.0000
2.5380,0.8280,0.4850,0.4330,0.2070,0.0000,0.0000,1.2250,1.0000,2.4490,3.8740,2.1600,0.0000,0.0000,0.0000,70.0003,0.0000,4408.0000,1755.0000,0.0000,25.0000,39.0000,24.0000,12.0000
3.2380,0.6650,0.4110,0.3560,0.2120,0.0000,0.0000,2.1620,1.0000,2.4490,3.8740,2.1600,0.0000,0.0000,0.0000,70.0004,0.0000,4408.0000,1755.0000,0.0000,25.0000,39.0000,24.0000,12.0000
2.5680,1.1990,0.5030,0.3790,0.2650,0.0000,0.0000,0.8660,1.0000,2.4490,3.8740,2.1600,0.0000,0.0000,0.0000,70.0005,0.0000,4408.0000,1755.0000,0.0000,25.0000,39.0000,24.0000,12.0000
2.3900,0.7210,0.3890,0.5110,0.1670,0.0000,0.0000,1.2800,1.0000,2.4490,3.8740,2.1600,0.0000,0.0000,0.0000,69.9998,0.0000,4408.0000,1755.0000,0.0000,25.0000,38.0000,24.0000,12.0000
2.9590,0.6620,0.5660,0.4320,0.3280,0.0000,0.0000,1.7310,1.0000,2.4490,3.8740,2.1600,0.0000,0.0000,0.0000,70.0200,0.0000,4410.0000,1755.0000,0.0000,25.0000,38.0000,24.0000,12.0000
2.6210,0.7070,0.5080,0.3970,0.2630,0.0000,0.0000,1.4060,1.0000,2.4490,3.8740,2.1600,0.0000,0.0000,0.0000,70.0200,0.0000,4410.0000,1755.0000,0.0000,25.0000,38.0000,24.0000,12.0000
2.1430,0.7750,0.3690,0.4740,0.1550,0.0000,0.0000,0.9990,1.0000,2.4490,3.8740,2.1600,0.0000,0.0000,0.0000,70.0201,0.0000,4410.0000,1755.0000,0.0000,25.0000,38.0000,24.0000,12.0000
2.7030,0.5750,0.4560,0.3250,0.1910,0.0000,0.0000,1.6720,1.0000,2.4490,3.8740,2.1600,0.0000,0.0000,0.0000,70.0201,0.0000,4410.0000,1755.0000,0.0000,25.0000,38.0000,24.0000,12.0000
2.3790,0.7760,0.3550,0.4910,0.1500,0.0000,0.0000,1.2480,1.0000,2.4490,3.8740,2.1600,0.0000,0.0000,0.0000,70.0201,0.0000,4410.0000,1755.0000,0.0000,25.0000,38.0000,24.0000,11.0000
2.3130,0.6750,0.3980,0.4010,0.1820,0.0000,0.0000,1.2400,1.0000,2.4490,3.8740,2.1600,0.0000,0.0000,0.0000,70.0201,0.0000,4410.0000,1755.0000,0.0000,25.0000,38.0000,24.0000,11.0000
4.4180,0.5970,0.4970,0.3690,0.2590,0.0000,0.0000,3.3240,1.0000,2.4490,3.8740,2.1600,0.0000,0.0000,0.0000,70.0297,0.0000,4411.0000,1755.0000,0.0000,25.0000,37.0000,24.0000,11.0000
2.5220,1.9030,0.5320,0.6960,0.2410,0.0000,0.0000,0.0870,1.0000,2.4490,3.8740,2.1600,0.0000,0.0000,0.0000,70.0228,0.0000,4399.0000,1755.0000,0.0000,25.0000,37.0000,24.0000,11.0000
2.5880,0.5460,0.5000,0.3290,0.2890,0.0000,0.0000,1.5420,1.0000,2.4490,3.8740,2.1600,0.0000,0.0000,0.0000,70.0534,0.0000,4402.0000,1755.0000,0.0000,25.0000,37.0000,24.0000,11.0000
2.3690,0.7840,0.4100,0.3900,0.2080,0.0000,0.0000,1.1750,1.0000,2.4490,3.8740,2.1600,0.0000,0.0000,0.0000,69.8442,0.0000,4382.0000,1755.0000,0.0000,25.0000,37.0000,24.0000,11.0000
2.2300,0.6920,0.3540,0.3530,0.1550,0.0000,0.0000,1.1840,1.0000,2.4490,3.8740,2.1600,0.0000,0.0000,0.0000,69.8444,0.0000,4382.0000,1755.0000,0.0000,25.0000,37.0000,24.0000,11.0000
2.4640,0.5360,0.4740,0.3310,0.2270,0.0000,0.0000,1.4540,1.0000,2.4490,3.8740,2.1600,0.0000,0.0000,0.0000,69.8445,0.0000,4382.0000,1755.0000,0.0000,25.0000,37.0000,24.0000,11.0000
2.1140,0.6640,0.3700,0.4470,0.1550,0.0000,0.0000,1.0800,1.0000,2.4490,3.8740,2.1600,0.0000,0.0000,0.0000,69.8445,0.0000,4382.0000,1755.0000,0.0000,25.0000,37.0000,24.0000,11.0000
2.6180,0.5630,0.5000,0.3220,0.2590,0.0000,0.0000,1.5550,1.0000,2.4490,3.8740,2.1600,0.0000,0.0000,0.0000,69.8548,0.0000,4383.0000,1755.0000,0.0000,25.0000,37.0000,24.0000,11.0000
2.5100,0.6320,0.3990,0.3960,0.1630,0.0000,0.0000,1.4790,1.0000,2.4490,3.8740,2.1600,0.0000,0.0000,0.0000,69.8536,0.0000,4382.0000,1755.0000,0.0000,25.0000,37.0000,24.0000,12.0000
2.1400,0.8420,0.3890,0.5470,0.1900,0.0000,0.0000,0.9090,1.0000,2.4490,3.8740,2.1600,0.0000,0.0000,0.0000,69.8654,0.0000,4383.0000,1755.0000,0.0000,25.0000,37.0000,24.0000,12.0000
2.0810,0.5790,0.4240,0.3410,0.2370,0.0000,0.0000,1.0780,1.0000,2.4490,3.8740,2.1600,0.0000,0.0000,0.0000,69.8757,0.0000,4384.0000,1755.0000,0.0000,25.0000,37.0000,24.0000,12.0000
2.0730,0.6240,0.3790,0.3970,0.1950,0.0000,0.0000,1.0700,1.0000,2.4490,3.8740,2.1600,0.0000,0.0000,0.0000,69.8765,0.0000,4384.0000,1755.0000,0.0000,25.0000,38.0000,24.0000,12.0000
2.0900,0.6990,0.4810,0.5110,0.2530,0.0000,0.0000,0.9100,1.0000,2.4490,3.8740,2.1600,0.0000,0.0000,0.0000,69.8868,0.0000,4385.0000,1755.0000,0.0000,25.0000,38.0000,24.0000,12.0000
1.9660,0.6220,0.3860,0.3940,0.1670,0.0000,0.0000,0.9580,1.0000,2.4490,3.8740,2.1600,0.0000,0.0000,0.0000,69.8868,0.0000,4385.0000,1755.0000,0.0000,25.0000,38.0000,24.0000,12.0000
2.1080,0.6450,0.4590,0.4630,0.2390,0.0000,0.0000,1.0040,1.0000,2.4490,3.8740,2.1600,0.0000,0.0000,0.0000,69.8875,0.0000,4385.0000,1755.0000,0.0000,25.0000,39.0000,24.0000,12.0000
2.2160,0.6290,0.3740,0.4490,0.1580,0.0000,0.0000,1.2130,1.0000,2.4490,3.8740,2.1600,0.0000,0.0000,0.0000,69.8875,0.0000,4385.0000,1755.0000,0.0000,25.0000,39.0000,24.0000,12.0000
2.3630,0.6520,0.3710,0.4680,0.1600,0.0000,0.0000,1.3400,1.0000,2.4490,3.8740,2.1600,0.0000,0.0000,0.0000,69.8875,0.0000,4385.0000,1755.0000,0.0000,25.0000,39.0000,24.0000,11.0000
2.4170,0.6040,0.4430,0.3880,0.2230,0.0000,0.0000,1.3700,1.0000,2.4490,3.8740,2.1600,0.0000,0.0000,0.0000,69.8875,0.0000,4385.0000,1755.0000,0.0000,25.0000,39.0000,24.0000,11.0000
2.5020,0.6940,0.5080,0.4840,0.2490,0.0000,0.0000,1.3000,1.0000,2.4490,3.8740,2.1600,0.0000,0.0000,0.0000,69.8978,0.0000,4386.0000,1755.0000,0.0000,25.0000,39.0000,24.0000,11.0000
2.0180,0.6900,0.3480,0.3590,0.1550,0.0000,0.0000,0.9800,1.0000,2.4490,3.8740,2.1600,0.0000,0.0000,0.0000,69.8978,0.0000,4386.0000,1755.0000,0.0000,25.0000,39.0000,24.0000,10.0000
2.3590,0.5000,0.4080,0.3190,0.2170,0.0000,0.0000,1.4510,1.0000,2.4490,3.8740,2.1600,0.0000,0.0000,0.0000,69.9283,0.0000,4389.0000,1755.0000,0.0000,25.0000,39.0000,24.0000,10.0000
2.5060,0.6980,0.4770,0.3870,0.2350,0.0000,0.0000,1.3310,1.0000,2.4490,3.8740,2.1600,0.0000,0.0000,0.0000,69.9386,0.0000,4390.0000,1755.0000,0.0000,25.0000,39.0000,24.0000,10.0000
2.3800,0.6840,0.3790,0.3950,0.1810,0.0000,0.0000,1.3170,1.0000,2.4490,3.8740,2.1600,0.0000,0.0000,0.0000,69.9388,0.0000,4390.0000,1755.0000,0.0000,25.0000,39.0000,24.0000,10.0000
2.7920,0.6050,0.5820,0.3800,0.3050,0.0000,0.0000,1.6050,1.0000,2.4490,3.8740,2.1600,0.0000,0.0000,0.0000,69.9591,0.0000,4392.0000,1755.0000,0.0000,25.0000,39.0000,24.0000,10.0000
2.2950,0.7630,0.4840,0.3980,0.2600,0.0000,0.0000,1.0480,1.0000,2.4490,3.8740,2.1600,0.0000,0.0000,0.0000,69.9585,0.0000,4392.0000,1755.0000,0.0000,25.0000,38.0000,24.0000,10.0000
2.5540,0.6520,0.5310,0.4250,0.2520,0.0000,0.0000,1.3710,1.0000,2.4490,3.8740,2.1600,0.0000,0.0000,0.0000,69.9784,0.0000,4394.0000,1755.0000,0.0000,25.0000,37.0000,24.0000,10.0000
2.4530,0.7410,0.4170,0.3380,0.1970,0.0000,0.0000,1.2950,1.0000,2.4490,3.8740,2.1600,0.0000,0.0000,0.0000,69.9784,0.0000,4394.0000,1755.0000,0.0000,25.0000,37.0000,24.0000,10.0000
2.6000,0.6170,0.5500,0.3700,0.2270,0.0000,0.0000,1.4330,1.0000,2.4490,3.8740,2.1600,0.0000,0.0000,0.0000,69.9786,0.0000,4394.0000,1755.0000,0.0000,25.0000,37.0000,24.0000,10.0000
2.4600,0.6970,0.4380,0.4120,0.1960,0.0000,0.0000,1.3250,1.0000,2.4490,3.8740,2.1600,0.0000,0.0000,0.0000,69.9792,0.0000,4394.0000,1755.0000,0.0000,25.0000,38.0000,24.0000,10.0000
2.3870,0.6650,0.4730,0.4410,0.2130,0.0000,0.0000,1.2490,1.0000,2.4490,3.8740,2.1600,0.0000,0.0000,0.0000,69.9792,0.0000,4394.0000,1755.0000,0.0000,25.0000,38.0000,24.0000,10.0000
2.4500,0.6380,0.4180,0.3720,0.1980,0.0000,0.0000,1.3940,1.0000,2.4490,3.8740,2.1600,0.0000,0.0000,0.0000,69.9896,0.0000,4395.0000,1755.0000,0.0000,25.0000,38.0000,24.0000,10.0000
2.5110,0.6560,0.4930,0.3630,0.2180,0.0000,0.0000,1.3620,1.0000,2.4490,3.8740,2.1600,0.0000,0.0000,0.0000,69.9999,0.0000,4396.0000,1755.0000,0.0000,25.0000,38.0000,24.0000,10.0000
2.4680,0.6890,0.4260,0.4240,0.1870,0.0000,0.0000,1.3530,1.0000,2.4490,3.8740,2.1600,0.0000,0.0000,0.0000,70.0000,0.0000,4396.0000,1755.0000,0.0000,25.0000,38.0000,24.0000,11.0000
2.1660,0.5750,0.4280,0.3430,0.2130,0.0000,0.0000,1.1630,1.0000,2.4490,3.8740,2.1600,0.0000,0.0000,0.0000,70.0000,0.0000,4396.0000,1755.0000,0.0000,25.0000,38.0000,24.0000,10.0000
2.0370,0.6370,0.3980,0.4440,0.1740,0.0000,0.0000,1.0020,1.0000,2.4490,3.8740,2.1600,0.0000,0.0000,0.0000,69.9994,0.0000,4396.0000,1755.0000,0.0000,25.0000,37.0000,24.0000,10.0000
2.2520,0.5690,0.4390,0.3810,0.2190,0.0000,0.0000,1.2440,1.0000,2.4490,3.8740,2.1600,0.0000,0.0000,0.0000,70.0097,0.0000,4397.0000,1755.0000,0.0000,25.0000,37.0000,24.0000,10.0000
2.1490,0.6760,0.3940,0.4500,0.1870,0.0000,0.0000,1.0790,1.0000,2.4490,3.8740,2.1600,0.0000,0.0000,0.0000,70.0199,0.0000,4398.0000,1755.0000,0.0000,25.0000,37.0000,24.0000,10.0000
2.0020,0.6220,0.3450,0.3490,0.1540,0.0000,0.0000,1.0350,1.0000,2.4490,3.8740,2.1600,0.0000,0.0000,0.0000,70.0200,0.0000,4398.0000,1755.0000,0.0000,25.0000,37.0000,24.0000,10.0000
