frame_ms,scripts_physics_ms,scripts_process_ms,guard_ai_ms,guard_presentation_ms,render_cpu_ms,render_gpu_ms,other_ms,physics_ticks,process_max1s_ms,physics_max1s_ms,navigation_max1s_ms,draw_calls,objects,primitives,static_mem_mb,video_mem_mb,object_count,node_count,orphan_nodes,physics_active,collision_pairs,nav_agents,guards_moving
5.2360,0.5850,0.3750,0.3260,0.2010,0.0000,0.0000,4.2760,1.0000,3.3750,202.5480,3.1460,0.0000,0.0000,0.0000,72.0149,0.0000,4928.0000,2067.0000,0.0000,33.0000,67.0000,32.0000,22.0000
2.4070,0.5700,0.4740,0.3250,0.2130,0.0000,0.0000,1.3630,1.0000,3.3750,202.5480,3.1460,0.0000,0.0000,0.0000,72.0351,0.0000,4930.0000,2067.0000,0.0000,33.0000,67.0000,32.0000,22.0000
2.1380,0.6750,0.3190,0.3800,0.1570,0.0000,0.0000,1.1440,1.0000,3.3750,202.5480,3.1460,0.0000,0.0000,0.0000,72.0352,0.0000,4930.0000,2067.0000,0.0000,33.0000,67.0000,32.0000,21.0000
2.0720,0.6060,0.3360,0.3380,0.1760,0.0000,0.0000,1.1300,1.0000,3.3750,202.5480,3.1460,0.0000,0.0000,0.0000,72.0353,0.0000,4930.0000,2067.0000,0.0000,33.0000,67.0000,32.0000,21.0000
4.9180,0.5940,0.3340,0.3300,0.1590,0.0000,0.0000,3.9900,1.0000,3.3750,202.5480,3.1460,0.0000,0.0000,0.0000,72.0353,0.0000,4930.0000,2067.0000,0.0000,33.0000,67.0000,32.0000,21.0000
2.3400,0.5460,0.3460,0.3210,0.1850,0.0000,0.0000,1.4480,1.0000,3.3750,202.5480,3.1460,0.0000,0.0000,0.0000,71.4387,0.0000,4872.0000,2067.0000,0.0000,33.0000,67.0000,32.0000,21.0000
2.0100,0.5960,0.3270,0.3450,0.1710,0.0000,0.0000,1.0870,1.0000,3.3750,202.5480,3.1460,0.0000,0.0000,0.0000,71.4378,0.0000,4872.0000,2067.0000,0.0000,33.0000,67.0000,32.0000,21.0000
2.1270,0.5160,0.3700,0.3390,0.1730,0.0000,0.0000,1.2410,1.0000,3.3750,202.5480,3.1460,0.0000,0.0000,0.0000,71.4385,0.0000,4872.0000,2067.0000,0.0000,33.0000,68.0000,32.0000,20.0000
2.9020,0.5600,0.4010,0.3800,0.2320,0.0000,0.0000,1.9410,1.0000,3.3750,202.5480,3.1460,0.0000,0.0000,0.0000,71.4495,0.0000,4873.0000,2067.0000,0.0000,33.0000,69.0000,32.0000,20.0000
3.2570,0.9930,0.7130,0.7880,0.3350,0.0000,0.0000,1.5510,1.0000,3.3750,202.5480,3.1460,0.0000,0.0000,0.0000,71.4698,0.0000,4875.0000,2067.0000,0.0000,33.0000,69.0000,32.0000,20.0000
2.9910,0.8570,0.5380,0.4570,0.2630,0.0000,0.0000,1.5960,1.0000,3.3750,202.5480,3.1460,0.0000,0.0000,0.0000,71.5105,0.0000,4879.0000,2067.0000,0.0000,33.0000,69.0000,32.0000,20.0000
2.8080,0.9350,0.4970,0.4370,0.2490,0.0000,0.0000,1.3760,1.0000,3.3750,202.5480,3.1460,0.0000,0.0000,0.0000,71.5217,0.0000,4880.0000,2067.0000,0.0000,33.0000,70.0000,32.0000,20.0000
2.6780,0.8460,0.4900,0.4420,0.2700,0.0000,0.0000,1.3420,1.0000,3.3750,202.5480,3.1460,0.0000,0.0000,0.0000,71.5213,0.0000,4880.0000,2067.0000,0.0000,33.0000,69.0000,32.0000,20.0000
2.5760,0.7400,0.4510,0.4900,0.2210,0.0000,0.0000,1.3850,1.0000,3.3750,202.5480,3.1460,0.0000,0.0000,0.0000,71.5213,0.0000,4880.0000,2067.0000,0.0000,33.0000,69.0000,32.0000,20.0000
2.7370,0.6850,0.4970,0.4570,0.2510,0.0000,0.0000,1.5550,1.0000,3.3750,202.5480,3.1460,0.0000,0.0000,0.0000,71.5416,0.0000,4882.0000,2067.0000,0.0000,33.0000,69.0000,32.0000,20.0000
2.7250,0.7700,0.4760,0.4280,0.2500,0.0000,0.0000,1.4790,1.0000,3.3750,202.5480,3.1460,0.0000,0.0000,0.0000,71.5417,0.0000,4882.0000,2067.0000,0.0000,33.0000,69.0000,32.0000,19.0000
3.7940,0.7490,0.4890,0.5060,0.2680,0.0000,0.0000,2.5560,1.0000,3.3750,202.5480,3.1460,0.0000,0.0000,0.0000,71.5628,0.0000,4884.0000,2067.0000,0.0000,33.0000,70.0000,32.0000,19.0000
2.6880,1.0000,0.4500,0.5280,0.2150,0.0000,0.0000,1.2380,1.0000,3.3750,202.5480,3.1460,0.0000,0.0000,0.0000,71.5622,0.0000,4884.0000,2067.0000,0.0000,33.0000,69.0000,32.0000,20.0000
2.9830,0.7100,0.5170,0.4340,0.2620,0.0000,0.0000,1.7560,1.0000,3.3750,202.5480,3.1460,0.0000,0.0000,0.0000,71.5833,0.0000,4886.0000,2067.0000,0.0000,33.0000,70.0000,32.0000,20.0000
2.6150,0.8360,0.4870,0.4440,0.2200,0.0000,0.0000,1.2920,1.0000,3.3750,202.5480,3.1460,0.0000,0.0000,0.0000,71.5839,0.0000,4886.0000,2067.0000,0.0000,33.0000,71.0000,32.0000,20.0000
2.5840,0.7500,0.4520,0.4700,0.2500,0.0000,0.0000,1.3820,1.0000,3.3750,202.5480,3.1460,0.0000,0.0000,0.0000,71.6046,0.0000,4888.0000,2067.0000,0.0000,33.0000,71.0000,32.0000,20.0000
2.5990,0.7680,0.4080,0.4680,0.1950,0.0000,0.0000,1.4230,1.0000,3.3750,202.5480,3.1460,0.0000,0.0000,0.0000,71.6046,0.0000,4888.0000,2067.0000,0.0000,33.0000,71.0000,32.0000,20.0000
2.6440,0.6840,0.4900,0.4220,0.2810,0.0000,0.0000,1.4700,1.0000,3.3750,202.5480,3.1460,0.0000,0.0000,0.0000,71.6246,0.0000,4890.0000,2067.0000,0.0000,33.0000,70.0000,32.0000,20.0000
2.5630,0.7780,0.4510,0.4810,0.2350,0.0000,0.0000,1.3340,1.0000,3.3750,202.5480,3.1460,0.0000,0.0000,0.0000,71.6350,0.0000,4891.0000,2067.0000,0.0000,33.0000,70.0000,32.0000,19.0000
2.6410,0.6700,0.5140,0.4020,0.2840,0.0000,0.0000,1.4570,1.0000,3.3750,202.5480,3.1460,0.0000,0.0000,0.0000,71.6460,0.0000,4892.0000,2067.0000,0.0000,33.0000,71.0000,32.0000,19.0000
2.4610,0.7030,0.3870,0.4140,0.1890,0.0000,0.0000,1.3710,1.0000,3.3750,202.5480,3.1460,0.0000,0.0000,0.0000,71.6461,0.0000,4892.0000,2067.0000,0.0000,33.0000,71.0000,32.0000,19.0000
2.7960,0.6980,0.4310,0.4780,0.2140,0.0000,0.0000,1.6670,1.0000,3.3750,202.5480,3.1460,0.0000,0.0000,0.0000,71.6455,0.0000,4892.0000,2067.0000,0.0000,33.0000,70.0000,32.0000,20.0000
2.6760,0.7920,0.4810,0.5230,0.2540,0.0000,0.0000,1.4030,1.0000,3.3750,202.5480,3.1460,0.0000,0.0000,0.0000,71.6660,0.0000,4894.0000,2067.0000,0.0000,33.0000,70.0000,32.0000,19.0000
2.4010,0.8100,0.3930,0.4220,0.1970,0.0000,0.0000,1.1980,1.0000,3.3750,202.5480,3.1460,0.0000,0.0000,0.0000,71.6667,0.0000,4894.0000,2067.0000,0.0000,33.0000,71.0000,32.0000,18.0000
2.4910,0.6290,0.4550,0.4090,0.2280,0.0000,0.0000,1.4070,1.0000,3.3750,202.5480,3.1460,0.0000,0.0000,0.0000,71.6668,0.0000,4894.0000,2067.0000,0.0000,33.0000,71.0000,32.0000,18.0000
2.4980,0.7240,0.3950,0.4800,0.1980,0.0000,0.0000,1.3790,1.0000,3.3750,202.5480,3.1460,0.0000,0.0000,0.0000,71.6661,0.0000,4894.0000,2067.0000,0.0000,33.0000,70.0000,32.0000,18.0000
3.0430,0.7010,0.4520,0.4660,0.2270,0.0000,0.0000,1.8900,1.0000,3.3750,202.5480,3.1460,0.0000,0.0000,0.0000,71.6654,0.0000,4894.0000,2067.0000,0.0000,33.0000,69.0000,32.0000,18.0000
2.5910,0.7090,0.5180,0.4940,0.2650,0.0000,0.0000,1.3640,1.0000,3.3750,202.5480,3.1460,0.0000,0.0000,0.0000,71.6757,0.0000,4895.0000,2067.0000,0.0000,33.0000,69.0000,32.0000,18.0000
3.1710,0.7380,0.7940,0.4300,0.5950,0.0000,0.0000,1.6390,1.0000,3.3750,202.5480,3.1460,0.0000,0.0000,0.0000,71.6860,0.0000,4896.0000,2067.0000,0.0000,33.0000,69.0000,32.0000,18.0000
2.6430,0.7550,0.5200,0.4320,0.3050,0.0000,0.0000,1.3680,1.0000,3.3750,202.5480,3.1460,0.0000,0.0000,0.0000,71.6963,0.0000,4897.0000,2067.0000,0.0000,33.0000,69.0000,32.0000,18.0000
2.5910,0.7630,0.4600,0.4950,0.2520,0.0000,0.0000,1.3680,1.0000,3.3750,202.5480,3.1460,0.0000,0.0000,0.0000,71.7268,0.0000,4900.0000,2067.0000,0.0000,33.0000,69.0000,32.0000,20.0000
2.5130,0.8230,0.4610,0.4560,0.2220,0.0000,0.0000,1.2290,1.0000,3.3750,202.5480,3.1460,0.0000,0.0000,0.0000,71.7276,0.0000,4900.0000,2067.0000,0.0000,33.0000,70.0000,32.0000,20.0000
2.5480,0.6900,0.4080,0.4290,0.2040,0.0000,0.0000,1.4500,1.0000,3.3750,202.5480,3.1460,0.0000,0.0000,0.0000,71.7270,0.0000,4900.0000,2067.0000,0.0000,33.0000,69.0000,32.0000,20.0000
2.9910,0.6610,0.4710,0.4190,0.2580,0.0000,0.0000,1.8590,1.0000,3.3750,202.5480,3.1460,0.0000,0.0000,0.0000,71.7373,0.0000,4901.0000,2067.0000,0.0000,33.0000,69.0000,32.0000,22.0000
2.6380,1.0080,0.4730,0.7010,0.2280,0.0000,0.0000,1.1570,1.0000,3.3750,202.5480,3.1460,0.0000,0.0000,0.0000,71.7366,0.0000,4901.0000,2067.0000,0.0000,33.0000,68.0000,32.0000,21.0000
2.7410,0.7390,0.4930,0.4450,0.2890,0.0000,0.0000,1.5090,1.0000,3.3750,202.5480,3.1460,0.0000,0.0000,0.0000,71.7467,0.0000,4902.0000,2067.0000,0.0000,33.0000,68.0000,32.0000,21.0000
2.7400,0.7850,0.4140,0.4940,0.2070,0.0000,0.0000,1.5410,1.0000,3.3750,202.5480,3.1460,0.0000,0.0000,0.0000,71.4182,0.0000,4870.0000,2067.0000,0.0000,33.0000,67.0000,32.0000,19.0000
2.9120,0.7850,0.4340,0.4340,0.2140,0.0000,0.0000,1.6930,1.0000,3.3750,202.5480,3.1460,0.0000,0.0000,0.0000,71.4201,0.0000,4870.0000,2067.0000,0.0000,33.0000,70.0000,32.0000,19.0000
3.4270,0.6990,0.5590,0.4330,0.2800,0.0000,0.0000,2.1690,1.0000,3.3750,202.5480,3.1460,0.0000,0.0000,0.0000,71.4407,0.0000,4872.0000,2067.0000,0.0000,33.0000,69.0000,32.0000,20.0000
2.8490,1.0010,0.4320,0.6720,0.2280,0.0000,0.0000,1.4160,1.0000,3.3750,202.5480,3.1460,0.0000,0.0000,0.0000,71.4407,0.0000,4872.0000,2067.0000,0.0000,33.0000,69.0000,32.0000,21.0000
2.7500,0.6730,0.4970,0.4500,0.2550,0.0000,0.0000,1.5800,1.0000,3.3750,202.5480,3.1460,0.0000,0.0000,0.0000,71.4408,0.0000,4872.0000,2067.0000,0.0000,33.0000,69.0000,32.0000,21.0000
4.5650,0.6790,0.4800,0.4440,0.2630,0.0000,0.0000,3.4060,1.0000,3.3750,202.5480,3.1460,0.0000,0.0000,0.0000,71.4510,0.0000,4873.0000,2067.0000,0.0000,33.0000,69.0000,32.0000,21.0000
2.7090,0.7530,0.5290,0.4830,0.2580,0.0000,0.0000,1.4270,1.0000,3.3750,202.5480,3.1460,0.0000,0.0000,0.0000,71.4517,0.0000,4873.0000,2067.0000,0.0000,33.0000,70.0000,32.0000,20.0000
3.0100,0.7220,0.4700,0.5070,0.2640,0.0000,0.0000,1.8180,1.0000,3.3750,202.5480,3.1460,0.0000,0.0000,0.0000,71.4621,0.0000,4874.0000,2067.0000,0.0000,33.0000,70.0000,32.0000,19.0000
2.8630,0.8710,0.4910,0.5600,0.2760,0.0000,0.0000,1.5010,1.0000,3.3750,202.5480,3.1460,0.0000,0.0000,0.0000,71.4824,0.0000,4876.0000,2067.0000,0.0000,33.0000,70.0000,32.0000,19.0000
2.6060,0.8040,0.4200,0.5050,0.2120,0.0000,0.0000,1.3820,1.0000,3.3750,202.5480,3.1460,0.0000,0.0000,0.0000,71.4825,0.0000,4876.0000,2067.0000,0.0000,33.0000,70.0000,32.0000,19.0000
2.9640,0.7050,0.4570,0.4320,0.2500,0.0000,0.0000,1.8020,1.0000,3.3750,202.5480,3.1460,0.0000,0.0000,0.0000,71.4818,0.0000,4876.0000,2067.0000,0.0000,33.0000,69.0000,32.0000,19.0000
2.9730,0.9100,0.5500,0.6300,0.3460,0.0000,0.0000,1.5130,1.0000,3.3750,202.5480,3.1460,0.0000,0.0000,0.0000,71.4920,0.0000,4877.0000,2067.0000,0.0000,33.0000,69.0000,32.0000,19.0000
3.0000,0.8130,0.5550,0.4940,0.3260,0.0000,0.0000,1.6320,1.0000,3.3750,202.5480,3.1460,0.0000,0.0000,0.0000,71.5123,0.0000,4879.0000,2067.0000,0.0000,33.0000,69.0000,32.0000,19.0000
2.8620,0.8770,0.5120,0.5040,0.2890,0.0000,0.0000,1.4730,1.0000,3.3750,202.5480,3.1460,0.0000,0.0000,0.0000,71.5227,0.0000,4880.0000,2067.0000,0.0000,33.0000,69.0000,32.0000,18.0000
2.8640,0.7610,0.5590,0.4890,0.3230,0.0000,0.0000,1.5440,1.0000,3.3750,202.5480,3.1460,0.0000,0.0000,0.0000,71.5331,0.0000,4881.0000,2067.0000,0.0000,33.0000,69.0000,32.0000,18.0000
2.9160,0.8090,0.4840,0.4840,0.2640,0.0000,0.0000,1.6230,1.0000,3.3750,202.5480,3.1460,0.0000,0.0000,0.0000,71.5434,0.0000,4882.0000,2067.0000,0.0000,33.0000,69.0000,32.0000,18.0000
2.6220,0.7700,0.4580,0.5070,0.2480,0.0000,0.0000,1.3940,1.0000,3.3750,202.5480,3.1460,0.0000,0.0000,0.0000,71.5436,0.0000,4882.0000,2067.0000,0.0000,33.0000,69.0000,32.0000,16.0000
2.6360,0.6740,0.4680,0.4470,0.2200,0.0000,0.0000,1.4940,1.0000,3.3750,202.5480,3.1460,0.0000,0.0000,0.0000,71.5438,0.0000,4882.0000,2067.0000,0.0000,33.0000,69.0000,32.0000,16.0000
2.8670,0.7030,0.4800,0.4480,0.2620,0.0000,0.0000,1.6840,1.0000,3.3750,202.5480,3.1460,0.0000,0.0000,0.0000,71.5431,0.0000,4882.0000,2067.0000,0.0000,33.0000,68.0000,32.0000,16.0000
2.7710,0.8650,0.4370,0.5010,0.2250,0.0000,0.0000,1.4690,1.0000,3.3750,202.5480,3.1460,0.0000,0.0000,0.0000,71.5464,0.0000,4883.0000,2067.0000,0.0000,33.0000,67.0000,32.0000,17.0000
2.7590,0.7560,0.4170,0.5410,0.2120,0.0000,0.0000,1.5860,1.0000,3.3750,202.5480,3.1460,0.0000,0.0000,0.0000,71.5454,0.0000,4883.0000,2067.0000,0.0000,33.0000,67.0000,32.0000,18.0000
3.2320,0.7440,0.7630,0.5200,0.5460,0.0000,0.0000,1.7250,1.0000,3.3750,202.5480,3.1460,0.0000,0.0000,0.0000,71.5886,0.0000,4891.0000,2067.0000,0.0000,33.0000,68.0000,32.0000,18.0000
2.4790,0.8980,0.4210,0.5390,0.2100,0.0000,0.0000,1.1600,1.0000,3.3750,202.5480,3.1460,0.0000,0.0000,0.0000,71.5900,0.0000,4891.0000,2067.0000,0.0000,33.0000,70.0000,32.0000,18.0000
2.8450,0.6600,0.4750,0.4360,0.2590,0.0000,0.0000,1.7100,1.0000,3.3750,202.5480,3.1460,0.0000,0.0000,0.0000,71.5909,0.0000,4891.0000,2067.0000,0.0000,33.0000,71.0000,32.0000,18.0000
3.2440,0.8170,0.6790,0.5570,0.4610,0.0000,0.0000,1.7480,1.0000,3.3750,202.5480,3.1460,0.0000,0.0000,0.0000,71.6115,0.0000,4893.0000,2067.0000,0.0000,33.0000,71.0000,32.0000,18.0000
3.0830,0.8160,0.5670,0.4490,0.3000,0.0000,0.0000,1.7000,1.0000,3.3750,202.5480,3.1460,0.0000,0.0000,0.0000,71.6510,0.0000,4897.0000,2067.0000,0.0000,33.0000,69.0000,32.0000,18.0000
2.8050,0.9530,0.5120,0.4930,0.2600,0.0000,0.0000,1.3400,1.0000,3.3750,202.5480,3.1460,0.0000,0.0000,0.0000,71.6714,0.0000,4899.0000,2067.0000,0.0000,33.0000,69.0000,32.0000,18.0000
2.9170,0.7780,0.5890,0.4250,0.2200,0.0000,0.0000,1.5500,1.0000,3.3750,202.5480,3.1460,0.0000,0.0000,0.0000,71.6723,0.0000,4899.0000,2067.0000,0.0000,33.0000,70.0000,32.0000,19.0000
2.8680,0.7920,0.5840,0.5450,0.3370,0.0000,0.0000,1.4920,1.0000,3.3750,202.5480,3.1460,0.0000,0.0000,0.0000,71.6820,0.0000,4900.0000,2067.0000,0.0000,33.0000,69.0000,32.0000,19.0000
2.6180,0.7990,0.4710,0.4230,0.2530,0.0000,0.0000,1.3480,1.0000,3.3750,202.5480,3.1460,0.0000,0.0000,0.0000,71.6813,0.0000,4900.0000,2067.0000,0.0000,33.0000,68.0000,32.0000,19.0000
2.5650,0.7040,0.4130,0.4730,0.2050,0.0000,0.0000,1.4480,1.0000,3.3750,202.5480,3.1460,0.0000,0.0000,0.0000,71.6821,0.0000,4900.0000,2067.0000,0.0000,33.0000,69.0000,32.0000,19.0000
2.6760,0.6670,0.5090,0.3920,0.2900,0.0000,0.0000,1.5000,1.0000,3.3750,202.5480,3.1460,0.0000,0.0000,0.0000,71.6937,0.0000,4901.0000,2067.0000,0.0000,33.0000,71.0000,32.0000,19.0000
2.9410,0.7800,0.4780,0.4480,0.2660,0.0000,0.0000,1.6830,1.0000,3.3750,202.5480,3.1460,0.0000,0.0000,0.0000,71.7125,0.0000,4903.0000,2067.0000,0.0000,33.0000,70.0000,32.0000,19.0000
2.5660,0.7920,0.4080,0.4600,0.2020,0.0000,0.0000,1.3660,1.0000,3.3750,202.5480,3.1460,0.0000,0.0000,0.0000,71.3911,0.0000,4872.0000,2067.0000,0.0000,33.0000,70.0000,32.0000,19.0000
2.7180,0.6210,0.4700,0.4020,0.2070,0.0000,0.0000,1.6270,1.0000,3.3750,202.5480,3.1460,0.0000,0.0000,0.0000,71.3904,0.0000,4872.0000,2067.0000,0.0000,33.0000,69.0000,32.0000,19.0000
2.9650,0.7230,0.5190,0.4630,0.3020,0.0000,0.0000,1.7230,1.0000,3.3750,202.5480,3.1460,0.0000,0.0000,0.0000,71.3993,0.0000,4873.0000,2067.0000,0.0000,33.0000,67.0000,32.0000,19.0000
2.8950,0.7640,0.5050,0.4870,0.2940,0.0000,0.0000,1.6260,1.0000,3.3750,202.5480,3.1460,0.0000,0.0000,0.0000,71.4103,0.0000,4874.0000,2067.0000,0.0000,33.0000,68.0000,32.0000,19.0000
2.7790,0.9060,0.5350,0.4960,0.3200,0.0000,0.0000,1.3380,1.0000,3.3750,202.5480,3.1460,0.0000,0.0000,0.0000,71.4330,0.0000,4876.0000,2067.0000,0.0000,33.0000,69.0000,32.0000,18.0000
2.6940,0.7790,0.3830,0.4870,0.1910,0.0000,0.0000,1.5320,1.0000,3.3750,202.5480,3.1460,0.0000,0.0000,0.0000,71.4325,0.0000,4876.0000,2067.0000,0.0000,33.0000,68.0000,32.0000,18.0000
2.7510,0.6690,0.4910,0.4000,0.2450,0.0000,0.0000,1.5910,1.0000,3.3750,202.5480,3.1460,0.0000,0.0000,0.0000,71.4435,0.0000,4877.0000,2067.0000,0.0000,33.0000,69.0000,32.0000,17.0000
2.8260,0.6850,0.5420,0.3910,0.2840,0.0000,0.0000,1.5990,1.0000,3.3750,202.5480,3.1460,0.0000,0.0000,0.0000,71.4531,0.0000,4878.0000,2067.0000,0.0000,33.0000,68.0000,32.0000,18.0000
3.4390,0.7630,0.4360,0.4550,0.2280,0.0000,0.0000,2.2400,1.0000,3.3750,202.5480,3.1460,0.0000,0.0000,0.0000,71.4518,0.0000,4878.0000,2067.0000,0.0000,33.0000,66.0000,32.0000,18.0000
2.8050,0.8430,0.4960,0.6290,0.2170,0.0000,0.0000,1.4660,1.0000,3.3750,202.5480,3.1460,0.0000,0.0000,0.0000,71.4488,0.0000,4874.0000,2067.0000,0.0000,33.0000,65.0000,32.0000,18.0000
2.7680,0.6700,0.4620,0.4070,0.2450,0.0000,0.0000,1.6360,1.0000,3.3750,202.5480,3.1460,0.0000,0.0000,0.0000,71.4488,0.0000,4874.0000,2067.0000,0.0000,33.0000,65.0000,32.0000,19.0000
3.3230,0.7140,0.6290,0.4780,0.4320,0.0000,0.0000,1.9800,1.0000,3.3750,202.5480,3.1460,0.0000,0.0000,0.0000,71.4997,0.0000,4879.0000,2067.0000,0.0000,33.0000,65.0000,32.0000,18.0000
2.7880,0.8840,0.4690,0.4490,0.2140,0.0000,0.0000,1.4350,1.0000,3.3750,202.5480,3.1460,0.0000,0.0000,0.0000,71.4991,0.0000,4879.0000,2067.0000,0.0000,33.0000,64.0000,32.0000,19.0000
3.1520,0.8210,0.5810,0.4430,0.3260,0.0000,0.0000,1.7500,1.0000,3.3750,202.5480,3.1460,0.0000,0.0000,0.0000,71.4994,0.0000,4879.0000,2067.0000,0.0000,33.0000,64.0000,32.0000,20.0000
3.2910,0.7820,0.5630,0.4460,0.2800,0.0000,0.0000,1.9460,1.0000,3.3750,202.5480,3.1460,0.0000,0.0000,0.0000,71.5097,0.0000,4880.0000,2067.0000,0.0000,33.0000,64.0000,32.0000,20.0000
3.5600,0.9690,0.5400,0.5850,0.2870,0.0000,0.0000,2.0510,1.0000,3.3750,202.5480,3.1460,0.0000,0.0000,0.0000,71.5394,0.0000,4883.0000,2067.0000,0.0000,33.0000,63.0000,32.0000,20.0000
3.1750,1.0920,0.5500,0.6900,0.2670,0.0000,0.0000,1.5330,1.0000,3.3750,202.5480,3.1460,0.0000,0.0000,0.0000,71.5382,0.0000,4882.0000,2067.0000,0.0000,33.0000,63.0000,32.0000,20.0000
2.7590,0.7770,0.5100,0.5210,0.2490,0.0000,0.0000,1.4720,1.0000,3.3750,202.5480,3.1460,0.0000,0.0000,0.0000,71.5486,0.0000,4883.0000,2067.0000,0.0000,33.0000,63.0000,32.0000,20.0000
2.7520,0.6920,0.5180,0.3990,0.3090,0.0000,0.0000,1.5420,1.0000,3.3750,202.5480,3.1460,0.0000,0.0000,0.0000,71.5690,0.0000,4885.0000,2067.0000,0.0000,33.0000,63.0000,32.0000,20.0000
2.6870,0.7610,0.5000,0.4510,0.2400,0.0000,0.0000,1.4260,1.0000,3.3750,202.5480,3.1460,0.0000,0.0000,0.0000,71.5691,0.0000,4885.0000,2067.0000,0.0000,33.0000,63.0000,32.0000,19.0000
2.6180,0.6480,0.4910,0.4140,0.2490,0.0000,0.0000,1.4790,1.0000,3.3750,202.5480,3.1460,0.0000,0.0000,0.0000,71.5794,0.0000,4886.0000,2067.0000,0.0000,33.0000,63.0000,32.0000,19.0000
2.7360,0.6880,0.5280,0.3930,0.3040,0.0000,0.0000,1.5200,1.0000,3.3750,202.5480,3.1460,0.0000,0.0000,0.0000,71.6008,0.0000,4888.0000,2067.0000,0.0000,33.0000,64.0000,32.0000,18.0000
2.5690,0.7620,0.4170,0.4540,0.2080,0.0000,0.0000,1.3900,1.0000,3.3750,202.5480,3.1460,0.0000,0.0000,0.0000,71.6009,0.0000,4888.0000,2067.0000,0.0000,33.0000,64.0000,32.0000,18.0000
2.4670,0.7330,0.4530,0.4130,0.2090,0.0000,0.0000,1.2810,1.0000,3.3750,202.5480,3.1460,0.0000,0.0000,0.0000,71.6017,0.0000,4888.0000,2067.0000,0.0000,33.0000,65.0000,32.0000,19.0000
2.8750,0.6570,0.5380,0.4060,0.3010,0.0000,0.0000,1.6800,1.0000,3.3750,202.5480,3.1460,0.0000,0.0000,0.0000,71.6216,0.0000,4890.0000,2067.0000,0.0000,33.0000,65.0000,32.0000,20.0000
2.8110,0.8240,0.4540,0.5260,0.2440,0.0000,0.0000,1.5330,1.0000,3.3750,202.5480,3.1460,0.0000,0.0000,0.0000,71.6318,0.0000,4891.0000,2067.0000,0.0000,33.0000,65.0000,32.0000,20.0000
3.1360,0.8630,0.4270,0.6020,0.2070,0.0000,0.0000,1.8460,1.0000,3.3750,202.5480,3.1460,0.0000,0.0000,0.0000,71.6326,0.0000,4891.0000,2067.0000,0.0000,33.0000,66.0000,32.0000,20.0000
2.5580,0.6700,0.3960,0.4010,0.1930,0.0000,0.0000,1.4920,1.0000,3.3750,202.5480,3.1460,0.0000,0.0000,0.0000,71.6321,0.0000,4891.0000,2067.0000,0.0000,33.0000,65.0000,32.0000,20.0000
2.4610,0.7390,0.4750,0.5130,0.2520,0.0000,0.0000,1.2470,1.0000,3.3750,202.5480,3.1460,0.0000,0.0000,0.0000,71.6314,0.0000,4891.0000,2067.0000,0.0000,33.0000,64.0000,32.0000,20.0000
2.6980,0.6970,0.4470,0.4600,0.2380,0.0000,0.0000,1.5540,1.0000,3.3750,202.5480,3.1460,0.0000,0.0000,0.0000,71.6424,0.0000,4892.0000,2067.0000,0.0000,33.0000,65.0000,32.0000,20.0000
2.6840,0.7620,0.5000,0.4840,0.2480,0.0000,0.0000,1.4220,1.0000,3.3750,202.5480,3.1460,0.0000,0.0000,0.0000,71.6541,0.0000,4893.0000,2067.0000,0.0000,33.0000,67.0000,32.0000,20.0000
2.6670,0.7170,0.5310,0.4010,0.2840,0.0000,0.0000,1.4190,1.0000,3.3750,202.5480,3.1460,0.0000,0.0000,0.0000,71.6541,0.0000,4893.0000,2067.0000,0.0000,33.0000,67.0000,32.0000,20.0000
2.5150,0.7310,0.4160,0.4760,0.2040,0.0000,0.0000,1.3680,1.0000,3.3750,202.5480,3.1460,0.0000,0.0000,0.0000,71.6537,0.0000,4893.0000,2067.0000,0.0000,33.0000,67.0000,32.0000,20.0000
2.5690,0.6810,0.4500,0.4380,0.2400,0.0000,0.0000,1.4380,1.0000,3.3750,202.5480,3.1460,0.0000,0.0000,0.0000,71.2953,0.0000,4858.0000,2067.0000,0.0000,33.0000,67.0000,32.0000,20.0000
2.6740,0.6920,0.4340,0.4560,0.2190,0.0000,0.0000,1.5480,1.0000,3.3750,202.5480,3.1460,0.0000,0.0000,0.0000,71.2956,0.0000,4858.0000,2067.0000,0.0000,33.0000,68.0000,32.0000,21.0000
2.8120,0.7800,0.4380,0.5290,0.2160,0.0000,0.0000,1.5940,1.0000,3.3750,202.5480,3.1460,0.0000,0.0000,0.0000,71.2956,0.0000,4858.0000,2067.0000,0.0000,33.0000,68.0000,32.0000,22.0000
2.6370,0.6990,0.4880,0.4080,0.2410,0.0000,0.0000,1.4500,1.0000,3.3750,202.5480,3.1460,0.0000,0.0000,0.0000,71.3059,0.0000,4859.0000,2067.0000,0.0000,33.0000,68.0000,32.0000,22.0000
3.0070,0.7060,0.5180,0.4120,0.2980,0.0000,0.0000,1.7830,1.0000,3.3750,202.5480,3.1460,0.0000,0.0000,0.0000,71.3458,0.0000,4863.0000,2067.0000,0.0000,33.0000,67.0000,32.0000,22.0000
3.4810,0.8620,0.5920,0.4830,0.3930,0.0000,0.0000,2.0270,1.0000,3.3750,202.5480,3.1460,0.0000,0.0000,0.0000,71.3864,0.0000,4867.0000,2067.0000,0.0000,33.0000,66.0000,32.0000,21.0000
2.9020,0.8480,0.5790,0.4750,0.2310,0.0000,0.0000,1.4750,1.0000,3.3750,202.5480,3.1460,0.0000,0.0000,0.0000,71.3867,0.0000,4867.0000,2067.0000,0.0000,33.0000,66.0000,32.0000,21.0000
2.8220,0.6960,0.5520,0.4670,0.2820,0.0000,0.0000,1.5740,1.0000,3.3750,202.5480,3.1460,0.0000,0.0000,0.0000,71.3973,0.0000,4868.0000,2067.0000,0.0000,33.0000,66.0000,32.0000,20.0000
2.7480,0.9240,0.5820,0.5460,0.2910,0.0000,0.0000,1.2420,1.0000,3.3750,202.5480,3.1460,0.0000,0.0000,0.0000,71.4279,0.0000,4871.0000,2067.0000,0.0000,33.0000,66.0000,32.0000,21.0000
2.5760,0.7900,0.5390,0.4110,0.3310,0.0000,0.0000,1.2470,1.0000,3.3750,202.5480,3.1460,0.0000,0.0000,0.0000,71.4480,0.0000,4873.0000,2067.0000,0.0000,33.0000,65.0000,32.0000,21.0000
2.5320,0.7710,0.5000,0.4780,0.2570,0.0000,0.0000,1.2610,1.0000,3.3750,202.5480,3.1460,0.0000,0.0000,0.0000,71.4689,0.0000,4875.0000,2067.0000,0.0000,33.0000,65.0000,32.0000,21.0000
3.0200,0.7460,0.8300,0.4060,0.6050,0.0000,0.0000,1.4440,1.0000,3.3750,202.5480,3.1460,0.0000,0.0000,0.0000,71.4683,0.0000,4875.0000,2067.0000,0.0000,33.0000,64.0000,32.0000,21.0000
2.7820,0.7970,0.6130,0.4970,0.3110,0.0000,0.0000,1.3720,1.0000,3.3750,202.5480,3.1460,0.0000,0.0000,0.0000,71.4787,0.0000,4876.0000,2067.0000,0.0000,33.0000,64.0000,32.0000,20.0000
2.6110,0.8210,0.4810,0.5450,0.2500,0.0000,0.0000,1.3090,1.0000,3.3750,202.5480,3.1460,0.0000,0.0000,0.0000,71.4780,0.0000,4876.0000,2067.0000,0.0000,33.0000,63.0000,32.0000,19.0000
2.6010,0.7810,0.5410,0.5570,0.2860,0.0000,0.0000,1.2790,1.0000,3.3750,202.5480,3.1460,0.0000,0.0000,0.0000,71.4985,0.0000,4878.0000,2067.0000,0.0000,33.0000,63.0000,32.0000,19.0000
3.1130,0.7650,0.6880,0.4140,0.3710,0.0000,0.0000,1.6600,1.0000,3.3750,202.5480,3.1460,0.0000,0.0000,0.0000,71.5095,0.0000,4879.0000,2067.0000,0.0000,33.0000,64.0000,32.0000,19.0000
2.8960,0.8220,0.5130,0.4930,0.2720,0.0000,0.0000,1.5610,1.0000,3.3750,202.5480,3.1460,0.0000,0.0000,0.0000,71.5096,0.0000,4879.0000,2067.0000,0.0000,33.0000,64.0000,32.0000,19.0000
2.6760,0.9410,0.4980,0.6410,0.2640,0.0000,0.0000,1.2370,1.0000,3.3750,202.5480,3.1460,0.0000,0.0000,0.0000,71.5089,0.0000,4879.0000,2067.0000,0.0000,33.0000,63.0000,32.0000,20.0000
2.5800,0.7670,0.4360,0.5480,0.2190,0.0000,0.0000,1.3770,1.0000,3.3750,202.5480,3.1460,0.0000,0.0000,0.0000,71.5109,0.0000,4879.0000,2067.0000,0.0000,33.0000,66.0000,32.0000,20.0000
3.8080,0.6670,0.7000,0.4400,0.3560,0.0000,0.0000,2.4410,1.0000,3.3750,202.5480,3.1460,0.0000,0.0000,0.0000,71.5102,0.0000,4879.0000,2067.0000,0.0000,33.0000,65.0000,32.0000,20.0000
2.9180,0.9700,0.5340,0.6580,0.2860,0.0000,0.0000,1.4140,1.0000,3.3750,202.5480,3.1460,0.0000,0.0000,0.0000,71.5110,0.0000,4879.0000,2067.0000,0.0000,33.0000,66.0000,32.0000,20.0000
3.0430,0.7800,0.8270,0.4830,0.5880,0.0000,0.0000,1.4360,1.0000,3.3750,202.5480,3.1460,0.0000,0.0000,0.0000,71.5287,0.0000,4881.0000,2067.0000,0.0000,33.0000,65.0000,32.0000,20.0000
2.5020,0.7360,0.4880,0.4150,0.2600,0.0000,0.0000,1.2780,1.0000,3.3750,202.5480,3.1460,0.0000,0.0000,0.0000,71.5295,0.0000,4881.0000,2067.0000,0.0000,33.0000,66.0000,32.0000,20.0000
2.6680,0.7090,0.5090,0.4930,0.2970,0.0000,0.0000,1.4500,1.0000,3.3750,202.5480,3.1460,0.0000,0.0000,0.0000,71.5295,0.0000,4881.0000,2067.0000,0.0000,33.0000,66.0000,32.0000,21.0000
2.5650,0.6620,0.4710,0.4190,0.2580,0.0000,0.0000,1.4320,1.0000,3.3750,202.5480,3.1460,0.0000,0.0000,0.0000,71.5288,0.0000,4881.0000,2067.0000,0.0000,33.0000,65.0000,32.0000,21.0000
2.8860,0.7060,0.4400,0.4660,0.2250,0.0000,0.0000,1.7400,1.0000,3.3750,202.5480,3.1460,0.0000,0.0000,0.0000,71.5288,0.0000,4881.0000,2067.0000,0.0000,33.0000,65.0000,32.0000,20.0000
2.4600,0.6380,0.4210,0.3640,0.2340,0.0000,0.0000,1.4010,1.0000,3.3750,202.5480,3.1460,0.0000,0.0000,0.0000,71.5505,0.0000,4883.0000,2067.0000,0.0000,33.0000,67.0000,32.0000,19.0000
2.3420,0.5910,0.4370,0.3380,0.2700,0.0000,0.0000,1.3140,1.0000,3.3750,202.5480,3.1460,0.0000,0.0000,0.0000,71.5704,0.0000,4885.0000,2067.0000,0.0000,33.0000,66.0000,32.0000,19.0000
2.2600,0.6470,0.4280,0.4000,0.2050,0.0000,0.0000,1.1850,1.0000,3.3750,202.5480,3.1460,0.0000,0.0000,0.0000,71.5808,0.0000,4886.0000,2067.0000,0.0000,33.0000,66.0000,32.0000,19.0000
2.1380,0.5970,0.3460,0.3370,0.1710,0.0000,0.0000,1.1950,1.0000,3.3750,202.5480,3.1460,0.0000,0.0000,0.0000,71.5816,0.0000,4886.0000,2067.0000,0.0000,33.0000,67.0000,32.0000,19.0000
2.4230,0.5640,0.4520,0.3420,0.2770,0.0000,0.0000,1.4070,1.0000,3.3750,202.5480,3.1460,0.0000,0.0000,0.0000,71.6006,0.0000,4888.0000,2067.0000,0.0000,33.0000,65.0000,32.0000,19.0000
2.2210,0.6200,0.4540,0.3500,0.2200,0.0000,0.0000,1.1470,1.0000,3.3750,202.5480,3.1460,0.0000,0.0000,0.0000,71.6116,0.0000,4889.0000,2067.0000,0.0000,33.0000,66.0000,32.0000,19.0000
2.1200,0.6540,0.3800,0.3690,0.1990,0.0000,0.0000,1.0860,1.0000,3.3750,202.5480,3.1460,0.0000,0.0000,0.0000,71.6227,0.0000,4890.0000,2067.0000,0.0000,33.0000,67.0000,32.0000,19.0000
2.5030,0.6010,0.4090,0.3740,0.2320,0.0000,0.0000,1.4930,1.0000,3.3750,202.5480,3.1460,0.0000,0.0000,0.0000,71.6825,0.0000,4896.0000,2067.0000,0.0000,33.0000,65.0000,32.0000,18.0000
3.8950,0.7520,0.4870,0.3360,0.2820,0.0000,0.0000,2.6560,1.0000,3.3750,202.5480,3.1460,0.0000,0.0000,0.0000,71.6929,0.0000,4897.0000,2067.0000,0.0000,33.0000,65.0000,32.0000,18.0000
2.2390,0.6450,0.4140,0.4220,0.2210,0.0000,0.0000,1.1800,1.0000,3.3750,202.5480,3.1460,0.0000,0.0000,0.0000,71.3952,0.0000,4868.0000,2067.0000,0.0000,33.0000,65.0000,32.0000,18.0000
2.2110,0.6210,0.4390,0.3970,0.2130,0.0000,0.0000,1.1510,1.0000,3.3750,202.5480,3.1460,0.0000,0.0000,0.0000,71.4152,0.0000,4870.0000,2067.0000,0.0000,33.0000,65.0000,32.0000,18.0000
2.1450,0.6650,0.3770,0.4040,0.1720,0.0000,0.0000,1.1030,1.0000,3.3750,202.5480,3.1460,0.0000,0.0000,0.0000,71.4161,0.0000,4870.0000,2067.0000,0.0000,33.0000,66.0000,32.0000,18.0000
2.1250,0.5710,0.3970,0.4000,0.2220,0.0000,0.0000,1.1570,1.0000,3.3750,202.5480,3.1460,0.0000,0.0000,0.0000,71.4365,0.0000,4872.0000,2067.0000,0.0000,33.0000,66.0000,32.0000,18.0000
2.0680,0.6180,0.3430,0.3330,0.1700,0.0000,0.0000,1.1070,1.0000,3.3750,202.5480,3.1460,0.0000,0.0000,0.0000,71.4351,0.0000,4872.0000,2067.0000,0.0000,33.0000,64.0000,32.0000,18.0000
2.0000,0.5550,0.3390,0.3400,0.1660,0.0000,0.0000,1.1060,1.0000,3.3750,202.5480,3.1460,0.0000,0.0000,0.0000,71.4359,0.0000,4872.0000,2067.0000,0.0000,33.0000,65.0000,32.0000,19.0000
2.1210,0.5540,0.3420,0.3330,0.1700,0.0000,0.0000,1.2250,1.0000,3.3750,202.5480,3.1460,0.0000,0.0000,0.0000,71.4360,0.0000,4872.0000,2067.0000,0.0000,33.0000,65.0000,32.0000,18.0000
2.0080,0.5390,0.3410,0.3400,0.1690,0.0000,0.0000,1.1280,1.0000,3.3750,202.5480,3.1460,0.0000,0.0000,0.0000,71.4346,0.0000,4872.0000,2067.0000,0.0000,33.0000,63.0000,32.0000,17.0000
2.1030,0.5270,0.3480,0.3470,0.1730,0.0000,0.0000,1.2280,1.0000,3.3750,202.5480,3.1460,0.0000,0.0000,0.0000,71.4353,0.0000,4872.0000,2067.0000,0.0000,33.0000,64.0000,32.0000,17.0000
2.1830,0.5100,0.4040,0.3310,0.2200,0.0000,0.0000,1.2690,1.0000,3.3750,202.5480,3.1460,0.0000,0.0000,0.0000,71.4556,0.0000,4874.0000,2067.0000,0.0000,33.0000,64.0000,32.0000,17.0000
2.2390,0.5860,0.4300,0.3470,0.2430,0.0000,0.0000,1.2230,1.0000,3.3750,202.5480,3.1460,0.0000,0.0000,0.0000,71.4645,0.0000,4875.0000,2067.0000,0.0000,33.0000,62.0000,32.0000,17.0000
2.3000,0.6420,0.3840,0.3870,0.1800,0.0000,0.0000,1.2740,1.0000,3.3750,202.5480,3.1460,0.0000,0.0000,0.0000,71.4660,0.0000,4875.0000,2067.0000,0.0000,33.0000,64.0000,32.0000,17.0000
2.3250,0.5970,0.4920,0.3910,0.3120,0.0000,0.0000,1.2360,1.0000,3.3750,202.5480,3.1460,0.0000,0.0000,0.0000,71.4661,0.0000,4875.0000,2067.0000,0.0000,33.0000,64.0000,32.0000,17.0000
2.1400,0.5590,0.3670,0.3700,0.1850,0.0000,0.0000,1.2140,1.0000,3.3750,202.5480,3.1460,0.0000,0.0000,0.0000,71.4661,0.0000,4875.0000,2067.0000,0.0000,33.0000,64.0000,32.0000,17.0000
3.1630,0.5270,0.5200,0.3450,0.2510,0.0000,0.0000,2.1160,1.0000,3.3750,202.5480,3.1460,0.0000,0.0000,0.0000,71.4764,0.0000,4876.0000,2067.0000,0.0000,33.0000,64.0000,32.0000,17.0000
2.2250,0.9500,0.4140,0.7130,0.2010,0.0000,0.0000,0.8610,1.0000,3.3750,202.5480,3.1460,0.0000,0.0000,0.0000,71.4859,0.0000,4877.0000,2067.0000,0.0000,33.0000,63.0000,32.0000,17.0000
2.1710,0.5970,0.3710,0.3360,0.2050,0.0000,0.0000,1.2030,1.0000,3.3750,202.5480,3.1460,0.0000,0.0000,0.0000,71.5166,0.0000,4880.0000,2067.0000,0.0000,33.0000,63.0000,32.0000,17.0000
2.2320,0.6590,0.3300,0.3330,0.1640,0.0000,0.0000,1.2430,1.0000,3.3750,202.5480,3.1460,0.0000,0.0000,0.0000,71.5167,0.0000,4880.0000,2067.0000,0.0000,33.0000,63.0000,32.0000,17.0000
2.3120,0.5250,0.5630,0.3300,0.3780,0.0000,0.0000,1.2240,1.0000,3.3750,202.5480,3.1460,0.0000,0.0000,0.0000,71.5271,0.0000,4881.0000,2067.0000,0.0000,33.0000,63.0000,32.0000,17.0000
2.1420,0.6100,0.4520,0.3970,0.2210,0.0000,0.0000,1.0800,1.0000,3.3750,202.5480,3.1460,0.0000,0.0000,0.0000,71.5367,0.0000,4882.0000,2067.0000,0.0000,33.0000,62.0000,32.0000,17.0000
3.6630,0.6290,0.4110,0.3860,0.2070,0.0000,0.0000,2.6230,1.0000,3.3750,202.5480,3.1460,0.0000,0.0000,0.0000,71.5565,0.0000,4884.0000,2067.0000,0.0000,33.0000,62.0000,32.0000,17.0000
3.9700,1.9420,0.7140,1.5420,0.4610,0.0000,0.0000,1.3140,1.0000,3.3750,202.5480,3.1460,0.0000,0.0000,0.0000,71.5764,0.0000,4886.0000,2067.0000,0.0000,33.0000,61.0000,32.0000,17.0000
2.8920,1.7580,0.4970,0.4530,0.2650,0.0000,0.0000,0.6370,1.0000,3.3750,202.5480,3.1460,0.0000,0.0000,0.0000,71.5765,0.0000,4886.0000,2067.0000,0.0000,33.0000,61.0000,32.0000,17.0000
2.8170,0.8130,0.5340,0.5000,0.2980,0.0000,0.0000,1.4700,1.0000,3.3750,202.5480,3.1460,0.0000,0.0000,0.0000,71.5983,0.0000,4888.0000,2067.0000,0.0000,33.0000,63.0000,32.0000,17.0000
2.8460,0.7700,0.5180,0.4540,0.3170,0.0000,0.0000,1.5580,1.0000,3.3750,202.5480,3.1460,0.0000,0.0000,0.0000,71.6093,0.0000,4889.0000,2067.0000,0.0000,33.0000,64.0000,32.0000,17.0000
2.9730,0.7270,0.5070,0.4670,0.2640,0.0000,0.0000,1.7390,1.0000,3.3750,202.5480,3.1460,0.0000,0.0000,0.0000,71.6297,0.0000,4891.0000,2067.0000,0.0000,33.0000,64.0000,32.0000,17.0000
2.6120,0.8450,0.4690,0.5310,0.2420,0.0000,0.0000,1.2980,1.0000,3.3750,202.5480,3.1460,0.0000,0.0000,0.0000,71.6401,0.0000,4892.0000,2067.0000,0.0000,33.0000,64.0000,32.0000,17.0000
2.8520,0.6880,0.6250,0.4170,0.2920,0.0000,0.0000,1.5390,1.0000,3.3750,202.5480,3.1460,0.0000,0.0000,0.0000,71.6409,0.0000,4892.0000,2067.0000,0.0000,33.0000,65.0000,32.0000,17.0000
3.1700,0.7060,0.5720,0.4170,0.3370,0.0000,0.0000,1.8920,1.0000,3.3750,202.5480,3.1460,0.0000,0.0000,0.0000,71.6624,0.0000,4894.0000,2067.0000,0.0000,33.0000,65.0000,32.0000,17.0000
2.7550,1.1280,0.5040,0.6170,0.2450,0.0000,0.0000,1.1230,1.0000,3.3750,202.5480,3.1460,0.0000,0.0000,0.0000,71.6625,0.0000,4894.0000,2067.0000,0.0000,33.0000,65.0000,32.0000,18.0000
3.4510,0.7050,0.5450,0.4160,0.2950,0.0000,0.0000,2.2010,1.0000,3.3750,202.5480,3.1460,0.0000,0.0000,0.0000,71.6728,0.0000,4895.0000,2067.0000,0.0000,33.0000,65.0000,32.0000,18.0000
3.2460,0.7020,0.5810,0.3940,0.2690,0.0000,0.0000,1.9630,1.0000,3.3750,202.5480,3.1460,0.0000,0.0000,0.0000,71.6728,0.0000,4895.0000,2067.0000,0.0000,33.0000,65.0000,32.0000,18.0000
3.3560,0.7410,0.5350,0.5000,0.3090,0.0000,0.0000,2.0800,1.0000,3.3750,202.5480,3.1460,0.0000,0.0000,0.0000,71.6825,0.0000,4896.0000,2067.0000,0.0000,33.0000,64.0000,32.0000,18.0000
2.6510,1.1350,0.4930,0.7630,0.2540,0.0000,0.0000,1.0230,1.0000,3.3750,202.5480,3.1460,0.0000,0.0000,0.0000,71.6832,0.0000,4896.0000,2067.0000,0.0000,33.0000,65.0000,32.0000,18.0000
2.4970,0.7520,0.4370,0.4520,0.2230,0.0000,0.0000,1.3080,1.0000,3.3750,202.5480,3.1460,0.0000,0.0000,0.0000,71.6832,0.0000,4896.0000,2067.0000,0.0000,33.0000,65.0000,32.0000,18.0000
4.1240,0.6140,0.4900,0.3870,0.2160,0.0000,0.0000,3.0200,1.0000,3.3750,202.5480,3.1460,0.0000,0.0000,0.0000,71.6832,0.0000,4896.0000,2067.0000,0.0000,33.0000,65.0000,32.0000,18.0000
2.6700,0.6930,0.6330,0.4520,0.3650,0.0000,0.0000,1.3440,1.0000,3.3750,202.5480,3.1460,0.0000,0.0000,0.0000,71.6823,0.0000,4896.0000,2067.0000,0.0000,33.0000,65.0000,32.0000,18.0000
2.3510,0.7120,0.5090,0.3750,0.3060,0.0000,0.0000,1.1300,1.0000,3.3750,202.5480,3.1460,0.0000,0.0000,0.0000,71.3761,0.0000,4866.0000,2067.0000,0.0000,33.0000,65.0000,32.0000,18.0000
2.1790,0.7260,0.4780,0.4140,0.2330,0.0000,0.0000,0.9750,1.0000,3.3750,202.5480,3.1460,0.0000,0.0000,0.0000,71.3863,0.0000,4867.0000,2067.0000,0.0000,33.0000,65.0000,32.0000,18.0000
2.5240,0.6310,0.4000,0.4000,0.2110,0.0000,0.0000,1.4930,1.0000,3.3750,202.5480,3.1460,0.0000,0.0000,0.0000,71.3974,0.0000,4868.0000,2067.0000,0.0000,33.0000,66.0000,32.0000,18.0000
2.1060,0.6370,0.4680,0.3720,0.2620,0.0000,0.0000,1.0010,1.0000,3.3750,202.5480,3.1460,0.0000,0.0000,0.0000,71.3975,0.0000,4868.0000,2067.0000,0.0000,33.0000,66.0000,32.0000,17.0000
2.5460,0.6120,0.7910,0.4220,0.5250,0.0000,0.0000,1.1430,1.0000,3.3750,202.5480,3.1460,0.0000,0.0000,0.0000,71.4261,0.0000,4871.0000,2067.0000,0.0000,33.0000,66.0000,32.0000,17.0000
2.3320,0.6790,0.4180,0.3650,0.2220,0.0000,0.0000,1.2350,1.0000,3.3750,202.5480,3.1460,0.0000,0.0000,0.0000,71.4464,0.0000,4873.0000,2067.0000,0.0000,33.0000,66.0000,32.0000,17.0000
2.2290,0.6020,0.4580,0.3470,0.2760,0.0000,0.0000,1.1690,1.0000,3.3750,202.5480,3.1460,0.0000,0.0000,0.0000,71.4569,0.0000,4874.0000,2067.0000,0.0000,33.0000,66.0000,32.0000,17.0000
2.3320,0.6230,0.4460,0.4020,0.2140,0.0000,0.0000,1.2630,1.0000,3.3750,202.5480,3.1460,0.0000,0.0000,0.0000,71.4672,0.0000,4875.0000,2067.0000,0.0000,33.0000,66.0000,32.0000,17.0000
2.1770,0.6840,0.3830,0.3870,0.2020,0.0000,0.0000,1.1100,1.0000,3.3750,202.5480,3.1460,0.0000,0.0000,0.0000,71.4777,0.0000,4876.0000,2067.0000,0.0000,33.0000,66.0000,32.0000,17.0000
2.3870,0.6210,0.4740,0.3510,0.2810,0.0000,0.0000,1.2920,1.0000,3.3750,202.5480,3.1460,0.0000,0.0000,0.0000,71.4983,0.0000,4878.0000,2067.0000,0.0000,33.0000,66.0000,32.0000,17.0000
2.3410,0.6060,0.4440,0.3470,0.2350,0.0000,0.0000,1.2910,1.0000,3.3750,202.5480,3.1460,0.0000,0.0000,0.0000,71.4991,0.0000,4878.0000,2067.0000,0.0000,33.0000,67.0000,32.0000,17.0000
2.3510,0.6020,0.4450,0.4160,0.2210,0.0000,0.0000,1.3040,1.0000,3.3750,202.5480,3.1460,0.0000,0.0000,0.0000,71.5108,0.0000,4879.0000,2067.0000,0.0000,33.0000,67.0000,32.0000,17.0000
2.3150,0.6230,0.4180,0.3480,0.2240,0.0000,0.0000,1.2740,1.0000,3.3750,202.5480,3.1460,0.0000,0.0000,0.0000,71.5313,0.0000,4881.0000,2067.0000,0.0000,33.0000,67.0000,32.0000,17.0000
2.3570,0.6830,0.4830,0.4250,0.2460,0.0000,0.0000,1.1910,1.0000,3.3750,202.5480,3.1460,0.0000,0.0000,0.0000,71.5314,0.0000,4881.0000,2067.0000,0.0000,33.0000,67.0000,32.0000,17.0000
2.1650,0.6050,0.3820,0.4180,0.1820,0.0000,0.0000,1.1780,1.0000,3.3750,202.5480,3.1460,0.0000,0.0000,0.0000,71.5315,0.0000,4881.0000,2067.0000,0.0000,33.0000,67.0000,32.0000,17.0000
2.0830,0.5900,0.3780,0.3540,0.1830,0.0000,0.0000,1.1150,1.0000,3.3750,202.5480,3.1460,0.0000,0.0000,0.0000,71.5308,0.0000,4881.0000,2067.0000,0.0000,33.0000,66.0000,32.0000,17.0000
2.2980,0.5880,0.3760,0.3530,0.1800,0.0000,0.0000,1.3340,1.0000,3.3750,202.5480,3.1460,0.0000,0.0000,0.0000,71.5322,0.0000,4881.0000,2067.0000,0.0000,33.0000,68.0000,32.0000,17.0000
2.5030,0.5570,0.4960,0.3660,0.2050,0.0000,0.0000,1.4500,1.0000,3.3750,202.5480,3.1460,0.0000,0.0000,0.0000,71.5322,0.0000,4881.0000,2067.0000,0.0000,33.0000,68.0000,32.0000,17.0000
2.2550,0.6120,0.4110,0.4260,0.2120,0.0000,0.0000,1.2320,1.0000,3.3750,202.5480,3.1460,0.0000,0.0000,0.0000,71.5425,0.0000,4882.0000,2067.0000,0.0000,33.0000,68.0000,32.0000,17.0000
2.1600,0.6800,0.3890,0.3990,0.1830,0.0000,0.0000,1.0910,1.0000,3.3750,202.5480,3.1460,0.0000,0.0000,0.0000,71.5425,0.0000,4882.0000,2067.0000,0.0000,33.0000,68.0000,32.0000,17.0000
2.1710,0.6000,0.4140,0.4070,0.1960,0.0000,0.0000,1.1570,1.0000,3.3750,202.5480,3.1460,0.0000,0.0000,0.0000,71.5425,0.0000,4882.0000,2067.0000,0.0000,33.0000,68.0000,32.0000,17.0000
4.4910,0.5430,0.5640,0.3510,0.3550,0.0000,0.0000,3.3840,1.0000,3.3750,202.5480,3.1460,0.0000,0.0000,0.0000,71.5420,0.0000,4882.0000,2067.0000,0.0000,33.0000,67.0000,32.0000,18.0000
4.9630,1.6670,1.0140,1.1930,0.5710,0.0000,0.0000,2.2820,1.0000,3.3750,202.5480,3.1460,0.0000,0.0000,0.0000,71.5413,0.0000,4882.0000,2067.0000,0.0000,33.0000,66.0000,32.0000,18.0000
4.6160,1.4570,0.9050,1.0300,0.5720,0.0000,0.0000,2.2540,1.0000,3.3750,202.5480,3.1460,0.0000,0.0000,0.0000,71.5618,0.0000,4884.0000,2067.0000,0.0000,33.0000,66.0000,32.0000,18.0000
4.9300,1.4330,0.8270,0.8630,0.4740,0.0000,0.0000,2.6700,1.0000,3.3750,202.5480,3.1460,0.0000,0.0000,0.0000,71.5820,0.0000,4886.0000,2067.0000,0.0000,33.0000,66.0000,32.0000,18.0000
3.5140,1.6230,0.9230,1.0740,0.4890,0.0000,0.0000,0.9680,1.0000,3.3750,202.5480,3.1460,0.0000,0.0000,0.0000,71.5924,0.0000,4887.0000,2067.0000,0.0000,33.0000,66.0000,32.0000,18.0000
2.3030,0.8330,0.4320,0.5400,0.2210,0.0000,0.0000,1.0380,1.0000,3.3750,202.5480,3.1460,0.0000,0.0000,0.0000,71.6028,0.0000,4888.0000,2067.0000,0.0000,33.0000,66.0000,32.0000,18.0000
2.6340,0.5880,0.5210,0.3530,0.2820,0.0000,0.0000,1.5250,1.0000,3.3750,202.5480,3.1460,0.0000,0.0000,0.0000,71.6227,0.0000,4890.0000,2067.0000,0.0000,33.0000,65.0000,32.0000,17.0000
7.3370,0.7640,2.2980,0.4920,2.0460,0.0000,0.0000,4.2750,1.0000,3.3750,202.5480,3.1460,0.0000,0.0000,0.0000,71.6337,0.0000,4891.0000,2067.0000,0.0000,33.0000,66.0000,32.0000,17.0000
2.8860,0.8370,0.5750,0.4710,0.2970,0.0000,0.0000,1.4740,1.0000,3.3750,202.5480,3.1460,0.0000,0.0000,0.0000,71.6441,0.0000,4892.0000,2067.0000,0.0000,33.0000,66.0000,32.0000,17.0000
2.7500,0.7420,0.4860,0.4660,0.2740,0.0000,0.0000,1.5220,1.0000,3.3750,202.5480,3.1460,0.0000,0.0000,0.0000,71.6543,0.0000,4893.0000,2067.0000,0.0000,33.0000,66.0000,32.0000,19.0000
2.5150,0.8160,0.3950,0.5580,0.1990,0.0000,0.0000,1.3040,1.0000,3.3750,202.5480,3.1460,0.0000,0.0000,0.0000,71.6544,0.0000,4893.0000,2067.0000,0.0000,33.0000,66.0000,32.0000,19.0000
2.6720,0.6400,0.5080,0.4050,0.2860,0.0000,0.0000,1.5240,1.0000,3.3750,202.5480,3.1460,0.0000,0.0000,0.0000,71.6638,0.0000,4894.0000,2067.0000,0.0000,33.0000,65.0000,32.0000,19.0000
2.6010,0.7720,0.4130,0.4740,0.2060,0.0000,0.0000,1.4160,1.0000,3.3750,202.5480,3.1460,0.0000,0.0000,0.0000,71.2742,0.0000,4856.0000,2067.0000,0.0000,33.0000,65.0000,32.0000,19.0000
3.1530,0.6600,0.4490,0.4280,0.2080,0.0000,0.0000,2.0440,1.0000,3.3750,202.5480,3.1460,0.0000,0.0000,0.0000,71.2744,0.0000,4856.0000,2067.0000,0.0000,33.0000,66.0000,32.0000,19.0000
2.7890,1.0330,0.4490,0.7950,0.2480,0.0000,0.0000,1.3070,1.0000,3.3750,202.5480,3.1460,0.0000,0.0000,0.0000,71.2854,0.0000,4857.0000,2067.0000,0.0000,33.0000,67.0000,32.0000,19.0000
2.8010,0.7010,0.4940,0.4090,0.2410,0.0000,0.0000,1.6060,1.0000,3.3750,202.5480,3.1460,0.0000,0.0000,0.0000,71.2957,0.0000,4858.0000,2067.0000,0.0000,33.0000,67.0000,32.0000,19.0000
2.5240,0.7040,0.5000,0.4140,0.2440,0.0000,0.0000,1.3200,1.0000,3.3750,202.5480,3.1460,0.0000,0.0000,0.0000,71.2950,0.0000,4858.0000,2067.0000,0.0000,33.0000,66.0000,32.0000,19.0000
2.3620,0.6990,0.4040,0.4830,0.2040,0.0000,0.0000,1.2590,1.0000,3.3750,202.5480,3.1460,0.0000,0.0000,0.0000,71.2951,0.0000,4858.0000,2067.0000,0.0000,33.0000,66.0000,32.0000,19.0000
2.5220,0.6590,0.5130,0.4090,0.3120,0.0000,0.0000,1.3500,1.0000,3.3750,202.5480,3.1460,0.0000,0.0000,0.0000,71.3147,0.0000,4860.0000,2067.0000,0.0000,33.0000,65.0000,32.0000,19.0000
2.3950,0.7490,0.3850,0.4760,0.1900,0.0000,0.0000,1.2610,1.0000,3.3750,202.5480,3.1460,0.0000,0.0000,0.0000,71.3168,0.0000,4860.0000,2067.0000,0.0000,33.0000,68.0000,32.0000,19.0000
2.6050,0.6540,0.4560,0.4040,0.2570,0.0000,0.0000,1.4950,1.0000,3.3750,202.5480,3.1460,0.0000,0.0000,0.0000,71.3265,0.0000,4861.0000,2067.0000,0.0000,33.0000,67.0000,32.0000,19.0000
2.4050,0.7190,0.4100,0.4840,0.2040,0.0000,0.0000,1.2760,1.0000,3.3750,202.5480,3.1460,0.0000,0.0000,0.0000,71.3265,0.0000,4861.0000,2067.0000,0.0000,33.0000,67.0000,32.0000,18.0000
2.4250,0.6690,0.4180,0.4280,0.2220,0.0000,0.0000,1.3380,1.0000,3.3750,202.5480,3.1460,0.0000,0.0000,0.0000,71.3266,0.0000,4861.0000,2067.0000,0.0000,33.0000,67.0000,32.0000,18.0000
2.5440,0.7400,0.4840,0.5440,0.2480,0.0000,0.0000,1.3200,1.0000,3.3750,202.5480,3.1460,0.0000,0.0000,0.0000,71.3470,0.0000,4863.0000,2067.0000,0.0000,33.0000,67.0000,32.0000,18.0000
2.5730,0.7320,0.5100,0.4090,0.3090,0.0000,0.0000,1.3310,1.0000,3.3750,202.5480,3.1460,0.0000,0.0000,0.0000,71.3580,0.0000,4864.0000,2067.0000,0.0000,33.0000,68.0000,32.0000,18.0000
2.6270,0.7440,0.4560,0.5020,0.2480,0.0000,0.0000,1.4270,1.0000,3.3750,202.5480,3.1460,0.0000,0.0000,0.0000,71.3785,0.0000,4866.0000,2067.0000,0.0000,33.0000,68.0000,32.0000,18.0000
2.6590,0.7350,0.5460,0.4080,0.3170,0.0000,0.0000,1.3780,1.0000,3.3750,202.5480,3.1460,0.0000,0.0000,0.0000,71.3895,0.0000,4867.0000,2067.0000,0.0000,33.0000,69.0000,32.0000,18.0000
2.8900,0.7750,0.5370,0.4570,0.3300,0.0000,0.0000,1.5780,1.0000,3.3750,202.5480,3.1460,0.0000,0.0000,0.0000,71.4094,0.0000,4869.0000,2067.0000,0.0000,33.0000,68.0000,32.0000,18.0000
2.5570,0.7870,0.4150,0.4620,0.2040,0.0000,0.0000,1.3550,1.0000,3.3750,202.5480,3.1460,0.0000,0.0000,0.0000,71.4102,0.0000,4869.0000,2067.0000,0.0000,33.0000,69.0000,32.0000,18.0000
2.5130,0.6190,0.4810,0.4080,0.2650,0.0000,0.0000,1.4130,1.0000,3.3750,202.5480,3.1460,0.0000,0.0000,0.0000,71.4103,0.0000,4869.0000,2067.0000,0.0000,33.0000,69.0000,32.0000,18.0000
2.7300,0.7010,0.5190,0.4790,0.3140,0.0000,0.0000,1.5100,1.0000,3.3750,202.5480,3.1460,0.0000,0.0000,0.0000,71.4206,0.0000,4870.0000,2067.0000,0.0000,33.0000,69.0000,32.0000,18.0000
2.7440,0.6700,0.4830,0.4200,0.2610,0.0000,0.0000,1.5910,1.0000,3.3750,202.5480,3.1460,0.0000,0.0000,0.0000,71.4302,0.0000,4871.0000,2067.0000,0.0000,33.0000,68.0000,32.0000,18.0000
2.7700,0.7190,0.5120,0.4030,0.2980,0.0000,0.0000,1.5390,1.0000,3.3750,202.5480,3.1460,0.0000,0.0000,0.0000,71.4615,0.0000,4874.0000,2067.0000,0.0000,33.0000,69.0000,32.0000,18.0000
2.6350,0.7970,0.4680,0.4130,0.2090,0.0000,0.0000,1.3700,1.0000,3.3750,202.5480,3.1460,0.0000,0.0000,0.0000,71.4616,0.0000,4874.0000,2067.0000,0.0000,33.0000,69.0000,32.0000,18.0000
2.6340,0.7400,0.4480,0.5310,0.2410,0.0000,0.0000,1.4460,1.0000,3.3750,202.5480,3.1460,0.0000,0.0000,0.0000,71.4815,0.0000,4876.0000,2067.0000,0.0000,33.0000,68.0000,32.0000,19.0000
2.6020,0.7830,0.4850,0.4860,0.2450,0.0000,0.0000,1.3340,1.0000,3.3750,202.5480,3.1460,0.0000,0.0000,0.0000,71.4918,0.0000,4877.0000,2067.0000,0.0000,33.0000,68.0000,32.0000,18.0000
3.1380,0.7250,0.4860,0.4610,0.2800,0.0000,0.0000,1.9270,1.0000,3.3750,202.5480,3.1460,0.0000,0.0000,0.0000,71.4919,0.0000,4877.0000,2067.0000,0.0000,33.0000,68.0000,32.0000,18.0000
2.8180,0.8200,0.5280,0.6100,0.2650,0.0000,0.0000,1.4700,1.0000,3.3750,202.5480,3.1460,0.0000,0.0000,0.0000,71.4912,0.0000,4877.0000,2067.0000,0.0000,33.0000,67.0000,32.0000,18.0000
2.6570,0.8100,0.4390,0.5130,0.2220,0.0000,0.0000,1.4080,1.0000,3.3750,202.5480,3.1460,0.0000,0.0000,0.0000,71.4912,0.0000,4877.0000,2067.0000,0.0000,33.0000,67.0000,32.0000,18.0000
2.6660,0.6460,0.4370,0.4270,0.2300,0.0000,0.0000,1.5830,1.0000,3.3750,202.5480,3.1460,0.0000,0.0000,0.0000,71.5016,0.0000,4878.0000,2067.0000,0.0000,33.0000,67.0000,32.0000,18.0000
2.8310,0.7300,0.5370,0.4100,0.3180,0.0000,0.0000,1.5640,1.0000,3.3750,202.5480,3.1460,0.0000,0.0000,0.0000,71.5218,0.0000,4880.0000,2067.0000,0.0000,33.0000,67.0000,32.0000,20.0000
2.8540,0.8630,0.5820,0.4690,0.3060,0.0000,0.0000,1.4090,1.0000,3.3750,202.5480,3.1460,0.0000,0.0000,0.0000,71.5211,0.0000,4880.0000,2067.0000,0.0000,33.0000,66.0000,32.0000,20.0000
2.7400,0.7150,0.5240,0.4800,0.3190,0.0000,0.0000,1.5010,1.0000,3.3750,202.5480,3.1460,0.0000,0.0000,0.0000,71.5415,0.0000,4882.0000,2067.0000,0.0000,33.0000,66.0000,32.0000,20.0000
2.6820,0.7830,0.4620,0.4870,0.2600,0.0000,0.0000,1.4370,1.0000,3.3750,202.5480,3.1460,0.0000,0.0000,0.0000,71.5517,0.0000,4883.0000,2067.0000,0.0000,33.0000,66.0000,32.0000,19.0000
2.6540,0.6840,0.5080,0.4210,0.2570,0.0000,0.0000,1.4620,1.0000,3.3750,202.5480,3.1460,0.0000,0.0000,0.0000,71.5621,0.0000,4884.0000,2067.0000,0.0000,33.0000,66.0000,32.0000,19.0000
2.4450,0.7410,0.4410,0.4760,0.2270,0.0000,0.0000,1.2630,1.0000,3.3750,202.5480,3.1460,0.0000,0.0000,0.0000,71.5629,0.0000,4884.0000,2067.0000,0.0000,33.0000,67.0000,32.0000,19.0000
2.7600,0.6360,0.5150,0.4230,0.2670,0.0000,0.0000,1.6090,1.0000,3.3750,202.5480,3.1460,0.0000,0.0000,0.0000,71.5938,0.0000,4887.0000,2067.0000,0.0000,33.0000,67.0000,32.0000,19.0000
3.4580,0.7900,0.5030,0.4120,0.2740,0.0000,0.0000,2.1650,1.0000,3.3750,202.5480,3.1460,0.0000,0.0000,0.0000,71.5936,0.0000,4887.0000,2067.0000,0.0000,33.0000,67.0000,32.0000,19.0000
4.0190,1.5680,0.4660,1.3310,0.2360,0.0000,0.0000,1.9850,1.0000,3.3750,202.5480,3.1460,0.0000,0.0000,0.0000,71.3364,0.0000,4862.0000,2067.0000,0.0000,33.0000,66.0000,32.0000,19.0000
6.5860,0.7730,2.0030,0.5300,1.3910,0.0000,0.0000,3.8100,1.0000,3.3750,202.5480,3.1460,0.0000,0.0000,0.0000,71.3466,0.0000,4863.0000,2067.0000,0.0000,33.0000,66.0000,32.0000,19.0000
2.8910,1.7630,0.5450,1.1500,0.3120,0.0000,0.0000,0.5830,1.0000,3.3750,202.5480,3.1460,0.0000,0.0000,0.0000,71.3568,0.0000,4864.0000,2067.0000,0.0000,33.0000,66.0000,32.0000,18.0000
3.3030,0.7540,0.8950,0.4280,0.6610,0.0000,0.0000,1.6540,1.0000,3.3750,202.5480,3.1460,0.0000,0.0000,0.0000,71.3576,0.0000,4864.0000,2067.0000,0.0000,33.0000,67.0000,32.0000,18.0000
2.7430,0.6580,0.5260,0.4190,0.2570,0.0000,0.0000,1.5590,1.0000,3.3750,202.5480,3.1460,0.0000,0.0000,0.0000,71.3686,0.0000,4865.0000,2067.0000,0.0000,33.0000,68.0000,32.0000,18.0000
2.6830,0.7420,0.5090,0.4230,0.2770,0.0000,0.0000,1.4320,1.0000,3.3750,202.5480,3.1460,0.0000,0.0000,0.0000,71.3686,0.0000,4865.0000,2067.0000,0.0000,33.0000,68.0000,32.0000,18.0000
2.9880,0.7160,0.5870,0.4900,0.3650,0.0000,0.0000,1.6850,1.0000,3.3750,202.5480,3.1460,0.0000,0.0000,0.0000,71.4085,0.0000,4869.0000,2067.0000,0.0000,33.0000,67.0000,32.0000,18.0000
3.6550,0.8740,0.4600,0.4820,0.2600,0.0000,0.0000,2.3210,1.0000,3.3750,202.5480,3.1460,0.0000,0.0000,0.0000,71.4181,0.0000,4870.0000,2067.0000,0.0000,33.0000,66.0000,32.0000,17.0000
4.9500,0.8110,1.0520,0.5480,0.6430,0.0000,0.0000,3.0870,1.0000,3.3750,202.5480,3.1460,0.0000,0.0000,0.0000,71.4183,0.0000,4870.0000,2067.0000,0.0000,33.0000,66.0000,32.0000,17.0000
3.6180,0.8880,0.6430,0.5210,0.3530,0.0000,0.0000,2.0870,1.0000,3.3750,202.5480,3.1460,0.0000,0.0000,0.0000,71.4288,0.0000,4871.0000,2067.0000,0.0000,33.0000,66.0000,32.0000,17.0000
3.6890,0.9030,0.6730,0.6150,0.3840,0.0000,0.0000,2.1130,1.0000,3.3750,202.5480,3.1460,0.0000,0.0000,0.0000,71.4281,0.0000,4871.0000,2067.0000,0.0000,33.0000,65.0000,32.0000,17.0000
3.6760,0.9420,0.5550,0.5650,0.2860,0.0000,0.0000,2.1790,1.0000,3.3750,202.5480,3.1460,0.0000,0.0000,0.0000,71.4282,0.0000,4871.0000,2067.0000,0.0000,33.0000,65.0000,32.0000,17.0000
3.9790,1.1210,0.7190,0.7340,0.3600,0.0000,0.0000,2.1390,1.0000,3.3750,202.5480,3.1460,0.0000,0.0000,0.0000,71.4504,0.0000,4873.0000,2067.0000,0.0000,33.0000,65.0000,32.0000,17.0000
3.6620,1.2800,0.6870,0.7950,0.3320,0.0000,0.0000,1.6950,1.0000,3.3750,202.5480,3.1460,0.0000,0.0000,0.0000,71.4511,0.0000,4873.0000,2067.0000,0.0000,33.0000,66.0000,32.0000,17.0000
3.5100,1.0480,0.6630,0.7260,0.3780,0.0000,0.0000,1.7990,1.0000,3.3750,202.5480,3.1460,0.0000,0.0000,0.0000,71.4512,0.0000,4873.0000,2067.0000,0.0000,33.0000,66.0000,32.0000,17.0000
3.6950,1.0010,0.5970,0.6540,0.3260,0.0000,0.0000,2.0970,1.0000,3.3750,202.5480,3.1460,0.0000,0.0000,0.0000,71.4920,0.0000,4877.0000,2067.0000,0.0000,33.0000,66.0000,32.0000,17.0000
3.4900,1.0980,0.6470,0.6310,0.3220,0.0000,0.0000,1.7450,1.0000,3.3750,202.5480,3.1460,0.0000,0.0000,0.0000,71.4920,0.0000,4877.0000,2067.0000,0.0000,33.0000,66.0000,32.0000,17.0000
3.2550,0.8990,0.5980,0.5620,0.3010,0.0000,0.0000,1.7580,1.0000,3.3750,202.5480,3.1460,0.0000,0.0000,0.0000,71.4922,0.0000,4877.0000,2067.0000,0.0000,33.0000,66.0000,32.0000,17.0000
3.3620,0.8650,0.5600,0.6250,0.3000,0.0000,0.0000,1.9370,1.0000,3.3750,202.5480,3.1460,0.0000,0.0000,0.0000,71.5242,0.0000,4880.0000,2067.0000,0.0000,33.0000,66.0000,32.0000,17.0000
3.5330,1.0440,0.6480,0.6110,0.3030,0.0000,0.0000,1.8410,1.0000,3.3750,202.5480,3.1460,0.0000,0.0000,0.0000,71.5236,0.0000,4880.0000,2067.0000,0.0000,33.0000,65.0000,32.0000,17.0000
2.7800,0.9230,0.4850,0.6090,0.2560,0.0000,0.0000,1.3720,1.0000,3.3750,202.5480,3.1460,0.0000,0.0000,0.0000,71.5441,0.0000,4882.0000,2067.0000,0.0000,33.0000,65.0000,32.0000,17.0000
2.6350,0.8140,0.4620,0.4570,0.2340,0.0000,0.0000,1.3590,1.0000,3.3750,202.5480,3.1460,0.0000,0.0000,0.0000,71.5551,0.0000,4883.0000,2067.0000,0.0000,33.0000,66.0000,32.0000,17.0000
2.4710,0.6670,0.4780,0.3980,0.2230,0.0000,0.0000,1.3260,1.0000,3.3750,202.5480,3.1460,0.0000,0.0000,0.0000,71.5545,0.0000,4883.0000,2067.0000,0.0000,33.0000,65.0000,32.0000,16.0000
2.5870,0.6830,0.4190,0.4720,0.2080,0.0000,0.0000,1.4850,1.0000,3.3750,202.5480,3.1460,0.0000,0.0000,0.0000,71.5553,0.0000,4883.0000,2067.0000,0.0000,33.0000,66.0000,32.0000,16.0000
2.7120,0.7180,0.4950,0.4880,0.2530,0.0000,0.0000,1.4990,1.0000,3.3750,202.5480,3.1460,0.0000,0.0000,0.0000,71.5649,0.0000,4884.0000,2067.0000,0.0000,33.0000,65.0000,32.0000,16.0000
2.9940,0.7250,0.5900,0.4140,0.3190,0.0000,0.0000,1.6790,1.0000,3.3750,202.5480,3.1460,0.0000,0.0000,0.0000,71.5751,0.0000,4885.0000,2067.0000,0.0000,33.0000,65.0000,32.0000,16.0000
4.1800,0.8990,0.8130,0.6230,0.4590,0.0000,0.0000,2.4680,1.0000,3.3750,202.5480,3.1460,0.0000,0.0000,0.0000,71.5759,0.0000,4885.0000,2067.0000,0.0000,33.0000,66.0000,32.0000,16.0000
3.0050,1.2420,0.6310,0.8610,0.2800,0.0000,0.0000,1.1320,1.0000,3.3750,202.5480,3.1460,0.0000,0.0000,0.0000,71.3669,0.0000,4865.0000,2067.0000,0.0000,33.0000,66.0000,32.0000,16.0000
2.6850,0.7730,0.5390,0.4820,0.2280,0.0000,0.0000,1.3730,1.0000,3.3750,202.5480,3.1460,0.0000,0.0000,0.0000,71.3667,0.0000,4865.0000,2067.0000,0.0000,33.0000,66.0000,32.0000,16.0000
2.6450,0.6840,0.5440,0.4770,0.2560,0.0000,0.0000,1.4170,1.0000,3.3750,202.5480,3.1460,0.0000,0.0000,0.0000,71.3777,0.0000,4866.0000,2067.0000,0.0000,33.0000,67.0000,32.0000,16.0000
2.6620,0.7040,0.4800,0.4580,0.2500,0.0000,0.0000,1.4780,1.0000,3.3750,202.5480,3.1460,0.0000,0.0000,0.0000,71.3982,0.0000,4868.0000,2067.0000,0.0000,33.0000,67.0000,32.0000,16.0000
2.7170,0.6850,0.5860,0.3890,0.2370,0.0000,0.0000,1.4460,1.0000,3.3750,202.5480,3.1460,0.0000,0.0000,0.0000,71.3983,0.0000,4868.0000,2067.0000,0.0000,33.0000,67.0000,32.0000,16.0000
2.6360,0.7000,0.4710,0.4920,0.2630,0.0000,0.0000,1.4650,1.0000,3.3750,202.5480,3.1460,0.0000,0.0000,0.0000,71.4093,0.0000,4869.0000,2067.0000,0.0000,33.0000,68.0000,32.0000,16.0000
2.7110,0.7300,0.4110,0.4820,0.1990,0.0000,0.0000,1.5700,1.0000,3.3750,202.5480,3.1460,0.0000,0.0000,0.0000,71.4079,0.0000,4869.0000,2067.0000,0.0000,33.0000,66.0000,32.0000,16.0000
2.8040,0.8010,0.5490,0.5320,0.2690,0.0000,0.0000,1.4540,1.0000,3.3750,202.5480,3.1460,0.0000,0.0000,0.0000,71.4283,0.0000,4871.0000,2067.0000,0.0000,33.0000,66.0000,32.0000,16.0000
2.6170,0.7240,0.4590,0.4010,0.2410,0.0000,0.0000,1.4340,1.0000,3.3750,202.5480,3.1460,0.0000,0.0000,0.0000,71.4284,0.0000,4871.0000,2067.0000,0.0000,33.0000,66.0000,32.0000,16.0000
2.5880,0.6700,0.4310,0.4610,0.2050,0.0000,0.0000,1.4870,1.0000,3.3750,202.5480,3.1460,0.0000,0.0000,0.0000,71.4285,0.0000,4871.0000,2067.0000,0.0000,33.0000,66.0000,32.0000,16.0000
2.6300,0.6200,0.4640,0.3970,0.2240,0.0000,0.0000,1.5460,1.0000,3.3750,202.5480,3.1460,0.0000,0.0000,0.0000,71.4292,0.0000,4871.0000,2067.0000,0.0000,33.0000,67.0000,32.0000,15.0000
2.7420,0.6800,0.4490,0.4780,0.2380,0.0000,0.0000,1.6130,1.0000,3.3750,202.5480,3.1460,0.0000,0.0000,0.0000,71.4395,0.0000,4872.0000,2067.0000,0.0000,33.0000,67.0000,32.0000,16.0000
2.7110,0.7480,0.4690,0.4460,0.2410,0.0000,0.0000,1.4940,1.0000,3.3750,202.5480,3.1460,0.0000,0.0000,0.0000,71.4499,0.0000,4873.0000,2067.0000,0.0000,33.0000,67.0000,32.0000,16.0000
2.7520,0.6860,0.5060,0.3990,0.2560,0.0000,0.0000,1.5600,1.0000,3.3750,202.5480,3.1460,0.0000,0.0000,0.0000,71.4596,0.0000,4874.0000,2067.0000,0.0000,33.0000,66.0000,32.0000,16.0000
2.6960,0.7000,0.4660,0.4080,0.2500,0.0000,0.0000,1.5300,1.0000,3.3750,202.5480,3.1460,0.0000,0.0000,0.0000,71.4600,0.0000,4874.0000,2067.0000,0.0000,33.0000,66.0000,32.0000,17.0000
2.7600,0.7680,0.5060,0.5610,0.3110,0.0000,0.0000,1.4860,1.0000,3.3750,202.5480,3.1460,0.0000,0.0000,0.0000,71.4703,0.0000,4875.0000,2067.0000,0.0000,33.0000,66.0000,32.0000,16.0000
3.0910,0.7390,0.4090,0.4880,0.1980,0.0000,0.0000,1.9430,1.0000,3.3750,202.5480,3.1460,0.0000,0.0000,0.0000,71.4703,0.0000,4875.0000,2067.0000,0.0000,33.0000,66.0000,32.0000,16.0000
4.1010,0.6910,0.8500,0.4330,0.5000,0.0000,0.0000,2.5600,1.0000,5.2700,4.1300,3.0950,0.0000,0.0000,0.0000,71.4807,0.0000,4876.0000,2067.0000,0.0000,33.0000,66.0000,32.0000,17.0000
2.9230,1.3130,0.5470,0.8970,0.3260,0.0000,0.0000,1.0630,1.0000,5.2700,4.1300,3.0950,0.0000,0.0000,0.0000,71.4911,0.0000,4877.0000,2067.0000,0.0000,33.0000,66.0000,32.0000,16.0000
2.7100,0.7310,0.4330,0.4740,0.2120,0.0000,0.0000,1.5460,1.0000,5.2700,4.1300,3.0950,0.0000,0.0000,0.0000,71.4907,0.0000,4877.0000,2067.0000,0.0000,33.0000,65.0000,32.0000,15.0000
2.8640,0.7070,0.5380,0.4770,0.2850,0.0000,0.0000,1.6190,1.0000,5.2700,4.1300,3.0950,0.0000,0.0000,0.0000,71.5132,0.0000,4879.0000,2067.0000,0.0000,33.0000,68.0000,32.0000,15.0000
2.9350,0.7490,0.4710,0.4120,0.2740,0.0000,0.0000,1.7150,1.0000,5.2700,4.1300,3.0950,0.0000,0.0000,0.0000,71.5130,0.0000,4879.0000,2067.0000,0.0000,33.0000,68.0000,32.0000,16.0000
3.7160,0.8340,0.5320,0.6200,0.3120,0.0000,0.0000,2.3500,1.0000,5.2700,4.1300,3.0950,0.0000,0.0000,0.0000,71.5234,0.0000,4880.0000,2067.0000,0.0000,33.0000,68.0000,32.0000,16.0000
3.0480,1.1490,0.6810,0.8940,0.3690,0.0000,0.0000,1.2180,1.0000,5.2700,4.1300,3.0950,0.0000,0.0000,0.0000,71.5234,0.0000,4880.0000,2067.0000,0.0000,33.0000,68.0000,32.0000,16.0000
2.8100,0.6910,0.5640,0.4740,0.2980,0.0000,0.0000,1.5550,1.0000,5.2700,4.1300,3.0950,0.0000,0.0000,0.0000,71.5330,0.0000,4881.0000,2067.0000,0.0000,33.0000,67.0000,32.0000,16.0000
3.1100,0.7220,0.4670,0.4630,0.2470,0.0000,0.0000,1.9210,1.0000,5.2700,4.1300,3.0950,0.0000,0.0000,0.0000,71.5515,0.0000,4883.0000,2067.0000,0.0000,33.0000,67.0000,32.0000,16.0000
3.3790,0.9480,0.4720,0.6870,0.2560,0.0000,0.0000,1.9590,1.0000,5.2700,4.1300,3.0950,0.0000,0.0000,0.0000,71.5682,0.0000,4885.0000,2067.0000,0.0000,33.0000,68.0000,32.0000,18.0000
3.8320,1.0390,0.6210,0.7420,0.3770,0.0000,0.0000,2.1720,1.0000,5.2700,4.1300,3.0950,0.0000,0.0000,0.0000,71.7081,0.0000,4918.0000,2067.0000,0.0000,33.0000,67.0000,32.0000,20.0000
3.3860,1.3260,0.6510,0.5490,0.3460,0.0000,0.0000,1.4090,1.0000,5.2700,4.1300,3.0950,0.0000,0.0000,0.0000,71.7409,0.0000,4921.0000,2067.0000,0.0000,33.0000,68.0000,32.0000,20.0000
4.2700,0.9380,0.4570,0.4910,0.2280,0.0000,0.0000,2.8750,1.0000,5.2700,4.1300,3.0950,0.0000,0.0000,0.0000,71.7423,0.0000,4921.0000,2067.0000,0.0000,33.0000,69.0000,32.0000,20.0000
2.7750,0.7590,0.4170,0.4810,0.2070,0.0000,0.0000,1.5990,1.0000,5.2700,4.1300,3.0950,0.0000,0.0000,0.0000,71.7424,0.0000,4921.0000,2067.0000,0.0000,33.0000,69.0000,32.0000,20.0000
4.1850,0.6510,0.4550,0.4110,0.2220,0.0000,0.0000,3.0790,1.0000,5.2700,4.1300,3.0950,0.0000,0.0000,0.0000,71.7431,0.0000,4921.0000,2067.0000,0.0000,33.0000,70.0000,32.0000,20.0000
3.2440,1.3310,0.5670,0.9350,0.2870,0.0000,0.0000,1.3460,1.0000,5.2700,4.1300,3.0950,0.0000,0.0000,0.0000,71.4014,0.0000,4888.0000,2067.0000,0.0000,33.0000,70.0000,32.0000,20.0000
3.0320,0.7840,0.4740,0.4790,0.2530,0.0000,0.0000,1.7740,1.0000,5.2700,4.1300,3.0950,0.0000,0.0000,0.0000,71.4114,0.0000,4889.0000,2067.0000,0.0000,33.0000,70.0000,32.0000,19.0000
2.9360,0.7890,0.5170,0.4710,0.2910,0.0000,0.0000,1.6300,1.0000,5.2700,4.1300,3.0950,0.0000,0.0000,0.0000,71.4223,0.0000,4890.0000,2067.0000,0.0000,33.0000,71.0000,32.0000,20.0000
2.8150,0.7320,0.4270,0.4730,0.2130,0.0000,0.0000,1.6560,1.0000,5.2700,4.1300,3.0950,0.0000,0.0000,0.0000,71.4231,0.0000,4890.0000,2067.0000,0.0000,33.0000,72.0000,32.0000,20.0000
3.5130,0.7230,0.4920,0.5070,0.2730,0.0000,0.0000,2.2980,1.0000,5.2700,4.1300,3.0950,0.0000,0.0000,0.0000,71.4232,0.0000,4890.0000,2067.0000,0.0000,33.0000,72.0000,32.0000,20.0000
3.2540,0.6200,0.6000,0.4020,0.3190,0.0000,0.0000,2.0340,1.0000,5.2700,4.1300,3.0950,0.0000,0.0000,0.0000,71.4441,0.0000,4892.0000,2067.0000,0.0000,33.0000,73.0000,32.0000,20.0000
3.0530,0.7460,0.4680,0.4220,0.2200,0.0000,0.0000,1.8390,1.0000,5.2700,4.1300,3.0950,0.0000,0.0000,0.0000,71.4434,0.0000,4892.0000,2067.0000,0.0000,33.0000,72.0000,32.0000,20.0000
3.1360,0.7260,0.5330,0.4850,0.2770,0.0000,0.0000,1.8770,1.0000,5.2700,4.1300,3.0950,0.0000,0.0000,0.0000,71.4641,0.0000,4894.0000,2067.0000,0.0000,33.0000,72.0000,32.0000,20.0000
3.4540,0.7450,0.6410,0.4260,0.3760,0.0000,0.0000,2.0680,1.0000,5.2700,4.1300,3.0950,0.0000,0.0000,0.0000,71.4851,0.0000,4896.0000,2067.0000,0.0000,33.0000,73.0000,32.0000,20.0000
3.2050,0.9220,0.6290,0.5550,0.3280,0.0000,0.0000,1.6540,1.0000,5.2700,4.1300,3.0950,0.0000,0.0000,0.0000,71.5158,0.0000,4899.0000,2067.0000,0.0000,33.0000,73.0000,32.0000,18.0000
3.1180,0.8550,0.9760,0.4590,0.3110,0.0000,0.0000,1.2870,1.0000,5.2700,4.1300,3.0950,0.0000,0.0000,0.0000,71.5159,0.0000,4899.0000,2067.0000,0.0000,33.0000,73.0000,32.0000,18.0000
2.6770,0.5980,0.4760,0.4060,0.2410,0.0000,0.0000,1.6030,1.0000,5.2700,4.1300,3.0950,0.0000,0.0000,0.0000,71.5271,0.0000,4900.0000,2067.0000,0.0000,33.0000,74.0000,32.0000,19.0000
2.5410,0.6260,0.4550,0.3440,0.2550,0.0000,0.0000,1.4600,1.0000,5.2700,4.1300,3.0950,0.0000,0.0000,0.0000,71.5271,0.0000,4900.0000,2067.0000,0.0000,33.0000,74.0000,32.0000,19.0000
2.9450,0.5980,0.4760,0.4130,0.3050,0.0000,0.0000,1.8710,1.0000,5.2700,4.1300,3.0950,0.0000,0.0000,0.0000,71.5481,0.0000,4902.0000,2067.0000,0.0000,33.0000,75.0000,32.0000,19.0000
2.3670,0.6880,0.3670,0.4040,0.1970,0.0000,0.0000,1.3120,1.0000,5.2700,4.1300,3.0950,0.0000,0.0000,0.0000,71.5584,0.0000,4903.0000,2067.0000,0.0000,33.0000,75.0000,32.0000,19.0000
2.5130,0.6660,0.4330,0.3950,0.2450,0.0000,0.0000,1.4140,1.0000,5.2700,4.1300,3.0950,0.0000,0.0000,0.0000,71.5682,0.0000,4904.0000,2067.0000,0.0000,33.0000,74.0000,32.0000,19.0000
2.4090,0.6280,0.3640,0.4050,0.1750,0.0000,0.0000,1.4170,1.0000,5.2700,4.1300,3.0950,0.0000,0.0000,0.0000,71.5558,0.0000,4882.0000,2067.0000,0.0000,33.0000,74.0000,32.0000,19.0000
2.4450,0.6500,0.3530,0.3460,0.1700,0.0000,0.0000,1.4420,1.0000,5.2700,4.1300,3.0950,0.0000,0.0000,0.0000,71.5551,0.0000,4882.0000,2067.0000,0.0000,33.0000,73.0000,32.0000,19.0000
2.6940,0.5280,0.4880,0.3410,0.2560,0.0000,0.0000,1.6780,1.0000,5.2700,4.1300,3.0950,0.0000,0.0000,0.0000,71.5763,0.0000,4884.0000,2067.0000,0.0000,33.0000,74.0000,32.0000,19.0000
2.6300,0.6510,0.4270,0.3410,0.2260,0.0000,0.0000,1.5520,1.0000,5.2700,4.1300,3.0950,0.0000,0.0000,0.0000,71.5756,0.0000,4884.0000,2067.0000,0.0000,33.0000,73.0000,32.0000,19.0000
2.7120,0.6350,0.3330,0.4460,0.1620,0.0000,0.0000,1.7440,1.0000,5.2700,4.1300,3.0950,0.0000,0.0000,0.0000,71.5758,0.0000,4884.0000,2067.0000,0.0000,33.0000,73.0000,32.0000,19.0000
2.6310,0.5830,0.4590,0.3340,0.2240,0.0000,0.0000,1.5890,1.0000,5.2700,4.1300,3.0950,0.0000,0.0000,0.0000,71.6062,0.0000,4887.0000,2067.0000,0.0000,33.0000,73.0000,32.0000,19.0000
2.3910,0.7030,0.3510,0.3690,0.1810,0.0000,0.0000,1.3370,1.0000,5.2700,4.1300,3.0950,0.0000,0.0000,0.0000,71.6050,0.0000,4886.0000,2067.0000,0.0000,33.0000,73.0000,32.0000,19.0000
2.4930,0.6200,0.4330,0.4270,0.2060,0.0000,0.0000,1.4400,1.0000,5.2700,4.1300,3.0950,0.0000,0.0000,0.0000,71.6147,0.0000,4887.0000,2067.0000,0.0000,33.0000,72.0000,32.0000,19.0000
2.3190,0.6320,0.4120,0.3580,0.2300,0.0000,0.0000,1.2750,1.0000,5.2700,4.1300,3.0950,0.0000,0.0000,0.0000,71.6140,0.0000,4887.0000,2067.0000,0.0000,33.0000,71.0000,32.0000,18.0000
2.6330,0.5190,0.4390,0.3360,0.2500,0.0000,0.0000,1.6750,1.0000,5.2700,4.1300,3.0950,0.0000,0.0000,0.0000,71.6336,0.0000,4889.0000,2067.0000,0.0000,33.0000,70.0000,32.0000,18.0000
2.3570,0.6700,0.3820,0.4010,0.2000,0.0000,0.0000,1.3050,1.0000,5.2700,4.1300,3.0950,0.0000,0.0000,0.0000,71.6445,0.0000,4890.0000,2067.0000,0.0000,33.0000,71.0000,32.0000,19.0000
2.2440,0.5490,0.4010,0.3310,0.2140,0.0000,0.0000,1.2940,1.0000,5.2700,4.1300,3.0950,0.0000,0.0000,0.0000,71.6440,0.0000,4890.0000,2067.0000,0.0000,33.0000,70.0000,32.0000,19.0000
2.2280,0.6120,0.3760,0.4360,0.1710,0.0000,0.0000,1.2400,1.0000,5.2700,4.1300,3.0950,0.0000,0.0000,0.0000,71.6441,0.0000,4890.0000,2067.0000,0.0000,33.0000,70.0000,32.0000,19.0000
2.1600,0.5770,0.3560,0.3860,0.1690,0.0000,0.0000,1.2270,1.0000,5.2700,4.1300,3.0950,0.0000,0.0000,0.0000,71.6448,0.0000,4890.0000,2067.0000,0.0000,33.0000,71.0000,32.0000,19.0000
2.3040,0.5580,0.4380,0.3340,0.1840,0.0000,0.0000,1.3080,1.0000,5.2700,4.1300,3.0950,0.0000,0.0000,0.0000,71.6448,0.0000,4890.0000,2067.0000,0.0000,33.0000,71.0000,32.0000,19.0000
2.5500,0.5310,0.4640,0.3400,0.2470,0.0000,0.0000,1.5550,1.0000,5.2700,4.1300,3.0950,0.0000,0.0000,0.0000,71.6653,0.0000,4892.0000,2067.0000,0.0000,33.0000,71.0000,32.0000,19.0000
2.6010,0.6860,0.3810,0.4000,0.2020,0.0000,0.0000,1.5340,1.0000,5.2700,4.1300,3.0950,0.0000,0.0000,0.0000,71.6745,0.0000,4893.0000,2067.0000,0.0000,33.0000,69.0000,32.0000,21.0000
2.4860,0.7940,0.4760,0.5360,0.2330,0.0000,0.0000,1.2160,1.0000,5.2700,4.1300,3.0950,0.0000,0.0000,0.0000,71.6951,0.0000,4895.0000,2067.0000,0.0000,33.0000,69.0000,32.0000,21.0000
2.4560,0.6400,0.3840,0.3810,0.2030,0.0000,0.0000,1.4320,1.0000,5.2700,4.1300,3.0950,0.0000,0.0000,0.0000,71.7053,0.0000,4896.0000,2067.0000,0.0000,33.0000,69.0000,32.0000,19.0000
3.1080,0.6440,0.4450,0.4260,0.2480,0.0000,0.0000,2.0190,1.0000,5.2700,4.1300,3.0950,0.0000,0.0000,0.0000,71.7155,0.0000,4897.0000,2067.0000,0.0000,33.0000,69.0000,32.0000,18.0000
2.7630,0.6740,0.4960,0.4410,0.2540,0.0000,0.0000,1.5930,1.0000,5.2700,4.1300,3.0950,0.0000,0.0000,0.0000,71.4003,0.0000,4867.0000,2067.0000,0.0000,33.0000,70.0000,32.0000,18.0000
2.3350,0.6600,0.4450,0.3610,0.2180,0.0000,0.0000,1.2300,1.0000,5.2700,4.1300,3.0950,0.0000,0.0000,0.0000,71.4009,0.0000,4867.0000,2067.0000,0.0000,33.0000,71.0000,32.0000,18.0000
2.5280,0.5830,0.4440,0.3940,0.2260,0.0000,0.0000,1.5010,1.0000,5.2700,4.1300,3.0950,0.0000,0.0000,0.0000,71.4315,0.0000,4870.0000,2067.0000,0.0000,33.0000,71.0000,32.0000,18.0000
3.0840,0.6890,0.4230,0.3560,0.2360,0.0000,0.0000,1.9720,1.0000,5.2700,4.1300,3.0950,0.0000,0.0000,0.0000,71.4315,0.0000,4870.0000,2067.0000,0.0000,33.0000,71.0000,32.0000,19.0000
3.4160,0.8010,0.6090,0.5120,0.3300,0.0000,0.0000,2.0060,1.0000,5.2700,4.1300,3.0950,0.0000,0.0000,0.0000,71.4427,0.0000,4871.0000,2067.0000,0.0000,33.0000,72.0000,32.0000,17.0000
3.2380,0.8280,0.5590,0.5040,0.3180,0.0000,0.0000,1.8510,1.0000,5.2700,4.1300,3.0950,0.0000,0.0000,0.0000,71.4827,0.0000,4875.0000,2067.0000,0.0000,33.0000,71.0000,32.0000,17.0000
3.0200,0.8760,0.4440,0.4790,0.2250,0.0000,0.0000,1.7000,1.0000,5.2700,4.1300,3.0950,0.0000,0.0000,0.0000,71.4814,0.0000,4875.0000,2067.0000,0.0000,33.0000,69.0000,32.0000,17.0000
2.8370,0.7930,0.4910,0.5470,0.2390,0.0000,0.0000,1.5530,1.0000,5.2700,4.1300,3.0950,0.0000,0.0000,0.0000,71.4823,0.0000,4875.0000,2067.0000,0.0000,33.0000,70.0000,32.0000,15.0000
2.9010,0.6430,0.4820,0.4150,0.2520,0.0000,0.0000,1.7760,1.0000,5.2700,4.1300,3.0950,0.0000,0.0000,0.0000,71.4933,0.0000,4876.0000,2067.0000,0.0000,33.0000,71.0000,32.0000,16.0000
2.7770,0.7290,0.4510,0.4610,0.2360,0.0000,0.0000,1.5970,1.0000,5.2700,4.1300,3.0950,0.0000,0.0000,0.0000,71.4912,0.0000,4876.0000,2067.0000,0.0000,33.0000,68.0000,32.0000,16.0000
3.0110,0.6780,0.5710,0.4220,0.3180,0.0000,0.0000,1.7620,1.0000,5.2700,4.1300,3.0950,0.0000,0.0000,0.0000,71.4920,0.0000,4876.0000,2067.0000,0.0000,33.0000,69.0000,32.0000,17.0000
3.2440,0.7260,0.5630,0.4400,0.3120,0.0000,0.0000,1.9550,1.0000,5.2700,4.1300,3.0950,0.0000,0.0000,0.0000,71.5022,0.0000,4877.0000,2067.0000,0.0000,33.0000,69.0000,32.0000,16.0000
2.8790,0.8040,0.4400,0.4200,0.2170,0.0000,0.0000,1.6350,1.0000,5.2700,4.1300,3.0950,0.0000,0.0000,0.0000,71.5036,0.0000,4877.0000,2067.0000,0.0000,33.0000,71.0000,32.0000,17.0000
3.0920,0.7050,0.5180,0.4330,0.2730,0.0000,0.0000,1.8690,1.0000,5.2700,4.1300,3.0950,0.0000,0.0000,0.0000,71.5141,0.0000,4878.0000,2067.0000,0.0000,33.0000,71.0000,32.0000,19.0000
2.9110,0.7260,0.4920,0.4150,0.2720,0.0000,0.0000,1.6930,1.0000,5.2700,4.1300,3.0950,0.0000,0.0000,0.0000,71.5244,0.0000,4879.0000,2067.0000,0.0000,33.0000,71.0000,32.0000,18.0000
2.9610,0.8030,0.5330,0.4800,0.2890,0.0000,0.0000,1.6250,1.0000,5.2700,4.1300,3.0950,0.0000,0.0000,0.0000,71.5450,0.0000,4881.0000,2067.0000,0.0000,33.0000,71.0000,32.0000,18.0000
2.8630,0.7770,0.4820,0.4230,0.2340,0.0000,0.0000,1.6040,1.0000,5.2700,4.1300,3.0950,0.0000,0.0000,0.0000,71.5444,0.0000,4881.0000,2067.0000,0.0000,33.0000,70.0000,32.0000,19.0000
2.8170,0.7960,0.4670,0.5310,0.2620,0.0000,0.0000,1.5540,1.0000,5.2700,4.1300,3.0950,0.0000,0.0000,0.0000,71.5445,0.0000,4881.0000,2067.0000,0.0000,33.0000,70.0000,32.0000,20.0000
2.9080,0.7550,0.5300,0.4720,0.3170,0.0000,0.0000,1.6230,1.0000,5.2700,4.1300,3.0950,0.0000,0.0000,0.0000,71.5658,0.0000,4883.0000,2067.0000,0.0000,33.0000,71.0000,32.0000,21.0000
2.8750,0.7860,0.4690,0.4890,0.2580,0.0000,0.0000,1.6200,1.0000,5.2700,4.1300,3.0950,0.0000,0.0000,0.0000,71.5774,0.0000,4884.0000,2067.0000,0.0000,33.0000,73.0000,32.0000,21.0000
2.8700,0.8210,0.5480,0.4970,0.2940,0.0000,0.0000,1.5010,1.0000,5.2700,4.1300,3.0950,0.0000,0.0000,0.0000,71.5769,0.0000,4884.0000,2067.0000,0.0000,33.0000,72.0000,32.0000,22.0000
2.9760,0.7050,0.4910,0.4770,0.2590,0.0000,0.0000,1.7800,1.0000,5.2700,4.1300,3.0950,0.0000,0.0000,0.0000,71.5892,0.0000,4885.0000,2067.0000,0.0000,33.0000,75.0000,32.0000,22.0000
3.2470,0.9170,0.7070,0.5960,0.3210,0.0000,0.0000,1.6230,1.0000,5.2700,4.1300,3.0950,0.0000,0.0000,0.0000,71.5988,0.0000,4886.0000,2067.0000,0.0000,33.0000,74.0000,32.0000,23.0000
2.7130,0.7460,0.4920,0.4810,0.2710,0.0000,0.0000,1.4750,1.0000,5.2700,4.1300,3.0950,0.0000,0.0000,0.0000,71.5995,0.0000,4886.0000,2067.0000,0.0000,33.0000,75.0000,32.0000,23.0000
2.8310,0.6990,0.4910,0.4780,0.2560,0.0000,0.0000,1.6410,1.0000,5.2700,4.1300,3.0950,0.0000,0.0000,0.0000,71.6099,0.0000,4887.0000,2067.0000,0.0000,33.0000,75.0000,32.0000,24.0000
2.8360,0.6900,0.5270,0.4100,0.2840,0.0000,0.0000,1.6190,1.0000,5.2700,4.1300,3.0950,0.0000,0.0000,0.0000,71.6303,0.0000,4889.0000,2067.0000,0.0000,33.0000,75.0000,32.0000,23.0000
2.7250,0.8870,0.4800,0.5250,0.2350,0.0000,0.0000,1.3580,1.0000,5.2700,4.1300,3.0950,0.0000,0.0000,0.0000,71.6297,0.0000,4889.0000,2067.0000,0.0000,33.0000,74.0000,32.0000,23.0000
2.8360,0.6980,0.5510,0.4830,0.2870,0.0000,0.0000,1.5870,1.0000,5.2700,4.1300,3.0950,0.0000,0.0000,0.0000,71.6401,0.0000,4890.0000,2067.0000,0.0000,33.0000,74.0000,32.0000,24.0000
2.7810,0.7390,0.4760,0.4790,0.2660,0.0000,0.0000,1.5660,1.0000,5.2700,4.1300,3.0950,0.0000,0.0000,0.0000,71.6613,0.0000,4892.0000,2067.0000,0.0000,33.0000,75.0000,32.0000,23.0000
2.5700,0.8110,0.4490,0.5070,0.2220,0.0000,0.0000,1.3100,1.0000,5.2700,4.1300,3.0950,0.0000,0.0000,0.0000,71.6614,0.0000,4892.0000,2067.0000,0.0000,33.0000,75.0000,32.0000,23.0000
2.8010,0.6430,0.4650,0.4070,0.2500,0.0000,0.0000,1.6930,1.0000,5.2700,4.1300,3.0950,0.0000,0.0000,0.0000,71.6601,0.0000,4892.0000,2067.0000,0.0000,33.0000,73.0000,32.0000,24.0000
3.0620,0.7490,0.4490,0.5000,0.2520,0.0000,0.0000,1.8640,1.0000,5.2700,4.1300,3.0950,0.0000,0.0000,0.0000,71.6806,0.0000,4894.0000,2067.0000,0.0000,33.0000,73.0000,32.0000,23.0000
2.8060,0.8560,0.4890,0.4760,0.2670,0.0000,0.0000,1.4610,1.0000,5.2700,4.1300,3.0950,0.0000,0.0000,0.0000,71.6797,0.0000,4894.0000,2067.0000,0.0000,33.0000,72.0000,32.0000,23.0000
2.9790,0.7400,0.4570,0.5070,0.2510,0.0000,0.0000,1.7820,1.0000,5.2700,4.1300,3.0950,0.0000,0.0000,0.0000,71.3982,0.0000,4867.0000,2067.0000,0.0000,33.0000,73.0000,32.0000,23.0000
2.8510,0.8200,0.5400,0.4900,0.3200,0.0000,0.0000,1.4910,1.0000,5.2700,4.1300,3.0950,0.0000,0.0000,0.0000,71.4086,0.0000,4868.0000,2067.0000,0.0000,33.0000,73.0000,32.0000,24.0000
2.9410,0.7450,0.4810,0.4790,0.2550,0.0000,0.0000,1.7150,1.0000,5.2700,4.1300,3.0950,0.0000,0.0000,0.0000,71.4194,0.0000,4870.0000,2067.0000,0.0000,33.0000,73.0000,32.0000,22.0000
2.8770,0.8010,0.4980,0.5230,0.2600,0.0000,0.0000,1.5780,1.0000,5.2700,4.1300,3.0950,0.0000,0.0000,0.0000,71.4297,0.0000,4871.0000,2067.0000,0.0000,33.0000,73.0000,32.0000,19.0000
2.7740,0.7170,0.4590,0.4380,0.2260,0.0000,0.0000,1.5980,1.0000,5.2700,4.1300,3.0950,0.0000,0.0000,0.0000,71.4298,0.0000,4871.0000,2067.0000,0.0000,33.0000,73.0000,32.0000,19.0000
2.9950,0.7210,0.5420,0.4520,0.2930,0.0000,0.0000,1.7320,1.0000,5.2700,4.1300,3.0950,0.0000,0.0000,0.0000,71.4607,0.0000,4874.0000,2067.0000,0.0000,33.0000,73.0000,32.0000,19.0000
2.9580,0.8060,0.5210,0.4150,0.2750,0.0000,0.0000,1.6310,1.0000,5.2700,4.1300,3.0950,0.0000,0.0000,0.0000,71.4811,0.0000,4876.0000,2067.0000,0.0000,33.0000,73.0000,32.0000,19.0000
4.7160,0.7770,0.5720,0.4350,0.2970,0.0000,0.0000,3.3670,1.0000,5.2700,4.1300,3.0950,0.0000,0.0000,0.0000,71.5015,0.0000,4878.0000,2067.0000,0.0000,33.0000,73.0000,32.0000,19.0000
3.4350,2.3210,0.8170,0.6460,0.5890,0.0000,0.0000,0.2970,1.0000,5.2700,4.1300,3.0950,0.0000,0.0000,0.0000,71.5126,0.0000,4879.0000,2067.0000,0.0000,33.0000,74.0000,32.0000,19.0000
3.9910,0.8860,0.5720,0.5500,0.2890,0.0000,0.0000,2.5330,1.0000,5.2700,4.1300,3.0950,0.0000,0.0000,0.0000,71.5420,0.0000,4882.0000,2067.0000,0.0000,33.0000,72.0000,32.0000,19.0000
2.9890,0.8480,0.5020,0.4600,0.2240,0.0000,0.0000,1.6390,1.0000,5.2700,4.1300,3.0950,0.0000,0.0000,0.0000,71.5414,0.0000,4882.0000,2067.0000,0.0000,33.0000,71.0000,32.0000,19.0000
3.1150,0.7370,0.5930,0.4460,0.3170,0.0000,0.0000,1.7850,1.0000,5.2700,4.1300,3.0950,0.0000,0.0000,0.0000,71.5633,0.0000,4884.0000,2067.0000,0.0000,33.0000,73.0000,32.0000,18.0000
3.3070,0.8250,0.5120,0.4930,0.2520,0.0000,0.0000,1.9700,1.0000,5.2700,4.1300,3.0950,0.0000,0.0000,0.0000,71.5640,0.0000,4884.0000,2067.0000,0.0000,33.0000,74.0000,32.0000,20.0000
3.3550,0.7280,0.5400,0.4830,0.2940,0.0000,0.0000,2.0870,1.0000,5.2700,4.1300,3.0950,0.0000,0.0000,0.0000,71.5737,0.0000,4885.0000,2067.0000,0.0000,33.0000,71.0000,32.0000,20.0000
3.0560,0.9610,0.5600,0.5980,0.3240,0.0000,0.0000,1.5350,1.0000,5.2700,4.1300,3.0950,0.0000,0.0000,0.0000,71.5944,0.0000,4887.0000,2067.0000,0.0000,33.0000,71.0000,32.0000,21.0000
2.8690,0.7970,0.4700,0.4220,0.2690,0.0000,0.0000,1.6020,1.0000,5.2700,4.1300,3.0950,0.0000,0.0000,0.0000,71.5959,0.0000,4887.0000,2067.0000,0.0000,33.0000,73.0000,32.0000,21.0000
3.0030,0.7250,0.6060,0.4790,0.3300,0.0000,0.0000,1.6720,1.0000,5.2700,4.1300,3.0950,0.0000,0.0000,0.0000,71.6177,0.0000,4889.0000,2067.0000,0.0000,33.0000,75.0000,32.0000,21.0000
2.8470,0.8070,0.4930,0.4170,0.2660,0.0000,0.0000,1.5470,1.0000,5.2700,4.1300,3.0950,0.0000,0.0000,0.0000,71.6163,0.0000,4889.0000,2067.0000,0.0000,33.0000,73.0000,32.0000,21.0000
3.2160,0.8340,0.5090,0.4900,0.2820,0.0000,0.0000,1.8730,1.0000,5.2700,4.1300,3.0950,0.0000,0.0000,0.0000,71.6267,0.0000,4890.0000,2067.0000,0.0000,33.0000,73.0000,32.0000,20.0000
3.5080,0.7800,0.5470,0.4930,0.3070,0.0000,0.0000,2.1810,1.0000,5.2700,4.1300,3.0950,0.0000,0.0000,0.0000,71.6363,0.0000,4891.0000,2067.0000,0.0000,33.0000,72.0000,32.0000,21.0000
2.7690,0.7650,0.4780,0.4240,0.2550,0.0000,0.0000,1.5260,1.0000,5.2700,4.1300,3.0950,0.0000,0.0000,0.0000,71.6473,0.0000,4892.0000,2067.0000,0.0000,33.0000,73.0000,32.0000,21.0000
2.9510,0.7070,0.5230,0.4350,0.2660,0.0000,0.0000,1.7210,1.0000,5.2700,4.1300,3.0950,0.0000,0.0000,0.0000,71.6771,0.0000,4895.0000,2067.0000,0.0000,33.0000,72.0000,32.0000,22.0000
2.8580,0.7910,0.5040,0.4240,0.2530,0.0000,0.0000,1.5630,1.0000,5.2700,4.1300,3.0950,0.0000,0.0000,0.0000,71.6883,0.0000,4896.0000,2067.0000,0.0000,33.0000,73.0000,32.0000,22.0000
3.0550,0.7230,0.5480,0.4090,0.2820,0.0000,0.0000,1.7840,1.0000,5.2700,4.1300,3.0950,0.0000,0.0000,0.0000,71.7087,0.0000,4898.0000,2067.0000,0.0000,33.0000,73.0000,32.0000,22.0000
3.0600,0.7790,0.5440,0.4100,0.2560,0.0000,0.0000,1.7370,1.0000,5.2700,4.1300,3.0950,0.0000,0.0000,0.0000,71.7190,0.0000,4899.0000,2067.0000,0.0000,33.0000,73.0000,32.0000,22.0000
2.6990,0.7470,0.4680,0.4150,0.2190,0.0000,0.0000,1.4840,1.0000,5.2700,4.1300,3.0950,0.0000,0.0000,0.0000,71.7191,0.0000,4899.0000,2067.0000,0.0000,33.0000,73.0000,32.0000,21.0000
3.0020,0.6860,0.5360,0.4190,0.3080,0.0000,0.0000,1.7800,1.0000,5.2700,4.1300,3.0950,0.0000,0.0000,0.0000,71.7398,0.0000,4901.0000,2067.0000,0.0000,33.0000,73.0000,32.0000,21.0000
2.7070,0.8150,0.4910,0.4770,0.2630,0.0000,0.0000,1.4010,1.0000,5.2700,4.1300,3.0950,0.0000,0.0000,0.0000,71.7399,0.0000,4901.0000,2067.0000,0.0000,33.0000,73.0000,32.0000,20.0000
2.9920,0.7220,0.6180,0.4920,0.3830,0.0000,0.0000,1.6520,1.0000,5.2700,4.1300,3.0950,0.0000,0.0000,0.0000,71.7495,0.0000,4902.0000,2067.0000,0.0000,33.0000,72.0000,32.0000,20.0000
2.6810,0.7740,0.4320,0.4930,0.2130,0.0000,0.0000,1.4750,1.0000,5.2700,4.1300,3.0950,0.0000,0.0000,0.0000,71.7495,0.0000,4902.0000,2067.0000,0.0000,33.0000,72.0000,32.0000,20.0000
2.6710,0.7310,0.4720,0.4940,0.2120,0.0000,0.0000,1.4680,1.0000,5.2700,4.1300,3.0950,0.0000,0.0000,0.0000,71.7489,0.0000,4902.0000,2067.0000,0.0000,33.0000,71.0000,32.0000,20.0000
3.0580,0.7100,0.5960,0.4250,0.3350,0.0000,0.0000,1.7520,1.0000,5.2700,4.1300,3.0950,0.0000,0.0000,0.0000,71.7692,0.0000,4904.0000,2067.0000,0.0000,33.0000,72.0000,32.0000,21.0000
3.1150,0.8330,0.5450,0.4440,0.3160,0.0000,0.0000,1.7370,1.0000,5.2700,4.1300,3.0950,0.0000,0.0000,0.0000,71.4487,0.0000,4873.0000,2067.0000,0.0000,33.0000,73.0000,32.0000,22.0000
2.9020,0.8660,0.5250,0.4170,0.2810,0.0000,0.0000,1.5110,1.0000,5.2700,4.1300,3.0950,0.0000,0.0000,0.0000,71.4686,0.0000,4875.0000,2067.0000,0.0000,33.0000,72.0000,32.0000,22.0000
3.5340,0.7730,0.7720,0.4240,0.2780,0.0000,0.0000,1.9890,1.0000,5.2700,4.1300,3.0950,0.0000,0.0000,0.0000,71.4886,0.0000,4877.0000,2067.0000,0.0000,33.0000,71.0000,32.0000,22.0000
2.8140,0.8020,0.4430,0.4280,0.2110,0.0000,0.0000,1.5690,1.0000,5.2700,4.1300,3.0950,0.0000,0.0000,0.0000,71.4867,0.0000,4877.0000,2067.0000,0.0000,33.0000,68.0000,32.0000,21.0000
2.7400,0.6720,0.4390,0.4360,0.2150,0.0000,0.0000,1.6290,1.0000,5.2700,4.1300,3.0950,0.0000,0.0000,0.0000,71.4868,0.0000,4877.0000,2067.0000,0.0000,33.0000,68.0000,32.0000,21.0000
2.8830,0.6540,0.5160,0.4230,0.2670,0.0000,0.0000,1.7130,1.0000,5.2700,4.1300,3.0950,0.0000,0.0000,0.0000,71.5078,0.0000,4879.0000,2067.0000,0.0000,33.0000,69.0000,32.0000,21.0000
2.7050,0.7620,0.4870,0.4140,0.2590,0.0000,0.0000,1.4560,1.0000,5.2700,4.1300,3.0950,0.0000,0.0000,0.0000,71.5071,0.0000,4879.0000,2067.0000,0.0000,33.0000,68.0000,32.0000,22.0000
2.8740,0.7180,0.5390,0.4810,0.3250,0.0000,0.0000,1.6170,1.0000,5.2700,4.1300,3.0950,0.0000,0.0000,0.0000,71.5271,0.0000,4881.0000,2067.0000,0.0000,33.0000,67.0000,32.0000,22.0000
2.9360,0.7940,0.4660,0.4890,0.2530,0.0000,0.0000,1.6760,1.0000,5.2700,4.1300,3.0950,0.0000,0.0000,0.0000,71.5487,0.0000,4883.0000,2067.0000,0.0000,33.0000,69.0000,32.0000,23.0000
2.9820,0.8470,0.4640,0.5400,0.2480,0.0000,0.0000,1.6710,1.0000,5.2700,4.1300,3.0950,0.0000,0.0000,0.0000,71.5584,0.0000,4884.0000,2067.0000,0.0000,33.0000,68.0000,32.0000,23.0000
2.7360,0.7620,0.4380,0.4390,0.2100,0.0000,0.0000,1.5360,1.0000,5.2700,4.1300,3.0950,0.0000,0.0000,0.0000,71.5592,0.0000,4884.0000,2067.0000,0.0000,33.0000,69.0000,32.0000,23.0000
2.9660,0.7000,0.4620,0.4690,0.2110,0.0000,0.0000,1.8040,1.0000,5.2700,4.1300,3.0950,0.0000,0.0000,0.0000,71.5599,0.0000,4884.0000,2067.0000,0.0000,33.0000,70.0000,32.0000,22.0000
3.0420,0.9170,0.5070,0.6570,0.2510,0.0000,0.0000,1.6180,1.0000,5.2700,4.1300,3.0950,0.0000,0.0000,0.0000,71.5702,0.0000,4885.0000,2067.0000,0.0000,33.0000,70.0000,32.0000,22.0000
3.1250,0.7240,0.6270,0.4170,0.2850,0.0000,0.0000,1.7740,1.0000,5.2700,4.1300,3.0950,0.0000,0.0000,0.0000,71.5900,0.0000,4887.0000,2067.0000,0.0000,33.0000,69.0000,32.0000,23.0000
2.8980,0.8280,0.4730,0.4710,0.2240,0.0000,0.0000,1.5970,1.0000,5.2700,4.1300,3.0950,0.0000,0.0000,0.0000,71.5894,0.0000,4887.0000,2067.0000,0.0000,33.0000,68.0000,32.0000,22.0000
3.0960,0.8350,0.5150,0.5360,0.2390,0.0000,0.0000,1.7460,1.0000,5.2700,4.1300,3.0950,0.0000,0.0000,0.0000,71.5895,0.0000,4887.0000,2067.0000,0.0000,33.0000,68.0000,32.0000,21.0000
3.2600,0.7020,0.4830,0.4390,0.2310,0.0000,0.0000,2.0750,1.0000,5.2700,4.1300,3.0950,0.0000,0.0000,0.0000,71.5888,0.0000,4887.0000,2067.0000,0.0000,33.0000,67.0000,32.0000,20.0000
3.2710,0.8780,0.5130,0.5660,0.2830,0.0000,0.0000,1.8800,1.0000,5.2700,4.1300,3.0950,0.0000,0.0000,0.0000,71.6094,0.0000,4889.0000,2067.0000,0.0000,33.0000,67.0000,32.0000,20.0000
2.9290,0.8660,0.5320,0.5240,0.2770,0.0000,0.0000,1.5310,1.0000,5.2700,4.1300,3.0950,0.0000,0.0000,0.0000,71.6087,0.0000,4889.0000,2067.0000,0.0000,33.0000,66.0000,32.0000,20.0000
3.3740,0.7630,0.5860,0.5210,0.3110,0.0000,0.0000,2.0250,1.0000,5.2700,4.1300,3.0950,0.0000,0.0000,0.0000,71.6191,0.0000,4890.0000,2067.0000,0.0000,33.0000,66.0000,32.0000,19.0000
3.1750,0.8530,0.5220,0.5780,0.2440,0.0000,0.0000,1.8000,1.0000,5.2700,4.1300,3.0950,0.0000,0.0000,0.0000,71.6198,0.0000,4890.0000,2067.0000,0.0000,33.0000,67.0000,32.0000,19.0000
3.1290,0.8580,0.5110,0.5520,0.2700,0.0000,0.0000,1.7600,1.0000,5.2700,4.1300,3.0950,0.0000,0.0000,0.0000,71.6404,0.0000,4892.0000,2067.0000,0.0000,33.0000,67.0000,32.0000,19.0000
2.9690,0.9140,0.5140,0.5480,0.2640,0.0000,0.0000,1.5410,1.0000,5.2700,4.1300,3.0950,0.0000,0.0000,0.0000,71.6499,0.0000,4893.0000,2067.0000,0.0000,33.0000,66.0000,32.0000,19.0000
2.7250,0.7090,0.4960,0.4220,0.2260,0.0000,0.0000,1.5200,1.0000,5.2700,4.1300,3.0950,0.0000,0.0000,0.0000,71.6500,0.0000,4893.0000,2067.0000,0.0000,33.0000,66.0000,32.0000,18.0000
3.3870,0.6870,0.5690,0.4320,0.2940,0.0000,0.0000,2.1310,1.0000,5.2700,4.1300,3.0950,0.0000,0.0000,0.0000,71.6718,0.0000,4895.0000,2067.0000,0.0000,33.0000,68.0000,32.0000,18.0000
3.3530,0.9170,0.5240,0.4680,0.2840,0.0000,0.0000,1.9120,1.0000,5.2700,4.1300,3.0950,0.0000,0.0000,0.0000,71.6828,0.0000,4896.0000,2067.0000,0.0000,33.0000,69.0000,32.0000,18.0000
3.1390,0.9490,0.5680,0.5030,0.3270,0.0000,0.0000,1.6220,1.0000,5.2700,4.1300,3.0950,0.0000,0.0000,0.0000,71.6925,0.0000,4897.0000,2067.0000,0.0000,33.0000,68.0000,32.0000,18.0000
2.9420,0.8490,0.5530,0.4490,0.3200,0.0000,0.0000,1.5400,1.0000,5.2700,4.1300,3.0950,0.0000,0.0000,0.0000,71.7028,0.0000,4898.0000,2067.0000,0.0000,33.0000,68.0000,32.0000,19.0000
2.9930,0.7840,0.5850,0.4550,0.3130,0.0000,0.0000,1.6240,1.0000,5.2700,4.1300,3.0950,0.0000,0.0000,0.0000,71.7138,0.0000,4899.0000,2067.0000,0.0000,33.0000,69.0000,32.0000,20.0000
3.2600,0.7880,0.5980,0.4460,0.3720,0.0000,0.0000,1.8740,1.0000,5.2700,4.1300,3.0950,0.0000,0.0000,0.0000,71.7139,0.0000,4899.0000,2067.0000,0.0000,33.0000,69.0000,32.0000,20.0000
6.3970,0.7280,0.6430,0.4390,0.3060,0.0000,0.0000,5.0260,1.0000,5.2700,4.1300,3.0950,0.0000,0.0000,0.0000,71.7440,0.0000,4902.0000,2067.0000,0.0000,33.0000,69.0000,32.0000,20.0000
3.0540,3.9100,0.4660,2.8590,0.2590,0.0000,0.0000,0.0000,1.0000,5.2700,4.1300,3.0950,0.0000,0.0000,0.0000,71.4155,0.0000,4870.0000,2067.0000,0.0000,33.0000,70.0000,32.0000,20.0000
2.9750,0.8440,0.5630,0.5590,0.3590,0.0000,0.0000,1.5680,1.0000,5.2700,4.1300,3.0950,0.0000,0.0000,0.0000,71.4455,0.0000,4873.0000,2067.0000,0.0000,33.0000,69.0000,32.0000,19.0000
2.7370,0.8460,0.4390,0.4940,0.2270,0.0000,0.0000,1.4520,1.0000,5.2700,4.1300,3.0950,0.0000,0.0000,0.0000,71.4458,0.0000,4873.0000,2067.0000,0.0000,33.0000,69.0000,32.0000,20.0000
2.7590,0.6940,0.4680,0.4740,0.2190,0.0000,0.0000,1.5970,1.0000,5.2700,4.1300,3.0950,0.0000,0.0000,0.0000,71.4461,0.0000,4873.0000,2067.0000,0.0000,33.0000,69.0000,32.0000,20.0000
2.6990,0.6590,0.4830,0.4130,0.2370,0.0000,0.0000,1.5570,1.0000,5.2700,4.1300,3.0950,0.0000,0.0000,0.0000,71.4461,0.0000,4873.0000,2067.0000,0.0000,33.0000,69.0000,32.0000,20.0000
2.9530,0.6960,0.4910,0.4870,0.2900,0.0000,0.0000,1.7660,1.0000,5.2700,4.1300,3.0950,0.0000,0.0000,0.0000,71.4657,0.0000,4875.0000,2067.0000,0.0000,33.0000,68.0000,32.0000,20.0000
2.7460,0.8270,0.3890,0.4740,0.1910,0.0000,0.0000,1.5300,1.0000,5.2700,4.1300,3.0950,0.0000,0.0000,0.0000,71.4658,0.0000,4875.0000,2067.0000,0.0000,33.0000,68.0000,32.0000,20.0000
2.7330,0.6730,0.4150,0.4500,0.2140,0.0000,0.0000,1.6450,1.0000,5.2700,4.1300,3.0950,0.0000,0.0000,0.0000,71.4659,0.0000,4875.0000,2067.0000,0.0000,33.0000,68.0000,32.0000,20.0000
2.7380,0.6610,0.4580,0.4270,0.2170,0.0000,0.0000,1.6190,1.0000,5.2700,4.1300,3.0950,0.0000,0.0000,0.0000,71.4659,0.0000,4875.0000,2067.0000,0.0000,33.0000,68.0000,32.0000,20.0000
2.9260,0.7040,0.5000,0.4450,0.2970,0.0000,0.0000,1.7220,1.0000,5.2700,4.1300,3.0950,0.0000,0.0000,0.0000,71.4965,0.0000,4878.0000,2067.0000,0.0000,33.0000,68.0000,32.0000,20.0000
2.7720,0.8100,0.4910,0.4180,0.2970,0.0000,0.0000,1.4710,1.0000,5.2700,4.1300,3.0950,0.0000,0.0000,0.0000,71.5075,0.0000,4879.0000,2067.0000,0.0000,33.0000,69.0000,32.0000,20.0000
2.7830,0.7180,0.5160,0.4670,0.3100,0.0000,0.0000,1.5490,1.0000,5.2700,4.1300,3.0950,0.0000,0.0000,0.0000,71.5279,0.0000,4881.0000,2067.0000,0.0000,33.0000,69.0000,32.0000,20.0000
2.6570,0.7470,0.3980,0.4530,0.1880,0.0000,0.0000,1.5120,1.0000,5.2700,4.1300,3.0950,0.0000,0.0000,0.0000,71.5274,0.0000,4881.0000,2067.0000,0.0000,33.0000,68.0000,32.0000,20.0000
2.9060,0.6870,0.5100,0.4420,0.2610,0.0000,0.0000,1.7090,1.0000,5.2700,4.1300,3.0950,0.0000,0.0000,0.0000,71.5377,0.0000,4882.0000,2067.0000,0.0000,33.0000,68.0000,32.0000,18.0000
2.8450,0.7180,0.5020,0.4090,0.2370,0.0000,0.0000,1.6250,1.0000,5.2700,4.1300,3.0950,0.0000,0.0000,0.0000,71.5377,0.0000,4882.0000,2067.0000,0.0000,33.0000,68.0000,32.0000,18.0000
2.8550,0.6830,0.4820,0.4590,0.2880,0.0000,0.0000,1.6900,1.0000,5.2700,4.1300,3.0950,0.0000,0.0000,0.0000,71.5481,0.0000,4883.0000,2067.0000,0.0000,33.0000,68.0000,32.0000,18.0000
2.9120,0.8000,0.4520,0.4670,0.2510,0.0000,0.0000,1.6600,1.0000,5.2700,4.1300,3.0950,0.0000,0.0000,0.0000,71.5583,0.0000,4884.0000,2067.0000,0.0000,33.0000,68.0000,32.0000,18.0000
2.8980,0.7240,0.4780,0.4540,0.2560,0.0000,0.0000,1.6960,1.0000,5.2700,4.1300,3.0950,0.0000,0.0000,0.0000,71.5789,0.0000,4886.0000,2067.0000,0.0000,33.0000,68.0000,32.0000,18.0000
2.9890,0.7700,0.5220,0.4620,0.3200,0.0000,0.0000,1.6970,1.0000,5.2700,4.1300,3.0950,0.0000,0.0000,0.0000,71.6198,0.0000,4890.0000,2067.0000,0.0000,33.0000,68.0000,32.0000,18.0000
2.7940,0.8510,0.3960,0.4620,0.1960,0.0000,0.0000,1.5470,1.0000,5.2700,4.1300,3.0950,0.0000,0.0000,0.0000,71.6200,0.0000,4890.0000,2067.0000,0.0000,33.0000,68.0000,32.0000,19.0000
2.9010,0.7210,0.4970,0.4760,0.2480,0.0000,0.0000,1.6830,1.0000,5.2700,4.1300,3.0950,0.0000,0.0000,0.0000,71.6298,0.0000,4891.0000,2067.0000,0.0000,33.0000,67.0000,32.0000,20.0000
2.8690,0.7220,0.4950,0.4380,0.2370,0.0000,0.0000,1.6520,1.0000,5.2700,4.1300,3.0950,0.0000,0.0000,0.0000,71.6298,0.0000,4891.0000,2067.0000,0.0000,33.0000,67.0000,32.0000,20.0000
3.0980,0.7330,0.5480,0.4420,0.2850,0.0000,0.0000,1.8170,1.0000,5.2700,4.1300,3.0950,0.0000,0.0000,0.0000,71.6604,0.0000,4894.0000,2067.0000,0.0000,33.0000,67.0000,32.0000,20.0000
3.0550,0.8210,0.5020,0.4050,0.2370,0.0000,0.0000,1.7320,1.0000,5.2700,4.1300,3.0950,0.0000,0.0000,0.0000,71.6601,0.0000,4895.0000,2067.0000,0.0000,33.0000,66.0000,32.0000,20.0000
3.1130,0.8210,0.5280,0.5150,0.2730,0.0000,0.0000,1.7640,1.0000,5.2700,4.1300,3.0950,0.0000,0.0000,0.0000,71.6705,0.0000,4896.0000,2067.0000,0.0000,33.0000,66.0000,32.0000,20.0000
3.0440,0.7430,0.5250,0.4390,0.2820,0.0000,0.0000,1.7760,1.0000,5.2700,4.1300,3.0950,0.0000,0.0000,0.0000,71.6808,0.0000,4897.0000,2067.0000,0.0000,33.0000,66.0000,32.0000,19.0000
2.7820,0.7570,0.4250,0.4500,0.2050,0.0000,0.0000,1.6000,1.0000,5.2700,4.1300,3.0950,0.0000,0.0000,0.0000,71.6808,0.0000,4897.0000,2067.0000,0.0000,33.0000,66.0000,32.0000,20.0000
2.7900,0.6980,0.4800,0.4430,0.2330,0.0000,0.0000,1.6120,1.0000,5.2700,4.1300,3.0950,0.0000,0.0000,0.0000,71.6809,0.0000,4897.0000,2067.0000,0.0000,33.0000,66.0000,32.0000,20.0000
2.9480,0.7090,0.5310,0.4340,0.3130,0.0000,0.0000,1.7080,1.0000,5.2700,4.1300,3.0950,0.0000,0.0000,0.0000,71.7007,0.0000,4899.0000,2067.0000,0.0000,33.0000,65.0000,32.0000,21.0000
2.9160,0.8130,0.5540,0.4360,0.3000,0.0000,0.0000,1.5490,1.0000,5.2700,4.1300,3.0950,0.0000,0.0000,0.0000,71.7110,0.0000,4900.0000,2067.0000,0.0000,33.0000,65.0000,32.0000,22.0000
2.9190,0.7560,0.4950,0.4860,0.2690,0.0000,0.0000,1.6680,1.0000,5.2700,4.1300,3.0950,0.0000,0.0000,0.0000,71.7111,0.0000,4900.0000,2067.0000,0.0000,33.0000,65.0000,32.0000,22.0000
2.7810,0.7940,0.4230,0.4940,0.2110,0.0000,0.0000,1.5640,1.0000,5.2700,4.1300,3.0950,0.0000,0.0000,0.0000,71.7119,0.0000,4900.0000,2067.0000,0.0000,33.0000,66.0000,32.0000,22.0000
3.2980,0.7320,0.4760,0.4780,0.2600,0.0000,0.0000,2.0900,1.0000,5.2700,4.1300,3.0950,0.0000,0.0000,0.0000,71.7326,0.0000,4902.0000,2067.0000,0.0000,33.0000,68.0000,32.0000,22.0000
3.0470,1.0480,0.5750,0.7160,0.2990,0.0000,0.0000,1.4240,1.0000,5.2700,4.1300,3.0950,0.0000,0.0000,0.0000,71.3828,0.0000,4868.0000,2067.0000,0.0000,33.0000,68.0000,32.0000,22.0000
2.8320,0.7800,0.5130,0.4910,0.2980,0.0000,0.0000,1.5390,1.0000,5.2700,4.1300,3.0950,0.0000,0.0000,0.0000,71.3939,0.0000,4869.0000,2067.0000,0.0000,33.0000,69.0000,32.0000,22.0000
2.8300,0.7990,0.4180,0.4760,0.2090,0.0000,0.0000,1.6130,1.0000,5.2700,4.1300,3.0950,0.0000,0.0000,0.0000,71.3948,0.0000,4869.0000,2067.0000,0.0000,33.0000,70.0000,32.0000,23.0000
2.6820,0.8090,0.4060,0.5920,0.2040,0.0000,0.0000,1.4670,1.0000,5.2700,4.1300,3.0950,0.0000,0.0000,0.0000,71.3948,0.0000,4869.0000,2067.0000,0.0000,33.0000,70.0000,32.0000,23.0000
2.9750,0.6630,0.5310,0.4230,0.2820,0.0000,0.0000,1.7810,1.0000,5.2700,4.1300,3.0950,0.0000,0.0000,0.0000,71.4254,0.0000,4872.0000,2067.0000,0.0000,33.0000,70.0000,32.0000,22.0000
2.8780,0.7820,0.5260,0.4150,0.2800,0.0000,0.0000,1.5700,1.0000,5.2700,4.1300,3.0950,0.0000,0.0000,0.0000,71.4474,0.0000,4874.0000,2067.0000,0.0000,33.0000,70.0000,32.0000,21.0000
2.9650,0.7770,0.5380,0.4150,0.2870,0.0000,0.0000,1.6500,1.0000,5.2700,4.1300,3.0950,0.0000,0.0000,0.0000,71.4778,0.0000,4877.0000,2067.0000,0.0000,33.0000,69.0000,32.0000,21.0000
3.2940,0.8070,0.5870,0.4300,0.2760,0.0000,0.0000,1.9000,1.0000,5.2700,4.1300,3.0950,0.0000,0.0000,0.0000,71.5099,0.0000,4880.0000,2067.0000,0.0000,33.0000,69.0000,32.0000,21.0000
2.8690,0.8670,0.4550,0.4360,0.2160,0.0000,0.0000,1.5470,1.0000,5.2700,4.1300,3.0950,0.0000,0.0000,0.0000,71.5102,0.0000,4880.0000,2067.0000,0.0000,33.0000,69.0000,32.0000,21.0000
2.7550,0.6690,0.4860,0.4220,0.2360,0.0000,0.0000,1.6000,1.0000,5.2700,4.1300,3.0950,0.0000,0.0000,0.0000,71.5103,0.0000,4880.0000,2067.0000,0.0000,33.0000,69.0000,32.0000,20.0000
2.8510,0.7170,0.5420,0.4440,0.3310,0.0000,0.0000,1.5920,1.0000,5.2700,4.1300,3.0950,0.0000,0.0000,0.0000,71.5315,0.0000,4882.0000,2067.0000,0.0000,33.0000,70.0000,32.0000,20.0000
2.9120,0.7940,0.5550,0.4370,0.2970,0.0000,0.0000,1.5630,1.0000,5.2700,4.1300,3.0950,0.0000,0.0000,0.0000,71.5418,0.0000,4883.0000,2067.0000,0.0000,33.0000,70.0000,32.0000,20.0000
2.8250,0.7590,0.4330,0.4930,0.2330,0.0000,0.0000,1.6330,1.0000,5.2700,4.1300,3.0950,0.0000,0.0000,0.0000,71.5515,0.0000,4884.0000,2067.0000,0.0000,33.0000,69.0000,32.0000,20.0000
2.7750,0.8190,0.4580,0.4910,0.2430,0.0000,0.0000,1.4980,1.0000,5.2700,4.1300,3.0950,0.0000,0.0000,0.0000,71.5619,0.0000,4885.0000,2067.0000,0.0000,33.0000,69.0000,32.0000,20.0000
2.8880,0.7520,0.5170,0.4780,0.2830,0.0000,0.0000,1.6190,1.0000,5.2700,4.1300,3.0950,0.0000,0.0000,0.0000,71.5919,0.0000,4888.0000,2067.0000,0.0000,33.0000,68.0000,32.0000,20.0000
2.8900,0.7920,0.4740,0.4250,0.2260,0.0000,0.0000,1.6240,1.0000,5.2700,4.1300,3.0950,0.0000,0.0000,0.0000,71.5913,0.0000,4888.0000,2067.0000,0.0000,33.0000,67.0000,32.0000,20.0000
2.9150,0.7190,0.4760,0.4430,0.2240,0.0000,0.0000,1.7200,1.0000,5.2700,4.1300,3.0950,0.0000,0.0000,0.0000,71.5915,0.0000,4888.0000,2067.0000,0.0000,33.0000,67.0000,32.0000,20.0000
2.9350,0.7540,0.5250,0.4710,0.2450,0.0000,0.0000,1.6560,1.0000,5.2700,4.1300,3.0950,0.0000,0.0000,0.0000,71.5915,0.0000,4888.0000,2067.0000,0.0000,33.0000,67.0000,32.0000,20.0000
3.0290,0.7660,0.5650,0.5160,0.3370,0.0000,0.0000,1.6980,1.0000,5.2700,4.1300,3.0950,0.0000,0.0000,0.0000,71.6120,0.0000,4890.0000,2067.0000,0.0000,33.0000,67.0000,32.0000,20.0000
2.8970,0.8440,0.5250,0.4660,0.3120,0.0000,0.0000,1.5280,1.0000,5.2700,4.1300,3.0950,0.0000,0.0000,0.0000,71.6348,0.0000,4892.0000,2067.0000,0.0000,33.0000,67.0000,32.0000,20.0000
2.7120,0.7910,0.4850,0.4380,0.2660,0.0000,0.0000,1.4360,1.0000,5.2700,4.1300,3.0950,0.0000,0.0000,0.0000,71.6325,0.0000,4892.0000,2067.0000,0.0000,33.0000,67.0000,32.0000,19.0000
2.7080,0.7520,0.4480,0.5030,0.2350,0.0000,0.0000,1.5080,1.0000,5.2700,4.1300,3.0950,0.0000,0.0000,0.0000,71.6333,0.0000,4892.0000,2067.0000,0.0000,33.0000,68.0000,32.0000,19.0000
5.2980,0.6550,0.4960,0.4210,0.2600,0.0000,0.0000,4.1470,1.0000,5.2700,4.1300,3.0950,0.0000,0.0000,0.0000,71.6435,0.0000,4893.0000,2067.0000,0.0000,33.0000,68.0000,32.0000,20.0000
3.9860,0.7190,0.7510,0.4200,0.4190,0.0000,0.0000,2.5160,1.0000,5.2700,4.1300,3.0950,0.0000,0.0000,0.0000,71.6538,0.0000,4894.0000,2067.0000,0.0000,33.0000,68.0000,32.0000,21.0000
3.2770,0.9560,0.5520,0.5980,0.3020,0.0000,0.0000,1.7690,1.0000,5.2700,4.1300,3.0950,0.0000,0.0000,0.0000,71.6845,0.0000,4897.0000,2067.0000,0.0000,33.0000,68.0000,32.0000,22.0000
2.8800,0.8620,0.5360,0.4900,0.2620,0.0000,0.0000,1.4820,1.0000,5.2700,4.1300,3.0950,0.0000,0.0000,0.0000,71.6846,0.0000,4897.0000,2067.0000,0.0000,33.0000,68.0000,32.0000,21.0000
3.1840,0.7300,0.5860,0.4820,0.3090,0.0000,0.0000,1.8680,1.0000,5.2700,4.1300,3.0950,0.0000,0.0000,0.0000,71.6840,0.0000,4897.0000,2067.0000,0.0000,33.0000,67.0000,32.0000,21.0000
3.2030,0.8890,0.5690,0.5230,0.3260,0.0000,0.0000,1.7450,1.0000,5.2700,4.1300,3.0950,0.0000,0.0000,0.0000,71.6950,0.0000,4898.0000,2067.0000,0.0000,33.0000,68.0000,32.0000,21.0000
3.1770,0.7910,0.5820,0.4530,0.2830,0.0000,0.0000,1.8040,1.0000,5.2700,4.1300,3.0950,0.0000,0.0000,0.0000,71.7047,0.0000,4899.0000,2067.0000,0.0000,33.0000,67.0000,32.0000,21.0000
3.8550,0.8320,0.5390,0.4840,0.2980,0.0000,0.0000,2.4840,1.0000,5.2700,4.1300,3.0950,0.0000,0.0000,0.0000,71.7150,0.0000,4900.0000,2067.0000,0.0000,33.0000,67.0000,32.0000,21.0000
3.4470,0.7160,0.5950,0.4220,0.2690,0.0000,0.0000,2.1360,1.0000,5.2700,4.1300,3.0950,0.0000,0.0000,0.0000,71.7247,0.0000,4901.0000,2067.0000,0.0000,33.0000,67.0000,32.0000,20.0000
3.3790,0.8560,0.5790,0.5540,0.3540,0.0000,0.0000,1.9440,1.0000,5.2700,4.1300,3.0950,0.0000,0.0000,0.0000,71.4150,0.0000,4871.0000,2067.0000,0.0000,33.0000,68.0000,32.0000,20.0000
4.2390,0.8370,0.5770,0.4380,0.2840,0.0000,0.0000,2.8250,1.0000,5.2700,4.1300,3.0950,0.0000,0.0000,0.0000,71.4556,0.0000,4875.0000,2067.0000,0.0000,33.0000,68.0000,32.0000,20.0000
3.2560,0.9560,0.5200,0.5360,0.2750,0.0000,0.0000,1.7800,1.0000,5.2700,4.1300,3.0950,0.0000,0.0000,0.0000,71.4765,0.0000,4878.0000,2067.0000,0.0000,33.0000,68.0000,32.0000,20.0000
3.3340,0.7570,0.4880,0.4290,0.2660,0.0000,0.0000,2.0890,1.0000,5.2700,4.1300,3.0950,0.0000,0.0000,0.0000,71.4977,0.0000,4880.0000,2067.0000,0.0000,33.0000,69.0000,32.0000,21.0000
3.1620,0.8730,0.6360,0.4820,0.2550,0.0000,0.0000,1.6530,1.0000,5.2700,4.1300,3.0950,0.0000,0.0000,0.0000,71.4980,0.0000,4880.0000,2067.0000,0.0000,33.0000,69.0000,32.0000,21.0000
3.5250,0.7280,0.5410,0.4440,0.3190,0.0000,0.0000,2.2560,1.0000,5.2700,4.1300,3.0950,0.0000,0.0000,0.0000,71.5287,0.0000,4883.0000,2067.0000,0.0000,33.0000,69.0000,32.0000,21.0000
2.9240,0.8230,0.4890,0.4320,0.2560,0.0000,0.0000,1.6120,1.0000,5.2700,4.1300,3.0950,0.0000,0.0000,0.0000,71.5493,0.0000,4885.0000,2067.0000,0.0000,33.0000,69.0000,32.0000,20.0000
2.9340,0.7510,0.4370,0.4210,0.2130,0.0000,0.0000,1.7460,1.0000,5.2700,4.1300,3.0950,0.0000,0.0000,0.0000,71.5488,0.0000,4885.0000,2067.0000,0.0000,33.0000,68.0000,32.0000,20.0000
2.8100,0.6990,0.4350,0.4570,0.2100,0.0000,0.0000,1.6760,1.0000,5.2700,4.1300,3.0950,0.0000,0.0000,0.0000,71.5489,0.0000,4885.0000,2067.0000,0.0000,33.0000,68.0000,32.0000,19.0000
2.9380,0.6930,0.5050,0.4280,0.2630,0.0000,0.0000,1.7400,1.0000,5.2700,4.1300,3.0950,0.0000,0.0000,0.0000,71.5598,0.0000,4886.0000,2067.0000,0.0000,33.0000,69.0000,32.0000,20.0000
2.8910,0.7320,0.5040,0.4280,0.2630,0.0000,0.0000,1.6550,1.0000,5.2700,4.1300,3.0950,0.0000,0.0000,0.0000,71.5694,0.0000,4887.0000,2067.0000,0.0000,33.0000,68.0000,32.0000,20.0000
3.0930,0.7360,0.5220,0.4310,0.3120,0.0000,0.0000,1.8350,1.0000,5.2700,4.1300,3.0950,0.0000,0.0000,0.0000,71.6103,0.0000,4891.0000,2067.0000,0.0000,33.0000,68.0000,32.0000,21.0000
2.8130,0.8510,0.4660,0.4310,0.2260,0.0000,0.0000,1.4960,1.0000,5.2700,4.1300,3.0950,0.0000,0.0000,0.0000,71.6111,0.0000,4891.0000,2067.0000,0.0000,33.0000,69.0000,32.0000,20.0000
2.8690,0.7210,0.4680,0.5000,0.2600,0.0000,0.0000,1.6800,1.0000,5.2700,4.1300,3.0950,0.0000,0.0000,0.0000,71.6113,0.0000,4891.0000,2067.0000,0.0000,33.0000,69.0000,32.0000,20.0000
2.9450,0.8340,0.5380,0.6120,0.2880,0.0000,0.0000,1.5730,1.0000,5.2700,4.1300,3.0950,0.0000,0.0000,0.0000,71.6202,0.0000,4892.0000,2067.0000,0.0000,33.0000,67.0000,32.0000,20.0000
2.8370,0.7590,0.4170,0.4700,0.2100,0.0000,0.0000,1.6610,1.0000,5.2700,4.1300,3.0950,0.0000,0.0000,0.0000,71.6202,0.0000,4892.0000,2067.0000,0.0000,33.0000,67.0000,32.0000,22.0000
2.9440,0.7430,0.4550,0.5220,0.2450,0.0000,0.0000,1.7460,1.0000,5.2700,4.1300,3.0950,0.0000,0.0000,0.0000,71.6305,0.0000,4893.0000,2067.0000,0.0000,33.0000,67.0000,32.0000,22.0000
2.7750,0.7020,0.4300,0.4180,0.2080,0.0000,0.0000,1.6430,1.0000,5.2700,4.1300,3.0950,0.0000,0.0000,0.0000,71.6312,0.0000,4893.0000,2067.0000,0.0000,33.0000,68.0000,32.0000,22.0000
3.1570,0.6580,0.4750,0.4150,0.2600,0.0000,0.0000,2.0240,1.0000,5.2700,4.1300,3.0950,0.0000,0.0000,0.0000,71.6409,0.0000,4894.0000,2067.0000,0.0000,33.0000,67.0000,32.0000,22.0000
2.8460,0.7010,0.4500,0.4120,0.2160,0.0000,0.0000,1.6950,1.0000,5.2700,4.1300,3.0950,0.0000,0.0000,0.0000,71.6422,0.0000,4894.0000,2067.0000,0.0000,33.0000,69.0000,32.0000,22.0000
2.8220,0.7220,0.4720,0.4790,0.2600,0.0000,0.0000,1.6280,1.0000,5.2700,4.1300,3.0950,0.0000,0.0000,0.0000,71.6526,0.0000,4895.0000,2067.0000,0.0000,33.0000,69.0000,32.0000,22.0000
2.9250,0.7230,0.5200,0.4160,0.2780,0.0000,0.0000,1.6820,1.0000,5.2700,4.1300,3.0950,0.0000,0.0000,0.0000,71.6831,0.0000,4898.0000,2067.0000,0.0000,33.0000,69.0000,32.0000,22.0000
2.8310,0.8050,0.4910,0.4180,0.2850,0.0000,0.0000,1.5350,1.0000,5.2700,4.1300,3.0950,0.0000,0.0000,0.0000,71.6928,0.0000,4899.0000,2067.0000,0.0000,33.0000,68.0000,32.0000,22.0000
2.6890,0.7300,0.4610,0.4240,0.2510,0.0000,0.0000,1.4980,1.0000,5.2700,4.1300,3.0950,0.0000,0.0000,0.0000,71.6930,0.0000,4899.0000,2067.0000,0.0000,33.0000,68.0000,32.0000,22.0000
2.7180,0.6790,0.4550,0.4560,0.2450,0.0000,0.0000,1.5840,1.0000,5.2700,4.1300,3.0950,0.0000,0.0000,0.0000,71.7136,0.0000,4901.0000,2067.0000,0.0000,33.0000,68.0000,32.0000,22.0000
2.6500,0.7220,0.4260,0.4020,0.2170,0.0000,0.0000,1.5020,1.0000,5.2700,4.1300,3.0950,0.0000,0.0000,0.0000,71.7129,0.0000,4901.0000,2067.0000,0.0000,33.0000,67.0000,32.0000,19.0000
2.7970,0.6840,0.4900,0.4220,0.2850,0.0000,0.0000,1.6230,1.0000,5.2700,4.1300,3.0950,0.0000,0.0000,0.0000,71.7239,0.0000,4902.0000,2067.0000,0.0000,33.0000,68.0000,32.0000,19.0000
2.7470,0.7280,0.4470,0.4680,0.2400,0.0000,0.0000,1.5720,1.0000,5.2700,4.1300,3.0950,0.0000,0.0000,0.0000,71.7335,0.0000,4903.0000,2067.0000,0.0000,33.0000,67.0000,32.0000,18.0000
2.8020,0.7180,0.4580,0.4550,0.2400,0.0000,0.0000,1.6260,1.0000,5.2700,4.1300,3.0950,0.0000,0.0000,0.0000,71.7438,0.0000,4904.0000,2067.0000,0.0000,33.0000,67.0000,32.0000,19.0000
2.8020,0.7020,0.4520,0.4180,0.2540,0.0000,0.0000,1.6480,1.0000,5.2700,4.1300,3.0950,0.0000,0.0000,0.0000,71.7549,0.0000,4905.0000,2067.0000,0.0000,33.0000,68.0000,32.0000,19.0000
2.5800,0.7300,0.4620,0.4100,0.2200,0.0000,0.0000,1.3880,1.0000,5.2700,4.1300,3.0950,0.0000,0.0000,0.0000,71.7550,0.0000,4905.0000,2067.0000,0.0000,33.0000,68.0000,32.0000,18.0000
2.8960,0.7050,0.5440,0.4810,0.3350,0.0000,0.0000,1.6470,1.0000,5.2700,4.1300,3.0950,0.0000,0.0000,0.0000,71.7849,0.0000,4908.0000,2067.0000,0.0000,33.0000,68.0000,32.0000,18.0000
2.6920,0.8180,0.4270,0.4670,0.2060,0.0000,0.0000,1.4470,1.0000,5.2700,4.1300,3.0950,0.0000,0.0000,0.0000,71.7853,0.0000,4908.0000,2067.0000,0.0000,33.0000,69.0000,32.0000,18.0000
2.9470,0.7040,0.5040,0.4690,0.2740,0.0000,0.0000,1.7390,1.0000,5.2700,4.1300,3.0950,0.0000,0.0000,0.0000,71.4361,0.0000,4874.0000,2067.0000,0.0000,33.0000,69.0000,32.0000,18.0000
2.5710,0.8370,0.4610,0.4030,0.2180,0.0000,0.0000,1.2730,1.0000,5.2700,4.1300,3.0950,0.0000,0.0000,0.0000,71.4361,0.0000,4874.0000,2067.0000,0.0000,33.0000,69.0000,32.0000,18.0000
2.6170,0.6730,0.3980,0.4640,0.1990,0.0000,0.0000,1.5460,1.0000,5.2700,4.1300,3.0950,0.0000,0.0000,0.0000,71.4356,0.0000,4874.0000,2067.0000,0.0000,33.0000,68.0000,32.0000,18.0000
2.7030,0.7390,0.4380,0.5250,0.2270,0.0000,0.0000,1.5260,1.0000,5.2700,4.1300,3.0950,0.0000,0.0000,0.0000,71.4465,0.0000,4875.0000,2067.0000,0.0000,33.0000,69.0000,32.0000,18.0000
3.5320,0.7000,0.5230,0.4070,0.2530,0.0000,0.0000,2.3090,1.0000,5.2700,4.1300,3.0950,0.0000,0.0000,0.0000,71.4630,0.0000,4877.0000,2067.0000,0.0000,33.0000,70.0000,32.0000,18.0000
5.1770,0.9210,0.5080,0.6310,0.3070,0.0000,0.0000,3.7480,1.0000,5.2700,4.1300,3.0950,0.0000,0.0000,0.0000,71.4741,0.0000,4878.0000,2067.0000,0.0000,33.0000,72.0000,32.0000,19.0000
3.8390,0.8630,0.7590,0.5820,0.5080,0.0000,0.0000,2.2170,1.0000,5.2700,4.1300,3.0950,0.0000,0.0000,0.0000,71.5187,0.0000,4886.0000,2067.0000,0.0000,33.0000,70.0000,32.0000,19.0000
3.3040,1.1000,0.5400,0.5930,0.2880,0.0000,0.0000,1.6640,1.0000,5.2700,4.1300,3.0950,0.0000,0.0000,0.0000,71.5189,0.0000,4886.0000,2067.0000,0.0000,33.0000,70.0000,32.0000,19.0000
3.3470,0.9350,0.5870,0.6380,0.2940,0.0000,0.0000,1.8250,1.0000,5.2700,4.1300,3.0950,0.0000,0.0000,0.0000,71.5198,0.0000,4886.0000,2067.0000,0.0000,33.0000,71.0000,32.0000,19.0000
3.4260,0.8650,0.5300,0.5200,0.2630,0.0000,0.0000,2.0310,1.0000,5.2700,4.1300,3.0950,0.0000,0.0000,0.0000,71.5191,0.0000,4886.0000,2067.0000,0.0000,33.0000,70.0000,32.0000,20.0000
3.8000,0.9700,0.6560,0.6770,0.3660,0.0000,0.0000,2.1740,1.0000,5.2700,4.1300,3.0950,0.0000,0.0000,0.0000,71.5294,0.0000,4887.0000,2067.0000,0.0000,33.0000,70.0000,32.0000,20.0000
4.3050,0.9950,0.8550,0.6050,0.5080,0.0000,0.0000,2.4550,1.0000,5.2700,4.1300,3.0950,0.0000,0.0000,0.0000,71.5497,0.0000,4889.0000,2067.0000,0.0000,33.0000,70.0000,32.0000,20.0000
4.5980,1.1470,0.7640,0.6750,0.4480,0.0000,0.0000,2.6870,1.0000,5.2700,4.1300,3.0950,0.0000,0.0000,0.0000,71.5697,0.0000,4891.0000,2067.0000,0.0000,33.0000,69.0000,32.0000,19.0000
4.0110,1.4370,0.6730,0.9090,0.3870,0.0000,0.0000,1.9010,1.0000,5.2700,4.1300,3.0950,0.0000,0.0000,0.0000,71.5712,0.0000,4891.0000,2067.0000,0.0000,33.0000,71.0000,32.0000,19.0000
3.7730,1.0810,0.6470,0.7350,0.3930,0.0000,0.0000,2.0450,1.0000,5.2700,4.1300,3.0950,0.0000,0.0000,0.0000,71.5829,0.0000,4892.0000,2067.0000,0.0000,33.0000,73.0000,32.0000,19.0000
4.3030,0.9710,0.8880,0.6110,0.5480,0.0000,0.0000,2.4440,1.0000,5.2700,4.1300,3.0950,0.0000,0.0000,0.0000,71.5822,0.0000,4892.0000,2067.0000,0.0000,33.0000,72.0000,32.0000,19.0000
4.3030,1.0210,0.7820,0.6320,0.4980,0.0000,0.0000,2.5000,1.0000,5.2700,4.1300,3.0950,0.0000,0.0000,0.0000,71.5918,0.0000,4893.0000,2067.0000,0.0000,33.0000,71.0000,32.0000,18.0000
3.8140,1.4710,0.7250,1.0780,0.4030,0.0000,0.0000,1.6180,1.0000,5.2700,4.1300,3.0950,0.0000,0.0000,0.0000,71.6015,0.0000,4894.0000,2067.0000,0.0000,33.0000,70.0000,32.0000,18.0000
3.6310,1.0760,0.6800,0.6470,0.4290,0.0000,0.0000,1.8750,1.0000,5.2700,4.1300,3.0950,0.0000,0.0000,0.0000,71.6126,0.0000,4895.0000,2067.0000,0.0000,33.0000,71.0000,32.0000,18.0000
3.7700,0.9770,0.5940,0.5810,0.3090,0.0000,0.0000,2.1990,1.0000,5.2700,4.1300,3.0950,0.0000,0.0000,0.0000,71.6113,0.0000,4895.0000,2067.0000,0.0000,33.0000,69.0000,32.0000,18.0000
3.5110,0.9910,0.5990,0.6510,0.3080,0.0000,0.0000,1.9210,1.0000,5.2700,4.1300,3.0950,0.0000,0.0000,0.0000,71.6113,0.0000,4895.0000,2067.0000,0.0000,33.0000,69.0000,32.0000,18.0000
3.6190,0.9360,0.5500,0.6080,0.2870,0.0000,0.0000,2.1330,1.0000,5.2700,4.1300,3.0950,0.0000,0.0000,0.0000,71.6113,0.0000,4895.0000,2067.0000,0.0000,33.0000,69.0000,32.0000,17.0000
3.6880,1.0640,0.7080,0.7080,0.3980,0.0000,0.0000,1.9160,1.0000,5.2700,4.1300,3.0950,0.0000,0.0000,0.0000,71.6216,0.0000,4896.0000,2067.0000,0.0000,33.0000,69.0000,32.0000,17.0000
3.7960,1.0190,0.6700,0.6870,0.4170,0.0000,0.0000,2.1070,1.0000,5.2700,4.1300,3.0950,0.0000,0.0000,0.0000,71.6521,0.0000,4899.0000,2067.0000,0.0000,33.0000,69.0000,32.0000,17.0000
3.4600,1.1400,0.5460,0.6550,0.3070,0.0000,0.0000,1.7740,1.0000,5.2700,4.1300,3.0950,0.0000,0.0000,0.0000,71.6624,0.0000,4900.0000,2067.0000,0.0000,33.0000,69.0000,32.0000,16.0000
3.8890,0.9260,0.5800,0.5350,0.2940,0.0000,0.0000,2.3830,1.0000,5.2700,4.1300,3.0950,0.0000,0.0000,0.0000,71.6610,0.0000,4900.0000,2067.0000,0.0000,33.0000,68.0000,32.0000,18.0000
3.6870,1.0370,0.6160,0.6820,0.3000,0.0000,0.0000,2.0340,1.0000,5.2700,4.1300,3.0950,0.0000,0.0000,0.0000,71.3815,0.0000,4873.0000,2067.0000,0.0000,33.0000,68.0000,32.0000,18.0000
4.3110,0.8530,0.8300,0.5340,0.5360,0.0000,0.0000,2.6280,1.0000,5.2700,4.1300,3.0950,0.0000,0.0000,0.0000,71.4002,0.0000,4871.0000,2067.0000,0.0000,33.0000,69.0000,32.0000,18.0000
3.9330,1.0620,0.6810,0.6300,0.3520,0.0000,0.0000,2.1900,1.0000,5.2700,4.1300,3.0950,0.0000,0.0000,0.0000,71.3988,0.0000,4871.0000,2067.0000,0.0000,33.0000,67.0000,32.0000,18.0000
4.0980,0.9750,0.7330,0.6310,0.3760,0.0000,0.0000,2.3900,1.0000,5.2700,4.1300,3.0950,0.0000,0.0000,0.0000,71.4085,0.0000,4872.0000,2067.0000,0.0000,33.0000,66.0000,32.0000,20.0000
3.7780,1.0000,0.6850,0.6260,0.3460,0.0000,0.0000,2.0930,1.0000,5.2700,4.1300,3.0950,0.0000,0.0000,0.0000,71.4092,0.0000,4872.0000,2067.0000,0.0000,33.0000,67.0000,32.0000,20.0000
3.6980,0.9740,0.5920,0.6410,0.3350,0.0000,0.0000,2.1320,1.0000,5.2700,4.1300,3.0950,0.0000,0.0000,0.0000,71.4099,0.0000,4872.0000,2067.0000,0.0000,33.0000,68.0000,32.0000,23.0000
3.5760,1.0450,0.5650,0.7280,0.3130,0.0000,0.0000,1.9660,1.0000,5.2700,4.1300,3.0950,0.0000,0.0000,0.0000,71.4209,0.0000,4873.0000,2067.0000,0.0000,33.0000,69.0000,32.0000,23.0000
3.6450,0.9470,0.6470,0.6290,0.3700,0.0000,0.0000,2.0510,1.0000,5.2700,4.1300,3.0950,0.0000,0.0000,0.0000,71.4392,0.0000,4874.0000,2067.0000,0.0000,33.0000,68.0000,32.0000,21.0000
3.5920,0.9960,0.7090,0.5990,0.3930,0.0000,0.0000,1.8870,1.0000,5.2700,4.1300,3.0950,0.0000,0.0000,0.0000,71.4505,0.0000,4875.0000,2067.0000,0.0000,33.0000,69.0000,32.0000,21.0000
3.6610,0.9040,0.5810,0.5450,0.3260,0.0000,0.0000,2.1760,1.0000,5.2700,4.1300,3.0950,0.0000,0.0000,0.0000,71.4688,0.0000,4877.0000,2067.0000,0.0000,33.0000,66.0000,32.0000,22.0000
3.3860,0.9400,0.5470,0.5650,0.3090,0.0000,0.0000,1.8990,1.0000,5.2700,4.1300,3.0950,0.0000,0.0000,0.0000,71.4785,0.0000,4878.0000,2067.0000,0.0000,33.0000,65.0000,32.0000,22.0000
4.3200,0.8530,0.6430,0.4680,0.3590,0.0000,0.0000,2.8240,1.0000,5.2700,4.1300,3.0950,0.0000,0.0000,0.0000,71.4999,0.0000,4880.0000,2067.0000,0.0000,33.0000,66.0000,32.0000,22.0000
3.8720,1.1470,0.6790,0.6190,0.4020,0.0000,0.0000,2.0460,1.0000,5.2700,4.1300,3.0950,0.0000,0.0000,0.0000,71.5007,0.0000,4880.0000,2067.0000,0.0000,33.0000,67.0000,32.0000,21.0000
3.9660,0.9700,0.6940,0.5940,0.4070,0.0000,0.0000,2.3020,1.0000,5.2700,4.1300,3.0950,0.0000,0.0000,0.0000,71.5104,0.0000,4881.0000,2067.0000,0.0000,33.0000,66.0000,32.0000,20.0000
3.0530,1.0860,0.5450,0.6120,0.2930,0.0000,0.0000,1.4220,1.0000,5.2700,4.1300,3.0950,0.0000,0.0000,0.0000,71.5323,0.0000,4883.0000,2067.0000,0.0000,33.0000,68.0000,32.0000,20.0000
2.9950,0.8500,0.5040,0.5340,0.2840,0.0000,0.0000,1.6410,1.0000,5.2700,4.1300,3.0950,0.0000,0.0000,0.0000,71.5508,0.0000,4885.0000,2067.0000,0.0000,33.0000,65.0000,32.0000,20.0000
2.9860,0.7960,0.5060,0.4810,0.2860,0.0000,0.0000,1.6840,1.0000,5.2700,4.1300,3.0950,0.0000,0.0000,0.0000,71.5719,0.0000,4887.0000,2067.0000,0.0000,33.0000,66.0000,32.0000,21.0000
2.8330,0.7860,0.5050,0.4760,0.2770,0.0000,0.0000,1.5420,1.0000,5.2700,4.1300,3.0950,0.0000,0.0000,0.0000,71.5728,0.0000,4887.0000,2067.0000,0.0000,33.0000,67.0000,32.0000,22.0000
2.7520,0.6630,0.4550,0.4200,0.2210,0.0000,0.0000,1.6340,1.0000,5.2700,4.1300,3.0950,0.0000,0.0000,0.0000,71.5736,0.0000,4887.0000,2067.0000,0.0000,33.0000,68.0000,32.0000,21.0000
2.9190,0.6640,0.4820,0.4360,0.2350,0.0000,0.0000,1.7730,1.0000,5.2700,4.1300,3.0950,0.0000,0.0000,0.0000,71.5729,0.0000,4887.0000,2067.0000,0.0000,33.0000,67.0000,32.0000,22.0000
3.0240,0.7010,0.5360,0.4820,0.2850,0.0000,0.0000,1.7870,1.0000,5.2700,4.1300,3.0950,0.0000,0.0000,0.0000,71.5962,0.0000,4889.0000,2067.0000,0.0000,33.0000,69.0000,32.0000,20.0000
2.8030,0.7880,0.5090,0.4290,0.2370,0.0000,0.0000,1.5060,1.0000,5.2700,4.1300,3.0950,0.0000,0.0000,0.0000,71.5948,0.0000,4889.0000,2067.0000,0.0000,33.0000,67.0000,32.0000,20.0000
2.7810,0.6840,0.4830,0.4290,0.2780,0.0000,0.0000,1.6140,1.0000,5.2700,4.1300,3.0950,0.0000,0.0000,0.0000,71.5949,0.0000,4889.0000,2067.0000,0.0000,33.0000,67.0000,32.0000,20.0000
2.6800,0.6820,0.4250,0.4620,0.2160,0.0000,0.0000,1.5730,1.0000,5.2700,4.1300,3.0950,0.0000,0.0000,0.0000,71.5980,0.0000,4890.0000,2067.0000,0.0000,33.0000,71.0000,32.0000,21.0000
2.8780,0.6730,0.4780,0.4330,0.2550,0.0000,0.0000,1.7270,1.0000,5.2700,4.1300,3.0950,0.0000,0.0000,0.0000,71.6085,0.0000,4891.0000,2067.0000,0.0000,33.0000,71.0000,32.0000,21.0000
2.7380,0.7070,0.4720,0.4110,0.2330,0.0000,0.0000,1.5590,1.0000,5.2700,4.1300,3.0950,0.0000,0.0000,0.0000,71.6071,0.0000,4891.0000,2067.0000,0.0000,33.0000,69.0000,32.0000,21.0000
3.0280,0.6830,0.5320,0.4220,0.3230,0.0000,0.0000,1.8130,1.0000,5.2700,4.1300,3.0950,0.0000,0.0000,0.0000,71.6390,0.0000,4894.0000,2067.0000,0.0000,33.0000,71.0000,32.0000,21.0000
2.7560,0.8210,0.4980,0.4420,0.2480,0.0000,0.0000,1.4370,1.0000,5.2700,4.1300,3.0950,0.0000,0.0000,0.0000,71.6390,0.0000,4894.0000,2067.0000,0.0000,33.0000,71.0000,32.0000,20.0000
2.7140,0.7450,0.4260,0.5010,0.2140,0.0000,0.0000,1.5430,1.0000,5.2700,4.1300,3.0950,0.0000,0.0000,0.0000,71.6384,0.0000,4894.0000,2067.0000,0.0000,33.0000,71.0000,32.0000,20.0000
2.8720,0.7690,0.4820,0.5390,0.2600,0.0000,0.0000,1.6210,1.0000,5.2700,4.1300,3.0950,0.0000,0.0000,0.0000,71.3490,0.0000,4866.0000,2067.0000,0.0000,33.0000,70.0000,32.0000,20.0000
2.7830,0.7140,0.4680,0.4060,0.2590,0.0000,0.0000,1.6010,1.0000,5.2700,4.1300,3.0950,0.0000,0.0000,0.0000,71.3592,0.0000,4867.0000,2067.0000,0.0000,33.0000,70.0000,32.0000,20.0000
2.7430,0.7210,0.4640,0.4290,0.2220,0.0000,0.0000,1.5580,1.0000,5.2700,4.1300,3.0950,0.0000,0.0000,0.0000,71.3593,0.0000,4867.0000,2067.0000,0.0000,33.0000,70.0000,32.0000,20.0000
3.0140,0.7240,0.4910,0.4580,0.2880,0.0000,0.0000,1.7990,1.0000,5.2700,4.1300,3.0950,0.0000,0.0000,0.0000,71.3703,0.0000,4868.0000,2067.0000,0.0000,33.0000,71.0000,32.0000,21.0000
3.0850,0.7180,0.5230,0.4730,0.3100,0.0000,0.0000,1.8440,1.0000,5.2700,4.1300,3.0950,0.0000,0.0000,0.0000,71.3792,0.0000,4869.0000,2067.0000,0.0000,33.0000,69.0000,32.0000,20.0000
3.1200,0.7380,0.5680,0.4970,0.3080,0.0000,0.0000,1.8140,1.0000,5.2700,4.1300,3.0950,0.0000,0.0000,0.0000,71.4108,0.0000,4872.0000,2067.0000,0.0000,33.0000,70.0000,32.0000,20.0000
2.7720,0.8560,0.4600,0.4600,0.2160,0.0000,0.0000,1.4560,1.0000,5.2700,4.1300,3.0950,0.0000,0.0000,0.0000,71.4122,0.0000,4872.0000,2067.0000,0.0000,33.0000,72.0000,32.0000,20.0000
2.6930,0.7360,0.4170,0.4690,0.2080,0.0000,0.0000,1.5400,1.0000,5.2700,4.1300,3.0950,0.0000,0.0000,0.0000,71.4137,0.0000,4872.0000,2067.0000,0.0000,33.0000,74.0000,32.0000,20.0000
2.7990,0.6880,0.4640,0.4820,0.2430,0.0000,0.0000,1.6470,1.0000,5.2700,4.1300,3.0950,0.0000,0.0000,0.0000,71.4220,0.0000,4873.0000,2067.0000,0.0000,33.0000,71.0000,32.0000,21.0000
2.9020,0.6820,0.4850,0.4170,0.2630,0.0000,0.0000,1.7350,1.0000,5.2700,4.1300,3.0950,0.0000,0.0000,0.0000,71.4424,0.0000,4875.0000,2067.0000,0.0000,33.0000,71.0000,32.0000,21.0000
2.9610,0.7220,0.5240,0.4130,0.2850,0.0000,0.0000,1.7150,1.0000,5.2700,4.1300,3.0950,0.0000,0.0000,0.0000,71.4824,0.0000,4879.0000,2067.0000,0.0000,33.0000,70.0000,32.0000,21.0000
2.6810,0.9040,0.4700,0.4780,0.2240,0.0000,0.0000,1.3070,1.0000,5.2700,4.1300,3.0950,0.0000,0.0000,0.0000,71.4833,0.0000,4879.0000,2067.0000,0.0000,33.0000,71.0000,32.0000,21.0000
2.7400,0.7000,0.5030,0.4430,0.2520,0.0000,0.0000,1.5370,1.0000,5.2700,4.1300,3.0950,0.0000,0.0000,0.0000,71.4822,0.0000,4879.0000,2067.0000,0.0000,33.0000,69.0000,32.0000,19.0000
2.6680,0.7140,0.4210,0.4840,0.2120,0.0000,0.0000,1.5330,1.0000,5.2700,4.1300,3.0950,0.0000,0.0000,0.0000,71.4842,0.0000,4879.0000,2067.0000,0.0000,33.0000,72.0000,32.0000,19.0000
2.7760,0.6950,0.4950,0.4680,0.2780,0.0000,0.0000,1.5860,1.0000,5.2700,4.1300,3.0950,0.0000,0.0000,0.0000,71.4924,0.0000,4880.0000,2067.0000,0.0000,33.0000,69.0000,32.0000,19.0000
2.7560,0.7320,0.5080,0.4350,0.2600,0.0000,0.0000,1.5160,1.0000,5.2700,4.1300,3.0950,0.0000,0.0000,0.0000,71.5048,0.0000,4881.0000,2067.0000,0.0000,33.0000,72.0000,32.0000,18.0000
2.8870,0.7130,0.5390,0.4190,0.3190,0.0000,0.0000,1.6350,1.0000,5.2700,4.1300,3.0950,0.0000,0.0000,0.0000,71.5362,0.0000,4884.0000,2067.0000,0.0000,33.0000,71.0000,32.0000,18.0000
2.7760,0.8630,0.4530,0.4690,0.2450,0.0000,0.0000,1.4600,1.0000,5.2700,4.1300,3.0950,0.0000,0.0000,0.0000,71.5473,0.0000,4885.0000,2067.0000,0.0000,33.0000,72.0000,32.0000,18.0000
2.7870,0.7090,0.4690,0.4520,0.2470,0.0000,0.0000,1.6090,1.0000,5.2700,4.1300,3.0950,0.0000,0.0000,0.0000,71.5577,0.0000,4886.0000,2067.0000,0.0000,33.0000,72.0000,32.0000,18.0000
2.8440,0.6900,0.5030,0.4130,0.2670,0.0000,0.0000,1.6510,1.0000,5.2700,4.1300,3.0950,0.0000,0.0000,0.0000,71.5788,0.0000,4888.0000,2067.0000,0.0000,33.0000,73.0000,32.0000,18.0000
2.9910,0.7590,0.5000,0.4350,0.2630,0.0000,0.0000,1.7320,1.0000,5.2700,4.1300,3.0950,0.0000,0.0000,0.0000,71.5980,0.0000,4890.0000,2067.0000,0.0000,33.0000,71.0000,32.0000,17.0000
2.7760,0.7870,0.5090,0.4360,0.2340,0.0000,0.0000,1.4800,1.0000,5.2700,4.1300,3.0950,0.0000,0.0000,0.0000,71.5988,0.0000,4890.0000,2067.0000,0.0000,33.0000,72.0000,32.0000,18.0000
2.9750,0.7140,0.5570,0.4960,0.2920,0.0000,0.0000,1.7040,1.0000,5.2700,4.1300,3.0950,0.0000,0.0000,0.0000,71.6085,0.0000,4891.0000,2067.0000,0.0000,33.0000,71.0000,32.0000,19.0000
2.7420,0.7500,0.4540,0.4870,0.2040,0.0000,0.0000,1.5380,1.0000,5.2700,4.1300,3.0950,0.0000,0.0000,0.0000,71.6092,0.0000,4891.0000,2067.0000,0.0000,33.0000,72.0000,32.0000,19.0000
3.0250,0.7390,0.5680,0.4600,0.3580,0.0000,0.0000,1.7180,1.0000,5.2700,4.1300,3.0950,0.0000,0.0000,0.0000,71.6188,0.0000,4892.0000,2067.0000,0.0000,33.0000,71.0000,32.0000,18.0000
2.8890,0.7480,0.4550,0.4800,0.2420,0.0000,0.0000,1.6860,1.0000,5.2700,4.1300,3.0950,0.0000,0.0000,0.0000,71.6293,0.0000,4893.0000,2067.0000,0.0000,33.0000,71.0000,32.0000,19.0000
2.6470,0.7980,0.4320,0.5390,0.2110,0.0000,0.0000,1.4170,1.0000,5.2700,4.1300,3.0950,0.0000,0.0000,0.0000,71.6280,0.0000,4893.0000,2067.0000,0.0000,33.0000,69.0000,32.0000,20.0000
2.7080,0.6860,0.4930,0.4510,0.2300,0.0000,0.0000,1.5290,1.0000,5.2700,4.1300,3.0950,0.0000,0.0000,0.0000,71.6294,0.0000,4893.0000,2067.0000,0.0000,33.0000,71.0000,32.0000,19.0000
2.9790,0.7170,0.5140,0.4330,0.3050,0.0000,0.0000,1.7480,1.0000,2.3780,5.0950,2.9190,0.0000,0.0000,0.0000,71.6491,0.0000,4895.0000,2067.0000,0.0000,33.0000,70.0000,32.0000,19.0000
2.6760,0.7560,0.5160,0.4620,0.2540,0.0000,0.0000,1.4040,1.0000,2.3780,5.0950,2.9190,0.0000,0.0000,0.0000,71.6491,0.0000,4895.0000,2067.0000,0.0000,33.0000,70.0000,32.0000,18.0000
2.5840,0.6810,0.4080,0.4620,0.2000,0.0000,0.0000,1.4950,1.0000,2.3780,5.0950,2.9190,0.0000,0.0000,0.0000,71.6485,0.0000,4895.0000,2067.0000,0.0000,33.0000,69.0000,32.0000,19.0000
2.7330,0.6920,0.4520,0.4550,0.2180,0.0000,0.0000,1.5890,1.0000,2.3780,5.0950,2.9190,0.0000,0.0000,0.0000,71.6492,0.0000,4895.0000,2067.0000,0.0000,33.0000,70.0000,32.0000,19.0000
2.8380,0.6780,0.5370,0.4670,0.2900,0.0000,0.0000,1.6230,1.0000,2.3780,5.0950,2.9190,0.0000,0.0000,0.0000,71.6595,0.0000,4896.0000,2067.0000,0.0000,33.0000,70.0000,32.0000,19.0000
2.8530,0.7080,0.4650,0.4530,0.2580,0.0000,0.0000,1.6800,1.0000,2.3780,5.0950,2.9190,0.0000,0.0000,0.0000,71.6773,0.0000,4898.0000,2067.0000,0.0000,33.0000,67.0000,32.0000,19.0000
2.7680,0.8030,0.4320,0.5000,0.2100,0.0000,0.0000,1.5330,1.0000,2.3780,5.0950,2.9190,0.0000,0.0000,0.0000,71.3564,0.0000,4867.0000,2067.0000,0.0000,33.0000,66.0000,32.0000,19.0000
2.5800,0.6400,0.4160,0.4000,0.2180,0.0000,0.0000,1.5240,1.0000,2.3780,5.0950,2.9190,0.0000,0.0000,0.0000,71.3572,0.0000,4867.0000,2067.0000,0.0000,33.0000,67.0000,32.0000,19.0000
3.0270,0.6640,0.4900,0.4150,0.2860,0.0000,0.0000,1.8730,1.0000,2.3780,5.0950,2.9190,0.0000,0.0000,0.0000,71.3667,0.0000,4868.0000,2067.0000,0.0000,33.0000,66.0000,32.0000,19.0000
3.0890,0.7350,0.5490,0.4370,0.3410,0.0000,0.0000,1.8050,1.0000,2.3780,5.0950,2.9190,0.0000,0.0000,0.0000,71.4265,0.0000,4874.0000,2067.0000,0.0000,33.0000,64.0000,32.0000,18.0000
2.8410,0.9320,0.4700,0.4370,0.2670,0.0000,0.0000,1.4390,1.0000,2.3780,5.0950,2.9190,0.0000,0.0000,0.0000,71.4270,0.0000,4874.0000,2067.0000,0.0000,33.0000,63.0000,32.0000,17.0000
2.8400,0.8580,0.5360,0.6500,0.2950,0.0000,0.0000,1.4460,1.0000,2.3780,5.0950,2.9190,0.0000,0.0000,0.0000,71.4391,0.0000,4875.0000,2067.0000,0.0000,33.0000,65.0000,32.0000,17.0000
2.7760,0.7350,0.4600,0.4820,0.2530,0.0000,0.0000,1.5810,1.0000,2.3780,5.0950,2.9190,0.0000,0.0000,0.0000,71.4588,0.0000,4877.0000,2067.0000,0.0000,33.0000,64.0000,32.0000,18.0000
2.7740,0.7940,0.4650,0.5020,0.2470,0.0000,0.0000,1.5150,1.0000,2.3780,5.0950,2.9190,0.0000,0.0000,0.0000,71.4692,0.0000,4878.0000,2067.0000,0.0000,33.0000,64.0000,32.0000,18.0000
2.8400,0.7070,0.5370,0.4350,0.2570,0.0000,0.0000,1.5960,1.0000,2.3780,5.0950,2.9190,0.0000,0.0000,0.0000,71.4802,0.0000,4879.0000,2067.0000,0.0000,33.0000,65.0000,32.0000,19.0000
2.7130,0.7520,0.4510,0.4050,0.2490,0.0000,0.0000,1.5100,1.0000,2.3780,5.0950,2.9190,0.0000,0.0000,0.0000,71.4810,0.0000,4879.0000,2067.0000,0.0000,33.0000,66.0000,32.0000,18.0000
2.8510,0.7200,0.4550,0.4530,0.2530,0.0000,0.0000,1.6760,1.0000,2.3780,5.0950,2.9190,0.0000,0.0000,0.0000,71.5022,0.0000,4881.0000,2067.0000,0.0000,33.0000,67.0000,32.0000,18.0000
2.6170,0.7840,0.4020,0.4690,0.2060,0.0000,0.0000,1.4310,1.0000,2.3780,5.0950,2.9190,0.0000,0.0000,0.0000,71.5022,0.0000,4881.0000,2067.0000,0.0000,33.0000,67.0000,32.0000,18.0000
2.7240,0.6450,0.4560,0.4060,0.2180,0.0000,0.0000,1.6230,1.0000,2.3780,5.0950,2.9190,0.0000,0.0000,0.0000,71.5030,0.0000,4881.0000,2067.0000,0.0000,33.0000,68.0000,32.0000,18.0000
2.8580,0.6790,0.4920,0.4290,0.2860,0.0000,0.0000,1.6870,1.0000,2.3780,5.0950,2.9190,0.0000,0.0000,0.0000,71.5140,0.0000,4882.0000,2067.0000,0.0000,33.0000,69.0000,32.0000,18.0000
2.7620,0.7240,0.5150,0.4720,0.2890,0.0000,0.0000,1.5230,1.0000,2.3780,5.0950,2.9190,0.0000,0.0000,0.0000,71.5336,0.0000,4884.0000,2067.0000,0.0000,33.0000,68.0000,32.0000,19.0000
2.8750,0.7460,0.4500,0.4500,0.2550,0.0000,0.0000,1.6790,1.0000,2.3780,5.0950,2.9190,0.0000,0.0000,0.0000,71.5338,0.0000,4884.0000,2067.0000,0.0000,33.0000,68.0000,32.0000,18.0000
2.6700,0.6300,0.4640,0.3850,0.2390,0.0000,0.0000,1.5760,1.0000,2.3780,5.0950,2.9190,0.0000,0.0000,0.0000,71.5346,0.0000,4884.0000,2067.0000,0.0000,33.0000,69.0000,32.0000,19.0000
2.8570,0.6990,0.5260,0.4630,0.2830,0.0000,0.0000,1.6320,1.0000,2.3780,5.0950,2.9190,0.0000,0.0000,0.0000,71.5558,0.0000,4886.0000,2067.0000,0.0000,33.0000,70.0000,32.0000,18.0000
2.8660,0.7490,0.4920,0.4090,0.2800,0.0000,0.0000,1.6250,1.0000,2.3780,5.0950,2.9190,0.0000,0.0000,0.0000,71.5661,0.0000,4887.0000,2067.0000,0.0000,33.0000,70.0000,32.0000,18.0000
2.7860,0.7160,0.4060,0.4630,0.2010,0.0000,0.0000,1.6640,1.0000,2.3780,5.0950,2.9190,0.0000,0.0000,0.0000,71.5648,0.0000,4887.0000,2067.0000,0.0000,33.0000,68.0000,32.0000,18.0000
2.8100,0.7120,0.4510,0.4960,0.2350,0.0000,0.0000,1.6470,1.0000,2.3780,5.0950,2.9190,0.0000,0.0000,0.0000,71.5751,0.0000,4888.0000,2067.0000,0.0000,33.0000,68.0000,32.0000,18.0000
2.7920,0.6500,0.4510,0.3900,0.2430,0.0000,0.0000,1.6910,1.0000,2.3780,5.0950,2.9190,0.0000,0.0000,0.0000,71.5854,0.0000,4889.0000,2067.0000,0.0000,33.0000,68.0000,32.0000,18.0000
2.8460,0.6730,0.4920,0.3920,0.2510,0.0000,0.0000,1.6810,1.0000,2.3780,5.0950,2.9190,0.0000,0.0000,0.0000,71.5964,0.0000,4890.0000,2067.0000,0.0000,33.0000,69.0000,32.0000,18.0000
2.7320,0.7130,0.4350,0.4120,0.2010,0.0000,0.0000,1.5840,1.0000,2.3780,5.0950,2.9190,0.0000,0.0000,0.0000,71.5964,0.0000,4890.0000,2067.0000,0.0000,33.0000,69.0000,32.0000,18.0000
2.9340,0.6870,0.4460,0.4720,0.2390,0.0000,0.0000,1.8010,1.0000,2.3780,5.0950,2.9190,0.0000,0.0000,0.0000,71.6184,0.0000,4892.0000,2067.0000,0.0000,33.0000,69.0000,32.0000,18.0000
2.7150,0.7600,0.4580,0.4590,0.2510,0.0000,0.0000,1.4970,1.0000,2.3780,5.0950,2.9190,0.0000,0.0000,0.0000,71.6177,0.0000,4892.0000,2067.0000,0.0000,33.0000,68.0000,32.0000,18.0000
2.6930,0.6160,0.4510,0.3950,0.2320,0.0000,0.0000,1.6260,1.0000,2.3780,5.0950,2.9190,0.0000,0.0000,0.0000,71.6287,0.0000,4893.0000,2067.0000,0.0000,33.0000,69.0000,32.0000,18.0000
2.6380,0.7250,0.4500,0.4530,0.2130,0.0000,0.0000,1.4630,1.0000,2.3780,5.0950,2.9190,0.0000,0.0000,0.0000,71.6294,0.0000,4893.0000,2067.0000,0.0000,33.0000,70.0000,32.0000,18.0000
3.1180,0.6730,0.4430,0.4580,0.2000,0.0000,0.0000,2.0020,1.0000,2.3780,5.0950,2.9190,0.0000,0.0000,0.0000,71.6288,0.0000,4893.0000,2067.0000,0.0000,33.0000,69.0000,32.0000,18.0000
2.7210,0.6880,0.4650,0.4680,0.2600,0.0000,0.0000,1.5680,1.0000,2.3780,5.0950,2.9190,0.0000,0.0000,0.0000,71.6288,0.0000,4893.0000,2067.0000,0.0000,33.0000,69.0000,32.0000,18.0000
2.9850,0.7200,0.4460,0.4450,0.2400,0.0000,0.0000,1.8190,1.0000,2.3780,5.0950,2.9190,0.0000,0.0000,0.0000,71.6490,0.0000,4895.0000,2067.0000,0.0000,33.0000,69.0000,32.0000,17.0000
2.6860,0.7400,0.3870,0.4400,0.1910,0.0000,0.0000,1.5590,1.0000,2.3780,5.0950,2.9190,0.0000,0.0000,0.0000,71.6483,0.0000,4895.0000,2067.0000,0.0000,33.0000,68.0000,32.0000,17.0000
4.9210,0.6440,0.4630,0.3980,0.2530,0.0000,0.0000,3.8140,1.0000,2.3780,5.0950,2.9190,0.0000,0.0000,0.0000,71.6594,0.0000,4896.0000,2067.0000,0.0000,33.0000,69.0000,32.0000,17.0000
3.0760,0.7000,0.4480,0.3990,0.2100,0.0000,0.0000,1.9280,1.0000,2.3780,5.0950,2.9190,0.0000,0.0000,0.0000,71.6583,0.0000,4896.0000,2067.0000,0.0000,33.0000,68.0000,32.0000,17.0000
2.8600,0.6830,0.4320,0.4190,0.2360,0.0000,0.0000,1.7450,1.0000,2.3780,5.0950,2.9190,0.0000,0.0000,0.0000,71.4105,0.0000,4872.0000,2067.0000,0.0000,33.0000,65.0000,32.0000,17.0000
2.8110,0.6930,0.4920,0.4150,0.2480,0.0000,0.0000,1.6260,1.0000,2.3780,5.0950,2.9190,0.0000,0.0000,0.0000,71.4302,0.0000,4874.0000,2067.0000,0.0000,33.0000,64.0000,32.0000,17.0000
2.6830,0.7520,0.4940,0.4170,0.3000,0.0000,0.0000,1.4370,1.0000,2.3780,5.0950,2.9190,0.0000,0.0000,0.0000,71.4602,0.0000,4877.0000,2067.0000,0.0000,33.0000,63.0000,32.0000,16.0000
2.6690,0.7740,0.4870,0.4540,0.3010,0.0000,0.0000,1.4080,1.0000,2.3780,5.0950,2.9190,0.0000,0.0000,0.0000,71.4727,0.0000,4878.0000,2067.0000,0.0000,33.0000,64.0000,32.0000,16.0000
2.5900,0.7240,0.4120,0.4660,0.2080,0.0000,0.0000,1.4540,1.0000,2.3780,5.0950,2.9190,0.0000,0.0000,0.0000,71.4735,0.0000,4878.0000,2067.0000,0.0000,33.0000,65.0000,32.0000,16.0000
2.6170,0.7250,0.4180,0.4730,0.2320,0.0000,0.0000,1.4740,1.0000,2.3780,5.0950,2.9190,0.0000,0.0000,0.0000,71.4736,0.0000,4878.0000,2067.0000,0.0000,33.0000,65.0000,32.0000,16.0000
2.7790,0.6510,0.4420,0.4390,0.2270,0.0000,0.0000,1.6860,1.0000,2.3780,5.0950,2.9190,0.0000,0.0000,0.0000,71.4830,0.0000,4879.0000,2067.0000,0.0000,33.0000,64.0000,32.0000,17.0000
2.7000,0.7190,0.4040,0.4460,0.2090,0.0000,0.0000,1.5770,1.0000,2.3780,5.0950,2.9190,0.0000,0.0000,0.0000,71.4830,0.0000,4879.0000,2067.0000,0.0000,33.0000,64.0000,32.0000,17.0000
2.7740,0.7020,0.4910,0.4400,0.2810,0.0000,0.0000,1.5810,1.0000,2.3780,5.0950,2.9190,0.0000,0.0000,0.0000,71.4940,0.0000,4880.0000,2067.0000,0.0000,33.0000,65.0000,32.0000,17.0000
2.6470,0.7160,0.4430,0.4690,0.2060,0.0000,0.0000,1.4880,1.0000,2.3780,5.0950,2.9190,0.0000,0.0000,0.0000,71.4940,0.0000,4880.0000,2067.0000,0.0000,33.0000,65.0000,32.0000,17.0000
2.7880,0.6540,0.4580,0.4360,0.2450,0.0000,0.0000,1.6760,1.0000,2.3780,5.0950,2.9190,0.0000,0.0000,0.0000,71.5146,0.0000,4882.0000,2067.0000,0.0000,33.0000,65.0000,32.0000,17.0000
2.7140,0.7490,0.5000,0.4450,0.2660,0.0000,0.0000,1.4650,1.0000,2.3780,5.0950,2.9190,0.0000,0.0000,0.0000,71.5440,0.0000,4885.0000,2067.0000,0.0000,33.0000,63.0000,32.0000,17.0000
2.4940,0.7620,0.4870,0.4000,0.2490,0.0000,0.0000,1.2450,1.0000,2.3780,5.0950,2.9190,0.0000,0.0000,0.0000,71.5442,0.0000,4885.0000,2067.0000,0.0000,33.0000,63.0000,32.0000,17.0000
2.4640,0.6460,0.4110,0.4370,0.1950,0.0000,0.0000,1.4070,1.0000,2.3780,5.0950,2.9190,0.0000,0.0000,0.0000,71.5450,0.0000,4885.0000,2067.0000,0.0000,33.0000,64.0000,32.0000,17.0000
2.4450,0.6580,0.4340,0.4020,0.2360,0.0000,0.0000,1.3530,1.0000,2.3780,5.0950,2.9190,0.0000,0.0000,0.0000,71.5450,0.0000,4885.0000,2067.0000,0.0000,33.0000,64.0000,32.0000,17.0000
2.6860,0.6580,0.4510,0.4450,0.2510,0.0000,0.0000,1.5770,1.0000,2.3780,5.0950,2.9190,0.0000,0.0000,0.0000,71.5655,0.0000,4887.0000,2067.0000,0.0000,33.0000,64.0000,32.0000,17.0000
2.4720,0.7390,0.4200,0.4160,0.2320,0.0000,0.0000,1.3130,1.0000,2.3780,5.0950,2.9190,0.0000,0.0000,0.0000,71.5642,0.0000,4887.0000,2067.0000,0.0000,33.0000,62.0000,32.0000,17.0000
2.3660,0.6500,0.4080,0.4410,0.1940,0.0000,0.0000,1.3080,1.0000,2.3780,5.0950,2.9190,0.0000,0.0000,0.0000,71.5650,0.0000,4887.0000,2067.0000,0.0000,33.0000,63.0000,32.0000,18.0000
2.3710,0.6130,0.3880,0.3990,0.1930,0.0000,0.0000,1.3700,1.0000,2.3780,5.0950,2.9190,0.0000,0.0000,0.0000,71.5663,0.0000,4887.0000,2067.0000,0.0000,33.0000,65.0000,32.0000,18.0000
3.0240,0.6950,0.4760,0.4880,0.2500,0.0000,0.0000,1.8530,1.0000,2.3780,5.0950,2.9190,0.0000,0.0000,0.0000,71.5871,0.0000,4889.0000,2067.0000,0.0000,33.0000,65.0000,32.0000,18.0000
2.4900,0.8300,0.4670,0.5010,0.2310,0.0000,0.0000,1.1930,1.0000,2.3780,5.0950,2.9190,0.0000,0.0000,0.0000,71.5871,0.0000,4889.0000,2067.0000,0.0000,33.0000,65.0000,32.0000,19.0000
2.7710,0.6580,0.4480,0.4010,0.2470,0.0000,0.0000,1.6650,1.0000,2.3780,5.0950,2.9190,0.0000,0.0000,0.0000,71.6060,0.0000,4891.0000,2067.0000,0.0000,33.0000,63.0000,32.0000,19.0000
2.6950,0.7880,0.4620,0.4360,0.2330,0.0000,0.0000,1.4450,1.0000,2.3780,5.0950,2.9190,0.0000,0.0000,0.0000,71.6163,0.0000,4892.0000,2067.0000,0.0000,33.0000,63.0000,32.0000,20.0000
2.7550,0.6590,0.5320,0.3920,0.2840,0.0000,0.0000,1.5640,1.0000,2.3780,5.0950,2.9190,0.0000,0.0000,0.0000,71.6469,0.0000,4895.0000,2067.0000,0.0000,33.0000,63.0000,32.0000,20.0000
2.5570,0.7750,0.4460,0.3890,0.2450,0.0000,0.0000,1.3360,1.0000,2.3780,5.0950,2.9190,0.0000,0.0000,0.0000,71.6470,0.0000,4895.0000,2067.0000,0.0000,33.0000,63.0000,32.0000,20.0000
2.6510,0.7100,0.4530,0.4380,0.2310,0.0000,0.0000,1.4880,1.0000,2.3780,5.0950,2.9190,0.0000,0.0000,0.0000,71.6588,0.0000,4896.0000,2067.0000,0.0000,33.0000,65.0000,32.0000,20.0000
2.6240,0.6550,0.4960,0.3880,0.2490,0.0000,0.0000,1.4730,1.0000,2.3780,5.0950,2.9190,0.0000,0.0000,0.0000,71.6690,0.0000,4897.0000,2067.0000,0.0000,33.0000,65.0000,32.0000,20.0000
2.5440,0.7200,0.4140,0.4180,0.1990,0.0000,0.0000,1.4100,1.0000,2.3780,5.0950,2.9190,0.0000,0.0000,0.0000,71.6698,0.0000,4897.0000,2067.0000,0.0000,33.0000,66.0000,32.0000,20.0000
2.6100,0.7440,0.4500,0.5160,0.2370,0.0000,0.0000,1.4160,1.0000,2.3780,5.0950,2.9190,0.0000,0.0000,0.0000,71.6808,0.0000,4898.0000,2067.0000,0.0000,33.0000,67.0000,32.0000,20.0000
2.7620,0.7190,0.5130,0.4080,0.2700,0.0000,0.0000,1.5300,1.0000,2.3780,5.0950,2.9190,0.0000,0.0000,0.0000,71.6904,0.0000,4899.0000,2067.0000,0.0000,33.0000,66.0000,32.0000,20.0000
2.6940,0.7230,0.4060,0.4620,0.2180,0.0000,0.0000,1.5650,1.0000,2.3780,5.0950,2.9190,0.0000,0.0000,0.0000,71.7007,0.0000,4900.0000,2067.0000,0.0000,33.0000,66.0000,32.0000,20.0000
2.6400,0.7600,0.3970,0.4960,0.1900,0.0000,0.0000,1.4830,1.0000,2.3780,5.0950,2.9190,0.0000,0.0000,0.0000,71.6994,0.0000,4900.0000,2067.0000,0.0000,33.0000,64.0000,32.0000,20.0000
2.5320,0.6780,0.4380,0.4060,0.2040,0.0000,0.0000,1.4160,1.0000,2.3780,5.0950,2.9190,0.0000,0.0000,0.0000,71.7001,0.0000,4900.0000,2067.0000,0.0000,33.0000,65.0000,32.0000,20.0000
2.8510,0.6880,0.4590,0.4670,0.2570,0.0000,0.0000,1.7040,1.0000,2.3780,5.0950,2.9190,0.0000,0.0000,0.0000,71.7417,0.0000,4904.0000,2067.0000,0.0000,33.0000,66.0000,32.0000,20.0000
5.3690,0.8920,0.4550,0.5010,0.2410,0.0000,0.0000,4.0220,1.0000,2.3780,5.0950,2.9190,0.0000,0.0000,0.0000,71.7620,0.0000,4906.0000,2067.0000,0.0000,33.0000,66.0000,32.0000,20.0000
2.6600,0.7230,0.4040,0.4040,0.2000,0.0000,0.0000,1.5330,1.0000,2.3780,5.0950,2.9190,0.0000,0.0000,0.0000,71.3772,0.0000,4869.0000,2067.0000,0.0000,33.0000,64.0000,32.0000,20.0000
2.6630,0.7330,0.4510,0.5050,0.2380,0.0000,0.0000,1.4790,1.0000,2.3780,5.0950,2.9190,0.0000,0.0000,0.0000,71.3970,0.0000,4871.0000,2067.0000,0.0000,33.0000,64.0000,32.0000,20.0000
2.7330,0.6820,0.4860,0.3880,0.2540,0.0000,0.0000,1.5650,1.0000,2.3780,5.0950,2.9190,0.0000,0.0000,0.0000,71.4176,0.0000,4873.0000,2067.0000,0.0000,33.0000,64.0000,32.0000,20.0000
2.7340,0.7280,0.4670,0.4000,0.2780,0.0000,0.0000,1.5390,1.0000,2.3780,5.0950,2.9190,0.0000,0.0000,0.0000,71.4289,0.0000,4874.0000,2067.0000,0.0000,33.0000,65.0000,32.0000,20.0000
2.6030,0.7890,0.4030,0.4830,0.1910,0.0000,0.0000,1.4110,1.0000,2.3780,5.0950,2.9190,0.0000,0.0000,0.0000,71.4313,0.0000,4874.0000,2067.0000,0.0000,33.0000,68.0000,32.0000,21.0000
2.4770,0.7090,0.4530,0.4820,0.2260,0.0000,0.0000,1.3150,1.0000,2.3780,5.0950,2.9190,0.0000,0.0000,0.0000,71.4299,0.0000,4874.0000,2067.0000,0.0000,33.0000,66.0000,32.0000,22.0000
2.4440,0.6610,0.4120,0.4610,0.2100,0.0000,0.0000,1.3710,1.0000,2.3780,5.0950,2.9190,0.0000,0.0000,0.0000,71.4292,0.0000,4874.0000,2067.0000,0.0000,33.0000,65.0000,32.0000,22.0000
2.6270,0.6860,0.4690,0.4660,0.2450,0.0000,0.0000,1.4720,1.0000,2.3780,5.0950,2.9190,0.0000,0.0000,0.0000,71.4409,0.0000,4875.0000,2067.0000,0.0000,33.0000,67.0000,32.0000,22.0000
2.4800,0.6850,0.4460,0.4500,0.2490,0.0000,0.0000,1.3490,1.0000,2.3780,5.0950,2.9190,0.0000,0.0000,0.0000,71.4416,0.0000,4875.0000,2067.0000,0.0000,33.0000,68.0000,32.0000,22.0000
2.7150,0.5890,0.4890,0.3860,0.2600,0.0000,0.0000,1.6370,1.0000,2.3780,5.0950,2.9190,0.0000,0.0000,0.0000,71.4714,0.0000,4878.0000,2067.0000,0.0000,33.0000,67.0000,32.0000,21.0000
2.5860,0.7510,0.4990,0.4020,0.2780,0.0000,0.0000,1.3360,1.0000,2.3780,5.0950,2.9190,0.0000,0.0000,0.0000,71.4825,0.0000,4879.0000,2067.0000,0.0000,33.0000,68.0000,32.0000,21.0000
2.6160,0.6890,0.4420,0.4520,0.2270,0.0000,0.0000,1.4850,1.0000,2.3780,5.0950,2.9190,0.0000,0.0000,0.0000,71.4916,0.0000,4880.0000,2067.0000,0.0000,33.0000,66.0000,32.0000,21.0000
2.4750,0.6980,0.4370,0.3910,0.2080,0.0000,0.0000,1.3400,1.0000,2.3780,5.0950,2.9190,0.0000,0.0000,0.0000,71.4916,0.0000,4880.0000,2067.0000,0.0000,33.0000,66.0000,32.0000,20.0000
2.6150,0.6640,0.4420,0.4660,0.2400,0.0000,0.0000,1.5090,1.0000,2.3780,5.0950,2.9190,0.0000,0.0000,0.0000,71.5158,0.0000,4882.0000,2067.0000,0.0000,33.0000,71.0000,32.0000,19.0000
2.4730,0.6950,0.4460,0.3990,0.2170,0.0000,0.0000,1.3320,1.0000,2.3780,5.0950,2.9190,0.0000,0.0000,0.0000,71.5145,0.0000,4882.0000,2067.0000,0.0000,33.0000,69.0000,32.0000,19.0000
2.3410,0.6500,0.3980,0.4120,0.2010,0.0000,0.0000,1.2930,1.0000,2.3780,5.0950,2.9190,0.0000,0.0000,0.0000,71.5146,0.0000,4882.0000,2067.0000,0.0000,33.0000,69.0000,32.0000,19.0000
2.4720,0.6190,0.4410,0.3950,0.2040,0.0000,0.0000,1.4120,1.0000,2.3780,5.0950,2.9190,0.0000,0.0000,0.0000,71.5146,0.0000,4882.0000,2067.0000,0.0000,33.0000,69.0000,32.0000,19.0000
2.5550,0.6780,0.4490,0.4740,0.2390,0.0000,0.0000,1.4280,1.0000,2.3780,5.0950,2.9190,0.0000,0.0000,0.0000,71.5344,0.0000,4884.0000,2067.0000,0.0000,33.0000,69.0000,32.0000,19.0000
2.5330,0.7270,0.4410,0.4360,0.2050,0.0000,0.0000,1.3650,1.0000,2.3780,5.0950,2.9190,0.0000,0.0000,0.0000,71.5366,0.0000,4884.0000,2067.0000,0.0000,33.0000,72.0000,32.0000,20.0000
2.5370,0.7240,0.4490,0.5260,0.2610,0.0000,0.0000,1.3640,1.0000,2.3780,5.0950,2.9190,0.0000,0.0000,0.0000,71.5367,0.0000,4884.0000,2067.0000,0.0000,33.0000,72.0000,32.0000,21.0000
2.5470,0.6250,0.4670,0.3910,0.2440,0.0000,0.0000,1.4550,1.0000,2.3780,5.0950,2.9190,0.0000,0.0000,0.0000,71.5463,0.0000,4885.0000,2067.0000,0.0000,33.0000,71.0000,32.0000,21.0000
2.6960,0.6810,0.4490,0.4390,0.2530,0.0000,0.0000,1.5660,1.0000,2.3780,5.0950,2.9190,0.0000,0.0000,0.0000,71.5758,0.0000,4888.0000,2067.0000,0.0000,33.0000,69.0000,32.0000,20.0000
2.6630,0.7520,0.4420,0.4340,0.2380,0.0000,0.0000,1.4690,1.0000,2.3780,5.0950,2.9190,0.0000,0.0000,0.0000,71.6074,0.0000,4891.0000,2067.0000,0.0000,33.0000,70.0000,32.0000,21.0000
2.4830,0.7280,0.4450,0.3820,0.2460,0.0000,0.0000,1.3100,1.0000,2.3780,5.0950,2.9190,0.0000,0.0000,0.0000,71.6089,0.0000,4891.0000,2067.0000,0.0000,33.0000,72.0000,32.0000,20.0000
2.4100,0.6410,0.4160,0.4380,0.2020,0.0000,0.0000,1.3530,1.0000,2.3780,5.0950,2.9190,0.0000,0.0000,0.0000,71.6098,0.0000,4891.0000,2067.0000,0.0000,33.0000,73.0000,32.0000,20.0000
2.7230,0.6090,0.4690,0.4000,0.2710,0.0000,0.0000,1.6450,1.0000,2.3780,5.0950,2.9190,0.0000,0.0000,0.0000,71.6105,0.0000,4891.0000,2067.0000,0.0000,33.0000,74.0000,32.0000,20.0000
2.6190,0.8090,0.4470,0.5490,0.2430,0.0000,0.0000,1.3630,1.0000,2.3780,5.0950,2.9190,0.0000,0.0000,0.0000,71.6403,0.0000,4894.0000,2067.0000,0.0000,33.0000,73.0000,32.0000,20.0000
2.5160,0.7460,0.4520,0.4270,0.2460,0.0000,0.0000,1.3180,1.0000,2.3780,5.0950,2.9190,0.0000,0.0000,0.0000,71.6499,0.0000,4895.0000,2067.0000,0.0000,33.0000,72.0000,32.0000,20.0000
2.8530,0.6810,0.4580,0.3970,0.2580,0.0000,0.0000,1.7140,1.0000,2.3780,5.0950,2.9190,0.0000,0.0000,0.0000,71.7033,0.0000,4900.0000,2067.0000,0.0000,33.0000,75.0000,32.0000,21.0000
2.6210,0.9760,0.4440,0.5230,0.2410,0.0000,0.0000,1.2010,1.0000,2.3780,5.0950,2.9190,0.0000,0.0000,0.0000,71.7234,0.0000,4902.0000,2067.0000,0.0000,33.0000,74.0000,32.0000,22.0000
2.4120,0.6940,0.4480,0.3980,0.2160,0.0000,0.0000,1.2700,1.0000,2.3780,5.0950,2.9190,0.0000,0.0000,0.0000,71.7243,0.0000,4902.0000,2067.0000,0.0000,33.0000,75.0000,32.0000,22.0000
2.7660,0.6580,0.3990,0.4060,0.1970,0.0000,0.0000,1.7090,1.0000,2.3780,5.0950,2.9190,0.0000,0.0000,0.0000,71.7230,0.0000,4902.0000,2067.0000,0.0000,33.0000,73.0000,32.0000,22.0000
2.5680,0.9150,0.4330,0.6830,0.2240,0.0000,0.0000,1.2200,1.0000,2.3780,5.0950,2.9190,0.0000,0.0000,0.0000,71.7340,0.0000,4903.0000,2067.0000,0.0000,33.0000,74.0000,32.0000,22.0000
2.4730,0.6670,0.4480,0.3790,0.2330,0.0000,0.0000,1.3580,1.0000,2.3780,5.0950,2.9190,0.0000,0.0000,0.0000,71.7333,0.0000,4903.0000,2067.0000,0.0000,33.0000,73.0000,32.0000,22.0000
2.5840,0.6950,0.4430,0.4550,0.2290,0.0000,0.0000,1.4460,1.0000,2.3780,5.0950,2.9190,0.0000,0.0000,0.0000,71.7443,0.0000,4904.0000,2067.0000,0.0000,33.0000,74.0000,32.0000,24.0000
2.3980,0.7040,0.4350,0.4420,0.2050,0.0000,0.0000,1.2590,1.0000,2.3780,5.0950,2.9190,0.0000,0.0000,0.0000,71.7443,0.0000,4904.0000,2067.0000,0.0000,33.0000,74.0000,32.0000,22.0000
3.1200,0.6390,0.5090,0.4330,0.2530,0.0000,0.0000,1.9720,1.0000,2.3780,5.0950,2.9190,0.0000,0.0000,0.0000,71.7658,0.0000,4906.0000,2067.0000,0.0000,33.0000,76.0000,32.0000,22.0000
2.6900,0.6990,0.4170,0.3880,0.2210,0.0000,0.0000,1.5740,1.0000,2.3780,5.0950,2.9190,0.0000,0.0000,0.0000,71.3866,0.0000,4869.0000,2067.0000,0.0000,33.0000,75.0000,32.0000,22.0000
2.6080,0.8580,0.4370,0.6320,0.2450,0.0000,0.0000,1.3130,1.0000,2.3780,5.0950,2.9190,0.0000,0.0000,0.0000,71.4062,0.0000,4871.0000,2067.0000,0.0000,33.0000,74.0000,32.0000,22.0000
2.4550,0.7180,0.4720,0.3990,0.2300,0.0000,0.0000,1.2650,1.0000,2.3780,5.0950,2.9190,0.0000,0.0000,0.0000,71.4055,0.0000,4871.0000,2067.0000,0.0000,33.0000,73.0000,32.0000,22.0000
2.5330,0.6370,0.4420,0.4380,0.2440,0.0000,0.0000,1.4540,1.0000,2.3780,5.0950,2.9190,0.0000,0.0000,0.0000,71.4175,0.0000,4872.0000,2067.0000,0.0000,33.0000,75.0000,32.0000,22.0000
2.4580,0.6810,0.4580,0.4070,0.2390,0.0000,0.0000,1.3190,1.0000,2.3780,5.0950,2.9190,0.0000,0.0000,0.0000,71.4169,0.0000,4872.0000,2067.0000,0.0000,33.0000,74.0000,32.0000,22.0000
2.5570,0.6340,0.4130,0.4330,0.2120,0.0000,0.0000,1.5100,1.0000,2.3780,5.0950,2.9190,0.0000,0.0000,0.0000,71.4176,0.0000,4872.0000,2067.0000,0.0000,33.0000,75.0000,32.0000,22.0000
2.4000,0.6690,0.4320,0.4300,0.2350,0.0000,0.0000,1.2990,1.0000,2.3780,5.0950,2.9190,0.0000,0.0000,0.0000,71.4162,0.0000,4872.0000,2067.0000,0.0000,33.0000,73.0000,32.0000,22.0000
2.7560,0.6250,0.4780,0.4270,0.2700,0.0000,0.0000,1.6530,1.0000,2.3780,5.0950,2.9190,0.0000,0.0000,0.0000,71.4584,0.0000,4876.0000,2067.0000,0.0000,33.0000,75.0000,32.0000,21.0000
2.7300,0.8380,0.4780,0.3890,0.2760,0.0000,0.0000,1.4140,1.0000,2.3780,5.0950,2.9190,0.0000,0.0000,0.0000,71.4770,0.0000,4878.0000,2067.0000,0.0000,33.0000,72.0000,32.0000,22.0000
2.4730,0.8500,0.4190,0.4150,0.2050,0.0000,0.0000,1.2040,1.0000,2.3780,5.0950,2.9190,0.0000,0.0000,0.0000,71.4786,0.0000,4878.0000,2067.0000,0.0000,33.0000,74.0000,32.0000,21.0000
2.5600,0.6120,0.4490,0.4040,0.2180,0.0000,0.0000,1.4990,1.0000,2.3780,5.0950,2.9190,0.0000,0.0000,0.0000,71.4773,0.0000,4878.0000,2067.0000,0.0000,33.0000,72.0000,32.0000,20.0000
2.4960,0.6710,0.3940,0.4310,0.1990,0.0000,0.0000,1.4310,1.0000,2.3780,5.0950,2.9190,0.0000,0.0000,0.0000,71.4787,0.0000,4878.0000,2067.0000,0.0000,33.0000,74.0000,32.0000,22.0000
2.9520,0.6960,0.7180,0.4930,0.5170,0.0000,0.0000,1.5380,1.0000,2.3780,5.0950,2.9190,0.0000,0.0000,0.0000,71.5170,0.0000,4882.0000,2067.0000,0.0000,33.0000,73.0000,32.0000,21.0000
2.6690,0.7240,0.4810,0.3830,0.2530,0.0000,0.0000,1.4640,1.0000,2.3780,5.0950,2.9190,0.0000,0.0000,0.0000,71.5287,0.0000,4883.0000,2067.0000,0.0000,33.0000,75.0000,32.0000,20.0000
2.6070,0.7170,0.4850,0.4070,0.2870,0.0000,0.0000,1.4050,1.0000,2.3780,5.0950,2.9190,0.0000,0.0000,0.0000,71.5377,0.0000,4884.0000,2067.0000,0.0000,33.0000,73.0000,32.0000,20.0000
3.0420,0.7620,0.4620,0.4570,0.2440,0.0000,0.0000,1.8180,1.0000,2.3780,5.0950,2.9190,0.0000,0.0000,0.0000,71.5576,0.0000,4886.0000,2067.0000,0.0000,33.0000,72.0000,32.0000,21.0000
3.0950,0.7090,0.4720,0.4050,0.2610,0.0000,0.0000,1.9140,1.0000,2.3780,5.0950,2.9190,0.0000,0.0000,0.0000,71.5775,0.0000,4888.0000,2067.0000,0.0000,33.0000,71.0000,32.0000,20.0000
2.6670,1.0600,0.4980,0.5090,0.3010,0.0000,0.0000,1.1090,1.0000,2.3780,5.0950,2.9190,0.0000,0.0000,0.0000,71.5776,0.0000,4888.0000,2067.0000,0.0000,33.0000,71.0000,32.0000,19.0000
2.6270,0.7030,0.4770,0.4770,0.2530,0.0000,0.0000,1.4470,1.0000,2.3780,5.0950,2.9190,0.0000,0.0000,0.0000,71.5875,0.0000,4889.0000,2067.0000,0.0000,33.0000,70.0000,32.0000,19.0000
2.7270,0.7300,0.5310,0.4300,0.2940,0.0000,0.0000,1.4660,1.0000,2.3780,5.0950,2.9190,0.0000,0.0000,0.0000,71.5984,0.0000,4890.0000,2067.0000,0.0000,33.0000,71.0000,32.0000,20.0000
2.7130,0.7340,0.5490,0.4800,0.3260,0.0000,0.0000,1.4300,1.0000,2.3780,5.0950,2.9190,0.0000,0.0000,0.0000,71.6080,0.0000,4891.0000,2067.0000,0.0000,33.0000,70.0000,32.0000,20.0000
2.5290,0.7130,0.4320,0.4540,0.2100,0.0000,0.0000,1.3840,1.0000,2.3780,5.0950,2.9190,0.0000,0.0000,0.0000,71.6105,0.0000,4891.0000,2067.0000,0.0000,33.0000,73.0000,32.0000,20.0000
2.9160,0.6950,0.5180,0.4300,0.3080,0.0000,0.0000,1.7030,1.0000,2.3780,5.0950,2.9190,0.0000,0.0000,0.0000,71.6410,0.0000,4894.0000,2067.0000,0.0000,33.0000,73.0000,32.0000,19.0000
2.6600,0.8160,0.5100,0.4810,0.2540,0.0000,0.0000,1.3340,1.0000,2.3780,5.0950,2.9190,0.0000,0.0000,0.0000,71.6417,0.0000,4894.0000,2067.0000,0.0000,33.0000,74.0000,32.0000,20.0000
2.6400,0.6950,0.4350,0.4740,0.2120,0.0000,0.0000,1.5100,1.0000,2.3780,5.0950,2.9190,0.0000,0.0000,0.0000,71.6412,0.0000,4894.0000,2067.0000,0.0000,33.0000,73.0000,32.0000,21.0000
2.7200,0.7180,0.4740,0.4840,0.2310,0.0000,0.0000,1.5280,1.0000,2.3780,5.0950,2.9190,0.0000,0.0000,0.0000,71.6405,0.0000,4894.0000,2067.0000,0.0000,33.0000,72.0000,32.0000,20.0000
2.9720,0.7240,0.5460,0.5070,0.2910,0.0000,0.0000,1.7020,1.0000,2.3780,5.0950,2.9190,0.0000,0.0000,0.0000,71.6493,0.0000,4895.0000,2067.0000,0.0000,33.0000,70.0000,32.0000,21.0000
3.0250,0.7910,0.5140,0.5050,0.3030,0.0000,0.0000,1.7200,1.0000,2.3780,5.0950,2.9190,0.0000,0.0000,0.0000,71.6603,0.0000,4896.0000,2067.0000,0.0000,33.0000,71.0000,32.0000,21.0000
2.7770,0.8260,0.4760,0.5090,0.2600,0.0000,0.0000,1.4750,1.0000,2.3780,5.0950,2.9190,0.0000,0.0000,0.0000,71.6597,0.0000,4896.0000,2067.0000,0.0000,33.0000,70.0000,32.0000,20.0000
2.6160,0.7030,0.4330,0.4860,0.2160,0.0000,0.0000,1.4800,1.0000,2.3780,5.0950,2.9190,0.0000,0.0000,0.0000,71.6597,0.0000,4896.0000,2067.0000,0.0000,33.0000,70.0000,32.0000,19.0000
3.0570,0.6690,0.5530,0.4290,0.2750,0.0000,0.0000,1.8350,1.0000,2.3780,5.0950,2.9190,0.0000,0.0000,0.0000,71.7123,0.0000,4901.0000,2067.0000,0.0000,33.0000,70.0000,32.0000,19.0000
2.8680,0.8950,0.4800,0.4390,0.2500,0.0000,0.0000,1.4930,1.0000,2.3780,5.0950,2.9190,0.0000,0.0000,0.0000,71.7219,0.0000,4902.0000,2067.0000,0.0000,33.0000,69.0000,32.0000,18.0000
2.7570,0.8410,0.4750,0.5150,0.2280,0.0000,0.0000,1.4410,1.0000,2.3780,5.0950,2.9190,0.0000,0.0000,0.0000,71.7235,0.0000,4902.0000,2067.0000,0.0000,33.0000,71.0000,32.0000,18.0000
2.7400,0.7330,0.5090,0.4560,0.2500,0.0000,0.0000,1.4980,1.0000,2.3780,5.0950,2.9190,0.0000,0.0000,0.0000,71.7236,0.0000,4902.0000,2067.0000,0.0000,33.0000,71.0000,32.0000,18.0000
2.7510,0.7380,0.4500,0.4970,0.2150,0.0000,0.0000,1.5630,1.0000,2.3780,5.0950,2.9190,0.0000,0.0000,0.0000,71.7243,0.0000,4902.0000,2067.0000,0.0000,33.0000,72.0000,32.0000,19.0000
2.8290,0.7960,0.4740,0.5600,0.2500,0.0000,0.0000,1.5590,1.0000,2.3780,5.0950,2.9190,0.0000,0.0000,0.0000,71.7333,0.0000,4903.0000,2067.0000,0.0000,33.0000,71.0000,32.0000,19.0000
2.6920,0.7280,0.4640,0.4400,0.2260,0.0000,0.0000,1.5000,1.0000,2.3780,5.0950,2.9190,0.0000,0.0000,0.0000,71.3841,0.0000,4869.0000,2067.0000,0.0000,33.0000,71.0000,32.0000,18.0000
3.1050,0.7220,0.5560,0.4600,0.3350,0.0000,0.0000,1.8270,1.0000,2.3780,5.0950,2.9190,0.0000,0.0000,0.0000,71.4357,0.0000,4874.0000,2067.0000,0.0000,33.0000,72.0000,32.0000,19.0000
2.8300,1.0260,0.4930,0.4520,0.2870,0.0000,0.0000,1.3110,1.0000,2.3780,5.0950,2.9190,0.0000,0.0000,0.0000,71.4461,0.0000,4875.0000,2067.0000,0.0000,33.0000,72.0000,32.0000,19.0000
2.7710,0.7780,0.4860,0.5250,0.2880,0.0000,0.0000,1.5070,1.0000,2.3780,5.0950,2.9190,0.0000,0.0000,0.0000,71.4566,0.0000,4876.0000,2067.0000,0.0000,33.0000,72.0000,32.0000,20.0000
2.8550,0.7730,0.5190,0.5160,0.3080,0.0000,0.0000,1.5630,1.0000,2.3780,5.0950,2.9190,0.0000,0.0000,0.0000,71.4671,0.0000,4877.0000,2067.0000,0.0000,33.0000,72.0000,32.0000,20.0000
2.9100,0.7610,0.4890,0.5020,0.2640,0.0000,0.0000,1.6600,1.0000,2.3780,5.0950,2.9190,0.0000,0.0000,0.0000,71.4965,0.0000,4880.0000,2067.0000,0.0000,33.0000,70.0000,32.0000,20.0000
2.5970,0.8960,0.4400,0.5400,0.2130,0.0000,0.0000,1.2610,1.0000,2.3780,5.0950,2.9190,0.0000,0.0000,0.0000,71.4973,0.0000,4880.0000,2067.0000,0.0000,33.0000,71.0000,32.0000,18.0000
2.9070,0.7290,0.5220,0.4600,0.2790,0.0000,0.0000,1.6560,1.0000,2.3780,5.0950,2.9190,0.0000,0.0000,0.0000,71.5178,0.0000,4882.0000,2067.0000,0.0000,33.0000,71.0000,32.0000,20.0000
3.0670,0.7980,0.5400,0.4590,0.3130,0.0000,0.0000,1.7290,1.0000,2.3780,5.0950,2.9190,0.0000,0.0000,0.0000,71.5394,0.0000,4884.0000,2067.0000,0.0000,33.0000,73.0000,32.0000,19.0000
3.0800,0.8450,0.5420,0.4610,0.3280,0.0000,0.0000,1.6930,1.0000,2.3780,5.0950,2.9190,0.0000,0.0000,0.0000,71.5701,0.0000,4887.0000,2067.0000,0.0000,33.0000,73.0000,32.0000,19.0000
2.8100,0.8380,0.4840,0.4510,0.2460,0.0000,0.0000,1.4880,1.0000,2.3780,5.0950,2.9190,0.0000,0.0000,0.0000,71.5710,0.0000,4887.0000,2067.0000,0.0000,33.0000,74.0000,32.0000,18.0000
3.1340,0.7350,0.5560,0.5140,0.2980,0.0000,0.0000,1.8430,1.0000,2.3780,5.0950,2.9190,0.0000,0.0000,0.0000,71.5918,0.0000,4889.0000,2067.0000,0.0000,33.0000,74.0000,32.0000,17.0000
3.1340,0.8650,0.5750,0.5190,0.2530,0.0000,0.0000,1.6940,1.0000,2.3780,5.0950,2.9190,0.0000,0.0000,0.0000,71.5911,0.0000,4889.0000,2067.0000,0.0000,33.0000,73.0000,32.0000,17.0000
3.2640,0.8080,0.5000,0.5000,0.2420,0.0000,0.0000,1.9560,1.0000,2.3780,5.0950,2.9190,0.0000,0.0000,0.0000,71.5975,0.0000,4890.0000,2067.0000,0.0000,33.0000,74.0000,32.0000,16.0000
3.1710,0.9230,0.4690,0.6230,0.2200,0.0000,0.0000,1.7790,1.0000,2.3780,5.0950,2.9190,0.0000,0.0000,0.0000,71.5951,0.0000,4890.0000,2067.0000,0.0000,33.0000,74.0000,32.0000,16.0000
3.2980,0.9940,0.5400,0.7190,0.3180,0.0000,0.0000,1.7640,1.0000,2.3780,5.0950,2.9190,0.0000,0.0000,0.0000,71.6717,0.0000,4908.0000,2067.0000,0.0000,33.0000,74.0000,32.0000,16.0000
2.9110,1.0260,0.5270,0.5060,0.2650,0.0000,0.0000,1.3580,1.0000,2.3780,5.0950,2.9190,0.0000,0.0000,0.0000,71.6725,0.0000,4908.0000,2067.0000,0.0000,33.0000,75.0000,32.0000,17.0000
3.1280,0.7760,0.5310,0.5340,0.3180,0.0000,0.0000,1.8210,1.0000,2.3780,5.0950,2.9190,0.0000,0.0000,0.0000,71.6933,0.0000,4910.0000,2067.0000,0.0000,33.0000,75.0000,32.0000,17.0000
3.0320,0.8710,0.5530,0.4970,0.3330,0.0000,0.0000,1.6080,1.0000,2.3780,5.0950,2.9190,0.0000,0.0000,0.0000,71.7345,0.0000,4914.0000,2067.0000,0.0000,33.0000,76.0000,32.0000,18.0000
2.9490,0.8870,0.5200,0.4470,0.3060,0.0000,0.0000,1.5420,1.0000,2.3780,5.0950,2.9190,0.0000,0.0000,0.0000,71.7450,0.0000,4915.0000,2067.0000,0.0000,33.0000,76.0000,32.0000,19.0000
2.9010,0.7710,0.5490,0.4960,0.2900,0.0000,0.0000,1.5810,1.0000,2.3780,5.0950,2.9190,0.0000,0.0000,0.0000,71.7548,0.0000,4916.0000,2067.0000,0.0000,33.0000,75.0000,32.0000,19.0000
2.9980,0.7890,0.5440,0.5040,0.3140,0.0000,0.0000,1.6650,1.0000,2.3780,5.0950,2.9190,0.0000,0.0000,0.0000,71.7738,0.0000,4918.0000,2067.0000,0.0000,33.0000,73.0000,32.0000,19.0000
3.0120,0.8820,0.5160,0.4950,0.3030,0.0000,0.0000,1.6140,1.0000,2.3780,5.0950,2.9190,0.0000,0.0000,0.0000,71.7850,0.0000,4919.0000,2067.0000,0.0000,33.0000,74.0000,32.0000,19.0000
2.7130,0.7990,0.4330,0.5090,0.2170,0.0000,0.0000,1.4810,1.0000,2.3780,5.0950,2.9190,0.0000,0.0000,0.0000,71.7844,0.0000,4919.0000,2067.0000,0.0000,33.0000,73.0000,32.0000,17.0000
2.9990,0.7650,0.5600,0.5210,0.3240,0.0000,0.0000,1.6740,1.0000,2.3780,5.0950,2.9190,0.0000,0.0000,0.0000,71.8050,0.0000,4921.0000,2067.0000,0.0000,33.0000,73.0000,32.0000,16.0000
2.9890,0.8720,0.4310,0.5270,0.2130,0.0000,0.0000,1.6860,1.0000,2.3780,5.0950,2.9190,0.0000,0.0000,0.0000,71.8043,0.0000,4921.0000,2067.0000,0.0000,33.0000,72.0000,32.0000,16.0000
3.1080,0.8100,0.5120,0.5320,0.2780,0.0000,0.0000,1.7860,1.0000,2.3780,5.0950,2.9190,0.0000,0.0000,0.0000,71.8348,0.0000,4924.0000,2067.0000,0.0000,33.0000,72.0000,32.0000,16.0000
3.1230,0.8890,0.4840,0.5020,0.2570,0.0000,0.0000,1.7500,1.0000,2.3780,5.0950,2.9190,0.0000,0.0000,0.0000,71.8552,0.0000,4926.0000,2067.0000,0.0000,33.0000,72.0000,32.0000,16.0000
2.9100,0.8940,0.4920,0.5500,0.2200,0.0000,0.0000,1.5240,1.0000,2.3780,5.0950,2.9190,0.0000,0.0000,0.0000,71.8547,0.0000,4926.0000,2067.0000,0.0000,33.0000,71.0000,32.0000,16.0000
3.0590,0.7780,0.4390,0.5150,0.2170,0.0000,0.0000,1.8420,1.0000,2.3780,5.0950,2.9190,0.0000,0.0000,0.0000,71.8541,0.0000,4926.0000,2067.0000,0.0000,33.0000,70.0000,32.0000,16.0000
2.4140,0.8230,0.3570,0.5620,0.1720,0.0000,0.0000,1.2340,1.0000,2.3780,5.0950,2.9190,0.0000,0.0000,0.0000,71.8541,0.0000,4926.0000,2067.0000,0.0000,33.0000,70.0000,32.0000,16.0000
2.3630,0.6030,0.4320,0.3690,0.2080,0.0000,0.0000,1.3280,1.0000,2.3780,5.0950,2.9190,0.0000,0.0000,0.0000,71.8640,0.0000,4927.0000,2067.0000,0.0000,33.0000,70.0000,32.0000,16.0000
2.4780,0.6840,0.4180,0.4070,0.2170,0.0000,0.0000,1.3760,1.0000,2.3780,5.0950,2.9190,0.0000,0.0000,0.0000,71.8946,0.0000,4930.0000,2067.0000,0.0000,33.0000,71.0000,32.0000,16.0000
2.3490,0.7410,0.4010,0.4120,0.2140,0.0000,0.0000,1.2070,1.0000,2.3780,5.0950,2.9190,0.0000,0.0000,0.0000,71.4602,0.0000,4888.0000,2067.0000,0.0000,33.0000,71.0000,32.0000,17.0000
2.4540,0.5970,0.3840,0.4010,0.1930,0.0000,0.0000,1.4730,1.0000,2.3780,5.0950,2.9190,0.0000,0.0000,0.0000,71.4604,0.0000,4888.0000,2067.0000,0.0000,33.0000,71.0000,32.0000,19.0000
2.1820,0.6630,0.3460,0.4270,0.1680,0.0000,0.0000,1.1730,1.0000,2.3780,5.0950,2.9190,0.0000,0.0000,0.0000,71.4611,0.0000,4888.0000,2067.0000,0.0000,33.0000,72.0000,32.0000,18.0000
2.8810,0.5710,0.4560,0.3640,0.2520,0.0000,0.0000,1.8540,1.0000,2.3780,5.0950,2.9190,0.0000,0.0000,0.0000,71.4748,0.0000,4878.0000,2067.0000,0.0000,33.0000,72.0000,32.0000,19.0000
2.2240,0.6630,0.3590,0.4050,0.1760,0.0000,0.0000,1.2020,1.0000,2.3780,5.0950,2.9190,0.0000,0.0000,0.0000,71.4748,0.0000,4878.0000,2067.0000,0.0000,33.0000,72.0000,32.0000,18.0000
2.2430,0.6300,0.4240,0.4270,0.2500,0.0000,0.0000,1.1890,1.0000,2.3780,5.0950,2.9190,0.0000,0.0000,0.0000,71.4852,0.0000,4879.0000,2067.0000,0.0000,33.0000,72.0000,32.0000,17.0000
2.2360,0.6350,0.3470,0.4130,0.1800,0.0000,0.0000,1.2540,1.0000,2.3780,5.0950,2.9190,0.0000,0.0000,0.0000,71.4845,0.0000,4879.0000,2067.0000,0.0000,33.0000,71.0000,32.0000,17.0000
2.2880,0.6030,0.3820,0.3770,0.2050,0.0000,0.0000,1.3030,1.0000,2.3780,5.0950,2.9190,0.0000,0.0000,0.0000,71.5145,0.0000,4882.0000,2067.0000,0.0000,33.0000,70.0000,32.0000,17.0000
2.4150,0.6700,0.4280,0.3660,0.2150,0.0000,0.0000,1.3170,1.0000,2.3780,5.0950,2.9190,0.0000,0.0000,0.0000,71.5351,0.0000,4884.0000,2067.0000,0.0000,33.0000,70.0000,32.0000,18.0000
2.4320,0.7310,0.4200,0.4700,0.2190,0.0000,0.0000,1.2810,1.0000,2.3780,5.0950,2.9190,0.0000,0.0000,0.0000,71.5558,0.0000,4886.0000,2067.0000,0.0000,33.0000,70.0000,32.0000,18.0000
2.2050,0.7230,0.3320,0.3770,0.1640,0.0000,0.0000,1.1500,1.0000,2.3780,5.0950,2.9190,0.0000,0.0000,0.0000,71.5553,0.0000,4885.0000,2067.0000,0.0000,33.0000,71.0000,32.0000,18.0000
2.5310,0.5690,0.3940,0.3710,0.2090,0.0000,0.0000,1.5680,1.0000,2.3780,5.0950,2.9190,0.0000,0.0000,0.0000,71.5762,0.0000,4887.0000,2067.0000,0.0000,33.0000,71.0000,32.0000,18.0000
2.3420,0.7030,0.4200,0.4500,0.2200,0.0000,0.0000,1.2190,1.0000,2.3780,5.0950,2.9190,0.0000,0.0000,0.0000,71.5965,0.0000,4889.0000,2067.0000,0.0000,33.0000,71.0000,32.0000,18.0000
2.3380,0.6670,0.3970,0.3730,0.2200,0.0000,0.0000,1.2740,1.0000,2.3780,5.0950,2.9190,0.0000,0.0000,0.0000,71.5967,0.0000,4889.0000,2067.0000,0.0000,33.0000,71.0000,32.0000,18.0000
2.3440,0.5650,0.4390,0.3650,0.2550,0.0000,0.0000,1.3400,1.0000,2.3780,5.0950,2.9190,0.0000,0.0000,0.0000,71.6064,0.0000,4890.0000,2067.0000,0.0000,33.0000,70.0000,32.0000,18.0000
2.2740,0.6360,0.3610,0.4150,0.1830,0.0000,0.0000,1.2770,1.0000,2.3780,5.0950,2.9190,0.0000,0.0000,0.0000,71.6064,0.0000,4890.0000,2067.0000,0.0000,33.0000,70.0000,32.0000,19.0000
2.3080,0.6110,0.3770,0.3770,0.2010,0.0000,0.0000,1.3200,1.0000,2.3780,5.0950,2.9190,0.0000,0.0000,0.0000,71.6167,0.0000,4891.0000,2067.0000,0.0000,33.0000,70.0000,32.0000,19.0000
2.2930,0.6680,0.4120,0.4300,0.2410,0.0000,0.0000,1.2130,1.0000,2.3780,5.0950,2.9190,0.0000,0.0000,0.0000,71.6270,0.0000,4892.0000,2067.0000,0.0000,33.0000,70.0000,32.0000,19.0000
2.3030,0.6310,0.4030,0.4120,0.2110,0.0000,0.0000,1.2690,1.0000,2.3780,5.0950,2.9190,0.0000,0.0000,0.0000,71.6373,0.0000,4893.0000,2067.0000,0.0000,33.0000,70.0000,32.0000,20.0000
2.2270,0.6270,0.3870,0.3750,0.2000,0.0000,0.0000,1.2130,1.0000,2.3780,5.0950,2.9190,0.0000,0.0000,0.0000,71.6476,0.0000,4894.0000,2067.0000,0.0000,33.0000,70.0000,32.0000,19.0000
2.1440,0.6020,0.3900,0.3790,0.1780,0.0000,0.0000,1.1520,1.0000,2.3780,5.0950,2.9190,0.0000,0.0000,0.0000,71.6476,0.0000,4894.0000,2067.0000,0.0000,33.0000,70.0000,32.0000,19.0000
2.1500,0.5600,0.3790,0.3570,0.2050,0.0000,0.0000,1.2110,1.0000,2.3780,5.0950,2.9190,0.0000,0.0000,0.0000,71.6477,0.0000,4894.0000,2067.0000,0.0000,33.0000,70.0000,32.0000,19.0000
2.2260,0.5510,0.4050,0.3620,0.2010,0.0000,0.0000,1.2700,1.0000,2.3780,5.0950,2.9190,0.0000,0.0000,0.0000,71.6587,0.0000,4895.0000,2067.0000,0.0000,33.0000,71.0000,32.0000,19.0000
2.3090,0.6310,0.3800,0.4130,0.2150,0.0000,0.0000,1.2980,1.0000,2.3780,5.0950,2.9190,0.0000,0.0000,0.0000,71.6789,0.0000,4897.0000,2067.0000,0.0000,33.0000,71.0000,32.0000,20.0000
2.1570,0.6780,0.3480,0.3800,0.1830,0.0000,0.0000,1.1310,1.0000,2.3780,5.0950,2.9190,0.0000,0.0000,0.0000,71.6790,0.0000,4897.0000,2067.0000,0.0000,33.0000,71.0000,32.0000,20.0000
2.2340,0.5750,0.3730,0.3810,0.1980,0.0000,0.0000,1.2860,1.0000,2.3780,5.0950,2.9190,0.0000,0.0000,0.0000,71.6908,0.0000,4898.0000,2067.0000,0.0000,33.0000,71.0000,32.0000,20.0000
2.1430,0.6620,0.3860,0.4230,0.2080,0.0000,0.0000,1.0950,1.0000,2.3780,5.0950,2.9190,0.0000,0.0000,0.0000,71.6909,0.0000,4898.0000,2067.0000,0.0000,33.0000,71.0000,32.0000,19.0000
2.2640,0.5930,0.4140,0.4030,0.2080,0.0000,0.0000,1.2570,1.0000,2.3780,5.0950,2.9190,0.0000,0.0000,0.0000,71.7019,0.0000,4899.0000,2067.0000,0.0000,33.0000,72.0000,32.0000,20.0000
2.3900,0.6260,0.3980,0.3990,0.2200,0.0000,0.0000,1.3660,1.0000,2.3780,5.0950,2.9190,0.0000,0.0000,0.0000,71.7126,0.0000,4900.0000,2067.0000,0.0000,33.0000,72.0000,32.0000,20.0000
2.3530,0.7330,0.4180,0.4700,0.2110,0.0000,0.0000,1.2020,1.0000,2.3780,5.0950,2.9190,0.0000,0.0000,0.0000,71.7339,0.0000,4902.0000,2067.0000,0.0000,33.0000,73.0000,32.0000,19.0000
2.3620,0.6780,0.4290,0.4200,0.2220,0.0000,0.0000,1.2550,1.0000,2.3780,5.0950,2.9190,0.0000,0.0000,0.0000,71.7545,0.0000,4904.0000,2067.0000,0.0000,33.0000,73.0000,32.0000,19.0000
2.2190,0.6670,0.3930,0.3770,0.2030,0.0000,0.0000,1.1590,1.0000,2.3780,5.0950,2.9190,0.0000,0.0000,0.0000,71.7649,0.0000,4905.0000,2067.0000,0.0000,33.0000,73.0000,32.0000,18.0000
2.3010,0.5980,0.3530,0.3730,0.1760,0.0000,0.0000,1.3500,1.0000,2.3780,5.0950,2.9190,0.0000,0.0000,0.0000,71.7650,0.0000,4905.0000,2067.0000,0.0000,33.0000,73.0000,32.0000,18.0000
2.2890,0.6420,0.3860,0.4240,0.1800,0.0000,0.0000,1.2610,1.0000,2.3780,5.0950,2.9190,0.0000,0.0000,0.0000,71.7651,0.0000,4905.0000,2067.0000,0.0000,33.0000,73.0000,32.0000,18.0000
2.4320,0.5970,0.3910,0.4050,0.2140,0.0000,0.0000,1.4440,1.0000,2.3780,5.0950,2.9190,0.0000,0.0000,0.0000,71.7753,0.0000,4906.0000,2067.0000,0.0000,33.0000,73.0000,32.0000,19.0000
2.3210,0.6370,0.3840,0.3730,0.2100,0.0000,0.0000,1.3000,1.0000,2.3780,5.0950,2.9190,0.0000,0.0000,0.0000,71.7959,0.0000,4908.0000,2067.0000,0.0000,33.0000,73.0000,32.0000,18.0000
2.2120,0.6330,0.3710,0.3600,0.1730,0.0000,0.0000,1.2080,1.0000,2.3780,5.0950,2.9190,0.0000,0.0000,0.0000,71.7959,0.0000,4908.0000,2067.0000,0.0000,33.0000,73.0000,32.0000,18.0000
2.3550,0.6060,0.3770,0.4070,0.2080,0.0000,0.0000,1.3720,1.0000,2.3780,5.0950,2.9190,0.0000,0.0000,0.0000,71.8063,0.0000,4909.0000,2067.0000,0.0000,33.0000,73.0000,32.0000,18.0000
2.1270,0.6360,0.3540,0.3660,0.1700,0.0000,0.0000,1.1370,1.0000,2.3780,5.0950,2.9190,0.0000,0.0000,0.0000,71.8056,0.0000,4909.0000,2067.0000,0.0000,33.0000,72.0000,32.0000,17.0000
2.1480,0.5490,0.3420,0.3390,0.1720,0.0000,0.0000,1.2570,1.0000,2.3780,5.0950,2.9190,0.0000,0.0000,0.0000,71.8063,0.0000,4909.0000,2067.0000,0.0000,33.0000,73.0000,32.0000,17.0000
2.1210,0.6190,0.3980,0.4140,0.2120,0.0000,0.0000,1.1040,1.0000,2.3780,5.0950,2.9190,0.0000,0.0000,0.0000,71.8058,0.0000,4909.0000,2067.0000,0.0000,33.0000,73.0000,32.0000,17.0000
2.4440,0.5870,0.4280,0.3880,0.2510,0.0000,0.0000,1.4290,1.0000,2.3780,5.0950,2.9190,0.0000,0.0000,0.0000,71.4443,0.0000,4874.0000,2067.0000,0.0000,33.0000,73.0000,32.0000,18.0000
2.2110,0.6700,0.3430,0.3620,0.1650,0.0000,0.0000,1.1980,1.0000,2.3780,5.0950,2.9190,0.0000,0.0000,0.0000,71.4442,0.0000,4874.0000,2067.0000,0.0000,33.0000,73.0000,32.0000,17.0000
2.3460,0.5970,0.4370,0.3680,0.2610,0.0000,0.0000,1.3120,1.0000,2.3780,5.0950,2.9190,0.0000,0.0000,0.0000,71.4648,0.0000,4876.0000,2067.0000,0.0000,33.0000,73.0000,32.0000,17.0000
2.1210,0.5900,0.3800,0.3350,0.2050,0.0000,0.0000,1.1510,1.0000,2.3780,5.0950,2.9190,0.0000,0.0000,0.0000,71.4662,0.0000,4876.0000,2067.0000,0.0000,33.0000,75.0000,32.0000,17.0000
2.2940,0.5600,0.4170,0.3840,0.2150,0.0000,0.0000,1.3170,1.0000,2.3780,5.0950,2.9190,0.0000,0.0000,0.0000,71.4968,0.0000,4879.0000,2067.0000,0.0000,33.0000,75.0000,32.0000,17.0000
2.5320,0.6620,0.3820,0.3540,0.1970,0.0000,0.0000,1.4880,1.0000,2.3780,5.0950,2.9190,0.0000,0.0000,0.0000,71.5072,0.0000,4880.0000,2067.0000,0.0000,33.0000,75.0000,32.0000,17.0000
2.4180,0.9120,0.4260,0.6440,0.2560,0.0000,0.0000,1.0800,1.0000,2.3780,5.0950,2.9190,0.0000,0.0000,0.0000,71.5378,0.0000,4883.0000,2067.0000,0.0000,33.0000,75.0000,32.0000,17.0000
2.2430,0.6680,0.3550,0.3900,0.1810,0.0000,0.0000,1.2200,1.0000,2.3780,5.0950,2.9190,0.0000,0.0000,0.0000,71.5398,0.0000,4883.0000,2067.0000,0.0000,33.0000,77.0000,32.0000,18.0000
2.1150,0.5690,0.3460,0.3500,0.1710,0.0000,0.0000,1.2000,1.0000,2.3780,5.0950,2.9190,0.0000,0.0000,0.0000,71.5399,0.0000,4883.0000,2067.0000,0.0000,33.0000,77.0000,32.0000,17.0000
2.1730,0.5310,0.3860,0.3490,0.2140,0.0000,0.0000,1.2560,1.0000,2.3780,5.0950,2.9190,0.0000,0.0000,0.0000,71.5399,0.0000,4883.0000,2067.0000,0.0000,33.0000,77.0000,32.0000,17.0000
11.1300,0.5480,0.3790,0.3580,0.2170,0.0000,0.0000,10.2030,1.0000,2.3780,5.0950,2.9190,0.0000,0.0000,0.0000,71.5399,0.0000,4883.0000,2067.0000,0.0000,33.0000,77.0000,32.0000,17.0000
4.0370,0.7780,1.4810,0.4710,1.1900,0.0000,0.0000,1.7780,1.0000,2.3780,5.0950,2.9190,0.0000,0.0000,0.0000,71.5605,0.0000,4886.0000,2067.0000,0.0000,33.0000,77.0000,32.0000,17.0000
5.3190,0.8690,0.5340,0.4850,0.2770,0.0000,0.0000,3.9160,1.0000,2.3780,5.0950,2.9190,0.0000,0.0000,0.0000,71.6013,0.0000,4890.0000,2067.0000,0.0000,33.0000,77.0000,32.0000,17.0000
3.0360,1.1990,0.4800,0.5440,0.2670,0.0000,0.0000,1.3570,1.0000,2.3780,5.0950,2.9190,0.0000,0.0000,0.0000,71.6015,0.0000,4890.0000,2067.0000,0.0000,33.0000,77.0000,32.0000,17.0000
3.4620,0.7930,0.9490,0.5460,0.5550,0.0000,0.0000,1.7200,1.0000,2.3780,5.0950,2.9190,0.0000,0.0000,0.0000,71.6010,0.0000,4890.0000,2067.0000,0.0000,33.0000,76.0000,32.0000,18.0000
4.0020,0.7220,0.5390,0.4250,0.2950,0.0000,0.0000,2.7410,1.0000,2.3780,5.0950,2.9190,0.0000,0.0000,0.0000,71.6010,0.0000,4890.0000,2067.0000,0.0000,33.0000,76.0000,32.0000,17.0000
4.2080,0.7130,0.7120,0.4340,0.3500,0.0000,0.0000,2.7830,1.0000,2.3780,5.0950,2.9190,0.0000,0.0000,0.0000,71.6010,0.0000,4890.0000,2067.0000,0.0000,33.0000,76.0000,32.0000,17.0000
4.4170,1.1000,0.6770,0.7480,0.3740,0.0000,0.0000,2.6400,1.0000,2.3780,5.0950,2.9190,0.0000,0.0000,0.0000,71.6113,0.0000,4891.0000,2067.0000,0.0000,33.0000,76.0000,32.0000,17.0000
4.7140,1.1150,0.8730,0.6850,0.5290,0.0000,0.0000,2.7260,1.0000,2.3780,5.0950,2.9190,0.0000,0.0000,0.0000,71.6417,0.0000,4894.0000,2067.0000,0.0000,33.0000,76.0000,32.0000,19.0000
4.1490,1.4090,0.6530,0.9100,0.3560,0.0000,0.0000,2.0870,1.0000,2.3780,5.0950,2.9190,0.0000,0.0000,0.0000,71.6621,0.0000,4896.0000,2067.0000,0.0000,33.0000,76.0000,32.0000,19.0000
4.1070,1.0660,0.5740,0.6020,0.2980,0.0000,0.0000,2.4670,1.0000,2.3780,5.0950,2.9190,0.0000,0.0000,0.0000,71.6629,0.0000,4896.0000,2067.0000,0.0000,33.0000,77.0000,32.0000,19.0000
4.0080,1.0940,0.6770,0.6410,0.3790,0.0000,0.0000,2.2370,1.0000,2.3780,5.0950,2.9190,0.0000,0.0000,0.0000,71.6630,0.0000,4896.0000,2067.0000,0.0000,33.0000,77.0000,32.0000,20.0000
4.2640,1.0010,0.7320,0.6230,0.4330,0.0000,0.0000,2.5310,1.0000,2.3780,5.0950,2.9190,0.0000,0.0000,0.0000,71.6740,0.0000,4897.0000,2067.0000,0.0000,33.0000,78.0000,32.0000,19.0000
4.1700,1.1860,0.8010,0.7150,0.4920,0.0000,0.0000,2.1830,1.0000,2.3780,5.0950,2.9190,0.0000,0.0000,0.0000,71.6943,0.0000,4899.0000,2067.0000,0.0000,33.0000,78.0000,32.0000,20.0000
3.0640,1.2750,0.5470,0.8070,0.2650,0.0000,0.0000,1.2420,1.0000,2.3780,5.0950,2.9190,0.0000,0.0000,0.0000,71.7047,0.0000,4900.0000,2067.0000,0.0000,33.0000,78.0000,32.0000,20.0000
4.7210,0.7950,0.5210,0.4220,0.2470,0.0000,0.0000,3.4050,1.0000,2.3780,5.0950,2.9190,0.0000,0.0000,0.0000,71.7048,0.0000,4900.0000,2067.0000,0.0000,33.0000,78.0000,32.0000,21.0000
3.7160,0.7080,0.5700,0.4210,0.3450,0.0000,0.0000,2.4380,1.0000,2.3780,5.0950,2.9190,0.0000,0.0000,0.0000,71.3724,0.0000,4868.0000,2067.0000,0.0000,33.0000,79.0000,32.0000,21.0000
3.1230,1.4650,0.4880,1.0730,0.2670,0.0000,0.0000,1.1700,1.0000,2.3780,5.0950,2.9190,0.0000,0.0000,0.0000,71.4125,0.0000,4872.0000,2067.0000,0.0000,33.0000,79.0000,32.0000,20.0000
3.1480,0.9500,0.5210,0.5440,0.3070,0.0000,0.0000,1.6770,1.0000,2.3780,5.0950,2.9190,0.0000,0.0000,0.0000,71.4526,0.0000,4876.0000,2067.0000,0.0000,33.0000,78.0000,32.0000,20.0000
3.2220,0.8950,0.5440,0.4870,0.3270,0.0000,0.0000,1.7830,1.0000,2.3780,5.0950,2.9190,0.0000,0.0000,0.0000,71.4632,0.0000,4877.0000,2067.0000,0.0000,33.0000,78.0000,32.0000,18.0000
3.0050,0.7500,0.5500,0.4250,0.2810,0.0000,0.0000,1.7050,1.0000,2.3780,5.0950,2.9190,0.0000,0.0000,0.0000,71.4815,0.0000,4879.0000,2067.0000,0.0000,33.0000,75.0000,32.0000,18.0000
2.9470,0.7870,0.5330,0.4270,0.3130,0.0000,0.0000,1.6270,1.0000,2.3780,5.0950,2.9190,0.0000,0.0000,0.0000,71.4926,0.0000,4880.0000,2067.0000,0.0000,33.0000,76.0000,32.0000,18.0000
3.5940,0.7210,0.5180,0.4150,0.2810,0.0000,0.0000,2.3550,1.0000,2.3780,5.0950,2.9190,0.0000,0.0000,0.0000,71.4907,0.0000,4880.0000,2067.0000,0.0000,33.0000,73.0000,32.0000,18.0000
3.1280,0.7610,0.4340,0.5220,0.2130,0.0000,0.0000,1.9330,1.0000,2.3780,5.0950,2.9190,0.0000,0.0000,0.0000,71.4908,0.0000,4880.0000,2067.0000,0.0000,33.0000,73.0000,32.0000,18.0000
2.9690,0.9470,0.4990,0.5000,0.2790,0.0000,0.0000,1.5230,1.0000,2.3780,5.0950,2.9190,0.0000,0.0000,0.0000,71.5024,0.0000,4881.0000,2067.0000,0.0000,33.0000,73.0000,32.0000,19.0000
3.0310,0.7680,0.5650,0.5060,0.3520,0.0000,0.0000,1.6980,1.0000,2.3780,5.0950,2.9190,0.0000,0.0000,0.0000,71.5229,0.0000,4883.0000,2067.0000,0.0000,33.0000,73.0000,32.0000,19.0000
3.1620,0.8180,0.5100,0.4930,0.2930,0.0000,0.0000,1.8340,1.0000,2.3780,5.0950,2.9190,0.0000,0.0000,0.0000,71.5332,0.0000,4884.0000,2067.0000,0.0000,33.0000,73.0000,32.0000,17.0000
2.9080,0.8120,0.5300,0.4960,0.2960,0.0000,0.0000,1.5660,1.0000,2.3780,5.0950,2.9190,0.0000,0.0000,0.0000,71.5342,0.0000,4884.0000,2067.0000,0.0000,33.0000,74.0000,32.0000,16.0000
2.7930,0.7500,0.4360,0.5050,0.2370,0.0000,0.0000,1.6070,1.0000,2.3780,5.0950,2.9190,0.0000,0.0000,0.0000,71.5350,0.0000,4884.0000,2067.0000,0.0000,33.0000,75.0000,32.0000,16.0000
2.7920,0.7100,0.4820,0.4920,0.2780,0.0000,0.0000,1.6000,1.0000,2.3780,5.0950,2.9190,0.0000,0.0000,0.0000,71.5336,0.0000,4884.0000,2067.0000,0.0000,33.0000,73.0000,32.0000,17.0000
2.7880,0.6490,0.4390,0.4220,0.2120,0.0000,0.0000,1.7000,1.0000,2.3780,5.0950,2.9190,0.0000,0.0000,0.0000,71.5336,0.0000,4884.0000,2067.0000,0.0000,33.0000,73.0000,32.0000,18.0000
3.0370,0.7040,0.6450,0.4110,0.3440,0.0000,0.0000,1.6880,1.0000,2.3780,5.0950,2.9190,0.0000,0.0000,0.0000,71.5439,0.0000,4885.0000,2067.0000,0.0000,33.0000,73.0000,32.0000,18.0000
2.8590,0.6770,0.5440,0.4050,0.2670,0.0000,0.0000,1.6380,1.0000,2.3780,5.0950,2.9190,0.0000,0.0000,0.0000,71.5637,0.0000,4887.0000,2067.0000,0.0000,33.0000,72.0000,32.0000,17.0000
3.0300,0.7630,0.5400,0.4100,0.2650,0.0000,0.0000,1.7270,1.0000,2.3780,5.0950,2.9190,0.0000,0.0000,0.0000,71.5740,0.0000,4888.0000,2067.0000,0.0000,33.0000,72.0000,32.0000,17.0000
3.0540,0.7810,0.4840,0.4130,0.2130,0.0000,0.0000,1.7890,1.0000,2.3780,5.0950,2.9190,0.0000,0.0000,0.0000,71.5748,0.0000,4888.0000,2067.0000,0.0000,33.0000,73.0000,32.0000,19.0000
3.0160,0.7910,0.5220,0.4870,0.2600,0.0000,0.0000,1.7030,1.0000,2.3780,5.0950,2.9190,0.0000,0.0000,0.0000,71.5953,0.0000,4890.0000,2067.0000,0.0000,33.0000,73.0000,32.0000,19.0000
2.8930,0.7810,0.5360,0.4140,0.2610,0.0000,0.0000,1.5760,1.0000,2.3780,5.0950,2.9190,0.0000,0.0000,0.0000,71.6057,0.0000,4891.0000,2067.0000,0.0000,33.0000,73.0000,32.0000,18.0000
2.9930,0.7150,0.5420,0.4050,0.2650,0.0000,0.0000,1.7360,1.0000,2.3780,5.0950,2.9190,0.0000,0.0000,0.0000,71.6160,0.0000,4892.0000,2067.0000,0.0000,33.0000,73.0000,32.0000,17.0000
3.0360,0.7670,0.5470,0.4160,0.3130,0.0000,0.0000,1.7220,1.0000,2.3780,5.0950,2.9190,0.0000,0.0000,0.0000,71.6256,0.0000,4893.0000,2067.0000,0.0000,33.0000,72.0000,32.0000,18.0000
2.8080,0.8500,0.5010,0.5140,0.2290,0.0000,0.0000,1.4570,1.0000,2.3780,5.0950,2.9190,0.0000,0.0000,0.0000,71.6257,0.0000,4893.0000,2067.0000,0.0000,33.0000,72.0000,32.0000,18.0000
3.0270,0.7020,0.6130,0.4210,0.3210,0.0000,0.0000,1.7120,1.0000,2.3780,5.0950,2.9190,0.0000,0.0000,0.0000,71.6474,0.0000,4895.0000,2067.0000,0.0000,33.0000,74.0000,32.0000,18.0000
2.9950,0.7890,0.5610,0.4230,0.3300,0.0000,0.0000,1.6450,1.0000,2.3780,5.0950,2.9190,0.0000,0.0000,0.0000,71.6680,0.0000,4897.0000,2067.0000,0.0000,33.0000,74.0000,32.0000,18.0000
2.8530,0.8750,0.5130,0.4200,0.2750,0.0000,0.0000,1.4650,1.0000,2.3780,5.0950,2.9190,0.0000,0.0000,0.0000,71.6667,0.0000,4897.0000,2067.0000,0.0000,33.0000,72.0000,32.0000,18.0000
2.7520,0.7110,0.4470,0.4730,0.2260,0.0000,0.0000,1.5940,1.0000,2.3780,5.0950,2.9190,0.0000,0.0000,0.0000,71.6678,0.0000,4897.0000,2067.0000,0.0000,33.0000,73.0000,32.0000,18.0000
3.1090,0.7180,0.5570,0.4880,0.3370,0.0000,0.0000,1.8340,1.0000,2.3780,5.0950,2.9190,0.0000,0.0000,0.0000,71.6976,0.0000,4900.0000,2067.0000,0.0000,33.0000,72.0000,32.0000,18.0000
2.7670,0.8590,0.3980,0.4970,0.1960,0.0000,0.0000,1.5100,1.0000,2.3780,5.0950,2.9190,0.0000,0.0000,0.0000,71.6976,0.0000,4900.0000,2067.0000,0.0000,33.0000,72.0000,32.0000,18.0000
5.4890,0.8040,0.4050,0.5640,0.1970,0.0000,0.0000,4.2800,1.0000,2.3780,5.0950,2.9190,0.0000,0.0000,0.0000,71.6978,0.0000,4900.0000,2067.0000,0.0000,33.0000,72.0000,32.0000,18.0000
2.9340,0.7120,0.5210,0.4590,0.2800,0.0000,0.0000,1.7010,1.0000,2.3780,5.0950,2.9190,0.0000,0.0000,0.0000,71.3997,0.0000,4871.0000,2067.0000,0.0000,33.0000,72.0000,32.0000,18.0000
3.1360,0.7880,0.5610,0.4670,0.3570,0.0000,0.0000,1.7870,1.0000,2.3780,5.0950,2.9190,0.0000,0.0000,0.0000,71.4418,0.0000,4875.0000,2067.0000,0.0000,33.0000,72.0000,32.0000,19.0000
2.7800,0.8620,0.5080,0.4580,0.2770,0.0000,0.0000,1.4100,1.0000,2.3780,5.0950,2.9190,0.0000,0.0000,0.0000,71.4412,0.0000,4875.0000,2067.0000,0.0000,33.0000,71.0000,32.0000,19.0000
3.0220,0.7040,0.6300,0.4730,0.4110,0.0000,0.0000,1.6880,1.0000,2.3780,5.0950,2.9190,0.0000,0.0000,0.0000,71.4619,0.0000,4877.0000,2067.0000,0.0000,33.0000,71.0000,32.0000,18.0000
2.7730,0.8060,0.4340,0.4720,0.2320,0.0000,0.0000,1.5330,1.0000,2.3780,5.0950,2.9190,0.0000,0.0000,0.0000,71.4612,0.0000,4877.0000,2067.0000,0.0000,33.0000,70.0000,32.0000,19.0000
2.9380,0.7900,0.4860,0.5700,0.2560,0.0000,0.0000,1.6620,1.0000,2.3780,5.0950,2.9190,0.0000,0.0000,0.0000,71.4812,0.0000,4879.0000,2067.0000,0.0000,33.0000,69.0000,32.0000,18.0000
2.6190,0.8430,0.4020,0.4730,0.1970,0.0000,0.0000,1.3740,1.0000,2.3780,5.0950,2.9190,0.0000,0.0000,0.0000,71.4812,0.0000,4879.0000,2067.0000,0.0000,33.0000,69.0000,32.0000,18.0000
2.7420,0.6630,0.4950,0.4210,0.2230,0.0000,0.0000,1.5840,1.0000,2.3780,5.0950,2.9190,0.0000,0.0000,0.0000,71.4820,0.0000,4879.0000,2067.0000,0.0000,33.0000,70.0000,32.0000,18.0000
2.9190,0.6850,0.5470,0.4170,0.3310,0.0000,0.0000,1.6870,1.0000,2.3780,5.0950,2.9190,0.0000,0.0000,0.0000,71.5025,0.0000,4881.0000,2067.0000,0.0000,33.0000,70.0000,32.0000,18.0000
2.8450,0.7770,0.4890,0.4650,0.2650,0.0000,0.0000,1.5790,1.0000,2.3780,5.0950,2.9190,0.0000,0.0000,0.0000,71.5135,0.0000,4882.0000,2067.0000,0.0000,33.0000,71.0000,32.0000,18.0000
2.9120,0.7400,0.5640,0.4790,0.3420,0.0000,0.0000,1.6080,1.0000,2.3780,5.0950,2.9190,0.0000,0.0000,0.0000,71.5238,0.0000,4883.0000,2067.0000,0.0000,33.0000,71.0000,32.0000,18.0000
2.6520,0.7590,0.4080,0.4960,0.2020,0.0000,0.0000,1.4850,1.0000,2.3780,5.0950,2.9190,0.0000,0.0000,0.0000,71.5239,0.0000,4883.0000,2067.0000,0.0000,33.0000,71.0000,32.0000,18.0000
2.7850,0.7320,0.5190,0.5010,0.2510,0.0000,0.0000,1.5340,1.0000,2.3780,5.0950,2.9190,0.0000,0.0000,0.0000,71.5342,0.0000,4884.0000,2067.0000,0.0000,33.0000,71.0000,32.0000,18.0000
2.7650,0.7080,0.5530,0.4050,0.2550,0.0000,0.0000,1.5040,1.0000,2.3780,5.0950,2.9190,0.0000,0.0000,0.0000,71.5335,0.0000,4884.0000,2067.0000,0.0000,33.0000,70.0000,32.0000,19.0000
2.8130,0.7130,0.4510,0.4820,0.2330,0.0000,0.0000,1.6490,1.0000,2.3780,5.0950,2.9190,0.0000,0.0000,0.0000,71.5336,0.0000,4884.0000,2067.0000,0.0000,33.0000,70.0000,32.0000,18.0000
2.7710,0.7960,0.4680,0.5750,0.2450,0.0000,0.0000,1.5070,1.0000,2.3780,5.0950,2.9190,0.0000,0.0000,0.0000,71.5438,0.0000,4885.0000,2067.0000,0.0000,33.0000,70.0000,32.0000,17.0000
2.6900,0.6930,0.4510,0.4200,0.2200,0.0000,0.0000,1.5460,1.0000,2.3780,5.0950,2.9190,0.0000,0.0000,0.0000,71.5438,0.0000,4885.0000,2067.0000,0.0000,33.0000,70.0000,32.0000,18.0000
3.1820,0.6820,0.5450,0.4180,0.3140,0.0000,0.0000,1.9550,1.0000,2.3780,5.0950,2.9190,0.0000,0.0000,0.0000,71.5549,0.0000,4886.0000,2067.0000,0.0000,33.0000,71.0000,32.0000,18.0000
2.7380,0.8150,0.4840,0.4120,0.2120,0.0000,0.0000,1.4390,1.0000,2.3780,5.0950,2.9190,0.0000,0.0000,0.0000,71.5556,0.0000,4886.0000,2067.0000,0.0000,33.0000,72.0000,32.0000,17.0000
3.0440,0.7010,0.5650,0.4310,0.3300,0.0000,0.0000,1.7780,1.0000,2.3780,5.0950,2.9190,0.0000,0.0000,0.0000,71.5752,0.0000,4888.0000,2067.0000,0.0000,33.0000,71.0000,32.0000,18.0000
2.7750,0.8350,0.5820,0.5180,0.3070,0.0000,0.0000,1.3580,1.0000,2.3780,5.0950,2.9190,0.0000,0.0000,0.0000,71.5956,0.0000,4890.0000,2067.0000,0.0000,33.0000,71.0000,32.0000,19.0000
3.0710,0.7700,0.5250,0.4120,0.3070,0.0000,0.0000,1.7760,1.0000,2.3780,5.0950,2.9190,0.0000,0.0000,0.0000,71.6359,0.0000,4894.0000,2067.0000,0.0000,33.0000,70.0000,32.0000,18.0000
2.5990,0.9140,0.4370,0.4620,0.2270,0.0000,0.0000,1.2480,1.0000,2.3780,5.0950,2.9190,0.0000,0.0000,0.0000,71.6360,0.0000,4894.0000,2067.0000,0.0000,33.0000,70.0000,32.0000,17.0000
2.6660,0.6790,0.4210,0.4650,0.2100,0.0000,0.0000,1.5660,1.0000,2.3780,5.0950,2.9190,0.0000,0.0000,0.0000,71.6362,0.0000,4894.0000,2067.0000,0.0000,33.0000,70.0000,32.0000,17.0000
3.0180,0.6740,0.5070,0.4120,0.2870,0.0000,0.0000,1.8370,1.0000,2.3780,5.0950,2.9190,0.0000,0.0000,0.0000,71.6471,0.0000,4895.0000,2067.0000,0.0000,33.0000,71.0000,32.0000,17.0000
2.8010,0.7660,0.5040,0.4070,0.2790,0.0000,0.0000,1.5310,1.0000,2.3780,5.0950,2.9190,0.0000,0.0000,0.0000,71.6575,0.0000,4896.0000,2067.0000,0.0000,33.0000,71.0000,32.0000,17.0000
2.6700,0.7270,0.4930,0.4130,0.2780,0.0000,0.0000,1.4500,1.0000,2.3780,5.0950,2.9190,0.0000,0.0000,0.0000,71.6576,0.0000,4896.0000,2067.0000,0.0000,33.0000,71.0000,32.0000,17.0000
2.5810,0.6670,0.4010,0.4570,0.1980,0.0000,0.0000,1.5130,1.0000,2.3780,5.0950,2.9190,0.0000,0.0000,0.0000,71.6584,0.0000,4896.0000,2067.0000,0.0000,33.0000,72.0000,32.0000,17.0000
2.7780,0.5990,0.4790,0.3860,0.2470,0.0000,0.0000,1.7000,1.0000,2.3780,5.0950,2.9190,0.0000,0.0000,0.0000,71.6796,0.0000,4898.0000,2067.0000,0.0000,33.0000,73.0000,32.0000,17.0000
2.6000,0.7260,0.4550,0.3880,0.2520,0.0000,0.0000,1.4190,1.0000,2.3780,5.0950,2.9190,0.0000,0.0000,0.0000,71.6796,0.0000,4898.0000,2067.0000,0.0000,33.0000,73.0000,32.0000,17.0000
2.6870,0.6690,0.4370,0.4610,0.2360,0.0000,0.0000,1.5810,1.0000,2.3780,5.0950,2.9190,0.0000,0.0000,0.0000,71.7002,0.0000,4900.0000,2067.0000,0.0000,33.0000,73.0000,32.0000,17.0000
3.0880,0.6920,0.4710,0.3970,0.2300,0.0000,0.0000,1.9250,1.0000,2.3780,5.0950,2.9190,0.0000,0.0000,0.0000,71.7105,0.0000,4901.0000,2067.0000,0.0000,33.0000,73.0000,32.0000,18.0000
2.6730,0.7460,0.4740,0.4640,0.2120,0.0000,0.0000,1.4530,1.0000,2.3780,5.0950,2.9190,0.0000,0.0000,0.0000,71.7106,0.0000,4901.0000,2067.0000,0.0000,33.0000,73.0000,32.0000,17.0000
3.3510,0.6860,0.6450,0.3960,0.3540,0.0000,0.0000,2.0200,1.0000,2.3780,5.0950,2.9190,0.0000,0.0000,0.0000,71.7202,0.0000,4902.0000,2067.0000,0.0000,33.0000,73.0000,32.0000,17.0000
3.0240,0.8730,0.4880,0.4990,0.2530,0.0000,0.0000,1.6630,1.0000,2.3780,5.0950,2.9190,0.0000,0.0000,0.0000,71.3797,0.0000,4869.0000,2067.0000,0.0000,33.0000,73.0000,32.0000,17.0000
2.8050,0.7330,0.4310,0.3960,0.2330,0.0000,0.0000,1.6410,1.0000,2.3780,5.0950,2.9190,0.0000,0.0000,0.0000,71.3996,0.0000,4871.0000,2067.0000,0.0000,33.0000,72.0000,32.0000,18.0000
2.6600,0.7180,0.4540,0.3870,0.2010,0.0000,0.0000,1.4880,1.0000,2.3780,5.0950,2.9190,0.0000,0.0000,0.0000,71.3997,0.0000,4871.0000,2067.0000,0.0000,33.0000,72.0000,32.0000,18.0000
2.7270,0.6750,0.5520,0.4540,0.3590,0.0000,0.0000,1.5000,1.0000,2.3780,5.0950,2.9190,0.0000,0.0000,0.0000,71.3998,0.0000,4871.0000,2067.0000,0.0000,33.0000,72.0000,32.0000,18.0000
2.5770,0.6630,0.4130,0.4590,0.2000,0.0000,0.0000,1.5010,1.0000,2.3780,5.0950,2.9190,0.0000,0.0000,0.0000,71.3991,0.0000,4871.0000,2067.0000,0.0000,33.0000,71.0000,32.0000,18.0000
2.7810,0.6740,0.5050,0.4640,0.2470,0.0000,0.0000,1.6020,1.0000,2.3780,5.0950,2.9190,0.0000,0.0000,0.0000,71.4094,0.0000,4872.0000,2067.0000,0.0000,33.0000,71.0000,32.0000,18.0000
3.0280,0.6980,0.6130,0.4000,0.2900,0.0000,0.0000,1.7170,1.0000,2.3780,5.0950,2.9190,0.0000,0.0000,0.0000,71.4196,0.0000,4873.0000,2067.0000,0.0000,33.0000,71.0000,32.0000,17.0000
2.6840,0.8140,0.4910,0.4960,0.2660,0.0000,0.0000,1.3790,1.0000,2.3780,5.0950,2.9190,0.0000,0.0000,0.0000,71.4190,0.0000,4873.0000,2067.0000,0.0000,33.0000,70.0000,32.0000,16.0000
2.6520,0.7440,0.4160,0.4690,0.2030,0.0000,0.0000,1.4920,1.0000,2.3780,5.0950,2.9190,0.0000,0.0000,0.0000,71.4198,0.0000,4873.0000,2067.0000,0.0000,33.0000,71.0000,32.0000,16.0000
2.7300,0.6240,0.5100,0.4100,0.2460,0.0000,0.0000,1.5960,1.0000,2.3780,5.0950,2.9190,0.0000,0.0000,0.0000,71.4300,0.0000,4874.0000,2067.0000,0.0000,33.0000,71.0000,32.0000,16.0000
2.8640,0.6700,0.5140,0.3890,0.3020,0.0000,0.0000,1.6800,1.0000,2.3780,5.0950,2.9190,0.0000,0.0000,0.0000,71.4403,0.0000,4875.0000,2067.0000,0.0000,33.0000,71.0000,32.0000,16.0000
2.6890,0.7940,0.4300,0.4550,0.2300,0.0000,0.0000,1.4650,1.0000,2.3780,5.0950,2.9190,0.0000,0.0000,0.0000,71.4403,0.0000,4875.0000,2067.0000,0.0000,33.0000,71.0000,32.0000,14.0000
2.6090,0.6530,0.4360,0.4530,0.2100,0.0000,0.0000,1.5200,1.0000,2.3780,5.0950,2.9190,0.0000,0.0000,0.0000,71.4404,0.0000,4875.0000,2067.0000,0.0000,33.0000,71.0000,32.0000,14.0000
2.8240,0.6050,0.5110,0.3910,0.2540,0.0000,0.0000,1.7080,1.0000,2.3780,5.0950,2.9190,0.0000,0.0000,0.0000,71.4607,0.0000,4877.0000,2067.0000,0.0000,33.0000,71.0000,32.0000,14.0000
2.8520,0.7220,0.5310,0.3940,0.3100,0.0000,0.0000,1.5990,1.0000,2.3780,5.0950,2.9190,0.0000,0.0000,0.0000,71.4813,0.0000,4879.0000,2067.0000,0.0000,33.0000,71.0000,32.0000,13.0000
2.6530,0.7310,0.4030,0.4390,0.2110,0.0000,0.0000,1.5190,1.0000,2.3780,5.0950,2.9190,0.0000,0.0000,0.0000,71.4814,0.0000,4879.0000,2067.0000,0.0000,33.0000,71.0000,32.0000,13.0000
2.6120,0.6610,0.4160,0.4530,0.2040,0.0000,0.0000,1.5350,1.0000,2.3780,5.0950,2.9190,0.0000,0.0000,0.0000,71.4822,0.0000,4879.0000,2067.0000,0.0000,33.0000,72.0000,32.0000,13.0000
2.6430,0.6050,0.4800,0.3810,0.2150,0.0000,0.0000,1.5580,1.0000,2.3780,5.0950,2.9190,0.0000,0.0000,0.0000,71.4822,0.0000,4879.0000,2067.0000,0.0000,33.0000,72.0000,32.0000,13.0000
2.8230,0.6680,0.4790,0.4510,0.2670,0.0000,0.0000,1.6760,1.0000,2.3780,5.0950,2.9190,0.0000,0.0000,0.0000,71.5046,0.0000,4881.0000,2067.0000,0.0000,33.0000,72.0000,32.0000,14.0000
2.6130,0.8100,0.3880,0.5230,0.1910,0.0000,0.0000,1.4150,1.0000,2.3780,5.0950,2.9190,0.0000,0.0000,0.0000,71.5039,0.0000,4881.0000,2067.0000,0.0000,33.0000,71.0000,32.0000,13.0000
2.8070,0.6480,0.6170,0.4270,0.3410,0.0000,0.0000,1.5420,1.0000,2.3780,5.0950,2.9190,0.0000,0.0000,0.0000,71.5250,0.0000,4883.0000,2067.0000,0.0000,33.0000,72.0000,32.0000,13.0000
2.5070,0.7280,0.4870,0.3760,0.2790,0.0000,0.0000,1.2920,1.0000,2.3780,5.0950,2.9190,0.0000,0.0000,0.0000,71.5251,0.0000,4883.0000,2067.0000,0.0000,33.0000,72.0000,32.0000,12.0000
2.4970,0.6490,0.4120,0.4480,0.2020,0.0000,0.0000,1.4360,1.0000,2.3780,5.0950,2.9190,0.0000,0.0000,0.0000,71.5245,0.0000,4883.0000,2067.0000,0.0000,33.0000,71.0000,32.0000,12.0000
2.6420,0.5980,0.5160,0.3780,0.2970,0.0000,0.0000,1.5280,1.0000,2.3780,5.0950,2.9190,0.0000,0.0000,0.0000,71.5361,0.0000,4884.0000,2067.0000,0.0000,33.0000,71.0000,32.0000,12.0000
2.6860,0.7130,0.4590,0.4450,0.2500,0.0000,0.0000,1.5140,1.0000,2.3780,5.0950,2.9190,0.0000,0.0000,0.0000,71.5653,0.0000,4887.0000,2067.0000,0.0000,33.0000,69.0000,32.0000,12.0000
2.6750,0.7590,0.4610,0.4330,0.2440,0.0000,0.0000,1.4550,1.0000,2.3780,5.0950,2.9190,0.0000,0.0000,0.0000,71.5757,0.0000,4888.0000,2067.0000,0.0000,33.0000,69.0000,32.0000,12.0000
2.5460,0.6510,0.4820,0.3810,0.2600,0.0000,0.0000,1.4130,1.0000,2.3780,5.0950,2.9190,0.0000,0.0000,0.0000,71.5758,0.0000,4888.0000,2067.0000,0.0000,33.0000,69.0000,32.0000,12.0000
2.4270,0.6460,0.4040,0.4460,0.1940,0.0000,0.0000,1.3770,1.0000,2.3780,5.0950,2.9190,0.0000,0.0000,0.0000,71.5766,0.0000,4888.0000,2067.0000,0.0000,33.0000,70.0000,32.0000,12.0000
2.6550,0.5940,0.5160,0.3760,0.2980,0.0000,0.0000,1.5450,1.0000,2.3780,5.0950,2.9190,0.0000,0.0000,0.0000,71.5869,0.0000,4889.0000,2067.0000,0.0000,33.0000,70.0000,32.0000,12.0000
2.6030,0.7610,0.4500,0.4300,0.2370,0.0000,0.0000,1.3920,1.0000,2.3780,5.0950,2.9190,0.0000,0.0000,0.0000,71.6071,0.0000,4891.0000,2067.0000,0.0000,33.0000,70.0000,32.0000,11.0000
2.4800,0.6860,0.4760,0.3940,0.2100,0.0000,0.0000,1.3180,1.0000,2.3780,5.0950,2.9190,0.0000,0.0000,0.0000,71.6071,0.0000,4891.0000,2067.0000,0.0000,33.0000,70.0000,32.0000,11.0000
2.6040,0.6640,0.4550,0.3960,0.2490,0.0000,0.0000,1.4850,1.0000,2.3780,5.0950,2.9190,0.0000,0.0000,0.0000,71.6169,0.0000,4892.0000,2067.0000,0.0000,33.0000,69.0000,32.0000,11.0000
2.7490,0.7830,0.4870,0.5270,0.2380,0.0000,0.0000,1.4790,1.0000,2.3780,5.0950,2.9190,0.0000,0.0000,0.0000,71.6272,0.0000,4893.0000,2067.0000,0.0000,33.0000,69.0000,32.0000,11.0000
2.6140,0.8660,0.4810,0.5810,0.2160,0.0000,0.0000,1.2670,1.0000,2.3780,5.0950,2.9190,0.0000,0.0000,0.0000,71.6273,0.0000,4893.0000,2067.0000,0.0000,33.0000,69.0000,32.0000,11.0000
4.9120,0.6590,0.4080,0.4400,0.1990,0.0000,0.0000,3.8450,1.0000,2.3780,5.0950,2.9190,0.0000,0.0000,0.0000,71.6273,0.0000,4893.0000,2067.0000,0.0000,33.0000,69.0000,32.0000,11.0000
2.8010,0.6910,0.3980,0.4700,0.2050,0.0000,0.0000,1.7120,1.0000,2.3780,5.0950,2.9190,0.0000,0.0000,0.0000,71.3610,0.0000,4867.0000,2067.0000,0.0000,33.0000,69.0000,32.0000,11.0000
2.4190,0.6920,0.4330,0.4570,0.2370,0.0000,0.0000,1.2940,1.0000,2.3780,5.0950,2.9190,0.0000,0.0000,0.0000,71.3709,0.0000,4868.0000,2067.0000,0.0000,33.0000,69.0000,32.0000,11.0000
2.5240,0.6660,0.4430,0.3840,0.2420,0.0000,0.0000,1.4150,1.0000,2.3780,5.0950,2.9190,0.0000,0.0000,0.0000,71.4000,0.0000,4871.0000,2067.0000,0.0000,33.0000,67.0000,32.0000,11.0000
2.3790,0.7310,0.4160,0.4260,0.1990,0.0000,0.0000,1.2320,1.0000,2.3780,5.0950,2.9190,0.0000,0.0000,0.0000,71.4008,0.0000,4871.0000,2067.0000,0.0000,33.0000,68.0000,32.0000,11.0000
2.3450,0.6310,0.3860,0.3990,0.1920,0.0000,0.0000,1.3280,1.0000,2.3780,5.0950,2.9190,0.0000,0.0000,0.0000,71.4009,0.0000,4871.0000,2067.0000,0.0000,33.0000,68.0000,32.0000,11.0000
2.3520,0.5810,0.4280,0.3730,0.2250,0.0000,0.0000,1.3430,1.0000,2.3780,5.0950,2.9190,0.0000,0.0000,0.0000,71.4009,0.0000,4871.0000,2067.0000,0.0000,33.0000,68.0000,32.0000,11.0000
2.4330,0.6440,0.4380,0.4360,0.2420,0.0000,0.0000,1.3510,1.0000,2.3780,5.0950,2.9190,0.0000,0.0000,0.0000,71.4212,0.0000,4873.0000,2067.0000,0.0000,33.0000,68.0000,32.0000,11.0000
2.4390,0.6860,0.4390,0.3810,0.2470,0.0000,0.0000,1.3140,1.0000,2.3780,5.0950,2.9190,0.0000,0.0000,0.0000,71.4330,0.0000,4874.0000,2067.0000,0.0000,33.0000,68.0000,32.0000,12.0000
2.7250,0.6740,0.4890,0.4360,0.2580,0.0000,0.0000,1.5620,1.0000,2.0980,10.0270,8.9860,0.0000,0.0000,0.0000,71.4551,0.0000,4876.0000,2067.0000,0.0000,33.0000,68.0000,32.0000,12.0000
2.4170,0.8210,0.4420,0.3870,0.2430,0.0000,0.0000,1.1540,1.0000,2.0980,10.0270,8.9860,0.0000,0.0000,0.0000,71.4554,0.0000,4876.0000,2067.0000,0.0000,33.0000,68.0000,32.0000,13.0000
2.4220,0.7110,0.3950,0.5160,0.2070,0.0000,0.0000,1.3160,1.0000,2.0980,10.0270,8.9860,0.0000,0.0000,0.0000,71.4548,0.0000,4876.0000,2067.0000,0.0000,33.0000,67.0000,32.0000,12.0000
2.3350,0.6500,0.4040,0.4000,0.2040,0.0000,0.0000,1.2810,1.0000,2.0980,10.0270,8.9860,0.0000,0.0000,0.0000,71.4548,0.0000,4876.0000,2067.0000,0.0000,33.0000,67.0000,32.0000,12.0000
2.4870,0.6340,0.4270,0.4370,0.1980,0.0000,0.0000,1.4260,1.0000,2.0980,10.0270,8.9860,0.0000,0.0000,0.0000,71.4549,0.0000,4876.0000,2067.0000,0.0000,33.0000,67.0000,32.0000,12.0000
2.5650,0.7240,0.4650,0.5330,0.2740,0.0000,0.0000,1.3760,1.0000,2.0980,10.0270,8.9860,0.0000,0.0000,0.0000,71.4529,0.0000,4876.0000,2067.0000,0.0000,33.0000,64.0000,32.0000,12.0000
2.3050,0.5920,0.4300,0.3730,0.2060,0.0000,0.0000,1.2830,1.0000,2.0980,10.0270,8.9860,0.0000,0.0000,0.0000,71.4549,0.0000,4876.0000,2067.0000,0.0000,33.0000,67.0000,32.0000,13.0000
2.3820,0.6500,0.4380,0.4570,0.2300,0.0000,0.0000,1.2940,1.0000,2.0980,10.0270,8.9860,0.0000,0.0000,0.0000,71.4652,0.0000,4877.0000,2067.0000,0.0000,33.0000,67.0000,32.0000,14.0000
2.3700,0.6340,0.3950,0.3780,0.2000,0.0000,0.0000,1.3410,1.0000,2.0980,10.0270,8.9860,0.0000,0.0000,0.0000,71.4659,0.0000,4877.0000,2067.0000,0.0000,33.0000,68.0000,32.0000,14.0000
2.4030,0.7080,0.4820,0.5100,0.2500,0.0000,0.0000,1.2130,1.0000,2.0980,10.0270,8.9860,0.0000,0.0000,0.0000,71.4741,0.0000,4878.0000,2067.0000,0.0000,33.0000,65.0000,32.0000,13.0000
2.4270,0.6760,0.4600,0.3970,0.2600,0.0000,0.0000,1.2910,1.0000,2.0980,10.0270,8.9860,0.0000,0.0000,0.0000,71.4741,0.0000,4878.0000,2067.0000,0.0000,33.0000,65.0000,32.0000,13.0000
2.7140,0.6080,0.5600,0.3900,0.2740,0.0000,0.0000,1.5460,1.0000,2.0980,10.0270,8.9860,0.0000,0.0000,0.0000,71.4742,0.0000,4878.0000,2067.0000,0.0000,33.0000,65.0000,32.0000,13.0000
2.4620,0.6850,0.4440,0.4100,0.2390,0.0000,0.0000,1.3330,1.0000,2.0980,10.0270,8.9860,0.0000,0.0000,0.0000,71.4845,0.0000,4879.0000,2067.0000,0.0000,33.0000,65.0000,32.0000,13.0000
2.5660,0.6790,0.4300,0.4390,0.2050,0.0000,0.0000,1.4570,1.0000,2.0980,10.0270,8.9860,0.0000,0.0000,0.0000,71.4845,0.0000,4879.0000,2067.0000,0.0000,33.0000,65.0000,32.0000,14.0000
2.4250,0.6450,0.4000,0.4000,0.2010,0.0000,0.0000,1.3800,1.0000,2.0980,10.0270,8.9860,0.0000,0.0000,0.0000,71.4845,0.0000,4879.0000,2067.0000,0.0000,33.0000,65.0000,32.0000,14.0000
2.7230,0.6010,0.4500,0.3970,0.2170,0.0000,0.0000,1.6720,1.0000,2.0980,10.0270,8.9860,0.0000,0.0000,0.0000,71.4845,0.0000,4879.0000,2067.0000,0.0000,33.0000,65.0000,32.0000,14.0000
2.8770,0.8860,0.4870,0.5590,0.2880,0.0000,0.0000,1.5040,1.0000,2.0980,10.0270,8.9860,0.0000,0.0000,0.0000,71.4955,0.0000,4880.0000,2067.0000,0.0000,33.0000,66.0000,32.0000,14.0000
2.9410,0.7500,0.5340,0.4400,0.3320,0.0000,0.0000,1.6570,1.0000,2.0980,10.0270,8.9860,0.0000,0.0000,0.0000,71.5361,0.0000,4884.0000,2067.0000,0.0000,33.0000,66.0000,32.0000,15.0000
2.5060,0.9080,0.4170,0.5410,0.2120,0.0000,0.0000,1.1810,1.0000,2.0980,10.0270,8.9860,0.0000,0.0000,0.0000,71.5362,0.0000,4884.0000,2067.0000,0.0000,33.0000,66.0000,32.0000,15.0000
2.5060,0.6710,0.4550,0.4650,0.2200,0.0000,0.0000,1.3800,1.0000,2.0980,10.0270,8.9860,0.0000,0.0000,0.0000,71.5365,0.0000,4884.0000,2067.0000,0.0000,33.0000,66.0000,32.0000,15.0000
2.4880,0.6620,0.4160,0.4170,0.2140,0.0000,0.0000,1.4100,1.0000,2.0980,10.0270,8.9860,0.0000,0.0000,0.0000,71.5365,0.0000,4884.0000,2067.0000,0.0000,33.0000,66.0000,32.0000,15.0000
2.7340,0.7040,0.4830,0.4990,0.2520,0.0000,0.0000,1.5470,1.0000,2.0980,10.0270,8.9860,0.0000,0.0000,0.0000,71.5467,0.0000,4885.0000,2067.0000,0.0000,33.0000,66.0000,32.0000,15.0000
2.7780,0.7920,0.5170,0.4390,0.2950,0.0000,0.0000,1.4690,1.0000,2.0980,10.0270,8.9860,0.0000,0.0000,0.0000,71.5570,0.0000,4886.0000,2067.0000,0.0000,33.0000,66.0000,32.0000,14.0000
4.2130,0.7260,0.4480,0.4300,0.2390,0.0000,0.0000,3.0390,1.0000,2.0980,10.0270,8.9860,0.0000,0.0000,0.0000,71.5673,0.0000,4887.0000,2067.0000,0.0000,33.0000,66.0000,32.0000,14.0000
3.5330,0.7140,0.5140,0.4600,0.3060,0.0000,0.0000,2.3050,1.0000,2.0980,10.0270,8.9860,0.0000,0.0000,0.0000,71.5880,0.0000,4889.0000,2067.0000,0.0000,33.0000,66.0000,32.0000,15.0000
3.4310,0.9410,0.5960,0.6060,0.3210,0.0000,0.0000,1.8940,1.0000,2.0980,10.0270,8.9860,0.0000,0.0000,0.0000,71.6088,0.0000,4891.0000,2067.0000,0.0000,33.0000,66.0000,32.0000,15.0000
3.2920,0.9500,0.6260,0.5340,0.2790,0.0000,0.0000,1.7160,1.0000,2.0980,10.0270,8.9860,0.0000,0.0000,0.0000,71.6096,0.0000,4891.0000,2067.0000,0.0000,33.0000,67.0000,32.0000,15.0000
3.0370,0.8020,0.5130,0.5050,0.2450,0.0000,0.0000,1.7220,1.0000,2.0980,10.0270,8.9860,0.0000,0.0000,0.0000,71.6085,0.0000,4891.0000,2067.0000,0.0000,33.0000,66.0000,32.0000,16.0000
3.1670,0.7320,0.5660,0.4550,0.2950,0.0000,0.0000,1.8690,1.0000,2.0980,10.0270,8.9860,0.0000,0.0000,0.0000,71.3470,0.0000,4866.0000,2067.0000,0.0000,33.0000,66.0000,32.0000,16.0000
3.7270,0.8040,0.4300,0.5230,0.2120,0.0000,0.0000,2.4930,1.0000,2.0980,10.0270,8.9860,0.0000,0.0000,0.0000,71.3470,0.0000,4866.0000,2067.0000,0.0000,33.0000,66.0000,32.0000,16.0000
3.2640,1.4560,0.6180,1.1000,0.3230,0.0000,0.0000,1.1900,1.0000,2.0980,10.0270,8.9860,0.0000,0.0000,0.0000,71.3776,0.0000,4869.0000,2067.0000,0.0000,33.0000,66.0000,32.0000,16.0000
2.9240,0.9040,0.5330,0.5590,0.3160,0.0000,0.0000,1.4870,1.0000,2.0980,10.0270,8.9860,0.0000,0.0000,0.0000,71.3777,0.0000,4869.0000,2067.0000,0.0000,33.0000,66.0000,32.0000,16.0000
3.0510,0.6920,0.5100,0.4590,0.2570,0.0000,0.0000,1.8490,1.0000,2.0980,10.0270,8.9860,0.0000,0.0000,0.0000,71.3881,0.0000,4870.0000,2067.0000,0.0000,33.0000,66.0000,32.0000,16.0000
2.6410,0.7870,0.4450,0.5080,0.2130,0.0000,0.0000,1.4090,1.0000,2.0980,10.0270,8.9860,0.0000,0.0000,0.0000,71.3881,0.0000,4870.0000,2067.0000,0.0000,33.0000,66.0000,32.0000,16.0000
2.6890,0.6650,0.4900,0.4340,0.2120,0.0000,0.0000,1.5340,1.0000,2.0980,10.0270,8.9860,0.0000,0.0000,0.0000,71.3882,0.0000,4870.0000,2067.0000,0.0000,33.0000,66.0000,32.0000,15.0000
2.7900,0.7240,0.5090,0.5140,0.2830,0.0000,0.0000,1.5570,1.0000,2.0980,10.0270,8.9860,0.0000,0.0000,0.0000,71.4085,0.0000,4872.0000,2067.0000,0.0000,33.0000,66.0000,32.0000,15.0000
2.5720,0.7950,0.4290,0.5020,0.2080,0.0000,0.0000,1.3480,1.0000,2.0980,10.0270,8.9860,0.0000,0.0000,0.0000,71.4085,0.0000,4872.0000,2067.0000,0.0000,33.0000,66.0000,32.0000,15.0000
2.6400,0.6590,0.4500,0.4290,0.2100,0.0000,0.0000,1.5310,1.0000,2.0980,10.0270,8.9860,0.0000,0.0000,0.0000,71.4086,0.0000,4872.0000,2067.0000,0.0000,33.0000,66.0000,32.0000,16.0000
2.5260,0.7010,0.4130,0.4860,0.2100,0.0000,0.0000,1.4120,1.0000,2.0980,10.0270,8.9860,0.0000,0.0000,0.0000,71.4086,0.0000,4872.0000,2067.0000,0.0000,33.0000,66.0000,32.0000,16.0000
2.7420,0.6440,0.4990,0.4320,0.2600,0.0000,0.0000,1.5990,1.0000,2.0980,10.0270,8.9860,0.0000,0.0000,0.0000,71.4189,0.0000,4873.0000,2067.0000,0.0000,33.0000,66.0000,32.0000,16.0000
2.7920,0.7060,0.5060,0.4280,0.2980,0.0000,0.0000,1.5800,1.0000,2.0980,10.0270,8.9860,0.0000,0.0000,0.0000,71.4394,0.0000,4875.0000,2067.0000,0.0000,33.0000,66.0000,32.0000,15.0000
2.5080,0.7950,0.4290,0.5030,0.2180,0.0000,0.0000,1.2840,1.0000,2.0980,10.0270,8.9860,0.0000,0.0000,0.0000,71.4395,0.0000,4875.0000,2067.0000,0.0000,33.0000,66.0000,32.0000,15.0000
2.6830,0.6990,0.4580,0.4810,0.2610,0.0000,0.0000,1.5260,1.0000,2.0980,10.0270,8.9860,0.0000,0.0000,0.0000,71.4492,0.0000,4876.0000,2067.0000,0.0000,33.0000,65.0000,32.0000,15.0000
2.8010,0.7400,0.4850,0.4320,0.2920,0.0000,0.0000,1.5760,1.0000,2.0980,10.0270,8.9860,0.0000,0.0000,0.0000,71.4492,0.0000,4876.0000,2067.0000,0.0000,33.0000,65.0000,32.0000,15.0000
2.8940,0.7870,0.5600,0.5440,0.3320,0.0000,0.0000,1.5470,1.0000,2.0980,10.0270,8.9860,0.0000,0.0000,0.0000,71.4595,0.0000,4877.0000,2067.0000,0.0000,33.0000,65.0000,32.0000,15.0000
3.2120,0.8330,0.5200,0.5460,0.2930,0.0000,0.0000,1.8590,1.0000,2.0980,10.0270,8.9860,0.0000,0.0000,0.0000,71.4667,0.0000,4878.0000,2067.0000,0.0000,33.0000,66.0000,32.0000,17.0000
3.2600,0.9130,0.5740,0.6650,0.3330,0.0000,0.0000,1.7730,1.0000,2.0980,10.0270,8.9860,0.0000,0.0000,0.0000,71.4759,0.0000,4879.0000,2067.0000,0.0000,33.0000,67.0000,32.0000,18.0000
3.3450,0.9570,0.6240,0.6260,0.3630,0.0000,0.0000,1.7640,1.0000,2.0980,10.0270,8.9860,0.0000,0.0000,0.0000,71.5344,0.0000,4890.0000,2067.0000,0.0000,33.0000,67.0000,32.0000,17.0000
2.8400,1.0730,0.4870,0.5750,0.2510,0.0000,0.0000,1.2800,1.0000,2.0980,10.0270,8.9860,0.0000,0.0000,0.0000,71.5344,0.0000,4890.0000,2067.0000,0.0000,33.0000,67.0000,32.0000,17.0000
2.8320,0.7830,0.4860,0.5330,0.2460,0.0000,0.0000,1.5630,1.0000,2.0980,10.0270,8.9860,0.0000,0.0000,0.0000,71.5347,0.0000,4890.0000,2067.0000,0.0000,33.0000,67.0000,32.0000,17.0000
3.1340,0.7400,0.5660,0.4820,0.3040,0.0000,0.0000,1.8280,1.0000,2.0980,10.0270,8.9860,0.0000,0.0000,0.0000,71.5549,0.0000,4892.0000,2067.0000,0.0000,33.0000,67.0000,32.0000,17.0000
3.6840,0.8300,0.5080,0.4770,0.2510,0.0000,0.0000,2.3460,1.0000,2.0980,10.0270,8.9860,0.0000,0.0000,0.0000,71.5549,0.0000,4892.0000,2067.0000,0.0000,33.0000,67.0000,32.0000,17.0000
3.5020,0.9820,0.5320,0.4770,0.2830,0.0000,0.0000,1.9880,1.0000,2.0980,10.0270,8.9860,0.0000,0.0000,0.0000,71.5550,0.0000,4892.0000,2067.0000,0.0000,33.0000,67.0000,32.0000,17.0000
3.9950,1.2280,0.5040,0.9840,0.2650,0.0000,0.0000,2.2630,1.0000,2.0980,10.0270,8.9860,0.0000,0.0000,0.0000,71.5755,0.0000,4894.0000,2067.0000,0.0000,33.0000,67.0000,32.0000,17.0000
3.2080,0.9580,0.5160,0.6130,0.2590,0.0000,0.0000,1.7340,1.0000,2.0980,10.0270,8.9860,0.0000,0.0000,0.0000,71.5755,0.0000,4894.0000,2067.0000,0.0000,33.0000,67.0000,32.0000,17.0000
4.0650,0.7870,1.4100,0.5070,0.5200,0.0000,0.0000,1.8680,1.0000,2.0980,10.0270,8.9860,0.0000,0.0000,0.0000,71.5859,0.0000,4895.0000,2067.0000,0.0000,33.0000,67.0000,32.0000,17.0000
3.4470,0.7720,0.5280,0.4950,0.3010,0.0000,0.0000,2.1470,1.0000,2.0980,10.0270,8.9860,0.0000,0.0000,0.0000,71.5859,0.0000,4895.0000,2067.0000,0.0000,33.0000,67.0000,32.0000,17.0000
2.9750,1.2150,0.5520,0.9870,0.2690,0.0000,0.0000,1.2080,1.0000,2.0980,10.0270,8.9860,0.0000,0.0000,0.0000,71.5962,0.0000,4896.0000,2067.0000,0.0000,33.0000,67.0000,32.0000,17.0000
4.8230,0.7220,0.4970,0.4360,0.2460,0.0000,0.0000,3.6040,1.0000,2.0980,10.0270,8.9860,0.0000,0.0000,0.0000,71.6065,0.0000,4897.0000,2067.0000,0.0000,33.0000,67.0000,32.0000,17.0000
3.3970,0.8490,0.5850,0.5650,0.2900,0.0000,0.0000,1.9630,1.0000,2.0980,10.0270,8.9860,0.0000,0.0000,0.0000,71.3145,0.0000,4869.0000,2067.0000,0.0000,33.0000,67.0000,32.0000,17.0000
3.0890,1.0060,0.4400,0.5850,0.2130,0.0000,0.0000,1.6430,1.0000,2.0980,10.0270,8.9860,0.0000,0.0000,0.0000,71.3141,0.0000,4869.0000,2067.0000,0.0000,33.0000,67.0000,32.0000,16.0000
3.1290,0.7390,0.5130,0.5040,0.2580,0.0000,0.0000,1.8770,1.0000,2.0980,10.0270,8.9860,0.0000,0.0000,0.0000,71.3246,0.0000,4870.0000,2067.0000,0.0000,33.0000,67.0000,32.0000,16.0000
2.6710,0.9380,0.4800,0.6790,0.2380,0.0000,0.0000,1.2530,1.0000,2.0980,10.0270,8.9860,0.0000,0.0000,0.0000,71.3240,0.0000,4870.0000,2067.0000,0.0000,33.0000,66.0000,32.0000,16.0000
2.8910,0.7380,0.5030,0.5250,0.2600,0.0000,0.0000,1.6500,1.0000,2.0980,10.0270,8.9860,0.0000,0.0000,0.0000,71.3343,0.0000,4871.0000,2067.0000,0.0000,33.0000,66.0000,32.0000,16.0000
2.9600,0.7340,0.5220,0.4590,0.2710,0.0000,0.0000,1.7040,1.0000,2.0980,10.0270,8.9860,0.0000,0.0000,0.0000,71.3446,0.0000,4872.0000,2067.0000,0.0000,33.0000,66.0000,32.0000,16.0000
3.5890,0.7460,0.5370,0.4660,0.2680,0.0000,0.0000,2.3060,1.0000,2.0980,10.0270,8.9860,0.0000,0.0000,0.0000,71.3643,0.0000,4874.0000,2067.0000,0.0000,33.0000,65.0000,32.0000,16.0000
2.8950,0.9630,0.6170,0.5700,0.2720,0.0000,0.0000,1.3150,1.0000,2.0980,10.0270,8.9860,0.0000,0.0000,0.0000,71.3644,0.0000,4874.0000,2067.0000,0.0000,33.0000,65.0000,32.0000,16.0000
2.9340,0.7550,0.4970,0.5220,0.2930,0.0000,0.0000,1.6820,1.0000,2.0980,10.0270,8.9860,0.0000,0.0000,0.0000,71.3747,0.0000,4875.0000,2067.0000,0.0000,33.0000,65.0000,32.0000,16.0000
3.0000,0.7890,0.5780,0.5310,0.3340,0.0000,0.0000,1.6330,1.0000,2.0980,10.0270,8.9860,0.0000,0.0000,0.0000,71.3816,0.0000,4870.0000,2067.0000,0.0000,33.0000,65.0000,32.0000,16.0000
2.8570,0.8360,0.5080,0.5850,0.2770,0.0000,0.0000,1.5130,1.0000,2.0980,10.0270,8.9860,0.0000,0.0000,0.0000,71.4025,0.0000,4872.0000,2067.0000,0.0000,33.0000,66.0000,32.0000,16.0000
2.9000,0.8700,0.4880,0.5730,0.2500,0.0000,0.0000,1.5420,1.0000,2.0980,10.0270,8.9860,0.0000,0.0000,0.0000,71.4129,0.0000,4873.0000,2067.0000,0.0000,33.0000,66.0000,32.0000,16.0000
2.7400,0.7940,0.4590,0.5210,0.2180,0.0000,0.0000,1.4870,1.0000,2.0980,10.0270,8.9860,0.0000,0.0000,0.0000,71.4123,0.0000,4873.0000,2067.0000,0.0000,33.0000,65.0000,32.0000,16.0000
3.3070,0.7770,0.4940,0.4480,0.2230,0.0000,0.0000,2.0360,1.0000,2.0980,10.0270,8.9860,0.0000,0.0000,0.0000,71.4123,0.0000,4873.0000,2067.0000,0.0000,33.0000,65.0000,32.0000,16.0000
2.8750,1.0470,0.5100,0.7950,0.2910,0.0000,0.0000,1.3180,1.0000,2.0980,10.0270,8.9860,0.0000,0.0000,0.0000,71.4123,0.0000,4873.0000,2067.0000,0.0000,33.0000,65.0000,32.0000,16.0000
3.5660,0.7570,0.7730,0.5270,0.3260,0.0000,0.0000,2.0360,1.0000,2.0980,10.0270,8.9860,0.0000,0.0000,0.0000,71.4123,0.0000,4873.0000,2067.0000,0.0000,33.0000,65.0000,32.0000,16.0000
3.1310,0.7740,0.5310,0.5400,0.3040,0.0000,0.0000,1.8260,1.0000,2.0980,10.0270,8.9860,0.0000,0.0000,0.0000,71.4206,0.0000,4873.0000,2067.0000,0.0000,33.0000,64.0000,32.0000,17.0000
3.1440,0.8750,0.6090,0.5870,0.2820,0.0000,0.0000,1.6600,1.0000,2.0980,10.0270,8.9860,0.0000,0.0000,0.0000,71.4309,0.0000,4874.0000,2067.0000,0.0000,33.0000,64.0000,32.0000,17.0000
3.9900,0.7480,0.6570,0.4510,0.3410,0.0000,0.0000,2.5850,1.0000,2.0980,10.0270,8.9860,0.0000,0.0000,0.0000,71.4515,0.0000,4876.0000,2067.0000,0.0000,33.0000,64.0000,32.0000,17.0000
2.9330,0.9640,0.5220,0.5720,0.2630,0.0000,0.0000,1.4470,1.0000,2.0980,10.0270,8.9860,0.0000,0.0000,0.0000,71.4711,0.0000,4878.0000,2067.0000,0.0000,33.0000,63.0000,32.0000,16.0000
7.6710,0.7830,0.9740,0.4550,0.6260,0.0000,0.0000,5.9140,1.0000,2.0980,10.0270,8.9860,0.0000,0.0000,0.0000,71.4713,0.0000,4878.0000,2067.0000,0.0000,33.0000,63.0000,32.0000,16.0000
3.3180,1.3790,0.5180,0.9080,0.2740,0.0000,0.0000,1.4210,1.0000,2.0980,10.0270,8.9860,0.0000,0.0000,0.0000,71.4830,0.0000,4879.0000,2067.0000,0.0000,33.0000,63.0000,32.0000,16.0000
5.8030,0.8650,0.5400,0.6040,0.2740,0.0000,0.0000,4.3980,1.0000,2.0980,10.0270,8.9860,0.0000,0.0000,0.0000,71.4933,0.0000,4880.0000,2067.0000,0.0000,33.0000,63.0000,32.0000,15.0000
3.0990,1.9030,0.5290,1.3050,0.2860,0.0000,0.0000,0.6670,1.0000,2.0980,10.0270,8.9860,0.0000,0.0000,0.0000,71.4940,0.0000,4880.0000,2067.0000,0.0000,33.0000,64.0000,32.0000,15.0000
3.7870,0.9780,0.5400,0.6990,0.2800,0.0000,0.0000,2.2690,1.0000,2.0980,10.0270,8.9860,0.0000,0.0000,0.0000,71.4941,0.0000,4880.0000,2067.0000,0.0000,33.0000,64.0000,32.0000,17.0000
3.7390,0.8080,0.4890,0.5020,0.2720,0.0000,0.0000,2.4420,1.0000,2.0980,10.0270,8.9860,0.0000,0.0000,0.0000,71.5137,0.0000,4882.0000,2067.0000,0.0000,33.0000,63.0000,32.0000,17.0000
5.3360,1.4540,0.4670,1.0990,0.2410,0.0000,0.0000,3.4150,1.0000,2.0980,10.0270,8.9860,0.0000,0.0000,0.0000,71.5135,0.0000,4882.0000,2067.0000,0.0000,33.0000,63.0000,32.0000,17.0000
4.1960,1.0120,0.7010,0.6900,0.4290,0.0000,0.0000,2.4830,1.0000,2.0980,10.0270,8.9860,0.0000,0.0000,0.0000,71.2840,0.0000,4860.0000,2067.0000,0.0000,33.0000,62.0000,32.0000,17.0000
3.4820,1.2500,0.7020,0.6560,0.3810,0.0000,0.0000,1.5300,1.0000,2.0980,10.0270,8.9860,0.0000,0.0000,0.0000,71.3050,0.0000,4862.0000,2067.0000,0.0000,33.0000,63.0000,32.0000,16.0000
4.0130,0.8470,1.1130,0.5120,0.8250,0.0000,0.0000,2.0530,1.0000,2.0980,10.0270,8.9860,0.0000,0.0000,0.0000,71.3257,0.0000,4864.0000,2067.0000,0.0000,33.0000,63.0000,32.0000,16.0000
2.6520,1.2100,0.4310,0.5330,0.2110,0.0000,0.0000,1.0110,1.0000,2.0980,10.0270,8.9860,0.0000,0.0000,0.0000,71.3258,0.0000,4864.0000,2067.0000,0.0000,33.0000,63.0000,32.0000,16.0000
3.6460,0.7480,0.4650,0.5400,0.2160,0.0000,0.0000,2.4330,1.0000,2.0980,10.0270,8.9860,0.0000,0.0000,0.0000,71.3259,0.0000,4864.0000,2067.0000,0.0000,33.0000,63.0000,32.0000,16.0000
2.5840,0.7830,0.4400,0.5090,0.2250,0.0000,0.0000,1.3610,1.0000,2.0980,10.0270,8.9860,0.0000,0.0000,0.0000,71.3259,0.0000,4864.0000,2067.0000,0.0000,33.0000,63.0000,32.0000,15.0000
2.7550,0.7130,0.4620,0.5130,0.2470,0.0000,0.0000,1.5800,1.0000,2.0980,10.0270,8.9860,0.0000,0.0000,0.0000,71.3362,0.0000,4865.0000,2067.0000,0.0000,33.0000,63.0000,32.0000,15.0000
2.7210,0.6960,0.5100,0.4470,0.2640,0.0000,0.0000,1.5150,1.0000,2.0980,10.0270,8.9860,0.0000,0.0000,0.0000,71.3567,0.0000,4867.0000,2067.0000,0.0000,33.0000,63.0000,32.0000,14.0000
2.6170,0.7610,0.4340,0.4350,0.2140,0.0000,0.0000,1.4220,1.0000,2.0980,10.0270,8.9860,0.0000,0.0000,0.0000,71.3568,0.0000,4867.0000,2067.0000,0.0000,33.0000,63.0000,32.0000,14.0000
2.8650,0.7390,0.4460,0.5430,0.2440,0.0000,0.0000,1.6800,1.0000,2.0980,10.0270,8.9860,0.0000,0.0000,0.0000,71.3671,0.0000,4868.0000,2067.0000,0.0000,33.0000,63.0000,32.0000,14.0000
2.7040,0.7040,0.4300,0.4590,0.2110,0.0000,0.0000,1.5700,1.0000,2.0980,10.0270,8.9860,0.0000,0.0000,0.0000,71.3671,0.0000,4868.0000,2067.0000,0.0000,33.0000,63.0000,32.0000,15.0000
2.6470,0.6800,0.4960,0.4370,0.2620,0.0000,0.0000,1.4710,1.0000,2.0980,10.0270,8.9860,0.0000,0.0000,0.0000,71.3672,0.0000,4868.0000,2067.0000,0.0000,33.0000,63.0000,32.0000,15.0000
2.7150,0.7130,0.4840,0.5000,0.2780,0.0000,0.0000,1.5180,1.0000,2.0980,10.0270,8.9860,0.0000,0.0000,0.0000,71.3672,0.0000,4868.0000,2067.0000,0.0000,33.0000,63.0000,32.0000,15.0000
5.3120,0.6390,0.4600,0.4430,0.2470,0.0000,0.0000,4.2130,1.0000,2.0980,10.0270,8.9860,0.0000,0.0000,0.0000,71.3774,0.0000,4869.0000,2067.0000,0.0000,33.0000,63.0000,32.0000,15.0000
2.7910,0.8240,0.4960,0.5760,0.2890,0.0000,0.0000,1.4710,1.0000,2.0980,10.0270,8.9860,0.0000,0.0000,0.0000,71.3774,0.0000,4869.0000,2067.0000,0.0000,33.0000,63.0000,32.0000,15.0000
5.1110,0.7260,0.4290,0.5280,0.2300,0.0000,0.0000,3.9560,1.0000,2.0980,10.0270,8.9860,0.0000,0.0000,0.0000,71.3885,0.0000,4870.0000,2067.0000,0.0000,33.0000,64.0000,32.0000,15.0000
2.7950,0.8920,0.5460,0.5870,0.3030,0.0000,0.0000,1.3570,1.0000,2.0980,10.0270,8.9860,0.0000,0.0000,0.0000,71.3885,0.0000,4870.0000,2067.0000,0.0000,33.0000,64.0000,32.0000,15.0000
2.5760,0.7350,0.4230,0.5250,0.2080,0.0000,0.0000,1.4180,1.0000,2.0980,10.0270,8.9860,0.0000,0.0000,0.0000,71.3878,0.0000,4870.0000,2067.0000,0.0000,33.0000,63.0000,32.0000,15.0000
2.8760,0.6900,0.5470,0.4360,0.3220,0.0000,0.0000,1.6390,1.0000,2.0980,10.0270,8.9860,0.0000,0.0000,0.0000,71.4187,0.0000,4873.0000,2067.0000,0.0000,33.0000,63.0000,32.0000,15.0000
3.3870,0.8230,0.8050,0.4420,0.2290,0.0000,0.0000,1.7590,1.0000,2.0980,10.0270,8.9860,0.0000,0.0000,0.0000,71.4373,0.0000,4875.0000,2067.0000,0.0000,33.0000,64.0000,32.0000,14.0000
2.8320,0.7340,0.4850,0.4330,0.2200,0.0000,0.0000,1.6130,1.0000,2.0980,10.0270,8.9860,0.0000,0.0000,0.0000,71.4375,0.0000,4875.0000,2067.0000,0.0000,33.0000,64.0000,32.0000,13.0000
2.7070,0.6980,0.5130,0.4410,0.2530,0.0000,0.0000,1.4960,1.0000,2.0980,10.0270,8.9860,0.0000,0.0000,0.0000,71.4492,0.0000,4876.0000,2067.0000,0.0000,33.0000,66.0000,32.0000,13.0000
2.7820,0.7400,0.4520,0.4820,0.2450,0.0000,0.0000,1.5900,1.0000,2.0980,10.0270,8.9860,0.0000,0.0000,0.0000,71.4493,0.0000,4876.0000,2067.0000,0.0000,33.0000,66.0000,32.0000,14.0000
2.7520,0.8500,0.5320,0.6460,0.3210,0.0000,0.0000,1.3700,1.0000,2.0980,10.0270,8.9860,0.0000,0.0000,0.0000,71.4696,0.0000,4878.0000,2067.0000,0.0000,33.0000,66.0000,32.0000,15.0000
2.6480,0.8100,0.4640,0.5210,0.2520,0.0000,0.0000,1.3740,1.0000,2.0980,10.0270,8.9860,0.0000,0.0000,0.0000,71.4800,0.0000,4879.0000,2067.0000,0.0000,33.0000,66.0000,32.0000,15.0000
3.0350,0.7290,0.6260,0.4350,0.3690,0.0000,0.0000,1.6800,1.0000,2.0980,10.0270,8.9860,0.0000,0.0000,0.0000,71.5308,0.0000,4884.0000,2067.0000,0.0000,33.0000,66.0000,32.0000,15.0000
2.5150,0.9790,0.5020,0.4870,0.2470,0.0000,0.0000,1.0340,1.0000,2.0980,10.0270,8.9860,0.0000,0.0000,0.0000,71.5308,0.0000,4884.0000,2067.0000,0.0000,33.0000,66.0000,32.0000,15.0000
2.7700,0.7280,0.4330,0.4930,0.2330,0.0000,0.0000,1.6090,1.0000,2.0980,10.0270,8.9860,0.0000,0.0000,0.0000,71.5413,0.0000,4885.0000,2067.0000,0.0000,33.0000,66.0000,32.0000,15.0000
2.5200,0.9010,0.4540,0.6410,0.2120,0.0000,0.0000,1.1650,1.0000,2.0980,10.0270,8.9860,0.0000,0.0000,0.0000,71.5420,0.0000,4885.0000,2067.0000,0.0000,33.0000,67.0000,32.0000,15.0000
2.8520,0.6850,0.6610,0.4340,0.4550,0.0000,0.0000,1.5060,1.0000,2.0980,10.0270,8.9860,0.0000,0.0000,0.0000,71.5538,0.0000,4886.0000,2067.0000,0.0000,33.0000,67.0000,32.0000,14.0000
2.5230,0.7940,0.4210,0.4980,0.2100,0.0000,0.0000,1.3080,1.0000,2.0980,10.0270,8.9860,0.0000,0.0000,0.0000,71.5539,0.0000,4886.0000,2067.0000,0.0000,33.0000,67.0000,32.0000,14.0000
2.4710,0.7500,0.4640,0.5380,0.2140,0.0000,0.0000,1.2570,1.0000,2.0980,10.0270,8.9860,0.0000,0.0000,0.0000,71.5536,0.0000,4886.0000,2067.0000,0.0000,33.0000,67.0000,32.0000,14.0000
2.5570,0.7200,0.4870,0.4930,0.2790,0.0000,0.0000,1.3500,1.0000,2.0980,10.0270,8.9860,0.0000,0.0000,0.0000,71.5534,0.0000,4886.0000,2067.0000,0.0000,33.0000,67.0000,32.0000,14.0000
2.5280,0.6570,0.4570,0.4480,0.2120,0.0000,0.0000,1.4140,1.0000,2.0980,10.0270,8.9860,0.0000,0.0000,0.0000,71.3035,0.0000,4862.0000,2067.0000,0.0000,33.0000,66.0000,32.0000,13.0000
2.4130,0.6570,0.4260,0.4190,0.2240,0.0000,0.0000,1.3300,1.0000,2.0980,10.0270,8.9860,0.0000,0.0000,0.0000,71.3035,0.0000,4862.0000,2067.0000,0.0000,33.0000,66.0000,32.0000,13.0000
2.5670,0.6360,0.4870,0.4400,0.2290,0.0000,0.0000,1.4440,1.0000,2.0980,10.0270,8.9860,0.0000,0.0000,0.0000,71.3049,0.0000,4862.0000,2067.0000,0.0000,33.0000,68.0000,32.0000,13.0000
2.7930,0.6730,0.4810,0.4350,0.2820,0.0000,0.0000,1.6390,1.0000,2.0980,10.0270,8.9860,0.0000,0.0000,0.0000,71.3559,0.0000,4867.0000,2067.0000,0.0000,33.0000,68.0000,32.0000,13.0000
2.8520,0.8740,0.4750,0.4920,0.2850,0.0000,0.0000,1.5030,1.0000,2.0980,10.0270,8.9860,0.0000,0.0000,0.0000,71.3764,0.0000,4869.0000,2067.0000,0.0000,33.0000,68.0000,32.0000,13.0000
2.6770,0.8060,0.4380,0.5040,0.2300,0.0000,0.0000,1.4330,1.0000,2.0980,10.0270,8.9860,0.0000,0.0000,0.0000,71.3857,0.0000,4870.0000,2067.0000,0.0000,33.0000,66.0000,32.0000,14.0000
2.6530,0.6990,0.4800,0.4390,0.2550,0.0000,0.0000,1.4740,1.0000,2.0980,10.0270,8.9860,0.0000,0.0000,0.0000,71.3859,0.0000,4870.0000,2067.0000,0.0000,33.0000,66.0000,32.0000,15.0000
2.6150,0.7290,0.4650,0.5020,0.2570,0.0000,0.0000,1.4210,1.0000,2.0980,10.0270,8.9860,0.0000,0.0000,0.0000,71.3970,0.0000,4871.0000,2067.0000,0.0000,33.0000,67.0000,32.0000,14.0000
2.5680,0.7310,0.4290,0.4870,0.2200,0.0000,0.0000,1.4080,1.0000,2.0980,10.0270,8.9860,0.0000,0.0000,0.0000,71.3970,0.0000,4871.0000,2067.0000,0.0000,33.0000,67.0000,32.0000,13.0000
2.7750,0.6860,0.4930,0.4270,0.3050,0.0000,0.0000,1.5960,1.0000,2.0980,10.0270,8.9860,0.0000,0.0000,0.0000,71.4174,0.0000,4873.0000,2067.0000,0.0000,33.0000,67.0000,32.0000,13.0000
2.5190,0.7950,0.4400,0.5150,0.2480,0.0000,0.0000,1.2840,1.0000,2.0980,10.0270,8.9860,0.0000,0.0000,0.0000,71.4284,0.0000,4874.0000,2067.0000,0.0000,33.0000,68.0000,32.0000,14.0000
2.5900,0.6810,0.4740,0.4330,0.2380,0.0000,0.0000,1.4350,1.0000,2.0980,10.0270,8.9860,0.0000,0.0000,0.0000,71.4388,0.0000,4875.0000,2067.0000,0.0000,33.0000,68.0000,32.0000,14.0000
2.9170,0.7150,0.4730,0.4260,0.2790,0.0000,0.0000,1.7290,1.0000,2.0980,10.0270,8.9860,0.0000,0.0000,0.0000,71.4802,0.0000,4879.0000,2067.0000,0.0000,33.0000,67.0000,32.0000,14.0000
2.6120,0.8890,0.4440,0.4610,0.2460,0.0000,0.0000,1.2790,1.0000,2.0980,10.0270,8.9860,0.0000,0.0000,0.0000,71.4906,0.0000,4880.0000,2067.0000,0.0000,33.0000,67.0000,32.0000,14.0000
2.6010,0.7350,0.4780,0.4860,0.2120,0.0000,0.0000,1.3880,1.0000,2.0980,10.0270,8.9860,0.0000,0.0000,0.0000,71.4908,0.0000,4880.0000,2067.0000,0.0000,33.0000,67.0000,32.0000,14.0000
2.8440,0.6750,0.5220,0.4230,0.3160,0.0000,0.0000,1.6470,1.0000,2.0980,10.0270,8.9860,0.0000,0.0000,0.0000,71.5122,0.0000,4882.0000,2067.0000,0.0000,33.0000,68.0000,32.0000,13.0000
2.6730,0.8180,0.4300,0.4960,0.2200,0.0000,0.0000,1.4250,1.0000,2.0980,10.0270,8.9860,0.0000,0.0000,0.0000,71.5122,0.0000,4882.0000,2067.0000,0.0000,33.0000,68.0000,32.0000,13.0000
2.9120,0.7170,0.4210,0.5040,0.2030,0.0000,0.0000,1.7740,1.0000,2.0980,10.0270,8.9860,0.0000,0.0000,0.0000,71.5224,0.0000,4883.0000,2067.0000,0.0000,33.0000,68.0000,32.0000,13.0000
2.8610,1.0390,0.6500,0.5010,0.2190,0.0000,0.0000,1.1720,1.0000,2.0980,10.0270,8.9860,0.0000,0.0000,0.0000,71.5238,0.0000,4883.0000,2067.0000,0.0000,33.0000,68.0000,32.0000,13.0000
2.6510,0.7330,0.4470,0.5110,0.2010,0.0000,0.0000,1.4710,1.0000,2.0980,10.0270,8.9860,0.0000,0.0000,0.0000,71.5238,0.0000,4883.0000,2067.0000,0.0000,33.0000,68.0000,32.0000,13.0000
3.0090,0.7390,0.6760,0.5220,0.3980,0.0000,0.0000,1.5940,1.0000,2.0980,10.0270,8.9860,0.0000,0.0000,0.0000,71.5224,0.0000,4883.0000,2067.0000,0.0000,33.0000,66.0000,32.0000,13.0000
3.1190,0.7060,0.5930,0.4820,0.3790,0.0000,0.0000,1.8200,1.0000,2.0980,10.0270,8.9860,0.0000,0.0000,0.0000,71.5327,0.0000,4884.0000,2067.0000,0.0000,33.0000,66.0000,32.0000,13.0000
2.9350,0.7620,0.5470,0.4530,0.2410,0.0000,0.0000,1.6260,1.0000,2.0980,10.0270,8.9860,0.0000,0.0000,0.0000,71.5327,0.0000,4884.0000,2067.0000,0.0000,33.0000,66.0000,32.0000,13.0000
2.6280,0.6820,0.4010,0.4320,0.2050,0.0000,0.0000,1.5450,1.0000,2.0980,10.0270,8.9860,0.0000,0.0000,0.0000,71.5327,0.0000,4884.0000,2067.0000,0.0000,33.0000,66.0000,32.0000,14.0000
2.8180,0.7180,0.4210,0.5120,0.2060,0.0000,0.0000,1.6790,1.0000,2.0980,10.0270,8.9860,0.0000,0.0000,0.0000,71.5334,0.0000,4884.0000,2067.0000,0.0000,33.0000,67.0000,32.0000,14.0000
2.7470,0.7430,0.4940,0.5310,0.2650,0.0000,0.0000,1.5100,1.0000,2.0980,10.0270,8.9860,0.0000,0.0000,0.0000,71.5334,0.0000,4884.0000,2067.0000,0.0000,33.0000,67.0000,32.0000,14.0000
2.6340,0.7060,0.5140,0.4870,0.2670,0.0000,0.0000,1.4140,1.0000,2.0980,10.0270,8.9860,0.0000,0.0000,0.0000,71.5437,0.0000,4885.0000,2067.0000,0.0000,33.0000,67.0000,32.0000,14.0000
2.4700,0.7240,0.4670,0.4260,0.2610,0.0000,0.0000,1.2790,1.0000,2.0980,10.0270,8.9860,0.0000,0.0000,0.0000,71.5437,0.0000,4885.0000,2067.0000,0.0000,33.0000,67.0000,32.0000,14.0000
2.8660,0.6370,0.5150,0.4360,0.2550,0.0000,0.0000,1.7140,1.0000,2.0980,10.0270,8.9860,0.0000,0.0000,0.0000,71.5747,0.0000,4888.0000,2067.0000,0.0000,33.0000,67.0000,32.0000,15.0000
2.8410,0.9280,0.5470,0.5460,0.2170,0.0000,0.0000,1.3660,1.0000,2.0980,10.0270,8.9860,0.0000,0.0000,0.0000,71.5753,0.0000,4888.0000,2067.0000,0.0000,33.0000,67.0000,32.0000,14.0000
2.8320,0.8890,0.5840,0.6700,0.3040,0.0000,0.0000,1.3590,1.0000,2.0980,10.0270,8.9860,0.0000,0.0000,0.0000,71.5959,0.0000,4890.0000,2067.0000,0.0000,33.0000,67.0000,32.0000,14.0000
2.7600,0.8180,0.4700,0.5100,0.2420,0.0000,0.0000,1.4720,1.0000,2.0980,10.0270,8.9860,0.0000,0.0000,0.0000,71.5959,0.0000,4890.0000,2067.0000,0.0000,33.0000,67.0000,32.0000,15.0000
2.4510,0.7790,0.4260,0.5620,0.2090,0.0000,0.0000,1.2460,1.0000,2.0980,10.0270,8.9860,0.0000,0.0000,0.0000,71.5967,0.0000,4890.0000,2067.0000,0.0000,33.0000,68.0000,32.0000,15.0000
2.5880,0.6490,0.5140,0.4300,0.2500,0.0000,0.0000,1.4250,1.0000,2.0980,10.0270,8.9860,0.0000,0.0000,0.0000,71.5961,0.0000,4890.0000,2067.0000,0.0000,33.0000,67.0000,32.0000,15.0000
2.6130,0.7450,0.4550,0.4950,0.2370,0.0000,0.0000,1.4130,1.0000,2.0980,10.0270,8.9860,0.0000,0.0000,0.0000,71.6060,0.0000,4891.0000,2067.0000,0.0000,33.0000,67.0000,32.0000,15.0000
2.8350,0.7900,0.4990,0.5240,0.2540,0.0000,0.0000,1.5460,1.0000,2.0980,10.0270,8.9860,0.0000,0.0000,0.0000,71.6266,0.0000,4893.0000,2067.0000,0.0000,33.0000,68.0000,32.0000,15.0000
2.7640,0.9160,0.5490,0.4760,0.2830,0.0000,0.0000,1.2990,1.0000,2.0980,10.0270,8.9860,0.0000,0.0000,0.0000,71.3601,0.0000,4867.0000,2067.0000,0.0000,33.0000,68.0000,32.0000,15.0000
2.7090,0.7810,0.4710,0.5170,0.2630,0.0000,0.0000,1.4570,1.0000,2.0980,10.0270,8.9860,0.0000,0.0000,0.0000,71.3704,0.0000,4868.0000,2067.0000,0.0000,33.0000,68.0000,32.0000,15.0000
2.6510,0.8170,0.4380,0.5720,0.2440,0.0000,0.0000,1.3960,1.0000,2.0980,10.0270,8.9860,0.0000,0.0000,0.0000,71.4011,0.0000,4871.0000,2067.0000,0.0000,33.0000,68.0000,32.0000,15.0000
3.1820,0.7850,0.5790,0.4450,0.3070,0.0000,0.0000,1.8180,1.0000,2.0980,10.0270,8.9860,0.0000,0.0000,0.0000,71.4107,0.0000,4872.0000,2067.0000,0.0000,33.0000,67.0000,32.0000,15.0000
3.8780,0.7600,0.7780,0.4400,0.3810,0.0000,0.0000,2.3400,1.0000,2.0980,10.0270,8.9860,0.0000,0.0000,0.0000,71.4109,0.0000,4872.0000,2067.0000,0.0000,33.0000,67.0000,32.0000,15.0000
3.4910,0.9760,0.6130,0.6650,0.3090,0.0000,0.0000,1.9020,1.0000,2.0980,10.0270,8.9860,0.0000,0.0000,0.0000,71.4110,0.0000,4872.0000,2067.0000,0.0000,33.0000,67.0000,32.0000,15.0000
2.9650,0.9770,0.5210,0.6840,0.2800,0.0000,0.0000,1.4670,1.0000,2.0980,10.0270,8.9860,0.0000,0.0000,0.0000,71.4313,0.0000,4874.0000,2067.0000,0.0000,33.0000,67.0000,32.0000,15.0000
2.5540,0.8560,0.4150,0.4800,0.2030,0.0000,0.0000,1.2830,1.0000,2.0980,10.0270,8.9860,0.0000,0.0000,0.0000,71.4313,0.0000,4874.0000,2067.0000,0.0000,33.0000,67.0000,32.0000,15.0000
2.6150,0.6710,0.4570,0.4640,0.2090,0.0000,0.0000,1.4870,1.0000,2.0980,10.0270,8.9860,0.0000,0.0000,0.0000,71.4314,0.0000,4874.0000,2067.0000,0.0000,33.0000,67.0000,32.0000,15.0000
2.9290,0.7080,0.4200,0.4890,0.2170,0.0000,0.0000,1.8010,1.0000,2.0980,10.0270,8.9860,0.0000,0.0000,0.0000,71.4316,0.0000,4874.0000,2067.0000,0.0000,33.0000,67.0000,32.0000,17.0000
2.7870,1.0100,0.4740,0.7900,0.2630,0.0000,0.0000,1.3030,1.0000,2.0980,10.0270,8.9860,0.0000,0.0000,0.0000,71.4425,0.0000,4875.0000,2067.0000,0.0000,33.0000,68.0000,32.0000,17.0000
2.6940,0.7610,0.4350,0.5170,0.2100,0.0000,0.0000,1.4980,1.0000,2.0980,10.0270,8.9860,0.0000,0.0000,0.0000,71.4425,0.0000,4875.0000,2067.0000,0.0000,33.0000,68.0000,32.0000,17.0000
2.7860,0.6480,0.5510,0.4370,0.2680,0.0000,0.0000,1.5870,1.0000,2.0980,10.0270,8.9860,0.0000,0.0000,0.0000,71.4522,0.0000,4876.0000,2067.0000,0.0000,33.0000,67.0000,32.0000,17.0000
2.7880,0.6980,0.5120,0.4310,0.2880,0.0000,0.0000,1.5780,1.0000,2.0980,10.0270,8.9860,0.0000,0.0000,0.0000,71.4624,0.0000,4877.0000,2067.0000,0.0000,33.0000,67.0000,32.0000,17.0000
2.6300,0.7780,0.4380,0.5040,0.2240,0.0000,0.0000,1.4140,1.0000,2.0980,10.0270,8.9860,0.0000,0.0000,0.0000,71.4625,0.0000,4877.0000,2067.0000,0.0000,33.0000,67.0000,32.0000,17.0000
2.8440,0.7660,0.4730,0.5470,0.2610,0.0000,0.0000,1.6050,1.0000,2.0980,10.0270,8.9860,0.0000,0.0000,0.0000,71.4938,0.0000,4880.0000,2067.0000,0.0000,33.0000,68.0000,32.0000,18.0000
2.7000,0.8420,0.4640,0.4480,0.2050,0.0000,0.0000,1.3940,1.0000,2.0980,10.0270,8.9860,0.0000,0.0000,0.0000,71.4939,0.0000,4880.0000,2067.0000,0.0000,33.0000,68.0000,32.0000,18.0000
2.8550,0.7010,0.5680,0.4390,0.3470,0.0000,0.0000,1.5860,1.0000,2.0980,10.0270,8.9860,0.0000,0.0000,0.0000,71.5249,0.0000,4883.0000,2067.0000,0.0000,33.0000,68.0000,32.0000,18.0000
2.8160,0.8230,0.4760,0.4340,0.2690,0.0000,0.0000,1.5170,1.0000,2.0980,10.0270,8.9860,0.0000,0.0000,0.0000,71.5243,0.0000,4883.0000,2067.0000,0.0000,33.0000,67.0000,32.0000,18.0000
2.7300,0.8730,0.4160,0.6640,0.2050,0.0000,0.0000,1.4410,1.0000,2.0980,10.0270,8.9860,0.0000,0.0000,0.0000,71.5244,0.0000,4883.0000,2067.0000,0.0000,33.0000,67.0000,32.0000,18.0000
2.5270,0.7750,0.4230,0.5320,0.2080,0.0000,0.0000,1.3290,1.0000,2.0980,10.0270,8.9860,0.0000,0.0000,0.0000,71.5244,0.0000,4883.0000,2067.0000,0.0000,33.0000,67.0000,32.0000,18.0000
3.3190,0.6910,0.5600,0.4380,0.2990,0.0000,0.0000,2.0680,1.0000,2.0980,10.0270,8.9860,0.0000,0.0000,0.0000,71.5550,0.0000,4886.0000,2067.0000,0.0000,33.0000,67.0000,32.0000,18.0000
3.1960,0.8970,0.5830,0.5540,0.2710,0.0000,0.0000,1.7160,1.0000,2.0980,10.0270,8.9860,0.0000,0.0000,0.0000,71.5653,0.0000,4887.0000,2067.0000,0.0000,33.0000,67.0000,32.0000,18.0000
4.4090,0.9440,0.4620,0.6350,0.2460,0.0000,0.0000,3.0030,1.0000,2.0980,10.0270,8.9860,0.0000,0.0000,0.0000,71.5757,0.0000,4888.0000,2067.0000,0.0000,33.0000,67.0000,32.0000,18.0000
3.3830,0.7880,0.4450,0.4800,0.2340,0.0000,0.0000,2.1500,1.0000,2.0980,10.0270,8.9860,0.0000,0.0000,0.0000,71.5758,0.0000,4888.0000,2067.0000,0.0000,33.0000,67.0000,32.0000,18.0000
2.7950,1.4350,0.5420,1.2140,0.2640,0.0000,0.0000,0.8180,1.0000,2.0980,10.0270,8.9860,0.0000,0.0000,0.0000,71.5861,0.0000,4889.0000,2067.0000,0.0000,33.0000,67.0000,32.0000,18.0000
3.3770,0.7760,0.5540,0.4460,0.3140,0.0000,0.0000,2.0470,1.0000,2.0980,10.0270,8.9860,0.0000,0.0000,0.0000,71.5964,0.0000,4890.0000,2067.0000,0.0000,33.0000,67.0000,32.0000,18.0000
3.3200,1.4280,0.8490,1.1580,0.5960,0.0000,0.0000,1.0430,1.0000,2.0980,10.0270,8.9860,0.0000,0.0000,0.0000,71.5964,0.0000,4890.0000,2067.0000,0.0000,33.0000,67.0000,32.0000,18.0000
3.2890,0.8020,0.7050,0.5480,0.4420,0.0000,0.0000,1.7820,1.0000,2.0980,10.0270,8.9860,0.0000,0.0000,0.0000,71.6175,0.0000,4892.0000,2067.0000,0.0000,33.0000,68.0000,32.0000,18.0000
3.2410,1.0000,0.6470,0.6670,0.3940,0.0000,0.0000,1.5940,1.0000,2.0980,10.0270,8.9860,0.0000,0.0000,0.0000,71.6368,0.0000,4894.0000,2067.0000,0.0000,33.0000,66.0000,32.0000,19.0000
2.9780,0.9330,0.5630,0.5590,0.2820,0.0000,0.0000,1.4820,1.0000,2.0980,10.0270,8.9860,0.0000,0.0000,0.0000,71.6472,0.0000,4895.0000,2067.0000,0.0000,33.0000,66.0000,32.0000,19.0000
3.1350,0.9330,0.5310,0.5420,0.2590,0.0000,0.0000,1.6710,1.0000,2.0980,10.0270,8.9860,0.0000,0.0000,0.0000,71.3658,0.0000,4868.0000,2067.0000,0.0000,33.0000,66.0000,32.0000,19.0000
2.7580,0.7740,0.4240,0.4620,0.2060,0.0000,0.0000,1.5600,1.0000,2.0980,10.0270,8.9860,0.0000,0.0000,0.0000,71.3656,0.0000,4868.0000,2067.0000,0.0000,33.0000,66.0000,32.0000,19.0000
3.1490,0.8180,0.6200,0.5240,0.3410,0.0000,0.0000,1.7110,1.0000,2.0980,10.0270,8.9860,0.0000,0.0000,0.0000,71.3649,0.0000,4868.0000,2067.0000,0.0000,33.0000,65.0000,32.0000,19.0000
2.8090,1.0220,0.5390,0.7560,0.2520,0.0000,0.0000,1.2480,1.0000,2.0980,10.0270,8.9860,0.0000,0.0000,0.0000,71.3649,0.0000,4868.0000,2067.0000,0.0000,33.0000,65.0000,32.0000,18.0000
3.0090,0.7950,0.5920,0.4810,0.2960,0.0000,0.0000,1.6220,1.0000,2.0980,10.0270,8.9860,0.0000,0.0000,0.0000,71.3751,0.0000,4869.0000,2067.0000,0.0000,33.0000,65.0000,32.0000,18.0000
2.8450,0.8410,0.5280,0.5280,0.2680,0.0000,0.0000,1.4760,1.0000,2.0980,10.0270,8.9860,0.0000,0.0000,0.0000,71.3854,0.0000,4870.0000,2067.0000,0.0000,33.0000,65.0000,32.0000,18.0000
2.7350,0.7900,0.5400,0.4830,0.2900,0.0000,0.0000,1.4050,1.0000,2.0980,10.0270,8.9860,0.0000,0.0000,0.0000,71.3854,0.0000,4870.0000,2067.0000,0.0000,33.0000,65.0000,32.0000,18.0000
2.9140,0.7900,0.5280,0.5140,0.2760,0.0000,0.0000,1.5960,1.0000,2.0980,10.0270,8.9860,0.0000,0.0000,0.0000,71.3951,0.0000,4871.0000,2067.0000,0.0000,33.0000,64.0000,32.0000,18.0000
2.7220,0.7890,0.4660,0.5310,0.2570,0.0000,0.0000,1.4670,1.0000,2.0980,10.0270,8.9860,0.0000,0.0000,0.0000,71.4153,0.0000,4873.0000,2067.0000,0.0000,33.0000,64.0000,32.0000,18.0000
3.2190,0.8170,0.5280,0.5050,0.2610,0.0000,0.0000,1.8740,1.0000,2.0980,10.0270,8.9860,0.0000,0.0000,0.0000,71.4563,0.0000,4877.0000,2067.0000,0.0000,33.0000,64.0000,32.0000,18.0000
2.5970,0.9070,0.4350,0.5080,0.2060,0.0000,0.0000,1.2550,1.0000,2.0980,10.0270,8.9860,0.0000,0.0000,0.0000,71.4558,0.0000,4877.0000,2067.0000,0.0000,33.0000,63.0000,32.0000,18.0000
2.9330,0.7380,0.5910,0.5120,0.3040,0.0000,0.0000,1.6040,1.0000,2.0980,10.0270,8.9860,0.0000,0.0000,0.0000,71.4867,0.0000,4880.0000,2067.0000,0.0000,33.0000,63.0000,32.0000,18.0000
2.9180,0.8600,0.5040,0.4640,0.2800,0.0000,0.0000,1.5540,1.0000,2.0980,10.0270,8.9860,0.0000,0.0000,0.0000,71.4861,0.0000,4880.0000,2067.0000,0.0000,33.0000,62.0000,32.0000,18.0000
3.0110,0.8270,0.5830,0.5240,0.3350,0.0000,0.0000,1.6010,1.0000,2.0980,10.0270,8.9860,0.0000,0.0000,0.0000,71.4965,0.0000,4881.0000,2067.0000,0.0000,33.0000,62.0000,32.0000,18.0000
2.9200,0.8470,0.5750,0.5190,0.3290,0.0000,0.0000,1.4980,1.0000,2.0980,10.0270,8.9860,0.0000,0.0000,0.0000,71.5068,0.0000,4882.0000,2067.0000,0.0000,33.0000,62.0000,32.0000,18.0000
2.9870,0.8650,0.5910,0.5190,0.3480,0.0000,0.0000,1.5310,1.0000,2.0980,10.0270,8.9860,0.0000,0.0000,0.0000,71.5367,0.0000,4885.0000,2067.0000,0.0000,33.0000,61.0000,32.0000,18.0000
2.8220,0.9450,0.5670,0.5160,0.2800,0.0000,0.0000,1.3100,1.0000,2.0980,10.0270,8.9860,0.0000,0.0000,0.0000,71.5376,0.0000,4885.0000,2067.0000,0.0000,33.0000,62.0000,32.0000,18.0000
3.0840,0.8560,0.5530,0.5990,0.3250,0.0000,0.0000,1.6750,1.0000,2.0980,10.0270,8.9860,0.0000,0.0000,0.0000,71.5782,0.0000,4889.0000,2067.0000,0.0000,33.0000,62.0000,32.0000,18.0000
2.7780,1.0350,0.4840,0.5480,0.2520,0.0000,0.0000,1.2590,1.0000,2.0980,10.0270,8.9860,0.0000,0.0000,0.0000,71.5783,0.0000,4889.0000,2067.0000,0.0000,33.0000,62.0000,32.0000,18.0000
2.8780,0.8410,0.5220,0.5940,0.2880,0.0000,0.0000,1.5150,1.0000,2.0980,10.0270,8.9860,0.0000,0.0000,0.0000,71.5881,0.0000,4890.0000,2067.0000,0.0000,33.0000,61.0000,32.0000,17.0000
2.8170,0.8920,0.4730,0.5960,0.2420,0.0000,0.0000,1.4520,1.0000,2.0980,10.0270,8.9860,0.0000,0.0000,0.0000,71.5881,0.0000,4890.0000,2067.0000,0.0000,33.0000,61.0000,32.0000,16.0000
3.0460,0.8020,0.5640,0.5480,0.3000,0.0000,0.0000,1.6800,1.0000,2.0980,10.0270,8.9860,0.0000,0.0000,0.0000,71.6087,0.0000,4892.0000,2067.0000,0.0000,33.0000,61.0000,32.0000,16.0000
2.7720,0.9820,0.5110,0.6370,0.2480,0.0000,0.0000,1.2790,1.0000,2.0980,10.0270,8.9860,0.0000,0.0000,0.0000,71.6080,0.0000,4892.0000,2067.0000,0.0000,33.0000,60.0000,32.0000,16.0000
2.8170,0.8140,0.5120,0.5180,0.2490,0.0000,0.0000,1.4910,1.0000,2.0980,10.0270,8.9860,0.0000,0.0000,0.0000,71.6081,0.0000,4892.0000,2067.0000,0.0000,33.0000,60.0000,32.0000,16.0000
3.2860,0.8010,0.5370,0.5090,0.2920,0.0000,0.0000,1.9480,1.0000,2.0980,10.0270,8.9860,0.0000,0.0000,0.0000,71.6081,0.0000,4892.0000,2067.0000,0.0000,33.0000,60.0000,32.0000,16.0000
3.0630,0.9000,0.5860,0.5860,0.2390,0.0000,0.0000,1.5770,1.0000,2.0980,10.0270,8.9860,0.0000,0.0000,0.0000,71.6081,0.0000,4892.0000,2067.0000,0.0000,33.0000,60.0000,32.0000,16.0000
8.6390,0.7370,0.6560,0.4460,0.3430,0.0000,0.0000,7.2460,1.0000,2.0980,10.0270,8.9860,0.0000,0.0000,0.0000,71.6183,0.0000,4893.0000,2067.0000,0.0000,33.0000,60.0000,32.0000,17.0000
3.1060,1.0430,0.5780,0.5320,0.3020,0.0000,0.0000,1.4850,1.0000,2.0980,10.0270,8.9860,0.0000,0.0000,0.0000,71.6177,0.0000,4893.0000,2067.0000,0.0000,33.0000,59.0000,32.0000,17.0000
3.2410,0.8250,0.8050,0.5750,0.4040,0.0000,0.0000,1.6110,1.0000,2.0980,10.0270,8.9860,0.0000,0.0000,0.0000,71.6177,0.0000,4893.0000,2067.0000,0.0000,33.0000,59.0000,32.0000,17.0000
3.6850,0.8170,0.8470,0.4940,0.4900,0.0000,0.0000,2.0210,1.0000,2.0980,10.0270,8.9860,0.0000,0.0000,0.0000,71.6379,0.0000,4895.0000,2067.0000,0.0000,33.0000,59.0000,32.0000,17.0000
2.8030,1.3190,0.6100,0.9380,0.3280,0.0000,0.0000,0.8740,1.0000,2.0980,10.0270,8.9860,0.0000,0.0000,0.0000,71.6493,0.0000,4896.0000,2067.0000,0.0000,33.0000,61.0000,32.0000,17.0000
2.5540,0.8570,0.4580,0.4900,0.2350,0.0000,0.0000,1.2390,1.0000,2.0980,10.0270,8.9860,0.0000,0.0000,0.0000,71.3609,0.0000,4868.0000,2067.0000,0.0000,33.0000,61.0000,32.0000,17.0000
2.8900,0.8140,0.7090,0.5870,0.3660,0.0000,0.0000,1.3670,1.0000,2.0980,10.0270,8.9860,0.0000,0.0000,0.0000,71.3806,0.0000,4870.0000,2067.0000,0.0000,33.0000,61.0000,32.0000,17.0000
2.8960,0.8240,0.5350,0.5120,0.2610,0.0000,0.0000,1.5370,1.0000,2.0980,10.0270,8.9860,0.0000,0.0000,0.0000,71.3909,0.0000,4871.0000,2067.0000,0.0000,33.0000,61.0000,32.0000,17.0000
3.5450,0.8160,0.5370,0.4900,0.2960,0.0000,0.0000,2.1920,1.0000,2.0980,10.0270,8.9860,0.0000,0.0000,0.0000,71.3910,0.0000,4871.0000,2067.0000,0.0000,33.0000,61.0000,32.0000,17.0000
3.4080,1.1220,0.6160,0.7290,0.3400,0.0000,0.0000,1.6700,1.0000,2.0980,10.0270,8.9860,0.0000,0.0000,0.0000,71.4216,0.0000,4874.0000,2067.0000,0.0000,33.0000,61.0000,32.0000,17.0000
3.2370,0.9200,0.5990,0.4500,0.3010,0.0000,0.0000,1.7180,1.0000,2.0980,10.0270,8.9860,0.0000,0.0000,0.0000,71.4319,0.0000,4875.0000,2067.0000,0.0000,33.0000,61.0000,32.0000,17.0000
3.2630,0.9180,0.6480,0.5600,0.3320,0.0000,0.0000,1.6970,1.0000,2.0980,10.0270,8.9860,0.0000,0.0000,0.0000,71.4533,0.0000,4877.0000,2067.0000,0.0000,33.0000,62.0000,32.0000,17.0000
2.8770,0.8720,0.4670,0.4610,0.2250,0.0000,0.0000,1.5380,1.0000,2.0980,10.0270,8.9860,0.0000,0.0000,0.0000,71.4534,0.0000,4877.0000,2067.0000,0.0000,33.0000,62.0000,32.0000,18.0000
2.9460,0.7280,0.5160,0.4610,0.2860,0.0000,0.0000,1.7020,1.0000,2.0980,10.0270,8.9860,0.0000,0.0000,0.0000,71.4738,0.0000,4879.0000,2067.0000,0.0000,33.0000,62.0000,32.0000,18.0000
2.6950,0.7790,0.4650,0.4710,0.2480,0.0000,0.0000,1.4510,1.0000,2.0980,10.0270,8.9860,0.0000,0.0000,0.0000,71.4834,0.0000,4880.0000,2067.0000,0.0000,33.0000,61.0000,32.0000,18.0000
2.7640,0.7930,0.4970,0.4840,0.2650,0.0000,0.0000,1.4740,1.0000,2.0980,10.0270,8.9860,0.0000,0.0000,0.0000,71.4835,0.0000,4880.0000,2067.0000,0.0000,33.0000,61.0000,32.0000,17.0000
2.9470,0.7590,0.5390,0.5350,0.3340,0.0000,0.0000,1.6490,1.0000,2.0980,10.0270,8.9860,0.0000,0.0000,0.0000,71.4939,0.0000,4881.0000,2067.0000,0.0000,33.0000,61.0000,32.0000,17.0000
2.7740,0.7850,0.4290,0.5090,0.2230,0.0000,0.0000,1.5600,1.0000,2.0980,10.0270,8.9860,0.0000,0.0000,0.0000,71.4939,0.0000,4881.0000,2067.0000,0.0000,33.0000,61.0000,32.0000,17.0000
3.1300,0.8100,0.5130,0.5940,0.2670,0.0000,0.0000,1.8070,1.0000,2.0980,10.0270,8.9860,0.0000,0.0000,0.0000,71.5250,0.0000,4884.0000,2067.0000,0.0000,33.0000,61.0000,32.0000,18.0000
3.0260,0.9410,0.5560,0.5960,0.2980,0.0000,0.0000,1.5290,1.0000,2.0980,10.0270,8.9860,0.0000,0.0000,0.0000,71.5243,0.0000,4884.0000,2067.0000,0.0000,33.0000,60.0000,32.0000,18.0000
2.9420,0.7610,0.5330,0.5360,0.3000,0.0000,0.0000,1.6480,1.0000,2.0980,10.0270,8.9860,0.0000,0.0000,0.0000,71.5245,0.0000,4884.0000,2067.0000,0.0000,33.0000,60.0000,32.0000,17.0000
2.8190,0.7530,0.4750,0.5310,0.2350,0.0000,0.0000,1.5910,1.0000,2.0980,10.0270,8.9860,0.0000,0.0000,0.0000,71.5245,0.0000,4884.0000,2067.0000,0.0000,33.0000,60.0000,32.0000,17.0000
2.7180,0.8070,0.4390,0.5810,0.2160,0.0000,0.0000,1.4720,1.0000,2.0980,10.0270,8.9860,0.0000,0.0000,0.0000,71.5245,0.0000,4884.0000,2067.0000,0.0000,33.0000,60.0000,32.0000,17.0000
2.7430,0.7020,0.4550,0.4370,0.2060,0.0000,0.0000,1.5860,1.0000,2.0980,10.0270,8.9860,0.0000,0.0000,0.0000,71.5252,0.0000,4884.0000,2067.0000,0.0000,33.0000,61.0000,32.0000,17.0000
2.7360,0.7260,0.4380,0.4900,0.2360,0.0000,0.0000,1.5720,1.0000,2.0980,10.0270,8.9860,0.0000,0.0000,0.0000,71.5238,0.0000,4884.0000,2067.0000,0.0000,33.0000,59.0000,32.0000,17.0000
2.9780,0.7910,0.4880,0.5800,0.2730,0.0000,0.0000,1.6990,1.0000,2.0980,10.0270,8.9860,0.0000,0.0000,0.0000,71.5652,0.0000,4888.0000,2067.0000,0.0000,33.0000,59.0000,32.0000,17.0000
3.0410,0.9060,0.5370,0.5160,0.3000,0.0000,0.0000,1.5980,1.0000,2.0980,10.0270,8.9860,0.0000,0.0000,0.0000,71.5653,0.0000,4888.0000,2067.0000,0.0000,33.0000,59.0000,32.0000,18.0000
3.0100,0.8320,0.5500,0.5970,0.3380,0.0000,0.0000,1.6280,1.0000,2.0980,10.0270,8.9860,0.0000,0.0000,0.0000,71.5861,0.0000,4890.0000,2067.0000,0.0000,33.0000,59.0000,32.0000,18.0000
2.9210,0.8650,0.4390,0.5520,0.2150,0.0000,0.0000,1.6170,1.0000,2.0980,10.0270,8.9860,0.0000,0.0000,0.0000,71.5861,0.0000,4890.0000,2067.0000,0.0000,33.0000,59.0000,32.0000,17.0000
2.9520,0.9330,0.4950,0.6590,0.2650,0.0000,0.0000,1.5240,1.0000,2.0980,10.0270,8.9860,0.0000,0.0000,0.0000,71.5964,0.0000,4891.0000,2067.0000,0.0000,33.0000,59.0000,32.0000,17.0000
2.8190,0.8140,0.4650,0.5320,0.2540,0.0000,0.0000,1.5400,1.0000,2.0980,10.0270,8.9860,0.0000,0.0000,0.0000,71.6074,0.0000,4892.0000,2067.0000,0.0000,33.0000,60.0000,32.0000,16.0000
3.1960,0.7120,0.5150,0.4360,0.2250,0.0000,0.0000,1.9690,1.0000,2.0980,10.0270,8.9860,0.0000,0.0000,0.0000,71.6194,0.0000,4893.0000,2067.0000,0.0000,33.0000,60.0000,32.0000,16.0000
2.7740,0.8730,0.4450,0.5270,0.2170,0.0000,0.0000,1.4560,1.0000,2.0980,10.0270,8.9860,0.0000,0.0000,0.0000,71.6195,0.0000,4893.0000,2067.0000,0.0000,33.0000,60.0000,32.0000,16.0000
2.8150,0.7500,0.4550,0.5110,0.2290,0.0000,0.0000,1.6100,1.0000,2.0980,10.0270,8.9860,0.0000,0.0000,0.0000,71.6195,0.0000,4893.0000,2067.0000,0.0000,33.0000,60.0000,32.0000,16.0000
2.9400,0.7160,0.5920,0.4270,0.2840,0.0000,0.0000,1.6320,1.0000,2.0980,10.0270,8.9860,0.0000,0.0000,0.0000,71.6397,0.0000,4895.0000,2067.0000,0.0000,33.0000,60.0000,32.0000,16.0000
2.6630,0.8140,0.4980,0.4190,0.2630,0.0000,0.0000,1.3510,1.0000,2.0980,10.0270,8.9860,0.0000,0.0000,0.0000,71.6397,0.0000,4895.0000,2067.0000,0.0000,33.0000,60.0000,32.0000,16.0000
2.8280,0.7620,0.4940,0.4730,0.2790,0.0000,0.0000,1.5720,1.0000,2.0980,10.0270,8.9860,0.0000,0.0000,0.0000,71.6603,0.0000,4897.0000,2067.0000,0.0000,33.0000,60.0000,32.0000,16.0000
2.8340,0.8050,0.4660,0.5000,0.2480,0.0000,0.0000,1.5630,1.0000,2.0980,10.0270,8.9860,0.0000,0.0000,0.0000,71.6703,0.0000,4898.0000,2067.0000,0.0000,33.0000,60.0000,32.0000,17.0000
2.7540,0.7590,0.4460,0.4880,0.2220,0.0000,0.0000,1.5490,1.0000,2.0980,10.0270,8.9860,0.0000,0.0000,0.0000,71.6700,0.0000,4898.0000,2067.0000,0.0000,33.0000,60.0000,32.0000,17.0000
3.0320,0.6950,0.5260,0.4400,0.2650,0.0000,0.0000,1.8110,1.0000,2.0980,10.0270,8.9860,0.0000,0.0000,0.0000,71.3641,0.0000,4868.0000,2067.0000,0.0000,33.0000,61.0000,32.0000,17.0000
2.7060,0.8200,0.4970,0.4730,0.2260,0.0000,0.0000,1.3890,1.0000,2.0980,10.0270,8.9860,0.0000,0.0000,0.0000,71.3634,0.0000,4868.0000,2067.0000,0.0000,33.0000,60.0000,32.0000,17.0000
2.9980,0.6950,0.6230,0.4230,0.3220,0.0000,0.0000,1.6800,1.0000,2.0980,10.0270,8.9860,0.0000,0.0000,0.0000,71.3839,0.0000,4870.0000,2067.0000,0.0000,33.0000,60.0000,32.0000,16.0000
2.6500,0.8060,0.4870,0.4930,0.2800,0.0000,0.0000,1.3570,1.0000,2.0980,10.0270,8.9860,0.0000,0.0000,0.0000,71.3846,0.0000,4870.0000,2067.0000,0.0000,33.0000,61.0000,32.0000,17.0000
2.9510,0.7560,0.4620,0.5460,0.2590,0.0000,0.0000,1.7330,1.0000,2.0980,10.0270,8.9860,0.0000,0.0000,0.0000,71.4154,0.0000,4873.0000,2067.0000,0.0000,33.0000,61.0000,32.0000,17.0000
3.1470,0.9150,0.5660,0.5090,0.2920,0.0000,0.0000,1.6660,1.0000,2.0980,10.0270,8.9860,0.0000,0.0000,0.0000,71.4366,0.0000,4875.0000,2067.0000,0.0000,33.0000,62.0000,32.0000,18.0000
3.1950,0.8370,0.6170,0.4930,0.3580,0.0000,0.0000,1.7410,1.0000,2.0980,10.0270,8.9860,0.0000,0.0000,0.0000,71.4471,0.0000,4876.0000,2067.0000,0.0000,33.0000,62.0000,32.0000,18.0000
3.0190,0.7840,0.5400,0.4980,0.2970,0.0000,0.0000,1.6950,1.0000,2.0980,10.0270,8.9860,0.0000,0.0000,0.0000,71.4473,0.0000,4876.0000,2067.0000,0.0000,33.0000,62.0000,32.0000,18.0000
2.8860,0.8570,0.4610,0.5520,0.2340,0.0000,0.0000,1.5680,1.0000,2.0980,10.0270,8.9860,0.0000,0.0000,0.0000,71.4452,0.0000,4876.0000,2067.0000,0.0000,33.0000,59.0000,32.0000,18.0000
3.1290,0.7260,0.5650,0.5050,0.3170,0.0000,0.0000,1.8380,1.0000,2.0980,10.0270,8.9860,0.0000,0.0000,0.0000,71.4760,0.0000,4879.0000,2067.0000,0.0000,33.0000,59.0000,32.0000,18.0000
3.0370,0.8660,0.6600,0.4980,0.3660,0.0000,0.0000,1.5110,1.0000,2.0980,10.0270,8.9860,0.0000,0.0000,0.0000,71.4760,0.0000,4879.0000,2067.0000,0.0000,33.0000,59.0000,32.0000,18.0000
2.9720,0.7840,0.5450,0.5420,0.3260,0.0000,0.0000,1.6430,1.0000,2.0980,10.0270,8.9860,0.0000,0.0000,0.0000,71.4972,0.0000,4881.0000,2067.0000,0.0000,33.0000,60.0000,32.0000,18.0000
2.8730,0.8700,0.5490,0.4370,0.2970,0.0000,0.0000,1.4540,1.0000,2.0980,10.0270,8.9860,0.0000,0.0000,0.0000,71.5085,0.0000,4882.0000,2067.0000,0.0000,33.0000,59.0000,32.0000,18.0000
2.8380,0.7960,0.4530,0.4690,0.2510,0.0000,0.0000,1.5890,1.0000,2.0980,10.0270,8.9860,0.0000,0.0000,0.0000,71.5182,0.0000,4883.0000,2067.0000,0.0000,33.0000,58.0000,32.0000,17.0000
2.7060,0.9280,0.4410,0.5050,0.2170,0.0000,0.0000,1.3370,1.0000,2.0980,10.0270,8.9860,0.0000,0.0000,0.0000,71.5182,0.0000,4883.0000,2067.0000,0.0000,33.0000,58.0000,32.0000,18.0000
2.6950,0.7800,0.5100,0.5300,0.2640,0.0000,0.0000,1.4050,1.0000,2.0980,10.0270,8.9860,0.0000,0.0000,0.0000,71.5391,0.0000,4885.0000,2067.0000,0.0000,33.0000,59.0000,32.0000,18.0000
2.5090,0.7670,0.4760,0.4180,0.2560,0.0000,0.0000,1.2660,1.0000,2.0980,10.0270,8.9860,0.0000,0.0000,0.0000,71.5391,0.0000,4885.0000,2067.0000,0.0000,33.0000,59.0000,32.0000,18.0000
2.5930,0.7310,0.4000,0.5050,0.2000,0.0000,0.0000,1.4620,1.0000,2.0980,10.0270,8.9860,0.0000,0.0000,0.0000,71.5393,0.0000,4885.0000,2067.0000,0.0000,33.0000,59.0000,32.0000,18.0000
2.7940,0.6950,0.5590,0.4460,0.3260,0.0000,0.0000,1.5400,1.0000,2.0980,10.0270,8.9860,0.0000,0.0000,0.0000,71.5488,0.0000,4886.0000,2067.0000,0.0000,33.0000,58.0000,32.0000,18.0000
2.6580,0.7620,0.5320,0.4340,0.3280,0.0000,0.0000,1.3640,1.0000,2.0980,10.0270,8.9860,0.0000,0.0000,0.0000,71.5488,0.0000,4886.0000,2067.0000,0.0000,33.0000,58.0000,32.0000,17.0000
2.7890,0.7600,0.4960,0.5080,0.2760,0.0000,0.0000,1.5330,1.0000,2.0980,10.0270,8.9860,0.0000,0.0000,0.0000,71.5803,0.0000,4889.0000,2067.0000,0.0000,33.0000,59.0000,32.0000,17.0000
2.6590,0.8780,0.5070,0.4880,0.2570,0.0000,0.0000,1.2740,1.0000,2.0980,10.0270,8.9860,0.0000,0.0000,0.0000,71.5906,0.0000,4890.0000,2067.0000,0.0000,33.0000,59.0000,32.0000,18.0000
2.7300,0.7360,0.5580,0.4200,0.3080,0.0000,0.0000,1.4360,1.0000,2.0980,10.0270,8.9860,0.0000,0.0000,0.0000,71.6011,0.0000,4891.0000,2067.0000,0.0000,33.0000,59.0000,32.0000,18.0000
4.5970,0.8070,0.6570,0.5240,0.3910,0.0000,0.0000,3.1330,1.0000,2.0980,10.0270,8.9860,0.0000,0.0000,0.0000,71.6121,0.0000,4892.0000,2067.0000,0.0000,33.0000,60.0000,32.0000,17.0000
2.6900,0.7970,0.5090,0.5240,0.2640,0.0000,0.0000,1.3840,1.0000,2.0980,10.0270,8.9860,0.0000,0.0000,0.0000,71.6217,0.0000,4893.0000,2067.0000,0.0000,33.0000,59.0000,32.0000,17.0000
2.7290,0.7220,0.5660,0.4400,0.3030,0.0000,0.0000,1.4410,1.0000,2.0980,10.0270,8.9860,0.0000,0.0000,0.0000,71.6313,0.0000,4894.0000,2067.0000,0.0000,33.0000,58.0000,32.0000,17.0000
2.5210,0.7980,0.4390,0.4190,0.2320,0.0000,0.0000,1.2840,1.0000,2.0980,10.0270,8.9860,0.0000,0.0000,0.0000,71.6321,0.0000,4894.0000,2067.0000,0.0000,33.0000,59.0000,32.0000,17.0000
2.9240,0.6750,0.4970,0.4430,0.2520,0.0000,0.0000,1.7520,1.0000,2.0980,10.0270,8.9860,0.0000,0.0000,0.0000,71.6527,0.0000,4896.0000,2067.0000,0.0000,33.0000,59.0000,32.0000,16.0000
2.6990,1.0820,0.5630,0.4410,0.2770,0.0000,0.0000,1.0540,1.0000,2.0980,10.0270,8.9860,0.0000,0.0000,0.0000,71.6629,0.0000,4897.0000,2067.0000,0.0000,33.0000,59.0000,32.0000,16.0000
3.1510,0.7640,0.4290,0.4360,0.2200,0.0000,0.0000,1.9580,1.0000,2.0980,10.0270,8.9860,0.0000,0.0000,0.0000,71.6630,0.0000,4897.0000,2067.0000,0.0000,33.0000,59.0000,32.0000,17.0000
3.3830,0.8490,0.5600,0.5230,0.2810,0.0000,0.0000,1.9740,1.0000,2.0980,10.0270,8.9860,0.0000,0.0000,0.0000,71.6623,0.0000,4897.0000,2067.0000,0.0000,33.0000,58.0000,32.0000,17.0000
3.8600,1.3030,0.5010,0.4760,0.2590,0.0000,0.0000,2.0560,1.0000,2.0980,10.0270,8.9860,0.0000,0.0000,0.0000,71.6726,0.0000,4898.0000,2067.0000,0.0000,33.0000,58.0000,32.0000,18.0000
3.2860,1.6210,0.5930,0.4750,0.2920,0.0000,0.0000,1.0720,1.0000,2.0980,10.0270,8.9860,0.0000,0.0000,0.0000,71.3943,0.0000,4871.0000,2067.0000,0.0000,33.0000,57.0000,32.0000,18.0000
2.6830,0.8110,0.4280,0.4330,0.2140,0.0000,0.0000,1.4440,1.0000,2.0980,10.0270,8.9860,0.0000,0.0000,0.0000,71.3940,0.0000,4871.0000,2067.0000,0.0000,33.0000,57.0000,32.0000,18.0000
4.7660,0.6790,0.4900,0.4540,0.2430,0.0000,0.0000,3.5970,1.0000,2.0980,10.0270,8.9860,0.0000,0.0000,0.0000,71.4088,0.0000,4873.0000,2067.0000,0.0000,33.0000,57.0000,32.0000,18.0000
2.5240,1.5630,0.4870,1.2860,0.2690,0.0000,0.0000,0.4740,1.0000,2.0980,10.0270,8.9860,0.0000,0.0000,0.0000,71.4069,0.0000,4873.0000,2067.0000,0.0000,33.0000,57.0000,32.0000,19.0000
2.8870,0.7750,0.6770,0.5410,0.4970,0.0000,0.0000,1.4350,1.0000,2.0980,10.0270,8.9860,0.0000,0.0000,0.0000,71.4624,0.0000,4884.0000,2067.0000,0.0000,33.0000,57.0000,32.0000,19.0000
2.1370,0.6820,0.3660,0.3560,0.1860,0.0000,0.0000,1.0890,1.0000,2.0980,10.0270,8.9860,0.0000,0.0000,0.0000,71.4631,0.0000,4884.0000,2067.0000,0.0000,33.0000,58.0000,32.0000,19.0000
2.1930,0.5570,0.3640,0.3400,0.1760,0.0000,0.0000,1.2720,1.0000,2.0980,10.0270,8.9860,0.0000,0.0000,0.0000,71.4626,0.0000,4884.0000,2067.0000,0.0000,33.0000,57.0000,32.0000,19.0000
2.0700,0.5540,0.3470,0.3380,0.1710,0.0000,0.0000,1.1690,1.0000,2.0980,10.0270,8.9860,0.0000,0.0000,0.0000,71.4626,0.0000,4884.0000,2067.0000,0.0000,33.0000,57.0000,32.0000,19.0000
2.1790,0.5130,0.3840,0.3330,0.2100,0.0000,0.0000,1.2820,1.0000,2.0980,10.0270,8.9860,0.0000,0.0000,0.0000,71.4729,0.0000,4885.0000,2067.0000,0.0000,33.0000,57.0000,32.0000,19.0000
2.1460,0.6190,0.4450,0.4090,0.2660,0.0000,0.0000,1.0820,1.0000,2.0980,10.0270,8.9860,0.0000,0.0000,0.0000,71.4832,0.0000,4886.0000,2067.0000,0.0000,33.0000,57.0000,32.0000,19.0000
2.2650,0.5540,0.3920,0.3470,0.2060,0.0000,0.0000,1.3190,1.0000,2.0980,10.0270,8.9860,0.0000,0.0000,0.0000,71.4831,0.0000,4886.0000,2067.0000,0.0000,33.0000,57.0000,32.0000,20.0000
2.2130,0.6570,0.3680,0.4820,0.1990,0.0000,0.0000,1.1880,1.0000,2.0980,10.0270,8.9860,0.0000,0.0000,0.0000,71.5035,0.0000,4888.0000,2067.0000,0.0000,33.0000,57.0000,32.0000,19.0000
2.7290,0.6450,0.5220,0.3410,0.3580,0.0000,0.0000,1.5620,1.0000,2.0980,10.0270,8.9860,0.0000,0.0000,0.0000,71.5152,0.0000,4889.0000,2067.0000,0.0000,33.0000,57.0000,32.0000,19.0000
2.4480,0.6530,0.4340,0.3460,0.2250,0.0000,0.0000,1.3610,1.0000,2.0980,10.0270,8.9860,0.0000,0.0000,0.0000,71.5153,0.0000,4889.0000,2067.0000,0.0000,33.0000,57.0000,32.0000,19.0000
2.2660,0.5990,0.3770,0.3490,0.1990,0.0000,0.0000,1.2900,1.0000,2.0980,10.0270,8.9860,0.0000,0.0000,0.0000,71.5256,0.0000,4890.0000,2067.0000,0.0000,33.0000,57.0000,32.0000,19.0000
2.6820,0.5850,0.4670,0.3460,0.2370,0.0000,0.0000,1.6300,1.0000,2.0980,10.0270,8.9860,0.0000,0.0000,0.0000,71.5566,0.0000,4893.0000,2067.0000,0.0000,33.0000,57.0000,32.0000,19.0000
2.5260,0.7870,0.3780,0.4200,0.2110,0.0000,0.0000,1.3610,1.0000,2.0980,10.0270,8.9860,0.0000,0.0000,0.0000,71.5872,0.0000,4896.0000,2067.0000,0.0000,33.0000,57.0000,32.0000,19.0000
2.2190,0.6870,0.3820,0.3530,0.1740,0.0000,0.0000,1.1500,1.0000,2.0980,10.0270,8.9860,0.0000,0.0000,0.0000,71.5873,0.0000,4896.0000,2067.0000,0.0000,33.0000,57.0000,32.0000,20.0000
2.4490,0.6220,0.4020,0.4260,0.2120,0.0000,0.0000,1.4250,1.0000,2.0980,10.0270,8.9860,0.0000,0.0000,0.0000,71.5978,0.0000,4897.0000,2067.0000,0.0000,33.0000,57.0000,32.0000,20.0000
2.3500,0.6110,0.4920,0.3370,0.2840,0.0000,0.0000,1.2470,1.0000,2.0980,10.0270,8.9860,0.0000,0.0000,0.0000,71.6081,0.0000,4898.0000,2067.0000,0.0000,33.0000,57.0000,32.0000,20.0000
2.1460,0.6210,0.4130,0.4030,0.1850,0.0000,0.0000,1.1120,1.0000,2.0980,10.0270,8.9860,0.0000,0.0000,0.0000,71.6089,0.0000,4898.0000,2067.0000,0.0000,33.0000,58.0000,32.0000,19.0000
2.1800,0.6230,0.3980,0.3690,0.2170,0.0000,0.0000,1.1590,1.0000,2.0980,10.0270,8.9860,0.0000,0.0000,0.0000,71.6286,0.0000,4900.0000,2067.0000,0.0000,33.0000,57.0000,32.0000,19.0000
2.0670,0.6220,0.3490,0.3360,0.1760,0.0000,0.0000,1.0960,1.0000,2.0980,10.0270,8.9860,0.0000,0.0000,0.0000,71.6300,0.0000,4900.0000,2067.0000,0.0000,33.0000,59.0000,32.0000,19.0000
2.2580,0.5560,0.4000,0.3390,0.2260,0.0000,0.0000,1.3020,1.0000,2.0980,10.0270,8.9860,0.0000,0.0000,0.0000,71.6607,0.0000,4903.0000,2067.0000,0.0000,33.0000,59.0000,32.0000,19.0000
2.2560,0.6400,0.4620,0.3520,0.2470,0.0000,0.0000,1.1540,1.0000,2.0980,10.0270,8.9860,0.0000,0.0000,0.0000,71.6711,0.0000,4904.0000,2067.0000,0.0000,33.0000,59.0000,32.0000,19.0000
2.2130,0.5780,0.4270,0.3460,0.2110,0.0000,0.0000,1.2080,1.0000,2.0980,10.0270,8.9860,0.0000,0.0000,0.0000,71.6789,0.0000,4899.0000,2067.0000,0.0000,33.0000,60.0000,32.0000,20.0000
2.2780,0.6200,0.4170,0.3890,0.2340,0.0000,0.0000,1.2410,1.0000,2.0980,10.0270,8.9860,0.0000,0.0000,0.0000,71.6892,0.0000,4900.0000,2067.0000,0.0000,33.0000,60.0000,32.0000,19.0000
2.3310,0.6210,0.4360,0.3460,0.2280,0.0000,0.0000,1.2740,1.0000,2.0980,10.0270,8.9860,0.0000,0.0000,0.0000,71.7088,0.0000,4902.0000,2067.0000,0.0000,33.0000,59.0000,32.0000,19.0000
2.2300,0.6700,0.4390,0.4070,0.2410,0.0000,0.0000,1.1210,1.0000,2.0980,10.0270,8.9860,0.0000,0.0000,0.0000,71.7191,0.0000,4903.0000,2067.0000,0.0000,33.0000,59.0000,32.0000,19.0000
2.2000,0.6110,0.4080,0.3930,0.1780,0.0000,0.0000,1.1810,1.0000,2.0980,10.0270,8.9860,0.0000,0.0000,0.0000,71.7192,0.0000,4903.0000,2067.0000,0.0000,33.0000,59.0000,32.0000,19.0000
2.1050,0.6360,0.3370,0.3760,0.1690,0.0000,0.0000,1.1320,1.0000,2.0980,10.0270,8.9860,0.0000,0.0000,0.0000,71.7193,0.0000,4903.0000,2067.0000,0.0000,33.0000,59.0000,32.0000,19.0000
2.2800,0.5990,0.3720,0.3920,0.2010,0.0000,0.0000,1.3090,1.0000,2.0980,10.0270,8.9860,0.0000,0.0000,0.0000,71.7390,0.0000,4905.0000,2067.0000,0.0000,33.0000,58.0000,32.0000,19.0000
2.4230,0.6030,0.3780,0.3350,0.2080,0.0000,0.0000,1.4420,1.0000,2.0980,10.0270,8.9860,0.0000,0.0000,0.0000,71.7474,0.0000,4905.0000,2067.0000,0.0000,33.0000,57.0000,32.0000,19.0000
2.3260,0.6160,0.4770,0.3520,0.2330,0.0000,0.0000,1.2330,1.0000,2.0980,10.0270,8.9860,0.0000,0.0000,0.0000,71.7788,0.0000,4908.0000,2067.0000,0.0000,33.0000,58.0000,32.0000,19.0000
2.2040,0.6810,0.3860,0.3420,0.2030,0.0000,0.0000,1.1370,1.0000,2.0980,10.0270,8.9860,0.0000,0.0000,0.0000,71.7891,0.0000,4909.0000,2067.0000,0.0000,33.0000,58.0000,32.0000,19.0000
2.0740,0.6030,0.3500,0.3360,0.1690,0.0000,0.0000,1.1210,1.0000,2.0980,10.0270,8.9860,0.0000,0.0000,0.0000,71.7886,0.0000,4909.0000,2067.0000,0.0000,33.0000,57.0000,32.0000,19.0000
2.1780,0.5300,0.3870,0.3360,0.2110,0.0000,0.0000,1.2610,1.0000,2.0980,10.0270,8.9860,0.0000,0.0000,0.0000,71.7989,0.0000,4910.0000,2067.0000,0.0000,33.0000,57.0000,32.0000,19.0000
2.2660,0.6270,0.4680,0.4080,0.2520,0.0000,0.0000,1.1710,1.0000,2.0980,10.0270,8.9860,0.0000,0.0000,0.0000,71.8194,0.0000,4912.0000,2067.0000,0.0000,33.0000,57.0000,32.0000,20.0000
4.9090,0.7200,0.4460,0.4730,0.2450,0.0000,0.0000,3.7430,1.0000,2.0980,10.0270,8.9860,0.0000,0.0000,0.0000,71.8501,0.0000,4915.0000,2067.0000,0.0000,33.0000,57.0000,32.0000,20.0000
2.2680,0.6640,0.4620,0.3360,0.1990,0.0000,0.0000,1.1420,1.0000,2.0980,10.0270,8.9860,0.0000,0.0000,0.0000,71.8716,0.0000,4917.0000,2067.0000,0.0000,33.0000,56.0000,32.0000,20.0000
2.1470,0.6510,0.3480,0.3760,0.1690,0.0000,0.0000,1.1480,1.0000,2.0980,10.0270,8.9860,0.0000,0.0000,0.0000,71.8725,0.0000,4917.0000,2067.0000,0.0000,33.0000,57.0000,32.0000,20.0000
2.2210,0.6070,0.3680,0.3730,0.1860,0.0000,0.0000,1.2460,1.0000,2.0980,10.0270,8.9860,0.0000,0.0000,0.0000,71.5030,0.0000,4881.0000,2067.0000,0.0000,33.0000,57.0000,32.0000,21.0000
2.3650,0.6360,0.6180,0.4340,0.4510,0.0000,0.0000,1.1110,1.0000,2.0980,10.0270,8.9860,0.0000,0.0000,0.0000,71.5028,0.0000,4881.0000,2067.0000,0.0000,33.0000,57.0000,32.0000,21.0000
1.9700,0.6450,0.3830,0.4570,0.1750,0.0000,0.0000,0.9420,1.0000,2.0980,10.0270,8.9860,0.0000,0.0000,0.0000,71.5021,0.0000,4881.0000,2067.0000,0.0000,33.0000,56.0000,32.0000,21.0000
2.3680,0.5750,0.4350,0.3980,0.2110,0.0000,0.0000,1.3580,1.0000,2.0980,10.0270,8.9860,0.0000,0.0000,0.0000,71.5124,0.0000,4882.0000,2067.0000,0.0000,33.0000,56.0000,32.0000,21.0000
2.0050,0.6450,0.3460,0.3630,0.1680,0.0000,0.0000,1.0140,1.0000,2.0980,10.0270,8.9860,0.0000,0.0000,0.0000,71.5124,0.0000,4882.0000,2067.0000,0.0000,33.0000,56.0000,32.0000,21.0000
2.3010,0.5680,0.3830,0.3430,0.2080,0.0000,0.0000,1.3500,1.0000,2.0980,10.0270,8.9860,0.0000,0.0000,0.0000,71.5334,0.0000,4884.0000,2067.0000,0.0000,33.0000,57.0000,32.0000,21.0000
2.3990,0.6210,0.4180,0.3350,0.2150,0.0000,0.0000,1.3600,1.0000,2.0980,10.0270,8.9860,0.0000,0.0000,0.0000,71.5438,0.0000,4885.0000,2067.0000,0.0000,33.0000,57.0000,32.0000,23.0000
2.2480,0.6640,0.4410,0.4480,0.2240,0.0000,0.0000,1.1430,1.0000,2.0980,10.0270,8.9860,0.0000,0.0000,0.0000,71.5535,0.0000,4886.0000,2067.0000,0.0000,33.0000,56.0000,32.0000,23.0000
3.5090,0.6280,0.3270,0.3920,0.1620,0.0000,0.0000,2.5540,1.0000,2.0980,10.0270,8.9860,0.0000,0.0000,0.0000,71.5536,0.0000,4886.0000,2067.0000,0.0000,33.0000,56.0000,32.0000,22.0000
2.2340,0.5960,0.4460,0.3660,0.2620,0.0000,0.0000,1.1920,1.0000,2.0980,10.0270,8.9860,0.0000,0.0000,0.0000,71.5844,0.0000,4889.0000,2067.0000,0.0000,33.0000,56.0000,32.0000,23.0000
2.1530,0.6810,0.4420,0.3990,0.2210,0.0000,0.0000,1.0300,1.0000,2.0980,10.0270,8.9860,0.0000,0.0000,0.0000,71.6047,0.0000,4891.0000,2067.0000,0.0000,33.0000,56.0000,32.0000,23.0000
2.4370,0.6400,0.4320,0.3840,0.2500,0.0000,0.0000,1.3650,1.0000,2.0980,10.0270,8.9860,0.0000,0.0000,0.0000,71.6253,0.0000,4893.0000,2067.0000,0.0000,33.0000,56.0000,32.0000,23.0000
2.3910,0.6620,0.3870,0.3400,0.2060,0.0000,0.0000,1.3420,1.0000,2.0980,10.0270,8.9860,0.0000,0.0000,0.0000,71.6255,0.0000,4893.0000,2067.0000,0.0000,33.0000,56.0000,32.0000,23.0000
2.4120,0.5430,0.4580,0.3520,0.2230,0.0000,0.0000,1.4110,1.0000,2.0980,10.0270,8.9860,0.0000,0.0000,0.0000,71.6471,0.0000,4895.0000,2067.0000,0.0000,33.0000,57.0000,32.0000,24.0000
2.1140,0.7800,0.4190,0.4290,0.2400,0.0000,0.0000,0.9150,1.0000,2.0980,10.0270,8.9860,0.0000,0.0000,0.0000,71.6567,0.0000,4896.0000,2067.0000,0.0000,33.0000,56.0000,32.0000,24.0000
2.0340,0.5700,0.4010,0.3410,0.2250,0.0000,0.0000,1.0630,1.0000,2.0980,10.0270,8.9860,0.0000,0.0000,0.0000,71.6568,0.0000,4896.0000,2067.0000,0.0000,33.0000,56.0000,32.0000,24.0000
2.1050,0.5320,0.3800,0.3420,0.2070,0.0000,0.0000,1.1930,1.0000,2.0980,10.0270,8.9860,0.0000,0.0000,0.0000,71.6775,0.0000,4898.0000,2067.0000,0.0000,33.0000,56.0000,32.0000,25.0000
2.0640,0.6070,0.4060,0.3530,0.1970,0.0000,0.0000,1.0510,1.0000,2.0980,10.0270,8.9860,0.0000,0.0000,0.0000,71.6775,0.0000,4898.0000,2067.0000,0.0000,33.0000,56.0000,32.0000,25.0000
2.3410,0.5590,0.4050,0.3550,0.2290,0.0000,0.0000,1.3770,1.0000,2.0980,10.0270,8.9860,0.0000,0.0000,0.0000,71.6983,0.0000,4901.0000,2067.0000,0.0000,33.0000,56.0000,32.0000,25.0000
2.4180,0.8130,0.4990,0.5090,0.2870,0.0000,0.0000,1.1060,1.0000,2.0980,10.0270,8.9860,0.0000,0.0000,0.0000,71.7494,0.0000,4906.0000,2067.0000,0.0000,33.0000,56.0000,32.0000,25.0000
2.1550,0.7430,0.3860,0.3430,0.2100,0.0000,0.0000,1.0260,1.0000,2.0980,10.0270,8.9860,0.0000,0.0000,0.0000,71.7701,0.0000,4908.0000,2067.0000,0.0000,33.0000,56.0000,32.0000,25.0000
2.0870,0.6690,0.3890,0.4050,0.2140,0.0000,0.0000,1.0290,1.0000,2.0980,10.0270,8.9860,0.0000,0.0000,0.0000,71.7704,0.0000,4908.0000,2067.0000,0.0000,33.0000,56.0000,32.0000,24.0000
2.3550,0.5410,0.4030,0.3500,0.2290,0.0000,0.0000,1.4110,1.0000,3.1930,7.1220,5.7020,0.0000,0.0000,0.0000,71.7912,0.0000,4910.0000,2067.0000,0.0000,33.0000,56.0000,32.0000,24.0000
2.1800,0.7730,0.4040,0.5170,0.1800,0.0000,0.0000,1.0030,1.0000,3.1930,7.1220,5.7020,0.0000,0.0000,0.0000,71.7914,0.0000,4910.0000,2067.0000,0.0000,33.0000,56.0000,32.0000,24.0000
2.1260,0.6700,0.3570,0.4560,0.1720,0.0000,0.0000,1.0990,1.0000,3.1930,7.1220,5.7020,0.0000,0.0000,0.0000,71.7908,0.0000,4910.0000,2067.0000,0.0000,33.0000,55.0000,32.0000,24.0000
2.3290,0.5760,0.3940,0.3460,0.2090,0.0000,0.0000,1.3590,1.0000,3.1930,7.1220,5.7020,0.0000,0.0000,0.0000,71.8125,0.0000,4912.0000,2067.0000,0.0000,33.0000,57.0000,32.0000,24.0000
2.1270,0.6500,0.4070,0.3460,0.1850,0.0000,0.0000,1.0700,1.0000,3.1930,7.1220,5.7020,0.0000,0.0000,0.0000,71.8125,0.0000,4912.0000,2067.0000,0.0000,33.0000,57.0000,32.0000,24.0000
2.5780,0.5540,0.4300,0.3550,0.2430,0.0000,0.0000,1.5940,1.0000,3.1930,7.1220,5.7020,0.0000,0.0000,0.0000,71.8222,0.0000,4913.0000,2067.0000,0.0000,33.0000,56.0000,32.0000,24.0000
2.3340,0.8100,0.3760,0.4930,0.2010,0.0000,0.0000,1.1480,1.0000,3.1930,7.1220,5.7020,0.0000,0.0000,0.0000,71.8427,0.0000,4915.0000,2067.0000,0.0000,33.0000,56.0000,32.0000,23.0000
2.2800,0.6150,0.4570,0.3420,0.2880,0.0000,0.0000,1.2080,1.0000,3.1930,7.1220,5.7020,0.0000,0.0000,0.0000,71.8531,0.0000,4916.0000,2067.0000,0.0000,33.0000,56.0000,32.0000,24.0000
2.4890,0.6730,0.5060,0.4420,0.2910,0.0000,0.0000,1.3100,1.0000,3.1930,7.1220,5.7020,0.0000,0.0000,0.0000,71.8734,0.0000,4918.0000,2067.0000,0.0000,33.0000,56.0000,32.0000,24.0000
2.4450,0.6850,0.5510,0.3500,0.3460,0.0000,0.0000,1.2090,1.0000,3.1930,7.1220,5.7020,0.0000,0.0000,0.0000,71.8936,0.0000,4920.0000,2067.0000,0.0000,33.0000,56.0000,32.0000,24.0000
2.2570,0.6900,0.4380,0.4110,0.2290,0.0000,0.0000,1.1290,1.0000,3.1930,7.1220,5.7020,0.0000,0.0000,0.0000,71.9352,0.0000,4924.0000,2067.0000,0.0000,33.0000,57.0000,32.0000,24.0000
2.0230,0.7270,0.3520,0.3830,0.1680,0.0000,0.0000,0.9440,1.0000,3.1930,7.1220,5.7020,0.0000,0.0000,0.0000,71.9353,0.0000,4924.0000,2067.0000,0.0000,33.0000,57.0000,32.0000,24.0000
1.9720,0.6020,0.3470,0.3870,0.1690,0.0000,0.0000,1.0230,1.0000,3.1930,7.1220,5.7020,0.0000,0.0000,0.0000,71.9348,0.0000,4924.0000,2067.0000,0.0000,33.0000,56.0000,32.0000,24.0000
2.1460,0.5900,0.3460,0.3810,0.1680,0.0000,0.0000,1.2100,1.0000,3.1930,7.1220,5.7020,0.0000,0.0000,0.0000,71.9347,0.0000,4924.0000,2067.0000,0.0000,33.0000,56.0000,32.0000,25.0000
2.3370,0.6390,0.3840,0.4310,0.2100,0.0000,0.0000,1.3140,1.0000,3.1930,7.1220,5.7020,0.0000,0.0000,0.0000,71.9553,0.0000,4926.0000,2067.0000,0.0000,33.0000,56.0000,32.0000,25.0000
2.0840,0.6730,0.3610,0.3600,0.1830,0.0000,0.0000,1.0500,1.0000,3.1930,7.1220,5.7020,0.0000,0.0000,0.0000,71.9560,0.0000,4926.0000,2067.0000,0.0000,33.0000,57.0000,32.0000,25.0000
2.2710,0.5790,0.4160,0.3760,0.2170,0.0000,0.0000,1.2760,1.0000,3.1930,7.1220,5.7020,0.0000,0.0000,0.0000,71.9562,0.0000,4926.0000,2067.0000,0.0000,33.0000,57.0000,32.0000,25.0000
2.2080,0.6800,0.4200,0.4560,0.2120,0.0000,0.0000,1.1080,1.0000,3.1930,7.1220,5.7020,0.0000,0.0000,0.0000,71.9768,0.0000,4928.0000,2067.0000,0.0000,33.0000,57.0000,32.0000,25.0000
4.9060,0.6950,0.3540,0.4030,0.1730,0.0000,0.0000,3.8570,1.0000,3.1930,7.1220,5.7020,0.0000,0.0000,0.0000,71.9768,0.0000,4928.0000,2067.0000,0.0000,33.0000,57.0000,32.0000,24.0000
2.0770,0.5970,0.3570,0.3600,0.1800,0.0000,0.0000,1.1230,1.0000,3.1930,7.1220,5.7020,0.0000,0.0000,0.0000,71.4995,0.0000,4882.0000,2067.0000,0.0000,33.0000,58.0000,32.0000,24.0000
2.2030,0.6250,0.3790,0.4070,0.2000,0.0000,0.0000,1.1990,1.0000,3.1930,7.1220,5.7020,0.0000,0.0000,0.0000,71.5093,0.0000,4883.0000,2067.0000,0.0000,33.0000,58.0000,32.0000,24.0000
2.1700,0.6320,0.3810,0.3610,0.2070,0.0000,0.0000,1.1570,1.0000,3.1930,7.1220,5.7020,0.0000,0.0000,0.0000,71.5305,0.0000,4885.0000,2067.0000,0.0000,33.0000,59.0000,32.0000,24.0000
2.1250,0.6070,0.3890,0.3560,0.2140,0.0000,0.0000,1.1290,1.0000,3.1930,7.1220,5.7020,0.0000,0.0000,0.0000,71.5409,0.0000,4886.0000,2067.0000,0.0000,33.0000,59.0000,32.0000,24.0000
2.2750,0.6430,0.4530,0.4260,0.2750,0.0000,0.0000,1.1790,1.0000,3.1930,7.1220,5.7020,0.0000,0.0000,0.0000,71.5824,0.0000,4890.0000,2067.0000,0.0000,33.0000,60.0000,32.0000,24.0000
16.6180,0.7100,0.3950,0.3970,0.1950,0.0000,0.0000,15.5130,1.0000,3.1930,7.1220,5.7020,0.0000,0.0000,0.0000,71.5929,0.0000,4891.0000,2067.0000,0.0000,33.0000,60.0000,32.0000,24.0000
2.3310,0.7480,0.4510,0.4140,0.2780,0.0000,0.0000,1.1320,1.0000,3.1930,7.1220,5.7020,0.0000,0.0000,0.0000,71.6127,0.0000,4893.0000,2067.0000,0.0000,33.0000,59.0000,32.0000,24.0000
2.3460,0.6680,0.4120,0.3950,0.2040,0.0000,0.0000,1.2660,1.0000,3.1930,7.1220,5.7020,0.0000,0.0000,0.0000,71.6244,0.0000,4894.0000,2067.0000,0.0000,33.0000,61.0000,32.0000,24.0000
2.3650,0.6710,0.3730,0.4380,0.2010,0.0000,0.0000,1.3210,1.0000,3.1930,7.1220,5.7020,0.0000,0.0000,0.0000,71.6458,0.0000,4896.0000,2067.0000,0.0000,33.0000,62.0000,32.0000,24.0000
2.4780,0.7300,0.4010,0.3790,0.2140,0.0000,0.0000,1.3470,1.0000,3.1930,7.1220,5.7020,0.0000,0.0000,0.0000,71.6561,0.0000,4897.0000,2067.0000,0.0000,33.0000,62.0000,32.0000,24.0000
2.4040,0.6700,0.4190,0.4460,0.2270,0.0000,0.0000,1.3150,1.0000,3.1930,7.1220,5.7020,0.0000,0.0000,0.0000,71.6884,0.0000,4900.0000,2067.0000,0.0000,33.0000,62.0000,32.0000,24.0000
2.1710,0.6740,0.3990,0.3430,0.2310,0.0000,0.0000,1.0980,1.0000,3.1930,7.1220,5.7020,0.0000,0.0000,0.0000,71.6884,0.0000,4900.0000,2067.0000,0.0000,33.0000,62.0000,32.0000,24.0000
2.5350,0.5360,0.5510,0.3430,0.2400,0.0000,0.0000,1.4480,1.0000,3.1930,7.1220,5.7020,0.0000,0.0000,0.0000,71.6988,0.0000,4901.0000,2067.0000,0.0000,33.0000,62.0000,32.0000,24.0000
2.1990,0.6290,0.3850,0.3960,0.2000,0.0000,0.0000,1.1850,1.0000,3.1930,7.1220,5.7020,0.0000,0.0000,0.0000,71.7084,0.0000,4902.0000,2067.0000,0.0000,33.0000,61.0000,32.0000,24.0000
2.3400,0.5990,0.3900,0.3380,0.2130,0.0000,0.0000,1.3510,1.0000,3.1930,7.1220,5.7020,0.0000,0.0000,0.0000,71.7393,0.0000,4905.0000,2067.0000,0.0000,33.0000,61.0000,32.0000,24.0000
2.1150,0.6760,0.3840,0.3870,0.2030,0.0000,0.0000,1.0550,1.0000,3.1930,7.1220,5.7020,0.0000,0.0000,0.0000,71.7393,0.0000,4905.0000,2067.0000,0.0000,33.0000,61.0000,32.0000,23.0000
2.3630,0.5410,0.3940,0.3520,0.1740,0.0000,0.0000,1.4280,1.0000,3.1930,7.1220,5.7020,0.0000,0.0000,0.0000,71.7395,0.0000,4905.0000,2067.0000,0.0000,33.0000,61.0000,32.0000,23.0000
1.9850,0.6750,0.3480,0.4060,0.1680,0.0000,0.0000,0.9620,1.0000,3.1930,7.1220,5.7020,0.0000,0.0000,0.0000,71.7395,0.0000,4905.0000,2067.0000,0.0000,33.0000,61.0000,32.0000,23.0000
2.1140,0.5780,0.3710,0.3430,0.1960,0.0000,0.0000,1.1650,1.0000,3.1930,7.1220,5.7020,0.0000,0.0000,0.0000,71.7484,0.0000,4906.0000,2067.0000,0.0000,33.0000,59.0000,32.0000,23.0000
1.9880,0.6070,0.3630,0.3370,0.1750,0.0000,0.0000,1.0180,1.0000,3.1930,7.1220,5.7020,0.0000,0.0000,0.0000,71.7491,0.0000,4906.0000,2067.0000,0.0000,33.0000,60.0000,32.0000,23.0000
2.1020,0.5720,0.3440,0.3440,0.1670,0.0000,0.0000,1.1860,1.0000,3.1930,7.1220,5.7020,0.0000,0.0000,0.0000,71.7484,0.0000,4906.0000,2067.0000,0.0000,33.0000,59.0000,32.0000,23.0000
2.2080,0.5740,0.4210,0.3440,0.2320,0.0000,0.0000,1.2130,1.0000,3.1930,7.1220,5.7020,0.0000,0.0000,0.0000,71.7790,0.0000,4909.0000,2067.0000,0.0000,33.0000,59.0000,32.0000,23.0000
2.0650,0.6390,0.3960,0.3450,0.1830,0.0000,0.0000,1.0300,1.0000,3.1930,7.1220,5.7020,0.0000,0.0000,0.0000,71.7784,0.0000,4909.0000,2067.0000,0.0000,33.0000,58.0000,32.0000,23.0000
2.2190,0.5500,0.4270,0.3560,0.2540,0.0000,0.0000,1.2420,1.0000,3.1930,7.1220,5.7020,0.0000,0.0000,0.0000,71.8004,0.0000,4911.0000,2067.0000,0.0000,33.0000,60.0000,32.0000,22.0000
2.0950,0.6550,0.4140,0.3970,0.2080,0.0000,0.0000,1.0260,1.0000,3.1930,7.1220,5.7020,0.0000,0.0000,0.0000,71.8107,0.0000,4912.0000,2067.0000,0.0000,33.0000,60.0000,32.0000,22.0000
2.1840,0.6190,0.4190,0.3960,0.2170,0.0000,0.0000,1.1460,1.0000,3.1930,7.1220,5.7020,0.0000,0.0000,0.0000,71.8413,0.0000,4915.0000,2067.0000,0.0000,33.0000,60.0000,32.0000,22.0000
2.0790,0.6800,0.3740,0.3760,0.1980,0.0000,0.0000,1.0250,1.0000,3.1930,7.1220,5.7020,0.0000,0.0000,0.0000,71.8509,0.0000,4916.0000,2067.0000,0.0000,33.0000,59.0000,32.0000,22.0000
2.4700,0.6080,0.3790,0.3350,0.2040,0.0000,0.0000,1.4830,1.0000,3.1930,7.1220,5.7020,0.0000,0.0000,0.0000,71.8716,0.0000,4918.0000,2067.0000,0.0000,33.0000,59.0000,32.0000,22.0000
2.0460,0.6930,0.4050,0.4060,0.2120,0.0000,0.0000,0.9480,1.0000,3.1930,7.1220,5.7020,0.0000,0.0000,0.0000,71.8717,0.0000,4918.0000,2067.0000,0.0000,33.0000,59.0000,32.0000,21.0000
2.1360,0.5480,0.3990,0.3520,0.2110,0.0000,0.0000,1.1890,1.0000,3.1930,7.1220,5.7020,0.0000,0.0000,0.0000,71.8711,0.0000,4918.0000,2067.0000,0.0000,33.0000,58.0000,32.0000,21.0000
2.3160,0.6470,0.4220,0.4510,0.2150,0.0000,0.0000,1.2470,1.0000,3.1930,7.1220,5.7020,0.0000,0.0000,0.0000,71.8916,0.0000,4920.0000,2067.0000,0.0000,33.0000,58.0000,32.0000,21.0000
2.2020,0.6750,0.3260,0.3900,0.1600,0.0000,0.0000,1.2010,1.0000,3.1930,7.1220,5.7020,0.0000,0.0000,0.0000,71.8909,0.0000,4920.0000,2067.0000,0.0000,33.0000,57.0000,32.0000,21.0000
2.1220,0.5850,0.3430,0.3390,0.1670,0.0000,0.0000,1.1940,1.0000,3.1930,7.1220,5.7020,0.0000,0.0000,0.0000,71.8910,0.0000,4920.0000,2067.0000,0.0000,33.0000,57.0000,32.0000,21.0000
2.3700,0.5480,0.4570,0.3390,0.2850,0.0000,0.0000,1.3650,1.0000,3.1930,7.1220,5.7020,0.0000,0.0000,0.0000,71.9320,0.0000,4924.0000,2067.0000,0.0000,33.0000,57.0000,32.0000,21.0000
2.1270,0.7290,0.3830,0.3890,0.1720,0.0000,0.0000,1.0150,1.0000,3.1930,7.1220,5.7020,0.0000,0.0000,0.0000,71.9321,0.0000,4924.0000,2067.0000,0.0000,33.0000,57.0000,32.0000,21.0000
2.3840,0.6030,0.4650,0.3970,0.2560,0.0000,0.0000,1.3160,1.0000,3.1930,7.1220,5.7020,0.0000,0.0000,0.0000,71.9527,0.0000,4926.0000,2067.0000,0.0000,33.0000,57.0000,32.0000,22.0000
2.2820,0.7350,0.3920,0.3930,0.2130,0.0000,0.0000,1.1550,1.0000,3.1930,7.1220,5.7020,0.0000,0.0000,0.0000,71.9723,0.0000,4928.0000,2067.0000,0.0000,33.0000,57.0000,32.0000,22.0000
2.4020,0.6920,0.4430,0.4030,0.2690,0.0000,0.0000,1.2670,1.0000,3.1930,7.1220,5.7020,0.0000,0.0000,0.0000,71.5488,0.0000,4887.0000,2067.0000,0.0000,33.0000,58.0000,32.0000,22.0000
2.0720,0.7630,0.3330,0.3920,0.1640,0.0000,0.0000,0.9760,1.0000,3.1930,7.1220,5.7020,0.0000,0.0000,0.0000,71.5497,0.0000,4887.0000,2067.0000,0.0000,33.0000,59.0000,32.0000,23.0000
2.2960,0.5820,0.3610,0.3490,0.1770,0.0000,0.0000,1.3530,1.0000,3.1930,7.1220,5.7020,0.0000,0.0000,0.0000,71.5493,0.0000,4887.0000,2067.0000,0.0000,33.0000,58.0000,32.0000,23.0000
2.3570,0.7390,0.4780,0.4780,0.2850,0.0000,0.0000,1.1400,1.0000,3.1930,7.1220,5.7020,0.0000,0.0000,0.0000,71.5697,0.0000,4889.0000,2067.0000,0.0000,33.0000,58.0000,32.0000,23.0000
2.3540,0.6330,0.4570,0.3690,0.2640,0.0000,0.0000,1.2640,1.0000,3.1930,7.1220,5.7020,0.0000,0.0000,0.0000,71.6110,0.0000,4893.0000,2067.0000,0.0000,33.0000,59.0000,32.0000,23.0000
2.0610,0.7200,0.3340,0.3890,0.1640,0.0000,0.0000,1.0070,1.0000,3.1930,7.1220,5.7020,0.0000,0.0000,0.0000,71.6098,0.0000,4893.0000,2067.0000,0.0000,33.0000,57.0000,32.0000,23.0000
2.0880,0.5870,0.3280,0.3440,0.1620,0.0000,0.0000,1.1730,1.0000,3.1930,7.1220,5.7020,0.0000,0.0000,0.0000,71.6100,0.0000,4893.0000,2067.0000,0.0000,33.0000,57.0000,32.0000,23.0000
2.2860,0.6280,0.3810,0.3860,0.2100,0.0000,0.0000,1.2770,1.0000,3.1930,7.1220,5.7020,0.0000,0.0000,0.0000,71.6509,0.0000,4897.0000,2067.0000,0.0000,33.0000,57.0000,32.0000,23.0000
2.2630,0.6710,0.4130,0.3340,0.2430,0.0000,0.0000,1.1790,1.0000,3.1930,7.1220,5.7020,0.0000,0.0000,0.0000,71.6605,0.0000,4898.0000,2067.0000,0.0000,33.0000,56.0000,32.0000,23.0000
2.0370,0.6950,0.3900,0.4440,0.1750,0.0000,0.0000,0.9520,1.0000,3.1930,7.1220,5.7020,0.0000,0.0000,0.0000,71.6607,0.0000,4898.0000,2067.0000,0.0000,33.0000,56.0000,32.0000,23.0000
2.2200,0.6160,0.4120,0.4250,0.2040,0.0000,0.0000,1.1920,1.0000,3.1930,7.1220,5.7020,0.0000,0.0000,0.0000,71.6710,0.0000,4899.0000,2067.0000,0.0000,33.0000,56.0000,32.0000,23.0000
2.2290,0.7070,0.3920,0.3810,0.2150,0.0000,0.0000,1.1300,1.0000,3.1930,7.1220,5.7020,0.0000,0.0000,0.0000,71.7016,0.0000,4902.0000,2067.0000,0.0000,33.0000,56.0000,32.0000,23.0000
2.1800,0.7170,0.3720,0.3400,0.1970,0.0000,0.0000,1.0910,1.0000,3.1930,7.1220,5.7020,0.0000,0.0000,0.0000,71.7113,0.0000,4903.0000,2067.0000,0.0000,33.0000,55.0000,32.0000,23.0000
2.3070,0.6140,0.3950,0.3440,0.2130,0.0000,0.0000,1.2980,1.0000,3.1930,7.1220,5.7020,0.0000,0.0000,0.0000,71.7217,0.0000,4904.0000,2067.0000,0.0000,33.0000,55.0000,32.0000,23.0000
2.0730,0.6160,0.3720,0.3510,0.1680,0.0000,0.0000,1.0850,1.0000,3.1930,7.1220,5.7020,0.0000,0.0000,0.0000,71.7224,0.0000,4904.0000,2067.0000,0.0000,33.0000,56.0000,32.0000,23.0000
2.0150,0.6100,0.3710,0.4190,0.1650,0.0000,0.0000,1.0340,1.0000,3.1930,7.1220,5.7020,0.0000,0.0000,0.0000,71.7225,0.0000,4904.0000,2067.0000,0.0000,33.0000,56.0000,32.0000,23.0000
2.1670,0.5910,0.4130,0.4020,0.2010,0.0000,0.0000,1.1630,1.0000,3.1930,7.1220,5.7020,0.0000,0.0000,0.0000,71.7321,0.0000,4905.0000,2067.0000,0.0000,33.0000,55.0000,32.0000,23.0000
2.1870,0.6420,0.3950,0.3910,0.2140,0.0000,0.0000,1.1500,1.0000,3.1930,7.1220,5.7020,0.0000,0.0000,0.0000,71.7627,0.0000,4908.0000,2067.0000,0.0000,33.0000,55.0000,32.0000,23.0000
1.9440,0.6900,0.3410,0.3430,0.1650,0.0000,0.0000,0.9130,1.0000,3.1930,7.1220,5.7020,0.0000,0.0000,0.0000,71.7648,0.0000,4908.0000,2067.0000,0.0000,33.0000,58.0000,32.0000,23.0000
2.3680,0.5740,0.3830,0.3360,0.2080,0.0000,0.0000,1.4110,1.0000,3.1930,7.1220,5.7020,0.0000,0.0000,0.0000,71.7955,0.0000,4911.0000,2067.0000,0.0000,33.0000,58.0000,32.0000,23.0000
2.1770,0.7180,0.3780,0.3910,0.1830,0.0000,0.0000,1.0810,1.0000,3.1930,7.1220,5.7020,0.0000,0.0000,0.0000,71.7948,0.0000,4911.0000,2067.0000,0.0000,33.0000,57.0000,32.0000,23.0000
2.1770,0.5440,0.4050,0.3500,0.2110,0.0000,0.0000,1.2280,1.0000,3.1930,7.1220,5.7020,0.0000,0.0000,0.0000,71.7961,0.0000,4911.0000,2067.0000,0.0000,33.0000,59.0000,32.0000,23.0000
2.3040,0.6820,0.4690,0.4800,0.2590,0.0000,0.0000,1.1530,1.0000,3.1930,7.1220,5.7020,0.0000,0.0000,0.0000,71.8056,0.0000,4912.0000,2067.0000,0.0000,33.0000,58.0000,32.0000,23.0000
2.2810,0.6630,0.4410,0.3590,0.2390,0.0000,0.0000,1.1770,1.0000,3.1930,7.1220,5.7020,0.0000,0.0000,0.0000,71.8467,0.0000,4916.0000,2067.0000,0.0000,33.0000,58.0000,32.0000,23.0000
2.0570,0.6780,0.3910,0.3340,0.2150,0.0000,0.0000,0.9880,1.0000,3.1930,7.1220,5.7020,0.0000,0.0000,0.0000,71.8584,0.0000,4917.0000,2067.0000,0.0000,33.0000,60.0000,32.0000,22.0000
2.2070,0.5810,0.4430,0.3470,0.2290,0.0000,0.0000,1.1830,1.0000,3.1930,7.1220,5.7020,0.0000,0.0000,0.0000,71.8788,0.0000,4919.0000,2067.0000,0.0000,33.0000,60.0000,32.0000,22.0000
2.1510,0.6920,0.4290,0.4280,0.2420,0.0000,0.0000,1.0300,1.0000,3.1930,7.1220,5.7020,0.0000,0.0000,0.0000,71.8871,0.0000,4920.0000,2067.0000,0.0000,33.0000,57.0000,32.0000,22.0000
2.1390,0.6580,0.4300,0.4230,0.2200,0.0000,0.0000,1.0510,1.0000,3.1930,7.1220,5.7020,0.0000,0.0000,0.0000,71.9198,0.0000,4923.0000,2067.0000,0.0000,33.0000,60.0000,32.0000,22.0000
2.0870,0.6860,0.3820,0.3450,0.2020,0.0000,0.0000,1.0190,1.0000,3.1930,7.1220,5.7020,0.0000,0.0000,0.0000,71.9295,0.0000,4924.0000,2067.0000,0.0000,33.0000,59.0000,32.0000,22.0000
1.8970,0.6330,0.3460,0.3420,0.1690,0.0000,0.0000,0.9180,1.0000,3.1930,7.1220,5.7020,0.0000,0.0000,0.0000,71.9297,0.0000,4924.0000,2067.0000,0.0000,33.0000,59.0000,32.0000,22.0000
2.0610,0.5870,0.3800,0.3390,0.2000,0.0000,0.0000,1.0940,1.0000,3.1930,7.1220,5.7020,0.0000,0.0000,0.0000,71.9400,0.0000,4925.0000,2067.0000,0.0000,33.0000,59.0000,32.0000,22.0000
1.9210,0.6180,0.3500,0.3350,0.1710,0.0000,0.0000,0.9530,1.0000,3.1930,7.1220,5.7020,0.0000,0.0000,0.0000,71.9400,0.0000,4925.0000,2067.0000,0.0000,33.0000,59.0000,32.0000,22.0000
2.0050,0.5930,0.3500,0.3790,0.1710,0.0000,0.0000,1.0620,1.0000,3.1930,7.1220,5.7020,0.0000,0.0000,0.0000,71.9401,0.0000,4925.0000,2067.0000,0.0000,33.0000,59.0000,32.0000,22.0000
2.2100,0.6000,0.4100,0.3860,0.2150,0.0000,0.0000,1.2000,1.0000,3.1930,7.1220,5.7020,0.0000,0.0000,0.0000,71.9603,0.0000,4927.0000,2067.0000,0.0000,33.0000,59.0000,32.0000,22.0000
2.2010,0.6420,0.3860,0.3350,0.2060,0.0000,0.0000,1.1730,1.0000,3.1930,7.1220,5.7020,0.0000,0.0000,0.0000,71.9808,0.0000,4929.0000,2067.0000,0.0000,33.0000,59.0000,32.0000,22.0000
2.2800,0.6890,0.5370,0.3750,0.3480,0.0000,0.0000,1.0540,1.0000,3.1930,7.1220,5.7020,0.0000,0.0000,0.0000,72.0011,0.0000,4931.0000,2067.0000,0.0000,33.0000,59.0000,32.0000,22.0000
2.1560,0.6150,0.4310,0.3460,0.2420,0.0000,0.0000,1.1100,1.0000,3.1930,7.1220,5.7020,0.0000,0.0000,0.0000,72.0108,0.0000,4932.0000,2067.0000,0.0000,33.0000,58.0000,32.0000,22.0000
1.9720,0.6800,0.3830,0.3810,0.1710,0.0000,0.0000,0.9090,1.0000,3.1930,7.1220,5.7020,0.0000,0.0000,0.0000,72.0109,0.0000,4932.0000,2067.0000,0.0000,33.0000,58.0000,32.0000,22.0000
2.0560,0.5960,0.3790,0.3950,0.1730,0.0000,0.0000,1.0810,1.0000,3.1930,7.1220,5.7020,0.0000,0.0000,0.0000,72.0103,0.0000,4932.0000,2067.0000,0.0000,33.0000,57.0000,32.0000,21.0000
2.0970,0.6360,0.3800,0.3900,0.1740,0.0000,0.0000,1.0810,1.0000,3.1930,7.1220,5.7020,0.0000,0.0000,0.0000,72.0102,0.0000,4932.0000,2067.0000,0.0000,33.0000,57.0000,32.0000,22.0000
2.4170,0.6450,0.4080,0.4480,0.2090,0.0000,0.0000,1.3640,1.0000,3.1930,7.1220,5.7020,0.0000,0.0000,0.0000,72.0410,0.0000,4935.0000,2067.0000,0.0000,33.0000,57.0000,32.0000,22.0000
2.2550,0.7890,0.3420,0.4380,0.1650,0.0000,0.0000,1.1240,1.0000,3.1930,7.1220,5.7020,0.0000,0.0000,0.0000,72.0410,0.0000,4935.0000,2067.0000,0.0000,33.0000,57.0000,32.0000,23.0000
2.2730,0.6330,0.5200,0.4000,0.2830,0.0000,0.0000,1.1200,1.0000,3.1930,7.1220,5.7020,0.0000,0.0000,0.0000,72.0709,0.0000,4938.0000,2067.0000,0.0000,33.0000,56.0000,32.0000,23.0000
2.2100,0.7030,0.4270,0.3820,0.2160,0.0000,0.0000,1.0800,1.0000,3.1930,7.1220,5.7020,0.0000,0.0000,0.0000,72.0912,0.0000,4940.0000,2067.0000,0.0000,33.0000,56.0000,32.0000,23.0000
2.0720,0.6900,0.3780,0.3670,0.1930,0.0000,0.0000,1.0040,1.0000,3.1930,7.1220,5.7020,0.0000,0.0000,0.0000,71.5460,0.0000,4887.0000,2067.0000,0.0000,33.0000,57.0000,32.0000,22.0000
2.1010,0.5940,0.3820,0.3440,0.2030,0.0000,0.0000,1.1250,1.0000,3.1930,7.1220,5.7020,0.0000,0.0000,0.0000,71.5564,0.0000,4888.0000,2067.0000,0.0000,33.0000,57.0000,32.0000,22.0000
2.1810,0.6270,0.3810,0.3520,0.2070,0.0000,0.0000,1.1730,1.0000,3.1930,7.1220,5.7020,0.0000,0.0000,0.0000,71.5770,0.0000,4890.0000,2067.0000,0.0000,33.0000,58.0000,32.0000,21.0000
2.1570,0.6470,0.3900,0.3840,0.2150,0.0000,0.0000,1.1200,1.0000,3.1930,7.1220,5.7020,0.0000,0.0000,0.0000,71.5880,0.0000,4891.0000,2067.0000,0.0000,33.0000,59.0000,32.0000,22.0000
1.9370,0.6420,0.3980,0.4180,0.2120,0.0000,0.0000,0.8970,1.0000,3.1930,7.1220,5.7020,0.0000,0.0000,0.0000,71.5867,0.0000,4891.0000,2067.0000,0.0000,33.0000,57.0000,32.0000,22.0000
2.0790,0.5390,0.3960,0.3520,0.2130,0.0000,0.0000,1.1440,1.0000,3.1930,7.1220,5.7020,0.0000,0.0000,0.0000,71.5971,0.0000,4892.0000,2067.0000,0.0000,33.0000,57.0000,32.0000,22.0000
2.1740,0.6250,0.4280,0.4070,0.2400,0.0000,0.0000,1.1210,1.0000,3.1930,7.1220,5.7020,0.0000,0.0000,0.0000,71.6073,0.0000,4893.0000,2067.0000,0.0000,33.0000,57.0000,32.0000,22.0000
2.2750,0.6320,0.4220,0.4070,0.2140,0.0000,0.0000,1.2210,1.0000,3.1930,7.1220,5.7020,0.0000,0.0000,0.0000,71.6277,0.0000,4895.0000,2067.0000,0.0000,33.0000,57.0000,32.0000,22.0000
2.1220,0.7320,0.3740,0.3700,0.1980,0.0000,0.0000,1.0160,1.0000,3.1930,7.1220,5.7020,0.0000,0.0000,0.0000,71.6381,0.0000,4896.0000,2067.0000,0.0000,33.0000,57.0000,32.0000,21.0000
2.1400,0.6220,0.3560,0.3430,0.1930,0.0000,0.0000,1.1620,1.0000,3.1930,7.1220,5.7020,0.0000,0.0000,0.0000,71.6491,0.0000,4897.0000,2067.0000,0.0000,33.0000,58.0000,32.0000,21.0000
2.1530,0.5780,0.3530,0.3380,0.1880,0.0000,0.0000,1.2220,1.0000,3.1930,7.1220,5.7020,0.0000,0.0000,0.0000,71.6588,0.0000,4898.0000,2067.0000,0.0000,33.0000,57.0000,32.0000,21.0000
2.1800,0.5570,0.3900,0.3230,0.1830,0.0000,0.0000,1.2330,1.0000,3.1930,7.1220,5.7020,0.0000,0.0000,0.0000,71.6581,0.0000,4898.0000,2067.0000,0.0000,33.0000,56.0000,32.0000,20.0000
2.8680,0.5690,0.4290,0.3520,0.2480,0.0000,0.0000,1.8700,1.0000,3.1930,7.1220,5.7020,0.0000,0.0000,0.0000,71.6678,0.0000,4899.0000,2067.0000,0.0000,33.0000,55.0000,32.0000,20.0000
2.1880,0.6750,0.3860,0.4300,0.2180,0.0000,0.0000,1.1270,1.0000,3.1930,7.1220,5.7020,0.0000,0.0000,0.0000,71.6883,0.0000,4901.0000,2067.0000,0.0000,33.0000,55.0000,32.0000,20.0000
2.2150,0.6730,0.4230,0.4110,0.2420,0.0000,0.0000,1.1190,1.0000,3.1930,7.1220,5.7020,0.0000,0.0000,0.0000,71.6986,0.0000,4902.0000,2067.0000,0.0000,33.0000,55.0000,32.0000,20.0000
2.2670,0.7010,0.4040,0.3970,0.2280,0.0000,0.0000,1.1620,1.0000,3.1930,7.1220,5.7020,0.0000,0.0000,0.0000,71.7299,0.0000,4905.0000,2067.0000,0.0000,33.0000,56.0000,32.0000,20.0000
2.0850,0.6940,0.3290,0.3570,0.1620,0.0000,0.0000,1.0620,1.0000,3.1930,7.1220,5.7020,0.0000,0.0000,0.0000,71.7299,0.0000,4905.0000,2067.0000,0.0000,33.0000,56.0000,32.0000,20.0000
2.1940,0.5560,0.3860,0.3500,0.2090,0.0000,0.0000,1.2520,1.0000,3.1930,7.1220,5.7020,0.0000,0.0000,0.0000,71.7517,0.0000,4907.0000,2067.0000,0.0000,33.0000,55.0000,32.0000,20.0000
2.0590,0.6370,0.4060,0.3680,0.2290,0.0000,0.0000,1.0160,1.0000,3.1930,7.1220,5.7020,0.0000,0.0000,0.0000,71.7524,0.0000,4907.0000,2067.0000,0.0000,33.0000,56.0000,32.0000,20.0000
2.1970,0.5890,0.4450,0.3870,0.2680,0.0000,0.0000,1.1630,1.0000,3.1930,7.1220,5.7020,0.0000,0.0000,0.0000,71.7926,0.0000,4911.0000,2067.0000,0.0000,33.0000,55.0000,32.0000,20.0000
2.0830,0.7370,0.3840,0.4180,0.1720,0.0000,0.0000,0.9620,1.0000,3.1930,7.1220,5.7020,0.0000,0.0000,0.0000,71.7926,0.0000,4911.0000,2067.0000,0.0000,33.0000,55.0000,32.0000,20.0000
2.0640,0.5970,0.4100,0.3930,0.2010,0.0000,0.0000,1.0570,1.0000,3.1930,7.1220,5.7020,0.0000,0.0000,0.0000,71.8024,0.0000,4912.0000,2067.0000,0.0000,33.0000,54.0000,32.0000,20.0000
2.6360,0.6270,0.4080,0.3860,0.1990,0.0000,0.0000,1.6010,1.0000,3.1930,7.1220,5.7020,0.0000,0.0000,0.0000,71.8127,0.0000,4913.0000,2067.0000,0.0000,33.0000,54.0000,32.0000,19.0000
2.6440,0.9570,0.5290,0.5540,0.2790,0.0000,0.0000,1.1580,1.0000,3.1930,7.1220,5.7020,0.0000,0.0000,0.0000,71.8127,0.0000,4913.0000,2067.0000,0.0000,33.0000,54.0000,32.0000,19.0000
2.3930,0.7930,0.4190,0.4730,0.2020,0.0000,0.0000,1.1810,1.0000,3.1930,7.1220,5.7020,0.0000,0.0000,0.0000,71.8135,0.0000,4913.0000,2067.0000,0.0000,33.0000,55.0000,32.0000,19.0000
2.5850,0.6640,0.5120,0.4150,0.2460,0.0000,0.0000,1.4090,1.0000,3.1930,7.1220,5.7020,0.0000,0.0000,0.0000,71.8135,0.0000,4913.0000,2067.0000,0.0000,33.0000,55.0000,32.0000,19.0000
2.5080,0.7360,0.4580,0.4950,0.2400,0.0000,0.0000,1.3140,1.0000,3.1930,7.1220,5.7020,0.0000,0.0000,0.0000,71.8230,0.0000,4914.0000,2067.0000,0.0000,33.0000,54.0000,32.0000,20.0000
2.4940,0.7660,0.5010,0.4790,0.2550,0.0000,0.0000,1.2270,1.0000,3.1930,7.1220,5.7020,0.0000,0.0000,0.0000,71.8238,0.0000,4914.0000,2067.0000,0.0000,33.0000,55.0000,32.0000,20.0000
2.6120,0.7250,0.4460,0.4700,0.2350,0.0000,0.0000,1.4410,1.0000,3.1930,7.1220,5.7020,0.0000,0.0000,0.0000,71.8341,0.0000,4915.0000,2067.0000,0.0000,33.0000,55.0000,32.0000,20.0000
2.5990,0.7190,0.4930,0.4310,0.2470,0.0000,0.0000,1.3870,1.0000,3.1930,7.1220,5.7020,0.0000,0.0000,0.0000,71.8444,0.0000,4916.0000,2067.0000,0.0000,33.0000,55.0000,32.0000,20.0000
4.4940,0.7550,0.4630,0.4130,0.2530,0.0000,0.0000,3.2760,1.0000,3.1930,7.1220,5.7020,0.0000,0.0000,0.0000,71.8547,0.0000,4917.0000,2067.0000,0.0000,33.0000,55.0000,32.0000,20.0000
2.5180,0.7860,0.4540,0.4810,0.2140,0.0000,0.0000,1.2780,1.0000,3.1930,7.1220,5.7020,0.0000,0.0000,0.0000,71.8650,0.0000,4918.0000,2067.0000,0.0000,33.0000,55.0000,32.0000,19.0000
2.2380,0.8440,0.4580,0.3790,0.2630,0.0000,0.0000,0.9360,1.0000,3.1930,7.1220,5.7020,0.0000,0.0000,0.0000,71.8739,0.0000,4919.0000,2067.0000,0.0000,33.0000,53.0000,32.0000,19.0000
1.9570,0.5960,0.4000,0.3570,0.2100,0.0000,0.0000,0.9610,1.0000,3.1930,7.1220,5.7020,0.0000,0.0000,0.0000,71.8740,0.0000,4919.0000,2067.0000,0.0000,33.0000,53.0000,32.0000,19.0000
2.0070,0.5480,0.4300,0.3510,0.2010,0.0000,0.0000,1.0290,1.0000,3.1930,7.1220,5.7020,0.0000,0.0000,0.0000,71.8747,0.0000,4919.0000,2067.0000,0.0000,33.0000,54.0000,32.0000,19.0000
2.1460,0.5740,0.4360,0.3760,0.2600,0.0000,0.0000,1.1360,1.0000,3.1930,7.1220,5.7020,0.0000,0.0000,0.0000,71.8953,0.0000,4921.0000,2067.0000,0.0000,33.0000,54.0000,32.0000,19.0000
2.2670,0.6600,0.4420,0.3980,0.2470,0.0000,0.0000,1.1650,1.0000,3.1930,7.1220,5.7020,0.0000,0.0000,0.0000,71.9179,0.0000,4923.0000,2067.0000,0.0000,33.0000,55.0000,32.0000,19.0000
2.1640,0.6600,0.3940,0.3810,0.2070,0.0000,0.0000,1.1100,1.0000,3.1930,7.1220,5.7020,0.0000,0.0000,0.0000,71.9392,0.0000,4925.0000,2067.0000,0.0000,33.0000,56.0000,32.0000,20.0000
2.2440,0.6540,0.4040,0.3340,0.2120,0.0000,0.0000,1.1860,1.0000,3.1930,7.1220,5.7020,0.0000,0.0000,0.0000,71.9597,0.0000,4927.0000,2067.0000,0.0000,33.0000,56.0000,32.0000,21.0000
2.1010,0.6700,0.3840,0.3830,0.1940,0.0000,0.0000,1.0470,1.0000,3.1930,7.1220,5.7020,0.0000,0.0000,0.0000,71.9598,0.0000,4927.0000,2067.0000,0.0000,33.0000,56.0000,32.0000,21.0000
3.8370,0.6220,0.3630,0.4120,0.1850,0.0000,0.0000,2.8520,1.0000,3.1930,7.1220,5.7020,0.0000,0.0000,0.0000,71.9594,0.0000,4927.0000,2067.0000,0.0000,33.0000,55.0000,32.0000,22.0000
2.0570,0.6220,0.3750,0.4080,0.2000,0.0000,0.0000,1.0600,1.0000,3.1930,7.1220,5.7020,0.0000,0.0000,0.0000,71.4964,0.0000,4882.0000,2067.0000,0.0000,33.0000,56.0000,32.0000,22.0000
2.0890,0.5940,0.4080,0.3460,0.2330,0.0000,0.0000,1.0870,1.0000,3.1930,7.1220,5.7020,0.0000,0.0000,0.0000,71.5265,0.0000,4885.0000,2067.0000,0.0000,33.0000,56.0000,32.0000,22.0000
2.0860,0.6880,0.4020,0.4020,0.2370,0.0000,0.0000,0.9960,1.0000,3.1930,7.1220,5.7020,0.0000,0.0000,0.0000,71.5476,0.0000,4887.0000,2067.0000,0.0000,33.0000,57.0000,32.0000,22.0000
2.5880,0.5990,0.3740,0.3480,0.2100,0.0000,0.0000,1.6150,1.0000,3.1930,7.1220,5.7020,0.0000,0.0000,0.0000,71.5581,0.0000,4888.0000,2067.0000,0.0000,33.0000,57.0000,32.0000,22.0000
2.7450,0.7120,0.4520,0.3970,0.2160,0.0000,0.0000,1.5810,1.0000,3.1930,7.1220,5.7020,0.0000,0.0000,0.0000,71.5582,0.0000,4888.0000,2067.0000,0.0000,33.0000,57.0000,32.0000,22.0000
2.6990,0.6710,0.5340,0.4250,0.2640,0.0000,0.0000,1.4940,1.0000,3.1930,7.1220,5.7020,0.0000,0.0000,0.0000,71.5782,0.0000,4890.0000,2067.0000,0.0000,33.0000,56.0000,32.0000,22.0000
2.8940,0.7840,0.5220,0.4080,0.2810,0.0000,0.0000,1.5880,1.0000,3.1930,7.1220,5.7020,0.0000,0.0000,0.0000,71.5784,0.0000,4890.0000,2067.0000,0.0000,33.0000,56.0000,32.0000,22.0000
5.7230,0.9730,0.5320,0.6690,0.2910,0.0000,0.0000,4.2180,1.0000,3.1930,7.1220,5.7020,0.0000,0.0000,0.0000,71.5785,0.0000,4890.0000,2067.0000,0.0000,33.0000,56.0000,32.0000,22.0000
3.6640,0.8420,0.7290,0.6060,0.3960,0.0000,0.0000,2.0930,1.0000,3.1930,7.1220,5.7020,0.0000,0.0000,0.0000,71.5988,0.0000,4892.0000,2067.0000,0.0000,33.0000,56.0000,32.0000,22.0000
3.4600,0.9920,0.5630,0.5570,0.2870,0.0000,0.0000,1.9050,1.0000,3.1930,7.1220,5.7020,0.0000,0.0000,0.0000,71.5988,0.0000,4892.0000,2067.0000,0.0000,33.0000,56.0000,32.0000,22.0000
4.0760,0.9200,0.6980,0.6100,0.4130,0.0000,0.0000,2.4580,1.0000,3.1930,7.1220,5.7020,0.0000,0.0000,0.0000,71.6185,0.0000,4894.0000,2067.0000,0.0000,33.0000,55.0000,32.0000,22.0000
3.6100,1.0130,0.7550,0.5660,0.4390,0.0000,0.0000,1.8420,1.0000,3.1930,7.1220,5.7020,0.0000,0.0000,0.0000,71.6490,0.0000,4897.0000,2067.0000,0.0000,33.0000,55.0000,32.0000,22.0000
3.4710,1.0960,0.5670,0.5970,0.3210,0.0000,0.0000,1.8080,1.0000,3.1930,7.1220,5.7020,0.0000,0.0000,0.0000,71.6595,0.0000,4898.0000,2067.0000,0.0000,33.0000,55.0000,32.0000,22.0000
3.9830,1.0580,0.7140,0.6150,0.4320,0.0000,0.0000,2.2110,1.0000,3.1930,7.1220,5.7020,0.0000,0.0000,0.0000,71.6901,0.0000,4901.0000,2067.0000,0.0000,33.0000,55.0000,32.0000,22.0000
3.5170,1.3580,0.6590,0.8320,0.3900,0.0000,0.0000,1.5000,1.0000,3.1930,7.1220,5.7020,0.0000,0.0000,0.0000,71.7104,0.0000,4903.0000,2067.0000,0.0000,33.0000,55.0000,32.0000,22.0000
3.4220,1.0600,0.6040,0.6040,0.3120,0.0000,0.0000,1.7580,1.0000,3.1930,7.1220,5.7020,0.0000,0.0000,0.0000,71.7105,0.0000,4903.0000,2067.0000,0.0000,33.0000,55.0000,32.0000,22.0000
3.4330,0.9910,0.6430,0.6690,0.3510,0.0000,0.0000,1.7990,1.0000,3.1930,7.1220,5.7020,0.0000,0.0000,0.0000,71.7106,0.0000,4903.0000,2067.0000,0.0000,33.0000,55.0000,32.0000,22.0000
3.5330,0.8890,0.6480,0.5370,0.3200,0.0000,0.0000,1.9960,1.0000,3.1930,7.1220,5.7020,0.0000,0.0000,0.0000,71.7209,0.0000,4904.0000,2067.0000,0.0000,33.0000,55.0000,32.0000,22.0000
3.7880,1.0370,0.7610,0.6440,0.4200,0.0000,0.0000,1.9900,1.0000,3.1930,7.1220,5.7020,0.0000,0.0000,0.0000,71.7614,0.0000,4908.0000,2067.0000,0.0000,33.0000,55.0000,32.0000,22.0000
3.5480,1.2370,0.6650,0.6540,0.4010,0.0000,0.0000,1.6460,1.0000,3.1930,7.1220,5.7020,0.0000,0.0000,0.0000,71.7718,0.0000,4909.0000,2067.0000,0.0000,33.0000,55.0000,32.0000,21.0000
4.0940,1.0140,0.6820,0.5590,0.3670,0.0000,0.0000,2.3980,1.0000,3.1930,7.1220,5.7020,0.0000,0.0000,0.0000,71.8026,0.0000,4912.0000,2067.0000,0.0000,33.0000,55.0000,32.0000,21.0000
3.3380,1.1690,0.6040,0.6440,0.2890,0.0000,0.0000,1.5650,1.0000,3.1930,7.1220,5.7020,0.0000,0.0000,0.0000,71.8027,0.0000,4912.0000,2067.0000,0.0000,33.0000,55.0000,32.0000,21.0000
3.2980,0.9580,0.6130,0.6250,0.3280,0.0000,0.0000,1.7270,1.0000,3.1930,7.1220,5.7020,0.0000,0.0000,0.0000,71.8029,0.0000,4912.0000,2067.0000,0.0000,33.0000,55.0000,32.0000,20.0000
3.6440,1.0290,0.7120,0.6350,0.4170,0.0000,0.0000,1.9030,1.0000,3.1930,7.1220,5.7020,0.0000,0.0000,0.0000,71.8231,0.0000,4914.0000,2067.0000,0.0000,33.0000,55.0000,32.0000,20.0000
3.4180,1.1560,0.6170,0.6760,0.3450,0.0000,0.0000,1.6450,1.0000,3.1930,7.1220,5.7020,0.0000,0.0000,0.0000,71.8334,0.0000,4915.0000,2067.0000,0.0000,33.0000,55.0000,32.0000,20.0000
3.4040,1.0260,0.6960,0.6210,0.3650,0.0000,0.0000,1.6820,1.0000,3.1930,7.1220,5.7020,0.0000,0.0000,0.0000,71.8342,0.0000,4915.0000,2067.0000,0.0000,33.0000,56.0000,32.0000,21.0000
3.6210,0.9540,0.6660,0.5660,0.3770,0.0000,0.0000,2.0010,1.0000,3.1930,7.1220,5.7020,0.0000,0.0000,0.0000,71.8445,0.0000,4916.0000,2067.0000,0.0000,33.0000,56.0000,32.0000,22.0000
3.2340,1.0760,0.6660,0.6470,0.3040,0.0000,0.0000,1.4920,1.0000,3.1930,7.1220,5.7020,0.0000,0.0000,0.0000,71.8438,0.0000,4916.0000,2067.0000,0.0000,33.0000,55.0000,32.0000,21.0000
3.7550,0.9220,0.6670,0.5540,0.3570,0.0000,0.0000,2.1660,1.0000,3.1930,7.1220,5.7020,0.0000,0.0000,0.0000,71.8735,0.0000,4919.0000,2067.0000,0.0000,33.0000,55.0000,32.0000,22.0000
3.4280,1.1750,0.6070,0.6570,0.3270,0.0000,0.0000,1.6460,1.0000,3.1930,7.1220,5.7020,0.0000,0.0000,0.0000,71.4309,0.0000,4876.0000,2067.0000,0.0000,33.0000,55.0000,32.0000,22.0000
3.9530,0.9380,0.6620,0.5750,0.3970,0.0000,0.0000,2.3530,1.0000,3.1930,7.1220,5.7020,0.0000,0.0000,0.0000,71.4515,0.0000,4878.0000,2067.0000,0.0000,33.0000,55.0000,32.0000,22.0000
3.7780,1.2430,0.6980,0.6980,0.3890,0.0000,0.0000,1.8370,1.0000,3.1930,7.1220,5.7020,0.0000,0.0000,0.0000,71.4618,0.0000,4879.0000,2067.0000,0.0000,33.0000,55.0000,32.0000,21.0000
3.8450,1.1330,0.7140,0.6720,0.3670,0.0000,0.0000,1.9980,1.0000,3.1930,7.1220,5.7020,0.0000,0.0000,0.0000,71.4721,0.0000,4880.0000,2067.0000,0.0000,33.0000,55.0000,32.0000,21.0000
3.6320,1.1400,0.7110,0.7380,0.4210,0.0000,0.0000,1.7810,1.0000,3.1930,7.1220,5.7020,0.0000,0.0000,0.0000,71.4824,0.0000,4881.0000,2067.0000,0.0000,33.0000,55.0000,32.0000,20.0000
3.5860,1.1230,0.6570,0.7480,0.3990,0.0000,0.0000,1.8060,1.0000,3.1930,7.1220,5.7020,0.0000,0.0000,0.0000,71.5131,0.0000,4884.0000,2067.0000,0.0000,33.0000,55.0000,32.0000,20.0000
3.7630,1.1490,0.7530,0.6390,0.3690,0.0000,0.0000,1.8610,1.0000,3.1930,7.1220,5.7020,0.0000,0.0000,0.0000,71.5235,0.0000,4885.0000,2067.0000,0.0000,33.0000,55.0000,32.0000,20.0000
3.5940,1.0720,0.7050,0.7020,0.4040,0.0000,0.0000,1.8170,1.0000,3.1930,7.1220,5.7020,0.0000,0.0000,0.0000,71.5439,0.0000,4887.0000,2067.0000,0.0000,33.0000,55.0000,32.0000,20.0000
3.7240,1.0310,0.8010,0.5870,0.4940,0.0000,0.0000,1.8920,1.0000,3.1930,7.1220,5.7020,0.0000,0.0000,0.0000,71.5543,0.0000,4888.0000,2067.0000,0.0000,33.0000,55.0000,32.0000,20.0000
3.9010,1.0420,0.6630,0.5980,0.3200,0.0000,0.0000,2.1960,1.0000,3.1930,7.1220,5.7020,0.0000,0.0000,0.0000,71.5609,0.0000,4889.0000,2067.0000,0.0000,33.0000,58.0000,32.0000,20.0000
3.6070,1.1470,0.6320,0.7960,0.3080,0.0000,0.0000,1.8280,1.0000,3.1930,7.1220,5.7020,0.0000,0.0000,0.0000,71.5594,0.0000,4889.0000,2067.0000,0.0000,33.0000,57.0000,32.0000,23.0000
3.7800,1.0990,0.8320,0.7680,0.4630,0.0000,0.0000,1.8490,1.0000,3.1930,7.1220,5.7020,0.0000,0.0000,0.0000,71.5994,0.0000,4893.0000,2067.0000,0.0000,33.0000,56.0000,32.0000,21.0000
3.5620,1.1890,0.7150,0.6390,0.4350,0.0000,0.0000,1.6580,1.0000,3.1930,7.1220,5.7020,0.0000,0.0000,0.0000,71.6119,0.0000,4894.0000,2067.0000,0.0000,33.0000,59.0000,32.0000,21.0000
3.6820,1.0650,0.6700,0.6020,0.3650,0.0000,0.0000,1.9470,1.0000,3.1930,7.1220,5.7020,0.0000,0.0000,0.0000,71.6318,0.0000,4896.0000,2067.0000,0.0000,33.0000,58.0000,32.0000,21.0000
3.4560,1.0430,0.6490,0.6190,0.3760,0.0000,0.0000,1.7640,1.0000,3.1930,7.1220,5.7020,0.0000,0.0000,0.0000,71.6421,0.0000,4897.0000,2067.0000,0.0000,33.0000,58.0000,32.0000,21.0000
3.3790,0.9690,0.5810,0.5610,0.2780,0.0000,0.0000,1.8290,1.0000,3.1930,7.1220,5.7020,0.0000,0.0000,0.0000,71.6423,0.0000,4897.0000,2067.0000,0.0000,33.0000,58.0000,32.0000,20.0000
3.3770,1.0130,0.5430,0.6820,0.2990,0.0000,0.0000,1.8210,1.0000,3.1930,7.1220,5.7020,0.0000,0.0000,0.0000,71.6423,0.0000,4897.0000,2067.0000,0.0000,33.0000,58.0000,32.0000,20.0000
3.6660,0.9710,0.7130,0.6270,0.3680,0.0000,0.0000,1.9820,1.0000,3.1930,7.1220,5.7020,0.0000,0.0000,0.0000,71.6519,0.0000,4898.0000,2067.0000,0.0000,33.0000,57.0000,32.0000,19.0000
3.5700,1.0500,0.6940,0.6590,0.4250,0.0000,0.0000,1.8260,1.0000,3.1930,7.1220,5.7020,0.0000,0.0000,0.0000,71.6622,0.0000,4899.0000,2067.0000,0.0000,33.0000,57.0000,32.0000,19.0000
3.5970,1.0130,0.6290,0.5640,0.3230,0.0000,0.0000,1.9550,1.0000,3.1930,7.1220,5.7020,0.0000,0.0000,0.0000,71.6622,0.0000,4899.0000,2067.0000,0.0000,33.0000,57.0000,32.0000,19.0000
2.5450,0.9730,0.4690,0.6350,0.2790,0.0000,0.0000,1.1030,1.0000,3.1930,7.1220,5.7020,0.0000,0.0000,0.0000,71.6819,0.0000,4901.0000,2067.0000,0.0000,33.0000,56.0000,32.0000,19.0000
2.1510,0.6630,0.3820,0.3950,0.1790,0.0000,0.0000,1.1060,1.0000,3.1930,7.1220,5.7020,0.0000,0.0000,0.0000,71.6817,0.0000,4901.0000,2067.0000,0.0000,33.0000,56.0000,32.0000,21.0000
2.4200,0.6720,0.3780,0.4650,0.2080,0.0000,0.0000,1.3700,1.0000,3.1930,7.1220,5.7020,0.0000,0.0000,0.0000,71.7023,0.0000,4903.0000,2067.0000,0.0000,33.0000,56.0000,32.0000,21.0000
2.2370,0.8080,0.4050,0.4940,0.2200,0.0000,0.0000,1.0240,1.0000,3.1930,7.1220,5.7020,0.0000,0.0000,0.0000,71.7126,0.0000,4904.0000,2067.0000,0.0000,33.0000,56.0000,32.0000,21.0000
2.0450,0.6170,0.4250,0.3900,0.2370,0.0000,0.0000,1.0030,1.0000,3.1930,7.1220,5.7020,0.0000,0.0000,0.0000,71.7231,0.0000,4905.0000,2067.0000,0.0000,33.0000,56.0000,32.0000,21.0000
1.9670,0.6000,0.3860,0.3840,0.1750,0.0000,0.0000,0.9810,1.0000,3.1930,7.1220,5.7020,0.0000,0.0000,0.0000,71.7232,0.0000,4905.0000,2067.0000,0.0000,33.0000,56.0000,32.0000,21.0000
2.0090,0.6130,0.3870,0.3810,0.1730,0.0000,0.0000,1.0090,1.0000,3.1930,7.1220,5.7020,0.0000,0.0000,0.0000,71.7232,0.0000,4905.0000,2067.0000,0.0000,33.0000,56.0000,32.0000,21.0000
2.0960,0.5760,0.4140,0.3900,0.2020,0.0000,0.0000,1.1060,1.0000,3.1930,7.1220,5.7020,0.0000,0.0000,0.0000,71.7328,0.0000,4906.0000,2067.0000,0.0000,33.0000,55.0000,32.0000,21.0000
2.2030,0.6490,0.4320,0.3840,0.2270,0.0000,0.0000,1.1220,1.0000,3.1930,7.1220,5.7020,0.0000,0.0000,0.0000,71.7840,0.0000,4911.0000,2067.0000,0.0000,33.0000,55.0000,32.0000,21.0000
2.1760,0.7340,0.3650,0.3340,0.2010,0.0000,0.0000,1.0770,1.0000,3.1930,7.1220,5.7020,0.0000,0.0000,0.0000,71.8144,0.0000,4914.0000,2067.0000,0.0000,33.0000,55.0000,32.0000,21.0000
2.0680,0.7130,0.3700,0.3500,0.1950,0.0000,0.0000,0.9850,1.0000,3.1930,7.1220,5.7020,0.0000,0.0000,0.0000,71.4865,0.0000,4882.0000,2067.0000,0.0000,33.0000,56.0000,32.0000,21.0000
2.1620,0.5890,0.4110,0.3580,0.2420,0.0000,0.0000,1.1620,1.0000,3.1930,7.1220,5.7020,0.0000,0.0000,0.0000,71.4968,0.0000,4883.0000,2067.0000,0.0000,33.0000,56.0000,32.0000,21.0000
1.9670,0.6290,0.3540,0.4100,0.1790,0.0000,0.0000,0.9840,1.0000,3.1930,7.1220,5.7020,0.0000,0.0000,0.0000,71.4968,0.0000,4883.0000,2067.0000,0.0000,33.0000,56.0000,32.0000,22.0000
1.9780,0.5600,0.4090,0.3770,0.2330,0.0000,0.0000,1.0090,1.0000,3.1930,7.1220,5.7020,0.0000,0.0000,0.0000,71.4968,0.0000,4883.0000,2067.0000,0.0000,33.0000,56.0000,32.0000,22.0000
2.0150,0.5130,0.3610,0.3320,0.1950,0.0000,0.0000,1.1410,1.0000,3.1930,7.1220,5.7020,0.0000,0.0000,0.0000,71.5071,0.0000,4884.0000,2067.0000,0.0000,33.0000,56.0000,32.0000,21.0000
2.0520,0.5430,0.4210,0.3320,0.2530,0.0000,0.0000,1.0880,1.0000,3.1930,7.1220,5.7020,0.0000,0.0000,0.0000,71.5167,0.0000,4885.0000,2067.0000,0.0000,33.0000,55.0000,32.0000,21.0000
2.0610,0.5740,0.3630,0.3600,0.2050,0.0000,0.0000,1.1240,1.0000,3.1930,7.1220,5.7020,0.0000,0.0000,0.0000,71.5371,0.0000,4887.0000,2067.0000,0.0000,33.0000,55.0000,32.0000,21.0000
2.1040,0.6240,0.4400,0.3450,0.2400,0.0000,0.0000,1.0400,1.0000,3.1930,7.1220,5.7020,0.0000,0.0000,0.0000,71.5578,0.0000,4889.0000,2067.0000,0.0000,33.0000,55.0000,32.0000,21.0000
2.1370,0.5880,0.3800,0.3400,0.2100,0.0000,0.0000,1.1690,1.0000,3.1930,7.1220,5.7020,0.0000,0.0000,0.0000,71.5579,0.0000,4889.0000,2067.0000,0.0000,33.0000,55.0000,32.0000,21.0000
2.0390,0.5970,0.3850,0.4040,0.1710,0.0000,0.0000,1.0570,1.0000,3.1930,7.1220,5.7020,0.0000,0.0000,0.0000,71.5568,0.0000,4888.0000,2067.0000,0.0000,33.0000,55.0000,32.0000,21.0000
2.1010,0.5690,0.4010,0.3860,0.1990,0.0000,0.0000,1.1310,1.0000,3.1930,7.1220,5.7020,0.0000,0.0000,0.0000,71.5670,0.0000,4889.0000,2067.0000,0.0000,33.0000,55.0000,32.0000,21.0000
2.0340,0.6340,0.3870,0.4210,0.1780,0.0000,0.0000,1.0130,1.0000,3.1930,7.1220,5.7020,0.0000,0.0000,0.0000,71.5670,0.0000,4889.0000,2067.0000,0.0000,33.0000,55.0000,32.0000,21.0000
2.0210,0.5840,0.3480,0.3830,0.1870,0.0000,0.0000,1.0890,1.0000,3.1930,7.1220,5.7020,0.0000,0.0000,0.0000,71.5780,0.0000,4890.0000,2067.0000,0.0000,33.0000,56.0000,32.0000,20.0000
3.5550,0.6270,0.4390,0.4000,0.2630,0.0000,0.0000,2.4890,1.0000,3.1930,7.1220,5.7020,0.0000,0.0000,0.0000,71.5883,0.0000,4891.0000,2067.0000,0.0000,33.0000,56.0000,32.0000,20.0000
2.6580,1.0110,0.5580,0.7390,0.2660,0.0000,0.0000,1.0890,1.0000,3.1930,7.1220,5.7020,0.0000,0.0000,0.0000,71.5884,0.0000,4891.0000,2067.0000,0.0000,33.0000,56.0000,32.0000,20.0000
2.7220,0.7610,0.4980,0.5090,0.2600,0.0000,0.0000,1.4630,1.0000,3.1930,7.1220,5.7020,0.0000,0.0000,0.0000,71.6190,0.0000,4894.0000,2067.0000,0.0000,33.0000,56.0000,32.0000,20.0000
2.5550,0.9390,0.4750,0.5630,0.2630,0.0000,0.0000,1.1410,1.0000,3.1930,7.1220,5.7020,0.0000,0.0000,0.0000,71.6286,0.0000,4895.0000,2067.0000,0.0000,33.0000,55.0000,32.0000,20.0000
2.6650,0.7920,0.6060,0.4030,0.3120,0.0000,0.0000,1.2670,1.0000,3.1930,7.1220,5.7020,0.0000,0.0000,0.0000,71.6390,0.0000,4896.0000,2067.0000,0.0000,33.0000,55.0000,32.0000,20.0000
2.5050,0.8260,0.4490,0.5520,0.2090,0.0000,0.0000,1.2300,1.0000,3.1930,7.1220,5.7020,0.0000,0.0000,0.0000,71.6391,0.0000,4896.0000,2067.0000,0.0000,33.0000,55.0000,32.0000,20.0000
2.3670,0.7610,0.4960,0.5070,0.2730,0.0000,0.0000,1.1100,1.0000,3.1930,7.1220,5.7020,0.0000,0.0000,0.0000,71.6391,0.0000,4896.0000,2067.0000,0.0000,33.0000,55.0000,32.0000,20.0000
2.7390,0.7130,0.4760,0.4830,0.2420,0.0000,0.0000,1.5500,1.0000,3.1930,7.1220,5.7020,0.0000,0.0000,0.0000,71.6494,0.0000,4897.0000,2067.0000,0.0000,33.0000,55.0000,32.0000,20.0000
2.5820,0.7640,0.5510,0.4580,0.2790,0.0000,0.0000,1.2670,1.0000,3.1930,7.1220,5.7020,0.0000,0.0000,0.0000,71.6802,0.0000,4900.0000,2067.0000,0.0000,33.0000,55.0000,32.0000,20.0000
2.5550,0.8280,0.4830,0.4160,0.2640,0.0000,0.0000,1.2440,1.0000,3.1930,7.1220,5.7020,0.0000,0.0000,0.0000,71.6905,0.0000,4901.0000,2067.0000,0.0000,33.0000,55.0000,32.0000,21.0000
2.7340,0.8060,0.5150,0.5330,0.2600,0.0000,0.0000,1.4130,1.0000,3.1930,7.1220,5.7020,0.0000,0.0000,0.0000,71.7002,0.0000,4902.0000,2067.0000,0.0000,33.0000,54.0000,32.0000,21.0000
2.6690,0.7640,0.5320,0.4340,0.3340,0.0000,0.0000,1.3730,1.0000,3.1930,7.1220,5.7020,0.0000,0.0000,0.0000,71.7105,0.0000,4903.0000,2067.0000,0.0000,33.0000,54.0000,32.0000,21.0000
2.6400,0.7560,0.4540,0.4840,0.2400,0.0000,0.0000,1.4300,1.0000,3.1930,7.1220,5.7020,0.0000,0.0000,0.0000,71.7196,0.0000,4904.0000,2067.0000,0.0000,33.0000,52.0000,32.0000,21.0000
2.7040,0.7580,0.4140,0.4700,0.2120,0.0000,0.0000,1.5320,1.0000,3.1930,7.1220,5.7020,0.0000,0.0000,0.0000,71.7197,0.0000,4904.0000,2067.0000,0.0000,33.0000,52.0000,32.0000,21.0000
2.7250,0.6940,0.5360,0.4210,0.3120,0.0000,0.0000,1.4950,1.0000,3.1930,7.1220,5.7020,0.0000,0.0000,0.0000,71.7300,0.0000,4905.0000,2067.0000,0.0000,33.0000,52.0000,32.0000,21.0000
2.5120,0.7500,0.4390,0.4730,0.2210,0.0000,0.0000,1.3230,1.0000,3.1930,7.1220,5.7020,0.0000,0.0000,0.0000,71.7300,0.0000,4905.0000,2067.0000,0.0000,33.0000,52.0000,32.0000,21.0000
2.7460,0.7050,0.5300,0.4650,0.2580,0.0000,0.0000,1.5110,1.0000,3.1930,7.1220,5.7020,0.0000,0.0000,0.0000,71.7403,0.0000,4906.0000,2067.0000,0.0000,33.0000,52.0000,32.0000,21.0000
2.7580,0.7420,0.5440,0.4260,0.3210,0.0000,0.0000,1.4720,1.0000,3.1930,7.1220,5.7020,0.0000,0.0000,0.0000,71.7711,0.0000,4909.0000,2067.0000,0.0000,33.0000,52.0000,32.0000,22.0000
2.5170,0.8790,0.4060,0.4720,0.2040,0.0000,0.0000,1.2320,1.0000,3.1930,7.1220,5.7020,0.0000,0.0000,0.0000,71.7719,0.0000,4909.0000,2067.0000,0.0000,33.0000,53.0000,32.0000,22.0000
2.5930,0.7290,0.4930,0.4830,0.2230,0.0000,0.0000,1.3710,1.0000,3.1930,7.1220,5.7020,0.0000,0.0000,0.0000,71.7720,0.0000,4909.0000,2067.0000,0.0000,33.0000,53.0000,32.0000,22.0000
2.7500,0.7350,0.5290,0.4410,0.3110,0.0000,0.0000,1.4860,1.0000,3.1930,7.1220,5.7020,0.0000,0.0000,0.0000,71.7830,0.0000,4910.0000,2067.0000,0.0000,33.0000,54.0000,32.0000,22.0000
2.9720,0.7400,0.4590,0.4560,0.2360,0.0000,0.0000,1.7730,1.0000,3.1930,7.1220,5.7020,0.0000,0.0000,0.0000,71.7933,0.0000,4911.0000,2067.0000,0.0000,33.0000,54.0000,32.0000,22.0000
2.5190,0.7000,0.5310,0.4010,0.3020,0.0000,0.0000,1.2880,1.0000,3.1930,7.1220,5.7020,0.0000,0.0000,0.0000,71.8029,0.0000,4912.0000,2067.0000,0.0000,33.0000,53.0000,32.0000,22.0000
2.4460,0.6890,0.4710,0.3940,0.2350,0.0000,0.0000,1.2860,1.0000,3.1930,7.1220,5.7020,0.0000,0.0000,0.0000,71.8029,0.0000,4912.0000,2067.0000,0.0000,33.0000,53.0000,32.0000,22.0000
2.3170,0.7210,0.4230,0.4910,0.2020,0.0000,0.0000,1.1730,1.0000,3.1930,7.1220,5.7020,0.0000,0.0000,0.0000,71.8030,0.0000,4912.0000,2067.0000,0.0000,33.0000,53.0000,32.0000,22.0000
2.5890,0.6430,0.5130,0.3980,0.3070,0.0000,0.0000,1.4330,1.0000,3.1930,7.1220,5.7020,0.0000,0.0000,0.0000,71.8337,0.0000,4915.0000,2067.0000,0.0000,33.0000,54.0000,32.0000,22.0000
2.6230,0.8800,0.4160,0.4600,0.1990,0.0000,0.0000,1.3270,1.0000,3.1930,7.1220,5.7020,0.0000,0.0000,0.0000,71.4024,0.0000,4873.0000,2067.0000,0.0000,33.0000,54.0000,32.0000,22.0000
2.5920,0.8610,0.4730,0.4100,0.2220,0.0000,0.0000,1.2580,1.0000,3.1930,7.1220,5.7020,0.0000,0.0000,0.0000,71.4031,0.0000,4873.0000,2067.0000,0.0000,33.0000,55.0000,32.0000,21.0000
3.4970,0.7050,0.4190,0.4960,0.2070,0.0000,0.0000,2.3730,1.0000,3.1930,7.1220,5.7020,0.0000,0.0000,0.0000,71.4031,0.0000,4873.0000,2067.0000,0.0000,33.0000,55.0000,32.0000,21.0000
3.1130,0.8410,0.4900,0.5680,0.2220,0.0000,0.0000,1.7820,1.0000,3.1930,7.1220,5.7020,0.0000,0.0000,0.0000,71.4038,0.0000,4873.0000,2067.0000,0.0000,33.0000,56.0000,32.0000,21.0000
3.2280,0.8580,0.5250,0.5260,0.2820,0.0000,0.0000,1.8450,1.0000,3.1930,7.1220,5.7020,0.0000,0.0000,0.0000,71.4448,0.0000,4877.0000,2067.0000,0.0000,33.0000,56.0000,32.0000,21.0000
3.0190,1.0190,0.6820,0.6580,0.2900,0.0000,0.0000,1.3180,1.0000,3.1930,7.1220,5.7020,0.0000,0.0000,0.0000,71.4959,0.0000,4882.0000,2067.0000,0.0000,33.0000,56.0000,32.0000,21.0000
2.6120,0.8730,0.5920,0.4580,0.2910,0.0000,0.0000,1.1470,1.0000,3.1930,7.1220,5.7020,0.0000,0.0000,0.0000,71.5065,0.0000,4883.0000,2067.0000,0.0000,33.0000,56.0000,32.0000,20.0000
2.9080,0.6260,0.8160,0.3640,0.2940,0.0000,0.0000,1.4660,1.0000,3.1930,7.1220,5.7020,0.0000,0.0000,0.0000,71.5177,0.0000,4884.0000,2067.0000,0.0000,33.0000,57.0000,32.0000,20.0000
2.5500,0.6980,0.5020,0.4110,0.2940,0.0000,0.0000,1.3500,1.0000,3.1930,7.1220,5.7020,0.0000,0.0000,0.0000,71.5381,0.0000,4886.0000,2067.0000,0.0000,33.0000,57.0000,32.0000,20.0000
2.6010,0.7560,0.5000,0.4970,0.2950,0.0000,0.0000,1.3450,1.0000,3.1930,7.1220,5.7020,0.0000,0.0000,0.0000,71.5695,0.0000,4889.0000,2067.0000,0.0000,33.0000,58.0000,32.0000,20.0000
2.2670,0.8260,0.4450,0.5090,0.1930,0.0000,0.0000,0.9960,1.0000,3.1930,7.1220,5.7020,0.0000,0.0000,0.0000,71.5696,0.0000,4889.0000,2067.0000,0.0000,33.0000,58.0000,32.0000,20.0000
2.1060,0.6230,0.4030,0.4030,0.2030,0.0000,0.0000,1.0800,1.0000,3.1930,7.1220,5.7020,0.0000,0.0000,0.0000,71.5705,0.0000,4889.0000,2067.0000,0.0000,33.0000,59.0000,32.0000,20.0000
2.1150,0.6110,0.3900,0.3620,0.1820,0.0000,0.0000,1.1140,1.0000,3.1930,7.1220,5.7020,0.0000,0.0000,0.0000,71.5698,0.0000,4889.0000,2067.0000,0.0000,33.0000,58.0000,32.0000,19.0000
2.3760,0.6100,0.4700,0.3670,0.2620,0.0000,0.0000,1.2960,1.0000,3.1930,7.1220,5.7020,0.0000,0.0000,0.0000,71.5910,0.0000,4891.0000,2067.0000,0.0000,33.0000,59.0000,32.0000,19.0000
2.6360,0.6270,0.4970,0.3470,0.3000,0.0000,0.0000,1.5120,1.0000,3.1930,7.1220,5.7020,0.0000,0.0000,0.0000,71.6316,0.0000,4895.0000,2067.0000,0.0000,33.0000,59.0000,32.0000,19.0000
2.1380,0.9540,0.4010,0.5390,0.1910,0.0000,0.0000,0.7830,1.0000,3.1930,7.1220,5.7020,0.0000,0.0000,0.0000,71.6325,0.0000,4895.0000,2067.0000,0.0000,33.0000,60.0000,32.0000,19.0000
2.1760,0.5720,0.4280,0.3690,0.1910,0.0000,0.0000,1.1760,1.0000,3.1930,7.1220,5.7020,0.0000,0.0000,0.0000,71.6321,0.0000,4895.0000,2067.0000,0.0000,33.0000,59.0000,32.0000,19.0000
2.3080,0.5680,0.4660,0.3550,0.2720,0.0000,0.0000,1.2740,1.0000,3.1930,7.1220,5.7020,0.0000,0.0000,0.0000,71.6524,0.0000,4897.0000,2067.0000,0.0000,33.0000,59.0000,32.0000,19.0000
2.1700,0.7000,0.4070,0.4270,0.2020,0.0000,0.0000,1.0630,1.0000,3.1930,7.1220,5.7020,0.0000,0.0000,0.0000,71.6531,0.0000,4897.0000,2067.0000,0.0000,33.0000,60.0000,32.0000,19.0000
2.1590,0.6020,0.3920,0.4040,0.1990,0.0000,0.0000,1.1650,1.0000,3.1930,7.1220,5.7020,0.0000,0.0000,0.0000,71.6532,0.0000,4897.0000,2067.0000,0.0000,33.0000,60.0000,32.0000,19.0000
2.2800,0.6130,0.4350,0.3690,0.2270,0.0000,0.0000,1.2320,1.0000,3.1930,7.1220,5.7020,0.0000,0.0000,0.0000,71.6728,0.0000,4899.0000,2067.0000,0.0000,33.0000,59.0000,32.0000,19.0000
2.3150,0.6290,0.5100,0.3470,0.3030,0.0000,0.0000,1.1760,1.0000,3.1930,7.1220,5.7020,0.0000,0.0000,0.0000,71.6736,0.0000,4899.0000,2067.0000,0.0000,33.0000,60.0000,32.0000,19.0000
2.3110,0.6590,0.4860,0.3970,0.2510,0.0000,0.0000,1.1660,1.0000,3.1930,7.1220,5.7020,0.0000,0.0000,0.0000,71.7042,0.0000,4902.0000,2067.0000,0.0000,33.0000,60.0000,32.0000,19.0000
2.1310,0.7070,0.3960,0.3670,0.1850,0.0000,0.0000,1.0280,1.0000,3.1930,7.1220,5.7020,0.0000,0.0000,0.0000,71.7042,0.0000,4902.0000,2067.0000,0.0000,33.0000,60.0000,32.0000,19.0000
2.1950,0.5730,0.3890,0.3640,0.1810,0.0000,0.0000,1.2330,1.0000,3.1930,7.1220,5.7020,0.0000,0.0000,0.0000,71.7043,0.0000,4902.0000,2067.0000,0.0000,33.0000,60.0000,32.0000,19.0000
2.1210,0.6050,0.4630,0.3660,0.2200,0.0000,0.0000,1.0530,1.0000,3.1930,7.1220,5.7020,0.0000,0.0000,0.0000,71.7037,0.0000,4902.0000,2067.0000,0.0000,33.0000,59.0000,32.0000,19.0000
2.3980,0.5630,0.6150,0.3470,0.2060,0.0000,0.0000,1.2200,1.0000,3.1930,7.1220,5.7020,0.0000,0.0000,0.0000,71.7029,0.0000,4902.0000,2067.0000,0.0000,33.0000,58.0000,32.0000,20.0000
2.4900,0.6690,0.5630,0.4520,0.2640,0.0000,0.0000,1.2580,1.0000,3.1930,7.1220,5.7020,0.0000,0.0000,0.0000,71.7337,0.0000,4905.0000,2067.0000,0.0000,33.0000,58.0000,32.0000,21.0000
2.4490,0.6750,0.4790,0.3490,0.2770,0.0000,0.0000,1.2950,1.0000,3.1930,7.1220,5.7020,0.0000,0.0000,0.0000,71.7641,0.0000,4908.0000,2067.0000,0.0000,33.0000,58.0000,32.0000,21.0000
2.4220,0.7510,0.5330,0.3940,0.3340,0.0000,0.0000,1.1380,1.0000,3.1930,7.1220,5.7020,0.0000,0.0000,0.0000,71.7848,0.0000,4910.0000,2067.0000,0.0000,33.0000,58.0000,32.0000,21.0000
3.0010,0.6980,0.5120,0.3630,0.3120,0.0000,0.0000,1.7910,1.0000,3.1930,7.1220,5.7020,0.0000,0.0000,0.0000,71.7857,0.0000,4910.0000,2067.0000,0.0000,33.0000,59.0000,32.0000,21.0000
3.0560,0.8790,0.6720,0.5740,0.4080,0.0000,0.0000,1.5050,1.0000,3.1930,7.1220,5.7020,0.0000,0.0000,0.0000,71.8156,0.0000,4913.0000,2067.0000,0.0000,33.0000,58.0000,32.0000,21.0000
2.4650,0.9910,0.4150,0.5900,0.2230,0.0000,0.0000,1.0590,1.0000,3.1930,7.1220,5.7020,0.0000,0.0000,0.0000,71.8361,0.0000,4915.0000,2067.0000,0.0000,33.0000,58.0000,32.0000,21.0000
2.7880,0.7220,0.6610,0.4120,0.4210,0.0000,0.0000,1.4050,1.0000,3.1930,7.1220,5.7020,0.0000,0.0000,0.0000,71.8566,0.0000,4917.0000,2067.0000,0.0000,33.0000,58.0000,32.0000,21.0000
2.4410,0.6680,0.5040,0.3560,0.2880,0.0000,0.0000,1.2690,1.0000,3.1930,7.1220,5.7020,0.0000,0.0000,0.0000,71.8670,0.0000,4918.0000,2067.0000,0.0000,33.0000,58.0000,32.0000,22.0000
2.3850,0.7460,0.4020,0.4420,0.1880,0.0000,0.0000,1.2370,1.0000,3.1930,7.1220,5.7020,0.0000,0.0000,0.0000,71.8678,0.0000,4918.0000,2067.0000,0.0000,33.0000,59.0000,32.0000,22.0000
2.4170,0.6410,0.5070,0.3800,0.2600,0.0000,0.0000,1.2690,1.0000,3.1930,7.1220,5.7020,0.0000,0.0000,0.0000,71.8795,0.0000,4919.0000,2067.0000,0.0000,33.0000,61.0000,32.0000,22.0000
2.3070,0.7050,0.4640,0.4350,0.2700,0.0000,0.0000,1.1380,1.0000,3.1930,7.1220,5.7020,0.0000,0.0000,0.0000,71.8898,0.0000,4920.0000,2067.0000,0.0000,33.0000,61.0000,32.0000,22.0000
2.7810,0.6970,0.4900,0.3680,0.2780,0.0000,0.0000,1.5940,1.0000,3.1930,7.1220,5.7020,0.0000,0.0000,0.0000,71.8994,0.0000,4921.0000,2067.0000,0.0000,33.0000,61.0000,32.0000,22.0000
2.4310,0.7140,0.4120,0.3770,0.2020,0.0000,0.0000,1.3050,1.0000,3.1930,7.1220,5.7020,0.0000,0.0000,0.0000,71.4474,0.0000,4877.0000,2067.0000,0.0000,33.0000,61.0000,32.0000,22.0000
2.2270,0.5890,0.4370,0.3640,0.2230,0.0000,0.0000,1.2010,1.0000,3.1930,7.1220,5.7020,0.0000,0.0000,0.0000,71.4556,0.0000,4878.0000,2067.0000,0.0000,33.0000,58.0000,32.0000,21.0000
2.2370,0.6490,0.4560,0.4170,0.2450,0.0000,0.0000,1.1320,1.0000,3.1930,7.1220,5.7020,0.0000,0.0000,0.0000,71.4556,0.0000,4878.0000,2067.0000,0.0000,33.0000,58.0000,32.0000,21.0000
2.0870,0.6360,0.4550,0.4320,0.2030,0.0000,0.0000,0.9960,1.0000,3.1930,7.1220,5.7020,0.0000,0.0000,0.0000,71.4557,0.0000,4878.0000,2067.0000,0.0000,33.0000,58.0000,32.0000,21.0000
2.2940,0.6260,0.4560,0.4300,0.2460,0.0000,0.0000,1.2120,1.0000,3.1930,7.1220,5.7020,0.0000,0.0000,0.0000,71.4760,0.0000,4880.0000,2067.0000,0.0000,33.0000,58.0000,32.0000,21.0000
2.2100,0.6840,0.3780,0.3690,0.1770,0.0000,0.0000,1.1480,1.0000,3.1930,7.1220,5.7020,0.0000,0.0000,0.0000,71.4760,0.0000,4880.0000,2067.0000,0.0000,33.0000,58.0000,32.0000,20.0000
2.5100,0.6360,0.4060,0.4250,0.2230,0.0000,0.0000,1.4680,1.0000,3.1930,7.1220,5.7020,0.0000,0.0000,0.0000,71.5068,0.0000,4883.0000,2067.0000,0.0000,33.0000,58.0000,32.0000,21.0000
2.7610,0.7900,0.4130,0.4950,0.2230,0.0000,0.0000,1.5580,1.0000,3.1930,7.1220,5.7020,0.0000,0.0000,0.0000,71.5070,0.0000,4883.0000,2067.0000,0.0000,33.0000,58.0000,32.0000,21.0000
2.6670,0.6020,0.5470,0.3630,0.2370,0.0000,0.0000,1.5180,1.0000,3.1930,7.1220,5.7020,0.0000,0.0000,0.0000,71.5065,0.0000,4883.0000,2067.0000,0.0000,33.0000,57.0000,32.0000,22.0000
2.3980,0.7240,0.4040,0.4500,0.2090,0.0000,0.0000,1.2700,1.0000,3.1930,7.1220,5.7020,0.0000,0.0000,0.0000,71.5072,0.0000,4883.0000,2067.0000,0.0000,33.0000,58.0000,32.0000,22.0000
2.3540,0.7410,0.4620,0.5220,0.2220,0.0000,0.0000,1.1510,1.0000,3.1930,7.1220,5.7020,0.0000,0.0000,0.0000,71.5065,0.0000,4883.0000,2067.0000,0.0000,33.0000,57.0000,32.0000,22.0000
3.0040,0.6870,0.5970,0.4320,0.3610,0.0000,0.0000,1.7200,1.0000,3.1930,7.1220,5.7020,0.0000,0.0000,0.0000,71.5380,0.0000,4886.0000,2067.0000,0.0000,33.0000,58.0000,32.0000,22.0000
2.6150,0.9400,0.4720,0.4770,0.2550,0.0000,0.0000,1.2030,1.0000,3.1930,7.1220,5.7020,0.0000,0.0000,0.0000,71.5585,0.0000,4888.0000,2067.0000,0.0000,33.0000,58.0000,32.0000,22.0000
2.6300,0.8650,0.5370,0.4700,0.2820,0.0000,0.0000,1.2280,1.0000,3.1930,7.1220,5.7020,0.0000,0.0000,0.0000,71.5993,0.0000,4892.0000,2067.0000,0.0000,33.0000,58.0000,32.0000,21.0000
2.3610,0.8290,0.4350,0.3990,0.2160,0.0000,0.0000,1.0970,1.0000,3.1930,7.1220,5.7020,0.0000,0.0000,0.0000,71.5988,0.0000,4892.0000,2067.0000,0.0000,33.0000,57.0000,32.0000,21.0000
2.2970,0.6960,0.4730,0.4680,0.2250,0.0000,0.0000,1.1280,1.0000,3.1930,7.1220,5.7020,0.0000,0.0000,0.0000,71.5991,0.0000,4892.0000,2067.0000,0.0000,33.0000,57.0000,32.0000,21.0000
2.6800,0.7060,0.6160,0.4770,0.3950,0.0000,0.0000,1.3580,1.0000,3.1930,7.1220,5.7020,0.0000,0.0000,0.0000,71.6196,0.0000,4894.0000,2067.0000,0.0000,33.0000,57.0000,32.0000,20.0000
2.5700,0.8420,0.5410,0.5210,0.2860,0.0000,0.0000,1.1870,1.0000,3.1930,7.1220,5.7020,0.0000,0.0000,0.0000,71.6495,0.0000,4897.0000,2067.0000,0.0000,33.0000,56.0000,32.0000,20.0000
2.5620,0.8770,0.5230,0.4870,0.3150,0.0000,0.0000,1.1620,1.0000,3.1930,7.1220,5.7020,0.0000,0.0000,0.0000,71.6694,0.0000,4899.0000,2067.0000,0.0000,33.0000,56.0000,32.0000,20.0000
2.3310,0.8320,0.4710,0.5250,0.2200,0.0000,0.0000,1.0280,1.0000,3.1930,7.1220,5.7020,0.0000,0.0000,0.0000,71.6696,0.0000,4899.0000,2067.0000,0.0000,33.0000,56.0000,32.0000,19.0000
2.4020,0.6890,0.4680,0.4200,0.2580,0.0000,0.0000,1.2450,1.0000,3.1930,7.1220,5.7020,0.0000,0.0000,0.0000,71.6906,0.0000,4901.0000,2067.0000,0.0000,33.0000,57.0000,32.0000,20.0000
2.8790,0.7440,0.6350,0.4160,0.4250,0.0000,0.0000,1.5000,1.0000,3.1930,7.1220,5.7020,0.0000,0.0000,0.0000,71.7002,0.0000,4902.0000,2067.0000,0.0000,33.0000,56.0000,32.0000,20.0000
2.5820,0.9370,0.5310,0.5890,0.3130,0.0000,0.0000,1.1140,1.0000,3.1930,7.1220,5.7020,0.0000,0.0000,0.0000,71.7098,0.0000,4903.0000,2067.0000,0.0000,33.0000,55.0000,32.0000,20.0000
2.2950,0.7680,0.4310,0.4910,0.2040,0.0000,0.0000,1.0960,1.0000,3.1930,7.1220,5.7020,0.0000,0.0000,0.0000,71.7099,0.0000,4903.0000,2067.0000,0.0000,33.0000,55.0000,32.0000,20.0000
2.6280,0.6620,0.4620,0.4110,0.2540,0.0000,0.0000,1.5040,1.0000,3.1930,7.1220,5.7020,0.0000,0.0000,0.0000,71.7299,0.0000,4905.0000,2067.0000,0.0000,33.0000,54.0000,32.0000,20.0000
2.4090,0.9310,0.4390,0.5530,0.2100,0.0000,0.0000,1.0390,1.0000,3.1930,7.1220,5.7020,0.0000,0.0000,0.0000,71.7303,0.0000,4905.0000,2067.0000,0.0000,33.0000,54.0000,32.0000,21.0000
2.4240,0.8020,0.5270,0.4770,0.2630,0.0000,0.0000,1.0950,1.0000,3.1930,7.1220,5.7020,0.0000,0.0000,0.0000,71.7304,0.0000,4905.0000,2067.0000,0.0000,33.0000,54.0000,32.0000,21.0000
2.6170,0.7730,0.6830,0.5410,0.2340,0.0000,0.0000,1.1610,1.0000,3.1930,7.1220,5.7020,0.0000,0.0000,0.0000,71.7304,0.0000,4905.0000,2067.0000,0.0000,33.0000,54.0000,32.0000,21.0000
2.3040,0.7320,0.4220,0.4750,0.2100,0.0000,0.0000,1.1500,1.0000,3.1930,7.1220,5.7020,0.0000,0.0000,0.0000,71.7300,0.0000,4905.0000,2067.0000,0.0000,33.0000,53.0000,32.0000,22.0000
2.6580,0.7480,0.5310,0.5190,0.2880,0.0000,0.0000,1.3790,1.0000,3.1930,7.1220,5.7020,0.0000,0.0000,0.0000,71.7708,0.0000,4909.0000,2067.0000,0.0000,33.0000,53.0000,32.0000,23.0000
2.3810,0.8900,0.4510,0.4080,0.2420,0.0000,0.0000,1.0400,1.0000,3.1930,7.1220,5.7020,0.0000,0.0000,0.0000,71.7812,0.0000,4910.0000,2067.0000,0.0000,33.0000,53.0000,32.0000,23.0000
3.0740,0.7260,0.4750,0.4570,0.2300,0.0000,0.0000,1.8730,1.0000,3.1930,7.1220,5.7020,0.0000,0.0000,0.0000,71.7821,0.0000,4910.0000,2067.0000,0.0000,33.0000,54.0000,32.0000,23.0000
2.7290,1.1470,0.4890,0.8160,0.2240,0.0000,0.0000,1.0930,1.0000,3.1930,7.1220,5.7020,0.0000,0.0000,0.0000,71.7822,0.0000,4910.0000,2067.0000,0.0000,33.0000,54.0000,32.0000,23.0000
2.6310,0.8420,0.5020,0.4860,0.2730,0.0000,0.0000,1.2870,1.0000,3.1930,7.1220,5.7020,0.0000,0.0000,0.0000,71.7822,0.0000,4910.0000,2067.0000,0.0000,33.0000,54.0000,32.0000,23.0000
2.7160,0.7480,0.4860,0.5000,0.2620,0.0000,0.0000,1.4820,1.0000,3.1930,7.1220,5.7020,0.0000,0.0000,0.0000,71.8028,0.0000,4913.0000,2067.0000,0.0000,33.0000,54.0000,32.0000,23.0000
3.0030,0.7940,0.6400,0.4680,0.3450,0.0000,0.0000,1.5690,1.0000,3.1930,7.1220,5.7020,0.0000,0.0000,0.0000,71.8241,0.0000,4915.0000,2067.0000,0.0000,33.0000,55.0000,32.0000,23.0000
2.5680,0.8690,0.4880,0.4760,0.2480,0.0000,0.0000,1.2110,1.0000,3.1930,7.1220,5.7020,0.0000,0.0000,0.0000,71.8345,0.0000,4916.0000,2067.0000,0.0000,33.0000,55.0000,32.0000,21.0000
2.5630,0.8180,0.4850,0.4730,0.2680,0.0000,0.0000,1.2600,1.0000,3.1930,7.1220,5.7020,0.0000,0.0000,0.0000,71.8351,0.0000,4916.0000,2067.0000,0.0000,33.0000,56.0000,32.0000,21.0000
2.6610,0.7320,0.4480,0.4870,0.2190,0.0000,0.0000,1.4810,1.0000,3.1930,7.1220,5.7020,0.0000,0.0000,0.0000,71.4774,0.0000,4881.0000,2067.0000,0.0000,33.0000,56.0000,32.0000,22.0000
2.7530,0.6950,0.5130,0.4450,0.2690,0.0000,0.0000,1.5450,1.0000,3.1930,7.1220,5.7020,0.0000,0.0000,0.0000,71.4876,0.0000,4882.0000,2067.0000,0.0000,33.0000,56.0000,32.0000,21.0000
2.9310,0.7460,0.5230,0.4320,0.3190,0.0000,0.0000,1.6620,1.0000,3.1930,7.1220,5.7020,0.0000,0.0000,0.0000,71.4978,0.0000,4883.0000,2067.0000,0.0000,33.0000,56.0000,32.0000,20.0000
2.8920,0.7800,0.6110,0.4800,0.3440,0.0000,0.0000,1.5010,1.0000,3.1930,7.1220,5.7020,0.0000,0.0000,0.0000,71.5184,0.0000,4885.0000,2067.0000,0.0000,33.0000,56.0000,32.0000,21.0000
2.6270,0.8260,0.4600,0.5120,0.2360,0.0000,0.0000,1.3410,1.0000,3.1930,7.1220,5.7020,0.0000,0.0000,0.0000,71.5185,0.0000,4885.0000,2067.0000,0.0000,33.0000,56.0000,32.0000,20.0000
3.2140,0.7940,0.7820,0.5610,0.5450,0.0000,0.0000,1.6380,1.0000,3.1930,7.1220,5.7020,0.0000,0.0000,0.0000,71.5576,0.0000,4889.0000,2067.0000,0.0000,33.0000,56.0000,32.0000,21.0000
2.6280,0.8570,0.4900,0.4890,0.2630,0.0000,0.0000,1.2810,1.0000,3.1930,7.1220,5.7020,0.0000,0.0000,0.0000,71.5672,0.0000,4890.0000,2067.0000,0.0000,33.0000,55.0000,32.0000,21.0000
3.1900,0.7410,0.5470,0.4530,0.2930,0.0000,0.0000,1.9020,1.0000,3.1930,7.1220,5.7020,0.0000,0.0000,0.0000,71.6079,0.0000,4894.0000,2067.0000,0.0000,33.0000,55.0000,32.0000,21.0000
2.6170,1.1960,0.4570,0.4970,0.2190,0.0000,0.0000,0.9640,1.0000,3.1930,7.1220,5.7020,0.0000,0.0000,0.0000,71.6080,0.0000,4894.0000,2067.0000,0.0000,33.0000,55.0000,32.0000,20.0000
2.8080,0.7220,0.5790,0.4260,0.3560,0.0000,0.0000,1.5070,1.0000,3.1930,7.1220,5.7020,0.0000,0.0000,0.0000,71.6381,0.0000,4897.0000,2067.0000,0.0000,33.0000,54.0000,32.0000,19.0000
2.7900,0.8510,0.4790,0.4490,0.2240,0.0000,0.0000,1.4600,1.0000,3.1930,7.1220,5.7020,0.0000,0.0000,0.0000,71.6388,0.0000,4897.0000,2067.0000,0.0000,33.0000,55.0000,32.0000,19.0000
2.5590,0.7040,0.4720,0.4650,0.2330,0.0000,0.0000,1.3830,1.0000,3.1930,7.1220,5.7020,0.0000,0.0000,0.0000,71.6397,0.0000,4897.0000,2067.0000,0.0000,33.0000,56.0000,32.0000,19.0000
2.4770,0.7350,0.4850,0.4880,0.2310,0.0000,0.0000,1.2570,1.0000,3.1930,7.1220,5.7020,0.0000,0.0000,0.0000,71.6397,0.0000,4897.0000,2067.0000,0.0000,33.0000,56.0000,32.0000,19.0000
2.5100,0.7100,0.4890,0.4790,0.2760,0.0000,0.0000,1.3110,1.0000,3.1930,7.1220,5.7020,0.0000,0.0000,0.0000,71.6397,0.0000,4897.0000,2067.0000,0.0000,33.0000,56.0000,32.0000,19.0000
2.7430,0.6550,0.5600,0.4140,0.3070,0.0000,0.0000,1.5280,1.0000,3.1930,7.1220,5.7020,0.0000,0.0000,0.0000,71.6397,0.0000,4897.0000,2067.0000,0.0000,33.0000,56.0000,32.0000,20.0000
2.8410,0.7360,0.5780,0.4340,0.3370,0.0000,0.0000,1.5270,1.0000,3.1930,7.1220,5.7020,0.0000,0.0000,0.0000,71.6703,0.0000,4900.0000,2067.0000,0.0000,33.0000,56.0000,32.0000,20.0000
2.7530,0.8430,0.5500,0.4200,0.3270,0.0000,0.0000,1.3600,1.0000,3.1930,7.1220,5.7020,0.0000,0.0000,0.0000,71.6910,0.0000,4902.0000,2067.0000,0.0000,33.0000,56.0000,32.0000,20.0000
2.5380,0.8040,0.4690,0.4800,0.2130,0.0000,0.0000,1.2650,1.0000,3.1930,7.1220,5.7020,0.0000,0.0000,0.0000,71.6912,0.0000,4902.0000,2067.0000,0.0000,33.0000,56.0000,32.0000,20.0000
2.4550,0.7250,0.4730,0.4630,0.2610,0.0000,0.0000,1.2570,1.0000,3.1930,7.1220,5.7020,0.0000,0.0000,0.0000,71.6913,0.0000,4902.0000,2067.0000,0.0000,33.0000,56.0000,32.0000,20.0000
2.6560,0.7300,0.4700,0.4910,0.2430,0.0000,0.0000,1.4560,1.0000,3.1930,7.1220,5.7020,0.0000,0.0000,0.0000,71.7015,0.0000,4903.0000,2067.0000,0.0000,33.0000,56.0000,32.0000,20.0000
2.6360,0.7090,0.5060,0.4050,0.2620,0.0000,0.0000,1.4210,1.0000,3.1930,7.1220,5.7020,0.0000,0.0000,0.0000,71.7118,0.0000,4904.0000,2067.0000,0.0000,33.0000,56.0000,32.0000,20.0000
3.0580,0.7460,0.6390,0.4230,0.4270,0.0000,0.0000,1.6730,1.0000,3.1930,7.1220,5.7020,0.0000,0.0000,0.0000,71.7317,0.0000,4906.0000,2067.0000,0.0000,33.0000,55.0000,32.0000,20.0000
2.8520,0.8240,0.5850,0.4950,0.3250,0.0000,0.0000,1.4430,1.0000,3.1930,7.1220,5.7020,0.0000,0.0000,0.0000,71.7527,0.0000,4908.0000,2067.0000,0.0000,33.0000,56.0000,32.0000,20.0000
2.5470,0.8440,0.4330,0.4990,0.2120,0.0000,0.0000,1.2700,1.0000,3.1930,7.1220,5.7020,0.0000,0.0000,0.0000,71.7521,0.0000,4908.0000,2067.0000,0.0000,33.0000,55.0000,32.0000,20.0000
2.5870,0.7880,0.5010,0.5320,0.2270,0.0000,0.0000,1.2980,1.0000,3.1930,7.1220,5.7020,0.0000,0.0000,0.0000,71.7522,0.0000,4908.0000,2067.0000,0.0000,33.0000,55.0000,32.0000,20.0000
2.6400,0.7530,0.5470,0.4620,0.2840,0.0000,0.0000,1.3400,1.0000,3.1930,7.1220,5.7020,0.0000,0.0000,0.0000,71.7625,0.0000,4909.0000,2067.0000,0.0000,33.0000,55.0000,32.0000,20.0000
2.7720,0.8080,0.5920,0.5210,0.3220,0.0000,0.0000,1.3720,1.0000,3.1930,7.1220,5.7020,0.0000,0.0000,0.0000,71.7727,0.0000,4910.0000,2067.0000,0.0000,33.0000,55.0000,32.0000,20.0000
2.6690,0.8220,0.5600,0.5220,0.2850,0.0000,0.0000,1.2870,1.0000,3.1930,7.1220,5.7020,0.0000,0.0000,0.0000,71.7830,0.0000,4911.0000,2067.0000,0.0000,33.0000,55.0000,32.0000,20.0000
2.6540,0.7830,0.5500,0.4120,0.2850,0.0000,0.0000,1.3210,1.0000,3.1930,7.1220,5.7020,0.0000,0.0000,0.0000,71.7934,0.0000,4912.0000,2067.0000,0.0000,33.0000,55.0000,32.0000,19.0000
2.6310,0.8050,0.4710,0.4940,0.2540,0.0000,0.0000,1.3550,1.0000,3.1930,7.1220,5.7020,0.0000,0.0000,0.0000,71.8143,0.0000,4914.0000,2067.0000,0.0000,33.0000,56.0000,32.0000,18.0000
2.6090,0.8640,0.5260,0.5280,0.2740,0.0000,0.0000,1.2190,1.0000,3.1930,7.1220,5.7020,0.0000,0.0000,0.0000,71.8349,0.0000,4916.0000,2067.0000,0.0000,33.0000,56.0000,32.0000,18.0000
2.5080,0.7950,0.4750,0.4220,0.2590,0.0000,0.0000,1.2380,1.0000,3.1930,7.1220,5.7020,0.0000,0.0000,0.0000,71.8357,0.0000,4916.0000,2067.0000,0.0000,33.0000,57.0000,32.0000,18.0000
2.5620,0.7770,0.4730,0.5220,0.2140,0.0000,0.0000,1.3120,1.0000,3.1930,7.1220,5.7020,0.0000,0.0000,0.0000,71.8351,0.0000,4916.0000,2067.0000,0.0000,33.0000,56.0000,32.0000,19.0000
2.4750,0.7030,0.5210,0.4180,0.2710,0.0000,0.0000,1.2510,1.0000,3.1930,7.1220,5.7020,0.0000,0.0000,0.0000,71.8344,0.0000,4916.0000,2067.0000,0.0000,33.0000,55.0000,32.0000,18.0000
2.7800,0.7080,0.4550,0.4650,0.2230,0.0000,0.0000,1.6170,1.0000,3.1930,7.1220,5.7020,0.0000,0.0000,0.0000,71.8330,0.0000,4916.0000,2067.0000,0.0000,33.0000,54.0000,32.0000,18.0000
2.8500,0.7590,0.5540,0.4510,0.2840,0.0000,0.0000,1.5370,1.0000,3.1930,7.1220,5.7020,0.0000,0.0000,0.0000,71.8623,0.0000,4919.0000,2067.0000,0.0000,33.0000,53.0000,32.0000,19.0000
2.4980,0.8260,0.4760,0.4100,0.2640,0.0000,0.0000,1.1960,1.0000,3.1930,7.1220,5.7020,0.0000,0.0000,0.0000,71.4439,0.0000,4878.0000,2067.0000,0.0000,33.0000,54.0000,32.0000,19.0000
2.6320,0.7270,0.4780,0.5070,0.2510,0.0000,0.0000,1.4270,1.0000,3.1930,7.1220,5.7020,0.0000,0.0000,0.0000,71.4643,0.0000,4880.0000,2067.0000,0.0000,33.0000,54.0000,32.0000,19.0000
2.7720,0.7520,0.5170,0.4310,0.2670,0.0000,0.0000,1.5030,1.0000,3.1930,7.1220,5.7020,0.0000,0.0000,0.0000,71.4760,0.0000,4881.0000,2067.0000,0.0000,33.0000,56.0000,32.0000,20.0000
2.5780,0.8130,0.5000,0.5500,0.3020,0.0000,0.0000,1.2650,1.0000,3.1930,7.1220,5.7020,0.0000,0.0000,0.0000,71.4856,0.0000,4882.0000,2067.0000,0.0000,33.0000,55.0000,32.0000,20.0000
2.6950,0.7450,0.5220,0.4840,0.2840,0.0000,0.0000,1.4280,1.0000,3.1930,7.1220,5.7020,0.0000,0.0000,0.0000,71.4857,0.0000,4882.0000,2067.0000,0.0000,33.0000,55.0000,32.0000,20.0000
2.7910,0.6520,0.5710,0.4180,0.2800,0.0000,0.0000,1.5680,1.0000,3.1930,7.1220,5.7020,0.0000,0.0000,0.0000,71.5074,0.0000,4884.0000,2067.0000,0.0000,33.0000,57.0000,32.0000,20.0000
2.6950,0.7900,0.5340,0.4260,0.3150,0.0000,0.0000,1.3710,1.0000,3.1930,7.1220,5.7020,0.0000,0.0000,0.0000,71.5169,0.0000,4885.0000,2067.0000,0.0000,33.0000,56.0000,32.0000,21.0000
2.4720,0.8040,0.5070,0.5410,0.2880,0.0000,0.0000,1.1610,1.0000,3.1930,7.1220,5.7020,0.0000,0.0000,0.0000,71.5177,0.0000,4885.0000,2067.0000,0.0000,33.0000,57.0000,32.0000,21.0000
2.5480,0.6390,0.5210,0.4060,0.2740,0.0000,0.0000,1.3880,1.0000,3.1930,7.1220,5.7020,0.0000,0.0000,0.0000,71.5390,0.0000,4887.0000,2067.0000,0.0000,33.0000,58.0000,32.0000,21.0000
2.5250,0.7670,0.4970,0.4220,0.2730,0.0000,0.0000,1.2610,1.0000,3.1930,7.1220,5.7020,0.0000,0.0000,0.0000,71.5492,0.0000,4888.0000,2067.0000,0.0000,33.0000,58.0000,32.0000,21.0000
2.5510,0.7230,0.4770,0.4520,0.2280,0.0000,0.0000,1.3510,1.0000,3.1930,7.1220,5.7020,0.0000,0.0000,0.0000,71.5484,0.0000,4888.0000,2067.0000,0.0000,33.0000,57.0000,32.0000,22.0000
2.4960,0.7340,0.4630,0.4800,0.2500,0.0000,0.0000,1.2990,1.0000,3.1930,7.1220,5.7020,0.0000,0.0000,0.0000,71.5594,0.0000,4889.0000,2067.0000,0.0000,33.0000,58.0000,32.0000,21.0000
2.5710,0.7180,0.5420,0.4590,0.2980,0.0000,0.0000,1.3110,1.0000,3.1930,7.1220,5.7020,0.0000,0.0000,0.0000,71.5988,0.0000,4893.0000,2067.0000,0.0000,33.0000,57.0000,32.0000,21.0000
2.4050,0.8590,0.4610,0.4190,0.2560,0.0000,0.0000,1.0850,1.0000,3.1930,7.1220,5.7020,0.0000,0.0000,0.0000,71.6092,0.0000,4894.0000,2067.0000,0.0000,33.0000,57.0000,32.0000,21.0000
2.3720,0.7710,0.4700,0.5100,0.2260,0.0000,0.0000,1.1310,1.0000,3.1930,7.1220,5.7020,0.0000,0.0000,0.0000,71.6086,0.0000,4894.0000,2067.0000,0.0000,33.0000,56.0000,32.0000,21.0000
2.3030,0.7480,0.4160,0.5270,0.2060,0.0000,0.0000,1.1390,1.0000,3.1930,7.1220,5.7020,0.0000,0.0000,0.0000,71.6086,0.0000,4894.0000,2067.0000,0.0000,33.0000,56.0000,32.0000,23.0000
2.6090,0.6540,0.5210,0.4130,0.3070,0.0000,0.0000,1.4340,1.0000,3.1930,7.1220,5.7020,0.0000,0.0000,0.0000,71.6277,0.0000,4896.0000,2067.0000,0.0000,33.0000,54.0000,32.0000,24.0000
6.1050,0.8580,0.5440,0.5570,0.3210,0.0000,0.0000,4.7030,1.0000,3.1930,7.1220,5.7020,0.0000,0.0000,0.0000,71.6606,0.0000,4899.0000,2067.0000,0.0000,33.0000,57.0000,32.0000,24.0000
2.4680,4.2120,0.4560,0.5050,0.2240,0.0000,0.0000,0.0000,1.0000,3.1930,7.1220,5.7020,0.0000,0.0000,0.0000,71.6615,0.0000,4899.0000,2067.0000,0.0000,33.0000,58.0000,32.0000,24.0000
2.4280,0.7540,0.4890,0.4910,0.2700,0.0000,0.0000,1.1850,1.0000,3.1930,7.1220,5.7020,0.0000,0.0000,0.0000,71.6617,0.0000,4899.0000,2067.0000,0.0000,33.0000,58.0000,32.0000,23.0000
2.4760,0.7650,0.4890,0.4740,0.2570,0.0000,0.0000,1.2220,1.0000,3.1930,7.1220,5.7020,0.0000,0.0000,0.0000,71.6720,0.0000,4900.0000,2067.0000,0.0000,33.0000,58.0000,32.0000,23.0000
2.8330,0.7080,0.7090,0.4160,0.4440,0.0000,0.0000,1.4160,1.0000,3.1930,7.1220,5.7020,0.0000,0.0000,0.0000,71.6926,0.0000,4902.0000,2067.0000,0.0000,33.0000,58.0000,32.0000,23.0000
2.4470,0.8030,0.4570,0.4310,0.2260,0.0000,0.0000,1.1870,1.0000,3.1930,7.1220,5.7020,0.0000,0.0000,0.0000,71.6927,0.0000,4902.0000,2067.0000,0.0000,33.0000,58.0000,32.0000,23.0000
2.4250,0.7250,0.4970,0.4740,0.2350,0.0000,0.0000,1.2030,1.0000,3.1930,7.1220,5.7020,0.0000,0.0000,0.0000,71.6928,0.0000,4902.0000,2067.0000,0.0000,33.0000,58.0000,32.0000,23.0000
2.3020,0.7070,0.4330,0.4360,0.2150,0.0000,0.0000,1.1620,1.0000,3.1930,7.1220,5.7020,0.0000,0.0000,0.0000,71.6928,0.0000,4902.0000,2067.0000,0.0000,33.0000,58.0000,32.0000,23.0000
2.5760,0.6690,0.5690,0.4190,0.3080,0.0000,0.0000,1.3380,1.0000,3.1930,7.1220,5.7020,0.0000,0.0000,0.0000,71.7133,0.0000,4904.0000,2067.0000,0.0000,33.0000,58.0000,32.0000,22.0000
2.6360,0.7970,0.4980,0.4860,0.2660,0.0000,0.0000,1.3410,1.0000,3.1930,7.1220,5.7020,0.0000,0.0000,0.0000,71.7345,0.0000,4906.0000,2067.0000,0.0000,33.0000,59.0000,32.0000,22.0000
2.4440,0.9620,0.5250,0.6330,0.2710,0.0000,0.0000,0.9570,1.0000,3.1930,7.1220,5.7020,0.0000,0.0000,0.0000,71.7442,0.0000,4907.0000,2067.0000,0.0000,33.0000,58.0000,32.0000,22.0000
2.3630,0.7580,0.5090,0.4380,0.2770,0.0000,0.0000,1.0960,1.0000,3.1930,7.1220,5.7020,0.0000,0.0000,0.0000,71.7429,0.0000,4907.0000,2067.0000,0.0000,33.0000,56.0000,32.0000,22.0000
2.9910,0.6740,0.6530,0.4160,0.4020,0.0000,0.0000,1.6640,1.0000,3.1930,7.1220,5.7020,0.0000,0.0000,0.0000,71.7534,0.0000,4908.0000,2067.0000,0.0000,33.0000,56.0000,32.0000,22.0000
2.6150,0.9090,0.5020,0.4970,0.2720,0.0000,0.0000,1.2040,1.0000,3.1930,7.1220,5.7020,0.0000,0.0000,0.0000,71.7541,0.0000,4908.0000,2067.0000,0.0000,33.0000,57.0000,32.0000,22.0000
2.6740,0.8010,0.5460,0.5440,0.3330,0.0000,0.0000,1.3270,1.0000,3.1930,7.1220,5.7020,0.0000,0.0000,0.0000,71.7846,0.0000,4911.0000,2067.0000,0.0000,33.0000,57.0000,32.0000,22.0000
2.5800,0.8550,0.4870,0.4690,0.2290,0.0000,0.0000,1.2380,1.0000,3.1930,7.1220,5.7020,0.0000,0.0000,0.0000,71.7853,0.0000,4911.0000,2067.0000,0.0000,33.0000,58.0000,32.0000,22.0000
2.5260,0.8450,0.4220,0.5310,0.2080,0.0000,0.0000,1.2590,1.0000,1.5170,15.8070,14.9250,0.0000,0.0000,0.0000,71.7855,0.0000,4911.0000,2067.0000,0.0000,33.0000,58.0000,32.0000,22.0000
2.7140,0.7810,0.4990,0.5090,0.2570,0.0000,0.0000,1.4340,1.0000,1.5170,15.8070,14.9250,0.0000,0.0000,0.0000,71.7958,0.0000,4912.0000,2067.0000,0.0000,33.0000,58.0000,32.0000,22.0000
2.9190,0.8120,0.6800,0.5010,0.4120,0.0000,0.0000,1.4270,1.0000,1.5170,15.8070,14.9250,0.0000,0.0000,0.0000,71.4185,0.0000,4875.0000,2067.0000,0.0000,33.0000,58.0000,32.0000,22.0000
2.4590,0.9440,0.5110,0.4880,0.2830,0.0000,0.0000,1.0040,1.0000,1.5170,15.8070,14.9250,0.0000,0.0000,0.0000,71.4180,0.0000,4875.0000,2067.0000,0.0000,33.0000,58.0000,32.0000,22.0000
2.3940,0.7440,0.4410,0.5150,0.2110,0.0000,0.0000,1.2090,1.0000,1.5170,15.8070,14.9250,0.0000,0.0000,0.0000,71.4188,0.0000,4875.0000,2067.0000,0.0000,33.0000,59.0000,32.0000,23.0000
2.4910,0.6970,0.5270,0.4520,0.3030,0.0000,0.0000,1.2670,1.0000,1.5170,15.8070,14.9250,0.0000,0.0000,0.0000,71.4291,0.0000,4876.0000,2067.0000,0.0000,33.0000,59.0000,32.0000,23.0000
2.5510,0.7330,0.4790,0.4770,0.2580,0.0000,0.0000,1.3390,1.0000,1.5170,15.8070,14.9250,0.0000,0.0000,0.0000,71.4503,0.0000,4878.0000,2067.0000,0.0000,33.0000,60.0000,32.0000,22.0000
2.3830,0.7910,0.4820,0.4170,0.2800,0.0000,0.0000,1.1100,1.0000,1.5170,15.8070,14.9250,0.0000,0.0000,0.0000,71.4490,0.0000,4878.0000,2067.0000,0.0000,33.0000,58.0000,32.0000,22.0000
2.2610,0.7610,0.4790,0.4890,0.2300,0.0000,0.0000,1.0210,1.0000,1.5170,15.8070,14.9250,0.0000,0.0000,0.0000,71.4505,0.0000,4878.0000,2067.0000,0.0000,33.0000,60.0000,32.0000,22.0000
2.3040,0.6860,0.4360,0.4310,0.2090,0.0000,0.0000,1.1820,1.0000,1.5170,15.8070,14.9250,0.0000,0.0000,0.0000,71.4505,0.0000,4878.0000,2067.0000,0.0000,33.0000,60.0000,32.0000,22.0000
2.5980,0.6480,0.5360,0.4170,0.3250,0.0000,0.0000,1.4140,1.0000,1.5170,15.8070,14.9250,0.0000,0.0000,0.0000,71.4911,0.0000,4882.0000,2067.0000,0.0000,33.0000,60.0000,32.0000,22.0000
2.7460,0.8660,0.5290,0.4860,0.2980,0.0000,0.0000,1.3510,1.0000,1.5170,15.8070,14.9250,0.0000,0.0000,0.0000,71.5225,0.0000,4885.0000,2067.0000,0.0000,33.0000,61.0000,32.0000,22.0000
3.4840,0.8830,1.0580,0.4930,0.7960,0.0000,0.0000,1.5430,1.0000,1.5170,15.8070,14.9250,0.0000,0.0000,0.0000,71.5621,0.0000,4889.0000,2067.0000,0.0000,33.0000,62.0000,32.0000,22.0000
2.6890,0.9050,0.5950,0.4830,0.3370,0.0000,0.0000,1.1890,1.0000,1.5170,15.8070,14.9250,0.0000,0.0000,0.0000,71.5624,0.0000,4889.0000,2067.0000,0.0000,33.0000,62.0000,32.0000,21.0000
2.6060,0.7910,0.5100,0.5030,0.2700,0.0000,0.0000,1.3050,1.0000,1.5170,15.8070,14.9250,0.0000,0.0000,0.0000,71.5625,0.0000,4889.0000,2067.0000,0.0000,33.0000,62.0000,32.0000,20.0000
2.6120,0.6770,0.5310,0.4180,0.2590,0.0000,0.0000,1.4040,1.0000,1.5170,15.8070,14.9250,0.0000,0.0000,0.0000,71.5625,0.0000,4889.0000,2067.0000,0.0000,33.0000,62.0000,32.0000,21.0000
2.5730,0.7480,0.4490,0.5200,0.2210,0.0000,0.0000,1.3760,1.0000,1.5170,15.8070,14.9250,0.0000,0.0000,0.0000,71.5632,0.0000,4889.0000,2067.0000,0.0000,33.0000,63.0000,32.0000,21.0000
2.5180,0.7420,0.5210,0.4790,0.2670,0.0000,0.0000,1.2550,1.0000,1.5170,15.8070,14.9250,0.0000,0.0000,0.0000,71.5728,0.0000,4890.0000,2067.0000,0.0000,33.0000,62.0000,32.0000,21.0000
2.4090,0.7260,0.4920,0.4260,0.2740,0.0000,0.0000,1.1910,1.0000,1.5170,15.8070,14.9250,0.0000,0.0000,0.0000,71.5721,0.0000,4890.0000,2067.0000,0.0000,33.0000,61.0000,32.0000,20.0000
2.6260,0.6270,0.5250,0.4060,0.3110,0.0000,0.0000,1.4740,1.0000,1.5170,15.8070,14.9250,0.0000,0.0000,0.0000,71.5831,0.0000,4891.0000,2067.0000,0.0000,33.0000,62.0000,32.0000,20.0000
2.6010,0.7310,0.4990,0.4750,0.2950,0.0000,0.0000,1.3710,1.0000,1.5170,15.8070,14.9250,0.0000,0.0000,0.0000,71.6034,0.0000,4893.0000,2067.0000,0.0000,33.0000,62.0000,32.0000,20.0000
2.5380,0.7510,0.4840,0.4460,0.2660,0.0000,0.0000,1.3030,1.0000,1.5170,15.8070,14.9250,0.0000,0.0000,0.0000,71.6138,0.0000,4894.0000,2067.0000,0.0000,33.0000,62.0000,32.0000,20.0000
2.4630,0.7090,0.4490,0.4080,0.2400,0.0000,0.0000,1.3050,1.0000,1.5170,15.8070,14.9250,0.0000,0.0000,0.0000,71.6242,0.0000,4895.0000,2067.0000,0.0000,33.0000,62.0000,32.0000,20.0000
2.3530,0.6990,0.4500,0.4430,0.2290,0.0000,0.0000,1.2040,1.0000,1.5170,15.8070,14.9250,0.0000,0.0000,0.0000,71.6242,0.0000,4895.0000,2067.0000,0.0000,33.0000,62.0000,32.0000,20.0000
2.8180,0.6750,0.4650,0.4140,0.2520,0.0000,0.0000,1.6780,1.0000,1.5170,15.8070,14.9250,0.0000,0.0000,0.0000,71.6446,0.0000,4897.0000,2067.0000,0.0000,33.0000,62.0000,32.0000,20.0000
2.8030,0.8420,0.5490,0.5160,0.2750,0.0000,0.0000,1.4120,1.0000,1.5170,15.8070,14.9250,0.0000,0.0000,0.0000,71.6652,0.0000,4899.0000,2067.0000,0.0000,33.0000,62.0000,32.0000,20.0000
2.5550,0.7800,0.4830,0.4450,0.2300,0.0000,0.0000,1.2920,1.0000,1.5170,15.8070,14.9250,0.0000,0.0000,0.0000,71.6653,0.0000,4899.0000,2067.0000,0.0000,33.0000,62.0000,32.0000,19.0000
2.4870,0.7020,0.4250,0.4300,0.2120,0.0000,0.0000,1.3600,1.0000,1.5170,15.8070,14.9250,0.0000,0.0000,0.0000,71.6654,0.0000,4899.0000,2067.0000,0.0000,33.0000,62.0000,32.0000,20.0000
2.5270,0.7380,0.4450,0.5140,0.2270,0.0000,0.0000,1.3440,1.0000,1.5170,15.8070,14.9250,0.0000,0.0000,0.0000,71.6661,0.0000,4899.0000,2067.0000,0.0000,33.0000,63.0000,32.0000,20.0000
2.8550,0.6820,0.5590,0.4130,0.2920,0.0000,0.0000,1.6140,1.0000,1.5170,15.8070,14.9250,0.0000,0.0000,0.0000,71.6763,0.0000,4900.0000,2067.0000,0.0000,33.0000,63.0000,32.0000,20.0000
2.4820,0.8600,0.4320,0.5260,0.2120,0.0000,0.0000,1.1900,1.0000,1.5170,15.8070,14.9250,0.0000,0.0000,0.0000,71.6773,0.0000,4900.0000,2067.0000,0.0000,33.0000,64.0000,32.0000,20.0000
2.5670,0.7000,0.4740,0.4710,0.2240,0.0000,0.0000,1.3930,1.0000,1.5170,15.8070,14.9250,0.0000,0.0000,0.0000,71.6774,0.0000,4900.0000,2067.0000,0.0000,33.0000,64.0000,32.0000,19.0000
2.9370,0.7180,0.5340,0.5010,0.3200,0.0000,0.0000,1.6850,1.0000,1.5170,15.8070,14.9250,0.0000,0.0000,0.0000,71.6979,0.0000,4902.0000,2067.0000,0.0000,33.0000,64.0000,32.0000,19.0000
2.7610,0.8070,0.4800,0.4760,0.2590,0.0000,0.0000,1.4740,1.0000,1.5170,15.8070,14.9250,0.0000,0.0000,0.0000,71.7082,0.0000,4903.0000,2067.0000,0.0000,33.0000,64.0000,32.0000,19.0000
2.9500,0.7800,0.4930,0.5120,0.2600,0.0000,0.0000,1.6770,1.0000,1.5170,15.8070,14.9250,0.0000,0.0000,0.0000,71.7393,0.0000,4906.0000,2067.0000,0.0000,33.0000,64.0000,32.0000,19.0000
3.0120,0.8980,0.4600,0.5750,0.2420,0.0000,0.0000,1.6540,1.0000,1.5170,15.8070,14.9250,0.0000,0.0000,0.0000,71.7550,0.0000,4908.0000,2067.0000,0.0000,33.0000,64.0000,32.0000,22.0000
3.6190,1.1210,0.6880,0.7300,0.4390,0.0000,0.0000,1.8100,1.0000,1.5170,15.8070,14.9250,0.0000,0.0000,0.0000,71.8961,0.0000,4941.0000,2067.0000,0.0000,33.0000,64.0000,32.0000,23.0000
2.7330,1.2900,0.5080,0.4240,0.2930,0.0000,0.0000,0.9350,1.0000,1.5170,15.8070,14.9250,0.0000,0.0000,0.0000,71.8979,0.0000,4941.0000,2067.0000,0.0000,33.0000,66.0000,32.0000,23.0000
2.9210,0.7400,0.4950,0.4300,0.2770,0.0000,0.0000,1.6860,1.0000,1.5170,15.8070,14.9250,0.0000,0.0000,0.0000,71.9174,0.0000,4943.0000,2067.0000,0.0000,33.0000,65.0000,32.0000,23.0000
3.2820,0.8380,0.6440,0.4970,0.4020,0.0000,0.0000,1.8000,1.0000,1.5170,15.8070,14.9250,0.0000,0.0000,0.0000,71.5247,0.0000,4905.0000,2067.0000,0.0000,33.0000,63.0000,32.0000,23.0000
3.0000,0.8140,0.5170,0.4360,0.2940,0.0000,0.0000,1.6690,1.0000,1.5170,15.8070,14.9250,0.0000,0.0000,0.0000,71.5256,0.0000,4905.0000,2067.0000,0.0000,33.0000,64.0000,32.0000,22.0000
2.9200,0.8200,0.5530,0.5100,0.3190,0.0000,0.0000,1.5470,1.0000,1.5170,15.8070,14.9250,0.0000,0.0000,0.0000,71.5360,0.0000,4906.0000,2067.0000,0.0000,33.0000,64.0000,32.0000,22.0000
3.0880,0.7450,0.5760,0.4270,0.3420,0.0000,0.0000,1.7670,1.0000,1.5170,15.8070,14.9250,0.0000,0.0000,0.0000,71.5563,0.0000,4908.0000,2067.0000,0.0000,33.0000,64.0000,32.0000,22.0000
2.7300,0.7980,0.5560,0.4300,0.2960,0.0000,0.0000,1.3760,1.0000,1.5170,15.8070,14.9250,0.0000,0.0000,0.0000,71.5550,0.0000,4908.0000,2067.0000,0.0000,33.0000,62.0000,32.0000,22.0000
2.8460,0.7280,0.5500,0.4370,0.3290,0.0000,0.0000,1.5680,1.0000,1.5170,15.8070,14.9250,0.0000,0.0000,0.0000,71.5763,0.0000,4910.0000,2067.0000,0.0000,33.0000,63.0000,32.0000,22.0000
2.6400,0.8130,0.4560,0.4910,0.2160,0.0000,0.0000,1.3710,1.0000,1.5170,15.8070,14.9250,0.0000,0.0000,0.0000,71.5770,0.0000,4910.0000,2067.0000,0.0000,33.0000,64.0000,32.0000,22.0000
2.8320,0.7340,0.5260,0.4810,0.2710,0.0000,0.0000,1.5720,1.0000,1.5170,15.8070,14.9250,0.0000,0.0000,0.0000,71.5874,0.0000,4911.0000,2067.0000,0.0000,33.0000,64.0000,32.0000,22.0000
3.0090,0.7660,0.5580,0.4400,0.3390,0.0000,0.0000,1.6850,1.0000,1.5170,15.8070,14.9250,0.0000,0.0000,0.0000,71.6065,0.0000,4913.0000,2067.0000,0.0000,33.0000,62.0000,32.0000,23.0000
2.8830,0.8500,0.5710,0.4820,0.3410,0.0000,0.0000,1.4620,1.0000,1.5170,15.8070,14.9250,0.0000,0.0000,0.0000,71.6378,0.0000,4916.0000,2067.0000,0.0000,33.0000,63.0000,32.0000,23.0000
3.2810,0.8350,0.4850,0.4220,0.2650,0.0000,0.0000,1.9610,1.0000,1.5170,15.8070,14.9250,0.0000,0.0000,0.0000,71.6386,0.0000,4916.0000,2067.0000,0.0000,33.0000,64.0000,32.0000,23.0000
3.6880,0.9180,0.6800,0.6650,0.3720,0.0000,0.0000,2.0900,1.0000,1.5170,15.8070,14.9250,0.0000,0.0000,0.0000,71.6491,0.0000,4917.0000,2067.0000,0.0000,33.0000,64.0000,32.0000,23.0000
2.8030,0.9840,0.5440,0.6190,0.3070,0.0000,0.0000,1.2750,1.0000,1.5170,15.8070,14.9250,0.0000,0.0000,0.0000,71.6498,0.0000,4917.0000,2067.0000,0.0000,33.0000,65.0000,32.0000,23.0000
3.5110,0.7570,0.7160,0.4970,0.4890,0.0000,0.0000,2.0380,1.0000,1.5170,15.8070,14.9250,0.0000,0.0000,0.0000,71.7405,0.0000,4926.0000,2067.0000,0.0000,33.0000,64.0000,32.0000,22.0000
3.3500,1.1620,0.5830,0.4400,0.2950,0.0000,0.0000,1.6050,1.0000,1.5170,15.8070,14.9250,0.0000,0.0000,0.0000,71.7611,0.0000,4928.0000,2067.0000,0.0000,33.0000,64.0000,32.0000,23.0000
2.7180,0.9470,0.4680,0.5730,0.2250,0.0000,0.0000,1.3030,1.0000,1.5170,15.8070,14.9250,0.0000,0.0000,0.0000,71.7615,0.0000,4928.0000,2067.0000,0.0000,33.0000,64.0000,32.0000,23.0000
2.9000,0.7830,0.5490,0.5300,0.2900,0.0000,0.0000,1.5680,1.0000,1.5170,15.8070,14.9250,0.0000,0.0000,0.0000,71.7624,0.0000,4928.0000,2067.0000,0.0000,33.0000,65.0000,32.0000,23.0000
2.9820,0.7600,0.5710,0.4460,0.3000,0.0000,0.0000,1.6510,1.0000,1.5170,15.8070,14.9250,0.0000,0.0000,0.0000,71.7822,0.0000,4930.0000,2067.0000,0.0000,33.0000,64.0000,32.0000,23.0000
2.7230,0.8710,0.5290,0.4650,0.2590,0.0000,0.0000,1.3230,1.0000,1.5170,15.8070,14.9250,0.0000,0.0000,0.0000,71.7697,0.0000,4908.0000,2067.0000,0.0000,33.0000,64.0000,32.0000,23.0000
2.7640,0.7270,0.5030,0.4360,0.2820,0.0000,0.0000,1.5340,1.0000,1.5170,15.8070,14.9250,0.0000,0.0000,0.0000,71.7698,0.0000,4908.0000,2067.0000,0.0000,33.0000,64.0000,32.0000,23.0000
2.7480,0.7540,0.4950,0.5060,0.2590,0.0000,0.0000,1.4990,1.0000,1.5170,15.8070,14.9250,0.0000,0.0000,0.0000,71.7793,0.0000,4909.0000,2067.0000,0.0000,33.0000,63.0000,32.0000,23.0000
2.6980,0.7570,0.4350,0.4680,0.2040,0.0000,0.0000,1.5060,1.0000,1.5170,15.8070,14.9250,0.0000,0.0000,0.0000,71.7793,0.0000,4909.0000,2067.0000,0.0000,33.0000,63.0000,32.0000,23.0000
2.7710,0.6930,0.4770,0.4220,0.2210,0.0000,0.0000,1.6010,1.0000,1.5170,15.8070,14.9250,0.0000,0.0000,0.0000,71.7790,0.0000,4909.0000,2067.0000,0.0000,33.0000,62.0000,32.0000,24.0000
3.0120,0.7900,0.6120,0.5480,0.3540,0.0000,0.0000,1.6100,1.0000,1.5170,15.8070,14.9250,0.0000,0.0000,0.0000,71.7899,0.0000,4910.0000,2067.0000,0.0000,33.0000,63.0000,32.0000,24.0000
2.7830,0.8010,0.5440,0.4460,0.2640,0.0000,0.0000,1.4380,1.0000,1.5170,15.8070,14.9250,0.0000,0.0000,0.0000,71.7892,0.0000,4910.0000,2067.0000,0.0000,33.0000,62.0000,32.0000,24.0000
2.6610,0.7660,0.4390,0.4950,0.2130,0.0000,0.0000,1.4560,1.0000,1.5170,15.8070,14.9250,0.0000,0.0000,0.0000,71.7880,0.0000,4909.0000,2067.0000,0.0000,33.0000,62.0000,32.0000,24.0000
2.7490,0.7990,0.4950,0.5400,0.2710,0.0000,0.0000,1.4550,1.0000,1.5170,15.8070,14.9250,0.0000,0.0000,0.0000,71.7983,0.0000,4910.0000,2067.0000,0.0000,33.0000,62.0000,32.0000,24.0000
10.7940,0.7270,0.5310,0.4190,0.2830,0.0000,0.0000,9.5360,1.0000,1.5170,15.8070,14.9250,0.0000,0.0000,0.0000,71.8295,0.0000,4913.0000,2067.0000,0.0000,33.0000,63.0000,32.0000,24.0000
3.2220,0.8500,0.5630,0.4370,0.3430,0.0000,0.0000,1.8090,1.0000,1.5170,15.8070,14.9250,0.0000,0.0000,0.0000,71.8603,0.0000,4916.0000,2067.0000,0.0000,33.0000,63.0000,32.0000,24.0000
2.9160,1.1700,0.5440,0.4670,0.2750,0.0000,0.0000,1.2020,1.0000,1.5170,15.8070,14.9250,0.0000,0.0000,0.0000,71.8712,0.0000,4917.0000,2067.0000,0.0000,33.0000,64.0000,32.0000,24.0000
2.9830,0.9400,0.4960,0.5930,0.2830,0.0000,0.0000,1.5470,1.0000,1.5170,15.8070,14.9250,0.0000,0.0000,0.0000,71.4947,0.0000,4881.0000,2067.0000,0.0000,33.0000,63.0000,32.0000,24.0000
3.2600,0.7770,0.6000,0.4730,0.3380,0.0000,0.0000,1.8830,1.0000,1.5170,15.8070,14.9250,0.0000,0.0000,0.0000,71.5550,0.0000,4887.0000,2067.0000,0.0000,33.0000,62.0000,32.0000,24.0000
3.6300,1.0050,0.5600,0.4520,0.2800,0.0000,0.0000,2.0650,1.0000,1.5170,15.8070,14.9250,0.0000,0.0000,0.0000,71.5756,0.0000,4889.0000,2067.0000,0.0000,33.0000,62.0000,32.0000,24.0000
4.0070,1.1410,0.7000,0.6930,0.4250,0.0000,0.0000,2.1660,1.0000,1.5170,15.8070,14.9250,0.0000,0.0000,0.0000,71.5862,0.0000,4890.0000,2067.0000,0.0000,33.0000,62.0000,32.0000,22.0000
3.6380,1.0320,0.7040,0.6370,0.4290,0.0000,0.0000,1.9020,1.0000,1.5170,15.8070,14.9250,0.0000,0.0000,0.0000,71.5979,0.0000,4891.0000,2067.0000,0.0000,33.0000,62.0000,32.0000,22.0000
2.8260,1.0600,0.5090,0.6760,0.2600,0.0000,0.0000,1.2570,1.0000,1.5170,15.8070,14.9250,0.0000,0.0000,0.0000,71.6076,0.0000,4892.0000,2067.0000,0.0000,33.0000,61.0000,32.0000,22.0000
2.8700,0.8080,0.5150,0.5250,0.2610,0.0000,0.0000,1.5470,1.0000,1.5170,15.8070,14.9250,0.0000,0.0000,0.0000,71.6179,0.0000,4893.0000,2067.0000,0.0000,33.0000,61.0000,32.0000,22.0000
2.8090,0.7090,0.5460,0.4190,0.2860,0.0000,0.0000,1.5540,1.0000,1.5170,15.8070,14.9250,0.0000,0.0000,0.0000,71.6377,0.0000,4895.0000,2067.0000,0.0000,33.0000,60.0000,32.0000,23.0000
2.7340,0.8510,0.5410,0.4770,0.3070,0.0000,0.0000,1.3420,1.0000,1.5170,15.8070,14.9250,0.0000,0.0000,0.0000,71.6494,0.0000,4896.0000,2067.0000,0.0000,33.0000,62.0000,32.0000,23.0000
2.5190,0.7400,0.4340,0.4300,0.2150,0.0000,0.0000,1.3450,1.0000,1.5170,15.8070,14.9250,0.0000,0.0000,0.0000,71.6495,0.0000,4896.0000,2067.0000,0.0000,33.0000,62.0000,32.0000,23.0000
2.6680,0.7100,0.5230,0.4750,0.2680,0.0000,0.0000,1.4350,1.0000,1.5170,15.8070,14.9250,0.0000,0.0000,0.0000,71.6598,0.0000,4897.0000,2067.0000,0.0000,33.0000,62.0000,32.0000,23.0000
2.6270,0.7570,0.4820,0.4200,0.2630,0.0000,0.0000,1.3880,1.0000,1.5170,15.8070,14.9250,0.0000,0.0000,0.0000,71.6598,0.0000,4897.0000,2067.0000,0.0000,33.0000,62.0000,32.0000,23.0000
2.7200,0.7660,0.4470,0.4770,0.2130,0.0000,0.0000,1.5070,1.0000,1.5170,15.8070,14.9250,0.0000,0.0000,0.0000,71.6615,0.0000,4897.0000,2067.0000,0.0000,33.0000,64.0000,32.0000,24.0000
2.8680,0.7330,0.5280,0.4830,0.2710,0.0000,0.0000,1.6070,1.0000,1.5170,15.8070,14.9250,0.0000,0.0000,0.0000,71.6712,0.0000,4898.0000,2067.0000,0.0000,33.0000,63.0000,32.0000,24.0000
2.7720,0.7690,0.4930,0.4210,0.2370,0.0000,0.0000,1.5100,1.0000,1.5170,15.8070,14.9250,0.0000,0.0000,0.0000,71.6712,0.0000,4898.0000,2067.0000,0.0000,33.0000,63.0000,32.0000,24.0000
3.2020,0.7090,0.5440,0.4390,0.3280,0.0000,0.0000,1.9490,1.0000,1.5170,15.8070,14.9250,0.0000,0.0000,0.0000,71.7019,0.0000,4901.0000,2067.0000,0.0000,33.0000,63.0000,32.0000,23.0000
2.9600,0.8460,0.6120,0.4390,0.3330,0.0000,0.0000,1.5020,1.0000,1.5170,15.8070,14.9250,0.0000,0.0000,0.0000,71.7108,0.0000,4902.0000,2067.0000,0.0000,33.0000,61.0000,32.0000,23.0000
2.9060,0.7430,0.5690,0.4310,0.2980,0.0000,0.0000,1.5940,1.0000,1.5170,15.8070,14.9250,0.0000,0.0000,0.0000,71.7226,0.0000,4903.0000,2067.0000,0.0000,33.0000,63.0000,32.0000,22.0000
2.9480,0.7630,0.4740,0.4350,0.2680,0.0000,0.0000,1.7110,1.0000,1.5170,15.8070,14.9250,0.0000,0.0000,0.0000,71.7241,0.0000,4903.0000,2067.0000,0.0000,33.0000,65.0000,32.0000,22.0000
3.0800,0.8440,0.5730,0.5380,0.3340,0.0000,0.0000,1.6630,1.0000,1.5170,15.8070,14.9250,0.0000,0.0000,0.0000,71.7440,0.0000,4905.0000,2067.0000,0.0000,33.0000,64.0000,32.0000,23.0000
2.9890,0.9460,0.6170,0.5730,0.3800,0.0000,0.0000,1.4260,1.0000,1.5170,15.8070,14.9250,0.0000,0.0000,0.0000,71.7837,0.0000,4909.0000,2067.0000,0.0000,33.0000,63.0000,32.0000,23.0000
2.9650,0.8830,0.5730,0.4200,0.3410,0.0000,0.0000,1.5090,1.0000,1.5170,15.8070,14.9250,0.0000,0.0000,0.0000,71.8350,0.0000,4914.0000,2067.0000,0.0000,33.0000,63.0000,32.0000,23.0000
2.7970,0.9250,0.5410,0.4220,0.3180,0.0000,0.0000,1.3310,1.0000,1.5170,15.8070,14.9250,0.0000,0.0000,0.0000,71.8449,0.0000,4915.0000,2067.0000,0.0000,33.0000,62.0000,32.0000,23.0000
2.8600,0.7610,0.4850,0.4360,0.2640,0.0000,0.0000,1.6140,1.0000,1.5170,15.8070,14.9250,0.0000,0.0000,0.0000,71.8645,0.0000,4917.0000,2067.0000,0.0000,33.0000,60.0000,32.0000,23.0000
2.7570,0.8170,0.4490,0.4890,0.2390,0.0000,0.0000,1.4910,1.0000,1.5170,15.8070,14.9250,0.0000,0.0000,0.0000,71.8769,0.0000,4918.0000,2067.0000,0.0000,33.0000,63.0000,32.0000,23.0000
