frame_ms,scripts_physics_ms,scripts_process_ms,guard_ai_ms,guard_presentation_ms,render_cpu_ms,render_gpu_ms,other_ms,physics_ticks,process_max1s_ms,physics_max1s_ms,navigation_max1s_ms,draw_calls,objects,primitives,static_mem_mb,video_mem_mb,object_count,node_count,orphan_nodes,physics_active,collision_pairs,nav_agents,guards_moving
5.0960,0.4990,0.3440,0.2850,0.1420,0.0000,0.0000,4.2530,1.0000,0.0000,0.0000,0.0000,0.0000,0.0000,0.0000,70.2093,0.0000,4404.0000,1755.0000,0.0000,25.0000,41.0000,24.0000,16.0000
1.9430,0.5530,0.3860,0.3360,0.2050,0.0000,0.0000,1.0040,1.0000,0.0000,0.0000,0.0000,0.0000,0.0000,0.0000,70.2296,0.0000,4406.0000,1755.0000,0.0000,25.0000,41.0000,24.0000,16.0000
1.8800,0.5310,0.3570,0.2700,0.1680,0.0000,0.0000,0.9920,1.0000,0.0000,0.0000,0.0000,0.0000,0.0000,0.0000,70.2405,0.0000,4407.0000,1755.0000,0.0000,25.0000,42.0000,24.0000,17.0000
1.7470,0.5180,0.3470,0.2830,0.1480,0.0000,0.0000,0.8820,1.0000,0.0000,0.0000,0.0000,0.0000,0.0000,0.0000,70.2399,0.0000,4407.0000,1755.0000,0.0000,25.0000,41.0000,24.0000,17.0000
1.9450,0.5230,0.3600,0.2860,0.1790,0.0000,0.0000,1.0620,1.0000,0.0000,0.0000,0.0000,0.0000,0.0000,0.0000,70.2503,0.0000,4408.0000,1755.0000,0.0000,25.0000,41.0000,24.0000,16.0000
1.7310,0.5660,0.3200,0.3090,0.1420,0.0000,0.0000,0.8450,1.0000,0.0000,0.0000,0.0000,0.0000,0.0000,0.0000,70.2510,0.0000,4408.0000,1755.0000,0.0000,25.0000,42.0000,24.0000,16.0000
1.8720,0.5030,0.3540,0.3200,0.1800,0.0000,0.0000,1.0150,1.0000,0.0000,0.0000,0.0000,0.0000,0.0000,0.0000,70.2503,0.0000,4408.0000,1755.0000,0.0000,25.0000,41.0000,24.0000,16.0000
1.9200,0.4820,0.4180,0.2850,0.2030,0.0000,0.0000,1.0200,1.0000,0.0000,0.0000,0.0000,0.0000,0.0000,0.0000,70.2606,0.0000,4409.0000,1755.0000,0.0000,25.0000,41.0000,24.0000,16.0000
2.0480,0.5150,0.3570,0.2850,0.1790,0.0000,0.0000,1.1760,1.0000,0.0000,0.0000,0.0000,0.0000,0.0000,0.0000,70.2819,0.0000,4411.0000,1755.0000,0.0000,25.0000,42.0000,24.0000,17.0000
2.1830,0.6050,0.5090,0.3420,0.2730,0.0000,0.0000,1.0690,1.0000,0.0000,0.0000,0.0000,0.0000,0.0000,0.0000,70.3225,0.0000,4415.0000,1755.0000,0.0000,25.0000,42.0000,24.0000,16.0000
2.0050,0.6660,0.4190,0.3340,0.2420,0.0000,0.0000,0.9200,1.0000,0.0000,0.0000,0.0000,0.0000,0.0000,0.0000,70.3329,0.0000,4416.0000,1755.0000,0.0000,25.0000,42.0000,24.0000,16.0000
2.0320,0.5880,0.4030,0.3490,0.2190,0.0000,0.0000,1.0410,1.0000,0.0000,0.0000,0.0000,0.0000,0.0000,0.0000,70.3541,0.0000,4418.0000,1755.0000,0.0000,25.0000,43.0000,24.0000,16.0000
1.8320,0.5850,0.3570,0.3330,0.1770,0.0000,0.0000,0.8900,1.0000,0.0000,0.0000,0.0000,0.0000,0.0000,0.0000,70.3534,0.0000,4418.0000,1755.0000,0.0000,25.0000,42.0000,24.0000,16.0000
2.0170,0.4900,0.3570,0.2860,0.1470,0.0000,0.0000,1.1700,1.0000,0.0000,0.0000,0.0000,0.0000,0.0000,0.0000,70.3521,0.0000,4418.0000,1755.0000,0.0000,25.0000,40.0000,24.0000,16.0000
1.9210,0.5230,0.3370,0.3080,0.1540,0.0000,0.0000,1.0610,1.0000,0.0000,0.0000,0.0000,0.0000,0.0000,0.0000,70.3521,0.0000,4418.0000,1755.0000,0.0000,25.0000,40.0000,24.0000,16.0000
1.8410,0.5320,0.3600,0.3080,0.1480,0.0000,0.0000,0.9490,1.0000,0.0000,0.0000,0.0000,0.0000,0.0000,0.0000,70.3521,0.0000,4418.0000,1755.0000,0.0000,25.0000,40.0000,24.0000,16.0000
1.9820,0.4930,0.3870,0.3030,0.1970,0.0000,0.0000,1.1020,1.0000,0.0000,0.0000,0.0000,0.0000,0.0000,0.0000,70.3724,0.0000,4420.0000,1755.0000,0.0000,25.0000,40.0000,24.0000,16.0000
2.0170,0.5550,0.4240,0.3010,0.2310,0.0000,0.0000,1.0380,1.0000,0.0000,0.0000,0.0000,0.0000,0.0000,0.0000,70.3834,0.0000,4421.0000,1755.0000,0.0000,25.0000,41.0000,24.0000,16.0000
1.8240,0.5390,0.3430,0.3120,0.1480,0.0000,0.0000,0.9420,1.0000,0.0000,0.0000,0.0000,0.0000,0.0000,0.0000,70.3842,0.0000,4421.0000,1755.0000,0.0000,25.0000,42.0000,24.0000,16.0000
2.0060,0.4880,0.3680,0.2970,0.1890,0.0000,0.0000,1.1500,1.0000,0.0000,0.0000,0.0000,0.0000,0.0000,0.0000,70.3939,0.0000,4422.0000,1755.0000,0.0000,25.0000,41.0000,24.0000,16.0000
1.9360,0.5530,0.3650,0.2990,0.1840,0.0000,0.0000,1.0180,1.0000,0.0000,0.0000,0.0000,0.0000,0.0000,0.0000,70.4055,0.0000,4423.0000,1755.0000,0.0000,25.0000,43.0000,24.0000,16.0000
1.9210,0.5630,0.3480,0.2980,0.1720,0.0000,0.0000,1.0100,1.0000,0.0000,0.0000,0.0000,0.0000,0.0000,0.0000,70.4063,0.0000,4423.0000,1755.0000,0.0000,25.0000,44.0000,24.0000,16.0000
1.9330,0.5410,0.3490,0.3150,0.1740,0.0000,0.0000,1.0430,1.0000,0.0000,0.0000,0.0000,0.0000,0.0000,0.0000,70.4159,0.0000,4424.0000,1755.0000,0.0000,25.0000,43.0000,24.0000,16.0000
4.4310,0.5560,0.3620,0.3370,0.1450,0.0000,0.0000,3.5130,1.0000,0.0000,0.0000,0.0000,0.0000,0.0000,0.0000,70.4166,0.0000,4424.0000,1755.0000,0.0000,25.0000,44.0000,24.0000,16.0000
1.9540,0.5140,0.3800,0.3210,0.1920,0.0000,0.0000,1.0600,1.0000,0.0000,0.0000,0.0000,0.0000,0.0000,0.0000,69.9021,0.0000,4374.0000,1755.0000,0.0000,25.0000,44.0000,24.0000,16.0000
1.9490,0.4960,0.3740,0.3050,0.1580,0.0000,0.0000,1.0790,1.0000,0.0000,0.0000,0.0000,0.0000,0.0000,0.0000,69.9016,0.0000,4374.0000,1755.0000,0.0000,25.0000,44.0000,24.0000,16.0000
1.9440,0.4750,0.3230,0.3010,0.1400,0.0000,0.0000,1.1460,1.0000,0.0000,0.0000,0.0000,0.0000,0.0000,0.0000,69.9009,0.0000,4374.0000,1755.0000,0.0000,25.0000,43.0000,24.0000,16.0000
1.7440,0.5200,0.3230,0.3240,0.1410,0.0000,0.0000,0.9010,1.0000,0.0000,0.0000,0.0000,0.0000,0.0000,0.0000,69.9009,0.0000,4374.0000,1755.0000,0.0000,25.0000,43.0000,24.0000,16.0000
1.9600,0.5020,0.3350,0.2900,0.1500,0.0000,0.0000,1.1230,1.0000,0.0000,0.0000,0.0000,0.0000,0.0000,0.0000,69.9016,0.0000,4374.0000,1755.0000,0.0000,25.0000,44.0000,24.0000,15.0000
1.9010,0.5580,0.3240,0.3360,0.1440,0.0000,0.0000,1.0190,1.0000,0.0000,0.0000,0.0000,0.0000,0.0000,0.0000,69.9019,0.0000,4375.0000,1755.0000,0.0000,25.0000,44.0000,24.0000,15.0000
2.1000,0.5030,0.3730,0.3380,0.1740,0.0000,0.0000,1.2240,1.0000,0.0000,0.0000,0.0000,0.0000,0.0000,0.0000,69.9115,0.0000,4376.0000,1755.0000,0.0000,25.0000,43.0000,24.0000,15.0000
2.0050,0.6080,0.3430,0.3590,0.1450,0.0000,0.0000,1.0540,1.0000,0.0000,0.0000,0.0000,0.0000,0.0000,0.0000,69.9115,0.0000,4376.0000,1755.0000,0.0000,25.0000,43.0000,24.0000,15.0000
2.0120,0.5260,0.3520,0.3610,0.1730,0.0000,0.0000,1.1340,1.0000,0.0000,0.0000,0.0000,0.0000,0.0000,0.0000,69.9218,0.0000,4377.0000,1755.0000,0.0000,25.0000,43.0000,24.0000,15.0000
2.1210,0.5810,0.3490,0.3230,0.1670,0.0000,0.0000,1.1910,1.0000,0.0000,0.0000,0.0000,0.0000,0.0000,0.0000,69.9328,0.0000,4378.0000,1755.0000,0.0000,25.0000,44.0000,24.0000,15.0000
1.9360,0.5370,0.3220,0.3390,0.1480,0.0000,0.0000,1.0770,1.0000,0.0000,0.0000,0.0000,0.0000,0.0000,0.0000,69.9321,0.0000,4378.0000,1755.0000,0.0000,25.0000,43.0000,24.0000,15.0000
2.0090,0.4910,0.3450,0.3180,0.1710,0.0000,0.0000,1.1730,1.0000,0.0000,0.0000,0.0000,0.0000,0.0000,0.0000,69.9431,0.0000,4379.0000,1755.0000,0.0000,25.0000,44.0000,24.0000,15.0000
2.1170,0.5350,0.3600,0.3380,0.1880,0.0000,0.0000,1.2220,1.0000,3.9140,155.8210,2.8660,0.0000,0.0000,0.0000,69.9736,0.0000,4382.0000,1755.0000,0.0000,25.0000,44.0000,24.0000,15.0000
1.9200,0.5840,0.3310,0.2870,0.1550,0.0000,0.0000,1.0050,1.0000,3.9140,155.8210,2.8660,0.0000,0.0000,0.0000,69.9740,0.0000,4383.0000,1755.0000,0.0000,25.0000,44.0000,24.0000,15.0000
1.9160,0.4970,0.3160,0.3310,0.1380,0.0000,0.0000,1.1030,1.0000,3.9140,155.8210,2.8660,0.0000,0.0000,0.0000,69.9735,0.0000,4383.0000,1755.0000,0.0000,25.0000,43.0000,24.0000,15.0000
2.0400,0.4990,0.3650,0.3230,0.1720,0.0000,0.0000,1.1760,1.0000,3.9140,155.8210,2.8660,0.0000,0.0000,0.0000,69.9830,0.0000,4384.0000,1755.0000,0.0000,25.0000,42.0000,24.0000,15.0000
1.9150,0.5410,0.3300,0.3410,0.1390,0.0000,0.0000,1.0440,1.0000,3.9140,155.8210,2.8660,0.0000,0.0000,0.0000,69.9830,0.0000,4384.0000,1755.0000,0.0000,25.0000,42.0000,24.0000,15.0000
1.9590,0.5030,0.3170,0.3280,0.1400,0.0000,0.0000,1.1390,1.0000,3.9140,155.8210,2.8660,0.0000,0.0000,0.0000,69.9831,0.0000,4384.0000,1755.0000,0.0000,25.0000,42.0000,24.0000,15.0000
2.0670,0.5110,0.4070,0.3410,0.1800,0.0000,0.0000,1.1490,1.0000,3.9140,155.8210,2.8660,0.0000,0.0000,0.0000,69.9831,0.0000,4384.0000,1755.0000,0.0000,25.0000,42.0000,24.0000,15.0000
2.1270,0.5740,0.3820,0.3390,0.2000,0.0000,0.0000,1.1710,1.0000,3.9140,155.8210,2.8660,0.0000,0.0000,0.0000,70.0036,0.0000,4386.0000,1755.0000,0.0000,25.0000,42.0000,24.0000,15.0000
2.3430,0.5620,0.4040,0.3290,0.1890,0.0000,0.0000,1.3770,1.0000,3.9140,155.8210,2.8660,0.0000,0.0000,0.0000,70.0041,0.0000,4386.0000,1755.0000,0.0000,25.0000,42.0000,24.0000,16.0000
2.2680,0.6790,0.4000,0.4410,0.2000,0.0000,0.0000,1.1890,1.0000,3.9140,155.8210,2.8660,0.0000,0.0000,0.0000,70.0145,0.0000,4387.0000,1755.0000,0.0000,25.0000,42.0000,24.0000,16.0000
2.0490,0.5710,0.3870,0.3330,0.1580,0.0000,0.0000,1.0910,1.0000,3.9140,155.8210,2.8660,0.0000,0.0000,0.0000,70.0145,0.0000,4387.0000,1755.0000,0.0000,25.0000,42.0000,24.0000,16.0000
1.9230,0.5110,0.3860,0.3290,0.1550,0.0000,0.0000,1.0260,1.0000,3.9140,155.8210,2.8660,0.0000,0.0000,0.0000,70.0146,0.0000,4387.0000,1755.0000,0.0000,25.0000,42.0000,24.0000,15.0000
1.9670,0.4850,0.3820,0.3180,0.1910,0.0000,0.0000,1.1000,1.0000,3.9140,155.8210,2.8660,0.0000,0.0000,0.0000,70.0146,0.0000,4387.0000,1755.0000,0.0000,25.0000,42.0000,24.0000,15.0000
2.0400,0.4930,0.3500,0.3110,0.1770,0.0000,0.0000,1.1970,1.0000,3.9140,155.8210,2.8660,0.0000,0.0000,0.0000,70.0146,0.0000,4387.0000,1755.0000,0.0000,25.0000,42.0000,24.0000,16.0000
1.9080,0.5570,0.3860,0.3530,0.1920,0.0000,0.0000,0.9650,1.0000,3.9140,155.8210,2.8660,0.0000,0.0000,0.0000,70.0153,0.0000,4387.0000,1755.0000,0.0000,25.0000,43.0000,24.0000,16.0000
1.9850,0.4940,0.3900,0.3090,0.1990,0.0000,0.0000,1.1010,1.0000,3.9140,155.8210,2.8660,0.0000,0.0000,0.0000,70.0160,0.0000,4387.0000,1755.0000,0.0000,25.0000,44.0000,24.0000,16.0000
2.1290,0.4970,0.4250,0.2970,0.2040,0.0000,0.0000,1.2070,1.0000,3.9140,155.8210,2.8660,0.0000,0.0000,0.0000,70.0256,0.0000,4388.0000,1755.0000,0.0000,25.0000,43.0000,24.0000,16.0000
2.2060,0.5610,0.4250,0.3320,0.2270,0.0000,0.0000,1.2200,1.0000,3.9140,155.8210,2.8660,0.0000,0.0000,0.0000,70.0365,0.0000,4389.0000,1755.0000,0.0000,25.0000,44.0000,24.0000,16.0000
2.0840,0.7150,0.4000,0.4150,0.1890,0.0000,0.0000,0.9690,1.0000,3.9140,155.8210,2.8660,0.0000,0.0000,0.0000,70.0671,0.0000,4392.0000,1755.0000,0.0000,25.0000,44.0000,24.0000,17.0000
1.9730,0.6290,0.3580,0.3160,0.1830,0.0000,0.0000,0.9860,1.0000,3.9140,155.8210,2.8660,0.0000,0.0000,0.0000,70.0887,0.0000,4394.0000,1755.0000,0.0000,25.0000,45.0000,24.0000,17.0000
1.8610,0.5720,0.3260,0.3410,0.1420,0.0000,0.0000,0.9630,1.0000,3.9140,155.8210,2.8660,0.0000,0.0000,0.0000,70.0889,0.0000,4394.0000,1755.0000,0.0000,25.0000,45.0000,24.0000,17.0000
1.9660,0.5230,0.3550,0.3510,0.1470,0.0000,0.0000,1.0880,1.0000,3.9140,155.8210,2.8660,0.0000,0.0000,0.0000,70.0890,0.0000,4394.0000,1755.0000,0.0000,25.0000,45.0000,24.0000,17.0000
1.7770,0.5200,0.3760,0.3500,0.1670,0.0000,0.0000,0.8810,1.0000,3.9140,155.8210,2.8660,0.0000,0.0000,0.0000,70.0890,0.0000,4394.0000,1755.0000,0.0000,25.0000,45.0000,24.0000,17.0000
1.8920,0.5540,0.3970,0.3810,0.2250,0.0000,0.0000,0.9410,1.0000,3.9140,155.8210,2.8660,0.0000,0.0000,0.0000,70.1196,0.0000,4397.0000,1755.0000,0.0000,25.0000,45.0000,24.0000,17.0000
1.9420,0.5890,0.3850,0.2960,0.1590,0.0000,0.0000,0.9680,1.0000,3.9140,155.8210,2.8660,0.0000,0.0000,0.0000,70.1231,0.0000,4398.0000,1755.0000,0.0000,25.0000,45.0000,24.0000,17.0000
1.9670,0.5570,0.3180,0.3690,0.1440,0.0000,0.0000,1.0920,1.0000,3.9140,155.8210,2.8660,0.0000,0.0000,0.0000,70.1222,0.0000,4398.0000,1755.0000,0.0000,25.0000,45.0000,24.0000,16.0000
2.3080,0.5960,0.7540,0.3930,0.5450,0.0000,0.0000,0.9580,1.0000,3.9140,155.8210,2.8660,0.0000,0.0000,0.0000,70.1545,0.0000,4405.0000,1755.0000,0.0000,25.0000,45.0000,24.0000,16.0000
1.7630,0.6370,0.3650,0.3600,0.1870,0.0000,0.0000,0.7610,1.0000,3.9140,155.8210,2.8660,0.0000,0.0000,0.0000,70.1552,0.0000,4405.0000,1755.0000,0.0000,25.0000,46.0000,24.0000,16.0000
1.9250,0.4860,0.4120,0.2910,0.1820,0.0000,0.0000,1.0270,1.0000,3.9140,155.8210,2.8660,0.0000,0.0000,0.0000,70.1656,0.0000,4406.0000,1755.0000,0.0000,25.0000,46.0000,24.0000,17.0000
1.7860,0.5780,0.3360,0.3540,0.1490,0.0000,0.0000,0.8720,1.0000,3.9140,155.8210,2.8660,0.0000,0.0000,0.0000,70.1656,0.0000,4406.0000,1755.0000,0.0000,25.0000,46.0000,24.0000,17.0000
2.0030,0.5120,0.4110,0.3180,0.2200,0.0000,0.0000,1.0800,1.0000,3.9140,155.8210,2.8660,0.0000,0.0000,0.0000,70.2062,0.0000,4410.0000,1755.0000,0.0000,25.0000,46.0000,24.0000,16.0000
1.7680,0.6130,0.3190,0.2980,0.1500,0.0000,0.0000,0.8360,1.0000,3.9140,155.8210,2.8660,0.0000,0.0000,0.0000,70.2056,0.0000,4410.0000,1755.0000,0.0000,25.0000,45.0000,24.0000,16.0000
1.7690,0.5230,0.3260,0.2920,0.1440,0.0000,0.0000,0.9200,1.0000,3.9140,155.8210,2.8660,0.0000,0.0000,0.0000,70.2051,0.0000,4410.0000,1755.0000,0.0000,25.0000,44.0000,24.0000,16.0000
1.8540,0.5680,0.3870,0.3350,0.2100,0.0000,0.0000,0.8990,1.0000,3.9140,155.8210,2.8660,0.0000,0.0000,0.0000,70.2154,0.0000,4411.0000,1755.0000,0.0000,25.0000,44.0000,24.0000,16.0000
1.8230,0.5520,0.3460,0.3340,0.1720,0.0000,0.0000,0.9250,1.0000,3.9140,155.8210,2.8660,0.0000,0.0000,0.0000,70.2263,0.0000,4412.0000,1755.0000,0.0000,25.0000,45.0000,24.0000,17.0000
1.7140,0.5760,0.3340,0.3520,0.1440,0.0000,0.0000,0.8040,1.0000,3.9140,155.8210,2.8660,0.0000,0.0000,0.0000,70.2268,0.0000,4412.0000,1755.0000,0.0000,25.0000,46.0000,24.0000,17.0000
1.7490,0.4870,0.3100,0.2940,0.1400,0.0000,0.0000,0.9520,1.0000,3.9140,155.8210,2.8660,0.0000,0.0000,0.0000,69.8967,0.0000,4380.0000,1755.0000,0.0000,25.0000,45.0000,24.0000,17.0000
1.8340,0.4910,0.3860,0.3170,0.1780,0.0000,0.0000,0.9570,1.0000,3.9140,155.8210,2.8660,0.0000,0.0000,0.0000,69.9076,0.0000,4381.0000,1755.0000,0.0000,25.0000,46.0000,24.0000,17.0000
1.6950,0.5310,0.3620,0.3140,0.1870,0.0000,0.0000,0.8020,1.0000,3.9140,155.8210,2.8660,0.0000,0.0000,0.0000,69.9069,0.0000,4381.0000,1755.0000,0.0000,25.0000,45.0000,24.0000,17.0000
1.8140,0.4560,0.4070,0.2710,0.2250,0.0000,0.0000,0.9510,1.0000,3.9140,155.8210,2.8660,0.0000,0.0000,0.0000,69.9158,0.0000,4382.0000,1755.0000,0.0000,25.0000,43.0000,24.0000,17.0000
1.8080,0.4880,0.3680,0.2820,0.1970,0.0000,0.0000,0.9520,1.0000,3.9140,155.8210,2.8660,0.0000,0.0000,0.0000,69.9374,0.0000,4384.0000,1755.0000,0.0000,25.0000,45.0000,24.0000,17.0000
1.8800,0.5450,0.3470,0.2720,0.1720,0.0000,0.0000,0.9880,1.0000,3.9140,155.8210,2.8660,0.0000,0.0000,0.0000,69.9491,0.0000,4385.0000,1755.0000,0.0000,25.0000,47.0000,24.0000,18.0000
1.7790,0.5790,0.3950,0.3240,0.1810,0.0000,0.0000,0.8050,1.0000,3.9140,155.8210,2.8660,0.0000,0.0000,0.0000,69.9588,0.0000,4386.0000,1755.0000,0.0000,25.0000,46.0000,24.0000,18.0000
1.8150,0.5180,0.3880,0.3170,0.2110,0.0000,0.0000,0.9090,1.0000,3.9140,155.8210,2.8660,0.0000,0.0000,0.0000,69.9684,0.0000,4387.0000,1755.0000,0.0000,25.0000,45.0000,24.0000,18.0000
1.7730,0.5410,0.3100,0.3290,0.1390,0.0000,0.0000,0.9220,1.0000,3.9140,155.8210,2.8660,0.0000,0.0000,0.0000,69.9677,0.0000,4387.0000,1755.0000,0.0000,25.0000,44.0000,24.0000,18.0000
1.8030,0.4580,0.3260,0.2870,0.1400,0.0000,0.0000,1.0190,1.0000,3.9140,155.8210,2.8660,0.0000,0.0000,0.0000,69.9671,0.0000,4387.0000,1755.0000,0.0000,25.0000,43.0000,24.0000,18.0000
1.8870,0.4820,0.3540,0.2710,0.1800,0.0000,0.0000,1.0510,1.0000,3.9140,155.8210,2.8660,0.0000,0.0000,0.0000,69.9883,0.0000,4389.0000,1755.0000,0.0000,25.0000,44.0000,24.0000,18.0000
2.0090,0.5500,0.3860,0.2740,0.1810,0.0000,0.0000,1.0730,1.0000,3.9140,155.8210,2.8660,0.0000,0.0000,0.0000,70.0056,0.0000,4387.0000,1755.0000,0.0000,25.0000,43.0000,24.0000,18.0000
2.0130,0.5570,0.3580,0.3270,0.1800,0.0000,0.0000,1.0980,1.0000,3.9140,155.8210,2.8660,0.0000,0.0000,0.0000,70.0256,0.0000,4389.0000,1755.0000,0.0000,25.0000,42.0000,24.0000,18.0000
1.8660,0.5720,0.3100,0.3200,0.1360,0.0000,0.0000,0.9840,1.0000,3.9140,155.8210,2.8660,0.0000,0.0000,0.0000,70.0258,0.0000,4389.0000,1755.0000,0.0000,25.0000,42.0000,24.0000,18.0000
1.8150,0.4900,0.3510,0.3230,0.1420,0.0000,0.0000,0.9740,1.0000,3.9140,155.8210,2.8660,0.0000,0.0000,0.0000,70.0259,0.0000,4389.0000,1755.0000,0.0000,25.0000,42.0000,24.0000,18.0000
1.9660,0.4440,0.4080,0.2710,0.2300,0.0000,0.0000,1.1140,1.0000,3.9140,155.8210,2.8660,0.0000,0.0000,0.0000,70.0571,0.0000,4392.0000,1755.0000,0.0000,25.0000,43.0000,24.0000,17.0000
1.8710,0.5600,0.3900,0.2800,0.1770,0.0000,0.0000,0.9210,1.0000,3.9140,155.8210,2.8660,0.0000,0.0000,0.0000,70.0572,0.0000,4392.0000,1755.0000,0.0000,25.0000,43.0000,24.0000,17.0000
1.8570,0.4560,0.3460,0.2680,0.1690,0.0000,0.0000,1.0550,1.0000,3.9140,155.8210,2.8660,0.0000,0.0000,0.0000,70.0676,0.0000,4393.0000,1755.0000,0.0000,25.0000,43.0000,24.0000,17.0000
1.7800,0.4920,0.3730,0.2860,0.1850,0.0000,0.0000,0.9150,1.0000,3.9140,155.8210,2.8660,0.0000,0.0000,0.0000,70.0663,0.0000,4392.0000,1755.0000,0.0000,25.0000,43.0000,24.0000,17.0000
1.8710,0.4620,0.3560,0.2820,0.1830,0.0000,0.0000,1.0530,1.0000,3.9140,155.8210,2.8660,0.0000,0.0000,0.0000,70.0767,0.0000,4393.0000,1755.0000,0.0000,25.0000,43.0000,24.0000,17.0000
1.8760,0.5160,0.3480,0.2720,0.1490,0.0000,0.0000,1.0120,1.0000,3.9140,155.8210,2.8660,0.0000,0.0000,0.0000,70.0767,0.0000,4393.0000,1755.0000,0.0000,25.0000,43.0000,24.0000,17.0000
1.8370,0.5400,0.3570,0.3150,0.1570,0.0000,0.0000,0.9400,1.0000,3.9140,155.8210,2.8660,0.0000,0.0000,0.0000,70.0767,0.0000,4393.0000,1755.0000,0.0000,25.0000,43.0000,24.0000,17.0000
1.9670,0.4880,0.3900,0.3210,0.2170,0.0000,0.0000,1.0890,1.0000,3.9140,155.8210,2.8660,0.0000,0.0000,0.0000,70.0977,0.0000,4395.0000,1755.0000,0.0000,25.0000,44.0000,24.0000,17.0000
1.9420,0.6000,0.4160,0.3550,0.2230,0.0000,0.0000,0.9260,1.0000,3.9140,155.8210,2.8660,0.0000,0.0000,0.0000,70.1189,0.0000,4397.0000,1755.0000,0.0000,25.0000,46.0000,24.0000,17.0000
2.0200,0.5140,0.3930,0.2680,0.2200,0.0000,0.0000,1.1130,1.0000,3.9140,155.8210,2.8660,0.0000,0.0000,0.0000,70.1489,0.0000,4400.0000,1755.0000,0.0000,25.0000,45.0000,24.0000,17.0000
1.8120,0.6060,0.3580,0.3260,0.1780,0.0000,0.0000,0.8480,1.0000,3.9140,155.8210,2.8660,0.0000,0.0000,0.0000,70.1491,0.0000,4400.0000,1755.0000,0.0000,25.0000,45.0000,24.0000,17.0000
1.8370,0.4570,0.3150,0.2700,0.1390,0.0000,0.0000,1.0650,1.0000,3.9140,155.8210,2.8660,0.0000,0.0000,0.0000,70.1492,0.0000,4400.0000,1755.0000,0.0000,25.0000,45.0000,24.0000,17.0000
1.8570,0.4620,0.3580,0.2850,0.1720,0.0000,0.0000,1.0370,1.0000,3.9140,155.8210,2.8660,0.0000,0.0000,0.0000,70.1588,0.0000,4401.0000,1755.0000,0.0000,25.0000,44.0000,24.0000,17.0000
1.7750,0.5370,0.3280,0.2790,0.1520,0.0000,0.0000,0.9100,1.0000,3.9140,155.8210,2.8660,0.0000,0.0000,0.0000,70.1588,0.0000,4401.0000,1755.0000,0.0000,25.0000,44.0000,24.0000,17.0000
1.8450,0.4920,0.3760,0.3200,0.1700,0.0000,0.0000,0.9770,1.0000,3.9140,155.8210,2.8660,0.0000,0.0000,0.0000,70.1691,0.0000,4402.0000,1755.0000,0.0000,25.0000,44.0000,24.0000,17.0000
1.9370,0.5250,0.3740,0.3190,0.2010,0.0000,0.0000,1.0380,1.0000,3.9140,155.8210,2.8660,0.0000,0.0000,0.0000,70.1795,0.0000,4403.0000,1755.0000,0.0000,25.0000,44.0000,24.0000,17.0000
1.7920,0.5710,0.3450,0.3590,0.1730,0.0000,0.0000,0.8760,1.0000,3.9140,155.8210,2.8660,0.0000,0.0000,0.0000,70.1796,0.0000,4403.0000,1755.0000,0.0000,25.0000,44.0000,24.0000,17.0000
1.7980,0.4540,0.3140,0.2680,0.1370,0.0000,0.0000,1.0300,1.0000,3.9140,155.8210,2.8660,0.0000,0.0000,0.0000,70.1796,0.0000,4403.0000,1755.0000,0.0000,25.0000,44.0000,24.0000,17.0000
1.8960,0.4650,0.3580,0.2890,0.1710,0.0000,0.0000,1.0730,1.0000,3.9140,155.8210,2.8660,0.0000,0.0000,0.0000,70.1899,0.0000,4404.0000,1755.0000,0.0000,25.0000,44.0000,24.0000,18.0000
1.7980,0.4960,0.3320,0.2830,0.1580,0.0000,0.0000,0.9700,1.0000,3.9140,155.8210,2.8660,0.0000,0.0000,0.0000,70.1899,0.0000,4404.0000,1755.0000,0.0000,25.0000,44.0000,24.0000,18.0000
1.8580,0.4920,0.3190,0.2740,0.1410,0.0000,0.0000,1.0470,1.0000,3.9140,155.8210,2.8660,0.0000,0.0000,0.0000,70.1900,0.0000,4404.0000,1755.0000,0.0000,25.0000,44.0000,24.0000,18.0000
1.8690,0.5980,0.3500,0.3120,0.1470,0.0000,0.0000,0.9210,1.0000,3.9140,155.8210,2.8660,0.0000,0.0000,0.0000,70.1900,0.0000,4404.0000,1755.0000,0.0000,25.0000,44.0000,24.0000,18.0000
2.2290,0.5080,0.3900,0.3320,0.2180,0.0000,0.0000,1.3310,1.0000,3.9140,155.8210,2.8660,0.0000,0.0000,0.0000,70.2103,0.0000,4406.0000,1755.0000,0.0000,25.0000,44.0000,24.0000,18.0000
2.1120,0.6060,0.4140,0.3540,0.1900,0.0000,0.0000,1.0920,1.0000,3.9140,155.8210,2.8660,0.0000,0.0000,0.0000,70.2416,0.0000,4409.0000,1755.0000,0.0000,25.0000,45.0000,24.0000,18.0000
2.0190,0.6080,0.3510,0.2770,0.1710,0.0000,0.0000,1.0600,1.0000,3.9140,155.8210,2.8660,0.0000,0.0000,0.0000,70.2623,0.0000,4411.0000,1755.0000,0.0000,25.0000,45.0000,24.0000,17.0000
1.8960,0.5560,0.3510,0.2750,0.1730,0.0000,0.0000,0.9890,1.0000,3.9140,155.8210,2.8660,0.0000,0.0000,0.0000,70.2734,0.0000,4412.0000,1755.0000,0.0000,25.0000,46.0000,24.0000,17.0000
1.8970,0.5350,0.3540,0.3280,0.1710,0.0000,0.0000,1.0080,1.0000,3.9140,155.8210,2.8660,0.0000,0.0000,0.0000,70.2838,0.0000,4413.0000,1755.0000,0.0000,25.0000,46.0000,24.0000,16.0000
1.7930,0.5250,0.3810,0.3020,0.1600,0.0000,0.0000,0.8870,1.0000,3.9140,155.8210,2.8660,0.0000,0.0000,0.0000,70.2845,0.0000,4413.0000,1755.0000,0.0000,25.0000,47.0000,24.0000,15.0000
1.7970,0.5010,0.3850,0.3240,0.1940,0.0000,0.0000,0.9110,1.0000,3.9140,155.8210,2.8660,0.0000,0.0000,0.0000,70.2846,0.0000,4413.0000,1755.0000,0.0000,25.0000,47.0000,24.0000,16.0000
1.7600,0.5170,0.3360,0.3270,0.1610,0.0000,0.0000,0.9070,1.0000,3.9140,155.8210,2.8660,0.0000,0.0000,0.0000,70.2840,0.0000,4413.0000,1755.0000,0.0000,25.0000,46.0000,24.0000,16.0000
1.8970,0.4680,0.3290,0.2850,0.1580,0.0000,0.0000,1.1000,1.0000,3.9140,155.8210,2.8660,0.0000,0.0000,0.0000,70.2840,0.0000,4413.0000,1755.0000,0.0000,25.0000,46.0000,24.0000,16.0000
1.8080,0.5150,0.3640,0.2940,0.1870,0.0000,0.0000,0.9290,1.0000,3.9140,155.8210,2.8660,0.0000,0.0000,0.0000,70.2950,0.0000,4414.0000,1755.0000,0.0000,25.0000,47.0000,24.0000,16.0000
2.0010,0.5200,0.4190,0.2650,0.2070,0.0000,0.0000,1.0620,1.0000,3.9140,155.8210,2.8660,0.0000,0.0000,0.0000,70.3358,0.0000,4418.0000,1755.0000,0.0000,25.0000,47.0000,24.0000,16.0000
1.8450,0.6190,0.3500,0.2690,0.1430,0.0000,0.0000,0.8760,1.0000,3.9140,155.8210,2.8660,0.0000,0.0000,0.0000,70.3345,0.0000,4418.0000,1755.0000,0.0000,25.0000,45.0000,24.0000,16.0000
4.0610,0.5110,0.3470,0.3280,0.1740,0.0000,0.0000,3.2030,1.0000,3.9140,155.8210,2.8660,0.0000,0.0000,0.0000,70.3354,0.0000,4418.0000,1755.0000,0.0000,25.0000,46.0000,24.0000,16.0000
2.0040,0.4760,0.3780,0.2790,0.1700,0.0000,0.0000,1.1500,1.0000,3.9140,155.8210,2.8660,0.0000,0.0000,0.0000,69.8945,0.0000,4375.0000,1755.0000,0.0000,25.0000,46.0000,24.0000,16.0000
1.8470,0.5390,0.3450,0.3210,0.1370,0.0000,0.0000,0.9630,1.0000,3.9140,155.8210,2.8660,0.0000,0.0000,0.0000,69.8934,0.0000,4375.0000,1755.0000,0.0000,25.0000,45.0000,24.0000,16.0000
1.7770,0.4350,0.3560,0.2690,0.1820,0.0000,0.0000,0.9860,1.0000,3.9140,155.8210,2.8660,0.0000,0.0000,0.0000,69.8928,0.0000,4375.0000,1755.0000,0.0000,25.0000,44.0000,24.0000,16.0000
1.8020,0.4560,0.3610,0.2710,0.1840,0.0000,0.0000,0.9850,1.0000,3.9140,155.8210,2.8660,0.0000,0.0000,0.0000,69.8934,0.0000,4375.0000,1755.0000,0.0000,25.0000,45.0000,24.0000,16.0000
1.7160,0.4520,0.3240,0.2830,0.1430,0.0000,0.0000,0.9400,1.0000,3.9140,155.8210,2.8660,0.0000,0.0000,0.0000,69.8941,0.0000,4375.0000,1755.0000,0.0000,25.0000,46.0000,24.0000,16.0000
2.1780,0.4960,0.5790,0.2740,0.4070,0.0000,0.0000,1.1030,1.0000,3.9140,155.8210,2.8660,0.0000,0.0000,0.0000,69.9119,0.0000,4377.0000,1755.0000,0.0000,25.0000,45.0000,24.0000,16.0000
1.8010,0.5030,0.3630,0.2820,0.1870,0.0000,0.0000,0.9350,1.0000,3.9140,155.8210,2.8660,0.0000,0.0000,0.0000,69.9229,0.0000,4378.0000,1755.0000,0.0000,25.0000,46.0000,24.0000,15.0000
1.8820,0.5160,0.3490,0.2720,0.1700,0.0000,0.0000,1.0170,1.0000,3.9140,155.8210,2.8660,0.0000,0.0000,0.0000,69.9230,0.0000,4378.0000,1755.0000,0.0000,25.0000,46.0000,24.0000,15.0000
2.0180,0.5210,0.4000,0.3040,0.1760,0.0000,0.0000,1.0970,1.0000,3.9140,155.8210,2.8660,0.0000,0.0000,0.0000,69.9333,0.0000,4379.0000,1755.0000,0.0000,25.0000,46.0000,24.0000,15.0000
1.8960,0.5250,0.3760,0.3230,0.1710,0.0000,0.0000,0.9950,1.0000,3.9140,155.8210,2.8660,0.0000,0.0000,0.0000,69.9429,0.0000,4380.0000,1755.0000,0.0000,25.0000,45.0000,24.0000,15.0000
1.7840,0.5610,0.3550,0.3080,0.1810,0.0000,0.0000,0.8680,1.0000,3.9140,155.8210,2.8660,0.0000,0.0000,0.0000,69.9429,0.0000,4380.0000,1755.0000,0.0000,25.0000,45.0000,24.0000,14.0000
2.1610,0.4710,0.3730,0.2880,0.2030,0.0000,0.0000,1.3170,1.0000,3.9140,155.8210,2.8660,0.0000,0.0000,0.0000,69.9628,0.0000,4382.0000,1755.0000,0.0000,25.0000,44.0000,24.0000,13.0000
1.8450,0.6060,0.3590,0.3500,0.1860,0.0000,0.0000,0.8800,1.0000,3.9140,155.8210,2.8660,0.0000,0.0000,0.0000,69.9628,0.0000,4382.0000,1755.0000,0.0000,25.0000,44.0000,24.0000,13.0000
2.0110,0.4660,0.3410,0.2760,0.1770,0.0000,0.0000,1.2040,1.0000,3.9140,155.8210,2.8660,0.0000,0.0000,0.0000,69.9934,0.0000,4385.0000,1755.0000,0.0000,25.0000,44.0000,24.0000,12.0000
1.7610,0.6100,0.3330,0.3250,0.1450,0.0000,0.0000,0.8180,1.0000,3.9140,155.8210,2.8660,0.0000,0.0000,0.0000,69.9934,0.0000,4385.0000,1755.0000,0.0000,25.0000,44.0000,24.0000,12.0000
1.7110,0.4500,0.3320,0.2840,0.1460,0.0000,0.0000,0.9290,1.0000,3.9140,155.8210,2.8660,0.0000,0.0000,0.0000,69.9936,0.0000,4385.0000,1755.0000,0.0000,25.0000,44.0000,24.0000,12.0000
1.8490,0.4810,0.3160,0.2670,0.1410,0.0000,0.0000,1.0520,1.0000,3.9140,155.8210,2.8660,0.0000,0.0000,0.0000,69.9936,0.0000,4385.0000,1755.0000,0.0000,25.0000,44.0000,24.0000,12.0000
1.8170,0.4860,0.3460,0.3200,0.1430,0.0000,0.0000,0.9850,1.0000,3.9140,155.8210,2.8660,0.0000,0.0000,0.0000,69.9936,0.0000,4385.0000,1755.0000,0.0000,25.0000,44.0000,24.0000,12.0000
2.0460,0.4370,0.3510,0.2660,0.1730,0.0000,0.0000,1.2580,1.0000,3.9140,155.8210,2.8660,0.0000,0.0000,0.0000,69.9936,0.0000,4385.0000,1755.0000,0.0000,25.0000,44.0000,24.0000,12.0000
1.7680,0.4490,0.3710,0.2660,0.1880,0.0000,0.0000,0.9480,1.0000,3.9140,155.8210,2.8660,0.0000,0.0000,0.0000,69.9936,0.0000,4385.0000,1755.0000,0.0000,25.0000,44.0000,24.0000,12.0000
1.9260,0.4660,0.3850,0.2780,0.1780,0.0000,0.0000,1.0750,1.0000,3.9140,155.8210,2.8660,0.0000,0.0000,0.0000,70.0038,0.0000,4386.0000,1755.0000,0.0000,25.0000,44.0000,24.0000,12.0000
2.0690,0.4830,0.3530,0.2690,0.1790,0.0000,0.0000,1.2330,1.0000,3.9140,155.8210,2.8660,0.0000,0.0000,0.0000,70.0244,0.0000,4388.0000,1755.0000,0.0000,25.0000,44.0000,24.0000,12.0000
1.8180,0.5280,0.3750,0.2660,0.1500,0.0000,0.0000,0.9150,1.0000,3.9140,155.8210,2.8660,0.0000,0.0000,0.0000,70.0244,0.0000,4388.0000,1755.0000,0.0000,25.0000,44.0000,24.0000,12.0000
1.7050,0.4580,0.3300,0.2840,0.1430,0.0000,0.0000,0.9170,1.0000,3.9140,155.8210,2.8660,0.0000,0.0000,0.0000,70.0245,0.0000,4388.0000,1755.0000,0.0000,25.0000,44.0000,24.0000,12.0000
1.7800,0.4840,0.3140,0.2670,0.1410,0.0000,0.0000,0.9820,1.0000,3.9140,155.8210,2.8660,0.0000,0.0000,0.0000,70.0245,0.0000,4388.0000,1755.0000,0.0000,25.0000,44.0000,24.0000,12.0000
1.7720,0.5330,0.3460,0.3090,0.1460,0.0000,0.0000,0.8930,1.0000,3.9140,155.8210,2.8660,0.0000,0.0000,0.0000,70.0236,0.0000,4388.0000,1755.0000,0.0000,25.0000,43.0000,24.0000,12.0000
1.7530,0.4820,0.3090,0.3080,0.1380,0.0000,0.0000,0.9620,1.0000,3.9140,155.8210,2.8660,0.0000,0.0000,0.0000,70.0243,0.0000,4388.0000,1755.0000,0.0000,25.0000,44.0000,24.0000,12.0000
1.9440,0.4530,0.3540,0.2840,0.1710,0.0000,0.0000,1.1370,1.0000,3.9140,155.8210,2.8660,0.0000,0.0000,0.0000,70.0346,0.0000,4389.0000,1755.0000,0.0000,25.0000,44.0000,24.0000,10.0000
3.4680,0.4850,0.3380,0.2790,0.1470,0.0000,0.0000,2.6450,1.0000,3.9140,155.8210,2.8660,0.0000,0.0000,0.0000,70.0346,0.0000,4389.0000,1755.0000,0.0000,25.0000,44.0000,24.0000,10.0000
1.8620,0.4990,0.3810,0.2800,0.1890,0.0000,0.0000,0.9820,1.0000,3.9140,155.8210,2.8660,0.0000,0.0000,0.0000,70.0354,0.0000,4389.0000,1755.0000,0.0000,25.0000,45.0000,24.0000,10.0000
1.9820,0.4630,0.4350,0.2750,0.2170,0.0000,0.0000,1.0840,1.0000,3.9140,155.8210,2.8660,0.0000,0.0000,0.0000,70.0556,0.0000,4391.0000,1755.0000,0.0000,25.0000,45.0000,24.0000,11.0000
1.7870,0.5070,0.3420,0.2650,0.1640,0.0000,0.0000,0.9380,1.0000,3.9140,155.8210,2.8660,0.0000,0.0000,0.0000,70.0563,0.0000,4391.0000,1755.0000,0.0000,25.0000,46.0000,24.0000,11.0000
1.8520,0.4480,0.3810,0.2800,0.1950,0.0000,0.0000,1.0230,1.0000,3.9140,155.8210,2.8660,0.0000,0.0000,0.0000,70.0564,0.0000,4391.0000,1755.0000,0.0000,25.0000,46.0000,24.0000,11.0000
1.9740,0.4580,0.3650,0.2840,0.1920,0.0000,0.0000,1.1510,1.0000,3.9140,155.8210,2.8660,0.0000,0.0000,0.0000,70.0767,0.0000,4393.0000,1755.0000,0.0000,25.0000,46.0000,24.0000,13.0000
2.0050,0.5430,0.3760,0.2680,0.1980,0.0000,0.0000,1.0860,1.0000,3.9140,155.8210,2.8660,0.0000,0.0000,0.0000,70.0966,0.0000,4395.0000,1755.0000,0.0000,25.0000,45.0000,24.0000,12.0000
1.8010,0.5590,0.3390,0.2800,0.1630,0.0000,0.0000,0.9030,1.0000,3.9140,155.8210,2.8660,0.0000,0.0000,0.0000,70.0967,0.0000,4395.0000,1755.0000,0.0000,25.0000,45.0000,24.0000,13.0000
1.9650,0.4870,0.3570,0.2710,0.1830,0.0000,0.0000,1.1210,1.0000,3.9140,155.8210,2.8660,0.0000,0.0000,0.0000,70.1178,0.0000,4397.0000,1755.0000,0.0000,25.0000,46.0000,24.0000,14.0000
1.8380,0.5320,0.3250,0.2660,0.1470,0.0000,0.0000,0.9810,1.0000,3.9140,155.8210,2.8660,0.0000,0.0000,0.0000,70.1178,0.0000,4397.0000,1755.0000,0.0000,25.0000,46.0000,24.0000,14.0000
1.9400,0.4920,0.3840,0.3220,0.1820,0.0000,0.0000,1.0640,1.0000,3.9140,155.8210,2.8660,0.0000,0.0000,0.0000,70.1289,0.0000,4398.0000,1755.0000,0.0000,25.0000,47.0000,24.0000,14.0000
1.8700,0.5600,0.3820,0.3030,0.2100,0.0000,0.0000,0.9280,1.0000,3.9140,155.8210,2.8660,0.0000,0.0000,0.0000,70.1289,0.0000,4398.0000,1755.0000,0.0000,25.0000,47.0000,24.0000,14.0000
1.8860,0.4420,0.3740,0.2650,0.1900,0.0000,0.0000,1.0700,1.0000,3.9140,155.8210,2.8660,0.0000,0.0000,0.0000,70.1290,0.0000,4398.0000,1755.0000,0.0000,25.0000,47.0000,24.0000,14.0000
1.8220,0.5140,0.3210,0.3270,0.1460,0.0000,0.0000,0.9870,1.0000,3.9140,155.8210,2.8660,0.0000,0.0000,0.0000,70.1290,0.0000,4398.0000,1755.0000,0.0000,25.0000,47.0000,24.0000,14.0000
1.8380,0.4550,0.3270,0.2810,0.1440,0.0000,0.0000,1.0560,1.0000,3.9140,155.8210,2.8660,0.0000,0.0000,0.0000,70.1290,0.0000,4398.0000,1755.0000,0.0000,25.0000,47.0000,24.0000,14.0000
1.9250,0.5000,0.3710,0.2850,0.1940,0.0000,0.0000,1.0540,1.0000,3.9140,155.8210,2.8660,0.0000,0.0000,0.0000,70.1487,0.0000,4400.0000,1755.0000,0.0000,25.0000,47.0000,24.0000,14.0000
1.8330,0.5440,0.3140,0.2620,0.1410,0.0000,0.0000,0.9750,1.0000,3.9140,155.8210,2.8660,0.0000,0.0000,0.0000,70.1487,0.0000,4400.0000,1755.0000,0.0000,25.0000,47.0000,24.0000,14.0000
1.9920,0.4880,0.3870,0.3190,0.1830,0.0000,0.0000,1.1170,1.0000,3.9140,155.8210,2.8660,0.0000,0.0000,0.0000,70.1691,0.0000,4402.0000,1755.0000,0.0000,25.0000,47.0000,24.0000,14.0000
1.9400,0.5710,0.3770,0.3190,0.1760,0.0000,0.0000,0.9920,1.0000,3.9140,155.8210,2.8660,0.0000,0.0000,0.0000,70.1786,0.0000,4403.0000,1755.0000,0.0000,25.0000,46.0000,24.0000,14.0000
1.8210,0.5240,0.3460,0.3160,0.1430,0.0000,0.0000,0.9510,1.0000,3.9140,155.8210,2.8660,0.0000,0.0000,0.0000,70.1787,0.0000,4403.0000,1755.0000,0.0000,25.0000,46.0000,24.0000,12.0000
1.8920,0.4490,0.3980,0.2740,0.2250,0.0000,0.0000,1.0450,1.0000,3.9140,155.8210,2.8660,0.0000,0.0000,0.0000,70.1898,0.0000,4404.0000,1755.0000,0.0000,25.0000,47.0000,24.0000,12.0000
1.8370,0.5270,0.3780,0.2660,0.1650,0.0000,0.0000,0.9320,1.0000,3.9140,155.8210,2.8660,0.0000,0.0000,0.0000,70.1896,0.0000,4404.0000,1755.0000,0.0000,25.0000,47.0000,24.0000,10.0000
1.8260,0.4670,0.3390,0.2710,0.1520,0.0000,0.0000,1.0200,1.0000,3.9140,155.8210,2.8660,0.0000,0.0000,0.0000,70.1901,0.0000,4404.0000,1755.0000,0.0000,25.0000,48.0000,24.0000,10.0000
1.7940,0.5090,0.3320,0.3270,0.1580,0.0000,0.0000,0.9530,1.0000,3.9140,155.8210,2.8660,0.0000,0.0000,0.0000,69.8645,0.0000,4372.0000,1755.0000,0.0000,25.0000,48.0000,24.0000,10.0000
1.7720,0.4770,0.3170,0.2690,0.1450,0.0000,0.0000,0.9780,1.0000,3.9140,155.8210,2.8660,0.0000,0.0000,0.0000,69.8651,0.0000,4372.0000,1755.0000,0.0000,25.0000,49.0000,24.0000,10.0000
1.9400,0.4860,0.3930,0.3220,0.1910,0.0000,0.0000,1.0610,1.0000,3.9140,155.8210,2.8660,0.0000,0.0000,0.0000,69.8854,0.0000,4374.0000,1755.0000,0.0000,25.0000,49.0000,24.0000,10.0000
1.8370,0.5940,0.3530,0.3000,0.1830,0.0000,0.0000,0.8900,1.0000,3.9140,155.8210,2.8660,0.0000,0.0000,0.0000,69.8855,0.0000,4374.0000,1755.0000,0.0000,25.0000,49.0000,24.0000,10.0000
1.9670,0.4460,0.3150,0.2730,0.1440,0.0000,0.0000,1.2060,1.0000,3.9140,155.8210,2.8660,0.0000,0.0000,0.0000,69.8856,0.0000,4374.0000,1755.0000,0.0000,25.0000,49.0000,24.0000,10.0000
1.8430,0.5190,0.3360,0.3260,0.1410,0.0000,0.0000,0.9880,1.0000,3.9140,155.8210,2.8660,0.0000,0.0000,0.0000,69.8849,0.0000,4374.0000,1755.0000,0.0000,25.0000,48.0000,24.0000,10.0000
2.0270,0.4530,0.3920,0.2850,0.1990,0.0000,0.0000,1.1820,1.0000,3.9140,155.8210,2.8660,0.0000,0.0000,0.0000,69.9250,0.0000,4378.0000,1755.0000,0.0000,25.0000,47.0000,24.0000,10.0000
1.7490,0.6430,0.3400,0.3440,0.1500,0.0000,0.0000,0.7660,1.0000,3.9140,155.8210,2.8660,0.0000,0.0000,0.0000,69.9251,0.0000,4378.0000,1755.0000,0.0000,25.0000,47.0000,24.0000,10.0000
1.8130,0.4500,0.3630,0.2790,0.1900,0.0000,0.0000,1.0000,1.0000,3.9140,155.8210,2.8660,0.0000,0.0000,0.0000,69.9356,0.0000,4379.0000,1755.0000,0.0000,25.0000,47.0000,24.0000,10.0000
1.7750,0.5120,0.3210,0.2690,0.1450,0.0000,0.0000,0.9420,1.0000,3.9140,155.8210,2.8660,0.0000,0.0000,0.0000,69.9363,0.0000,4379.0000,1755.0000,0.0000,25.0000,48.0000,24.0000,9.0000
1.7470,0.4790,0.3540,0.3160,0.1860,0.0000,0.0000,0.9140,1.0000,3.9140,155.8210,2.8660,0.0000,0.0000,0.0000,69.9365,0.0000,4379.0000,1755.0000,0.0000,25.0000,48.0000,24.0000,9.0000
1.8430,0.4520,0.3610,0.2750,0.1530,0.0000,0.0000,1.0300,1.0000,3.9140,155.8210,2.8660,0.0000,0.0000,0.0000,69.9365,0.0000,4379.0000,1755.0000,0.0000,25.0000,48.0000,24.0000,9.0000
1.8300,0.4460,0.3720,0.2790,0.1790,0.0000,0.0000,1.0120,1.0000,3.9140,155.8210,2.8660,0.0000,0.0000,0.0000,69.9468,0.0000,4380.0000,1755.0000,0.0000,25.0000,48.0000,24.0000,9.0000
1.8260,0.4820,0.3310,0.2790,0.1580,0.0000,0.0000,1.0130,1.0000,3.9140,155.8210,2.8660,0.0000,0.0000,0.0000,69.9468,0.0000,4380.0000,1755.0000,0.0000,25.0000,48.0000,24.0000,9.0000
1.7180,0.4730,0.3200,0.2710,0.1410,0.0000,0.0000,0.9250,1.0000,3.9140,155.8210,2.8660,0.0000,0.0000,0.0000,69.9461,0.0000,4380.0000,1755.0000,0.0000,25.0000,47.0000,24.0000,9.0000
1.8330,0.4810,0.3810,0.3210,0.2100,0.0000,0.0000,0.9710,1.0000,3.9140,155.8210,2.8660,0.0000,0.0000,0.0000,69.9564,0.0000,4381.0000,1755.0000,0.0000,25.0000,47.0000,24.0000,9.0000
2.1130,0.5300,0.6340,0.3200,0.4460,0.0000,0.0000,0.9490,1.0000,3.9140,155.8210,2.8660,0.0000,0.0000,0.0000,69.9748,0.0000,4383.0000,1755.0000,0.0000,25.0000,47.0000,24.0000,9.0000
1.7560,0.5260,0.3520,0.3180,0.1790,0.0000,0.0000,0.8780,1.0000,3.9140,155.8210,2.8660,0.0000,0.0000,0.0000,69.9749,0.0000,4383.0000,1755.0000,0.0000,25.0000,47.0000,24.0000,9.0000
1.6970,0.5030,0.3270,0.3240,0.1390,0.0000,0.0000,0.8670,1.0000,3.9140,155.8210,2.8660,0.0000,0.0000,0.0000,69.9750,0.0000,4383.0000,1755.0000,0.0000,25.0000,47.0000,24.0000,9.0000
1.7280,0.4460,0.3060,0.2750,0.1370,0.0000,0.0000,0.9760,1.0000,3.9140,155.8210,2.8660,0.0000,0.0000,0.0000,69.9750,0.0000,4383.0000,1755.0000,0.0000,25.0000,47.0000,24.0000,9.0000
1.7320,0.4820,0.3430,0.3210,0.1420,0.0000,0.0000,0.9070,1.0000,3.9140,155.8210,2.8660,0.0000,0.0000,0.0000,69.9750,0.0000,4383.0000,1755.0000,0.0000,25.0000,47.0000,24.0000,9.0000
1.6980,0.4310,0.3050,0.2650,0.1370,0.0000,0.0000,0.9620,1.0000,3.9140,155.8210,2.8660,0.0000,0.0000,0.0000,69.9750,0.0000,4383.0000,1755.0000,0.0000,25.0000,47.0000,24.0000,9.0000
1.8480,0.4420,0.3530,0.2770,0.1720,0.0000,0.0000,1.0530,1.0000,3.9140,155.8210,2.8660,0.0000,0.0000,0.0000,69.9860,0.0000,4384.0000,1755.0000,0.0000,25.0000,48.0000,24.0000,9.0000
1.6980,0.4810,0.3070,0.2750,0.1370,0.0000,0.0000,0.9100,1.0000,3.9140,155.8210,2.8660,0.0000,0.0000,0.0000,69.9860,0.0000,4384.0000,1755.0000,0.0000,25.0000,48.0000,24.0000,9.0000
2.6060,0.4820,0.3350,0.3200,0.1390,0.0000,0.0000,1.7890,1.0000,3.9140,155.8210,2.8660,0.0000,0.0000,0.0000,69.9860,0.0000,4384.0000,1755.0000,0.0000,25.0000,48.0000,24.0000,9.0000
2.8320,0.5170,0.7530,0.3390,0.5110,0.0000,0.0000,1.5620,1.0000,3.9140,155.8210,2.8660,0.0000,0.0000,0.0000,69.9860,0.0000,4384.0000,1755.0000,0.0000,25.0000,48.0000,24.0000,9.0000
2.1680,0.6220,0.3630,0.4060,0.1550,0.0000,0.0000,1.1830,1.0000,3.9140,155.8210,2.8660,0.0000,0.0000,0.0000,69.9860,0.0000,4384.0000,1755.0000,0.0000,25.0000,48.0000,24.0000,9.0000
2.0410,0.5400,0.3560,0.3210,0.1580,0.0000,0.0000,1.1450,1.0000,3.9140,155.8210,2.8660,0.0000,0.0000,0.0000,69.9860,0.0000,4384.0000,1755.0000,0.0000,25.0000,48.0000,24.0000,9.0000
2.0850,0.5780,0.3520,0.3690,0.1570,0.0000,0.0000,1.1550,1.0000,3.9140,155.8210,2.8660,0.0000,0.0000,0.0000,69.9860,0.0000,4384.0000,1755.0000,0.0000,25.0000,48.0000,24.0000,9.0000
2.7400,0.5210,0.5690,0.3090,0.3550,0.0000,0.0000,1.6500,1.0000,3.9140,155.8210,2.8660,0.0000,0.0000,0.0000,70.0367,0.0000,4389.0000,1755.0000,0.0000,25.0000,48.0000,24.0000,9.0000
2.3560,0.9550,0.4140,0.4640,0.1990,0.0000,0.0000,0.9870,1.0000,3.9140,155.8210,2.8660,0.0000,0.0000,0.0000,70.0463,0.0000,4390.0000,1755.0000,0.0000,25.0000,47.0000,24.0000,9.0000
2.2040,0.6160,0.4670,0.3600,0.2310,0.0000,0.0000,1.1210,1.0000,3.9140,155.8210,2.8660,0.0000,0.0000,0.0000,70.0575,0.0000,4391.0000,1755.0000,0.0000,25.0000,48.0000,24.0000,9.0000
2.1350,0.6100,0.4070,0.3720,0.1770,0.0000,0.0000,1.1180,1.0000,3.9140,155.8210,2.8660,0.0000,0.0000,0.0000,70.0576,0.0000,4391.0000,1755.0000,0.0000,25.0000,48.0000,24.0000,9.0000
2.2510,0.5680,0.4100,0.3750,0.1980,0.0000,0.0000,1.2730,1.0000,3.9140,155.8210,2.8660,0.0000,0.0000,0.0000,70.0679,0.0000,4392.0000,1755.0000,0.0000,25.0000,48.0000,24.0000,9.0000
2.2080,0.6190,0.3510,0.3350,0.1570,0.0000,0.0000,1.2380,1.0000,3.9140,155.8210,2.8660,0.0000,0.0000,0.0000,70.0679,0.0000,4392.0000,1755.0000,0.0000,25.0000,48.0000,24.0000,9.0000
2.2070,0.6130,0.3790,0.3560,0.1850,0.0000,0.0000,1.2150,1.0000,3.9140,155.8210,2.8660,0.0000,0.0000,0.0000,70.0679,0.0000,4392.0000,1755.0000,0.0000,25.0000,48.0000,24.0000,9.0000
2.1560,0.5120,0.3920,0.3150,0.1990,0.0000,0.0000,1.2520,1.0000,3.9140,155.8210,2.8660,0.0000,0.0000,0.0000,70.0679,0.0000,4392.0000,1755.0000,0.0000,25.0000,48.0000,24.0000,9.0000
2.1470,0.6230,0.3830,0.4310,0.1610,0.0000,0.0000,1.1410,1.0000,3.9140,155.8210,2.8660,0.0000,0.0000,0.0000,70.0680,0.0000,4392.0000,1755.0000,0.0000,25.0000,48.0000,24.0000,11.0000
2.2490,0.6090,0.4000,0.4200,0.2090,0.0000,0.0000,1.2400,1.0000,3.9140,155.8210,2.8660,0.0000,0.0000,0.0000,70.0783,0.0000,4393.0000,1755.0000,0.0000,25.0000,48.0000,24.0000,12.0000
2.1060,0.6060,0.3640,0.3300,0.1660,0.0000,0.0000,1.1360,1.0000,3.9140,155.8210,2.8660,0.0000,0.0000,0.0000,70.0783,0.0000,4393.0000,1755.0000,0.0000,25.0000,48.0000,24.0000,11.0000
2.2810,0.5770,0.4500,0.3310,0.2590,0.0000,0.0000,1.2540,1.0000,3.9140,155.8210,2.8660,0.0000,0.0000,0.0000,70.0879,0.0000,4394.0000,1755.0000,0.0000,25.0000,47.0000,24.0000,11.0000
2.0650,0.5610,0.3590,0.3150,0.1650,0.0000,0.0000,1.1450,1.0000,3.9140,155.8210,2.8660,0.0000,0.0000,0.0000,70.0886,0.0000,4394.0000,1755.0000,0.0000,25.0000,48.0000,24.0000,10.0000
2.0310,0.4970,0.4380,0.3080,0.2070,0.0000,0.0000,1.0960,1.0000,3.9140,155.8210,2.8660,0.0000,0.0000,0.0000,70.0887,0.0000,4394.0000,1755.0000,0.0000,25.0000,48.0000,24.0000,10.0000
1.9520,0.5010,0.3900,0.3110,0.2030,0.0000,0.0000,1.0610,1.0000,3.9140,155.8210,2.8660,0.0000,0.0000,0.0000,70.0887,0.0000,4394.0000,1755.0000,0.0000,25.0000,48.0000,24.0000,10.0000
2.0430,0.4960,0.4290,0.3070,0.2010,0.0000,0.0000,1.1180,1.0000,3.9140,155.8210,2.8660,0.0000,0.0000,0.0000,70.0887,0.0000,4394.0000,1755.0000,0.0000,25.0000,48.0000,24.0000,10.0000
2.1430,0.5280,0.4020,0.3340,0.2090,0.0000,0.0000,1.2130,1.0000,3.9140,155.8210,2.8660,0.0000,0.0000,0.0000,70.0887,0.0000,4394.0000,1755.0000,0.0000,25.0000,48.0000,24.0000,10.0000
1.9300,0.5670,0.4200,0.3630,0.1890,0.0000,0.0000,0.9430,1.0000,3.9140,155.8210,2.8660,0.0000,0.0000,0.0000,70.0887,0.0000,4394.0000,1755.0000,0.0000,25.0000,48.0000,24.0000,10.0000
1.9130,0.5840,0.3970,0.3770,0.2130,0.0000,0.0000,0.9320,1.0000,3.9140,155.8210,2.8660,0.0000,0.0000,0.0000,70.0879,0.0000,4394.0000,1755.0000,0.0000,25.0000,48.0000,24.0000,10.0000
2.0880,0.5660,0.4260,0.3690,0.2380,0.0000,0.0000,1.0960,1.0000,3.9140,155.8210,2.8660,0.0000,0.0000,0.0000,69.8316,0.0000,4369.0000,1755.0000,0.0000,25.0000,48.0000,24.0000,10.0000
1.9690,0.5930,0.4340,0.3680,0.2540,0.0000,0.0000,0.9420,1.0000,3.9140,155.8210,2.8660,0.0000,0.0000,0.0000,69.8316,0.0000,4369.0000,1755.0000,0.0000,25.0000,48.0000,24.0000,10.0000
1.9370,0.5690,0.3930,0.3720,0.2050,0.0000,0.0000,0.9750,1.0000,3.9140,155.8210,2.8660,0.0000,0.0000,0.0000,69.8317,0.0000,4369.0000,1755.0000,0.0000,25.0000,48.0000,24.0000,10.0000
1.8990,0.5540,0.4290,0.3760,0.2170,0.0000,0.0000,0.9160,1.0000,3.9140,155.8210,2.8660,0.0000,0.0000,0.0000,69.8310,0.0000,4369.0000,1755.0000,0.0000,25.0000,47.0000,24.0000,10.0000
2.1340,0.4900,0.5250,0.3130,0.2700,0.0000,0.0000,1.1190,1.0000,3.9140,155.8210,2.8660,0.0000,0.0000,0.0000,69.8515,0.0000,4371.0000,1755.0000,0.0000,25.0000,47.0000,24.0000,10.0000
2.0240,0.6240,0.4430,0.3680,0.2400,0.0000,0.0000,0.9570,1.0000,3.9140,155.8210,2.8660,0.0000,0.0000,0.0000,69.8515,0.0000,4371.0000,1755.0000,0.0000,25.0000,47.0000,24.0000,10.0000
2.4330,0.5340,0.5000,0.3570,0.2240,0.0000,0.0000,1.3990,1.0000,3.9140,155.8210,2.8660,0.0000,0.0000,0.0000,69.8619,0.0000,4372.0000,1755.0000,0.0000,25.0000,47.0000,24.0000,10.0000
2.0120,0.6100,0.3800,0.3260,0.1620,0.0000,0.0000,1.0220,1.0000,3.9140,155.8210,2.8660,0.0000,0.0000,0.0000,69.8619,0.0000,4372.0000,1755.0000,0.0000,25.0000,47.0000,24.0000,10.0000
2.0300,0.5640,0.3690,0.3330,0.1620,0.0000,0.0000,1.0970,1.0000,3.9140,155.8210,2.8660,0.0000,0.0000,0.0000,69.8619,0.0000,4372.0000,1755.0000,0.0000,25.0000,47.0000,24.0000,10.0000
2.0510,0.5710,0.3650,0.3280,0.1600,0.0000,0.0000,1.1150,1.0000,3.9140,155.8210,2.8660,0.0000,0.0000,0.0000,69.8619,0.0000,4372.0000,1755.0000,0.0000,25.0000,47.0000,24.0000,10.0000
2.2330,0.5580,0.3980,0.3320,0.2040,0.0000,0.0000,1.2770,1.0000,3.9140,155.8210,2.8660,0.0000,0.0000,0.0000,69.8823,0.0000,4374.0000,1755.0000,0.0000,25.0000,47.0000,24.0000,10.0000
2.0850,0.5880,0.3710,0.3120,0.1750,0.0000,0.0000,1.1260,1.0000,3.9140,155.8210,2.8660,0.0000,0.0000,0.0000,69.8823,0.0000,4374.0000,1755.0000,0.0000,25.0000,47.0000,24.0000,10.0000
2.0120,0.5680,0.3650,0.3850,0.1580,0.0000,0.0000,1.0790,1.0000,3.9140,155.8210,2.8660,0.0000,0.0000,0.0000,69.8817,0.0000,4374.0000,1755.0000,0.0000,25.0000,46.0000,24.0000,10.0000
2.2460,0.4990,0.4410,0.3130,0.2470,0.0000,0.0000,1.3060,1.0000,3.9140,155.8210,2.8660,0.0000,0.0000,0.0000,69.9024,0.0000,4376.0000,1755.0000,0.0000,25.0000,46.0000,24.0000,9.0000
2.0620,0.6960,0.4080,0.4280,0.1810,0.0000,0.0000,0.9580,1.0000,3.9140,155.8210,2.8660,0.0000,0.0000,0.0000,69.9024,0.0000,4376.0000,1755.0000,0.0000,25.0000,46.0000,24.0000,8.0000
2.2550,0.5850,0.4470,0.3980,0.2150,0.0000,0.0000,1.2230,1.0000,3.9140,155.8210,2.8660,0.0000,0.0000,0.0000,69.9128,0.0000,4377.0000,1755.0000,0.0000,25.0000,46.0000,24.0000,8.0000
1.9940,0.6120,0.3790,0.3400,0.1670,0.0000,0.0000,1.0030,1.0000,3.9140,155.8210,2.8660,0.0000,0.0000,0.0000,69.9128,0.0000,4377.0000,1755.0000,0.0000,25.0000,46.0000,24.0000,8.0000
2.0420,0.5800,0.3710,0.3370,0.1620,0.0000,0.0000,1.0910,1.0000,3.9140,155.8210,2.8660,0.0000,0.0000,0.0000,69.9128,0.0000,4377.0000,1755.0000,0.0000,25.0000,46.0000,24.0000,8.0000
2.4810,0.5750,0.4210,0.3450,0.2080,0.0000,0.0000,1.4850,1.0000,3.9140,155.8210,2.8660,0.0000,0.0000,0.0000,69.9329,0.0000,4379.0000,1755.0000,0.0000,25.0000,46.0000,24.0000,9.0000
3.5590,0.7220,0.4070,0.3820,0.2040,0.0000,0.0000,2.4300,1.0000,3.9140,155.8210,2.8660,0.0000,0.0000,0.0000,69.9329,0.0000,4379.0000,1755.0000,0.0000,25.0000,46.0000,24.0000,9.0000
3.1670,0.6020,0.6570,0.3860,0.3800,0.0000,0.0000,1.9080,1.0000,3.9140,155.8210,2.8660,0.0000,0.0000,0.0000,69.9330,0.0000,4379.0000,1755.0000,0.0000,25.0000,46.0000,24.0000,9.0000
3.1910,0.8540,0.6640,0.5610,0.3750,0.0000,0.0000,1.6730,1.0000,3.9140,155.8210,2.8660,0.0000,0.0000,0.0000,69.9527,0.0000,4381.0000,1755.0000,0.0000,25.0000,46.0000,24.0000,9.0000
3.1180,0.9430,0.6030,0.4580,0.2600,0.0000,0.0000,1.5720,1.0000,3.9140,155.8210,2.8660,0.0000,0.0000,0.0000,69.9521,0.0000,4381.0000,1755.0000,0.0000,25.0000,45.0000,24.0000,8.0000
3.1730,0.8740,0.5630,0.5600,0.2460,0.0000,0.0000,1.7360,1.0000,3.9140,155.8210,2.8660,0.0000,0.0000,0.0000,69.9522,0.0000,4381.0000,1755.0000,0.0000,25.0000,45.0000,24.0000,8.0000
3.3560,0.7650,0.7130,0.4520,0.3460,0.0000,0.0000,1.8780,1.0000,3.9140,155.8210,2.8660,0.0000,0.0000,0.0000,69.9522,0.0000,4381.0000,1755.0000,0.0000,25.0000,45.0000,24.0000,8.0000
3.1110,0.8010,0.5990,0.5070,0.3220,0.0000,0.0000,1.7110,1.0000,3.9140,155.8210,2.8660,0.0000,0.0000,0.0000,69.9522,0.0000,4381.0000,1755.0000,0.0000,25.0000,45.0000,24.0000,8.0000
3.0280,0.8360,0.5100,0.5400,0.2350,0.0000,0.0000,1.6820,1.0000,3.9140,155.8210,2.8660,0.0000,0.0000,0.0000,69.9522,0.0000,4381.0000,1755.0000,0.0000,25.0000,45.0000,24.0000,8.0000
3.2280,0.8740,0.6180,0.5320,0.3520,0.0000,0.0000,1.7360,1.0000,3.9140,155.8210,2.8660,0.0000,0.0000,0.0000,69.9727,0.0000,4383.0000,1755.0000,0.0000,25.0000,45.0000,24.0000,8.0000
2.6630,0.8910,0.5330,0.5090,0.2280,0.0000,0.0000,1.2390,1.0000,3.9140,155.8210,2.8660,0.0000,0.0000,0.0000,69.9727,0.0000,4383.0000,1755.0000,0.0000,25.0000,45.0000,24.0000,8.0000
2.8350,0.7170,0.5540,0.4700,0.3150,0.0000,0.0000,1.5640,1.0000,3.9140,155.8210,2.8660,0.0000,0.0000,0.0000,69.9735,0.0000,4383.0000,1755.0000,0.0000,25.0000,46.0000,24.0000,8.0000
2.7550,0.7600,0.4390,0.5200,0.2030,0.0000,0.0000,1.5560,1.0000,3.9140,155.8210,2.8660,0.0000,0.0000,0.0000,69.9735,0.0000,4383.0000,1755.0000,0.0000,25.0000,46.0000,24.0000,8.0000
3.5610,0.6920,0.7590,0.4530,0.2800,0.0000,0.0000,2.1100,1.0000,3.9140,155.8210,2.8660,0.0000,0.0000,0.0000,69.9728,0.0000,4383.0000,1755.0000,0.0000,25.0000,45.0000,24.0000,8.0000
2.5740,0.8300,0.4400,0.5510,0.1850,0.0000,0.0000,1.3040,1.0000,3.9140,155.8210,2.8660,0.0000,0.0000,0.0000,69.9728,0.0000,4383.0000,1755.0000,0.0000,25.0000,45.0000,24.0000,8.0000
3.2990,0.7210,0.5080,0.5020,0.2350,0.0000,0.0000,2.0700,1.0000,3.9140,155.8210,2.8660,0.0000,0.0000,0.0000,69.9723,0.0000,4383.0000,1755.0000,0.0000,25.0000,44.0000,24.0000,9.0000
2.9200,0.9740,0.5210,0.7020,0.2550,0.0000,0.0000,1.4250,1.0000,3.9140,155.8210,2.8660,0.0000,0.0000,0.0000,69.9730,0.0000,4383.0000,1755.0000,0.0000,25.0000,45.0000,24.0000,9.0000
2.9030,0.8340,0.5020,0.5670,0.2420,0.0000,0.0000,1.5670,1.0000,3.9140,155.8210,2.8660,0.0000,0.0000,0.0000,69.9730,0.0000,4383.0000,1755.0000,0.0000,25.0000,45.0000,24.0000,10.0000
3.2870,0.7980,0.6760,0.5340,0.3530,0.0000,0.0000,1.8130,1.0000,3.9140,155.8210,2.8660,0.0000,0.0000,0.0000,70.0027,0.0000,4386.0000,1755.0000,0.0000,25.0000,45.0000,24.0000,9.0000
3.1280,0.9410,0.6360,0.5190,0.2990,0.0000,0.0000,1.5510,1.0000,3.9140,155.8210,2.8660,0.0000,0.0000,0.0000,69.7489,0.0000,4361.0000,1755.0000,0.0000,25.0000,45.0000,24.0000,9.0000
3.0420,0.8050,0.9910,0.5140,0.7140,0.0000,0.0000,1.2460,1.0000,3.9140,155.8210,2.8660,0.0000,0.0000,0.0000,69.7877,0.0000,4365.0000,1755.0000,0.0000,25.0000,45.0000,24.0000,9.0000
2.4650,0.6510,0.4480,0.3240,0.2320,0.0000,0.0000,1.3660,1.0000,3.9140,155.8210,2.8660,0.0000,0.0000,0.0000,69.7877,0.0000,4365.0000,1755.0000,0.0000,25.0000,45.0000,24.0000,9.0000
2.6700,0.6490,0.5240,0.4190,0.2310,0.0000,0.0000,1.4970,1.0000,3.9140,155.8210,2.8660,0.0000,0.0000,0.0000,69.7879,0.0000,4365.0000,1755.0000,0.0000,25.0000,45.0000,24.0000,9.0000
2.7000,0.5210,0.4920,0.3300,0.2800,0.0000,0.0000,1.6870,1.0000,3.9140,155.8210,2.8660,0.0000,0.0000,0.0000,69.7879,0.0000,4365.0000,1755.0000,0.0000,25.0000,45.0000,24.0000,9.0000
2.1390,0.8160,0.3890,0.4250,0.1770,0.0000,0.0000,0.9340,1.0000,3.9140,155.8210,2.8660,0.0000,0.0000,0.0000,69.7872,0.0000,4365.0000,1755.0000,0.0000,25.0000,44.0000,24.0000,9.0000
2.5750,0.5060,0.5700,0.3230,0.1880,0.0000,0.0000,1.4990,1.0000,3.9140,155.8210,2.8660,0.0000,0.0000,0.0000,69.7872,0.0000,4365.0000,1755.0000,0.0000,25.0000,44.0000,24.0000,10.0000
2.2400,0.6570,0.4080,0.4030,0.1990,0.0000,0.0000,1.1750,1.0000,3.9140,155.8210,2.8660,0.0000,0.0000,0.0000,69.7988,0.0000,4366.0000,1755.0000,0.0000,25.0000,44.0000,24.0000,10.0000
1.9270,0.6690,0.3900,0.3470,0.1880,0.0000,0.0000,0.8680,1.0000,3.9140,155.8210,2.8660,0.0000,0.0000,0.0000,69.7995,0.0000,4366.0000,1755.0000,0.0000,25.0000,45.0000,24.0000,10.0000
2.3580,0.5010,0.6450,0.3190,0.2640,0.0000,0.0000,1.2120,1.0000,3.9140,155.8210,2.8660,0.0000,0.0000,0.0000,69.7996,0.0000,4366.0000,1755.0000,0.0000,25.0000,45.0000,24.0000,10.0000
2.0660,0.5880,0.4900,0.4030,0.2680,0.0000,0.0000,0.9880,1.0000,3.9140,155.8210,2.8660,0.0000,0.0000,0.0000,69.8098,0.0000,4367.0000,1755.0000,0.0000,25.0000,45.0000,24.0000,10.0000
1.9540,0.6070,0.4260,0.3920,0.2180,0.0000,0.0000,0.9210,1.0000,3.9140,155.8210,2.8660,0.0000,0.0000,0.0000,69.8098,0.0000,4367.0000,1755.0000,0.0000,25.0000,45.0000,24.0000,10.0000
1.9630,0.6180,0.4440,0.4430,0.2440,0.0000,0.0000,0.9010,1.0000,3.9140,155.8210,2.8660,0.0000,0.0000,0.0000,69.8202,0.0000,4368.0000,1755.0000,0.0000,25.0000,45.0000,24.0000,11.0000
2.0460,0.5970,0.4480,0.3820,0.2450,0.0000,0.0000,1.0010,1.0000,3.9140,155.8210,2.8660,0.0000,0.0000,0.0000,69.8304,0.0000,4369.0000,1755.0000,0.0000,25.0000,45.0000,24.0000,11.0000
1.8580,0.6550,0.4070,0.4420,0.2070,0.0000,0.0000,0.7960,1.0000,3.9140,155.8210,2.8660,0.0000,0.0000,0.0000,69.8298,0.0000,4369.0000,1755.0000,0.0000,25.0000,44.0000,24.0000,11.0000
1.9170,0.5060,0.3780,0.3280,0.1780,0.0000,0.0000,1.0330,1.0000,3.9140,155.8210,2.8660,0.0000,0.0000,0.0000,69.8298,0.0000,4369.0000,1755.0000,0.0000,25.0000,44.0000,24.0000,11.0000
5.0180,0.5650,0.4180,0.3950,0.2310,0.0000,0.0000,4.0350,1.0000,3.9140,155.8210,2.8660,0.0000,0.0000,0.0000,69.8402,0.0000,4370.0000,1755.0000,0.0000,25.0000,44.0000,24.0000,11.0000
3.5700,0.5290,0.4300,0.3170,0.2170,0.0000,0.0000,2.6110,1.0000,3.9140,155.8210,2.8660,0.0000,0.0000,0.0000,69.8505,0.0000,4371.0000,1755.0000,0.0000,25.0000,44.0000,24.0000,11.0000
4.1300,0.5710,0.5360,0.3490,0.2780,0.0000,0.0000,3.0230,1.0000,3.9140,155.8210,2.8660,0.0000,0.0000,0.0000,69.8708,0.0000,4373.0000,1755.0000,0.0000,25.0000,44.0000,24.0000,12.0000
2.2980,0.6720,0.3790,0.3550,0.1650,0.0000,0.0000,1.2470,1.0000,3.9140,155.8210,2.8660,0.0000,0.0000,0.0000,69.8716,0.0000,4373.0000,1755.0000,0.0000,25.0000,45.0000,24.0000,12.0000
2.1770,0.5560,0.4120,0.3260,0.2130,0.0000,0.0000,1.2090,1.0000,3.9140,155.8210,2.8660,0.0000,0.0000,0.0000,69.8717,0.0000,4373.0000,1755.0000,0.0000,25.0000,45.0000,24.0000,12.0000
2.1000,0.5060,0.4020,0.3320,0.2020,0.0000,0.0000,1.1920,1.0000,3.9140,155.8210,2.8660,0.0000,0.0000,0.0000,69.8717,0.0000,4373.0000,1755.0000,0.0000,25.0000,45.0000,24.0000,12.0000
2.2500,0.5040,0.4240,0.3340,0.1970,0.0000,0.0000,1.3220,1.0000,3.9140,155.8210,2.8660,0.0000,0.0000,0.0000,69.8819,0.0000,4374.0000,1755.0000,0.0000,25.0000,45.0000,24.0000,12.0000
2.0200,0.6140,0.3580,0.3710,0.1590,0.0000,0.0000,1.0480,1.0000,3.9140,155.8210,2.8660,0.0000,0.0000,0.0000,69.8819,0.0000,4374.0000,1755.0000,0.0000,25.0000,45.0000,24.0000,12.0000
2.2690,0.5520,0.3910,0.3710,0.1990,0.0000,0.0000,1.3260,1.0000,3.9140,155.8210,2.8660,0.0000,0.0000,0.0000,69.8922,0.0000,4375.0000,1755.0000,0.0000,25.0000,45.0000,24.0000,12.0000
1.9970,0.5810,0.3510,0.3180,0.1620,0.0000,0.0000,1.0650,1.0000,3.9140,155.8210,2.8660,0.0000,0.0000,0.0000,69.8922,0.0000,4375.0000,1755.0000,0.0000,25.0000,45.0000,24.0000,12.0000
2.0160,0.5350,0.3420,0.3150,0.1570,0.0000,0.0000,1.1390,1.0000,3.9140,155.8210,2.8660,0.0000,0.0000,0.0000,69.8923,0.0000,4375.0000,1755.0000,0.0000,25.0000,45.0000,24.0000,11.0000
1.9970,0.5310,0.3430,0.3170,0.1580,0.0000,0.0000,1.1230,1.0000,3.9140,155.8210,2.8660,0.0000,0.0000,0.0000,69.8924,0.0000,4375.0000,1755.0000,0.0000,25.0000,45.0000,24.0000,11.0000
3.0810,0.5540,0.8580,0.3330,0.6740,0.0000,0.0000,1.6690,1.0000,3.9140,155.8210,2.8660,0.0000,0.0000,0.0000,69.8928,0.0000,4375.0000,1755.0000,0.0000,25.0000,45.0000,24.0000,10.0000
2.0600,0.8830,0.4380,0.7020,0.2370,0.0000,0.0000,0.7390,1.0000,3.9140,155.8210,2.8660,0.0000,0.0000,0.0000,69.8935,0.0000,4375.0000,1755.0000,0.0000,25.0000,46.0000,24.0000,10.0000
2.0370,0.4990,0.3910,0.3200,0.2080,0.0000,0.0000,1.1470,1.0000,3.9140,155.8210,2.8660,0.0000,0.0000,0.0000,69.9039,0.0000,4376.0000,1755.0000,0.0000,25.0000,46.0000,24.0000,10.0000
1.9830,0.5260,0.4060,0.3120,0.2220,0.0000,0.0000,1.0510,1.0000,3.9140,155.8210,2.8660,0.0000,0.0000,0.0000,69.9039,0.0000,4376.0000,1755.0000,0.0000,25.0000,46.0000,24.0000,11.0000
2.0140,0.4920,0.3620,0.3160,0.1780,0.0000,0.0000,1.1600,1.0000,3.9140,155.8210,2.8660,0.0000,0.0000,0.0000,69.9040,0.0000,4376.0000,1755.0000,0.0000,25.0000,46.0000,24.0000,10.0000
2.0430,0.4960,0.4090,0.3190,0.2270,0.0000,0.0000,1.1380,1.0000,3.9140,155.8210,2.8660,0.0000,0.0000,0.0000,69.9040,0.0000,4376.0000,1755.0000,0.0000,25.0000,46.0000,24.0000,10.0000
2.1080,0.4830,0.4050,0.3110,0.2210,0.0000,0.0000,1.2200,1.0000,3.9140,155.8210,2.8660,0.0000,0.0000,0.0000,69.9040,0.0000,4376.0000,1755.0000,0.0000,25.0000,46.0000,24.0000,10.0000
2.0390,0.4850,0.4290,0.3130,0.1970,0.0000,0.0000,1.1250,1.0000,3.9140,155.8210,2.8660,0.0000,0.0000,0.0000,69.9040,0.0000,4376.0000,1755.0000,0.0000,25.0000,46.0000,24.0000,10.0000
2.2540,0.4970,0.4640,0.3270,0.2630,0.0000,0.0000,1.2930,1.0000,3.9140,155.8210,2.8660,0.0000,0.0000,0.0000,69.9345,0.0000,4379.0000,1755.0000,0.0000,25.0000,46.0000,24.0000,10.0000
2.2300,0.6930,0.3730,0.3750,0.1530,0.0000,0.0000,1.1640,1.0000,3.9140,155.8210,2.8660,0.0000,0.0000,0.0000,69.9346,0.0000,4379.0000,1755.0000,0.0000,25.0000,46.0000,24.0000,12.0000
1.9950,0.6350,0.3340,0.4390,0.1550,0.0000,0.0000,1.0260,1.0000,3.9140,155.8210,2.8660,0.0000,0.0000,0.0000,69.9340,0.0000,4379.0000,1755.0000,0.0000,25.0000,45.0000,24.0000,12.0000
2.1510,0.5520,0.3800,0.3240,0.1940,0.0000,0.0000,1.2190,1.0000,3.9140,155.8210,2.8660,0.0000,0.0000,0.0000,69.7602,0.0000,4362.0000,1755.0000,0.0000,25.0000,46.0000,24.0000,12.0000
2.0770,0.5850,0.3460,0.3180,0.1620,0.0000,0.0000,1.1460,1.0000,3.9140,155.8210,2.8660,0.0000,0.0000,0.0000,69.7593,0.0000,4362.0000,1755.0000,0.0000,25.0000,45.0000,24.0000,12.0000
2.0470,0.5340,0.3660,0.3150,0.1810,0.0000,0.0000,1.1470,1.0000,3.9140,155.8210,2.8660,0.0000,0.0000,0.0000,69.7594,0.0000,4362.0000,1755.0000,0.0000,25.0000,45.0000,24.0000,12.0000
2.1740,0.4870,0.3560,0.3160,0.1730,0.0000,0.0000,1.3310,1.0000,3.9140,155.8210,2.8660,0.0000,0.0000,0.0000,69.7654,0.0000,4363.0000,1755.0000,0.0000,25.0000,45.0000,24.0000,12.0000
2.4600,0.6800,0.4240,0.5100,0.2270,0.0000,0.0000,1.3560,1.0000,3.9140,155.8210,2.8660,0.0000,0.0000,0.0000,69.7726,0.0000,4364.0000,1755.0000,0.0000,25.0000,45.0000,24.0000,13.0000
2.8040,0.8270,0.5850,0.6140,0.3900,0.0000,0.0000,1.3920,1.0000,3.9140,155.8210,2.8660,0.0000,0.0000,0.0000,69.8764,0.0000,4386.0000,1755.0000,0.0000,25.0000,45.0000,24.0000,13.0000
2.6070,0.9460,0.4490,0.3830,0.1920,0.0000,0.0000,1.2120,1.0000,3.9140,155.8210,2.8660,0.0000,0.0000,0.0000,69.8891,0.0000,4387.0000,1755.0000,0.0000,25.0000,46.0000,24.0000,13.0000
2.5630,0.6400,0.5120,0.3470,0.2540,0.0000,0.0000,1.4110,1.0000,3.9140,155.8210,2.8660,0.0000,0.0000,0.0000,69.9099,0.0000,4389.0000,1755.0000,0.0000,25.0000,46.0000,24.0000,13.0000
2.3450,0.7060,0.3860,0.3890,0.1670,0.0000,0.0000,1.2530,1.0000,3.9140,155.8210,2.8660,0.0000,0.0000,0.0000,69.9100,0.0000,4389.0000,1755.0000,0.0000,25.0000,46.0000,24.0000,13.0000
2.3080,0.5710,0.4020,0.3260,0.2100,0.0000,0.0000,1.3350,1.0000,3.9140,155.8210,2.8660,0.0000,0.0000,0.0000,69.9196,0.0000,4390.0000,1755.0000,0.0000,25.0000,45.0000,24.0000,13.0000
2.8020,0.6350,0.4920,0.3960,0.2370,0.0000,0.0000,1.6750,1.0000,3.9140,155.8210,2.8660,0.0000,0.0000,0.0000,69.9292,0.0000,4391.0000,1755.0000,0.0000,25.0000,44.0000,24.0000,13.0000
2.5160,0.7610,0.4190,0.3480,0.1850,0.0000,0.0000,1.3360,1.0000,3.9140,155.8210,2.8660,0.0000,0.0000,0.0000,69.9293,0.0000,4391.0000,1755.0000,0.0000,25.0000,44.0000,24.0000,13.0000
2.2610,0.7460,0.3980,0.5500,0.1780,0.0000,0.0000,1.1170,1.0000,3.9140,155.8210,2.8660,0.0000,0.0000,0.0000,69.9293,0.0000,4391.0000,1755.0000,0.0000,25.0000,44.0000,24.0000,13.0000
2.5460,0.5580,0.4030,0.3250,0.1970,0.0000,0.0000,1.5850,1.0000,3.9140,155.8210,2.8660,0.0000,0.0000,0.0000,69.9293,0.0000,4391.0000,1755.0000,0.0000,25.0000,44.0000,24.0000,13.0000
3.0730,0.6550,0.5050,0.4340,0.2520,0.0000,0.0000,1.9130,1.0000,3.9140,155.8210,2.8660,0.0000,0.0000,0.0000,69.9599,0.0000,4394.0000,1755.0000,0.0000,25.0000,44.0000,24.0000,13.0000
2.6870,1.0870,0.5170,0.4570,0.2310,0.0000,0.0000,1.0830,1.0000,3.9140,155.8210,2.8660,0.0000,0.0000,0.0000,69.9709,0.0000,4395.0000,1755.0000,0.0000,25.0000,45.0000,24.0000,13.0000
2.7260,0.6000,0.5510,0.3180,0.2890,0.0000,0.0000,1.5750,1.0000,3.9140,155.8210,2.8660,0.0000,0.0000,0.0000,70.0115,0.0000,4399.0000,1755.0000,0.0000,25.0000,45.0000,24.0000,13.0000
2.2150,0.8280,0.3700,0.3270,0.1640,0.0000,0.0000,1.0170,1.0000,3.9140,155.8210,2.8660,0.0000,0.0000,0.0000,70.0116,0.0000,4399.0000,1755.0000,0.0000,25.0000,45.0000,24.0000,13.0000
2.5330,0.5050,0.3890,0.3140,0.1910,0.0000,0.0000,1.6390,1.0000,3.9140,155.8210,2.8660,0.0000,0.0000,0.0000,70.0118,0.0000,4399.0000,1755.0000,0.0000,25.0000,45.0000,24.0000,13.0000
2.5840,0.5170,0.3680,0.3280,0.1590,0.0000,0.0000,1.6990,1.0000,3.9140,155.8210,2.8660,0.0000,0.0000,0.0000,70.0118,0.0000,4399.0000,1755.0000,0.0000,25.0000,45.0000,24.0000,13.0000
2.8290,0.7150,0.4760,0.4650,0.2560,0.0000,0.0000,1.6380,1.0000,3.9140,155.8210,2.8660,0.0000,0.0000,0.0000,70.0220,0.0000,4400.0000,1755.0000,0.0000,25.0000,45.0000,24.0000,13.0000
3.4080,0.6600,0.4820,0.4010,0.2460,0.0000,0.0000,2.2660,1.0000,3.9140,155.8210,2.8660,0.0000,0.0000,0.0000,70.0227,0.0000,4400.0000,1755.0000,0.0000,25.0000,46.0000,24.0000,13.0000
2.5920,0.8140,0.5740,0.6090,0.2940,0.0000,0.0000,1.2040,1.0000,3.9140,155.8210,2.8660,0.0000,0.0000,0.0000,70.0228,0.0000,4400.0000,1755.0000,0.0000,25.0000,46.0000,24.0000,13.0000
2.5040,0.6000,0.4330,0.3390,0.2180,0.0000,0.0000,1.4710,1.0000,3.9140,155.8210,2.8660,0.0000,0.0000,0.0000,70.0431,0.0000,4402.0000,1755.0000,0.0000,25.0000,46.0000,24.0000,13.0000
2.5050,0.7400,0.4330,0.4540,0.1990,0.0000,0.0000,1.3320,1.0000,3.9140,155.8210,2.8660,0.0000,0.0000,0.0000,70.0541,0.0000,4403.0000,1755.0000,0.0000,25.0000,47.0000,24.0000,13.0000
2.3200,0.6150,0.4500,0.3420,0.2500,0.0000,0.0000,1.2550,1.0000,3.9140,155.8210,2.8660,0.0000,0.0000,0.0000,70.0645,0.0000,4404.0000,1755.0000,0.0000,25.0000,47.0000,24.0000,13.0000
2.5400,0.5780,0.4160,0.3480,0.1730,0.0000,0.0000,1.5460,1.0000,3.9140,155.8210,2.8660,0.0000,0.0000,0.0000,70.0573,0.0000,4390.0000,1755.0000,0.0000,25.0000,48.0000,24.0000,14.0000
3.5170,0.6970,0.4130,0.4930,0.2090,0.0000,0.0000,2.4070,1.0000,3.9140,155.8210,2.8660,0.0000,0.0000,0.0000,70.0676,0.0000,4391.0000,1755.0000,0.0000,25.0000,48.0000,24.0000,14.0000
2.6920,0.6470,0.6620,0.3720,0.3820,0.0000,0.0000,1.3830,1.0000,3.9140,155.8210,2.8660,0.0000,0.0000,0.0000,70.0786,0.0000,4392.0000,1755.0000,0.0000,25.0000,49.0000,24.0000,13.0000
2.7000,0.7010,0.6040,0.3710,0.3270,0.0000,0.0000,1.3950,1.0000,3.9140,155.8210,2.8660,0.0000,0.0000,0.0000,70.0889,0.0000,4393.0000,1755.0000,0.0000,25.0000,49.0000,24.0000,14.0000
3.3890,0.6250,0.5050,0.3330,0.2880,0.0000,0.0000,2.2590,1.0000,3.9140,155.8210,2.8660,0.0000,0.0000,0.0000,70.0890,0.0000,4393.0000,1755.0000,0.0000,25.0000,49.0000,24.0000,14.0000
2.8260,0.9240,0.6690,0.7160,0.4500,0.0000,0.0000,1.2330,1.0000,3.9140,155.8210,2.8660,0.0000,0.0000,0.0000,70.0891,0.0000,4393.0000,1755.0000,0.0000,25.0000,49.0000,24.0000,14.0000
2.3310,0.6860,0.4430,0.3680,0.2280,0.0000,0.0000,1.2020,1.0000,3.9140,155.8210,2.8660,0.0000,0.0000,0.0000,70.0885,0.0000,4392.0000,1755.0000,0.0000,25.0000,50.0000,24.0000,14.0000
2.5300,0.5840,0.4750,0.3680,0.1790,0.0000,0.0000,1.4710,1.0000,3.9140,155.8210,2.8660,0.0000,0.0000,0.0000,70.0892,0.0000,4392.0000,1755.0000,0.0000,25.0000,51.0000,24.0000,14.0000
2.8770,0.6200,0.4670,0.4130,0.2460,0.0000,0.0000,1.7900,1.0000,3.9140,155.8210,2.8660,0.0000,0.0000,0.0000,70.0995,0.0000,4393.0000,1755.0000,0.0000,25.0000,51.0000,24.0000,14.0000
2.3920,0.6390,0.4390,0.3540,0.2020,0.0000,0.0000,1.3140,1.0000,3.9140,155.8210,2.8660,0.0000,0.0000,0.0000,70.1091,0.0000,4394.0000,1755.0000,0.0000,25.0000,50.0000,24.0000,14.0000
2.3470,0.5890,0.4600,0.3460,0.2410,0.0000,0.0000,1.2980,1.0000,3.9140,155.8210,2.8660,0.0000,0.0000,0.0000,70.1083,0.0000,4394.0000,1755.0000,0.0000,25.0000,49.0000,24.0000,14.0000
2.6130,0.6790,0.4640,0.4590,0.2140,0.0000,0.0000,1.4700,1.0000,3.9140,155.8210,2.8660,0.0000,0.0000,0.0000,69.8564,0.0000,4370.0000,1755.0000,0.0000,25.0000,49.0000,24.0000,15.0000
2.3650,0.8200,0.4110,0.3760,0.1960,0.0000,0.0000,1.1340,1.0000,3.9140,155.8210,2.8660,0.0000,0.0000,0.0000,69.8667,0.0000,4371.0000,1755.0000,0.0000,25.0000,49.0000,24.0000,15.0000
2.2300,0.6910,0.4630,0.3770,0.2040,0.0000,0.0000,1.0760,1.0000,3.9140,155.8210,2.8660,0.0000,0.0000,0.0000,69.8765,0.0000,4372.0000,1755.0000,0.0000,25.0000,48.0000,24.0000,15.0000
2.1450,0.6350,0.3590,0.3330,0.1630,0.0000,0.0000,1.1510,1.0000,3.9140,155.8210,2.8660,0.0000,0.0000,0.0000,69.8758,0.0000,4372.0000,1755.0000,0.0000,25.0000,47.0000,24.0000,15.0000
2.1590,0.5720,0.3520,0.3330,0.1600,0.0000,0.0000,1.2350,1.0000,3.9140,155.8210,2.8660,0.0000,0.0000,0.0000,69.8766,0.0000,4372.0000,1755.0000,0.0000,25.0000,48.0000,24.0000,15.0000
3.2160,0.5070,0.6840,0.3240,0.3160,0.0000,0.0000,2.0250,1.0000,3.9140,155.8210,2.8660,0.0000,0.0000,0.0000,69.8758,0.0000,4372.0000,1755.0000,0.0000,25.0000,47.0000,24.0000,15.0000
3.6440,0.7870,0.6960,0.5120,0.3150,0.0000,0.0000,2.1610,1.0000,3.9140,155.8210,2.8660,0.0000,0.0000,0.0000,69.8871,0.0000,4373.0000,1755.0000,0.0000,25.0000,48.0000,24.0000,16.0000
2.3720,1.2130,0.4160,0.8520,0.2040,0.0000,0.0000,0.7430,1.0000,3.9140,155.8210,2.8660,0.0000,0.0000,0.0000,69.9072,0.0000,4375.0000,1755.0000,0.0000,25.0000,48.0000,24.0000,16.0000
2.1500,0.6640,0.3980,0.3800,0.2160,0.0000,0.0000,1.0880,1.0000,3.9140,155.8210,2.8660,0.0000,0.0000,0.0000,69.9080,0.0000,4375.0000,1755.0000,0.0000,25.0000,49.0000,24.0000,16.0000
2.3430,0.6520,0.4110,0.3700,0.1970,0.0000,0.0000,1.2800,1.0000,3.9140,155.8210,2.8660,0.0000,0.0000,0.0000,69.9389,0.0000,4378.0000,1755.0000,0.0000,25.0000,49.0000,24.0000,15.0000
1.9060,0.6810,0.3690,0.3440,0.1740,0.0000,0.0000,0.8560,1.0000,3.9140,155.8210,2.8660,0.0000,0.0000,0.0000,69.9507,0.0000,4379.0000,1755.0000,0.0000,25.0000,51.0000,24.0000,15.0000
2.0000,0.5150,0.3440,0.2730,0.1770,0.0000,0.0000,1.1410,1.0000,3.9140,155.8210,2.8660,0.0000,0.0000,0.0000,69.9711,0.0000,4381.0000,1755.0000,0.0000,25.0000,51.0000,24.0000,15.0000
1.8410,0.5340,0.3010,0.2700,0.1360,0.0000,0.0000,1.0060,1.0000,3.9140,155.8210,2.8660,0.0000,0.0000,0.0000,69.9719,0.0000,4381.0000,1755.0000,0.0000,25.0000,52.0000,24.0000,14.0000
1.9320,0.4790,0.3330,0.3310,0.1390,0.0000,0.0000,1.1200,1.0000,3.9140,155.8210,2.8660,0.0000,0.0000,0.0000,69.9720,0.0000,4381.0000,1755.0000,0.0000,25.0000,52.0000,24.0000,13.0000
1.7350,0.5300,0.3410,0.3810,0.1430,0.0000,0.0000,0.8640,1.0000,3.9140,155.8210,2.8660,0.0000,0.0000,0.0000,69.9721,0.0000,4381.0000,1755.0000,0.0000,25.0000,52.0000,24.0000,12.0000
2.0270,0.4290,0.3650,0.2820,0.1840,0.0000,0.0000,1.2330,1.0000,3.9140,155.8210,2.8660,0.0000,0.0000,0.0000,69.9823,0.0000,4382.0000,1755.0000,0.0000,25.0000,52.0000,24.0000,11.0000
3.1150,0.5360,0.3420,0.3530,0.1670,0.0000,0.0000,2.2370,1.0000,3.9140,155.8210,2.8660,0.0000,0.0000,0.0000,69.9823,0.0000,4382.0000,1755.0000,0.0000,25.0000,52.0000,24.0000,14.0000
2.1330,0.4990,0.4270,0.3300,0.2260,0.0000,0.0000,1.2070,1.0000,3.9140,155.8210,2.8660,0.0000,0.0000,0.0000,69.9919,0.0000,4383.0000,1755.0000,0.0000,25.0000,51.0000,24.0000,13.0000
2.0080,0.5490,0.3980,0.3450,0.1780,0.0000,0.0000,1.0610,1.0000,3.9140,155.8210,2.8660,0.0000,0.0000,0.0000,69.9921,0.0000,4383.0000,1755.0000,0.0000,25.0000,51.0000,24.0000,13.0000
1.9820,0.5650,0.3650,0.4020,0.1480,0.0000,0.0000,1.0520,1.0000,3.9140,155.8210,2.8660,0.0000,0.0000,0.0000,69.9949,0.0000,4383.0000,1755.0000,0.0000,25.0000,55.0000,24.0000,14.0000
1.7420,0.4280,0.3920,0.2780,0.1580,0.0000,0.0000,0.9220,1.0000,3.9140,155.8210,2.8660,0.0000,0.0000,0.0000,69.9949,0.0000,4383.0000,1755.0000,0.0000,25.0000,55.0000,24.0000,13.0000
1.9130,0.4970,0.3550,0.3430,0.1570,0.0000,0.0000,1.0610,1.0000,3.9140,155.8210,2.8660,0.0000,0.0000,0.0000,69.9951,0.0000,4383.0000,1755.0000,0.0000,25.0000,55.0000,24.0000,13.0000
1.8760,0.4690,0.3080,0.3090,0.1410,0.0000,0.0000,1.0990,1.0000,3.9140,155.8210,2.8660,0.0000,0.0000,0.0000,69.9944,0.0000,4383.0000,1755.0000,0.0000,25.0000,54.0000,24.0000,13.0000
1.8790,0.5980,0.4010,0.4380,0.2260,0.0000,0.0000,0.8800,1.0000,3.9140,155.8210,2.8660,0.0000,0.0000,0.0000,70.0046,0.0000,4384.0000,1755.0000,0.0000,25.0000,54.0000,24.0000,14.0000
1.8800,0.4480,0.3380,0.2580,0.1690,0.0000,0.0000,1.0940,1.0000,3.9140,155.8210,2.8660,0.0000,0.0000,0.0000,70.0149,0.0000,4385.0000,1755.0000,0.0000,25.0000,54.0000,24.0000,13.0000
1.7590,0.5750,0.3420,0.3210,0.1670,0.0000,0.0000,0.8420,1.0000,3.9140,155.8210,2.8660,0.0000,0.0000,0.0000,70.0143,0.0000,4385.0000,1755.0000,0.0000,25.0000,53.0000,24.0000,13.0000
1.7790,0.4940,0.3650,0.2710,0.1690,0.0000,0.0000,0.9200,1.0000,3.9140,155.8210,2.8660,0.0000,0.0000,0.0000,70.0247,0.0000,4386.0000,1755.0000,0.0000,25.0000,53.0000,24.0000,14.0000
1.8490,0.5530,0.3900,0.3230,0.2320,0.0000,0.0000,0.9060,1.0000,3.9140,155.8210,2.8660,0.0000,0.0000,0.0000,70.0552,0.0000,4389.0000,1755.0000,0.0000,25.0000,53.0000,24.0000,13.0000
1.7600,0.5820,0.2780,0.3320,0.1280,0.0000,0.0000,0.9000,1.0000,3.9140,155.8210,2.8660,0.0000,0.0000,0.0000,70.0538,0.0000,4389.0000,1755.0000,0.0000,25.0000,51.0000,24.0000,14.0000
1.9240,0.4650,0.3680,0.2940,0.1860,0.0000,0.0000,1.0910,1.0000,3.9140,155.8210,2.8660,0.0000,0.0000,0.0000,70.0745,0.0000,4391.0000,1755.0000,0.0000,25.0000,51.0000,24.0000,15.0000
1.7850,0.5790,0.3460,0.2980,0.1680,0.0000,0.0000,0.8600,1.0000,3.9140,155.8210,2.8660,0.0000,0.0000,0.0000,70.0858,0.0000,4393.0000,1755.0000,0.0000,25.0000,52.0000,24.0000,16.0000
1.6970,0.5080,0.3410,0.2650,0.1390,0.0000,0.0000,0.8480,1.0000,3.9140,155.8210,2.8660,0.0000,0.0000,0.0000,70.0845,0.0000,4393.0000,1755.0000,0.0000,25.0000,50.0000,24.0000,15.0000
2.0230,0.4820,0.4650,0.3320,0.2370,0.0000,0.0000,1.0760,1.0000,3.9140,155.8210,2.8660,0.0000,0.0000,0.0000,70.0948,0.0000,4394.0000,1755.0000,0.0000,25.0000,50.0000,24.0000,15.0000
2.2800,0.4790,0.3960,0.2910,0.2200,0.0000,0.0000,1.4050,1.0000,3.9140,155.8210,2.8660,0.0000,0.0000,0.0000,70.1155,0.0000,4396.0000,1755.0000,0.0000,25.0000,50.0000,24.0000,16.0000
2.2900,0.7220,0.4150,0.3260,0.1490,0.0000,0.0000,1.1530,1.0000,3.9140,155.8210,2.8660,0.0000,0.0000,0.0000,70.1149,0.0000,4396.0000,1755.0000,0.0000,25.0000,49.0000,24.0000,15.0000
2.0820,0.4990,0.3570,0.3260,0.1740,0.0000,0.0000,1.2260,1.0000,3.9140,155.8210,2.8660,0.0000,0.0000,0.0000,70.1359,0.0000,4398.0000,1755.0000,0.0000,25.0000,50.0000,24.0000,15.0000
1.8830,0.5560,0.3070,0.2660,0.1360,0.0000,0.0000,1.0200,1.0000,3.9140,155.8210,2.8660,0.0000,0.0000,0.0000,70.1345,0.0000,4398.0000,1755.0000,0.0000,25.0000,48.0000,24.0000,15.0000
1.8160,0.4690,0.3070,0.2640,0.1360,0.0000,0.0000,1.0400,1.0000,3.9140,155.8210,2.8660,0.0000,0.0000,0.0000,70.1353,0.0000,4398.0000,1755.0000,0.0000,25.0000,49.0000,24.0000,16.0000
1.8910,0.4920,0.4380,0.2810,0.1840,0.0000,0.0000,0.9610,1.0000,3.9140,155.8210,2.8660,0.0000,0.0000,0.0000,70.1346,0.0000,4398.0000,1755.0000,0.0000,25.0000,48.0000,24.0000,15.0000
1.7280,0.4930,0.3370,0.3200,0.1400,0.0000,0.0000,0.8980,1.0000,3.9140,155.8210,2.8660,0.0000,0.0000,0.0000,70.1346,0.0000,4398.0000,1755.0000,0.0000,25.0000,48.0000,24.0000,16.0000
1.8590,0.4260,0.4090,0.2750,0.2040,0.0000,0.0000,1.0240,1.0000,3.9140,155.8210,2.8660,0.0000,0.0000,0.0000,70.1449,0.0000,4399.0000,1755.0000,0.0000,25.0000,48.0000,24.0000,17.0000
1.9240,0.4460,0.3490,0.2580,0.1870,0.0000,0.0000,1.1290,1.0000,3.9140,155.8210,2.8660,0.0000,0.0000,0.0000,70.1653,0.0000,4401.0000,1755.0000,0.0000,25.0000,49.0000,24.0000,16.0000
1.9620,0.4830,0.3440,0.2610,0.1820,0.0000,0.0000,1.1350,1.0000,3.9140,155.8210,2.8660,0.0000,0.0000,0.0000,70.1647,0.0000,4401.0000,1755.0000,0.0000,25.0000,48.0000,24.0000,16.0000
2.1070,0.4360,0.3360,0.2750,0.1710,0.0000,0.0000,1.3350,1.0000,3.9140,155.8210,2.8660,0.0000,0.0000,0.0000,70.1851,0.0000,4403.0000,1755.0000,0.0000,25.0000,48.0000,24.0000,17.0000
2.6760,0.4910,0.3500,0.2580,0.1880,0.0000,0.0000,1.8350,1.0000,3.9140,155.8210,2.8660,0.0000,0.0000,0.0000,70.1852,0.0000,4403.0000,1755.0000,0.0000,25.0000,48.0000,24.0000,16.0000
3.0430,0.8770,0.5280,0.5960,0.2790,0.0000,0.0000,1.6380,1.0000,3.9140,155.8210,2.8660,0.0000,0.0000,0.0000,70.1952,0.0000,4404.0000,1755.0000,0.0000,25.0000,48.0000,24.0000,16.0000
2.2100,0.8960,0.4030,0.5420,0.1860,0.0000,0.0000,0.9110,1.0000,3.9140,155.8210,2.8660,0.0000,0.0000,0.0000,69.8629,0.0000,4372.0000,1755.0000,0.0000,25.0000,48.0000,24.0000,16.0000
2.1260,0.5450,0.4160,0.2650,0.1900,0.0000,0.0000,1.1650,1.0000,3.9140,155.8210,2.8660,0.0000,0.0000,0.0000,69.8637,0.0000,4372.0000,1755.0000,0.0000,25.0000,49.0000,24.0000,16.0000
2.2890,0.5480,0.3590,0.3810,0.1900,0.0000,0.0000,1.3820,1.0000,3.9140,155.8210,2.8660,0.0000,0.0000,0.0000,69.8944,0.0000,4375.0000,1755.0000,0.0000,25.0000,49.0000,24.0000,16.0000
2.0210,0.5360,0.3520,0.2720,0.1370,0.0000,0.0000,1.1330,1.0000,3.9140,155.8210,2.8660,0.0000,0.0000,0.0000,69.8959,0.0000,4375.0000,1755.0000,0.0000,25.0000,51.0000,24.0000,16.0000
2.6410,0.4950,0.3460,0.3380,0.1430,0.0000,0.0000,1.8000,1.0000,3.9140,155.8210,2.8660,0.0000,0.0000,0.0000,69.8960,0.0000,4375.0000,1755.0000,0.0000,25.0000,51.0000,24.0000,16.0000
2.0880,0.4960,0.3180,0.3330,0.1570,0.0000,0.0000,1.2740,1.0000,3.9140,155.8210,2.8660,0.0000,0.0000,0.0000,69.8960,0.0000,4375.0000,1755.0000,0.0000,25.0000,51.0000,24.0000,16.0000
2.5360,0.4210,0.3990,0.2610,0.2240,0.0000,0.0000,1.7160,1.0000,3.9140,155.8210,2.8660,0.0000,0.0000,0.0000,69.9273,0.0000,4378.0000,1755.0000,0.0000,25.0000,52.0000,24.0000,16.0000
2.8210,0.5910,0.5080,0.3390,0.2700,0.0000,0.0000,1.7220,1.0000,3.9140,155.8210,2.8660,0.0000,0.0000,0.0000,69.9681,0.0000,4382.0000,1755.0000,0.0000,25.0000,52.0000,24.0000,16.0000
2.7580,0.8090,0.7310,0.4450,0.5060,0.0000,0.0000,1.2180,1.0000,3.9140,155.8210,2.8660,0.0000,0.0000,0.0000,69.9867,0.0000,4384.0000,1755.0000,0.0000,25.0000,52.0000,24.0000,16.0000
2.4690,0.6460,0.4860,0.3780,0.2280,0.0000,0.0000,1.3370,1.0000,3.9140,155.8210,2.8660,0.0000,0.0000,0.0000,69.9973,0.0000,4385.0000,1755.0000,0.0000,25.0000,52.0000,24.0000,16.0000
2.6660,0.6770,0.4300,0.3740,0.2140,0.0000,0.0000,1.5590,1.0000,3.9140,155.8210,2.8660,0.0000,0.0000,0.0000,70.0067,0.0000,4386.0000,1755.0000,0.0000,25.0000,51.0000,24.0000,18.0000
2.2820,0.7180,0.4510,0.4630,0.1980,0.0000,0.0000,1.1130,1.0000,3.9140,155.8210,2.8660,0.0000,0.0000,0.0000,70.0075,0.0000,4386.0000,1755.0000,0.0000,25.0000,52.0000,24.0000,18.0000
2.6740,0.6110,0.4330,0.3990,0.1760,0.0000,0.0000,1.6300,1.0000,3.9140,155.8210,2.8660,0.0000,0.0000,0.0000,70.0076,0.0000,4386.0000,1755.0000,0.0000,25.0000,52.0000,24.0000,18.0000
2.0830,0.6440,0.4210,0.4460,0.1750,0.0000,0.0000,1.0180,1.0000,3.9140,155.8210,2.8660,0.0000,0.0000,0.0000,70.0076,0.0000,4386.0000,1755.0000,0.0000,25.0000,52.0000,24.0000,18.0000
2.0870,0.5980,0.4200,0.3880,0.1680,0.0000,0.0000,1.0690,1.0000,3.9140,155.8210,2.8660,0.0000,0.0000,0.0000,70.0083,0.0000,4386.0000,1755.0000,0.0000,25.0000,53.0000,24.0000,17.0000
2.1410,0.6300,0.3990,0.3740,0.2020,0.0000,0.0000,1.1120,1.0000,3.9140,155.8210,2.8660,0.0000,0.0000,0.0000,70.0182,0.0000,4387.0000,1755.0000,0.0000,25.0000,52.0000,24.0000,17.0000
2.3400,0.6130,0.3510,0.3370,0.1590,0.0000,0.0000,1.3760,1.0000,3.9140,155.8210,2.8660,0.0000,0.0000,0.0000,70.0189,0.0000,4387.0000,1755.0000,0.0000,25.0000,53.0000,24.0000,17.0000
3.1510,0.5510,0.6440,0.3230,0.3680,0.0000,0.0000,1.9560,1.0000,3.9140,155.8210,2.8660,0.0000,0.0000,0.0000,70.0389,0.0000,4389.0000,1755.0000,0.0000,25.0000,52.0000,24.0000,17.0000
2.4150,0.8760,0.5110,0.4490,0.2750,0.0000,0.0000,1.0280,1.0000,3.9140,155.8210,2.8660,0.0000,0.0000,0.0000,70.0478,0.0000,4390.0000,1755.0000,0.0000,25.0000,50.0000,24.0000,17.0000
2.2430,0.6320,0.4180,0.3790,0.1970,0.0000,0.0000,1.1930,1.0000,3.9140,155.8210,2.8660,0.0000,0.0000,0.0000,70.0479,0.0000,4390.0000,1755.0000,0.0000,25.0000,50.0000,24.0000,17.0000
2.1700,0.5570,0.3970,0.3230,0.2020,0.0000,0.0000,1.2160,1.0000,3.9140,155.8210,2.8660,0.0000,0.0000,0.0000,70.0679,0.0000,4392.0000,1755.0000,0.0000,25.0000,49.0000,24.0000,17.0000
2.2600,0.6010,0.4500,0.3220,0.2590,0.0000,0.0000,1.2090,1.0000,3.9140,155.8210,2.8660,0.0000,0.0000,0.0000,70.0782,0.0000,4393.0000,1755.0000,0.0000,25.0000,49.0000,24.0000,17.0000
2.3220,0.5870,0.5390,0.3530,0.3330,0.0000,0.0000,1.1960,1.0000,3.9140,155.8210,2.8660,0.0000,0.0000,0.0000,70.0777,0.0000,4393.0000,1755.0000,0.0000,25.0000,48.0000,24.0000,17.0000
3.6570,0.6530,0.4640,0.4380,0.2610,0.0000,0.0000,2.5400,1.0000,3.9140,155.8210,2.8660,0.0000,0.0000,0.0000,70.1189,0.0000,4397.0000,1755.0000,0.0000,25.0000,49.0000,24.0000,17.0000
2.2740,0.7710,0.4860,0.3480,0.1800,0.0000,0.0000,1.0170,1.0000,3.9140,155.8210,2.8660,0.0000,0.0000,0.0000,70.1190,0.0000,4397.0000,1755.0000,0.0000,25.0000,49.0000,24.0000,17.0000
2.3760,0.6160,0.4590,0.3970,0.2130,0.0000,0.0000,1.3010,1.0000,3.9140,155.8210,2.8660,0.0000,0.0000,0.0000,70.1500,0.0000,4400.0000,1755.0000,0.0000,25.0000,49.0000,24.0000,17.0000
2.0630,0.6980,0.3580,0.3260,0.1590,0.0000,0.0000,1.0070,1.0000,3.9140,155.8210,2.8660,0.0000,0.0000,0.0000,70.1500,0.0000,4400.0000,1755.0000,0.0000,25.0000,49.0000,24.0000,17.0000
2.0860,0.5270,0.3460,0.3350,0.1560,0.0000,0.0000,1.2130,1.0000,3.9140,155.8210,2.8660,0.0000,0.0000,0.0000,70.1503,0.0000,4400.0000,1755.0000,0.0000,25.0000,49.0000,24.0000,18.0000
2.0620,0.5520,0.3640,0.3630,0.1740,0.0000,0.0000,1.1460,1.0000,3.9140,155.8210,2.8660,0.0000,0.0000,0.0000,70.1503,0.0000,4400.0000,1755.0000,0.0000,25.0000,49.0000,24.0000,18.0000
2.4020,0.5220,0.4100,0.3220,0.2230,0.0000,0.0000,1.4700,1.0000,3.9140,155.8210,2.8660,0.0000,0.0000,0.0000,70.1802,0.0000,4403.0000,1755.0000,0.0000,25.0000,48.0000,24.0000,18.0000
2.4760,0.7560,0.4260,0.4450,0.2000,0.0000,0.0000,1.2940,1.0000,3.9140,155.8210,2.8660,0.0000,0.0000,0.0000,70.2005,0.0000,4405.0000,1755.0000,0.0000,25.0000,48.0000,24.0000,18.0000
2.1640,0.7290,0.4230,0.3670,0.2140,0.0000,0.0000,1.0120,1.0000,3.9140,155.8210,2.8660,0.0000,0.0000,0.0000,70.2001,0.0000,4405.0000,1755.0000,0.0000,25.0000,47.0000,24.0000,18.0000
2.3610,0.5390,0.4410,0.3330,0.2510,0.0000,0.0000,1.3810,1.0000,3.9140,155.8210,2.8660,0.0000,0.0000,0.0000,70.2197,0.0000,4407.0000,1755.0000,0.0000,25.0000,46.0000,24.0000,18.0000
2.3600,0.7040,0.4390,0.3970,0.2070,0.0000,0.0000,1.2170,1.0000,3.9140,155.8210,2.8660,0.0000,0.0000,0.0000,70.2496,0.0000,4410.0000,1755.0000,0.0000,25.0000,45.0000,24.0000,18.0000
2.3190,0.7390,0.4110,0.3240,0.2120,0.0000,0.0000,1.1690,1.0000,3.9140,155.8210,2.8660,0.0000,0.0000,0.0000,70.2497,0.0000,4410.0000,1755.0000,0.0000,25.0000,45.0000,24.0000,18.0000
2.2060,0.6050,0.4030,0.3900,0.1970,0.0000,0.0000,1.1980,1.0000,3.9140,155.8210,2.8660,0.0000,0.0000,0.0000,70.2506,0.0000,4410.0000,1755.0000,0.0000,25.0000,46.0000,24.0000,18.0000
2.3540,0.5300,0.4320,0.3330,0.2020,0.0000,0.0000,1.3920,1.0000,3.9140,155.8210,2.8660,0.0000,0.0000,0.0000,70.2708,0.0000,4412.0000,1755.0000,0.0000,25.0000,46.0000,24.0000,18.0000
2.5160,0.7050,0.3780,0.3240,0.1860,0.0000,0.0000,1.4330,1.0000,3.9140,155.8210,2.8660,0.0000,0.0000,0.0000,70.2811,0.0000,4413.0000,1755.0000,0.0000,25.0000,46.0000,24.0000,18.0000
2.4840,0.6420,0.4890,0.3470,0.2210,0.0000,0.0000,1.3530,1.0000,3.9140,155.8210,2.8660,0.0000,0.0000,0.0000,70.3015,0.0000,4415.0000,1755.0000,0.0000,25.0000,46.0000,24.0000,18.0000
2.4650,0.7260,0.4360,0.3340,0.2380,0.0000,0.0000,1.3030,1.0000,3.9140,155.8210,2.8660,0.0000,0.0000,0.0000,70.3217,0.0000,4417.0000,1755.0000,0.0000,25.0000,46.0000,24.0000,17.0000
2.4320,0.7200,0.4550,0.4040,0.2450,0.0000,0.0000,1.2570,1.0000,3.9140,155.8210,2.8660,0.0000,0.0000,0.0000,69.9521,0.0000,4381.0000,1755.0000,0.0000,25.0000,46.0000,24.0000,17.0000
2.1880,0.6350,0.3490,0.3930,0.1560,0.0000,0.0000,1.2040,1.0000,3.9140,155.8210,2.8660,0.0000,0.0000,0.0000,69.9515,0.0000,4381.0000,1755.0000,0.0000,25.0000,45.0000,24.0000,17.0000
2.1010,0.5510,0.3440,0.3180,0.1540,0.0000,0.0000,1.2060,1.0000,3.9140,155.8210,2.8660,0.0000,0.0000,0.0000,69.9516,0.0000,4381.0000,1755.0000,0.0000,25.0000,45.0000,24.0000,17.0000
2.3670,0.5650,0.4670,0.3190,0.2790,0.0000,0.0000,1.3350,1.0000,3.9140,155.8210,2.8660,0.0000,0.0000,0.0000,69.9824,0.0000,4384.0000,1755.0000,0.0000,25.0000,45.0000,24.0000,18.0000
2.1070,0.6540,0.3950,0.3350,0.1970,0.0000,0.0000,1.0580,1.0000,3.9140,155.8210,2.8660,0.0000,0.0000,0.0000,69.9817,0.0000,4384.0000,1755.0000,0.0000,25.0000,44.0000,24.0000,18.0000
2.2720,0.5670,0.4080,0.3800,0.1870,0.0000,0.0000,1.2970,1.0000,3.9140,155.8210,2.8660,0.0000,0.0000,0.0000,69.9921,0.0000,4385.0000,1755.0000,0.0000,25.0000,44.0000,24.0000,18.0000
2.2760,0.6070,0.3810,0.3680,0.1950,0.0000,0.0000,1.2880,1.0000,3.9140,155.8210,2.8660,0.0000,0.0000,0.0000,70.0024,0.0000,4386.0000,1755.0000,0.0000,25.0000,44.0000,24.0000,18.0000
2.0580,0.5930,0.3630,0.3110,0.1770,0.0000,0.0000,1.1020,1.0000,3.9140,155.8210,2.8660,0.0000,0.0000,0.0000,70.0025,0.0000,4386.0000,1755.0000,0.0000,25.0000,44.0000,24.0000,18.0000
2.1730,0.5060,0.3810,0.3120,0.1990,0.0000,0.0000,1.2860,1.0000,3.9140,155.8210,2.8660,0.0000,0.0000,0.0000,70.0128,0.0000,4387.0000,1755.0000,0.0000,25.0000,44.0000,24.0000,18.0000
2.0720,0.6190,0.4190,0.3930,0.2240,0.0000,0.0000,1.0340,1.0000,3.9140,155.8210,2.8660,0.0000,0.0000,0.0000,70.0231,0.0000,4388.0000,1755.0000,0.0000,25.0000,44.0000,24.0000,18.0000
2.2280,0.5440,0.4350,0.3190,0.2410,0.0000,0.0000,1.2490,1.0000,3.9140,155.8210,2.8660,0.0000,0.0000,0.0000,70.0224,0.0000,4388.0000,1755.0000,0.0000,25.0000,43.0000,24.0000,18.0000
2.1110,0.6450,0.4230,0.3920,0.1880,0.0000,0.0000,1.0430,1.0000,3.9140,155.8210,2.8660,0.0000,0.0000,0.0000,70.0327,0.0000,4389.0000,1755.0000,0.0000,25.0000,43.0000,24.0000,17.0000
2.2380,0.5980,0.4090,0.3550,0.2020,0.0000,0.0000,1.2310,1.0000,3.9140,155.8210,2.8660,0.0000,0.0000,0.0000,70.0533,0.0000,4391.0000,1755.0000,0.0000,25.0000,43.0000,24.0000,17.0000
2.1300,0.6350,0.3790,0.3130,0.1900,0.0000,0.0000,1.1160,1.0000,3.9140,155.8210,2.8660,0.0000,0.0000,0.0000,70.0636,0.0000,4392.0000,1755.0000,0.0000,25.0000,43.0000,24.0000,17.0000
2.1590,0.5950,0.4420,0.3590,0.2300,0.0000,0.0000,1.1220,1.0000,3.9140,155.8210,2.8660,0.0000,0.0000,0.0000,70.0637,0.0000,4392.0000,1755.0000,0.0000,25.0000,43.0000,24.0000,16.0000
2.6510,0.5260,0.5510,0.3240,0.2980,0.0000,0.0000,1.5740,1.0000,3.9140,155.8210,2.8660,0.0000,0.0000,0.0000,70.1045,0.0000,4396.0000,1755.0000,0.0000,25.0000,43.0000,24.0000,16.0000
2.1410,0.8500,0.3930,0.3570,0.1920,0.0000,0.0000,0.8980,1.0000,3.9140,155.8210,2.8660,0.0000,0.0000,0.0000,70.1148,0.0000,4397.0000,1755.0000,0.0000,25.0000,43.0000,24.0000,16.0000
2.5240,0.5600,0.7370,0.3140,0.2510,0.0000,0.0000,1.2270,1.0000,3.9140,155.8210,2.8660,0.0000,0.0000,0.0000,70.1252,0.0000,4398.0000,1755.0000,0.0000,25.0000,43.0000,24.0000,16.0000
2.4900,0.6700,0.3860,0.3650,0.1590,0.0000,0.0000,1.4340,1.0000,3.9140,155.8210,2.8660,0.0000,0.0000,0.0000,70.1253,0.0000,4398.0000,1755.0000,0.0000,25.0000,43.0000,24.0000,16.0000
2.0300,1.0290,0.3810,0.3140,0.2020,0.0000,0.0000,0.6200,1.0000,3.9140,155.8210,2.8660,0.0000,0.0000,0.0000,70.1254,0.0000,4398.0000,1755.0000,0.0000,25.0000,43.0000,24.0000,16.0000
2.3130,0.5290,0.4160,0.3310,0.2230,0.0000,0.0000,1.3680,1.0000,3.9140,155.8210,2.8660,0.0000,0.0000,0.0000,70.1247,0.0000,4398.0000,1755.0000,0.0000,25.0000,42.0000,24.0000,17.0000
2.5260,0.6060,0.4990,0.3490,0.2850,0.0000,0.0000,1.4210,1.0000,3.9140,155.8210,2.8660,0.0000,0.0000,0.0000,70.1449,0.0000,4400.0000,1755.0000,0.0000,25.0000,42.0000,24.0000,17.0000
2.1970,0.6880,0.3970,0.3740,0.1990,0.0000,0.0000,1.1120,1.0000,3.9140,155.8210,2.8660,0.0000,0.0000,0.0000,70.1654,0.0000,4402.0000,1755.0000,0.0000,25.0000,42.0000,24.0000,17.0000
2.0670,0.5860,0.3380,0.3090,0.1520,0.0000,0.0000,1.1430,1.0000,3.9140,155.8210,2.8660,0.0000,0.0000,0.0000,70.1655,0.0000,4402.0000,1755.0000,0.0000,25.0000,42.0000,24.0000,17.0000
2.2540,0.5040,0.4140,0.3090,0.2110,0.0000,0.0000,1.3360,1.0000,3.9140,155.8210,2.8660,0.0000,0.0000,0.0000,70.1859,0.0000,4404.0000,1755.0000,0.0000,25.0000,42.0000,24.0000,17.0000
2.1430,0.7180,0.3990,0.4480,0.1590,0.0000,0.0000,1.0260,1.0000,3.9140,155.8210,2.8660,0.0000,0.0000,0.0000,70.1860,0.0000,4404.0000,1755.0000,0.0000,25.0000,42.0000,24.0000,17.0000
2.3560,0.5750,0.4070,0.3780,0.1920,0.0000,0.0000,1.3740,1.0000,3.9140,155.8210,2.8660,0.0000,0.0000,0.0000,70.1964,0.0000,4405.0000,1755.0000,0.0000,25.0000,42.0000,24.0000,17.0000
2.0070,0.6940,0.3460,0.3360,0.1550,0.0000,0.0000,0.9670,1.0000,3.9140,155.8210,2.8660,0.0000,0.0000,0.0000,70.1964,0.0000,4405.0000,1755.0000,0.0000,25.0000,42.0000,24.0000,17.0000
2.0960,0.5550,0.3430,0.3120,0.1540,0.0000,0.0000,1.1980,1.0000,3.9140,155.8210,2.8660,0.0000,0.0000,0.0000,70.1957,0.0000,4405.0000,1755.0000,0.0000,25.0000,41.0000,24.0000,17.0000
2.3080,0.5570,0.3910,0.3150,0.2040,0.0000,0.0000,1.3600,1.0000,3.9140,155.8210,2.8660,0.0000,0.0000,0.0000,70.2262,0.0000,4408.0000,1755.0000,0.0000,25.0000,41.0000,24.0000,17.0000
2.1880,0.7650,0.4580,0.4260,0.2220,0.0000,0.0000,0.9650,1.0000,3.9140,155.8210,2.8660,0.0000,0.0000,0.0000,70.2358,0.0000,4409.0000,1755.0000,0.0000,25.0000,40.0000,24.0000,17.0000
2.6020,0.6150,0.5520,0.3820,0.1800,0.0000,0.0000,1.4350,1.0000,3.9140,155.8210,2.8660,0.0000,0.0000,0.0000,70.2359,0.0000,4409.0000,1755.0000,0.0000,25.0000,40.0000,24.0000,17.0000
2.0150,0.5470,0.3500,0.3160,0.1640,0.0000,0.0000,1.1180,1.0000,3.9140,155.8210,2.8660,0.0000,0.0000,0.0000,70.2360,0.0000,4409.0000,1755.0000,0.0000,25.0000,40.0000,24.0000,17.0000
2.2320,0.5250,0.3920,0.3180,0.2040,0.0000,0.0000,1.3150,1.0000,3.9140,155.8210,2.8660,0.0000,0.0000,0.0000,70.2470,0.0000,4410.0000,1755.0000,0.0000,25.0000,41.0000,24.0000,17.0000
2.3480,0.6360,0.4410,0.3980,0.2360,0.0000,0.0000,1.2710,1.0000,3.9140,155.8210,2.8660,0.0000,0.0000,0.0000,70.2572,0.0000,4411.0000,1755.0000,0.0000,25.0000,41.0000,24.0000,17.0000
2.3810,0.6430,0.4130,0.4040,0.2050,0.0000,0.0000,1.3250,1.0000,3.9140,155.8210,2.8660,0.0000,0.0000,0.0000,70.2874,0.0000,4414.0000,1755.0000,0.0000,25.0000,40.0000,24.0000,17.0000
2.2040,0.6870,0.3810,0.3190,0.1870,0.0000,0.0000,1.1360,1.0000,3.9140,155.8210,2.8660,0.0000,0.0000,0.0000,70.2874,0.0000,4414.0000,1755.0000,0.0000,25.0000,40.0000,24.0000,16.0000
2.1320,0.5630,0.4770,0.3610,0.2040,0.0000,0.0000,1.0920,1.0000,3.9140,155.8210,2.8660,0.0000,0.0000,0.0000,70.2876,0.0000,4414.0000,1755.0000,0.0000,25.0000,40.0000,24.0000,16.0000
2.2530,0.5940,0.4520,0.3890,0.2080,0.0000,0.0000,1.2070,1.0000,3.9140,155.8210,2.8660,0.0000,0.0000,0.0000,70.3081,0.0000,4416.0000,1755.0000,0.0000,25.0000,40.0000,24.0000,16.0000
2.2300,0.7040,0.3990,0.3730,0.1910,0.0000,0.0000,1.1270,1.0000,3.9140,155.8210,2.8660,0.0000,0.0000,0.0000,70.3184,0.0000,4417.0000,1755.0000,0.0000,25.0000,40.0000,24.0000,16.0000
2.0940,0.6250,0.3460,0.3120,0.1540,0.0000,0.0000,1.1230,1.0000,3.9140,155.8210,2.8660,0.0000,0.0000,0.0000,70.3178,0.0000,4417.0000,1755.0000,0.0000,25.0000,39.0000,24.0000,16.0000
2.1050,0.5680,0.3930,0.3140,0.1980,0.0000,0.0000,1.1440,1.0000,3.9140,155.8210,2.8660,0.0000,0.0000,0.0000,70.3379,0.0000,4419.0000,1755.0000,0.0000,25.0000,39.0000,24.0000,16.0000
2.1670,0.6260,0.3570,0.3320,0.1660,0.0000,0.0000,1.1840,1.0000,3.9140,155.8210,2.8660,0.0000,0.0000,0.0000,69.9057,0.0000,4377.0000,1755.0000,0.0000,25.0000,38.0000,24.0000,16.0000
2.7960,0.5890,0.5610,0.3850,0.2280,0.0000,0.0000,1.6460,1.0000,3.9140,155.8210,2.8660,0.0000,0.0000,0.0000,69.9070,0.0000,4377.0000,1755.0000,0.0000,25.0000,40.0000,24.0000,16.0000
2.1860,0.7580,0.4380,0.4310,0.2440,0.0000,0.0000,0.9900,1.0000,3.9140,155.8210,2.8660,0.0000,0.0000,0.0000,69.9070,0.0000,4377.0000,1755.0000,0.0000,25.0000,40.0000,24.0000,16.0000
2.2310,0.5380,0.4460,0.3360,0.2460,0.0000,0.0000,1.2470,1.0000,3.9140,155.8210,2.8660,0.0000,0.0000,0.0000,69.9269,0.0000,4379.0000,1755.0000,0.0000,25.0000,39.0000,24.0000,16.0000
2.4340,0.6900,0.3790,0.3830,0.1570,0.0000,0.0000,1.3650,1.0000,3.9140,155.8210,2.8660,0.0000,0.0000,0.0000,69.9268,0.0000,4379.0000,1755.0000,0.0000,25.0000,39.0000,24.0000,17.0000
2.3250,0.6480,0.4070,0.4280,0.2050,0.0000,0.0000,1.2700,1.0000,3.9140,155.8210,2.8660,0.0000,0.0000,0.0000,69.9481,0.0000,4381.0000,1755.0000,0.0000,25.0000,40.0000,24.0000,17.0000
2.2400,0.6670,0.3620,0.3930,0.1590,0.0000,0.0000,1.2110,1.0000,3.9140,155.8210,2.8660,0.0000,0.0000,0.0000,69.9474,0.0000,4381.0000,1755.0000,0.0000,25.0000,39.0000,24.0000,16.0000
2.3800,0.6100,0.4430,0.4140,0.2120,0.0000,0.0000,1.3270,1.0000,3.9140,155.8210,2.8660,0.0000,0.0000,0.0000,69.9678,0.0000,4383.0000,1755.0000,0.0000,25.0000,39.0000,24.0000,17.0000
1.9470,0.7490,0.3480,0.3660,0.1400,0.0000,0.0000,0.8500,1.0000,3.9140,155.8210,2.8660,0.0000,0.0000,0.0000,69.9679,0.0000,4383.0000,1755.0000,0.0000,25.0000,39.0000,24.0000,17.0000
1.7450,0.6360,0.3060,0.4060,0.1410,0.0000,0.0000,0.8030,1.0000,3.9140,155.8210,2.8660,0.0000,0.0000,0.0000,69.9687,0.0000,4383.0000,1755.0000,0.0000,25.0000,40.0000,24.0000,17.0000
1.9990,0.4590,0.3480,0.2890,0.1600,0.0000,0.0000,1.1920,1.0000,3.9140,155.8210,2.8660,0.0000,0.0000,0.0000,69.9789,0.0000,4384.0000,1755.0000,0.0000,25.0000,40.0000,24.0000,17.0000
1.9520,0.6620,0.3640,0.4770,0.1390,0.0000,0.0000,0.9260,1.0000,3.9140,155.8210,2.8660,0.0000,0.0000,0.0000,69.9789,0.0000,4384.0000,1755.0000,0.0000,25.0000,40.0000,24.0000,17.0000
1.9510,0.5230,0.3590,0.2990,0.1620,0.0000,0.0000,1.0690,1.0000,3.9140,155.8210,2.8660,0.0000,0.0000,0.0000,69.9899,0.0000,4385.0000,1755.0000,0.0000,25.0000,41.0000,24.0000,17.0000
2.0590,0.5480,0.3410,0.3420,0.1650,0.0000,0.0000,1.1700,1.0000,3.9140,155.8210,2.8660,0.0000,0.0000,0.0000,69.9894,0.0000,4385.0000,1755.0000,0.0000,25.0000,40.0000,24.0000,18.0000
1.8910,0.7580,0.3820,0.5720,0.1850,0.0000,0.0000,0.7510,1.0000,3.9140,155.8210,2.8660,0.0000,0.0000,0.0000,70.0018,0.0000,4386.0000,1755.0000,0.0000,25.0000,41.0000,24.0000,18.0000
1.8710,0.5220,0.4040,0.3260,0.2310,0.0000,0.0000,0.9450,1.0000,3.9140,155.8210,2.8660,0.0000,0.0000,0.0000,70.0024,0.0000,4386.0000,1755.0000,0.0000,25.0000,42.0000,24.0000,18.0000
1.8800,0.4930,0.3580,0.3340,0.1940,0.0000,0.0000,1.0290,1.0000,3.9140,155.8210,2.8660,0.0000,0.0000,0.0000,70.0453,0.0000,4390.0000,1755.0000,0.0000,25.0000,43.0000,24.0000,18.0000
1.6570,0.5520,0.2870,0.2650,0.1300,0.0000,0.0000,0.8180,1.0000,3.9140,155.8210,2.8660,0.0000,0.0000,0.0000,70.0446,0.0000,4390.0000,1755.0000,0.0000,25.0000,42.0000,24.0000,18.0000
1.9280,0.4130,0.2860,0.2560,0.1290,0.0000,0.0000,1.2290,1.0000,3.9140,155.8210,2.8660,0.0000,0.0000,0.0000,70.0455,0.0000,4390.0000,1755.0000,0.0000,25.0000,43.0000,24.0000,18.0000
2.1060,0.6290,0.3430,0.3400,0.1700,0.0000,0.0000,1.1340,1.0000,3.9140,155.8210,2.8660,0.0000,0.0000,0.0000,70.0661,0.0000,4392.0000,1755.0000,0.0000,25.0000,43.0000,24.0000,18.0000
1.8070,0.5770,0.3120,0.2920,0.1530,0.0000,0.0000,0.9180,1.0000,3.9140,155.8210,2.8660,0.0000,0.0000,0.0000,70.0765,0.0000,4393.0000,1755.0000,0.0000,25.0000,43.0000,24.0000,18.0000
1.9330,0.4930,0.2970,0.2580,0.1330,0.0000,0.0000,1.1430,1.0000,3.9140,155.8210,2.8660,0.0000,0.0000,0.0000,70.0766,0.0000,4393.0000,1755.0000,0.0000,25.0000,43.0000,24.0000,18.0000
1.8310,0.4820,0.3450,0.3000,0.1560,0.0000,0.0000,1.0040,1.0000,3.9140,155.8210,2.8660,0.0000,0.0000,0.0000,70.0870,0.0000,4394.0000,1755.0000,0.0000,25.0000,43.0000,24.0000,18.0000
1.8390,0.5080,0.3950,0.3190,0.2160,0.0000,0.0000,0.9360,1.0000,3.9140,155.8210,2.8660,0.0000,0.0000,0.0000,70.1090,0.0000,4396.0000,1755.0000,0.0000,25.0000,45.0000,24.0000,18.0000
1.9570,0.5000,0.3630,0.2730,0.1750,0.0000,0.0000,1.0940,1.0000,3.9140,155.8210,2.8660,0.0000,0.0000,0.0000,70.1297,0.0000,4398.0000,1755.0000,0.0000,25.0000,45.0000,24.0000,18.0000
1.8300,0.5640,0.3370,0.2680,0.1800,0.0000,0.0000,0.9290,1.0000,3.9140,155.8210,2.8660,0.0000,0.0000,0.0000,70.1604,0.0000,4401.0000,1755.0000,0.0000,25.0000,45.0000,24.0000,18.0000
1.8220,0.5150,0.2800,0.2580,0.1260,0.0000,0.0000,1.0270,1.0000,3.9140,155.8210,2.8660,0.0000,0.0000,0.0000,70.1599,0.0000,4401.0000,1755.0000,0.0000,25.0000,44.0000,24.0000,18.0000
1.8960,0.4240,0.2960,0.2570,0.1270,0.0000,0.0000,1.1760,1.0000,3.9140,155.8210,2.8660,0.0000,0.0000,0.0000,70.1593,0.0000,4401.0000,1755.0000,0.0000,25.0000,43.0000,24.0000,18.0000
1.8110,0.4930,0.3260,0.3200,0.1610,0.0000,0.0000,0.9920,1.0000,3.9140,155.8210,2.8660,0.0000,0.0000,0.0000,70.1806,0.0000,4403.0000,1755.0000,0.0000,25.0000,44.0000,24.0000,18.0000
1.6530,0.5270,0.3120,0.2610,0.1260,0.0000,0.0000,0.8140,1.0000,3.9140,155.8210,2.8660,0.0000,0.0000,0.0000,70.1812,0.0000,4403.0000,1755.0000,0.0000,25.0000,45.0000,24.0000,18.0000
2.0690,0.4340,0.3160,0.2700,0.1620,0.0000,0.0000,1.3190,1.0000,3.9140,155.8210,2.8660,0.0000,0.0000,0.0000,70.1923,0.0000,4404.0000,1755.0000,0.0000,25.0000,46.0000,24.0000,18.0000
1.8370,0.4580,0.3710,0.2640,0.1740,0.0000,0.0000,1.0080,1.0000,3.9140,155.8210,2.8660,0.0000,0.0000,0.0000,70.1923,0.0000,4404.0000,1755.0000,0.0000,25.0000,46.0000,24.0000,18.0000
1.9170,0.4280,0.2850,0.2580,0.1260,0.0000,0.0000,1.2040,1.0000,3.9140,155.8210,2.8660,0.0000,0.0000,0.0000,70.1924,0.0000,4404.0000,1755.0000,0.0000,25.0000,46.0000,24.0000,18.0000
1.9200,0.4300,0.3580,0.2590,0.1850,0.0000,0.0000,1.1320,1.0000,3.9140,155.8210,2.8660,0.0000,0.0000,0.0000,70.2119,0.0000,4406.0000,1755.0000,0.0000,25.0000,45.0000,24.0000,19.0000
1.8200,0.5570,0.3090,0.3280,0.1390,0.0000,0.0000,0.9540,1.0000,1.5600,4.1850,3.5300,0.0000,0.0000,0.0000,70.2112,0.0000,4406.0000,1755.0000,0.0000,25.0000,44.0000,24.0000,19.0000
1.7920,0.4610,0.3020,0.2580,0.1300,0.0000,0.0000,1.0290,1.0000,1.5600,4.1850,3.5300,0.0000,0.0000,0.0000,70.2120,0.0000,4406.0000,1755.0000,0.0000,25.0000,45.0000,24.0000,19.0000
1.8170,0.5670,0.3390,0.3640,0.1310,0.0000,0.0000,0.9110,1.0000,1.5600,4.1850,3.5300,0.0000,0.0000,0.0000,70.2120,0.0000,4406.0000,1755.0000,0.0000,25.0000,45.0000,24.0000,19.0000
1.9420,0.4680,0.4000,0.3050,0.2170,0.0000,0.0000,1.0740,1.0000,1.5600,4.1850,3.5300,0.0000,0.0000,0.0000,70.2231,0.0000,4407.0000,1755.0000,0.0000,25.0000,46.0000,24.0000,19.0000
1.7540,0.4700,0.3720,0.2700,0.1860,0.0000,0.0000,0.9120,1.0000,1.5600,4.1850,3.5300,0.0000,0.0000,0.0000,70.2224,0.0000,4407.0000,1755.0000,0.0000,25.0000,45.0000,24.0000,19.0000
2.0560,0.4300,0.3800,0.2580,0.2220,0.0000,0.0000,1.2460,1.0000,1.5600,4.1850,3.5300,0.0000,0.0000,0.0000,70.2531,0.0000,4410.0000,1755.0000,0.0000,25.0000,45.0000,24.0000,19.0000
1.7700,0.5240,0.3230,0.2560,0.1420,0.0000,0.0000,0.9230,1.0000,1.5600,4.1850,3.5300,0.0000,0.0000,0.0000,70.2531,0.0000,4410.0000,1755.0000,0.0000,25.0000,45.0000,24.0000,19.0000
1.8470,0.4370,0.2900,0.2600,0.1270,0.0000,0.0000,1.1200,1.0000,1.5600,4.1850,3.5300,0.0000,0.0000,0.0000,70.2526,0.0000,4410.0000,1755.0000,0.0000,25.0000,44.0000,24.0000,19.0000
1.9250,0.4800,0.3670,0.2590,0.1830,0.0000,0.0000,1.0780,1.0000,1.5600,4.1850,3.5300,0.0000,0.0000,0.0000,70.2728,0.0000,4412.0000,1755.0000,0.0000,25.0000,44.0000,24.0000,19.0000
2.4730,0.6010,0.5200,0.2950,0.3460,0.0000,0.0000,1.3520,1.0000,1.5600,4.1850,3.5300,0.0000,0.0000,0.0000,70.3338,0.0000,4418.0000,1755.0000,0.0000,25.0000,44.0000,24.0000,18.0000
2.1000,0.7080,0.4950,0.2920,0.2520,0.0000,0.0000,0.8970,1.0000,1.5600,4.1850,3.5300,0.0000,0.0000,0.0000,70.3429,0.0000,4419.0000,1755.0000,0.0000,25.0000,42.0000,24.0000,18.0000
1.9730,0.4840,0.4010,0.2730,0.2080,0.0000,0.0000,1.0880,1.0000,1.5600,4.1850,3.5300,0.0000,0.0000,0.0000,70.3635,0.0000,4421.0000,1755.0000,0.0000,25.0000,42.0000,24.0000,18.0000
1.8350,0.4950,0.3290,0.2480,0.1710,0.0000,0.0000,1.0110,1.0000,1.5600,4.1850,3.5300,0.0000,0.0000,0.0000,70.3845,0.0000,4423.0000,1755.0000,0.0000,25.0000,43.0000,24.0000,18.0000
1.9390,0.4980,0.3340,0.2560,0.1710,0.0000,0.0000,1.1070,1.0000,1.5600,4.1850,3.5300,0.0000,0.0000,0.0000,70.3839,0.0000,4423.0000,1755.0000,0.0000,25.0000,42.0000,24.0000,18.0000
1.7730,0.4950,0.3290,0.2640,0.1610,0.0000,0.0000,0.9490,1.0000,1.5600,4.1850,3.5300,0.0000,0.0000,0.0000,70.3948,0.0000,4424.0000,1755.0000,0.0000,25.0000,43.0000,24.0000,18.0000
1.9160,0.4850,0.3360,0.2630,0.1550,0.0000,0.0000,1.0950,1.0000,1.5600,4.1850,3.5300,0.0000,0.0000,0.0000,69.9838,0.0000,4384.0000,1755.0000,0.0000,25.0000,44.0000,24.0000,18.0000
1.6720,0.4870,0.2970,0.2650,0.1270,0.0000,0.0000,0.8880,1.0000,1.5600,4.1850,3.5300,0.0000,0.0000,0.0000,69.9838,0.0000,4384.0000,1755.0000,0.0000,25.0000,44.0000,24.0000,18.0000
1.8310,0.4770,0.3760,0.3160,0.2020,0.0000,0.0000,0.9780,1.0000,1.5600,4.1850,3.5300,0.0000,0.0000,0.0000,69.9944,0.0000,4385.0000,1755.0000,0.0000,25.0000,44.0000,24.0000,18.0000
1.8030,0.5150,0.3100,0.3220,0.1550,0.0000,0.0000,0.9780,1.0000,1.5600,4.1850,3.5300,0.0000,0.0000,0.0000,69.9951,0.0000,4385.0000,1755.0000,0.0000,25.0000,45.0000,24.0000,18.0000
1.8630,0.4240,0.3080,0.2590,0.1510,0.0000,0.0000,1.1310,1.0000,1.5600,4.1850,3.5300,0.0000,0.0000,0.0000,70.0047,0.0000,4386.0000,1755.0000,0.0000,25.0000,44.0000,24.0000,18.0000
2.2330,0.5080,0.4490,0.2740,0.2010,0.0000,0.0000,1.2760,1.0000,1.5600,4.1850,3.5300,0.0000,0.0000,0.0000,70.0047,0.0000,4386.0000,1755.0000,0.0000,25.0000,44.0000,24.0000,18.0000
1.7340,0.5240,0.2970,0.3440,0.1280,0.0000,0.0000,0.9130,1.0000,1.5600,4.1850,3.5300,0.0000,0.0000,0.0000,70.0055,0.0000,4386.0000,1755.0000,0.0000,25.0000,45.0000,24.0000,19.0000
1.7510,0.4240,0.3220,0.2590,0.1580,0.0000,0.0000,1.0050,1.0000,1.5600,4.1850,3.5300,0.0000,0.0000,0.0000,70.0150,0.0000,4387.0000,1755.0000,0.0000,25.0000,44.0000,24.0000,19.0000
1.6950,0.5040,0.3110,0.2590,0.1260,0.0000,0.0000,0.8800,1.0000,1.5600,4.1850,3.5300,0.0000,0.0000,0.0000,70.0144,0.0000,4387.0000,1755.0000,0.0000,25.0000,43.0000,24.0000,19.0000
1.8340,0.4350,0.3440,0.2750,0.1470,0.0000,0.0000,1.0550,1.0000,1.5600,4.1850,3.5300,0.0000,0.0000,0.0000,70.0151,0.0000,4387.0000,1755.0000,0.0000,25.0000,44.0000,24.0000,19.0000
1.8230,0.4310,0.2950,0.2700,0.1290,0.0000,0.0000,1.0970,1.0000,1.5600,4.1850,3.5300,0.0000,0.0000,0.0000,70.0144,0.0000,4387.0000,1755.0000,0.0000,25.0000,43.0000,24.0000,19.0000
2.2920,0.4200,0.3300,0.2550,0.1590,0.0000,0.0000,1.5420,1.0000,1.5600,4.1850,3.5300,0.0000,0.0000,0.0000,70.0254,0.0000,4388.0000,1755.0000,0.0000,25.0000,44.0000,24.0000,18.0000
2.3270,0.6150,0.5010,0.3200,0.2100,0.0000,0.0000,1.2110,1.0000,1.5600,4.1850,3.5300,0.0000,0.0000,0.0000,70.0261,0.0000,4388.0000,1755.0000,0.0000,25.0000,45.0000,24.0000,18.0000
2.6720,0.5930,0.4390,0.3710,0.1970,0.0000,0.0000,1.6400,1.0000,1.5600,4.1850,3.5300,0.0000,0.0000,0.0000,70.0466,0.0000,4390.0000,1755.0000,0.0000,25.0000,45.0000,24.0000,18.0000
2.7090,0.6920,0.5260,0.3720,0.2840,0.0000,0.0000,1.4910,1.0000,1.5600,4.1850,3.5300,0.0000,0.0000,0.0000,70.0872,0.0000,4394.0000,1755.0000,0.0000,25.0000,45.0000,24.0000,18.0000
2.2440,0.7990,0.3780,0.3360,0.1600,0.0000,0.0000,1.0670,1.0000,1.5600,4.1850,3.5300,0.0000,0.0000,0.0000,70.0880,0.0000,4394.0000,1755.0000,0.0000,25.0000,46.0000,24.0000,18.0000
2.6600,0.5410,0.5080,0.3260,0.2550,0.0000,0.0000,1.6110,1.0000,1.5600,4.1850,3.5300,0.0000,0.0000,0.0000,70.1074,0.0000,4396.0000,1755.0000,0.0000,25.0000,44.0000,24.0000,17.0000
2.4670,0.7590,0.4170,0.3930,0.2020,0.0000,0.0000,1.2910,1.0000,1.5600,4.1850,3.5300,0.0000,0.0000,0.0000,70.1184,0.0000,4397.0000,1755.0000,0.0000,25.0000,45.0000,24.0000,18.0000
2.8370,0.5760,0.5460,0.3230,0.3100,0.0000,0.0000,1.7150,1.0000,1.5600,4.1850,3.5300,0.0000,0.0000,0.0000,70.1192,0.0000,4397.0000,1755.0000,0.0000,25.0000,46.0000,24.0000,18.0000
2.4840,0.7740,0.6000,0.4600,0.3450,0.0000,0.0000,1.1100,1.0000,1.5600,4.1850,3.5300,0.0000,0.0000,0.0000,70.1288,0.0000,4398.0000,1755.0000,0.0000,25.0000,45.0000,24.0000,18.0000
2.6610,0.6570,0.3720,0.3830,0.1680,0.0000,0.0000,1.6320,1.0000,1.5600,4.1850,3.5300,0.0000,0.0000,0.0000,70.1288,0.0000,4398.0000,1755.0000,0.0000,25.0000,45.0000,24.0000,18.0000
2.2680,0.8580,0.4790,0.4420,0.2400,0.0000,0.0000,0.9310,1.0000,1.5600,4.1850,3.5300,0.0000,0.0000,0.0000,70.1295,0.0000,4398.0000,1755.0000,0.0000,25.0000,46.0000,24.0000,17.0000
2.6420,0.6150,0.4720,0.3860,0.2140,0.0000,0.0000,1.5550,1.0000,1.5600,4.1850,3.5300,0.0000,0.0000,0.0000,70.1391,0.0000,4399.0000,1755.0000,0.0000,25.0000,45.0000,24.0000,17.0000
2.4470,0.6220,0.4550,0.3230,0.2160,0.0000,0.0000,1.3700,1.0000,1.5600,4.1850,3.5300,0.0000,0.0000,0.0000,70.1391,0.0000,4399.0000,1755.0000,0.0000,25.0000,45.0000,24.0000,16.0000
2.4770,0.6940,0.4430,0.4520,0.2330,0.0000,0.0000,1.3400,1.0000,1.5600,4.1850,3.5300,0.0000,0.0000,0.0000,70.1721,0.0000,4402.0000,1755.0000,0.0000,25.0000,46.0000,24.0000,17.0000
2.3550,0.7160,0.4600,0.3240,0.2570,0.0000,0.0000,1.1790,1.0000,1.5600,4.1850,3.5300,0.0000,0.0000,0.0000,70.1910,0.0000,4404.0000,1755.0000,0.0000,25.0000,44.0000,24.0000,17.0000
2.0690,0.7380,0.3900,0.4450,0.1590,0.0000,0.0000,0.9410,1.0000,1.5600,4.1850,3.5300,0.0000,0.0000,0.0000,70.1904,0.0000,4404.0000,1755.0000,0.0000,25.0000,43.0000,24.0000,17.0000
2.4370,0.6070,0.5440,0.3740,0.3090,0.0000,0.0000,1.2860,1.0000,1.5600,4.1850,3.5300,0.0000,0.0000,0.0000,70.2015,0.0000,4405.0000,1755.0000,0.0000,25.0000,44.0000,24.0000,15.0000
2.2650,0.6320,0.3640,0.3270,0.1670,0.0000,0.0000,1.2690,1.0000,1.5600,4.1850,3.5300,0.0000,0.0000,0.0000,70.2015,0.0000,4405.0000,1755.0000,0.0000,25.0000,44.0000,24.0000,16.0000
2.3140,0.5670,0.4600,0.3430,0.2070,0.0000,0.0000,1.2870,1.0000,1.5600,4.1850,3.5300,0.0000,0.0000,0.0000,70.2062,0.0000,4406.0000,1755.0000,0.0000,25.0000,44.0000,24.0000,15.0000
2.4770,0.6670,0.4420,0.4310,0.2080,0.0000,0.0000,1.3680,1.0000,1.5600,4.1850,3.5300,0.0000,0.0000,0.0000,70.2159,0.0000,4407.0000,1755.0000,0.0000,25.0000,44.0000,24.0000,15.0000
2.3120,0.7420,0.4480,0.4230,0.2450,0.0000,0.0000,1.1220,1.0000,1.5600,4.1850,3.5300,0.0000,0.0000,0.0000,70.2408,0.0000,4413.0000,1755.0000,0.0000,25.0000,43.0000,24.0000,16.0000
2.1540,0.6510,0.4170,0.3420,0.2070,0.0000,0.0000,1.0860,1.0000,1.5600,4.1850,3.5300,0.0000,0.0000,0.0000,70.2408,0.0000,4413.0000,1755.0000,0.0000,25.0000,43.0000,24.0000,16.0000
2.3600,0.6550,0.4390,0.3740,0.2110,0.0000,0.0000,1.2660,1.0000,1.5600,4.1850,3.5300,0.0000,0.0000,0.0000,70.2612,0.0000,4415.0000,1755.0000,0.0000,25.0000,43.0000,24.0000,16.0000
2.3060,0.6540,0.3950,0.3190,0.1970,0.0000,0.0000,1.2570,1.0000,1.5600,4.1850,3.5300,0.0000,0.0000,0.0000,70.2714,0.0000,4416.0000,1755.0000,0.0000,25.0000,43.0000,24.0000,16.0000
2.1940,0.5820,0.4220,0.3170,0.2190,0.0000,0.0000,1.1900,1.0000,1.5600,4.1850,3.5300,0.0000,0.0000,0.0000,70.2818,0.0000,4417.0000,1755.0000,0.0000,25.0000,43.0000,24.0000,16.0000
2.5050,0.5850,0.4400,0.3310,0.2350,0.0000,0.0000,1.4800,1.0000,1.5600,4.1850,3.5300,0.0000,0.0000,0.0000,70.2921,0.0000,4418.0000,1755.0000,0.0000,25.0000,43.0000,24.0000,16.0000
2.2270,0.7000,0.3540,0.4280,0.1560,0.0000,0.0000,1.1730,1.0000,1.5600,4.1850,3.5300,0.0000,0.0000,0.0000,70.2915,0.0000,4418.0000,1755.0000,0.0000,25.0000,42.0000,24.0000,17.0000
2.3610,0.5490,0.4620,0.3260,0.2580,0.0000,0.0000,1.3500,1.0000,1.5600,4.1850,3.5300,0.0000,0.0000,0.0000,70.3223,0.0000,4421.0000,1755.0000,0.0000,25.0000,42.0000,24.0000,16.0000
2.6130,0.7210,0.4290,0.3810,0.1970,0.0000,0.0000,1.4630,1.0000,1.5600,4.1850,3.5300,0.0000,0.0000,0.0000,70.3340,0.0000,4422.0000,1755.0000,0.0000,25.0000,44.0000,24.0000,17.0000
2.6760,0.9060,0.7730,0.4190,0.3790,0.0000,0.0000,0.9970,1.0000,1.5600,4.1850,3.5300,0.0000,0.0000,0.0000,70.3336,0.0000,4422.0000,1755.0000,0.0000,25.0000,43.0000,24.0000,16.0000
2.5670,0.6390,0.3880,0.3920,0.1700,0.0000,0.0000,1.5400,1.0000,1.5600,4.1850,3.5300,0.0000,0.0000,0.0000,70.3332,0.0000,4422.0000,1755.0000,0.0000,25.0000,43.0000,24.0000,16.0000
2.4750,0.6210,0.4860,0.3390,0.2560,0.0000,0.0000,1.3680,1.0000,1.5600,4.1850,3.5300,0.0000,0.0000,0.0000,69.9625,0.0000,4386.0000,1755.0000,0.0000,25.0000,43.0000,24.0000,17.0000
2.0470,0.7850,0.3720,0.4670,0.1670,0.0000,0.0000,0.8900,1.0000,1.5600,4.1850,3.5300,0.0000,0.0000,0.0000,69.9625,0.0000,4386.0000,1755.0000,0.0000,25.0000,43.0000,24.0000,18.0000
2.4020,0.5770,0.3630,0.3230,0.1670,0.0000,0.0000,1.4620,1.0000,1.5600,4.1850,3.5300,0.0000,0.0000,0.0000,69.9632,0.0000,4386.0000,1755.0000,0.0000,25.0000,44.0000,24.0000,18.0000
2.4220,0.5360,0.4860,0.3280,0.2610,0.0000,0.0000,1.4000,1.0000,1.5600,4.1850,3.5300,0.0000,0.0000,0.0000,69.9837,0.0000,4388.0000,1755.0000,0.0000,25.0000,44.0000,24.0000,19.0000
2.0900,0.7420,0.3660,0.4420,0.1670,0.0000,0.0000,0.9820,1.0000,1.5600,4.1850,3.5300,0.0000,0.0000,0.0000,69.9838,0.0000,4388.0000,1755.0000,0.0000,25.0000,44.0000,24.0000,19.0000
2.3530,0.5800,0.3590,0.3280,0.1640,0.0000,0.0000,1.4140,1.0000,1.5600,4.1850,3.5300,0.0000,0.0000,0.0000,69.9832,0.0000,4388.0000,1755.0000,0.0000,25.0000,43.0000,24.0000,18.0000
2.1920,0.5950,0.3730,0.3260,0.1890,0.0000,0.0000,1.2240,1.0000,1.5600,4.1850,3.5300,0.0000,0.0000,0.0000,69.9942,0.0000,4389.0000,1755.0000,0.0000,25.0000,44.0000,24.0000,18.0000
1.8220,0.4970,0.3170,0.2870,0.1480,0.0000,0.0000,1.0080,1.0000,1.5600,4.1850,3.5300,0.0000,0.0000,0.0000,69.9942,0.0000,4389.0000,1755.0000,0.0000,25.0000,44.0000,24.0000,19.0000
2.0680,0.4870,0.3560,0.3190,0.1920,0.0000,0.0000,1.2250,1.0000,1.5600,4.1850,3.5300,0.0000,0.0000,0.0000,70.0450,0.0000,4394.0000,1755.0000,0.0000,25.0000,44.0000,24.0000,19.0000
1.8540,0.5870,0.3300,0.2580,0.1530,0.0000,0.0000,0.9370,1.0000,1.5600,4.1850,3.5300,0.0000,0.0000,0.0000,70.0444,0.0000,4394.0000,1755.0000,0.0000,25.0000,43.0000,24.0000,18.0000
1.7280,0.4430,0.2970,0.2780,0.1340,0.0000,0.0000,0.9880,1.0000,1.5600,4.1850,3.5300,0.0000,0.0000,0.0000,70.0417,0.0000,4390.0000,1755.0000,0.0000,25.0000,42.0000,24.0000,17.0000
1.8470,0.4870,0.3450,0.2800,0.1890,0.0000,0.0000,1.0150,1.0000,1.5600,4.1850,3.5300,0.0000,0.0000,0.0000,70.0622,0.0000,4392.0000,1755.0000,0.0000,25.0000,42.0000,24.0000,16.0000
2.8740,0.5380,0.5440,0.2580,0.2490,0.0000,0.0000,1.7920,1.0000,1.5600,4.1850,3.5300,0.0000,0.0000,0.0000,70.0622,0.0000,4392.0000,1755.0000,0.0000,25.0000,42.0000,24.0000,16.0000
2.5600,0.8220,0.4870,0.4850,0.2280,0.0000,0.0000,1.2510,1.0000,1.5600,4.1850,3.5300,0.0000,0.0000,0.0000,70.0623,0.0000,4392.0000,1755.0000,0.0000,25.0000,42.0000,24.0000,16.0000
1.9560,0.7650,0.3470,0.4400,0.1730,0.0000,0.0000,0.8440,1.0000,1.5600,4.1850,3.5300,0.0000,0.0000,0.0000,70.0828,0.0000,4394.0000,1755.0000,0.0000,25.0000,42.0000,24.0000,17.0000
2.0900,0.5050,0.3980,0.2590,0.2220,0.0000,0.0000,1.1870,1.0000,1.5600,4.1850,3.5300,0.0000,0.0000,0.0000,70.1038,0.0000,4396.0000,1755.0000,0.0000,25.0000,43.0000,24.0000,17.0000
1.9740,0.5500,0.3430,0.2590,0.1720,0.0000,0.0000,1.0810,1.0000,1.5600,4.1850,3.5300,0.0000,0.0000,0.0000,70.1229,0.0000,4397.0000,1755.0000,0.0000,25.0000,43.0000,24.0000,17.0000
2.0820,0.5110,0.5820,0.2570,0.4150,0.0000,0.0000,0.9890,1.0000,1.5600,4.1850,3.5300,0.0000,0.0000,0.0000,70.1535,0.0000,4400.0000,1755.0000,0.0000,25.0000,43.0000,24.0000,16.0000
1.7420,0.5380,0.2950,0.2700,0.1340,0.0000,0.0000,0.9090,1.0000,1.5600,4.1850,3.5300,0.0000,0.0000,0.0000,70.1536,0.0000,4400.0000,1755.0000,0.0000,25.0000,43.0000,24.0000,16.0000
2.0430,0.4310,0.3440,0.2640,0.1390,0.0000,0.0000,1.2680,1.0000,1.5600,4.1850,3.5300,0.0000,0.0000,0.0000,70.1531,0.0000,4400.0000,1755.0000,0.0000,25.0000,42.0000,24.0000,16.0000
1.8500,0.4440,0.3540,0.2590,0.1480,0.0000,0.0000,1.0520,1.0000,1.5600,4.1850,3.5300,0.0000,0.0000,0.0000,70.1538,0.0000,4400.0000,1755.0000,0.0000,25.0000,43.0000,24.0000,15.0000
1.8330,0.4420,0.3010,0.2640,0.1410,0.0000,0.0000,1.0900,1.0000,1.5600,4.1850,3.5300,0.0000,0.0000,0.0000,70.1538,0.0000,4400.0000,1755.0000,0.0000,25.0000,43.0000,24.0000,15.0000
1.8360,0.4770,0.3490,0.2990,0.1690,0.0000,0.0000,1.0100,1.0000,1.5600,4.1850,3.5300,0.0000,0.0000,0.0000,70.1538,0.0000,4400.0000,1755.0000,0.0000,25.0000,43.0000,24.0000,15.0000
1.9310,0.5040,0.3730,0.3340,0.1700,0.0000,0.0000,1.0540,1.0000,1.5600,4.1850,3.5300,0.0000,0.0000,0.0000,70.1639,0.0000,4401.0000,1755.0000,0.0000,25.0000,43.0000,24.0000,16.0000
2.0600,0.5860,0.3470,0.3900,0.1760,0.0000,0.0000,1.1270,1.0000,1.5600,4.1850,3.5300,0.0000,0.0000,0.0000,70.1642,0.0000,4401.0000,1755.0000,0.0000,25.0000,43.0000,24.0000,16.0000
1.8980,0.6980,0.3500,0.4400,0.1690,0.0000,0.0000,0.8500,1.0000,1.5600,4.1850,3.5300,0.0000,0.0000,0.0000,70.1643,0.0000,4401.0000,1755.0000,0.0000,25.0000,43.0000,24.0000,16.0000
1.9210,0.4920,0.3870,0.3240,0.2200,0.0000,0.0000,1.0420,1.0000,1.5600,4.1850,3.5300,0.0000,0.0000,0.0000,70.1952,0.0000,4404.0000,1755.0000,0.0000,25.0000,43.0000,24.0000,16.0000
1.8160,0.5510,0.3230,0.2880,0.1660,0.0000,0.0000,0.9420,1.0000,1.5600,4.1850,3.5300,0.0000,0.0000,0.0000,70.2048,0.0000,4405.0000,1755.0000,0.0000,25.0000,42.0000,24.0000,16.0000
1.6840,0.5100,0.2820,0.3110,0.1270,0.0000,0.0000,0.8920,1.0000,1.5600,4.1850,3.5300,0.0000,0.0000,0.0000,70.2056,0.0000,4405.0000,1755.0000,0.0000,25.0000,43.0000,24.0000,15.0000
1.8590,0.4210,0.3290,0.2530,0.1740,0.0000,0.0000,1.1090,1.0000,1.5600,4.1850,3.5300,0.0000,0.0000,0.0000,70.2362,0.0000,4408.0000,1755.0000,0.0000,25.0000,43.0000,24.0000,15.0000
1.7350,0.6300,0.3420,0.2910,0.1380,0.0000,0.0000,0.7630,1.0000,1.5600,4.1850,3.5300,0.0000,0.0000,0.0000,70.2362,0.0000,4408.0000,1755.0000,0.0000,25.0000,43.0000,24.0000,15.0000
1.8560,0.4790,0.4070,0.3150,0.2220,0.0000,0.0000,0.9700,1.0000,1.5600,4.1850,3.5300,0.0000,0.0000,0.0000,70.2473,0.0000,4409.0000,1755.0000,0.0000,25.0000,44.0000,24.0000,15.0000
1.9980,0.4740,0.4790,0.2700,0.2170,0.0000,0.0000,1.0450,1.0000,1.5600,4.1850,3.5300,0.0000,0.0000,0.0000,70.2675,0.0000,4411.0000,1755.0000,0.0000,25.0000,44.0000,24.0000,15.0000
1.6470,0.5050,0.2960,0.2720,0.1400,0.0000,0.0000,0.8460,1.0000,1.5600,4.1850,3.5300,0.0000,0.0000,0.0000,70.2679,0.0000,4412.0000,1755.0000,0.0000,25.0000,44.0000,24.0000,15.0000
1.6710,0.4250,0.2840,0.2570,0.1280,0.0000,0.0000,0.9620,1.0000,1.5600,4.1850,3.5300,0.0000,0.0000,0.0000,70.2687,0.0000,4412.0000,1755.0000,0.0000,25.0000,45.0000,24.0000,15.0000
1.7200,0.4730,0.3170,0.2630,0.1320,0.0000,0.0000,0.9300,1.0000,1.5600,4.1850,3.5300,0.0000,0.0000,0.0000,70.2687,0.0000,4412.0000,1755.0000,0.0000,25.0000,45.0000,24.0000,15.0000
1.9060,0.4590,0.3220,0.2770,0.1680,0.0000,0.0000,1.1250,1.0000,1.5600,4.1850,3.5300,0.0000,0.0000,0.0000,70.2794,0.0000,4414.0000,1755.0000,0.0000,25.0000,45.0000,24.0000,15.0000
1.9640,0.4980,0.3140,0.3010,0.1560,0.0000,0.0000,1.1520,1.0000,1.5600,4.1850,3.5300,0.0000,0.0000,0.0000,70.2905,0.0000,4415.0000,1755.0000,0.0000,25.0000,46.0000,24.0000,14.0000
2.1530,0.5460,0.4440,0.2870,0.2760,0.0000,0.0000,1.1630,1.0000,1.5600,4.1850,3.5300,0.0000,0.0000,0.0000,70.3008,0.0000,4416.0000,1755.0000,0.0000,25.0000,46.0000,24.0000,14.0000
1.8550,0.6290,0.3090,0.3390,0.1500,0.0000,0.0000,0.9170,1.0000,1.5600,4.1850,3.5300,0.0000,0.0000,0.0000,70.3022,0.0000,4416.0000,1755.0000,0.0000,25.0000,48.0000,24.0000,14.0000
1.8890,0.4730,0.3080,0.2740,0.1390,0.0000,0.0000,1.1080,1.0000,1.5600,4.1850,3.5300,0.0000,0.0000,0.0000,70.3023,0.0000,4416.0000,1755.0000,0.0000,25.0000,48.0000,24.0000,12.0000
2.0640,0.4660,0.3300,0.2810,0.1710,0.0000,0.0000,1.2680,1.0000,1.5600,4.1850,3.5300,0.0000,0.0000,0.0000,70.3125,0.0000,4417.0000,1755.0000,0.0000,25.0000,48.0000,24.0000,12.0000
1.9650,0.5210,0.3510,0.2740,0.1760,0.0000,0.0000,1.0930,1.0000,1.5600,4.1850,3.5300,0.0000,0.0000,0.0000,70.3328,0.0000,4419.0000,1755.0000,0.0000,25.0000,48.0000,24.0000,11.0000
1.7150,0.5240,0.3070,0.2740,0.1470,0.0000,0.0000,0.8840,1.0000,1.5600,4.1850,3.5300,0.0000,0.0000,0.0000,70.3328,0.0000,4419.0000,1755.0000,0.0000,25.0000,48.0000,24.0000,11.0000
1.9700,0.4480,0.3080,0.2700,0.1390,0.0000,0.0000,1.2140,1.0000,1.5600,4.1850,3.5300,0.0000,0.0000,0.0000,70.3329,0.0000,4419.0000,1755.0000,0.0000,25.0000,48.0000,24.0000,12.0000
1.8480,0.6910,0.3010,0.4980,0.1330,0.0000,0.0000,0.8560,1.0000,1.5600,4.1850,3.5300,0.0000,0.0000,0.0000,70.3330,0.0000,4419.0000,1755.0000,0.0000,25.0000,48.0000,24.0000,12.0000
4.2450,0.5090,0.3590,0.2770,0.1650,0.0000,0.0000,3.3770,1.0000,1.5600,4.1850,3.5300,0.0000,0.0000,0.0000,70.3532,0.0000,4421.0000,1755.0000,0.0000,25.0000,48.0000,24.0000,12.0000
2.5540,0.5620,0.4700,0.3060,0.2380,0.0000,0.0000,1.5220,1.0000,1.5600,4.1850,3.5300,0.0000,0.0000,0.0000,69.9283,0.0000,4380.0000,1755.0000,0.0000,25.0000,48.0000,24.0000,13.0000
2.1820,0.7230,0.4220,0.4480,0.2080,0.0000,0.0000,1.0370,1.0000,1.5600,4.1850,3.5300,0.0000,0.0000,0.0000,69.9280,0.0000,4380.0000,1755.0000,0.0000,25.0000,48.0000,24.0000,13.0000
2.4310,0.6310,0.4470,0.4010,0.2120,0.0000,0.0000,1.3530,1.0000,1.5600,4.1850,3.5300,0.0000,0.0000,0.0000,69.9383,0.0000,4381.0000,1755.0000,0.0000,25.0000,48.0000,24.0000,13.0000
2.2490,0.7350,0.4240,0.3430,0.2260,0.0000,0.0000,1.0900,1.0000,1.5600,4.1850,3.5300,0.0000,0.0000,0.0000,69.9602,0.0000,4383.0000,1755.0000,0.0000,25.0000,48.0000,24.0000,12.0000
2.1120,0.6340,0.4650,0.3370,0.2220,0.0000,0.0000,1.0130,1.0000,1.5600,4.1850,3.5300,0.0000,0.0000,0.0000,69.9604,0.0000,4383.0000,1755.0000,0.0000,25.0000,48.0000,24.0000,12.0000
2.2900,0.5620,0.4570,0.3700,0.2440,0.0000,0.0000,1.2710,1.0000,1.5600,4.1850,3.5300,0.0000,0.0000,0.0000,69.9708,0.0000,4384.0000,1755.0000,0.0000,25.0000,48.0000,24.0000,12.0000
2.1890,0.6270,0.3970,0.3730,0.1690,0.0000,0.0000,1.1650,1.0000,1.5600,4.1850,3.5300,0.0000,0.0000,0.0000,69.9708,0.0000,4384.0000,1755.0000,0.0000,25.0000,48.0000,24.0000,12.0000
2.3960,0.5600,0.3720,0.3200,0.1870,0.0000,0.0000,1.4640,1.0000,1.5600,4.1850,3.5300,0.0000,0.0000,0.0000,69.9811,0.0000,4385.0000,1755.0000,0.0000,25.0000,48.0000,24.0000,12.0000
2.6390,0.6130,0.5540,0.3170,0.1910,0.0000,0.0000,1.4720,1.0000,1.5600,4.1850,3.5300,0.0000,0.0000,0.0000,69.9811,0.0000,4385.0000,1755.0000,0.0000,25.0000,48.0000,24.0000,13.0000
2.2490,0.6250,0.3910,0.4100,0.1830,0.0000,0.0000,1.2330,1.0000,1.5600,4.1850,3.5300,0.0000,0.0000,0.0000,69.9812,0.0000,4385.0000,1755.0000,0.0000,25.0000,48.0000,24.0000,13.0000
2.1690,0.5170,0.3670,0.3170,0.1760,0.0000,0.0000,1.2850,1.0000,1.5600,4.1850,3.5300,0.0000,0.0000,0.0000,69.9812,0.0000,4385.0000,1755.0000,0.0000,25.0000,48.0000,24.0000,13.0000
2.1820,0.5190,0.4590,0.3230,0.2180,0.0000,0.0000,1.2040,1.0000,1.5600,4.1850,3.5300,0.0000,0.0000,0.0000,69.9819,0.0000,4385.0000,1755.0000,0.0000,25.0000,49.0000,24.0000,12.0000
4.0410,0.5900,0.7200,0.3830,0.3700,0.0000,0.0000,2.7310,1.0000,1.5600,4.1850,3.5300,0.0000,0.0000,0.0000,70.0021,0.0000,4387.0000,1755.0000,0.0000,25.0000,49.0000,24.0000,12.0000
2.5950,1.3630,0.5370,0.8790,0.2170,0.0000,0.0000,0.6950,1.0000,1.5600,4.1850,3.5300,0.0000,0.0000,0.0000,70.0021,0.0000,4387.0000,1755.0000,0.0000,25.0000,49.0000,24.0000,12.0000
2.3210,0.6180,0.4420,0.3300,0.2320,0.0000,0.0000,1.2610,1.0000,1.5600,4.1850,3.5300,0.0000,0.0000,0.0000,70.0125,0.0000,4388.0000,1755.0000,0.0000,25.0000,49.0000,24.0000,12.0000
2.2280,0.6480,0.3970,0.3960,0.1650,0.0000,0.0000,1.1830,1.0000,1.5600,4.1850,3.5300,0.0000,0.0000,0.0000,70.0125,0.0000,4388.0000,1755.0000,0.0000,25.0000,49.0000,24.0000,12.0000
2.0990,0.7180,0.3910,0.4450,0.1810,0.0000,0.0000,0.9900,1.0000,1.5600,4.1850,3.5300,0.0000,0.0000,0.0000,70.0118,0.0000,4388.0000,1755.0000,0.0000,25.0000,48.0000,24.0000,12.0000
2.0040,0.5750,0.3500,0.3230,0.1560,0.0000,0.0000,1.0790,1.0000,1.5600,4.1850,3.5300,0.0000,0.0000,0.0000,70.0125,0.0000,4388.0000,1755.0000,0.0000,25.0000,49.0000,24.0000,12.0000
2.4270,0.5430,0.5510,0.3140,0.3020,0.0000,0.0000,1.3330,1.0000,1.5600,4.1850,3.5300,0.0000,0.0000,0.0000,70.0228,0.0000,4389.0000,1755.0000,0.0000,25.0000,49.0000,24.0000,12.0000
2.0780,0.5810,0.4200,0.3310,0.1650,0.0000,0.0000,1.0770,1.0000,1.5600,4.1850,3.5300,0.0000,0.0000,0.0000,70.0235,0.0000,4389.0000,1755.0000,0.0000,25.0000,50.0000,24.0000,12.0000
2.1950,0.5320,0.4380,0.3370,0.2370,0.0000,0.0000,1.2250,1.0000,1.5600,4.1850,3.5300,0.0000,0.0000,0.0000,70.0331,0.0000,4390.0000,1755.0000,0.0000,25.0000,49.0000,24.0000,12.0000
2.5610,0.6060,0.5040,0.3760,0.2010,0.0000,0.0000,1.4510,1.0000,1.5600,4.1850,3.5300,0.0000,0.0000,0.0000,70.0434,0.0000,4391.0000,1755.0000,0.0000,25.0000,49.0000,24.0000,12.0000
2.8660,0.6670,0.7180,0.4170,0.4620,0.0000,0.0000,1.4810,1.0000,1.5600,4.1850,3.5300,0.0000,0.0000,0.0000,70.0739,0.0000,4394.0000,1755.0000,0.0000,25.0000,49.0000,24.0000,12.0000
2.3470,0.7080,0.5040,0.3280,0.1950,0.0000,0.0000,1.1350,1.0000,1.5600,4.1850,3.5300,0.0000,0.0000,0.0000,70.0734,0.0000,4394.0000,1755.0000,0.0000,25.0000,48.0000,24.0000,13.0000
2.1400,0.6180,0.4800,0.4030,0.2210,0.0000,0.0000,1.0420,1.0000,1.5600,4.1850,3.5300,0.0000,0.0000,0.0000,70.0743,0.0000,4394.0000,1755.0000,0.0000,25.0000,49.0000,24.0000,12.0000
2.2240,0.5990,0.4580,0.3970,0.2390,0.0000,0.0000,1.1670,1.0000,1.5600,4.1850,3.5300,0.0000,0.0000,0.0000,70.0846,0.0000,4395.0000,1755.0000,0.0000,25.0000,49.0000,24.0000,12.0000
2.6130,0.6590,0.8350,0.4070,0.3320,0.0000,0.0000,1.1190,1.0000,1.5600,4.1850,3.5300,0.0000,0.0000,0.0000,70.0955,0.0000,4396.0000,1755.0000,0.0000,25.0000,50.0000,24.0000,12.0000
2.1680,0.5830,0.3830,0.3350,0.1650,0.0000,0.0000,1.2020,1.0000,1.5600,4.1850,3.5300,0.0000,0.0000,0.0000,70.0956,0.0000,4396.0000,1755.0000,0.0000,25.0000,50.0000,24.0000,12.0000
2.2640,0.5990,0.4860,0.4040,0.2610,0.0000,0.0000,1.1790,1.0000,1.5600,4.1850,3.5300,0.0000,0.0000,0.0000,70.1158,0.0000,4398.0000,1755.0000,0.0000,25.0000,50.0000,24.0000,12.0000
2.2750,0.6720,0.5190,0.3780,0.3100,0.0000,0.0000,1.0840,1.0000,1.5600,4.1850,3.5300,0.0000,0.0000,0.0000,70.1261,0.0000,4399.0000,1755.0000,0.0000,25.0000,50.0000,24.0000,12.0000
2.4410,0.5610,0.3930,0.3120,0.1950,0.0000,0.0000,1.4870,1.0000,1.5600,4.1850,3.5300,0.0000,0.0000,0.0000,70.1365,0.0000,4400.0000,1755.0000,0.0000,25.0000,50.0000,24.0000,13.0000
2.4350,0.8180,0.4080,0.5730,0.2000,0.0000,0.0000,1.2090,1.0000,1.5600,4.1850,3.5300,0.0000,0.0000,0.0000,70.1365,0.0000,4400.0000,1755.0000,0.0000,25.0000,50.0000,24.0000,13.0000
2.1360,0.6620,0.3840,0.4160,0.1650,0.0000,0.0000,1.0900,1.0000,1.5600,4.1850,3.5300,0.0000,0.0000,0.0000,70.1366,0.0000,4400.0000,1755.0000,0.0000,25.0000,50.0000,24.0000,13.0000
1.9860,0.6040,0.3570,0.3340,0.1620,0.0000,0.0000,1.0250,1.0000,1.5600,4.1850,3.5300,0.0000,0.0000,0.0000,70.1366,0.0000,4400.0000,1755.0000,0.0000,25.0000,50.0000,24.0000,12.0000
2.1140,0.5200,0.4580,0.3170,0.1730,0.0000,0.0000,1.1360,1.0000,1.5600,4.1850,3.5300,0.0000,0.0000,0.0000,70.1359,0.0000,4400.0000,1755.0000,0.0000,25.0000,49.0000,24.0000,12.0000
2.1770,0.5220,0.4020,0.3210,0.2070,0.0000,0.0000,1.2530,1.0000,1.5600,4.1850,3.5300,0.0000,0.0000,0.0000,70.1455,0.0000,4401.0000,1755.0000,0.0000,25.0000,48.0000,24.0000,12.0000
2.1320,0.6670,0.4120,0.4300,0.1940,0.0000,0.0000,1.0530,1.0000,1.5600,4.1850,3.5300,0.0000,0.0000,0.0000,70.1550,0.0000,4402.0000,1755.0000,0.0000,25.0000,47.0000,24.0000,12.0000
2.1830,0.6630,0.4560,0.4350,0.2500,0.0000,0.0000,1.0640,1.0000,1.5600,4.1850,3.5300,0.0000,0.0000,0.0000,70.1756,0.0000,4404.0000,1755.0000,0.0000,25.0000,47.0000,24.0000,12.0000
2.0630,0.6510,0.3850,0.3660,0.1610,0.0000,0.0000,1.0270,1.0000,1.5600,4.1850,3.5300,0.0000,0.0000,0.0000,70.1757,0.0000,4404.0000,1755.0000,0.0000,25.0000,47.0000,24.0000,12.0000
2.1170,0.6180,0.4660,0.3590,0.2420,0.0000,0.0000,1.0330,1.0000,1.5600,4.1850,3.5300,0.0000,0.0000,0.0000,70.1867,0.0000,4405.0000,1755.0000,0.0000,25.0000,48.0000,24.0000,12.0000
2.0560,0.5990,0.3580,0.3060,0.1580,0.0000,0.0000,1.0990,1.0000,1.5600,4.1850,3.5300,0.0000,0.0000,0.0000,70.1865,0.0000,4405.0000,1755.0000,0.0000,25.0000,48.0000,24.0000,12.0000
1.9270,0.5790,0.3470,0.3400,0.1550,0.0000,0.0000,1.0010,1.0000,1.5600,4.1850,3.5300,0.0000,0.0000,0.0000,69.8846,0.0000,4376.0000,1755.0000,0.0000,25.0000,47.0000,24.0000,12.0000
2.2010,0.5450,0.3510,0.3110,0.1560,0.0000,0.0000,1.3050,1.0000,1.5600,4.1850,3.5300,0.0000,0.0000,0.0000,69.8846,0.0000,4376.0000,1755.0000,0.0000,25.0000,47.0000,24.0000,12.0000
2.6990,0.5730,0.5640,0.3520,0.2710,0.0000,0.0000,1.5620,1.0000,1.5600,4.1850,3.5300,0.0000,0.0000,0.0000,69.8839,0.0000,4376.0000,1755.0000,0.0000,25.0000,46.0000,24.0000,12.0000
2.8040,0.5210,0.5110,0.3280,0.2220,0.0000,0.0000,1.7720,1.0000,1.5600,4.1850,3.5300,0.0000,0.0000,0.0000,69.8839,0.0000,4376.0000,1755.0000,0.0000,25.0000,46.0000,24.0000,13.0000
2.7620,0.6090,0.5860,0.3750,0.3330,0.0000,0.0000,1.5670,1.0000,1.5600,4.1850,3.5300,0.0000,0.0000,0.0000,69.9030,0.0000,4378.0000,1755.0000,0.0000,25.0000,44.0000,24.0000,13.0000
2.3490,0.7490,0.5650,0.4460,0.3480,0.0000,0.0000,1.0350,1.0000,1.5600,4.1850,3.5300,0.0000,0.0000,0.0000,69.9030,0.0000,4378.0000,1755.0000,0.0000,25.0000,44.0000,24.0000,13.0000
2.0650,0.6030,0.3870,0.4000,0.1620,0.0000,0.0000,1.0750,1.0000,1.5600,4.1850,3.5300,0.0000,0.0000,0.0000,69.9031,0.0000,4378.0000,1755.0000,0.0000,25.0000,44.0000,24.0000,13.0000
2.1140,0.5690,0.4310,0.3690,0.2070,0.0000,0.0000,1.1140,1.0000,1.5600,4.1850,3.5300,0.0000,0.0000,0.0000,69.9250,0.0000,4380.0000,1755.0000,0.0000,25.0000,44.0000,24.0000,13.0000
2.4480,0.6300,0.4370,0.3110,0.1660,0.0000,0.0000,1.3810,1.0000,1.5600,4.1850,3.5300,0.0000,0.0000,0.0000,69.9257,0.0000,4380.0000,1755.0000,0.0000,25.0000,45.0000,24.0000,13.0000
2.1640,0.6010,0.3650,0.3560,0.1710,0.0000,0.0000,1.1980,1.0000,1.5600,4.1850,3.5300,0.0000,0.0000,0.0000,69.9258,0.0000,4380.0000,1755.0000,0.0000,25.0000,45.0000,24.0000,13.0000
2.1390,0.6220,0.4040,0.3940,0.2000,0.0000,0.0000,1.1130,1.0000,1.5600,4.1850,3.5300,0.0000,0.0000,0.0000,69.9258,0.0000,4380.0000,1755.0000,0.0000,25.0000,45.0000,24.0000,13.0000
2.8100,0.6910,0.3740,0.4940,0.1530,0.0000,0.0000,1.7450,1.0000,1.5600,4.1850,3.5300,0.0000,0.0000,0.0000,69.9258,0.0000,4380.0000,1755.0000,0.0000,25.0000,45.0000,24.0000,13.0000
2.3540,0.6450,0.4970,0.4090,0.2710,0.0000,0.0000,1.2120,1.0000,1.5600,4.1850,3.5300,0.0000,0.0000,0.0000,69.9453,0.0000,4382.0000,1755.0000,0.0000,25.0000,44.0000,24.0000,13.0000
2.3500,0.6700,0.4360,0.3970,0.2140,0.0000,0.0000,1.2440,1.0000,1.5600,4.1850,3.5300,0.0000,0.0000,0.0000,69.9862,0.0000,4386.0000,1755.0000,0.0000,25.0000,44.0000,24.0000,13.0000
2.0490,0.7630,0.3400,0.3400,0.1520,0.0000,0.0000,0.9460,1.0000,1.5600,4.1850,3.5300,0.0000,0.0000,0.0000,69.9863,0.0000,4386.0000,1755.0000,0.0000,25.0000,44.0000,24.0000,13.0000
2.1600,0.5140,0.3770,0.3180,0.1730,0.0000,0.0000,1.2690,1.0000,1.5600,4.1850,3.5300,0.0000,0.0000,0.0000,69.9865,0.0000,4386.0000,1755.0000,0.0000,25.0000,44.0000,24.0000,13.0000
3.4540,0.5340,0.4130,0.3230,0.2200,0.0000,0.0000,2.5070,1.0000,1.5600,4.1850,3.5300,0.0000,0.0000,0.0000,70.0068,0.0000,4388.0000,1755.0000,0.0000,25.0000,44.0000,24.0000,13.0000
2.3450,0.7600,0.4470,0.4800,0.2250,0.0000,0.0000,1.1380,1.0000,1.5600,4.1850,3.5300,0.0000,0.0000,0.0000,70.0170,0.0000,4389.0000,1755.0000,0.0000,25.0000,44.0000,24.0000,13.0000
2.1650,0.6600,0.3820,0.3640,0.1600,0.0000,0.0000,1.1230,1.0000,1.5600,4.1850,3.5300,0.0000,0.0000,0.0000,70.0171,0.0000,4389.0000,1755.0000,0.0000,25.0000,44.0000,24.0000,13.0000
2.2730,0.5560,0.4230,0.3260,0.2170,0.0000,0.0000,1.2940,1.0000,1.5600,4.1850,3.5300,0.0000,0.0000,0.0000,70.0381,0.0000,4391.0000,1755.0000,0.0000,25.0000,45.0000,24.0000,13.0000
2.4310,0.7120,0.4560,0.4440,0.2480,0.0000,0.0000,1.2630,1.0000,1.5600,4.1850,3.5300,0.0000,0.0000,0.0000,70.0708,0.0000,4394.0000,1755.0000,0.0000,25.0000,46.0000,24.0000,13.0000
2.0660,0.8050,0.3580,0.4730,0.1570,0.0000,0.0000,0.9030,1.0000,1.5600,4.1850,3.5300,0.0000,0.0000,0.0000,70.0710,0.0000,4394.0000,1755.0000,0.0000,25.0000,46.0000,24.0000,13.0000
2.0190,0.5700,0.3480,0.3270,0.1540,0.0000,0.0000,1.1010,1.0000,1.5600,4.1850,3.5300,0.0000,0.0000,0.0000,70.0712,0.0000,4394.0000,1755.0000,0.0000,25.0000,46.0000,24.0000,13.0000
2.4360,0.5940,0.3580,0.3410,0.1540,0.0000,0.0000,1.4840,1.0000,1.5600,4.1850,3.5300,0.0000,0.0000,0.0000,70.0712,0.0000,4394.0000,1755.0000,0.0000,25.0000,46.0000,24.0000,13.0000
4.6750,0.7050,0.5520,0.4630,0.1820,0.0000,0.0000,3.4180,1.0000,1.5600,4.1850,3.5300,0.0000,0.0000,0.0000,70.0712,0.0000,4394.0000,1755.0000,0.0000,25.0000,46.0000,24.0000,13.0000
2.2740,0.7290,0.4310,0.4380,0.1950,0.0000,0.0000,1.1140,1.0000,1.5600,4.1850,3.5300,0.0000,0.0000,0.0000,70.0712,0.0000,4394.0000,1755.0000,0.0000,25.0000,46.0000,24.0000,13.0000
2.2330,0.6300,0.5000,0.4210,0.2190,0.0000,0.0000,1.1030,1.0000,1.5600,4.1850,3.5300,0.0000,0.0000,0.0000,70.0705,0.0000,4394.0000,1755.0000,0.0000,25.0000,45.0000,24.0000,13.0000
2.5940,0.6540,0.4580,0.4330,0.2150,0.0000,0.0000,1.4820,1.0000,1.5600,4.1850,3.5300,0.0000,0.0000,0.0000,70.0910,0.0000,4396.0000,1755.0000,0.0000,25.0000,45.0000,24.0000,14.0000
2.5260,0.6590,0.4170,0.3340,0.1930,0.0000,0.0000,1.4500,1.0000,1.5600,4.1850,3.5300,0.0000,0.0000,0.0000,70.0910,0.0000,4396.0000,1755.0000,0.0000,25.0000,45.0000,24.0000,14.0000
2.6610,0.6390,0.5000,0.3930,0.2700,0.0000,0.0000,1.5220,1.0000,1.5600,4.1850,3.5300,0.0000,0.0000,0.0000,70.0911,0.0000,4396.0000,1755.0000,0.0000,25.0000,45.0000,24.0000,14.0000
2.4740,0.6670,0.5760,0.4420,0.3270,0.0000,0.0000,1.2310,1.0000,1.5600,4.1850,3.5300,0.0000,0.0000,0.0000,70.1014,0.0000,4397.0000,1755.0000,0.0000,25.0000,45.0000,24.0000,13.0000
3.7360,0.7390,0.4210,0.3390,0.2080,0.0000,0.0000,2.5760,1.0000,1.5600,4.1850,3.5300,0.0000,0.0000,0.0000,70.1116,0.0000,4398.0000,1755.0000,0.0000,25.0000,45.0000,24.0000,13.0000
2.7830,1.9770,0.5340,0.6040,0.2320,0.0000,0.0000,0.2720,1.0000,1.5600,4.1850,3.5300,0.0000,0.0000,0.0000,70.1116,0.0000,4398.0000,1755.0000,0.0000,25.0000,45.0000,24.0000,13.0000
2.8560,0.7800,0.5560,0.4830,0.2410,0.0000,0.0000,1.5200,1.0000,1.5600,4.1850,3.5300,0.0000,0.0000,0.0000,70.1110,0.0000,4398.0000,1755.0000,0.0000,25.0000,44.0000,24.0000,13.0000
3.0090,0.7790,0.6140,0.4530,0.3290,0.0000,0.0000,1.6160,1.0000,1.5600,4.1850,3.5300,0.0000,0.0000,0.0000,70.1213,0.0000,4399.0000,1755.0000,0.0000,25.0000,44.0000,24.0000,13.0000
3.0640,0.8350,0.6370,0.4580,0.3520,0.0000,0.0000,1.5920,1.0000,1.5600,4.1850,3.5300,0.0000,0.0000,0.0000,70.1316,0.0000,4400.0000,1755.0000,0.0000,25.0000,44.0000,24.0000,13.0000
3.1180,0.8250,0.6430,0.4580,0.3410,0.0000,0.0000,1.6500,1.0000,1.5600,4.1850,3.5300,0.0000,0.0000,0.0000,70.1528,0.0000,4402.0000,1755.0000,0.0000,25.0000,45.0000,24.0000,13.0000
3.1340,0.9050,0.5750,0.4860,0.2430,0.0000,0.0000,1.6540,1.0000,1.5600,4.1850,3.5300,0.0000,0.0000,0.0000,69.8246,0.0000,4370.0000,1755.0000,0.0000,25.0000,45.0000,24.0000,13.0000
2.5130,0.8040,0.4820,0.4830,0.2030,0.0000,0.0000,1.2270,1.0000,1.5600,4.1850,3.5300,0.0000,0.0000,0.0000,69.8243,0.0000,4370.0000,1755.0000,0.0000,25.0000,45.0000,24.0000,13.0000
2.2860,0.6410,0.4230,0.3870,0.2020,0.0000,0.0000,1.2220,1.0000,1.5600,4.1850,3.5300,0.0000,0.0000,0.0000,69.8250,0.0000,4370.0000,1755.0000,0.0000,25.0000,46.0000,24.0000,13.0000
2.9110,0.6130,0.5280,0.4010,0.2660,0.0000,0.0000,1.7700,1.0000,1.5600,4.1850,3.5300,0.0000,0.0000,0.0000,69.8352,0.0000,4371.0000,1755.0000,0.0000,25.0000,46.0000,24.0000,13.0000
3.0810,0.8040,0.5790,0.4520,0.2840,0.0000,0.0000,1.6980,1.0000,1.5600,4.1850,3.5300,0.0000,0.0000,0.0000,69.8359,0.0000,4371.0000,1755.0000,0.0000,25.0000,47.0000,24.0000,12.0000
3.1110,0.8150,0.6390,0.5190,0.3140,0.0000,0.0000,1.6570,1.0000,1.5600,4.1850,3.5300,0.0000,0.0000,0.0000,69.8565,0.0000,4373.0000,1755.0000,0.0000,25.0000,47.0000,24.0000,12.0000
3.0990,0.9430,0.5940,0.5610,0.2870,0.0000,0.0000,1.5620,1.0000,1.5600,4.1850,3.5300,0.0000,0.0000,0.0000,69.8670,0.0000,4374.0000,1755.0000,0.0000,25.0000,47.0000,24.0000,13.0000
4.3920,0.8790,0.6020,0.5360,0.3080,0.0000,0.0000,2.9110,1.0000,1.5600,4.1850,3.5300,0.0000,0.0000,0.0000,69.8875,0.0000,4376.0000,1755.0000,0.0000,25.0000,47.0000,24.0000,13.0000
2.8980,0.8490,0.5000,0.4940,0.2410,0.0000,0.0000,1.5490,1.0000,1.5600,4.1850,3.5300,0.0000,0.0000,0.0000,69.8876,0.0000,4376.0000,1755.0000,0.0000,25.0000,47.0000,24.0000,13.0000
2.9970,0.8130,0.5740,0.5140,0.3040,0.0000,0.0000,1.6100,1.0000,1.5600,4.1850,3.5300,0.0000,0.0000,0.0000,69.8877,0.0000,4376.0000,1755.0000,0.0000,25.0000,47.0000,24.0000,13.0000
2.9130,0.8320,0.4780,0.5630,0.2280,0.0000,0.0000,1.6030,1.0000,1.5600,4.1850,3.5300,0.0000,0.0000,0.0000,69.8877,0.0000,4376.0000,1755.0000,0.0000,25.0000,47.0000,24.0000,12.0000
2.8440,0.8610,0.5120,0.5960,0.2450,0.0000,0.0000,1.4710,1.0000,1.5600,4.1850,3.5300,0.0000,0.0000,0.0000,69.8877,0.0000,4376.0000,1755.0000,0.0000,25.0000,47.0000,24.0000,12.0000
2.8930,0.7560,0.5930,0.4930,0.2890,0.0000,0.0000,1.5440,1.0000,1.5600,4.1850,3.5300,0.0000,0.0000,0.0000,69.8979,0.0000,4377.0000,1755.0000,0.0000,25.0000,47.0000,24.0000,12.0000
3.3200,0.7720,0.6260,0.4600,0.3200,0.0000,0.0000,1.9220,1.0000,1.5600,4.1850,3.5300,0.0000,0.0000,0.0000,69.9285,0.0000,4380.0000,1755.0000,0.0000,25.0000,47.0000,24.0000,12.0000
3.1070,0.9000,0.5560,0.4930,0.2550,0.0000,0.0000,1.6510,1.0000,1.5600,4.1850,3.5300,0.0000,0.0000,0.0000,69.9286,0.0000,4380.0000,1755.0000,0.0000,25.0000,47.0000,24.0000,12.0000
3.1320,0.9530,0.5700,0.6820,0.3020,0.0000,0.0000,1.6090,1.0000,1.5600,4.1850,3.5300,0.0000,0.0000,0.0000,69.9398,0.0000,4381.0000,1755.0000,0.0000,25.0000,48.0000,24.0000,12.0000
3.1290,0.8450,0.6470,0.5150,0.3350,0.0000,0.0000,1.6370,1.0000,1.5600,4.1850,3.5300,0.0000,0.0000,0.0000,69.9398,0.0000,4381.0000,1755.0000,0.0000,25.0000,48.0000,24.0000,12.0000
2.9980,0.8060,0.6220,0.5010,0.2950,0.0000,0.0000,1.5700,1.0000,1.5600,4.1850,3.5300,0.0000,0.0000,0.0000,69.9391,0.0000,4381.0000,1755.0000,0.0000,25.0000,47.0000,24.0000,12.0000
2.9490,0.7810,0.5860,0.5010,0.2900,0.0000,0.0000,1.5820,1.0000,1.5600,4.1850,3.5300,0.0000,0.0000,0.0000,69.9391,0.0000,4381.0000,1755.0000,0.0000,25.0000,47.0000,24.0000,12.0000
2.9910,0.8330,0.5830,0.4970,0.2990,0.0000,0.0000,1.5750,1.0000,1.5600,4.1850,3.5300,0.0000,0.0000,0.0000,69.9391,0.0000,4381.0000,1755.0000,0.0000,25.0000,47.0000,24.0000,12.0000
2.9910,0.7900,0.5760,0.5120,0.2940,0.0000,0.0000,1.6250,1.0000,1.5600,4.1850,3.5300,0.0000,0.0000,0.0000,69.9391,0.0000,4381.0000,1755.0000,0.0000,25.0000,47.0000,24.0000,12.0000
3.2970,0.8160,0.6590,0.5250,0.3330,0.0000,0.0000,1.8220,1.0000,1.5600,4.1850,3.5300,0.0000,0.0000,0.0000,69.9494,0.0000,4382.0000,1755.0000,0.0000,25.0000,47.0000,24.0000,12.0000
5.9440,0.8490,0.6300,0.4610,0.2990,0.0000,0.0000,4.4650,1.0000,1.5600,4.1850,3.5300,0.0000,0.0000,0.0000,69.9591,0.0000,4383.0000,1755.0000,0.0000,25.0000,46.0000,24.0000,12.0000
1.7660,0.7920,0.3190,0.4680,0.1380,0.0000,0.0000,0.6550,1.0000,1.5600,4.1850,3.5300,0.0000,0.0000,0.0000,69.9592,0.0000,4383.0000,1755.0000,0.0000,25.0000,46.0000,24.0000,12.0000
1.8030,0.4380,0.2920,0.2660,0.1280,0.0000,0.0000,1.0730,1.0000,1.5600,4.1850,3.5300,0.0000,0.0000,0.0000,69.9592,0.0000,4383.0000,1755.0000,0.0000,25.0000,46.0000,24.0000,12.0000
2.2700,0.4870,0.3160,0.2780,0.1360,0.0000,0.0000,1.4670,1.0000,1.5600,4.1850,3.5300,0.0000,0.0000,0.0000,69.9592,0.0000,4383.0000,1755.0000,0.0000,25.0000,46.0000,24.0000,12.0000
2.4340,0.4610,0.4260,0.3100,0.2030,0.0000,0.0000,1.5470,1.0000,1.5600,4.1850,3.5300,0.0000,0.0000,0.0000,69.9695,0.0000,4384.0000,1755.0000,0.0000,25.0000,46.0000,24.0000,12.0000
2.2210,0.6960,0.4250,0.4490,0.1850,0.0000,0.0000,1.1000,1.0000,1.5600,4.1850,3.5300,0.0000,0.0000,0.0000,69.9695,0.0000,4384.0000,1755.0000,0.0000,25.0000,46.0000,24.0000,12.0000
2.4020,0.6230,0.4360,0.4310,0.2020,0.0000,0.0000,1.3430,1.0000,1.5600,4.1850,3.5300,0.0000,0.0000,0.0000,69.9798,0.0000,4385.0000,1755.0000,0.0000,25.0000,46.0000,24.0000,13.0000
2.3490,0.6360,0.4320,0.3260,0.2050,0.0000,0.0000,1.2810,1.0000,1.5600,4.1850,3.5300,0.0000,0.0000,0.0000,69.9901,0.0000,4386.0000,1755.0000,0.0000,25.0000,46.0000,24.0000,12.0000
2.1640,0.6070,0.4790,0.3710,0.2330,0.0000,0.0000,1.0780,1.0000,1.5600,4.1850,3.5300,0.0000,0.0000,0.0000,70.0107,0.0000,4388.0000,1755.0000,0.0000,25.0000,46.0000,24.0000,12.0000
2.2500,0.6900,0.4750,0.3630,0.2510,0.0000,0.0000,1.0850,1.0000,1.5600,4.1850,3.5300,0.0000,0.0000,0.0000,70.0310,0.0000,4390.0000,1755.0000,0.0000,25.0000,46.0000,24.0000,11.0000
1.9670,0.6860,0.4160,0.3400,0.1830,0.0000,0.0000,0.8650,1.0000,1.5600,4.1850,3.5300,0.0000,0.0000,0.0000,70.0311,0.0000,4390.0000,1755.0000,0.0000,25.0000,46.0000,24.0000,11.0000
2.2350,0.5430,0.3960,0.3280,0.2010,0.0000,0.0000,1.2960,1.0000,1.5600,4.1850,3.5300,0.0000,0.0000,0.0000,70.0413,0.0000,4391.0000,1755.0000,0.0000,25.0000,46.0000,24.0000,12.0000
2.0250,0.7520,0.3810,0.4990,0.1850,0.0000,0.0000,0.8920,1.0000,1.5600,4.1850,3.5300,0.0000,0.0000,0.0000,69.8246,0.0000,4370.0000,1755.0000,0.0000,25.0000,45.0000,24.0000,12.0000
1.9990,0.5290,0.3660,0.3340,0.1690,0.0000,0.0000,1.1040,1.0000,1.5600,4.1850,3.5300,0.0000,0.0000,0.0000,69.8247,0.0000,4370.0000,1755.0000,0.0000,25.0000,45.0000,24.0000,12.0000
2.2750,0.6100,0.4220,0.4000,0.2240,0.0000,0.0000,1.2430,1.0000,1.5600,4.1850,3.5300,0.0000,0.0000,0.0000,69.8553,0.0000,4373.0000,1755.0000,0.0000,25.0000,45.0000,24.0000,12.0000
2.0770,0.7390,0.4580,0.3880,0.1920,0.0000,0.0000,0.8800,1.0000,1.5600,4.1850,3.5300,0.0000,0.0000,0.0000,69.8563,0.0000,4373.0000,1755.0000,0.0000,25.0000,46.0000,24.0000,12.0000
1.9930,0.6610,0.4180,0.3940,0.1830,0.0000,0.0000,0.9140,1.0000,1.5600,4.1850,3.5300,0.0000,0.0000,0.0000,69.8572,0.0000,4373.0000,1755.0000,0.0000,25.0000,47.0000,24.0000,12.0000
2.2000,0.6050,0.5030,0.4160,0.2540,0.0000,0.0000,1.0920,1.0000,1.5600,4.1850,3.5300,0.0000,0.0000,0.0000,69.8675,0.0000,4374.0000,1755.0000,0.0000,25.0000,47.0000,24.0000,12.0000
2.1060,0.6430,0.4040,0.3600,0.1790,0.0000,0.0000,1.0590,1.0000,1.5600,4.1850,3.5300,0.0000,0.0000,0.0000,69.8683,0.0000,4374.0000,1755.0000,0.0000,25.0000,48.0000,24.0000,12.0000
1.9680,0.6430,0.3800,0.3880,0.1660,0.0000,0.0000,0.9450,1.0000,1.5600,4.1850,3.5300,0.0000,0.0000,0.0000,69.8683,0.0000,4374.0000,1755.0000,0.0000,25.0000,48.0000,24.0000,12.0000
1.9300,0.5690,0.3820,0.3430,0.1770,0.0000,0.0000,0.9790,1.0000,1.5600,4.1850,3.5300,0.0000,0.0000,0.0000,69.8683,0.0000,4374.0000,1755.0000,0.0000,25.0000,48.0000,24.0000,12.0000
1.9730,0.5880,0.4010,0.3470,0.1700,0.0000,0.0000,0.9840,1.0000,1.5600,4.1850,3.5300,0.0000,0.0000,0.0000,69.8683,0.0000,4374.0000,1755.0000,0.0000,25.0000,48.0000,24.0000,12.0000
1.9510,0.5680,0.3760,0.3410,0.1680,0.0000,0.0000,1.0070,1.0000,1.5600,4.1850,3.5300,0.0000,0.0000,0.0000,69.8683,0.0000,4374.0000,1755.0000,0.0000,25.0000,48.0000,24.0000,12.0000
2.1360,0.5980,0.4410,0.4170,0.2230,0.0000,0.0000,1.0970,1.0000,1.5600,4.1850,3.5300,0.0000,0.0000,0.0000,69.8786,0.0000,4375.0000,1755.0000,0.0000,25.0000,48.0000,24.0000,12.0000
1.9050,0.6160,0.3930,0.3440,0.1680,0.0000,0.0000,0.8960,1.0000,1.5600,4.1850,3.5300,0.0000,0.0000,0.0000,69.8786,0.0000,4375.0000,1755.0000,0.0000,25.0000,48.0000,24.0000,12.0000
2.1040,0.5810,0.4030,0.3470,0.1730,0.0000,0.0000,1.1200,1.0000,1.5600,4.1850,3.5300,0.0000,0.0000,0.0000,69.8787,0.0000,4375.0000,1755.0000,0.0000,25.0000,48.0000,24.0000,12.0000
2.4930,0.6040,0.4300,0.3680,0.2100,0.0000,0.0000,1.4590,1.0000,1.5600,4.1850,3.5300,0.0000,0.0000,0.0000,69.8989,0.0000,4377.0000,1755.0000,0.0000,25.0000,48.0000,24.0000,12.0000
2.0410,0.6490,0.4680,0.3420,0.2100,0.0000,0.0000,0.9240,1.0000,1.5600,4.1850,3.5300,0.0000,0.0000,0.0000,69.8989,0.0000,4377.0000,1755.0000,0.0000,25.0000,48.0000,24.0000,12.0000
1.9830,0.5850,0.4250,0.3930,0.2240,0.0000,0.0000,0.9730,1.0000,1.5600,4.1850,3.5300,0.0000,0.0000,0.0000,69.8990,0.0000,4377.0000,1755.0000,0.0000,25.0000,48.0000,24.0000,12.0000
2.2640,0.5750,0.5110,0.3850,0.2620,0.0000,0.0000,1.1780,1.0000,1.5600,4.1850,3.5300,0.0000,0.0000,0.0000,69.9288,0.0000,4380.0000,1755.0000,0.0000,25.0000,47.0000,24.0000,12.0000
2.3150,0.7250,0.4920,0.4020,0.2410,0.0000,0.0000,1.0980,1.0000,1.5600,4.1850,3.5300,0.0000,0.0000,0.0000,69.9594,0.0000,4383.0000,1755.0000,0.0000,25.0000,47.0000,24.0000,12.0000
2.1230,0.7290,0.4070,0.3580,0.2030,0.0000,0.0000,0.9870,1.0000,1.5600,4.1850,3.5300,0.0000,0.0000,0.0000,69.9698,0.0000,4384.0000,1755.0000,0.0000,25.0000,47.0000,24.0000,12.0000
2.0140,0.5890,0.3550,0.3240,0.1560,0.0000,0.0000,1.0700,1.0000,1.5600,4.1850,3.5300,0.0000,0.0000,0.0000,69.9700,0.0000,4384.0000,1755.0000,0.0000,25.0000,47.0000,24.0000,12.0000
1.9110,0.5570,0.3680,0.3310,0.1670,0.0000,0.0000,0.9860,1.0000,1.5600,4.1850,3.5300,0.0000,0.0000,0.0000,69.9707,0.0000,4384.0000,1755.0000,0.0000,25.0000,48.0000,24.0000,12.0000
1.9500,0.5330,0.3570,0.3280,0.1570,0.0000,0.0000,1.0600,1.0000,1.5600,4.1850,3.5300,0.0000,0.0000,0.0000,69.9714,0.0000,4384.0000,1755.0000,0.0000,25.0000,49.0000,24.0000,12.0000
2.2650,0.5400,0.4020,0.3310,0.1950,0.0000,0.0000,1.3230,1.0000,1.5600,4.1850,3.5300,0.0000,0.0000,0.0000,69.9817,0.0000,4385.0000,1755.0000,0.0000,25.0000,49.0000,24.0000,12.0000
2.0240,0.7820,0.3760,0.5330,0.1660,0.0000,0.0000,0.8660,1.0000,1.5600,4.1850,3.5300,0.0000,0.0000,0.0000,69.9817,0.0000,4385.0000,1755.0000,0.0000,25.0000,49.0000,24.0000,12.0000
2.1350,0.6040,0.4190,0.4120,0.2180,0.0000,0.0000,1.1120,1.0000,1.5600,4.1850,3.5300,0.0000,0.0000,0.0000,70.0133,0.0000,4388.0000,1755.0000,0.0000,25.0000,50.0000,24.0000,12.0000
2.0110,0.6930,0.4090,0.3790,0.2080,0.0000,0.0000,0.9090,1.0000,1.5600,4.1850,3.5300,0.0000,0.0000,0.0000,70.0133,0.0000,4388.0000,1755.0000,0.0000,25.0000,50.0000,24.0000,12.0000
1.9930,0.6410,0.4110,0.4520,0.2090,0.0000,0.0000,0.9410,1.0000,1.5600,4.1850,3.5300,0.0000,0.0000,0.0000,70.0134,0.0000,4388.0000,1755.0000,0.0000,25.0000,50.0000,24.0000,12.0000
2.3290,0.5960,0.5190,0.3870,0.2760,0.0000,0.0000,1.2140,1.0000,1.5600,4.1850,3.5300,0.0000,0.0000,0.0000,70.0237,0.0000,4389.0000,1755.0000,0.0000,25.0000,50.0000,24.0000,12.0000
2.5100,0.7410,0.4170,0.4200,0.1920,0.0000,0.0000,1.3520,1.0000,1.5600,4.1850,3.5300,0.0000,0.0000,0.0000,70.0237,0.0000,4389.0000,1755.0000,0.0000,25.0000,50.0000,24.0000,12.0000
2.2840,0.6530,0.4550,0.3890,0.1880,0.0000,0.0000,1.1760,1.0000,1.5600,4.1850,3.5300,0.0000,0.0000,0.0000,70.0237,0.0000,4389.0000,1755.0000,0.0000,25.0000,50.0000,24.0000,12.0000
2.5120,0.6990,0.5040,0.4870,0.2070,0.0000,0.0000,1.3090,1.0000,1.5600,4.1850,3.5300,0.0000,0.0000,0.0000,70.0236,0.0000,4389.0000,1755.0000,0.0000,25.0000,50.0000,24.0000,13.0000
2.3010,0.7360,0.5130,0.4800,0.2670,0.0000,0.0000,1.0520,1.0000,1.5600,4.1850,3.5300,0.0000,0.0000,0.0000,70.0339,0.0000,4390.0000,1755.0000,0.0000,25.0000,50.0000,24.0000,14.0000
1.9880,0.5780,0.3680,0.3370,0.1650,0.0000,0.0000,1.0420,1.0000,1.5600,4.1850,3.5300,0.0000,0.0000,0.0000,70.0339,0.0000,4390.0000,1755.0000,0.0000,25.0000,50.0000,24.0000,14.0000
2.3300,0.5910,0.5340,0.3980,0.2800,0.0000,0.0000,1.2050,1.0000,1.5600,4.1850,3.5300,0.0000,0.0000,0.0000,70.0545,0.0000,4392.0000,1755.0000,0.0000,25.0000,50.0000,24.0000,15.0000
2.1200,0.7550,0.4690,0.4680,0.2280,0.0000,0.0000,0.8960,1.0000,1.5600,4.1850,3.5300,0.0000,0.0000,0.0000,70.0647,0.0000,4393.0000,1755.0000,0.0000,25.0000,50.0000,24.0000,14.0000
2.0650,0.6220,0.4000,0.3500,0.1750,0.0000,0.0000,1.0430,1.0000,1.5600,4.1850,3.5300,0.0000,0.0000,0.0000,70.0634,0.0000,4393.0000,1755.0000,0.0000,25.0000,48.0000,24.0000,14.0000
2.1870,0.5950,0.4220,0.3550,0.1800,0.0000,0.0000,1.1700,1.0000,1.5600,4.1850,3.5300,0.0000,0.0000,0.0000,70.0634,0.0000,4393.0000,1755.0000,0.0000,25.0000,48.0000,24.0000,15.0000
2.0830,0.7080,0.3890,0.4660,0.1790,0.0000,0.0000,0.9860,1.0000,1.5600,4.1850,3.5300,0.0000,0.0000,0.0000,70.0634,0.0000,4393.0000,1755.0000,0.0000,25.0000,48.0000,24.0000,16.0000
2.1110,0.5750,0.4590,0.3510,0.2410,0.0000,0.0000,1.0770,1.0000,1.5600,4.1850,3.5300,0.0000,0.0000,0.0000,70.0634,0.0000,4393.0000,1755.0000,0.0000,25.0000,48.0000,24.0000,16.0000
3.3590,0.5680,0.4410,0.3610,0.2320,0.0000,0.0000,2.3500,1.0000,1.5600,4.1850,3.5300,0.0000,0.0000,0.0000,70.0837,0.0000,4395.0000,1755.0000,0.0000,25.0000,48.0000,24.0000,16.0000
3.0290,0.7540,0.6460,0.4590,0.3560,0.0000,0.0000,1.6290,1.0000,1.5600,4.1850,3.5300,0.0000,0.0000,0.0000,70.1039,0.0000,4397.0000,1755.0000,0.0000,25.0000,48.0000,24.0000,16.0000
2.5330,0.7540,0.5430,0.3710,0.2310,0.0000,0.0000,1.2360,1.0000,1.5600,4.1850,3.5300,0.0000,0.0000,0.0000,70.1140,0.0000,4398.0000,1755.0000,0.0000,25.0000,48.0000,24.0000,15.0000
2.6080,0.7030,0.4680,0.3670,0.2570,0.0000,0.0000,1.4370,1.0000,1.5600,4.1850,3.5300,0.0000,0.0000,0.0000,69.8362,0.0000,4371.0000,1755.0000,0.0000,25.0000,49.0000,24.0000,15.0000
3.9370,0.7680,0.4640,0.5000,0.2200,0.0000,0.0000,2.7050,1.0000,1.5600,4.1850,3.5300,0.0000,0.0000,0.0000,69.8370,0.0000,4371.0000,1755.0000,0.0000,25.0000,50.0000,24.0000,15.0000
2.3780,0.9060,0.4710,0.4780,0.1930,0.0000,0.0000,1.0010,1.0000,1.5600,4.1850,3.5300,0.0000,0.0000,0.0000,69.8371,0.0000,4371.0000,1755.0000,0.0000,25.0000,50.0000,24.0000,15.0000
2.3470,0.6860,0.4760,0.4300,0.2350,0.0000,0.0000,1.1850,1.0000,1.5600,4.1850,3.5300,0.0000,0.0000,0.0000,69.8371,0.0000,4371.0000,1755.0000,0.0000,25.0000,50.0000,24.0000,15.0000
2.4480,0.5940,0.4640,0.3700,0.2310,0.0000,0.0000,1.3900,1.0000,1.5600,4.1850,3.5300,0.0000,0.0000,0.0000,69.8378,0.0000,4371.0000,1755.0000,0.0000,25.0000,51.0000,24.0000,15.0000
2.7500,0.6990,0.5090,0.4980,0.2720,0.0000,0.0000,1.5420,1.0000,1.5600,4.1850,3.5300,0.0000,0.0000,0.0000,69.8583,0.0000,4373.0000,1755.0000,0.0000,25.0000,51.0000,24.0000,15.0000
2.7970,0.7890,0.5970,0.4640,0.2880,0.0000,0.0000,1.4110,1.0000,1.5600,4.1850,3.5300,0.0000,0.0000,0.0000,69.9002,0.0000,4377.0000,1755.0000,0.0000,25.0000,50.0000,24.0000,15.0000
2.5570,0.8570,0.4620,0.4020,0.2560,0.0000,0.0000,1.2380,1.0000,1.5600,4.1850,3.5300,0.0000,0.0000,0.0000,69.9107,0.0000,4378.0000,1755.0000,0.0000,25.0000,50.0000,24.0000,15.0000
2.2830,0.7870,0.4790,0.5470,0.2360,0.0000,0.0000,1.0170,1.0000,1.5600,4.1850,3.5300,0.0000,0.0000,0.0000,69.9311,0.0000,4380.0000,1755.0000,0.0000,25.0000,50.0000,24.0000,15.0000
2.7590,0.6180,0.4680,0.3410,0.2480,0.0000,0.0000,1.6730,1.0000,1.5600,4.1850,3.5300,0.0000,0.0000,0.0000,69.9409,0.0000,4381.0000,1755.0000,0.0000,25.0000,49.0000,24.0000,15.0000
2.2780,0.8840,0.4340,0.5470,0.1820,0.0000,0.0000,0.9600,1.0000,1.5600,4.1850,3.5300,0.0000,0.0000,0.0000,69.9411,0.0000,4381.0000,1755.0000,0.0000,25.0000,49.0000,24.0000,15.0000
2.2900,0.5990,0.5080,0.3910,0.2400,0.0000,0.0000,1.1830,1.0000,1.5600,4.1850,3.5300,0.0000,0.0000,0.0000,69.9397,0.0000,4381.0000,1755.0000,0.0000,25.0000,47.0000,24.0000,14.0000
2.1920,0.6360,0.4120,0.4440,0.1810,0.0000,0.0000,1.1440,1.0000,1.5600,4.1850,3.5300,0.0000,0.0000,0.0000,69.9397,0.0000,4381.0000,1755.0000,0.0000,25.0000,47.0000,24.0000,14.0000
2.5330,0.6740,0.4550,0.4590,0.2290,0.0000,0.0000,1.4040,1.0000,1.5600,4.1850,3.5300,0.0000,0.0000,0.0000,69.9501,0.0000,4382.0000,1755.0000,0.0000,25.0000,47.0000,24.0000,14.0000
2.3470,0.7700,0.4680,0.4540,0.2640,0.0000,0.0000,1.1090,1.0000,1.5600,4.1850,3.5300,0.0000,0.0000,0.0000,69.9604,0.0000,4383.0000,1755.0000,0.0000,25.0000,47.0000,24.0000,14.0000
2.2310,0.7080,0.3750,0.3900,0.1540,0.0000,0.0000,1.1480,1.0000,1.5600,4.1850,3.5300,0.0000,0.0000,0.0000,69.9605,0.0000,4383.0000,1755.0000,0.0000,25.0000,47.0000,24.0000,14.0000
2.2380,0.7060,0.4210,0.4890,0.1860,0.0000,0.0000,1.1110,1.0000,1.5600,4.1850,3.5300,0.0000,0.0000,0.0000,69.9598,0.0000,4383.0000,1755.0000,0.0000,25.0000,46.0000,24.0000,13.0000
2.2810,0.5650,0.3530,0.3720,0.1600,0.0000,0.0000,1.3630,1.0000,1.5600,4.1850,3.5300,0.0000,0.0000,0.0000,69.9598,0.0000,4383.0000,1755.0000,0.0000,25.0000,46.0000,24.0000,13.0000
2.0670,0.6650,0.4480,0.4400,0.2010,0.0000,0.0000,0.9540,1.0000,1.5600,4.1850,3.5300,0.0000,0.0000,0.0000,69.9598,0.0000,4383.0000,1755.0000,0.0000,25.0000,46.0000,24.0000,13.0000
3.4100,0.5220,1.1510,0.3370,0.2460,0.0000,0.0000,1.7370,1.0000,1.5600,4.1850,3.5300,0.0000,0.0000,0.0000,69.9598,0.0000,4383.0000,1755.0000,0.0000,25.0000,46.0000,24.0000,13.0000
3.0680,0.8790,0.9160,0.6410,0.4640,0.0000,0.0000,1.2730,1.0000,1.5600,4.1850,3.5300,0.0000,0.0000,0.0000,69.9694,0.0000,4384.0000,1755.0000,0.0000,25.0000,45.0000,24.0000,13.0000
2.6070,0.7470,0.4560,0.4380,0.2160,0.0000,0.0000,1.4040,1.0000,1.5600,4.1850,3.5300,0.0000,0.0000,0.0000,69.9797,0.0000,4385.0000,1755.0000,0.0000,25.0000,45.0000,24.0000,12.0000
2.9510,0.8890,0.5330,0.4090,0.2560,0.0000,0.0000,1.5290,1.0000,1.5600,4.1850,3.5300,0.0000,0.0000,0.0000,70.0000,0.0000,4387.0000,1755.0000,0.0000,25.0000,45.0000,24.0000,12.0000
2.6210,0.7640,0.5650,0.3910,0.2810,0.0000,0.0000,1.2920,1.0000,1.5600,4.1850,3.5300,0.0000,0.0000,0.0000,70.0096,0.0000,4388.0000,1755.0000,0.0000,25.0000,44.0000,24.0000,12.0000
2.4600,0.7400,0.4150,0.4040,0.1820,0.0000,0.0000,1.3050,1.0000,1.5600,4.1850,3.5300,0.0000,0.0000,0.0000,70.0107,0.0000,4388.0000,1755.0000,0.0000,25.0000,45.0000,24.0000,12.0000
2.5220,0.7110,0.5580,0.4650,0.2610,0.0000,0.0000,1.2530,1.0000,1.5600,4.1850,3.5300,0.0000,0.0000,0.0000,70.0256,0.0000,4390.0000,1755.0000,0.0000,25.0000,46.0000,24.0000,11.0000
2.3540,0.7060,0.4340,0.4040,0.2130,0.0000,0.0000,1.2140,1.0000,1.5600,4.1850,3.5300,0.0000,0.0000,0.0000,70.0241,0.0000,4390.0000,1755.0000,0.0000,25.0000,46.0000,24.0000,12.0000
2.5310,0.6960,0.5360,0.4730,0.2680,0.0000,0.0000,1.2990,1.0000,1.5600,4.1850,3.5300,0.0000,0.0000,0.0000,70.0626,0.0000,4399.0000,1755.0000,0.0000,25.0000,46.0000,24.0000,13.0000
2.5920,0.7580,0.4700,0.3600,0.2260,0.0000,0.0000,1.3640,1.0000,1.5600,4.1850,3.5300,0.0000,0.0000,0.0000,70.0729,0.0000,4400.0000,1755.0000,0.0000,25.0000,46.0000,24.0000,13.0000
3.1890,0.8090,0.5410,0.5430,0.2500,0.0000,0.0000,1.8390,1.0000,1.5600,4.1850,3.5300,0.0000,0.0000,0.0000,70.0946,0.0000,4402.0000,1755.0000,0.0000,25.0000,48.0000,24.0000,13.0000
2.5470,1.3150,0.4630,0.9020,0.1890,0.0000,0.0000,0.7690,1.0000,1.5600,4.1850,3.5300,0.0000,0.0000,0.0000,70.0954,0.0000,4402.0000,1755.0000,0.0000,25.0000,49.0000,24.0000,12.0000
2.4360,0.7220,0.5130,0.4420,0.2660,0.0000,0.0000,1.2010,1.0000,1.5600,4.1850,3.5300,0.0000,0.0000,0.0000,70.1058,0.0000,4403.0000,1755.0000,0.0000,25.0000,49.0000,24.0000,12.0000
5.7490,0.7620,0.5130,0.4080,0.2580,0.0000,0.0000,4.4740,1.0000,1.5600,4.1850,3.5300,0.0000,0.0000,0.0000,70.1239,0.0000,4405.0000,1755.0000,0.0000,25.0000,46.0000,24.0000,12.0000
3.9430,0.7500,1.9550,0.4160,0.2780,0.0000,0.0000,1.2380,1.0000,1.5600,4.1850,3.5300,0.0000,0.0000,0.0000,70.1233,0.0000,4405.0000,1755.0000,0.0000,25.0000,45.0000,24.0000,12.0000
2.5880,0.6910,0.5540,0.4650,0.3140,0.0000,0.0000,1.3430,1.0000,1.5600,4.1850,3.5300,0.0000,0.0000,0.0000,70.1241,0.0000,4405.0000,1755.0000,0.0000,25.0000,46.0000,24.0000,12.0000
2.5480,0.7000,0.4400,0.3990,0.2220,0.0000,0.0000,1.4080,1.0000,1.5600,4.1850,3.5300,0.0000,0.0000,0.0000,70.1341,0.0000,4406.0000,1755.0000,0.0000,25.0000,46.0000,24.0000,12.0000
3.3960,0.8360,0.5540,0.5500,0.2710,0.0000,0.0000,2.0060,1.0000,1.5600,4.1850,3.5300,0.0000,0.0000,0.0000,69.8869,0.0000,4382.0000,1755.0000,0.0000,25.0000,46.0000,24.0000,12.0000
2.4110,0.8100,0.3650,0.4950,0.1580,0.0000,0.0000,1.2360,1.0000,1.5600,4.1850,3.5300,0.0000,0.0000,0.0000,69.8869,0.0000,4382.0000,1755.0000,0.0000,25.0000,46.0000,24.0000,12.0000
2.4040,0.8080,0.5410,0.4710,0.2500,0.0000,0.0000,1.0550,1.0000,1.5600,4.1850,3.5300,0.0000,0.0000,0.0000,69.8863,0.0000,4382.0000,1755.0000,0.0000,25.0000,45.0000,24.0000,12.0000
3.1660,0.6710,0.9800,0.4600,0.3990,0.0000,0.0000,1.5150,1.0000,1.5600,4.1850,3.5300,0.0000,0.0000,0.0000,69.8863,0.0000,4382.0000,1755.0000,0.0000,25.0000,45.0000,24.0000,12.0000
2.7830,0.7750,0.4400,0.5260,0.2080,0.0000,0.0000,1.5680,1.0000,1.5600,4.1850,3.5300,0.0000,0.0000,0.0000,69.8863,0.0000,4382.0000,1755.0000,0.0000,25.0000,45.0000,24.0000,12.0000
2.8870,0.9670,0.4860,0.6910,0.2190,0.0000,0.0000,1.4340,1.0000,1.5600,4.1850,3.5300,0.0000,0.0000,0.0000,69.8863,0.0000,4382.0000,1755.0000,0.0000,25.0000,45.0000,24.0000,12.0000
2.8240,0.9100,0.4920,0.6560,0.2130,0.0000,0.0000,1.4220,1.0000,1.5600,4.1850,3.5300,0.0000,0.0000,0.0000,69.8965,0.0000,4383.0000,1755.0000,0.0000,25.0000,45.0000,24.0000,12.0000
2.6730,0.9530,0.5700,0.5700,0.3110,0.0000,0.0000,1.1500,1.0000,1.5600,4.1850,3.5300,0.0000,0.0000,0.0000,69.9161,0.0000,4385.0000,1755.0000,0.0000,25.0000,44.0000,24.0000,12.0000
2.4070,0.8680,0.4620,0.4670,0.2620,0.0000,0.0000,1.0770,1.0000,1.5600,4.1850,3.5300,0.0000,0.0000,0.0000,69.9264,0.0000,4386.0000,1755.0000,0.0000,25.0000,44.0000,24.0000,12.0000
2.3520,0.7330,0.4930,0.4660,0.2090,0.0000,0.0000,1.1260,1.0000,1.5600,4.1850,3.5300,0.0000,0.0000,0.0000,69.9258,0.0000,4386.0000,1755.0000,0.0000,25.0000,43.0000,24.0000,12.0000
2.8310,0.6790,0.5840,0.4130,0.3260,0.0000,0.0000,1.5680,1.0000,1.5600,4.1850,3.5300,0.0000,0.0000,0.0000,69.9563,0.0000,4389.0000,1755.0000,0.0000,25.0000,43.0000,24.0000,12.0000
2.7110,0.9530,0.5040,0.5750,0.2260,0.0000,0.0000,1.2540,1.0000,1.5600,4.1850,3.5300,0.0000,0.0000,0.0000,69.9570,0.0000,4389.0000,1755.0000,0.0000,25.0000,44.0000,24.0000,12.0000
2.5620,0.8720,0.5210,0.6180,0.2570,0.0000,0.0000,1.1690,1.0000,1.5600,4.1850,3.5300,0.0000,0.0000,0.0000,69.9544,0.0000,4383.0000,1755.0000,0.0000,25.0000,45.0000,24.0000,12.0000
2.6660,0.8980,0.5530,0.6460,0.2980,0.0000,0.0000,1.2150,1.0000,1.5600,4.1850,3.5300,0.0000,0.0000,0.0000,69.9544,0.0000,4383.0000,1755.0000,0.0000,25.0000,45.0000,24.0000,12.0000
3.0540,0.8650,0.4840,0.6040,0.1730,0.0000,0.0000,1.7050,1.0000,1.5600,4.1850,3.5300,0.0000,0.0000,0.0000,69.9544,0.0000,4383.0000,1755.0000,0.0000,25.0000,45.0000,24.0000,12.0000
2.4670,1.1360,0.4600,0.8580,0.2320,0.0000,0.0000,0.8710,1.0000,1.5600,4.1850,3.5300,0.0000,0.0000,0.0000,69.9747,0.0000,4385.0000,1755.0000,0.0000,25.0000,45.0000,24.0000,12.0000
2.2320,0.8100,0.5100,0.4380,0.2070,0.0000,0.0000,0.9120,1.0000,1.5600,4.1850,3.5300,0.0000,0.0000,0.0000,69.9747,0.0000,4385.0000,1755.0000,0.0000,25.0000,45.0000,24.0000,12.0000
2.6580,0.6650,0.5030,0.4240,0.2670,0.0000,0.0000,1.4900,1.0000,1.5600,4.1850,3.5300,0.0000,0.0000,0.0000,70.0052,0.0000,4388.0000,1755.0000,0.0000,25.0000,45.0000,24.0000,11.0000
2.6780,1.0510,0.5150,0.5000,0.2520,0.0000,0.0000,1.1120,1.0000,1.5600,4.1850,3.5300,0.0000,0.0000,0.0000,70.0360,0.0000,4391.0000,1755.0000,0.0000,25.0000,45.0000,24.0000,11.0000
2.4590,0.9350,0.4340,0.5680,0.2110,0.0000,0.0000,1.0900,1.0000,1.5600,4.1850,3.5300,0.0000,0.0000,0.0000,70.0452,0.0000,4391.0000,1755.0000,0.0000,25.0000,45.0000,24.0000,11.0000
2.3570,0.7560,0.3930,0.4330,0.1770,0.0000,0.0000,1.2080,1.0000,1.5600,4.1850,3.5300,0.0000,0.0000,0.0000,70.0454,0.0000,4391.0000,1755.0000,0.0000,25.0000,45.0000,24.0000,11.0000
2.5100,0.7890,0.5330,0.4530,0.2300,0.0000,0.0000,1.1880,1.0000,1.5600,4.1850,3.5300,0.0000,0.0000,0.0000,70.0454,0.0000,4391.0000,1755.0000,0.0000,25.0000,45.0000,24.0000,11.0000
2.6090,0.7240,0.4370,0.4620,0.2100,0.0000,0.0000,1.4480,1.0000,1.5600,4.1850,3.5300,0.0000,0.0000,0.0000,70.0454,0.0000,4391.0000,1755.0000,0.0000,25.0000,45.0000,24.0000,11.0000
2.0910,0.8950,0.4340,0.6180,0.1660,0.0000,0.0000,0.7620,1.0000,1.5600,4.1850,3.5300,0.0000,0.0000,0.0000,70.0447,0.0000,4391.0000,1755.0000,0.0000,25.0000,44.0000,24.0000,11.0000
2.3870,0.6440,0.3810,0.4310,0.1640,0.0000,0.0000,1.3620,1.0000,1.5600,4.1850,3.5300,0.0000,0.0000,0.0000,70.0447,0.0000,4391.0000,1755.0000,0.0000,25.0000,44.0000,24.0000,11.0000
2.2200,0.7450,0.4010,0.4580,0.1780,0.0000,0.0000,1.0740,1.0000,1.5600,4.1850,3.5300,0.0000,0.0000,0.0000,70.0447,0.0000,4391.0000,1755.0000,0.0000,25.0000,44.0000,24.0000,11.0000
2.1530,0.6250,0.4810,0.3760,0.2040,0.0000,0.0000,1.0470,1.0000,1.5600,4.1850,3.5300,0.0000,0.0000,0.0000,70.0447,0.0000,4391.0000,1755.0000,0.0000,25.0000,44.0000,24.0000,13.0000
2.1270,0.7050,0.4310,0.5120,0.1730,0.0000,0.0000,0.9910,1.0000,1.5600,4.1850,3.5300,0.0000,0.0000,0.0000,70.0447,0.0000,4391.0000,1755.0000,0.0000,25.0000,44.0000,24.0000,14.0000
2.2470,0.6560,0.4760,0.4200,0.2020,0.0000,0.0000,1.1150,1.0000,1.5600,4.1850,3.5300,0.0000,0.0000,0.0000,70.0447,0.0000,4391.0000,1755.0000,0.0000,25.0000,44.0000,24.0000,13.0000
2.0920,0.6340,0.3860,0.3670,0.1860,0.0000,0.0000,1.0720,1.0000,1.5600,4.1850,3.5300,0.0000,0.0000,0.0000,70.0454,0.0000,4391.0000,1755.0000,0.0000,25.0000,45.0000,24.0000,13.0000
2.0470,0.6240,0.3470,0.3730,0.1550,0.0000,0.0000,1.0760,1.0000,1.5600,4.1850,3.5300,0.0000,0.0000,0.0000,70.0454,0.0000,4391.0000,1755.0000,0.0000,25.0000,45.0000,24.0000,13.0000
2.1470,0.5750,0.3850,0.3510,0.1910,0.0000,0.0000,1.1870,1.0000,1.5600,4.1850,3.5300,0.0000,0.0000,0.0000,70.0557,0.0000,4392.0000,1755.0000,0.0000,25.0000,45.0000,24.0000,13.0000
2.1280,0.6960,0.4170,0.4340,0.2160,0.0000,0.0000,1.0150,1.0000,1.5600,4.1850,3.5300,0.0000,0.0000,0.0000,70.0660,0.0000,4393.0000,1755.0000,0.0000,25.0000,45.0000,24.0000,13.0000
2.4190,0.5950,0.5220,0.3660,0.2930,0.0000,0.0000,1.3020,1.0000,1.5600,4.1850,3.5300,0.0000,0.0000,0.0000,70.0764,0.0000,4394.0000,1755.0000,0.0000,25.0000,45.0000,24.0000,13.0000
2.1060,0.7320,0.3960,0.4240,0.1730,0.0000,0.0000,0.9780,1.0000,1.5600,4.1850,3.5300,0.0000,0.0000,0.0000,70.0765,0.0000,4394.0000,1755.0000,0.0000,25.0000,45.0000,24.0000,13.0000
2.3130,0.6520,0.4530,0.4070,0.2400,0.0000,0.0000,1.2080,1.0000,1.5600,4.1850,3.5300,0.0000,0.0000,0.0000,70.0971,0.0000,4396.0000,1755.0000,0.0000,25.0000,45.0000,24.0000,12.0000
2.5200,0.6430,0.5600,0.3560,0.2980,0.0000,0.0000,1.3170,1.0000,1.5600,4.1850,3.5300,0.0000,0.0000,0.0000,70.1371,0.0000,4400.0000,1755.0000,0.0000,25.0000,45.0000,24.0000,13.0000
2.2060,0.8600,0.5060,0.4780,0.2260,0.0000,0.0000,0.8400,1.0000,1.5600,4.1850,3.5300,0.0000,0.0000,0.0000,70.1362,0.0000,4400.0000,1755.0000,0.0000,25.0000,44.0000,24.0000,13.0000
2.2980,0.6430,0.4090,0.3660,0.2030,0.0000,0.0000,1.2460,1.0000,1.5600,4.1850,3.5300,0.0000,0.0000,0.0000,69.8277,0.0000,4370.0000,1755.0000,0.0000,25.0000,45.0000,24.0000,14.0000
2.2550,0.8600,0.4170,0.5500,0.2190,0.0000,0.0000,0.9780,1.0000,1.5600,4.1850,3.5300,0.0000,0.0000,0.0000,69.8276,0.0000,4370.0000,1755.0000,0.0000,25.0000,45.0000,24.0000,14.0000
2.1360,0.7210,0.4610,0.4930,0.2420,0.0000,0.0000,0.9540,1.0000,1.5600,4.1850,3.5300,0.0000,0.0000,0.0000,69.8277,0.0000,4370.0000,1755.0000,0.0000,25.0000,45.0000,24.0000,14.0000
2.1550,0.6920,0.4820,0.4280,0.2200,0.0000,0.0000,0.9810,1.0000,1.5600,4.1850,3.5300,0.0000,0.0000,0.0000,69.8380,0.0000,4371.0000,1755.0000,0.0000,25.0000,45.0000,24.0000,14.0000
2.2900,0.6680,0.4380,0.4260,0.2150,0.0000,0.0000,1.1840,1.0000,1.5600,4.1850,3.5300,0.0000,0.0000,0.0000,69.8482,0.0000,4372.0000,1755.0000,0.0000,25.0000,45.0000,24.0000,14.0000
2.3700,0.6730,0.4360,0.3840,0.2190,0.0000,0.0000,1.2610,1.0000,1.5600,4.1850,3.5300,0.0000,0.0000,0.0000,69.8672,0.0000,4374.0000,1755.0000,0.0000,25.0000,43.0000,24.0000,14.0000
2.2660,0.7400,0.4820,0.4380,0.2060,0.0000,0.0000,1.0440,1.0000,1.5600,4.1850,3.5300,0.0000,0.0000,0.0000,69.8673,0.0000,4374.0000,1755.0000,0.0000,25.0000,43.0000,24.0000,14.0000
2.3170,0.6690,0.4770,0.4510,0.2330,0.0000,0.0000,1.1710,1.0000,1.5600,4.1850,3.5300,0.0000,0.0000,0.0000,69.8674,0.0000,4374.0000,1755.0000,0.0000,25.0000,43.0000,24.0000,14.0000
2.2300,0.7180,0.4370,0.4390,0.2050,0.0000,0.0000,1.0750,1.0000,1.5600,4.1850,3.5300,0.0000,0.0000,0.0000,69.8673,0.0000,4374.0000,1755.0000,0.0000,25.0000,43.0000,24.0000,15.0000
2.2670,0.6850,0.4750,0.4470,0.2060,0.0000,0.0000,1.1070,1.0000,1.5600,4.1850,3.5300,0.0000,0.0000,0.0000,69.8673,0.0000,4374.0000,1755.0000,0.0000,25.0000,43.0000,24.0000,15.0000
2.3210,0.6720,0.5480,0.4710,0.2470,0.0000,0.0000,1.1010,1.0000,1.5600,4.1850,3.5300,0.0000,0.0000,0.0000,69.8863,0.0000,4376.0000,1755.0000,0.0000,25.0000,41.0000,24.0000,15.0000
1.9830,0.6830,0.3790,0.3300,0.1670,0.0000,0.0000,0.9210,1.0000,1.5600,4.1850,3.5300,0.0000,0.0000,0.0000,69.8858,0.0000,4376.0000,1755.0000,0.0000,25.0000,40.0000,24.0000,15.0000
2.1450,0.5600,0.4060,0.3340,0.1870,0.0000,0.0000,1.1790,1.0000,1.5600,4.1850,3.5300,0.0000,0.0000,0.0000,69.8866,0.0000,4376.0000,1755.0000,0.0000,25.0000,41.0000,24.0000,15.0000
2.1020,0.5630,0.3830,0.3270,0.1670,0.0000,0.0000,1.1560,1.0000,1.5600,4.1850,3.5300,0.0000,0.0000,0.0000,69.8859,0.0000,4376.0000,1755.0000,0.0000,25.0000,40.0000,24.0000,15.0000
1.9360,0.5610,0.3740,0.3580,0.1660,0.0000,0.0000,1.0010,1.0000,1.5600,4.1850,3.5300,0.0000,0.0000,0.0000,69.8859,0.0000,4376.0000,1755.0000,0.0000,25.0000,40.0000,24.0000,15.0000
2.0910,0.5170,0.4310,0.3260,0.2320,0.0000,0.0000,1.1430,1.0000,1.5600,4.1850,3.5300,0.0000,0.0000,0.0000,69.9072,0.0000,4378.0000,1755.0000,0.0000,25.0000,41.0000,24.0000,15.0000
2.3360,0.5890,0.4200,0.3160,0.2250,0.0000,0.0000,1.3270,1.0000,1.5600,4.1850,3.5300,0.0000,0.0000,0.0000,69.9584,0.0000,4383.0000,1755.0000,0.0000,25.0000,41.0000,24.0000,15.0000
2.0260,0.9250,0.4510,0.3990,0.1970,0.0000,0.0000,0.6500,1.0000,1.5600,4.1850,3.5300,0.0000,0.0000,0.0000,69.9585,0.0000,4383.0000,1755.0000,0.0000,25.0000,41.0000,24.0000,15.0000
1.9800,0.6260,0.4530,0.4040,0.2380,0.0000,0.0000,0.9010,1.0000,1.5600,4.1850,3.5300,0.0000,0.0000,0.0000,69.9683,0.0000,4384.0000,1755.0000,0.0000,25.0000,40.0000,24.0000,15.0000
1.8860,0.6120,0.4420,0.3890,0.1990,0.0000,0.0000,0.8320,1.0000,1.5600,4.1850,3.5300,0.0000,0.0000,0.0000,69.9682,0.0000,4384.0000,1755.0000,0.0000,25.0000,40.0000,24.0000,15.0000
2.0100,0.5300,0.3950,0.3480,0.2060,0.0000,0.0000,1.0850,1.0000,1.5600,4.1850,3.5300,0.0000,0.0000,0.0000,69.9785,0.0000,4385.0000,1755.0000,0.0000,25.0000,40.0000,24.0000,15.0000
2.0630,0.5500,0.4880,0.3290,0.2150,0.0000,0.0000,1.0250,1.0000,1.5600,4.1850,3.5300,0.0000,0.0000,0.0000,69.9785,0.0000,4385.0000,1755.0000,0.0000,25.0000,40.0000,24.0000,15.0000
1.8280,0.5910,0.3720,0.3790,0.1590,0.0000,0.0000,0.8650,1.0000,1.5600,4.1850,3.5300,0.0000,0.0000,0.0000,69.9785,0.0000,4385.0000,1755.0000,0.0000,25.0000,40.0000,24.0000,15.0000
2.0240,0.5070,0.4630,0.3240,0.2760,0.0000,0.0000,1.0540,1.0000,1.5600,4.1850,3.5300,0.0000,0.0000,0.0000,69.9992,0.0000,4387.0000,1755.0000,0.0000,25.0000,40.0000,24.0000,15.0000
2.2070,0.5960,0.3780,0.3320,0.1890,0.0000,0.0000,1.2330,1.0000,1.5600,4.1850,3.5300,0.0000,0.0000,0.0000,69.9992,0.0000,4387.0000,1755.0000,0.0000,25.0000,40.0000,24.0000,15.0000
2.2080,0.6400,0.5190,0.3940,0.2290,0.0000,0.0000,1.0490,1.0000,1.5600,4.1850,3.5300,0.0000,0.0000,0.0000,69.9993,0.0000,4387.0000,1755.0000,0.0000,25.0000,40.0000,24.0000,15.0000
2.0980,0.6900,0.4650,0.3960,0.2150,0.0000,0.0000,0.9430,1.0000,1.5600,4.1850,3.5300,0.0000,0.0000,0.0000,70.0202,0.0000,4389.0000,1755.0000,0.0000,25.0000,41.0000,24.0000,15.0000
2.0370,0.6550,0.4710,0.3210,0.2140,0.0000,0.0000,0.9110,1.0000,1.5600,4.1850,3.5300,0.0000,0.0000,0.0000,70.0305,0.0000,4390.0000,1755.0000,0.0000,25.0000,41.0000,24.0000,15.0000
2.0200,0.5990,0.4050,0.3180,0.1970,0.0000,0.0000,1.0160,1.0000,1.5600,4.1850,3.5300,0.0000,0.0000,0.0000,70.0409,0.0000,4391.0000,1755.0000,0.0000,25.0000,41.0000,24.0000,15.0000
2.1290,0.6040,0.4190,0.3160,0.2040,0.0000,0.0000,1.1060,1.0000,1.5600,4.1850,3.5300,0.0000,0.0000,0.0000,70.0612,0.0000,4393.0000,1755.0000,0.0000,25.0000,41.0000,24.0000,15.0000
2.0650,0.6450,0.4440,0.3160,0.1960,0.0000,0.0000,0.9760,1.0000,1.5600,4.1850,3.5300,0.0000,0.0000,0.0000,70.0613,0.0000,4393.0000,1755.0000,0.0000,25.0000,41.0000,24.0000,15.0000
2.0890,0.5440,0.4020,0.3220,0.1940,0.0000,0.0000,1.1430,1.0000,1.5600,4.1850,3.5300,0.0000,0.0000,0.0000,70.0615,0.0000,4393.0000,1755.0000,0.0000,25.0000,41.0000,24.0000,15.0000
2.1250,0.5260,0.4370,0.3170,0.1840,0.0000,0.0000,1.1620,1.0000,1.5600,4.1850,3.5300,0.0000,0.0000,0.0000,70.0615,0.0000,4393.0000,1755.0000,0.0000,25.0000,41.0000,24.0000,15.0000
2.1930,0.5950,0.4760,0.3890,0.2430,0.0000,0.0000,1.1220,1.0000,1.5600,4.1850,3.5300,0.0000,0.0000,0.0000,70.0820,0.0000,4395.0000,1755.0000,0.0000,25.0000,41.0000,24.0000,15.0000
2.2430,0.6550,0.4670,0.3820,0.2480,0.0000,0.0000,1.1210,1.0000,1.5600,4.1850,3.5300,0.0000,0.0000,0.0000,70.1025,0.0000,4397.0000,1755.0000,0.0000,25.0000,41.0000,24.0000,15.0000
2.1150,0.7950,0.4170,0.4200,0.1620,0.0000,0.0000,0.9030,1.0000,1.5600,4.1850,3.5300,0.0000,0.0000,0.0000,70.1033,0.0000,4397.0000,1755.0000,0.0000,25.0000,42.0000,24.0000,15.0000
2.2240,0.6800,0.4370,0.4100,0.2150,0.0000,0.0000,1.1070,1.0000,1.5600,4.1850,3.5300,0.0000,0.0000,0.0000,70.1034,0.0000,4397.0000,1755.0000,0.0000,25.0000,42.0000,24.0000,15.0000
1.9230,0.6340,0.3700,0.3590,0.1570,0.0000,0.0000,0.9190,1.0000,1.5600,4.1850,3.5300,0.0000,0.0000,0.0000,70.1034,0.0000,4397.0000,1755.0000,0.0000,25.0000,42.0000,24.0000,15.0000
2.0610,0.5710,0.4070,0.3300,0.2010,0.0000,0.0000,1.0830,1.0000,1.5600,4.1850,3.5300,0.0000,0.0000,0.0000,70.1237,0.0000,4399.0000,1755.0000,0.0000,25.0000,42.0000,24.0000,15.0000
2.0680,0.6280,0.3830,0.3130,0.1960,0.0000,0.0000,1.0570,1.0000,1.5600,4.1850,3.5300,0.0000,0.0000,0.0000,70.1537,0.0000,4402.0000,1755.0000,0.0000,25.0000,41.0000,24.0000,15.0000
2.0250,0.6770,0.3310,0.3060,0.1440,0.0000,0.0000,1.0170,1.0000,1.5600,4.1850,3.5300,0.0000,0.0000,0.0000,70.1538,0.0000,4402.0000,1755.0000,0.0000,25.0000,41.0000,24.0000,15.0000
2.0770,0.5730,0.3810,0.3650,0.1820,0.0000,0.0000,1.1230,1.0000,1.5600,4.1850,3.5300,0.0000,0.0000,0.0000,70.1643,0.0000,4403.0000,1755.0000,0.0000,25.0000,41.0000,24.0000,15.0000
2.0530,0.5930,0.4260,0.3440,0.2270,0.0000,0.0000,1.0340,1.0000,1.5600,4.1850,3.5300,0.0000,0.0000,0.0000,70.1643,0.0000,4403.0000,1755.0000,0.0000,25.0000,41.0000,24.0000,15.0000
2.1360,0.5850,0.3960,0.3510,0.2010,0.0000,0.0000,1.1550,1.0000,1.5600,4.1850,3.5300,0.0000,0.0000,0.0000,70.1746,0.0000,4404.0000,1755.0000,0.0000,25.0000,41.0000,24.0000,15.0000
2.0250,0.5840,0.4050,0.3390,0.1540,0.0000,0.0000,1.0360,1.0000,1.5600,4.1850,3.5300,0.0000,0.0000,0.0000,70.1744,0.0000,4404.0000,1755.0000,0.0000,25.0000,41.0000,24.0000,15.0000
2.0150,0.5460,0.4630,0.3330,0.2190,0.0000,0.0000,1.0060,1.0000,1.5600,4.1850,3.5300,0.0000,0.0000,0.0000,70.1742,0.0000,4404.0000,1755.0000,0.0000,25.0000,41.0000,24.0000,15.0000
2.2520,0.6090,0.4980,0.3840,0.2490,0.0000,0.0000,1.1450,1.0000,1.5600,4.1850,3.5300,0.0000,0.0000,0.0000,69.8863,0.0000,4376.0000,1755.0000,0.0000,25.0000,41.0000,24.0000,15.0000
1.8470,0.6950,0.3990,0.3730,0.1620,0.0000,0.0000,0.7530,1.0000,1.5600,4.1850,3.5300,0.0000,0.0000,0.0000,69.8862,0.0000,4376.0000,1755.0000,0.0000,25.0000,41.0000,24.0000,15.0000
2.1640,0.5700,0.4350,0.3690,0.1920,0.0000,0.0000,1.1590,1.0000,1.5600,4.1850,3.5300,0.0000,0.0000,0.0000,69.8863,0.0000,4376.0000,1755.0000,0.0000,25.0000,41.0000,24.0000,15.0000
2.0860,0.7170,0.4690,0.4750,0.2070,0.0000,0.0000,0.9000,1.0000,1.5600,4.1850,3.5300,0.0000,0.0000,0.0000,69.8966,0.0000,4377.0000,1755.0000,0.0000,25.0000,41.0000,24.0000,14.0000
2.2560,0.6220,0.4870,0.3840,0.2290,0.0000,0.0000,1.1470,1.0000,1.5600,4.1850,3.5300,0.0000,0.0000,0.0000,69.9169,0.0000,4379.0000,1755.0000,0.0000,25.0000,41.0000,24.0000,14.0000
2.2330,0.7180,0.4240,0.3740,0.2140,0.0000,0.0000,1.0910,1.0000,1.5600,4.1850,3.5300,0.0000,0.0000,0.0000,69.9475,0.0000,4382.0000,1755.0000,0.0000,25.0000,41.0000,24.0000,14.0000
2.2260,0.7750,0.4260,0.3970,0.2190,0.0000,0.0000,1.0250,1.0000,1.5600,4.1850,3.5300,0.0000,0.0000,0.0000,69.9682,0.0000,4384.0000,1755.0000,0.0000,25.0000,41.0000,24.0000,14.0000
2.0860,0.7670,0.4600,0.4060,0.2300,0.0000,0.0000,0.8590,1.0000,1.5600,4.1850,3.5300,0.0000,0.0000,0.0000,69.9683,0.0000,4384.0000,1755.0000,0.0000,25.0000,41.0000,24.0000,14.0000
2.0070,0.6370,0.4410,0.3880,0.2180,0.0000,0.0000,0.9290,1.0000,1.5600,4.1850,3.5300,0.0000,0.0000,0.0000,69.9684,0.0000,4384.0000,1755.0000,0.0000,25.0000,41.0000,24.0000,14.0000
2.0180,0.5880,0.4430,0.3900,0.1740,0.0000,0.0000,0.9870,1.0000,1.5600,4.1850,3.5300,0.0000,0.0000,0.0000,69.9677,0.0000,4384.0000,1755.0000,0.0000,25.0000,40.0000,24.0000,14.0000
2.0290,0.6400,0.4650,0.3830,0.2080,0.0000,0.0000,0.9240,1.0000,1.5600,4.1850,3.5300,0.0000,0.0000,0.0000,69.9780,0.0000,4385.0000,1755.0000,0.0000,25.0000,40.0000,24.0000,14.0000
2.1230,0.6190,0.4570,0.3770,0.2200,0.0000,0.0000,1.0470,1.0000,1.5600,4.1850,3.5300,0.0000,0.0000,0.0000,69.9773,0.0000,4385.0000,1755.0000,0.0000,25.0000,39.0000,24.0000,14.0000
2.0750,0.6580,0.4810,0.3930,0.2220,0.0000,0.0000,0.9360,1.0000,1.5600,4.1850,3.5300,0.0000,0.0000,0.0000,69.9774,0.0000,4385.0000,1755.0000,0.0000,25.0000,39.0000,24.0000,14.0000
1.9820,0.5890,0.3770,0.3270,0.1680,0.0000,0.0000,1.0160,1.0000,1.5600,4.1850,3.5300,0.0000,0.0000,0.0000,69.9774,0.0000,4385.0000,1755.0000,0.0000,25.0000,39.0000,24.0000,14.0000
1.9860,0.5700,0.3920,0.3420,0.1700,0.0000,0.0000,1.0240,1.0000,1.5600,4.1850,3.5300,0.0000,0.0000,0.0000,69.9767,0.0000,4385.0000,1755.0000,0.0000,25.0000,38.0000,24.0000,14.0000
2.2530,0.5600,0.4680,0.3690,0.2230,0.0000,0.0000,1.2250,1.0000,1.5600,4.1850,3.5300,0.0000,0.0000,0.0000,69.9869,0.0000,4386.0000,1755.0000,0.0000,25.0000,38.0000,24.0000,14.0000
2.2180,0.6560,0.4840,0.3720,0.2540,0.0000,0.0000,1.0780,1.0000,1.5600,4.1850,3.5300,0.0000,0.0000,0.0000,70.0075,0.0000,4388.0000,1755.0000,0.0000,25.0000,38.0000,24.0000,14.0000
1.9180,0.6850,0.4150,0.4070,0.2190,0.0000,0.0000,0.8180,1.0000,1.5600,4.1850,3.5300,0.0000,0.0000,0.0000,70.0075,0.0000,4388.0000,1755.0000,0.0000,25.0000,38.0000,24.0000,14.0000
2.2580,0.5530,0.5040,0.3330,0.2710,0.0000,0.0000,1.2010,1.0000,1.5600,4.1850,3.5300,0.0000,0.0000,0.0000,70.0278,0.0000,4390.0000,1755.0000,0.0000,25.0000,38.0000,24.0000,13.0000
2.1370,0.6910,0.4920,0.3600,0.2180,0.0000,0.0000,0.9540,1.0000,1.5600,4.1850,3.5300,0.0000,0.0000,0.0000,70.0278,0.0000,4390.0000,1755.0000,0.0000,25.0000,38.0000,24.0000,13.0000
2.1020,0.6440,0.4960,0.3930,0.2680,0.0000,0.0000,0.9620,1.0000,1.5600,4.1850,3.5300,0.0000,0.0000,0.0000,70.0483,0.0000,4392.0000,1755.0000,0.0000,25.0000,38.0000,24.0000,12.0000
2.0080,0.6640,0.3990,0.3810,0.1670,0.0000,0.0000,0.9450,1.0000,1.5600,4.1850,3.5300,0.0000,0.0000,0.0000,70.0483,0.0000,4392.0000,1755.0000,0.0000,25.0000,38.0000,24.0000,12.0000
2.1420,0.6960,0.4390,0.4400,0.1690,0.0000,0.0000,1.0070,1.0000,1.5600,4.1850,3.5300,0.0000,0.0000,0.0000,70.0484,0.0000,4392.0000,1755.0000,0.0000,25.0000,38.0000,24.0000,12.0000
2.1990,0.6840,0.4510,0.4550,0.2450,0.0000,0.0000,1.0640,1.0000,1.5600,4.1850,3.5300,0.0000,0.0000,0.0000,70.0790,0.0000,4395.0000,1755.0000,0.0000,25.0000,38.0000,24.0000,12.0000
2.8590,0.6850,0.7110,0.3130,0.5040,0.0000,0.0000,1.4630,1.0000,1.5600,4.1850,3.5300,0.0000,0.0000,0.0000,70.1380,0.0000,4401.0000,1755.0000,0.0000,25.0000,38.0000,24.0000,12.0000
2.0560,0.8460,0.4440,0.3500,0.2010,0.0000,0.0000,0.7660,1.0000,1.5600,4.1850,3.5300,0.0000,0.0000,0.0000,70.1383,0.0000,4401.0000,1755.0000,0.0000,25.0000,38.0000,24.0000,12.0000
2.5950,0.6080,0.4050,0.3480,0.1930,0.0000,0.0000,1.5820,1.0000,1.5600,4.1850,3.5300,0.0000,0.0000,0.0000,70.1488,0.0000,4402.0000,1755.0000,0.0000,25.0000,38.0000,24.0000,12.0000
2.1690,0.8430,0.4610,0.5590,0.2500,0.0000,0.0000,0.8650,1.0000,1.5600,4.1850,3.5300,0.0000,0.0000,0.0000,70.1590,0.0000,4403.0000,1755.0000,0.0000,25.0000,38.0000,24.0000,13.0000
2.1950,0.7010,0.5720,0.4430,0.2530,0.0000,0.0000,0.9220,1.0000,1.5600,4.1850,3.5300,0.0000,0.0000,0.0000,70.1693,0.0000,4404.0000,1755.0000,0.0000,25.0000,38.0000,24.0000,13.0000
2.1010,0.6620,0.4100,0.3430,0.1910,0.0000,0.0000,1.0290,1.0000,1.5600,4.1850,3.5300,0.0000,0.0000,0.0000,70.1694,0.0000,4404.0000,1755.0000,0.0000,25.0000,38.0000,24.0000,13.0000
2.1440,0.6410,0.4060,0.3670,0.1810,0.0000,0.0000,1.0970,1.0000,1.5600,4.1850,3.5300,0.0000,0.0000,0.0000,70.1694,0.0000,4404.0000,1755.0000,0.0000,25.0000,38.0000,24.0000,13.0000
1.9600,0.5920,0.3680,0.3330,0.1620,0.0000,0.0000,1.0000,1.0000,1.5600,4.1850,3.5300,0.0000,0.0000,0.0000,70.1694,0.0000,4404.0000,1755.0000,0.0000,25.0000,38.0000,24.0000,13.0000
2.2510,0.5370,0.3660,0.3220,0.1640,0.0000,0.0000,1.3480,1.0000,1.5600,4.1850,3.5300,0.0000,0.0000,0.0000,70.1694,0.0000,4404.0000,1755.0000,0.0000,25.0000,38.0000,24.0000,13.0000
2.2230,0.7390,0.4850,0.4660,0.2720,0.0000,0.0000,0.9990,1.0000,1.5600,4.1850,3.5300,0.0000,0.0000,0.0000,70.1797,0.0000,4405.0000,1755.0000,0.0000,25.0000,38.0000,24.0000,13.0000
1.9190,0.7290,0.4120,0.3990,0.2070,0.0000,0.0000,0.7780,1.0000,1.5600,4.1850,3.5300,0.0000,0.0000,0.0000,70.1790,0.0000,4405.0000,1755.0000,0.0000,25.0000,37.0000,24.0000,13.0000
2.0050,0.5840,0.4230,0.3840,0.2080,0.0000,0.0000,0.9980,1.0000,1.5600,4.1850,3.5300,0.0000,0.0000,0.0000,70.1791,0.0000,4405.0000,1755.0000,0.0000,25.0000,37.0000,24.0000,13.0000
1.9930,0.6480,0.4010,0.4500,0.2040,0.0000,0.0000,0.9440,1.0000,1.5600,4.1850,3.5300,0.0000,0.0000,0.0000,70.1791,0.0000,4405.0000,1755.0000,0.0000,25.0000,37.0000,24.0000,13.0000
1.9480,0.6170,0.4030,0.3980,0.2130,0.0000,0.0000,0.9280,1.0000,1.5600,4.1850,3.5300,0.0000,0.0000,0.0000,70.1791,0.0000,4405.0000,1755.0000,0.0000,25.0000,37.0000,24.0000,13.0000
1.9710,0.6330,0.4380,0.4350,0.2420,0.0000,0.0000,0.9000,1.0000,1.5600,4.1850,3.5300,0.0000,0.0000,0.0000,70.1893,0.0000,4406.0000,1755.0000,0.0000,25.0000,37.0000,24.0000,13.0000
2.0800,0.6080,0.3960,0.3650,0.2040,0.0000,0.0000,1.0760,1.0000,1.5600,4.1850,3.5300,0.0000,0.0000,0.0000,70.2099,0.0000,4408.0000,1755.0000,0.0000,25.0000,37.0000,24.0000,13.0000
1.9910,0.7130,0.4310,0.4280,0.2110,0.0000,0.0000,0.8470,1.0000,1.5600,4.1850,3.5300,0.0000,0.0000,0.0000,70.2099,0.0000,4408.0000,1755.0000,0.0000,25.0000,37.0000,24.0000,13.0000
2.0520,0.6450,0.4380,0.3780,0.2430,0.0000,0.0000,0.9690,1.0000,1.5600,4.1850,3.5300,0.0000,0.0000,0.0000,70.2203,0.0000,4409.0000,1755.0000,0.0000,25.0000,37.0000,24.0000,11.0000
2.1460,0.6840,0.4990,0.3650,0.2710,0.0000,0.0000,0.9630,1.0000,1.5600,4.1850,3.5300,0.0000,0.0000,0.0000,70.2312,0.0000,4410.0000,1755.0000,0.0000,25.0000,38.0000,24.0000,11.0000
2.1400,0.6880,0.4990,0.4330,0.2460,0.0000,0.0000,0.9530,1.0000,1.5600,4.1850,3.5300,0.0000,0.0000,0.0000,70.2416,0.0000,4411.0000,1755.0000,0.0000,25.0000,38.0000,24.0000,11.0000
1.9970,0.6390,0.3970,0.3440,0.1940,0.0000,0.0000,0.9610,1.0000,1.5600,4.1850,3.5300,0.0000,0.0000,0.0000,70.2412,0.0000,4411.0000,1755.0000,0.0000,25.0000,38.0000,24.0000,11.0000
1.9870,0.5880,0.4000,0.3350,0.1890,0.0000,0.0000,0.9990,1.0000,1.5600,4.1850,3.5300,0.0000,0.0000,0.0000,69.8814,0.0000,4376.0000,1755.0000,0.0000,25.0000,38.0000,24.0000,11.0000
2.0010,0.5710,0.4370,0.3390,0.2120,0.0000,0.0000,0.9930,1.0000,1.5600,4.1850,3.5300,0.0000,0.0000,0.0000,69.8917,0.0000,4377.0000,1755.0000,0.0000,25.0000,38.0000,24.0000,11.0000
2.2260,0.6160,0.4780,0.3390,0.2120,0.0000,0.0000,1.1320,1.0000,1.5600,4.1850,3.5300,0.0000,0.0000,0.0000,69.9021,0.0000,4378.0000,1755.0000,0.0000,25.0000,38.0000,24.0000,11.0000
1.8560,0.6390,0.3760,0.3210,0.1630,0.0000,0.0000,0.8410,1.0000,1.5600,4.1850,3.5300,0.0000,0.0000,0.0000,69.9022,0.0000,4378.0000,1755.0000,0.0000,25.0000,38.0000,24.0000,11.0000
2.2490,0.5670,0.5090,0.3320,0.3000,0.0000,0.0000,1.1730,1.0000,1.5600,4.1850,3.5300,0.0000,0.0000,0.0000,69.9125,0.0000,4379.0000,1755.0000,0.0000,25.0000,38.0000,24.0000,11.0000
2.0090,0.5850,0.3900,0.3250,0.1930,0.0000,0.0000,1.0340,1.0000,1.5600,4.1850,3.5300,0.0000,0.0000,0.0000,69.9228,0.0000,4380.0000,1755.0000,0.0000,25.0000,38.0000,24.0000,11.0000
2.4490,0.5690,0.5530,0.3220,0.3550,0.0000,0.0000,1.3270,1.0000,1.5600,4.1850,3.5300,0.0000,0.0000,0.0000,69.9430,0.0000,4382.0000,1755.0000,0.0000,25.0000,38.0000,24.0000,11.0000
2.0120,0.7640,0.4610,0.4650,0.2050,0.0000,0.0000,0.7870,1.0000,2.6210,4.6970,3.7150,0.0000,0.0000,0.0000,69.9431,0.0000,4382.0000,1755.0000,0.0000,25.0000,38.0000,24.0000,11.0000
1.9980,0.5810,0.4010,0.3890,0.1680,0.0000,0.0000,1.0160,1.0000,2.6210,4.6970,3.7150,0.0000,0.0000,0.0000,69.9432,0.0000,4382.0000,1755.0000,0.0000,25.0000,38.0000,24.0000,11.0000
2.0730,0.5840,0.4350,0.3970,0.1760,0.0000,0.0000,1.0540,1.0000,2.6210,4.6970,3.7150,0.0000,0.0000,0.0000,69.9439,0.0000,4382.0000,1755.0000,0.0000,25.0000,39.0000,24.0000,11.0000
2.0330,0.5980,0.4390,0.3900,0.1810,0.0000,0.0000,0.9960,1.0000,2.6210,4.6970,3.7150,0.0000,0.0000,0.0000,69.9446,0.0000,4382.0000,1755.0000,0.0000,25.0000,40.0000,24.0000,11.0000
2.2480,0.5770,0.5120,0.3810,0.2540,0.0000,0.0000,1.1590,1.0000,2.6210,4.6970,3.7150,0.0000,0.0000,0.0000,69.9648,0.0000,4384.0000,1755.0000,0.0000,25.0000,40.0000,24.0000,11.0000
2.0550,0.6850,0.3740,0.3590,0.1590,0.0000,0.0000,0.9960,1.0000,2.6210,4.6970,3.7150,0.0000,0.0000,0.0000,69.9648,0.0000,4384.0000,1755.0000,0.0000,25.0000,40.0000,24.0000,12.0000
1.9230,0.6800,0.3840,0.4250,0.1660,0.0000,0.0000,0.8590,1.0000,2.6210,4.6970,3.7150,0.0000,0.0000,0.0000,69.9649,0.0000,4384.0000,1755.0000,0.0000,25.0000,40.0000,24.0000,12.0000
1.8620,0.5790,0.3750,0.3390,0.1650,0.0000,0.0000,0.9080,1.0000,2.6210,4.6970,3.7150,0.0000,0.0000,0.0000,69.9649,0.0000,4384.0000,1755.0000,0.0000,25.0000,40.0000,24.0000,12.0000
2.0410,0.5770,0.4070,0.3360,0.1790,0.0000,0.0000,1.0570,1.0000,2.6210,4.6970,3.7150,0.0000,0.0000,0.0000,69.9649,0.0000,4384.0000,1755.0000,0.0000,25.0000,40.0000,24.0000,13.0000
2.0140,0.6990,0.4100,0.4930,0.2130,0.0000,0.0000,0.9050,1.0000,2.6210,4.6970,3.7150,0.0000,0.0000,0.0000,69.9752,0.0000,4385.0000,1755.0000,0.0000,25.0000,40.0000,24.0000,13.0000
2.1570,0.6210,0.4290,0.3300,0.2020,0.0000,0.0000,1.1070,1.0000,2.6210,4.6970,3.7150,0.0000,0.0000,0.0000,69.9954,0.0000,4387.0000,1755.0000,0.0000,25.0000,40.0000,24.0000,12.0000
2.2580,0.6700,0.4320,0.3400,0.2070,0.0000,0.0000,1.1560,1.0000,2.6210,4.6970,3.7150,0.0000,0.0000,0.0000,70.0161,0.0000,4389.0000,1755.0000,0.0000,25.0000,40.0000,24.0000,12.0000
2.3180,0.6580,0.4660,0.3380,0.2390,0.0000,0.0000,1.1940,1.0000,2.6210,4.6970,3.7150,0.0000,0.0000,0.0000,70.0265,0.0000,4390.0000,1755.0000,0.0000,25.0000,40.0000,24.0000,12.0000
1.9900,0.8170,0.4180,0.5420,0.2080,0.0000,0.0000,0.7550,1.0000,2.6210,4.6970,3.7150,0.0000,0.0000,0.0000,70.0266,0.0000,4390.0000,1755.0000,0.0000,25.0000,40.0000,24.0000,12.0000
2.2840,0.6190,0.4400,0.4230,0.2450,0.0000,0.0000,1.2250,1.0000,2.6210,4.6970,3.7150,0.0000,0.0000,0.0000,70.0369,0.0000,4391.0000,1755.0000,0.0000,25.0000,40.0000,24.0000,12.0000
2.1270,0.6510,0.4680,0.3610,0.2100,0.0000,0.0000,1.0080,1.0000,2.6210,4.6970,3.7150,0.0000,0.0000,0.0000,70.0369,0.0000,4391.0000,1755.0000,0.0000,25.0000,40.0000,24.0000,12.0000
2.0440,0.6140,0.4080,0.3390,0.1970,0.0000,0.0000,1.0220,1.0000,2.6210,4.6970,3.7150,0.0000,0.0000,0.0000,70.0370,0.0000,4391.0000,1755.0000,0.0000,25.0000,40.0000,24.0000,12.0000
1.9430,0.5950,0.3730,0.3600,0.1620,0.0000,0.0000,0.9750,1.0000,2.6210,4.6970,3.7150,0.0000,0.0000,0.0000,70.0370,0.0000,4391.0000,1755.0000,0.0000,25.0000,40.0000,24.0000,12.0000
2.2720,0.6130,0.4030,0.3580,0.1960,0.0000,0.0000,1.2560,1.0000,2.6210,4.6970,3.7150,0.0000,0.0000,0.0000,70.0473,0.0000,4392.0000,1755.0000,0.0000,25.0000,40.0000,24.0000,12.0000
1.9740,0.6220,0.3620,0.3170,0.1580,0.0000,0.0000,0.9900,1.0000,2.6210,4.6970,3.7150,0.0000,0.0000,0.0000,70.0473,0.0000,4392.0000,1755.0000,0.0000,25.0000,40.0000,24.0000,12.0000
2.1020,0.5930,0.4600,0.3730,0.2670,0.0000,0.0000,1.0490,1.0000,2.6210,4.6970,3.7150,0.0000,0.0000,0.0000,70.0682,0.0000,4394.0000,1755.0000,0.0000,25.0000,41.0000,24.0000,12.0000
2.0620,0.6420,0.4090,0.3240,0.2170,0.0000,0.0000,1.0110,1.0000,2.6210,4.6970,3.7150,0.0000,0.0000,0.0000,70.0785,0.0000,4395.0000,1755.0000,0.0000,25.0000,41.0000,24.0000,12.0000
2.2460,0.6210,0.4680,0.3460,0.2280,0.0000,0.0000,1.1570,1.0000,2.6210,4.6970,3.7150,0.0000,0.0000,0.0000,70.0889,0.0000,4396.0000,1755.0000,0.0000,25.0000,41.0000,24.0000,12.0000
1.9500,0.6650,0.4270,0.3930,0.1730,0.0000,0.0000,0.8580,1.0000,2.6210,4.6970,3.7150,0.0000,0.0000,0.0000,70.0889,0.0000,4396.0000,1755.0000,0.0000,25.0000,41.0000,24.0000,12.0000
2.1240,0.5700,0.4420,0.3690,0.1840,0.0000,0.0000,1.1120,1.0000,2.6210,4.6970,3.7150,0.0000,0.0000,0.0000,70.0893,0.0000,4396.0000,1755.0000,0.0000,25.0000,41.0000,24.0000,13.0000
2.0300,0.6500,0.4110,0.4540,0.1770,0.0000,0.0000,0.9690,1.0000,2.6210,4.6970,3.7150,0.0000,0.0000,0.0000,70.0893,0.0000,4396.0000,1755.0000,0.0000,25.0000,41.0000,24.0000,13.0000
1.9400,0.6400,0.4050,0.4270,0.1730,0.0000,0.0000,0.8950,1.0000,2.6210,4.6970,3.7150,0.0000,0.0000,0.0000,70.0893,0.0000,4396.0000,1755.0000,0.0000,25.0000,41.0000,24.0000,13.0000
2.0950,0.5990,0.4600,0.3850,0.2320,0.0000,0.0000,1.0360,1.0000,2.6210,4.6970,3.7150,0.0000,0.0000,0.0000,70.0996,0.0000,4397.0000,1755.0000,0.0000,25.0000,41.0000,24.0000,13.0000
2.2690,0.6420,0.4830,0.3970,0.2360,0.0000,0.0000,1.1440,1.0000,2.6210,4.6970,3.7150,0.0000,0.0000,0.0000,70.1200,0.0000,4399.0000,1755.0000,0.0000,25.0000,41.0000,24.0000,14.0000
2.0940,0.7220,0.3810,0.4040,0.1650,0.0000,0.0000,0.9910,1.0000,2.6210,4.6970,3.7150,0.0000,0.0000,0.0000,70.1202,0.0000,4399.0000,1755.0000,0.0000,25.0000,41.0000,24.0000,14.0000
2.2470,0.5860,0.4070,0.3670,0.1960,0.0000,0.0000,1.2540,1.0000,2.6210,4.6970,3.7150,0.0000,0.0000,0.0000,70.1305,0.0000,4400.0000,1755.0000,0.0000,25.0000,41.0000,24.0000,14.0000
2.0730,0.6040,0.3660,0.3360,0.1590,0.0000,0.0000,1.1030,1.0000,2.6210,4.6970,3.7150,0.0000,0.0000,0.0000,70.1305,0.0000,4400.0000,1755.0000,0.0000,25.0000,41.0000,24.0000,14.0000
2.2790,0.6060,0.4910,0.3810,0.2960,0.0000,0.0000,1.1820,1.0000,2.6210,4.6970,3.7150,0.0000,0.0000,0.0000,70.1508,0.0000,4402.0000,1755.0000,0.0000,25.0000,41.0000,24.0000,14.0000
2.2580,0.6400,0.4620,0.3690,0.2310,0.0000,0.0000,1.1560,1.0000,2.6210,4.6970,3.7150,0.0000,0.0000,0.0000,70.1815,0.0000,4405.0000,1755.0000,0.0000,25.0000,41.0000,24.0000,14.0000
2.4030,0.6850,0.4220,0.3280,0.2100,0.0000,0.0000,1.2960,1.0000,2.6210,4.6970,3.7150,0.0000,0.0000,0.0000,70.2023,0.0000,4407.0000,1755.0000,0.0000,25.0000,41.0000,24.0000,14.0000
2.2860,0.7370,0.4790,0.3140,0.2230,0.0000,0.0000,1.0700,1.0000,2.6210,4.6970,3.7150,0.0000,0.0000,0.0000,70.2026,0.0000,4407.0000,1755.0000,0.0000,25.0000,41.0000,24.0000,14.0000
5.4570,0.6160,0.3960,0.4000,0.1610,0.0000,0.0000,4.4450,1.0000,2.6210,4.6970,3.7150,0.0000,0.0000,0.0000,70.2027,0.0000,4407.0000,1755.0000,0.0000,25.0000,41.0000,24.0000,14.0000
2.3140,0.5940,0.4640,0.3900,0.2470,0.0000,0.0000,1.2560,1.0000,2.6210,4.6970,3.7150,0.0000,0.0000,0.0000,69.9362,0.0000,4381.0000,1755.0000,0.0000,25.0000,41.0000,24.0000,14.0000
2.5930,0.5930,0.4410,0.3260,0.2440,0.0000,0.0000,1.5590,1.0000,2.6210,4.6970,3.7150,0.0000,0.0000,0.0000,69.9564,0.0000,4383.0000,1755.0000,0.0000,25.0000,41.0000,24.0000,14.0000
2.0990,0.7480,0.4030,0.4420,0.1780,0.0000,0.0000,0.9480,1.0000,2.6210,4.6970,3.7150,0.0000,0.0000,0.0000,69.9572,0.0000,4383.0000,1755.0000,0.0000,25.0000,42.0000,24.0000,14.0000
1.9910,0.5780,0.3850,0.3300,0.1680,0.0000,0.0000,1.0280,1.0000,2.6210,4.6970,3.7150,0.0000,0.0000,0.0000,69.9573,0.0000,4383.0000,1755.0000,0.0000,25.0000,42.0000,24.0000,14.0000
2.1730,0.5180,0.3480,0.3130,0.1540,0.0000,0.0000,1.3070,1.0000,2.6210,4.6970,3.7150,0.0000,0.0000,0.0000,69.9566,0.0000,4383.0000,1755.0000,0.0000,25.0000,41.0000,24.0000,14.0000
2.1010,0.6020,0.3530,0.4070,0.1590,0.0000,0.0000,1.1460,1.0000,2.6210,4.6970,3.7150,0.0000,0.0000,0.0000,69.9566,0.0000,4383.0000,1755.0000,0.0000,25.0000,41.0000,24.0000,14.0000
2.5570,0.5900,0.4910,0.3800,0.2260,0.0000,0.0000,1.4760,1.0000,2.6210,4.6970,3.7150,0.0000,0.0000,0.0000,69.9771,0.0000,4385.0000,1755.0000,0.0000,25.0000,41.0000,24.0000,14.0000
2.3040,0.6490,0.4120,0.3730,0.2030,0.0000,0.0000,1.2430,1.0000,2.6210,4.6970,3.7150,0.0000,0.0000,0.0000,69.9987,0.0000,4387.0000,1755.0000,0.0000,25.0000,43.0000,24.0000,14.0000
2.2590,0.6670,0.3840,0.3340,0.1910,0.0000,0.0000,1.2080,1.0000,2.6210,4.6970,3.7150,0.0000,0.0000,0.0000,70.0094,0.0000,4389.0000,1755.0000,0.0000,25.0000,43.0000,24.0000,14.0000
2.2100,0.5870,0.4060,0.3240,0.1970,0.0000,0.0000,1.2170,1.0000,2.6210,4.6970,3.7150,0.0000,0.0000,0.0000,70.0095,0.0000,4389.0000,1755.0000,0.0000,25.0000,43.0000,24.0000,14.0000
2.3980,0.5690,0.4550,0.3700,0.2210,0.0000,0.0000,1.3740,1.0000,2.6210,4.6970,3.7150,0.0000,0.0000,0.0000,70.0329,0.0000,4391.0000,1755.0000,0.0000,25.0000,43.0000,24.0000,14.0000
2.2500,0.7080,0.3690,0.3660,0.1610,0.0000,0.0000,1.1730,1.0000,2.6210,4.6970,3.7150,0.0000,0.0000,0.0000,70.0323,0.0000,4391.0000,1755.0000,0.0000,25.0000,42.0000,24.0000,14.0000
2.0540,0.5600,0.3570,0.3230,0.1600,0.0000,0.0000,1.1370,1.0000,2.6210,4.6970,3.7150,0.0000,0.0000,0.0000,70.0324,0.0000,4391.0000,1755.0000,0.0000,25.0000,42.0000,24.0000,14.0000
2.1430,0.5720,0.4300,0.3740,0.2350,0.0000,0.0000,1.1410,1.0000,2.6210,4.6970,3.7150,0.0000,0.0000,0.0000,70.0427,0.0000,4392.0000,1755.0000,0.0000,25.0000,42.0000,24.0000,14.0000
2.5250,0.5470,0.5920,0.3120,0.2700,0.0000,0.0000,1.3860,1.0000,2.6210,4.6970,3.7150,0.0000,0.0000,0.0000,70.0529,0.0000,4393.0000,1755.0000,0.0000,25.0000,42.0000,24.0000,14.0000
2.4550,0.6380,0.4120,0.3380,0.2050,0.0000,0.0000,1.4050,1.0000,2.6210,4.6970,3.7150,0.0000,0.0000,0.0000,70.0732,0.0000,4395.0000,1755.0000,0.0000,25.0000,42.0000,24.0000,14.0000
2.5160,0.6030,0.5250,0.3130,0.2410,0.0000,0.0000,1.3880,1.0000,2.6210,4.6970,3.7150,0.0000,0.0000,0.0000,70.0733,0.0000,4395.0000,1755.0000,0.0000,25.0000,42.0000,24.0000,14.0000
2.0730,0.6190,0.3760,0.4080,0.1610,0.0000,0.0000,1.0780,1.0000,2.6210,4.6970,3.7150,0.0000,0.0000,0.0000,70.0734,0.0000,4395.0000,1755.0000,0.0000,25.0000,42.0000,24.0000,14.0000
2.0330,0.5460,0.3960,0.3330,0.1940,0.0000,0.0000,1.0910,1.0000,2.6210,4.6970,3.7150,0.0000,0.0000,0.0000,70.0836,0.0000,4396.0000,1755.0000,0.0000,25.0000,42.0000,24.0000,14.0000
2.2140,0.5740,0.4210,0.3190,0.2150,0.0000,0.0000,1.2190,1.0000,2.6210,4.6970,3.7150,0.0000,0.0000,0.0000,70.1042,0.0000,4398.0000,1755.0000,0.0000,25.0000,42.0000,24.0000,14.0000
2.2040,0.6960,0.3920,0.3950,0.1960,0.0000,0.0000,1.1160,1.0000,2.6210,4.6970,3.7150,0.0000,0.0000,0.0000,70.1152,0.0000,4399.0000,1755.0000,0.0000,25.0000,43.0000,24.0000,14.0000
2.1790,0.7090,0.4720,0.4250,0.1930,0.0000,0.0000,0.9980,1.0000,2.6210,4.6970,3.7150,0.0000,0.0000,0.0000,70.1153,0.0000,4399.0000,1755.0000,0.0000,25.0000,43.0000,24.0000,14.0000
2.0950,0.6850,0.4650,0.4060,0.2360,0.0000,0.0000,0.9450,1.0000,2.6210,4.6970,3.7150,0.0000,0.0000,0.0000,70.1153,0.0000,4399.0000,1755.0000,0.0000,25.0000,43.0000,24.0000,14.0000
2.2050,0.6100,0.4260,0.3460,0.2070,0.0000,0.0000,1.1690,1.0000,2.6210,4.6970,3.7150,0.0000,0.0000,0.0000,70.1356,0.0000,4401.0000,1755.0000,0.0000,25.0000,43.0000,24.0000,14.0000
1.9300,0.6670,0.3750,0.3420,0.1600,0.0000,0.0000,0.8880,1.0000,2.6210,4.6970,3.7150,0.0000,0.0000,0.0000,70.1356,0.0000,4401.0000,1755.0000,0.0000,25.0000,43.0000,24.0000,13.0000
1.9310,0.5850,0.3730,0.3380,0.1610,0.0000,0.0000,0.9730,1.0000,2.6210,4.6970,3.7150,0.0000,0.0000,0.0000,70.1350,0.0000,4401.0000,1755.0000,0.0000,25.0000,42.0000,24.0000,13.0000
1.9070,0.5710,0.3670,0.3350,0.1630,0.0000,0.0000,0.9690,1.0000,2.6210,4.6970,3.7150,0.0000,0.0000,0.0000,70.1343,0.0000,4401.0000,1755.0000,0.0000,25.0000,41.0000,24.0000,13.0000
1.9380,0.5890,0.3710,0.3340,0.1760,0.0000,0.0000,0.9780,1.0000,2.6210,4.6970,3.7150,0.0000,0.0000,0.0000,70.1343,0.0000,4401.0000,1755.0000,0.0000,25.0000,41.0000,24.0000,13.0000
1.8910,0.5750,0.3990,0.3370,0.1760,0.0000,0.0000,0.9170,1.0000,2.6210,4.6970,3.7150,0.0000,0.0000,0.0000,70.1343,0.0000,4401.0000,1755.0000,0.0000,25.0000,41.0000,24.0000,13.0000
2.1350,0.5670,0.4510,0.3740,0.2230,0.0000,0.0000,1.1170,1.0000,2.6210,4.6970,3.7150,0.0000,0.0000,0.0000,70.1649,0.0000,4404.0000,1755.0000,0.0000,25.0000,41.0000,24.0000,13.0000
2.0460,0.7370,0.4670,0.3350,0.2430,0.0000,0.0000,0.8420,1.0000,2.6210,4.6970,3.7150,0.0000,0.0000,0.0000,70.1752,0.0000,4405.0000,1755.0000,0.0000,25.0000,41.0000,24.0000,13.0000
2.2080,0.6240,0.4710,0.3340,0.2230,0.0000,0.0000,1.1130,1.0000,2.6210,4.6970,3.7150,0.0000,0.0000,0.0000,70.1959,0.0000,4407.0000,1755.0000,0.0000,25.0000,41.0000,24.0000,13.0000
2.3810,0.6660,0.4610,0.3140,0.2220,0.0000,0.0000,1.2540,1.0000,2.6210,4.6970,3.7150,0.0000,0.0000,0.0000,70.2062,0.0000,4408.0000,1755.0000,0.0000,25.0000,41.0000,24.0000,13.0000
2.3050,0.7910,0.5420,0.4560,0.2220,0.0000,0.0000,0.9720,1.0000,2.6210,4.6970,3.7150,0.0000,0.0000,0.0000,70.2063,0.0000,4408.0000,1755.0000,0.0000,25.0000,41.0000,24.0000,13.0000
2.2100,0.6420,0.4630,0.3980,0.1910,0.0000,0.0000,1.1050,1.0000,2.6210,4.6970,3.7150,0.0000,0.0000,0.0000,70.2063,0.0000,4408.0000,1755.0000,0.0000,25.0000,41.0000,24.0000,14.0000
1.9800,0.6560,0.3900,0.4520,0.1680,0.0000,0.0000,0.9340,1.0000,2.6210,4.6970,3.7150,0.0000,0.0000,0.0000,70.2063,0.0000,4408.0000,1755.0000,0.0000,25.0000,41.0000,24.0000,14.0000
2.2120,0.6070,0.4180,0.3340,0.1990,0.0000,0.0000,1.1870,1.0000,2.6210,4.6970,3.7150,0.0000,0.0000,0.0000,70.2177,0.0000,4409.0000,1755.0000,0.0000,25.0000,42.0000,24.0000,15.0000
2.1370,0.6920,0.3870,0.4060,0.1890,0.0000,0.0000,1.0580,1.0000,2.6210,4.6970,3.7150,0.0000,0.0000,0.0000,70.2279,0.0000,4410.0000,1755.0000,0.0000,25.0000,42.0000,24.0000,15.0000
2.2000,0.5870,0.3960,0.3180,0.1850,0.0000,0.0000,1.2170,1.0000,2.6210,4.6970,3.7150,0.0000,0.0000,0.0000,70.2273,0.0000,4410.0000,1755.0000,0.0000,25.0000,41.0000,24.0000,15.0000
2.2000,0.6460,0.4500,0.4280,0.2400,0.0000,0.0000,1.1040,1.0000,2.6210,4.6970,3.7150,0.0000,0.0000,0.0000,70.2274,0.0000,4410.0000,1755.0000,0.0000,25.0000,41.0000,24.0000,15.0000
2.3720,0.6510,0.4920,0.4100,0.2310,0.0000,0.0000,1.2290,1.0000,2.6210,4.6970,3.7150,0.0000,0.0000,0.0000,70.2377,0.0000,4411.0000,1755.0000,0.0000,25.0000,41.0000,24.0000,15.0000
2.4520,0.7010,0.4410,0.3940,0.2110,0.0000,0.0000,1.3100,1.0000,2.6210,4.6970,3.7150,0.0000,0.0000,0.0000,70.2583,0.0000,4413.0000,1755.0000,0.0000,25.0000,41.0000,24.0000,15.0000
2.6030,0.7210,0.4950,0.4090,0.2770,0.0000,0.0000,1.3870,1.0000,2.6210,4.6970,3.7150,0.0000,0.0000,0.0000,70.2782,0.0000,4415.0000,1755.0000,0.0000,25.0000,41.0000,24.0000,15.0000
2.3550,0.8980,0.4730,0.3750,0.2430,0.0000,0.0000,0.9840,1.0000,2.6210,4.6970,3.7150,0.0000,0.0000,0.0000,69.8865,0.0000,4377.0000,1755.0000,0.0000,25.0000,41.0000,24.0000,15.0000
2.0540,0.7230,0.4200,0.4270,0.2080,0.0000,0.0000,0.9110,1.0000,2.6210,4.6970,3.7150,0.0000,0.0000,0.0000,69.8859,0.0000,4377.0000,1755.0000,0.0000,25.0000,40.0000,24.0000,15.0000
2.1240,0.6140,0.4170,0.4120,0.2100,0.0000,0.0000,1.0930,1.0000,2.6210,4.6970,3.7150,0.0000,0.0000,0.0000,69.8867,0.0000,4377.0000,1755.0000,0.0000,25.0000,41.0000,24.0000,15.0000
1.9830,0.7260,0.3970,0.5230,0.1620,0.0000,0.0000,0.8600,1.0000,2.6210,4.6970,3.7150,0.0000,0.0000,0.0000,69.8867,0.0000,4377.0000,1755.0000,0.0000,25.0000,41.0000,24.0000,15.0000
2.2980,0.6180,0.4440,0.4230,0.2130,0.0000,0.0000,1.2360,1.0000,2.6210,4.6970,3.7150,0.0000,0.0000,0.0000,69.8970,0.0000,4378.0000,1755.0000,0.0000,25.0000,41.0000,24.0000,15.0000
2.0040,0.7600,0.3720,0.4520,0.1620,0.0000,0.0000,0.8720,1.0000,2.6210,4.6970,3.7150,0.0000,0.0000,0.0000,69.8970,0.0000,4378.0000,1755.0000,0.0000,25.0000,41.0000,24.0000,15.0000
2.2470,0.5950,0.3750,0.3510,0.1860,0.0000,0.0000,1.2770,1.0000,2.6210,4.6970,3.7150,0.0000,0.0000,0.0000,69.9086,0.0000,4379.0000,1755.0000,0.0000,25.0000,41.0000,24.0000,15.0000
2.0430,0.6610,0.3430,0.3690,0.1530,0.0000,0.0000,1.0390,1.0000,2.6210,4.6970,3.7150,0.0000,0.0000,0.0000,69.9086,0.0000,4379.0000,1755.0000,0.0000,25.0000,41.0000,24.0000,15.0000
2.0850,0.5830,0.4420,0.3810,0.2340,0.0000,0.0000,1.0600,1.0000,2.6210,4.6970,3.7150,0.0000,0.0000,0.0000,69.9087,0.0000,4379.0000,1755.0000,0.0000,25.0000,41.0000,24.0000,15.0000
2.2260,0.5810,0.4360,0.3860,0.2350,0.0000,0.0000,1.2090,1.0000,2.6210,4.6970,3.7150,0.0000,0.0000,0.0000,69.9292,0.0000,4381.0000,1755.0000,0.0000,25.0000,41.0000,24.0000,15.0000
2.2710,0.7410,0.4830,0.4690,0.2590,0.0000,0.0000,1.0470,1.0000,2.6210,4.6970,3.7150,0.0000,0.0000,0.0000,69.9395,0.0000,4382.0000,1755.0000,0.0000,25.0000,41.0000,24.0000,16.0000
2.1720,0.7240,0.4340,0.4570,0.2050,0.0000,0.0000,1.0140,1.0000,2.6210,4.6970,3.7150,0.0000,0.0000,0.0000,69.9605,0.0000,4384.0000,1755.0000,0.0000,25.0000,42.0000,24.0000,15.0000
2.1210,0.6960,0.4390,0.3680,0.2270,0.0000,0.0000,0.9860,1.0000,2.6210,4.6970,3.7150,0.0000,0.0000,0.0000,69.9807,0.0000,4386.0000,1755.0000,0.0000,25.0000,42.0000,24.0000,15.0000
2.0600,0.6560,0.3510,0.3300,0.1590,0.0000,0.0000,1.0530,1.0000,2.6210,4.6970,3.7150,0.0000,0.0000,0.0000,69.9856,0.0000,4387.0000,1755.0000,0.0000,25.0000,42.0000,24.0000,15.0000
2.0240,0.5600,0.3610,0.3640,0.1610,0.0000,0.0000,1.1030,1.0000,2.6210,4.6970,3.7150,0.0000,0.0000,0.0000,69.9843,0.0000,4387.0000,1755.0000,0.0000,25.0000,41.0000,24.0000,15.0000
2.1060,0.5980,0.3980,0.3940,0.2060,0.0000,0.0000,1.1100,1.0000,2.6210,4.6970,3.7150,0.0000,0.0000,0.0000,69.9971,0.0000,4390.0000,1755.0000,0.0000,25.0000,41.0000,24.0000,15.0000
2.2430,0.6450,0.4510,0.4010,0.2410,0.0000,0.0000,1.1470,1.0000,2.6210,4.6970,3.7150,0.0000,0.0000,0.0000,70.0173,0.0000,4392.0000,1755.0000,0.0000,25.0000,41.0000,24.0000,16.0000
2.2000,0.6800,0.4870,0.4020,0.2320,0.0000,0.0000,1.0330,1.0000,2.6210,4.6970,3.7150,0.0000,0.0000,0.0000,70.0276,0.0000,4393.0000,1755.0000,0.0000,25.0000,41.0000,24.0000,16.0000
1.9810,0.6940,0.4280,0.3770,0.1790,0.0000,0.0000,0.8590,1.0000,2.6210,4.6970,3.7150,0.0000,0.0000,0.0000,70.0284,0.0000,4393.0000,1755.0000,0.0000,25.0000,42.0000,24.0000,16.0000
2.0130,0.6010,0.4130,0.3960,0.1840,0.0000,0.0000,0.9990,1.0000,2.6210,4.6970,3.7150,0.0000,0.0000,0.0000,70.0284,0.0000,4393.0000,1755.0000,0.0000,25.0000,42.0000,24.0000,16.0000
2.2480,0.6340,0.4680,0.3760,0.2390,0.0000,0.0000,1.1460,1.0000,2.6210,4.6970,3.7150,0.0000,0.0000,0.0000,70.0589,0.0000,4396.0000,1755.0000,0.0000,25.0000,42.0000,24.0000,16.0000
2.0690,0.7130,0.3960,0.3460,0.1990,0.0000,0.0000,0.9600,1.0000,2.6210,4.6970,3.7150,0.0000,0.0000,0.0000,70.0692,0.0000,4397.0000,1755.0000,0.0000,25.0000,42.0000,24.0000,16.0000
2.1180,0.6050,0.3990,0.3260,0.2040,0.0000,0.0000,1.1140,1.0000,2.6210,4.6970,3.7150,0.0000,0.0000,0.0000,70.0906,0.0000,4399.0000,1755.0000,0.0000,25.0000,43.0000,24.0000,16.0000
2.1450,0.6150,0.4550,0.3290,0.2600,0.0000,0.0000,1.0750,1.0000,2.6210,4.6970,3.7150,0.0000,0.0000,0.0000,70.1009,0.0000,4400.0000,1755.0000,0.0000,25.0000,43.0000,24.0000,16.0000
2.3460,0.5870,0.4070,0.3370,0.1950,0.0000,0.0000,1.3520,1.0000,2.6210,4.6970,3.7150,0.0000,0.0000,0.0000,70.1010,0.0000,4400.0000,1755.0000,0.0000,25.0000,43.0000,24.0000,16.0000
2.1440,0.8130,0.4390,0.5630,0.1950,0.0000,0.0000,0.8920,1.0000,2.6210,4.6970,3.7150,0.0000,0.0000,0.0000,70.1127,0.0000,4401.0000,1755.0000,0.0000,25.0000,43.0000,24.0000,16.0000
2.0210,0.6480,0.4140,0.3840,0.1710,0.0000,0.0000,0.9590,1.0000,2.6210,4.6970,3.7150,0.0000,0.0000,0.0000,70.1127,0.0000,4401.0000,1755.0000,0.0000,25.0000,43.0000,24.0000,16.0000
2.1090,0.5960,0.4230,0.3900,0.2180,0.0000,0.0000,1.0900,1.0000,2.6210,4.6970,3.7150,0.0000,0.0000,0.0000,70.1237,0.0000,4402.0000,1755.0000,0.0000,25.0000,44.0000,24.0000,16.0000
2.1090,0.6180,0.3940,0.3320,0.1970,0.0000,0.0000,1.0970,1.0000,2.6210,4.6970,3.7150,0.0000,0.0000,0.0000,70.1340,0.0000,4403.0000,1755.0000,0.0000,25.0000,44.0000,24.0000,16.0000
1.9370,0.6510,0.3640,0.3670,0.1640,0.0000,0.0000,0.9220,1.0000,2.6210,4.6970,3.7150,0.0000,0.0000,0.0000,70.1340,0.0000,4403.0000,1755.0000,0.0000,25.0000,44.0000,24.0000,16.0000
1.9180,0.5670,0.3530,0.3290,0.1580,0.0000,0.0000,0.9980,1.0000,2.6210,4.6970,3.7150,0.0000,0.0000,0.0000,70.1341,0.0000,4403.0000,1755.0000,0.0000,25.0000,44.0000,24.0000,15.0000
2.1460,0.5690,0.3580,0.3280,0.1640,0.0000,0.0000,1.2190,1.0000,2.6210,4.6970,3.7150,0.0000,0.0000,0.0000,70.1341,0.0000,4403.0000,1755.0000,0.0000,25.0000,44.0000,24.0000,15.0000
2.3480,0.6350,0.4170,0.3850,0.2160,0.0000,0.0000,1.2960,1.0000,2.6210,4.6970,3.7150,0.0000,0.0000,0.0000,70.1646,0.0000,4406.0000,1755.0000,0.0000,25.0000,44.0000,24.0000,15.0000
2.2190,0.7330,0.5250,0.4080,0.2740,0.0000,0.0000,0.9610,1.0000,2.6210,4.6970,3.7150,0.0000,0.0000,0.0000,70.1748,0.0000,4407.0000,1755.0000,0.0000,25.0000,44.0000,24.0000,15.0000
2.1650,0.6820,0.4530,0.4230,0.2200,0.0000,0.0000,1.0300,1.0000,2.6210,4.6970,3.7150,0.0000,0.0000,0.0000,70.1852,0.0000,4408.0000,1755.0000,0.0000,25.0000,44.0000,24.0000,15.0000
2.0060,0.7180,0.4240,0.4140,0.1870,0.0000,0.0000,0.8640,1.0000,2.6210,4.6970,3.7150,0.0000,0.0000,0.0000,70.1853,0.0000,4408.0000,1755.0000,0.0000,25.0000,44.0000,24.0000,15.0000
2.2180,0.6210,0.4680,0.4130,0.2420,0.0000,0.0000,1.1290,1.0000,2.6210,4.6970,3.7150,0.0000,0.0000,0.0000,70.1945,0.0000,4407.0000,1755.0000,0.0000,25.0000,44.0000,24.0000,15.0000
1.9710,0.6280,0.3630,0.3530,0.1620,0.0000,0.0000,0.9800,1.0000,2.6210,4.6970,3.7150,0.0000,0.0000,0.0000,70.1945,0.0000,4407.0000,1755.0000,0.0000,25.0000,44.0000,24.0000,15.0000
2.1190,0.6300,0.3870,0.3680,0.1940,0.0000,0.0000,1.1020,1.0000,2.6210,4.6970,3.7150,0.0000,0.0000,0.0000,70.2048,0.0000,4408.0000,1755.0000,0.0000,25.0000,44.0000,24.0000,15.0000
2.1160,0.6540,0.3950,0.3770,0.1950,0.0000,0.0000,1.0670,1.0000,2.6210,4.6970,3.7150,0.0000,0.0000,0.0000,70.2151,0.0000,4409.0000,1755.0000,0.0000,25.0000,44.0000,24.0000,15.0000
2.2020,0.6020,0.4990,0.3590,0.2900,0.0000,0.0000,1.1010,1.0000,2.6210,4.6970,3.7150,0.0000,0.0000,0.0000,70.2353,0.0000,4411.0000,1755.0000,0.0000,25.0000,44.0000,24.0000,15.0000
2.0430,0.6590,0.4490,0.3750,0.2250,0.0000,0.0000,0.9350,1.0000,2.6210,4.6970,3.7150,0.0000,0.0000,0.0000,70.2354,0.0000,4411.0000,1755.0000,0.0000,25.0000,44.0000,24.0000,15.0000
2.1190,0.5770,0.4560,0.3790,0.2020,0.0000,0.0000,1.0860,1.0000,2.6210,4.6970,3.7150,0.0000,0.0000,0.0000,70.2348,0.0000,4411.0000,1755.0000,0.0000,25.0000,43.0000,24.0000,15.0000
2.1810,0.6600,0.4180,0.4650,0.2030,0.0000,0.0000,1.1030,1.0000,2.6210,4.6970,3.7150,0.0000,0.0000,0.0000,70.2335,0.0000,4410.0000,1755.0000,0.0000,25.0000,43.0000,24.0000,15.0000
2.3080,0.6430,0.4800,0.4420,0.2380,0.0000,0.0000,1.1850,1.0000,2.6210,4.6970,3.7150,0.0000,0.0000,0.0000,70.2536,0.0000,4412.0000,1755.0000,0.0000,25.0000,43.0000,24.0000,15.0000
2.3530,0.7200,0.4260,0.3850,0.2320,0.0000,0.0000,1.2070,1.0000,2.6210,4.6970,3.7150,0.0000,0.0000,0.0000,69.9178,0.0000,4380.0000,1755.0000,0.0000,25.0000,43.0000,24.0000,15.0000
2.1300,0.8010,0.3930,0.4350,0.1630,0.0000,0.0000,0.9360,1.0000,2.6210,4.6970,3.7150,0.0000,0.0000,0.0000,69.9173,0.0000,4380.0000,1755.0000,0.0000,25.0000,42.0000,24.0000,15.0000
2.1730,0.6810,0.4670,0.4880,0.2490,0.0000,0.0000,1.0250,1.0000,2.6210,4.6970,3.7150,0.0000,0.0000,0.0000,69.9278,0.0000,4381.0000,1755.0000,0.0000,25.0000,42.0000,24.0000,15.0000
2.1700,0.6960,0.4130,0.3980,0.1790,0.0000,0.0000,1.0610,1.0000,2.6210,4.6970,3.7150,0.0000,0.0000,0.0000,69.9278,0.0000,4381.0000,1755.0000,0.0000,25.0000,42.0000,24.0000,15.0000
2.2990,0.6790,0.3990,0.4340,0.1840,0.0000,0.0000,1.2210,1.0000,2.6210,4.6970,3.7150,0.0000,0.0000,0.0000,69.9272,0.0000,4381.0000,1755.0000,0.0000,25.0000,41.0000,24.0000,14.0000
2.2190,0.7260,0.4100,0.4510,0.2160,0.0000,0.0000,1.0830,1.0000,2.6210,4.6970,3.7150,0.0000,0.0000,0.0000,69.9374,0.0000,4382.0000,1755.0000,0.0000,25.0000,41.0000,24.0000,14.0000
2.0620,0.6270,0.4510,0.3850,0.2000,0.0000,0.0000,0.9840,1.0000,2.6210,4.6970,3.7150,0.0000,0.0000,0.0000,69.9374,0.0000,4382.0000,1755.0000,0.0000,25.0000,41.0000,24.0000,14.0000
1.9730,0.5600,0.4100,0.3670,0.2030,0.0000,0.0000,1.0030,1.0000,2.6210,4.6970,3.7150,0.0000,0.0000,0.0000,69.9382,0.0000,4382.0000,1755.0000,0.0000,25.0000,42.0000,24.0000,14.0000
2.4540,0.5450,0.4940,0.3580,0.2500,0.0000,0.0000,1.4150,1.0000,2.6210,4.6970,3.7150,0.0000,0.0000,0.0000,69.9588,0.0000,4384.0000,1755.0000,0.0000,25.0000,42.0000,24.0000,15.0000
2.1080,0.6930,0.3570,0.4010,0.1610,0.0000,0.0000,1.0580,1.0000,2.6210,4.6970,3.7150,0.0000,0.0000,0.0000,69.9589,0.0000,4384.0000,1755.0000,0.0000,25.0000,42.0000,24.0000,14.0000
2.4370,0.6240,0.4120,0.3770,0.2050,0.0000,0.0000,1.4010,1.0000,2.6210,4.6970,3.7150,0.0000,0.0000,0.0000,69.9686,0.0000,4385.0000,1755.0000,0.0000,25.0000,41.0000,24.0000,14.0000
2.3860,0.6660,0.4930,0.3970,0.2840,0.0000,0.0000,1.2270,1.0000,2.6210,4.6970,3.7150,0.0000,0.0000,0.0000,69.9990,0.0000,4388.0000,1755.0000,0.0000,25.0000,41.0000,24.0000,14.0000
2.1390,0.8010,0.4090,0.4040,0.2020,0.0000,0.0000,0.9290,1.0000,2.6210,4.6970,3.7150,0.0000,0.0000,0.0000,70.0094,0.0000,4389.0000,1755.0000,0.0000,25.0000,41.0000,24.0000,14.0000
1.9780,0.6580,0.3600,0.3520,0.1630,0.0000,0.0000,0.9600,1.0000,2.6210,4.6970,3.7150,0.0000,0.0000,0.0000,70.0095,0.0000,4389.0000,1755.0000,0.0000,25.0000,41.0000,24.0000,14.0000
2.0550,0.5860,0.4100,0.3510,0.2160,0.0000,0.0000,1.0590,1.0000,2.6210,4.6970,3.7150,0.0000,0.0000,0.0000,70.0198,0.0000,4390.0000,1755.0000,0.0000,25.0000,41.0000,24.0000,14.0000
2.0450,0.6290,0.3580,0.3480,0.1620,0.0000,0.0000,1.0580,1.0000,2.6210,4.6970,3.7150,0.0000,0.0000,0.0000,70.0198,0.0000,4390.0000,1755.0000,0.0000,25.0000,41.0000,24.0000,14.0000
2.3080,0.5840,0.3940,0.3490,0.1960,0.0000,0.0000,1.3300,1.0000,2.6210,4.6970,3.7150,0.0000,0.0000,0.0000,70.0315,0.0000,4391.0000,1755.0000,0.0000,25.0000,41.0000,24.0000,14.0000
2.4070,0.7160,0.5070,0.3960,0.2420,0.0000,0.0000,1.1840,1.0000,2.6210,4.6970,3.7150,0.0000,0.0000,0.0000,70.0418,0.0000,4392.0000,1755.0000,0.0000,25.0000,41.0000,24.0000,14.0000
2.6630,0.6460,0.4600,0.4120,0.2120,0.0000,0.0000,1.5570,1.0000,2.6210,4.6970,3.7150,0.0000,0.0000,0.0000,70.0521,0.0000,4393.0000,1755.0000,0.0000,25.0000,41.0000,24.0000,14.0000
2.2370,0.8470,0.4780,0.5410,0.2260,0.0000,0.0000,0.9120,1.0000,2.6210,4.6970,3.7150,0.0000,0.0000,0.0000,70.0522,0.0000,4393.0000,1755.0000,0.0000,25.0000,41.0000,24.0000,14.0000
2.3800,0.6210,0.4150,0.4240,0.1620,0.0000,0.0000,1.3440,1.0000,2.6210,4.6970,3.7150,0.0000,0.0000,0.0000,70.0522,0.0000,4393.0000,1755.0000,0.0000,25.0000,41.0000,24.0000,14.0000
2.1290,0.6740,0.4100,0.4090,0.1670,0.0000,0.0000,1.0450,1.0000,2.6210,4.6970,3.7150,0.0000,0.0000,0.0000,70.0529,0.0000,4393.0000,1755.0000,0.0000,25.0000,42.0000,24.0000,14.0000
2.3000,0.5800,0.4770,0.3450,0.2630,0.0000,0.0000,1.2430,1.0000,2.6210,4.6970,3.7150,0.0000,0.0000,0.0000,70.0632,0.0000,4394.0000,1755.0000,0.0000,25.0000,42.0000,24.0000,14.0000
2.5880,0.6020,0.5030,0.3610,0.2840,0.0000,0.0000,1.4830,1.0000,2.6210,4.6970,3.7150,0.0000,0.0000,0.0000,70.0836,0.0000,4396.0000,1755.0000,0.0000,25.0000,42.0000,24.0000,15.0000
2.2930,0.8390,0.3760,0.4860,0.1680,0.0000,0.0000,1.0780,1.0000,2.6210,4.6970,3.7150,0.0000,0.0000,0.0000,70.0843,0.0000,4396.0000,1755.0000,0.0000,25.0000,43.0000,24.0000,15.0000
2.4410,0.5990,0.4140,0.3480,0.2100,0.0000,0.0000,1.4280,1.0000,2.6210,4.6970,3.7150,0.0000,0.0000,0.0000,70.0947,0.0000,4397.0000,1755.0000,0.0000,25.0000,43.0000,24.0000,15.0000
2.2100,0.7430,0.4330,0.4330,0.1850,0.0000,0.0000,1.0340,1.0000,2.6210,4.6970,3.7150,0.0000,0.0000,0.0000,70.0947,0.0000,4397.0000,1755.0000,0.0000,25.0000,43.0000,24.0000,15.0000
2.2630,0.6310,0.3800,0.4200,0.1660,0.0000,0.0000,1.2520,1.0000,2.6210,4.6970,3.7150,0.0000,0.0000,0.0000,70.0947,0.0000,4397.0000,1755.0000,0.0000,25.0000,43.0000,24.0000,15.0000
2.9190,0.6450,0.8050,0.3880,0.3050,0.0000,0.0000,1.4690,1.0000,2.6210,4.6970,3.7150,0.0000,0.0000,0.0000,70.1532,0.0000,4403.0000,1755.0000,0.0000,25.0000,43.0000,24.0000,15.0000
2.3580,0.8790,0.4350,0.3940,0.2170,0.0000,0.0000,1.0440,1.0000,2.6210,4.6970,3.7150,0.0000,0.0000,0.0000,70.1636,0.0000,4404.0000,1755.0000,0.0000,25.0000,43.0000,24.0000,14.0000
2.2580,0.6180,0.4540,0.3640,0.2330,0.0000,0.0000,1.1860,1.0000,2.6210,4.6970,3.7150,0.0000,0.0000,0.0000,70.1638,0.0000,4404.0000,1755.0000,0.0000,25.0000,43.0000,24.0000,13.0000
4.0200,0.7130,0.4260,0.4380,0.1920,0.0000,0.0000,2.8810,1.0000,2.6210,4.6970,3.7150,0.0000,0.0000,0.0000,70.1638,0.0000,4404.0000,1755.0000,0.0000,25.0000,43.0000,24.0000,13.0000
2.2390,0.6700,0.3900,0.4030,0.1790,0.0000,0.0000,1.1790,1.0000,2.6210,4.6970,3.7150,0.0000,0.0000,0.0000,70.1638,0.0000,4404.0000,1755.0000,0.0000,25.0000,43.0000,24.0000,13.0000
2.3780,0.6420,0.4250,0.3660,0.2210,0.0000,0.0000,1.3110,1.0000,2.6210,4.6970,3.7150,0.0000,0.0000,0.0000,70.1957,0.0000,4407.0000,1755.0000,0.0000,25.0000,43.0000,24.0000,13.0000
2.2120,0.6960,0.4660,0.3600,0.2480,0.0000,0.0000,1.0500,1.0000,2.6210,4.6970,3.7150,0.0000,0.0000,0.0000,70.2053,0.0000,4408.0000,1755.0000,0.0000,25.0000,42.0000,24.0000,13.0000
2.3030,0.6490,0.4340,0.4100,0.1950,0.0000,0.0000,1.2200,1.0000,2.6210,4.6970,3.7150,0.0000,0.0000,0.0000,70.2157,0.0000,4409.0000,1755.0000,0.0000,25.0000,42.0000,24.0000,13.0000
2.2700,0.6900,0.3850,0.4080,0.1910,0.0000,0.0000,1.1950,1.0000,2.6210,4.6970,3.7150,0.0000,0.0000,0.0000,70.2260,0.0000,4410.0000,1755.0000,0.0000,25.0000,42.0000,24.0000,13.0000
2.5450,0.7070,0.4180,0.3580,0.2160,0.0000,0.0000,1.4200,1.0000,2.6210,4.6970,3.7150,0.0000,0.0000,0.0000,70.2363,0.0000,4411.0000,1755.0000,0.0000,25.0000,42.0000,24.0000,13.0000
2.3680,0.7500,0.4590,0.4760,0.1920,0.0000,0.0000,1.1590,1.0000,2.6210,4.6970,3.7150,0.0000,0.0000,0.0000,70.2364,0.0000,4411.0000,1755.0000,0.0000,25.0000,42.0000,24.0000,13.0000
5.0520,0.5970,0.4110,0.3540,0.2080,0.0000,0.0000,4.0440,1.0000,2.6210,4.6970,3.7150,0.0000,0.0000,0.0000,70.2364,0.0000,4411.0000,1755.0000,0.0000,25.0000,42.0000,24.0000,13.0000
2.4660,0.5650,0.4480,0.3470,0.2190,0.0000,0.0000,1.4530,1.0000,2.6210,4.6970,3.7150,0.0000,0.0000,0.0000,69.9061,0.0000,4379.0000,1755.0000,0.0000,25.0000,41.0000,24.0000,13.0000
2.3340,0.6730,0.4400,0.4180,0.2000,0.0000,0.0000,1.2210,1.0000,2.6210,4.6970,3.7150,0.0000,0.0000,0.0000,69.9168,0.0000,4380.0000,1755.0000,0.0000,25.0000,42.0000,24.0000,13.0000
2.2850,0.6660,0.3650,0.4090,0.1650,0.0000,0.0000,1.2540,1.0000,2.6210,4.6970,3.7150,0.0000,0.0000,0.0000,69.9169,0.0000,4380.0000,1755.0000,0.0000,25.0000,42.0000,24.0000,13.0000
2.1200,0.5830,0.3770,0.3480,0.1770,0.0000,0.0000,1.1600,1.0000,2.6210,4.6970,3.7150,0.0000,0.0000,0.0000,69.9169,0.0000,4380.0000,1755.0000,0.0000,25.0000,42.0000,24.0000,13.0000
2.2860,0.5350,0.4130,0.3430,0.1680,0.0000,0.0000,1.3380,1.0000,2.6210,4.6970,3.7150,0.0000,0.0000,0.0000,69.9169,0.0000,4380.0000,1755.0000,0.0000,25.0000,42.0000,24.0000,13.0000
2.2290,0.5530,0.4330,0.3620,0.2000,0.0000,0.0000,1.2430,1.0000,2.6210,4.6970,3.7150,0.0000,0.0000,0.0000,69.9272,0.0000,4381.0000,1755.0000,0.0000,25.0000,42.0000,24.0000,14.0000
2.6100,0.6550,0.4220,0.4080,0.2220,0.0000,0.0000,1.5330,1.0000,2.6210,4.6970,3.7150,0.0000,0.0000,0.0000,69.9477,0.0000,4383.0000,1755.0000,0.0000,25.0000,42.0000,24.0000,13.0000
2.3680,0.6820,0.4950,0.3580,0.2570,0.0000,0.0000,1.1910,1.0000,2.6210,4.6970,3.7150,0.0000,0.0000,0.0000,69.9681,0.0000,4385.0000,1755.0000,0.0000,25.0000,42.0000,24.0000,13.0000
2.0920,0.7370,0.3630,0.3970,0.1580,0.0000,0.0000,0.9920,1.0000,2.6210,4.6970,3.7150,0.0000,0.0000,0.0000,69.9683,0.0000,4385.0000,1755.0000,0.0000,25.0000,42.0000,24.0000,13.0000
2.0180,0.6030,0.3540,0.4160,0.1560,0.0000,0.0000,1.0610,1.0000,2.6210,4.6970,3.7150,0.0000,0.0000,0.0000,69.9684,0.0000,4385.0000,1755.0000,0.0000,25.0000,42.0000,24.0000,13.0000
2.2710,0.5750,0.3470,0.3490,0.1580,0.0000,0.0000,1.3490,1.0000,2.6210,4.6970,3.7150,0.0000,0.0000,0.0000,69.9684,0.0000,4385.0000,1755.0000,0.0000,25.0000,42.0000,24.0000,13.0000
2.6120,0.6500,0.4700,0.4210,0.2600,0.0000,0.0000,1.4920,1.0000,2.6210,4.6970,3.7150,0.0000,0.0000,0.0000,69.9793,0.0000,4386.0000,1755.0000,0.0000,25.0000,43.0000,24.0000,13.0000
2.2610,0.8010,0.3580,0.5450,0.1560,0.0000,0.0000,1.1020,1.0000,2.6210,4.6970,3.7150,0.0000,0.0000,0.0000,69.9793,0.0000,4386.0000,1755.0000,0.0000,25.0000,43.0000,24.0000,13.0000
2.2900,0.5960,0.3800,0.3550,0.1930,0.0000,0.0000,1.3140,1.0000,2.6210,4.6970,3.7150,0.0000,0.0000,0.0000,69.9996,0.0000,4388.0000,1755.0000,0.0000,25.0000,43.0000,24.0000,13.0000
2.2650,0.6500,0.4490,0.3580,0.2340,0.0000,0.0000,1.1660,1.0000,2.6210,4.6970,3.7150,0.0000,0.0000,0.0000,70.0119,0.0000,4389.0000,1755.0000,0.0000,25.0000,44.0000,24.0000,13.0000
2.0770,0.6950,0.3910,0.4580,0.1620,0.0000,0.0000,0.9910,1.0000,2.6210,4.6970,3.7150,0.0000,0.0000,0.0000,70.0120,0.0000,4389.0000,1755.0000,0.0000,25.0000,44.0000,24.0000,13.0000
2.1990,0.6250,0.4140,0.4070,0.1940,0.0000,0.0000,1.1600,1.0000,2.6210,4.6970,3.7150,0.0000,0.0000,0.0000,70.0216,0.0000,4390.0000,1755.0000,0.0000,25.0000,43.0000,24.0000,13.0000
2.2100,0.6080,0.3820,0.3420,0.1930,0.0000,0.0000,1.2200,1.0000,2.6210,4.6970,3.7150,0.0000,0.0000,0.0000,70.0326,0.0000,4391.0000,1755.0000,0.0000,25.0000,44.0000,24.0000,13.0000
2.3200,0.6210,0.4850,0.3410,0.2700,0.0000,0.0000,1.2140,1.0000,2.6210,4.6970,3.7150,0.0000,0.0000,0.0000,70.0529,0.0000,4393.0000,1755.0000,0.0000,25.0000,44.0000,24.0000,13.0000
2.2960,0.6430,0.4480,0.3630,0.2350,0.0000,0.0000,1.2050,1.0000,2.6210,4.6970,3.7150,0.0000,0.0000,0.0000,70.0632,0.0000,4394.0000,1755.0000,0.0000,25.0000,44.0000,24.0000,13.0000
2.2290,0.6700,0.4280,0.4370,0.2020,0.0000,0.0000,1.1310,1.0000,2.6210,4.6970,3.7150,0.0000,0.0000,0.0000,70.0835,0.0000,4396.0000,1755.0000,0.0000,25.0000,44.0000,24.0000,12.0000
2.0790,0.6710,0.3590,0.3490,0.1640,0.0000,0.0000,1.0490,1.0000,2.6210,4.6970,3.7150,0.0000,0.0000,0.0000,70.0843,0.0000,4396.0000,1755.0000,0.0000,25.0000,45.0000,24.0000,12.0000
2.1020,0.5930,0.3520,0.3560,0.1570,0.0000,0.0000,1.1570,1.0000,2.6210,4.6970,3.7150,0.0000,0.0000,0.0000,70.0844,0.0000,4396.0000,1755.0000,0.0000,25.0000,45.0000,24.0000,12.0000
2.3970,0.6020,0.4290,0.3680,0.2170,0.0000,0.0000,1.3660,1.0000,2.6210,4.6970,3.7150,0.0000,0.0000,0.0000,70.1047,0.0000,4398.0000,1755.0000,0.0000,25.0000,45.0000,24.0000,12.0000
2.2530,0.6950,0.4320,0.4220,0.1860,0.0000,0.0000,1.1260,1.0000,2.6210,4.6970,3.7150,0.0000,0.0000,0.0000,70.1048,0.0000,4398.0000,1755.0000,0.0000,25.0000,45.0000,24.0000,13.0000
2.1980,0.7210,0.3830,0.5120,0.1920,0.0000,0.0000,1.0940,1.0000,2.6210,4.6970,3.7150,0.0000,0.0000,0.0000,70.1151,0.0000,4399.0000,1755.0000,0.0000,25.0000,45.0000,24.0000,13.0000
2.0570,0.6220,0.3560,0.3400,0.1600,0.0000,0.0000,1.0790,1.0000,2.6210,4.6970,3.7150,0.0000,0.0000,0.0000,70.1158,0.0000,4399.0000,1755.0000,0.0000,25.0000,46.0000,24.0000,13.0000
2.5980,0.6030,0.3540,0.3490,0.1600,0.0000,0.0000,1.6410,1.0000,2.6210,4.6970,3.7150,0.0000,0.0000,0.0000,70.1159,0.0000,4399.0000,1755.0000,0.0000,25.0000,46.0000,24.0000,13.0000
3.1000,0.5360,0.4540,0.3390,0.2010,0.0000,0.0000,2.1100,1.0000,2.6210,4.6970,3.7150,0.0000,0.0000,0.0000,70.1262,0.0000,4400.0000,1755.0000,0.0000,25.0000,46.0000,24.0000,13.0000
3.4350,0.6430,0.4360,0.3940,0.2210,0.0000,0.0000,2.3560,1.0000,2.6210,4.6970,3.7150,0.0000,0.0000,0.0000,70.1467,0.0000,4402.0000,1755.0000,0.0000,25.0000,46.0000,24.0000,13.0000
2.0750,0.7230,0.3670,0.3900,0.1820,0.0000,0.0000,0.9850,1.0000,2.6210,4.6970,3.7150,0.0000,0.0000,0.0000,70.1467,0.0000,4402.0000,1755.0000,0.0000,25.0000,46.0000,24.0000,13.0000
2.0080,0.4840,0.3010,0.3000,0.1320,0.0000,0.0000,1.2230,1.0000,2.6210,4.6970,3.7150,0.0000,0.0000,0.0000,70.1455,0.0000,4402.0000,1755.0000,0.0000,25.0000,44.0000,24.0000,13.0000
1.9890,0.4680,0.3000,0.2770,0.1310,0.0000,0.0000,1.2210,1.0000,2.6210,4.6970,3.7150,0.0000,0.0000,0.0000,70.1448,0.0000,4402.0000,1755.0000,0.0000,25.0000,43.0000,24.0000,13.0000
1.9970,0.4460,0.3610,0.2740,0.1670,0.0000,0.0000,1.1900,1.0000,2.6210,4.6970,3.7150,0.0000,0.0000,0.0000,70.1448,0.0000,4402.0000,1755.0000,0.0000,25.0000,43.0000,24.0000,13.0000
1.9320,0.4650,0.3450,0.2840,0.1690,0.0000,0.0000,1.1220,1.0000,2.6210,4.6970,3.7150,0.0000,0.0000,0.0000,70.1550,0.0000,4403.0000,1755.0000,0.0000,25.0000,43.0000,24.0000,13.0000
1.8820,0.4860,0.3240,0.2820,0.1410,0.0000,0.0000,1.0720,1.0000,2.6210,4.6970,3.7150,0.0000,0.0000,0.0000,70.1543,0.0000,4403.0000,1755.0000,0.0000,25.0000,42.0000,24.0000,13.0000
1.9480,0.4530,0.3390,0.2800,0.1620,0.0000,0.0000,1.1560,1.0000,2.6210,4.6970,3.7150,0.0000,0.0000,0.0000,70.1544,0.0000,4403.0000,1755.0000,0.0000,25.0000,42.0000,24.0000,13.0000
1.8810,0.5330,0.3200,0.3230,0.1400,0.0000,0.0000,1.0280,1.0000,2.6210,4.6970,3.7150,0.0000,0.0000,0.0000,70.1544,0.0000,4403.0000,1755.0000,0.0000,25.0000,42.0000,24.0000,13.0000
2.0480,0.5120,0.3440,0.2910,0.1690,0.0000,0.0000,1.1920,1.0000,2.6210,4.6970,3.7150,0.0000,0.0000,0.0000,70.1648,0.0000,4404.0000,1755.0000,0.0000,25.0000,42.0000,24.0000,13.0000
2.0470,0.5460,0.3410,0.2930,0.1680,0.0000,0.0000,1.1600,1.0000,2.6210,4.6970,3.7150,0.0000,0.0000,0.0000,70.1751,0.0000,4405.0000,1755.0000,0.0000,25.0000,42.0000,24.0000,13.0000
1.9850,0.5560,0.3270,0.2850,0.1580,0.0000,0.0000,1.1020,1.0000,2.6210,4.6970,3.7150,0.0000,0.0000,0.0000,70.1854,0.0000,4406.0000,1755.0000,0.0000,25.0000,42.0000,24.0000,13.0000
4.7260,0.5370,0.3720,0.2840,0.1790,0.0000,0.0000,3.8170,1.0000,2.6210,4.6970,3.7150,0.0000,0.0000,0.0000,70.1957,0.0000,4407.0000,1755.0000,0.0000,25.0000,42.0000,24.0000,13.0000
2.6360,0.5920,0.4810,0.2920,0.2310,0.0000,0.0000,1.5630,1.0000,2.6210,4.6970,3.7150,0.0000,0.0000,0.0000,69.8979,0.0000,4378.0000,1755.0000,0.0000,25.0000,42.0000,24.0000,14.0000
2.6410,0.7070,0.4060,0.3620,0.2070,0.0000,0.0000,1.5280,1.0000,2.6210,4.6970,3.7150,0.0000,0.0000,0.0000,69.9183,0.0000,4380.0000,1755.0000,0.0000,25.0000,42.0000,24.0000,13.0000
2.5360,0.7420,0.3840,0.4740,0.1710,0.0000,0.0000,1.4100,1.0000,2.6210,4.6970,3.7150,0.0000,0.0000,0.0000,69.9184,0.0000,4380.0000,1755.0000,0.0000,25.0000,42.0000,24.0000,13.0000
2.6030,0.6900,0.4350,0.4030,0.2160,0.0000,0.0000,1.4780,1.0000,2.6210,4.6970,3.7150,0.0000,0.0000,0.0000,69.9178,0.0000,4380.0000,1755.0000,0.0000,25.0000,41.0000,24.0000,13.0000
2.4140,0.7590,0.4230,0.4600,0.2130,0.0000,0.0000,1.2320,1.0000,2.6210,4.6970,3.7150,0.0000,0.0000,0.0000,69.9281,0.0000,4381.0000,1755.0000,0.0000,25.0000,41.0000,24.0000,13.0000
2.3900,0.6240,0.3970,0.3780,0.1620,0.0000,0.0000,1.3690,1.0000,2.6210,4.6970,3.7150,0.0000,0.0000,0.0000,69.9281,0.0000,4381.0000,1755.0000,0.0000,25.0000,41.0000,24.0000,13.0000
2.1850,0.7230,0.3840,0.5010,0.1630,0.0000,0.0000,1.0780,1.0000,2.6210,4.6970,3.7150,0.0000,0.0000,0.0000,69.9281,0.0000,4381.0000,1755.0000,0.0000,25.0000,41.0000,24.0000,13.0000
2.5940,0.5960,0.4300,0.3580,0.2120,0.0000,0.0000,1.5680,1.0000,2.6210,4.6970,3.7150,0.0000,0.0000,0.0000,69.9281,0.0000,4381.0000,1755.0000,0.0000,25.0000,41.0000,24.0000,13.0000
2.8700,0.5780,0.4420,0.3480,0.1910,0.0000,0.0000,1.8500,1.0000,2.6210,4.6970,3.7150,0.0000,0.0000,0.0000,69.9281,0.0000,4381.0000,1755.0000,0.0000,25.0000,41.0000,24.0000,13.0000
2.5250,0.7130,0.4900,0.4380,0.2290,0.0000,0.0000,1.3220,1.0000,2.6210,4.6970,3.7150,0.0000,0.0000,0.0000,69.9483,0.0000,4383.0000,1755.0000,0.0000,25.0000,41.0000,24.0000,13.0000
3.0610,0.6870,0.4270,0.3630,0.2120,0.0000,0.0000,1.9470,1.0000,2.6210,4.6970,3.7150,0.0000,0.0000,0.0000,69.9685,0.0000,4385.0000,1755.0000,0.0000,25.0000,41.0000,24.0000,12.0000
2.8710,1.0910,0.4850,0.7920,0.2680,0.0000,0.0000,1.2950,1.0000,2.6210,4.6970,3.7150,0.0000,0.0000,0.0000,69.9889,0.0000,4387.0000,1755.0000,0.0000,25.0000,41.0000,24.0000,12.0000
2.2120,0.6530,0.3750,0.3740,0.1660,0.0000,0.0000,1.1840,1.0000,2.6210,4.6970,3.7150,0.0000,0.0000,0.0000,69.9890,0.0000,4387.0000,1755.0000,0.0000,25.0000,41.0000,24.0000,12.0000
2.1300,0.5540,0.3620,0.3560,0.1630,0.0000,0.0000,1.2140,1.0000,2.6210,4.6970,3.7150,0.0000,0.0000,0.0000,69.9891,0.0000,4387.0000,1755.0000,0.0000,25.0000,41.0000,24.0000,12.0000
2.0680,0.5850,0.3850,0.3800,0.1670,0.0000,0.0000,1.0980,1.0000,2.6210,4.6970,3.7150,0.0000,0.0000,0.0000,69.9891,0.0000,4387.0000,1755.0000,0.0000,25.0000,41.0000,24.0000,12.0000
2.4890,0.5950,0.4210,0.4080,0.2330,0.0000,0.0000,1.4730,1.0000,2.6210,4.6970,3.7150,0.0000,0.0000,0.0000,69.9993,0.0000,4388.0000,1755.0000,0.0000,25.0000,41.0000,24.0000,12.0000
2.2840,0.6190,0.4070,0.3910,0.1800,0.0000,0.0000,1.2580,1.0000,2.6210,4.6970,3.7150,0.0000,0.0000,0.0000,69.9993,0.0000,4388.0000,1755.0000,0.0000,25.0000,41.0000,24.0000,12.0000
2.1840,0.5530,0.3890,0.3420,0.1930,0.0000,0.0000,1.2420,1.0000,2.6210,4.6970,3.7150,0.0000,0.0000,0.0000,70.0097,0.0000,4389.0000,1755.0000,0.0000,25.0000,41.0000,24.0000,12.0000
2.1500,0.6160,0.4640,0.3700,0.2020,0.0000,0.0000,1.0700,1.0000,2.6210,4.6970,3.7150,0.0000,0.0000,0.0000,70.0097,0.0000,4389.0000,1755.0000,0.0000,25.0000,41.0000,24.0000,12.0000
2.2130,0.5300,0.4380,0.3410,0.2440,0.0000,0.0000,1.2450,1.0000,2.6210,4.6970,3.7150,0.0000,0.0000,0.0000,70.0309,0.0000,4391.0000,1755.0000,0.0000,25.0000,42.0000,24.0000,12.0000
2.3070,0.6720,0.4290,0.4020,0.2060,0.0000,0.0000,1.2060,1.0000,2.6210,4.6970,3.7150,0.0000,0.0000,0.0000,70.0419,0.0000,4392.0000,1755.0000,0.0000,25.0000,43.0000,24.0000,12.0000
2.0370,0.6320,0.3600,0.3570,0.1610,0.0000,0.0000,1.0450,1.0000,2.6210,4.6970,3.7150,0.0000,0.0000,0.0000,70.0420,0.0000,4392.0000,1755.0000,0.0000,25.0000,43.0000,24.0000,12.0000
2.1990,0.6430,0.3840,0.3690,0.1870,0.0000,0.0000,1.1720,1.0000,2.6210,4.6970,3.7150,0.0000,0.0000,0.0000,70.0538,0.0000,4393.0000,1755.0000,0.0000,25.0000,43.0000,24.0000,12.0000
2.2890,0.6130,0.3960,0.3610,0.2000,0.0000,0.0000,1.2800,1.0000,2.6210,4.6970,3.7150,0.0000,0.0000,0.0000,70.0744,0.0000,4395.0000,1755.0000,0.0000,25.0000,43.0000,24.0000,12.0000
2.3350,0.7230,0.4250,0.4500,0.1990,0.0000,0.0000,1.1870,1.0000,2.6210,4.6970,3.7150,0.0000,0.0000,0.0000,70.0840,0.0000,4396.0000,1755.0000,0.0000,25.0000,42.0000,24.0000,12.0000
2.3040,0.6840,0.3760,0.4400,0.1610,0.0000,0.0000,1.2440,1.0000,2.6210,4.6970,3.7150,0.0000,0.0000,0.0000,70.0841,0.0000,4396.0000,1755.0000,0.0000,25.0000,42.0000,24.0000,13.0000
2.0380,0.6860,0.3530,0.4360,0.1600,0.0000,0.0000,0.9990,1.0000,2.6210,4.6970,3.7150,0.0000,0.0000,0.0000,70.0841,0.0000,4396.0000,1755.0000,0.0000,25.0000,42.0000,24.0000,13.0000
2.1170,0.5460,0.3990,0.3400,0.2030,0.0000,0.0000,1.1720,1.0000,2.6210,4.6970,3.7150,0.0000,0.0000,0.0000,70.0841,0.0000,4396.0000,1755.0000,0.0000,25.0000,42.0000,24.0000,13.0000
2.2560,0.5970,0.4660,0.3820,0.2600,0.0000,0.0000,1.1930,1.0000,2.6210,4.6970,3.7150,0.0000,0.0000,0.0000,70.0937,0.0000,4397.0000,1755.0000,0.0000,25.0000,41.0000,24.0000,13.0000
2.0960,0.6460,0.3880,0.4070,0.1610,0.0000,0.0000,1.0620,1.0000,2.6210,4.6970,3.7150,0.0000,0.0000,0.0000,70.0937,0.0000,4397.0000,1755.0000,0.0000,25.0000,41.0000,24.0000,13.0000
2.3060,0.6320,0.4000,0.3940,0.1760,0.0000,0.0000,1.2740,1.0000,2.6210,4.6970,3.7150,0.0000,0.0000,0.0000,70.0937,0.0000,4397.0000,1755.0000,0.0000,25.0000,41.0000,24.0000,13.0000
2.1850,0.6630,0.3520,0.4210,0.1550,0.0000,0.0000,1.1700,1.0000,2.6210,4.6970,3.7150,0.0000,0.0000,0.0000,70.0944,0.0000,4397.0000,1755.0000,0.0000,25.0000,42.0000,24.0000,13.0000
2.2550,0.6900,0.4030,0.3670,0.1980,0.0000,0.0000,1.1620,1.0000,2.6210,4.6970,3.7150,0.0000,0.0000,0.0000,70.1047,0.0000,4398.0000,1755.0000,0.0000,25.0000,42.0000,24.0000,13.0000
2.2190,0.6690,0.4380,0.4220,0.2410,0.0000,0.0000,1.1120,1.0000,2.6210,4.6970,3.7150,0.0000,0.0000,0.0000,70.1150,0.0000,4399.0000,1755.0000,0.0000,25.0000,42.0000,24.0000,13.0000
2.2470,0.6280,0.3980,0.3950,0.1710,0.0000,0.0000,1.2210,1.0000,2.6210,4.6970,3.7150,0.0000,0.0000,0.0000,70.1150,0.0000,4399.0000,1755.0000,0.0000,25.0000,42.0000,24.0000,13.0000
2.2530,0.6220,0.3760,0.4110,0.1640,0.0000,0.0000,1.2550,1.0000,2.6210,4.6970,3.7150,0.0000,0.0000,0.0000,70.1144,0.0000,4399.0000,1755.0000,0.0000,25.0000,41.0000,24.0000,13.0000
2.5790,0.6840,0.5810,0.4470,0.2650,0.0000,0.0000,1.3140,1.0000,2.6210,4.6970,3.7150,0.0000,0.0000,0.0000,70.1144,0.0000,4399.0000,1755.0000,0.0000,25.0000,41.0000,24.0000,14.0000
2.3590,0.6910,0.4460,0.4950,0.2160,0.0000,0.0000,1.2220,1.0000,2.6210,4.6970,3.7150,0.0000,0.0000,0.0000,70.1346,0.0000,4401.0000,1755.0000,0.0000,25.0000,41.0000,24.0000,15.0000
2.4110,0.6800,0.4720,0.3580,0.2440,0.0000,0.0000,1.2590,1.0000,2.6210,4.6970,3.7150,0.0000,0.0000,0.0000,70.1651,0.0000,4404.0000,1755.0000,0.0000,25.0000,41.0000,24.0000,14.0000
2.4600,0.7180,0.4060,0.3530,0.1740,0.0000,0.0000,1.3360,1.0000,2.6210,4.6970,3.7150,0.0000,0.0000,0.0000,70.1652,0.0000,4404.0000,1755.0000,0.0000,25.0000,41.0000,24.0000,15.0000
2.4380,0.8330,0.3970,0.5040,0.1720,0.0000,0.0000,1.2080,1.0000,2.6210,4.6970,3.7150,0.0000,0.0000,0.0000,69.8556,0.0000,4374.0000,1755.0000,0.0000,25.0000,43.0000,24.0000,15.0000
2.3560,0.5660,0.4940,0.3490,0.2410,0.0000,0.0000,1.2960,1.0000,2.6210,4.6970,3.7150,0.0000,0.0000,0.0000,69.8554,0.0000,4374.0000,1755.0000,0.0000,25.0000,43.0000,24.0000,15.0000
2.3530,0.6640,0.4280,0.4420,0.2110,0.0000,0.0000,1.2610,1.0000,2.6210,4.6970,3.7150,0.0000,0.0000,0.0000,69.8763,0.0000,4376.0000,1755.0000,0.0000,25.0000,44.0000,24.0000,15.0000
2.4940,0.6660,0.4980,0.3570,0.2860,0.0000,0.0000,1.3300,1.0000,2.6210,4.6970,3.7150,0.0000,0.0000,0.0000,69.9076,0.0000,4379.0000,1755.0000,0.0000,25.0000,45.0000,24.0000,15.0000
2.4670,0.7280,0.4440,0.4150,0.1890,0.0000,0.0000,1.2950,1.0000,2.6210,4.6970,3.7150,0.0000,0.0000,0.0000,69.9072,0.0000,4379.0000,1755.0000,0.0000,25.0000,44.0000,24.0000,15.0000
2.6680,0.6620,0.4720,0.4170,0.2240,0.0000,0.0000,1.5340,1.0000,2.6210,4.6970,3.7150,0.0000,0.0000,0.0000,69.9183,0.0000,4380.0000,1755.0000,0.0000,25.0000,43.0000,24.0000,15.0000
2.5040,0.6200,0.4370,0.3780,0.2270,0.0000,0.0000,1.4470,1.0000,2.6210,4.6970,3.7150,0.0000,0.0000,0.0000,69.9411,0.0000,4382.0000,1755.0000,0.0000,25.0000,46.0000,24.0000,16.0000
2.4430,0.7700,0.4230,0.4460,0.2200,0.0000,0.0000,1.2500,1.0000,2.6210,4.6970,3.7150,0.0000,0.0000,0.0000,69.9619,0.0000,4384.0000,1755.0000,0.0000,25.0000,46.0000,24.0000,16.0000
2.4520,0.7330,0.4560,0.4590,0.1900,0.0000,0.0000,1.2630,1.0000,2.6210,4.6970,3.7150,0.0000,0.0000,0.0000,69.9620,0.0000,4384.0000,1755.0000,0.0000,25.0000,46.0000,24.0000,16.0000
2.3000,0.6170,0.4390,0.3640,0.2350,0.0000,0.0000,1.2440,1.0000,2.6210,4.6970,3.7150,0.0000,0.0000,0.0000,69.9628,0.0000,4384.0000,1755.0000,0.0000,25.0000,47.0000,24.0000,16.0000
2.4250,0.6390,0.4830,0.4250,0.2880,0.0000,0.0000,1.3030,1.0000,2.6210,4.6970,3.7150,0.0000,0.0000,0.0000,69.9828,0.0000,4386.0000,1755.0000,0.0000,25.0000,46.0000,24.0000,16.0000
2.1570,0.7180,0.3780,0.4290,0.1660,0.0000,0.0000,1.0610,1.0000,2.6210,4.6970,3.7150,0.0000,0.0000,0.0000,69.9828,0.0000,4386.0000,1755.0000,0.0000,25.0000,46.0000,24.0000,16.0000
2.1490,0.6150,0.3630,0.3640,0.1640,0.0000,0.0000,1.1710,1.0000,2.6210,4.6970,3.7150,0.0000,0.0000,0.0000,69.9829,0.0000,4386.0000,1755.0000,0.0000,25.0000,46.0000,24.0000,16.0000
2.1860,0.6150,0.3530,0.3610,0.1620,0.0000,0.0000,1.2180,1.0000,2.6210,4.6970,3.7150,0.0000,0.0000,0.0000,69.9829,0.0000,4386.0000,1755.0000,0.0000,25.0000,46.0000,24.0000,17.0000
2.0600,0.6330,0.3570,0.4320,0.1660,0.0000,0.0000,1.0700,1.0000,2.6210,4.6970,3.7150,0.0000,0.0000,0.0000,69.9829,0.0000,4386.0000,1755.0000,0.0000,25.0000,46.0000,24.0000,17.0000
2.1950,0.5990,0.4730,0.4070,0.2570,0.0000,0.0000,1.1230,1.0000,2.6210,4.6970,3.7150,0.0000,0.0000,0.0000,70.0034,0.0000,4388.0000,1755.0000,0.0000,25.0000,46.0000,24.0000,17.0000
2.3430,0.6660,0.4370,0.3980,0.2160,0.0000,0.0000,1.2400,1.0000,2.6210,4.6970,3.7150,0.0000,0.0000,0.0000,70.0130,0.0000,4389.0000,1755.0000,0.0000,25.0000,45.0000,24.0000,17.0000
2.1580,0.6940,0.4030,0.3990,0.1980,0.0000,0.0000,1.0610,1.0000,2.6210,4.6970,3.7150,0.0000,0.0000,0.0000,70.0233,0.0000,4390.0000,1755.0000,0.0000,25.0000,45.0000,24.0000,17.0000
2.1770,0.6590,0.4490,0.3650,0.2330,0.0000,0.0000,1.0690,1.0000,2.6210,4.6970,3.7150,0.0000,0.0000,0.0000,70.0234,0.0000,4390.0000,1755.0000,0.0000,25.0000,45.0000,24.0000,17.0000
2.0540,0.5570,0.3520,0.3490,0.1640,0.0000,0.0000,1.1450,1.0000,2.6210,4.6970,3.7150,0.0000,0.0000,0.0000,70.0234,0.0000,4390.0000,1755.0000,0.0000,25.0000,45.0000,24.0000,17.0000
2.0480,0.5520,0.4500,0.3530,0.2200,0.0000,0.0000,1.0460,1.0000,2.6210,4.6970,3.7150,0.0000,0.0000,0.0000,70.0234,0.0000,4390.0000,1755.0000,0.0000,25.0000,45.0000,24.0000,17.0000
2.1950,0.5310,0.4400,0.3430,0.2510,0.0000,0.0000,1.2240,1.0000,2.6210,4.6970,3.7150,0.0000,0.0000,0.0000,70.0440,0.0000,4392.0000,1755.0000,0.0000,25.0000,45.0000,24.0000,17.0000
1.9770,0.6910,0.4090,0.4210,0.1760,0.0000,0.0000,0.8770,1.0000,2.6210,4.6970,3.7150,0.0000,0.0000,0.0000,70.0440,0.0000,4392.0000,1755.0000,0.0000,25.0000,45.0000,24.0000,17.0000
1.9180,0.6180,0.4020,0.4310,0.1650,0.0000,0.0000,0.8980,1.0000,2.6210,4.6970,3.7150,0.0000,0.0000,0.0000,70.0441,0.0000,4392.0000,1755.0000,0.0000,25.0000,45.0000,24.0000,17.0000
2.4960,0.5800,0.5980,0.3980,0.4140,0.0000,0.0000,1.3180,1.0000,2.6210,4.6970,3.7150,0.0000,0.0000,0.0000,70.0434,0.0000,4392.0000,1755.0000,0.0000,25.0000,44.0000,24.0000,17.0000
2.1930,0.7040,0.3900,0.4140,0.1960,0.0000,0.0000,1.0990,1.0000,2.6210,4.6970,3.7150,0.0000,0.0000,0.0000,70.0633,0.0000,4394.0000,1755.0000,0.0000,25.0000,43.0000,24.0000,17.0000
2.1210,0.7240,0.4130,0.4270,0.2110,0.0000,0.0000,0.9840,1.0000,2.6210,4.6970,3.7150,0.0000,0.0000,0.0000,70.0943,0.0000,4397.0000,1755.0000,0.0000,25.0000,43.0000,24.0000,17.0000
1.9490,0.6760,0.3490,0.3470,0.1600,0.0000,0.0000,0.9240,1.0000,2.6210,4.6970,3.7150,0.0000,0.0000,0.0000,70.0944,0.0000,4397.0000,1755.0000,0.0000,25.0000,43.0000,24.0000,17.0000
1.9620,0.6240,0.3610,0.4180,0.1740,0.0000,0.0000,0.9770,1.0000,2.6210,4.6970,3.7150,0.0000,0.0000,0.0000,70.0939,0.0000,4397.0000,1755.0000,0.0000,25.0000,42.0000,24.0000,17.0000
2.1070,0.5960,0.3930,0.3480,0.2060,0.0000,0.0000,1.1180,1.0000,2.6210,4.6970,3.7150,0.0000,0.0000,0.0000,70.1041,0.0000,4398.0000,1755.0000,0.0000,25.0000,42.0000,24.0000,18.0000
2.1630,0.7080,0.3890,0.4610,0.2020,0.0000,0.0000,1.0660,1.0000,2.6210,4.6970,3.7150,0.0000,0.0000,0.0000,70.1247,0.0000,4400.0000,1755.0000,0.0000,25.0000,42.0000,24.0000,19.0000
1.9850,0.7260,0.3850,0.4560,0.2030,0.0000,0.0000,0.8740,1.0000,2.6210,4.6970,3.7150,0.0000,0.0000,0.0000,70.1247,0.0000,4400.0000,1755.0000,0.0000,25.0000,42.0000,24.0000,19.0000
1.9090,0.6510,0.3790,0.4580,0.2020,0.0000,0.0000,0.8790,1.0000,2.6210,4.6970,3.7150,0.0000,0.0000,0.0000,70.1248,0.0000,4400.0000,1755.0000,0.0000,25.0000,42.0000,24.0000,19.0000
2.3250,0.5950,0.4650,0.3930,0.2770,0.0000,0.0000,1.2650,1.0000,2.6210,4.6970,3.7150,0.0000,0.0000,0.0000,70.1760,0.0000,4405.0000,1755.0000,0.0000,25.0000,42.0000,24.0000,19.0000
1.9580,0.8800,0.4040,0.4210,0.1780,0.0000,0.0000,0.6740,1.0000,2.6210,4.6970,3.7150,0.0000,0.0000,0.0000,70.1760,0.0000,4405.0000,1755.0000,0.0000,25.0000,42.0000,24.0000,20.0000
1.9410,0.6090,0.4000,0.4190,0.1780,0.0000,0.0000,0.9320,1.0000,2.6210,4.6970,3.7150,0.0000,0.0000,0.0000,70.1763,0.0000,4405.0000,1755.0000,0.0000,25.0000,42.0000,24.0000,19.0000
2.1570,0.6400,0.4600,0.3920,0.2380,0.0000,0.0000,1.0570,1.0000,2.6210,4.6970,3.7150,0.0000,0.0000,0.0000,70.2076,0.0000,4408.0000,1755.0000,0.0000,25.0000,43.0000,24.0000,19.0000
3.4290,0.7420,0.6140,0.3680,0.4210,0.0000,0.0000,2.0730,1.0000,2.6210,4.6970,3.7150,0.0000,0.0000,0.0000,70.2076,0.0000,4408.0000,1755.0000,0.0000,25.0000,43.0000,24.0000,19.0000
3.3270,0.5800,0.6670,0.3520,0.3720,0.0000,0.0000,2.0800,1.0000,2.6210,4.6970,3.7150,0.0000,0.0000,0.0000,70.2180,0.0000,4409.0000,1755.0000,0.0000,25.0000,43.0000,24.0000,19.0000
3.1710,0.9500,0.5940,0.5550,0.2850,0.0000,0.0000,1.6270,1.0000,2.6210,4.6970,3.7150,0.0000,0.0000,0.0000,70.2180,0.0000,4409.0000,1755.0000,0.0000,25.0000,43.0000,24.0000,19.0000
3.2300,0.9990,0.5790,0.6400,0.2990,0.0000,0.0000,1.6520,1.0000,2.6210,4.6970,3.7150,0.0000,0.0000,0.0000,70.2284,0.0000,4410.0000,1755.0000,0.0000,25.0000,43.0000,24.0000,19.0000
3.0790,0.9910,0.5450,0.6230,0.2630,0.0000,0.0000,1.5430,1.0000,2.6210,4.6970,3.7150,0.0000,0.0000,0.0000,70.2281,0.0000,4410.0000,1755.0000,0.0000,25.0000,43.0000,24.0000,19.0000
3.1180,0.9580,0.5850,0.6390,0.3270,0.0000,0.0000,1.5750,1.0000,2.6210,4.6970,3.7150,0.0000,0.0000,0.0000,69.8967,0.0000,4378.0000,1755.0000,0.0000,25.0000,43.0000,24.0000,19.0000
3.0350,0.8640,0.5140,0.5650,0.2540,0.0000,0.0000,1.6570,1.0000,2.6210,4.6970,3.7150,0.0000,0.0000,0.0000,69.8966,0.0000,4378.0000,1755.0000,0.0000,25.0000,43.0000,24.0000,19.0000
3.1960,0.9510,0.6280,0.5860,0.3360,0.0000,0.0000,1.6170,1.0000,2.6210,4.6970,3.7150,0.0000,0.0000,0.0000,69.9188,0.0000,4380.0000,1755.0000,0.0000,25.0000,43.0000,24.0000,19.0000
3.2320,0.9990,0.6690,0.5310,0.3880,0.0000,0.0000,1.5640,1.0000,2.6210,4.6970,3.7150,0.0000,0.0000,0.0000,69.9391,0.0000,4382.0000,1755.0000,0.0000,25.0000,43.0000,24.0000,19.0000
2.8770,0.9370,0.5730,0.4930,0.2660,0.0000,0.0000,1.3670,1.0000,2.6210,4.6970,3.7150,0.0000,0.0000,0.0000,69.9392,0.0000,4382.0000,1755.0000,0.0000,25.0000,43.0000,24.0000,19.0000
3.2210,0.8340,0.5740,0.4910,0.2690,0.0000,0.0000,1.8130,1.0000,2.6210,4.6970,3.7150,0.0000,0.0000,0.0000,69.9394,0.0000,4382.0000,1755.0000,0.0000,25.0000,43.0000,24.0000,19.0000
3.4940,0.9390,0.6010,0.5930,0.3260,0.0000,0.0000,1.9540,1.0000,2.6210,4.6970,3.7150,0.0000,0.0000,0.0000,69.9812,0.0000,4386.0000,1755.0000,0.0000,25.0000,44.0000,24.0000,19.0000
3.2970,1.1920,0.6340,0.5750,0.3600,0.0000,0.0000,1.4710,1.0000,2.6210,4.6970,3.7150,0.0000,0.0000,0.0000,70.0018,0.0000,4388.0000,1755.0000,0.0000,25.0000,44.0000,24.0000,19.0000
3.0180,0.9470,0.6300,0.5150,0.2800,0.0000,0.0000,1.4410,1.0000,2.6210,4.6970,3.7150,0.0000,0.0000,0.0000,70.0020,0.0000,4388.0000,1755.0000,0.0000,25.0000,44.0000,24.0000,19.0000
3.1600,0.8380,0.6150,0.4920,0.2930,0.0000,0.0000,1.7070,1.0000,2.6210,4.6970,3.7150,0.0000,0.0000,0.0000,70.0124,0.0000,4389.0000,1755.0000,0.0000,25.0000,44.0000,24.0000,19.0000
3.1490,0.9150,0.6240,0.5180,0.2840,0.0000,0.0000,1.6100,1.0000,2.6210,4.6970,3.7150,0.0000,0.0000,0.0000,70.0226,0.0000,4390.0000,1755.0000,0.0000,25.0000,44.0000,24.0000,19.0000
3.1330,0.9100,0.5510,0.5580,0.2700,0.0000,0.0000,1.6720,1.0000,2.6210,4.6970,3.7150,0.0000,0.0000,0.0000,70.0330,0.0000,4391.0000,1755.0000,0.0000,25.0000,44.0000,24.0000,19.0000
3.1060,1.0000,0.5680,0.6530,0.2910,0.0000,0.0000,1.5380,1.0000,2.6210,4.6970,3.7150,0.0000,0.0000,0.0000,70.0434,0.0000,4392.0000,1755.0000,0.0000,25.0000,44.0000,24.0000,19.0000
2.8740,0.9190,0.5140,0.5810,0.2410,0.0000,0.0000,1.4410,1.0000,2.6210,4.6970,3.7150,0.0000,0.0000,0.0000,70.0435,0.0000,4392.0000,1755.0000,0.0000,25.0000,44.0000,24.0000,19.0000
3.2030,0.8430,0.6680,0.5560,0.3740,0.0000,0.0000,1.6920,1.0000,2.6210,4.6970,3.7150,0.0000,0.0000,0.0000,70.0641,0.0000,4394.0000,1755.0000,0.0000,25.0000,44.0000,24.0000,19.0000
3.1660,0.9780,0.5510,0.5810,0.2910,0.0000,0.0000,1.6370,1.0000,2.6210,4.6970,3.7150,0.0000,0.0000,0.0000,70.0851,0.0000,4396.0000,1755.0000,0.0000,25.0000,45.0000,24.0000,19.0000
2.9820,1.0100,0.5650,0.5140,0.2920,0.0000,0.0000,1.4070,1.0000,2.6210,4.6970,3.7150,0.0000,0.0000,0.0000,70.0852,0.0000,4396.0000,1755.0000,0.0000,25.0000,45.0000,24.0000,19.0000
2.9630,0.8550,0.5680,0.5730,0.3050,0.0000,0.0000,1.5400,1.0000,2.6210,4.6970,3.7150,0.0000,0.0000,0.0000,70.0860,0.0000,4396.0000,1755.0000,0.0000,25.0000,46.0000,24.0000,19.0000
3.1890,0.8600,0.6450,0.5730,0.3030,0.0000,0.0000,1.6840,1.0000,2.6210,4.6970,3.7150,0.0000,0.0000,0.0000,70.0867,0.0000,4396.0000,1755.0000,0.0000,25.0000,47.0000,24.0000,19.0000
3.3100,1.0540,0.6490,0.6640,0.3940,0.0000,0.0000,1.6070,1.0000,2.6210,4.6970,3.7150,0.0000,0.0000,0.0000,70.1070,0.0000,4398.0000,1755.0000,0.0000,25.0000,47.0000,24.0000,18.0000
3.0850,1.0660,0.5520,0.5520,0.2500,0.0000,0.0000,1.4670,1.0000,2.6210,4.6970,3.7150,0.0000,0.0000,0.0000,70.1078,0.0000,4398.0000,1755.0000,0.0000,25.0000,48.0000,24.0000,18.0000
3.5330,0.9930,0.6680,0.6780,0.3410,0.0000,0.0000,1.8720,1.0000,2.6210,4.6970,3.7150,0.0000,0.0000,0.0000,70.1384,0.0000,4401.0000,1755.0000,0.0000,25.0000,48.0000,24.0000,18.0000
3.0350,1.1190,0.6090,0.5830,0.3040,0.0000,0.0000,1.3070,1.0000,2.6210,4.6970,3.7150,0.0000,0.0000,0.0000,70.1503,0.0000,4402.0000,1755.0000,0.0000,25.0000,48.0000,24.0000,18.0000
2.9410,0.9280,0.6140,0.5090,0.2650,0.0000,0.0000,1.3990,1.0000,2.6210,4.6970,3.7150,0.0000,0.0000,0.0000,70.1498,0.0000,4402.0000,1755.0000,0.0000,25.0000,47.0000,24.0000,18.0000
3.2550,0.8520,0.5980,0.5110,0.3320,0.0000,0.0000,1.8050,1.0000,2.6210,4.6970,3.7150,0.0000,0.0000,0.0000,70.1607,0.0000,4403.0000,1755.0000,0.0000,25.0000,46.0000,24.0000,18.0000
3.1280,1.0080,0.6070,0.5620,0.2930,0.0000,0.0000,1.5130,1.0000,2.6210,4.6970,3.7150,0.0000,0.0000,0.0000,70.1710,0.0000,4404.0000,1755.0000,0.0000,25.0000,46.0000,24.0000,18.0000
3.1610,0.9820,0.5240,0.5720,0.2350,0.0000,0.0000,1.6550,1.0000,2.6210,4.6970,3.7150,0.0000,0.0000,0.0000,70.1717,0.0000,4404.0000,1755.0000,0.0000,25.0000,47.0000,24.0000,17.0000
3.2310,0.8390,0.5830,0.5300,0.2970,0.0000,0.0000,1.8090,1.0000,2.6210,4.6970,3.7150,0.0000,0.0000,0.0000,70.1921,0.0000,4406.0000,1755.0000,0.0000,25.0000,47.0000,24.0000,17.0000
3.0170,0.9990,0.5590,0.5900,0.3070,0.0000,0.0000,1.4590,1.0000,2.6210,4.6970,3.7150,0.0000,0.0000,0.0000,70.1908,0.0000,4406.0000,1755.0000,0.0000,25.0000,45.0000,24.0000,17.0000
3.4110,0.8810,0.6340,0.5780,0.3660,0.0000,0.0000,1.8960,1.0000,2.6210,4.6970,3.7150,0.0000,0.0000,0.0000,70.2211,0.0000,4409.0000,1755.0000,0.0000,25.0000,45.0000,24.0000,18.0000
3.2820,1.0890,0.6120,0.5160,0.3070,0.0000,0.0000,1.5810,1.0000,2.6210,4.6970,3.7150,0.0000,0.0000,0.0000,69.9224,0.0000,4380.0000,1755.0000,0.0000,25.0000,45.0000,24.0000,16.0000
3.1120,0.9910,0.5380,0.5780,0.2550,0.0000,0.0000,1.5830,1.0000,2.6210,4.6970,3.7150,0.0000,0.0000,0.0000,69.9224,0.0000,4380.0000,1755.0000,0.0000,25.0000,45.0000,24.0000,16.0000
2.9620,0.8580,0.5140,0.5670,0.2360,0.0000,0.0000,1.5900,1.0000,2.6210,4.6970,3.7150,0.0000,0.0000,0.0000,69.9225,0.0000,4380.0000,1755.0000,0.0000,25.0000,45.0000,24.0000,17.0000
3.3950,0.8280,0.6870,0.5430,0.4170,0.0000,0.0000,1.8800,1.0000,2.6210,4.6970,3.7150,0.0000,0.0000,0.0000,69.9421,0.0000,4382.0000,1755.0000,0.0000,25.0000,44.0000,24.0000,17.0000
3.1990,0.9870,0.6280,0.5970,0.3780,0.0000,0.0000,1.5840,1.0000,2.6210,4.6970,3.7150,0.0000,0.0000,0.0000,69.9627,0.0000,4384.0000,1755.0000,0.0000,25.0000,44.0000,24.0000,17.0000
4.0720,0.9510,0.6130,0.5090,0.3140,0.0000,0.0000,2.5080,1.0000,2.6210,4.6970,3.7150,0.0000,0.0000,0.0000,69.9731,0.0000,4385.0000,1755.0000,0.0000,25.0000,44.0000,24.0000,17.0000
3.1180,1.0320,0.6000,0.6200,0.2680,0.0000,0.0000,1.4860,1.0000,2.6210,4.6970,3.7150,0.0000,0.0000,0.0000,69.9732,0.0000,4385.0000,1755.0000,0.0000,25.0000,44.0000,24.0000,17.0000
3.3020,0.9410,0.6360,0.5730,0.3100,0.0000,0.0000,1.7250,1.0000,2.6210,4.6970,3.7150,0.0000,0.0000,0.0000,69.9935,0.0000,4387.0000,1755.0000,0.0000,25.0000,44.0000,24.0000,17.0000
3.5120,0.9360,0.6090,0.5400,0.3200,0.0000,0.0000,1.9670,1.0000,2.6210,4.6970,3.7150,0.0000,0.0000,0.0000,70.0141,0.0000,4389.0000,1755.0000,0.0000,25.0000,44.0000,24.0000,17.0000
3.1260,0.9990,0.5770,0.5850,0.2570,0.0000,0.0000,1.5500,1.0000,2.6210,4.6970,3.7150,0.0000,0.0000,0.0000,70.0142,0.0000,4389.0000,1755.0000,0.0000,25.0000,44.0000,24.0000,17.0000
3.0870,0.8520,0.5690,0.5300,0.2550,0.0000,0.0000,1.6660,1.0000,2.6210,4.6970,3.7150,0.0000,0.0000,0.0000,70.0143,0.0000,4389.0000,1755.0000,0.0000,25.0000,44.0000,24.0000,17.0000
5.3580,0.7910,0.5660,0.4830,0.2560,0.0000,0.0000,4.0010,1.0000,2.6210,4.6970,3.7150,0.0000,0.0000,0.0000,70.0143,0.0000,4389.0000,1755.0000,0.0000,25.0000,44.0000,24.0000,17.0000
3.3520,0.8710,0.7000,0.5670,0.4230,0.0000,0.0000,1.7810,1.0000,2.6210,4.6970,3.7150,0.0000,0.0000,0.0000,70.0246,0.0000,4390.0000,1755.0000,0.0000,25.0000,44.0000,24.0000,17.0000
2.9320,0.9240,0.4440,0.5110,0.2380,0.0000,0.0000,1.5640,1.0000,2.6210,4.6970,3.7150,0.0000,0.0000,0.0000,70.0246,0.0000,4390.0000,1755.0000,0.0000,25.0000,44.0000,24.0000,17.0000
2.4280,0.6450,0.4290,0.4380,0.2120,0.0000,0.0000,1.3540,1.0000,2.6210,4.6970,3.7150,0.0000,0.0000,0.0000,70.0285,0.0000,4391.0000,1755.0000,0.0000,25.0000,44.0000,24.0000,17.0000
2.4000,0.6660,0.4210,0.4650,0.1990,0.0000,0.0000,1.3130,1.0000,2.6210,4.6970,3.7150,0.0000,0.0000,0.0000,70.0372,0.0000,4392.0000,1755.0000,0.0000,25.0000,44.0000,24.0000,18.0000
3.1460,0.7690,0.4440,0.4850,0.2510,0.0000,0.0000,1.9330,1.0000,2.6210,4.6970,3.7150,0.0000,0.0000,0.0000,70.0858,0.0000,4402.0000,1755.0000,0.0000,25.0000,44.0000,24.0000,17.0000
2.4020,0.8170,0.4980,0.4300,0.2540,0.0000,0.0000,1.0870,1.0000,2.6210,4.6970,3.7150,0.0000,0.0000,0.0000,70.0859,0.0000,4402.0000,1755.0000,0.0000,25.0000,44.0000,24.0000,17.0000
2.1900,0.6360,0.4280,0.4290,0.1780,0.0000,0.0000,1.1260,1.0000,2.6210,4.6970,3.7150,0.0000,0.0000,0.0000,70.0861,0.0000,4402.0000,1755.0000,0.0000,25.0000,44.0000,24.0000,17.0000
2.1790,0.6290,0.3930,0.4270,0.1880,0.0000,0.0000,1.1570,1.0000,2.6210,4.6970,3.7150,0.0000,0.0000,0.0000,70.0964,0.0000,4403.0000,1755.0000,0.0000,25.0000,44.0000,24.0000,17.0000
2.1540,0.6350,0.3730,0.3400,0.1590,0.0000,0.0000,1.1460,1.0000,2.6210,4.6970,3.7150,0.0000,0.0000,0.0000,70.0964,0.0000,4403.0000,1755.0000,0.0000,25.0000,44.0000,24.0000,17.0000
2.1340,0.5640,0.3730,0.3420,0.1650,0.0000,0.0000,1.1970,1.0000,2.6210,4.6970,3.7150,0.0000,0.0000,0.0000,70.0965,0.0000,4403.0000,1755.0000,0.0000,25.0000,44.0000,24.0000,17.0000
2.2310,0.6010,0.4570,0.3980,0.2590,0.0000,0.0000,1.1730,1.0000,2.6210,4.6970,3.7150,0.0000,0.0000,0.0000,70.1269,0.0000,4406.0000,1755.0000,0.0000,25.0000,44.0000,24.0000,17.0000
2.3950,0.6960,0.4590,0.3810,0.2180,0.0000,0.0000,1.2400,1.0000,2.6210,4.6970,3.7150,0.0000,0.0000,0.0000,70.1472,0.0000,4408.0000,1755.0000,0.0000,25.0000,44.0000,24.0000,17.0000
2.6230,0.7080,0.5280,0.3450,0.1690,0.0000,0.0000,1.3870,1.0000,2.6210,4.6970,3.7150,0.0000,0.0000,0.0000,70.1478,0.0000,4409.0000,1755.0000,0.0000,25.0000,44.0000,24.0000,17.0000
2.3200,0.5630,0.4010,0.3460,0.1720,0.0000,0.0000,1.3560,1.0000,2.6210,4.6970,3.7150,0.0000,0.0000,0.0000,70.1472,0.0000,4409.0000,1755.0000,0.0000,25.0000,43.0000,24.0000,17.0000
2.3760,0.6790,0.3980,0.4160,0.1940,0.0000,0.0000,1.2990,1.0000,2.6210,4.6970,3.7150,0.0000,0.0000,0.0000,70.1678,0.0000,4411.0000,1755.0000,0.0000,25.0000,43.0000,24.0000,15.0000
2.1940,0.6660,0.4040,0.3220,0.2050,0.0000,0.0000,1.1240,1.0000,2.6210,4.6970,3.7150,0.0000,0.0000,0.0000,70.1780,0.0000,4412.0000,1755.0000,0.0000,25.0000,43.0000,24.0000,15.0000
2.2560,0.5710,0.4610,0.3320,0.2490,0.0000,0.0000,1.2240,1.0000,2.6210,4.6970,3.7150,0.0000,0.0000,0.0000,70.1884,0.0000,4413.0000,1755.0000,0.0000,25.0000,43.0000,24.0000,15.0000
2.1830,0.6800,0.3980,0.3890,0.1970,0.0000,0.0000,1.1050,1.0000,2.6210,4.6970,3.7150,0.0000,0.0000,0.0000,70.1891,0.0000,4413.0000,1755.0000,0.0000,25.0000,44.0000,24.0000,15.0000
2.3740,0.6040,0.4040,0.4080,0.2060,0.0000,0.0000,1.3660,1.0000,2.6210,4.6970,3.7150,0.0000,0.0000,0.0000,70.2298,0.0000,4417.0000,1755.0000,0.0000,25.0000,44.0000,24.0000,15.0000
2.3300,0.7110,0.3810,0.3250,0.1940,0.0000,0.0000,1.2380,1.0000,2.6210,4.6970,3.7150,0.0000,0.0000,0.0000,70.2505,0.0000,4419.0000,1755.0000,0.0000,25.0000,44.0000,24.0000,14.0000
3.9640,0.6830,0.4210,0.3940,0.1840,0.0000,0.0000,2.8600,1.0000,2.6210,4.6970,3.7150,0.0000,0.0000,0.0000,70.2509,0.0000,4419.0000,1755.0000,0.0000,25.0000,44.0000,24.0000,17.0000
2.2640,0.7380,0.4610,0.5290,0.2210,0.0000,0.0000,1.0650,1.0000,2.6210,4.6970,3.7150,0.0000,0.0000,0.0000,69.9621,0.0000,4391.0000,1755.0000,0.0000,25.0000,44.0000,24.0000,17.0000
2.1240,0.6430,0.4160,0.3430,0.2100,0.0000,0.0000,1.0650,1.0000,2.6210,4.6970,3.7150,0.0000,0.0000,0.0000,69.9724,0.0000,4392.0000,1755.0000,0.0000,25.0000,44.0000,24.0000,17.0000
1.9970,0.6370,0.3970,0.3400,0.2000,0.0000,0.0000,0.9630,1.0000,2.6210,4.6970,3.7150,0.0000,0.0000,0.0000,69.9821,0.0000,4393.0000,1755.0000,0.0000,25.0000,43.0000,24.0000,16.0000
1.9720,0.5640,0.3740,0.3160,0.1670,0.0000,0.0000,1.0340,1.0000,2.6210,4.6970,3.7150,0.0000,0.0000,0.0000,69.9828,0.0000,4393.0000,1755.0000,0.0000,25.0000,44.0000,24.0000,16.0000
2.3280,0.5770,0.3590,0.3390,0.1600,0.0000,0.0000,1.3920,1.0000,2.6210,4.6970,3.7150,0.0000,0.0000,0.0000,69.9801,0.0000,4387.0000,1755.0000,0.0000,25.0000,45.0000,24.0000,16.0000
2.1160,0.9090,0.3710,0.6720,0.1650,0.0000,0.0000,0.8360,1.0000,2.6210,4.6970,3.7150,0.0000,0.0000,0.0000,69.9794,0.0000,4387.0000,1755.0000,0.0000,25.0000,44.0000,24.0000,16.0000
2.0230,0.5730,0.4080,0.3770,0.2170,0.0000,0.0000,1.0420,1.0000,2.6210,4.6970,3.7150,0.0000,0.0000,0.0000,69.9794,0.0000,4387.0000,1755.0000,0.0000,25.0000,44.0000,24.0000,16.0000
2.0920,0.5230,0.3900,0.3260,0.2040,0.0000,0.0000,1.1790,1.0000,2.6210,4.6970,3.7150,0.0000,0.0000,0.0000,69.9794,0.0000,4387.0000,1755.0000,0.0000,25.0000,44.0000,24.0000,16.0000
1.9910,0.6440,0.3930,0.4350,0.2040,0.0000,0.0000,0.9540,1.0000,2.6210,4.6970,3.7150,0.0000,0.0000,0.0000,69.9794,0.0000,4387.0000,1755.0000,0.0000,25.0000,44.0000,24.0000,16.0000
2.1760,0.5710,0.4310,0.3790,0.2400,0.0000,0.0000,1.1740,1.0000,2.6210,4.6970,3.7150,0.0000,0.0000,0.0000,70.0000,0.0000,4389.0000,1755.0000,0.0000,25.0000,44.0000,24.0000,16.0000
2.0070,0.7110,0.4030,0.3800,0.1760,0.0000,0.0000,0.8930,1.0000,2.6210,4.6970,3.7150,0.0000,0.0000,0.0000,70.0000,0.0000,4389.0000,1755.0000,0.0000,25.0000,44.0000,24.0000,15.0000
2.8210,0.6020,0.4000,0.4090,0.1810,0.0000,0.0000,1.8190,1.0000,2.6210,4.6970,3.7150,0.0000,0.0000,0.0000,70.0089,0.0000,4389.0000,1755.0000,0.0000,25.0000,44.0000,24.0000,15.0000
2.7350,1.0210,0.7000,0.3740,0.2270,0.0000,0.0000,1.0140,1.0000,2.6210,4.6970,3.7150,0.0000,0.0000,0.0000,70.0418,0.0000,4392.0000,1755.0000,0.0000,25.0000,45.0000,24.0000,14.0000
2.2480,0.7160,0.4340,0.3350,0.2330,0.0000,0.0000,1.0980,1.0000,2.6210,4.6970,3.7150,0.0000,0.0000,0.0000,70.0520,0.0000,4393.0000,1755.0000,0.0000,25.0000,45.0000,24.0000,14.0000
2.0840,0.5840,0.3970,0.3420,0.2030,0.0000,0.0000,1.1030,1.0000,2.6210,4.6970,3.7150,0.0000,0.0000,0.0000,70.0522,0.0000,4393.0000,1755.0000,0.0000,25.0000,45.0000,24.0000,14.0000
2.1340,0.6780,0.4700,0.4050,0.2200,0.0000,0.0000,0.9860,1.0000,2.6210,4.6970,3.7150,0.0000,0.0000,0.0000,70.0625,0.0000,4394.0000,1755.0000,0.0000,25.0000,45.0000,24.0000,14.0000
2.2920,0.6560,0.4950,0.4160,0.1970,0.0000,0.0000,1.1410,1.0000,2.6210,4.6970,3.7150,0.0000,0.0000,0.0000,70.0727,0.0000,4395.0000,1755.0000,0.0000,25.0000,44.0000,24.0000,14.0000
2.0460,0.6290,0.3360,0.3540,0.1480,0.0000,0.0000,1.0810,1.0000,2.6210,4.6970,3.7150,0.0000,0.0000,0.0000,70.0729,0.0000,4395.0000,1755.0000,0.0000,25.0000,44.0000,24.0000,15.0000
2.4280,0.6530,0.4790,0.4070,0.2550,0.0000,0.0000,1.2960,1.0000,2.6210,4.6970,3.7150,0.0000,0.0000,0.0000,70.1049,0.0000,4398.0000,1755.0000,0.0000,25.0000,44.0000,24.0000,15.0000
2.3960,0.6820,0.4520,0.3430,0.2530,0.0000,0.0000,1.2620,1.0000,2.6210,4.6970,3.7150,0.0000,0.0000,0.0000,70.1153,0.0000,4399.0000,1755.0000,0.0000,25.0000,44.0000,24.0000,15.0000
2.0550,0.6360,0.3760,0.4000,0.1610,0.0000,0.0000,1.0430,1.0000,2.6210,4.6970,3.7150,0.0000,0.0000,0.0000,70.1154,0.0000,4399.0000,1755.0000,0.0000,25.0000,44.0000,24.0000,15.0000
2.2980,0.6020,0.4190,0.3580,0.2140,0.0000,0.0000,1.2770,1.0000,2.6210,4.6970,3.7150,0.0000,0.0000,0.0000,70.1462,0.0000,4402.0000,1755.0000,0.0000,25.0000,44.0000,24.0000,16.0000
2.2160,0.8270,0.4210,0.4510,0.2290,0.0000,0.0000,0.9680,1.0000,2.6210,4.6970,3.7150,0.0000,0.0000,0.0000,70.1573,0.0000,4403.0000,1755.0000,0.0000,25.0000,45.0000,24.0000,17.0000
2.1680,0.6090,0.4420,0.3480,0.2480,0.0000,0.0000,1.1170,1.0000,2.6210,4.6970,3.7150,0.0000,0.0000,0.0000,70.1672,0.0000,4404.0000,1755.0000,0.0000,25.0000,44.0000,24.0000,17.0000
1.9880,0.6690,0.3990,0.3720,0.1750,0.0000,0.0000,0.9200,1.0000,2.6210,4.6970,3.7150,0.0000,0.0000,0.0000,70.1666,0.0000,4404.0000,1755.0000,0.0000,25.0000,43.0000,24.0000,17.0000
2.2560,0.5830,0.4420,0.3860,0.2220,0.0000,0.0000,1.2310,1.0000,2.6210,4.6970,3.7150,0.0000,0.0000,0.0000,70.1872,0.0000,4406.0000,1755.0000,0.0000,25.0000,43.0000,24.0000,17.0000
2.6880,0.7100,0.3710,0.3380,0.1630,0.0000,0.0000,1.6070,1.0000,2.6210,4.6970,3.7150,0.0000,0.0000,0.0000,70.1872,0.0000,4406.0000,1755.0000,0.0000,25.0000,43.0000,24.0000,17.0000
2.1080,0.5850,0.4200,0.3420,0.1560,0.0000,0.0000,1.1030,1.0000,2.6210,4.6970,3.7150,0.0000,0.0000,0.0000,70.1866,0.0000,4406.0000,1755.0000,0.0000,25.0000,42.0000,24.0000,17.0000
2.0170,0.5930,0.4150,0.3830,0.1810,0.0000,0.0000,1.0090,1.0000,2.6210,4.6970,3.7150,0.0000,0.0000,0.0000,70.1976,0.0000,4407.0000,1755.0000,0.0000,25.0000,43.0000,24.0000,17.0000
1.8810,0.5440,0.3500,0.3290,0.1420,0.0000,0.0000,0.9870,1.0000,2.6210,4.6970,3.7150,0.0000,0.0000,0.0000,70.1983,0.0000,4407.0000,1755.0000,0.0000,25.0000,44.0000,24.0000,17.0000
1.8960,0.5140,0.3800,0.3280,0.2070,0.0000,0.0000,1.0020,1.0000,2.6210,4.6970,3.7150,0.0000,0.0000,0.0000,70.2079,0.0000,4408.0000,1755.0000,0.0000,25.0000,43.0000,24.0000,17.0000
1.8060,0.4800,0.3590,0.2670,0.1760,0.0000,0.0000,0.9670,1.0000,2.6210,4.6970,3.7150,0.0000,0.0000,0.0000,70.2079,0.0000,4408.0000,1755.0000,0.0000,25.0000,43.0000,24.0000,17.0000
2.2660,0.4850,0.3170,0.2950,0.1410,0.0000,0.0000,1.4640,1.0000,2.6210,4.6970,3.7150,0.0000,0.0000,0.0000,70.2073,0.0000,4408.0000,1755.0000,0.0000,25.0000,42.0000,24.0000,17.0000
2.1600,0.4840,0.4190,0.3000,0.1980,0.0000,0.0000,1.2570,1.0000,2.6210,4.6970,3.7150,0.0000,0.0000,0.0000,70.2372,0.0000,4411.0000,1755.0000,0.0000,25.0000,41.0000,24.0000,17.0000
30.0740,0.6320,0.3430,0.3310,0.1400,0.0000,0.0000,29.0990,1.0000,2.6210,4.6970,3.7150,0.0000,0.0000,0.0000,70.2379,0.0000,4411.0000,1755.0000,0.0000,25.0000,42.0000,24.0000,17.0000
4.0860,0.5010,0.4780,0.3220,0.2310,0.0000,0.0000,3.1070,1.0000,2.6210,4.6970,3.7150,0.0000,0.0000,0.0000,70.2580,0.0000,4413.0000,1755.0000,0.0000,25.0000,42.0000,24.0000,17.0000
3.2160,0.7900,0.5660,0.3960,0.2890,0.0000,0.0000,1.8600,1.0000,2.6210,4.6970,3.7150,0.0000,0.0000,0.0000,69.9704,0.0000,4385.0000,1755.0000,0.0000,25.0000,42.0000,24.0000,17.0000
3.3550,0.8770,0.6780,0.5310,0.4020,0.0000,0.0000,1.8000,1.0000,2.6210,4.6970,3.7150,0.0000,0.0000,0.0000,69.9807,0.0000,4386.0000,1755.0000,0.0000,25.0000,42.0000,24.0000,17.0000
3.2520,0.8850,0.6320,0.5570,0.2800,0.0000,0.0000,1.7350,1.0000,2.6210,4.6970,3.7150,0.0000,0.0000,0.0000,69.9807,0.0000,4386.0000,1755.0000,0.0000,25.0000,42.0000,24.0000,17.0000
3.5490,0.8100,0.6250,0.4820,0.3100,0.0000,0.0000,2.1140,1.0000,2.6210,4.6970,3.7150,0.0000,0.0000,0.0000,69.9910,0.0000,4387.0000,1755.0000,0.0000,25.0000,42.0000,24.0000,16.0000
3.0810,1.0310,0.5940,0.6780,0.3150,0.0000,0.0000,1.4560,1.0000,2.6210,4.6970,3.7150,0.0000,0.0000,0.0000,69.9910,0.0000,4387.0000,1755.0000,0.0000,25.0000,42.0000,24.0000,16.0000
3.3400,0.8490,0.5850,0.5710,0.3060,0.0000,0.0000,1.9060,1.0000,2.6210,4.6970,3.7150,0.0000,0.0000,0.0000,69.9911,0.0000,4387.0000,1755.0000,0.0000,25.0000,42.0000,24.0000,16.0000
3.3930,0.9420,0.6180,0.5760,0.2850,0.0000,0.0000,1.8330,1.0000,2.6210,4.6970,3.7150,0.0000,0.0000,0.0000,70.0020,0.0000,4388.0000,1755.0000,0.0000,25.0000,43.0000,24.0000,16.0000
3.1960,0.8870,0.5470,0.5320,0.2840,0.0000,0.0000,1.7620,1.0000,2.6210,4.6970,3.7150,0.0000,0.0000,0.0000,70.0020,0.0000,4388.0000,1755.0000,0.0000,25.0000,43.0000,24.0000,16.0000
3.8060,0.8360,0.7040,0.5410,0.4210,0.0000,0.0000,2.2660,1.0000,2.6210,4.6970,3.7150,0.0000,0.0000,0.0000,70.0325,0.0000,4391.0000,1755.0000,0.0000,25.0000,43.0000,24.0000,17.0000
3.6450,1.1690,0.6590,0.6350,0.3710,0.0000,0.0000,1.8170,1.0000,2.6210,4.6970,3.7150,0.0000,0.0000,0.0000,70.0528,0.0000,4393.0000,1755.0000,0.0000,25.0000,43.0000,24.0000,17.0000
3.6070,1.1320,0.6560,0.6150,0.3400,0.0000,0.0000,1.8190,1.0000,2.6210,4.6970,3.7150,0.0000,0.0000,0.0000,70.0837,0.0000,4396.0000,1755.0000,0.0000,25.0000,43.0000,24.0000,17.0000
3.1800,1.0710,0.5760,0.5590,0.2930,0.0000,0.0000,1.5330,1.0000,2.6210,4.6970,3.7150,0.0000,0.0000,0.0000,70.0839,0.0000,4396.0000,1755.0000,0.0000,25.0000,43.0000,24.0000,17.0000
3.6670,0.8490,0.7010,0.5240,0.3690,0.0000,0.0000,2.1170,1.0000,2.6210,4.6970,3.7150,0.0000,0.0000,0.0000,70.1349,0.0000,4401.0000,1755.0000,0.0000,25.0000,43.0000,24.0000,17.0000
3.2720,1.0720,0.5080,0.5230,0.2550,0.0000,0.0000,1.6920,1.0000,2.6210,4.6970,3.7150,0.0000,0.0000,0.0000,70.1349,0.0000,4401.0000,1755.0000,0.0000,25.0000,43.0000,24.0000,17.0000
3.1310,0.8710,0.5950,0.5640,0.2550,0.0000,0.0000,1.6650,1.0000,1.3900,29.3620,3.8360,0.0000,0.0000,0.0000,70.1359,0.0000,4401.0000,1755.0000,0.0000,25.0000,44.0000,24.0000,17.0000
3.2740,0.8120,0.6800,0.4660,0.3340,0.0000,0.0000,1.7820,1.0000,1.3900,29.3620,3.8360,0.0000,0.0000,0.0000,70.1564,0.0000,4403.0000,1755.0000,0.0000,25.0000,44.0000,24.0000,17.0000
2.9620,0.8590,0.4990,0.4790,0.2180,0.0000,0.0000,1.6040,1.0000,1.3900,29.3620,3.8360,0.0000,0.0000,0.0000,70.1564,0.0000,4403.0000,1755.0000,0.0000,25.0000,44.0000,24.0000,17.0000
2.9700,0.8410,0.5390,0.5440,0.2410,0.0000,0.0000,1.5900,1.0000,1.3900,29.3620,3.8360,0.0000,0.0000,0.0000,70.1558,0.0000,4403.0000,1755.0000,0.0000,25.0000,43.0000,24.0000,17.0000
2.9260,0.7540,0.5320,0.4510,0.2390,0.0000,0.0000,1.6400,1.0000,1.3900,29.3620,3.8360,0.0000,0.0000,0.0000,70.1558,0.0000,4403.0000,1755.0000,0.0000,25.0000,43.0000,24.0000,17.0000
3.2570,0.7680,0.5990,0.4670,0.3040,0.0000,0.0000,1.8900,1.0000,1.3900,29.3620,3.8360,0.0000,0.0000,0.0000,70.1753,0.0000,4405.0000,1755.0000,0.0000,25.0000,42.0000,24.0000,17.0000
3.3490,0.9070,0.5770,0.5170,0.2890,0.0000,0.0000,1.8650,1.0000,1.3900,29.3620,3.8360,0.0000,0.0000,0.0000,70.1856,0.0000,4406.0000,1755.0000,0.0000,25.0000,42.0000,24.0000,17.0000
3.2130,1.0050,0.5790,0.5710,0.3070,0.0000,0.0000,1.6290,1.0000,1.3900,29.3620,3.8360,0.0000,0.0000,0.0000,70.1857,0.0000,4406.0000,1755.0000,0.0000,25.0000,42.0000,24.0000,17.0000
2.3610,0.8460,0.5150,0.4980,0.2400,0.0000,0.0000,1.0000,1.0000,1.3900,29.3620,3.8360,0.0000,0.0000,0.0000,70.2062,0.0000,4408.0000,1755.0000,0.0000,25.0000,42.0000,24.0000,17.0000
2.2030,0.7070,0.4000,0.4220,0.1900,0.0000,0.0000,1.0960,1.0000,1.3900,29.3620,3.8360,0.0000,0.0000,0.0000,70.2166,0.0000,4409.0000,1755.0000,0.0000,25.0000,42.0000,24.0000,17.0000
2.0300,0.6570,0.3450,0.3580,0.1510,0.0000,0.0000,1.0280,1.0000,1.3900,29.3620,3.8360,0.0000,0.0000,0.0000,70.2167,0.0000,4409.0000,1755.0000,0.0000,25.0000,42.0000,24.0000,17.0000
2.1180,0.5800,0.3360,0.3600,0.1470,0.0000,0.0000,1.2020,1.0000,1.3900,29.3620,3.8360,0.0000,0.0000,0.0000,70.2168,0.0000,4409.0000,1755.0000,0.0000,25.0000,42.0000,24.0000,17.0000
3.4760,0.5680,0.6180,0.3390,0.4270,0.0000,0.0000,2.2900,1.0000,1.3900,29.3620,3.8360,0.0000,0.0000,0.0000,70.2371,0.0000,4411.0000,1755.0000,0.0000,25.0000,42.0000,24.0000,16.0000
2.3010,0.7460,0.4560,0.4340,0.1890,0.0000,0.0000,1.0990,1.0000,1.3900,29.3620,3.8360,0.0000,0.0000,0.0000,70.2371,0.0000,4411.0000,1755.0000,0.0000,25.0000,42.0000,24.0000,16.0000
2.1710,0.6360,0.3720,0.4250,0.1590,0.0000,0.0000,1.1630,1.0000,1.3900,29.3620,3.8360,0.0000,0.0000,0.0000,70.2372,0.0000,4411.0000,1755.0000,0.0000,25.0000,42.0000,24.0000,16.0000
2.1310,0.6080,0.3680,0.3520,0.1610,0.0000,0.0000,1.1550,1.0000,1.3900,29.3620,3.8360,0.0000,0.0000,0.0000,70.2372,0.0000,4411.0000,1755.0000,0.0000,25.0000,42.0000,24.0000,16.0000
2.1980,0.5450,0.4400,0.3290,0.2040,0.0000,0.0000,1.2130,1.0000,1.3900,29.3620,3.8360,0.0000,0.0000,0.0000,70.2475,0.0000,4412.0000,1755.0000,0.0000,25.0000,42.0000,24.0000,16.0000
2.2140,0.6790,0.4530,0.4350,0.2520,0.0000,0.0000,1.0820,1.0000,1.3900,29.3620,3.8360,0.0000,0.0000,0.0000,70.2674,0.0000,4414.0000,1755.0000,0.0000,25.0000,42.0000,24.0000,16.0000
2.2370,0.6780,0.4240,0.3810,0.2010,0.0000,0.0000,1.1350,1.0000,1.3900,29.3620,3.8360,0.0000,0.0000,0.0000,70.2773,0.0000,4415.0000,1755.0000,0.0000,25.0000,42.0000,24.0000,16.0000
2.5370,0.6260,0.4210,0.3880,0.2190,0.0000,0.0000,1.4900,1.0000,1.3900,29.3620,3.8360,0.0000,0.0000,0.0000,69.9852,0.0000,4387.0000,1755.0000,0.0000,25.0000,42.0000,24.0000,16.0000
2.2160,0.8190,0.4190,0.3860,0.2110,0.0000,0.0000,0.9780,1.0000,1.3900,29.3620,3.8360,0.0000,0.0000,0.0000,69.9853,0.0000,4387.0000,1755.0000,0.0000,25.0000,42.0000,24.0000,16.0000
2.4690,0.5820,0.4660,0.3860,0.2350,0.0000,0.0000,1.4210,1.0000,1.3900,29.3620,3.8360,0.0000,0.0000,0.0000,70.0161,0.0000,4390.0000,1755.0000,0.0000,25.0000,42.0000,24.0000,16.0000
2.1740,0.7110,0.3770,0.3580,0.1710,0.0000,0.0000,1.0860,1.0000,1.3900,29.3620,3.8360,0.0000,0.0000,0.0000,70.0162,0.0000,4390.0000,1755.0000,0.0000,25.0000,42.0000,24.0000,16.0000
2.2710,0.5740,0.4970,0.3490,0.2560,0.0000,0.0000,1.2000,1.0000,1.3900,29.3620,3.8360,0.0000,0.0000,0.0000,70.0379,0.0000,4392.0000,1755.0000,0.0000,25.0000,43.0000,24.0000,16.0000
2.2900,0.6400,0.4520,0.3690,0.2250,0.0000,0.0000,1.1980,1.0000,1.3900,29.3620,3.8360,0.0000,0.0000,0.0000,70.0582,0.0000,4394.0000,1755.0000,0.0000,25.0000,43.0000,24.0000,16.0000
2.0930,0.6720,0.3710,0.3990,0.1600,0.0000,0.0000,1.0500,1.0000,1.3900,29.3620,3.8360,0.0000,0.0000,0.0000,70.0583,0.0000,4394.0000,1755.0000,0.0000,25.0000,43.0000,24.0000,16.0000
2.0730,0.6240,0.3710,0.3760,0.1620,0.0000,0.0000,1.0780,1.0000,1.3900,29.3620,3.8360,0.0000,0.0000,0.0000,70.0577,0.0000,4394.0000,1755.0000,0.0000,25.0000,42.0000,24.0000,16.0000
2.0830,0.5780,0.3550,0.3380,0.1590,0.0000,0.0000,1.1500,1.0000,1.3900,29.3620,3.8360,0.0000,0.0000,0.0000,70.0570,0.0000,4394.0000,1755.0000,0.0000,25.0000,41.0000,24.0000,15.0000
2.2030,0.5940,0.3570,0.3490,0.1620,0.0000,0.0000,1.2520,1.0000,1.3900,29.3620,3.8360,0.0000,0.0000,0.0000,70.0570,0.0000,4394.0000,1755.0000,0.0000,25.0000,41.0000,24.0000,15.0000
2.1970,0.7110,0.4930,0.4030,0.2510,0.0000,0.0000,0.9930,1.0000,1.3900,29.3620,3.8360,0.0000,0.0000,0.0000,70.0680,0.0000,4395.0000,1755.0000,0.0000,25.0000,42.0000,24.0000,15.0000
2.1860,0.6190,0.3970,0.3830,0.2030,0.0000,0.0000,1.1700,1.0000,1.3900,29.3620,3.8360,0.0000,0.0000,0.0000,70.0687,0.0000,4395.0000,1755.0000,0.0000,25.0000,43.0000,24.0000,15.0000
2.2550,0.6330,0.4370,0.3780,0.2140,0.0000,0.0000,1.1850,1.0000,1.3900,29.3620,3.8360,0.0000,0.0000,0.0000,70.0783,0.0000,4396.0000,1755.0000,0.0000,25.0000,42.0000,24.0000,15.0000
2.2070,0.6280,0.4150,0.3420,0.2050,0.0000,0.0000,1.1640,1.0000,1.3900,29.3620,3.8360,0.0000,0.0000,0.0000,70.0979,0.0000,4398.0000,1755.0000,0.0000,25.0000,41.0000,24.0000,14.0000
1.9640,0.6280,0.3620,0.3260,0.1660,0.0000,0.0000,0.9740,1.0000,1.3900,29.3620,3.8360,0.0000,0.0000,0.0000,70.0988,0.0000,4398.0000,1755.0000,0.0000,25.0000,42.0000,24.0000,14.0000
2.1630,0.5560,0.4830,0.3400,0.2750,0.0000,0.0000,1.1240,1.0000,1.3900,29.3620,3.8360,0.0000,0.0000,0.0000,70.1084,0.0000,4399.0000,1755.0000,0.0000,25.0000,41.0000,24.0000,14.0000
2.1210,0.5810,0.3890,0.3240,0.1940,0.0000,0.0000,1.1510,1.0000,1.3900,29.3620,3.8360,0.0000,0.0000,0.0000,70.1187,0.0000,4400.0000,1755.0000,0.0000,25.0000,41.0000,24.0000,14.0000
2.0780,0.6220,0.4280,0.3780,0.1970,0.0000,0.0000,1.0280,1.0000,1.3900,29.3620,3.8360,0.0000,0.0000,0.0000,70.1194,0.0000,4400.0000,1755.0000,0.0000,25.0000,42.0000,24.0000,14.0000
2.1760,0.5270,0.4330,0.3180,0.2460,0.0000,0.0000,1.2160,1.0000,1.3900,29.3620,3.8360,0.0000,0.0000,0.0000,70.1290,0.0000,4401.0000,1755.0000,0.0000,25.0000,41.0000,24.0000,14.0000
2.0130,0.6550,0.3990,0.4060,0.1700,0.0000,0.0000,0.9590,1.0000,1.3900,29.3620,3.8360,0.0000,0.0000,0.0000,70.1290,0.0000,4401.0000,1755.0000,0.0000,25.0000,41.0000,24.0000,14.0000
2.0520,0.6400,0.3970,0.4120,0.1700,0.0000,0.0000,1.0150,1.0000,1.3900,29.3620,3.8360,0.0000,0.0000,0.0000,70.1298,0.0000,4401.0000,1755.0000,0.0000,25.0000,42.0000,24.0000,14.0000
3.2950,0.6140,0.6570,0.4060,0.4390,0.0000,0.0000,2.0240,1.0000,1.3900,29.3620,3.8360,0.0000,0.0000,0.0000,70.1496,0.0000,4403.0000,1755.0000,0.0000,25.0000,41.0000,24.0000,14.0000
2.4140,0.7040,0.4890,0.3470,0.2740,0.0000,0.0000,1.2210,1.0000,1.3900,29.3620,3.8360,0.0000,0.0000,0.0000,70.1599,0.0000,4404.0000,1755.0000,0.0000,25.0000,41.0000,24.0000,14.0000
2.2090,0.7150,0.4660,0.3370,0.2520,0.0000,0.0000,1.0280,1.0000,1.3900,29.3620,3.8360,0.0000,0.0000,0.0000,70.1709,0.0000,4405.0000,1755.0000,0.0000,25.0000,42.0000,24.0000,14.0000
2.2640,0.6360,0.4830,0.3860,0.2380,0.0000,0.0000,1.1450,1.0000,1.3900,29.3620,3.8360,0.0000,0.0000,0.0000,70.1908,0.0000,4407.0000,1755.0000,0.0000,25.0000,41.0000,24.0000,14.0000
2.1690,0.6730,0.4260,0.3410,0.2130,0.0000,0.0000,1.0700,1.0000,1.3900,29.3620,3.8360,0.0000,0.0000,0.0000,70.2012,0.0000,4408.0000,1755.0000,0.0000,25.0000,41.0000,24.0000,14.0000
2.1060,0.6520,0.3670,0.3450,0.1620,0.0000,0.0000,1.0870,1.0000,1.3900,29.3620,3.8360,0.0000,0.0000,0.0000,70.2027,0.0000,4408.0000,1755.0000,0.0000,25.0000,43.0000,24.0000,14.0000
2.1480,0.5730,0.3630,0.3310,0.1610,0.0000,0.0000,1.2120,1.0000,1.3900,29.3620,3.8360,0.0000,0.0000,0.0000,70.2034,0.0000,4408.0000,1755.0000,0.0000,25.0000,44.0000,24.0000,14.0000
2.3190,0.6080,0.4800,0.3880,0.2600,0.0000,0.0000,1.2310,1.0000,1.3900,29.3620,3.8360,0.0000,0.0000,0.0000,70.2340,0.0000,4411.0000,1755.0000,0.0000,25.0000,44.0000,24.0000,14.0000
2.0660,0.7170,0.4050,0.3850,0.1750,0.0000,0.0000,0.9440,1.0000,1.3900,29.3620,3.8360,0.0000,0.0000,0.0000,70.2340,0.0000,4411.0000,1755.0000,0.0000,25.0000,44.0000,24.0000,14.0000
2.0030,0.6450,0.3820,0.3860,0.1770,0.0000,0.0000,0.9760,1.0000,1.3900,29.3620,3.8360,0.0000,0.0000,0.0000,70.2335,0.0000,4411.0000,1755.0000,0.0000,25.0000,43.0000,24.0000,14.0000
2.0670,0.6010,0.3790,0.3960,0.1770,0.0000,0.0000,1.0870,1.0000,1.3900,29.3620,3.8360,0.0000,0.0000,0.0000,70.2335,0.0000,4411.0000,1755.0000,0.0000,25.0000,43.0000,24.0000,14.0000
2.1610,0.6060,0.4120,0.3400,0.2020,0.0000,0.0000,1.1430,1.0000,1.3900,29.3620,3.8360,0.0000,0.0000,0.0000,70.2458,0.0000,4412.0000,1755.0000,0.0000,25.0000,44.0000,24.0000,14.0000
2.2420,0.6260,0.4150,0.3320,0.2050,0.0000,0.0000,1.2010,1.0000,1.3900,29.3620,3.8360,0.0000,0.0000,0.0000,70.2664,0.0000,4414.0000,1755.0000,0.0000,25.0000,44.0000,24.0000,14.0000
1.9930,0.6250,0.3600,0.3220,0.1590,0.0000,0.0000,1.0080,1.0000,1.3900,29.3620,3.8360,0.0000,0.0000,0.0000,70.2664,0.0000,4414.0000,1755.0000,0.0000,25.0000,44.0000,24.0000,14.0000
2.3990,0.5500,0.4130,0.3260,0.2150,0.0000,0.0000,1.4360,1.0000,1.3900,29.3620,3.8360,0.0000,0.0000,0.0000,70.2665,0.0000,4414.0000,1755.0000,0.0000,25.0000,44.0000,24.0000,14.0000
2.3510,0.9220,0.4890,0.4140,0.2270,0.0000,0.0000,0.9400,1.0000,1.3900,29.3620,3.8360,0.0000,0.0000,0.0000,70.2768,0.0000,4415.0000,1755.0000,0.0000,25.0000,44.0000,24.0000,14.0000
2.3570,0.6780,0.5420,0.3640,0.2060,0.0000,0.0000,1.1370,1.0000,1.3900,29.3620,3.8360,0.0000,0.0000,0.0000,70.2754,0.0000,4415.0000,1755.0000,0.0000,25.0000,42.0000,24.0000,14.0000
2.0900,0.5640,0.3770,0.3300,0.1640,0.0000,0.0000,1.1490,1.0000,1.3900,29.3620,3.8360,0.0000,0.0000,0.0000,70.2754,0.0000,4415.0000,1755.0000,0.0000,25.0000,42.0000,24.0000,14.0000
2.2220,0.6030,0.4730,0.3920,0.2530,0.0000,0.0000,1.1460,1.0000,1.3900,29.3620,3.8360,0.0000,0.0000,0.0000,70.2857,0.0000,4416.0000,1755.0000,0.0000,25.0000,42.0000,24.0000,14.0000
2.2640,0.6670,0.4510,0.4020,0.2130,0.0000,0.0000,1.1460,1.0000,1.3900,29.3620,3.8360,0.0000,0.0000,0.0000,70.2953,0.0000,4417.0000,1755.0000,0.0000,25.0000,41.0000,24.0000,14.0000
2.1170,0.6180,0.4410,0.3360,0.2240,0.0000,0.0000,1.0580,1.0000,1.3900,29.3620,3.8360,0.0000,0.0000,0.0000,70.3056,0.0000,4418.0000,1755.0000,0.0000,25.0000,41.0000,24.0000,14.0000
2.0880,0.6480,0.3760,0.3530,0.1570,0.0000,0.0000,1.0640,1.0000,1.3900,29.3620,3.8360,0.0000,0.0000,0.0000,70.3046,0.0000,4418.0000,1755.0000,0.0000,25.0000,40.0000,24.0000,14.0000
3.1550,0.6040,0.8980,0.3840,0.2190,0.0000,0.0000,1.6530,1.0000,1.3900,29.3620,3.8360,0.0000,0.0000,0.0000,69.8873,0.0000,4378.0000,1755.0000,0.0000,25.0000,40.0000,24.0000,14.0000
2.4050,0.6570,0.4330,0.4320,0.2170,0.0000,0.0000,1.3150,1.0000,1.3900,29.3620,3.8360,0.0000,0.0000,0.0000,69.9075,0.0000,4380.0000,1755.0000,0.0000,25.0000,40.0000,24.0000,14.0000
2.0580,0.7010,0.4130,0.4030,0.1720,0.0000,0.0000,0.9440,1.0000,1.3900,29.3620,3.8360,0.0000,0.0000,0.0000,69.9075,0.0000,4380.0000,1755.0000,0.0000,25.0000,40.0000,24.0000,14.0000
2.3140,0.6390,0.4410,0.3750,0.2130,0.0000,0.0000,1.2340,1.0000,1.3900,29.3620,3.8360,0.0000,0.0000,0.0000,69.9282,0.0000,4382.0000,1755.0000,0.0000,25.0000,40.0000,24.0000,14.0000
2.0240,0.7530,0.3590,0.4200,0.1630,0.0000,0.0000,0.9120,1.0000,1.3900,29.3620,3.8360,0.0000,0.0000,0.0000,69.9282,0.0000,4382.0000,1755.0000,0.0000,25.0000,40.0000,24.0000,14.0000
2.1270,0.5180,0.3830,0.3230,0.1920,0.0000,0.0000,1.2260,1.0000,1.3900,29.3620,3.8360,0.0000,0.0000,0.0000,69.9386,0.0000,4383.0000,1755.0000,0.0000,25.0000,40.0000,24.0000,14.0000
2.3050,0.5450,0.4610,0.3160,0.2680,0.0000,0.0000,1.2990,1.0000,1.3900,29.3620,3.8360,0.0000,0.0000,0.0000,69.9591,0.0000,4385.0000,1755.0000,0.0000,25.0000,40.0000,24.0000,14.0000
2.5060,0.6130,0.4170,0.3360,0.2230,0.0000,0.0000,1.4760,1.0000,1.3900,29.3620,3.8360,0.0000,0.0000,0.0000,69.9592,0.0000,4385.0000,1755.0000,0.0000,25.0000,40.0000,24.0000,14.0000
2.5420,0.6040,0.4340,0.4110,0.2220,0.0000,0.0000,1.5040,1.0000,1.3900,29.3620,3.8360,0.0000,0.0000,0.0000,69.9997,0.0000,4389.0000,1755.0000,0.0000,25.0000,40.0000,24.0000,15.0000
2.1930,0.7490,0.4440,0.3940,0.1730,0.0000,0.0000,1.0000,1.0000,1.3900,29.3620,3.8360,0.0000,0.0000,0.0000,69.9997,0.0000,4389.0000,1755.0000,0.0000,25.0000,40.0000,24.0000,16.0000
2.3440,0.6730,0.4040,0.3840,0.1950,0.0000,0.0000,1.2670,1.0000,1.3900,29.3620,3.8360,0.0000,0.0000,0.0000,69.9999,0.0000,4389.0000,1755.0000,0.0000,25.0000,40.0000,24.0000,17.0000
2.4720,0.6000,0.5070,0.3330,0.3000,0.0000,0.0000,1.3650,1.0000,1.3900,29.3620,3.8360,0.0000,0.0000,0.0000,70.0109,0.0000,4390.0000,1755.0000,0.0000,25.0000,41.0000,24.0000,17.0000
2.1790,0.7460,0.4070,0.5030,0.1720,0.0000,0.0000,1.0260,1.0000,1.3900,29.3620,3.8360,0.0000,0.0000,0.0000,70.0109,0.0000,4390.0000,1755.0000,0.0000,25.0000,41.0000,24.0000,17.0000
2.5410,0.7070,0.4940,0.4650,0.2270,0.0000,0.0000,1.3400,1.0000,1.3900,29.3620,3.8360,0.0000,0.0000,0.0000,70.0312,0.0000,4392.0000,1755.0000,0.0000,25.0000,41.0000,24.0000,17.0000
2.2470,0.7290,0.4120,0.3880,0.2020,0.0000,0.0000,1.1060,1.0000,1.3900,29.3620,3.8360,0.0000,0.0000,0.0000,70.0320,0.0000,4392.0000,1755.0000,0.0000,25.0000,42.0000,24.0000,17.0000
2.5800,0.6130,0.4830,0.4110,0.2290,0.0000,0.0000,1.4840,1.0000,1.3900,29.3620,3.8360,0.0000,0.0000,0.0000,70.0531,0.0000,4394.0000,1755.0000,0.0000,25.0000,43.0000,24.0000,17.0000
2.3800,0.7380,0.4630,0.3490,0.2440,0.0000,0.0000,1.1790,1.0000,1.3900,29.3620,3.8360,0.0000,0.0000,0.0000,70.0531,0.0000,4394.0000,1755.0000,0.0000,25.0000,43.0000,24.0000,17.0000
2.3060,0.5880,0.4540,0.3810,0.2330,0.0000,0.0000,1.2640,1.0000,1.3900,29.3620,3.8360,0.0000,0.0000,0.0000,70.0533,0.0000,4394.0000,1755.0000,0.0000,25.0000,43.0000,24.0000,17.0000
2.3410,0.6080,0.3950,0.3930,0.1690,0.0000,0.0000,1.3380,1.0000,1.3900,29.3620,3.8360,0.0000,0.0000,0.0000,70.0533,0.0000,4394.0000,1755.0000,0.0000,25.0000,43.0000,24.0000,17.0000
2.6830,0.6320,0.4600,0.3510,0.2240,0.0000,0.0000,1.5910,1.0000,1.3900,29.3620,3.8360,0.0000,0.0000,0.0000,70.0533,0.0000,4394.0000,1755.0000,0.0000,25.0000,43.0000,24.0000,17.0000
2.4660,0.6530,0.4410,0.3750,0.2070,0.0000,0.0000,1.3720,1.0000,1.3900,29.3620,3.8360,0.0000,0.0000,0.0000,70.0636,0.0000,4395.0000,1755.0000,0.0000,25.0000,43.0000,24.0000,17.0000
2.2290,0.6280,0.5030,0.3370,0.2150,0.0000,0.0000,1.0980,1.0000,1.3900,29.3620,3.8360,0.0000,0.0000,0.0000,70.0644,0.0000,4395.0000,1755.0000,0.0000,25.0000,44.0000,24.0000,17.0000
2.2120,0.5820,0.4110,0.3640,0.2040,0.0000,0.0000,1.2190,1.0000,1.3900,29.3620,3.8360,0.0000,0.0000,0.0000,70.0644,0.0000,4395.0000,1755.0000,0.0000,25.0000,44.0000,24.0000,17.0000
2.1970,0.6010,0.4000,0.4060,0.1720,0.0000,0.0000,1.1960,1.0000,1.3900,29.3620,3.8360,0.0000,0.0000,0.0000,70.0644,0.0000,4395.0000,1755.0000,0.0000,25.0000,44.0000,24.0000,17.0000
2.2930,0.5970,0.3910,0.3900,0.1960,0.0000,0.0000,1.3050,1.0000,1.3900,29.3620,3.8360,0.0000,0.0000,0.0000,70.0754,0.0000,4396.0000,1755.0000,0.0000,25.0000,45.0000,24.0000,17.0000
6.4450,0.6200,0.4250,0.3310,0.2030,0.0000,0.0000,5.4000,1.0000,1.3900,29.3620,3.8360,0.0000,0.0000,0.0000,70.0754,0.0000,4396.0000,1755.0000,0.0000,25.0000,45.0000,24.0000,17.0000
3.9930,2.7750,0.4800,2.5250,0.2140,0.0000,0.0000,0.7380,1.0000,1.3900,29.3620,3.8360,0.0000,0.0000,0.0000,70.0959,0.0000,4398.0000,1755.0000,0.0000,25.0000,45.0000,24.0000,18.0000
2.6290,2.1380,0.6510,0.4450,0.3990,0.0000,0.0000,0.0000,1.0000,1.3900,29.3620,3.8360,0.0000,0.0000,0.0000,70.1061,0.0000,4399.0000,1755.0000,0.0000,25.0000,45.0000,24.0000,18.0000
2.6470,0.5960,0.5880,0.3330,0.2710,0.0000,0.0000,1.4630,1.0000,1.3900,29.3620,3.8360,0.0000,0.0000,0.0000,70.1367,0.0000,4402.0000,1755.0000,0.0000,25.0000,45.0000,24.0000,17.0000
2.2470,0.7380,0.4320,0.3910,0.2080,0.0000,0.0000,1.0770,1.0000,1.3900,29.3620,3.8360,0.0000,0.0000,0.0000,70.1570,0.0000,4404.0000,1755.0000,0.0000,25.0000,45.0000,24.0000,17.0000
2.3370,0.6420,0.4140,0.3210,0.2220,0.0000,0.0000,1.2810,1.0000,1.3900,29.3620,3.8360,0.0000,0.0000,0.0000,70.1681,0.0000,4405.0000,1755.0000,0.0000,25.0000,46.0000,24.0000,17.0000
2.4260,0.6440,0.5060,0.4030,0.2290,0.0000,0.0000,1.2760,1.0000,1.3900,29.3620,3.8360,0.0000,0.0000,0.0000,70.1885,0.0000,4407.0000,1755.0000,0.0000,25.0000,46.0000,24.0000,18.0000
2.3610,0.7310,0.3830,0.4330,0.1890,0.0000,0.0000,1.2470,1.0000,1.3900,29.3620,3.8360,0.0000,0.0000,0.0000,70.1893,0.0000,4407.0000,1755.0000,0.0000,25.0000,47.0000,24.0000,18.0000
2.2440,0.6240,0.4390,0.3520,0.2200,0.0000,0.0000,1.1810,1.0000,1.3900,29.3620,3.8360,0.0000,0.0000,0.0000,70.1997,0.0000,4408.0000,1755.0000,0.0000,25.0000,47.0000,24.0000,18.0000
2.2380,0.5770,0.4170,0.3390,0.1710,0.0000,0.0000,1.2440,1.0000,1.3900,29.3620,3.8360,0.0000,0.0000,0.0000,70.1997,0.0000,4408.0000,1755.0000,0.0000,25.0000,47.0000,24.0000,17.0000
2.3960,0.6260,0.3540,0.3890,0.1640,0.0000,0.0000,1.4160,1.0000,1.3900,29.3620,3.8360,0.0000,0.0000,0.0000,70.1997,0.0000,4408.0000,1755.0000,0.0000,25.0000,47.0000,24.0000,17.0000
3.5170,0.6120,0.3640,0.3930,0.1710,0.0000,0.0000,2.5410,1.0000,1.3900,29.3620,3.8360,0.0000,0.0000,0.0000,70.2007,0.0000,4408.0000,1755.0000,0.0000,25.0000,48.0000,24.0000,17.0000
2.3980,0.5370,0.4820,0.3250,0.2200,0.0000,0.0000,1.3790,1.0000,1.3900,29.3620,3.8360,0.0000,0.0000,0.0000,69.9029,0.0000,4379.0000,1755.0000,0.0000,25.0000,48.0000,24.0000,17.0000
2.2410,0.6930,0.3660,0.3360,0.1620,0.0000,0.0000,1.1820,1.0000,1.3900,29.3620,3.8360,0.0000,0.0000,0.0000,69.9021,0.0000,4379.0000,1755.0000,0.0000,25.0000,47.0000,24.0000,18.0000
2.2720,0.5310,0.3840,0.3290,0.1690,0.0000,0.0000,1.3570,1.0000,1.3900,29.3620,3.8360,0.0000,0.0000,0.0000,69.9008,0.0000,4379.0000,1755.0000,0.0000,25.0000,45.0000,24.0000,18.0000
2.2140,0.5450,0.4010,0.3500,0.1670,0.0000,0.0000,1.2680,1.0000,1.3900,29.3620,3.8360,0.0000,0.0000,0.0000,69.9008,0.0000,4379.0000,1755.0000,0.0000,25.0000,45.0000,24.0000,17.0000
2.2960,0.6350,0.3660,0.3810,0.1710,0.0000,0.0000,1.2950,1.0000,1.3900,29.3620,3.8360,0.0000,0.0000,0.0000,69.9015,0.0000,4379.0000,1755.0000,0.0000,25.0000,46.0000,24.0000,17.0000
3.8290,0.6360,0.4500,0.3460,0.2460,0.0000,0.0000,2.7430,1.0000,1.3900,29.3620,3.8360,0.0000,0.0000,0.0000,69.9008,0.0000,4379.0000,1755.0000,0.0000,25.0000,45.0000,24.0000,17.0000
2.6170,0.7050,0.4400,0.5020,0.2170,0.0000,0.0000,1.4720,1.0000,1.3900,29.3620,3.8360,0.0000,0.0000,0.0000,69.9220,0.0000,4381.0000,1755.0000,0.0000,25.0000,46.0000,24.0000,17.0000
2.6490,0.6180,0.5150,0.3310,0.2350,0.0000,0.0000,1.5160,1.0000,1.3900,29.3620,3.8360,0.0000,0.0000,0.0000,69.9323,0.0000,4382.0000,1755.0000,0.0000,25.0000,46.0000,24.0000,17.0000
2.2440,0.8020,0.3870,0.4240,0.1790,0.0000,0.0000,1.0550,1.0000,1.3900,29.3620,3.8360,0.0000,0.0000,0.0000,69.9324,0.0000,4382.0000,1755.0000,0.0000,25.0000,46.0000,24.0000,15.0000
2.5230,0.5280,0.5280,0.3290,0.1810,0.0000,0.0000,1.4670,1.0000,1.3900,29.3620,3.8360,0.0000,0.0000,0.0000,69.9325,0.0000,4382.0000,1755.0000,0.0000,25.0000,46.0000,24.0000,15.0000
2.2960,0.6450,0.4100,0.3860,0.2000,0.0000,0.0000,1.2410,1.0000,1.3900,29.3620,3.8360,0.0000,0.0000,0.0000,69.9427,0.0000,4383.0000,1755.0000,0.0000,25.0000,46.0000,24.0000,15.0000
2.1980,0.6080,0.4140,0.3240,0.2200,0.0000,0.0000,1.1760,1.0000,1.3900,29.3620,3.8360,0.0000,0.0000,0.0000,69.9427,0.0000,4383.0000,1755.0000,0.0000,25.0000,46.0000,24.0000,16.0000
2.5920,0.5280,0.4920,0.3390,0.2760,0.0000,0.0000,1.5720,1.0000,1.3900,29.3620,3.8360,0.0000,0.0000,0.0000,69.9534,0.0000,4384.0000,1755.0000,0.0000,25.0000,46.0000,24.0000,18.0000
2.9350,0.6950,0.9370,0.4470,0.2080,0.0000,0.0000,1.3030,1.0000,1.3900,29.3620,3.8360,0.0000,0.0000,0.0000,69.9527,0.0000,4384.0000,1755.0000,0.0000,25.0000,45.0000,24.0000,18.0000
3.3910,0.6960,0.6470,0.4430,0.4290,0.0000,0.0000,2.0480,1.0000,1.3900,29.3620,3.8360,0.0000,0.0000,0.0000,70.0140,0.0000,4390.0000,1755.0000,0.0000,25.0000,46.0000,24.0000,17.0000
2.5970,1.0170,0.4950,0.4220,0.2320,0.0000,0.0000,1.0850,1.0000,1.3900,29.3620,3.8360,0.0000,0.0000,0.0000,70.0141,0.0000,4390.0000,1755.0000,0.0000,25.0000,46.0000,24.0000,17.0000
2.1530,0.8730,0.3810,0.5860,0.1780,0.0000,0.0000,0.8990,1.0000,1.3900,29.3620,3.8360,0.0000,0.0000,0.0000,70.0144,0.0000,4390.0000,1755.0000,0.0000,25.0000,46.0000,24.0000,17.0000
2.6140,0.6350,0.5170,0.3720,0.3070,0.0000,0.0000,1.4620,1.0000,1.3900,29.3620,3.8360,0.0000,0.0000,0.0000,70.0552,0.0000,4394.0000,1755.0000,0.0000,25.0000,46.0000,24.0000,17.0000
2.6260,0.8910,0.4420,0.4930,0.2230,0.0000,0.0000,1.2930,1.0000,1.3900,29.3620,3.8360,0.0000,0.0000,0.0000,70.0754,0.0000,4396.0000,1755.0000,0.0000,25.0000,46.0000,24.0000,17.0000
3.0270,0.7330,0.5880,0.3780,0.3010,0.0000,0.0000,1.7060,1.0000,1.3900,29.3620,3.8360,0.0000,0.0000,0.0000,70.0962,0.0000,4398.0000,1755.0000,0.0000,25.0000,46.0000,24.0000,18.0000
2.4710,1.1060,0.5130,0.4450,0.2500,0.0000,0.0000,0.8520,1.0000,1.3900,29.3620,3.8360,0.0000,0.0000,0.0000,70.0964,0.0000,4398.0000,1755.0000,0.0000,25.0000,46.0000,24.0000,18.0000
2.3070,0.6840,0.4280,0.4430,0.2200,0.0000,0.0000,1.1950,1.0000,1.3900,29.3620,3.8360,0.0000,0.0000,0.0000,70.1062,0.0000,4399.0000,1755.0000,0.0000,25.0000,45.0000,24.0000,18.0000
2.2590,0.6710,0.4360,0.3770,0.1970,0.0000,0.0000,1.1520,1.0000,1.3900,29.3620,3.8360,0.0000,0.0000,0.0000,70.1062,0.0000,4399.0000,1755.0000,0.0000,25.0000,45.0000,24.0000,19.0000
2.5200,0.5760,0.4190,0.3810,0.2120,0.0000,0.0000,1.5250,1.0000,1.3900,29.3620,3.8360,0.0000,0.0000,0.0000,70.1063,0.0000,4399.0000,1755.0000,0.0000,25.0000,45.0000,24.0000,19.0000
2.3890,0.7470,0.3790,0.5380,0.1730,0.0000,0.0000,1.2630,1.0000,1.3900,29.3620,3.8360,0.0000,0.0000,0.0000,70.1070,0.0000,4399.0000,1755.0000,0.0000,25.0000,46.0000,24.0000,18.0000
2.5820,0.5770,0.5440,0.3750,0.2790,0.0000,0.0000,1.4610,1.0000,1.3900,29.3620,3.8360,0.0000,0.0000,0.0000,70.1172,0.0000,4400.0000,1755.0000,0.0000,25.0000,46.0000,24.0000,18.0000
2.4870,0.6560,0.4720,0.4190,0.1710,0.0000,0.0000,1.3590,1.0000,1.3900,29.3620,3.8360,0.0000,0.0000,0.0000,70.1172,0.0000,4400.0000,1755.0000,0.0000,25.0000,46.0000,24.0000,18.0000
2.3830,0.6890,0.4400,0.4230,0.2170,0.0000,0.0000,1.2540,1.0000,1.3900,29.3620,3.8360,0.0000,0.0000,0.0000,70.1173,0.0000,4400.0000,1755.0000,0.0000,25.0000,46.0000,24.0000,18.0000
2.1310,0.6590,0.3790,0.3870,0.1690,0.0000,0.0000,1.0930,1.0000,1.3900,29.3620,3.8360,0.0000,0.0000,0.0000,70.1173,0.0000,4400.0000,1755.0000,0.0000,25.0000,46.0000,24.0000,18.0000
3.1830,0.5670,0.4170,0.3350,0.2170,0.0000,0.0000,2.1990,1.0000,1.3900,29.3620,3.8360,0.0000,0.0000,0.0000,70.1479,0.0000,4403.0000,1755.0000,0.0000,25.0000,46.0000,24.0000,19.0000
2.2140,1.2160,0.3710,0.6140,0.1670,0.0000,0.0000,0.6270,1.0000,1.3900,29.3620,3.8360,0.0000,0.0000,0.0000,70.1486,0.0000,4403.0000,1755.0000,0.0000,25.0000,47.0000,24.0000,19.0000
2.1470,0.6140,0.3570,0.3410,0.1610,0.0000,0.0000,1.1760,1.0000,1.3900,29.3620,3.8360,0.0000,0.0000,0.0000,70.1491,0.0000,4404.0000,1755.0000,0.0000,25.0000,47.0000,24.0000,19.0000
2.2290,0.6120,0.4400,0.4010,0.2460,0.0000,0.0000,1.1770,1.0000,1.3900,29.3620,3.8360,0.0000,0.0000,0.0000,70.1601,0.0000,4405.0000,1755.0000,0.0000,25.0000,48.0000,24.0000,19.0000
2.1770,0.6320,0.4010,0.3900,0.1760,0.0000,0.0000,1.1440,1.0000,1.3900,29.3620,3.8360,0.0000,0.0000,0.0000,70.1601,0.0000,4405.0000,1755.0000,0.0000,25.0000,48.0000,24.0000,19.0000
2.1560,0.6530,0.3650,0.3860,0.1580,0.0000,0.0000,1.1380,1.0000,1.3900,29.3620,3.8360,0.0000,0.0000,0.0000,70.1594,0.0000,4405.0000,1755.0000,0.0000,25.0000,47.0000,24.0000,18.0000
2.6600,0.6130,0.3770,0.3490,0.1740,0.0000,0.0000,1.6700,1.0000,1.3900,29.3620,3.8360,0.0000,0.0000,0.0000,70.1589,0.0000,4405.0000,1755.0000,0.0000,25.0000,46.0000,24.0000,19.0000
2.1430,0.9660,0.4320,0.7420,0.1890,0.0000,0.0000,0.7450,1.0000,1.3900,29.3620,3.8360,0.0000,0.0000,0.0000,70.1589,0.0000,4405.0000,1755.0000,0.0000,25.0000,46.0000,24.0000,19.0000
2.2990,0.5990,0.4330,0.4030,0.2230,0.0000,0.0000,1.2670,1.0000,1.3900,29.3620,3.8360,0.0000,0.0000,0.0000,70.1904,0.0000,4408.0000,1755.0000,0.0000,25.0000,47.0000,24.0000,19.0000
2.2120,0.7090,0.4050,0.3310,0.2030,0.0000,0.0000,1.0980,1.0000,1.3900,29.3620,3.8360,0.0000,0.0000,0.0000,70.2004,0.0000,4409.0000,1755.0000,0.0000,25.0000,47.0000,24.0000,19.0000
2.2820,0.6570,0.3640,0.3920,0.1670,0.0000,0.0000,1.2610,1.0000,1.3900,29.3620,3.8360,0.0000,0.0000,0.0000,69.8828,0.0000,4378.0000,1755.0000,0.0000,25.0000,46.0000,24.0000,19.0000
2.4520,0.5310,0.4610,0.3310,0.2370,0.0000,0.0000,1.4600,1.0000,1.3900,29.3620,3.8360,0.0000,0.0000,0.0000,69.9249,0.0000,4382.0000,1755.0000,0.0000,25.0000,48.0000,24.0000,19.0000
2.0930,0.7770,0.3410,0.3430,0.1530,0.0000,0.0000,0.9750,1.0000,1.3900,29.3620,3.8360,0.0000,0.0000,0.0000,69.9250,0.0000,4382.0000,1755.0000,0.0000,25.0000,48.0000,24.0000,19.0000
2.1930,0.5840,0.4540,0.3450,0.2580,0.0000,0.0000,1.1550,1.0000,1.3900,29.3620,3.8360,0.0000,0.0000,0.0000,69.9356,0.0000,4383.0000,1755.0000,0.0000,25.0000,48.0000,24.0000,19.0000
2.2840,0.5730,0.4420,0.3260,0.2500,0.0000,0.0000,1.2690,1.0000,1.3900,29.3620,3.8360,0.0000,0.0000,0.0000,69.9558,0.0000,4385.0000,1755.0000,0.0000,25.0000,48.0000,24.0000,18.0000
2.2810,0.6610,0.4580,0.3920,0.2300,0.0000,0.0000,1.1620,1.0000,1.3900,29.3620,3.8360,0.0000,0.0000,0.0000,69.9755,0.0000,4387.0000,1755.0000,0.0000,25.0000,47.0000,24.0000,18.0000
2.1000,0.6670,0.3780,0.3960,0.1660,0.0000,0.0000,1.0550,1.0000,1.3900,29.3620,3.8360,0.0000,0.0000,0.0000,69.9764,0.0000,4387.0000,1755.0000,0.0000,25.0000,48.0000,24.0000,18.0000
2.0430,0.5920,0.3630,0.3540,0.1640,0.0000,0.0000,1.0880,1.0000,1.3900,29.3620,3.8360,0.0000,0.0000,0.0000,69.9765,0.0000,4387.0000,1755.0000,0.0000,25.0000,48.0000,24.0000,18.0000
2.0480,0.5830,0.3930,0.3430,0.1840,0.0000,0.0000,1.0720,1.0000,1.3900,29.3620,3.8360,0.0000,0.0000,0.0000,69.9765,0.0000,4387.0000,1755.0000,0.0000,25.0000,48.0000,24.0000,18.0000
2.3440,0.5540,0.4050,0.3470,0.1980,0.0000,0.0000,1.3850,1.0000,1.3900,29.3620,3.8360,0.0000,0.0000,0.0000,69.9765,0.0000,4387.0000,1755.0000,0.0000,25.0000,48.0000,24.0000,18.0000
2.2100,0.6550,0.4380,0.3820,0.2020,0.0000,0.0000,1.1170,1.0000,1.3900,29.3620,3.8360,0.0000,0.0000,0.0000,69.9765,0.0000,4387.0000,1755.0000,0.0000,25.0000,48.0000,24.0000,18.0000
2.2670,0.6460,0.4050,0.4520,0.1770,0.0000,0.0000,1.2160,1.0000,1.3900,29.3620,3.8360,0.0000,0.0000,0.0000,69.9765,0.0000,4387.0000,1755.0000,0.0000,25.0000,48.0000,24.0000,16.0000
2.3170,0.6710,0.3970,0.4810,0.1680,0.0000,0.0000,1.2490,1.0000,1.3900,29.3620,3.8360,0.0000,0.0000,0.0000,69.9765,0.0000,4387.0000,1755.0000,0.0000,25.0000,48.0000,24.0000,16.0000
2.3700,0.6140,0.4220,0.3620,0.2240,0.0000,0.0000,1.3340,1.0000,1.3900,29.3620,3.8360,0.0000,0.0000,0.0000,70.0173,0.0000,4391.0000,1755.0000,0.0000,25.0000,48.0000,24.0000,16.0000
1.9430,0.7170,0.3890,0.3660,0.1650,0.0000,0.0000,0.8370,1.0000,1.3900,29.3620,3.8360,0.0000,0.0000,0.0000,70.0174,0.0000,4391.0000,1755.0000,0.0000,25.0000,48.0000,24.0000,15.0000
1.9050,0.5940,0.3890,0.4030,0.1660,0.0000,0.0000,0.9220,1.0000,1.3900,29.3620,3.8360,0.0000,0.0000,0.0000,70.0183,0.0000,4391.0000,1755.0000,0.0000,25.0000,49.0000,24.0000,15.0000
1.9780,0.5690,0.3930,0.3800,0.2010,0.0000,0.0000,1.0160,1.0000,1.3900,29.3620,3.8360,0.0000,0.0000,0.0000,70.0183,0.0000,4391.0000,1755.0000,0.0000,25.0000,49.0000,24.0000,15.0000
1.8730,0.5780,0.3950,0.3930,0.2060,0.0000,0.0000,0.9000,1.0000,1.3900,29.3620,3.8360,0.0000,0.0000,0.0000,70.0183,0.0000,4391.0000,1755.0000,0.0000,25.0000,49.0000,24.0000,15.0000
2.0010,0.5090,0.4570,0.3210,0.2240,0.0000,0.0000,1.0350,1.0000,1.3900,29.3620,3.8360,0.0000,0.0000,0.0000,70.0286,0.0000,4392.0000,1755.0000,0.0000,25.0000,49.0000,24.0000,15.0000
1.8770,0.5430,0.3490,0.3140,0.1610,0.0000,0.0000,0.9850,1.0000,1.3900,29.3620,3.8360,0.0000,0.0000,0.0000,70.0286,0.0000,4392.0000,1755.0000,0.0000,25.0000,49.0000,24.0000,15.0000
3.1040,0.5180,0.4870,0.3160,0.1690,0.0000,0.0000,2.0990,1.0000,1.3900,29.3620,3.8360,0.0000,0.0000,0.0000,70.0279,0.0000,4392.0000,1755.0000,0.0000,25.0000,48.0000,24.0000,15.0000
2.1420,0.5190,0.4140,0.3260,0.1970,0.0000,0.0000,1.2090,1.0000,1.3900,29.3620,3.8360,0.0000,0.0000,0.0000,70.0382,0.0000,4393.0000,1755.0000,0.0000,25.0000,48.0000,24.0000,15.0000
2.1370,0.6710,0.4530,0.4360,0.2550,0.0000,0.0000,1.0130,1.0000,1.3900,29.3620,3.8360,0.0000,0.0000,0.0000,70.0594,0.0000,4395.0000,1755.0000,0.0000,25.0000,49.0000,24.0000,15.0000
2.0630,0.6480,0.3930,0.3790,0.1640,0.0000,0.0000,1.0220,1.0000,1.3900,29.3620,3.8360,0.0000,0.0000,0.0000,70.0595,0.0000,4395.0000,1755.0000,0.0000,25.0000,49.0000,24.0000,15.0000
2.2340,0.6130,0.4490,0.3650,0.2230,0.0000,0.0000,1.1720,1.0000,1.3900,29.3620,3.8360,0.0000,0.0000,0.0000,70.0904,0.0000,4398.0000,1755.0000,0.0000,25.0000,49.0000,24.0000,16.0000
2.2690,0.6900,0.4030,0.3790,0.1990,0.0000,0.0000,1.1760,1.0000,1.3900,29.3620,3.8360,0.0000,0.0000,0.0000,70.1006,0.0000,4399.0000,1755.0000,0.0000,25.0000,49.0000,24.0000,16.0000
2.1480,0.6010,0.3970,0.3320,0.1990,0.0000,0.0000,1.1500,1.0000,1.3900,29.3620,3.8360,0.0000,0.0000,0.0000,70.1111,0.0000,4400.0000,1755.0000,0.0000,25.0000,49.0000,24.0000,16.0000
2.2580,0.5790,0.4710,0.3270,0.2340,0.0000,0.0000,1.2080,1.0000,1.3900,29.3620,3.8360,0.0000,0.0000,0.0000,70.1307,0.0000,4402.0000,1755.0000,0.0000,25.0000,48.0000,24.0000,16.0000
2.2280,0.6650,0.4270,0.3880,0.2000,0.0000,0.0000,1.1360,1.0000,1.3900,29.3620,3.8360,0.0000,0.0000,0.0000,70.1418,0.0000,4403.0000,1755.0000,0.0000,25.0000,49.0000,24.0000,16.0000
2.1390,0.6200,0.4080,0.3790,0.2070,0.0000,0.0000,1.1110,1.0000,1.3900,29.3620,3.8360,0.0000,0.0000,0.0000,70.1523,0.0000,4404.0000,1755.0000,0.0000,25.0000,49.0000,24.0000,16.0000
2.1000,0.6180,0.3720,0.3400,0.1610,0.0000,0.0000,1.1100,1.0000,1.3900,29.3620,3.8360,0.0000,0.0000,0.0000,70.1524,0.0000,4404.0000,1755.0000,0.0000,25.0000,49.0000,24.0000,14.0000
2.5330,0.5840,0.3650,0.3460,0.1660,0.0000,0.0000,1.5840,1.0000,1.3900,29.3620,3.8360,0.0000,0.0000,0.0000,70.1526,0.0000,4404.0000,1755.0000,0.0000,25.0000,49.0000,24.0000,15.0000
2.3050,0.6140,0.4660,0.3540,0.1910,0.0000,0.0000,1.2250,1.0000,1.3900,29.3620,3.8360,0.0000,0.0000,0.0000,70.1528,0.0000,4404.0000,1755.0000,0.0000,25.0000,49.0000,24.0000,15.0000
2.3100,0.6560,0.3950,0.3820,0.1660,0.0000,0.0000,1.2590,1.0000,1.3900,29.3620,3.8360,0.0000,0.0000,0.0000,70.1559,0.0000,4405.0000,1755.0000,0.0000,25.0000,49.0000,24.0000,15.0000
2.2900,0.7070,0.4410,0.4390,0.2260,0.0000,0.0000,1.1420,1.0000,1.3900,29.3620,3.8360,0.0000,0.0000,0.0000,70.1548,0.0000,4405.0000,1755.0000,0.0000,25.0000,48.0000,24.0000,16.0000
2.3110,0.6080,0.4670,0.3850,0.2620,0.0000,0.0000,1.2360,1.0000,1.3900,29.3620,3.8360,0.0000,0.0000,0.0000,70.1744,0.0000,4407.0000,1755.0000,0.0000,25.0000,47.0000,24.0000,16.0000
2.4510,0.6800,0.4540,0.3980,0.2460,0.0000,0.0000,1.3170,1.0000,1.3900,29.3620,3.8360,0.0000,0.0000,0.0000,70.2166,0.0000,4411.0000,1755.0000,0.0000,25.0000,49.0000,24.0000,16.0000
2.4790,0.7870,0.7050,0.3370,0.5030,0.0000,0.0000,0.9870,1.0000,1.3900,29.3620,3.8360,0.0000,0.0000,0.0000,70.2351,0.0000,4413.0000,1755.0000,0.0000,25.0000,49.0000,24.0000,16.0000
2.0190,0.6660,0.4140,0.3570,0.1800,0.0000,0.0000,0.9390,1.0000,1.3900,29.3620,3.8360,0.0000,0.0000,0.0000,70.2346,0.0000,4413.0000,1755.0000,0.0000,25.0000,48.0000,24.0000,16.0000
2.1560,0.5780,0.4120,0.3760,0.1800,0.0000,0.0000,1.1660,1.0000,1.3900,29.3620,3.8360,0.0000,0.0000,0.0000,70.2339,0.0000,4413.0000,1755.0000,0.0000,25.0000,47.0000,24.0000,16.0000
2.0410,0.5790,0.4050,0.3690,0.1700,0.0000,0.0000,1.0570,1.0000,1.3900,29.3620,3.8360,0.0000,0.0000,0.0000,70.2346,0.0000,4413.0000,1755.0000,0.0000,25.0000,48.0000,24.0000,16.0000
2.1360,0.5920,0.3650,0.3430,0.1590,0.0000,0.0000,1.1790,1.0000,1.3900,29.3620,3.8360,0.0000,0.0000,0.0000,70.2346,0.0000,4413.0000,1755.0000,0.0000,25.0000,48.0000,24.0000,16.0000
2.2560,0.6010,0.3890,0.3600,0.1840,0.0000,0.0000,1.2660,1.0000,1.3900,29.3620,3.8360,0.0000,0.0000,0.0000,70.2342,0.0000,4413.0000,1755.0000,0.0000,25.0000,48.0000,24.0000,16.0000
2.3580,0.5690,0.4770,0.3310,0.2030,0.0000,0.0000,1.3120,1.0000,1.3900,29.3620,3.8360,0.0000,0.0000,0.0000,70.2333,0.0000,4413.0000,1755.0000,0.0000,25.0000,47.0000,24.0000,16.0000
2.4580,0.6080,0.4830,0.4100,0.2270,0.0000,0.0000,1.3670,1.0000,1.3900,29.3620,3.8360,0.0000,0.0000,0.0000,69.9355,0.0000,4384.0000,1755.0000,0.0000,25.0000,47.0000,24.0000,16.0000
2.2570,0.6840,0.3690,0.3430,0.1660,0.0000,0.0000,1.2040,1.0000,1.3900,29.3620,3.8360,0.0000,0.0000,0.0000,69.9355,0.0000,4384.0000,1755.0000,0.0000,25.0000,47.0000,24.0000,16.0000
2.3780,0.6200,0.4430,0.4040,0.2440,0.0000,0.0000,1.3150,1.0000,1.3900,29.3620,3.8360,0.0000,0.0000,0.0000,69.9443,0.0000,4385.0000,1755.0000,0.0000,25.0000,45.0000,24.0000,17.0000
2.3120,0.7460,0.4270,0.4270,0.2280,0.0000,0.0000,1.1390,1.0000,1.3900,29.3620,3.8360,0.0000,0.0000,0.0000,69.9852,0.0000,4389.0000,1755.0000,0.0000,25.0000,45.0000,24.0000,17.0000
2.6180,0.7420,0.4360,0.3380,0.2250,0.0000,0.0000,1.4400,1.0000,1.3900,29.3620,3.8360,0.0000,0.0000,0.0000,69.9853,0.0000,4389.0000,1755.0000,0.0000,25.0000,45.0000,24.0000,17.0000
2.5940,0.6050,0.4930,0.3910,0.2220,0.0000,0.0000,1.4960,1.0000,1.3900,29.3620,3.8360,0.0000,0.0000,0.0000,70.0058,0.0000,4391.0000,1755.0000,0.0000,25.0000,45.0000,24.0000,17.0000
2.3140,0.6730,0.3890,0.3380,0.1930,0.0000,0.0000,1.2520,1.0000,1.3900,29.3620,3.8360,0.0000,0.0000,0.0000,70.0169,0.0000,4392.0000,1755.0000,0.0000,25.0000,46.0000,24.0000,17.0000
2.3490,0.5790,0.4000,0.3310,0.1690,0.0000,0.0000,1.3700,1.0000,1.3900,29.3620,3.8360,0.0000,0.0000,0.0000,70.0171,0.0000,4392.0000,1755.0000,0.0000,25.0000,46.0000,24.0000,18.0000
2.3290,0.6340,0.4380,0.3790,0.2080,0.0000,0.0000,1.2570,1.0000,1.3900,29.3620,3.8360,0.0000,0.0000,0.0000,70.0274,0.0000,4393.0000,1755.0000,0.0000,25.0000,46.0000,24.0000,18.0000
3.3670,0.6000,0.4510,0.3340,0.2050,0.0000,0.0000,2.3160,1.0000,1.3900,29.3620,3.8360,0.0000,0.0000,0.0000,70.0377,0.0000,4394.0000,1755.0000,0.0000,25.0000,46.0000,24.0000,18.0000
2.5850,0.5770,0.5430,0.3290,0.2570,0.0000,0.0000,1.4650,1.0000,1.3900,29.3620,3.8360,0.0000,0.0000,0.0000,70.0480,0.0000,4395.0000,1755.0000,0.0000,25.0000,46.0000,24.0000,18.0000
2.4890,0.6350,0.4050,0.3460,0.2010,0.0000,0.0000,1.4490,1.0000,1.3900,29.3620,3.8360,0.0000,0.0000,0.0000,70.0583,0.0000,4396.0000,1755.0000,0.0000,25.0000,46.0000,24.0000,18.0000
2.5680,0.6620,0.4900,0.3420,0.2400,0.0000,0.0000,1.4160,1.0000,1.3900,29.3620,3.8360,0.0000,0.0000,0.0000,70.0797,0.0000,4398.0000,1755.0000,0.0000,25.0000,45.0000,24.0000,19.0000
2.3970,0.7740,0.3970,0.4100,0.1890,0.0000,0.0000,1.2260,1.0000,1.3900,29.3620,3.8360,0.0000,0.0000,0.0000,70.0806,0.0000,4398.0000,1755.0000,0.0000,25.0000,46.0000,24.0000,19.0000
2.4680,0.6030,0.5090,0.3950,0.2450,0.0000,0.0000,1.3560,1.0000,1.3900,29.3620,3.8360,0.0000,0.0000,0.0000,70.0807,0.0000,4398.0000,1755.0000,0.0000,25.0000,46.0000,24.0000,19.0000
2.5890,0.6220,0.5080,0.3540,0.2980,0.0000,0.0000,1.4590,1.0000,1.3900,29.3620,3.8360,0.0000,0.0000,0.0000,70.1115,0.0000,4401.0000,1755.0000,0.0000,25.0000,46.0000,24.0000,19.0000
2.2750,0.7560,0.3940,0.4190,0.1860,0.0000,0.0000,1.1250,1.0000,1.3900,29.3620,3.8360,0.0000,0.0000,0.0000,70.1122,0.0000,4401.0000,1755.0000,0.0000,25.0000,47.0000,24.0000,19.0000
2.2990,0.6080,0.4000,0.4030,0.1830,0.0000,0.0000,1.2910,1.0000,1.3900,29.3620,3.8360,0.0000,0.0000,0.0000,70.1123,0.0000,4401.0000,1755.0000,0.0000,25.0000,47.0000,24.0000,19.0000
2.3880,0.5550,0.3590,0.3460,0.1620,0.0000,0.0000,1.4740,1.0000,1.3900,29.3620,3.8360,0.0000,0.0000,0.0000,70.1116,0.0000,4401.0000,1755.0000,0.0000,25.0000,46.0000,24.0000,19.0000
2.2900,0.7280,0.4240,0.4400,0.1830,0.0000,0.0000,1.1380,1.0000,1.3900,29.3620,3.8360,0.0000,0.0000,0.0000,70.1090,0.0000,4400.0000,1755.0000,0.0000,25.0000,44.0000,24.0000,19.0000
2.3660,0.6170,0.4070,0.4110,0.1730,0.0000,0.0000,1.3420,1.0000,1.3900,29.3620,3.8360,0.0000,0.0000,0.0000,70.1083,0.0000,4400.0000,1755.0000,0.0000,25.0000,43.0000,24.0000,19.0000
2.2840,0.5580,0.3590,0.3340,0.1620,0.0000,0.0000,1.3670,1.0000,1.3900,29.3620,3.8360,0.0000,0.0000,0.0000,70.1083,0.0000,4400.0000,1755.0000,0.0000,25.0000,43.0000,24.0000,19.0000
2.8750,0.5380,0.6720,0.3320,0.4430,0.0000,0.0000,1.6650,1.0000,1.3900,29.3620,3.8360,0.0000,0.0000,0.0000,70.1192,0.0000,4401.0000,1755.0000,0.0000,25.0000,44.0000,24.0000,19.0000
2.4720,0.9740,0.4640,0.3580,0.2120,0.0000,0.0000,1.0340,1.0000,1.3900,29.3620,3.8360,0.0000,0.0000,0.0000,70.1295,0.0000,4402.0000,1755.0000,0.0000,25.0000,44.0000,24.0000,19.0000
2.2940,0.8160,0.4520,0.4980,0.2230,0.0000,0.0000,1.0260,1.0000,1.3900,29.3620,3.8360,0.0000,0.0000,0.0000,70.1608,0.0000,4405.0000,1755.0000,0.0000,25.0000,45.0000,24.0000,19.0000
2.3830,0.6760,0.6050,0.3300,0.3050,0.0000,0.0000,1.1020,1.0000,1.3900,29.3620,3.8360,0.0000,0.0000,0.0000,70.1819,0.0000,4407.0000,1755.0000,0.0000,25.0000,46.0000,24.0000,19.0000
2.5250,0.6730,0.5540,0.3870,0.3170,0.0000,0.0000,1.2980,1.0000,1.3900,29.3620,3.8360,0.0000,0.0000,0.0000,70.2228,0.0000,4411.0000,1755.0000,0.0000,25.0000,46.0000,24.0000,19.0000
2.2920,0.7930,0.5010,0.3340,0.2870,0.0000,0.0000,0.9980,1.0000,1.3900,29.3620,3.8360,0.0000,0.0000,0.0000,70.2324,0.0000,4412.0000,1755.0000,0.0000,25.0000,45.0000,24.0000,18.0000
2.3140,0.5900,0.5100,0.3360,0.2270,0.0000,0.0000,1.2140,1.0000,1.3900,29.3620,3.8360,0.0000,0.0000,0.0000,70.2532,0.0000,4414.0000,1755.0000,0.0000,25.0000,45.0000,24.0000,18.0000
2.1040,0.7500,0.3910,0.3950,0.1660,0.0000,0.0000,0.9630,1.0000,1.3900,29.3620,3.8360,0.0000,0.0000,0.0000,70.2532,0.0000,4414.0000,1755.0000,0.0000,25.0000,45.0000,24.0000,18.0000
2.1490,0.6120,0.4240,0.3690,0.1900,0.0000,0.0000,1.1130,1.0000,1.3900,29.3620,3.8360,0.0000,0.0000,0.0000,70.2534,0.0000,4414.0000,1755.0000,0.0000,25.0000,45.0000,24.0000,18.0000
2.2020,0.5670,0.4160,0.3450,0.2100,0.0000,0.0000,1.2190,1.0000,1.3900,29.3620,3.8360,0.0000,0.0000,0.0000,70.2739,0.0000,4416.0000,1755.0000,0.0000,25.0000,45.0000,24.0000,18.0000
2.0690,0.6340,0.4080,0.3260,0.1650,0.0000,0.0000,1.0270,1.0000,1.3900,29.3620,3.8360,0.0000,0.0000,0.0000,70.2739,0.0000,4416.0000,1755.0000,0.0000,25.0000,45.0000,24.0000,18.0000
2.0080,0.5670,0.3580,0.3550,0.1590,0.0000,0.0000,1.0830,1.0000,1.3900,29.3620,3.8360,0.0000,0.0000,0.0000,70.2733,0.0000,4416.0000,1755.0000,0.0000,25.0000,44.0000,24.0000,18.0000
2.3590,0.5330,0.5010,0.3260,0.2510,0.0000,0.0000,1.3250,1.0000,1.3900,29.3620,3.8360,0.0000,0.0000,0.0000,70.2922,0.0000,4418.0000,1755.0000,0.0000,25.0000,42.0000,24.0000,19.0000
2.0850,0.7190,0.4280,0.4060,0.1820,0.0000,0.0000,0.9380,1.0000,1.3900,29.3620,3.8360,0.0000,0.0000,0.0000,70.2916,0.0000,4418.0000,1755.0000,0.0000,25.0000,41.0000,24.0000,19.0000
1.9840,0.6180,0.3870,0.4070,0.1790,0.0000,0.0000,0.9790,1.0000,1.3900,29.3620,3.8360,0.0000,0.0000,0.0000,70.2924,0.0000,4418.0000,1755.0000,0.0000,25.0000,42.0000,24.0000,19.0000
2.1410,0.6010,0.3970,0.3960,0.1940,0.0000,0.0000,1.1430,1.0000,1.3900,29.3620,3.8360,0.0000,0.0000,0.0000,70.2931,0.0000,4418.0000,1755.0000,0.0000,25.0000,43.0000,24.0000,19.0000
2.2910,0.6370,0.4470,0.3750,0.2310,0.0000,0.0000,1.2070,1.0000,1.3900,29.3620,3.8360,0.0000,0.0000,0.0000,70.3352,0.0000,4422.0000,1755.0000,0.0000,25.0000,45.0000,24.0000,19.0000
2.2380,0.7690,0.4030,0.3340,0.1750,0.0000,0.0000,1.0660,1.0000,1.3900,29.3620,3.8360,0.0000,0.0000,0.0000,70.3359,0.0000,4422.0000,1755.0000,0.0000,25.0000,46.0000,24.0000,19.0000
2.0240,0.6460,0.4120,0.4060,0.2140,0.0000,0.0000,0.9660,1.0000,1.3900,29.3620,3.8360,0.0000,0.0000,0.0000,70.3357,0.0000,4422.0000,1755.0000,0.0000,25.0000,46.0000,24.0000,18.0000
2.1850,0.6030,0.4070,0.3840,0.2180,0.0000,0.0000,1.1750,1.0000,1.3900,29.3620,3.8360,0.0000,0.0000,0.0000,69.9452,0.0000,4384.0000,1755.0000,0.0000,25.0000,46.0000,24.0000,17.0000
2.3410,0.6560,0.4570,0.4500,0.2190,0.0000,0.0000,1.2280,1.0000,1.3900,29.3620,3.8360,0.0000,0.0000,0.0000,69.9561,0.0000,4385.0000,1755.0000,0.0000,25.0000,47.0000,24.0000,17.0000
2.5660,0.7530,0.4180,0.3490,0.2030,0.0000,0.0000,1.3950,1.0000,1.3900,29.3620,3.8360,0.0000,0.0000,0.0000,69.9663,0.0000,4386.0000,1755.0000,0.0000,25.0000,47.0000,24.0000,18.0000
2.0980,0.6320,0.4410,0.3620,0.1850,0.0000,0.0000,1.0250,1.0000,1.3900,29.3620,3.8360,0.0000,0.0000,0.0000,69.9664,0.0000,4386.0000,1755.0000,0.0000,25.0000,47.0000,24.0000,17.0000
2.3340,0.5840,0.5720,0.3860,0.3340,0.0000,0.0000,1.1780,1.0000,1.3900,29.3620,3.8360,0.0000,0.0000,0.0000,69.9769,0.0000,4387.0000,1755.0000,0.0000,25.0000,47.0000,24.0000,18.0000
2.3930,0.6400,0.4630,0.3380,0.2320,0.0000,0.0000,1.2900,1.0000,1.3900,29.3620,3.8360,0.0000,0.0000,0.0000,69.9989,0.0000,4389.0000,1755.0000,0.0000,25.0000,49.0000,24.0000,18.0000
2.1760,0.7050,0.4710,0.4070,0.2670,0.0000,0.0000,1.0000,1.0000,1.3900,29.3620,3.8360,0.0000,0.0000,0.0000,70.0093,0.0000,4390.0000,1755.0000,0.0000,25.0000,49.0000,24.0000,18.0000
2.2440,0.6400,0.4280,0.3960,0.2000,0.0000,0.0000,1.1760,1.0000,1.3900,29.3620,3.8360,0.0000,0.0000,0.0000,70.0196,0.0000,4391.0000,1755.0000,0.0000,25.0000,49.0000,24.0000,18.0000
2.1790,0.6950,0.4160,0.3840,0.1980,0.0000,0.0000,1.0680,1.0000,1.3900,29.3620,3.8360,0.0000,0.0000,0.0000,70.0300,0.0000,4392.0000,1755.0000,0.0000,25.0000,49.0000,24.0000,17.0000
2.2060,0.6270,0.4160,0.3410,0.2030,0.0000,0.0000,1.1630,1.0000,1.3900,29.3620,3.8360,0.0000,0.0000,0.0000,70.0403,0.0000,4393.0000,1755.0000,0.0000,25.0000,49.0000,24.0000,17.0000
2.2170,0.5750,0.4010,0.3250,0.1970,0.0000,0.0000,1.2410,1.0000,1.3900,29.3620,3.8360,0.0000,0.0000,0.0000,70.0502,0.0000,4395.0000,1755.0000,0.0000,25.0000,48.0000,24.0000,18.0000
2.6290,0.5960,0.4970,0.3420,0.2510,0.0000,0.0000,1.5360,1.0000,1.3900,29.3620,3.8360,0.0000,0.0000,0.0000,70.0706,0.0000,4397.0000,1755.0000,0.0000,25.0000,48.0000,24.0000,18.0000
2.2200,0.6520,0.3620,0.3770,0.1590,0.0000,0.0000,1.2060,1.0000,1.3900,29.3620,3.8360,0.0000,0.0000,0.0000,70.0717,0.0000,4397.0000,1755.0000,0.0000,25.0000,49.0000,24.0000,19.0000
2.0350,0.6180,0.3500,0.4040,0.1570,0.0000,0.0000,1.0670,1.0000,1.3900,29.3620,3.8360,0.0000,0.0000,0.0000,70.0704,0.0000,4397.0000,1755.0000,0.0000,25.0000,47.0000,24.0000,19.0000
2.0510,0.5440,0.3630,0.3220,0.1680,0.0000,0.0000,1.1440,1.0000,1.3900,29.3620,3.8360,0.0000,0.0000,0.0000,70.0704,0.0000,4397.0000,1755.0000,0.0000,25.0000,47.0000,24.0000,18.0000
2.1430,0.6070,0.4060,0.3900,0.2140,0.0000,0.0000,1.1300,1.0000,1.3900,29.3620,3.8360,0.0000,0.0000,0.0000,70.0906,0.0000,4399.0000,1755.0000,0.0000,25.0000,47.0000,24.0000,18.0000
2.1760,0.5940,0.4370,0.3200,0.2420,0.0000,0.0000,1.1450,1.0000,1.3900,29.3620,3.8360,0.0000,0.0000,0.0000,70.1016,0.0000,4400.0000,1755.0000,0.0000,25.0000,48.0000,24.0000,18.0000
2.5420,0.6570,0.4900,0.3700,0.2590,0.0000,0.0000,1.3950,1.0000,1.3900,29.3620,3.8360,0.0000,0.0000,0.0000,70.1423,0.0000,4404.0000,1755.0000,0.0000,25.0000,48.0000,24.0000,18.0000
2.1880,0.7920,0.4570,0.3460,0.1820,0.0000,0.0000,0.9390,1.0000,1.3900,29.3620,3.8360,0.0000,0.0000,0.0000,70.1411,0.0000,4404.0000,1755.0000,0.0000,25.0000,46.0000,24.0000,18.0000
2.1010,0.5560,0.4450,0.3460,0.2430,0.0000,0.0000,1.1000,1.0000,1.3900,29.3620,3.8360,0.0000,0.0000,0.0000,70.1530,0.0000,4405.0000,1755.0000,0.0000,25.0000,48.0000,24.0000,17.0000
2.4360,0.6000,0.4680,0.3590,0.2640,0.0000,0.0000,1.3680,1.0000,1.3900,29.3620,3.8360,0.0000,0.0000,0.0000,70.1937,0.0000,4409.0000,1755.0000,0.0000,25.0000,48.0000,24.0000,16.0000
2.1590,0.7440,0.3820,0.3810,0.1620,0.0000,0.0000,1.0330,1.0000,1.3900,29.3620,3.8360,0.0000,0.0000,0.0000,70.1931,0.0000,4409.0000,1755.0000,0.0000,25.0000,47.0000,24.0000,18.0000
2.3530,0.5900,0.3940,0.3380,0.2020,0.0000,0.0000,1.3690,1.0000,1.3900,29.3620,3.8360,0.0000,0.0000,0.0000,70.2143,0.0000,4411.0000,1755.0000,0.0000,25.0000,48.0000,24.0000,18.0000
2.1070,0.7120,0.4350,0.4170,0.2190,0.0000,0.0000,0.9600,1.0000,1.3900,29.3620,3.8360,0.0000,0.0000,0.0000,70.2144,0.0000,4411.0000,1755.0000,0.0000,25.0000,48.0000,24.0000,18.0000
2.1920,0.6300,0.4510,0.4270,0.2560,0.0000,0.0000,1.1110,1.0000,1.3900,29.3620,3.8360,0.0000,0.0000,0.0000,70.2354,0.0000,4413.0000,1755.0000,0.0000,25.0000,49.0000,24.0000,18.0000
2.1670,0.6560,0.4090,0.3790,0.1770,0.0000,0.0000,1.1020,1.0000,1.3900,29.3620,3.8360,0.0000,0.0000,0.0000,70.2354,0.0000,4413.0000,1755.0000,0.0000,25.0000,49.0000,24.0000,18.0000
2.3970,0.5680,0.6150,0.3320,0.4080,0.0000,0.0000,1.2140,1.0000,1.3900,29.3620,3.8360,0.0000,0.0000,0.0000,70.2362,0.0000,4413.0000,1755.0000,0.0000,25.0000,50.0000,24.0000,18.0000
2.3740,0.5620,0.4290,0.3300,0.1740,0.0000,0.0000,1.3830,1.0000,1.3900,29.3620,3.8360,0.0000,0.0000,0.0000,70.2355,0.0000,4413.0000,1755.0000,0.0000,25.0000,49.0000,24.0000,18.0000
2.2340,0.6390,0.4650,0.3920,0.2200,0.0000,0.0000,1.1300,1.0000,1.3900,29.3620,3.8360,0.0000,0.0000,0.0000,70.2457,0.0000,4414.0000,1755.0000,0.0000,25.0000,49.0000,24.0000,18.0000
2.5300,0.6310,0.3950,0.3870,0.1690,0.0000,0.0000,1.5040,1.0000,1.3900,29.3620,3.8360,0.0000,0.0000,0.0000,70.2457,0.0000,4414.0000,1755.0000,0.0000,25.0000,49.0000,24.0000,18.0000
2.5330,0.9880,0.5530,0.7420,0.2290,0.0000,0.0000,0.9920,1.0000,1.3900,29.3620,3.8360,0.0000,0.0000,0.0000,70.2561,0.0000,4415.0000,1755.0000,0.0000,25.0000,49.0000,24.0000,18.0000
2.1790,0.7310,0.4030,0.3460,0.1670,0.0000,0.0000,1.0450,1.0000,1.3900,29.3620,3.8360,0.0000,0.0000,0.0000,70.2561,0.0000,4415.0000,1755.0000,0.0000,25.0000,49.0000,24.0000,18.0000
2.0520,0.5640,0.4170,0.3300,0.2180,0.0000,0.0000,1.0710,1.0000,1.3900,29.3620,3.8360,0.0000,0.0000,0.0000,70.2561,0.0000,4415.0000,1755.0000,0.0000,25.0000,49.0000,24.0000,18.0000
2.2760,0.5350,0.4200,0.3180,0.2030,0.0000,0.0000,1.3210,1.0000,1.3900,29.3620,3.8360,0.0000,0.0000,0.0000,70.2657,0.0000,4416.0000,1755.0000,0.0000,25.0000,48.0000,24.0000,18.0000
2.2980,0.5960,0.5170,0.3330,0.2370,0.0000,0.0000,1.1850,1.0000,1.3900,29.3620,3.8360,0.0000,0.0000,0.0000,70.2860,0.0000,4418.0000,1755.0000,0.0000,25.0000,48.0000,24.0000,17.0000
2.1180,0.6940,0.4160,0.4050,0.1680,0.0000,0.0000,1.0080,1.0000,1.3900,29.3620,3.8360,0.0000,0.0000,0.0000,70.2861,0.0000,4418.0000,1755.0000,0.0000,25.0000,48.0000,24.0000,17.0000
1.9760,0.6160,0.3780,0.4170,0.1630,0.0000,0.0000,0.9820,1.0000,1.3900,29.3620,3.8360,0.0000,0.0000,0.0000,70.2855,0.0000,4418.0000,1755.0000,0.0000,25.0000,47.0000,24.0000,17.0000
2.0820,0.5880,0.4010,0.3360,0.1940,0.0000,0.0000,1.0930,1.0000,1.3900,29.3620,3.8360,0.0000,0.0000,0.0000,70.2958,0.0000,4419.0000,1755.0000,0.0000,25.0000,47.0000,24.0000,17.0000
2.1080,0.6290,0.3700,0.3410,0.1590,0.0000,0.0000,1.1090,1.0000,1.3900,29.3620,3.8360,0.0000,0.0000,0.0000,70.2958,0.0000,4419.0000,1755.0000,0.0000,25.0000,47.0000,24.0000,16.0000
2.0610,0.6050,0.3660,0.3430,0.1630,0.0000,0.0000,1.0900,1.0000,1.3900,29.3620,3.8360,0.0000,0.0000,0.0000,70.2951,0.0000,4419.0000,1755.0000,0.0000,25.0000,46.0000,24.0000,16.0000
2.2310,0.5550,0.4010,0.3510,0.2050,0.0000,0.0000,1.2750,1.0000,1.3900,29.3620,3.8360,0.0000,0.0000,0.0000,70.3150,0.0000,4421.0000,1755.0000,0.0000,25.0000,45.0000,24.0000,16.0000
2.3250,0.6220,0.4660,0.3190,0.2430,0.0000,0.0000,1.2370,1.0000,1.3900,29.3620,3.8360,0.0000,0.0000,0.0000,70.3253,0.0000,4422.0000,1755.0000,0.0000,25.0000,45.0000,24.0000,16.0000
2.6150,0.6980,0.4600,0.3810,0.2240,0.0000,0.0000,1.4570,1.0000,1.3900,29.3620,3.8360,0.0000,0.0000,0.0000,70.3456,0.0000,4424.0000,1755.0000,0.0000,25.0000,45.0000,24.0000,16.0000
2.6550,0.7100,0.5300,0.3450,0.2790,0.0000,0.0000,1.4150,1.0000,1.3900,29.3620,3.8360,0.0000,0.0000,0.0000,69.9946,0.0000,4390.0000,1755.0000,0.0000,25.0000,45.0000,24.0000,17.0000
2.2370,0.7660,0.4100,0.3960,0.1840,0.0000,0.0000,1.0610,1.0000,1.3900,29.3620,3.8360,0.0000,0.0000,0.0000,69.9947,0.0000,4390.0000,1755.0000,0.0000,25.0000,45.0000,24.0000,17.0000
2.0660,0.5510,0.3860,0.3210,0.1840,0.0000,0.0000,1.1290,1.0000,1.3900,29.3620,3.8360,0.0000,0.0000,0.0000,69.9949,0.0000,4390.0000,1755.0000,0.0000,25.0000,45.0000,24.0000,17.0000
2.1860,0.5290,0.3710,0.3190,0.1880,0.0000,0.0000,1.2860,1.0000,1.3900,29.3620,3.8360,0.0000,0.0000,0.0000,70.0067,0.0000,4391.0000,1755.0000,0.0000,25.0000,45.0000,24.0000,17.0000
2.3580,0.6330,0.3950,0.3790,0.2010,0.0000,0.0000,1.3300,1.0000,1.3900,29.3620,3.8360,0.0000,0.0000,0.0000,70.0067,0.0000,4391.0000,1755.0000,0.0000,25.0000,45.0000,24.0000,17.0000
2.5460,0.5020,0.4280,0.3110,0.2020,0.0000,0.0000,1.6160,1.0000,1.3900,29.3620,3.8360,0.0000,0.0000,0.0000,70.0170,0.0000,4392.0000,1755.0000,0.0000,25.0000,45.0000,24.0000,18.0000
2.3020,0.6610,0.3710,0.3880,0.1660,0.0000,0.0000,1.2700,1.0000,1.3900,29.3620,3.8360,0.0000,0.0000,0.0000,70.0170,0.0000,4392.0000,1755.0000,0.0000,25.0000,45.0000,24.0000,18.0000
2.2240,0.5260,0.4100,0.3300,0.1750,0.0000,0.0000,1.2880,1.0000,1.3900,29.3620,3.8360,0.0000,0.0000,0.0000,70.0170,0.0000,4392.0000,1755.0000,0.0000,25.0000,45.0000,24.0000,17.0000
2.4770,0.5790,0.4090,0.3910,0.2060,0.0000,0.0000,1.4890,1.0000,1.3900,29.3620,3.8360,0.0000,0.0000,0.0000,70.0373,0.0000,4394.0000,1755.0000,0.0000,25.0000,45.0000,24.0000,18.0000
2.4180,0.6500,0.4860,0.3340,0.2790,0.0000,0.0000,1.2820,1.0000,1.3900,29.3620,3.8360,0.0000,0.0000,0.0000,70.0366,0.0000,4394.0000,1755.0000,0.0000,25.0000,44.0000,24.0000,18.0000
2.4190,0.5440,0.4040,0.3280,0.2070,0.0000,0.0000,1.4710,1.0000,1.3900,29.3620,3.8360,0.0000,0.0000,0.0000,70.0476,0.0000,4395.0000,1755.0000,0.0000,25.0000,45.0000,24.0000,18.0000
2.3290,0.6050,0.4020,0.3280,0.2120,0.0000,0.0000,1.3220,1.0000,1.3900,29.3620,3.8360,0.0000,0.0000,0.0000,70.0581,0.0000,4396.0000,1755.0000,0.0000,25.0000,45.0000,24.0000,18.0000
2.4760,0.5670,0.4400,0.3150,0.2450,0.0000,0.0000,1.4690,1.0000,1.3900,29.3620,3.8360,0.0000,0.0000,0.0000,70.0886,0.0000,4399.0000,1755.0000,0.0000,25.0000,45.0000,24.0000,18.0000
2.5300,0.7070,0.4550,0.3970,0.2150,0.0000,0.0000,1.3680,1.0000,1.3900,29.3620,3.8360,0.0000,0.0000,0.0000,70.1089,0.0000,4401.0000,1755.0000,0.0000,25.0000,45.0000,24.0000,16.0000
2.3280,0.6290,0.3990,0.3320,0.2060,0.0000,0.0000,1.3000,1.0000,1.3900,29.3620,3.8360,0.0000,0.0000,0.0000,70.1091,0.0000,4401.0000,1755.0000,0.0000,25.0000,45.0000,24.0000,16.0000
2.2470,0.5950,0.3630,0.4000,0.1610,0.0000,0.0000,1.2890,1.0000,1.3900,29.3620,3.8360,0.0000,0.0000,0.0000,70.1092,0.0000,4401.0000,1755.0000,0.0000,25.0000,45.0000,24.0000,15.0000
2.3040,0.5620,0.3870,0.3370,0.1950,0.0000,0.0000,1.3550,1.0000,1.3900,29.3620,3.8360,0.0000,0.0000,0.0000,70.1202,0.0000,4402.0000,1755.0000,0.0000,25.0000,46.0000,24.0000,15.0000
2.3460,0.6140,0.4840,0.3630,0.2340,0.0000,0.0000,1.2480,1.0000,1.3900,29.3620,3.8360,0.0000,0.0000,0.0000,70.1313,0.0000,4403.0000,1755.0000,0.0000,25.0000,47.0000,24.0000,15.0000
2.2050,0.6120,0.3930,0.3670,0.1790,0.0000,0.0000,1.2000,1.0000,1.3900,29.3620,3.8360,0.0000,0.0000,0.0000,70.1320,0.0000,4403.0000,1755.0000,0.0000,25.0000,48.0000,24.0000,15.0000
2.0440,0.6150,0.3540,0.4080,0.1530,0.0000,0.0000,1.0750,1.0000,1.3900,29.3620,3.8360,0.0000,0.0000,0.0000,70.1321,0.0000,4403.0000,1755.0000,0.0000,25.0000,48.0000,24.0000,15.0000
2.4010,0.5650,0.4270,0.3240,0.2210,0.0000,0.0000,1.4090,1.0000,1.3900,29.3620,3.8360,0.0000,0.0000,0.0000,70.1626,0.0000,4406.0000,1755.0000,0.0000,25.0000,48.0000,24.0000,15.0000
2.1260,0.7040,0.3570,0.3680,0.1630,0.0000,0.0000,1.0650,1.0000,1.3900,29.3620,3.8360,0.0000,0.0000,0.0000,70.1627,0.0000,4406.0000,1755.0000,0.0000,25.0000,48.0000,24.0000,15.0000
2.1240,0.5500,0.3960,0.3360,0.2040,0.0000,0.0000,1.1780,1.0000,1.3900,29.3620,3.8360,0.0000,0.0000,0.0000,70.1622,0.0000,4406.0000,1755.0000,0.0000,25.0000,47.0000,24.0000,15.0000
2.3210,0.6070,0.4470,0.4140,0.2250,0.0000,0.0000,1.2670,1.0000,1.3900,29.3620,3.8360,0.0000,0.0000,0.0000,70.1923,0.0000,4409.0000,1755.0000,0.0000,25.0000,46.0000,24.0000,15.0000
2.1580,0.7210,0.3570,0.4110,0.1560,0.0000,0.0000,1.0800,1.0000,1.3900,29.3620,3.8360,0.0000,0.0000,0.0000,70.1923,0.0000,4409.0000,1755.0000,0.0000,25.0000,46.0000,24.0000,15.0000
2.1750,0.5550,0.3930,0.3190,0.1910,0.0000,0.0000,1.2270,1.0000,1.3900,29.3620,3.8360,0.0000,0.0000,0.0000,70.2027,0.0000,4410.0000,1755.0000,0.0000,25.0000,46.0000,24.0000,15.0000
2.0660,0.5540,0.3840,0.3060,0.1600,0.0000,0.0000,1.1280,1.0000,1.3900,29.3620,3.8360,0.0000,0.0000,0.0000,70.2034,0.0000,4410.0000,1755.0000,0.0000,25.0000,47.0000,24.0000,15.0000
2.0620,0.5500,0.3490,0.3130,0.1560,0.0000,0.0000,1.1630,1.0000,1.3900,29.3620,3.8360,0.0000,0.0000,0.0000,70.2027,0.0000,4410.0000,1755.0000,0.0000,25.0000,46.0000,24.0000,15.0000
2.2860,0.5040,0.5330,0.3070,0.2490,0.0000,0.0000,1.2490,1.0000,1.3900,29.3620,3.8360,0.0000,0.0000,0.0000,70.2123,0.0000,4411.0000,1755.0000,0.0000,25.0000,45.0000,24.0000,15.0000
1.9850,0.6270,0.3860,0.3680,0.1670,0.0000,0.0000,0.9720,1.0000,1.3900,29.3620,3.8360,0.0000,0.0000,0.0000,70.2123,0.0000,4411.0000,1755.0000,0.0000,25.0000,45.0000,24.0000,15.0000
2.1790,0.5590,0.4160,0.3660,0.2000,0.0000,0.0000,1.2040,1.0000,1.3900,29.3620,3.8360,0.0000,0.0000,0.0000,70.2219,0.0000,4412.0000,1755.0000,0.0000,25.0000,44.0000,24.0000,15.0000
2.2150,0.6130,0.3530,0.3820,0.1510,0.0000,0.0000,1.2490,1.0000,1.3900,29.3620,3.8360,0.0000,0.0000,0.0000,70.2226,0.0000,4412.0000,1755.0000,0.0000,25.0000,45.0000,24.0000,15.0000
2.0810,0.6460,0.3530,0.4580,0.1520,0.0000,0.0000,1.0820,1.0000,1.3900,29.3620,3.8360,0.0000,0.0000,0.0000,70.2227,0.0000,4412.0000,1755.0000,0.0000,25.0000,45.0000,24.0000,15.0000
2.2590,0.5290,0.4100,0.3160,0.2100,0.0000,0.0000,1.3200,1.0000,1.3900,29.3620,3.8360,0.0000,0.0000,0.0000,70.2429,0.0000,4414.0000,1755.0000,0.0000,25.0000,45.0000,24.0000,15.0000
1.9590,0.6740,0.3820,0.3780,0.1930,0.0000,0.0000,0.9030,1.0000,1.3900,29.3620,3.8360,0.0000,0.0000,0.0000,70.2436,0.0000,4414.0000,1755.0000,0.0000,25.0000,46.0000,24.0000,14.0000
2.0230,0.4970,0.3440,0.3060,0.1560,0.0000,0.0000,1.1820,1.0000,1.3900,29.3620,3.8360,0.0000,0.0000,0.0000,70.2430,0.0000,4414.0000,1755.0000,0.0000,25.0000,45.0000,24.0000,15.0000
2.1780,0.5690,0.4260,0.3760,0.2410,0.0000,0.0000,1.1830,1.0000,1.3900,29.3620,3.8360,0.0000,0.0000,0.0000,70.2533,0.0000,4415.0000,1755.0000,0.0000,25.0000,45.0000,24.0000,15.0000
2.5000,0.6050,0.4610,0.3630,0.2200,0.0000,0.0000,1.4340,1.0000,1.3900,29.3620,3.8360,0.0000,0.0000,0.0000,70.2635,0.0000,4416.0000,1755.0000,0.0000,25.0000,45.0000,24.0000,15.0000
2.1410,0.8190,0.3600,0.5310,0.1520,0.0000,0.0000,0.9620,1.0000,1.3900,29.3620,3.8360,0.0000,0.0000,0.0000,70.2636,0.0000,4416.0000,1755.0000,0.0000,25.0000,45.0000,24.0000,15.0000
2.5540,0.5400,0.4440,0.3190,0.2520,0.0000,0.0000,1.5700,1.0000,1.3900,29.3620,3.8360,0.0000,0.0000,0.0000,70.2840,0.0000,4418.0000,1755.0000,0.0000,25.0000,45.0000,24.0000,15.0000
5.4270,0.6750,0.4330,0.3710,0.2130,0.0000,0.0000,4.3190,1.0000,1.3900,29.3620,3.8360,0.0000,0.0000,0.0000,70.3155,0.0000,4421.0000,1755.0000,0.0000,25.0000,46.0000,24.0000,16.0000
2.1760,0.8030,0.4170,0.4090,0.2250,0.0000,0.0000,0.9560,1.0000,1.3900,29.3620,3.8360,0.0000,0.0000,0.0000,69.9668,0.0000,4387.0000,1755.0000,0.0000,25.0000,46.0000,24.0000,16.0000
2.0770,0.5270,0.3680,0.3120,0.1590,0.0000,0.0000,1.1820,1.0000,1.3900,29.3620,3.8360,0.0000,0.0000,0.0000,69.9660,0.0000,4387.0000,1755.0000,0.0000,25.0000,45.0000,24.0000,16.0000
2.4290,0.4990,0.5350,0.3090,0.2340,0.0000,0.0000,1.3950,1.0000,1.3900,29.3620,3.8360,0.0000,0.0000,0.0000,69.9866,0.0000,4389.0000,1755.0000,0.0000,25.0000,45.0000,24.0000,16.0000
2.3000,0.6620,0.4000,0.3860,0.1930,0.0000,0.0000,1.2380,1.0000,1.3900,29.3620,3.8360,0.0000,0.0000,0.0000,69.9962,0.0000,4390.0000,1755.0000,0.0000,25.0000,44.0000,24.0000,16.0000
2.0360,0.5890,0.3700,0.3210,0.1800,0.0000,0.0000,1.0770,1.0000,1.3900,29.3620,3.8360,0.0000,0.0000,0.0000,69.9970,0.0000,4390.0000,1755.0000,0.0000,25.0000,45.0000,24.0000,16.0000
2.5210,0.5310,0.3840,0.3170,0.2020,0.0000,0.0000,1.6060,1.0000,1.3900,29.3620,3.8360,0.0000,0.0000,0.0000,70.0379,0.0000,4394.0000,1755.0000,0.0000,25.0000,45.0000,24.0000,16.0000
2.1490,0.8420,0.3710,0.4690,0.1780,0.0000,0.0000,0.9360,1.0000,1.3900,29.3620,3.8360,0.0000,0.0000,0.0000,70.0386,0.0000,4394.0000,1755.0000,0.0000,25.0000,46.0000,24.0000,15.0000
2.2540,0.6120,0.3990,0.3620,0.1950,0.0000,0.0000,1.2430,1.0000,1.3900,29.3620,3.8360,0.0000,0.0000,0.0000,70.0498,0.0000,4395.0000,1755.0000,0.0000,25.0000,47.0000,24.0000,16.0000
2.1010,0.6490,0.3510,0.3260,0.1610,0.0000,0.0000,1.1010,1.0000,1.3900,29.3620,3.8360,0.0000,0.0000,0.0000,70.0505,0.0000,4395.0000,1755.0000,0.0000,25.0000,48.0000,24.0000,16.0000
2.1830,0.5130,0.4460,0.3080,0.2580,0.0000,0.0000,1.2240,1.0000,1.3900,29.3620,3.8360,0.0000,0.0000,0.0000,70.0505,0.0000,4395.0000,1755.0000,0.0000,25.0000,48.0000,24.0000,16.0000
1.9930,0.5670,0.3920,0.3150,0.1970,0.0000,0.0000,1.0340,1.0000,1.3900,29.3620,3.8360,0.0000,0.0000,0.0000,70.0505,0.0000,4395.0000,1755.0000,0.0000,25.0000,48.0000,24.0000,15.0000
2.2830,0.5060,0.4840,0.3120,0.2220,0.0000,0.0000,1.2930,1.0000,1.3900,29.3620,3.8360,0.0000,0.0000,0.0000,70.0505,0.0000,4395.0000,1755.0000,0.0000,25.0000,48.0000,24.0000,15.0000
2.1030,0.5750,0.4330,0.3710,0.1890,0.0000,0.0000,1.0950,1.0000,1.3900,29.3620,3.8360,0.0000,0.0000,0.0000,70.0505,0.0000,4395.0000,1755.0000,0.0000,25.0000,48.0000,24.0000,16.0000
2.3750,0.5670,0.4500,0.3740,0.2030,0.0000,0.0000,1.3580,1.0000,1.3900,29.3620,3.8360,0.0000,0.0000,0.0000,70.0505,0.0000,4395.0000,1755.0000,0.0000,25.0000,48.0000,24.0000,16.0000
2.3800,0.5960,0.4160,0.3190,0.2120,0.0000,0.0000,1.3680,1.0000,1.3900,29.3620,3.8360,0.0000,0.0000,0.0000,70.0602,0.0000,4396.0000,1755.0000,0.0000,25.0000,47.0000,24.0000,16.0000
2.3560,0.7060,0.4810,0.4240,0.2310,0.0000,0.0000,1.1690,1.0000,1.3900,29.3620,3.8360,0.0000,0.0000,0.0000,70.0707,0.0000,4397.0000,1755.0000,0.0000,25.0000,47.0000,24.0000,16.0000
2.5620,0.7040,0.5980,0.4590,0.3480,0.0000,0.0000,1.2600,1.0000,1.3900,29.3620,3.8360,0.0000,0.0000,0.0000,70.0912,0.0000,4399.0000,1755.0000,0.0000,25.0000,47.0000,24.0000,17.0000
2.1870,0.6370,0.4210,0.3460,0.2200,0.0000,0.0000,1.1290,1.0000,1.3900,29.3620,3.8360,0.0000,0.0000,0.0000,70.0920,0.0000,4399.0000,1755.0000,0.0000,25.0000,48.0000,24.0000,17.0000
2.0780,0.5860,0.4710,0.3880,0.2270,0.0000,0.0000,1.0210,1.0000,1.3900,29.3620,3.8360,0.0000,0.0000,0.0000,70.1133,0.0000,4401.0000,1755.0000,0.0000,25.0000,49.0000,24.0000,17.0000
1.9780,0.6670,0.4110,0.3300,0.1750,0.0000,0.0000,0.9000,1.0000,1.3900,29.3620,3.8360,0.0000,0.0000,0.0000,70.1133,0.0000,4401.0000,1755.0000,0.0000,25.0000,49.0000,24.0000,17.0000
1.9390,0.5980,0.4160,0.3980,0.1770,0.0000,0.0000,0.9250,1.0000,1.3900,29.3620,3.8360,0.0000,0.0000,0.0000,70.1127,0.0000,4401.0000,1755.0000,0.0000,25.0000,48.0000,24.0000,17.0000
2.1580,0.5790,0.4610,0.3880,0.2130,0.0000,0.0000,1.1180,1.0000,1.3900,29.3620,3.8360,0.0000,0.0000,0.0000,70.1237,0.0000,4402.0000,1755.0000,0.0000,25.0000,49.0000,24.0000,17.0000
2.1930,0.6160,0.4060,0.3260,0.1940,0.0000,0.0000,1.1710,1.0000,1.3900,29.3620,3.8360,0.0000,0.0000,0.0000,70.1333,0.0000,4403.0000,1755.0000,0.0000,25.0000,48.0000,24.0000,17.0000
2.0930,0.6230,0.3660,0.3350,0.1590,0.0000,0.0000,1.1040,1.0000,1.3900,29.3620,3.8360,0.0000,0.0000,0.0000,70.1333,0.0000,4403.0000,1755.0000,0.0000,25.0000,48.0000,24.0000,17.0000
1.9770,0.5860,0.3600,0.3210,0.1580,0.0000,0.0000,1.0310,1.0000,1.3900,29.3620,3.8360,0.0000,0.0000,0.0000,70.1348,0.0000,4403.0000,1755.0000,0.0000,25.0000,50.0000,24.0000,17.0000
2.1460,0.5320,0.3870,0.3150,0.1960,0.0000,0.0000,1.2270,1.0000,1.3900,29.3620,3.8360,0.0000,0.0000,0.0000,70.1550,0.0000,4405.0000,1755.0000,0.0000,25.0000,50.0000,24.0000,17.0000
2.0640,0.6830,0.4200,0.3970,0.2280,0.0000,0.0000,0.9610,1.0000,1.3900,29.3620,3.8360,0.0000,0.0000,0.0000,70.1653,0.0000,4406.0000,1755.0000,0.0000,25.0000,50.0000,24.0000,17.0000
2.2080,0.5460,0.3570,0.3110,0.1690,0.0000,0.0000,1.3050,1.0000,1.3900,29.3620,3.8360,0.0000,0.0000,0.0000,70.1654,0.0000,4406.0000,1755.0000,0.0000,25.0000,50.0000,24.0000,17.0000
2.1380,0.6330,0.4110,0.4300,0.2200,0.0000,0.0000,1.0940,1.0000,1.3900,29.3620,3.8360,0.0000,0.0000,0.0000,70.2055,0.0000,4410.0000,1755.0000,0.0000,25.0000,49.0000,24.0000,17.0000
1.7730,0.6620,0.3320,0.3340,0.1310,0.0000,0.0000,0.7790,1.0000,1.3900,29.3620,3.8360,0.0000,0.0000,0.0000,70.2055,0.0000,4410.0000,1755.0000,0.0000,25.0000,49.0000,24.0000,17.0000
1.8540,0.5040,0.3360,0.3330,0.1860,0.0000,0.0000,1.0140,1.0000,1.3900,29.3620,3.8360,0.0000,0.0000,0.0000,70.2159,0.0000,4411.0000,1755.0000,0.0000,25.0000,49.0000,24.0000,17.0000
2.6840,0.4770,0.4520,0.2770,0.2390,0.0000,0.0000,1.7550,1.0000,1.3900,29.3620,3.8360,0.0000,0.0000,0.0000,70.2167,0.0000,4411.0000,1755.0000,0.0000,25.0000,50.0000,24.0000,17.0000
2.5580,0.8530,0.4940,0.5700,0.2280,0.0000,0.0000,1.2110,1.0000,1.3900,29.3620,3.8360,0.0000,0.0000,0.0000,70.2166,0.0000,4411.0000,1755.0000,0.0000,25.0000,50.0000,24.0000,17.0000
2.0330,0.8150,0.4270,0.5510,0.1830,0.0000,0.0000,0.7910,1.0000,1.3900,29.3620,3.8360,0.0000,0.0000,0.0000,70.2283,0.0000,4412.0000,1755.0000,0.0000,25.0000,52.0000,24.0000,18.0000
1.7580,0.5650,0.4040,0.3110,0.2290,0.0000,0.0000,0.7890,1.0000,1.3900,29.3620,3.8360,0.0000,0.0000,0.0000,70.2276,0.0000,4412.0000,1755.0000,0.0000,25.0000,51.0000,24.0000,18.0000
2.4870,0.4390,1.0400,0.2710,0.2440,0.0000,0.0000,1.0080,1.0000,1.3900,29.3620,3.8360,0.0000,0.0000,0.0000,70.2276,0.0000,4412.0000,1755.0000,0.0000,25.0000,51.0000,24.0000,18.0000
2.1460,0.4780,0.2980,0.2660,0.1300,0.0000,0.0000,1.3700,1.0000,1.3900,29.3620,3.8360,0.0000,0.0000,0.0000,70.2276,0.0000,4412.0000,1755.0000,0.0000,25.0000,51.0000,24.0000,18.0000
1.8440,0.7520,0.3160,0.5010,0.1570,0.0000,0.0000,0.7760,1.0000,1.3900,29.3620,3.8360,0.0000,0.0000,0.0000,70.2378,0.0000,4413.0000,1755.0000,0.0000,25.0000,51.0000,24.0000,18.0000
2.0170,0.5620,0.3830,0.3550,0.2010,0.0000,0.0000,1.0720,1.0000,1.3900,29.3620,3.8360,0.0000,0.0000,0.0000,70.2481,0.0000,4414.0000,1755.0000,0.0000,25.0000,51.0000,24.0000,19.0000
1.8930,0.5690,0.3920,0.3130,0.1830,0.0000,0.0000,0.9320,1.0000,1.3900,29.3620,3.8360,0.0000,0.0000,0.0000,70.2680,0.0000,4416.0000,1755.0000,0.0000,25.0000,50.0000,24.0000,19.0000
1.8310,0.5780,0.3800,0.2670,0.1840,0.0000,0.0000,0.8730,1.0000,1.3900,29.3620,3.8360,0.0000,0.0000,0.0000,70.2673,0.0000,4416.0000,1755.0000,0.0000,25.0000,49.0000,24.0000,19.0000
2.1150,0.4910,0.3960,0.3230,0.2090,0.0000,0.0000,1.2280,1.0000,1.3900,29.3620,3.8360,0.0000,0.0000,0.0000,70.2979,0.0000,4419.0000,1755.0000,0.0000,25.0000,49.0000,24.0000,19.0000
4.2770,0.6400,0.3570,0.3010,0.1380,0.0000,0.0000,3.2800,1.0000,1.3900,29.3620,3.8360,0.0000,0.0000,0.0000,70.2972,0.0000,4419.0000,1755.0000,0.0000,25.0000,48.0000,24.0000,19.0000
2.0290,0.4490,0.3300,0.2730,0.1630,0.0000,0.0000,1.2500,1.0000,1.3900,29.3620,3.8360,0.0000,0.0000,0.0000,69.9364,0.0000,4384.0000,1755.0000,0.0000,25.0000,48.0000,24.0000,18.0000
1.8310,0.5770,0.3620,0.2660,0.1870,0.0000,0.0000,0.8920,1.0000,1.3900,29.3620,3.8360,0.0000,0.0000,0.0000,69.9463,0.0000,4385.0000,1755.0000,0.0000,25.0000,48.0000,24.0000,18.0000
1.6640,0.5240,0.2880,0.2750,0.1270,0.0000,0.0000,0.8520,1.0000,1.3900,29.3620,3.8360,0.0000,0.0000,0.0000,69.9457,0.0000,4385.0000,1755.0000,0.0000,25.0000,47.0000,24.0000,18.0000
1.7880,0.4210,0.4190,0.2730,0.2040,0.0000,0.0000,0.9480,1.0000,1.3900,29.3620,3.8360,0.0000,0.0000,0.0000,69.9451,0.0000,4385.0000,1755.0000,0.0000,25.0000,46.0000,24.0000,17.0000
1.6670,0.4190,0.3100,0.2580,0.1380,0.0000,0.0000,0.9380,1.0000,1.3900,29.3620,3.8360,0.0000,0.0000,0.0000,69.9444,0.0000,4385.0000,1755.0000,0.0000,25.0000,45.0000,24.0000,17.0000
1.9110,0.4210,0.2910,0.2590,0.1350,0.0000,0.0000,1.1990,1.0000,1.3900,29.3620,3.8360,0.0000,0.0000,0.0000,69.9444,0.0000,4385.0000,1755.0000,0.0000,25.0000,45.0000,24.0000,17.0000
2.6500,0.5130,0.4660,0.3120,0.2180,0.0000,0.0000,1.6710,1.0000,1.3900,29.3620,3.8360,0.0000,0.0000,0.0000,69.9437,0.0000,4385.0000,1755.0000,0.0000,25.0000,44.0000,24.0000,17.0000
2.2180,0.8130,0.4870,0.4950,0.2400,0.0000,0.0000,0.9180,1.0000,1.3900,29.3620,3.8360,0.0000,0.0000,0.0000,69.9437,0.0000,4385.0000,1755.0000,0.0000,25.0000,44.0000,24.0000,17.0000
2.2720,0.5830,0.5030,0.3490,0.2830,0.0000,0.0000,1.1860,1.0000,1.3900,29.3620,3.8360,0.0000,0.0000,0.0000,70.0044,0.0000,4391.0000,1755.0000,0.0000,25.0000,43.0000,24.0000,17.0000
2.2490,0.7120,0.4890,0.2890,0.2760,0.0000,0.0000,1.0480,1.0000,1.3900,29.3620,3.8360,0.0000,0.0000,0.0000,70.0264,0.0000,4393.0000,1755.0000,0.0000,25.0000,45.0000,24.0000,17.0000
1.7650,0.5760,0.3170,0.2610,0.1360,0.0000,0.0000,0.8720,1.0000,1.3900,29.3620,3.8360,0.0000,0.0000,0.0000,70.0267,0.0000,4393.0000,1755.0000,0.0000,25.0000,45.0000,24.0000,17.0000
1.7090,0.4410,0.2910,0.2600,0.1320,0.0000,0.0000,0.9770,1.0000,1.3900,29.3620,3.8360,0.0000,0.0000,0.0000,70.0261,0.0000,4393.0000,1755.0000,0.0000,25.0000,44.0000,24.0000,17.0000
1.6980,0.4930,0.3180,0.3140,0.1300,0.0000,0.0000,0.8870,1.0000,1.3900,29.3620,3.8360,0.0000,0.0000,0.0000,70.0254,0.0000,4393.0000,1755.0000,0.0000,25.0000,43.0000,24.0000,17.0000
2.0150,0.4220,0.3420,0.2720,0.1410,0.0000,0.0000,1.2510,1.0000,1.3900,29.3620,3.8360,0.0000,0.0000,0.0000,70.0254,0.0000,4393.0000,1755.0000,0.0000,25.0000,43.0000,24.0000,16.0000
1.8320,0.7030,0.3460,0.3670,0.1790,0.0000,0.0000,0.7830,1.0000,1.3900,29.3620,3.8360,0.0000,0.0000,0.0000,70.0457,0.0000,4395.0000,1755.0000,0.0000,25.0000,43.0000,24.0000,17.0000
1.8020,0.4890,0.3320,0.2690,0.1750,0.0000,0.0000,0.9810,1.0000,1.3900,29.3620,3.8360,0.0000,0.0000,0.0000,70.0458,0.0000,4395.0000,1755.0000,0.0000,25.0000,43.0000,24.0000,17.0000
1.6450,0.5190,0.2970,0.3570,0.1300,0.0000,0.0000,0.8290,1.0000,1.3900,29.3620,3.8360,0.0000,0.0000,0.0000,70.0459,0.0000,4395.0000,1755.0000,0.0000,25.0000,43.0000,24.0000,17.0000
1.6980,0.4710,0.3170,0.3070,0.1300,0.0000,0.0000,0.9100,1.0000,1.3900,29.3620,3.8360,0.0000,0.0000,0.0000,70.0459,0.0000,4395.0000,1755.0000,0.0000,25.0000,43.0000,24.0000,17.0000
2.2550,0.4720,0.3470,0.3210,0.1750,0.0000,0.0000,1.4360,1.0000,1.3900,29.3620,3.8360,0.0000,0.0000,0.0000,70.0664,0.0000,4397.0000,1755.0000,0.0000,25.0000,43.0000,24.0000,17.0000
2.8850,0.7050,0.5390,0.4830,0.2790,0.0000,0.0000,1.6410,1.0000,1.3900,29.3620,3.8360,0.0000,0.0000,0.0000,70.0867,0.0000,4399.0000,1755.0000,0.0000,25.0000,43.0000,24.0000,17.0000
1.9940,0.8240,0.3910,0.4610,0.1830,0.0000,0.0000,0.7790,1.0000,1.3900,29.3620,3.8360,0.0000,0.0000,0.0000,70.0876,0.0000,4399.0000,1755.0000,0.0000,25.0000,44.0000,24.0000,17.0000
2.0510,0.4870,0.4090,0.2840,0.2270,0.0000,0.0000,1.1550,1.0000,1.3900,29.3620,3.8360,0.0000,0.0000,0.0000,70.1282,0.0000,4403.0000,1755.0000,0.0000,25.0000,44.0000,24.0000,17.0000
3.3920,0.6390,0.3400,0.3470,0.1670,0.0000,0.0000,2.4130,1.0000,1.3900,29.3620,3.8360,0.0000,0.0000,0.0000,70.1262,0.0000,4403.0000,1755.0000,0.0000,25.0000,41.0000,24.0000,17.0000
1.8320,0.6640,0.3410,0.4130,0.1400,0.0000,0.0000,0.8270,1.0000,1.3900,29.3620,3.8360,0.0000,0.0000,0.0000,70.1264,0.0000,4403.0000,1755.0000,0.0000,25.0000,41.0000,24.0000,17.0000
5.5460,0.5070,0.3230,0.3140,0.1330,0.0000,0.0000,4.7160,1.0000,1.3900,29.3620,3.8360,0.0000,0.0000,0.0000,70.1264,0.0000,4403.0000,1755.0000,0.0000,25.0000,41.0000,24.0000,17.0000
2.0810,0.6380,0.4180,0.4150,0.2250,0.0000,0.0000,1.0250,1.0000,1.3900,29.3620,3.8360,0.0000,0.0000,0.0000,70.1374,0.0000,4404.0000,1755.0000,0.0000,25.0000,42.0000,24.0000,17.0000
1.8400,0.5350,0.3150,0.2790,0.1440,0.0000,0.0000,0.9900,1.0000,1.3900,29.3620,3.8360,0.0000,0.0000,0.0000,70.1374,0.0000,4404.0000,1755.0000,0.0000,25.0000,42.0000,24.0000,17.0000
1.6960,0.5030,0.2960,0.3240,0.1300,0.0000,0.0000,0.8970,1.0000,1.3900,29.3620,3.8360,0.0000,0.0000,0.0000,70.1374,0.0000,4404.0000,1755.0000,0.0000,25.0000,42.0000,24.0000,17.0000
1.7200,0.4650,0.3420,0.2980,0.1730,0.0000,0.0000,0.9130,1.0000,1.3900,29.3620,3.8360,0.0000,0.0000,0.0000,70.1484,0.0000,4405.0000,1755.0000,0.0000,25.0000,43.0000,24.0000,17.0000
1.6590,0.5060,0.3150,0.3030,0.1280,0.0000,0.0000,0.8380,1.0000,1.3900,29.3620,3.8360,0.0000,0.0000,0.0000,70.1491,0.0000,4405.0000,1755.0000,0.0000,25.0000,44.0000,24.0000,17.0000
1.7280,0.4250,0.2800,0.2690,0.1260,0.0000,0.0000,1.0230,1.0000,1.3900,29.3620,3.8360,0.0000,0.0000,0.0000,70.1491,0.0000,4405.0000,1755.0000,0.0000,25.0000,44.0000,24.0000,15.0000
1.8930,0.4970,0.3490,0.3330,0.1800,0.0000,0.0000,1.0470,1.0000,1.3900,29.3620,3.8360,0.0000,0.0000,0.0000,70.1902,0.0000,4409.0000,1755.0000,0.0000,25.0000,44.0000,24.0000,14.0000
1.8290,0.5890,0.3620,0.2680,0.1730,0.0000,0.0000,0.8780,1.0000,1.3900,29.3620,3.8360,0.0000,0.0000,0.0000,70.1998,0.0000,4410.0000,1755.0000,0.0000,25.0000,43.0000,24.0000,14.0000
1.7090,0.6100,0.3440,0.2990,0.1390,0.0000,0.0000,0.7550,1.0000,1.3900,29.3620,3.8360,0.0000,0.0000,0.0000,70.2000,0.0000,4410.0000,1755.0000,0.0000,25.0000,43.0000,24.0000,14.0000
1.6790,0.5480,0.3580,0.3060,0.2020,0.0000,0.0000,0.7730,1.0000,1.3900,29.3620,3.8360,0.0000,0.0000,0.0000,70.2103,0.0000,4411.0000,1755.0000,0.0000,25.0000,43.0000,24.0000,14.0000
1.6430,0.4400,0.3100,0.2470,0.1340,0.0000,0.0000,0.8930,1.0000,1.3900,29.3620,3.8360,0.0000,0.0000,0.0000,70.2103,0.0000,4411.0000,1755.0000,0.0000,25.0000,43.0000,24.0000,15.0000
1.6240,0.4580,0.2910,0.2580,0.1330,0.0000,0.0000,0.8750,1.0000,1.3900,29.3620,3.8360,0.0000,0.0000,0.0000,70.2103,0.0000,4411.0000,1755.0000,0.0000,25.0000,43.0000,24.0000,14.0000
1.7930,0.4910,0.3350,0.3130,0.1850,0.0000,0.0000,0.9670,1.0000,1.3900,29.3620,3.8360,0.0000,0.0000,0.0000,70.2411,0.0000,4414.0000,1755.0000,0.0000,25.0000,43.0000,24.0000,14.0000
1.6030,0.5280,0.3280,0.2720,0.1710,0.0000,0.0000,0.7470,1.0000,1.3900,29.3620,3.8360,0.0000,0.0000,0.0000,70.2411,0.0000,4414.0000,1755.0000,0.0000,25.0000,43.0000,24.0000,14.0000
1.5570,0.4230,0.2830,0.2570,0.1290,0.0000,0.0000,0.8510,1.0000,1.3900,29.3620,3.8360,0.0000,0.0000,0.0000,70.2413,0.0000,4414.0000,1755.0000,0.0000,25.0000,43.0000,24.0000,14.0000
2.3070,0.4190,0.2940,0.2660,0.1430,0.0000,0.0000,1.5940,1.0000,1.3900,29.3620,3.8360,0.0000,0.0000,0.0000,70.2413,0.0000,4414.0000,1755.0000,0.0000,25.0000,43.0000,24.0000,14.0000
3.1010,0.4150,0.5220,0.2530,0.2420,0.0000,0.0000,2.1640,1.0000,1.3900,29.3620,3.8360,0.0000,0.0000,0.0000,70.2827,0.0000,4418.0000,1755.0000,0.0000,25.0000,43.0000,24.0000,14.0000
2.2050,1.1400,0.4320,0.7300,0.2010,0.0000,0.0000,0.6330,1.0000,1.3900,29.3620,3.8360,0.0000,0.0000,0.0000,70.2930,0.0000,4419.0000,1755.0000,0.0000,25.0000,43.0000,24.0000,14.0000
2.2050,0.6300,0.3620,0.3160,0.1610,0.0000,0.0000,1.2130,1.0000,1.3900,29.3620,3.8360,0.0000,0.0000,0.0000,70.2932,0.0000,4419.0000,1755.0000,0.0000,25.0000,43.0000,24.0000,13.0000
2.6300,0.5750,0.4260,0.3190,0.2090,0.0000,0.0000,1.6290,1.0000,1.3900,29.3620,3.8360,0.0000,0.0000,0.0000,70.3035,0.0000,4420.0000,1755.0000,0.0000,25.0000,42.0000,24.0000,14.0000
2.3150,0.8620,0.4400,0.5430,0.2200,0.0000,0.0000,1.0130,1.0000,1.3900,29.3620,3.8360,0.0000,0.0000,0.0000,70.3030,0.0000,4420.0000,1755.0000,0.0000,25.0000,42.0000,24.0000,14.0000
2.9160,0.5750,0.4460,0.3180,0.2170,0.0000,0.0000,1.8950,1.0000,1.3900,29.3620,3.8360,0.0000,0.0000,0.0000,69.9133,0.0000,4382.0000,1755.0000,0.0000,25.0000,42.0000,24.0000,14.0000
2.1100,1.0460,0.3470,0.7970,0.1540,0.0000,0.0000,0.7170,1.0000,1.3900,29.3620,3.8360,0.0000,0.0000,0.0000,69.9133,0.0000,4382.0000,1755.0000,0.0000,25.0000,42.0000,24.0000,14.0000
2.3600,0.5600,0.4180,0.3170,0.1840,0.0000,0.0000,1.3820,1.0000,1.3900,29.3620,3.8360,0.0000,0.0000,0.0000,69.9140,0.0000,4382.0000,1755.0000,0.0000,25.0000,43.0000,24.0000,14.0000
2.1230,0.7400,0.4440,0.4980,0.2260,0.0000,0.0000,0.9390,1.0000,1.3900,29.3620,3.8360,0.0000,0.0000,0.0000,69.9140,0.0000,4382.0000,1755.0000,0.0000,25.0000,43.0000,24.0000,14.0000
2.1210,0.5820,0.3870,0.3700,0.1590,0.0000,0.0000,1.1520,1.0000,1.3900,29.3620,3.8360,0.0000,0.0000,0.0000,69.9133,0.0000,4382.0000,1755.0000,0.0000,25.0000,42.0000,24.0000,13.0000
2.1090,0.6630,0.3920,0.4010,0.1760,0.0000,0.0000,1.0540,1.0000,1.3900,29.3620,3.8360,0.0000,0.0000,0.0000,69.9133,0.0000,4382.0000,1755.0000,0.0000,25.0000,42.0000,24.0000,13.0000
2.1000,0.5730,0.3490,0.3750,0.1560,0.0000,0.0000,1.1780,1.0000,1.3900,29.3620,3.8360,0.0000,0.0000,0.0000,69.9133,0.0000,4382.0000,1755.0000,0.0000,25.0000,42.0000,24.0000,13.0000
1.9620,0.5320,0.3620,0.3090,0.1580,0.0000,0.0000,1.0680,1.0000,1.3900,29.3620,3.8360,0.0000,0.0000,0.0000,69.9133,0.0000,4382.0000,1755.0000,0.0000,25.0000,42.0000,24.0000,13.0000
2.2730,0.5300,0.4160,0.3050,0.2120,0.0000,0.0000,1.3270,1.0000,1.3900,29.3620,3.8360,0.0000,0.0000,0.0000,69.9534,0.0000,4386.0000,1755.0000,0.0000,25.0000,41.0000,24.0000,13.0000
2.3810,0.6740,0.4530,0.3040,0.2630,0.0000,0.0000,1.2540,1.0000,1.3900,29.3620,3.8360,0.0000,0.0000,0.0000,69.9636,0.0000,4387.0000,1755.0000,0.0000,25.0000,41.0000,24.0000,13.0000
2.0890,0.5970,0.4390,0.3220,0.1750,0.0000,0.0000,1.0530,1.0000,1.3900,29.3620,3.8360,0.0000,0.0000,0.0000,69.9639,0.0000,4387.0000,1755.0000,0.0000,25.0000,41.0000,24.0000,13.0000
2.1200,0.5760,0.3880,0.3750,0.1630,0.0000,0.0000,1.1560,1.0000,1.3900,29.3620,3.8360,0.0000,0.0000,0.0000,69.9639,0.0000,4387.0000,1755.0000,0.0000,25.0000,41.0000,24.0000,13.0000
2.0750,0.5650,0.3530,0.3700,0.1590,0.0000,0.0000,1.1570,1.0000,1.3900,29.3620,3.8360,0.0000,0.0000,0.0000,69.9639,0.0000,4387.0000,1755.0000,0.0000,25.0000,41.0000,24.0000,13.0000
2.0150,0.5530,0.3340,0.3620,0.1520,0.0000,0.0000,1.1280,1.0000,1.3900,29.3620,3.8360,0.0000,0.0000,0.0000,69.9639,0.0000,4387.0000,1755.0000,0.0000,25.0000,41.0000,24.0000,13.0000
2.0230,0.5520,0.3710,0.3600,0.1850,0.0000,0.0000,1.1000,1.0000,1.3900,29.3620,3.8360,0.0000,0.0000,0.0000,69.9742,0.0000,4388.0000,1755.0000,0.0000,25.0000,41.0000,24.0000,12.0000
2.5790,0.5790,0.4370,0.3080,0.2110,0.0000,0.0000,1.5630,1.0000,1.3900,29.3620,3.8360,0.0000,0.0000,0.0000,69.9832,0.0000,4389.0000,1755.0000,0.0000,25.0000,43.0000,24.0000,12.0000
2.3500,0.6920,0.4320,0.4830,0.2170,0.0000,0.0000,1.2260,1.0000,1.3900,29.3620,3.8360,0.0000,0.0000,0.0000,69.9801,0.0000,4389.0000,1755.0000,0.0000,25.0000,43.0000,24.0000,15.0000
2.6420,0.7660,0.4490,0.5750,0.2670,0.0000,0.0000,1.4270,1.0000,1.3900,29.3620,3.8360,0.0000,0.0000,0.0000,70.0793,0.0000,4411.0000,1755.0000,0.0000,25.0000,42.0000,24.0000,15.0000
2.3200,0.9030,0.4580,0.3420,0.2600,0.0000,0.0000,0.9590,1.0000,1.3900,29.3620,3.8360,0.0000,0.0000,0.0000,70.1103,0.0000,4414.0000,1755.0000,0.0000,25.0000,42.0000,24.0000,17.0000
2.1600,0.6850,0.3620,0.3590,0.1630,0.0000,0.0000,1.1130,1.0000,1.3900,29.3620,3.8360,0.0000,0.0000,0.0000,70.1107,0.0000,4414.0000,1755.0000,0.0000,25.0000,42.0000,24.0000,17.0000
2.1900,0.5810,0.3720,0.3710,0.1590,0.0000,0.0000,1.2370,1.0000,1.3900,29.3620,3.8360,0.0000,0.0000,0.0000,70.1101,0.0000,4414.0000,1755.0000,0.0000,25.0000,41.0000,24.0000,17.0000
2.1220,0.5490,0.3540,0.3060,0.1590,0.0000,0.0000,1.2190,1.0000,1.3900,29.3620,3.8360,0.0000,0.0000,0.0000,70.1101,0.0000,4414.0000,1755.0000,0.0000,25.0000,41.0000,24.0000,17.0000
2.5070,0.5780,0.4410,0.3560,0.2320,0.0000,0.0000,1.4880,1.0000,1.3900,29.3620,3.8360,0.0000,0.0000,0.0000,70.1516,0.0000,4418.0000,1755.0000,0.0000,25.0000,42.0000,24.0000,17.0000
2.1830,0.8100,0.3920,0.3710,0.1910,0.0000,0.0000,0.9810,1.0000,1.3900,29.3620,3.8360,0.0000,0.0000,0.0000,70.1633,0.0000,4419.0000,1755.0000,0.0000,25.0000,42.0000,24.0000,16.0000
2.3050,0.5910,0.3990,0.3030,0.2050,0.0000,0.0000,1.3150,1.0000,1.3900,29.3620,3.8360,0.0000,0.0000,0.0000,70.1834,0.0000,4421.0000,1755.0000,0.0000,25.0000,41.0000,24.0000,15.0000
2.0890,0.5820,0.3720,0.3040,0.1810,0.0000,0.0000,1.1350,1.0000,1.3900,29.3620,3.8360,0.0000,0.0000,0.0000,70.1842,0.0000,4421.0000,1755.0000,0.0000,25.0000,42.0000,24.0000,15.0000
2.2250,0.5420,0.4740,0.3480,0.2340,0.0000,0.0000,1.2090,1.0000,1.3900,29.3620,3.8360,0.0000,0.0000,0.0000,70.1945,0.0000,4422.0000,1755.0000,0.0000,25.0000,42.0000,24.0000,15.0000
2.1890,0.6090,0.4640,0.3760,0.1800,0.0000,0.0000,1.1160,1.0000,1.3900,29.3620,3.8360,0.0000,0.0000,0.0000,70.1945,0.0000,4422.0000,1755.0000,0.0000,25.0000,42.0000,24.0000,15.0000
2.2610,0.5840,0.3930,0.3720,0.1710,0.0000,0.0000,1.2840,1.0000,1.3900,29.3620,3.8360,0.0000,0.0000,0.0000,70.1952,0.0000,4422.0000,1755.0000,0.0000,25.0000,43.0000,24.0000,16.0000
2.0890,0.6390,0.3960,0.3720,0.2000,0.0000,0.0000,1.0540,1.0000,1.3900,29.3620,3.8360,0.0000,0.0000,0.0000,70.2055,0.0000,4423.0000,1755.0000,0.0000,25.0000,43.0000,24.0000,16.0000
2.1550,0.5400,0.3830,0.3010,0.1940,0.0000,0.0000,1.2320,1.0000,1.3900,29.3620,3.8360,0.0000,0.0000,0.0000,70.2150,0.0000,4424.0000,1755.0000,0.0000,25.0000,42.0000,24.0000,16.0000
2.6180,0.5410,0.4270,0.3050,0.2370,0.0000,0.0000,1.6500,1.0000,1.3900,29.3620,3.8360,0.0000,0.0000,0.0000,70.2443,0.0000,4427.0000,1755.0000,0.0000,25.0000,40.0000,24.0000,16.0000
2.6960,0.7460,0.4170,0.4290,0.2180,0.0000,0.0000,1.5330,1.0000,1.3900,29.3620,3.8360,0.0000,0.0000,0.0000,70.2647,0.0000,4429.0000,1755.0000,0.0000,25.0000,40.0000,24.0000,16.0000
2.1690,0.6840,0.4050,0.3360,0.1650,0.0000,0.0000,1.0800,1.0000,1.3900,29.3620,3.8360,0.0000,0.0000,0.0000,70.2649,0.0000,4429.0000,1755.0000,0.0000,25.0000,40.0000,24.0000,15.0000
2.0690,0.6380,0.3600,0.4230,0.1620,0.0000,0.0000,1.0710,1.0000,1.3900,29.3620,3.8360,0.0000,0.0000,0.0000,70.2671,0.0000,4429.0000,1755.0000,0.0000,25.0000,43.0000,24.0000,15.0000
2.0660,0.5710,0.3480,0.3580,0.1580,0.0000,0.0000,1.1470,1.0000,1.3900,29.3620,3.8360,0.0000,0.0000,0.0000,70.2664,0.0000,4429.0000,1755.0000,0.0000,25.0000,42.0000,24.0000,15.0000
2.1630,0.5500,0.3950,0.3070,0.1990,0.0000,0.0000,1.2180,1.0000,1.3900,29.3620,3.8360,0.0000,0.0000,0.0000,70.2870,0.0000,4431.0000,1755.0000,0.0000,25.0000,42.0000,24.0000,15.0000
2.1350,0.6210,0.3800,0.3010,0.1890,0.0000,0.0000,1.1340,1.0000,1.3900,29.3620,3.8360,0.0000,0.0000,0.0000,70.2979,0.0000,4432.0000,1755.0000,0.0000,25.0000,43.0000,24.0000,16.0000
2.0250,0.5460,0.3490,0.3040,0.1610,0.0000,0.0000,1.1300,1.0000,1.8450,5.4790,3.4690,0.0000,0.0000,0.0000,70.2893,0.0000,4418.0000,1755.0000,0.0000,25.0000,42.0000,24.0000,16.0000
2.2130,0.5070,0.3780,0.3020,0.1710,0.0000,0.0000,1.3280,1.0000,1.8450,5.4790,3.4690,0.0000,0.0000,0.0000,70.2887,0.0000,4418.0000,1755.0000,0.0000,25.0000,41.0000,24.0000,16.0000
2.3460,0.5270,0.4700,0.3210,0.2610,0.0000,0.0000,1.3490,1.0000,1.8450,5.4790,3.4690,0.0000,0.0000,0.0000,70.3207,0.0000,4421.0000,1755.0000,0.0000,25.0000,43.0000,24.0000,16.0000
2.8750,0.7400,0.3540,0.3580,0.1570,0.0000,0.0000,1.7810,1.0000,1.8450,5.4790,3.4690,0.0000,0.0000,0.0000,70.3214,0.0000,4421.0000,1755.0000,0.0000,25.0000,44.0000,24.0000,16.0000
2.0250,0.5780,0.4070,0.3650,0.1540,0.0000,0.0000,1.0400,1.0000,1.8450,5.4790,3.4690,0.0000,0.0000,0.0000,70.3215,0.0000,4421.0000,1755.0000,0.0000,25.0000,44.0000,24.0000,16.0000
2.3120,0.6040,0.3690,0.3690,0.1510,0.0000,0.0000,1.3390,1.0000,1.8450,5.4790,3.4690,0.0000,0.0000,0.0000,70.0031,0.0000,4390.0000,1755.0000,0.0000,25.0000,46.0000,24.0000,16.0000
2.0470,0.5980,0.3370,0.3150,0.1490,0.0000,0.0000,1.1120,1.0000,1.8450,5.4790,3.4690,0.0000,0.0000,0.0000,70.0031,0.0000,4390.0000,1755.0000,0.0000,25.0000,46.0000,24.0000,16.0000
2.0060,0.6010,0.3310,0.3450,0.1460,0.0000,0.0000,1.0740,1.0000,1.8450,5.4790,3.4690,0.0000,0.0000,0.0000,70.0005,0.0000,4389.0000,1755.0000,0.0000,25.0000,44.0000,24.0000,16.0000
2.2330,0.5950,0.3780,0.3430,0.1670,0.0000,0.0000,1.2600,1.0000,1.8450,5.4790,3.4690,0.0000,0.0000,0.0000,70.0019,0.0000,4389.0000,1755.0000,0.0000,25.0000,46.0000,24.0000,16.0000
2.4340,0.5480,0.4350,0.3090,0.2310,0.0000,0.0000,1.4510,1.0000,1.8450,5.4790,3.4690,0.0000,0.0000,0.0000,70.0420,0.0000,4393.0000,1755.0000,0.0000,25.0000,45.0000,24.0000,16.0000
2.1110,0.8000,0.4150,0.3660,0.1660,0.0000,0.0000,0.8960,1.0000,1.8450,5.4790,3.4690,0.0000,0.0000,0.0000,70.0421,0.0000,4393.0000,1755.0000,0.0000,25.0000,45.0000,24.0000,16.0000
2.3010,0.6460,0.4570,0.4120,0.2350,0.0000,0.0000,1.1980,1.0000,1.8450,5.4790,3.4690,0.0000,0.0000,0.0000,70.0632,0.0000,4395.0000,1755.0000,0.0000,25.0000,46.0000,24.0000,16.0000
1.9470,0.6030,0.3420,0.3090,0.1520,0.0000,0.0000,1.0020,1.0000,1.8450,5.4790,3.4690,0.0000,0.0000,0.0000,70.0625,0.0000,4395.0000,1755.0000,0.0000,25.0000,45.0000,24.0000,16.0000
2.0260,0.5090,0.3860,0.3110,0.1810,0.0000,0.0000,1.1310,1.0000,1.8450,5.4790,3.4690,0.0000,0.0000,0.0000,70.0619,0.0000,4395.0000,1755.0000,0.0000,25.0000,44.0000,24.0000,16.0000
1.9420,0.5170,0.3430,0.3090,0.1550,0.0000,0.0000,1.0820,1.0000,1.8450,5.4790,3.4690,0.0000,0.0000,0.0000,70.0626,0.0000,4395.0000,1755.0000,0.0000,25.0000,45.0000,24.0000,16.0000
2.1270,0.5140,0.3660,0.3140,0.1850,0.0000,0.0000,1.2470,1.0000,1.8450,5.4790,3.4690,0.0000,0.0000,0.0000,70.0722,0.0000,4396.0000,1755.0000,0.0000,25.0000,44.0000,24.0000,16.0000
2.2120,0.5710,0.4200,0.3120,0.2340,0.0000,0.0000,1.2210,1.0000,1.8450,5.4790,3.4690,0.0000,0.0000,0.0000,70.1331,0.0000,4402.0000,1755.0000,0.0000,25.0000,44.0000,24.0000,16.0000
2.3440,0.7440,0.5190,0.3220,0.2780,0.0000,0.0000,1.0810,1.0000,1.8450,5.4790,3.4690,0.0000,0.0000,0.0000,70.1544,0.0000,4404.0000,1755.0000,0.0000,25.0000,45.0000,24.0000,16.0000
2.0350,0.7060,0.4280,0.3800,0.1700,0.0000,0.0000,0.9010,1.0000,1.8450,5.4790,3.4690,0.0000,0.0000,0.0000,70.1547,0.0000,4404.0000,1755.0000,0.0000,25.0000,45.0000,24.0000,16.0000
1.9640,0.5810,0.3790,0.3650,0.1620,0.0000,0.0000,1.0040,1.0000,1.8450,5.4790,3.4690,0.0000,0.0000,0.0000,70.1541,0.0000,4404.0000,1755.0000,0.0000,25.0000,44.0000,24.0000,16.0000
2.0580,0.5770,0.4190,0.3620,0.1900,0.0000,0.0000,1.0620,1.0000,1.8450,5.4790,3.4690,0.0000,0.0000,0.0000,70.1651,0.0000,4405.0000,1755.0000,0.0000,25.0000,45.0000,24.0000,16.0000
1.9610,0.6020,0.3860,0.3120,0.1760,0.0000,0.0000,0.9730,1.0000,1.8450,5.4790,3.4690,0.0000,0.0000,0.0000,70.1651,0.0000,4405.0000,1755.0000,0.0000,25.0000,45.0000,24.0000,16.0000
2.0330,0.5560,0.3900,0.3120,0.1560,0.0000,0.0000,1.0870,1.0000,1.8450,5.4790,3.4690,0.0000,0.0000,0.0000,70.1652,0.0000,4405.0000,1755.0000,0.0000,25.0000,45.0000,24.0000,16.0000
2.0400,0.6390,0.3950,0.3860,0.1680,0.0000,0.0000,1.0060,1.0000,1.8450,5.4790,3.4690,0.0000,0.0000,0.0000,70.1659,0.0000,4405.0000,1755.0000,0.0000,25.0000,46.0000,24.0000,16.0000
2.2040,0.5740,0.4000,0.3310,0.2020,0.0000,0.0000,1.2300,1.0000,1.8450,5.4790,3.4690,0.0000,0.0000,0.0000,70.1861,0.0000,4407.0000,1755.0000,0.0000,25.0000,46.0000,24.0000,16.0000
2.1150,0.6330,0.3890,0.3110,0.1890,0.0000,0.0000,1.0930,1.0000,1.8450,5.4790,3.4690,0.0000,0.0000,0.0000,70.1956,0.0000,4408.0000,1755.0000,0.0000,25.0000,45.0000,24.0000,16.0000
2.1130,0.5610,0.3800,0.3130,0.1860,0.0000,0.0000,1.1720,1.0000,1.8450,5.4790,3.4690,0.0000,0.0000,0.0000,70.2060,0.0000,4409.0000,1755.0000,0.0000,25.0000,45.0000,24.0000,16.0000
2.1180,0.6520,0.3630,0.3890,0.1690,0.0000,0.0000,1.1030,1.0000,1.8450,5.4790,3.4690,0.0000,0.0000,0.0000,70.2047,0.0000,4409.0000,1755.0000,0.0000,25.0000,43.0000,24.0000,15.0000
2.0990,0.5250,0.3680,0.3180,0.1750,0.0000,0.0000,1.2060,1.0000,1.8450,5.4790,3.4690,0.0000,0.0000,0.0000,70.2047,0.0000,4409.0000,1755.0000,0.0000,25.0000,43.0000,24.0000,15.0000
2.4930,0.6180,0.5130,0.4030,0.3110,0.0000,0.0000,1.3620,1.0000,1.8450,5.4790,3.4690,0.0000,0.0000,0.0000,70.2243,0.0000,4411.0000,1755.0000,0.0000,25.0000,42.0000,24.0000,15.0000
2.2280,0.7130,0.3420,0.4200,0.1510,0.0000,0.0000,1.1730,1.0000,1.8450,5.4790,3.4690,0.0000,0.0000,0.0000,70.2249,0.0000,4411.0000,1755.0000,0.0000,25.0000,43.0000,24.0000,15.0000
2.1500,0.5740,0.3310,0.3160,0.1480,0.0000,0.0000,1.2450,1.0000,1.8450,5.4790,3.4690,0.0000,0.0000,0.0000,70.2244,0.0000,4411.0000,1755.0000,0.0000,25.0000,42.0000,24.0000,15.0000
2.2050,0.5250,0.4690,0.3150,0.2250,0.0000,0.0000,1.2110,1.0000,1.8450,5.4790,3.4690,0.0000,0.0000,0.0000,70.2360,0.0000,4412.0000,1755.0000,0.0000,25.0000,44.0000,24.0000,15.0000
2.1410,0.5660,0.4000,0.3270,0.1950,0.0000,0.0000,1.1750,1.0000,1.8450,5.4790,3.4690,0.0000,0.0000,0.0000,70.2353,0.0000,4412.0000,1755.0000,0.0000,25.0000,43.0000,24.0000,15.0000
2.1480,0.5840,0.4360,0.3830,0.1990,0.0000,0.0000,1.1280,1.0000,1.8450,5.4790,3.4690,0.0000,0.0000,0.0000,70.2463,0.0000,4413.0000,1755.0000,0.0000,25.0000,44.0000,24.0000,15.0000
3.1330,0.6220,0.3900,0.3530,0.1980,0.0000,0.0000,2.1210,1.0000,1.8450,5.4790,3.4690,0.0000,0.0000,0.0000,70.2566,0.0000,4414.0000,1755.0000,0.0000,25.0000,44.0000,24.0000,15.0000
3.0850,0.9070,0.4850,0.5680,0.2390,0.0000,0.0000,1.6930,1.0000,1.8450,5.4790,3.4690,0.0000,0.0000,0.0000,70.2567,0.0000,4414.0000,1755.0000,0.0000,25.0000,44.0000,24.0000,14.0000
